id1,id2,start_time,channelId,exp_duration,count
sigmark,10,1761304464428,CH1,80160,8
1761304464429,CH1,POWER,2.35
1761304464434,CH1,POWER,2.35
1761304464439,CH1,POWER,2.35
1761304464444,CH1,POWER,2.35
1761304464450,CH1,POWER,2.35
1761304464458,CH1,POWER,2.35
1761304464463,CH1,POWER,2.35
1761304464470,CH1,POWER,2.35
1761304464473,CH1,POWER,2.55
1761304464499,CH1,POWER,2.55
1761304464504,CH1,POWER,2.55
1761304464509,CH1,POWER,2.55
1761304464514,CH1,POWER,2.55
1761304464519,CH1,POWER,2.55
1761304464525,CH1,POWER,2.55
1761304464531,CH1,POWER,2.55
1761304464538,CH1,POWER,2.55
1761304464542,CH1,POWER,2.55
1761304464548,CH1,POWER,2.55
1761304464552,CH1,POWER,2.55
1761304464558,CH1,POWER,2.55
1761304464562,CH1,POWER,2.55
1761304464567,CH1,POWER,2.55
1761304464572,CH1,POWER,2.55
1761304464580,CH1,POWER,2.55
1761304464585,CH1,POWER,2.55
1761304464591,CH1,POWER,2.55
1761304464596,CH1,POWER,2.55
1761304464601,CH1,POWER,2.55
1761304464606,CH1,POWER,2.55
1761304464611,CH1,POWER,2.55
1761304464616,CH1,POWER,2.55
1761304464621,CH1,POWER,2.55
1761304464626,CH1,POWER,2.55
1761304464631,CH1,POWER,2.55
1761304464637,CH1,POWER,2.55
1761304464641,CH1,POWER,2.55
1761304464646,CH1,POWER,2.55
1761304464652,CH1,POWER,2.55
1761304464658,CH1,POWER,2.55
1761304464662,CH1,POWER,2.55
1761304464670,CH1,POWER,2.55
1761304464675,CH1,POWER,2.55
1761304464682,CH1,POWER,2.55
1761304464690,CH1,POWER,2.55
1761304464696,CH1,POWER,2.55
1761304464702,CH1,POWER,2.55
1761304464710,CH1,POWER,2.55
1761304464716,CH1,POWER,2.55
1761304464721,CH1,POWER,2.55
1761304464726,CH1,POWER,2.55
1761304464731,CH1,POWER,2.55
1761304464736,CH1,POWER,2.55
1761304464741,CH1,POWER,2.55
1761304464746,CH1,POWER,2.55
1761304464751,CH1,POWER,2.55
1761304464756,CH1,POWER,2.55
1761304464761,CH1,POWER,2.55
1761304464766,CH1,POWER,2.55
1761304464771,CH1,POWER,2.55
1761304464776,CH1,POWER,2.55
1761304464781,CH1,POWER,2.55
1761304464786,CH1,POWER,2.55
1761304464791,CH1,POWER,2.55
1761304464796,CH1,POWER,2.55
1761304464801,CH1,POWER,2.55
1761304464806,CH1,POWER,2.55
1761304464811,CH1,POWER,2.55
1761304464816,CH1,POWER,2.55
1761304464821,CH1,POWER,2.55
1761304464826,CH1,POWER,2.55
1761304464831,CH1,POWER,2.55
1761304464837,CH1,POWER,2.55
1761304464842,CH1,POWER,2.55
1761304464846,CH1,POWER,2.55
1761304464851,CH1,POWER,2.55
1761304464856,CH1,POWER,2.55
1761304464860,CH1,POWER,2.35
1761304464863,CH1,POWER,2.35
1761304464865,CH1,POWER,2.35
1761304464893,CH1,POWER,2.35
1761304464898,CH1,POWER,2.35
1761304464904,CH1,POWER,2.35
1761304464910,CH1,POWER,2.35
1761304464914,CH1,POWER,2.35
1761304464920,CH1,POWER,2.35
1761304464924,CH1,POWER,2.35
1761304464930,CH1,POWER,2.35
1761304464935,CH1,POWER,2.35
1761304464942,CH1,POWER,2.35
1761304464947,CH1,POWER,2.35
1761304464954,CH1,POWER,2.35
1761304464960,CH1,POWER,2.35
1761304464964,CH1,POWER,2.35
1761304464970,CH1,POWER,2.35
1761304464974,CH1,POWER,2.35
1761304464980,CH1,POWER,2.35
1761304464984,CH1,POWER,2.35
1761304464990,CH1,POWER,2.35
1761304464994,CH1,POWER,2.35
1761304465000,CH1,POWER,2.35
1761304465004,CH1,POWER,2.35
1761304465010,CH1,POWER,2.35
1761304465014,CH1,POWER,2.35
1761304465020,CH1,POWER,2.35
1761304465024,CH1,POWER,2.35
1761304465030,CH1,POWER,2.35
1761304465034,CH1,POWER,2.35
1761304465040,CH1,POWER,2.35
1761304465044,CH1,POWER,2.35
1761304465050,CH1,POWER,2.35
1761304465054,CH1,POWER,2.35
1761304465060,CH1,POWER,2.35
1761304465064,CH1,POWER,2.35
1761304465070,CH1,POWER,2.35
1761304465074,CH1,POWER,2.35
1761304465080,CH1,POWER,2.35
1761304465084,CH1,POWER,2.35
1761304465090,CH1,POWER,2.35
1761304465094,CH1,POWER,2.35
1761304465100,CH1,POWER,2.35
1761304465104,CH1,POWER,2.35
1761304465110,CH1,POWER,2.35
1761304465114,CH1,POWER,2.35
1761304465120,CH1,POWER,2.35
1761304465124,CH1,POWER,2.35
1761304465130,CH1,POWER,2.35
1761304465134,CH1,POWER,2.35
1761304465142,CH1,POWER,2.35
1761304465148,CH1,POWER,2.35
1761304465154,CH1,POWER,2.35
1761304465160,CH1,POWER,2.35
1761304465164,CH1,POWER,2.35
1761304465170,CH1,POWER,2.35
1761304465174,CH1,POWER,2.35
1761304465180,CH1,POWER,2.35
1761304465184,CH1,POWER,2.35
1761304465192,CH1,POWER,2.35
1761304465197,CH1,POWER,2.35
1761304465204,CH1,POWER,2.35
1761304465210,CH1,POWER,2.35
1761304465214,CH1,POWER,2.35
1761304465220,CH1,POWER,2.35
1761304465224,CH1,POWER,2.35
1761304465230,CH1,POWER,2.35
1761304465235,CH1,POWER,2.35
1761304465242,CH1,POWER,2.35
1761304465247,CH1,POWER,2.35
1761304465254,CH1,POWER,2.35
1761304465260,CH1,POWER,2.35
1761304465262,CH1,POWER,2.35
1761304465265,CH1,POWER,2.35
1761304465268,CH1,POWER,2.35
1761304465296,CH1,POWER,2.35
1761304465302,CH1,POWER,2.35
1761304465306,CH1,POWER,2.35
1761304465312,CH1,POWER,2.35
1761304465316,CH1,POWER,2.35
1761304465322,CH1,POWER,2.35
1761304465326,CH1,POWER,2.35
1761304465332,CH1,POWER,2.35
1761304465336,CH1,POWER,2.35
1761304465342,CH1,POWER,2.35
1761304465346,CH1,POWER,2.35
1761304465352,CH1,POWER,2.35
1761304465356,CH1,POWER,2.35
1761304465364,CH1,POWER,2.35
1761304465369,CH1,POWER,2.35
1761304465376,CH1,POWER,2.35
1761304465382,CH1,POWER,2.35
1761304465386,CH1,POWER,2.35
1761304465392,CH1,POWER,2.35
1761304465396,CH1,POWER,2.35
1761304465402,CH1,POWER,2.35
1761304465406,CH1,POWER,2.35
1761304465412,CH1,POWER,2.35
1761304465416,CH1,POWER,2.35
1761304465422,CH1,POWER,2.35
1761304465427,CH1,POWER,2.35
1761304465434,CH1,POWER,2.35
1761304465439,CH1,POWER,2.35
1761304465446,CH1,POWER,2.35
1761304465452,CH1,POWER,2.35
1761304465456,CH1,POWER,2.35
1761304465462,CH1,POWER,2.35
1761304465466,CH1,POWER,2.35
1761304465474,CH1,POWER,2.35
1761304465480,CH1,POWER,2.35
1761304465485,CH1,POWER,2.35
1761304465492,CH1,POWER,2.35
1761304465496,CH1,POWER,2.35
1761304465502,CH1,POWER,2.35
1761304465506,CH1,POWER,2.35
1761304465514,CH1,POWER,2.35
1761304465519,CH1,POWER,2.35
1761304465526,CH1,POWER,2.35
1761304465532,CH1,POWER,2.35
1761304465538,CH1,POWER,2.35
1761304465543,CH1,POWER,2.35
1761304465548,CH1,POWER,2.35
1761304465553,CH1,POWER,2.35
1761304465558,CH1,POWER,2.35
1761304465564,CH1,POWER,2.35
1761304465570,CH1,POWER,2.35
1761304465575,CH1,POWER,2.35
1761304465580,CH1,POWER,2.35
1761304465585,CH1,POWER,2.35
1761304465590,CH1,POWER,2.35
1761304465595,CH1,POWER,2.35
1761304465599,CH1,POWER,2.35
1761304465606,CH1,POWER,2.35
1761304465614,CH1,POWER,2.35
1761304465619,CH1,POWER,2.35
1761304465626,CH1,POWER,2.35
1761304465632,CH1,POWER,2.35
1761304465636,CH1,POWER,2.35
1761304465642,CH1,POWER,2.35
1761304465646,CH1,POWER,2.35
1761304465652,CH1,POWER,2.35
1761304465656,CH1,POWER,2.35
1761304465662,CH1,POWER,2.35
1761304465666,CH1,POWER,2.35
1761304465668,CH1,POWER,2.35
1761304465695,CH1,POWER,2.35
1761304465700,CH1,POWER,2.35
1761304465705,CH1,POWER,2.35
1761304465711,CH1,POWER,2.35
1761304465718,CH1,POWER,2.35
1761304465724,CH1,POWER,2.35
1761304465730,CH1,POWER,2.35
1761304465735,CH1,POWER,2.35
1761304465740,CH1,POWER,2.35
1761304465745,CH1,POWER,2.35
1761304465750,CH1,POWER,2.35
1761304465755,CH1,POWER,2.35
1761304465760,CH1,POWER,2.35
1761304465765,CH1,POWER,2.35
1761304465770,CH1,POWER,2.35
1761304465775,CH1,POWER,2.35
1761304465781,CH1,POWER,2.35
1761304465787,CH1,POWER,2.35
1761304465794,CH1,POWER,2.35
1761304465798,CH1,POWER,2.35
1761304465804,CH1,POWER,2.35
1761304465808,CH1,POWER,2.35
1761304465815,CH1,POWER,2.35
1761304465821,CH1,POWER,2.35
1761304465828,CH1,POWER,2.35
1761304465834,CH1,POWER,2.35
1761304465838,CH1,POWER,2.35
1761304465844,CH1,POWER,2.35
1761304465848,CH1,POWER,2.35
1761304465853,CH1,POWER,2.35
1761304465858,CH1,POWER,2.35
1761304465864,CH1,POWER,2.35
1761304465868,CH1,POWER,2.35
1761304465874,CH1,POWER,2.35
1761304465879,CH1,POWER,2.35
1761304465886,CH1,POWER,2.35
1761304465891,CH1,POWER,2.35
1761304465898,CH1,POWER,2.35
1761304465904,CH1,POWER,2.35
1761304465908,CH1,POWER,2.35
1761304465914,CH1,POWER,2.35
1761304465918,CH1,POWER,2.35
1761304465924,CH1,POWER,2.35
1761304465928,CH1,POWER,2.35
1761304465934,CH1,POWER,2.35
1761304465938,CH1,POWER,2.35
1761304465944,CH1,POWER,2.35
1761304465948,CH1,POWER,2.35
1761304465954,CH1,POWER,2.35
1761304465960,CH1,POWER,2.35
1761304465965,CH1,POWER,2.35
1761304465970,CH1,POWER,2.35
1761304465975,CH1,POWER,2.35
1761304465980,CH1,POWER,2.35
1761304465985,CH1,POWER,2.35
1761304465990,CH1,POWER,2.35
1761304465995,CH1,POWER,2.35
1761304466000,CH1,POWER,2.35
1761304466005,CH1,POWER,2.35
1761304466010,CH1,POWER,2.35
1761304466015,CH1,POWER,2.35
1761304466020,CH1,POWER,2.35
1761304466025,CH1,POWER,2.35
1761304466030,CH1,POWER,2.35
1761304466035,CH1,POWER,2.35
1761304466040,CH1,POWER,2.35
1761304466045,CH1,POWER,2.35
1761304466050,CH1,POWER,2.35
1761304466055,CH1,POWER,2.35
1761304466058,CH1,POWER,2.35
1761304466061,CH1,POWER,2.35
1761304466087,CH1,POWER,2.35
1761304466092,CH1,POWER,2.35
1761304466097,CH1,POWER,2.35
1761304466102,CH1,POWER,2.35
1761304466107,CH1,POWER,2.35
1761304466112,CH1,POWER,2.35
1761304466117,CH1,POWER,2.35
1761304466122,CH1,POWER,2.35
1761304466127,CH1,POWER,2.35
1761304466132,CH1,POWER,2.35
1761304466137,CH1,POWER,2.35
1761304466142,CH1,POWER,2.35
1761304466147,CH1,POWER,2.35
1761304466152,CH1,POWER,2.35
1761304466157,CH1,POWER,2.35
1761304466162,CH1,POWER,2.35
1761304466167,CH1,POWER,2.35
1761304466172,CH1,POWER,2.35
1761304466177,CH1,POWER,2.35
1761304466182,CH1,POWER,2.35
1761304466187,CH1,POWER,2.35
1761304466192,CH1,POWER,2.35
1761304466197,CH1,POWER,2.35
1761304466202,CH1,POWER,2.35
1761304466207,CH1,POWER,2.35
1761304466212,CH1,POWER,2.35
1761304466217,CH1,POWER,2.35
1761304466222,CH1,POWER,2.35
1761304466230,CH1,POWER,2.35
1761304466235,CH1,POWER,2.35
1761304466240,CH1,POWER,2.35
1761304466246,CH1,POWER,2.35
1761304466250,CH1,POWER,2.35
1761304466258,CH1,POWER,2.35
1761304466264,CH1,POWER,2.35
1761304466270,CH1,POWER,2.35
1761304466274,CH1,POWER,2.35
1761304466279,CH1,POWER,2.35
1761304466284,CH1,POWER,2.35
1761304466289,CH1,POWER,2.35
1761304466294,CH1,POWER,2.35
1761304466300,CH1,POWER,2.35
1761304466308,CH1,POWER,2.35
1761304466314,CH1,POWER,2.35
1761304466319,CH1,POWER,2.35
1761304466324,CH1,POWER,2.35
1761304466329,CH1,POWER,2.35
1761304466334,CH1,POWER,2.35
1761304466339,CH1,POWER,2.35
1761304466344,CH1,POWER,2.35
1761304466349,CH1,POWER,2.35
1761304466354,CH1,POWER,2.35
1761304466359,CH1,POWER,2.35
1761304466364,CH1,POWER,2.35
1761304466369,CH1,POWER,2.35
1761304466374,CH1,POWER,2.35
1761304466379,CH1,POWER,2.35
1761304466384,CH1,POWER,2.35
1761304466390,CH1,POWER,2.35
1761304466396,CH1,POWER,2.35
1761304466400,CH1,POWER,2.35
1761304466406,CH1,POWER,2.35
1761304466410,CH1,POWER,2.35
1761304466416,CH1,POWER,2.35
1761304466420,CH1,POWER,2.35
1761304466426,CH1,POWER,2.35
1761304466431,CH1,POWER,2.35
1761304466438,CH1,POWER,2.35
1761304466443,CH1,POWER,2.35
1761304466450,CH1,POWER,2.35
1761304466453,CH1,POWER,2.35
1761304466479,CH1,POWER,2.35
1761304466484,CH1,POWER,2.35
1761304466489,CH1,POWER,2.35
1761304466494,CH1,POWER,2.35
1761304466499,CH1,POWER,2.35
1761304466504,CH1,POWER,2.35
1761304466509,CH1,POWER,2.35
1761304466514,CH1,POWER,2.35
1761304466519,CH1,POWER,2.35
1761304466525,CH1,POWER,2.35
1761304466532,CH1,POWER,2.35
1761304466538,CH1,POWER,2.35
1761304466542,CH1,POWER,2.35
1761304466547,CH1,POWER,2.35
1761304466552,CH1,POWER,2.35
1761304466558,CH1,POWER,2.35
1761304466562,CH1,POWER,2.35
1761304466568,CH1,POWER,2.35
1761304466572,CH1,POWER,2.35
1761304466578,CH1,POWER,2.35
1761304466582,CH1,POWER,2.35
1761304466587,CH1,POWER,2.35
1761304466592,CH1,POWER,2.35
1761304466596,CH1,POWER,2.35
1761304466602,CH1,POWER,2.35
1761304466610,CH1,POWER,2.35
1761304466614,CH1,POWER,2.35
1761304466620,CH1,POWER,2.35
1761304466626,CH1,POWER,2.35
1761304466631,CH1,POWER,2.35
1761304466636,CH1,POWER,2.35
1761304466641,CH1,POWER,2.35
1761304466647,CH1,POWER,2.35
1761304466652,CH1,POWER,2.35
1761304466657,CH1,POWER,2.35
1761304466663,CH1,POWER,2.35
1761304466670,CH1,POWER,2.35
1761304466675,CH1,POWER,2.35
1761304466682,CH1,POWER,2.35
1761304466688,CH1,POWER,2.35
1761304466693,CH1,POWER,2.35
1761304466701,CH1,POWER,2.35
1761304466705,CH1,POWER,2.35
1761304466712,CH1,POWER,2.35
1761304466720,CH1,POWER,2.35
1761304466725,CH1,POWER,2.35
1761304466732,CH1,POWER,2.35
1761304466738,CH1,POWER,2.35
1761304466743,CH1,POWER,2.35
1761304466750,CH1,POWER,2.35
1761304466755,CH1,POWER,2.35
1761304466762,CH1,POWER,2.35
1761304466768,CH1,POWER,2.35
1761304466772,CH1,POWER,2.35
1761304466778,CH1,POWER,2.35
1761304466784,CH1,POWER,2.35
1761304466789,CH1,POWER,2.35
1761304466794,CH1,POWER,2.35
1761304466799,CH1,POWER,2.35
1761304466805,CH1,POWER,2.35
1761304466809,CH1,POWER,2.35
1761304466814,CH1,POWER,2.35
1761304466819,CH1,POWER,2.35
1761304466824,CH1,POWER,2.35
1761304466829,CH1,POWER,2.35
1761304466834,CH1,POWER,2.35
1761304466839,CH1,POWER,2.35
1761304466842,CH1,POWER,2.35
1761304466845,CH1,POWER,2.35
1761304466871,CH1,POWER,2.35
1761304466876,CH1,POWER,2.35
1761304466881,CH1,POWER,2.35
1761304466886,CH1,POWER,2.35
1761304466891,CH1,POWER,2.35
1761304466896,CH1,POWER,2.35
1761304466901,CH1,POWER,2.35
1761304466906,CH1,POWER,2.35
1761304466911,CH1,POWER,2.35
1761304466916,CH1,POWER,2.35
1761304466922,CH1,POWER,2.35
1761304466926,CH1,POWER,2.35
1761304466931,CH1,POWER,2.35
1761304466936,CH1,POWER,2.35
1761304466941,CH1,POWER,2.35
1761304466947,CH1,POWER,2.35
1761304466953,CH1,POWER,2.35
1761304466958,CH1,POWER,2.35
1761304466963,CH1,POWER,2.35
1761304466968,CH1,POWER,2.35
1761304466973,CH1,POWER,2.35
1761304466978,CH1,POWER,2.35
1761304466983,CH1,POWER,2.35
1761304466988,CH1,POWER,2.35
1761304466994,CH1,POWER,2.35
1761304467000,CH1,POWER,2.35
1761304467004,CH1,POWER,2.35
1761304467010,CH1,POWER,2.35
1761304467014,CH1,POWER,2.35
1761304467020,CH1,POWER,2.35
1761304467026,CH1,POWER,2.35
1761304467032,CH1,POWER,2.35
1761304467037,CH1,POWER,2.35
1761304467044,CH1,POWER,2.35
1761304467050,CH1,POWER,2.35
1761304467054,CH1,POWER,2.35
1761304467060,CH1,POWER,2.35
1761304467064,CH1,POWER,2.35
1761304467070,CH1,POWER,2.35
1761304467074,CH1,POWER,2.35
1761304467080,CH1,POWER,2.35
1761304467084,CH1,POWER,2.35
1761304467090,CH1,POWER,2.35
1761304467094,CH1,POWER,2.35
1761304467100,CH1,POWER,2.35
1761304467104,CH1,POWER,2.35
1761304467111,CH1,POWER,2.35
1761304467116,CH1,POWER,2.35
1761304467121,CH1,POWER,2.35
1761304467126,CH1,POWER,2.35
1761304467131,CH1,POWER,2.35
1761304467136,CH1,POWER,2.35
1761304467141,CH1,POWER,2.35
1761304467146,CH1,POWER,2.35
1761304467151,CH1,POWER,2.35
1761304467156,CH1,POWER,2.35
1761304467161,CH1,POWER,2.35
1761304467166,CH1,POWER,2.35
1761304467172,CH1,POWER,2.35
1761304467176,CH1,POWER,2.35
1761304467181,CH1,POWER,2.35
1761304467186,CH1,POWER,2.35
1761304467191,CH1,POWER,2.35
1761304467196,CH1,POWER,2.35
1761304467201,CH1,POWER,2.35
1761304467206,CH1,POWER,2.35
1761304467211,CH1,POWER,2.35
1761304467216,CH1,POWER,2.35
1761304467221,CH1,POWER,2.35
1761304467226,CH1,POWER,2.35
1761304467231,CH1,POWER,2.35
1761304467236,CH1,POWER,2.35
1761304467241,CH1,POWER,2.35
1761304467244,CH1,POWER,2.35
1761304467247,CH1,POWER,2.35
1761304467273,CH1,POWER,2.35
1761304467278,CH1,POWER,2.35
1761304467283,CH1,POWER,2.35
1761304467288,CH1,POWER,2.35
1761304467293,CH1,POWER,2.35
1761304467298,CH1,POWER,2.35
1761304467303,CH1,POWER,2.35
1761304467308,CH1,POWER,2.35
1761304467313,CH1,POWER,2.35
1761304467318,CH1,POWER,2.35
1761304467323,CH1,POWER,2.35
1761304467328,CH1,POWER,2.35
1761304467333,CH1,POWER,2.35
1761304467338,CH1,POWER,2.35
1761304467343,CH1,POWER,2.35
1761304467348,CH1,POWER,2.35
1761304467353,CH1,POWER,2.35
1761304467358,CH1,POWER,2.35
1761304467364,CH1,POWER,2.35
1761304467370,CH1,POWER,2.35
1761304467375,CH1,POWER,2.35
1761304467380,CH1,POWER,2.35
1761304467385,CH1,POWER,2.35
1761304467390,CH1,POWER,2.35
1761304467395,CH1,POWER,2.35
1761304467400,CH1,POWER,2.35
1761304467405,CH1,POWER,2.35
1761304467410,CH1,POWER,2.35
1761304467415,CH1,POWER,2.35
1761304467420,CH1,POWER,2.35
1761304467425,CH1,POWER,2.35
1761304467430,CH1,POWER,2.35
1761304467435,CH1,POWER,2.35
1761304467440,CH1,POWER,2.35
1761304467445,CH1,POWER,2.35
1761304467450,CH1,POWER,2.35
1761304467455,CH1,POWER,2.35
1761304467460,CH1,POWER,2.35
1761304467465,CH1,POWER,2.35
1761304467470,CH1,POWER,2.35
1761304467475,CH1,POWER,2.35
1761304467480,CH1,POWER,2.35
1761304467485,CH1,POWER,2.35
1761304467490,CH1,POWER,2.35
1761304467495,CH1,POWER,2.35
1761304467500,CH1,POWER,2.35
1761304467505,CH1,POWER,2.35
1761304467510,CH1,POWER,2.35
1761304467515,CH1,POWER,2.35
1761304467520,CH1,POWER,2.35
1761304467525,CH1,POWER,2.35
1761304467530,CH1,POWER,2.35
1761304467535,CH1,POWER,2.35
1761304467540,CH1,POWER,2.35
1761304467545,CH1,POWER,2.35
1761304467550,CH1,POWER,2.35
1761304467555,CH1,POWER,2.35
1761304467560,CH1,POWER,2.35
1761304467565,CH1,POWER,2.35
1761304467570,CH1,POWER,2.35
1761304467575,CH1,POWER,2.35
1761304467580,CH1,POWER,2.35
1761304467585,CH1,POWER,2.35
1761304467590,CH1,POWER,2.35
1761304467595,CH1,POWER,2.35
1761304467600,CH1,POWER,2.35
1761304467605,CH1,POWER,2.35
1761304467610,CH1,POWER,2.35
1761304467615,CH1,POWER,2.35
1761304467620,CH1,POWER,2.35
1761304467628,CH1,POWER,2.35
1761304467633,CH1,POWER,2.35
1761304467638,CH1,POWER,2.35
1761304467643,CH1,POWER,2.35
1761304467647,CH1,POWER,2.35
1761304467650,CH1,POWER,2.35
1761304467677,CH1,POWER,2.35
1761304467682,CH1,POWER,2.35
1761304467687,CH1,POWER,2.35
1761304467692,CH1,POWER,2.35
1761304467697,CH1,POWER,2.35
1761304467702,CH1,POWER,2.35
1761304467707,CH1,POWER,2.35
1761304467714,CH1,POWER,2.35
1761304467719,CH1,POWER,2.35
1761304467726,CH1,POWER,2.35
1761304467732,CH1,POWER,2.35
1761304467738,CH1,POWER,2.35
1761304467742,CH1,POWER,2.35
1761304467748,CH1,POWER,2.35
1761304467756,CH1,POWER,2.35
1761304467762,CH1,POWER,2.35
1761304467768,CH1,POWER,2.35
1761304467776,CH1,POWER,2.35
1761304467781,CH1,POWER,2.35
1761304467788,CH1,POWER,2.35
1761304467797,CH1,POWER,2.35
1761304467801,CH1,POWER,2.35
1761304467808,CH1,POWER,2.35
1761304467816,CH1,POWER,2.35
1761304467822,CH1,POWER,2.35
1761304467827,CH1,POWER,2.35
1761304467834,CH1,POWER,2.35
1761304467839,CH1,POWER,2.35
1761304467846,CH1,POWER,2.35
1761304467851,CH1,POWER,2.35
1761304467858,CH1,POWER,2.35
1761304467864,CH1,POWER,2.35
1761304467868,CH1,POWER,2.35
1761304467874,CH1,POWER,2.35
1761304467879,CH1,POWER,2.35
1761304467886,CH1,POWER,2.35
1761304467892,CH1,POWER,2.35
1761304467897,CH1,POWER,2.35
1761304467902,CH1,POWER,2.35
1761304467907,CH1,POWER,2.35
1761304467912,CH1,POWER,2.35
1761304467918,CH1,POWER,2.35
1761304467923,CH1,POWER,2.35
1761304467928,CH1,POWER,2.35
1761304467936,CH1,POWER,2.35
1761304467942,CH1,POWER,2.35
1761304467947,CH1,POWER,2.35
1761304467952,CH1,POWER,2.35
1761304467957,CH1,POWER,2.35
1761304467962,CH1,POWER,2.35
1761304467968,CH1,POWER,2.35
1761304467976,CH1,POWER,2.35
1761304467981,CH1,POWER,2.35
1761304467988,CH1,POWER,2.35
1761304467993,CH1,POWER,2.35
1761304467998,CH1,POWER,2.35
1761304468003,CH1,POWER,2.35
1761304468008,CH1,POWER,2.35
1761304468014,CH1,POWER,2.35
1761304468018,CH1,POWER,2.35
1761304468023,CH1,POWER,2.35
1761304468028,CH1,POWER,2.35
1761304468034,CH1,POWER,2.35
1761304468040,CH1,POWER,2.35
1761304468067,CH1,POWER,2.35
1761304468072,CH1,POWER,2.35
1761304468077,CH1,POWER,2.35
1761304468082,CH1,POWER,2.35
1761304468087,CH1,POWER,2.35
1761304468092,CH1,POWER,2.35
1761304468097,CH1,POWER,2.35
1761304468102,CH1,POWER,2.35
1761304468107,CH1,POWER,2.35
1761304468112,CH1,POWER,2.35
1761304468117,CH1,POWER,2.35
1761304468122,CH1,POWER,2.35
1761304468127,CH1,POWER,2.35
1761304468132,CH1,POWER,2.35
1761304468137,CH1,POWER,2.35
1761304468142,CH1,POWER,2.35
1761304468147,CH1,POWER,2.35
1761304468152,CH1,POWER,2.35
1761304468157,CH1,POWER,2.35
1761304468162,CH1,POWER,2.35
1761304468167,CH1,POWER,2.35
1761304468172,CH1,POWER,2.35
1761304468177,CH1,POWER,2.35
1761304468182,CH1,POWER,2.35
1761304468187,CH1,POWER,2.35
1761304468193,CH1,POWER,2.35
1761304468200,CH1,POWER,2.35
1761304468205,CH1,POWER,2.35
1761304468210,CH1,POWER,2.35
1761304468216,CH1,POWER,2.35
1761304468221,CH1,POWER,2.35
1761304468228,CH1,POWER,2.35
1761304468233,CH1,POWER,2.35
1761304468240,CH1,POWER,2.35
1761304468245,CH1,POWER,2.35
1761304468250,CH1,POWER,2.35
1761304468256,CH1,POWER,2.35
1761304468260,CH1,POWER,2.35
1761304468266,CH1,POWER,2.35
1761304468271,CH1,POWER,2.35
1761304468278,CH1,POWER,2.35
1761304468283,CH1,POWER,2.35
1761304468290,CH1,POWER,2.35
1761304468295,CH1,POWER,2.35
1761304468300,CH1,POWER,2.35
1761304468305,CH1,POWER,2.35
1761304468310,CH1,POWER,2.35
1761304468315,CH1,POWER,2.35
1761304468320,CH1,POWER,2.35
1761304468326,CH1,POWER,2.35
1761304468331,CH1,POWER,2.35
1761304468338,CH1,POWER,2.35
1761304468343,CH1,POWER,2.35
1761304468350,CH1,POWER,2.35
1761304468356,CH1,POWER,2.35
1761304468360,CH1,POWER,2.35
1761304468366,CH1,POWER,2.35
1761304468370,CH1,POWER,2.35
1761304468376,CH1,POWER,2.35
1761304468380,CH1,POWER,2.35
1761304468385,CH1,POWER,2.35
1761304468390,CH1,POWER,2.35
1761304468395,CH1,POWER,2.35
1761304468400,CH1,POWER,2.35
1761304468406,CH1,POWER,2.35
1761304468410,CH1,POWER,2.35
1761304468416,CH1,POWER,2.35
1761304468422,CH1,POWER,2.35
1761304468427,CH1,POWER,2.35
1761304468430,CH1,POWER,2.35
1761304468433,CH1,POWER,2.35
1761304468459,CH1,POWER,2.35
1761304468464,CH1,POWER,2.35
1761304468469,CH1,POWER,2.35
1761304468475,CH1,POWER,2.35
1761304468482,CH1,POWER,2.35
1761304468490,CH1,POWER,2.35
1761304468495,CH1,POWER,2.35
1761304468502,CH1,POWER,2.35
1761304468507,CH1,POWER,2.35
1761304468512,CH1,POWER,2.35
1761304468516,CH1,POWER,2.35
1761304468521,CH1,POWER,2.35
1761304468526,CH1,POWER,2.35
1761304468531,CH1,POWER,2.35
1761304468536,CH1,POWER,2.35
1761304468542,CH1,POWER,2.35
1761304468550,CH1,POWER,2.35
1761304468555,CH1,POWER,2.35
1761304468562,CH1,POWER,2.35
1761304468567,CH1,POWER,2.35
1761304468572,CH1,POWER,2.35
1761304468578,CH1,POWER,2.35
1761304468582,CH1,POWER,2.35
1761304468588,CH1,POWER,2.35
1761304468593,CH1,POWER,2.35
1761304468600,CH1,POWER,2.35
1761304468605,CH1,POWER,2.35
1761304468612,CH1,POWER,2.35
1761304468617,CH1,POWER,2.35
1761304468622,CH1,POWER,2.35
1761304468627,CH1,POWER,2.35
1761304468632,CH1,POWER,2.35
1761304468638,CH1,POWER,2.35
1761304468642,CH1,POWER,2.35
1761304468647,CH1,POWER,2.35
1761304468652,CH1,POWER,2.35
1761304468658,CH1,POWER,2.35
1761304468662,CH1,POWER,2.35
1761304468667,CH1,POWER,2.35
1761304468672,CH1,POWER,2.35
1761304468677,CH1,POWER,2.35
1761304468682,CH1,POWER,2.35
1761304468688,CH1,POWER,2.35
1761304468693,CH1,POWER,2.35
1761304468699,CH1,POWER,2.35
1761304468704,CH1,POWER,2.35
1761304468709,CH1,POWER,2.35
1761304468714,CH1,POWER,2.35
1761304468719,CH1,POWER,2.35
1761304468724,CH1,POWER,2.35
1761304468732,CH1,POWER,2.35
1761304468737,CH1,POWER,2.35
1761304468742,CH1,POWER,2.35
1761304468750,CH1,POWER,2.35
1761304468754,CH1,POWER,2.35
1761304468760,CH1,POWER,2.35
1761304468765,CH1,POWER,2.35
1761304468772,CH1,POWER,2.35
1761304468777,CH1,POWER,2.35
1761304468782,CH1,POWER,2.35
1761304468788,CH1,POWER,2.35
1761304468793,CH1,POWER,2.35
1761304468800,CH1,POWER,2.35
1761304468805,CH1,POWER,2.35
1761304468812,CH1,POWER,2.35
1761304468817,CH1,POWER,2.35
1761304468822,CH1,POWER,2.35
1761304468828,CH1,POWER,2.35
1761304468831,CH1,POWER,2.35
1761304468834,CH1,POWER,2.35
1761304468837,CH1,POWER,2.35
1761304468864,CH1,POWER,2.35
1761304468874,CH1,POWER,2.35
1761304468880,CH1,POWER,2.35
1761304468885,CH1,POWER,2.35
1761304468892,CH1,POWER,2.35
1761304468897,CH1,POWER,2.35
1761304468904,CH1,POWER,2.35
1761304468909,CH1,POWER,2.35
1761304468914,CH1,POWER,2.35
1761304468919,CH1,POWER,2.35
1761304468924,CH1,POWER,2.35
1761304468930,CH1,POWER,2.35
1761304468935,CH1,POWER,2.35
1761304468942,CH1,POWER,2.35
1761304468947,CH1,POWER,2.35
1761304468954,CH1,POWER,2.35
1761304468961,CH1,POWER,2.35
1761304468966,CH1,POWER,2.35
1761304468971,CH1,POWER,2.35
1761304468976,CH1,POWER,2.35
1761304468981,CH1,POWER,2.35
1761304468986,CH1,POWER,2.35
1761304468991,CH1,POWER,2.35
1761304468997,CH1,POWER,2.35
1761304469003,CH1,POWER,2.35
1761304469008,CH1,POWER,2.35
1761304469013,CH1,POWER,2.35
1761304469018,CH1,POWER,2.35
1761304469023,CH1,POWER,2.35
1761304469028,CH1,POWER,2.35
1761304469033,CH1,POWER,2.35
1761304469038,CH1,POWER,2.35
1761304469043,CH1,POWER,2.35
1761304469048,CH1,POWER,2.35
1761304469053,CH1,POWER,2.35
1761304469058,CH1,POWER,2.35
1761304469063,CH1,POWER,2.35
1761304469069,CH1,POWER,2.35
1761304469074,CH1,POWER,2.35
1761304469080,CH1,POWER,2.35
1761304469086,CH1,POWER,2.35
1761304469091,CH1,POWER,2.35
1761304469097,CH1,POWER,2.35
1761304469104,CH1,POWER,2.35
1761304469109,CH1,POWER,2.35
1761304469115,CH1,POWER,2.35
1761304469122,CH1,POWER,2.35
1761304469127,CH1,POWER,2.35
1761304469134,CH1,POWER,2.35
1761304469140,CH1,POWER,2.35
1761304469146,CH1,POWER,2.35
1761304469151,CH1,POWER,2.35
1761304469156,CH1,POWER,2.35
1761304469161,CH1,POWER,2.35
1761304469166,CH1,POWER,2.35
1761304469171,CH1,POWER,2.35
1761304469176,CH1,POWER,2.35
1761304469181,CH1,POWER,2.35
1761304469186,CH1,POWER,2.35
1761304469191,CH1,POWER,2.35
1761304469196,CH1,POWER,2.35
1761304469201,CH1,POWER,2.35
1761304469206,CH1,POWER,2.35
1761304469211,CH1,POWER,2.35
1761304469216,CH1,POWER,2.35
1761304469221,CH1,POWER,2.35
1761304469226,CH1,POWER,2.35
1761304469231,CH1,POWER,2.35
1761304469234,CH1,POWER,2.35
1761304469238,CH1,POWER,2.35
1761304469266,CH1,POWER,2.35
1761304469271,CH1,POWER,2.35
1761304469276,CH1,POWER,2.35
1761304469282,CH1,POWER,2.35
1761304469288,CH1,POWER,2.35
1761304469293,CH1,POWER,2.35
1761304469298,CH1,POWER,2.35
1761304469303,CH1,POWER,2.35
1761304469308,CH1,POWER,2.35
1761304469313,CH1,POWER,2.35
1761304469318,CH1,POWER,2.35
1761304469323,CH1,POWER,2.35
1761304469328,CH1,POWER,2.35
1761304469333,CH1,POWER,2.35
1761304469338,CH1,POWER,2.35
1761304469343,CH1,POWER,2.35
1761304469348,CH1,POWER,2.35
1761304469353,CH1,POWER,2.35
1761304469358,CH1,POWER,2.35
1761304469363,CH1,POWER,2.35
1761304469368,CH1,POWER,2.35
1761304469373,CH1,POWER,2.35
1761304469378,CH1,POWER,2.35
1761304469383,CH1,POWER,2.35
1761304469388,CH1,POWER,2.35
1761304469393,CH1,POWER,2.35
1761304469398,CH1,POWER,2.35
1761304469403,CH1,POWER,2.35
1761304469408,CH1,POWER,2.35
1761304469413,CH1,POWER,2.35
1761304469418,CH1,POWER,2.35
1761304469423,CH1,POWER,2.35
1761304469428,CH1,POWER,2.35
1761304469433,CH1,POWER,2.35
1761304469438,CH1,POWER,2.35
1761304469443,CH1,POWER,2.35
1761304469447,CH1,POWER,2.35
1761304469454,CH1,POWER,2.35
1761304469460,CH1,POWER,2.35
1761304469465,CH1,POWER,2.35
1761304469470,CH1,POWER,2.35
1761304469475,CH1,POWER,2.35
1761304469480,CH1,POWER,2.35
1761304469485,CH1,POWER,2.35
1761304469490,CH1,POWER,2.35
1761304469495,CH1,POWER,2.35
1761304469500,CH1,POWER,2.35
1761304469505,CH1,POWER,2.35
1761304469510,CH1,POWER,2.35
1761304469515,CH1,POWER,2.35
1761304469520,CH1,POWER,2.35
1761304469525,CH1,POWER,2.35
1761304469530,CH1,POWER,2.35
1761304469535,CH1,POWER,2.35
1761304469540,CH1,POWER,2.35
1761304469545,CH1,POWER,2.35
1761304469550,CH1,POWER,2.35
1761304469555,CH1,POWER,2.35
1761304469560,CH1,POWER,2.35
1761304469565,CH1,POWER,2.35
1761304469570,CH1,POWER,2.35
1761304469575,CH1,POWER,2.35
1761304469580,CH1,POWER,2.35
1761304469585,CH1,POWER,2.35
1761304469590,CH1,POWER,2.35
1761304469595,CH1,POWER,2.35
1761304469600,CH1,POWER,2.35
1761304469605,CH1,POWER,2.35
1761304469610,CH1,POWER,2.35
1761304469615,CH1,POWER,2.35
1761304469620,CH1,POWER,2.35
1761304469625,CH1,POWER,2.35
1761304469630,CH1,POWER,2.35
1761304469635,CH1,POWER,2.35
1761304469638,CH1,POWER,2.35
1761304469641,CH1,POWER,2.35
1761304469669,CH1,POWER,2.35
1761304469676,CH1,POWER,2.35
1761304469681,CH1,POWER,2.35
1761304469688,CH1,POWER,2.35
1761304469693,CH1,POWER,2.35
1761304469698,CH1,POWER,2.35
1761304469703,CH1,POWER,2.35
1761304469708,CH1,POWER,2.35
1761304469714,CH1,POWER,2.35
1761304469718,CH1,POWER,2.35
1761304469723,CH1,POWER,2.35
1761304469728,CH1,POWER,2.35
1761304469733,CH1,POWER,2.35
1761304469739,CH1,POWER,2.35
1761304469747,CH1,POWER,2.35
1761304469752,CH1,POWER,2.35
1761304469757,CH1,POWER,2.35
1761304469762,CH1,POWER,2.35
1761304469767,CH1,POWER,2.35
1761304469772,CH1,POWER,2.35
1761304469777,CH1,POWER,2.35
1761304469782,CH1,POWER,2.35
1761304469787,CH1,POWER,2.35
1761304469792,CH1,POWER,2.35
1761304469797,CH1,POWER,2.35
1761304469802,CH1,POWER,2.35
1761304469807,CH1,POWER,2.35
1761304469812,CH1,POWER,2.35
1761304469817,CH1,POWER,2.35
1761304469822,CH1,POWER,2.35
1761304469827,CH1,POWER,2.35
1761304469832,CH1,POWER,2.35
1761304469837,CH1,POWER,2.35
1761304469842,CH1,POWER,2.35
1761304469847,CH1,POWER,2.35
1761304469852,CH1,POWER,2.35
1761304469857,CH1,POWER,2.35
1761304469862,CH1,POWER,2.35
1761304469867,CH1,POWER,2.35
1761304469872,CH1,POWER,2.35
1761304469877,CH1,POWER,2.35
1761304469882,CH1,POWER,2.35
1761304469887,CH1,POWER,2.35
1761304469892,CH1,POWER,2.35
1761304469897,CH1,POWER,2.35
1761304469902,CH1,POWER,2.35
1761304469907,CH1,POWER,2.35
1761304469912,CH1,POWER,2.35
1761304469917,CH1,POWER,2.35
1761304469922,CH1,POWER,2.35
1761304469927,CH1,POWER,2.35
1761304469932,CH1,POWER,2.35
1761304469937,CH1,POWER,2.35
1761304469942,CH1,POWER,2.35
1761304469947,CH1,POWER,2.35
1761304469952,CH1,POWER,2.35
1761304469957,CH1,POWER,2.35
1761304469962,CH1,POWER,2.35
1761304469967,CH1,POWER,2.35
1761304469973,CH1,POWER,2.35
1761304469980,CH1,POWER,2.35
1761304469985,CH1,POWER,2.35
1761304469990,CH1,POWER,2.35
1761304469995,CH1,POWER,2.35
1761304470000,CH1,POWER,2.35
1761304470005,CH1,POWER,2.35
1761304470010,CH1,POWER,2.35
1761304470015,CH1,POWER,2.35
1761304470020,CH1,POWER,2.35
1761304470025,CH1,POWER,2.35
1761304470030,CH1,POWER,2.35
1761304470056,CH1,POWER,2.35
1761304470061,CH1,POWER,2.35
1761304470068,CH1,POWER,2.35
1761304470073,CH1,POWER,2.35
1761304470080,CH1,POWER,2.35
1761304470085,CH1,POWER,2.35
1761304470090,CH1,POWER,2.35
1761304470095,CH1,POWER,2.35
1761304470100,CH1,POWER,2.35
1761304470105,CH1,POWER,2.35
1761304470110,CH1,POWER,2.35
1761304470116,CH1,POWER,2.35
1761304470122,CH1,POWER,2.35
1761304470127,CH1,POWER,2.35
1761304470132,CH1,POWER,2.35
1761304470137,CH1,POWER,2.35
1761304470142,CH1,POWER,2.35
1761304470147,CH1,POWER,2.35
1761304470152,CH1,POWER,2.35
1761304470157,CH1,POWER,2.35
1761304470162,CH1,POWER,2.35
1761304470167,CH1,POWER,2.35
1761304470172,CH1,POWER,2.35
1761304470177,CH1,POWER,2.35
1761304470182,CH1,POWER,2.35
1761304470187,CH1,POWER,2.35
1761304470192,CH1,POWER,2.35
1761304470197,CH1,POWER,2.35
1761304470202,CH1,POWER,2.35
1761304470207,CH1,POWER,2.35
1761304470212,CH1,POWER,2.35
1761304470217,CH1,POWER,2.35
1761304470222,CH1,POWER,2.35
1761304470227,CH1,POWER,2.35
1761304470232,CH1,POWER,2.35
1761304470237,CH1,POWER,2.35
1761304470242,CH1,POWER,2.35
1761304470247,CH1,POWER,2.35
1761304470252,CH1,POWER,2.35
1761304470257,CH1,POWER,2.35
1761304470262,CH1,POWER,2.35
1761304470267,CH1,POWER,2.35
1761304470272,CH1,POWER,2.35
1761304470277,CH1,POWER,2.35
1761304470282,CH1,POWER,2.35
1761304470290,CH1,POWER,2.35
1761304470295,CH1,POWER,2.35
1761304470300,CH1,POWER,2.35
1761304470305,CH1,POWER,2.35
1761304470310,CH1,POWER,2.35
1761304470316,CH1,POWER,2.35
1761304470322,CH1,POWER,2.35
1761304470327,CH1,POWER,2.35
1761304470332,CH1,POWER,2.35
1761304470337,CH1,POWER,2.35
1761304470342,CH1,POWER,2.35
1761304470347,CH1,POWER,2.35
1761304470352,CH1,POWER,2.35
1761304470357,CH1,POWER,2.35
1761304470362,CH1,POWER,2.35
1761304470367,CH1,POWER,2.35
1761304470372,CH1,POWER,2.35
1761304470377,CH1,POWER,2.35
1761304470382,CH1,POWER,2.35
1761304470387,CH1,POWER,2.35
1761304470392,CH1,POWER,2.35
1761304470397,CH1,POWER,2.35
1761304470402,CH1,POWER,2.35
1761304470407,CH1,POWER,2.35
1761304470412,CH1,POWER,2.35
1761304470417,CH1,POWER,2.35
1761304470422,CH1,POWER,2.35
1761304470449,CH1,POWER,2.35
1761304470454,CH1,POWER,2.35
1761304470459,CH1,POWER,2.35
1761304470464,CH1,POWER,2.35
1761304470469,CH1,POWER,2.35
1761304470474,CH1,POWER,2.35
1761304470479,CH1,POWER,2.35
1761304470484,CH1,POWER,2.35
1761304470489,CH1,POWER,2.35
1761304470494,CH1,POWER,2.35
1761304470499,CH1,POWER,2.35
1761304470504,CH1,POWER,2.35
1761304470509,CH1,POWER,2.35
1761304470514,CH1,POWER,2.35
1761304470519,CH1,POWER,2.35
1761304470524,CH1,POWER,2.35
1761304470529,CH1,POWER,2.35
1761304470536,CH1,POWER,2.35
1761304470541,CH1,POWER,2.35
1761304470546,CH1,POWER,2.35
1761304470551,CH1,POWER,2.35
1761304470556,CH1,POWER,2.35
1761304470561,CH1,POWER,2.35
1761304470566,CH1,POWER,2.35
1761304470571,CH1,POWER,2.35
1761304470576,CH1,POWER,2.35
1761304470581,CH1,POWER,2.35
1761304470586,CH1,POWER,2.35
1761304470592,CH1,POWER,2.35
1761304470598,CH1,POWER,2.35
1761304470603,CH1,POWER,2.35
1761304470610,CH1,POWER,2.35
1761304470615,CH1,POWER,2.35
1761304470622,CH1,POWER,2.35
1761304470627,CH1,POWER,2.35
1761304470632,CH1,POWER,2.35
1761304470638,CH1,POWER,2.35
1761304470643,CH1,POWER,2.35
1761304470650,CH1,POWER,2.35
1761304470655,CH1,POWER,2.35
1761304470662,CH1,POWER,2.35
1761304470667,CH1,POWER,2.35
1761304470674,CH1,POWER,2.35
1761304470679,CH1,POWER,2.35
1761304470684,CH1,POWER,2.35
1761304470689,CH1,POWER,2.35
1761304470694,CH1,POWER,2.35
1761304470699,CH1,POWER,2.35
1761304470705,CH1,POWER,2.35
1761304470712,CH1,POWER,2.35
1761304470717,CH1,POWER,2.35
1761304470723,CH1,POWER,2.35
1761304470730,CH1,POWER,2.35
1761304470735,CH1,POWER,2.35
1761304470742,CH1,POWER,2.35
1761304470747,CH1,POWER,2.35
1761304470753,CH1,POWER,2.35
1761304470760,CH1,POWER,2.35
1761304470765,CH1,POWER,2.35
1761304470772,CH1,POWER,2.35
1761304470777,CH1,POWER,2.35
1761304470783,CH1,POWER,2.35
1761304470790,CH1,POWER,2.35
1761304470795,CH1,POWER,2.35
1761304470802,CH1,POWER,2.35
1761304470807,CH1,POWER,2.35
1761304470810,CH1,POWER,2.35
1761304470814,CH1,POWER,2.35
1761304470817,CH1,POWER,2.35
1761304470844,CH1,POWER,2.35
1761304470849,CH1,POWER,2.35
1761304470856,CH1,POWER,2.35
1761304470861,CH1,POWER,2.35
1761304470865,CH1,POWER,2.35
1761304470869,CH1,POWER,2.35
1761304470874,CH1,POWER,2.35
1761304470882,CH1,POWER,2.35
1761304470886,CH1,POWER,2.35
1761304470892,CH1,POWER,2.35
1761304470897,CH1,POWER,2.35
1761304470904,CH1,POWER,2.35
1761304470909,CH1,POWER,2.35
1761304470914,CH1,POWER,2.35
1761304470919,CH1,POWER,2.35
1761304470924,CH1,POWER,2.35
1761304470930,CH1,POWER,2.35
1761304470935,CH1,POWER,2.35
1761304470942,CH1,POWER,2.35
1761304470947,CH1,POWER,2.35
1761304470954,CH1,POWER,2.35
1761304470959,CH1,POWER,2.35
1761304470964,CH1,POWER,2.35
1761304470969,CH1,POWER,2.35
1761304470974,CH1,POWER,2.35
1761304470980,CH1,POWER,2.35
1761304470985,CH1,POWER,2.35
1761304470992,CH1,POWER,2.35
1761304470997,CH1,POWER,2.35
1761304471004,CH1,POWER,2.35
1761304471009,CH1,POWER,2.35
1761304471014,CH1,POWER,2.35
1761304471019,CH1,POWER,2.35
1761304471024,CH1,POWER,2.35
1761304471030,CH1,POWER,2.35
1761304471035,CH1,POWER,2.35
1761304471042,CH1,POWER,2.35
1761304471047,CH1,POWER,2.35
1761304471054,CH1,POWER,2.35
1761304471059,CH1,POWER,2.35
1761304471064,CH1,POWER,2.35
1761304471069,CH1,POWER,2.35
1761304471074,CH1,POWER,2.35
1761304471080,CH1,POWER,2.35
1761304471085,CH1,POWER,2.35
1761304471092,CH1,POWER,2.35
1761304471097,CH1,POWER,2.35
1761304471104,CH1,POWER,2.35
1761304471109,CH1,POWER,2.35
1761304471114,CH1,POWER,2.35
1761304471119,CH1,POWER,2.35
1761304471124,CH1,POWER,2.35
1761304471130,CH1,POWER,2.35
1761304471135,CH1,POWER,2.35
1761304471142,CH1,POWER,2.35
1761304471147,CH1,POWER,2.35
1761304471154,CH1,POWER,2.35
1761304471162,CH1,POWER,2.35
1761304471167,CH1,POWER,2.35
1761304471174,CH1,POWER,2.35
1761304471180,CH1,POWER,2.35
1761304471186,CH1,POWER,2.35
1761304471191,CH1,POWER,2.35
1761304471197,CH1,POWER,2.35
1761304471204,CH1,POWER,2.35
1761304471207,CH1,POWER,2.35
1761304471235,CH1,POWER,2.35
1761304471240,CH1,POWER,2.35
1761304471245,CH1,POWER,2.35
1761304471250,CH1,POWER,2.35
1761304471255,CH1,POWER,2.35
1761304471260,CH1,POWER,2.35
1761304471265,CH1,POWER,2.35
1761304471270,CH1,POWER,2.35
1761304471275,CH1,POWER,2.35
1761304471280,CH1,POWER,2.35
1761304471285,CH1,POWER,2.35
1761304471290,CH1,POWER,2.35
1761304471295,CH1,POWER,2.35
1761304471300,CH1,POWER,2.35
1761304471305,CH1,POWER,2.35
1761304471310,CH1,POWER,2.35
1761304471315,CH1,POWER,2.35
1761304471320,CH1,POWER,2.35
1761304471325,CH1,POWER,2.35
1761304471330,CH1,POWER,2.35
1761304471335,CH1,POWER,2.35
1761304471340,CH1,POWER,2.35
1761304471345,CH1,POWER,2.35
1761304471350,CH1,POWER,2.35
1761304471355,CH1,POWER,2.35
1761304471360,CH1,POWER,2.35
1761304471365,CH1,POWER,2.35
1761304471370,CH1,POWER,2.35
1761304471375,CH1,POWER,2.35
1761304471380,CH1,POWER,2.35
1761304471385,CH1,POWER,2.35
1761304471390,CH1,POWER,2.35
1761304471395,CH1,POWER,2.35
1761304471400,CH1,POWER,2.35
1761304471405,CH1,POWER,2.35
1761304471410,CH1,POWER,2.35
1761304471415,CH1,POWER,2.35
1761304471420,CH1,POWER,2.35
1761304471425,CH1,POWER,2.35
1761304471430,CH1,POWER,2.35
1761304471435,CH1,POWER,2.35
1761304471440,CH1,POWER,2.35
1761304471445,CH1,POWER,2.35
1761304471450,CH1,POWER,2.35
1761304471455,CH1,POWER,2.35
1761304471460,CH1,POWER,2.35
1761304471465,CH1,POWER,2.35
1761304471470,CH1,POWER,2.35
1761304471475,CH1,POWER,2.35
1761304471480,CH1,POWER,2.35
1761304471485,CH1,POWER,2.35
1761304471490,CH1,POWER,2.35
1761304471495,CH1,POWER,2.35
1761304471500,CH1,POWER,2.35
1761304471505,CH1,POWER,2.35
1761304471510,CH1,POWER,2.35
1761304471515,CH1,POWER,2.35
1761304471520,CH1,POWER,2.35
1761304471525,CH1,POWER,2.35
1761304471530,CH1,POWER,2.35
1761304471535,CH1,POWER,2.35
1761304471540,CH1,POWER,2.35
1761304471545,CH1,POWER,2.35
1761304471550,CH1,POWER,2.35
1761304471555,CH1,POWER,2.35
1761304471560,CH1,POWER,2.35
1761304471565,CH1,POWER,2.35
1761304471570,CH1,POWER,2.35
1761304471575,CH1,POWER,2.35
1761304471580,CH1,POWER,2.35
1761304471585,CH1,POWER,2.35
1761304471590,CH1,POWER,2.35
1761304471595,CH1,POWER,2.35
1761304471600,CH1,POWER,2.35
1761304471605,CH1,POWER,2.35
1761304471609,CH1,POWER,2.35
1761304471635,CH1,POWER,2.35
1761304471640,CH1,POWER,2.35
1761304471645,CH1,POWER,2.35
1761304471650,CH1,POWER,2.35
1761304471655,CH1,POWER,2.35
1761304471660,CH1,POWER,2.35
1761304471665,CH1,POWER,2.35
1761304471670,CH1,POWER,2.35
1761304471675,CH1,POWER,2.35
1761304471680,CH1,POWER,2.35
1761304471685,CH1,POWER,2.35
1761304471690,CH1,POWER,2.35
1761304471695,CH1,POWER,2.35
1761304471700,CH1,POWER,2.35
1761304471705,CH1,POWER,2.35
1761304471710,CH1,POWER,2.35
1761304471715,CH1,POWER,2.35
1761304471720,CH1,POWER,2.35
1761304471725,CH1,POWER,2.35
1761304471730,CH1,POWER,2.35
1761304471735,CH1,POWER,2.35
1761304471740,CH1,POWER,2.35
1761304471745,CH1,POWER,2.35
1761304471750,CH1,POWER,2.35
1761304471755,CH1,POWER,2.35
1761304471760,CH1,POWER,2.35
1761304471765,CH1,POWER,2.35
1761304471770,CH1,POWER,2.35
1761304471775,CH1,POWER,2.35
1761304471780,CH1,POWER,2.35
1761304471785,CH1,POWER,2.35
1761304471790,CH1,POWER,2.35
1761304471795,CH1,POWER,2.35
1761304471800,CH1,POWER,2.35
1761304471805,CH1,POWER,2.35
1761304471810,CH1,POWER,2.35
1761304471815,CH1,POWER,2.35
1761304471820,CH1,POWER,2.35
1761304471825,CH1,POWER,2.35
1761304471830,CH1,POWER,2.35
1761304471835,CH1,POWER,2.35
1761304471840,CH1,POWER,2.35
1761304471845,CH1,POWER,2.35
1761304471850,CH1,POWER,2.35
1761304471855,CH1,POWER,2.35
1761304471860,CH1,POWER,2.35
1761304471865,CH1,POWER,2.35
1761304471870,CH1,POWER,2.35
1761304471875,CH1,POWER,2.35
1761304471880,CH1,POWER,2.35
1761304471885,CH1,POWER,2.35
1761304471890,CH1,POWER,2.35
1761304471895,CH1,POWER,2.35
1761304471900,CH1,POWER,2.35
1761304471905,CH1,POWER,2.35
1761304471910,CH1,POWER,2.35
1761304471915,CH1,POWER,2.35
1761304471920,CH1,POWER,2.35
1761304471925,CH1,POWER,2.35
1761304471930,CH1,POWER,2.35
1761304471935,CH1,POWER,2.35
1761304471940,CH1,POWER,2.35
1761304471945,CH1,POWER,2.35
1761304471950,CH1,POWER,2.35
1761304471955,CH1,POWER,2.35
1761304471960,CH1,POWER,2.35
1761304471965,CH1,POWER,2.35
1761304471970,CH1,POWER,2.35
1761304471975,CH1,POWER,2.35
1761304471980,CH1,POWER,2.35
1761304471985,CH1,POWER,2.35
1761304471990,CH1,POWER,2.35
1761304471995,CH1,POWER,2.35
1761304472000,CH1,POWER,2.35
1761304472005,CH1,POWER,2.35
1761304472010,CH1,POWER,2.35
1761304472013,CH1,POWER,2.35
1761304472041,CH1,POWER,2.35
1761304472048,CH1,POWER,2.35
1761304472053,CH1,POWER,2.35
1761304472060,CH1,POWER,2.35
1761304472065,CH1,POWER,2.35
1761304472072,CH1,POWER,2.35
1761304472077,CH1,POWER,2.35
1761304472082,CH1,POWER,2.35
1761304472087,CH1,POWER,2.35
1761304472092,CH1,POWER,2.35
1761304472097,CH1,POWER,2.35
1761304472102,CH1,POWER,2.35
1761304472107,CH1,POWER,2.35
1761304472112,CH1,POWER,2.35
1761304472117,CH1,POWER,2.35
1761304472122,CH1,POWER,2.35
1761304472127,CH1,POWER,2.35
1761304472132,CH1,POWER,2.35
1761304472137,CH1,POWER,2.35
1761304472142,CH1,POWER,2.35
1761304472147,CH1,POWER,2.35
1761304472152,CH1,POWER,2.35
1761304472157,CH1,POWER,2.35
1761304472162,CH1,POWER,2.35
1761304472167,CH1,POWER,2.35
1761304472173,CH1,POWER,2.35
1761304472177,CH1,POWER,2.35
1761304472180,CH1,POWER,2.35
1761304472185,CH1,POWER,2.35
1761304472189,CH1,POWER,2.35
1761304472194,CH1,POWER,2.35
1761304472199,CH1,POWER,2.35
1761304472203,CH1,POWER,2.35
1761304472210,CH1,POWER,2.35
1761304472218,CH1,POWER,2.35
1761304472223,CH1,POWER,2.35
1761304472229,CH1,POWER,2.35
1761304472234,CH1,POWER,2.35
1761304472239,CH1,POWER,2.35
1761304472245,CH1,POWER,2.35
1761304472250,CH1,POWER,2.35
1761304472255,CH1,POWER,2.35
1761304472259,CH1,POWER,2.35
1761304472263,CH1,POWER,2.35
1761304472269,CH1,POWER,2.35
1761304472273,CH1,POWER,2.35
1761304472279,CH1,POWER,2.35
1761304472284,CH1,POWER,2.35
1761304472290,CH1,POWER,2.35
1761304472294,CH1,POWER,2.35
1761304472300,CH1,POWER,2.35
1761304472303,CH1,POWER,2.35
1761304472310,CH1,POWER,2.35
1761304472315,CH1,POWER,2.35
1761304472320,CH1,POWER,2.35
1761304472328,CH1,POWER,2.35
1761304472333,CH1,POWER,2.35
1761304472340,CH1,POWER,2.35
1761304472345,CH1,POWER,2.35
1761304472350,CH1,POWER,2.35
1761304472355,CH1,POWER,2.35
1761304472360,CH1,POWER,2.35
1761304472365,CH1,POWER,2.35
1761304472370,CH1,POWER,2.35
1761304472375,CH1,POWER,2.35
1761304472380,CH1,POWER,2.35
1761304472385,CH1,POWER,2.35
1761304472390,CH1,POWER,2.35
1761304472393,CH1,POWER,2.35
1761304472421,CH1,POWER,2.35
1761304472426,CH1,POWER,2.35
1761304472431,CH1,POWER,2.35
1761304472437,CH1,POWER,2.35
1761304472442,CH1,POWER,2.35
1761304472447,CH1,POWER,2.35
1761304472452,CH1,POWER,2.35
1761304472460,CH1,POWER,2.35
1761304472466,CH1,POWER,2.35
1761304472472,CH1,POWER,2.35
1761304472477,CH1,POWER,2.35
1761304472482,CH1,POWER,2.35
1761304472487,CH1,POWER,2.35
1761304472492,CH1,POWER,2.35
1761304472497,CH1,POWER,2.35
1761304472502,CH1,POWER,2.35
1761304472507,CH1,POWER,2.35
1761304472512,CH1,POWER,2.35
1761304472517,CH1,POWER,2.35
1761304472522,CH1,POWER,2.35
1761304472527,CH1,POWER,2.35
1761304472532,CH1,POWER,2.35
1761304472537,CH1,POWER,2.35
1761304472542,CH1,POWER,2.35
1761304472547,CH1,POWER,2.35
1761304472552,CH1,POWER,2.35
1761304472557,CH1,POWER,2.35
1761304472562,CH1,POWER,2.35
1761304472567,CH1,POWER,2.35
1761304472572,CH1,POWER,2.35
1761304472577,CH1,POWER,2.35
1761304472582,CH1,POWER,2.35
1761304472587,CH1,POWER,2.35
1761304472592,CH1,POWER,2.35
1761304472597,CH1,POWER,2.35
1761304472602,CH1,POWER,2.35
1761304472607,CH1,POWER,2.35
1761304472612,CH1,POWER,2.35
1761304472617,CH1,POWER,2.35
1761304472622,CH1,POWER,2.35
1761304472627,CH1,POWER,2.35
1761304472632,CH1,POWER,2.35
1761304472637,CH1,POWER,2.35
1761304472642,CH1,POWER,2.35
1761304472647,CH1,POWER,2.35
1761304472652,CH1,POWER,2.35
1761304472657,CH1,POWER,2.35
1761304472662,CH1,POWER,2.35
1761304472667,CH1,POWER,2.35
1761304472672,CH1,POWER,2.35
1761304472677,CH1,POWER,2.35
1761304472682,CH1,POWER,2.35
1761304472687,CH1,POWER,2.35
1761304472692,CH1,POWER,2.35
1761304472697,CH1,POWER,2.35
1761304472702,CH1,POWER,2.35
1761304472707,CH1,POWER,2.35
1761304472712,CH1,POWER,2.35
1761304472717,CH1,POWER,2.35
1761304472722,CH1,POWER,2.35
1761304472730,CH1,POWER,2.35
1761304472735,CH1,POWER,2.35
1761304472742,CH1,POWER,2.35
1761304472750,CH1,POWER,2.35
1761304472756,CH1,POWER,2.35
1761304472761,CH1,POWER,2.35
1761304472766,CH1,POWER,2.35
1761304472771,CH1,POWER,2.35
1761304472776,CH1,POWER,2.35
1761304472781,CH1,POWER,2.35
1761304472786,CH1,POWER,2.35
1761304472791,CH1,POWER,2.35
1761304472794,CH1,POWER,2.35
1761304472796,CH1,POWER,2.35
1761304472824,CH1,POWER,2.35
1761304472829,CH1,POWER,2.35
1761304472834,CH1,POWER,2.35
1761304472839,CH1,POWER,2.35
1761304472844,CH1,POWER,2.35
1761304472849,CH1,POWER,2.35
1761304472854,CH1,POWER,2.35
1761304472859,CH1,POWER,2.35
1761304472864,CH1,POWER,2.35
1761304472869,CH1,POWER,2.35
1761304472874,CH1,POWER,2.35
1761304472879,CH1,POWER,2.35
1761304472884,CH1,POWER,2.35
1761304472889,CH1,POWER,2.35
1761304472894,CH1,POWER,2.35
1761304472899,CH1,POWER,2.35
1761304472904,CH1,POWER,2.35
1761304472909,CH1,POWER,2.35
1761304472914,CH1,POWER,2.35
1761304472919,CH1,POWER,2.35
1761304472924,CH1,POWER,2.35
1761304472929,CH1,POWER,2.35
1761304472934,CH1,POWER,2.35
1761304472939,CH1,POWER,2.35
1761304472944,CH1,POWER,2.35
1761304472949,CH1,POWER,2.35
1761304472954,CH1,POWER,2.35
1761304472959,CH1,POWER,2.35
1761304472964,CH1,POWER,2.35
1761304472970,CH1,POWER,2.35
1761304472975,CH1,POWER,2.35
1761304472982,CH1,POWER,2.35
1761304472987,CH1,POWER,2.35
1761304472994,CH1,POWER,2.35
1761304473001,CH1,POWER,2.35
1761304473005,CH1,POWER,2.35
1761304473011,CH1,POWER,2.35
1761304473015,CH1,POWER,2.35
1761304473021,CH1,POWER,2.35
1761304473025,CH1,POWER,2.35
1761304473030,CH1,POWER,2.35
1761304473037,CH1,POWER,2.35
1761304473044,CH1,POWER,2.35
1761304473052,CH1,POWER,2.35
1761304473058,CH1,POWER,2.35
1761304473063,CH1,POWER,2.35
1761304473068,CH1,POWER,2.35
1761304473073,CH1,POWER,2.35
1761304473079,CH1,POWER,2.35
1761304473084,CH1,POWER,2.35
1761304473089,CH1,POWER,2.35
1761304473094,CH1,POWER,2.35
1761304473099,CH1,POWER,2.35
1761304473104,CH1,POWER,2.35
1761304473109,CH1,POWER,2.35
1761304473114,CH1,POWER,2.35
1761304473119,CH1,POWER,2.35
1761304473124,CH1,POWER,2.35
1761304473129,CH1,POWER,2.35
1761304473134,CH1,POWER,2.35
1761304473139,CH1,POWER,2.35
1761304473144,CH1,POWER,2.35
1761304473149,CH1,POWER,2.35
1761304473154,CH1,POWER,2.35
1761304473159,CH1,POWER,2.35
1761304473164,CH1,POWER,2.35
1761304473169,CH1,POWER,2.35
1761304473175,CH1,POWER,2.35
1761304473182,CH1,POWER,2.35
1761304473185,CH1,POWER,2.35
1761304473188,CH1,POWER,2.35
1761304473216,CH1,POWER,2.35
1761304473221,CH1,POWER,2.35
1761304473226,CH1,POWER,2.35
1761304473231,CH1,POWER,2.35
1761304473236,CH1,POWER,2.35
1761304473241,CH1,POWER,2.35
1761304473246,CH1,POWER,2.35
1761304473251,CH1,POWER,2.35
1761304473257,CH1,POWER,2.35
1761304473264,CH1,POWER,2.35
1761304473269,CH1,POWER,2.35
1761304473276,CH1,POWER,2.35
1761304473281,CH1,POWER,2.35
1761304473286,CH1,POWER,2.35
1761304473291,CH1,POWER,2.35
1761304473296,CH1,POWER,2.35
1761304473301,CH1,POWER,2.35
1761304473306,CH1,POWER,2.35
1761304473311,CH1,POWER,2.35
1761304473316,CH1,POWER,2.35
1761304473321,CH1,POWER,2.35
1761304473326,CH1,POWER,2.35
1761304473331,CH1,POWER,2.35
1761304473336,CH1,POWER,2.35
1761304473341,CH1,POWER,2.35
1761304473346,CH1,POWER,2.35
1761304473351,CH1,POWER,2.35
1761304473356,CH1,POWER,2.35
1761304473361,CH1,POWER,2.35
1761304473366,CH1,POWER,2.35
1761304473371,CH1,POWER,2.35
1761304473376,CH1,POWER,2.35
1761304473381,CH1,POWER,2.35
1761304473386,CH1,POWER,2.35
1761304473391,CH1,POWER,2.35
1761304473396,CH1,POWER,2.35
1761304473404,CH1,POWER,2.35
1761304473409,CH1,POWER,2.35
1761304473415,CH1,POWER,2.35
1761304473423,CH1,POWER,2.35
1761304473430,CH1,POWER,2.35
1761304473435,CH1,POWER,2.35
1761304473440,CH1,POWER,2.35
1761304473445,CH1,POWER,2.35
1761304473450,CH1,POWER,2.35
1761304473455,CH1,POWER,2.35
1761304473460,CH1,POWER,2.35
1761304473465,CH1,POWER,2.35
1761304473470,CH1,POWER,2.35
1761304473475,CH1,POWER,2.35
1761304473480,CH1,POWER,2.35
1761304473485,CH1,POWER,2.35
1761304473489,CH1,POWER,2.35
1761304473496,CH1,POWER,2.35
1761304473503,CH1,POWER,2.35
1761304473510,CH1,POWER,2.35
1761304473516,CH1,POWER,2.35
1761304473521,CH1,POWER,2.35
1761304473526,CH1,POWER,2.35
1761304473531,CH1,POWER,2.35
1761304473536,CH1,POWER,2.35
1761304473541,CH1,POWER,2.35
1761304473546,CH1,POWER,2.35
1761304473551,CH1,POWER,2.35
1761304473556,CH1,POWER,2.35
1761304473561,CH1,POWER,2.35
1761304473566,CH1,POWER,2.35
1761304473571,CH1,POWER,2.35
1761304473574,CH1,POWER,2.35
1761304473577,CH1,POWER,2.35
1761304473580,CH1,POWER,2.35
1761304473608,CH1,POWER,2.35
1761304473613,CH1,POWER,2.35
1761304473618,CH1,POWER,2.35
1761304473623,CH1,POWER,2.35
1761304473628,CH1,POWER,2.35
1761304473633,CH1,POWER,2.35
1761304473638,CH1,POWER,2.35
1761304473643,CH1,POWER,2.35
1761304473649,CH1,POWER,2.35
1761304473656,CH1,POWER,2.35
1761304473661,CH1,POWER,2.35
1761304473668,CH1,POWER,2.35
1761304473673,CH1,POWER,2.35
1761304473678,CH1,POWER,2.35
1761304473683,CH1,POWER,2.35
1761304473688,CH1,POWER,2.35
1761304473693,CH1,POWER,2.35
1761304473697,CH1,POWER,2.35
1761304473701,CH1,POWER,2.35
1761304473707,CH1,POWER,2.35
1761304473711,CH1,POWER,2.35
1761304473717,CH1,POWER,2.35
1761304473721,CH1,POWER,2.35
1761304473726,CH1,POWER,2.35
1761304473730,CH1,POWER,2.35
1761304473734,CH1,POWER,2.35
1761304473739,CH1,POWER,2.35
1761304473745,CH1,POWER,2.35
1761304473749,CH1,POWER,2.35
1761304473755,CH1,POWER,2.35
1761304473761,CH1,POWER,2.35
1761304473767,CH1,POWER,2.35
1761304473771,CH1,POWER,2.35
1761304473778,CH1,POWER,2.35
1761304473785,CH1,POWER,2.35
1761304473791,CH1,POWER,2.35
1761304473797,CH1,POWER,2.35
1761304473801,CH1,POWER,2.35
1761304473807,CH1,POWER,2.35
1761304473811,CH1,POWER,2.35
1761304473817,CH1,POWER,2.35
1761304473821,CH1,POWER,2.35
1761304473827,CH1,POWER,2.35
1761304473836,CH1,POWER,2.35
1761304473840,CH1,POWER,2.35
1761304473847,CH1,POWER,2.35
1761304473856,CH1,POWER,2.35
1761304473861,CH1,POWER,2.35
1761304473868,CH1,POWER,2.35
1761304473873,CH1,POWER,2.35
1761304473878,CH1,POWER,2.35
1761304473883,CH1,POWER,2.35
1761304473888,CH1,POWER,2.35
1761304473893,CH1,POWER,2.35
1761304473898,CH1,POWER,2.35
1761304473903,CH1,POWER,2.35
1761304473908,CH1,POWER,2.35
1761304473913,CH1,POWER,2.35
1761304473918,CH1,POWER,2.35
1761304473923,CH1,POWER,2.35
1761304473927,CH1,POWER,2.35
1761304473931,CH1,POWER,2.35
1761304473937,CH1,POWER,2.35
1761304473946,CH1,POWER,2.35
1761304473951,CH1,POWER,2.35
1761304473957,CH1,POWER,2.35
1761304473965,CH1,POWER,2.35
1761304473969,CH1,POWER,2.35
1761304473972,CH1,POWER,2.35
1761304474000,CH1,POWER,2.35
1761304474005,CH1,POWER,2.35
1761304474010,CH1,POWER,2.35
1761304474015,CH1,POWER,2.35
1761304474020,CH1,POWER,2.35
1761304474025,CH1,POWER,2.35
1761304474030,CH1,POWER,2.35
1761304474035,CH1,POWER,2.35
1761304474040,CH1,POWER,2.35
1761304474045,CH1,POWER,2.35
1761304474050,CH1,POWER,2.35
1761304474055,CH1,POWER,2.35
1761304474060,CH1,POWER,2.35
1761304474065,CH1,POWER,2.35
1761304474070,CH1,POWER,2.35
1761304474075,CH1,POWER,2.35
1761304474081,CH1,POWER,2.35
1761304474088,CH1,POWER,2.35
1761304474093,CH1,POWER,2.35
1761304474100,CH1,POWER,2.35
1761304474105,CH1,POWER,2.35
1761304474110,CH1,POWER,2.35
1761304474115,CH1,POWER,2.35
1761304474120,CH1,POWER,2.35
1761304474125,CH1,POWER,2.35
1761304474130,CH1,POWER,2.35
1761304474135,CH1,POWER,2.35
1761304474140,CH1,POWER,2.35
1761304474145,CH1,POWER,2.35
1761304474150,CH1,POWER,2.35
1761304474155,CH1,POWER,2.35
1761304474160,CH1,POWER,2.35
1761304474165,CH1,POWER,2.35
1761304474170,CH1,POWER,2.35
1761304474175,CH1,POWER,2.35
1761304474180,CH1,POWER,2.35
1761304474185,CH1,POWER,2.35
1761304474190,CH1,POWER,2.35
1761304474195,CH1,POWER,2.35
1761304474199,CH1,POWER,2.35
1761304474207,CH1,POWER,2.35
1761304474214,CH1,POWER,2.35
1761304474218,CH1,POWER,2.35
1761304474224,CH1,POWER,2.35
1761304474229,CH1,POWER,2.35
1761304474234,CH1,POWER,2.35
1761304474239,CH1,POWER,2.35
1761304474244,CH1,POWER,2.35
1761304474249,CH1,POWER,2.35
1761304474254,CH1,POWER,2.35
1761304474259,CH1,POWER,2.35
1761304474263,CH1,POWER,2.35
1761304474269,CH1,POWER,2.35
1761304474273,CH1,POWER,2.35
1761304474279,CH1,POWER,2.35
1761304474283,CH1,POWER,2.35
1761304474289,CH1,POWER,2.35
1761304474298,CH1,POWER,2.35
1761304474303,CH1,POWER,2.35
1761304474310,CH1,POWER,2.35
1761304474315,CH1,POWER,2.35
1761304474320,CH1,POWER,2.35
1761304474325,CH1,POWER,2.35
1761304474330,CH1,POWER,2.35
1761304474335,CH1,POWER,2.35
1761304474339,CH1,POWER,2.35
1761304474348,CH1,POWER,2.35
1761304474353,CH1,POWER,2.35
1761304474359,CH1,POWER,2.35
1761304474361,CH1,POWER,2.40
1761304474364,CH1,POWER,2.40
1761304474392,CH1,POWER,2.40
1761304474397,CH1,POWER,2.40
1761304474402,CH1,POWER,2.40
1761304474407,CH1,POWER,2.40
1761304474412,CH1,POWER,2.40
1761304474419,CH1,POWER,2.40
1761304474423,CH1,POWER,2.40
1761304474428,CH1,POWER,2.40
1761304474433,CH1,POWER,2.40
1761304474441,CH1,POWER,2.40
1761304474449,CH1,POWER,2.40
1761304474455,CH1,POWER,2.40
1761304474460,CH1,POWER,2.40
1761304474464,CH1,POWER,2.40
1761304474470,CH1,POWER,2.40
1761304474477,CH1,POWER,2.40
1761304474481,CH1,POWER,2.40
1761304474485,CH1,POWER,2.40
1761304474491,CH1,POWER,2.40
1761304474495,CH1,POWER,2.40
1761304474501,CH1,POWER,2.40
1761304474505,CH1,POWER,2.40
1761304474511,CH1,POWER,2.40
1761304474515,CH1,POWER,2.40
1761304474521,CH1,POWER,2.40
1761304474525,CH1,POWER,2.40
1761304474531,CH1,POWER,2.40
1761304474535,CH1,POWER,2.40
1761304474541,CH1,POWER,2.40
1761304474545,CH1,POWER,2.40
1761304474551,CH1,POWER,2.40
1761304474555,CH1,POWER,2.40
1761304474561,CH1,POWER,2.40
1761304474565,CH1,POWER,2.40
1761304474571,CH1,POWER,2.40
1761304474575,CH1,POWER,2.40
1761304474581,CH1,POWER,2.40
1761304474585,CH1,POWER,2.40
1761304474591,CH1,POWER,2.40
1761304474595,CH1,POWER,2.40
1761304474601,CH1,POWER,2.40
1761304474605,CH1,POWER,2.40
1761304474611,CH1,POWER,2.40
1761304474619,CH1,POWER,2.40
1761304474625,CH1,POWER,2.40
1761304474631,CH1,POWER,2.40
1761304474639,CH1,POWER,2.40
1761304474645,CH1,POWER,2.40
1761304474652,CH1,POWER,2.40
1761304474657,CH1,POWER,2.40
1761304474662,CH1,POWER,2.40
1761304474667,CH1,POWER,2.40
1761304474672,CH1,POWER,2.40
1761304474677,CH1,POWER,2.40
1761304474681,CH1,POWER,2.40
1761304474687,CH1,POWER,2.40
1761304474693,CH1,POWER,2.40
1761304474699,CH1,POWER,2.40
1761304474704,CH1,POWER,2.40
1761304474712,CH1,POWER,2.40
1761304474717,CH1,POWER,2.40
1761304474722,CH1,POWER,2.40
1761304474727,CH1,POWER,2.40
1761304474731,CH1,POWER,2.40
1761304474737,CH1,POWER,2.40
1761304474742,CH1,POWER,2.40
1761304474747,CH1,POWER,2.40
1761304474752,CH1,POWER,2.40
1761304474755,CH1,POWER,2.35
1761304474783,CH1,POWER,2.35
1761304474788,CH1,POWER,2.35
1761304474793,CH1,POWER,2.35
1761304474798,CH1,POWER,2.35
1761304474802,CH1,POWER,2.35
1761304474807,CH1,POWER,2.35
1761304474813,CH1,POWER,2.35
1761304474818,CH1,POWER,2.35
1761304474823,CH1,POWER,2.35
1761304474828,CH1,POWER,2.35
1761304474833,CH1,POWER,2.35
1761304474837,CH1,POWER,2.35
1761304474842,CH1,POWER,2.35
1761304474848,CH1,POWER,2.35
1761304474853,CH1,POWER,2.35
1761304474858,CH1,POWER,2.35
1761304474863,CH1,POWER,2.35
1761304474868,CH1,POWER,2.35
1761304474872,CH1,POWER,2.35
1761304474878,CH1,POWER,2.35
1761304474882,CH1,POWER,2.35
1761304474887,CH1,POWER,2.35
1761304474893,CH1,POWER,2.35
1761304474898,CH1,POWER,2.35
1761304474903,CH1,POWER,2.35
1761304474908,CH1,POWER,2.35
1761304474912,CH1,POWER,2.35
1761304474917,CH1,POWER,2.35
1761304474923,CH1,POWER,2.35
1761304474929,CH1,POWER,2.35
1761304474933,CH1,POWER,2.35
1761304474941,CH1,POWER,2.35
1761304474946,CH1,POWER,2.35
1761304474954,CH1,POWER,2.35
1761304474959,CH1,POWER,2.35
1761304474963,CH1,POWER,2.35
1761304474969,CH1,POWER,2.35
1761304474973,CH1,POWER,2.35
1761304474978,CH1,POWER,2.35
1761304474982,CH1,POWER,2.35
1761304474989,CH1,POWER,2.35
1761304474993,CH1,POWER,2.35
1761304474999,CH1,POWER,2.35
1761304475004,CH1,POWER,2.35
1761304475009,CH1,POWER,2.35
1761304475013,CH1,POWER,2.35
1761304475019,CH1,POWER,2.35
1761304475023,CH1,POWER,2.35
1761304475031,CH1,POWER,2.35
1761304475037,CH1,POWER,2.35
1761304475044,CH1,POWER,2.35
1761304475049,CH1,POWER,2.35
1761304475054,CH1,POWER,2.35
1761304475059,CH1,POWER,2.35
1761304475063,CH1,POWER,2.35
1761304475071,CH1,POWER,2.35
1761304475076,CH1,POWER,2.35
1761304475083,CH1,POWER,2.35
1761304475087,CH1,POWER,2.35
1761304475092,CH1,POWER,2.35
1761304475097,CH1,POWER,2.35
1761304475102,CH1,POWER,2.35
1761304475107,CH1,POWER,2.35
1761304475112,CH1,POWER,2.35
1761304475118,CH1,POWER,2.35
1761304475122,CH1,POWER,2.35
1761304475129,CH1,POWER,2.35
1761304475133,CH1,POWER,2.35
1761304475139,CH1,POWER,2.35
1761304475143,CH1,POWER,2.35
1761304475151,CH1,POWER,2.35
1761304475154,CH1,POWER,2.35
1761304475157,CH1,POWER,2.35
1761304475182,CH1,POWER,2.35
1761304475187,CH1,POWER,2.35
1761304475193,CH1,POWER,2.35
1761304475197,CH1,POWER,2.35
1761304475205,CH1,POWER,2.35
1761304475211,CH1,POWER,2.35
1761304475216,CH1,POWER,2.35
1761304475221,CH1,POWER,2.35
1761304475226,CH1,POWER,2.35
1761304475231,CH1,POWER,2.35
1761304475238,CH1,POWER,2.35
1761304475243,CH1,POWER,2.35
1761304475248,CH1,POWER,2.35
1761304475253,CH1,POWER,2.35
1761304475258,CH1,POWER,2.35
1761304475263,CH1,POWER,2.35
1761304475269,CH1,POWER,2.35
1761304475276,CH1,POWER,2.35
1761304475281,CH1,POWER,2.35
1761304475286,CH1,POWER,2.35
1761304475291,CH1,POWER,2.35
1761304475297,CH1,POWER,2.35
1761304475304,CH1,POWER,2.35
1761304475309,CH1,POWER,2.35
1761304475316,CH1,POWER,2.35
1761304475321,CH1,POWER,2.35
1761304475326,CH1,POWER,2.35
1761304475331,CH1,POWER,2.35
1761304475336,CH1,POWER,2.35
1761304475341,CH1,POWER,2.35
1761304475348,CH1,POWER,2.35
1761304475353,CH1,POWER,2.35
1761304475358,CH1,POWER,2.35
1761304475363,CH1,POWER,2.35
1761304475368,CH1,POWER,2.35
1761304475373,CH1,POWER,2.35
1761304475378,CH1,POWER,2.35
1761304475383,CH1,POWER,2.35
1761304475388,CH1,POWER,2.35
1761304475393,CH1,POWER,2.35
1761304475398,CH1,POWER,2.35
1761304475403,CH1,POWER,2.35
1761304475408,CH1,POWER,2.35
1761304475413,CH1,POWER,2.35
1761304475418,CH1,POWER,2.35
1761304475423,CH1,POWER,2.35
1761304475428,CH1,POWER,2.35
1761304475433,CH1,POWER,2.35
1761304475438,CH1,POWER,2.35
1761304475443,CH1,POWER,2.35
1761304475447,CH1,POWER,2.35
1761304475453,CH1,POWER,2.35
1761304475458,CH1,POWER,2.35
1761304475463,CH1,POWER,2.35
1761304475468,CH1,POWER,2.35
1761304475472,CH1,POWER,2.35
1761304475478,CH1,POWER,2.35
1761304475482,CH1,POWER,2.35
1761304475488,CH1,POWER,2.35
1761304475493,CH1,POWER,2.35
1761304475498,CH1,POWER,2.35
1761304475503,CH1,POWER,2.35
1761304475508,CH1,POWER,2.35
1761304475513,CH1,POWER,2.35
1761304475518,CH1,POWER,2.35
1761304475522,CH1,POWER,2.35
1761304475526,CH1,POWER,2.35
1761304475532,CH1,POWER,2.35
1761304475537,CH1,POWER,2.35
1761304475542,CH1,POWER,2.35
1761304475547,CH1,POWER,2.35
1761304475555,CH1,POWER,2.35
1761304475557,CH1,POWER,2.35
1761304475560,CH1,POWER,2.35
1761304475587,CH1,POWER,2.35
1761304475593,CH1,POWER,2.35
1761304475597,CH1,POWER,2.35
1761304475603,CH1,POWER,2.35
1761304475607,CH1,POWER,2.35
1761304475615,CH1,POWER,2.35
1761304475621,CH1,POWER,2.35
1761304475627,CH1,POWER,2.35
1761304475635,CH1,POWER,2.35
1761304475640,CH1,POWER,2.35
1761304475647,CH1,POWER,2.35
1761304475651,CH1,POWER,2.35
1761304475656,CH1,POWER,2.35
1761304475661,CH1,POWER,2.35
1761304475666,CH1,POWER,2.35
1761304475672,CH1,POWER,2.35
1761304475677,CH1,POWER,2.35
1761304475681,CH1,POWER,2.35
1761304475686,CH1,POWER,2.35
1761304475691,CH1,POWER,2.35
1761304475696,CH1,POWER,2.35
1761304475701,CH1,POWER,2.35
1761304475706,CH1,POWER,2.35
1761304475712,CH1,POWER,2.35
1761304475716,CH1,POWER,2.35
1761304475721,CH1,POWER,2.35
1761304475726,CH1,POWER,2.35
1761304475731,CH1,POWER,2.35
1761304475736,CH1,POWER,2.35
1761304475742,CH1,POWER,2.35
1761304475746,CH1,POWER,2.35
1761304475751,CH1,POWER,2.35
1761304475756,CH1,POWER,2.35
1761304475761,CH1,POWER,2.35
1761304475766,CH1,POWER,2.35
1761304475771,CH1,POWER,2.35
1761304475776,CH1,POWER,2.35
1761304475781,CH1,POWER,2.35
1761304475786,CH1,POWER,2.35
1761304475791,CH1,POWER,2.35
1761304475797,CH1,POWER,2.35
1761304475801,CH1,POWER,2.35
1761304475806,CH1,POWER,2.35
1761304475811,CH1,POWER,2.35
1761304475817,CH1,POWER,2.35
1761304475821,CH1,POWER,2.35
1761304475826,CH1,POWER,2.35
1761304475831,CH1,POWER,2.35
1761304475836,CH1,POWER,2.35
1761304475841,CH1,POWER,2.35
1761304475846,CH1,POWER,2.35
1761304475852,CH1,POWER,2.35
1761304475857,CH1,POWER,2.35
1761304475862,CH1,POWER,2.35
1761304475866,CH1,POWER,2.35
1761304475871,CH1,POWER,2.35
1761304475877,CH1,POWER,2.35
1761304475881,CH1,POWER,2.35
1761304475887,CH1,POWER,2.35
1761304475892,CH1,POWER,2.35
1761304475896,CH1,POWER,2.35
1761304475901,CH1,POWER,2.35
1761304475906,CH1,POWER,2.35
1761304475911,CH1,POWER,2.35
1761304475917,CH1,POWER,2.35
1761304475921,CH1,POWER,2.35
1761304475926,CH1,POWER,2.35
1761304475931,CH1,POWER,2.35
1761304475936,CH1,POWER,2.35
1761304475941,CH1,POWER,2.35
1761304475946,CH1,POWER,2.35
1761304475951,CH1,POWER,2.35
1761304475955,CH1,POWER,2.35
1761304475958,CH1,POWER,2.35
1761304475961,CH1,POWER,2.35
1761304475986,CH1,POWER,2.35
1761304475991,CH1,POWER,2.35
1761304475999,CH1,POWER,2.35
1761304476005,CH1,POWER,2.35
1761304476009,CH1,POWER,2.35
1761304476015,CH1,POWER,2.35
1761304476019,CH1,POWER,2.35
1761304476025,CH1,POWER,2.35
1761304476029,CH1,POWER,2.35
1761304476035,CH1,POWER,2.35
1761304476039,CH1,POWER,2.35
1761304476047,CH1,POWER,2.35
1761304476052,CH1,POWER,2.35
1761304476059,CH1,POWER,2.35
1761304476065,CH1,POWER,2.35
1761304476069,CH1,POWER,2.35
1761304476075,CH1,POWER,2.35
1761304476081,CH1,POWER,2.35
1761304476086,CH1,POWER,2.35
1761304476091,CH1,POWER,2.35
1761304476096,CH1,POWER,2.35
1761304476102,CH1,POWER,2.35
1761304476106,CH1,POWER,2.35
1761304476112,CH1,POWER,2.35
1761304476117,CH1,POWER,2.35
1761304476121,CH1,POWER,2.35
1761304476126,CH1,POWER,2.35
1761304476131,CH1,POWER,2.35
1761304476137,CH1,POWER,2.35
1761304476142,CH1,POWER,2.35
1761304476146,CH1,POWER,2.35
1761304476151,CH1,POWER,2.35
1761304476157,CH1,POWER,2.35
1761304476162,CH1,POWER,2.35
1761304476166,CH1,POWER,2.35
1761304476172,CH1,POWER,2.35
1761304476178,CH1,POWER,2.35
1761304476185,CH1,POWER,2.35
1761304476189,CH1,POWER,2.35
1761304476195,CH1,POWER,2.35
1761304476199,CH1,POWER,2.35
1761304476207,CH1,POWER,2.35
1761304476213,CH1,POWER,2.35
1761304476218,CH1,POWER,2.35
1761304476223,CH1,POWER,2.35
1761304476228,CH1,POWER,2.35
1761304476234,CH1,POWER,2.35
1761304476238,CH1,POWER,2.35
1761304476243,CH1,POWER,2.35
1761304476248,CH1,POWER,2.35
1761304476253,CH1,POWER,2.35
1761304476259,CH1,POWER,2.35
1761304476264,CH1,POWER,2.35
1761304476269,CH1,POWER,2.35
1761304476273,CH1,POWER,2.35
1761304476278,CH1,POWER,2.35
1761304476283,CH1,POWER,2.35
1761304476288,CH1,POWER,2.35
1761304476294,CH1,POWER,2.35
1761304476299,CH1,POWER,2.35
1761304476303,CH1,POWER,2.35
1761304476309,CH1,POWER,2.35
1761304476315,CH1,POWER,2.35
1761304476319,CH1,POWER,2.35
1761304476327,CH1,POWER,2.35
1761304476332,CH1,POWER,2.35
1761304476339,CH1,POWER,2.35
1761304476345,CH1,POWER,2.35
1761304476348,CH1,POWER,2.35
1761304476351,CH1,POWER,2.35
1761304476353,CH1,POWER,2.35
1761304476382,CH1,POWER,2.35
1761304476387,CH1,POWER,2.35
1761304476391,CH1,POWER,2.35
1761304476395,CH1,POWER,2.35
1761304476401,CH1,POWER,2.35
1761304476409,CH1,POWER,2.35
1761304476413,CH1,POWER,2.35
1761304476419,CH1,POWER,2.35
1761304476424,CH1,POWER,2.35
1761304476431,CH1,POWER,2.35
1761304476437,CH1,POWER,2.35
1761304476441,CH1,POWER,2.35
1761304476447,CH1,POWER,2.35
1761304476451,CH1,POWER,2.35
1761304476457,CH1,POWER,2.35
1761304476463,CH1,POWER,2.35
1761304476469,CH1,POWER,2.35
1761304476473,CH1,POWER,2.35
1761304476478,CH1,POWER,2.35
1761304476483,CH1,POWER,2.35
1761304476488,CH1,POWER,2.35
1761304476493,CH1,POWER,2.35
1761304476498,CH1,POWER,2.35
1761304476502,CH1,POWER,2.35
1761304476509,CH1,POWER,2.35
1761304476513,CH1,POWER,2.35
1761304476519,CH1,POWER,2.35
1761304476523,CH1,POWER,2.35
1761304476529,CH1,POWER,2.35
1761304476534,CH1,POWER,2.35
1761304476540,CH1,POWER,2.35
1761304476544,CH1,POWER,2.35
1761304476548,CH1,POWER,2.35
1761304476552,CH1,POWER,2.35
1761304476557,CH1,POWER,2.35
1761304476561,CH1,POWER,2.35
1761304476565,CH1,POWER,2.35
1761304476571,CH1,POWER,2.35
1761304476575,CH1,POWER,2.35
1761304476581,CH1,POWER,2.35
1761304476585,CH1,POWER,2.35
1761304476591,CH1,POWER,2.35
1761304476597,CH1,POWER,2.35
1761304476601,CH1,POWER,2.35
1761304476605,CH1,POWER,2.35
1761304476611,CH1,POWER,2.35
1761304476619,CH1,POWER,2.35
1761304476625,CH1,POWER,2.35
1761304476631,CH1,POWER,2.35
1761304476637,CH1,POWER,2.35
1761304476641,CH1,POWER,2.35
1761304476649,CH1,POWER,2.35
1761304476654,CH1,POWER,2.35
1761304476661,CH1,POWER,2.35
1761304476669,CH1,POWER,2.35
1761304476674,CH1,POWER,2.35
1761304476681,CH1,POWER,2.35
1761304476687,CH1,POWER,2.35
1761304476691,CH1,POWER,2.35
1761304476697,CH1,POWER,2.35
1761304476701,CH1,POWER,2.35
1761304476707,CH1,POWER,2.35
1761304476711,CH1,POWER,2.35
1761304476717,CH1,POWER,2.35
1761304476721,CH1,POWER,2.35
1761304476727,CH1,POWER,2.35
1761304476731,CH1,POWER,2.35
1761304476739,CH1,POWER,2.35
1761304476745,CH1,POWER,2.35
1761304476772,CH1,POWER,2.35
1761304476777,CH1,POWER,2.35
1761304476782,CH1,POWER,2.35
1761304476787,CH1,POWER,2.35
1761304476792,CH1,POWER,2.35
1761304476797,CH1,POWER,2.35
1761304476802,CH1,POWER,2.35
1761304476807,CH1,POWER,2.35
1761304476812,CH1,POWER,2.35
1761304476817,CH1,POWER,2.35
1761304476822,CH1,POWER,2.35
1761304476827,CH1,POWER,2.35
1761304476832,CH1,POWER,2.35
1761304476837,CH1,POWER,2.35
1761304476842,CH1,POWER,2.35
1761304476847,CH1,POWER,2.35
1761304476852,CH1,POWER,2.35
1761304476857,CH1,POWER,2.35
1761304476863,CH1,POWER,2.35
1761304476867,CH1,POWER,2.35
1761304476872,CH1,POWER,2.35
1761304476877,CH1,POWER,2.35
1761304476882,CH1,POWER,2.35
1761304476887,CH1,POWER,2.35
1761304476893,CH1,POWER,2.35
1761304476899,CH1,POWER,2.35
1761304476903,CH1,POWER,2.35
1761304476911,CH1,POWER,2.35
1761304476917,CH1,POWER,2.35
1761304476923,CH1,POWER,2.35
1761304476929,CH1,POWER,2.35
1761304476933,CH1,POWER,2.35
1761304476937,CH1,POWER,2.35
1761304476943,CH1,POWER,2.35
1761304476951,CH1,POWER,2.35
1761304476957,CH1,POWER,2.35
1761304476962,CH1,POWER,2.35
1761304476969,CH1,POWER,2.35
1761304476973,CH1,POWER,2.35
1761304476977,CH1,POWER,2.35
1761304476982,CH1,POWER,2.35
1761304476987,CH1,POWER,2.35
1761304476992,CH1,POWER,2.35
1761304476999,CH1,POWER,2.35
1761304477003,CH1,POWER,2.35
1761304477009,CH1,POWER,2.35
1761304477013,CH1,POWER,2.35
1761304477019,CH1,POWER,2.35
1761304477023,CH1,POWER,2.35
1761304477031,CH1,POWER,2.35
1761304477036,CH1,POWER,2.35
1761304477043,CH1,POWER,2.35
1761304477049,CH1,POWER,2.35
1761304477053,CH1,POWER,2.35
1761304477059,CH1,POWER,2.35
1761304477063,CH1,POWER,2.35
1761304477071,CH1,POWER,2.35
1761304477076,CH1,POWER,2.35
1761304477083,CH1,POWER,2.35
1761304477089,CH1,POWER,2.35
1761304477093,CH1,POWER,2.35
1761304477099,CH1,POWER,2.35
1761304477103,CH1,POWER,2.35
1761304477109,CH1,POWER,2.35
1761304477113,CH1,POWER,2.35
1761304477117,CH1,POWER,2.35
1761304477123,CH1,POWER,2.35
1761304477129,CH1,POWER,2.35
1761304477133,CH1,POWER,2.35
1761304477137,CH1,POWER,2.35
1761304477141,CH1,POWER,2.35
1761304477143,CH1,POWER,2.35
1761304477146,CH1,POWER,2.35
1761304477173,CH1,POWER,2.35
1761304477177,CH1,POWER,2.35
1761304477183,CH1,POWER,2.35
1761304477187,CH1,POWER,2.35
1761304477192,CH1,POWER,2.35
1761304477197,CH1,POWER,2.35
1761304477203,CH1,POWER,2.35
1761304477208,CH1,POWER,2.35
1761304477214,CH1,POWER,2.35
1761304477221,CH1,POWER,2.35
1761304477225,CH1,POWER,2.35
1761304477231,CH1,POWER,2.35
1761304477235,CH1,POWER,2.35
1761304477241,CH1,POWER,2.35
1761304477245,CH1,POWER,2.35
1761304477251,CH1,POWER,2.35
1761304477255,CH1,POWER,2.35
1761304477263,CH1,POWER,2.35
1761304477268,CH1,POWER,2.35
1761304477272,CH1,POWER,2.35
1761304477276,CH1,POWER,2.35
1761304477283,CH1,POWER,2.35
1761304477287,CH1,POWER,2.35
1761304477293,CH1,POWER,2.35
1761304477298,CH1,POWER,2.35
1761304477304,CH1,POWER,2.35
1761304477309,CH1,POWER,2.35
1761304477314,CH1,POWER,2.35
1761304477319,CH1,POWER,2.35
1761304477325,CH1,POWER,2.35
1761304477331,CH1,POWER,2.35
1761304477335,CH1,POWER,2.35
1761304477341,CH1,POWER,2.35
1761304477347,CH1,POWER,2.35
1761304477352,CH1,POWER,2.35
1761304477357,CH1,POWER,2.35
1761304477362,CH1,POWER,2.35
1761304477367,CH1,POWER,2.35
1761304477372,CH1,POWER,2.35
1761304477377,CH1,POWER,2.35
1761304477382,CH1,POWER,2.35
1761304477387,CH1,POWER,2.35
1761304477392,CH1,POWER,2.35
1761304477397,CH1,POWER,2.35
1761304477402,CH1,POWER,2.35
1761304477407,CH1,POWER,2.35
1761304477412,CH1,POWER,2.35
1761304477418,CH1,POWER,2.35
1761304477422,CH1,POWER,2.35
1761304477427,CH1,POWER,2.35
1761304477435,CH1,POWER,2.35
1761304477443,CH1,POWER,2.35
1761304477448,CH1,POWER,2.35
1761304477455,CH1,POWER,2.35
1761304477461,CH1,POWER,2.35
1761304477466,CH1,POWER,2.35
1761304477473,CH1,POWER,2.35
1761304477478,CH1,POWER,2.35
1761304477485,CH1,POWER,2.35
1761304477491,CH1,POWER,2.35
1761304477496,CH1,POWER,2.35
1761304477501,CH1,POWER,2.35
1761304477505,CH1,POWER,2.35
1761304477511,CH1,POWER,2.35
1761304477515,CH1,POWER,2.35
1761304477521,CH1,POWER,2.35
1761304477526,CH1,POWER,2.35
1761304477533,CH1,POWER,2.35
1761304477538,CH1,POWER,2.35
1761304477564,CH1,POWER,2.35
1761304477569,CH1,POWER,2.35
1761304477574,CH1,POWER,2.35
1761304477579,CH1,POWER,2.35
1761304477584,CH1,POWER,2.35
1761304477589,CH1,POWER,2.35
1761304477594,CH1,POWER,2.35
1761304477599,CH1,POWER,2.35
1761304477604,CH1,POWER,2.35
1761304477609,CH1,POWER,2.35
1761304477614,CH1,POWER,2.35
1761304477619,CH1,POWER,2.35
1761304477624,CH1,POWER,2.35
1761304477629,CH1,POWER,2.35
1761304477634,CH1,POWER,2.35
1761304477639,CH1,POWER,2.35
1761304477644,CH1,POWER,2.35
1761304477649,CH1,POWER,2.35
1761304477654,CH1,POWER,2.35
1761304477659,CH1,POWER,2.35
1761304477664,CH1,POWER,2.35
1761304477669,CH1,POWER,2.35
1761304477674,CH1,POWER,2.35
1761304477679,CH1,POWER,2.35
1761304477685,CH1,POWER,2.35
1761304477689,CH1,POWER,2.35
1761304477694,CH1,POWER,2.35
1761304477699,CH1,POWER,2.35
1761304477704,CH1,POWER,2.35
1761304477709,CH1,POWER,2.35
1761304477714,CH1,POWER,2.35
1761304477719,CH1,POWER,2.35
1761304477724,CH1,POWER,2.35
1761304477729,CH1,POWER,2.35
1761304477734,CH1,POWER,2.35
1761304477739,CH1,POWER,2.35
1761304477744,CH1,POWER,2.35
1761304477749,CH1,POWER,2.35
1761304477754,CH1,POWER,2.35
1761304477759,CH1,POWER,2.35
1761304477764,CH1,POWER,2.35
1761304477769,CH1,POWER,2.35
1761304477774,CH1,POWER,2.35
1761304477779,CH1,POWER,2.35
1761304477784,CH1,POWER,2.35
1761304477789,CH1,POWER,2.35
1761304477794,CH1,POWER,2.35
1761304477799,CH1,POWER,2.35
1761304477804,CH1,POWER,2.35
1761304477809,CH1,POWER,2.35
1761304477814,CH1,POWER,2.35
1761304477819,CH1,POWER,2.35
1761304477824,CH1,POWER,2.35
1761304477829,CH1,POWER,2.35
1761304477834,CH1,POWER,2.35
1761304477839,CH1,POWER,2.35
1761304477845,CH1,POWER,2.35
1761304477849,CH1,POWER,2.35
1761304477854,CH1,POWER,2.35
1761304477859,CH1,POWER,2.35
1761304477867,CH1,POWER,2.35
1761304477873,CH1,POWER,2.35
1761304477877,CH1,POWER,2.35
1761304477883,CH1,POWER,2.35
1761304477887,CH1,POWER,2.35
1761304477893,CH1,POWER,2.35
1761304477897,CH1,POWER,2.35
1761304477903,CH1,POWER,2.35
1761304477909,CH1,POWER,2.35
1761304477915,CH1,POWER,2.35
1761304477920,CH1,POWER,2.35
1761304477926,CH1,POWER,2.35
1761304477933,CH1,POWER,2.35
1761304477935,CH1,POWER,2.35
1761304477938,CH1,POWER,2.35
1761304477940,CH1,POWER,2.35
1761304477966,CH1,POWER,2.35
1761304477971,CH1,POWER,2.35
1761304477976,CH1,POWER,2.35
1761304477981,CH1,POWER,2.35
1761304477986,CH1,POWER,2.35
1761304477991,CH1,POWER,2.35
1761304477996,CH1,POWER,2.35
1761304478001,CH1,POWER,2.35
1761304478006,CH1,POWER,2.35
1761304478011,CH1,POWER,2.35
1761304478016,CH1,POWER,2.35
1761304478021,CH1,POWER,2.35
1761304478026,CH1,POWER,2.35
1761304478031,CH1,POWER,2.35
1761304478036,CH1,POWER,2.35
1761304478041,CH1,POWER,2.35
1761304478046,CH1,POWER,2.35
1761304478051,CH1,POWER,2.35
1761304478056,CH1,POWER,2.35
1761304478061,CH1,POWER,2.35
1761304478066,CH1,POWER,2.35
1761304478071,CH1,POWER,2.35
1761304478076,CH1,POWER,2.35
1761304478081,CH1,POWER,2.35
1761304478086,CH1,POWER,2.35
1761304478091,CH1,POWER,2.35
1761304478096,CH1,POWER,2.35
1761304478101,CH1,POWER,2.35
1761304478106,CH1,POWER,2.35
1761304478111,CH1,POWER,2.35
1761304478116,CH1,POWER,2.35
1761304478121,CH1,POWER,2.35
1761304478126,CH1,POWER,2.35
1761304478131,CH1,POWER,2.35
1761304478136,CH1,POWER,2.35
1761304478141,CH1,POWER,2.35
1761304478146,CH1,POWER,2.35
1761304478151,CH1,POWER,2.35
1761304478156,CH1,POWER,2.35
1761304478161,CH1,POWER,2.35
1761304478166,CH1,POWER,2.35
1761304478171,CH1,POWER,2.35
1761304478176,CH1,POWER,2.35
1761304478181,CH1,POWER,2.35
1761304478186,CH1,POWER,2.35
1761304478191,CH1,POWER,2.35
1761304478196,CH1,POWER,2.35
1761304478201,CH1,POWER,2.35
1761304478206,CH1,POWER,2.35
1761304478211,CH1,POWER,2.35
1761304478216,CH1,POWER,2.35
1761304478221,CH1,POWER,2.35
1761304478226,CH1,POWER,2.35
1761304478231,CH1,POWER,2.35
1761304478236,CH1,POWER,2.35
1761304478242,CH1,POWER,2.35
1761304478246,CH1,POWER,2.35
1761304478251,CH1,POWER,2.35
1761304478256,CH1,POWER,2.35
1761304478261,CH1,POWER,2.35
1761304478266,CH1,POWER,2.35
1761304478271,CH1,POWER,2.35
1761304478276,CH1,POWER,2.35
1761304478281,CH1,POWER,2.35
1761304478286,CH1,POWER,2.35
1761304478291,CH1,POWER,2.35
1761304478296,CH1,POWER,2.35
1761304478301,CH1,POWER,2.35
1761304478306,CH1,POWER,2.35
1761304478311,CH1,POWER,2.35
1761304478317,CH1,POWER,2.35
1761304478321,CH1,POWER,2.35
1761304478326,CH1,POWER,2.35
1761304478331,CH1,POWER,2.35
1761304478336,CH1,POWER,2.35
1761304478341,CH1,POWER,2.35
1761304478344,CH1,POWER,2.35
1761304478372,CH1,POWER,2.35
1761304478379,CH1,POWER,2.35
1761304478385,CH1,POWER,2.35
1761304478390,CH1,POWER,2.35
1761304478397,CH1,POWER,2.35
1761304478401,CH1,POWER,2.35
1761304478408,CH1,POWER,2.35
1761304478413,CH1,POWER,2.35
1761304478421,CH1,POWER,2.35
1761304478429,CH1,POWER,2.35
1761304478435,CH1,POWER,2.35
1761304478440,CH1,POWER,2.35
1761304478445,CH1,POWER,2.35
1761304478450,CH1,POWER,2.35
1761304478457,CH1,POWER,2.35
1761304478461,CH1,POWER,2.35
1761304478469,CH1,POWER,2.35
1761304478474,CH1,POWER,2.35
1761304478480,CH1,POWER,2.35
1761304478485,CH1,POWER,2.35
1761304478491,CH1,POWER,2.35
1761304478499,CH1,POWER,2.35
1761304478503,CH1,POWER,2.35
1761304478509,CH1,POWER,2.35
1761304478513,CH1,POWER,2.35
1761304478519,CH1,POWER,2.35
1761304478523,CH1,POWER,2.35
1761304478529,CH1,POWER,2.35
1761304478533,CH1,POWER,2.35
1761304478539,CH1,POWER,2.35
1761304478543,CH1,POWER,2.35
1761304478549,CH1,POWER,2.35
1761304478553,CH1,POWER,2.35
1761304478559,CH1,POWER,2.35
1761304478563,CH1,POWER,2.35
1761304478569,CH1,POWER,2.35
1761304478573,CH1,POWER,2.35
1761304478579,CH1,POWER,2.35
1761304478583,CH1,POWER,2.35
1761304478589,CH1,POWER,2.35
1761304478593,CH1,POWER,2.35
1761304478599,CH1,POWER,2.35
1761304478604,CH1,POWER,2.35
1761304478610,CH1,POWER,2.35
1761304478614,CH1,POWER,2.35
1761304478618,CH1,POWER,2.35
1761304478622,CH1,POWER,2.35
1761304478627,CH1,POWER,2.35
1761304478631,CH1,POWER,2.35
1761304478635,CH1,POWER,2.35
1761304478641,CH1,POWER,2.35
1761304478645,CH1,POWER,2.35
1761304478651,CH1,POWER,2.35
1761304478655,CH1,POWER,2.35
1761304478661,CH1,POWER,2.35
1761304478669,CH1,POWER,2.35
1761304478673,CH1,POWER,2.35
1761304478681,CH1,POWER,2.35
1761304478689,CH1,POWER,2.35
1761304478694,CH1,POWER,2.35
1761304478701,CH1,POWER,2.35
1761304478707,CH1,POWER,2.35
1761304478711,CH1,POWER,2.35
1761304478719,CH1,POWER,2.35
1761304478724,CH1,POWER,2.35
1761304478729,CH1,POWER,2.35
1761304478731,CH1,POWER,2.35
1761304478734,CH1,POWER,2.35
1761304478760,CH1,POWER,2.35
1761304478765,CH1,POWER,2.35
1761304478770,CH1,POWER,2.35
1761304478775,CH1,POWER,2.35
1761304478780,CH1,POWER,2.35
1761304478785,CH1,POWER,2.35
1761304478790,CH1,POWER,2.35
1761304478795,CH1,POWER,2.35
1761304478800,CH1,POWER,2.35
1761304478805,CH1,POWER,2.35
1761304478811,CH1,POWER,2.35
1761304478816,CH1,POWER,2.35
1761304478820,CH1,POWER,2.35
1761304478826,CH1,POWER,2.35
1761304478832,CH1,POWER,2.35
1761304478839,CH1,POWER,2.35
1761304478843,CH1,POWER,2.35
1761304478849,CH1,POWER,2.35
1761304478853,CH1,POWER,2.35
1761304478859,CH1,POWER,2.35
1761304478863,CH1,POWER,2.35
1761304478869,CH1,POWER,2.35
1761304478873,CH1,POWER,2.35
1761304478879,CH1,POWER,2.35
1761304478883,CH1,POWER,2.35
1761304478889,CH1,POWER,2.35
1761304478893,CH1,POWER,2.35
1761304478901,CH1,POWER,2.35
1761304478906,CH1,POWER,2.35
1761304478912,CH1,POWER,2.35
1761304478917,CH1,POWER,2.35
1761304478922,CH1,POWER,2.35
1761304478927,CH1,POWER,2.35
1761304478932,CH1,POWER,2.35
1761304478937,CH1,POWER,2.35
1761304478942,CH1,POWER,2.35
1761304478947,CH1,POWER,2.35
1761304478952,CH1,POWER,2.35
1761304478957,CH1,POWER,2.35
1761304478962,CH1,POWER,2.35
1761304478967,CH1,POWER,2.35
1761304478972,CH1,POWER,2.35
1761304478977,CH1,POWER,2.35
1761304478982,CH1,POWER,2.35
1761304478987,CH1,POWER,2.35
1761304478992,CH1,POWER,2.35
1761304478997,CH1,POWER,2.35
1761304479002,CH1,POWER,2.35
1761304479007,CH1,POWER,2.35
1761304479012,CH1,POWER,2.35
1761304479017,CH1,POWER,2.35
1761304479022,CH1,POWER,2.35
1761304479027,CH1,POWER,2.35
1761304479032,CH1,POWER,2.35
1761304479037,CH1,POWER,2.35
1761304479042,CH1,POWER,2.35
1761304479047,CH1,POWER,2.35
1761304479052,CH1,POWER,2.35
1761304479057,CH1,POWER,2.35
1761304479062,CH1,POWER,2.35
1761304479067,CH1,POWER,2.35
1761304479072,CH1,POWER,2.35
1761304479077,CH1,POWER,2.35
1761304479082,CH1,POWER,2.35
1761304479087,CH1,POWER,2.35
1761304479092,CH1,POWER,2.35
1761304479097,CH1,POWER,2.35
1761304479102,CH1,POWER,2.35
1761304479107,CH1,POWER,2.35
1761304479112,CH1,POWER,2.35
1761304479117,CH1,POWER,2.35
1761304479122,CH1,POWER,2.35
1761304479127,CH1,POWER,2.35
1761304479131,CH1,POWER,2.35
1761304479134,CH1,POWER,2.35
1761304479137,CH1,POWER,2.35
1761304479164,CH1,POWER,2.35
1761304479169,CH1,POWER,2.35
1761304479174,CH1,POWER,2.35
1761304479179,CH1,POWER,2.35
1761304479184,CH1,POWER,2.35
1761304479189,CH1,POWER,2.35
1761304479194,CH1,POWER,2.35
1761304479199,CH1,POWER,2.35
1761304479204,CH1,POWER,2.35
1761304479209,CH1,POWER,2.35
1761304479214,CH1,POWER,2.35
1761304479219,CH1,POWER,2.35
1761304479224,CH1,POWER,2.35
1761304479229,CH1,POWER,2.35
1761304479234,CH1,POWER,2.35
1761304479239,CH1,POWER,2.35
1761304479244,CH1,POWER,2.35
1761304479249,CH1,POWER,2.35
1761304479254,CH1,POWER,2.35
1761304479259,CH1,POWER,2.35
1761304479264,CH1,POWER,2.35
1761304479269,CH1,POWER,2.35
1761304479274,CH1,POWER,2.35
1761304479279,CH1,POWER,2.35
1761304479284,CH1,POWER,2.35
1761304479289,CH1,POWER,2.35
1761304479295,CH1,POWER,2.35
1761304479301,CH1,POWER,2.35
1761304479305,CH1,POWER,2.35
1761304479311,CH1,POWER,2.35
1761304479315,CH1,POWER,2.35
1761304479319,CH1,POWER,2.35
1761304479324,CH1,POWER,2.35
1761304479329,CH1,POWER,2.35
1761304479334,CH1,POWER,2.35
1761304479339,CH1,POWER,2.35
1761304479344,CH1,POWER,2.35
1761304479349,CH1,POWER,2.35
1761304479354,CH1,POWER,2.35
1761304479359,CH1,POWER,2.35
1761304479364,CH1,POWER,2.35
1761304479368,CH1,POWER,2.35
1761304479374,CH1,POWER,2.35
1761304479381,CH1,POWER,2.35
1761304479385,CH1,POWER,2.35
1761304479389,CH1,POWER,2.35
1761304479395,CH1,POWER,2.35
1761304479399,CH1,POWER,2.35
1761304479404,CH1,POWER,2.35
1761304479408,CH1,POWER,2.35
1761304479412,CH1,POWER,2.35
1761304479416,CH1,POWER,2.35
1761304479421,CH1,POWER,2.35
1761304479425,CH1,POWER,2.35
1761304479431,CH1,POWER,2.35
1761304479435,CH1,POWER,2.35
1761304479443,CH1,POWER,2.35
1761304479448,CH1,POWER,2.35
1761304479454,CH1,POWER,2.35
1761304479459,CH1,POWER,2.35
1761304479464,CH1,POWER,2.35
1761304479468,CH1,POWER,2.35
1761304479475,CH1,POWER,2.35
1761304479481,CH1,POWER,2.35
1761304479485,CH1,POWER,2.35
1761304479491,CH1,POWER,2.35
1761304479497,CH1,POWER,2.35
1761304479502,CH1,POWER,2.35
1761304479507,CH1,POWER,2.35
1761304479512,CH1,POWER,2.35
1761304479517,CH1,POWER,2.35
1761304479522,CH1,POWER,2.35
1761304479527,CH1,POWER,2.35
1761304479532,CH1,POWER,2.35
1761304479536,CH1,POWER,2.35
1761304479539,CH1,POWER,2.35
1761304479567,CH1,POWER,2.35
1761304479573,CH1,POWER,2.35
1761304479577,CH1,POWER,2.35
1761304479583,CH1,POWER,2.35
1761304479587,CH1,POWER,2.35
1761304479593,CH1,POWER,2.35
1761304479597,CH1,POWER,2.35
1761304479603,CH1,POWER,2.35
1761304479609,CH1,POWER,2.35
1761304479614,CH1,POWER,2.35
1761304479619,CH1,POWER,2.35
1761304479624,CH1,POWER,2.35
1761304479629,CH1,POWER,2.35
1761304479634,CH1,POWER,2.35
1761304479639,CH1,POWER,2.35
1761304479644,CH1,POWER,2.35
1761304479649,CH1,POWER,2.35
1761304479654,CH1,POWER,2.35
1761304479659,CH1,POWER,2.35
1761304479664,CH1,POWER,2.35
1761304479670,CH1,POWER,2.35
1761304479677,CH1,POWER,2.35
1761304479685,CH1,POWER,2.35
1761304479691,CH1,POWER,2.35
1761304479697,CH1,POWER,2.35
1761304479703,CH1,POWER,2.35
1761304479707,CH1,POWER,2.35
1761304479711,CH1,POWER,2.35
1761304479716,CH1,POWER,2.35
1761304479723,CH1,POWER,2.35
1761304479727,CH1,POWER,2.35
1761304479733,CH1,POWER,2.35
1761304479737,CH1,POWER,2.35
1761304479743,CH1,POWER,2.35
1761304479747,CH1,POWER,2.35
1761304479753,CH1,POWER,2.35
1761304479757,CH1,POWER,2.35
1761304479763,CH1,POWER,2.35
1761304479767,CH1,POWER,2.35
1761304479773,CH1,POWER,2.35
1761304479777,CH1,POWER,2.35
1761304479783,CH1,POWER,2.35
1761304479787,CH1,POWER,2.35
1761304479793,CH1,POWER,2.35
1761304479797,CH1,POWER,2.35
1761304479803,CH1,POWER,2.35
1761304479807,CH1,POWER,2.35
1761304479813,CH1,POWER,2.35
1761304479817,CH1,POWER,2.35
1761304479825,CH1,POWER,2.35
1761304479830,CH1,POWER,2.35
1761304479837,CH1,POWER,2.35
1761304479843,CH1,POWER,2.35
1761304479847,CH1,POWER,2.35
1761304479853,CH1,POWER,2.35
1761304479857,CH1,POWER,2.35
1761304479865,CH1,POWER,2.35
1761304479870,CH1,POWER,2.35
1761304479877,CH1,POWER,2.35
1761304479883,CH1,POWER,2.35
1761304479887,CH1,POWER,2.35
1761304479893,CH1,POWER,2.35
1761304479897,CH1,POWER,2.35
1761304479902,CH1,POWER,2.35
1761304479908,CH1,POWER,2.35
1761304479915,CH1,POWER,2.35
1761304479921,CH1,POWER,2.35
1761304479926,CH1,POWER,2.35
1761304479931,CH1,POWER,2.35
1761304479958,CH1,POWER,2.35
1761304479963,CH1,POWER,2.35
1761304479968,CH1,POWER,2.35
1761304479973,CH1,POWER,2.35
1761304479978,CH1,POWER,2.35
1761304479983,CH1,POWER,2.35
1761304479988,CH1,POWER,2.35
1761304479993,CH1,POWER,2.35
1761304479998,CH1,POWER,2.35
1761304480003,CH1,POWER,2.35
1761304480008,CH1,POWER,2.35
1761304480013,CH1,POWER,2.35
1761304480019,CH1,POWER,2.35
1761304480027,CH1,POWER,2.35
1761304480032,CH1,POWER,2.35
1761304480038,CH1,POWER,2.35
1761304480045,CH1,POWER,2.35
1761304480049,CH1,POWER,2.35
1761304480057,CH1,POWER,2.35
1761304480062,CH1,POWER,2.35
1761304480069,CH1,POWER,2.35
1761304480075,CH1,POWER,2.35
1761304480079,CH1,POWER,2.35
1761304480085,CH1,POWER,2.35
1761304480089,CH1,POWER,2.35
1761304480097,CH1,POWER,2.35
1761304480102,CH1,POWER,2.35
1761304480109,CH1,POWER,2.35
1761304480114,CH1,POWER,2.35
1761304480119,CH1,POWER,2.35
1761304480127,CH1,POWER,2.35
1761304480133,CH1,POWER,2.35
1761304480139,CH1,POWER,2.35
1761304480147,CH1,POWER,2.35
1761304480152,CH1,POWER,2.35
1761304480159,CH1,POWER,2.35
1761304480165,CH1,POWER,2.35
1761304480169,CH1,POWER,2.35
1761304480175,CH1,POWER,2.35
1761304480179,CH1,POWER,2.35
1761304480185,CH1,POWER,2.35
1761304480189,CH1,POWER,2.35
1761304480195,CH1,POWER,2.35
1761304480199,CH1,POWER,2.35
1761304480205,CH1,POWER,2.35
1761304480209,CH1,POWER,2.35
1761304480215,CH1,POWER,2.35
1761304480219,CH1,POWER,2.35
1761304480225,CH1,POWER,2.35
1761304480229,CH1,POWER,2.35
1761304480235,CH1,POWER,2.35
1761304480239,CH1,POWER,2.35
1761304480245,CH1,POWER,2.35
1761304480249,CH1,POWER,2.35
1761304480255,CH1,POWER,2.35
1761304480259,CH1,POWER,2.35
1761304480265,CH1,POWER,2.35
1761304480269,CH1,POWER,2.35
1761304480275,CH1,POWER,2.35
1761304480279,CH1,POWER,2.35
1761304480285,CH1,POWER,2.35
1761304480289,CH1,POWER,2.35
1761304480295,CH1,POWER,2.35
1761304480299,CH1,POWER,2.35
1761304480305,CH1,POWER,2.35
1761304480309,CH1,POWER,2.35
1761304480317,CH1,POWER,2.35
1761304480320,CH1,POWER,2.35
1761304480323,CH1,POWER,2.35
1761304480350,CH1,POWER,2.35
1761304480355,CH1,POWER,2.35
1761304480360,CH1,POWER,2.35
1761304480365,CH1,POWER,2.35
1761304480370,CH1,POWER,2.35
1761304480375,CH1,POWER,2.35
1761304480380,CH1,POWER,2.35
1761304480385,CH1,POWER,2.35
1761304480390,CH1,POWER,2.35
1761304480396,CH1,POWER,2.35
1761304480400,CH1,POWER,2.35
1761304480405,CH1,POWER,2.35
1761304480410,CH1,POWER,2.35
1761304480415,CH1,POWER,2.35
1761304480420,CH1,POWER,2.35
1761304480425,CH1,POWER,2.35
1761304480432,CH1,POWER,2.35
1761304480439,CH1,POWER,2.35
1761304480445,CH1,POWER,2.35
1761304480451,CH1,POWER,2.35
1761304480460,CH1,POWER,2.35
1761304480467,CH1,POWER,2.35
1761304480471,CH1,POWER,2.35
1761304480477,CH1,POWER,2.35
1761304480481,CH1,POWER,2.35
1761304480487,CH1,POWER,2.35
1761304480491,CH1,POWER,2.35
1761304480497,CH1,POWER,2.35
1761304480502,CH1,POWER,2.35
1761304480509,CH1,POWER,2.35
1761304480514,CH1,POWER,2.35
1761304480521,CH1,POWER,2.35
1761304480527,CH1,POWER,2.35
1761304480531,CH1,POWER,2.35
1761304480537,CH1,POWER,2.35
1761304480541,CH1,POWER,2.35
1761304480547,CH1,POWER,2.35
1761304480551,CH1,POWER,2.35
1761304480557,CH1,POWER,2.35
1761304480561,CH1,POWER,2.35
1761304480567,CH1,POWER,2.35
1761304480572,CH1,POWER,2.35
1761304480579,CH1,POWER,2.35
1761304480584,CH1,POWER,2.35
1761304480591,CH1,POWER,2.35
1761304480599,CH1,POWER,2.35
1761304480605,CH1,POWER,2.35
1761304480610,CH1,POWER,2.35
1761304480615,CH1,POWER,2.35
1761304480620,CH1,POWER,2.35
1761304480625,CH1,POWER,2.35
1761304480630,CH1,POWER,2.35
1761304480635,CH1,POWER,2.35
1761304480640,CH1,POWER,2.35
1761304480645,CH1,POWER,2.35
1761304480650,CH1,POWER,2.35
1761304480655,CH1,POWER,2.35
1761304480660,CH1,POWER,2.35
1761304480665,CH1,POWER,2.35
1761304480670,CH1,POWER,2.35
1761304480675,CH1,POWER,2.35
1761304480680,CH1,POWER,2.35
1761304480685,CH1,POWER,2.35
1761304480690,CH1,POWER,2.35
1761304480695,CH1,POWER,2.35
1761304480700,CH1,POWER,2.35
1761304480705,CH1,POWER,2.35
1761304480710,CH1,POWER,2.35
1761304480714,CH1,POWER,2.35
1761304480742,CH1,POWER,2.35
1761304480747,CH1,POWER,2.35
1761304480752,CH1,POWER,2.35
1761304480757,CH1,POWER,2.35
1761304480762,CH1,POWER,2.35
1761304480767,CH1,POWER,2.35
1761304480772,CH1,POWER,2.35
1761304480777,CH1,POWER,2.35
1761304480782,CH1,POWER,2.35
1761304480787,CH1,POWER,2.35
1761304480792,CH1,POWER,2.35
1761304480797,CH1,POWER,2.35
1761304480802,CH1,POWER,2.35
1761304480807,CH1,POWER,2.35
1761304480812,CH1,POWER,2.35
1761304480817,CH1,POWER,2.35
1761304480822,CH1,POWER,2.35
1761304480827,CH1,POWER,2.35
1761304480832,CH1,POWER,2.35
1761304480837,CH1,POWER,2.35
1761304480842,CH1,POWER,2.35
1761304480847,CH1,POWER,2.35
1761304480852,CH1,POWER,2.35
1761304480857,CH1,POWER,2.35
1761304480862,CH1,POWER,2.35
1761304480867,CH1,POWER,2.35
1761304480872,CH1,POWER,2.35
1761304480877,CH1,POWER,2.35
1761304480882,CH1,POWER,2.35
1761304480887,CH1,POWER,2.35
1761304480892,CH1,POWER,2.35
1761304480897,CH1,POWER,2.35
1761304480902,CH1,POWER,2.35
1761304480909,CH1,POWER,2.35
1761304480913,CH1,POWER,2.35
1761304480918,CH1,POWER,2.35
1761304480923,CH1,POWER,2.35
1761304480929,CH1,POWER,2.35
1761304480933,CH1,POWER,2.35
1761304480941,CH1,POWER,2.35
1761304480946,CH1,POWER,2.35
1761304480953,CH1,POWER,2.35
1761304480959,CH1,POWER,2.35
1761304480963,CH1,POWER,2.35
1761304480971,CH1,POWER,2.35
1761304480976,CH1,POWER,2.35
1761304480983,CH1,POWER,2.35
1761304480989,CH1,POWER,2.35
1761304480993,CH1,POWER,2.35
1761304480999,CH1,POWER,2.35
1761304481003,CH1,POWER,2.35
1761304481009,CH1,POWER,2.35
1761304481013,CH1,POWER,2.35
1761304481019,CH1,POWER,2.35
1761304481023,CH1,POWER,2.35
1761304481029,CH1,POWER,2.35
1761304481033,CH1,POWER,2.35
1761304481039,CH1,POWER,2.35
1761304481043,CH1,POWER,2.35
1761304481049,CH1,POWER,2.35
1761304481053,CH1,POWER,2.35
1761304481059,CH1,POWER,2.35
1761304481063,CH1,POWER,2.35
1761304481069,CH1,POWER,2.35
1761304481073,CH1,POWER,2.35
1761304481079,CH1,POWER,2.35
1761304481083,CH1,POWER,2.35
1761304481089,CH1,POWER,2.35
1761304481093,CH1,POWER,2.35
1761304481101,CH1,POWER,2.35
1761304481105,CH1,POWER,2.35
1761304481108,CH1,POWER,2.35
1761304481135,CH1,POWER,2.35
1761304481141,CH1,POWER,2.35
1761304481145,CH1,POWER,2.35
1761304481151,CH1,POWER,2.35
1761304481155,CH1,POWER,2.35
1761304481161,CH1,POWER,2.35
1761304481165,CH1,POWER,2.35
1761304481171,CH1,POWER,2.35
1761304481176,CH1,POWER,2.35
1761304481183,CH1,POWER,2.35
1761304481188,CH1,POWER,2.35
1761304481195,CH1,POWER,2.35
1761304481201,CH1,POWER,2.35
1761304481205,CH1,POWER,2.35
1761304481211,CH1,POWER,2.35
1761304481215,CH1,POWER,2.35
1761304481221,CH1,POWER,2.35
1761304481225,CH1,POWER,2.35
1761304481231,CH1,POWER,2.35
1761304481235,CH1,POWER,2.35
1761304481241,CH1,POWER,2.35
1761304481245,CH1,POWER,2.35
1761304481251,CH1,POWER,2.35
1761304481255,CH1,POWER,2.35
1761304481261,CH1,POWER,2.35
1761304481265,CH1,POWER,2.35
1761304481271,CH1,POWER,2.35
1761304481275,CH1,POWER,2.35
1761304481281,CH1,POWER,2.35
1761304481285,CH1,POWER,2.35
1761304481293,CH1,POWER,2.35
1761304481298,CH1,POWER,2.35
1761304481304,CH1,POWER,2.35
1761304481310,CH1,POWER,2.35
1761304481315,CH1,POWER,2.35
1761304481323,CH1,POWER,2.35
1761304481328,CH1,POWER,2.35
1761304481335,CH1,POWER,2.35
1761304481341,CH1,POWER,2.35
1761304481345,CH1,POWER,2.35
1761304481351,CH1,POWER,2.35
1761304481355,CH1,POWER,2.35
1761304481360,CH1,POWER,2.35
1761304481365,CH1,POWER,2.35
1761304481373,CH1,POWER,2.35
1761304481378,CH1,POWER,2.35
1761304481385,CH1,POWER,2.35
1761304481391,CH1,POWER,2.35
1761304481395,CH1,POWER,2.35
1761304481401,CH1,POWER,2.35
1761304481406,CH1,POWER,2.35
1761304481413,CH1,POWER,2.35
1761304481418,CH1,POWER,2.35
1761304481424,CH1,POWER,2.35
1761304481428,CH1,POWER,2.35
1761304481435,CH1,POWER,2.35
1761304481440,CH1,POWER,2.35
1761304481445,CH1,POWER,2.35
1761304481451,CH1,POWER,2.35
1761304481455,CH1,POWER,2.35
1761304481463,CH1,POWER,2.35
1761304481468,CH1,POWER,2.35
1761304481475,CH1,POWER,2.35
1761304481481,CH1,POWER,2.35
1761304481485,CH1,POWER,2.35
1761304481490,CH1,POWER,2.35
1761304481495,CH1,POWER,2.35
1761304481498,CH1,POWER,2.35
1761304481524,CH1,POWER,2.35
1761304481530,CH1,POWER,2.35
1761304481537,CH1,POWER,2.35
1761304481541,CH1,POWER,2.35
1761304481547,CH1,POWER,2.35
1761304481551,CH1,POWER,2.35
1761304481556,CH1,POWER,2.35
1761304481563,CH1,POWER,2.35
1761304481567,CH1,POWER,2.35
1761304481575,CH1,POWER,2.35
1761304481580,CH1,POWER,2.35
1761304481587,CH1,POWER,2.35
1761304481592,CH1,POWER,2.35
1761304481597,CH1,POWER,2.35
1761304481602,CH1,POWER,2.35
1761304481607,CH1,POWER,2.35
1761304481611,CH1,POWER,2.35
1761304481617,CH1,POWER,2.35
1761304481625,CH1,POWER,2.35
1761304481630,CH1,POWER,2.35
1761304481636,CH1,POWER,2.35
1761304481641,CH1,POWER,2.35
1761304481646,CH1,POWER,2.35
1761304481651,CH1,POWER,2.35
1761304481656,CH1,POWER,2.35
1761304481661,CH1,POWER,2.35
1761304481666,CH1,POWER,2.35
1761304481671,CH1,POWER,2.35
1761304481676,CH1,POWER,2.35
1761304481681,CH1,POWER,2.35
1761304481686,CH1,POWER,2.35
1761304481691,CH1,POWER,2.35
1761304481696,CH1,POWER,2.35
1761304481701,CH1,POWER,2.35
1761304481706,CH1,POWER,2.35
1761304481711,CH1,POWER,2.35
1761304481716,CH1,POWER,2.35
1761304481721,CH1,POWER,2.35
1761304481726,CH1,POWER,2.35
1761304481732,CH1,POWER,2.35
1761304481737,CH1,POWER,2.35
1761304481745,CH1,POWER,2.35
1761304481750,CH1,POWER,2.35
1761304481757,CH1,POWER,2.35
1761304481763,CH1,POWER,2.35
1761304481767,CH1,POWER,2.35
1761304481773,CH1,POWER,2.35
1761304481777,CH1,POWER,2.35
1761304481783,CH1,POWER,2.35
1761304481787,CH1,POWER,2.35
1761304481793,CH1,POWER,2.35
1761304481797,CH1,POWER,2.35
1761304481803,CH1,POWER,2.35
1761304481807,CH1,POWER,2.35
1761304481813,CH1,POWER,2.35
1761304481817,CH1,POWER,2.35
1761304481823,CH1,POWER,2.35
1761304481827,CH1,POWER,2.35
1761304481832,CH1,POWER,2.35
1761304481837,CH1,POWER,2.35
1761304481843,CH1,POWER,2.35
1761304481847,CH1,POWER,2.35
1761304481853,CH1,POWER,2.35
1761304481857,CH1,POWER,2.35
1761304481863,CH1,POWER,2.35
1761304481867,CH1,POWER,2.35
1761304481873,CH1,POWER,2.35
1761304481877,CH1,POWER,2.35
1761304481883,CH1,POWER,2.35
1761304481887,CH1,POWER,2.35
1761304481890,CH1,POWER,2.35
1761304481916,CH1,POWER,2.35
1761304481921,CH1,POWER,2.35
1761304481926,CH1,POWER,2.35
1761304481931,CH1,POWER,2.35
1761304481936,CH1,POWER,2.35
1761304481941,CH1,POWER,2.35
1761304481946,CH1,POWER,2.35
1761304481951,CH1,POWER,2.35
1761304481956,CH1,POWER,2.35
1761304481961,CH1,POWER,2.35
1761304481969,CH1,POWER,2.35
1761304481977,CH1,POWER,2.35
1761304481982,CH1,POWER,2.35
1761304481986,CH1,POWER,2.35
1761304481992,CH1,POWER,2.35
1761304481999,CH1,POWER,2.35
1761304482005,CH1,POWER,2.35
1761304482009,CH1,POWER,2.35
1761304482014,CH1,POWER,2.35
1761304482019,CH1,POWER,2.35
1761304482024,CH1,POWER,2.35
1761304482029,CH1,POWER,2.35
1761304482034,CH1,POWER,2.35
1761304482039,CH1,POWER,2.35
1761304482043,CH1,POWER,2.35
1761304482049,CH1,POWER,2.35
1761304482053,CH1,POWER,2.35
1761304482059,CH1,POWER,2.35
1761304482063,CH1,POWER,2.35
1761304482069,CH1,POWER,2.35
1761304482073,CH1,POWER,2.35
1761304482079,CH1,POWER,2.35
1761304482084,CH1,POWER,2.35
1761304482089,CH1,POWER,2.35
1761304482093,CH1,POWER,2.35
1761304482099,CH1,POWER,2.35
1761304482103,CH1,POWER,2.35
1761304482109,CH1,POWER,2.35
1761304482113,CH1,POWER,2.35
1761304482119,CH1,POWER,2.35
1761304482123,CH1,POWER,2.35
1761304482129,CH1,POWER,2.35
1761304482133,CH1,POWER,2.35
1761304482139,CH1,POWER,2.35
1761304482144,CH1,POWER,2.35
1761304482149,CH1,POWER,2.35
1761304482153,CH1,POWER,2.35
1761304482159,CH1,POWER,2.35
1761304482167,CH1,POWER,2.35
1761304482172,CH1,POWER,2.35
1761304482176,CH1,POWER,2.35
1761304482180,CH1,POWER,2.35
1761304482184,CH1,POWER,2.35
1761304482189,CH1,POWER,2.35
1761304482197,CH1,POWER,2.35
1761304482203,CH1,POWER,2.35
1761304482208,CH1,POWER,2.35
1761304482213,CH1,POWER,2.35
1761304482218,CH1,POWER,2.35
1761304482223,CH1,POWER,2.35
1761304482228,CH1,POWER,2.35
1761304482233,CH1,POWER,2.35
1761304482238,CH1,POWER,2.35
1761304482243,CH1,POWER,2.35
1761304482248,CH1,POWER,2.35
1761304482255,CH1,POWER,2.35
1761304482261,CH1,POWER,2.35
1761304482266,CH1,POWER,2.35
1761304482271,CH1,POWER,2.35
1761304482276,CH1,POWER,2.35
1761304482281,CH1,POWER,2.35
1761304482283,CH1,POWER,2.35
1761304482311,CH1,POWER,2.35
1761304482319,CH1,POWER,2.35
1761304482325,CH1,POWER,2.35
1761304482330,CH1,POWER,2.35
1761304482336,CH1,POWER,2.35
1761304482341,CH1,POWER,2.35
1761304482345,CH1,POWER,2.35
1761304482350,CH1,POWER,2.35
1761304482355,CH1,POWER,2.35
1761304482360,CH1,POWER,2.35
1761304482365,CH1,POWER,2.35
1761304482370,CH1,POWER,2.35
1761304482375,CH1,POWER,2.35
1761304482380,CH1,POWER,2.35
1761304482385,CH1,POWER,2.35
1761304482390,CH1,POWER,2.35
1761304482395,CH1,POWER,2.35
1761304482400,CH1,POWER,2.35
1761304482406,CH1,POWER,2.35
1761304482411,CH1,POWER,2.35
1761304482419,CH1,POWER,2.35
1761304482424,CH1,POWER,2.35
1761304482431,CH1,POWER,2.35
1761304482435,CH1,POWER,2.35
1761304482441,CH1,POWER,2.35
1761304482449,CH1,POWER,2.35
1761304482455,CH1,POWER,2.35
1761304482461,CH1,POWER,2.35
1761304482467,CH1,POWER,2.35
1761304482471,CH1,POWER,2.35
1761304482477,CH1,POWER,2.35
1761304482481,CH1,POWER,2.35
1761304482487,CH1,POWER,2.35
1761304482491,CH1,POWER,2.35
1761304482497,CH1,POWER,2.35
1761304482502,CH1,POWER,2.35
1761304482509,CH1,POWER,2.35
1761304482514,CH1,POWER,2.35
1761304482521,CH1,POWER,2.35
1761304482526,CH1,POWER,2.35
1761304482531,CH1,POWER,2.35
1761304482537,CH1,POWER,2.35
1761304482541,CH1,POWER,2.35
1761304482546,CH1,POWER,2.35
1761304482551,CH1,POWER,2.35
1761304482557,CH1,POWER,2.35
1761304482561,CH1,POWER,2.35
1761304482566,CH1,POWER,2.35
1761304482571,CH1,POWER,2.35
1761304482577,CH1,POWER,2.35
1761304482581,CH1,POWER,2.35
1761304482587,CH1,POWER,2.35
1761304482591,CH1,POWER,2.35
1761304482597,CH1,POWER,2.35
1761304482601,CH1,POWER,2.35
1761304482609,CH1,POWER,2.35
1761304482615,CH1,POWER,2.35
1761304482620,CH1,POWER,2.35
1761304482625,CH1,POWER,2.35
1761304482630,CH1,POWER,2.35
1761304482636,CH1,POWER,2.35
1761304482641,CH1,POWER,2.35
1761304482645,CH1,POWER,2.35
1761304482651,CH1,POWER,2.35
1761304482656,CH1,POWER,2.35
1761304482661,CH1,POWER,2.35
1761304482666,CH1,POWER,2.35
1761304482671,CH1,POWER,2.35
1761304482675,CH1,POWER,2.35
1761304482703,CH1,POWER,2.35
1761304482709,CH1,POWER,2.35
1761304482713,CH1,POWER,2.35
1761304482719,CH1,POWER,2.35
1761304482723,CH1,POWER,2.35
1761304482728,CH1,POWER,2.35
1761304482733,CH1,POWER,2.35
1761304482739,CH1,POWER,2.35
1761304482743,CH1,POWER,2.35
1761304482749,CH1,POWER,2.35
1761304482753,CH1,POWER,2.35
1761304482759,CH1,POWER,2.35
1761304482763,CH1,POWER,2.35
1761304482768,CH1,POWER,2.35
1761304482773,CH1,POWER,2.35
1761304482778,CH1,POWER,2.35
1761304482783,CH1,POWER,2.35
1761304482788,CH1,POWER,2.35
1761304482793,CH1,POWER,2.35
1761304482801,CH1,POWER,2.35
1761304482807,CH1,POWER,2.35
1761304482813,CH1,POWER,2.35
1761304482819,CH1,POWER,2.35
1761304482823,CH1,POWER,2.35
1761304482829,CH1,POWER,2.35
1761304482833,CH1,POWER,2.35
1761304482839,CH1,POWER,2.35
1761304482843,CH1,POWER,2.35
1761304482849,CH1,POWER,2.35
1761304482853,CH1,POWER,2.35
1761304482859,CH1,POWER,2.35
1761304482863,CH1,POWER,2.35
1761304482869,CH1,POWER,2.35
1761304482873,CH1,POWER,2.35
1761304482879,CH1,POWER,2.35
1761304482883,CH1,POWER,2.35
1761304482889,CH1,POWER,2.35
1761304482893,CH1,POWER,2.35
1761304482899,CH1,POWER,2.35
1761304482904,CH1,POWER,2.35
1761304482911,CH1,POWER,2.35
1761304482916,CH1,POWER,2.35
1761304482923,CH1,POWER,2.35
1761304482929,CH1,POWER,2.35
1761304482933,CH1,POWER,2.35
1761304482939,CH1,POWER,2.35
1761304482943,CH1,POWER,2.35
1761304482949,CH1,POWER,2.35
1761304482953,CH1,POWER,2.35
1761304482959,CH1,POWER,2.35
1761304482964,CH1,POWER,2.35
1761304482971,CH1,POWER,2.35
1761304482976,CH1,POWER,2.35
1761304482983,CH1,POWER,2.35
1761304482988,CH1,POWER,2.35
1761304482993,CH1,POWER,2.35
1761304483001,CH1,POWER,2.35
1761304483006,CH1,POWER,2.35
1761304483013,CH1,POWER,2.35
1761304483018,CH1,POWER,2.35
1761304483023,CH1,POWER,2.35
1761304483029,CH1,POWER,2.35
1761304483033,CH1,POWER,2.35
1761304483039,CH1,POWER,2.35
1761304483043,CH1,POWER,2.35
1761304483048,CH1,POWER,2.35
1761304483053,CH1,POWER,2.35
1761304483058,CH1,POWER,2.35
1761304483063,CH1,POWER,2.35
1761304483069,CH1,POWER,2.35
1761304483071,CH1,POWER,2.35
1761304483074,CH1,POWER,2.35
1761304483077,CH1,POWER,2.35
1761304483105,CH1,POWER,2.35
1761304483111,CH1,POWER,2.35
1761304483117,CH1,POWER,2.35
1761304483122,CH1,POWER,2.35
1761304483127,CH1,POWER,2.35
1761304483132,CH1,POWER,2.35
1761304483137,CH1,POWER,2.35
1761304483142,CH1,POWER,2.35
1761304483147,CH1,POWER,2.35
1761304483152,CH1,POWER,2.35
1761304483157,CH1,POWER,2.35
1761304483162,CH1,POWER,2.35
1761304483167,CH1,POWER,2.35
1761304483172,CH1,POWER,2.35
1761304483177,CH1,POWER,2.35
1761304483182,CH1,POWER,2.35
1761304483187,CH1,POWER,2.35
1761304483192,CH1,POWER,2.35
1761304483197,CH1,POWER,2.35
1761304483202,CH1,POWER,2.35
1761304483207,CH1,POWER,2.35
1761304483212,CH1,POWER,2.35
1761304483217,CH1,POWER,2.35
1761304483225,CH1,POWER,2.35
1761304483230,CH1,POWER,2.35
1761304483235,CH1,POWER,2.35
1761304483240,CH1,POWER,2.35
1761304483245,CH1,POWER,2.35
1761304483250,CH1,POWER,2.35
1761304483255,CH1,POWER,2.35
1761304483260,CH1,POWER,2.35
1761304483265,CH1,POWER,2.35
1761304483271,CH1,POWER,2.35
1761304483275,CH1,POWER,2.35
1761304483280,CH1,POWER,2.35
1761304483285,CH1,POWER,2.35
1761304483290,CH1,POWER,2.35
1761304483295,CH1,POWER,2.35
1761304483301,CH1,POWER,2.35
1761304483305,CH1,POWER,2.35
1761304483310,CH1,POWER,2.35
1761304483315,CH1,POWER,2.35
1761304483323,CH1,POWER,2.35
1761304483328,CH1,POWER,2.35
1761304483334,CH1,POWER,2.35
1761304483341,CH1,POWER,2.35
1761304483345,CH1,POWER,2.35
1761304483351,CH1,POWER,2.35
1761304483355,CH1,POWER,2.35
1761304483361,CH1,POWER,2.35
1761304483365,CH1,POWER,2.35
1761304483370,CH1,POWER,2.35
1761304483375,CH1,POWER,2.35
1761304483381,CH1,POWER,2.35
1761304483385,CH1,POWER,2.35
1761304483391,CH1,POWER,2.35
1761304483395,CH1,POWER,2.35
1761304483400,CH1,POWER,2.35
1761304483405,CH1,POWER,2.35
1761304483410,CH1,POWER,2.35
1761304483415,CH1,POWER,2.35
1761304483420,CH1,POWER,2.35
1761304483425,CH1,POWER,2.35
1761304483431,CH1,POWER,2.35
1761304483435,CH1,POWER,2.35
1761304483440,CH1,POWER,2.35
1761304483445,CH1,POWER,2.35
1761304483451,CH1,POWER,2.35
1761304483457,CH1,POWER,2.35
1761304483462,CH1,POWER,2.35
1761304483467,CH1,POWER,2.35
1761304483494,CH1,POWER,2.35
1761304483499,CH1,POWER,2.35
1761304483504,CH1,POWER,2.35
1761304483509,CH1,POWER,2.35
1761304483514,CH1,POWER,2.35
1761304483519,CH1,POWER,2.35
1761304483524,CH1,POWER,2.35
1761304483530,CH1,POWER,2.35
1761304483537,CH1,POWER,2.35
1761304483543,CH1,POWER,2.35
1761304483547,CH1,POWER,2.35
1761304483552,CH1,POWER,2.35
1761304483557,CH1,POWER,2.35
1761304483562,CH1,POWER,2.35
1761304483567,CH1,POWER,2.35
1761304483573,CH1,POWER,2.35
1761304483577,CH1,POWER,2.35
1761304483582,CH1,POWER,2.35
1761304483587,CH1,POWER,2.35
1761304483592,CH1,POWER,2.35
1761304483597,CH1,POWER,2.35
1761304483602,CH1,POWER,2.35
1761304483607,CH1,POWER,2.35
1761304483613,CH1,POWER,2.35
1761304483618,CH1,POWER,2.35
1761304483625,CH1,POWER,2.35
1761304483631,CH1,POWER,2.35
1761304483636,CH1,POWER,2.35
1761304483641,CH1,POWER,2.35
1761304483646,CH1,POWER,2.35
1761304483652,CH1,POWER,2.35
1761304483657,CH1,POWER,2.35
1761304483665,CH1,POWER,2.35
1761304483671,CH1,POWER,2.35
1761304483677,CH1,POWER,2.35
1761304483685,CH1,POWER,2.35
1761304483691,CH1,POWER,2.35
1761304483697,CH1,POWER,2.35
1761304483705,CH1,POWER,2.35
1761304483710,CH1,POWER,2.35
1761304483717,CH1,POWER,2.35
1761304483722,CH1,POWER,2.35
1761304483727,CH1,POWER,2.35
1761304483733,CH1,POWER,2.35
1761304483737,CH1,POWER,2.35
1761304483742,CH1,POWER,2.35
1761304483747,CH1,POWER,2.35
1761304483753,CH1,POWER,2.35
1761304483759,CH1,POWER,2.35
1761304483764,CH1,POWER,2.35
1761304483769,CH1,POWER,2.35
1761304483774,CH1,POWER,2.35
1761304483780,CH1,POWER,2.35
1761304483786,CH1,POWER,2.35
1761304483791,CH1,POWER,2.35
1761304483796,CH1,POWER,2.35
1761304483801,CH1,POWER,2.35
1761304483806,CH1,POWER,2.35
1761304483810,CH1,POWER,2.35
1761304483814,CH1,POWER,2.35
1761304483818,CH1,POWER,2.35
1761304483824,CH1,POWER,2.35
1761304483830,CH1,POWER,2.35
1761304483837,CH1,POWER,2.35
1761304483842,CH1,POWER,2.35
1761304483847,CH1,POWER,2.35
1761304483850,CH1,POWER,2.35
1761304483876,CH1,POWER,2.35
1761304483881,CH1,POWER,2.35
1761304483886,CH1,POWER,2.35
1761304483891,CH1,POWER,2.35
1761304483896,CH1,POWER,2.35
1761304483901,CH1,POWER,2.35
1761304483906,CH1,POWER,2.35
1761304483911,CH1,POWER,2.35
1761304483916,CH1,POWER,2.35
1761304483921,CH1,POWER,2.35
1761304483926,CH1,POWER,2.35
1761304483931,CH1,POWER,2.35
1761304483936,CH1,POWER,2.35
1761304483941,CH1,POWER,2.35
1761304483946,CH1,POWER,2.35
1761304483951,CH1,POWER,2.35
1761304483956,CH1,POWER,2.35
1761304483961,CH1,POWER,2.35
1761304483966,CH1,POWER,2.35
1761304483971,CH1,POWER,2.35
1761304483976,CH1,POWER,2.35
1761304483981,CH1,POWER,2.35
1761304483986,CH1,POWER,2.35
1761304483991,CH1,POWER,2.35
1761304483996,CH1,POWER,2.35
1761304484001,CH1,POWER,2.35
1761304484006,CH1,POWER,2.35
1761304484011,CH1,POWER,2.35
1761304484016,CH1,POWER,2.35
1761304484021,CH1,POWER,2.35
1761304484026,CH1,POWER,2.35
1761304484031,CH1,POWER,2.35
1761304484036,CH1,POWER,2.35
1761304484041,CH1,POWER,2.35
1761304484046,CH1,POWER,2.35
1761304484051,CH1,POWER,2.35
1761304484056,CH1,POWER,2.35
1761304484061,CH1,POWER,2.35
1761304484066,CH1,POWER,2.35
1761304484071,CH1,POWER,2.35
1761304484076,CH1,POWER,2.35
1761304484081,CH1,POWER,2.35
1761304484086,CH1,POWER,2.35
1761304484091,CH1,POWER,2.35
1761304484096,CH1,POWER,2.35
1761304484101,CH1,POWER,2.35
1761304484106,CH1,POWER,2.35
1761304484111,CH1,POWER,2.35
1761304484116,CH1,POWER,2.35
1761304484121,CH1,POWER,2.35
1761304484126,CH1,POWER,2.35
1761304484131,CH1,POWER,2.35
1761304484136,CH1,POWER,2.35
1761304484141,CH1,POWER,2.35
1761304484146,CH1,POWER,2.35
1761304484151,CH1,POWER,2.35
1761304484156,CH1,POWER,2.35
1761304484161,CH1,POWER,2.35
1761304484166,CH1,POWER,2.35
1761304484171,CH1,POWER,2.35
1761304484176,CH1,POWER,2.35
1761304484181,CH1,POWER,2.35
1761304484186,CH1,POWER,2.35
1761304484191,CH1,POWER,2.35
1761304484196,CH1,POWER,2.35
1761304484201,CH1,POWER,2.35
1761304484206,CH1,POWER,2.35
1761304484211,CH1,POWER,2.35
1761304484216,CH1,POWER,2.35
1761304484221,CH1,POWER,2.35
1761304484226,CH1,POWER,2.35
1761304484231,CH1,POWER,2.35
1761304484236,CH1,POWER,2.35
1761304484241,CH1,POWER,2.35
1761304484246,CH1,POWER,2.35
1761304484251,CH1,POWER,2.35
1761304484253,CH1,POWER,2.35
1761304484281,CH1,POWER,2.35
1761304484286,CH1,POWER,2.35
1761304484291,CH1,POWER,2.35
1761304484297,CH1,POWER,2.35
1761304484301,CH1,POWER,2.35
1761304484306,CH1,POWER,2.35
1761304484311,CH1,POWER,2.35
1761304484316,CH1,POWER,2.35
1761304484321,CH1,POWER,2.35
1761304484326,CH1,POWER,2.35
1761304484331,CH1,POWER,2.35
1761304484336,CH1,POWER,2.35
1761304484341,CH1,POWER,2.35
1761304484346,CH1,POWER,2.35
1761304484351,CH1,POWER,2.35
1761304484356,CH1,POWER,2.35
1761304484361,CH1,POWER,2.35
1761304484367,CH1,POWER,2.35
1761304484373,CH1,POWER,2.35
1761304484378,CH1,POWER,2.35
1761304484383,CH1,POWER,2.35
1761304484388,CH1,POWER,2.35
1761304484393,CH1,POWER,2.35
1761304484398,CH1,POWER,2.35
1761304484403,CH1,POWER,2.35
1761304484408,CH1,POWER,2.35
1761304484413,CH1,POWER,2.35
1761304484418,CH1,POWER,2.35
1761304484423,CH1,POWER,2.35
1761304484428,CH1,POWER,2.35
1761304484433,CH1,POWER,2.35
1761304484438,CH1,POWER,2.35
1761304484443,CH1,POWER,2.35
1761304484448,CH1,POWER,2.35
1761304484453,CH1,POWER,2.35
1761304484458,CH1,POWER,2.35
1761304484463,CH1,POWER,2.35
1761304484468,CH1,POWER,2.35
1761304484473,CH1,POWER,2.35
1761304484481,CH1,POWER,2.35
1761304484486,CH1,POWER,2.35
1761304484491,CH1,POWER,2.35
1761304484496,CH1,POWER,2.35
1761304484501,CH1,POWER,2.35
1761304484506,CH1,POWER,2.35
1761304484511,CH1,POWER,2.35
1761304484517,CH1,POWER,2.35
1761304484522,CH1,POWER,2.35
1761304484529,CH1,POWER,2.35
1761304484534,CH1,POWER,2.35
1761304484541,CH1,POWER,2.35
1761304484546,CH1,POWER,2.35
1761304484551,CH1,POWER,2.35
1761304484556,CH1,POWER,2.35
1761304484561,CH1,POWER,2.35
1761304484566,CH1,POWER,2.35
1761304484571,CH1,POWER,2.35
1761304484579,CH1,POWER,2.35
1761304484584,CH1,POWER,2.35
1761304484591,CH1,POWER,2.35
1761304484595,CH1,POWER,2.35
1761304484601,CH1,POWER,2.35
1761304484606,CH1,POWER,2.35
1761304484611,CH1,POWER,2.35
1761304484616,CH1,POWER,2.35
1761304484621,CH1,POWER,2.35
1761304484626,CH1,POWER,2.35
1761304484631,CH1,POWER,2.35
1761304484636,CH1,POWER,2.35
1761304484641,CH1,POWER,2.35
1761304484646,CH1,POWER,2.35
1761304484651,CH1,POWER,2.35
1761304484653,CH1,POWER,2.35
1761304484680,CH1,POWER,2.35
1761304484685,CH1,POWER,2.35
1761304484690,CH1,POWER,2.35
1761304484695,CH1,POWER,2.35
1761304484700,CH1,POWER,2.35
1761304484705,CH1,POWER,2.35
1761304484710,CH1,POWER,2.35
1761304484715,CH1,POWER,2.35
1761304484720,CH1,POWER,2.35
1761304484725,CH1,POWER,2.35
1761304484730,CH1,POWER,2.35
1761304484734,CH1,POWER,2.35
1761304484741,CH1,POWER,2.35
1761304484745,CH1,POWER,2.35
1761304484750,CH1,POWER,2.35
1761304484755,CH1,POWER,2.35
1761304484760,CH1,POWER,2.35
1761304484765,CH1,POWER,2.35
1761304484770,CH1,POWER,2.35
1761304484774,CH1,POWER,2.35
1761304484778,CH1,POWER,2.35
1761304484783,CH1,POWER,2.35
1761304484787,CH1,POWER,2.35
1761304484793,CH1,POWER,2.35
1761304484798,CH1,POWER,2.35
1761304484803,CH1,POWER,2.35
1761304484807,CH1,POWER,2.35
1761304484813,CH1,POWER,2.35
1761304484818,CH1,POWER,2.35
1761304484823,CH1,POWER,2.35
1761304484827,CH1,POWER,2.35
1761304484833,CH1,POWER,2.35
1761304484841,CH1,POWER,2.35
1761304484847,CH1,POWER,2.35
1761304484853,CH1,POWER,2.35
1761304484861,CH1,POWER,2.35
1761304484865,CH1,POWER,2.35
1761304484871,CH1,POWER,2.35
1761304484877,CH1,POWER,2.35
1761304484883,CH1,POWER,2.35
1761304484887,CH1,POWER,2.35
1761304484893,CH1,POWER,2.35
1761304484897,CH1,POWER,2.35
1761304484902,CH1,POWER,2.35
1761304484906,CH1,POWER,2.35
1761304484912,CH1,POWER,2.35
1761304484916,CH1,POWER,2.35
1761304484920,CH1,POWER,2.35
1761304484925,CH1,POWER,2.35
1761304484933,CH1,POWER,2.35
1761304484938,CH1,POWER,2.35
1761304484943,CH1,POWER,2.35
1761304484948,CH1,POWER,2.35
1761304484953,CH1,POWER,2.35
1761304484958,CH1,POWER,2.35
1761304484963,CH1,POWER,2.35
1761304484968,CH1,POWER,2.35
1761304484973,CH1,POWER,2.35
1761304484981,CH1,POWER,2.35
1761304484986,CH1,POWER,2.35
1761304484993,CH1,POWER,2.35
1761304484998,CH1,POWER,2.35
1761304485003,CH1,POWER,2.35
1761304485011,CH1,POWER,2.35
1761304485016,CH1,POWER,2.35
1761304485023,CH1,POWER,2.35
1761304485028,CH1,POWER,2.35
1761304485033,CH1,POWER,2.35
1761304485038,CH1,POWER,2.35
1761304485043,CH1,POWER,2.35
1761304485048,CH1,POWER,2.35
1761304485052,CH1,POWER,2.35
1761304485055,CH1,POWER,2.35
1761304485058,CH1,POWER,2.35
1761304485085,CH1,POWER,2.35
1761304485090,CH1,POWER,2.35
1761304485095,CH1,POWER,2.35
1761304485100,CH1,POWER,2.35
1761304485105,CH1,POWER,2.35
1761304485110,CH1,POWER,2.35
1761304485115,CH1,POWER,2.35
1761304485120,CH1,POWER,2.35
1761304485125,CH1,POWER,2.35
1761304485130,CH1,POWER,2.35
1761304485135,CH1,POWER,2.35
1761304485140,CH1,POWER,2.35
1761304485145,CH1,POWER,2.35
1761304485150,CH1,POWER,2.35
1761304485155,CH1,POWER,2.35
1761304485160,CH1,POWER,2.35
1761304485165,CH1,POWER,2.35
1761304485170,CH1,POWER,2.35
1761304485175,CH1,POWER,2.35
1761304485180,CH1,POWER,2.35
1761304485185,CH1,POWER,2.35
1761304485190,CH1,POWER,2.35
1761304485195,CH1,POWER,2.35
1761304485200,CH1,POWER,2.35
1761304485205,CH1,POWER,2.35
1761304485210,CH1,POWER,2.35
1761304485215,CH1,POWER,2.35
1761304485220,CH1,POWER,2.35
1761304485225,CH1,POWER,2.35
1761304485230,CH1,POWER,2.35
1761304485235,CH1,POWER,2.35
1761304485240,CH1,POWER,2.35
1761304485245,CH1,POWER,2.35
1761304485253,CH1,POWER,2.35
1761304485259,CH1,POWER,2.35
1761304485265,CH1,POWER,2.35
1761304485273,CH1,POWER,2.35
1761304485278,CH1,POWER,2.35
1761304485285,CH1,POWER,2.35
1761304485290,CH1,POWER,2.35
1761304485295,CH1,POWER,2.35
1761304485301,CH1,POWER,2.35
1761304485306,CH1,POWER,2.35
1761304485313,CH1,POWER,2.35
1761304485318,CH1,POWER,2.35
1761304485325,CH1,POWER,2.35
1761304485330,CH1,POWER,2.35
1761304485335,CH1,POWER,2.35
1761304485340,CH1,POWER,2.35
1761304485345,CH1,POWER,2.35
1761304485350,CH1,POWER,2.35
1761304485355,CH1,POWER,2.35
1761304485360,CH1,POWER,2.35
1761304485365,CH1,POWER,2.35
1761304485370,CH1,POWER,2.35
1761304485375,CH1,POWER,2.35
1761304485380,CH1,POWER,2.35
1761304485385,CH1,POWER,2.35
1761304485390,CH1,POWER,2.35
1761304485395,CH1,POWER,2.35
1761304485400,CH1,POWER,2.35
1761304485405,CH1,POWER,2.35
1761304485413,CH1,POWER,2.35
1761304485419,CH1,POWER,2.35
1761304485425,CH1,POWER,2.35
1761304485429,CH1,POWER,2.35
1761304485434,CH1,POWER,2.35
1761304485439,CH1,POWER,2.35
1761304485444,CH1,POWER,2.35
1761304485449,CH1,POWER,2.35
1761304485453,CH1,POWER,2.35
1761304485456,CH1,POWER,2.35
1761304485458,CH1,POWER,2.35
1761304485486,CH1,POWER,2.35
1761304485491,CH1,POWER,2.35
1761304485496,CH1,POWER,2.35
1761304485501,CH1,POWER,2.35
1761304485506,CH1,POWER,2.35
1761304485511,CH1,POWER,2.35
1761304485516,CH1,POWER,2.35
1761304485521,CH1,POWER,2.35
1761304485526,CH1,POWER,2.35
1761304485531,CH1,POWER,2.35
1761304485536,CH1,POWER,2.35
1761304485541,CH1,POWER,2.35
1761304485546,CH1,POWER,2.35
1761304485551,CH1,POWER,2.35
1761304485556,CH1,POWER,2.35
1761304485561,CH1,POWER,2.35
1761304485566,CH1,POWER,2.35
1761304485571,CH1,POWER,2.35
1761304485576,CH1,POWER,2.35
1761304485581,CH1,POWER,2.35
1761304485586,CH1,POWER,2.35
1761304485591,CH1,POWER,2.35
1761304485596,CH1,POWER,2.35
1761304485601,CH1,POWER,2.35
1761304485606,CH1,POWER,2.35
1761304485611,CH1,POWER,2.35
1761304485616,CH1,POWER,2.35
1761304485621,CH1,POWER,2.35
1761304485626,CH1,POWER,2.35
1761304485631,CH1,POWER,2.35
1761304485636,CH1,POWER,2.35
1761304485642,CH1,POWER,2.35
1761304485647,CH1,POWER,2.35
1761304485655,CH1,POWER,2.35
1761304485660,CH1,POWER,2.35
1761304485667,CH1,POWER,2.35
1761304485672,CH1,POWER,2.35
1761304485679,CH1,POWER,2.35
1761304485684,CH1,POWER,2.35
1761304485689,CH1,POWER,2.35
1761304485694,CH1,POWER,2.35
1761304485700,CH1,POWER,2.35
1761304485704,CH1,POWER,2.35
1761304485708,CH1,POWER,2.35
1761304485715,CH1,POWER,2.35
1761304485721,CH1,POWER,2.35
1761304485726,CH1,POWER,2.35
1761304485731,CH1,POWER,2.35
1761304485737,CH1,POWER,2.35
1761304485742,CH1,POWER,2.35
1761304485747,CH1,POWER,2.35
1761304485752,CH1,POWER,2.35
1761304485757,CH1,POWER,2.35
1761304485762,CH1,POWER,2.35
1761304485767,CH1,POWER,2.35
1761304485772,CH1,POWER,2.35
1761304485777,CH1,POWER,2.35
1761304485782,CH1,POWER,2.35
1761304485787,CH1,POWER,2.35
1761304485791,CH1,POWER,2.35
1761304485797,CH1,POWER,2.35
1761304485805,CH1,POWER,2.35
1761304485809,CH1,POWER,2.35
1761304485815,CH1,POWER,2.35
1761304485821,CH1,POWER,2.35
1761304485827,CH1,POWER,2.35
1761304485832,CH1,POWER,2.35
1761304485837,CH1,POWER,2.35
1761304485845,CH1,POWER,2.35
1761304485848,CH1,POWER,2.35
1761304485850,CH1,POWER,2.35
1761304485878,CH1,POWER,2.35
1761304485884,CH1,POWER,2.35
1761304485889,CH1,POWER,2.35
1761304485894,CH1,POWER,2.35
1761304485899,CH1,POWER,2.35
1761304485905,CH1,POWER,2.35
1761304485910,CH1,POWER,2.35
1761304485917,CH1,POWER,2.35
1761304485922,CH1,POWER,2.35
1761304485929,CH1,POWER,2.35
1761304485934,CH1,POWER,2.35
1761304485939,CH1,POWER,2.35
1761304485944,CH1,POWER,2.35
1761304485949,CH1,POWER,2.35
1761304485954,CH1,POWER,2.35
1761304485959,CH1,POWER,2.35
1761304485964,CH1,POWER,2.35
1761304485969,CH1,POWER,2.35
1761304485975,CH1,POWER,2.35
1761304485980,CH1,POWER,2.35
1761304485987,CH1,POWER,2.35
1761304485992,CH1,POWER,2.35
1761304485999,CH1,POWER,2.35
1761304486004,CH1,POWER,2.35
1761304486009,CH1,POWER,2.35
1761304486014,CH1,POWER,2.35
1761304486019,CH1,POWER,2.35
1761304486024,CH1,POWER,2.35
1761304486029,CH1,POWER,2.35
1761304486034,CH1,POWER,2.35
1761304486039,CH1,POWER,2.35
1761304486044,CH1,POWER,2.35
1761304486049,CH1,POWER,2.35
1761304486054,CH1,POWER,2.35
1761304486059,CH1,POWER,2.35
1761304486064,CH1,POWER,2.35
1761304486069,CH1,POWER,2.35
1761304486074,CH1,POWER,2.35
1761304486079,CH1,POWER,2.35
1761304486084,CH1,POWER,2.35
1761304486089,CH1,POWER,2.35
1761304486094,CH1,POWER,2.35
1761304486099,CH1,POWER,2.35
1761304486104,CH1,POWER,2.35
1761304486109,CH1,POWER,2.35
1761304486114,CH1,POWER,2.35
1761304486119,CH1,POWER,2.35
1761304486124,CH1,POWER,2.35
1761304486129,CH1,POWER,2.35
1761304486137,CH1,POWER,2.35
1761304486143,CH1,POWER,2.35
1761304486148,CH1,POWER,2.35
1761304486153,CH1,POWER,2.35
1761304486158,CH1,POWER,2.35
1761304486164,CH1,POWER,2.35
1761304486169,CH1,POWER,2.35
1761304486174,CH1,POWER,2.35
1761304486179,CH1,POWER,2.35
1761304486184,CH1,POWER,2.35
1761304486189,CH1,POWER,2.35
1761304486194,CH1,POWER,2.35
1761304486199,CH1,POWER,2.35
1761304486207,CH1,POWER,2.35
1761304486212,CH1,POWER,2.35
1761304486219,CH1,POWER,2.35
1761304486224,CH1,POWER,2.35
1761304486231,CH1,POWER,2.35
1761304486236,CH1,POWER,2.35
1761304486241,CH1,POWER,2.35
1761304486268,CH1,POWER,2.35
1761304486273,CH1,POWER,2.35
1761304486278,CH1,POWER,2.35
1761304486283,CH1,POWER,2.35
1761304486288,CH1,POWER,2.35
1761304486293,CH1,POWER,2.35
1761304486298,CH1,POWER,2.35
1761304486303,CH1,POWER,2.35
1761304486308,CH1,POWER,2.35
1761304486313,CH1,POWER,2.35
1761304486318,CH1,POWER,2.35
1761304486323,CH1,POWER,2.35
1761304486328,CH1,POWER,2.35
1761304486333,CH1,POWER,2.35
1761304486338,CH1,POWER,2.35
1761304486343,CH1,POWER,2.35
1761304486348,CH1,POWER,2.35
1761304486353,CH1,POWER,2.35
1761304486358,CH1,POWER,2.35
1761304486363,CH1,POWER,2.35
1761304486368,CH1,POWER,2.35
1761304486373,CH1,POWER,2.35
1761304486378,CH1,POWER,2.35
1761304486383,CH1,POWER,2.35
1761304486388,CH1,POWER,2.35
1761304486393,CH1,POWER,2.35
1761304486398,CH1,POWER,2.35
1761304486403,CH1,POWER,2.35
1761304486408,CH1,POWER,2.35
1761304486413,CH1,POWER,2.35
1761304486418,CH1,POWER,2.35
1761304486423,CH1,POWER,2.35
1761304486428,CH1,POWER,2.35
1761304486433,CH1,POWER,2.35
1761304486438,CH1,POWER,2.35
1761304486443,CH1,POWER,2.35
1761304486448,CH1,POWER,2.35
1761304486453,CH1,POWER,2.35
1761304486458,CH1,POWER,2.35
1761304486463,CH1,POWER,2.35
1761304486468,CH1,POWER,2.35
1761304486473,CH1,POWER,2.35
1761304486478,CH1,POWER,2.35
1761304486483,CH1,POWER,2.35
1761304486488,CH1,POWER,2.35
1761304486493,CH1,POWER,2.35
1761304486498,CH1,POWER,2.35
1761304486503,CH1,POWER,2.35
1761304486508,CH1,POWER,2.35
1761304486513,CH1,POWER,2.35
1761304486518,CH1,POWER,2.35
1761304486523,CH1,POWER,2.35
1761304486528,CH1,POWER,2.35
1761304486533,CH1,POWER,2.35
1761304486538,CH1,POWER,2.35
1761304486543,CH1,POWER,2.35
1761304486548,CH1,POWER,2.35
1761304486553,CH1,POWER,2.35
1761304486558,CH1,POWER,2.35
1761304486563,CH1,POWER,2.35
1761304486568,CH1,POWER,2.35
1761304486573,CH1,POWER,2.35
1761304486578,CH1,POWER,2.35
1761304486583,CH1,POWER,2.35
1761304486588,CH1,POWER,2.35
1761304486593,CH1,POWER,2.35
1761304486598,CH1,POWER,2.35
1761304486603,CH1,POWER,2.35
1761304486608,CH1,POWER,2.35
1761304486613,CH1,POWER,2.35
1761304486618,CH1,POWER,2.35
1761304486623,CH1,POWER,2.35
1761304486628,CH1,POWER,2.35
1761304486633,CH1,POWER,2.35
1761304486638,CH1,POWER,2.35
1761304486643,CH1,POWER,2.35
1761304486646,CH1,POWER,2.35
1761304486673,CH1,POWER,2.35
1761304486678,CH1,POWER,2.35
1761304486685,CH1,POWER,2.35
1761304486690,CH1,POWER,2.35
1761304486695,CH1,POWER,2.35
1761304486700,CH1,POWER,2.35
1761304486705,CH1,POWER,2.35
1761304486710,CH1,POWER,2.35
1761304486715,CH1,POWER,2.35
1761304486720,CH1,POWER,2.35
1761304486725,CH1,POWER,2.35
1761304486730,CH1,POWER,2.35
1761304486735,CH1,POWER,2.35
1761304486740,CH1,POWER,2.35
1761304486745,CH1,POWER,2.35
1761304486750,CH1,POWER,2.35
1761304486755,CH1,POWER,2.35
1761304486760,CH1,POWER,2.35
1761304486765,CH1,POWER,2.35
1761304486770,CH1,POWER,2.35
1761304486775,CH1,POWER,2.35
1761304486780,CH1,POWER,2.35
1761304486785,CH1,POWER,2.35
1761304486790,CH1,POWER,2.35
1761304486795,CH1,POWER,2.35
1761304486800,CH1,POWER,2.35
1761304486805,CH1,POWER,2.35
1761304486810,CH1,POWER,2.35
1761304486815,CH1,POWER,2.35
1761304486820,CH1,POWER,2.35
1761304486825,CH1,POWER,2.35
1761304486830,CH1,POWER,2.35
1761304486835,CH1,POWER,2.35
1761304486840,CH1,POWER,2.35
1761304486845,CH1,POWER,2.35
1761304486850,CH1,POWER,2.35
1761304486855,CH1,POWER,2.35
1761304486860,CH1,POWER,2.35
1761304486865,CH1,POWER,2.35
1761304486870,CH1,POWER,2.35
1761304486875,CH1,POWER,2.35
1761304486880,CH1,POWER,2.35
1761304486885,CH1,POWER,2.35
1761304486890,CH1,POWER,2.35
1761304486895,CH1,POWER,2.35
1761304486900,CH1,POWER,2.35
1761304486905,CH1,POWER,2.35
1761304486910,CH1,POWER,2.35
1761304486915,CH1,POWER,2.35
1761304486920,CH1,POWER,2.35
1761304486925,CH1,POWER,2.35
1761304486930,CH1,POWER,2.35
1761304486935,CH1,POWER,2.35
1761304486940,CH1,POWER,2.35
1761304486945,CH1,POWER,2.35
1761304486950,CH1,POWER,2.35
1761304486955,CH1,POWER,2.35
1761304486960,CH1,POWER,2.35
1761304486965,CH1,POWER,2.35
1761304486970,CH1,POWER,2.35
1761304486975,CH1,POWER,2.35
1761304486980,CH1,POWER,2.35
1761304486985,CH1,POWER,2.35
1761304486993,CH1,POWER,2.35
1761304487001,CH1,POWER,2.35
1761304487005,CH1,POWER,2.35
1761304487010,CH1,POWER,2.35
1761304487015,CH1,POWER,2.35
1761304487020,CH1,POWER,2.35
1761304487025,CH1,POWER,2.35
1761304487030,CH1,POWER,2.35
1761304487035,CH1,POWER,2.35
1761304487040,CH1,POWER,2.35
1761304487042,CH1,POWER,2.35
1761304487045,CH1,POWER,2.35
1761304487072,CH1,POWER,2.35
1761304487077,CH1,POWER,2.35
1761304487082,CH1,POWER,2.35
1761304487087,CH1,POWER,2.35
1761304487092,CH1,POWER,2.35
1761304487097,CH1,POWER,2.35
1761304487102,CH1,POWER,2.35
1761304487107,CH1,POWER,2.35
1761304487112,CH1,POWER,2.35
1761304487117,CH1,POWER,2.35
1761304487122,CH1,POWER,2.35
1761304487127,CH1,POWER,2.35
1761304487132,CH1,POWER,2.35
1761304487137,CH1,POWER,2.35
1761304487142,CH1,POWER,2.35
1761304487147,CH1,POWER,2.35
1761304487152,CH1,POWER,2.35
1761304487156,CH1,POWER,2.35
1761304487162,CH1,POWER,2.35
1761304487166,CH1,POWER,2.35
1761304487173,CH1,POWER,2.35
1761304487177,CH1,POWER,2.35
1761304487183,CH1,POWER,2.35
1761304487186,CH1,POWER,2.35
1761304487193,CH1,POWER,2.35
1761304487197,CH1,POWER,2.35
1761304487202,CH1,POWER,2.35
1761304487206,CH1,POWER,2.35
1761304487213,CH1,POWER,2.35
1761304487216,CH1,POWER,2.35
1761304487223,CH1,POWER,2.35
1761304487227,CH1,POWER,2.35
1761304487231,CH1,POWER,2.35
1761304487235,CH1,POWER,2.35
1761304487240,CH1,POWER,2.35
1761304487245,CH1,POWER,2.35
1761304487249,CH1,POWER,2.35
1761304487253,CH1,POWER,2.35
1761304487258,CH1,POWER,2.35
1761304487264,CH1,POWER,2.35
1761304487268,CH1,POWER,2.35
1761304487272,CH1,POWER,2.35
1761304487276,CH1,POWER,2.35
1761304487280,CH1,POWER,2.35
1761304487285,CH1,POWER,2.35
1761304487293,CH1,POWER,2.35
1761304487299,CH1,POWER,2.35
1761304487304,CH1,POWER,2.35
1761304487310,CH1,POWER,2.35
1761304487315,CH1,POWER,2.35
1761304487320,CH1,POWER,2.35
1761304487325,CH1,POWER,2.35
1761304487330,CH1,POWER,2.35
1761304487335,CH1,POWER,2.35
1761304487343,CH1,POWER,2.35
1761304487348,CH1,POWER,2.35
1761304487354,CH1,POWER,2.35
1761304487360,CH1,POWER,2.35
1761304487365,CH1,POWER,2.35
1761304487373,CH1,POWER,2.35
1761304487378,CH1,POWER,2.35
1761304487385,CH1,POWER,2.35
1761304487390,CH1,POWER,2.35
1761304487395,CH1,POWER,2.35
1761304487400,CH1,POWER,2.35
1761304487405,CH1,POWER,2.35
1761304487410,CH1,POWER,2.35
1761304487415,CH1,POWER,2.35
1761304487423,CH1,POWER,2.35
1761304487428,CH1,POWER,2.35
1761304487435,CH1,POWER,2.35
1761304487439,CH1,POWER,2.35
1761304487445,CH1,POWER,2.35
1761304487447,CH1,POWER,2.35
1761304487474,CH1,POWER,2.35
1761304487479,CH1,POWER,2.35
1761304487484,CH1,POWER,2.35
1761304487489,CH1,POWER,2.35
1761304487494,CH1,POWER,2.35
1761304487499,CH1,POWER,2.35
1761304487504,CH1,POWER,2.35
1761304487509,CH1,POWER,2.35
1761304487514,CH1,POWER,2.35
1761304487519,CH1,POWER,2.35
1761304487524,CH1,POWER,2.35
1761304487529,CH1,POWER,2.35
1761304487534,CH1,POWER,2.35
1761304487539,CH1,POWER,2.35
1761304487544,CH1,POWER,2.35
1761304487549,CH1,POWER,2.35
1761304487554,CH1,POWER,2.35
1761304487559,CH1,POWER,2.35
1761304487564,CH1,POWER,2.35
1761304487569,CH1,POWER,2.35
1761304487574,CH1,POWER,2.35
1761304487579,CH1,POWER,2.35
1761304487584,CH1,POWER,2.35
1761304487589,CH1,POWER,2.35
1761304487594,CH1,POWER,2.35
1761304487599,CH1,POWER,2.35
1761304487604,CH1,POWER,2.35
1761304487609,CH1,POWER,2.35
1761304487614,CH1,POWER,2.35
1761304487620,CH1,POWER,2.35
1761304487627,CH1,POWER,2.35
1761304487632,CH1,POWER,2.35
1761304487637,CH1,POWER,2.35
1761304487642,CH1,POWER,2.35
1761304487647,CH1,POWER,2.35
1761304487652,CH1,POWER,2.35
1761304487657,CH1,POWER,2.35
1761304487662,CH1,POWER,2.35
1761304487667,CH1,POWER,2.35
1761304487671,CH1,POWER,2.35
1761304487676,CH1,POWER,2.35
1761304487681,CH1,POWER,2.35
1761304487686,CH1,POWER,2.35
1761304487691,CH1,POWER,2.35
1761304487696,CH1,POWER,2.35
1761304487701,CH1,POWER,2.35
1761304487706,CH1,POWER,2.35
1761304487711,CH1,POWER,2.35
1761304487716,CH1,POWER,2.35
1761304487721,CH1,POWER,2.35
1761304487726,CH1,POWER,2.35
1761304487732,CH1,POWER,2.35
1761304487738,CH1,POWER,2.35
1761304487745,CH1,POWER,2.35
1761304487750,CH1,POWER,2.35
1761304487757,CH1,POWER,2.35
1761304487762,CH1,POWER,2.35
1761304487767,CH1,POWER,2.35
1761304487772,CH1,POWER,2.35
1761304487777,CH1,POWER,2.35
1761304487785,CH1,POWER,2.35
1761304487790,CH1,POWER,2.35
1761304487797,CH1,POWER,2.35
1761304487802,CH1,POWER,2.35
1761304487807,CH1,POWER,2.35
1761304487812,CH1,POWER,2.35
1761304487817,CH1,POWER,2.35
1761304487822,CH1,POWER,2.35
1761304487827,CH1,POWER,2.35
1761304487832,CH1,POWER,2.35
1761304487837,CH1,POWER,2.35
1761304487842,CH1,POWER,2.35
1761304487847,CH1,POWER,2.35
1761304487850,CH1,POWER,2.35
1761304487876,CH1,POWER,2.35
1761304487881,CH1,POWER,2.35
1761304487886,CH1,POWER,2.35
1761304487891,CH1,POWER,2.35
1761304487896,CH1,POWER,2.35
1761304487901,CH1,POWER,2.35
1761304487906,CH1,POWER,2.35
1761304487911,CH1,POWER,2.35
1761304487916,CH1,POWER,2.35
1761304487921,CH1,POWER,2.35
1761304487925,CH1,POWER,2.35
1761304487930,CH1,POWER,2.35
1761304487935,CH1,POWER,2.35
1761304487940,CH1,POWER,2.35
1761304487946,CH1,POWER,2.35
1761304487952,CH1,POWER,2.35
1761304487958,CH1,POWER,2.35
1761304487964,CH1,POWER,2.35
1761304487969,CH1,POWER,2.35
1761304487974,CH1,POWER,2.35
1761304487979,CH1,POWER,2.35
1761304487987,CH1,POWER,2.35
1761304487992,CH1,POWER,2.35
1761304487999,CH1,POWER,2.35
1761304488004,CH1,POWER,2.35
1761304488009,CH1,POWER,2.35
1761304488014,CH1,POWER,2.35
1761304488019,CH1,POWER,2.35
1761304488024,CH1,POWER,2.35
1761304488031,CH1,POWER,2.35
1761304488036,CH1,POWER,2.35
1761304488041,CH1,POWER,2.35
1761304488046,CH1,POWER,2.35
1761304488051,CH1,POWER,2.35
1761304488056,CH1,POWER,2.35
1761304488061,CH1,POWER,2.35
1761304488066,CH1,POWER,2.35
1761304488071,CH1,POWER,2.35
1761304488076,CH1,POWER,2.35
1761304488081,CH1,POWER,2.35
1761304488086,CH1,POWER,2.35
1761304488091,CH1,POWER,2.35
1761304488096,CH1,POWER,2.35
1761304488101,CH1,POWER,2.35
1761304488106,CH1,POWER,2.35
1761304488111,CH1,POWER,2.35
1761304488116,CH1,POWER,2.35
1761304488121,CH1,POWER,2.35
1761304488126,CH1,POWER,2.35
1761304488131,CH1,POWER,2.35
1761304488136,CH1,POWER,2.35
1761304488141,CH1,POWER,2.35
1761304488146,CH1,POWER,2.35
1761304488151,CH1,POWER,2.35
1761304488156,CH1,POWER,2.35
1761304488161,CH1,POWER,2.35
1761304488166,CH1,POWER,2.35
1761304488171,CH1,POWER,2.35
1761304488176,CH1,POWER,2.35
1761304488181,CH1,POWER,2.35
1761304488186,CH1,POWER,2.35
1761304488191,CH1,POWER,2.35
1761304488196,CH1,POWER,2.35
1761304488201,CH1,POWER,2.35
1761304488206,CH1,POWER,2.35
1761304488211,CH1,POWER,2.35
1761304488216,CH1,POWER,2.35
1761304488221,CH1,POWER,2.35
1761304488226,CH1,POWER,2.35
1761304488231,CH1,POWER,2.35
1761304488236,CH1,POWER,2.35
1761304488241,CH1,POWER,2.35
1761304488246,CH1,POWER,2.35
1761304488251,CH1,POWER,2.35
1761304488255,CH1,POWER,2.35
1761304488258,CH1,POWER,2.35
1761304488261,CH1,POWER,2.35
1761304488288,CH1,POWER,2.35
1761304488294,CH1,POWER,2.35
1761304488301,CH1,POWER,2.35
1761304488306,CH1,POWER,2.35
1761304488311,CH1,POWER,2.35
1761304488316,CH1,POWER,2.35
1761304488321,CH1,POWER,2.35
1761304488326,CH1,POWER,2.35
1761304488333,CH1,POWER,2.35
1761304488341,CH1,POWER,2.35
1761304488346,CH1,POWER,2.35
1761304488351,CH1,POWER,2.35
1761304488356,CH1,POWER,2.35
1761304488361,CH1,POWER,2.35
1761304488366,CH1,POWER,2.35
1761304488373,CH1,POWER,2.35
1761304488378,CH1,POWER,2.35
1761304488383,CH1,POWER,2.35
1761304488388,CH1,POWER,2.35
1761304488393,CH1,POWER,2.35
1761304488398,CH1,POWER,2.35
1761304488403,CH1,POWER,2.35
1761304488408,CH1,POWER,2.35
1761304488413,CH1,POWER,2.35
1761304488418,CH1,POWER,2.35
1761304488423,CH1,POWER,2.35
1761304488428,CH1,POWER,2.35
1761304488433,CH1,POWER,2.35
1761304488438,CH1,POWER,2.35
1761304488443,CH1,POWER,2.35
1761304488448,CH1,POWER,2.35
1761304488453,CH1,POWER,2.35
1761304488458,CH1,POWER,2.35
1761304488463,CH1,POWER,2.35
1761304488468,CH1,POWER,2.35
1761304488473,CH1,POWER,2.35
1761304488478,CH1,POWER,2.35
1761304488483,CH1,POWER,2.35
1761304488488,CH1,POWER,2.35
1761304488493,CH1,POWER,2.35
1761304488498,CH1,POWER,2.35
1761304488503,CH1,POWER,2.35
1761304488508,CH1,POWER,2.35
1761304488513,CH1,POWER,2.35
1761304488518,CH1,POWER,2.35
1761304488523,CH1,POWER,2.35
1761304488528,CH1,POWER,2.35
1761304488533,CH1,POWER,2.35
1761304488538,CH1,POWER,2.35
1761304488543,CH1,POWER,2.35
1761304488548,CH1,POWER,2.35
1761304488553,CH1,POWER,2.35
1761304488558,CH1,POWER,2.35
1761304488563,CH1,POWER,2.35
1761304488568,CH1,POWER,2.35
1761304488573,CH1,POWER,2.35
1761304488578,CH1,POWER,2.35
1761304488583,CH1,POWER,2.35
1761304488588,CH1,POWER,2.35
1761304488593,CH1,POWER,2.35
1761304488598,CH1,POWER,2.35
1761304488603,CH1,POWER,2.35
1761304488608,CH1,POWER,2.35
1761304488613,CH1,POWER,2.35
1761304488618,CH1,POWER,2.35
1761304488623,CH1,POWER,2.35
1761304488628,CH1,POWER,2.35
1761304488633,CH1,POWER,2.35
1761304488638,CH1,POWER,2.35
1761304488643,CH1,POWER,2.35
1761304488648,CH1,POWER,2.35
1761304488653,CH1,POWER,2.35
1761304488657,CH1,POWER,2.35
1761304488660,CH1,POWER,2.35
1761304488663,CH1,POWER,2.35
1761304488690,CH1,POWER,2.35
1761304488695,CH1,POWER,2.35
1761304488700,CH1,POWER,2.35
1761304488705,CH1,POWER,2.35
1761304488710,CH1,POWER,2.35
1761304488715,CH1,POWER,2.35
1761304488720,CH1,POWER,2.35
1761304488725,CH1,POWER,2.35
1761304488730,CH1,POWER,2.35
1761304488735,CH1,POWER,2.35
1761304488740,CH1,POWER,2.35
1761304488745,CH1,POWER,2.35
1761304488750,CH1,POWER,2.35
1761304488755,CH1,POWER,2.35
1761304488760,CH1,POWER,2.35
1761304488765,CH1,POWER,2.35
1761304488770,CH1,POWER,2.35
1761304488775,CH1,POWER,2.35
1761304488780,CH1,POWER,2.35
1761304488785,CH1,POWER,2.35
1761304488790,CH1,POWER,2.35
1761304488795,CH1,POWER,2.35
1761304488800,CH1,POWER,2.35
1761304488805,CH1,POWER,2.35
1761304488810,CH1,POWER,2.35
1761304488815,CH1,POWER,2.35
1761304488820,CH1,POWER,2.35
1761304488825,CH1,POWER,2.35
1761304488830,CH1,POWER,2.35
1761304488835,CH1,POWER,2.35
1761304488840,CH1,POWER,2.35
1761304488845,CH1,POWER,2.35
1761304488850,CH1,POWER,2.35
1761304488855,CH1,POWER,2.35
1761304488860,CH1,POWER,2.35
1761304488865,CH1,POWER,2.35
1761304488870,CH1,POWER,2.35
1761304488875,CH1,POWER,2.35
1761304488880,CH1,POWER,2.35
1761304488885,CH1,POWER,2.35
1761304488890,CH1,POWER,2.35
1761304488895,CH1,POWER,2.35
1761304488900,CH1,POWER,2.35
1761304488905,CH1,POWER,2.35
1761304488910,CH1,POWER,2.35
1761304488915,CH1,POWER,2.35
1761304488920,CH1,POWER,2.35
1761304488925,CH1,POWER,2.35
1761304488930,CH1,POWER,2.35
1761304488935,CH1,POWER,2.35
1761304488940,CH1,POWER,2.35
1761304488945,CH1,POWER,2.35
1761304488950,CH1,POWER,2.35
1761304488955,CH1,POWER,2.35
1761304488960,CH1,POWER,2.35
1761304488965,CH1,POWER,2.35
1761304488970,CH1,POWER,2.35
1761304488975,CH1,POWER,2.35
1761304488980,CH1,POWER,2.35
1761304488985,CH1,POWER,2.35
1761304488990,CH1,POWER,2.35
1761304488995,CH1,POWER,2.35
1761304489000,CH1,POWER,2.35
1761304489005,CH1,POWER,2.35
1761304489010,CH1,POWER,2.35
1761304489015,CH1,POWER,2.35
1761304489020,CH1,POWER,2.35
1761304489025,CH1,POWER,2.35
1761304489030,CH1,POWER,2.35
1761304489035,CH1,POWER,2.35
1761304489040,CH1,POWER,2.35
1761304489045,CH1,POWER,2.35
1761304489050,CH1,POWER,2.35
1761304489055,CH1,POWER,2.35
1761304489060,CH1,POWER,2.35
1761304489065,CH1,POWER,2.35
1761304489068,CH1,POWER,2.35
1761304489095,CH1,POWER,2.35
1761304489100,CH1,POWER,2.35
1761304489107,CH1,POWER,2.35
1761304489112,CH1,POWER,2.35
1761304489117,CH1,POWER,2.35
1761304489122,CH1,POWER,2.35
1761304489127,CH1,POWER,2.35
1761304489132,CH1,POWER,2.35
1761304489137,CH1,POWER,2.35
1761304489141,CH1,POWER,2.35
1761304489147,CH1,POWER,2.35
1761304489152,CH1,POWER,2.35
1761304489157,CH1,POWER,2.35
1761304489162,CH1,POWER,2.35
1761304489167,CH1,POWER,2.35
1761304489172,CH1,POWER,2.35
1761304489177,CH1,POWER,2.35
1761304489182,CH1,POWER,2.35
1761304489186,CH1,POWER,2.35
1761304489191,CH1,POWER,2.35
1761304489195,CH1,POWER,2.35
1761304489202,CH1,POWER,2.35
1761304489206,CH1,POWER,2.35
1761304489212,CH1,POWER,2.35
1761304489216,CH1,POWER,2.35
1761304489222,CH1,POWER,2.35
1761304489226,CH1,POWER,2.35
1761304489232,CH1,POWER,2.35
1761304489239,CH1,POWER,2.35
1761304489243,CH1,POWER,2.35
1761304489250,CH1,POWER,2.35
1761304489254,CH1,POWER,2.35
1761304489260,CH1,POWER,2.35
1761304489264,CH1,POWER,2.35
1761304489269,CH1,POWER,2.35
1761304489273,CH1,POWER,2.35
1761304489280,CH1,POWER,2.35
1761304489285,CH1,POWER,2.35
1761304489292,CH1,POWER,2.35
1761304489298,CH1,POWER,2.35
1761304489303,CH1,POWER,2.35
1761304489310,CH1,POWER,2.35
1761304489314,CH1,POWER,2.35
1761304489322,CH1,POWER,2.35
1761304489327,CH1,POWER,2.35
1761304489333,CH1,POWER,2.35
1761304489340,CH1,POWER,2.35
1761304489345,CH1,POWER,2.35
1761304489350,CH1,POWER,2.35
1761304489354,CH1,POWER,2.35
1761304489362,CH1,POWER,2.35
1761304489369,CH1,POWER,2.35
1761304489374,CH1,POWER,2.35
1761304489378,CH1,POWER,2.35
1761304489383,CH1,POWER,2.35
1761304489390,CH1,POWER,2.35
1761304489395,CH1,POWER,2.35
1761304489400,CH1,POWER,2.35
1761304489407,CH1,POWER,2.35
1761304489412,CH1,POWER,2.35
1761304489417,CH1,POWER,2.35
1761304489422,CH1,POWER,2.35
1761304489427,CH1,POWER,2.35
1761304489432,CH1,POWER,2.35
1761304489437,CH1,POWER,2.35
1761304489442,CH1,POWER,2.35
1761304489447,CH1,POWER,2.35
1761304489451,CH1,POWER,2.35
1761304489457,CH1,POWER,2.35
1761304489484,CH1,POWER,2.35
1761304489489,CH1,POWER,2.35
1761304489494,CH1,POWER,2.35
1761304489498,CH1,POWER,2.35
1761304489504,CH1,POWER,2.35
1761304489509,CH1,POWER,2.35
1761304489514,CH1,POWER,2.35
1761304489519,CH1,POWER,2.35
1761304489524,CH1,POWER,2.35
1761304489529,CH1,POWER,2.35
1761304489534,CH1,POWER,2.35
1761304489539,CH1,POWER,2.35
1761304489544,CH1,POWER,2.35
1761304489549,CH1,POWER,2.35
1761304489554,CH1,POWER,2.35
1761304489559,CH1,POWER,2.35
1761304489564,CH1,POWER,2.35
1761304489569,CH1,POWER,2.35
1761304489574,CH1,POWER,2.35
1761304489579,CH1,POWER,2.35
1761304489584,CH1,POWER,2.35
1761304489589,CH1,POWER,2.35
1761304489594,CH1,POWER,2.35
1761304489599,CH1,POWER,2.35
1761304489604,CH1,POWER,2.35
1761304489609,CH1,POWER,2.35
1761304489614,CH1,POWER,2.35
1761304489619,CH1,POWER,2.35
1761304489624,CH1,POWER,2.35
1761304489629,CH1,POWER,2.35
1761304489634,CH1,POWER,2.35
1761304489639,CH1,POWER,2.35
1761304489644,CH1,POWER,2.35
1761304489649,CH1,POWER,2.35
1761304489654,CH1,POWER,2.35
1761304489659,CH1,POWER,2.35
1761304489664,CH1,POWER,2.35
1761304489669,CH1,POWER,2.35
1761304489674,CH1,POWER,2.35
1761304489679,CH1,POWER,2.35
1761304489684,CH1,POWER,2.35
1761304489689,CH1,POWER,2.35
1761304489693,CH1,POWER,2.35
1761304489699,CH1,POWER,2.35
1761304489703,CH1,POWER,2.35
1761304489710,CH1,POWER,2.35
1761304489717,CH1,POWER,2.35
1761304489722,CH1,POWER,2.35
1761304489726,CH1,POWER,2.35
1761304489732,CH1,POWER,2.35
1761304489737,CH1,POWER,2.35
1761304489742,CH1,POWER,2.35
1761304489748,CH1,POWER,2.35
1761304489755,CH1,POWER,2.35
1761304489760,CH1,POWER,2.35
1761304489767,CH1,POWER,2.35
1761304489772,CH1,POWER,2.35
1761304489777,CH1,POWER,2.35
1761304489782,CH1,POWER,2.35
1761304489788,CH1,POWER,2.35
1761304489795,CH1,POWER,2.35
1761304489800,CH1,POWER,2.35
1761304489807,CH1,POWER,2.35
1761304489812,CH1,POWER,2.35
1761304489817,CH1,POWER,2.35
1761304489822,CH1,POWER,2.35
1761304489827,CH1,POWER,2.35
1761304489832,CH1,POWER,2.35
1761304489837,CH1,POWER,2.35
1761304489842,CH1,POWER,2.35
1761304489846,CH1,POWER,2.35
1761304489852,CH1,POWER,2.35
1761304489856,CH1,POWER,2.35
1761304489860,CH1,POWER,2.35
1761304489886,CH1,POWER,2.35
1761304489890,CH1,POWER,2.35
1761304489895,CH1,POWER,2.35
1761304489901,CH1,POWER,2.35
1761304489908,CH1,POWER,2.35
1761304489912,CH1,POWER,2.35
1761304489919,CH1,POWER,2.35
1761304489924,CH1,POWER,2.35
1761304489928,CH1,POWER,2.35
1761304489934,CH1,POWER,2.35
1761304489938,CH1,POWER,2.35
1761304489946,CH1,POWER,2.35
1761304489952,CH1,POWER,2.35
1761304489957,CH1,POWER,2.35
1761304489962,CH1,POWER,2.35
1761304489968,CH1,POWER,2.35
1761304489976,CH1,POWER,2.35
1761304489981,CH1,POWER,2.35
1761304489987,CH1,POWER,2.35
1761304489992,CH1,POWER,2.35
1761304489999,CH1,POWER,2.35
1761304490004,CH1,POWER,2.35
1761304490009,CH1,POWER,2.35
1761304490014,CH1,POWER,2.35
1761304490018,CH1,POWER,2.35
1761304490026,CH1,POWER,2.35
1761304490032,CH1,POWER,2.35
1761304490039,CH1,POWER,2.35
1761304490046,CH1,POWER,2.35
1761304490052,CH1,POWER,2.35
1761304490058,CH1,POWER,2.35
1761304490062,CH1,POWER,2.35
1761304490067,CH1,POWER,2.35
1761304490071,CH1,POWER,2.35
1761304490075,CH1,POWER,2.35
1761304490079,CH1,POWER,2.35
1761304490084,CH1,POWER,2.35
1761304490088,CH1,POWER,2.35
1761304490096,CH1,POWER,2.35
1761304490102,CH1,POWER,2.35
1761304490109,CH1,POWER,2.35
1761304490114,CH1,POWER,2.35
1761304490118,CH1,POWER,2.35
1761304490124,CH1,POWER,2.35
1761304490128,CH1,POWER,2.35
1761304490134,CH1,POWER,2.35
1761304490138,CH1,POWER,2.35
1761304490146,CH1,POWER,2.35
1761304490152,CH1,POWER,2.35
1761304490157,CH1,POWER,2.35
1761304490164,CH1,POWER,2.35
1761304490169,CH1,POWER,2.35
1761304490174,CH1,POWER,2.35
1761304490178,CH1,POWER,2.35
1761304490186,CH1,POWER,2.35
1761304490192,CH1,POWER,2.35
1761304490197,CH1,POWER,2.35
1761304490202,CH1,POWER,2.35
1761304490208,CH1,POWER,2.35
1761304490212,CH1,POWER,2.35
1761304490217,CH1,POWER,2.35
1761304490223,CH1,POWER,2.35
1761304490228,CH1,POWER,2.35
1761304490232,CH1,POWER,2.35
1761304490238,CH1,POWER,2.35
1761304490246,CH1,POWER,2.35
1761304490252,CH1,POWER,2.35
1761304490278,CH1,POWER,2.35
1761304490283,CH1,POWER,2.35
1761304490288,CH1,POWER,2.35
1761304490293,CH1,POWER,2.35
1761304490297,CH1,POWER,2.35
1761304490303,CH1,POWER,2.35
1761304490307,CH1,POWER,2.35
1761304490313,CH1,POWER,2.35
1761304490318,CH1,POWER,2.35
1761304490323,CH1,POWER,2.35
1761304490328,CH1,POWER,2.35
1761304490332,CH1,POWER,2.35
1761304490338,CH1,POWER,2.35
1761304490343,CH1,POWER,2.35
1761304490347,CH1,POWER,2.35
1761304490352,CH1,POWER,2.35
1761304490358,CH1,POWER,2.35
1761304490362,CH1,POWER,2.35
1761304490368,CH1,POWER,2.35
1761304490372,CH1,POWER,2.35
1761304490381,CH1,POWER,2.35
1761304490386,CH1,POWER,2.35
1761304490390,CH1,POWER,2.35
1761304490398,CH1,POWER,2.35
1761304490405,CH1,POWER,2.35
1761304490410,CH1,POWER,2.35
1761304490415,CH1,POWER,2.35
1761304490420,CH1,POWER,2.35
1761304490425,CH1,POWER,2.35
1761304490430,CH1,POWER,2.35
1761304490436,CH1,POWER,2.35
1761304490441,CH1,POWER,2.35
1761304490446,CH1,POWER,2.35
1761304490452,CH1,POWER,2.35
1761304490458,CH1,POWER,2.35
1761304490462,CH1,POWER,2.35
1761304490470,CH1,POWER,2.35
1761304490476,CH1,POWER,2.35
1761304490480,CH1,POWER,2.35
1761304490488,CH1,POWER,2.35
1761304490495,CH1,POWER,2.35
1761304490499,CH1,POWER,2.35
1761304490506,CH1,POWER,2.35
1761304490510,CH1,POWER,2.35
1761304490516,CH1,POWER,2.35
1761304490520,CH1,POWER,2.35
1761304490528,CH1,POWER,2.35
1761304490534,CH1,POWER,2.35
1761304490540,CH1,POWER,2.35
1761304490546,CH1,POWER,2.35
1761304490550,CH1,POWER,2.35
1761304490558,CH1,POWER,2.35
1761304490564,CH1,POWER,2.35
1761304490570,CH1,POWER,2.35
1761304490576,CH1,POWER,2.35
1761304490580,CH1,POWER,2.35
1761304490588,CH1,POWER,2.35
1761304490593,CH1,POWER,2.35
1761304490600,CH1,POWER,2.35
1761304490608,CH1,POWER,2.35
1761304490614,CH1,POWER,2.35
1761304490619,CH1,POWER,2.35
1761304490625,CH1,POWER,2.35
1761304490629,CH1,POWER,2.35
1761304490634,CH1,POWER,2.35
1761304490663,CH1,POWER,2.35
1761304490668,CH1,POWER,2.35
1761304490672,CH1,POWER,2.35
1761304490680,CH1,POWER,2.35
1761304490685,CH1,POWER,2.35
1761304490693,CH1,POWER,2.35
1761304490698,CH1,POWER,2.35
1761304490703,CH1,POWER,2.35
1761304490708,CH1,POWER,2.35
1761304490713,CH1,POWER,2.35
1761304490718,CH1,POWER,2.35
1761304490723,CH1,POWER,2.35
1761304490728,CH1,POWER,2.35
1761304490733,CH1,POWER,2.35
1761304490738,CH1,POWER,2.35
1761304490743,CH1,POWER,2.35
1761304490748,CH1,POWER,2.35
1761304490755,CH1,POWER,2.35
1761304490760,CH1,POWER,2.35
1761304490765,CH1,POWER,2.35
1761304490769,CH1,POWER,2.35
1761304490775,CH1,POWER,2.35
1761304490781,CH1,POWER,2.35
1761304490785,CH1,POWER,2.35
1761304490791,CH1,POWER,2.35
1761304490796,CH1,POWER,2.35
1761304490802,CH1,POWER,2.35
1761304490806,CH1,POWER,2.35
1761304490812,CH1,POWER,2.35
1761304490816,CH1,POWER,2.35
1761304490821,CH1,POWER,2.35
1761304490826,CH1,POWER,2.35
1761304490831,CH1,POWER,2.35
1761304490837,CH1,POWER,2.35
1761304490842,CH1,POWER,2.35
1761304490846,CH1,POWER,2.35
1761304490852,CH1,POWER,2.35
1761304490857,CH1,POWER,2.35
1761304490862,CH1,POWER,2.35
1761304490866,CH1,POWER,2.35
1761304490871,CH1,POWER,2.35
1761304490876,CH1,POWER,2.35
1761304490882,CH1,POWER,2.35
1761304490887,CH1,POWER,2.35
1761304490891,CH1,POWER,2.35
1761304490897,CH1,POWER,2.35
1761304490901,CH1,POWER,2.35
1761304490906,CH1,POWER,2.35
1761304490911,CH1,POWER,2.35
1761304490920,CH1,POWER,2.35
1761304490927,CH1,POWER,2.35
1761304490931,CH1,POWER,2.35
1761304490935,CH1,POWER,2.35
1761304490939,CH1,POWER,2.35
1761304490943,CH1,POWER,2.35
1761304490948,CH1,POWER,2.35
1761304490952,CH1,POWER,2.35
1761304490956,CH1,POWER,2.35
1761304490962,CH1,POWER,2.35
1761304490966,CH1,POWER,2.35
1761304490972,CH1,POWER,2.35
1761304490976,CH1,POWER,2.35
1761304490982,CH1,POWER,2.35
1761304490986,CH1,POWER,2.35
1761304490992,CH1,POWER,2.35
1761304490996,CH1,POWER,2.35
1761304491002,CH1,POWER,2.35
1761304491006,CH1,POWER,2.35
1761304491012,CH1,POWER,2.35
1761304491016,CH1,POWER,2.35
1761304491022,CH1,POWER,2.35
1761304491026,CH1,POWER,2.35
1761304491030,CH1,POWER,2.60
1761304491032,CH1,POWER,2.60
1761304491034,CH1,POWER,2.60
1761304491037,CH1,POWER,2.60
1761304491064,CH1,POWER,2.60
1761304491072,CH1,POWER,2.60
1761304491077,CH1,POWER,2.60
1761304491083,CH1,POWER,2.60
1761304491090,CH1,POWER,2.60
1761304491094,CH1,POWER,2.60
1761304491102,CH1,POWER,2.60
1761304491107,CH1,POWER,2.60
1761304491114,CH1,POWER,2.60
1761304491118,CH1,POWER,2.60
1761304491123,CH1,POWER,2.60
1761304491130,CH1,POWER,2.60
1761304491134,CH1,POWER,2.60
1761304491140,CH1,POWER,2.60
1761304491144,CH1,POWER,2.60
1761304491152,CH1,POWER,2.60
1761304491157,CH1,POWER,2.60
1761304491163,CH1,POWER,2.60
1761304491170,CH1,POWER,2.60
1761304491174,CH1,POWER,2.60
1761304491180,CH1,POWER,2.60
1761304491184,CH1,POWER,2.60
1761304491190,CH1,POWER,2.60
1761304491194,CH1,POWER,2.60
1761304491202,CH1,POWER,2.60
1761304491207,CH1,POWER,2.60
1761304491213,CH1,POWER,2.60
1761304491220,CH1,POWER,2.60
1761304491224,CH1,POWER,2.60
1761304491228,CH1,POWER,2.60
1761304491233,CH1,POWER,2.60
1761304491240,CH1,POWER,2.60
1761304491244,CH1,POWER,2.60
1761304491252,CH1,POWER,2.60
1761304491258,CH1,POWER,2.60
1761304491264,CH1,POWER,2.60
1761304491270,CH1,POWER,2.60
1761304491274,CH1,POWER,2.60
1761304491283,CH1,POWER,2.60
1761304491287,CH1,POWER,2.60
1761304491293,CH1,POWER,2.60
1761304491298,CH1,POWER,2.60
1761304491304,CH1,POWER,2.60
1761304491310,CH1,POWER,2.60
1761304491314,CH1,POWER,2.60
1761304491322,CH1,POWER,2.60
1761304491327,CH1,POWER,2.60
1761304491335,CH1,POWER,2.60
1761304491340,CH1,POWER,2.60
1761304491344,CH1,POWER,2.60
1761304491350,CH1,POWER,2.60
1761304491354,CH1,POWER,2.60
1761304491358,CH1,POWER,2.60
1761304491364,CH1,POWER,2.60
1761304491370,CH1,POWER,2.60
1761304491374,CH1,POWER,2.60
1761304491382,CH1,POWER,2.60
1761304491387,CH1,POWER,2.60
1761304491394,CH1,POWER,2.60
1761304491400,CH1,POWER,2.60
1761304491405,CH1,POWER,2.60
1761304491410,CH1,POWER,2.60
1761304491414,CH1,POWER,2.60
1761304491422,CH1,POWER,2.60
1761304491425,CH1,POWER,2.35
1761304491428,CH1,POWER,2.35
1761304491455,CH1,POWER,2.35
1761304491460,CH1,POWER,2.35
1761304491466,CH1,POWER,2.35
1761304491470,CH1,POWER,2.35
1761304491475,CH1,POWER,2.35
1761304491482,CH1,POWER,2.35
1761304491486,CH1,POWER,2.35
1761304491492,CH1,POWER,2.35
1761304491496,CH1,POWER,2.35
1761304491504,CH1,POWER,2.35
1761304491510,CH1,POWER,2.35
1761304491516,CH1,POWER,2.35
1761304491520,CH1,POWER,2.35
1761304491526,CH1,POWER,2.35
1761304491530,CH1,POWER,2.35
1761304491535,CH1,POWER,2.35
1761304491540,CH1,POWER,2.35
1761304491545,CH1,POWER,2.35
1761304491550,CH1,POWER,2.35
1761304491555,CH1,POWER,2.35
1761304491562,CH1,POWER,2.35
1761304491567,CH1,POWER,2.35
1761304491572,CH1,POWER,2.35
1761304491576,CH1,POWER,2.35
1761304491582,CH1,POWER,2.35
1761304491586,CH1,POWER,2.35
1761304491592,CH1,POWER,2.35
1761304491596,CH1,POWER,2.35
1761304491600,CH1,POWER,2.35
1761304491606,CH1,POWER,2.35
1761304491610,CH1,POWER,2.35
1761304491616,CH1,POWER,2.35
1761304491620,CH1,POWER,2.35
1761304491626,CH1,POWER,2.35
1761304491630,CH1,POWER,2.35
1761304491636,CH1,POWER,2.35
1761304491644,CH1,POWER,2.35
1761304491648,CH1,POWER,2.35
1761304491654,CH1,POWER,2.35
1761304491658,CH1,POWER,2.35
1761304491664,CH1,POWER,2.35
1761304491668,CH1,POWER,2.35
1761304491676,CH1,POWER,2.35
1761304491681,CH1,POWER,2.35
1761304491685,CH1,POWER,2.35
1761304491692,CH1,POWER,2.35
1761304491697,CH1,POWER,2.35
1761304491702,CH1,POWER,2.35
1761304491707,CH1,POWER,2.35
1761304491712,CH1,POWER,2.35
1761304491717,CH1,POWER,2.35
1761304491724,CH1,POWER,2.35
1761304491730,CH1,POWER,2.35
1761304491736,CH1,POWER,2.35
1761304491744,CH1,POWER,2.35
1761304491748,CH1,POWER,2.35
1761304491754,CH1,POWER,2.35
1761304491761,CH1,POWER,2.35
1761304491765,CH1,POWER,2.35
1761304491772,CH1,POWER,2.35
1761304491776,CH1,POWER,2.35
1761304491784,CH1,POWER,2.35
1761304491790,CH1,POWER,2.35
1761304491796,CH1,POWER,2.35
1761304491802,CH1,POWER,2.35
1761304491806,CH1,POWER,2.35
1761304491812,CH1,POWER,2.35
1761304491816,CH1,POWER,2.35
1761304491820,CH1,POWER,2.35
1761304491845,CH1,POWER,2.35
1761304491850,CH1,POWER,2.35
1761304491855,CH1,POWER,2.35
1761304491861,CH1,POWER,2.35
1761304491867,CH1,POWER,2.35
1761304491872,CH1,POWER,2.35
1761304491878,CH1,POWER,2.35
1761304491884,CH1,POWER,2.35
1761304491888,CH1,POWER,2.35
1761304491896,CH1,POWER,2.35
1761304491900,CH1,POWER,2.35
1761304491905,CH1,POWER,2.35
1761304491910,CH1,POWER,2.35
1761304491918,CH1,POWER,2.35
1761304491924,CH1,POWER,2.35
1761304491928,CH1,POWER,2.35
1761304491934,CH1,POWER,2.35
1761304491938,CH1,POWER,2.35
1761304491944,CH1,POWER,2.35
1761304491948,CH1,POWER,2.35
1761304491954,CH1,POWER,2.35
1761304491960,CH1,POWER,2.35
1761304491966,CH1,POWER,2.35
1761304491971,CH1,POWER,2.35
1761304491978,CH1,POWER,2.35
1761304491984,CH1,POWER,2.35
1761304491989,CH1,POWER,2.35
1761304491994,CH1,POWER,2.35
1761304491998,CH1,POWER,2.35
1761304492004,CH1,POWER,2.35
1761304492010,CH1,POWER,2.35
1761304492016,CH1,POWER,2.35
1761304492021,CH1,POWER,2.35
1761304492028,CH1,POWER,2.35
1761304492035,CH1,POWER,2.35
1761304492039,CH1,POWER,2.35
1761304492046,CH1,POWER,2.35
1761304492052,CH1,POWER,2.35
1761304492057,CH1,POWER,2.35
1761304492063,CH1,POWER,2.35
1761304492068,CH1,POWER,2.35
1761304492073,CH1,POWER,2.35
1761304492078,CH1,POWER,2.35
1761304492086,CH1,POWER,2.35
1761304492091,CH1,POWER,2.35
1761304492096,CH1,POWER,2.35
1761304492101,CH1,POWER,2.35
1761304492107,CH1,POWER,2.35
1761304492113,CH1,POWER,2.35
1761304492117,CH1,POWER,2.35
1761304492122,CH1,POWER,2.35
1761304492127,CH1,POWER,2.35
1761304492133,CH1,POWER,2.35
1761304492137,CH1,POWER,2.35
1761304492143,CH1,POWER,2.35
1761304492148,CH1,POWER,2.35
1761304492152,CH1,POWER,2.35
1761304492157,CH1,POWER,2.35
1761304492164,CH1,POWER,2.35
1761304492168,CH1,POWER,2.35
1761304492172,CH1,POWER,2.35
1761304492177,CH1,POWER,2.35
1761304492184,CH1,POWER,2.35
1761304492188,CH1,POWER,2.35
1761304492192,CH1,POWER,2.35
1761304492198,CH1,POWER,2.35
1761304492206,CH1,POWER,2.35
1761304492209,CH1,POWER,2.35
1761304492212,CH1,POWER,2.35
1761304492239,CH1,POWER,2.35
1761304492246,CH1,POWER,2.35
1761304492250,CH1,POWER,2.35
1761304492258,CH1,POWER,2.35
1761304492262,CH1,POWER,2.35
1761304492268,CH1,POWER,2.35
1761304492272,CH1,POWER,2.35
1761304492277,CH1,POWER,2.35
1761304492283,CH1,POWER,2.35
1761304492290,CH1,POWER,2.35
1761304492298,CH1,POWER,2.35
1761304492304,CH1,POWER,2.35
1761304492309,CH1,POWER,2.35
1761304492316,CH1,POWER,2.35
1761304492320,CH1,POWER,2.35
1761304492326,CH1,POWER,2.35
1761304492331,CH1,POWER,2.35
1761304492338,CH1,POWER,2.35
1761304492344,CH1,POWER,2.35
1761304492350,CH1,POWER,2.35
1761304492356,CH1,POWER,2.35
1761304492360,CH1,POWER,2.35
1761304492366,CH1,POWER,2.35
1761304492370,CH1,POWER,2.35
1761304492376,CH1,POWER,2.35
1761304492380,CH1,POWER,2.35
1761304492386,CH1,POWER,2.35
1761304492391,CH1,POWER,2.35
1761304492397,CH1,POWER,2.35
1761304492401,CH1,POWER,2.35
1761304492409,CH1,POWER,2.35
1761304492414,CH1,POWER,2.35
1761304492421,CH1,POWER,2.35
1761304492431,CH1,POWER,2.35
1761304492436,CH1,POWER,2.35
1761304492443,CH1,POWER,2.35
1761304492448,CH1,POWER,2.35
1761304492453,CH1,POWER,2.35
1761304492461,CH1,POWER,2.35
1761304492467,CH1,POWER,2.35
1761304492473,CH1,POWER,2.35
1761304492478,CH1,POWER,2.35
1761304492483,CH1,POWER,2.35
1761304492488,CH1,POWER,2.35
1761304492493,CH1,POWER,2.35
1761304492498,CH1,POWER,2.35
1761304492503,CH1,POWER,2.35
1761304492507,CH1,POWER,2.35
1761304492512,CH1,POWER,2.35
1761304492518,CH1,POWER,2.35
1761304492522,CH1,POWER,2.35
1761304492528,CH1,POWER,2.35
1761304492533,CH1,POWER,2.35
1761304492538,CH1,POWER,2.35
1761304492543,CH1,POWER,2.35
1761304492547,CH1,POWER,2.35
1761304492553,CH1,POWER,2.35
1761304492561,CH1,POWER,2.35
1761304492569,CH1,POWER,2.35
1761304492573,CH1,POWER,2.35
1761304492580,CH1,POWER,2.35
1761304492587,CH1,POWER,2.35
1761304492592,CH1,POWER,2.35
1761304492598,CH1,POWER,2.35
1761304492600,CH1,POWER,2.35
1761304492603,CH1,POWER,2.35
1761304492630,CH1,POWER,2.35
1761304492634,CH1,POWER,2.35
1761304492640,CH1,POWER,2.35
1761304492645,CH1,POWER,2.35
1761304492650,CH1,POWER,2.35
1761304492656,CH1,POWER,2.35
1761304492661,CH1,POWER,2.35
1761304492668,CH1,POWER,2.35
1761304492672,CH1,POWER,2.35
1761304492680,CH1,POWER,2.35
1761304492685,CH1,POWER,2.35
1761304492692,CH1,POWER,2.35
1761304492698,CH1,POWER,2.35
1761304492702,CH1,POWER,2.35
1761304492708,CH1,POWER,2.35
1761304492712,CH1,POWER,2.35
1761304492718,CH1,POWER,2.35
1761304492722,CH1,POWER,2.35
1761304492728,CH1,POWER,2.35
1761304492732,CH1,POWER,2.35
1761304492738,CH1,POWER,2.35
1761304492745,CH1,POWER,2.35
1761304492753,CH1,POWER,2.35
1761304492758,CH1,POWER,2.35
1761304492765,CH1,POWER,2.35
1761304492772,CH1,POWER,2.35
1761304492778,CH1,POWER,2.35
1761304492782,CH1,POWER,2.35
1761304492790,CH1,POWER,2.35
1761304492797,CH1,POWER,2.35
1761304492802,CH1,POWER,2.35
1761304492808,CH1,POWER,2.35
1761304492813,CH1,POWER,2.35
1761304492818,CH1,POWER,2.35
1761304492823,CH1,POWER,2.35
1761304492828,CH1,POWER,2.35
1761304492836,CH1,POWER,2.35
1761304492842,CH1,POWER,2.35
1761304492848,CH1,POWER,2.35
1761304492853,CH1,POWER,2.35
1761304492861,CH1,POWER,2.35
1761304492865,CH1,POWER,2.35
1761304492873,CH1,POWER,2.35
1761304492878,CH1,POWER,2.35
1761304492884,CH1,POWER,2.35
1761304492891,CH1,POWER,2.35
1761304492895,CH1,POWER,2.35
1761304492903,CH1,POWER,2.35
1761304492908,CH1,POWER,2.35
1761304492915,CH1,POWER,2.35
1761304492919,CH1,POWER,2.35
1761304492924,CH1,POWER,2.35
1761304492930,CH1,POWER,2.35
1761304492934,CH1,POWER,2.35
1761304492939,CH1,POWER,2.35
1761304492944,CH1,POWER,2.35
1761304492949,CH1,POWER,2.35
1761304492954,CH1,POWER,2.35
1761304492959,CH1,POWER,2.35
1761304492965,CH1,POWER,2.35
1761304492970,CH1,POWER,2.35
1761304492975,CH1,POWER,2.35
1761304492979,CH1,POWER,2.35
1761304492984,CH1,POWER,2.35
1761304492990,CH1,POWER,2.35
1761304492994,CH1,POWER,2.35
1761304492997,CH1,POWER,2.35
1761304493025,CH1,POWER,2.35
1761304493032,CH1,POWER,2.35
1761304493037,CH1,POWER,2.35
1761304493041,CH1,POWER,2.35
1761304493048,CH1,POWER,2.35
1761304493056,CH1,POWER,2.35
1761304493062,CH1,POWER,2.35
1761304493070,CH1,POWER,2.35
1761304493075,CH1,POWER,2.35
1761304493082,CH1,POWER,2.35
1761304493088,CH1,POWER,2.35
1761304493094,CH1,POWER,2.35
1761304493099,CH1,POWER,2.35
1761304493103,CH1,POWER,2.35
1761304493109,CH1,POWER,2.35
1761304493114,CH1,POWER,2.35
1761304493119,CH1,POWER,2.35
1761304493124,CH1,POWER,2.35
1761304493130,CH1,POWER,2.35
1761304493134,CH1,POWER,2.35
1761304493142,CH1,POWER,2.35
1761304493148,CH1,POWER,2.35
1761304493153,CH1,POWER,2.35
1761304493159,CH1,POWER,2.35
1761304493164,CH1,POWER,2.35
1761304493168,CH1,POWER,2.35
1761304493173,CH1,POWER,2.35
1761304493179,CH1,POWER,2.35
1761304493184,CH1,POWER,2.35
1761304493192,CH1,POWER,2.35
1761304493198,CH1,POWER,2.35
1761304493203,CH1,POWER,2.35
1761304493210,CH1,POWER,2.35
1761304493217,CH1,POWER,2.35
1761304493225,CH1,POWER,2.35
1761304493233,CH1,POWER,2.35
1761304493237,CH1,POWER,2.35
1761304493244,CH1,POWER,2.35
1761304493250,CH1,POWER,2.35
1761304493255,CH1,POWER,2.35
1761304493260,CH1,POWER,2.35
1761304493264,CH1,POWER,2.35
1761304493270,CH1,POWER,2.35
1761304493274,CH1,POWER,2.35
1761304493280,CH1,POWER,2.35
1761304493285,CH1,POWER,2.35
1761304493290,CH1,POWER,2.35
1761304493295,CH1,POWER,2.35
1761304493300,CH1,POWER,2.35
1761304493306,CH1,POWER,2.35
1761304493311,CH1,POWER,2.35
1761304493317,CH1,POWER,2.35
1761304493323,CH1,POWER,2.35
1761304493329,CH1,POWER,2.35
1761304493335,CH1,POWER,2.35
1761304493342,CH1,POWER,2.35
1761304493347,CH1,POWER,2.35
1761304493354,CH1,POWER,2.35
1761304493360,CH1,POWER,2.35
1761304493365,CH1,POWER,2.35
1761304493372,CH1,POWER,2.35
1761304493377,CH1,POWER,2.35
1761304493403,CH1,POWER,2.35
1761304493408,CH1,POWER,2.35
1761304493413,CH1,POWER,2.35
1761304493418,CH1,POWER,2.35
1761304493423,CH1,POWER,2.35
1761304493429,CH1,POWER,2.35
1761304493433,CH1,POWER,2.35
1761304493438,CH1,POWER,2.35
1761304493443,CH1,POWER,2.35
1761304493448,CH1,POWER,2.35
1761304493453,CH1,POWER,2.35
1761304493458,CH1,POWER,2.35
1761304493463,CH1,POWER,2.35
1761304493468,CH1,POWER,2.35
1761304493473,CH1,POWER,2.35
1761304493479,CH1,POWER,2.35
1761304493484,CH1,POWER,2.35
1761304493488,CH1,POWER,2.35
1761304493493,CH1,POWER,2.35
1761304493498,CH1,POWER,2.35
1761304493504,CH1,POWER,2.35
1761304493508,CH1,POWER,2.35
1761304493514,CH1,POWER,2.35
1761304493519,CH1,POWER,2.35
1761304493523,CH1,POWER,2.35
1761304493528,CH1,POWER,2.35
1761304493534,CH1,POWER,2.35
1761304493538,CH1,POWER,2.35
1761304493543,CH1,POWER,2.35
1761304493548,CH1,POWER,2.35
1761304493553,CH1,POWER,2.35
1761304493558,CH1,POWER,2.35
1761304493564,CH1,POWER,2.35
1761304493570,CH1,POWER,2.35
1761304493575,CH1,POWER,2.35
1761304493579,CH1,POWER,2.35
1761304493583,CH1,POWER,2.35
1761304493587,CH1,POWER,2.35
1761304493592,CH1,POWER,2.35
1761304493596,CH1,POWER,2.35
1761304493600,CH1,POWER,2.35
1761304493606,CH1,POWER,2.35
1761304493612,CH1,POWER,2.35
1761304493616,CH1,POWER,2.35
1761304493620,CH1,POWER,2.35
1761304493626,CH1,POWER,2.35
1761304493630,CH1,POWER,2.35
1761304493636,CH1,POWER,2.35
1761304493640,CH1,POWER,2.35
1761304493645,CH1,POWER,2.35
1761304493649,CH1,POWER,2.35
1761304493653,CH1,POWER,2.35
1761304493657,CH1,POWER,2.35
1761304493664,CH1,POWER,2.35
1761304493669,CH1,POWER,2.35
1761304493673,CH1,POWER,2.35
1761304493677,CH1,POWER,2.35
1761304493682,CH1,POWER,2.35
1761304493686,CH1,POWER,2.35
1761304493690,CH1,POWER,2.35
1761304493695,CH1,POWER,2.35
1761304493700,CH1,POWER,2.35
1761304493706,CH1,POWER,2.35
1761304493710,CH1,POWER,2.35
1761304493716,CH1,POWER,2.35
1761304493722,CH1,POWER,2.35
1761304493726,CH1,POWER,2.35
1761304493732,CH1,POWER,2.35
1761304493736,CH1,POWER,2.35
1761304493744,CH1,POWER,2.35
1761304493750,CH1,POWER,2.35
1761304493755,CH1,POWER,2.35
1761304493762,CH1,POWER,2.35
1761304493766,CH1,POWER,2.35
1761304493772,CH1,POWER,2.35
1761304493776,CH1,POWER,2.35
1761304493782,CH1,POWER,2.35
1761304493808,CH1,POWER,2.35
1761304493814,CH1,POWER,2.35
1761304493818,CH1,POWER,2.35
1761304493826,CH1,POWER,2.35
1761304493832,CH1,POWER,2.35
1761304493838,CH1,POWER,2.35
1761304493844,CH1,POWER,2.35
1761304493848,CH1,POWER,2.35
1761304493854,CH1,POWER,2.35
1761304493858,CH1,POWER,2.35
1761304493864,CH1,POWER,2.35
1761304493868,CH1,POWER,2.35
1761304493872,CH1,POWER,2.35
1761304493877,CH1,POWER,2.35
1761304493882,CH1,POWER,2.35
1761304493888,CH1,POWER,2.35
1761304493894,CH1,POWER,2.35
1761304493898,CH1,POWER,2.35
1761304493904,CH1,POWER,2.35
1761304493908,CH1,POWER,2.35
1761304493916,CH1,POWER,2.35
1761304493921,CH1,POWER,2.35
1761304493928,CH1,POWER,2.35
1761304493934,CH1,POWER,2.35
1761304493938,CH1,POWER,2.35
1761304493944,CH1,POWER,2.35
1761304493948,CH1,POWER,2.35
1761304493954,CH1,POWER,2.35
1761304493958,CH1,POWER,2.35
1761304493964,CH1,POWER,2.35
1761304493968,CH1,POWER,2.35
1761304493974,CH1,POWER,2.35
1761304493978,CH1,POWER,2.35
1761304493986,CH1,POWER,2.35
1761304493991,CH1,POWER,2.35
1761304493998,CH1,POWER,2.35
1761304494004,CH1,POWER,2.35
1761304494008,CH1,POWER,2.35
1761304494014,CH1,POWER,2.35
1761304494018,CH1,POWER,2.35
1761304494022,CH1,POWER,2.35
1761304494028,CH1,POWER,2.35
1761304494034,CH1,POWER,2.35
1761304494038,CH1,POWER,2.35
1761304494044,CH1,POWER,2.35
1761304494048,CH1,POWER,2.35
1761304494054,CH1,POWER,2.35
1761304494058,CH1,POWER,2.35
1761304494066,CH1,POWER,2.35
1761304494072,CH1,POWER,2.35
1761304494077,CH1,POWER,2.35
1761304494082,CH1,POWER,2.35
1761304494087,CH1,POWER,2.35
1761304494092,CH1,POWER,2.35
1761304494097,CH1,POWER,2.35
1761304494104,CH1,POWER,2.35
1761304494109,CH1,POWER,2.35
1761304494114,CH1,POWER,2.35
1761304494119,CH1,POWER,2.35
1761304494126,CH1,POWER,2.35
1761304494131,CH1,POWER,2.35
1761304494139,CH1,POWER,2.35
1761304494146,CH1,POWER,2.35
1761304494152,CH1,POWER,2.35
1761304494158,CH1,POWER,2.35
1761304494164,CH1,POWER,2.35
1761304494168,CH1,POWER,2.35
1761304494171,CH1,POWER,2.35
1761304494197,CH1,POWER,2.35
1761304494202,CH1,POWER,2.35
1761304494207,CH1,POWER,2.35
1761304494212,CH1,POWER,2.35
1761304494217,CH1,POWER,2.35
1761304494222,CH1,POWER,2.35
1761304494230,CH1,POWER,2.35
1761304494236,CH1,POWER,2.35
1761304494240,CH1,POWER,2.35
1761304494246,CH1,POWER,2.35
1761304494250,CH1,POWER,2.35
1761304494256,CH1,POWER,2.35
1761304494260,CH1,POWER,2.35
1761304494266,CH1,POWER,2.35
1761304494271,CH1,POWER,2.35
1761304494278,CH1,POWER,2.35
1761304494284,CH1,POWER,2.35
1761304494289,CH1,POWER,2.35
1761304494294,CH1,POWER,2.35
1761304494300,CH1,POWER,2.35
1761304494306,CH1,POWER,2.35
1761304494310,CH1,POWER,2.35
1761304494318,CH1,POWER,2.35
1761304494323,CH1,POWER,2.35
1761304494330,CH1,POWER,2.35
1761304494336,CH1,POWER,2.35
1761304494340,CH1,POWER,2.35
1761304494346,CH1,POWER,2.35
1761304494350,CH1,POWER,2.35
1761304494356,CH1,POWER,2.35
1761304494360,CH1,POWER,2.35
1761304494368,CH1,POWER,2.35
1761304494373,CH1,POWER,2.35
1761304494379,CH1,POWER,2.35
1761304494384,CH1,POWER,2.35
1761304494390,CH1,POWER,2.35
1761304494396,CH1,POWER,2.35
1761304494401,CH1,POWER,2.35
1761304494408,CH1,POWER,2.35
1761304494413,CH1,POWER,2.35
1761304494421,CH1,POWER,2.35
1761304494426,CH1,POWER,2.35
1761304494430,CH1,POWER,2.35
1761304494436,CH1,POWER,2.35
1761304494440,CH1,POWER,2.35
1761304494448,CH1,POWER,2.35
1761304494453,CH1,POWER,2.35
1761304494460,CH1,POWER,2.35
1761304494466,CH1,POWER,2.35
1761304494470,CH1,POWER,2.35
1761304494476,CH1,POWER,2.35
1761304494481,CH1,POWER,2.35
1761304494486,CH1,POWER,2.35
1761304494490,CH1,POWER,2.35
1761304494498,CH1,POWER,2.35
1761304494503,CH1,POWER,2.35
1761304494510,CH1,POWER,2.35
1761304494516,CH1,POWER,2.35
1761304494520,CH1,POWER,2.35
1761304494526,CH1,POWER,2.35
1761304494531,CH1,POWER,2.35
1761304494539,CH1,POWER,2.35
1761304494544,CH1,POWER,2.35
1761304494550,CH1,POWER,2.35
1761304494554,CH1,POWER,2.35
1761304494559,CH1,POWER,2.35
1761304494563,CH1,POWER,2.40
1761304494590,CH1,POWER,2.40
1761304494594,CH1,POWER,2.40
1761304494599,CH1,POWER,2.40
1761304494604,CH1,POWER,2.40
1761304494609,CH1,POWER,2.40
1761304494614,CH1,POWER,2.40
1761304494619,CH1,POWER,2.40
1761304494626,CH1,POWER,2.40
1761304494632,CH1,POWER,2.40
1761304494640,CH1,POWER,2.40
1761304494646,CH1,POWER,2.40
1761304494651,CH1,POWER,2.40
1761304494656,CH1,POWER,2.40
1761304494661,CH1,POWER,2.40
1761304494666,CH1,POWER,2.40
1761304494671,CH1,POWER,2.40
1761304494676,CH1,POWER,2.40
1761304494681,CH1,POWER,2.40
1761304494686,CH1,POWER,2.40
1761304494691,CH1,POWER,2.40
1761304494697,CH1,POWER,2.40
1761304494701,CH1,POWER,2.40
1761304494706,CH1,POWER,2.40
1761304494711,CH1,POWER,2.40
1761304494716,CH1,POWER,2.40
1761304494721,CH1,POWER,2.40
1761304494726,CH1,POWER,2.40
1761304494732,CH1,POWER,2.40
1761304494736,CH1,POWER,2.40
1761304494742,CH1,POWER,2.40
1761304494748,CH1,POWER,2.40
1761304494752,CH1,POWER,2.40
1761304494758,CH1,POWER,2.40
1761304494762,CH1,POWER,2.40
1761304494769,CH1,POWER,2.40
1761304494773,CH1,POWER,2.40
1761304494781,CH1,POWER,2.40
1761304494786,CH1,POWER,2.40
1761304494791,CH1,POWER,2.40
1761304494796,CH1,POWER,2.40
1761304494801,CH1,POWER,2.40
1761304494806,CH1,POWER,2.40
1761304494811,CH1,POWER,2.40
1761304494817,CH1,POWER,2.40
1761304494822,CH1,POWER,2.40
1761304494828,CH1,POWER,2.40
1761304494833,CH1,POWER,2.40
1761304494838,CH1,POWER,2.40
1761304494842,CH1,POWER,2.40
1761304494848,CH1,POWER,2.40
1761304494854,CH1,POWER,2.40
1761304494859,CH1,POWER,2.40
1761304494865,CH1,POWER,2.40
1761304494871,CH1,POWER,2.40
1761304494876,CH1,POWER,2.40
1761304494883,CH1,POWER,2.40
1761304494888,CH1,POWER,2.40
1761304494892,CH1,POWER,2.40
1761304494898,CH1,POWER,2.40
1761304494902,CH1,POWER,2.40
1761304494908,CH1,POWER,2.40
1761304494913,CH1,POWER,2.40
1761304494922,CH1,POWER,2.40
1761304494928,CH1,POWER,2.40
1761304494934,CH1,POWER,2.40
1761304494940,CH1,POWER,2.40
1761304494946,CH1,POWER,2.40
1761304494951,CH1,POWER,2.40
1761304494956,CH1,POWER,2.35
1761304494983,CH1,POWER,2.35
1761304494988,CH1,POWER,2.35
1761304494993,CH1,POWER,2.35
1761304494998,CH1,POWER,2.35
1761304495003,CH1,POWER,2.35
1761304495008,CH1,POWER,2.35
1761304495013,CH1,POWER,2.35
1761304495018,CH1,POWER,2.35
1761304495023,CH1,POWER,2.35
1761304495028,CH1,POWER,2.35
1761304495033,CH1,POWER,2.35
1761304495038,CH1,POWER,2.35
1761304495043,CH1,POWER,2.35
1761304495048,CH1,POWER,2.35
1761304495053,CH1,POWER,2.35
1761304495058,CH1,POWER,2.35
1761304495063,CH1,POWER,2.35
1761304495068,CH1,POWER,2.35
1761304495073,CH1,POWER,2.35
1761304495078,CH1,POWER,2.35
1761304495083,CH1,POWER,2.35
1761304495088,CH1,POWER,2.35
1761304495093,CH1,POWER,2.35
1761304495098,CH1,POWER,2.35
1761304495103,CH1,POWER,2.35
1761304495108,CH1,POWER,2.35
1761304495114,CH1,POWER,2.35
1761304495118,CH1,POWER,2.35
1761304495123,CH1,POWER,2.35
1761304495128,CH1,POWER,2.35
1761304495133,CH1,POWER,2.35
1761304495138,CH1,POWER,2.35
1761304495143,CH1,POWER,2.35
1761304495148,CH1,POWER,2.35
1761304495153,CH1,POWER,2.35
1761304495158,CH1,POWER,2.35
1761304495163,CH1,POWER,2.35
1761304495168,CH1,POWER,2.35
1761304495173,CH1,POWER,2.35
1761304495178,CH1,POWER,2.35
1761304495183,CH1,POWER,2.35
1761304495188,CH1,POWER,2.35
1761304495193,CH1,POWER,2.35
1761304495198,CH1,POWER,2.35
1761304495203,CH1,POWER,2.35
1761304495208,CH1,POWER,2.35
1761304495213,CH1,POWER,2.35
1761304495218,CH1,POWER,2.35
1761304495223,CH1,POWER,2.35
1761304495228,CH1,POWER,2.35
1761304495236,CH1,POWER,2.35
1761304495242,CH1,POWER,2.35
1761304495247,CH1,POWER,2.35
1761304495254,CH1,POWER,2.35
1761304495260,CH1,POWER,2.35
1761304495264,CH1,POWER,2.35
1761304495270,CH1,POWER,2.35
1761304495274,CH1,POWER,2.35
1761304495283,CH1,POWER,2.35
1761304495289,CH1,POWER,2.35
1761304495293,CH1,POWER,2.35
1761304495297,CH1,POWER,2.35
1761304495304,CH1,POWER,2.35
1761304495312,CH1,POWER,2.35
1761304495318,CH1,POWER,2.35
1761304495323,CH1,POWER,2.35
1761304495328,CH1,POWER,2.35
1761304495334,CH1,POWER,2.35
1761304495340,CH1,POWER,2.35
1761304495344,CH1,POWER,2.35
1761304495350,CH1,POWER,2.35
1761304495354,CH1,POWER,2.35
1761304495357,CH1,POWER,2.35
1761304495383,CH1,POWER,2.35
1761304495388,CH1,POWER,2.35
1761304495393,CH1,POWER,2.35
1761304495398,CH1,POWER,2.35
1761304495403,CH1,POWER,2.35
1761304495408,CH1,POWER,2.35
1761304495413,CH1,POWER,2.35
1761304495418,CH1,POWER,2.35
1761304495423,CH1,POWER,2.35
1761304495428,CH1,POWER,2.35
1761304495433,CH1,POWER,2.35
1761304495438,CH1,POWER,2.35
1761304495443,CH1,POWER,2.35
1761304495448,CH1,POWER,2.35
1761304495453,CH1,POWER,2.35
1761304495458,CH1,POWER,2.35
1761304495463,CH1,POWER,2.35
1761304495468,CH1,POWER,2.35
1761304495473,CH1,POWER,2.35
1761304495478,CH1,POWER,2.35
1761304495483,CH1,POWER,2.35
1761304495488,CH1,POWER,2.35
1761304495493,CH1,POWER,2.35
1761304495498,CH1,POWER,2.35
1761304495503,CH1,POWER,2.35
1761304495508,CH1,POWER,2.35
1761304495513,CH1,POWER,2.35
1761304495518,CH1,POWER,2.35
1761304495523,CH1,POWER,2.35
1761304495528,CH1,POWER,2.35
1761304495533,CH1,POWER,2.35
1761304495539,CH1,POWER,2.35
1761304495543,CH1,POWER,2.35
1761304495548,CH1,POWER,2.35
1761304495553,CH1,POWER,2.35
1761304495558,CH1,POWER,2.35
1761304495564,CH1,POWER,2.35
1761304495568,CH1,POWER,2.35
1761304495573,CH1,POWER,2.35
1761304495578,CH1,POWER,2.35
1761304495583,CH1,POWER,2.35
1761304495588,CH1,POWER,2.35
1761304495593,CH1,POWER,2.35
1761304495598,CH1,POWER,2.35
1761304495606,CH1,POWER,2.35
1761304495610,CH1,POWER,2.35
1761304495615,CH1,POWER,2.35
1761304495620,CH1,POWER,2.35
1761304495625,CH1,POWER,2.35
1761304495630,CH1,POWER,2.35
1761304495635,CH1,POWER,2.35
1761304495640,CH1,POWER,2.35
1761304495645,CH1,POWER,2.35
1761304495650,CH1,POWER,2.35
1761304495655,CH1,POWER,2.35
1761304495660,CH1,POWER,2.35
1761304495665,CH1,POWER,2.35
1761304495670,CH1,POWER,2.35
1761304495675,CH1,POWER,2.35
1761304495680,CH1,POWER,2.35
1761304495685,CH1,POWER,2.35
1761304495690,CH1,POWER,2.35
1761304495695,CH1,POWER,2.35
1761304495700,CH1,POWER,2.35
1761304495705,CH1,POWER,2.35
1761304495710,CH1,POWER,2.35
1761304495715,CH1,POWER,2.35
1761304495720,CH1,POWER,2.35
1761304495725,CH1,POWER,2.35
1761304495730,CH1,POWER,2.35
1761304495735,CH1,POWER,2.35
1761304495740,CH1,POWER,2.35
1761304495745,CH1,POWER,2.35
1761304495750,CH1,POWER,2.35
1761304495755,CH1,POWER,2.35
1761304495758,CH1,POWER,2.35
1761304495785,CH1,POWER,2.35
1761304495790,CH1,POWER,2.35
1761304495795,CH1,POWER,2.35
1761304495800,CH1,POWER,2.35
1761304495805,CH1,POWER,2.35
1761304495810,CH1,POWER,2.35
1761304495815,CH1,POWER,2.35
1761304495820,CH1,POWER,2.35
1761304495825,CH1,POWER,2.35
1761304495830,CH1,POWER,2.35
1761304495835,CH1,POWER,2.35
1761304495840,CH1,POWER,2.35
1761304495845,CH1,POWER,2.35
1761304495850,CH1,POWER,2.35
1761304495855,CH1,POWER,2.35
1761304495860,CH1,POWER,2.35
1761304495865,CH1,POWER,2.35
1761304495870,CH1,POWER,2.35
1761304495875,CH1,POWER,2.35
1761304495880,CH1,POWER,2.35
1761304495885,CH1,POWER,2.35
1761304495890,CH1,POWER,2.35
1761304495895,CH1,POWER,2.35
1761304495900,CH1,POWER,2.35
1761304495905,CH1,POWER,2.35
1761304495912,CH1,POWER,2.35
1761304495917,CH1,POWER,2.35
1761304495921,CH1,POWER,2.35
1761304495925,CH1,POWER,2.35
1761304495929,CH1,POWER,2.35
1761304495933,CH1,POWER,2.35
1761304495938,CH1,POWER,2.35
1761304495946,CH1,POWER,2.35
1761304495950,CH1,POWER,2.35
1761304495956,CH1,POWER,2.35
1761304495961,CH1,POWER,2.35
1761304495967,CH1,POWER,2.35
1761304495974,CH1,POWER,2.35
1761304495978,CH1,POWER,2.35
1761304495986,CH1,POWER,2.35
1761304495992,CH1,POWER,2.35
1761304495998,CH1,POWER,2.35
1761304496006,CH1,POWER,2.35
1761304496010,CH1,POWER,2.35
1761304496015,CH1,POWER,2.35
1761304496021,CH1,POWER,2.35
1761304496027,CH1,POWER,2.35
1761304496034,CH1,POWER,2.35
1761304496038,CH1,POWER,2.35
1761304496044,CH1,POWER,2.35
1761304496048,CH1,POWER,2.35
1761304496054,CH1,POWER,2.35
1761304496058,CH1,POWER,2.35
1761304496066,CH1,POWER,2.35
1761304496071,CH1,POWER,2.35
1761304496078,CH1,POWER,2.35
1761304496084,CH1,POWER,2.35
1761304496090,CH1,POWER,2.35
1761304496095,CH1,POWER,2.35
1761304496100,CH1,POWER,2.35
1761304496105,CH1,POWER,2.35
1761304496110,CH1,POWER,2.35
1761304496115,CH1,POWER,2.35
1761304496120,CH1,POWER,2.35
1761304496125,CH1,POWER,2.35
1761304496130,CH1,POWER,2.35
1761304496135,CH1,POWER,2.35
1761304496140,CH1,POWER,2.35
1761304496145,CH1,POWER,2.35
1761304496148,CH1,POWER,2.35
1761304496151,CH1,POWER,2.35
1761304496177,CH1,POWER,2.35
1761304496182,CH1,POWER,2.35
1761304496187,CH1,POWER,2.35
1761304496192,CH1,POWER,2.35
1761304496198,CH1,POWER,2.35
1761304496202,CH1,POWER,2.35
1761304496207,CH1,POWER,2.35
1761304496212,CH1,POWER,2.35
1761304496217,CH1,POWER,2.35
1761304496222,CH1,POWER,2.35
1761304496227,CH1,POWER,2.35
1761304496232,CH1,POWER,2.35
1761304496237,CH1,POWER,2.35
1761304496242,CH1,POWER,2.35
1761304496247,CH1,POWER,2.35
1761304496252,CH1,POWER,2.35
1761304496257,CH1,POWER,2.35
1761304496262,CH1,POWER,2.35
1761304496267,CH1,POWER,2.35
1761304496272,CH1,POWER,2.35
1761304496277,CH1,POWER,2.35
1761304496282,CH1,POWER,2.35
1761304496287,CH1,POWER,2.35
1761304496292,CH1,POWER,2.35
1761304496297,CH1,POWER,2.35
1761304496302,CH1,POWER,2.35
1761304496307,CH1,POWER,2.35
1761304496312,CH1,POWER,2.35
1761304496317,CH1,POWER,2.35
1761304496322,CH1,POWER,2.35
1761304496327,CH1,POWER,2.35
1761304496332,CH1,POWER,2.35
1761304496337,CH1,POWER,2.35
1761304496342,CH1,POWER,2.35
1761304496347,CH1,POWER,2.35
1761304496352,CH1,POWER,2.35
1761304496357,CH1,POWER,2.35
1761304496362,CH1,POWER,2.35
1761304496369,CH1,POWER,2.35
1761304496373,CH1,POWER,2.35
1761304496380,CH1,POWER,2.35
1761304496386,CH1,POWER,2.35
1761304496390,CH1,POWER,2.35
1761304496396,CH1,POWER,2.35
1761304496400,CH1,POWER,2.35
1761304496406,CH1,POWER,2.35
1761304496410,CH1,POWER,2.35
1761304496416,CH1,POWER,2.35
1761304496420,CH1,POWER,2.35
1761304496426,CH1,POWER,2.35
1761304496430,CH1,POWER,2.35
1761304496436,CH1,POWER,2.35
1761304496442,CH1,POWER,2.35
1761304496450,CH1,POWER,2.35
1761304496458,CH1,POWER,2.35
1761304496463,CH1,POWER,2.35
1761304496470,CH1,POWER,2.35
1761304496476,CH1,POWER,2.35
1761304496480,CH1,POWER,2.35
1761304496486,CH1,POWER,2.35
1761304496490,CH1,POWER,2.35
1761304496496,CH1,POWER,2.35
1761304496500,CH1,POWER,2.35
1761304496506,CH1,POWER,2.35
1761304496510,CH1,POWER,2.35
1761304496516,CH1,POWER,2.35
1761304496522,CH1,POWER,2.35
1761304496527,CH1,POWER,2.35
1761304496532,CH1,POWER,2.35
1761304496537,CH1,POWER,2.35
1761304496542,CH1,POWER,2.35
1761304496547,CH1,POWER,2.35
1761304496555,CH1,POWER,2.35
1761304496582,CH1,POWER,2.35
1761304496588,CH1,POWER,2.35
1761304496592,CH1,POWER,2.35
1761304496598,CH1,POWER,2.35
1761304496602,CH1,POWER,2.35
1761304496608,CH1,POWER,2.35
1761304496612,CH1,POWER,2.35
1761304496618,CH1,POWER,2.35
1761304496624,CH1,POWER,2.35
1761304496629,CH1,POWER,2.35
1761304496635,CH1,POWER,2.35
1761304496639,CH1,POWER,2.35
1761304496644,CH1,POWER,2.35
1761304496649,CH1,POWER,2.35
1761304496654,CH1,POWER,2.35
1761304496659,CH1,POWER,2.35
1761304496664,CH1,POWER,2.35
1761304496669,CH1,POWER,2.35
1761304496674,CH1,POWER,2.35
1761304496679,CH1,POWER,2.35
1761304496684,CH1,POWER,2.35
1761304496690,CH1,POWER,2.35
1761304496694,CH1,POWER,2.35
1761304496699,CH1,POWER,2.35
1761304496704,CH1,POWER,2.35
1761304496709,CH1,POWER,2.35
1761304496714,CH1,POWER,2.35
1761304496719,CH1,POWER,2.35
1761304496724,CH1,POWER,2.35
1761304496729,CH1,POWER,2.35
1761304496734,CH1,POWER,2.35
1761304496739,CH1,POWER,2.35
1761304496744,CH1,POWER,2.35
1761304496749,CH1,POWER,2.35
1761304496754,CH1,POWER,2.35
1761304496760,CH1,POWER,2.35
1761304496765,CH1,POWER,2.35
1761304496772,CH1,POWER,2.35
1761304496778,CH1,POWER,2.35
1761304496782,CH1,POWER,2.35
1761304496788,CH1,POWER,2.35
1761304496792,CH1,POWER,2.35
1761304496798,CH1,POWER,2.35
1761304496803,CH1,POWER,2.35
1761304496810,CH1,POWER,2.35
1761304496815,CH1,POWER,2.35
1761304496822,CH1,POWER,2.35
1761304496828,CH1,POWER,2.35
1761304496832,CH1,POWER,2.35
1761304496838,CH1,POWER,2.35
1761304496842,CH1,POWER,2.35
1761304496848,CH1,POWER,2.35
1761304496852,CH1,POWER,2.35
1761304496858,CH1,POWER,2.35
1761304496864,CH1,POWER,2.35
1761304496869,CH1,POWER,2.35
1761304496874,CH1,POWER,2.35
1761304496879,CH1,POWER,2.35
1761304496884,CH1,POWER,2.35
1761304496891,CH1,POWER,2.35
1761304496896,CH1,POWER,2.35
1761304496902,CH1,POWER,2.35
1761304496906,CH1,POWER,2.35
1761304496911,CH1,POWER,2.35
1761304496917,CH1,POWER,2.35
1761304496921,CH1,POWER,2.35
1761304496926,CH1,POWER,2.35
1761304496931,CH1,POWER,2.35
1761304496936,CH1,POWER,2.35
1761304496941,CH1,POWER,2.35
1761304496945,CH1,POWER,2.35
1761304496973,CH1,POWER,2.35
1761304496978,CH1,POWER,2.35
1761304496983,CH1,POWER,2.35
1761304496988,CH1,POWER,2.35
1761304496993,CH1,POWER,2.35
1761304496998,CH1,POWER,2.35
1761304497003,CH1,POWER,2.35
1761304497008,CH1,POWER,2.35
1761304497013,CH1,POWER,2.35
1761304497018,CH1,POWER,2.35
1761304497023,CH1,POWER,2.35
1761304497028,CH1,POWER,2.35
1761304497033,CH1,POWER,2.35
1761304497038,CH1,POWER,2.35
1761304497043,CH1,POWER,2.35
1761304497050,CH1,POWER,2.35
1761304497054,CH1,POWER,2.35
1761304497062,CH1,POWER,2.35
1761304497068,CH1,POWER,2.35
1761304497074,CH1,POWER,2.35
1761304497080,CH1,POWER,2.35
1761304497086,CH1,POWER,2.35
1761304497094,CH1,POWER,2.35
1761304497100,CH1,POWER,2.35
1761304497105,CH1,POWER,2.35
1761304497112,CH1,POWER,2.35
1761304497117,CH1,POWER,2.35
1761304497124,CH1,POWER,2.35
1761304497130,CH1,POWER,2.35
1761304497136,CH1,POWER,2.35
1761304497141,CH1,POWER,2.35
1761304497146,CH1,POWER,2.35
1761304497152,CH1,POWER,2.35
1761304497158,CH1,POWER,2.35
1761304497163,CH1,POWER,2.35
1761304497168,CH1,POWER,2.35
1761304497173,CH1,POWER,2.35
1761304497179,CH1,POWER,2.35
1761304497183,CH1,POWER,2.35
1761304497188,CH1,POWER,2.35
1761304497193,CH1,POWER,2.35
1761304497198,CH1,POWER,2.35
1761304497204,CH1,POWER,2.35
1761304497209,CH1,POWER,2.35
1761304497214,CH1,POWER,2.35
1761304497220,CH1,POWER,2.35
1761304497224,CH1,POWER,2.35
1761304497230,CH1,POWER,2.35
1761304497235,CH1,POWER,2.35
1761304497242,CH1,POWER,2.35
1761304497247,CH1,POWER,2.35
1761304497254,CH1,POWER,2.35
1761304497260,CH1,POWER,2.35
1761304497265,CH1,POWER,2.35
1761304497271,CH1,POWER,2.35
1761304497276,CH1,POWER,2.35
1761304497284,CH1,POWER,2.35
1761304497290,CH1,POWER,2.35
1761304497294,CH1,POWER,2.35
1761304497300,CH1,POWER,2.35
1761304497304,CH1,POWER,2.35
1761304497312,CH1,POWER,2.35
1761304497317,CH1,POWER,2.35
1761304497324,CH1,POWER,2.35
1761304497330,CH1,POWER,2.35
1761304497334,CH1,POWER,2.35
1761304497338,CH1,POWER,2.35
1761304497366,CH1,POWER,2.35
1761304497372,CH1,POWER,2.35
1761304497376,CH1,POWER,2.35
1761304497384,CH1,POWER,2.35
1761304497389,CH1,POWER,2.35
1761304497395,CH1,POWER,2.35
1761304497400,CH1,POWER,2.35
1761304497406,CH1,POWER,2.35
1761304497414,CH1,POWER,2.35
1761304497419,CH1,POWER,2.35
1761304497426,CH1,POWER,2.35
1761304497431,CH1,POWER,2.35
1761304497436,CH1,POWER,2.35
1761304497442,CH1,POWER,2.35
1761304497446,CH1,POWER,2.35
1761304497452,CH1,POWER,2.35
1761304497456,CH1,POWER,2.35
1761304497464,CH1,POWER,2.35
1761304497470,CH1,POWER,2.35
1761304497475,CH1,POWER,2.35
1761304497482,CH1,POWER,2.35
1761304497486,CH1,POWER,2.35
1761304497491,CH1,POWER,2.35
1761304497496,CH1,POWER,2.35
1761304497502,CH1,POWER,2.35
1761304497506,CH1,POWER,2.35
1761304497512,CH1,POWER,2.35
1761304497516,CH1,POWER,2.35
1761304497522,CH1,POWER,2.35
1761304497526,CH1,POWER,2.35
1761304497532,CH1,POWER,2.35
1761304497536,CH1,POWER,2.35
1761304497542,CH1,POWER,2.35
1761304497546,CH1,POWER,2.35
1761304497552,CH1,POWER,2.35
1761304497556,CH1,POWER,2.35
1761304497562,CH1,POWER,2.35
1761304497566,CH1,POWER,2.35
1761304497572,CH1,POWER,2.35
1761304497576,CH1,POWER,2.35
1761304497582,CH1,POWER,2.35
1761304497586,CH1,POWER,2.35
1761304497592,CH1,POWER,2.35
1761304497596,CH1,POWER,2.35
1761304497602,CH1,POWER,2.35
1761304497606,CH1,POWER,2.35
1761304497612,CH1,POWER,2.35
1761304497616,CH1,POWER,2.35
1761304497622,CH1,POWER,2.35
1761304497626,CH1,POWER,2.35
1761304497632,CH1,POWER,2.35
1761304497636,CH1,POWER,2.35
1761304497642,CH1,POWER,2.35
1761304497646,CH1,POWER,2.35
1761304497652,CH1,POWER,2.35
1761304497656,CH1,POWER,2.35
1761304497662,CH1,POWER,2.35
1761304497666,CH1,POWER,2.35
1761304497672,CH1,POWER,2.35
1761304497676,CH1,POWER,2.35
1761304497682,CH1,POWER,2.35
1761304497686,CH1,POWER,2.35
1761304497692,CH1,POWER,2.35
1761304497696,CH1,POWER,2.35
1761304497702,CH1,POWER,2.35
1761304497708,CH1,POWER,2.35
1761304497713,CH1,POWER,2.35
1761304497718,CH1,POWER,2.35
1761304497723,CH1,POWER,2.35
1761304497728,CH1,POWER,2.35
1761304497733,CH1,POWER,2.35
1761304497736,CH1,POWER,2.35
1761304497739,CH1,POWER,2.35
1761304497767,CH1,POWER,2.35
1761304497772,CH1,POWER,2.35
1761304497777,CH1,POWER,2.35
1761304497782,CH1,POWER,2.35
1761304497787,CH1,POWER,2.35
1761304497792,CH1,POWER,2.35
1761304497797,CH1,POWER,2.35
1761304497802,CH1,POWER,2.35
1761304497807,CH1,POWER,2.35
1761304497812,CH1,POWER,2.35
1761304497818,CH1,POWER,2.35
1761304497824,CH1,POWER,2.35
1761304497828,CH1,POWER,2.35
1761304497834,CH1,POWER,2.35
1761304497838,CH1,POWER,2.35
1761304497843,CH1,POWER,2.35
1761304497848,CH1,POWER,2.35
1761304497856,CH1,POWER,2.35
1761304497861,CH1,POWER,2.35
1761304497868,CH1,POWER,2.35
1761304497874,CH1,POWER,2.35
1761304497879,CH1,POWER,2.35
1761304497886,CH1,POWER,2.35
1761304497891,CH1,POWER,2.35
1761304497898,CH1,POWER,2.35
1761304497904,CH1,POWER,2.35
1761304497908,CH1,POWER,2.35
1761304497914,CH1,POWER,2.35
1761304497918,CH1,POWER,2.35
1761304497924,CH1,POWER,2.35
1761304497928,CH1,POWER,2.35
1761304497934,CH1,POWER,2.35
1761304497939,CH1,POWER,2.35
1761304497946,CH1,POWER,2.35
1761304497951,CH1,POWER,2.35
1761304497958,CH1,POWER,2.35
1761304497964,CH1,POWER,2.35
1761304497969,CH1,POWER,2.35
1761304497974,CH1,POWER,2.35
1761304497978,CH1,POWER,2.35
1761304497984,CH1,POWER,2.35
1761304497988,CH1,POWER,2.35
1761304497994,CH1,POWER,2.35
1761304497998,CH1,POWER,2.35
1761304498004,CH1,POWER,2.35
1761304498008,CH1,POWER,2.35
1761304498014,CH1,POWER,2.35
1761304498019,CH1,POWER,2.35
1761304498026,CH1,POWER,2.35
1761304498031,CH1,POWER,2.35
1761304498038,CH1,POWER,2.35
1761304498044,CH1,POWER,2.35
1761304498050,CH1,POWER,2.35
1761304498055,CH1,POWER,2.35
1761304498060,CH1,POWER,2.35
1761304498065,CH1,POWER,2.35
1761304498070,CH1,POWER,2.35
1761304498075,CH1,POWER,2.35
1761304498080,CH1,POWER,2.35
1761304498085,CH1,POWER,2.35
1761304498090,CH1,POWER,2.35
1761304498095,CH1,POWER,2.35
1761304498100,CH1,POWER,2.35
1761304498105,CH1,POWER,2.35
1761304498110,CH1,POWER,2.35
1761304498115,CH1,POWER,2.35
1761304498120,CH1,POWER,2.35
1761304498128,CH1,POWER,2.35
1761304498131,CH1,POWER,2.35
1761304498159,CH1,POWER,2.35
1761304498164,CH1,POWER,2.35
1761304498169,CH1,POWER,2.35
1761304498174,CH1,POWER,2.35
1761304498179,CH1,POWER,2.35
1761304498185,CH1,POWER,2.35
1761304498190,CH1,POWER,2.35
1761304498196,CH1,POWER,2.35
1761304498201,CH1,POWER,2.35
1761304498208,CH1,POWER,2.35
1761304498213,CH1,POWER,2.35
1761304498220,CH1,POWER,2.35
1761304498226,CH1,POWER,2.35
1761304498231,CH1,POWER,2.35
1761304498238,CH1,POWER,2.35
1761304498243,CH1,POWER,2.35
1761304498251,CH1,POWER,2.35
1761304498256,CH1,POWER,2.35
1761304498260,CH1,POWER,2.35
1761304498266,CH1,POWER,2.35
1761304498270,CH1,POWER,2.35
1761304498276,CH1,POWER,2.35
1761304498280,CH1,POWER,2.35
1761304498286,CH1,POWER,2.35
1761304498290,CH1,POWER,2.35
1761304498296,CH1,POWER,2.35
1761304498300,CH1,POWER,2.35
1761304498306,CH1,POWER,2.35
1761304498312,CH1,POWER,2.35
1761304498317,CH1,POWER,2.35
1761304498322,CH1,POWER,2.35
1761304498327,CH1,POWER,2.35
1761304498332,CH1,POWER,2.35
1761304498337,CH1,POWER,2.35
1761304498342,CH1,POWER,2.35
1761304498347,CH1,POWER,2.35
1761304498352,CH1,POWER,2.35
1761304498357,CH1,POWER,2.35
1761304498362,CH1,POWER,2.35
1761304498367,CH1,POWER,2.35
1761304498372,CH1,POWER,2.35
1761304498377,CH1,POWER,2.35
1761304498382,CH1,POWER,2.35
1761304498387,CH1,POWER,2.35
1761304498392,CH1,POWER,2.35
1761304498397,CH1,POWER,2.35
1761304498402,CH1,POWER,2.35
1761304498407,CH1,POWER,2.35
1761304498412,CH1,POWER,2.35
1761304498417,CH1,POWER,2.35
1761304498422,CH1,POWER,2.35
1761304498427,CH1,POWER,2.35
1761304498432,CH1,POWER,2.35
1761304498437,CH1,POWER,2.35
1761304498442,CH1,POWER,2.35
1761304498447,CH1,POWER,2.35
1761304498452,CH1,POWER,2.35
1761304498457,CH1,POWER,2.35
1761304498462,CH1,POWER,2.35
1761304498467,CH1,POWER,2.35
1761304498472,CH1,POWER,2.35
1761304498477,CH1,POWER,2.35
1761304498482,CH1,POWER,2.35
1761304498487,CH1,POWER,2.35
1761304498494,CH1,POWER,2.35
1761304498499,CH1,POWER,2.35
1761304498504,CH1,POWER,2.35
1761304498509,CH1,POWER,2.35
1761304498514,CH1,POWER,2.35
1761304498519,CH1,POWER,2.35
1761304498524,CH1,POWER,2.35
1761304498529,CH1,POWER,2.35
1761304498532,CH1,POWER,2.35
1761304498558,CH1,POWER,2.35
1761304498563,CH1,POWER,2.35
1761304498570,CH1,POWER,2.35
1761304498575,CH1,POWER,2.35
1761304498581,CH1,POWER,2.35
1761304498587,CH1,POWER,2.35
1761304498592,CH1,POWER,2.35
1761304498600,CH1,POWER,2.35
1761304498604,CH1,POWER,2.35
1761304498610,CH1,POWER,2.35
1761304498615,CH1,POWER,2.35
1761304498622,CH1,POWER,2.35
1761304498627,CH1,POWER,2.35
1761304498632,CH1,POWER,2.35
1761304498640,CH1,POWER,2.35
1761304498645,CH1,POWER,2.35
1761304498652,CH1,POWER,2.35
1761304498657,CH1,POWER,2.35
1761304498662,CH1,POWER,2.35
1761304498667,CH1,POWER,2.35
1761304498672,CH1,POWER,2.35
1761304498677,CH1,POWER,2.35
1761304498682,CH1,POWER,2.35
1761304498688,CH1,POWER,2.35
1761304498693,CH1,POWER,2.35
1761304498700,CH1,POWER,2.35
1761304498705,CH1,POWER,2.35
1761304498712,CH1,POWER,2.35
1761304498718,CH1,POWER,2.35
1761304498723,CH1,POWER,2.35
1761304498730,CH1,POWER,2.35
1761304498735,CH1,POWER,2.35
1761304498742,CH1,POWER,2.35
1761304498748,CH1,POWER,2.35
1761304498752,CH1,POWER,2.35
1761304498758,CH1,POWER,2.35
1761304498762,CH1,POWER,2.35
1761304498768,CH1,POWER,2.35
1761304498772,CH1,POWER,2.35
1761304498778,CH1,POWER,2.35
1761304498782,CH1,POWER,2.35
1761304498788,CH1,POWER,2.35
1761304498792,CH1,POWER,2.35
1761304498798,CH1,POWER,2.35
1761304498802,CH1,POWER,2.35
1761304498808,CH1,POWER,2.35
1761304498812,CH1,POWER,2.35
1761304498818,CH1,POWER,2.35
1761304498822,CH1,POWER,2.35
1761304498828,CH1,POWER,2.35
1761304498832,CH1,POWER,2.35
1761304498838,CH1,POWER,2.35
1761304498842,CH1,POWER,2.35
1761304498848,CH1,POWER,2.35
1761304498852,CH1,POWER,2.35
1761304498858,CH1,POWER,2.35
1761304498862,CH1,POWER,2.35
1761304498868,CH1,POWER,2.35
1761304498874,CH1,POWER,2.35
1761304498879,CH1,POWER,2.35
1761304498884,CH1,POWER,2.35
1761304498889,CH1,POWER,2.35
1761304498894,CH1,POWER,2.35
1761304498899,CH1,POWER,2.35
1761304498904,CH1,POWER,2.35
1761304498909,CH1,POWER,2.35
1761304498914,CH1,POWER,2.35
1761304498919,CH1,POWER,2.35
1761304498924,CH1,POWER,2.35
1761304498927,CH1,POWER,2.35
1761304498954,CH1,POWER,2.35
1761304498960,CH1,POWER,2.35
1761304498964,CH1,POWER,2.35
1761304498970,CH1,POWER,2.35
1761304498974,CH1,POWER,2.35
1761304498980,CH1,POWER,2.35
1761304498985,CH1,POWER,2.35
1761304498992,CH1,POWER,2.35
1761304498997,CH1,POWER,2.35
1761304499004,CH1,POWER,2.35
1761304499010,CH1,POWER,2.35
1761304499014,CH1,POWER,2.35
1761304499019,CH1,POWER,2.35
1761304499024,CH1,POWER,2.35
1761304499030,CH1,POWER,2.35
1761304499034,CH1,POWER,2.35
1761304499040,CH1,POWER,2.35
1761304499044,CH1,POWER,2.35
1761304499049,CH1,POWER,2.35
1761304499054,CH1,POWER,2.35
1761304499060,CH1,POWER,2.35
1761304499066,CH1,POWER,2.35
1761304499071,CH1,POWER,2.35
1761304499076,CH1,POWER,2.35
1761304499081,CH1,POWER,2.35
1761304499086,CH1,POWER,2.35
1761304499091,CH1,POWER,2.35
1761304499096,CH1,POWER,2.35
1761304499101,CH1,POWER,2.35
1761304499106,CH1,POWER,2.35
1761304499111,CH1,POWER,2.35
1761304499116,CH1,POWER,2.35
1761304499121,CH1,POWER,2.35
1761304499126,CH1,POWER,2.35
1761304499131,CH1,POWER,2.35
1761304499136,CH1,POWER,2.35
1761304499141,CH1,POWER,2.35
1761304499146,CH1,POWER,2.35
1761304499151,CH1,POWER,2.35
1761304499156,CH1,POWER,2.35
1761304499161,CH1,POWER,2.35
1761304499166,CH1,POWER,2.35
1761304499171,CH1,POWER,2.35
1761304499176,CH1,POWER,2.35
1761304499181,CH1,POWER,2.35
1761304499186,CH1,POWER,2.35
1761304499191,CH1,POWER,2.35
1761304499196,CH1,POWER,2.35
1761304499201,CH1,POWER,2.35
1761304499206,CH1,POWER,2.35
1761304499211,CH1,POWER,2.35
1761304499216,CH1,POWER,2.35
1761304499221,CH1,POWER,2.35
1761304499226,CH1,POWER,2.35
1761304499231,CH1,POWER,2.35
1761304499236,CH1,POWER,2.35
1761304499241,CH1,POWER,2.35
1761304499246,CH1,POWER,2.35
1761304499251,CH1,POWER,2.35
1761304499256,CH1,POWER,2.35
1761304499264,CH1,POWER,2.35
1761304499269,CH1,POWER,2.35
1761304499274,CH1,POWER,2.35
1761304499280,CH1,POWER,2.35
1761304499284,CH1,POWER,2.35
1761304499289,CH1,POWER,2.35
1761304499295,CH1,POWER,2.35
1761304499301,CH1,POWER,2.35
1761304499306,CH1,POWER,2.35
1761304499311,CH1,POWER,2.35
1761304499316,CH1,POWER,2.35
1761304499343,CH1,POWER,2.35
1761304499348,CH1,POWER,2.35
1761304499353,CH1,POWER,2.35
1761304499358,CH1,POWER,2.35
1761304499363,CH1,POWER,2.35
1761304499368,CH1,POWER,2.35
1761304499373,CH1,POWER,2.35
1761304499378,CH1,POWER,2.35
1761304499383,CH1,POWER,2.35
1761304499388,CH1,POWER,2.35
1761304499393,CH1,POWER,2.35
1761304499398,CH1,POWER,2.35
1761304499403,CH1,POWER,2.35
1761304499408,CH1,POWER,2.35
1761304499413,CH1,POWER,2.35
1761304499418,CH1,POWER,2.35
1761304499423,CH1,POWER,2.35
1761304499428,CH1,POWER,2.35
1761304499433,CH1,POWER,2.35
1761304499438,CH1,POWER,2.35
1761304499443,CH1,POWER,2.35
1761304499448,CH1,POWER,2.35
1761304499453,CH1,POWER,2.35
1761304499458,CH1,POWER,2.35
1761304499463,CH1,POWER,2.35
1761304499468,CH1,POWER,2.35
1761304499473,CH1,POWER,2.35
1761304499478,CH1,POWER,2.35
1761304499483,CH1,POWER,2.35
1761304499488,CH1,POWER,2.35
1761304499493,CH1,POWER,2.35
1761304499498,CH1,POWER,2.35
1761304499503,CH1,POWER,2.35
1761304499508,CH1,POWER,2.35
1761304499513,CH1,POWER,2.35
1761304499518,CH1,POWER,2.35
1761304499523,CH1,POWER,2.35
1761304499528,CH1,POWER,2.35
1761304499533,CH1,POWER,2.35
1761304499538,CH1,POWER,2.35
1761304499543,CH1,POWER,2.35
1761304499548,CH1,POWER,2.35
1761304499553,CH1,POWER,2.35
1761304499558,CH1,POWER,2.35
1761304499563,CH1,POWER,2.35
1761304499568,CH1,POWER,2.35
1761304499573,CH1,POWER,2.35
1761304499578,CH1,POWER,2.35
1761304499583,CH1,POWER,2.35
1761304499588,CH1,POWER,2.35
1761304499593,CH1,POWER,2.35
1761304499598,CH1,POWER,2.35
1761304499603,CH1,POWER,2.35
1761304499608,CH1,POWER,2.35
1761304499613,CH1,POWER,2.35
1761304499618,CH1,POWER,2.35
1761304499623,CH1,POWER,2.35
1761304499628,CH1,POWER,2.35
1761304499633,CH1,POWER,2.35
1761304499638,CH1,POWER,2.35
1761304499643,CH1,POWER,2.35
1761304499648,CH1,POWER,2.35
1761304499653,CH1,POWER,2.35
1761304499658,CH1,POWER,2.35
1761304499663,CH1,POWER,2.35
1761304499668,CH1,POWER,2.35
1761304499673,CH1,POWER,2.35
1761304499678,CH1,POWER,2.35
1761304499683,CH1,POWER,2.35
1761304499688,CH1,POWER,2.35
1761304499693,CH1,POWER,2.35
1761304499698,CH1,POWER,2.35
1761304499703,CH1,POWER,2.35
1761304499708,CH1,POWER,2.35
1761304499713,CH1,POWER,2.35
1761304499718,CH1,POWER,2.35
1761304499721,CH1,POWER,2.35
1761304499749,CH1,POWER,2.35
1761304499756,CH1,POWER,2.35
1761304499761,CH1,POWER,2.35
1761304499768,CH1,POWER,2.35
1761304499773,CH1,POWER,2.35
1761304499778,CH1,POWER,2.35
1761304499783,CH1,POWER,2.35
1761304499788,CH1,POWER,2.35
1761304499794,CH1,POWER,2.35
1761304499799,CH1,POWER,2.35
1761304499806,CH1,POWER,2.35
1761304499811,CH1,POWER,2.35
1761304499818,CH1,POWER,2.35
1761304499824,CH1,POWER,2.35
1761304499828,CH1,POWER,2.35
1761304499834,CH1,POWER,2.35
1761304499839,CH1,POWER,2.35
1761304499846,CH1,POWER,2.35
1761304499851,CH1,POWER,2.35
1761304499858,CH1,POWER,2.35
1761304499863,CH1,POWER,2.35
1761304499868,CH1,POWER,2.35
1761304499874,CH1,POWER,2.35
1761304499878,CH1,POWER,2.35
1761304499884,CH1,POWER,2.35
1761304499888,CH1,POWER,2.35
1761304499893,CH1,POWER,2.35
1761304499898,CH1,POWER,2.35
1761304499904,CH1,POWER,2.35
1761304499910,CH1,POWER,2.35
1761304499915,CH1,POWER,2.35
1761304499920,CH1,POWER,2.35
1761304499925,CH1,POWER,2.35
1761304499930,CH1,POWER,2.35
1761304499935,CH1,POWER,2.35
1761304499940,CH1,POWER,2.35
1761304499945,CH1,POWER,2.35
1761304499950,CH1,POWER,2.35
1761304499955,CH1,POWER,2.35
1761304499960,CH1,POWER,2.35
1761304499965,CH1,POWER,2.35
1761304499970,CH1,POWER,2.35
1761304499975,CH1,POWER,2.35
1761304499980,CH1,POWER,2.35
1761304499985,CH1,POWER,2.35
1761304499990,CH1,POWER,2.35
1761304499995,CH1,POWER,2.35
1761304500000,CH1,POWER,2.35
1761304500005,CH1,POWER,2.35
1761304500011,CH1,POWER,2.35
1761304500018,CH1,POWER,2.35
1761304500023,CH1,POWER,2.35
1761304500028,CH1,POWER,2.35
1761304500036,CH1,POWER,2.35
1761304500042,CH1,POWER,2.35
1761304500047,CH1,POWER,2.35
1761304500053,CH1,POWER,2.35
1761304500058,CH1,POWER,2.35
1761304500066,CH1,POWER,2.35
1761304500072,CH1,POWER,2.35
1761304500078,CH1,POWER,2.35
1761304500086,CH1,POWER,2.35
1761304500092,CH1,POWER,2.35
1761304500098,CH1,POWER,2.35
1761304500102,CH1,POWER,2.35
1761304500108,CH1,POWER,2.35
1761304500113,CH1,POWER,2.35
1761304500140,CH1,POWER,2.35
1761304500145,CH1,POWER,2.35
1761304500150,CH1,POWER,2.35
1761304500155,CH1,POWER,2.35
1761304500160,CH1,POWER,2.35
1761304500168,CH1,POWER,2.35
1761304500173,CH1,POWER,2.35
1761304500180,CH1,POWER,2.35
1761304500185,CH1,POWER,2.35
1761304500190,CH1,POWER,2.35
1761304500195,CH1,POWER,2.35
1761304500200,CH1,POWER,2.35
1761304500205,CH1,POWER,2.35
1761304500210,CH1,POWER,2.35
1761304500215,CH1,POWER,2.35
1761304500220,CH1,POWER,2.35
1761304500225,CH1,POWER,2.35
1761304500230,CH1,POWER,2.35
1761304500235,CH1,POWER,2.35
1761304500240,CH1,POWER,2.35
1761304500245,CH1,POWER,2.35
1761304500250,CH1,POWER,2.35
1761304500255,CH1,POWER,2.35
1761304500260,CH1,POWER,2.35
1761304500265,CH1,POWER,2.35
1761304500270,CH1,POWER,2.35
1761304500275,CH1,POWER,2.35
1761304500280,CH1,POWER,2.35
1761304500285,CH1,POWER,2.35
1761304500290,CH1,POWER,2.35
1761304500295,CH1,POWER,2.35
1761304500300,CH1,POWER,2.35
1761304500305,CH1,POWER,2.35
1761304500310,CH1,POWER,2.35
1761304500315,CH1,POWER,2.35
1761304500320,CH1,POWER,2.35
1761304500326,CH1,POWER,2.35
1761304500330,CH1,POWER,2.35
1761304500335,CH1,POWER,2.35
1761304500340,CH1,POWER,2.35
1761304500348,CH1,POWER,2.35
1761304500353,CH1,POWER,2.35
1761304500360,CH1,POWER,2.35
1761304500365,CH1,POWER,2.35
1761304500370,CH1,POWER,2.35
1761304500375,CH1,POWER,2.35
1761304500380,CH1,POWER,2.35
1761304500385,CH1,POWER,2.35
1761304500390,CH1,POWER,2.35
1761304500395,CH1,POWER,2.35
1761304500400,CH1,POWER,2.35
1761304500405,CH1,POWER,2.35
1761304500410,CH1,POWER,2.35
1761304500415,CH1,POWER,2.35
1761304500420,CH1,POWER,2.35
1761304500425,CH1,POWER,2.35
1761304500430,CH1,POWER,2.35
1761304500435,CH1,POWER,2.35
1761304500440,CH1,POWER,2.35
1761304500445,CH1,POWER,2.35
1761304500450,CH1,POWER,2.35
1761304500455,CH1,POWER,2.35
1761304500460,CH1,POWER,2.35
1761304500465,CH1,POWER,2.35
1761304500470,CH1,POWER,2.35
1761304500476,CH1,POWER,2.35
1761304500481,CH1,POWER,2.35
1761304500488,CH1,POWER,2.35
1761304500493,CH1,POWER,2.35
1761304500500,CH1,POWER,2.35
1761304500503,CH1,POWER,2.35
1761304500531,CH1,POWER,2.35
1761304500536,CH1,POWER,2.35
1761304500541,CH1,POWER,2.35
1761304500546,CH1,POWER,2.35
1761304500551,CH1,POWER,2.35
1761304500556,CH1,POWER,2.35
1761304500561,CH1,POWER,2.35
1761304500566,CH1,POWER,2.35
1761304500571,CH1,POWER,2.35
1761304500576,CH1,POWER,2.35
1761304500581,CH1,POWER,2.35
1761304500586,CH1,POWER,2.35
1761304500591,CH1,POWER,2.35
1761304500596,CH1,POWER,2.35
1761304500601,CH1,POWER,2.35
1761304500606,CH1,POWER,2.35
1761304500611,CH1,POWER,2.35
1761304500616,CH1,POWER,2.35
1761304500621,CH1,POWER,2.35
1761304500626,CH1,POWER,2.35
1761304500631,CH1,POWER,2.35
1761304500636,CH1,POWER,2.35
1761304500641,CH1,POWER,2.35
1761304500646,CH1,POWER,2.35
1761304500651,CH1,POWER,2.35
1761304500656,CH1,POWER,2.35
1761304500661,CH1,POWER,2.35
1761304500666,CH1,POWER,2.35
1761304500671,CH1,POWER,2.35
1761304500676,CH1,POWER,2.35
1761304500681,CH1,POWER,2.35
1761304500686,CH1,POWER,2.35
1761304500691,CH1,POWER,2.35
1761304500696,CH1,POWER,2.35
1761304500701,CH1,POWER,2.35
1761304500706,CH1,POWER,2.35
1761304500711,CH1,POWER,2.35
1761304500717,CH1,POWER,2.35
1761304500722,CH1,POWER,2.35
1761304500730,CH1,POWER,2.35
1761304500736,CH1,POWER,2.35
1761304500742,CH1,POWER,2.35
1761304500750,CH1,POWER,2.35
1761304500756,CH1,POWER,2.35
1761304500761,CH1,POWER,2.35
1761304500766,CH1,POWER,2.35
1761304500771,CH1,POWER,2.35
1761304500776,CH1,POWER,2.35
1761304500781,CH1,POWER,2.35
1761304500786,CH1,POWER,2.35
1761304500791,CH1,POWER,2.35
1761304500796,CH1,POWER,2.35
1761304500801,CH1,POWER,2.35
1761304500806,CH1,POWER,2.35
1761304500811,CH1,POWER,2.35
1761304500816,CH1,POWER,2.35
1761304500821,CH1,POWER,2.35
1761304500826,CH1,POWER,2.35
1761304500832,CH1,POWER,2.35
1761304500840,CH1,POWER,2.35
1761304500844,CH1,POWER,2.35
1761304500850,CH1,POWER,2.35
1761304500855,CH1,POWER,2.35
1761304500859,CH1,POWER,2.35
1761304500863,CH1,POWER,2.35
1761304500867,CH1,POWER,2.35
1761304500872,CH1,POWER,2.35
1761304500876,CH1,POWER,2.35
1761304500881,CH1,POWER,2.35
1761304500887,CH1,POWER,2.35
1761304500892,CH1,POWER,2.35
1761304500896,CH1,POWER,2.35
1761304500923,CH1,POWER,2.35
1761304500928,CH1,POWER,2.35
1761304500933,CH1,POWER,2.35
1761304500938,CH1,POWER,2.35
1761304500943,CH1,POWER,2.35
1761304500948,CH1,POWER,2.35
1761304500953,CH1,POWER,2.35
1761304500958,CH1,POWER,2.35
1761304500963,CH1,POWER,2.35
1761304500968,CH1,POWER,2.35
1761304500973,CH1,POWER,2.35
1761304500978,CH1,POWER,2.35
1761304500983,CH1,POWER,2.35
1761304500988,CH1,POWER,2.35
1761304500993,CH1,POWER,2.35
1761304500998,CH1,POWER,2.35
1761304501003,CH1,POWER,2.35
1761304501008,CH1,POWER,2.35
1761304501016,CH1,POWER,2.35
1761304501021,CH1,POWER,2.35
1761304501026,CH1,POWER,2.35
1761304501031,CH1,POWER,2.35
1761304501036,CH1,POWER,2.35
1761304501041,CH1,POWER,2.35
1761304501046,CH1,POWER,2.35
1761304501051,CH1,POWER,2.35
1761304501056,CH1,POWER,2.35
1761304501061,CH1,POWER,2.35
1761304501066,CH1,POWER,2.35
1761304501071,CH1,POWER,2.35
1761304501077,CH1,POWER,2.35
1761304501083,CH1,POWER,2.35
1761304501092,CH1,POWER,2.35
1761304501097,CH1,POWER,2.35
1761304501104,CH1,POWER,2.35
1761304501111,CH1,POWER,2.35
1761304501116,CH1,POWER,2.35
1761304501121,CH1,POWER,2.35
1761304501126,CH1,POWER,2.35
1761304501131,CH1,POWER,2.35
1761304501136,CH1,POWER,2.35
1761304501141,CH1,POWER,2.35
1761304501147,CH1,POWER,2.35
1761304501154,CH1,POWER,2.35
1761304501160,CH1,POWER,2.35
1761304501165,CH1,POWER,2.35
1761304501172,CH1,POWER,2.35
1761304501177,CH1,POWER,2.35
1761304501185,CH1,POWER,2.35
1761304501192,CH1,POWER,2.35
1761304501197,CH1,POWER,2.35
1761304501204,CH1,POWER,2.35
1761304501209,CH1,POWER,2.35
1761304501216,CH1,POWER,2.35
1761304501221,CH1,POWER,2.35
1761304501226,CH1,POWER,2.35
1761304501231,CH1,POWER,2.35
1761304501236,CH1,POWER,2.35
1761304501241,CH1,POWER,2.35
1761304501246,CH1,POWER,2.35
1761304501251,CH1,POWER,2.35
1761304501257,CH1,POWER,2.35
1761304501265,CH1,POWER,2.35
1761304501272,CH1,POWER,2.35
1761304501277,CH1,POWER,2.35
1761304501281,CH1,POWER,2.35
1761304501284,CH1,POWER,2.35
1761304501288,CH1,POWER,2.35
1761304501315,CH1,POWER,2.35
1761304501320,CH1,POWER,2.35
1761304501325,CH1,POWER,2.35
1761304501335,CH1,POWER,2.35
1761304501339,CH1,POWER,2.35
1761304501346,CH1,POWER,2.35
1761304501352,CH1,POWER,2.35
1761304501357,CH1,POWER,2.35
1761304501364,CH1,POWER,2.35
1761304501369,CH1,POWER,2.35
1761304501376,CH1,POWER,2.35
1761304501381,CH1,POWER,2.35
1761304501386,CH1,POWER,2.35
1761304501393,CH1,POWER,2.35
1761304501398,CH1,POWER,2.35
1761304501403,CH1,POWER,2.35
1761304501408,CH1,POWER,2.35
1761304501413,CH1,POWER,2.35
1761304501418,CH1,POWER,2.35
1761304501423,CH1,POWER,2.35
1761304501428,CH1,POWER,2.35
1761304501433,CH1,POWER,2.35
1761304501438,CH1,POWER,2.35
1761304501443,CH1,POWER,2.35
1761304501450,CH1,POWER,2.35
1761304501455,CH1,POWER,2.35
1761304501460,CH1,POWER,2.35
1761304501465,CH1,POWER,2.35
1761304501470,CH1,POWER,2.35
1761304501475,CH1,POWER,2.35
1761304501484,CH1,POWER,2.35
1761304501490,CH1,POWER,2.35
1761304501495,CH1,POWER,2.35
1761304501500,CH1,POWER,2.35
1761304501506,CH1,POWER,2.35
1761304501511,CH1,POWER,2.35
1761304501518,CH1,POWER,2.35
1761304501523,CH1,POWER,2.35
1761304501528,CH1,POWER,2.35
1761304501534,CH1,POWER,2.35
1761304501539,CH1,POWER,2.35
1761304501546,CH1,POWER,2.35
1761304501552,CH1,POWER,2.35
1761304501557,CH1,POWER,2.35
1761304501564,CH1,POWER,2.35
1761304501569,CH1,POWER,2.35
1761304501576,CH1,POWER,2.35
1761304501581,CH1,POWER,2.35
1761304501586,CH1,POWER,2.35
1761304501591,CH1,POWER,2.35
1761304501598,CH1,POWER,2.35
1761304501603,CH1,POWER,2.35
1761304501608,CH1,POWER,2.35
1761304501613,CH1,POWER,2.35
1761304501619,CH1,POWER,2.35
1761304501626,CH1,POWER,2.35
1761304501631,CH1,POWER,2.35
1761304501636,CH1,POWER,2.35
1761304501641,CH1,POWER,2.35
1761304501647,CH1,POWER,2.35
1761304501654,CH1,POWER,2.35
1761304501659,CH1,POWER,2.35
1761304501665,CH1,POWER,2.35
1761304501669,CH1,POWER,2.35
1761304501695,CH1,POWER,2.35
1761304501700,CH1,POWER,2.35
1761304501705,CH1,POWER,2.35
1761304501710,CH1,POWER,2.35
1761304501720,CH1,POWER,2.35
1761304501728,CH1,POWER,2.35
1761304501732,CH1,POWER,2.35
1761304501738,CH1,POWER,2.35
1761304501743,CH1,POWER,2.35
1761304501748,CH1,POWER,2.35
1761304501752,CH1,POWER,2.35
1761304501757,CH1,POWER,2.35
1761304501762,CH1,POWER,2.35
1761304501768,CH1,POWER,2.35
1761304501776,CH1,POWER,2.35
1761304501780,CH1,POWER,2.35
1761304501786,CH1,POWER,2.35
1761304501790,CH1,POWER,2.35
1761304501796,CH1,POWER,2.35
1761304501800,CH1,POWER,2.35
1761304501806,CH1,POWER,2.35
1761304501812,CH1,POWER,2.35
1761304501818,CH1,POWER,2.35
1761304501822,CH1,POWER,2.35
1761304501828,CH1,POWER,2.35
1761304501833,CH1,POWER,2.35
1761304501838,CH1,POWER,2.35
1761304501843,CH1,POWER,2.35
1761304501848,CH1,POWER,2.35
1761304501856,CH1,POWER,2.35
1761304501862,CH1,POWER,2.35
1761304501868,CH1,POWER,2.35
1761304501876,CH1,POWER,2.35
1761304501881,CH1,POWER,2.35
1761304501888,CH1,POWER,2.35
1761304501893,CH1,POWER,2.35
1761304501898,CH1,POWER,2.35
1761304501903,CH1,POWER,2.35
1761304501908,CH1,POWER,2.35
1761304501913,CH1,POWER,2.35
1761304501918,CH1,POWER,2.35
1761304501923,CH1,POWER,2.35
1761304501928,CH1,POWER,2.35
1761304501933,CH1,POWER,2.35
1761304501938,CH1,POWER,2.35
1761304501943,CH1,POWER,2.35
1761304501948,CH1,POWER,2.35
1761304501953,CH1,POWER,2.35
1761304501958,CH1,POWER,2.35
1761304501963,CH1,POWER,2.35
1761304501968,CH1,POWER,2.35
1761304501973,CH1,POWER,2.35
1761304501978,CH1,POWER,2.35
1761304501983,CH1,POWER,2.35
1761304501988,CH1,POWER,2.35
1761304501994,CH1,POWER,2.35
1761304501999,CH1,POWER,2.35
1761304502006,CH1,POWER,2.35
1761304502011,CH1,POWER,2.35
1761304502018,CH1,POWER,2.35
1761304502023,CH1,POWER,2.35
1761304502028,CH1,POWER,2.35
1761304502034,CH1,POWER,2.35
1761304502039,CH1,POWER,2.35
1761304502046,CH1,POWER,2.35
1761304502049,CH1,POWER,2.35
1761304502052,CH1,POWER,2.35
1761304502080,CH1,POWER,2.35
1761304502085,CH1,POWER,2.35
1761304502090,CH1,POWER,2.35
1761304502095,CH1,POWER,2.35
1761304502100,CH1,POWER,2.35
1761304502105,CH1,POWER,2.35
1761304502110,CH1,POWER,2.35
1761304502115,CH1,POWER,2.35
1761304502120,CH1,POWER,2.35
1761304502125,CH1,POWER,2.35
1761304502130,CH1,POWER,2.35
1761304502135,CH1,POWER,2.35
1761304502140,CH1,POWER,2.35
1761304502145,CH1,POWER,2.35
1761304502150,CH1,POWER,2.35
1761304502155,CH1,POWER,2.35
1761304502160,CH1,POWER,2.35
1761304502165,CH1,POWER,2.35
1761304502170,CH1,POWER,2.35
1761304502175,CH1,POWER,2.35
1761304502180,CH1,POWER,2.35
1761304502185,CH1,POWER,2.35
1761304502192,CH1,POWER,2.35
1761304502197,CH1,POWER,2.35
1761304502202,CH1,POWER,2.35
1761304502207,CH1,POWER,2.35
1761304502212,CH1,POWER,2.35
1761304502217,CH1,POWER,2.35
1761304502222,CH1,POWER,2.35
1761304502227,CH1,POWER,2.35
1761304502232,CH1,POWER,2.35
1761304502237,CH1,POWER,2.35
1761304502242,CH1,POWER,2.35
1761304502247,CH1,POWER,2.35
1761304502252,CH1,POWER,2.35
1761304502257,CH1,POWER,2.35
1761304502262,CH1,POWER,2.35
1761304502267,CH1,POWER,2.35
1761304502272,CH1,POWER,2.35
1761304502277,CH1,POWER,2.35
1761304502283,CH1,POWER,2.35
1761304502290,CH1,POWER,2.35
1761304502295,CH1,POWER,2.35
1761304502300,CH1,POWER,2.35
1761304502305,CH1,POWER,2.35
1761304502310,CH1,POWER,2.35
1761304502315,CH1,POWER,2.35
1761304502320,CH1,POWER,2.35
1761304502325,CH1,POWER,2.35
1761304502330,CH1,POWER,2.35
1761304502336,CH1,POWER,2.35
1761304502342,CH1,POWER,2.35
1761304502347,CH1,POWER,2.35
1761304502352,CH1,POWER,2.35
1761304502362,CH1,POWER,2.35
1761304502367,CH1,POWER,2.35
1761304502370,CH1,POWER,2.35
1761304502375,CH1,POWER,2.35
1761304502379,CH1,POWER,2.35
1761304502383,CH1,POWER,2.35
1761304502389,CH1,POWER,2.35
1761304502393,CH1,POWER,2.35
1761304502399,CH1,POWER,2.35
1761304502403,CH1,POWER,2.35
1761304502409,CH1,POWER,2.35
1761304502413,CH1,POWER,2.35
1761304502419,CH1,POWER,2.35
1761304502424,CH1,POWER,2.35
1761304502429,CH1,POWER,2.35
1761304502434,CH1,POWER,2.35
1761304502440,CH1,POWER,2.35
1761304502443,CH1,POWER,2.35
1761304502447,CH1,POWER,2.35
1761304502450,CH1,POWER,2.35
1761304502452,CH1,POWER,2.35
1761304502479,CH1,POWER,2.35
1761304502483,CH1,POWER,2.35
1761304502487,CH1,POWER,2.35
1761304502492,CH1,POWER,2.35
1761304502497,CH1,POWER,2.35
1761304502502,CH1,POWER,2.35
1761304502507,CH1,POWER,2.35
1761304502512,CH1,POWER,2.35
1761304502520,CH1,POWER,2.35
1761304502526,CH1,POWER,2.35
1761304502531,CH1,POWER,2.35
1761304502536,CH1,POWER,2.35
1761304502541,CH1,POWER,2.35
1761304502546,CH1,POWER,2.35
1761304502551,CH1,POWER,2.35
1761304502556,CH1,POWER,2.35
1761304502561,CH1,POWER,2.35
1761304502566,CH1,POWER,2.35
1761304502571,CH1,POWER,2.35
1761304502576,CH1,POWER,2.35
1761304502581,CH1,POWER,2.35
1761304502586,CH1,POWER,2.35
1761304502591,CH1,POWER,2.35
1761304502596,CH1,POWER,2.35
1761304502601,CH1,POWER,2.35
1761304502606,CH1,POWER,2.35
1761304502611,CH1,POWER,2.35
1761304502616,CH1,POWER,2.35
1761304502621,CH1,POWER,2.35
1761304502626,CH1,POWER,2.35
1761304502631,CH1,POWER,2.35
1761304502636,CH1,POWER,2.35
1761304502641,CH1,POWER,2.35
1761304502646,CH1,POWER,2.35
1761304502651,CH1,POWER,2.35
1761304502656,CH1,POWER,2.35
1761304502661,CH1,POWER,2.35
1761304502666,CH1,POWER,2.35
1761304502671,CH1,POWER,2.35
1761304502676,CH1,POWER,2.35
1761304502681,CH1,POWER,2.35
1761304502686,CH1,POWER,2.35
1761304502691,CH1,POWER,2.35
1761304502696,CH1,POWER,2.35
1761304502701,CH1,POWER,2.35
1761304502706,CH1,POWER,2.35
1761304502711,CH1,POWER,2.35
1761304502716,CH1,POWER,2.35
1761304502721,CH1,POWER,2.35
1761304502726,CH1,POWER,2.35
1761304502731,CH1,POWER,2.35
1761304502736,CH1,POWER,2.35
1761304502741,CH1,POWER,2.35
1761304502746,CH1,POWER,2.35
1761304502752,CH1,POWER,2.35
1761304502757,CH1,POWER,2.35
1761304502762,CH1,POWER,2.35
1761304502767,CH1,POWER,2.35
1761304502772,CH1,POWER,2.35
1761304502777,CH1,POWER,2.35
1761304502783,CH1,POWER,2.35
1761304502790,CH1,POWER,2.35
1761304502795,CH1,POWER,2.35
1761304502802,CH1,POWER,2.35
1761304502807,CH1,POWER,2.35
1761304502812,CH1,POWER,2.35
1761304502818,CH1,POWER,2.35
1761304502823,CH1,POWER,2.35
1761304502830,CH1,POWER,2.35
1761304502835,CH1,POWER,2.35
1761304502842,CH1,POWER,2.35
1761304502845,CH1,POWER,2.35
1761304502871,CH1,POWER,2.35
1761304502877,CH1,POWER,2.35
1761304502884,CH1,POWER,2.35
1761304502889,CH1,POWER,2.35
1761304502894,CH1,POWER,2.35
1761304502902,CH1,POWER,2.35
1761304502908,CH1,POWER,2.35
1761304502913,CH1,POWER,2.35
1761304502918,CH1,POWER,2.35
1761304502923,CH1,POWER,2.35
1761304502929,CH1,POWER,2.35
1761304502934,CH1,POWER,2.35
1761304502942,CH1,POWER,2.35
1761304502947,CH1,POWER,2.35
1761304502954,CH1,POWER,2.35
1761304502959,CH1,POWER,2.35
1761304502964,CH1,POWER,2.35
1761304502969,CH1,POWER,2.35
1761304502974,CH1,POWER,2.35
1761304502979,CH1,POWER,2.35
1761304502984,CH1,POWER,2.35
1761304502989,CH1,POWER,2.35
1761304502994,CH1,POWER,2.35
1761304502999,CH1,POWER,2.35
1761304503004,CH1,POWER,2.35
1761304503009,CH1,POWER,2.35
1761304503014,CH1,POWER,2.35
1761304503019,CH1,POWER,2.35
1761304503024,CH1,POWER,2.35
1761304503029,CH1,POWER,2.35
1761304503034,CH1,POWER,2.35
1761304503039,CH1,POWER,2.35
1761304503046,CH1,POWER,2.35
1761304503051,CH1,POWER,2.35
1761304503056,CH1,POWER,2.35
1761304503061,CH1,POWER,2.35
1761304503066,CH1,POWER,2.35
1761304503071,CH1,POWER,2.35
1761304503076,CH1,POWER,2.35
1761304503081,CH1,POWER,2.35
1761304503086,CH1,POWER,2.35
1761304503091,CH1,POWER,2.35
1761304503096,CH1,POWER,2.35
1761304503101,CH1,POWER,2.35
1761304503106,CH1,POWER,2.35
1761304503111,CH1,POWER,2.35
1761304503116,CH1,POWER,2.35
1761304503121,CH1,POWER,2.35
1761304503126,CH1,POWER,2.35
1761304503131,CH1,POWER,2.35
1761304503136,CH1,POWER,2.35
1761304503141,CH1,POWER,2.35
1761304503146,CH1,POWER,2.35
1761304503151,CH1,POWER,2.35
1761304503156,CH1,POWER,2.35
1761304503161,CH1,POWER,2.35
1761304503166,CH1,POWER,2.35
1761304503171,CH1,POWER,2.35
1761304503176,CH1,POWER,2.35
1761304503181,CH1,POWER,2.35
1761304503186,CH1,POWER,2.35
1761304503191,CH1,POWER,2.35
1761304503196,CH1,POWER,2.35
1761304503201,CH1,POWER,2.35
1761304503206,CH1,POWER,2.35
1761304503211,CH1,POWER,2.35
1761304503216,CH1,POWER,2.35
1761304503221,CH1,POWER,2.35
1761304503226,CH1,POWER,2.35
1761304503231,CH1,POWER,2.35
1761304503236,CH1,POWER,2.35
1761304503239,CH1,POWER,2.35
1761304503266,CH1,POWER,2.35
1761304503271,CH1,POWER,2.35
1761304503276,CH1,POWER,2.35
1761304503284,CH1,POWER,2.35
1761304503289,CH1,POWER,2.35
1761304503296,CH1,POWER,2.35
1761304503301,CH1,POWER,2.35
1761304503306,CH1,POWER,2.35
1761304503311,CH1,POWER,2.35
1761304503316,CH1,POWER,2.35
1761304503321,CH1,POWER,2.35
1761304503328,CH1,POWER,2.35
1761304503333,CH1,POWER,2.35
1761304503338,CH1,POWER,2.35
1761304503343,CH1,POWER,2.35
1761304503348,CH1,POWER,2.35
1761304503353,CH1,POWER,2.35
1761304503358,CH1,POWER,2.35
1761304503363,CH1,POWER,2.35
1761304503368,CH1,POWER,2.35
1761304503373,CH1,POWER,2.35
1761304503378,CH1,POWER,2.35
1761304503383,CH1,POWER,2.35
1761304503388,CH1,POWER,2.35
1761304503393,CH1,POWER,2.35
1761304503398,CH1,POWER,2.35
1761304503403,CH1,POWER,2.35
1761304503408,CH1,POWER,2.35
1761304503413,CH1,POWER,2.35
1761304503418,CH1,POWER,2.35
1761304503423,CH1,POWER,2.35
1761304503428,CH1,POWER,2.35
1761304503433,CH1,POWER,2.35
1761304503438,CH1,POWER,2.35
1761304503443,CH1,POWER,2.35
1761304503448,CH1,POWER,2.35
1761304503453,CH1,POWER,2.35
1761304503458,CH1,POWER,2.35
1761304503463,CH1,POWER,2.35
1761304503468,CH1,POWER,2.35
1761304503473,CH1,POWER,2.35
1761304503478,CH1,POWER,2.35
1761304503483,CH1,POWER,2.35
1761304503488,CH1,POWER,2.35
1761304503493,CH1,POWER,2.35
1761304503498,CH1,POWER,2.35
1761304503503,CH1,POWER,2.35
1761304503509,CH1,POWER,2.35
1761304503516,CH1,POWER,2.35
1761304503521,CH1,POWER,2.35
1761304503526,CH1,POWER,2.35
1761304503531,CH1,POWER,2.35
1761304503536,CH1,POWER,2.35
1761304503541,CH1,POWER,2.35
1761304503546,CH1,POWER,2.35
1761304503551,CH1,POWER,2.35
1761304503556,CH1,POWER,2.35
1761304503561,CH1,POWER,2.35
1761304503566,CH1,POWER,2.35
1761304503571,CH1,POWER,2.35
1761304503576,CH1,POWER,2.35
1761304503581,CH1,POWER,2.35
1761304503586,CH1,POWER,2.35
1761304503591,CH1,POWER,2.35
1761304503596,CH1,POWER,2.35
1761304503601,CH1,POWER,2.35
1761304503606,CH1,POWER,2.35
1761304503611,CH1,POWER,2.35
1761304503616,CH1,POWER,2.35
1761304503621,CH1,POWER,2.35
1761304503626,CH1,POWER,2.35
1761304503631,CH1,POWER,2.35
1761304503634,CH1,POWER,2.35
1761304503637,CH1,POWER,2.35
1761304503640,CH1,POWER,2.35
1761304503668,CH1,POWER,2.35
1761304503673,CH1,POWER,2.35
1761304503680,CH1,POWER,2.35
1761304503685,CH1,POWER,2.35
1761304503690,CH1,POWER,2.35
1761304503695,CH1,POWER,2.35
1761304503700,CH1,POWER,2.35
1761304503705,CH1,POWER,2.35
1761304503710,CH1,POWER,2.35
1761304503715,CH1,POWER,2.35
1761304503720,CH1,POWER,2.35
1761304503725,CH1,POWER,2.35
1761304503730,CH1,POWER,2.35
1761304503735,CH1,POWER,2.35
1761304503740,CH1,POWER,2.35
1761304503745,CH1,POWER,2.35
1761304503750,CH1,POWER,2.35
1761304503755,CH1,POWER,2.35
1761304503760,CH1,POWER,2.35
1761304503765,CH1,POWER,2.35
1761304503770,CH1,POWER,2.35
1761304503775,CH1,POWER,2.35
1761304503780,CH1,POWER,2.35
1761304503785,CH1,POWER,2.35
1761304503790,CH1,POWER,2.35
1761304503795,CH1,POWER,2.35
1761304503800,CH1,POWER,2.35
1761304503805,CH1,POWER,2.35
1761304503810,CH1,POWER,2.35
1761304503815,CH1,POWER,2.35
1761304503820,CH1,POWER,2.35
1761304503825,CH1,POWER,2.35
1761304503830,CH1,POWER,2.35
1761304503835,CH1,POWER,2.35
1761304503840,CH1,POWER,2.35
1761304503845,CH1,POWER,2.35
1761304503850,CH1,POWER,2.35
1761304503855,CH1,POWER,2.35
1761304503860,CH1,POWER,2.35
1761304503865,CH1,POWER,2.35
1761304503870,CH1,POWER,2.35
1761304503875,CH1,POWER,2.35
1761304503880,CH1,POWER,2.35
1761304503885,CH1,POWER,2.35
1761304503890,CH1,POWER,2.35
1761304503895,CH1,POWER,2.35
1761304503900,CH1,POWER,2.35
1761304503905,CH1,POWER,2.35
1761304503910,CH1,POWER,2.35
1761304503915,CH1,POWER,2.35
1761304503920,CH1,POWER,2.35
1761304503925,CH1,POWER,2.35
1761304503930,CH1,POWER,2.35
1761304503935,CH1,POWER,2.35
1761304503940,CH1,POWER,2.35
1761304503945,CH1,POWER,2.35
1761304503950,CH1,POWER,2.35
1761304503955,CH1,POWER,2.35
1761304503960,CH1,POWER,2.35
1761304503965,CH1,POWER,2.35
1761304503970,CH1,POWER,2.35
1761304503975,CH1,POWER,2.35
1761304503980,CH1,POWER,2.35
1761304503985,CH1,POWER,2.35
1761304503990,CH1,POWER,2.35
1761304503995,CH1,POWER,2.35
1761304504000,CH1,POWER,2.35
1761304504005,CH1,POWER,2.35
1761304504010,CH1,POWER,2.35
1761304504015,CH1,POWER,2.35
1761304504020,CH1,POWER,2.35
1761304504025,CH1,POWER,2.35
1761304504030,CH1,POWER,2.35
1761304504035,CH1,POWER,2.35
1761304504039,CH1,POWER,2.35
1761304504042,CH1,POWER,2.35
1761304504070,CH1,POWER,2.35
1761304504075,CH1,POWER,2.35
1761304504080,CH1,POWER,2.35
1761304504085,CH1,POWER,2.35
1761304504092,CH1,POWER,2.35
1761304504097,CH1,POWER,2.35
1761304504102,CH1,POWER,2.35
1761304504107,CH1,POWER,2.35
1761304504112,CH1,POWER,2.35
1761304504117,CH1,POWER,2.35
1761304504122,CH1,POWER,2.35
1761304504127,CH1,POWER,2.35
1761304504132,CH1,POWER,2.35
1761304504137,CH1,POWER,2.35
1761304504142,CH1,POWER,2.35
1761304504147,CH1,POWER,2.35
1761304504152,CH1,POWER,2.35
1761304504157,CH1,POWER,2.35
1761304504162,CH1,POWER,2.35
1761304504167,CH1,POWER,2.35
1761304504172,CH1,POWER,2.35
1761304504177,CH1,POWER,2.35
1761304504182,CH1,POWER,2.35
1761304504187,CH1,POWER,2.35
1761304504192,CH1,POWER,2.35
1761304504197,CH1,POWER,2.35
1761304504202,CH1,POWER,2.35
1761304504207,CH1,POWER,2.35
1761304504212,CH1,POWER,2.35
1761304504217,CH1,POWER,2.35
1761304504222,CH1,POWER,2.35
1761304504227,CH1,POWER,2.35
1761304504232,CH1,POWER,2.35
1761304504237,CH1,POWER,2.35
1761304504242,CH1,POWER,2.35
1761304504247,CH1,POWER,2.35
1761304504252,CH1,POWER,2.35
1761304504257,CH1,POWER,2.35
1761304504262,CH1,POWER,2.35
1761304504267,CH1,POWER,2.35
1761304504272,CH1,POWER,2.35
1761304504277,CH1,POWER,2.35
1761304504282,CH1,POWER,2.35
1761304504287,CH1,POWER,2.35
1761304504292,CH1,POWER,2.35
1761304504297,CH1,POWER,2.35
1761304504302,CH1,POWER,2.35
1761304504307,CH1,POWER,2.35
1761304504312,CH1,POWER,2.35
1761304504317,CH1,POWER,2.35
1761304504322,CH1,POWER,2.35
1761304504327,CH1,POWER,2.35
1761304504332,CH1,POWER,2.35
1761304504337,CH1,POWER,2.35
1761304504342,CH1,POWER,2.35
1761304504347,CH1,POWER,2.35
1761304504352,CH1,POWER,2.35
1761304504357,CH1,POWER,2.35
1761304504362,CH1,POWER,2.35
1761304504367,CH1,POWER,2.35
1761304504372,CH1,POWER,2.35
1761304504377,CH1,POWER,2.35
1761304504382,CH1,POWER,2.35
1761304504387,CH1,POWER,2.35
1761304504392,CH1,POWER,2.35
1761304504397,CH1,POWER,2.35
1761304504402,CH1,POWER,2.35
1761304504407,CH1,POWER,2.35
1761304504412,CH1,POWER,2.35
1761304504417,CH1,POWER,2.35
1761304504422,CH1,POWER,2.35
1761304504426,CH1,POWER,2.35
1761304504431,CH1,POWER,2.35
1761304504437,CH1,POWER,2.35
1761304504441,CH1,POWER,2.35
1761304504444,CH1,POWER,2.35
1761304504472,CH1,POWER,2.35
1761304504477,CH1,POWER,2.35
1761304504482,CH1,POWER,2.35
1761304504489,CH1,POWER,2.35
1761304504496,CH1,POWER,2.35
1761304504500,CH1,POWER,2.35
1761304504505,CH1,POWER,2.35
1761304504511,CH1,POWER,2.35
1761304504517,CH1,POWER,2.35
1761304504521,CH1,POWER,2.35
1761304504529,CH1,POWER,2.35
1761304504534,CH1,POWER,2.35
1761304504538,CH1,POWER,2.35
1761304504542,CH1,POWER,2.35
1761304504547,CH1,POWER,2.35
1761304504552,CH1,POWER,2.35
1761304504559,CH1,POWER,2.35
1761304504563,CH1,POWER,2.35
1761304504568,CH1,POWER,2.35
1761304504572,CH1,POWER,2.35
1761304504577,CH1,POWER,2.35
1761304504581,CH1,POWER,2.35
1761304504587,CH1,POWER,2.35
1761304504591,CH1,POWER,2.35
1761304504599,CH1,POWER,2.35
1761304504604,CH1,POWER,2.35
1761304504608,CH1,POWER,2.35
1761304504612,CH1,POWER,2.35
1761304504619,CH1,POWER,2.35
1761304504624,CH1,POWER,2.35
1761304504628,CH1,POWER,2.35
1761304504635,CH1,POWER,2.35
1761304504641,CH1,POWER,2.35
1761304504650,CH1,POWER,2.35
1761304504654,CH1,POWER,2.35
1761304504661,CH1,POWER,2.35
1761304504666,CH1,POWER,2.35
1761304504671,CH1,POWER,2.35
1761304504675,CH1,POWER,2.35
1761304504680,CH1,POWER,2.35
1761304504685,CH1,POWER,2.35
1761304504692,CH1,POWER,2.35
1761304504697,CH1,POWER,2.35
1761304504702,CH1,POWER,2.35
1761304504707,CH1,POWER,2.35
1761304504712,CH1,POWER,2.35
1761304504717,CH1,POWER,2.35
1761304504722,CH1,POWER,2.35
1761304504727,CH1,POWER,2.35
1761304504733,CH1,POWER,2.35
1761304504740,CH1,POWER,2.35
1761304504745,CH1,POWER,2.35
1761304504752,CH1,POWER,2.35
1761304504757,CH1,POWER,2.35
1761304504762,CH1,POWER,2.35
1761304504767,CH1,POWER,2.35
1761304504773,CH1,POWER,2.35
1761304504780,CH1,POWER,2.35
1761304504785,CH1,POWER,2.35
1761304504792,CH1,POWER,2.35
1761304504797,CH1,POWER,2.35
1761304504802,CH1,POWER,2.35
1761304504807,CH1,POWER,2.35
1761304504813,CH1,POWER,2.35
1761304504820,CH1,POWER,2.35
1761304504825,CH1,POWER,2.35
1761304504831,CH1,POWER,2.35
1761304504834,CH1,POWER,2.35
1761304504861,CH1,POWER,2.35
1761304504866,CH1,POWER,2.35
1761304504871,CH1,POWER,2.35
1761304504876,CH1,POWER,2.35
1761304504881,CH1,POWER,2.35
1761304504886,CH1,POWER,2.35
1761304504891,CH1,POWER,2.35
1761304504896,CH1,POWER,2.35
1761304504901,CH1,POWER,2.35
1761304504906,CH1,POWER,2.35
1761304504911,CH1,POWER,2.35
1761304504916,CH1,POWER,2.35
1761304504921,CH1,POWER,2.35
1761304504926,CH1,POWER,2.35
1761304504931,CH1,POWER,2.35
1761304504936,CH1,POWER,2.35
1761304504941,CH1,POWER,2.35
1761304504946,CH1,POWER,2.35
1761304504951,CH1,POWER,2.35
1761304504956,CH1,POWER,2.35
1761304504961,CH1,POWER,2.35
1761304504965,CH1,POWER,2.35
1761304504971,CH1,POWER,2.35
1761304504977,CH1,POWER,2.35
1761304504983,CH1,POWER,2.35
1761304504987,CH1,POWER,2.35
1761304504993,CH1,POWER,2.35
1761304504997,CH1,POWER,2.35
1761304505003,CH1,POWER,2.35
1761304505012,CH1,POWER,2.35
1761304505017,CH1,POWER,2.35
1761304505024,CH1,POWER,2.35
1761304505029,CH1,POWER,2.35
1761304505033,CH1,POWER,2.35
1761304505039,CH1,POWER,2.35
1761304505044,CH1,POWER,2.35
1761304505049,CH1,POWER,2.35
1761304505054,CH1,POWER,2.35
1761304505059,CH1,POWER,2.35
1761304505066,CH1,POWER,2.35
1761304505071,CH1,POWER,2.35
1761304505076,CH1,POWER,2.35
1761304505081,CH1,POWER,2.35
1761304505086,CH1,POWER,2.35
1761304505091,CH1,POWER,2.35
1761304505096,CH1,POWER,2.35
1761304505101,CH1,POWER,2.35
1761304505106,CH1,POWER,2.35
1761304505111,CH1,POWER,2.35
1761304505116,CH1,POWER,2.35
1761304505121,CH1,POWER,2.35
1761304505126,CH1,POWER,2.35
1761304505131,CH1,POWER,2.35
1761304505136,CH1,POWER,2.35
1761304505141,CH1,POWER,2.35
1761304505146,CH1,POWER,2.35
1761304505151,CH1,POWER,2.35
1761304505156,CH1,POWER,2.35
1761304505161,CH1,POWER,2.35
1761304505166,CH1,POWER,2.35
1761304505171,CH1,POWER,2.35
1761304505176,CH1,POWER,2.35
1761304505181,CH1,POWER,2.35
1761304505186,CH1,POWER,2.35
1761304505191,CH1,POWER,2.35
1761304505196,CH1,POWER,2.35
1761304505201,CH1,POWER,2.35
1761304505206,CH1,POWER,2.35
1761304505211,CH1,POWER,2.35
1761304505216,CH1,POWER,2.35
1761304505221,CH1,POWER,2.35
1761304505226,CH1,POWER,2.35
1761304505230,CH1,POWER,2.35
1761304505233,CH1,POWER,2.35
1761304505236,CH1,POWER,2.35
1761304505263,CH1,POWER,2.35
1761304505268,CH1,POWER,2.35
1761304505273,CH1,POWER,2.35
1761304505278,CH1,POWER,2.35
1761304505283,CH1,POWER,2.35
1761304505288,CH1,POWER,2.35
1761304505293,CH1,POWER,2.35
1761304505298,CH1,POWER,2.35
1761304505303,CH1,POWER,2.35
1761304505308,CH1,POWER,2.35
1761304505313,CH1,POWER,2.35
1761304505318,CH1,POWER,2.35
1761304505323,CH1,POWER,2.35
1761304505328,CH1,POWER,2.35
1761304505333,CH1,POWER,2.35
1761304505338,CH1,POWER,2.35
1761304505343,CH1,POWER,2.35
1761304505350,CH1,POWER,2.35
1761304505355,CH1,POWER,2.35
1761304505360,CH1,POWER,2.35
1761304505365,CH1,POWER,2.35
1761304505370,CH1,POWER,2.35
1761304505375,CH1,POWER,2.35
1761304505380,CH1,POWER,2.35
1761304505385,CH1,POWER,2.35
1761304505390,CH1,POWER,2.35
1761304505395,CH1,POWER,2.35
1761304505400,CH1,POWER,2.35
1761304505405,CH1,POWER,2.35
1761304505410,CH1,POWER,2.35
1761304505415,CH1,POWER,2.35
1761304505420,CH1,POWER,2.35
1761304505425,CH1,POWER,2.35
1761304505430,CH1,POWER,2.35
1761304505435,CH1,POWER,2.35
1761304505440,CH1,POWER,2.35
1761304505445,CH1,POWER,2.35
1761304505450,CH1,POWER,2.35
1761304505455,CH1,POWER,2.35
1761304505460,CH1,POWER,2.35
1761304505465,CH1,POWER,2.35
1761304505470,CH1,POWER,2.35
1761304505475,CH1,POWER,2.35
1761304505480,CH1,POWER,2.35
1761304505485,CH1,POWER,2.35
1761304505490,CH1,POWER,2.35
1761304505495,CH1,POWER,2.35
1761304505500,CH1,POWER,2.35
1761304505505,CH1,POWER,2.35
1761304505510,CH1,POWER,2.35
1761304505515,CH1,POWER,2.35
1761304505520,CH1,POWER,2.35
1761304505525,CH1,POWER,2.35
1761304505530,CH1,POWER,2.35
1761304505535,CH1,POWER,2.35
1761304505540,CH1,POWER,2.35
1761304505545,CH1,POWER,2.35
1761304505550,CH1,POWER,2.35
1761304505555,CH1,POWER,2.35
1761304505560,CH1,POWER,2.35
1761304505565,CH1,POWER,2.35
1761304505570,CH1,POWER,2.35
1761304505575,CH1,POWER,2.35
1761304505580,CH1,POWER,2.35
1761304505585,CH1,POWER,2.35
1761304505590,CH1,POWER,2.35
1761304505595,CH1,POWER,2.35
1761304505600,CH1,POWER,2.35
1761304505605,CH1,POWER,2.35
1761304505610,CH1,POWER,2.35
1761304505615,CH1,POWER,2.35
1761304505620,CH1,POWER,2.35
1761304505625,CH1,POWER,2.35
1761304505630,CH1,POWER,2.35
1761304505635,CH1,POWER,2.35
1761304505638,CH1,POWER,2.35
1761304505664,CH1,POWER,2.35
1761304505669,CH1,POWER,2.35
1761304505676,CH1,POWER,2.35
1761304505681,CH1,POWER,2.35
1761304505688,CH1,POWER,2.35
1761304505693,CH1,POWER,2.35
1761304505698,CH1,POWER,2.35
1761304505703,CH1,POWER,2.35
1761304505708,CH1,POWER,2.35
1761304505713,CH1,POWER,2.35
1761304505718,CH1,POWER,2.35
1761304505723,CH1,POWER,2.35
1761304505728,CH1,POWER,2.35
1761304505733,CH1,POWER,2.35
1761304505738,CH1,POWER,2.35
1761304505743,CH1,POWER,2.35
1761304505750,CH1,POWER,2.35
1761304505755,CH1,POWER,2.35
1761304505760,CH1,POWER,2.35
1761304505765,CH1,POWER,2.35
1761304505770,CH1,POWER,2.35
1761304505775,CH1,POWER,2.35
1761304505780,CH1,POWER,2.35
1761304505785,CH1,POWER,2.35
1761304505790,CH1,POWER,2.35
1761304505795,CH1,POWER,2.35
1761304505800,CH1,POWER,2.35
1761304505805,CH1,POWER,2.35
1761304505810,CH1,POWER,2.35
1761304505815,CH1,POWER,2.35
1761304505820,CH1,POWER,2.35
1761304505825,CH1,POWER,2.35
1761304505830,CH1,POWER,2.35
1761304505835,CH1,POWER,2.35
1761304505840,CH1,POWER,2.35
1761304505845,CH1,POWER,2.35
1761304505850,CH1,POWER,2.35
1761304505855,CH1,POWER,2.35
1761304505860,CH1,POWER,2.35
1761304505865,CH1,POWER,2.35
1761304505870,CH1,POWER,2.35
1761304505875,CH1,POWER,2.35
1761304505880,CH1,POWER,2.35
1761304505885,CH1,POWER,2.35
1761304505890,CH1,POWER,2.35
1761304505895,CH1,POWER,2.35
1761304505900,CH1,POWER,2.35
1761304505905,CH1,POWER,2.35
1761304505910,CH1,POWER,2.35
1761304505914,CH1,POWER,2.35
1761304505920,CH1,POWER,2.35
1761304505925,CH1,POWER,2.35
1761304505930,CH1,POWER,2.35
1761304505935,CH1,POWER,2.35
1761304505940,CH1,POWER,2.35
1761304505945,CH1,POWER,2.35
1761304505950,CH1,POWER,2.35
1761304505955,CH1,POWER,2.35
1761304505960,CH1,POWER,2.35
1761304505964,CH1,POWER,2.35
1761304505969,CH1,POWER,2.35
1761304505975,CH1,POWER,2.35
1761304505980,CH1,POWER,2.35
1761304505985,CH1,POWER,2.35
1761304505990,CH1,POWER,2.35
1761304505995,CH1,POWER,2.35
1761304506000,CH1,POWER,2.35
1761304506005,CH1,POWER,2.35
1761304506010,CH1,POWER,2.35
1761304506015,CH1,POWER,2.35
1761304506020,CH1,POWER,2.35
1761304506024,CH1,POWER,2.35
1761304506030,CH1,POWER,2.35
1761304506035,CH1,POWER,2.35
1761304506037,CH1,POWER,2.35
1761304506040,CH1,POWER,2.35
1761304506067,CH1,POWER,2.35
1761304506072,CH1,POWER,2.35
1761304506077,CH1,POWER,2.35
1761304506082,CH1,POWER,2.35
1761304506087,CH1,POWER,2.35
1761304506092,CH1,POWER,2.35
1761304506096,CH1,POWER,2.35
1761304506102,CH1,POWER,2.35
1761304506107,CH1,POWER,2.35
1761304506112,CH1,POWER,2.35
1761304506117,CH1,POWER,2.35
1761304506122,CH1,POWER,2.35
1761304506127,CH1,POWER,2.35
1761304506132,CH1,POWER,2.35
1761304506137,CH1,POWER,2.35
1761304506142,CH1,POWER,2.35
1761304506147,CH1,POWER,2.35
1761304506152,CH1,POWER,2.35
1761304506157,CH1,POWER,2.35
1761304506162,CH1,POWER,2.35
1761304506167,CH1,POWER,2.35
1761304506172,CH1,POWER,2.35
1761304506177,CH1,POWER,2.35
1761304506182,CH1,POWER,2.35
1761304506187,CH1,POWER,2.35
1761304506192,CH1,POWER,2.35
1761304506197,CH1,POWER,2.35
1761304506202,CH1,POWER,2.35
1761304506206,CH1,POWER,2.35
1761304506212,CH1,POWER,2.35
1761304506216,CH1,POWER,2.35
1761304506222,CH1,POWER,2.35
1761304506227,CH1,POWER,2.35
1761304506232,CH1,POWER,2.35
1761304506237,CH1,POWER,2.35
1761304506242,CH1,POWER,2.35
1761304506247,CH1,POWER,2.35
1761304506252,CH1,POWER,2.35
1761304506257,CH1,POWER,2.35
1761304506262,CH1,POWER,2.35
1761304506267,CH1,POWER,2.35
1761304506272,CH1,POWER,2.35
1761304506277,CH1,POWER,2.35
1761304506282,CH1,POWER,2.35
1761304506287,CH1,POWER,2.35
1761304506292,CH1,POWER,2.35
1761304506297,CH1,POWER,2.35
1761304506302,CH1,POWER,2.35
1761304506307,CH1,POWER,2.35
1761304506312,CH1,POWER,2.35
1761304506317,CH1,POWER,2.35
1761304506321,CH1,POWER,2.35
1761304506327,CH1,POWER,2.35
1761304506332,CH1,POWER,2.35
1761304506337,CH1,POWER,2.35
1761304506341,CH1,POWER,2.35
1761304506347,CH1,POWER,2.35
1761304506352,CH1,POWER,2.35
1761304506357,CH1,POWER,2.35
1761304506361,CH1,POWER,2.35
1761304506367,CH1,POWER,2.35
1761304506372,CH1,POWER,2.35
1761304506377,CH1,POWER,2.35
1761304506382,CH1,POWER,2.35
1761304506387,CH1,POWER,2.35
1761304506392,CH1,POWER,2.35
1761304506397,CH1,POWER,2.35
1761304506402,CH1,POWER,2.35
1761304506407,CH1,POWER,2.35
1761304506412,CH1,POWER,2.35
1761304506417,CH1,POWER,2.35
1761304506422,CH1,POWER,2.35
1761304506426,CH1,POWER,2.35
1761304506432,CH1,POWER,2.35
1761304506437,CH1,POWER,2.35
1761304506442,CH1,POWER,2.35
1761304506469,CH1,POWER,2.35
1761304506474,CH1,POWER,2.35
1761304506479,CH1,POWER,2.35
1761304506484,CH1,POWER,2.35
1761304506489,CH1,POWER,2.35
1761304506494,CH1,POWER,2.35
1761304506498,CH1,POWER,2.35
1761304506504,CH1,POWER,2.35
1761304506509,CH1,POWER,2.35
1761304506513,CH1,POWER,2.35
1761304506519,CH1,POWER,2.35
1761304506523,CH1,POWER,2.35
1761304506529,CH1,POWER,2.35
1761304506533,CH1,POWER,2.35
1761304506539,CH1,POWER,2.35
1761304506544,CH1,POWER,2.35
1761304506549,CH1,POWER,2.35
1761304506554,CH1,POWER,2.35
1761304506559,CH1,POWER,2.35
1761304506564,CH1,POWER,2.35
1761304506569,CH1,POWER,2.35
1761304506573,CH1,POWER,2.35
1761304506578,CH1,POWER,2.35
1761304506583,CH1,POWER,2.35
1761304506589,CH1,POWER,2.35
1761304506594,CH1,POWER,2.35
1761304506599,CH1,POWER,2.35
1761304506604,CH1,POWER,2.35
1761304506608,CH1,POWER,2.35
1761304506614,CH1,POWER,2.35
1761304506619,CH1,POWER,2.35
1761304506624,CH1,POWER,2.35
1761304506629,CH1,POWER,2.35
1761304506634,CH1,POWER,2.35
1761304506639,CH1,POWER,2.35
1761304506644,CH1,POWER,2.35
1761304506648,CH1,POWER,2.35
1761304506654,CH1,POWER,2.35
1761304506658,CH1,POWER,2.35
1761304506664,CH1,POWER,2.35
1761304506669,CH1,POWER,2.35
1761304506673,CH1,POWER,2.35
1761304506679,CH1,POWER,2.35
1761304506684,CH1,POWER,2.35
1761304506688,CH1,POWER,2.35
1761304506693,CH1,POWER,2.35
1761304506698,CH1,POWER,2.35
1761304506704,CH1,POWER,2.35
1761304506709,CH1,POWER,2.35
1761304506715,CH1,POWER,2.35
1761304506722,CH1,POWER,2.35
1761304506727,CH1,POWER,2.35
1761304506731,CH1,POWER,2.35
1761304506737,CH1,POWER,2.35
1761304506742,CH1,POWER,2.35
1761304506747,CH1,POWER,2.35
1761304506752,CH1,POWER,2.35
1761304506757,CH1,POWER,2.35
1761304506762,CH1,POWER,2.35
1761304506767,CH1,POWER,2.35
1761304506771,CH1,POWER,2.35
1761304506778,CH1,POWER,2.35
1761304506783,CH1,POWER,2.35
1761304506790,CH1,POWER,2.35
1761304506795,CH1,POWER,2.35
1761304506802,CH1,POWER,2.35
1761304506807,CH1,POWER,2.35
1761304506814,CH1,POWER,2.35
1761304506819,CH1,POWER,2.35
1761304506823,CH1,POWER,2.35
1761304506829,CH1,POWER,2.35
1761304506833,CH1,POWER,2.35
1761304506839,CH1,POWER,2.35
1761304506844,CH1,POWER,2.35
1761304506846,CH1,POWER,2.35
1761304506875,CH1,POWER,2.35
1761304506882,CH1,POWER,2.35
1761304506887,CH1,POWER,2.35
1761304506893,CH1,POWER,2.35
1761304506899,CH1,POWER,2.35
1761304506904,CH1,POWER,2.35
1761304506909,CH1,POWER,2.35
1761304506914,CH1,POWER,2.35
1761304506919,CH1,POWER,2.35
1761304506926,CH1,POWER,2.35
1761304506930,CH1,POWER,2.35
1761304506936,CH1,POWER,2.35
1761304506940,CH1,POWER,2.35
1761304506946,CH1,POWER,2.35
1761304506951,CH1,POWER,2.35
1761304506956,CH1,POWER,2.35
1761304506961,CH1,POWER,2.35
1761304506965,CH1,POWER,2.35
1761304506970,CH1,POWER,2.35
1761304506976,CH1,POWER,2.35
1761304506980,CH1,POWER,2.35
1761304506986,CH1,POWER,2.35
1761304506990,CH1,POWER,2.35
1761304506996,CH1,POWER,2.35
1761304507001,CH1,POWER,2.35
1761304507006,CH1,POWER,2.35
1761304507011,CH1,POWER,2.35
1761304507015,CH1,POWER,2.35
1761304507021,CH1,POWER,2.35
1761304507026,CH1,POWER,2.35
1761304507031,CH1,POWER,2.35
1761304507036,CH1,POWER,2.35
1761304507040,CH1,POWER,2.35
1761304507046,CH1,POWER,2.35
1761304507051,CH1,POWER,2.35
1761304507056,CH1,POWER,2.35
1761304507061,CH1,POWER,2.35
1761304507065,CH1,POWER,2.35
1761304507071,CH1,POWER,2.35
1761304507076,CH1,POWER,2.35
1761304507081,CH1,POWER,2.35
1761304507086,CH1,POWER,2.35
1761304507090,CH1,POWER,2.35
1761304507095,CH1,POWER,2.35
1761304507100,CH1,POWER,2.35
1761304507106,CH1,POWER,2.35
1761304507112,CH1,POWER,2.35
1761304507117,CH1,POWER,2.35
1761304507122,CH1,POWER,2.35
1761304507129,CH1,POWER,2.35
1761304507133,CH1,POWER,2.35
1761304507139,CH1,POWER,2.35
1761304507143,CH1,POWER,2.35
1761304507149,CH1,POWER,2.35
1761304507153,CH1,POWER,2.35
1761304507159,CH1,POWER,2.35
1761304507164,CH1,POWER,2.35
1761304507169,CH1,POWER,2.35
1761304507173,CH1,POWER,2.35
1761304507179,CH1,POWER,2.35
1761304507183,CH1,POWER,2.35
1761304507189,CH1,POWER,2.35
1761304507193,CH1,POWER,2.35
1761304507199,CH1,POWER,2.35
1761304507204,CH1,POWER,2.35
1761304507209,CH1,POWER,2.35
1761304507215,CH1,POWER,2.35
1761304507222,CH1,POWER,2.35
1761304507226,CH1,POWER,2.35
1761304507233,CH1,POWER,2.35
1761304507237,CH1,POWER,2.35
1761304507265,CH1,POWER,2.35
1761304507269,CH1,POWER,2.35
1761304507274,CH1,POWER,2.35
1761304507280,CH1,POWER,2.35
1761304507285,CH1,POWER,2.35
1761304507289,CH1,POWER,2.35
1761304507295,CH1,POWER,2.35
1761304507300,CH1,POWER,2.35
1761304507305,CH1,POWER,2.35
1761304507310,CH1,POWER,2.35
1761304507314,CH1,POWER,2.35
1761304507319,CH1,POWER,2.35
1761304507325,CH1,POWER,2.35
1761304507329,CH1,POWER,2.35
1761304507334,CH1,POWER,2.35
1761304507339,CH1,POWER,2.35
1761304507345,CH1,POWER,2.35
1761304507349,CH1,POWER,2.35
1761304507354,CH1,POWER,2.35
1761304507360,CH1,POWER,2.35
1761304507364,CH1,POWER,2.35
1761304507370,CH1,POWER,2.35
1761304507374,CH1,POWER,2.35
1761304507380,CH1,POWER,2.35
1761304507385,CH1,POWER,2.35
1761304507389,CH1,POWER,2.35
1761304507394,CH1,POWER,2.35
1761304507399,CH1,POWER,2.35
1761304507405,CH1,POWER,2.35
1761304507409,CH1,POWER,2.35
1761304507415,CH1,POWER,2.35
1761304507420,CH1,POWER,2.35
1761304507424,CH1,POWER,2.35
1761304507430,CH1,POWER,2.35
1761304507434,CH1,POWER,2.35
1761304507440,CH1,POWER,2.35
1761304507445,CH1,POWER,2.35
1761304507449,CH1,POWER,2.35
1761304507455,CH1,POWER,2.35
1761304507460,CH1,POWER,2.35
1761304507464,CH1,POWER,2.35
1761304507469,CH1,POWER,2.35
1761304507474,CH1,POWER,2.35
1761304507479,CH1,POWER,2.35
1761304507484,CH1,POWER,2.35
1761304507490,CH1,POWER,2.35
1761304507495,CH1,POWER,2.35
1761304507499,CH1,POWER,2.35
1761304507504,CH1,POWER,2.35
1761304507510,CH1,POWER,2.35
1761304507514,CH1,POWER,2.35
1761304507519,CH1,POWER,2.35
1761304507524,CH1,POWER,2.35
1761304507530,CH1,POWER,2.35
1761304507535,CH1,POWER,2.35
1761304507539,CH1,POWER,2.35
1761304507544,CH1,POWER,2.35
1761304507549,CH1,POWER,2.35
1761304507554,CH1,POWER,2.35
1761304507559,CH1,POWER,2.35
1761304507565,CH1,POWER,2.35
1761304507570,CH1,POWER,2.35
1761304507574,CH1,POWER,2.35
1761304507579,CH1,POWER,2.35
1761304507585,CH1,POWER,2.35
1761304507589,CH1,POWER,2.35
1761304507594,CH1,POWER,2.35
1761304507600,CH1,POWER,2.35
1761304507605,CH1,POWER,2.35
1761304507610,CH1,POWER,2.35
1761304507614,CH1,POWER,2.35
1761304507619,CH1,POWER,2.35
1761304507625,CH1,POWER,2.35
1761304507629,CH1,POWER,2.35
1761304507634,CH1,POWER,2.35
1761304507638,CH1,POWER,2.75
1761304507664,CH1,POWER,2.75
1761304507669,CH1,POWER,2.75
1761304507674,CH1,POWER,2.75
1761304507680,CH1,POWER,2.75
1761304507685,CH1,POWER,2.75
1761304507689,CH1,POWER,2.75
1761304507694,CH1,POWER,2.75
1761304507699,CH1,POWER,2.75
1761304507704,CH1,POWER,2.75
1761304507709,CH1,POWER,2.75
1761304507714,CH1,POWER,2.75
1761304507720,CH1,POWER,2.75
1761304507724,CH1,POWER,2.75
1761304507729,CH1,POWER,2.75
1761304507734,CH1,POWER,2.75
1761304507739,CH1,POWER,2.75
1761304507744,CH1,POWER,2.75
1761304507749,CH1,POWER,2.75
1761304507755,CH1,POWER,2.75
1761304507760,CH1,POWER,2.75
1761304507765,CH1,POWER,2.75
1761304507769,CH1,POWER,2.75
1761304507774,CH1,POWER,2.75
1761304507780,CH1,POWER,2.75
1761304507784,CH1,POWER,2.75
1761304507789,CH1,POWER,2.75
1761304507795,CH1,POWER,2.75
1761304507799,CH1,POWER,2.75
1761304507804,CH1,POWER,2.75
1761304507809,CH1,POWER,2.75
1761304507814,CH1,POWER,2.75
1761304507820,CH1,POWER,2.75
1761304507824,CH1,POWER,2.75
1761304507829,CH1,POWER,2.75
1761304507835,CH1,POWER,2.75
1761304507839,CH1,POWER,2.75
1761304507845,CH1,POWER,2.75
1761304507849,CH1,POWER,2.75
1761304507854,CH1,POWER,2.75
1761304507859,CH1,POWER,2.75
1761304507865,CH1,POWER,2.75
1761304507869,CH1,POWER,2.75
1761304507874,CH1,POWER,2.75
1761304507879,CH1,POWER,2.75
1761304507885,CH1,POWER,2.75
1761304507889,CH1,POWER,2.75
1761304507894,CH1,POWER,2.75
1761304507899,CH1,POWER,2.75
1761304507904,CH1,POWER,2.75
1761304507910,CH1,POWER,2.75
1761304507914,CH1,POWER,2.75
1761304507919,CH1,POWER,2.75
1761304507924,CH1,POWER,2.75
1761304507929,CH1,POWER,2.75
1761304507935,CH1,POWER,2.75
1761304507939,CH1,POWER,2.75
1761304507945,CH1,POWER,2.75
1761304507950,CH1,POWER,2.75
1761304507954,CH1,POWER,2.75
1761304507959,CH1,POWER,2.75
1761304507964,CH1,POWER,2.75
1761304507970,CH1,POWER,2.75
1761304507974,CH1,POWER,2.75
1761304507979,CH1,POWER,2.75
1761304507986,CH1,POWER,2.75
1761304507990,CH1,POWER,2.75
1761304507997,CH1,POWER,2.75
1761304508003,CH1,POWER,2.75
1761304508007,CH1,POWER,2.75
1761304508013,CH1,POWER,2.75
1761304508020,CH1,POWER,2.75
1761304508024,CH1,POWER,2.75
1761304508029,CH1,POWER,2.75
1761304508034,CH1,POWER,2.75
1761304508038,CH1,POWER,2.35
1761304508041,CH1,POWER,2.35
1761304508069,CH1,POWER,2.35
1761304508073,CH1,POWER,2.35
1761304508078,CH1,POWER,2.35
1761304508083,CH1,POWER,2.35
1761304508088,CH1,POWER,2.35
1761304508093,CH1,POWER,2.35
1761304508098,CH1,POWER,2.35
1761304508103,CH1,POWER,2.35
1761304508109,CH1,POWER,2.35
1761304508113,CH1,POWER,2.35
1761304508118,CH1,POWER,2.35
1761304508123,CH1,POWER,2.35
1761304508128,CH1,POWER,2.35
1761304508133,CH1,POWER,2.35
1761304508139,CH1,POWER,2.35
1761304508144,CH1,POWER,2.35
1761304508148,CH1,POWER,2.35
1761304508153,CH1,POWER,2.35
1761304508158,CH1,POWER,2.35
1761304508163,CH1,POWER,2.35
1761304508168,CH1,POWER,2.35
1761304508173,CH1,POWER,2.35
1761304508178,CH1,POWER,2.35
1761304508184,CH1,POWER,2.35
1761304508188,CH1,POWER,2.35
1761304508193,CH1,POWER,2.35
1761304508198,CH1,POWER,2.35
1761304508203,CH1,POWER,2.35
1761304508208,CH1,POWER,2.35
1761304508213,CH1,POWER,2.35
1761304508219,CH1,POWER,2.35
1761304508223,CH1,POWER,2.35
1761304508228,CH1,POWER,2.35
1761304508233,CH1,POWER,2.35
1761304508238,CH1,POWER,2.35
1761304508243,CH1,POWER,2.35
1761304508248,CH1,POWER,2.35
1761304508253,CH1,POWER,2.35
1761304508258,CH1,POWER,2.35
1761304508263,CH1,POWER,2.35
1761304508268,CH1,POWER,2.35
1761304508274,CH1,POWER,2.35
1761304508278,CH1,POWER,2.35
1761304508283,CH1,POWER,2.35
1761304508288,CH1,POWER,2.35
1761304508294,CH1,POWER,2.35
1761304508298,CH1,POWER,2.35
1761304508303,CH1,POWER,2.35
1761304508308,CH1,POWER,2.35
1761304508313,CH1,POWER,2.35
1761304508318,CH1,POWER,2.35
1761304508323,CH1,POWER,2.35
1761304508328,CH1,POWER,2.35
1761304508333,CH1,POWER,2.35
1761304508338,CH1,POWER,2.35
1761304508344,CH1,POWER,2.35
1761304508349,CH1,POWER,2.35
1761304508353,CH1,POWER,2.35
1761304508358,CH1,POWER,2.35
1761304508363,CH1,POWER,2.35
1761304508369,CH1,POWER,2.35
1761304508373,CH1,POWER,2.35
1761304508378,CH1,POWER,2.35
1761304508383,CH1,POWER,2.35
1761304508388,CH1,POWER,2.35
1761304508393,CH1,POWER,2.35
1761304508399,CH1,POWER,2.35
1761304508404,CH1,POWER,2.35
1761304508408,CH1,POWER,2.35
1761304508413,CH1,POWER,2.35
1761304508418,CH1,POWER,2.35
1761304508424,CH1,POWER,2.35
1761304508429,CH1,POWER,2.35
1761304508436,CH1,POWER,2.35
1761304508440,CH1,POWER,2.35
1761304508443,CH1,POWER,2.35
1761304508471,CH1,POWER,2.35
1761304508477,CH1,POWER,2.35
1761304508483,CH1,POWER,2.35
1761304508488,CH1,POWER,2.35
1761304508493,CH1,POWER,2.35
1761304508498,CH1,POWER,2.35
1761304508503,CH1,POWER,2.35
1761304508508,CH1,POWER,2.35
1761304508513,CH1,POWER,2.35
1761304508518,CH1,POWER,2.35
1761304508523,CH1,POWER,2.35
1761304508528,CH1,POWER,2.35
1761304508533,CH1,POWER,2.35
1761304508538,CH1,POWER,2.35
1761304508543,CH1,POWER,2.35
1761304508548,CH1,POWER,2.35
1761304508554,CH1,POWER,2.35
1761304508558,CH1,POWER,2.35
1761304508563,CH1,POWER,2.35
1761304508568,CH1,POWER,2.35
1761304508573,CH1,POWER,2.35
1761304508581,CH1,POWER,2.35
1761304508589,CH1,POWER,2.35
1761304508594,CH1,POWER,2.35
1761304508602,CH1,POWER,2.35
1761304508607,CH1,POWER,2.35
1761304508613,CH1,POWER,2.35
1761304508619,CH1,POWER,2.35
1761304508624,CH1,POWER,2.35
1761304508631,CH1,POWER,2.35
1761304508637,CH1,POWER,2.35
1761304508641,CH1,POWER,2.35
1761304508647,CH1,POWER,2.35
1761304508651,CH1,POWER,2.35
1761304508657,CH1,POWER,2.35
1761304508661,CH1,POWER,2.35
1761304508667,CH1,POWER,2.35
1761304508673,CH1,POWER,2.35
1761304508678,CH1,POWER,2.35
1761304508683,CH1,POWER,2.35
1761304508688,CH1,POWER,2.35
1761304508693,CH1,POWER,2.35
1761304508698,CH1,POWER,2.35
1761304508703,CH1,POWER,2.35
1761304508709,CH1,POWER,2.35
1761304508713,CH1,POWER,2.35
1761304508718,CH1,POWER,2.35
1761304508723,CH1,POWER,2.35
1761304508728,CH1,POWER,2.35
1761304508733,CH1,POWER,2.35
1761304508738,CH1,POWER,2.35
1761304508744,CH1,POWER,2.35
1761304508748,CH1,POWER,2.35
1761304508753,CH1,POWER,2.35
1761304508758,CH1,POWER,2.35
1761304508763,CH1,POWER,2.35
1761304508768,CH1,POWER,2.35
1761304508773,CH1,POWER,2.35
1761304508778,CH1,POWER,2.35
1761304508783,CH1,POWER,2.35
1761304508789,CH1,POWER,2.35
1761304508793,CH1,POWER,2.35
1761304508798,CH1,POWER,2.35
1761304508803,CH1,POWER,2.35
1761304508808,CH1,POWER,2.35
1761304508813,CH1,POWER,2.35
1761304508819,CH1,POWER,2.35
1761304508823,CH1,POWER,2.35
1761304508828,CH1,POWER,2.35
1761304508833,CH1,POWER,2.35
1761304508838,CH1,POWER,2.35
1761304508842,CH1,POWER,2.35
1761304508845,CH1,POWER,2.35
1761304508872,CH1,POWER,2.35
1761304508877,CH1,POWER,2.35
1761304508882,CH1,POWER,2.35
1761304508887,CH1,POWER,2.35
1761304508892,CH1,POWER,2.35
1761304508897,CH1,POWER,2.35
1761304508902,CH1,POWER,2.35
1761304508907,CH1,POWER,2.35
1761304508912,CH1,POWER,2.35
1761304508917,CH1,POWER,2.35
1761304508922,CH1,POWER,2.35
1761304508927,CH1,POWER,2.35
1761304508932,CH1,POWER,2.35
1761304508937,CH1,POWER,2.35
1761304508943,CH1,POWER,2.35
1761304508947,CH1,POWER,2.35
1761304508952,CH1,POWER,2.35
1761304508957,CH1,POWER,2.35
1761304508962,CH1,POWER,2.35
1761304508967,CH1,POWER,2.35
1761304508972,CH1,POWER,2.35
1761304508977,CH1,POWER,2.35
1761304508982,CH1,POWER,2.35
1761304508987,CH1,POWER,2.35
1761304508992,CH1,POWER,2.35
1761304508997,CH1,POWER,2.35
1761304509002,CH1,POWER,2.35
1761304509008,CH1,POWER,2.35
1761304509012,CH1,POWER,2.35
1761304509017,CH1,POWER,2.35
1761304509023,CH1,POWER,2.35
1761304509027,CH1,POWER,2.35
1761304509032,CH1,POWER,2.35
1761304509037,CH1,POWER,2.35
1761304509043,CH1,POWER,2.35
1761304509047,CH1,POWER,2.35
1761304509052,CH1,POWER,2.35
1761304509058,CH1,POWER,2.35
1761304509062,CH1,POWER,2.35
1761304509068,CH1,POWER,2.35
1761304509072,CH1,POWER,2.35
1761304509077,CH1,POWER,2.35
1761304509082,CH1,POWER,2.35
1761304509087,CH1,POWER,2.35
1761304509092,CH1,POWER,2.35
1761304509097,CH1,POWER,2.35
1761304509102,CH1,POWER,2.35
1761304509107,CH1,POWER,2.35
1761304509112,CH1,POWER,2.35
1761304509117,CH1,POWER,2.35
1761304509122,CH1,POWER,2.35
1761304509127,CH1,POWER,2.35
1761304509132,CH1,POWER,2.35
1761304509137,CH1,POWER,2.35
1761304509142,CH1,POWER,2.35
1761304509147,CH1,POWER,2.35
1761304509152,CH1,POWER,2.35
1761304509157,CH1,POWER,2.35
1761304509162,CH1,POWER,2.35
1761304509168,CH1,POWER,2.35
1761304509172,CH1,POWER,2.35
1761304509177,CH1,POWER,2.35
1761304509182,CH1,POWER,2.35
1761304509187,CH1,POWER,2.35
1761304509192,CH1,POWER,2.35
1761304509197,CH1,POWER,2.35
1761304509202,CH1,POWER,2.35
1761304509207,CH1,POWER,2.35
1761304509212,CH1,POWER,2.35
1761304509217,CH1,POWER,2.35
1761304509222,CH1,POWER,2.35
1761304509227,CH1,POWER,2.35
1761304509233,CH1,POWER,2.35
1761304509237,CH1,POWER,2.35
1761304509243,CH1,POWER,2.35
1761304509246,CH1,POWER,2.35
1761304509272,CH1,POWER,2.35
1761304509277,CH1,POWER,2.35
1761304509282,CH1,POWER,2.35
1761304509287,CH1,POWER,2.35
1761304509292,CH1,POWER,2.35
1761304509297,CH1,POWER,2.35
1761304509302,CH1,POWER,2.35
1761304509308,CH1,POWER,2.35
1761304509315,CH1,POWER,2.35
1761304509321,CH1,POWER,2.35
1761304509325,CH1,POWER,2.35
1761304509331,CH1,POWER,2.35
1761304509335,CH1,POWER,2.35
1761304509341,CH1,POWER,2.35
1761304509345,CH1,POWER,2.35
1761304509351,CH1,POWER,2.35
1761304509355,CH1,POWER,2.35
1761304509361,CH1,POWER,2.35
1761304509365,CH1,POWER,2.35
1761304509371,CH1,POWER,2.35
1761304509375,CH1,POWER,2.35
1761304509381,CH1,POWER,2.35
1761304509385,CH1,POWER,2.35
1761304509391,CH1,POWER,2.35
1761304509397,CH1,POWER,2.35
1761304509402,CH1,POWER,2.35
1761304509407,CH1,POWER,2.35
1761304509412,CH1,POWER,2.35
1761304509417,CH1,POWER,2.35
1761304509422,CH1,POWER,2.35
1761304509427,CH1,POWER,2.35
1761304509432,CH1,POWER,2.35
1761304509437,CH1,POWER,2.35
1761304509442,CH1,POWER,2.35
1761304509447,CH1,POWER,2.35
1761304509452,CH1,POWER,2.35
1761304509457,CH1,POWER,2.35
1761304509462,CH1,POWER,2.35
1761304509467,CH1,POWER,2.35
1761304509472,CH1,POWER,2.35
1761304509477,CH1,POWER,2.35
1761304509482,CH1,POWER,2.35
1761304509487,CH1,POWER,2.35
1761304509492,CH1,POWER,2.35
1761304509497,CH1,POWER,2.35
1761304509502,CH1,POWER,2.35
1761304509507,CH1,POWER,2.35
1761304509512,CH1,POWER,2.35
1761304509517,CH1,POWER,2.35
1761304509522,CH1,POWER,2.35
1761304509527,CH1,POWER,2.35
1761304509532,CH1,POWER,2.35
1761304509537,CH1,POWER,2.35
1761304509543,CH1,POWER,2.35
1761304509547,CH1,POWER,2.35
1761304509552,CH1,POWER,2.35
1761304509557,CH1,POWER,2.35
1761304509562,CH1,POWER,2.35
1761304509567,CH1,POWER,2.35
1761304509572,CH1,POWER,2.35
1761304509578,CH1,POWER,2.35
1761304509582,CH1,POWER,2.35
1761304509587,CH1,POWER,2.35
1761304509592,CH1,POWER,2.35
1761304509597,CH1,POWER,2.35
1761304509602,CH1,POWER,2.35
1761304509607,CH1,POWER,2.35
1761304509612,CH1,POWER,2.35
1761304509618,CH1,POWER,2.35
1761304509622,CH1,POWER,2.35
1761304509627,CH1,POWER,2.35
1761304509632,CH1,POWER,2.35
1761304509637,CH1,POWER,2.35
1761304509642,CH1,POWER,2.35
1761304509645,CH1,POWER,2.35
1761304509648,CH1,POWER,2.35
1761304509677,CH1,POWER,2.35
1761304509681,CH1,POWER,2.35
1761304509686,CH1,POWER,2.35
1761304509691,CH1,POWER,2.35
1761304509696,CH1,POWER,2.35
1761304509701,CH1,POWER,2.35
1761304509706,CH1,POWER,2.35
1761304509711,CH1,POWER,2.35
1761304509716,CH1,POWER,2.35
1761304509721,CH1,POWER,2.35
1761304509726,CH1,POWER,2.35
1761304509731,CH1,POWER,2.35
1761304509736,CH1,POWER,2.35
1761304509743,CH1,POWER,2.35
1761304509749,CH1,POWER,2.35
1761304509754,CH1,POWER,2.35
1761304509760,CH1,POWER,2.35
1761304509764,CH1,POWER,2.35
1761304509769,CH1,POWER,2.35
1761304509774,CH1,POWER,2.35
1761304509779,CH1,POWER,2.35
1761304509784,CH1,POWER,2.35
1761304509789,CH1,POWER,2.35
1761304509794,CH1,POWER,2.35
1761304509799,CH1,POWER,2.35
1761304509804,CH1,POWER,2.35
1761304509809,CH1,POWER,2.35
1761304509814,CH1,POWER,2.35
1761304509819,CH1,POWER,2.35
1761304509824,CH1,POWER,2.35
1761304509829,CH1,POWER,2.35
1761304509835,CH1,POWER,2.35
1761304509839,CH1,POWER,2.35
1761304509844,CH1,POWER,2.35
1761304509849,CH1,POWER,2.35
1761304509854,CH1,POWER,2.35
1761304509859,CH1,POWER,2.35
1761304509864,CH1,POWER,2.35
1761304509869,CH1,POWER,2.35
1761304509874,CH1,POWER,2.35
1761304509879,CH1,POWER,2.35
1761304509884,CH1,POWER,2.35
1761304509889,CH1,POWER,2.35
1761304509894,CH1,POWER,2.35
1761304509899,CH1,POWER,2.35
1761304509904,CH1,POWER,2.35
1761304509910,CH1,POWER,2.35
1761304509914,CH1,POWER,2.35
1761304509919,CH1,POWER,2.35
1761304509924,CH1,POWER,2.35
1761304509929,CH1,POWER,2.35
1761304509934,CH1,POWER,2.35
1761304509939,CH1,POWER,2.35
1761304509944,CH1,POWER,2.35
1761304509949,CH1,POWER,2.35
1761304509954,CH1,POWER,2.35
1761304509959,CH1,POWER,2.35
1761304509964,CH1,POWER,2.35
1761304509969,CH1,POWER,2.35
1761304509974,CH1,POWER,2.35
1761304509979,CH1,POWER,2.35
1761304509985,CH1,POWER,2.35
1761304509990,CH1,POWER,2.35
1761304509997,CH1,POWER,2.35
1761304510003,CH1,POWER,2.35
1761304510007,CH1,POWER,2.35
1761304510013,CH1,POWER,2.35
1761304510017,CH1,POWER,2.35
1761304510023,CH1,POWER,2.35
1761304510027,CH1,POWER,2.35
1761304510033,CH1,POWER,2.35
1761304510037,CH1,POWER,2.35
1761304510043,CH1,POWER,2.35
1761304510046,CH1,POWER,2.35
1761304510049,CH1,POWER,2.35
1761304510052,CH1,POWER,2.35
1761304510079,CH1,POWER,2.35
1761304510085,CH1,POWER,2.35
1761304510089,CH1,POWER,2.35
1761304510095,CH1,POWER,2.35
1761304510099,CH1,POWER,2.35
1761304510105,CH1,POWER,2.35
1761304510109,CH1,POWER,2.35
1761304510115,CH1,POWER,2.35
1761304510121,CH1,POWER,2.35
1761304510127,CH1,POWER,2.35
1761304510131,CH1,POWER,2.35
1761304510136,CH1,POWER,2.35
1761304510141,CH1,POWER,2.35
1761304510146,CH1,POWER,2.35
1761304510152,CH1,POWER,2.35
1761304510156,CH1,POWER,2.35
1761304510161,CH1,POWER,2.35
1761304510166,CH1,POWER,2.35
1761304510171,CH1,POWER,2.35
1761304510176,CH1,POWER,2.35
1761304510181,CH1,POWER,2.35
1761304510186,CH1,POWER,2.35
1761304510192,CH1,POWER,2.35
1761304510196,CH1,POWER,2.35
1761304510202,CH1,POWER,2.35
1761304510206,CH1,POWER,2.35
1761304510211,CH1,POWER,2.35
1761304510216,CH1,POWER,2.35
1761304510221,CH1,POWER,2.35
1761304510226,CH1,POWER,2.35
1761304510231,CH1,POWER,2.35
1761304510236,CH1,POWER,2.35
1761304510241,CH1,POWER,2.35
1761304510246,CH1,POWER,2.35
1761304510251,CH1,POWER,2.35
1761304510256,CH1,POWER,2.35
1761304510261,CH1,POWER,2.35
1761304510266,CH1,POWER,2.35
1761304510271,CH1,POWER,2.35
1761304510276,CH1,POWER,2.35
1761304510281,CH1,POWER,2.35
1761304510286,CH1,POWER,2.35
1761304510291,CH1,POWER,2.35
1761304510296,CH1,POWER,2.35
1761304510301,CH1,POWER,2.35
1761304510306,CH1,POWER,2.35
1761304510311,CH1,POWER,2.35
1761304510316,CH1,POWER,2.35
1761304510321,CH1,POWER,2.35
1761304510326,CH1,POWER,2.35
1761304510331,CH1,POWER,2.35
1761304510336,CH1,POWER,2.35
1761304510341,CH1,POWER,2.35
1761304510346,CH1,POWER,2.35
1761304510351,CH1,POWER,2.35
1761304510356,CH1,POWER,2.35
1761304510361,CH1,POWER,2.35
1761304510366,CH1,POWER,2.35
1761304510371,CH1,POWER,2.35
1761304510376,CH1,POWER,2.35
1761304510381,CH1,POWER,2.35
1761304510386,CH1,POWER,2.35
1761304510391,CH1,POWER,2.35
1761304510396,CH1,POWER,2.35
1761304510401,CH1,POWER,2.35
1761304510406,CH1,POWER,2.35
1761304510411,CH1,POWER,2.35
1761304510416,CH1,POWER,2.35
1761304510421,CH1,POWER,2.35
1761304510426,CH1,POWER,2.35
1761304510431,CH1,POWER,2.35
1761304510436,CH1,POWER,2.35
1761304510441,CH1,POWER,2.35
1761304510446,CH1,POWER,2.35
1761304510451,CH1,POWER,2.35
1761304510454,CH1,POWER,2.35
1761304510481,CH1,POWER,2.35
1761304510487,CH1,POWER,2.35
1761304510491,CH1,POWER,2.35
1761304510497,CH1,POWER,2.35
1761304510502,CH1,POWER,2.35
1761304510507,CH1,POWER,2.35
1761304510511,CH1,POWER,2.35
1761304510517,CH1,POWER,2.35
1761304510521,CH1,POWER,2.35
1761304510527,CH1,POWER,2.35
1761304510532,CH1,POWER,2.35
1761304510539,CH1,POWER,2.35
1761304510544,CH1,POWER,2.35
1761304510552,CH1,POWER,2.35
1761304510557,CH1,POWER,2.35
1761304510561,CH1,POWER,2.35
1761304510567,CH1,POWER,2.35
1761304510571,CH1,POWER,2.35
1761304510577,CH1,POWER,2.35
1761304510581,CH1,POWER,2.35
1761304510587,CH1,POWER,2.35
1761304510591,CH1,POWER,2.35
1761304510597,CH1,POWER,2.35
1761304510602,CH1,POWER,2.35
1761304510609,CH1,POWER,2.35
1761304510614,CH1,POWER,2.35
1761304510621,CH1,POWER,2.35
1761304510627,CH1,POWER,2.35
1761304510631,CH1,POWER,2.35
1761304510637,CH1,POWER,2.35
1761304510641,CH1,POWER,2.35
1761304510647,CH1,POWER,2.35
1761304510651,CH1,POWER,2.35
1761304510657,CH1,POWER,2.35
1761304510661,CH1,POWER,2.35
1761304510667,CH1,POWER,2.35
1761304510671,CH1,POWER,2.35
1761304510677,CH1,POWER,2.35
1761304510683,CH1,POWER,2.35
1761304510688,CH1,POWER,2.35
1761304510693,CH1,POWER,2.35
1761304510698,CH1,POWER,2.35
1761304510703,CH1,POWER,2.35
1761304510708,CH1,POWER,2.35
1761304510713,CH1,POWER,2.35
1761304510718,CH1,POWER,2.35
1761304510723,CH1,POWER,2.35
1761304510728,CH1,POWER,2.35
1761304510733,CH1,POWER,2.35
1761304510738,CH1,POWER,2.35
1761304510743,CH1,POWER,2.35
1761304510748,CH1,POWER,2.35
1761304510753,CH1,POWER,2.35
1761304510758,CH1,POWER,2.35
1761304510763,CH1,POWER,2.35
1761304510768,CH1,POWER,2.35
1761304510773,CH1,POWER,2.35
1761304510778,CH1,POWER,2.35
1761304510783,CH1,POWER,2.35
1761304510788,CH1,POWER,2.35
1761304510793,CH1,POWER,2.35
1761304510798,CH1,POWER,2.35
1761304510803,CH1,POWER,2.35
1761304510808,CH1,POWER,2.35
1761304510813,CH1,POWER,2.35
1761304510818,CH1,POWER,2.35
1761304510823,CH1,POWER,2.35
1761304510829,CH1,POWER,2.35
1761304510835,CH1,POWER,2.35
1761304510840,CH1,POWER,2.35
1761304510845,CH1,POWER,2.35
1761304510850,CH1,POWER,2.35
1761304510854,CH1,POWER,2.35
1761304510880,CH1,POWER,2.35
1761304510885,CH1,POWER,2.35
1761304510890,CH1,POWER,2.35
1761304510895,CH1,POWER,2.35
1761304510900,CH1,POWER,2.35
1761304510905,CH1,POWER,2.35
1761304510910,CH1,POWER,2.35
1761304510915,CH1,POWER,2.35
1761304510920,CH1,POWER,2.35
1761304510925,CH1,POWER,2.35
1761304510930,CH1,POWER,2.35
1761304510935,CH1,POWER,2.35
1761304510940,CH1,POWER,2.35
1761304510945,CH1,POWER,2.35
1761304510950,CH1,POWER,2.35
1761304510955,CH1,POWER,2.35
1761304510960,CH1,POWER,2.35
1761304510965,CH1,POWER,2.35
1761304510970,CH1,POWER,2.35
1761304510975,CH1,POWER,2.35
1761304510980,CH1,POWER,2.35
1761304510985,CH1,POWER,2.35
1761304510990,CH1,POWER,2.35
1761304510995,CH1,POWER,2.35
1761304511000,CH1,POWER,2.35
1761304511005,CH1,POWER,2.35
1761304511010,CH1,POWER,2.35
1761304511015,CH1,POWER,2.35
1761304511020,CH1,POWER,2.35
1761304511026,CH1,POWER,2.35
1761304511033,CH1,POWER,2.35
1761304511039,CH1,POWER,2.35
1761304511045,CH1,POWER,2.35
1761304511050,CH1,POWER,2.35
1761304511055,CH1,POWER,2.35
1761304511060,CH1,POWER,2.35
1761304511065,CH1,POWER,2.35
1761304511070,CH1,POWER,2.35
1761304511075,CH1,POWER,2.35
1761304511080,CH1,POWER,2.35
1761304511085,CH1,POWER,2.35
1761304511090,CH1,POWER,2.35
1761304511095,CH1,POWER,2.35
1761304511100,CH1,POWER,2.35
1761304511105,CH1,POWER,2.35
1761304511110,CH1,POWER,2.35
1761304511115,CH1,POWER,2.35
1761304511120,CH1,POWER,2.35
1761304511125,CH1,POWER,2.35
1761304511130,CH1,POWER,2.35
1761304511135,CH1,POWER,2.35
1761304511140,CH1,POWER,2.35
1761304511145,CH1,POWER,2.35
1761304511150,CH1,POWER,2.35
1761304511155,CH1,POWER,2.35
1761304511160,CH1,POWER,2.35
1761304511165,CH1,POWER,2.35
1761304511170,CH1,POWER,2.35
1761304511175,CH1,POWER,2.35
1761304511180,CH1,POWER,2.35
1761304511185,CH1,POWER,2.35
1761304511190,CH1,POWER,2.35
1761304511195,CH1,POWER,2.35
1761304511200,CH1,POWER,2.35
1761304511205,CH1,POWER,2.35
1761304511210,CH1,POWER,2.35
1761304511216,CH1,POWER,2.35
1761304511220,CH1,POWER,2.35
1761304511225,CH1,POWER,2.35
1761304511230,CH1,POWER,2.35
1761304511235,CH1,POWER,2.35
1761304511240,CH1,POWER,2.35
1761304511245,CH1,POWER,2.35
1761304511250,CH1,POWER,2.35
1761304511254,CH1,POWER,2.35
1761304511256,CH1,POWER,2.35
1761304511284,CH1,POWER,2.35
1761304511289,CH1,POWER,2.35
1761304511294,CH1,POWER,2.35
1761304511299,CH1,POWER,2.35
1761304511304,CH1,POWER,2.35
1761304511309,CH1,POWER,2.35
1761304511314,CH1,POWER,2.35
1761304511319,CH1,POWER,2.35
1761304511324,CH1,POWER,2.35
1761304511329,CH1,POWER,2.35
1761304511334,CH1,POWER,2.35
1761304511339,CH1,POWER,2.35
1761304511344,CH1,POWER,2.35
1761304511349,CH1,POWER,2.35
1761304511354,CH1,POWER,2.35
1761304511359,CH1,POWER,2.35
1761304511364,CH1,POWER,2.35
1761304511370,CH1,POWER,2.35
1761304511375,CH1,POWER,2.35
1761304511383,CH1,POWER,2.35
1761304511389,CH1,POWER,2.35
1761304511395,CH1,POWER,2.35
1761304511401,CH1,POWER,2.35
1761304511405,CH1,POWER,2.35
1761304511411,CH1,POWER,2.35
1761304511415,CH1,POWER,2.35
1761304511421,CH1,POWER,2.35
1761304511425,CH1,POWER,2.35
1761304511431,CH1,POWER,2.35
1761304511435,CH1,POWER,2.35
1761304511441,CH1,POWER,2.35
1761304511445,CH1,POWER,2.35
1761304511451,CH1,POWER,2.35
1761304511455,CH1,POWER,2.35
1761304511461,CH1,POWER,2.35
1761304511466,CH1,POWER,2.35
1761304511473,CH1,POWER,2.35
1761304511479,CH1,POWER,2.35
1761304511485,CH1,POWER,2.35
1761304511489,CH1,POWER,2.35
1761304511494,CH1,POWER,2.35
1761304511499,CH1,POWER,2.35
1761304511504,CH1,POWER,2.35
1761304511509,CH1,POWER,2.35
1761304511514,CH1,POWER,2.35
1761304511519,CH1,POWER,2.35
1761304511524,CH1,POWER,2.35
1761304511529,CH1,POWER,2.35
1761304511534,CH1,POWER,2.35
1761304511539,CH1,POWER,2.35
1761304511544,CH1,POWER,2.35
1761304511549,CH1,POWER,2.35
1761304511554,CH1,POWER,2.35
1761304511559,CH1,POWER,2.35
1761304511564,CH1,POWER,2.35
1761304511569,CH1,POWER,2.35
1761304511574,CH1,POWER,2.35
1761304511579,CH1,POWER,2.35
1761304511584,CH1,POWER,2.35
1761304511590,CH1,POWER,2.35
1761304511594,CH1,POWER,2.35
1761304511599,CH1,POWER,2.35
1761304511605,CH1,POWER,2.35
1761304511609,CH1,POWER,2.35
1761304511614,CH1,POWER,2.35
1761304511619,CH1,POWER,2.35
1761304511624,CH1,POWER,2.35
1761304511629,CH1,POWER,2.35
1761304511635,CH1,POWER,2.35
1761304511639,CH1,POWER,2.35
1761304511644,CH1,POWER,2.35
1761304511649,CH1,POWER,2.35
1761304511677,CH1,POWER,2.35
1761304511683,CH1,POWER,2.35
1761304511687,CH1,POWER,2.35
1761304511693,CH1,POWER,2.35
1761304511697,CH1,POWER,2.35
1761304511703,CH1,POWER,2.35
1761304511707,CH1,POWER,2.35
1761304511713,CH1,POWER,2.35
1761304511717,CH1,POWER,2.35
1761304511723,CH1,POWER,2.35
1761304511727,CH1,POWER,2.35
1761304511733,CH1,POWER,2.35
1761304511737,CH1,POWER,2.35
1761304511743,CH1,POWER,2.35
1761304511748,CH1,POWER,2.35
1761304511755,CH1,POWER,2.35
1761304511760,CH1,POWER,2.35
1761304511767,CH1,POWER,2.35
1761304511773,CH1,POWER,2.35
1761304511777,CH1,POWER,2.35
1761304511783,CH1,POWER,2.35
1761304511787,CH1,POWER,2.35
1761304511793,CH1,POWER,2.35
1761304511798,CH1,POWER,2.35
1761304511805,CH1,POWER,2.35
1761304511810,CH1,POWER,2.35
1761304511817,CH1,POWER,2.35
1761304511823,CH1,POWER,2.35
1761304511829,CH1,POWER,2.35
1761304511835,CH1,POWER,2.35
1761304511839,CH1,POWER,2.35
1761304511844,CH1,POWER,2.35
1761304511849,CH1,POWER,2.35
1761304511854,CH1,POWER,2.35
1761304511859,CH1,POWER,2.35
1761304511864,CH1,POWER,2.35
1761304511869,CH1,POWER,2.35
1761304511874,CH1,POWER,2.35
1761304511879,CH1,POWER,2.35
1761304511884,CH1,POWER,2.35
1761304511889,CH1,POWER,2.35
1761304511894,CH1,POWER,2.35
1761304511899,CH1,POWER,2.35
1761304511904,CH1,POWER,2.35
1761304511909,CH1,POWER,2.35
1761304511914,CH1,POWER,2.35
1761304511919,CH1,POWER,2.35
1761304511924,CH1,POWER,2.35
1761304511929,CH1,POWER,2.35
1761304511934,CH1,POWER,2.35
1761304511939,CH1,POWER,2.35
1761304511944,CH1,POWER,2.35
1761304511949,CH1,POWER,2.35
1761304511954,CH1,POWER,2.35
1761304511959,CH1,POWER,2.35
1761304511964,CH1,POWER,2.35
1761304511969,CH1,POWER,2.35
1761304511974,CH1,POWER,2.35
1761304511979,CH1,POWER,2.35
1761304511984,CH1,POWER,2.35
1761304511989,CH1,POWER,2.35
1761304511994,CH1,POWER,2.35
1761304511999,CH1,POWER,2.35
1761304512004,CH1,POWER,2.35
1761304512010,CH1,POWER,2.35
1761304512016,CH1,POWER,2.35
1761304512021,CH1,POWER,2.35
1761304512026,CH1,POWER,2.35
1761304512031,CH1,POWER,2.35
1761304512036,CH1,POWER,2.35
1761304512041,CH1,POWER,2.35
1761304512046,CH1,POWER,2.35
1761304512050,CH1,POWER,2.35
1761304512076,CH1,POWER,2.35
1761304512081,CH1,POWER,2.35
1761304512086,CH1,POWER,2.35
1761304512091,CH1,POWER,2.35
1761304512096,CH1,POWER,2.35
1761304512101,CH1,POWER,2.35
1761304512106,CH1,POWER,2.35
1761304512111,CH1,POWER,2.35
1761304512116,CH1,POWER,2.35
1761304512121,CH1,POWER,2.35
1761304512126,CH1,POWER,2.35
1761304512131,CH1,POWER,2.35
1761304512136,CH1,POWER,2.35
1761304512141,CH1,POWER,2.35
1761304512146,CH1,POWER,2.35
1761304512151,CH1,POWER,2.35
1761304512156,CH1,POWER,2.35
1761304512161,CH1,POWER,2.35
1761304512166,CH1,POWER,2.35
1761304512171,CH1,POWER,2.35
1761304512176,CH1,POWER,2.35
1761304512181,CH1,POWER,2.35
1761304512186,CH1,POWER,2.35
1761304512191,CH1,POWER,2.35
1761304512196,CH1,POWER,2.35
1761304512201,CH1,POWER,2.35
1761304512206,CH1,POWER,2.35
1761304512211,CH1,POWER,2.35
1761304512216,CH1,POWER,2.35
1761304512221,CH1,POWER,2.35
1761304512226,CH1,POWER,2.35
1761304512231,CH1,POWER,2.35
1761304512236,CH1,POWER,2.35
1761304512241,CH1,POWER,2.35
1761304512246,CH1,POWER,2.35
1761304512251,CH1,POWER,2.35
1761304512256,CH1,POWER,2.35
1761304512261,CH1,POWER,2.35
1761304512266,CH1,POWER,2.35
1761304512271,CH1,POWER,2.35
1761304512277,CH1,POWER,2.35
1761304512281,CH1,POWER,2.35
1761304512286,CH1,POWER,2.35
1761304512291,CH1,POWER,2.35
1761304512296,CH1,POWER,2.35
1761304512301,CH1,POWER,2.35
1761304512306,CH1,POWER,2.35
1761304512312,CH1,POWER,2.35
1761304512319,CH1,POWER,2.35
1761304512325,CH1,POWER,2.35
1761304512329,CH1,POWER,2.35
1761304512335,CH1,POWER,2.35
1761304512341,CH1,POWER,2.35
1761304512346,CH1,POWER,2.35
1761304512351,CH1,POWER,2.35
1761304512356,CH1,POWER,2.35
1761304512361,CH1,POWER,2.35
1761304512366,CH1,POWER,2.35
1761304512371,CH1,POWER,2.35
1761304512376,CH1,POWER,2.35
1761304512381,CH1,POWER,2.35
1761304512386,CH1,POWER,2.35
1761304512391,CH1,POWER,2.35
1761304512396,CH1,POWER,2.35
1761304512401,CH1,POWER,2.35
1761304512406,CH1,POWER,2.35
1761304512411,CH1,POWER,2.35
1761304512416,CH1,POWER,2.35
1761304512421,CH1,POWER,2.35
1761304512426,CH1,POWER,2.35
1761304512431,CH1,POWER,2.35
1761304512436,CH1,POWER,2.35
1761304512441,CH1,POWER,2.35
1761304512446,CH1,POWER,2.35
1761304512449,CH1,POWER,2.35
1761304512452,CH1,POWER,2.35
1761304512478,CH1,POWER,2.35
1761304512483,CH1,POWER,2.35
1761304512488,CH1,POWER,2.35
1761304512493,CH1,POWER,2.35
1761304512498,CH1,POWER,2.35
1761304512503,CH1,POWER,2.35
1761304512508,CH1,POWER,2.35
1761304512513,CH1,POWER,2.35
1761304512518,CH1,POWER,2.35
1761304512523,CH1,POWER,2.35
1761304512528,CH1,POWER,2.35
1761304512533,CH1,POWER,2.35
1761304512538,CH1,POWER,2.35
1761304512543,CH1,POWER,2.35
1761304512548,CH1,POWER,2.35
1761304512553,CH1,POWER,2.35
1761304512558,CH1,POWER,2.35
1761304512563,CH1,POWER,2.35
1761304512568,CH1,POWER,2.35
1761304512573,CH1,POWER,2.35
1761304512578,CH1,POWER,2.35
1761304512583,CH1,POWER,2.35
1761304512588,CH1,POWER,2.35
1761304512593,CH1,POWER,2.35
1761304512598,CH1,POWER,2.35
1761304512603,CH1,POWER,2.35
1761304512608,CH1,POWER,2.35
1761304512613,CH1,POWER,2.35
1761304512618,CH1,POWER,2.35
1761304512623,CH1,POWER,2.35
1761304512628,CH1,POWER,2.35
1761304512633,CH1,POWER,2.35
1761304512638,CH1,POWER,2.35
1761304512643,CH1,POWER,2.35
1761304512648,CH1,POWER,2.35
1761304512653,CH1,POWER,2.35
1761304512658,CH1,POWER,2.35
1761304512663,CH1,POWER,2.35
1761304512668,CH1,POWER,2.35
1761304512673,CH1,POWER,2.35
1761304512678,CH1,POWER,2.35
1761304512683,CH1,POWER,2.35
1761304512688,CH1,POWER,2.35
1761304512693,CH1,POWER,2.35
1761304512698,CH1,POWER,2.35
1761304512703,CH1,POWER,2.35
1761304512708,CH1,POWER,2.35
1761304512713,CH1,POWER,2.35
1761304512718,CH1,POWER,2.35
1761304512723,CH1,POWER,2.35
1761304512728,CH1,POWER,2.35
1761304512733,CH1,POWER,2.35
1761304512738,CH1,POWER,2.35
1761304512743,CH1,POWER,2.35
1761304512748,CH1,POWER,2.35
1761304512753,CH1,POWER,2.35
1761304512758,CH1,POWER,2.35
1761304512763,CH1,POWER,2.35
1761304512768,CH1,POWER,2.35
1761304512773,CH1,POWER,2.35
1761304512778,CH1,POWER,2.35
1761304512783,CH1,POWER,2.35
1761304512788,CH1,POWER,2.35
1761304512793,CH1,POWER,2.35
1761304512798,CH1,POWER,2.35
1761304512803,CH1,POWER,2.35
1761304512808,CH1,POWER,2.35
1761304512813,CH1,POWER,2.35
1761304512818,CH1,POWER,2.35
1761304512823,CH1,POWER,2.35
1761304512828,CH1,POWER,2.35
1761304512833,CH1,POWER,2.35
1761304512838,CH1,POWER,2.35
1761304512843,CH1,POWER,2.35
1761304512848,CH1,POWER,2.35
1761304512853,CH1,POWER,2.35
1761304512879,CH1,POWER,2.35
1761304512884,CH1,POWER,2.35
1761304512891,CH1,POWER,2.35
1761304512896,CH1,POWER,2.35
1761304512903,CH1,POWER,2.35
1761304512909,CH1,POWER,2.35
1761304512913,CH1,POWER,2.35
1761304512919,CH1,POWER,2.35
1761304512923,CH1,POWER,2.35
1761304512929,CH1,POWER,2.35
1761304512933,CH1,POWER,2.35
1761304512939,CH1,POWER,2.35
1761304512943,CH1,POWER,2.35
1761304512949,CH1,POWER,2.35
1761304512953,CH1,POWER,2.35
1761304512959,CH1,POWER,2.35
1761304512964,CH1,POWER,2.35
1761304512971,CH1,POWER,2.35
1761304512976,CH1,POWER,2.35
1761304512983,CH1,POWER,2.35
1761304512989,CH1,POWER,2.35
1761304512993,CH1,POWER,2.35
1761304512999,CH1,POWER,2.35
1761304513003,CH1,POWER,2.35
1761304513009,CH1,POWER,2.35
1761304513014,CH1,POWER,2.35
1761304513021,CH1,POWER,2.35
1761304513026,CH1,POWER,2.35
1761304513033,CH1,POWER,2.35
1761304513039,CH1,POWER,2.35
1761304513045,CH1,POWER,2.35
1761304513050,CH1,POWER,2.35
1761304513055,CH1,POWER,2.35
1761304513060,CH1,POWER,2.35
1761304513065,CH1,POWER,2.35
1761304513070,CH1,POWER,2.35
1761304513075,CH1,POWER,2.35
1761304513080,CH1,POWER,2.35
1761304513086,CH1,POWER,2.35
1761304513090,CH1,POWER,2.35
1761304513095,CH1,POWER,2.35
1761304513100,CH1,POWER,2.35
1761304513105,CH1,POWER,2.35
1761304513110,CH1,POWER,2.35
1761304513115,CH1,POWER,2.35
1761304513120,CH1,POWER,2.35
1761304513125,CH1,POWER,2.35
1761304513130,CH1,POWER,2.35
1761304513135,CH1,POWER,2.35
1761304513140,CH1,POWER,2.35
1761304513145,CH1,POWER,2.35
1761304513150,CH1,POWER,2.35
1761304513155,CH1,POWER,2.35
1761304513160,CH1,POWER,2.35
1761304513165,CH1,POWER,2.35
1761304513170,CH1,POWER,2.35
1761304513175,CH1,POWER,2.35
1761304513180,CH1,POWER,2.35
1761304513185,CH1,POWER,2.35
1761304513190,CH1,POWER,2.35
1761304513195,CH1,POWER,2.35
1761304513200,CH1,POWER,2.35
1761304513205,CH1,POWER,2.35
1761304513210,CH1,POWER,2.35
1761304513215,CH1,POWER,2.35
1761304513220,CH1,POWER,2.35
1761304513225,CH1,POWER,2.35
1761304513230,CH1,POWER,2.35
1761304513235,CH1,POWER,2.35
1761304513240,CH1,POWER,2.35
1761304513245,CH1,POWER,2.35
1761304513250,CH1,POWER,2.35
1761304513254,CH1,POWER,2.35
1761304513256,CH1,POWER,2.35
1761304513284,CH1,POWER,2.35
1761304513289,CH1,POWER,2.35
1761304513294,CH1,POWER,2.35
1761304513299,CH1,POWER,2.35
1761304513304,CH1,POWER,2.35
1761304513309,CH1,POWER,2.35
1761304513314,CH1,POWER,2.35
1761304513319,CH1,POWER,2.35
1761304513324,CH1,POWER,2.35
1761304513329,CH1,POWER,2.35
1761304513334,CH1,POWER,2.35
1761304513339,CH1,POWER,2.35
1761304513344,CH1,POWER,2.35
1761304513349,CH1,POWER,2.35
1761304513354,CH1,POWER,2.35
1761304513359,CH1,POWER,2.35
1761304513364,CH1,POWER,2.35
1761304513369,CH1,POWER,2.35
1761304513374,CH1,POWER,2.35
1761304513379,CH1,POWER,2.35
1761304513384,CH1,POWER,2.35
1761304513389,CH1,POWER,2.35
1761304513394,CH1,POWER,2.35
1761304513399,CH1,POWER,2.35
1761304513404,CH1,POWER,2.35
1761304513409,CH1,POWER,2.35
1761304513414,CH1,POWER,2.35
1761304513419,CH1,POWER,2.35
1761304513424,CH1,POWER,2.35
1761304513429,CH1,POWER,2.35
1761304513434,CH1,POWER,2.35
1761304513439,CH1,POWER,2.35
1761304513444,CH1,POWER,2.35
1761304513449,CH1,POWER,2.35
1761304513454,CH1,POWER,2.35
1761304513459,CH1,POWER,2.35
1761304513464,CH1,POWER,2.35
1761304513469,CH1,POWER,2.35
1761304513474,CH1,POWER,2.35
1761304513479,CH1,POWER,2.35
1761304513484,CH1,POWER,2.35
1761304513489,CH1,POWER,2.35
1761304513494,CH1,POWER,2.35
1761304513498,CH1,POWER,2.35
1761304513505,CH1,POWER,2.35
1761304513509,CH1,POWER,2.35
1761304513515,CH1,POWER,2.35
1761304513520,CH1,POWER,2.35
1761304513525,CH1,POWER,2.35
1761304513529,CH1,POWER,2.35
1761304513535,CH1,POWER,2.35
1761304513543,CH1,POWER,2.35
1761304513549,CH1,POWER,2.35
1761304513555,CH1,POWER,2.35
1761304513560,CH1,POWER,2.35
1761304513565,CH1,POWER,2.35
1761304513573,CH1,POWER,2.35
1761304513578,CH1,POWER,2.35
1761304513585,CH1,POWER,2.35
1761304513591,CH1,POWER,2.35
1761304513595,CH1,POWER,2.35
1761304513601,CH1,POWER,2.35
1761304513605,CH1,POWER,2.35
1761304513611,CH1,POWER,2.35
1761304513615,CH1,POWER,2.35
1761304513621,CH1,POWER,2.35
1761304513628,CH1,POWER,2.35
1761304513635,CH1,POWER,2.35
1761304513641,CH1,POWER,2.35
1761304513645,CH1,POWER,2.35
1761304513651,CH1,POWER,2.35
1761304513655,CH1,POWER,2.35
1761304513658,CH1,POWER,2.35
1761304513684,CH1,POWER,2.35
1761304513689,CH1,POWER,2.35
1761304513694,CH1,POWER,2.35
1761304513699,CH1,POWER,2.35
1761304513704,CH1,POWER,2.35
1761304513709,CH1,POWER,2.35
1761304513714,CH1,POWER,2.35
1761304513719,CH1,POWER,2.35
1761304513724,CH1,POWER,2.35
1761304513729,CH1,POWER,2.35
1761304513734,CH1,POWER,2.35
1761304513739,CH1,POWER,2.35
1761304513744,CH1,POWER,2.35
1761304513749,CH1,POWER,2.35
1761304513754,CH1,POWER,2.35
1761304513759,CH1,POWER,2.35
1761304513764,CH1,POWER,2.35
1761304513769,CH1,POWER,2.35
1761304513774,CH1,POWER,2.35
1761304513779,CH1,POWER,2.35
1761304513784,CH1,POWER,2.35
1761304513789,CH1,POWER,2.35
1761304513794,CH1,POWER,2.35
1761304513799,CH1,POWER,2.35
1761304513804,CH1,POWER,2.35
1761304513809,CH1,POWER,2.35
1761304513814,CH1,POWER,2.35
1761304513819,CH1,POWER,2.35
1761304513824,CH1,POWER,2.35
1761304513829,CH1,POWER,2.35
1761304513834,CH1,POWER,2.35
1761304513839,CH1,POWER,2.35
1761304513844,CH1,POWER,2.35
1761304513849,CH1,POWER,2.35
1761304513854,CH1,POWER,2.35
1761304513859,CH1,POWER,2.35
1761304513864,CH1,POWER,2.35
1761304513869,CH1,POWER,2.35
1761304513874,CH1,POWER,2.35
1761304513879,CH1,POWER,2.35
1761304513884,CH1,POWER,2.35
1761304513889,CH1,POWER,2.35
1761304513894,CH1,POWER,2.35
1761304513899,CH1,POWER,2.35
1761304513904,CH1,POWER,2.35
1761304513909,CH1,POWER,2.35
1761304513914,CH1,POWER,2.35
1761304513919,CH1,POWER,2.35
1761304513924,CH1,POWER,2.35
1761304513929,CH1,POWER,2.35
1761304513934,CH1,POWER,2.35
1761304513939,CH1,POWER,2.35
1761304513944,CH1,POWER,2.35
1761304513949,CH1,POWER,2.35
1761304513954,CH1,POWER,2.35
1761304513959,CH1,POWER,2.35
1761304513964,CH1,POWER,2.35
1761304513969,CH1,POWER,2.35
1761304513974,CH1,POWER,2.35
1761304513979,CH1,POWER,2.35
1761304513984,CH1,POWER,2.35
1761304513989,CH1,POWER,2.35
1761304513994,CH1,POWER,2.35
1761304513999,CH1,POWER,2.35
1761304514004,CH1,POWER,2.35
1761304514009,CH1,POWER,2.35
1761304514014,CH1,POWER,2.35
1761304514019,CH1,POWER,2.35
1761304514024,CH1,POWER,2.35
1761304514029,CH1,POWER,2.35
1761304514034,CH1,POWER,2.35
1761304514039,CH1,POWER,2.35
1761304514044,CH1,POWER,2.35
1761304514049,CH1,POWER,2.35
1761304514054,CH1,POWER,2.35
1761304514059,CH1,POWER,2.35
1761304514062,CH1,POWER,2.35
1761304514089,CH1,POWER,2.35
1761304514095,CH1,POWER,2.35
1761304514099,CH1,POWER,2.35
1761304514105,CH1,POWER,2.35
1761304514109,CH1,POWER,2.35
1761304514114,CH1,POWER,2.35
1761304514119,CH1,POWER,2.35
1761304514124,CH1,POWER,2.35
1761304514129,CH1,POWER,2.35
1761304514135,CH1,POWER,2.35
1761304514141,CH1,POWER,2.35
1761304514146,CH1,POWER,2.35
1761304514151,CH1,POWER,2.35
1761304514156,CH1,POWER,2.35
1761304514161,CH1,POWER,2.35
1761304514166,CH1,POWER,2.35
1761304514171,CH1,POWER,2.35
1761304514176,CH1,POWER,2.35
1761304514181,CH1,POWER,2.35
1761304514186,CH1,POWER,2.35
1761304514191,CH1,POWER,2.35
1761304514196,CH1,POWER,2.35
1761304514201,CH1,POWER,2.35
1761304514206,CH1,POWER,2.35
1761304514211,CH1,POWER,2.35
1761304514216,CH1,POWER,2.35
1761304514221,CH1,POWER,2.35
1761304514226,CH1,POWER,2.35
1761304514231,CH1,POWER,2.35
1761304514236,CH1,POWER,2.35
1761304514241,CH1,POWER,2.35
1761304514246,CH1,POWER,2.35
1761304514251,CH1,POWER,2.35
1761304514256,CH1,POWER,2.35
1761304514261,CH1,POWER,2.35
1761304514266,CH1,POWER,2.35
1761304514271,CH1,POWER,2.35
1761304514276,CH1,POWER,2.35
1761304514281,CH1,POWER,2.35
1761304514286,CH1,POWER,2.35
1761304514291,CH1,POWER,2.35
1761304514296,CH1,POWER,2.35
1761304514301,CH1,POWER,2.35
1761304514306,CH1,POWER,2.35
1761304514311,CH1,POWER,2.35
1761304514316,CH1,POWER,2.35
1761304514321,CH1,POWER,2.35
1761304514326,CH1,POWER,2.35
1761304514331,CH1,POWER,2.35
1761304514336,CH1,POWER,2.35
1761304514341,CH1,POWER,2.35
1761304514346,CH1,POWER,2.35
1761304514351,CH1,POWER,2.35
1761304514356,CH1,POWER,2.35
1761304514361,CH1,POWER,2.35
1761304514366,CH1,POWER,2.35
1761304514371,CH1,POWER,2.35
1761304514376,CH1,POWER,2.35
1761304514381,CH1,POWER,2.35
1761304514386,CH1,POWER,2.35
1761304514392,CH1,POWER,2.35
1761304514396,CH1,POWER,2.35
1761304514401,CH1,POWER,2.35
1761304514406,CH1,POWER,2.35
1761304514411,CH1,POWER,2.35
1761304514416,CH1,POWER,2.35
1761304514421,CH1,POWER,2.35
1761304514427,CH1,POWER,2.35
1761304514431,CH1,POWER,2.35
1761304514436,CH1,POWER,2.35
1761304514441,CH1,POWER,2.35
1761304514446,CH1,POWER,2.35
1761304514451,CH1,POWER,2.35
1761304514456,CH1,POWER,2.35
1761304514461,CH1,POWER,2.35
1761304514464,CH1,POWER,2.35
1761304514491,CH1,POWER,2.35
1761304514497,CH1,POWER,2.35
1761304514501,CH1,POWER,2.35
1761304514507,CH1,POWER,2.35
1761304514511,CH1,POWER,2.35
1761304514517,CH1,POWER,2.35
1761304514522,CH1,POWER,2.35
1761304514529,CH1,POWER,2.35
1761304514534,CH1,POWER,2.35
1761304514541,CH1,POWER,2.35
1761304514547,CH1,POWER,2.35
1761304514552,CH1,POWER,2.35
1761304514559,CH1,POWER,2.35
1761304514564,CH1,POWER,2.35
1761304514571,CH1,POWER,2.35
1761304514577,CH1,POWER,2.35
1761304514582,CH1,POWER,2.35
1761304514589,CH1,POWER,2.35
1761304514595,CH1,POWER,2.35
1761304514601,CH1,POWER,2.35
1761304514609,CH1,POWER,2.35
1761304514614,CH1,POWER,2.35
1761304514621,CH1,POWER,2.35
1761304514627,CH1,POWER,2.35
1761304514632,CH1,POWER,2.35
1761304514639,CH1,POWER,2.35
1761304514644,CH1,POWER,2.35
1761304514651,CH1,POWER,2.35
1761304514656,CH1,POWER,2.35
1761304514661,CH1,POWER,2.35
1761304514666,CH1,POWER,2.35
1761304514671,CH1,POWER,2.35
1761304514677,CH1,POWER,2.35
1761304514681,CH1,POWER,2.35
1761304514686,CH1,POWER,2.35
1761304514691,CH1,POWER,2.35
1761304514697,CH1,POWER,2.35
1761304514703,CH1,POWER,2.35
1761304514708,CH1,POWER,2.35
1761304514713,CH1,POWER,2.35
1761304514718,CH1,POWER,2.35
1761304514723,CH1,POWER,2.35
1761304514728,CH1,POWER,2.35
1761304514733,CH1,POWER,2.35
1761304514738,CH1,POWER,2.35
1761304514743,CH1,POWER,2.35
1761304514748,CH1,POWER,2.35
1761304514753,CH1,POWER,2.35
1761304514758,CH1,POWER,2.35
1761304514763,CH1,POWER,2.35
1761304514768,CH1,POWER,2.35
1761304514773,CH1,POWER,2.35
1761304514778,CH1,POWER,2.35
1761304514783,CH1,POWER,2.35
1761304514788,CH1,POWER,2.35
1761304514793,CH1,POWER,2.35
1761304514798,CH1,POWER,2.35
1761304514803,CH1,POWER,2.35
1761304514808,CH1,POWER,2.35
1761304514813,CH1,POWER,2.35
1761304514818,CH1,POWER,2.35
1761304514823,CH1,POWER,2.35
1761304514828,CH1,POWER,2.35
1761304514833,CH1,POWER,2.35
1761304514838,CH1,POWER,2.35
1761304514843,CH1,POWER,2.35
1761304514848,CH1,POWER,2.35
1761304514853,CH1,POWER,2.35
1761304514858,CH1,POWER,2.35
1761304514862,CH1,POWER,2.65
1761304514865,CH1,POWER,2.65
1761304514893,CH1,POWER,2.65
1761304514898,CH1,POWER,2.65
1761304514903,CH1,POWER,2.65
1761304514908,CH1,POWER,2.65
1761304514913,CH1,POWER,2.65
1761304514918,CH1,POWER,2.65
1761304514923,CH1,POWER,2.65
1761304514929,CH1,POWER,2.65
1761304514935,CH1,POWER,2.65
1761304514940,CH1,POWER,2.65
1761304514945,CH1,POWER,2.65
1761304514950,CH1,POWER,2.65
1761304514955,CH1,POWER,2.65
1761304514960,CH1,POWER,2.65
1761304514965,CH1,POWER,2.65
1761304514970,CH1,POWER,2.65
1761304514976,CH1,POWER,2.65
1761304514983,CH1,POWER,2.65
1761304514988,CH1,POWER,2.65
1761304514993,CH1,POWER,2.65
1761304514998,CH1,POWER,2.65
1761304515003,CH1,POWER,2.65
1761304515009,CH1,POWER,2.65
1761304515015,CH1,POWER,2.65
1761304515020,CH1,POWER,2.65
1761304515025,CH1,POWER,2.65
1761304515030,CH1,POWER,2.65
1761304515035,CH1,POWER,2.65
1761304515040,CH1,POWER,2.65
1761304515045,CH1,POWER,2.65
1761304515050,CH1,POWER,2.65
1761304515055,CH1,POWER,2.65
1761304515060,CH1,POWER,2.65
1761304515065,CH1,POWER,2.65
1761304515070,CH1,POWER,2.65
1761304515075,CH1,POWER,2.65
1761304515080,CH1,POWER,2.65
1761304515085,CH1,POWER,2.65
1761304515090,CH1,POWER,2.65
1761304515095,CH1,POWER,2.65
1761304515100,CH1,POWER,2.65
1761304515105,CH1,POWER,2.65
1761304515110,CH1,POWER,2.65
1761304515115,CH1,POWER,2.65
1761304515120,CH1,POWER,2.65
1761304515125,CH1,POWER,2.65
1761304515130,CH1,POWER,2.65
1761304515135,CH1,POWER,2.65
1761304515140,CH1,POWER,2.65
1761304515145,CH1,POWER,2.65
1761304515150,CH1,POWER,2.65
1761304515155,CH1,POWER,2.65
1761304515160,CH1,POWER,2.65
1761304515165,CH1,POWER,2.65
1761304515170,CH1,POWER,2.65
1761304515175,CH1,POWER,2.65
1761304515180,CH1,POWER,2.65
1761304515185,CH1,POWER,2.65
1761304515190,CH1,POWER,2.65
1761304515195,CH1,POWER,2.65
1761304515200,CH1,POWER,2.65
1761304515205,CH1,POWER,2.65
1761304515210,CH1,POWER,2.65
1761304515215,CH1,POWER,2.65
1761304515220,CH1,POWER,2.65
1761304515225,CH1,POWER,2.65
1761304515230,CH1,POWER,2.65
1761304515235,CH1,POWER,2.65
1761304515240,CH1,POWER,2.65
1761304515245,CH1,POWER,2.65
1761304515250,CH1,POWER,2.65
1761304515255,CH1,POWER,2.65
1761304515260,CH1,POWER,2.65
1761304515263,CH1,POWER,2.35
1761304515266,CH1,POWER,2.35
1761304515294,CH1,POWER,2.35
1761304515299,CH1,POWER,2.35
1761304515304,CH1,POWER,2.35
1761304515310,CH1,POWER,2.35
1761304515315,CH1,POWER,2.35
1761304515320,CH1,POWER,2.35
1761304515325,CH1,POWER,2.35
1761304515330,CH1,POWER,2.35
1761304515335,CH1,POWER,2.35
1761304515341,CH1,POWER,2.35
1761304515347,CH1,POWER,2.35
1761304515352,CH1,POWER,2.35
1761304515357,CH1,POWER,2.35
1761304515362,CH1,POWER,2.35
1761304515367,CH1,POWER,2.35
1761304515372,CH1,POWER,2.35
1761304515377,CH1,POWER,2.35
1761304515382,CH1,POWER,2.35
1761304515387,CH1,POWER,2.35
1761304515392,CH1,POWER,2.35
1761304515397,CH1,POWER,2.35
1761304515402,CH1,POWER,2.35
1761304515407,CH1,POWER,2.35
1761304515412,CH1,POWER,2.35
1761304515417,CH1,POWER,2.35
1761304515422,CH1,POWER,2.35
1761304515427,CH1,POWER,2.35
1761304515432,CH1,POWER,2.35
1761304515437,CH1,POWER,2.35
1761304515442,CH1,POWER,2.35
1761304515447,CH1,POWER,2.35
1761304515452,CH1,POWER,2.35
1761304515457,CH1,POWER,2.35
1761304515462,CH1,POWER,2.35
1761304515467,CH1,POWER,2.35
1761304515472,CH1,POWER,2.35
1761304515477,CH1,POWER,2.35
1761304515482,CH1,POWER,2.35
1761304515487,CH1,POWER,2.35
1761304515492,CH1,POWER,2.35
1761304515497,CH1,POWER,2.35
1761304515502,CH1,POWER,2.35
1761304515507,CH1,POWER,2.35
1761304515512,CH1,POWER,2.35
1761304515517,CH1,POWER,2.35
1761304515522,CH1,POWER,2.35
1761304515527,CH1,POWER,2.35
1761304515532,CH1,POWER,2.35
1761304515537,CH1,POWER,2.35
1761304515542,CH1,POWER,2.35
1761304515547,CH1,POWER,2.35
1761304515552,CH1,POWER,2.35
1761304515557,CH1,POWER,2.35
1761304515562,CH1,POWER,2.35
1761304515567,CH1,POWER,2.35
1761304515572,CH1,POWER,2.35
1761304515577,CH1,POWER,2.35
1761304515582,CH1,POWER,2.35
1761304515587,CH1,POWER,2.35
1761304515592,CH1,POWER,2.35
1761304515597,CH1,POWER,2.35
1761304515602,CH1,POWER,2.35
1761304515607,CH1,POWER,2.35
1761304515612,CH1,POWER,2.35
1761304515617,CH1,POWER,2.35
1761304515622,CH1,POWER,2.35
1761304515627,CH1,POWER,2.35
1761304515633,CH1,POWER,2.35
1761304515639,CH1,POWER,2.35
1761304515645,CH1,POWER,2.35
1761304515650,CH1,POWER,2.35
1761304515655,CH1,POWER,2.35
1761304515660,CH1,POWER,2.35
1761304515664,CH1,POWER,2.35
1761304515666,CH1,POWER,2.35
1761304515669,CH1,POWER,2.35
1761304515697,CH1,POWER,2.35
1761304515702,CH1,POWER,2.35
1761304515707,CH1,POWER,2.35
1761304515712,CH1,POWER,2.35
1761304515717,CH1,POWER,2.35
1761304515722,CH1,POWER,2.35
1761304515727,CH1,POWER,2.35
1761304515732,CH1,POWER,2.35
1761304515737,CH1,POWER,2.35
1761304515743,CH1,POWER,2.35
1761304515748,CH1,POWER,2.35
1761304515755,CH1,POWER,2.35
1761304515760,CH1,POWER,2.35
1761304515767,CH1,POWER,2.35
1761304515773,CH1,POWER,2.35
1761304515777,CH1,POWER,2.35
1761304515782,CH1,POWER,2.35
1761304515787,CH1,POWER,2.35
1761304515792,CH1,POWER,2.35
1761304515797,CH1,POWER,2.35
1761304515802,CH1,POWER,2.35
1761304515807,CH1,POWER,2.35
1761304515813,CH1,POWER,2.35
1761304515818,CH1,POWER,2.35
1761304515825,CH1,POWER,2.35
1761304515830,CH1,POWER,2.35
1761304515837,CH1,POWER,2.35
1761304515842,CH1,POWER,2.35
1761304515847,CH1,POWER,2.35
1761304515852,CH1,POWER,2.35
1761304515857,CH1,POWER,2.35
1761304515863,CH1,POWER,2.35
1761304515867,CH1,POWER,2.35
1761304515872,CH1,POWER,2.35
1761304515877,CH1,POWER,2.35
1761304515882,CH1,POWER,2.35
1761304515887,CH1,POWER,2.35
1761304515893,CH1,POWER,2.35
1761304515899,CH1,POWER,2.35
1761304515904,CH1,POWER,2.35
1761304515909,CH1,POWER,2.35
1761304515914,CH1,POWER,2.35
1761304515919,CH1,POWER,2.35
1761304515924,CH1,POWER,2.35
1761304515929,CH1,POWER,2.35
1761304515934,CH1,POWER,2.35
1761304515939,CH1,POWER,2.35
1761304515944,CH1,POWER,2.35
1761304515949,CH1,POWER,2.35
1761304515954,CH1,POWER,2.35
1761304515959,CH1,POWER,2.35
1761304515964,CH1,POWER,2.35
1761304515969,CH1,POWER,2.35
1761304515974,CH1,POWER,2.35
1761304515979,CH1,POWER,2.35
1761304515984,CH1,POWER,2.35
1761304515989,CH1,POWER,2.35
1761304515994,CH1,POWER,2.35
1761304515999,CH1,POWER,2.35
1761304516004,CH1,POWER,2.35
1761304516009,CH1,POWER,2.35
1761304516014,CH1,POWER,2.35
1761304516019,CH1,POWER,2.35
1761304516024,CH1,POWER,2.35
1761304516029,CH1,POWER,2.35
1761304516034,CH1,POWER,2.35
1761304516039,CH1,POWER,2.35
1761304516044,CH1,POWER,2.35
1761304516049,CH1,POWER,2.35
1761304516054,CH1,POWER,2.35
1761304516059,CH1,POWER,2.35
1761304516064,CH1,POWER,2.35
1761304516069,CH1,POWER,2.35
1761304516072,CH1,POWER,2.35
1761304516099,CH1,POWER,2.35
1761304516104,CH1,POWER,2.35
1761304516109,CH1,POWER,2.35
1761304516114,CH1,POWER,2.35
1761304516119,CH1,POWER,2.35
1761304516124,CH1,POWER,2.35
1761304516129,CH1,POWER,2.35
1761304516135,CH1,POWER,2.35
1761304516140,CH1,POWER,2.35
1761304516147,CH1,POWER,2.35
1761304516152,CH1,POWER,2.35
1761304516159,CH1,POWER,2.35
1761304516164,CH1,POWER,2.35
1761304516169,CH1,POWER,2.35
1761304516174,CH1,POWER,2.35
1761304516179,CH1,POWER,2.35
1761304516184,CH1,POWER,2.35
1761304516189,CH1,POWER,2.35
1761304516194,CH1,POWER,2.35
1761304516199,CH1,POWER,2.35
1761304516205,CH1,POWER,2.35
1761304516211,CH1,POWER,2.35
1761304516216,CH1,POWER,2.35
1761304516221,CH1,POWER,2.35
1761304516226,CH1,POWER,2.35
1761304516231,CH1,POWER,2.35
1761304516236,CH1,POWER,2.35
1761304516241,CH1,POWER,2.35
1761304516246,CH1,POWER,2.35
1761304516251,CH1,POWER,2.35
1761304516256,CH1,POWER,2.35
1761304516261,CH1,POWER,2.35
1761304516266,CH1,POWER,2.35
1761304516271,CH1,POWER,2.35
1761304516276,CH1,POWER,2.35
1761304516281,CH1,POWER,2.35
1761304516286,CH1,POWER,2.35
1761304516291,CH1,POWER,2.35
1761304516296,CH1,POWER,2.35
1761304516301,CH1,POWER,2.35
1761304516306,CH1,POWER,2.35
1761304516311,CH1,POWER,2.35
1761304516316,CH1,POWER,2.35
1761304516321,CH1,POWER,2.35
1761304516327,CH1,POWER,2.35
1761304516332,CH1,POWER,2.35
1761304516339,CH1,POWER,2.35
1761304516344,CH1,POWER,2.35
1761304516349,CH1,POWER,2.35
1761304516354,CH1,POWER,2.35
1761304516359,CH1,POWER,2.35
1761304516364,CH1,POWER,2.35
1761304516371,CH1,POWER,2.35
1761304516376,CH1,POWER,2.35
1761304516381,CH1,POWER,2.35
1761304516386,CH1,POWER,2.35
1761304516391,CH1,POWER,2.35
1761304516396,CH1,POWER,2.35
1761304516401,CH1,POWER,2.35
1761304516406,CH1,POWER,2.35
1761304516411,CH1,POWER,2.35
1761304516416,CH1,POWER,2.35
1761304516421,CH1,POWER,2.35
1761304516427,CH1,POWER,2.35
1761304516433,CH1,POWER,2.35
1761304516438,CH1,POWER,2.35
1761304516443,CH1,POWER,2.35
1761304516448,CH1,POWER,2.35
1761304516453,CH1,POWER,2.35
1761304516458,CH1,POWER,2.35
1761304516462,CH1,POWER,2.35
1761304516488,CH1,POWER,2.35
1761304516493,CH1,POWER,2.35
1761304516498,CH1,POWER,2.35
1761304516503,CH1,POWER,2.35
1761304516508,CH1,POWER,2.35
1761304516513,CH1,POWER,2.35
1761304516518,CH1,POWER,2.35
1761304516523,CH1,POWER,2.35
1761304516528,CH1,POWER,2.35
1761304516533,CH1,POWER,2.35
1761304516538,CH1,POWER,2.35
1761304516543,CH1,POWER,2.35
1761304516548,CH1,POWER,2.35
1761304516553,CH1,POWER,2.35
1761304516558,CH1,POWER,2.35
1761304516563,CH1,POWER,2.35
1761304516568,CH1,POWER,2.35
1761304516573,CH1,POWER,2.35
1761304516578,CH1,POWER,2.35
1761304516583,CH1,POWER,2.35
1761304516588,CH1,POWER,2.35
1761304516593,CH1,POWER,2.35
1761304516598,CH1,POWER,2.35
1761304516603,CH1,POWER,2.35
1761304516608,CH1,POWER,2.35
1761304516613,CH1,POWER,2.35
1761304516618,CH1,POWER,2.35
1761304516623,CH1,POWER,2.35
1761304516628,CH1,POWER,2.35
1761304516633,CH1,POWER,2.35
1761304516638,CH1,POWER,2.35
1761304516643,CH1,POWER,2.35
1761304516648,CH1,POWER,2.35
1761304516653,CH1,POWER,2.35
1761304516658,CH1,POWER,2.35
1761304516663,CH1,POWER,2.35
1761304516668,CH1,POWER,2.35
1761304516673,CH1,POWER,2.35
1761304516678,CH1,POWER,2.35
1761304516683,CH1,POWER,2.35
1761304516688,CH1,POWER,2.35
1761304516693,CH1,POWER,2.35
1761304516698,CH1,POWER,2.35
1761304516703,CH1,POWER,2.35
1761304516708,CH1,POWER,2.35
1761304516713,CH1,POWER,2.35
1761304516718,CH1,POWER,2.35
1761304516723,CH1,POWER,2.35
1761304516728,CH1,POWER,2.35
1761304516733,CH1,POWER,2.35
1761304516738,CH1,POWER,2.35
1761304516743,CH1,POWER,2.35
1761304516748,CH1,POWER,2.35
1761304516753,CH1,POWER,2.35
1761304516758,CH1,POWER,2.35
1761304516763,CH1,POWER,2.35
1761304516768,CH1,POWER,2.35
1761304516773,CH1,POWER,2.35
1761304516778,CH1,POWER,2.35
1761304516783,CH1,POWER,2.35
1761304516788,CH1,POWER,2.35
1761304516793,CH1,POWER,2.35
1761304516798,CH1,POWER,2.35
1761304516803,CH1,POWER,2.35
1761304516808,CH1,POWER,2.35
1761304516813,CH1,POWER,2.35
1761304516818,CH1,POWER,2.35
1761304516823,CH1,POWER,2.35
1761304516828,CH1,POWER,2.35
1761304516833,CH1,POWER,2.35
1761304516838,CH1,POWER,2.35
1761304516843,CH1,POWER,2.35
1761304516848,CH1,POWER,2.35
1761304516853,CH1,POWER,2.35
1761304516858,CH1,POWER,2.35
1761304516863,CH1,POWER,2.35
1761304516866,CH1,POWER,2.35
1761304516894,CH1,POWER,2.35
1761304516901,CH1,POWER,2.35
1761304516906,CH1,POWER,2.35
1761304516913,CH1,POWER,2.35
1761304516918,CH1,POWER,2.35
1761304516923,CH1,POWER,2.35
1761304516928,CH1,POWER,2.35
1761304516933,CH1,POWER,2.35
1761304516938,CH1,POWER,2.35
1761304516943,CH1,POWER,2.35
1761304516948,CH1,POWER,2.35
1761304516953,CH1,POWER,2.35
1761304516958,CH1,POWER,2.35
1761304516963,CH1,POWER,2.35
1761304516968,CH1,POWER,2.35
1761304516973,CH1,POWER,2.35
1761304516978,CH1,POWER,2.35
1761304516983,CH1,POWER,2.35
1761304516988,CH1,POWER,2.35
1761304516993,CH1,POWER,2.35
1761304516998,CH1,POWER,2.35
1761304517003,CH1,POWER,2.35
1761304517008,CH1,POWER,2.35
1761304517015,CH1,POWER,2.35
1761304517020,CH1,POWER,2.35
1761304517025,CH1,POWER,2.35
1761304517030,CH1,POWER,2.35
1761304517035,CH1,POWER,2.35
1761304517040,CH1,POWER,2.35
1761304517045,CH1,POWER,2.35
1761304517050,CH1,POWER,2.35
1761304517055,CH1,POWER,2.35
1761304517060,CH1,POWER,2.35
1761304517065,CH1,POWER,2.35
1761304517070,CH1,POWER,2.35
1761304517075,CH1,POWER,2.35
1761304517080,CH1,POWER,2.35
1761304517085,CH1,POWER,2.35
1761304517090,CH1,POWER,2.35
1761304517095,CH1,POWER,2.35
1761304517100,CH1,POWER,2.35
1761304517105,CH1,POWER,2.35
1761304517110,CH1,POWER,2.35
1761304517115,CH1,POWER,2.35
1761304517120,CH1,POWER,2.35
1761304517125,CH1,POWER,2.35
1761304517130,CH1,POWER,2.35
1761304517135,CH1,POWER,2.35
1761304517140,CH1,POWER,2.35
1761304517145,CH1,POWER,2.35
1761304517150,CH1,POWER,2.35
1761304517155,CH1,POWER,2.35
1761304517160,CH1,POWER,2.35
1761304517165,CH1,POWER,2.35
1761304517170,CH1,POWER,2.35
1761304517175,CH1,POWER,2.35
1761304517180,CH1,POWER,2.35
1761304517185,CH1,POWER,2.35
1761304517190,CH1,POWER,2.35
1761304517195,CH1,POWER,2.35
1761304517200,CH1,POWER,2.35
1761304517205,CH1,POWER,2.35
1761304517210,CH1,POWER,2.35
1761304517215,CH1,POWER,2.35
1761304517220,CH1,POWER,2.35
1761304517225,CH1,POWER,2.35
1761304517230,CH1,POWER,2.35
1761304517235,CH1,POWER,2.35
1761304517240,CH1,POWER,2.35
1761304517245,CH1,POWER,2.35
1761304517250,CH1,POWER,2.35
1761304517255,CH1,POWER,2.35
1761304517260,CH1,POWER,2.35
1761304517263,CH1,POWER,2.35
1761304517265,CH1,POWER,2.35
1761304517292,CH1,POWER,2.35
1761304517297,CH1,POWER,2.35
1761304517302,CH1,POWER,2.35
1761304517307,CH1,POWER,2.35
1761304517312,CH1,POWER,2.35
1761304517317,CH1,POWER,2.35
1761304517322,CH1,POWER,2.35
1761304517327,CH1,POWER,2.35
1761304517332,CH1,POWER,2.35
1761304517337,CH1,POWER,2.35
1761304517342,CH1,POWER,2.35
1761304517347,CH1,POWER,2.35
1761304517352,CH1,POWER,2.35
1761304517357,CH1,POWER,2.35
1761304517362,CH1,POWER,2.35
1761304517367,CH1,POWER,2.35
1761304517372,CH1,POWER,2.35
1761304517377,CH1,POWER,2.35
1761304517382,CH1,POWER,2.35
1761304517387,CH1,POWER,2.35
1761304517392,CH1,POWER,2.35
1761304517397,CH1,POWER,2.35
1761304517402,CH1,POWER,2.35
1761304517407,CH1,POWER,2.35
1761304517412,CH1,POWER,2.35
1761304517417,CH1,POWER,2.35
1761304517422,CH1,POWER,2.35
1761304517427,CH1,POWER,2.35
1761304517432,CH1,POWER,2.35
1761304517437,CH1,POWER,2.35
1761304517442,CH1,POWER,2.35
1761304517447,CH1,POWER,2.35
1761304517452,CH1,POWER,2.35
1761304517457,CH1,POWER,2.35
1761304517462,CH1,POWER,2.35
1761304517467,CH1,POWER,2.35
1761304517472,CH1,POWER,2.35
1761304517477,CH1,POWER,2.35
1761304517482,CH1,POWER,2.35
1761304517487,CH1,POWER,2.35
1761304517492,CH1,POWER,2.35
1761304517497,CH1,POWER,2.35
1761304517502,CH1,POWER,2.35
1761304517507,CH1,POWER,2.35
1761304517512,CH1,POWER,2.35
1761304517517,CH1,POWER,2.35
1761304517522,CH1,POWER,2.35
1761304517527,CH1,POWER,2.35
1761304517532,CH1,POWER,2.35
1761304517537,CH1,POWER,2.35
1761304517542,CH1,POWER,2.35
1761304517547,CH1,POWER,2.35
1761304517552,CH1,POWER,2.35
1761304517557,CH1,POWER,2.35
1761304517562,CH1,POWER,2.35
1761304517567,CH1,POWER,2.35
1761304517572,CH1,POWER,2.35
1761304517577,CH1,POWER,2.35
1761304517582,CH1,POWER,2.35
1761304517587,CH1,POWER,2.35
1761304517592,CH1,POWER,2.35
1761304517598,CH1,POWER,2.35
1761304517605,CH1,POWER,2.35
1761304517610,CH1,POWER,2.35
1761304517615,CH1,POWER,2.35
1761304517620,CH1,POWER,2.35
1761304517626,CH1,POWER,2.35
1761304517633,CH1,POWER,2.35
1761304517638,CH1,POWER,2.35
1761304517645,CH1,POWER,2.35
1761304517650,CH1,POWER,2.35
1761304517655,CH1,POWER,2.35
1761304517660,CH1,POWER,2.35
1761304517663,CH1,POWER,2.35
1761304517666,CH1,POWER,2.35
1761304517669,CH1,POWER,2.35
1761304517697,CH1,POWER,2.35
1761304517702,CH1,POWER,2.35
1761304517708,CH1,POWER,2.35
1761304517715,CH1,POWER,2.35
1761304517720,CH1,POWER,2.35
1761304517727,CH1,POWER,2.35
1761304517732,CH1,POWER,2.35
1761304517739,CH1,POWER,2.35
1761304517744,CH1,POWER,2.35
1761304517749,CH1,POWER,2.35
1761304517754,CH1,POWER,2.35
1761304517759,CH1,POWER,2.35
1761304517767,CH1,POWER,2.35
1761304517775,CH1,POWER,2.35
1761304517780,CH1,POWER,2.35
1761304517786,CH1,POWER,2.35
1761304517791,CH1,POWER,2.35
1761304517797,CH1,POWER,2.35
1761304517802,CH1,POWER,2.35
1761304517807,CH1,POWER,2.35
1761304517815,CH1,POWER,2.35
1761304517821,CH1,POWER,2.35
1761304517826,CH1,POWER,2.35
1761304517831,CH1,POWER,2.35
1761304517836,CH1,POWER,2.35
1761304517841,CH1,POWER,2.35
1761304517846,CH1,POWER,2.35
1761304517851,CH1,POWER,2.35
1761304517856,CH1,POWER,2.35
1761304517861,CH1,POWER,2.35
1761304517866,CH1,POWER,2.35
1761304517871,CH1,POWER,2.35
1761304517876,CH1,POWER,2.35
1761304517881,CH1,POWER,2.35
1761304517886,CH1,POWER,2.35
1761304517891,CH1,POWER,2.35
1761304517896,CH1,POWER,2.35
1761304517901,CH1,POWER,2.35
1761304517906,CH1,POWER,2.35
1761304517911,CH1,POWER,2.35
1761304517916,CH1,POWER,2.35
1761304517921,CH1,POWER,2.35
1761304517926,CH1,POWER,2.35
1761304517931,CH1,POWER,2.35
1761304517936,CH1,POWER,2.35
1761304517941,CH1,POWER,2.35
1761304517946,CH1,POWER,2.35
1761304517951,CH1,POWER,2.35
1761304517956,CH1,POWER,2.35
1761304517961,CH1,POWER,2.35
1761304517966,CH1,POWER,2.35
1761304517971,CH1,POWER,2.35
1761304517976,CH1,POWER,2.35
1761304517981,CH1,POWER,2.35
1761304517986,CH1,POWER,2.35
1761304517991,CH1,POWER,2.35
1761304517996,CH1,POWER,2.35
1761304518001,CH1,POWER,2.35
1761304518006,CH1,POWER,2.35
1761304518011,CH1,POWER,2.35
1761304518016,CH1,POWER,2.35
1761304518021,CH1,POWER,2.35
1761304518026,CH1,POWER,2.35
1761304518031,CH1,POWER,2.35
1761304518036,CH1,POWER,2.35
1761304518041,CH1,POWER,2.35
1761304518046,CH1,POWER,2.35
1761304518051,CH1,POWER,2.35
1761304518056,CH1,POWER,2.35
1761304518061,CH1,POWER,2.35
1761304518065,CH1,POWER,2.35
1761304518068,CH1,POWER,2.35
1761304518071,CH1,POWER,2.35
1761304518099,CH1,POWER,2.35
1761304518104,CH1,POWER,2.35
1761304518109,CH1,POWER,2.35
1761304518114,CH1,POWER,2.35
1761304518119,CH1,POWER,2.35
1761304518124,CH1,POWER,2.35
1761304518129,CH1,POWER,2.35
1761304518135,CH1,POWER,2.35
1761304518140,CH1,POWER,2.35
1761304518147,CH1,POWER,2.35
1761304518152,CH1,POWER,2.35
1761304518159,CH1,POWER,2.35
1761304518164,CH1,POWER,2.35
1761304518169,CH1,POWER,2.35
1761304518174,CH1,POWER,2.35
1761304518179,CH1,POWER,2.35
1761304518185,CH1,POWER,2.35
1761304518190,CH1,POWER,2.35
1761304518197,CH1,POWER,2.35
1761304518202,CH1,POWER,2.35
1761304518209,CH1,POWER,2.35
1761304518214,CH1,POWER,2.35
1761304518219,CH1,POWER,2.35
1761304518224,CH1,POWER,2.35
1761304518229,CH1,POWER,2.35
1761304518234,CH1,POWER,2.35
1761304518239,CH1,POWER,2.35
1761304518244,CH1,POWER,2.35
1761304518249,CH1,POWER,2.35
1761304518254,CH1,POWER,2.35
1761304518259,CH1,POWER,2.35
1761304518264,CH1,POWER,2.35
1761304518269,CH1,POWER,2.35
1761304518274,CH1,POWER,2.35
1761304518279,CH1,POWER,2.35
1761304518285,CH1,POWER,2.35
1761304518290,CH1,POWER,2.35
1761304518297,CH1,POWER,2.35
1761304518302,CH1,POWER,2.35
1761304518309,CH1,POWER,2.35
1761304518314,CH1,POWER,2.35
1761304518319,CH1,POWER,2.35
1761304518324,CH1,POWER,2.35
1761304518329,CH1,POWER,2.35
1761304518334,CH1,POWER,2.35
1761304518341,CH1,POWER,2.35
1761304518346,CH1,POWER,2.35
1761304518351,CH1,POWER,2.35
1761304518358,CH1,POWER,2.35
1761304518363,CH1,POWER,2.35
1761304518368,CH1,POWER,2.35
1761304518373,CH1,POWER,2.35
1761304518378,CH1,POWER,2.35
1761304518383,CH1,POWER,2.35
1761304518388,CH1,POWER,2.35
1761304518393,CH1,POWER,2.35
1761304518398,CH1,POWER,2.35
1761304518403,CH1,POWER,2.35
1761304518408,CH1,POWER,2.35
1761304518413,CH1,POWER,2.35
1761304518418,CH1,POWER,2.35
1761304518423,CH1,POWER,2.35
1761304518428,CH1,POWER,2.35
1761304518433,CH1,POWER,2.35
1761304518438,CH1,POWER,2.35
1761304518443,CH1,POWER,2.35
1761304518448,CH1,POWER,2.35
1761304518453,CH1,POWER,2.35
1761304518458,CH1,POWER,2.35
1761304518461,CH1,POWER,2.35
1761304518464,CH1,POWER,2.35
1761304518491,CH1,POWER,2.35
1761304518496,CH1,POWER,2.35
1761304518501,CH1,POWER,2.35
1761304518506,CH1,POWER,2.35
1761304518511,CH1,POWER,2.35
1761304518516,CH1,POWER,2.35
1761304518521,CH1,POWER,2.35
1761304518526,CH1,POWER,2.35
1761304518533,CH1,POWER,2.35
1761304518538,CH1,POWER,2.35
1761304518543,CH1,POWER,2.35
1761304518548,CH1,POWER,2.35
1761304518553,CH1,POWER,2.35
1761304518558,CH1,POWER,2.35
1761304518563,CH1,POWER,2.35
1761304518568,CH1,POWER,2.35
1761304518573,CH1,POWER,2.35
1761304518578,CH1,POWER,2.35
1761304518583,CH1,POWER,2.35
1761304518588,CH1,POWER,2.35
1761304518593,CH1,POWER,2.35
1761304518598,CH1,POWER,2.35
1761304518603,CH1,POWER,2.35
1761304518608,CH1,POWER,2.35
1761304518613,CH1,POWER,2.35
1761304518618,CH1,POWER,2.35
1761304518623,CH1,POWER,2.35
1761304518628,CH1,POWER,2.35
1761304518633,CH1,POWER,2.35
1761304518638,CH1,POWER,2.35
1761304518643,CH1,POWER,2.35
1761304518648,CH1,POWER,2.35
1761304518653,CH1,POWER,2.35
1761304518658,CH1,POWER,2.35
1761304518663,CH1,POWER,2.35
1761304518668,CH1,POWER,2.35
1761304518673,CH1,POWER,2.35
1761304518678,CH1,POWER,2.35
1761304518683,CH1,POWER,2.35
1761304518688,CH1,POWER,2.35
1761304518693,CH1,POWER,2.35
1761304518698,CH1,POWER,2.35
1761304518703,CH1,POWER,2.35
1761304518708,CH1,POWER,2.35
1761304518713,CH1,POWER,2.35
1761304518718,CH1,POWER,2.35
1761304518723,CH1,POWER,2.35
1761304518728,CH1,POWER,2.35
1761304518733,CH1,POWER,2.35
1761304518738,CH1,POWER,2.35
1761304518743,CH1,POWER,2.35
1761304518748,CH1,POWER,2.35
1761304518753,CH1,POWER,2.35
1761304518758,CH1,POWER,2.35
1761304518763,CH1,POWER,2.35
1761304518768,CH1,POWER,2.35
1761304518773,CH1,POWER,2.35
1761304518778,CH1,POWER,2.35
1761304518783,CH1,POWER,2.35
1761304518788,CH1,POWER,2.35
1761304518793,CH1,POWER,2.35
1761304518798,CH1,POWER,2.35
1761304518803,CH1,POWER,2.35
1761304518808,CH1,POWER,2.35
1761304518813,CH1,POWER,2.35
1761304518818,CH1,POWER,2.35
1761304518823,CH1,POWER,2.35
1761304518828,CH1,POWER,2.35
1761304518833,CH1,POWER,2.35
1761304518838,CH1,POWER,2.35
1761304518843,CH1,POWER,2.35
1761304518848,CH1,POWER,2.35
1761304518853,CH1,POWER,2.35
1761304518858,CH1,POWER,2.35
1761304518863,CH1,POWER,2.35
1761304518888,CH1,POWER,2.35
1761304518895,CH1,POWER,2.35
1761304518902,CH1,POWER,2.35
1761304518907,CH1,POWER,2.35
1761304518912,CH1,POWER,2.35
1761304518917,CH1,POWER,2.35
1761304518922,CH1,POWER,2.35
1761304518927,CH1,POWER,2.35
1761304518932,CH1,POWER,2.35
1761304518937,CH1,POWER,2.35
1761304518942,CH1,POWER,2.35
1761304518947,CH1,POWER,2.35
1761304518952,CH1,POWER,2.35
1761304518957,CH1,POWER,2.35
1761304518962,CH1,POWER,2.35
1761304518967,CH1,POWER,2.35
1761304518972,CH1,POWER,2.35
1761304518977,CH1,POWER,2.35
1761304518982,CH1,POWER,2.35
1761304518987,CH1,POWER,2.35
1761304518992,CH1,POWER,2.35
1761304518997,CH1,POWER,2.35
1761304519002,CH1,POWER,2.35
1761304519007,CH1,POWER,2.35
1761304519012,CH1,POWER,2.35
1761304519017,CH1,POWER,2.35
1761304519022,CH1,POWER,2.35
1761304519027,CH1,POWER,2.35
1761304519032,CH1,POWER,2.35
1761304519037,CH1,POWER,2.35
1761304519042,CH1,POWER,2.35
1761304519047,CH1,POWER,2.35
1761304519052,CH1,POWER,2.35
1761304519057,CH1,POWER,2.35
1761304519062,CH1,POWER,2.35
1761304519067,CH1,POWER,2.35
1761304519072,CH1,POWER,2.35
1761304519077,CH1,POWER,2.35
1761304519082,CH1,POWER,2.35
1761304519087,CH1,POWER,2.35
1761304519092,CH1,POWER,2.35
1761304519097,CH1,POWER,2.35
1761304519102,CH1,POWER,2.35
1761304519107,CH1,POWER,2.35
1761304519112,CH1,POWER,2.35
1761304519117,CH1,POWER,2.35
1761304519122,CH1,POWER,2.35
1761304519127,CH1,POWER,2.35
1761304519132,CH1,POWER,2.35
1761304519137,CH1,POWER,2.35
1761304519142,CH1,POWER,2.35
1761304519147,CH1,POWER,2.35
1761304519152,CH1,POWER,2.35
1761304519157,CH1,POWER,2.35
1761304519162,CH1,POWER,2.35
1761304519167,CH1,POWER,2.35
1761304519173,CH1,POWER,2.35
1761304519178,CH1,POWER,2.35
1761304519183,CH1,POWER,2.35
1761304519188,CH1,POWER,2.35
1761304519193,CH1,POWER,2.35
1761304519198,CH1,POWER,2.35
1761304519203,CH1,POWER,2.35
1761304519208,CH1,POWER,2.35
1761304519213,CH1,POWER,2.35
1761304519218,CH1,POWER,2.35
1761304519223,CH1,POWER,2.35
1761304519228,CH1,POWER,2.35
1761304519233,CH1,POWER,2.35
1761304519238,CH1,POWER,2.35
1761304519243,CH1,POWER,2.35
1761304519248,CH1,POWER,2.35
1761304519253,CH1,POWER,2.35
1761304519258,CH1,POWER,2.35
1761304519262,CH1,POWER,2.35
1761304519265,CH1,POWER,2.35
1761304519292,CH1,POWER,2.35
1761304519297,CH1,POWER,2.35
1761304519302,CH1,POWER,2.35
1761304519307,CH1,POWER,2.35
1761304519312,CH1,POWER,2.35
1761304519317,CH1,POWER,2.35
1761304519322,CH1,POWER,2.35
1761304519327,CH1,POWER,2.35
1761304519332,CH1,POWER,2.35
1761304519337,CH1,POWER,2.35
1761304519342,CH1,POWER,2.35
1761304519347,CH1,POWER,2.35
1761304519352,CH1,POWER,2.35
1761304519357,CH1,POWER,2.35
1761304519362,CH1,POWER,2.35
1761304519367,CH1,POWER,2.35
1761304519374,CH1,POWER,2.35
1761304519379,CH1,POWER,2.35
1761304519384,CH1,POWER,2.35
1761304519389,CH1,POWER,2.35
1761304519394,CH1,POWER,2.35
1761304519399,CH1,POWER,2.35
1761304519404,CH1,POWER,2.35
1761304519409,CH1,POWER,2.35
1761304519414,CH1,POWER,2.35
1761304519419,CH1,POWER,2.35
1761304519424,CH1,POWER,2.35
1761304519429,CH1,POWER,2.35
1761304519434,CH1,POWER,2.35
1761304519439,CH1,POWER,2.35
1761304519444,CH1,POWER,2.35
1761304519449,CH1,POWER,2.35
1761304519454,CH1,POWER,2.35
1761304519459,CH1,POWER,2.35
1761304519464,CH1,POWER,2.35
1761304519469,CH1,POWER,2.35
1761304519474,CH1,POWER,2.35
1761304519479,CH1,POWER,2.35
1761304519485,CH1,POWER,2.35
1761304519493,CH1,POWER,2.35
1761304519498,CH1,POWER,2.35
1761304519505,CH1,POWER,2.35
1761304519510,CH1,POWER,2.35
1761304519516,CH1,POWER,2.35
1761304519523,CH1,POWER,2.35
1761304519528,CH1,POWER,2.35
1761304519535,CH1,POWER,2.35
1761304519540,CH1,POWER,2.35
1761304519545,CH1,POWER,2.35
1761304519550,CH1,POWER,2.35
1761304519555,CH1,POWER,2.35
1761304519560,CH1,POWER,2.35
1761304519565,CH1,POWER,2.35
1761304519570,CH1,POWER,2.35
1761304519575,CH1,POWER,2.35
1761304519580,CH1,POWER,2.35
1761304519585,CH1,POWER,2.35
1761304519590,CH1,POWER,2.35
1761304519595,CH1,POWER,2.35
1761304519600,CH1,POWER,2.35
1761304519605,CH1,POWER,2.35
1761304519610,CH1,POWER,2.35
1761304519615,CH1,POWER,2.35
1761304519620,CH1,POWER,2.35
1761304519625,CH1,POWER,2.35
1761304519630,CH1,POWER,2.35
1761304519636,CH1,POWER,2.35
1761304519643,CH1,POWER,2.35
1761304519648,CH1,POWER,2.35
1761304519654,CH1,POWER,2.35
1761304519657,CH1,POWER,2.35
1761304519685,CH1,POWER,2.35
1761304519690,CH1,POWER,2.35
1761304519697,CH1,POWER,2.35
1761304519702,CH1,POWER,2.35
1761304519707,CH1,POWER,2.35
1761304519712,CH1,POWER,2.35
1761304519717,CH1,POWER,2.35
1761304519723,CH1,POWER,2.35
1761304519728,CH1,POWER,2.35
1761304519735,CH1,POWER,2.35
1761304519740,CH1,POWER,2.35
1761304519747,CH1,POWER,2.35
1761304519752,CH1,POWER,2.35
1761304519757,CH1,POWER,2.35
1761304519762,CH1,POWER,2.35
1761304519767,CH1,POWER,2.35
1761304519772,CH1,POWER,2.35
1761304519779,CH1,POWER,2.35
1761304519784,CH1,POWER,2.35
1761304519789,CH1,POWER,2.35
1761304519794,CH1,POWER,2.35
1761304519799,CH1,POWER,2.35
1761304519804,CH1,POWER,2.35
1761304519809,CH1,POWER,2.35
1761304519814,CH1,POWER,2.35
1761304519819,CH1,POWER,2.35
1761304519824,CH1,POWER,2.35
1761304519829,CH1,POWER,2.35
1761304519834,CH1,POWER,2.35
1761304519839,CH1,POWER,2.35
1761304519844,CH1,POWER,2.35
1761304519849,CH1,POWER,2.35
1761304519854,CH1,POWER,2.35
1761304519859,CH1,POWER,2.35
1761304519864,CH1,POWER,2.35
1761304519869,CH1,POWER,2.35
1761304519874,CH1,POWER,2.35
1761304519879,CH1,POWER,2.35
1761304519884,CH1,POWER,2.35
1761304519889,CH1,POWER,2.35
1761304519893,CH1,POWER,2.35
1761304519897,CH1,POWER,2.35
1761304519904,CH1,POWER,2.35
1761304519908,CH1,POWER,2.35
1761304519916,CH1,POWER,2.35
1761304519925,CH1,POWER,2.35
1761304519930,CH1,POWER,2.35
1761304519937,CH1,POWER,2.35
1761304519945,CH1,POWER,2.35
1761304519950,CH1,POWER,2.35
1761304519957,CH1,POWER,2.35
1761304519962,CH1,POWER,2.35
1761304519967,CH1,POWER,2.35
1761304519972,CH1,POWER,2.35
1761304519977,CH1,POWER,2.35
1761304519982,CH1,POWER,2.35
1761304519987,CH1,POWER,2.35
1761304519992,CH1,POWER,2.35
1761304519999,CH1,POWER,2.35
1761304520004,CH1,POWER,2.35
1761304520009,CH1,POWER,2.35
1761304520014,CH1,POWER,2.35
1761304520019,CH1,POWER,2.35
1761304520024,CH1,POWER,2.35
1761304520029,CH1,POWER,2.35
1761304520034,CH1,POWER,2.35
1761304520039,CH1,POWER,2.35
1761304520044,CH1,POWER,2.35
1761304520049,CH1,POWER,2.35
1761304520051,CH1,POWER,2.35
1761304520079,CH1,POWER,2.35
1761304520084,CH1,POWER,2.35
1761304520091,CH1,POWER,2.35
1761304520096,CH1,POWER,2.35
1761304520101,CH1,POWER,2.35
1761304520106,CH1,POWER,2.35
1761304520111,CH1,POWER,2.35
1761304520116,CH1,POWER,2.35
1761304520121,CH1,POWER,2.35
1761304520126,CH1,POWER,2.35
1761304520131,CH1,POWER,2.35
1761304520136,CH1,POWER,2.35
1761304520141,CH1,POWER,2.35
1761304520146,CH1,POWER,2.35
1761304520151,CH1,POWER,2.35
1761304520159,CH1,POWER,2.35
1761304520164,CH1,POWER,2.35
1761304520169,CH1,POWER,2.35
1761304520174,CH1,POWER,2.35
1761304520179,CH1,POWER,2.35
1761304520184,CH1,POWER,2.35
1761304520189,CH1,POWER,2.35
1761304520194,CH1,POWER,2.35
1761304520201,CH1,POWER,2.35
1761304520206,CH1,POWER,2.35
1761304520211,CH1,POWER,2.35
1761304520216,CH1,POWER,2.35
1761304520221,CH1,POWER,2.35
1761304520226,CH1,POWER,2.35
1761304520231,CH1,POWER,2.35
1761304520236,CH1,POWER,2.35
1761304520241,CH1,POWER,2.35
1761304520246,CH1,POWER,2.35
1761304520251,CH1,POWER,2.35
1761304520256,CH1,POWER,2.35
1761304520261,CH1,POWER,2.35
1761304520266,CH1,POWER,2.35
1761304520271,CH1,POWER,2.35
1761304520276,CH1,POWER,2.35
1761304520281,CH1,POWER,2.35
1761304520286,CH1,POWER,2.35
1761304520291,CH1,POWER,2.35
1761304520296,CH1,POWER,2.35
1761304520301,CH1,POWER,2.35
1761304520306,CH1,POWER,2.35
1761304520311,CH1,POWER,2.35
1761304520316,CH1,POWER,2.35
1761304520321,CH1,POWER,2.35
1761304520326,CH1,POWER,2.35
1761304520331,CH1,POWER,2.35
1761304520336,CH1,POWER,2.35
1761304520341,CH1,POWER,2.35
1761304520346,CH1,POWER,2.35
1761304520351,CH1,POWER,2.35
1761304520356,CH1,POWER,2.35
1761304520361,CH1,POWER,2.35
1761304520366,CH1,POWER,2.35
1761304520371,CH1,POWER,2.35
1761304520376,CH1,POWER,2.35
1761304520381,CH1,POWER,2.35
1761304520386,CH1,POWER,2.35
1761304520391,CH1,POWER,2.35
1761304520396,CH1,POWER,2.35
1761304520401,CH1,POWER,2.35
1761304520406,CH1,POWER,2.35
1761304520411,CH1,POWER,2.35
1761304520416,CH1,POWER,2.35
1761304520421,CH1,POWER,2.35
1761304520426,CH1,POWER,2.35
1761304520431,CH1,POWER,2.35
1761304520436,CH1,POWER,2.35
1761304520441,CH1,POWER,2.35
1761304520446,CH1,POWER,2.35
1761304520448,CH1,POWER,2.35
1761304520451,CH1,POWER,2.35
1761304520478,CH1,POWER,2.35
1761304520483,CH1,POWER,2.35
1761304520488,CH1,POWER,2.35
1761304520493,CH1,POWER,2.35
1761304520501,CH1,POWER,2.35
1761304520506,CH1,POWER,2.35
1761304520511,CH1,POWER,2.35
1761304520516,CH1,POWER,2.35
1761304520521,CH1,POWER,2.35
1761304520527,CH1,POWER,2.35
1761304520532,CH1,POWER,2.35
1761304520539,CH1,POWER,2.35
1761304520544,CH1,POWER,2.35
1761304520551,CH1,POWER,2.35
1761304520556,CH1,POWER,2.35
1761304520561,CH1,POWER,2.35
1761304520566,CH1,POWER,2.35
1761304520571,CH1,POWER,2.35
1761304520576,CH1,POWER,2.35
1761304520583,CH1,POWER,2.35
1761304520588,CH1,POWER,2.35
1761304520593,CH1,POWER,2.35
1761304520598,CH1,POWER,2.35
1761304520603,CH1,POWER,2.35
1761304520608,CH1,POWER,2.35
1761304520613,CH1,POWER,2.35
1761304520618,CH1,POWER,2.35
1761304520623,CH1,POWER,2.35
1761304520628,CH1,POWER,2.35
1761304520633,CH1,POWER,2.35
1761304520638,CH1,POWER,2.35
1761304520643,CH1,POWER,2.35
1761304520648,CH1,POWER,2.35
1761304520653,CH1,POWER,2.35
1761304520658,CH1,POWER,2.35
1761304520663,CH1,POWER,2.35
1761304520668,CH1,POWER,2.35
1761304520673,CH1,POWER,2.35
1761304520678,CH1,POWER,2.35
1761304520683,CH1,POWER,2.35
1761304520688,CH1,POWER,2.35
1761304520693,CH1,POWER,2.35
1761304520698,CH1,POWER,2.35
1761304520703,CH1,POWER,2.35
1761304520708,CH1,POWER,2.35
1761304520713,CH1,POWER,2.35
1761304520718,CH1,POWER,2.35
1761304520723,CH1,POWER,2.35
1761304520728,CH1,POWER,2.35
1761304520733,CH1,POWER,2.35
1761304520738,CH1,POWER,2.35
1761304520743,CH1,POWER,2.35
1761304520748,CH1,POWER,2.35
1761304520752,CH1,POWER,2.35
1761304520758,CH1,POWER,2.35
1761304520763,CH1,POWER,2.35
1761304520768,CH1,POWER,2.35
1761304520773,CH1,POWER,2.35
1761304520778,CH1,POWER,2.35
1761304520783,CH1,POWER,2.35
1761304520788,CH1,POWER,2.35
1761304520793,CH1,POWER,2.35
1761304520798,CH1,POWER,2.35
1761304520803,CH1,POWER,2.35
1761304520808,CH1,POWER,2.35
1761304520813,CH1,POWER,2.35
1761304520818,CH1,POWER,2.35
1761304520823,CH1,POWER,2.35
1761304520828,CH1,POWER,2.35
1761304520833,CH1,POWER,2.35
1761304520838,CH1,POWER,2.35
1761304520843,CH1,POWER,2.35
1761304520847,CH1,POWER,2.35
1761304520850,CH1,POWER,2.35
1761304520853,CH1,POWER,2.35
1761304520880,CH1,POWER,2.35
1761304520885,CH1,POWER,2.35
1761304520890,CH1,POWER,2.35
1761304520895,CH1,POWER,2.35
1761304520900,CH1,POWER,2.35
1761304520905,CH1,POWER,2.35
1761304520910,CH1,POWER,2.35
1761304520915,CH1,POWER,2.35
1761304520920,CH1,POWER,2.35
1761304520925,CH1,POWER,2.35
1761304520930,CH1,POWER,2.35
1761304520935,CH1,POWER,2.35
1761304520940,CH1,POWER,2.35
1761304520945,CH1,POWER,2.35
1761304520950,CH1,POWER,2.35
1761304520955,CH1,POWER,2.35
1761304520960,CH1,POWER,2.35
1761304520965,CH1,POWER,2.35
1761304520970,CH1,POWER,2.35
1761304520975,CH1,POWER,2.35
1761304520980,CH1,POWER,2.35
1761304520985,CH1,POWER,2.35
1761304520990,CH1,POWER,2.35
1761304520995,CH1,POWER,2.35
1761304521000,CH1,POWER,2.35
1761304521005,CH1,POWER,2.35
1761304521010,CH1,POWER,2.35
1761304521015,CH1,POWER,2.35
1761304521020,CH1,POWER,2.35
1761304521025,CH1,POWER,2.35
1761304521030,CH1,POWER,2.35
1761304521035,CH1,POWER,2.35
1761304521040,CH1,POWER,2.35
1761304521045,CH1,POWER,2.35
1761304521050,CH1,POWER,2.35
1761304521055,CH1,POWER,2.35
1761304521060,CH1,POWER,2.35
1761304521065,CH1,POWER,2.35
1761304521070,CH1,POWER,2.35
1761304521076,CH1,POWER,2.35
1761304521083,CH1,POWER,2.35
1761304521088,CH1,POWER,2.35
1761304521094,CH1,POWER,2.35
1761304521101,CH1,POWER,2.35
1761304521105,CH1,POWER,2.35
1761304521111,CH1,POWER,2.35
1761304521118,CH1,POWER,2.35
1761304521122,CH1,POWER,2.35
1761304521126,CH1,POWER,2.35
1761304521132,CH1,POWER,2.35
1761304521136,CH1,POWER,2.35
1761304521142,CH1,POWER,2.35
1761304521146,CH1,POWER,2.35
1761304521152,CH1,POWER,2.35
1761304521158,CH1,POWER,2.35
1761304521162,CH1,POWER,2.35
1761304521166,CH1,POWER,2.35
1761304521172,CH1,POWER,2.35
1761304521178,CH1,POWER,2.35
1761304521182,CH1,POWER,2.35
1761304521186,CH1,POWER,2.35
1761304521192,CH1,POWER,2.35
1761304521196,CH1,POWER,2.35
1761304521202,CH1,POWER,2.35
1761304521210,CH1,POWER,2.35
1761304521216,CH1,POWER,2.35
1761304521222,CH1,POWER,2.35
1761304521230,CH1,POWER,2.35
1761304521235,CH1,POWER,2.35
1761304521242,CH1,POWER,2.35
1761304521245,CH1,POWER,2.35
1761304521270,CH1,POWER,2.35
1761304521276,CH1,POWER,2.35
1761304521283,CH1,POWER,2.35
1761304521288,CH1,POWER,2.35
1761304521295,CH1,POWER,2.35
1761304521300,CH1,POWER,2.35
1761304521305,CH1,POWER,2.35
1761304521310,CH1,POWER,2.35
1761304521314,CH1,POWER,2.35
1761304521320,CH1,POWER,2.35
1761304521325,CH1,POWER,2.35
1761304521330,CH1,POWER,2.35
1761304521335,CH1,POWER,2.35
1761304521340,CH1,POWER,2.35
1761304521345,CH1,POWER,2.35
1761304521350,CH1,POWER,2.35
1761304521355,CH1,POWER,2.35
1761304521360,CH1,POWER,2.35
1761304521367,CH1,POWER,2.35
1761304521372,CH1,POWER,2.35
1761304521377,CH1,POWER,2.35
1761304521381,CH1,POWER,2.35
1761304521387,CH1,POWER,2.35
1761304521392,CH1,POWER,2.35
1761304521397,CH1,POWER,2.35
1761304521402,CH1,POWER,2.35
1761304521407,CH1,POWER,2.35
1761304521412,CH1,POWER,2.35
1761304521417,CH1,POWER,2.35
1761304521422,CH1,POWER,2.35
1761304521427,CH1,POWER,2.35
1761304521432,CH1,POWER,2.35
1761304521437,CH1,POWER,2.35
1761304521442,CH1,POWER,2.35
1761304521447,CH1,POWER,2.35
1761304521452,CH1,POWER,2.35
1761304521456,CH1,POWER,2.35
1761304521462,CH1,POWER,2.35
1761304521467,CH1,POWER,2.35
1761304521472,CH1,POWER,2.35
1761304521477,CH1,POWER,2.35
1761304521482,CH1,POWER,2.35
1761304521487,CH1,POWER,2.35
1761304521492,CH1,POWER,2.35
1761304521497,CH1,POWER,2.35
1761304521502,CH1,POWER,2.35
1761304521507,CH1,POWER,2.35
1761304521512,CH1,POWER,2.35
1761304521517,CH1,POWER,2.35
1761304521522,CH1,POWER,2.35
1761304521527,CH1,POWER,2.35
1761304521532,CH1,POWER,2.35
1761304521537,CH1,POWER,2.35
1761304521542,CH1,POWER,2.35
1761304521547,CH1,POWER,2.35
1761304521552,CH1,POWER,2.35
1761304521557,CH1,POWER,2.35
1761304521562,CH1,POWER,2.35
1761304521567,CH1,POWER,2.35
1761304521572,CH1,POWER,2.35
1761304521577,CH1,POWER,2.35
1761304521581,CH1,POWER,2.35
1761304521587,CH1,POWER,2.35
1761304521592,CH1,POWER,2.35
1761304521597,CH1,POWER,2.35
1761304521601,CH1,POWER,2.35
1761304521607,CH1,POWER,2.35
1761304521614,CH1,POWER,2.35
1761304521620,CH1,POWER,2.35
1761304521624,CH1,POWER,2.35
1761304521630,CH1,POWER,2.35
1761304521635,CH1,POWER,2.35
1761304521640,CH1,POWER,2.35
1761304521643,CH1,POWER,2.35
1761304521646,CH1,POWER,2.35
1761304521648,CH1,POWER,2.35
1761304521677,CH1,POWER,2.35
1761304521682,CH1,POWER,2.35
1761304521686,CH1,POWER,2.35
1761304521692,CH1,POWER,2.35
1761304521697,CH1,POWER,2.35
1761304521702,CH1,POWER,2.35
1761304521707,CH1,POWER,2.35
1761304521712,CH1,POWER,2.35
1761304521718,CH1,POWER,2.35
1761304521727,CH1,POWER,2.35
1761304521732,CH1,POWER,2.35
1761304521739,CH1,POWER,2.35
1761304521744,CH1,POWER,2.35
1761304521749,CH1,POWER,2.35
1761304521754,CH1,POWER,2.35
1761304521759,CH1,POWER,2.35
1761304521764,CH1,POWER,2.35
1761304521769,CH1,POWER,2.35
1761304521774,CH1,POWER,2.35
1761304521778,CH1,POWER,2.35
1761304521784,CH1,POWER,2.35
1761304521789,CH1,POWER,2.35
1761304521794,CH1,POWER,2.35
1761304521799,CH1,POWER,2.35
1761304521804,CH1,POWER,2.35
1761304521808,CH1,POWER,2.35
1761304521814,CH1,POWER,2.35
1761304521819,CH1,POWER,2.35
1761304521824,CH1,POWER,2.35
1761304521829,CH1,POWER,2.35
1761304521834,CH1,POWER,2.35
1761304521839,CH1,POWER,2.35
1761304521843,CH1,POWER,2.35
1761304521848,CH1,POWER,2.35
1761304521854,CH1,POWER,2.35
1761304521859,CH1,POWER,2.35
1761304521864,CH1,POWER,2.35
1761304521869,CH1,POWER,2.35
1761304521874,CH1,POWER,2.35
1761304521879,CH1,POWER,2.35
1761304521883,CH1,POWER,2.35
1761304521888,CH1,POWER,2.35
1761304521894,CH1,POWER,2.35
1761304521899,CH1,POWER,2.35
1761304521904,CH1,POWER,2.35
1761304521909,CH1,POWER,2.35
1761304521913,CH1,POWER,2.35
1761304521919,CH1,POWER,2.35
1761304521924,CH1,POWER,2.35
1761304521929,CH1,POWER,2.35
1761304521933,CH1,POWER,2.35
1761304521939,CH1,POWER,2.35
1761304521944,CH1,POWER,2.35
1761304521949,CH1,POWER,2.35
1761304521954,CH1,POWER,2.35
1761304521959,CH1,POWER,2.35
1761304521963,CH1,POWER,2.35
1761304521968,CH1,POWER,2.35
1761304521974,CH1,POWER,2.35
1761304521979,CH1,POWER,2.35
1761304521984,CH1,POWER,2.35
1761304521988,CH1,POWER,2.35
1761304521994,CH1,POWER,2.35
1761304521999,CH1,POWER,2.35
1761304522004,CH1,POWER,2.35
1761304522009,CH1,POWER,2.35
1761304522013,CH1,POWER,2.35
1761304522018,CH1,POWER,2.35
1761304522026,CH1,POWER,2.35
1761304522034,CH1,POWER,2.35
1761304522039,CH1,POWER,2.35
1761304522065,CH1,POWER,2.35
1761304522071,CH1,POWER,2.35
1761304522078,CH1,POWER,2.35
1761304522084,CH1,POWER,2.35
1761304522088,CH1,POWER,2.35
1761304522096,CH1,POWER,2.35
1761304522103,CH1,POWER,2.35
1761304522108,CH1,POWER,2.35
1761304522113,CH1,POWER,2.35
1761304522117,CH1,POWER,2.35
1761304522123,CH1,POWER,2.35
1761304522127,CH1,POWER,2.35
1761304522132,CH1,POWER,2.35
1761304522138,CH1,POWER,2.35
1761304522143,CH1,POWER,2.35
1761304522147,CH1,POWER,2.35
1761304522152,CH1,POWER,2.35
1761304522157,CH1,POWER,2.35
1761304522163,CH1,POWER,2.35
1761304522167,CH1,POWER,2.35
1761304522172,CH1,POWER,2.35
1761304522178,CH1,POWER,2.35
1761304522183,CH1,POWER,2.35
1761304522188,CH1,POWER,2.35
1761304522193,CH1,POWER,2.35
1761304522197,CH1,POWER,2.35
1761304522203,CH1,POWER,2.35
1761304522207,CH1,POWER,2.35
1761304522213,CH1,POWER,2.35
1761304522218,CH1,POWER,2.35
1761304522222,CH1,POWER,2.35
1761304522228,CH1,POWER,2.35
1761304522233,CH1,POWER,2.35
1761304522237,CH1,POWER,2.35
1761304522243,CH1,POWER,2.35
1761304522248,CH1,POWER,2.35
1761304522253,CH1,POWER,2.35
1761304522257,CH1,POWER,2.35
1761304522263,CH1,POWER,2.35
1761304522267,CH1,POWER,2.35
1761304522272,CH1,POWER,2.35
1761304522277,CH1,POWER,2.35
1761304522282,CH1,POWER,2.35
1761304522288,CH1,POWER,2.35
1761304522293,CH1,POWER,2.35
1761304522297,CH1,POWER,2.35
1761304522303,CH1,POWER,2.35
1761304522307,CH1,POWER,2.35
1761304522312,CH1,POWER,2.35
1761304522317,CH1,POWER,2.35
1761304522322,CH1,POWER,2.35
1761304522328,CH1,POWER,2.35
1761304522332,CH1,POWER,2.35
1761304522337,CH1,POWER,2.35
1761304522343,CH1,POWER,2.35
1761304522347,CH1,POWER,2.35
1761304522352,CH1,POWER,2.35
1761304522357,CH1,POWER,2.35
1761304522363,CH1,POWER,2.35
1761304522368,CH1,POWER,2.35
1761304522372,CH1,POWER,2.35
1761304522378,CH1,POWER,2.35
1761304522382,CH1,POWER,2.35
1761304522387,CH1,POWER,2.35
1761304522392,CH1,POWER,2.35
1761304522397,CH1,POWER,2.35
1761304522403,CH1,POWER,2.35
1761304522407,CH1,POWER,2.35
1761304522413,CH1,POWER,2.35
1761304522417,CH1,POWER,2.35
1761304522423,CH1,POWER,2.35
1761304522427,CH1,POWER,2.35
1761304522432,CH1,POWER,2.35
1761304522437,CH1,POWER,2.35
1761304522440,CH1,POWER,2.35
1761304522443,CH1,POWER,2.35
1761304522471,CH1,POWER,2.35
1761304522476,CH1,POWER,2.35
1761304522481,CH1,POWER,2.35
1761304522488,CH1,POWER,2.35
1761304522493,CH1,POWER,2.35
1761304522501,CH1,POWER,2.35
1761304522506,CH1,POWER,2.35
1761304522510,CH1,POWER,2.35
1761304522516,CH1,POWER,2.35
1761304522523,CH1,POWER,2.35
1761304522528,CH1,POWER,2.35
1761304522532,CH1,POWER,2.35
1761304522537,CH1,POWER,2.35
1761304522542,CH1,POWER,2.35
1761304522548,CH1,POWER,2.35
1761304522553,CH1,POWER,2.35
1761304522557,CH1,POWER,2.35
1761304522563,CH1,POWER,2.35
1761304522567,CH1,POWER,2.35
1761304522573,CH1,POWER,2.35
1761304522577,CH1,POWER,2.35
1761304522583,CH1,POWER,2.35
1761304522588,CH1,POWER,2.35
1761304522593,CH1,POWER,2.35
1761304522597,CH1,POWER,2.35
1761304522603,CH1,POWER,2.35
1761304522607,CH1,POWER,2.35
1761304522613,CH1,POWER,2.35
1761304522618,CH1,POWER,2.35
1761304522623,CH1,POWER,2.35
1761304522628,CH1,POWER,2.35
1761304522632,CH1,POWER,2.35
1761304522637,CH1,POWER,2.35
1761304522643,CH1,POWER,2.35
1761304522647,CH1,POWER,2.35
1761304522652,CH1,POWER,2.35
1761304522658,CH1,POWER,2.35
1761304522662,CH1,POWER,2.35
1761304522667,CH1,POWER,2.35
1761304522673,CH1,POWER,2.35
1761304522677,CH1,POWER,2.35
1761304522682,CH1,POWER,2.35
1761304522688,CH1,POWER,2.35
1761304522692,CH1,POWER,2.35
1761304522698,CH1,POWER,2.35
1761304522703,CH1,POWER,2.35
1761304522707,CH1,POWER,2.35
1761304522713,CH1,POWER,2.35
1761304522717,CH1,POWER,2.35
1761304522722,CH1,POWER,2.35
1761304522727,CH1,POWER,2.35
1761304522732,CH1,POWER,2.35
1761304522738,CH1,POWER,2.35
1761304522742,CH1,POWER,2.35
1761304522747,CH1,POWER,2.35
1761304522752,CH1,POWER,2.35
1761304522758,CH1,POWER,2.35
1761304522762,CH1,POWER,2.35
1761304522768,CH1,POWER,2.35
1761304522773,CH1,POWER,2.35
1761304522778,CH1,POWER,2.35
1761304522782,CH1,POWER,2.35
1761304522788,CH1,POWER,2.35
1761304522792,CH1,POWER,2.35
1761304522797,CH1,POWER,2.35
1761304522803,CH1,POWER,2.35
1761304522807,CH1,POWER,2.35
1761304522813,CH1,POWER,2.35
1761304522818,CH1,POWER,2.35
1761304522823,CH1,POWER,2.35
1761304522828,CH1,POWER,2.35
1761304522832,CH1,POWER,2.35
1761304522838,CH1,POWER,2.35
1761304522841,CH1,POWER,2.35
1761304522843,CH1,POWER,2.35
1761304522869,CH1,POWER,2.35
1761304522873,CH1,POWER,2.35
1761304522878,CH1,POWER,2.35
1761304522882,CH1,POWER,2.35
1761304522886,CH1,POWER,2.35
1761304522892,CH1,POWER,2.35
1761304522896,CH1,POWER,2.35
1761304522902,CH1,POWER,2.35
1761304522906,CH1,POWER,2.35
1761304522911,CH1,POWER,2.35
1761304522918,CH1,POWER,2.35
1761304522923,CH1,POWER,2.35
1761304522930,CH1,POWER,2.35
1761304522934,CH1,POWER,2.35
1761304522940,CH1,POWER,2.35
1761304522946,CH1,POWER,2.35
1761304522952,CH1,POWER,2.35
1761304522960,CH1,POWER,2.35
1761304522965,CH1,POWER,2.35
1761304522973,CH1,POWER,2.35
1761304522978,CH1,POWER,2.35
1761304522982,CH1,POWER,2.35
1761304522988,CH1,POWER,2.35
1761304522993,CH1,POWER,2.35
1761304522998,CH1,POWER,2.35
1761304523002,CH1,POWER,2.35
1761304523008,CH1,POWER,2.35
1761304523013,CH1,POWER,2.35
1761304523018,CH1,POWER,2.35
1761304523023,CH1,POWER,2.35
1761304523030,CH1,POWER,2.35
1761304523035,CH1,POWER,2.35
1761304523043,CH1,POWER,2.35
1761304523050,CH1,POWER,2.35
1761304523055,CH1,POWER,2.35
1761304523061,CH1,POWER,2.35
1761304523065,CH1,POWER,2.35
1761304523072,CH1,POWER,2.35
1761304523076,CH1,POWER,2.35
1761304523081,CH1,POWER,2.35
1761304523086,CH1,POWER,2.35
1761304523091,CH1,POWER,2.35
1761304523096,CH1,POWER,2.35
1761304523102,CH1,POWER,2.35
1761304523108,CH1,POWER,2.35
1761304523112,CH1,POWER,2.35
1761304523118,CH1,POWER,2.35
1761304523122,CH1,POWER,2.35
1761304523128,CH1,POWER,2.35
1761304523133,CH1,POWER,2.35
1761304523138,CH1,POWER,2.35
1761304523146,CH1,POWER,2.35
1761304523153,CH1,POWER,2.35
1761304523158,CH1,POWER,2.35
1761304523164,CH1,POWER,2.35
1761304523171,CH1,POWER,2.35
1761304523176,CH1,POWER,2.35
1761304523183,CH1,POWER,2.35
1761304523188,CH1,POWER,2.35
1761304523193,CH1,POWER,2.35
1761304523201,CH1,POWER,2.35
1761304523208,CH1,POWER,2.35
1761304523214,CH1,POWER,2.35
1761304523221,CH1,POWER,2.35
1761304523226,CH1,POWER,2.35
1761304523232,CH1,POWER,2.35
1761304523235,CH1,POWER,2.35
1761304523264,CH1,POWER,2.35
1761304523269,CH1,POWER,2.35
1761304523274,CH1,POWER,2.35
1761304523279,CH1,POWER,2.35
1761304523284,CH1,POWER,2.35
1761304523290,CH1,POWER,2.35
1761304523297,CH1,POWER,2.35
1761304523302,CH1,POWER,2.35
1761304523306,CH1,POWER,2.35
1761304523312,CH1,POWER,2.35
1761304523317,CH1,POWER,2.35
1761304523321,CH1,POWER,2.35
1761304523327,CH1,POWER,2.35
1761304523331,CH1,POWER,2.35
1761304523337,CH1,POWER,2.35
1761304523341,CH1,POWER,2.35
1761304523347,CH1,POWER,2.35
1761304523355,CH1,POWER,2.35
1761304523360,CH1,POWER,2.35
1761304523365,CH1,POWER,2.35
1761304523370,CH1,POWER,2.35
1761304523376,CH1,POWER,2.35
1761304523381,CH1,POWER,2.35
1761304523387,CH1,POWER,2.35
1761304523392,CH1,POWER,2.35
1761304523397,CH1,POWER,2.35
1761304523402,CH1,POWER,2.35
1761304523407,CH1,POWER,2.35
1761304523412,CH1,POWER,2.35
1761304523417,CH1,POWER,2.35
1761304523424,CH1,POWER,2.35
1761304523430,CH1,POWER,2.35
1761304523437,CH1,POWER,2.35
1761304523441,CH1,POWER,2.35
1761304523448,CH1,POWER,2.35
1761304523454,CH1,POWER,2.35
1761304523460,CH1,POWER,2.35
1761304523467,CH1,POWER,2.35
1761304523473,CH1,POWER,2.35
1761304523479,CH1,POWER,2.35
1761304523486,CH1,POWER,2.35
1761304523491,CH1,POWER,2.35
1761304523496,CH1,POWER,2.35
1761304523502,CH1,POWER,2.35
1761304523507,CH1,POWER,2.35
1761304523512,CH1,POWER,2.35
1761304523517,CH1,POWER,2.35
1761304523522,CH1,POWER,2.35
1761304523527,CH1,POWER,2.35
1761304523531,CH1,POWER,2.35
1761304523536,CH1,POWER,2.35
1761304523542,CH1,POWER,2.35
1761304523548,CH1,POWER,2.35
1761304523555,CH1,POWER,2.35
1761304523560,CH1,POWER,2.35
1761304523565,CH1,POWER,2.35
1761304523573,CH1,POWER,2.35
1761304523577,CH1,POWER,2.35
1761304523585,CH1,POWER,2.35
1761304523590,CH1,POWER,2.35
1761304523595,CH1,POWER,2.35
1761304523601,CH1,POWER,2.35
1761304523605,CH1,POWER,2.35
1761304523613,CH1,POWER,2.35
1761304523618,CH1,POWER,2.35
1761304523646,CH1,POWER,2.70
1761304523651,CH1,POWER,2.70
1761304523655,CH1,POWER,2.70
1761304523660,CH1,POWER,2.70
1761304523665,CH1,POWER,2.70
1761304523670,CH1,POWER,2.70
1761304523676,CH1,POWER,2.70
1761304523682,CH1,POWER,2.70
1761304523687,CH1,POWER,2.70
1761304523694,CH1,POWER,2.70
1761304523699,CH1,POWER,2.70
1761304523706,CH1,POWER,2.70
1761304523712,CH1,POWER,2.70
1761304523716,CH1,POWER,2.70
1761304523725,CH1,POWER,2.70
1761304523732,CH1,POWER,2.70
1761304523738,CH1,POWER,2.70
1761304523744,CH1,POWER,2.70
1761304523748,CH1,POWER,2.70
1761304523754,CH1,POWER,2.70
1761304523759,CH1,POWER,2.70
1761304523763,CH1,POWER,2.70
1761304523768,CH1,POWER,2.70
1761304523773,CH1,POWER,2.70
1761304523779,CH1,POWER,2.70
1761304523783,CH1,POWER,2.70
1761304523788,CH1,POWER,2.70
1761304523793,CH1,POWER,2.70
1761304523798,CH1,POWER,2.70
1761304523803,CH1,POWER,2.70
1761304523808,CH1,POWER,2.70
1761304523813,CH1,POWER,2.70
1761304523818,CH1,POWER,2.70
1761304523823,CH1,POWER,2.70
1761304523829,CH1,POWER,2.70
1761304523834,CH1,POWER,2.70
1761304523838,CH1,POWER,2.70
1761304523843,CH1,POWER,2.70
1761304523848,CH1,POWER,2.70
1761304523853,CH1,POWER,2.70
1761304523858,CH1,POWER,2.70
1761304523863,CH1,POWER,2.70
1761304523869,CH1,POWER,2.70
1761304523873,CH1,POWER,2.70
1761304523878,CH1,POWER,2.70
1761304523883,CH1,POWER,2.70
1761304523888,CH1,POWER,2.70
1761304523893,CH1,POWER,2.70
1761304523898,CH1,POWER,2.70
1761304523904,CH1,POWER,2.70
1761304523909,CH1,POWER,2.70
1761304523913,CH1,POWER,2.70
1761304523918,CH1,POWER,2.70
1761304523923,CH1,POWER,2.70
1761304523928,CH1,POWER,2.70
1761304523933,CH1,POWER,2.70
1761304523938,CH1,POWER,2.70
1761304523943,CH1,POWER,2.70
1761304523948,CH1,POWER,2.70
1761304523953,CH1,POWER,2.70
1761304523958,CH1,POWER,2.70
1761304523963,CH1,POWER,2.70
1761304523968,CH1,POWER,2.70
1761304523973,CH1,POWER,2.70
1761304523978,CH1,POWER,2.70
1761304523984,CH1,POWER,2.70
1761304523988,CH1,POWER,2.70
1761304523993,CH1,POWER,2.70
1761304523998,CH1,POWER,2.70
1761304524003,CH1,POWER,2.70
1761304524008,CH1,POWER,2.70
1761304524013,CH1,POWER,2.70
1761304524019,CH1,POWER,2.70
1761304524045,CH1,POWER,2.80
1761304524050,CH1,POWER,2.80
1761304524056,CH1,POWER,2.80
1761304524060,CH1,POWER,2.80
1761304524065,CH1,POWER,2.80
1761304524070,CH1,POWER,2.80
1761304524075,CH1,POWER,2.80
1761304524080,CH1,POWER,2.80
1761304524086,CH1,POWER,2.80
1761304524090,CH1,POWER,2.80
1761304524096,CH1,POWER,2.80
1761304524100,CH1,POWER,2.80
1761304524105,CH1,POWER,2.80
1761304524110,CH1,POWER,2.80
1761304524115,CH1,POWER,2.80
1761304524120,CH1,POWER,2.80
1761304524125,CH1,POWER,2.80
1761304524130,CH1,POWER,2.80
1761304524135,CH1,POWER,2.80
1761304524140,CH1,POWER,2.80
1761304524145,CH1,POWER,2.80
1761304524150,CH1,POWER,2.80
1761304524155,CH1,POWER,2.80
1761304524160,CH1,POWER,2.80
1761304524166,CH1,POWER,2.80
1761304524171,CH1,POWER,2.80
1761304524175,CH1,POWER,2.80
1761304524181,CH1,POWER,2.80
1761304524185,CH1,POWER,2.80
1761304524189,CH1,POWER,2.80
1761304524195,CH1,POWER,2.80
1761304524201,CH1,POWER,2.80
1761304524208,CH1,POWER,2.80
1761304524214,CH1,POWER,2.80
1761304524218,CH1,POWER,2.80
1761304524224,CH1,POWER,2.80
1761304524228,CH1,POWER,2.80
1761304524234,CH1,POWER,2.80
1761304524240,CH1,POWER,2.80
1761304524246,CH1,POWER,2.80
1761304524251,CH1,POWER,2.80
1761304524258,CH1,POWER,2.80
1761304524264,CH1,POWER,2.80
1761304524268,CH1,POWER,2.80
1761304524274,CH1,POWER,2.80
1761304524278,CH1,POWER,2.80
1761304524284,CH1,POWER,2.80
1761304524290,CH1,POWER,2.80
1761304524295,CH1,POWER,2.80
1761304524300,CH1,POWER,2.80
1761304524305,CH1,POWER,2.80
1761304524310,CH1,POWER,2.80
1761304524315,CH1,POWER,2.80
1761304524320,CH1,POWER,2.80
1761304524325,CH1,POWER,2.80
1761304524331,CH1,POWER,2.80
1761304524335,CH1,POWER,2.80
1761304524340,CH1,POWER,2.80
1761304524345,CH1,POWER,2.80
1761304524350,CH1,POWER,2.80
1761304524355,CH1,POWER,2.80
1761304524360,CH1,POWER,2.80
1761304524365,CH1,POWER,2.80
1761304524370,CH1,POWER,2.80
1761304524375,CH1,POWER,2.80
1761304524380,CH1,POWER,2.80
1761304524385,CH1,POWER,2.80
1761304524390,CH1,POWER,2.80
1761304524395,CH1,POWER,2.80
1761304524400,CH1,POWER,2.80
1761304524405,CH1,POWER,2.80
1761304524410,CH1,POWER,2.80
1761304524438,CH1,POWER,2.35
1761304524442,CH1,POWER,2.35
1761304524447,CH1,POWER,2.35
1761304524452,CH1,POWER,2.35
1761304524457,CH1,POWER,2.35
1761304524462,CH1,POWER,2.35
1761304524467,CH1,POWER,2.35
1761304524472,CH1,POWER,2.35
1761304524477,CH1,POWER,2.35
1761304524482,CH1,POWER,2.35
1761304524487,CH1,POWER,2.35
1761304524492,CH1,POWER,2.35
1761304524497,CH1,POWER,2.35
1761304524502,CH1,POWER,2.35
1761304524507,CH1,POWER,2.35
1761304524512,CH1,POWER,2.35
1761304524517,CH1,POWER,2.35
1761304524522,CH1,POWER,2.35
1761304524527,CH1,POWER,2.35
1761304524532,CH1,POWER,2.35
1761304524537,CH1,POWER,2.35
1761304524542,CH1,POWER,2.35
1761304524547,CH1,POWER,2.35
1761304524553,CH1,POWER,2.35
1761304524560,CH1,POWER,2.35
1761304524564,CH1,POWER,2.35
1761304524569,CH1,POWER,2.35
1761304524574,CH1,POWER,2.35
1761304524579,CH1,POWER,2.35
1761304524584,CH1,POWER,2.35
1761304524589,CH1,POWER,2.35
1761304524594,CH1,POWER,2.35
1761304524599,CH1,POWER,2.35
1761304524604,CH1,POWER,2.35
1761304524609,CH1,POWER,2.35
1761304524614,CH1,POWER,2.35
1761304524619,CH1,POWER,2.35
1761304524624,CH1,POWER,2.35
1761304524629,CH1,POWER,2.35
1761304524635,CH1,POWER,2.35
1761304524640,CH1,POWER,2.35
1761304524646,CH1,POWER,2.35
1761304524652,CH1,POWER,2.35
1761304524658,CH1,POWER,2.35
1761304524663,CH1,POWER,2.35
1761304524670,CH1,POWER,2.35
1761304524676,CH1,POWER,2.35
1761304524681,CH1,POWER,2.35
1761304524688,CH1,POWER,2.35
1761304524693,CH1,POWER,2.35
1761304524700,CH1,POWER,2.35
1761304524706,CH1,POWER,2.35
1761304524710,CH1,POWER,2.35
1761304524716,CH1,POWER,2.35
1761304524720,CH1,POWER,2.35
1761304524726,CH1,POWER,2.35
1761304524732,CH1,POWER,2.35
1761304524737,CH1,POWER,2.35
1761304524742,CH1,POWER,2.35
1761304524747,CH1,POWER,2.35
1761304524752,CH1,POWER,2.35
1761304524757,CH1,POWER,2.35
1761304524762,CH1,POWER,2.35
1761304524768,CH1,POWER,2.35
1761304524772,CH1,POWER,2.35
1761304524777,CH1,POWER,2.35
1761304524782,CH1,POWER,2.35
1761304524787,CH1,POWER,2.35
1761304524792,CH1,POWER,2.35
1761304524797,CH1,POWER,2.35
1761304524803,CH1,POWER,2.35
1761304524809,CH1,POWER,2.35
1761304524812,CH1,POWER,2.75
1761304524815,CH1,POWER,2.75
1761304524842,CH1,POWER,2.75
1761304524848,CH1,POWER,2.75
1761304524852,CH1,POWER,2.75
1761304524858,CH1,POWER,2.75
1761304524862,CH1,POWER,2.75
1761304524868,CH1,POWER,2.75
1761304524874,CH1,POWER,2.75
1761304524880,CH1,POWER,2.75
1761304524885,CH1,POWER,2.75
1761304524891,CH1,POWER,2.75
1761304524896,CH1,POWER,2.75
1761304524901,CH1,POWER,2.75
1761304524906,CH1,POWER,2.75
1761304524911,CH1,POWER,2.75
1761304524917,CH1,POWER,2.75
1761304524921,CH1,POWER,2.75
1761304524927,CH1,POWER,2.75
1761304524931,CH1,POWER,2.75
1761304524936,CH1,POWER,2.75
1761304524941,CH1,POWER,2.75
1761304524946,CH1,POWER,2.75
1761304524951,CH1,POWER,2.75
1761304524956,CH1,POWER,2.75
1761304524961,CH1,POWER,2.75
1761304524966,CH1,POWER,2.75
1761304524971,CH1,POWER,2.75
1761304524976,CH1,POWER,2.75
1761304524981,CH1,POWER,2.75
1761304524986,CH1,POWER,2.75
1761304524991,CH1,POWER,2.75
1761304524996,CH1,POWER,2.75
1761304525001,CH1,POWER,2.75
1761304525006,CH1,POWER,2.75
1761304525011,CH1,POWER,2.75
1761304525016,CH1,POWER,2.75
1761304525021,CH1,POWER,2.75
1761304525027,CH1,POWER,2.75
1761304525031,CH1,POWER,2.75
1761304525036,CH1,POWER,2.75
1761304525041,CH1,POWER,2.75
1761304525046,CH1,POWER,2.75
1761304525051,CH1,POWER,2.75
1761304525056,CH1,POWER,2.75
1761304525061,CH1,POWER,2.75
1761304525066,CH1,POWER,2.75
1761304525071,CH1,POWER,2.75
1761304525077,CH1,POWER,2.75
1761304525081,CH1,POWER,2.75
1761304525086,CH1,POWER,2.75
1761304525091,CH1,POWER,2.75
1761304525096,CH1,POWER,2.75
1761304525101,CH1,POWER,2.75
1761304525106,CH1,POWER,2.75
1761304525111,CH1,POWER,2.75
1761304525116,CH1,POWER,2.75
1761304525121,CH1,POWER,2.75
1761304525126,CH1,POWER,2.75
1761304525131,CH1,POWER,2.75
1761304525136,CH1,POWER,2.75
1761304525141,CH1,POWER,2.75
1761304525146,CH1,POWER,2.75
1761304525151,CH1,POWER,2.75
1761304525156,CH1,POWER,2.75
1761304525161,CH1,POWER,2.75
1761304525166,CH1,POWER,2.75
1761304525171,CH1,POWER,2.75
1761304525176,CH1,POWER,2.75
1761304525181,CH1,POWER,2.75
1761304525186,CH1,POWER,2.75
1761304525191,CH1,POWER,2.75
1761304525196,CH1,POWER,2.75
1761304525201,CH1,POWER,2.75
1761304525206,CH1,POWER,2.75
1761304525211,CH1,POWER,2.75
1761304525214,CH1,POWER,2.35
1761304525240,CH1,POWER,2.35
1761304525245,CH1,POWER,2.35
1761304525253,CH1,POWER,2.35
1761304525257,CH1,POWER,2.35
1761304525264,CH1,POWER,2.35
1761304525270,CH1,POWER,2.35
1761304525274,CH1,POWER,2.35
1761304525280,CH1,POWER,2.35
1761304525284,CH1,POWER,2.35
1761304525290,CH1,POWER,2.35
1761304525295,CH1,POWER,2.35
1761304525302,CH1,POWER,2.35
1761304525308,CH1,POWER,2.35
1761304525314,CH1,POWER,2.35
1761304525320,CH1,POWER,2.35
1761304525324,CH1,POWER,2.35
1761304525330,CH1,POWER,2.35
1761304525335,CH1,POWER,2.35
1761304525340,CH1,POWER,2.35
1761304525344,CH1,POWER,2.35
1761304525350,CH1,POWER,2.35
1761304525354,CH1,POWER,2.35
1761304525360,CH1,POWER,2.35
1761304525365,CH1,POWER,2.35
1761304525372,CH1,POWER,2.35
1761304525377,CH1,POWER,2.35
1761304525384,CH1,POWER,2.35
1761304525390,CH1,POWER,2.35
1761304525394,CH1,POWER,2.35
1761304525400,CH1,POWER,2.35
1761304525404,CH1,POWER,2.35
1761304525410,CH1,POWER,2.35
1761304525416,CH1,POWER,2.35
1761304525421,CH1,POWER,2.35
1761304525426,CH1,POWER,2.35
1761304525431,CH1,POWER,2.35
1761304525436,CH1,POWER,2.35
1761304525441,CH1,POWER,2.35
1761304525446,CH1,POWER,2.35
1761304525451,CH1,POWER,2.35
1761304525456,CH1,POWER,2.35
1761304525461,CH1,POWER,2.35
1761304525466,CH1,POWER,2.35
1761304525471,CH1,POWER,2.35
1761304525476,CH1,POWER,2.35
1761304525481,CH1,POWER,2.35
1761304525486,CH1,POWER,2.35
1761304525491,CH1,POWER,2.35
1761304525496,CH1,POWER,2.35
1761304525501,CH1,POWER,2.35
1761304525506,CH1,POWER,2.35
1761304525511,CH1,POWER,2.35
1761304525517,CH1,POWER,2.35
1761304525521,CH1,POWER,2.35
1761304525526,CH1,POWER,2.35
1761304525531,CH1,POWER,2.35
1761304525537,CH1,POWER,2.35
1761304525541,CH1,POWER,2.35
1761304525546,CH1,POWER,2.35
1761304525551,CH1,POWER,2.35
1761304525556,CH1,POWER,2.35
1761304525561,CH1,POWER,2.35
1761304525566,CH1,POWER,2.35
1761304525571,CH1,POWER,2.35
1761304525576,CH1,POWER,2.35
1761304525581,CH1,POWER,2.35
1761304525586,CH1,POWER,2.35
1761304525591,CH1,POWER,2.35
1761304525596,CH1,POWER,2.35
1761304525601,CH1,POWER,2.35
1761304525606,CH1,POWER,2.35
1761304525611,CH1,POWER,2.35
1761304525615,CH1,POWER,2.35
1761304525618,CH1,POWER,2.35
1761304525645,CH1,POWER,2.35
1761304525650,CH1,POWER,2.35
1761304525655,CH1,POWER,2.35
1761304525660,CH1,POWER,2.35
1761304525665,CH1,POWER,2.35
1761304525670,CH1,POWER,2.35
1761304525675,CH1,POWER,2.35
1761304525680,CH1,POWER,2.35
1761304525685,CH1,POWER,2.35
1761304525690,CH1,POWER,2.35
1761304525695,CH1,POWER,2.35
1761304525700,CH1,POWER,2.35
1761304525705,CH1,POWER,2.35
1761304525710,CH1,POWER,2.35
1761304525715,CH1,POWER,2.35
1761304525720,CH1,POWER,2.35
1761304525725,CH1,POWER,2.35
1761304525730,CH1,POWER,2.35
1761304525735,CH1,POWER,2.35
1761304525740,CH1,POWER,2.35
1761304525745,CH1,POWER,2.35
1761304525750,CH1,POWER,2.35
1761304525755,CH1,POWER,2.35
1761304525760,CH1,POWER,2.35
1761304525765,CH1,POWER,2.35
1761304525770,CH1,POWER,2.35
1761304525775,CH1,POWER,2.35
1761304525780,CH1,POWER,2.35
1761304525785,CH1,POWER,2.35
1761304525790,CH1,POWER,2.35
1761304525795,CH1,POWER,2.35
1761304525800,CH1,POWER,2.35
1761304525805,CH1,POWER,2.35
1761304525810,CH1,POWER,2.35
1761304525815,CH1,POWER,2.35
1761304525820,CH1,POWER,2.35
1761304525826,CH1,POWER,2.35
1761304525830,CH1,POWER,2.35
1761304525835,CH1,POWER,2.35
1761304525840,CH1,POWER,2.35
1761304525845,CH1,POWER,2.35
1761304525850,CH1,POWER,2.35
1761304525855,CH1,POWER,2.35
1761304525860,CH1,POWER,2.35
1761304525865,CH1,POWER,2.35
1761304525870,CH1,POWER,2.35
1761304525875,CH1,POWER,2.35
1761304525880,CH1,POWER,2.35
1761304525885,CH1,POWER,2.35
1761304525890,CH1,POWER,2.35
1761304525895,CH1,POWER,2.35
1761304525900,CH1,POWER,2.35
1761304525905,CH1,POWER,2.35
1761304525910,CH1,POWER,2.35
1761304525915,CH1,POWER,2.35
1761304525920,CH1,POWER,2.35
1761304525925,CH1,POWER,2.35
1761304525929,CH1,POWER,2.35
1761304525936,CH1,POWER,2.35
1761304525942,CH1,POWER,2.35
1761304525946,CH1,POWER,2.35
1761304525952,CH1,POWER,2.35
1761304525956,CH1,POWER,2.35
1761304525962,CH1,POWER,2.35
1761304525967,CH1,POWER,2.35
1761304525974,CH1,POWER,2.35
1761304525979,CH1,POWER,2.35
1761304525986,CH1,POWER,2.35
1761304525992,CH1,POWER,2.35
1761304525996,CH1,POWER,2.35
1761304526002,CH1,POWER,2.35
1761304526007,CH1,POWER,2.35
1761304526012,CH1,POWER,2.35
1761304526015,CH1,POWER,2.35
1761304526018,CH1,POWER,2.35
1761304526045,CH1,POWER,2.35
1761304526050,CH1,POWER,2.35
1761304526055,CH1,POWER,2.35
1761304526060,CH1,POWER,2.35
1761304526065,CH1,POWER,2.35
1761304526070,CH1,POWER,2.35
1761304526075,CH1,POWER,2.35
1761304526080,CH1,POWER,2.35
1761304526085,CH1,POWER,2.35
1761304526090,CH1,POWER,2.35
1761304526095,CH1,POWER,2.35
1761304526101,CH1,POWER,2.35
1761304526108,CH1,POWER,2.35
1761304526114,CH1,POWER,2.35
1761304526118,CH1,POWER,2.35
1761304526124,CH1,POWER,2.35
1761304526128,CH1,POWER,2.35
1761304526134,CH1,POWER,2.35
1761304526139,CH1,POWER,2.35
1761304526146,CH1,POWER,2.35
1761304526151,CH1,POWER,2.35
1761304526158,CH1,POWER,2.35
1761304526164,CH1,POWER,2.35
1761304526170,CH1,POWER,2.35
1761304526175,CH1,POWER,2.35
1761304526180,CH1,POWER,2.35
1761304526185,CH1,POWER,2.35
1761304526190,CH1,POWER,2.35
1761304526195,CH1,POWER,2.35
1761304526200,CH1,POWER,2.35
1761304526205,CH1,POWER,2.35
1761304526210,CH1,POWER,2.35
1761304526215,CH1,POWER,2.35
1761304526220,CH1,POWER,2.35
1761304526225,CH1,POWER,2.35
1761304526230,CH1,POWER,2.35
1761304526235,CH1,POWER,2.35
1761304526240,CH1,POWER,2.35
1761304526245,CH1,POWER,2.35
1761304526250,CH1,POWER,2.35
1761304526255,CH1,POWER,2.35
1761304526260,CH1,POWER,2.35
1761304526265,CH1,POWER,2.35
1761304526270,CH1,POWER,2.35
1761304526275,CH1,POWER,2.35
1761304526280,CH1,POWER,2.35
1761304526285,CH1,POWER,2.35
1761304526290,CH1,POWER,2.35
1761304526295,CH1,POWER,2.35
1761304526301,CH1,POWER,2.35
1761304526307,CH1,POWER,2.35
1761304526311,CH1,POWER,2.35
1761304526317,CH1,POWER,2.35
1761304526324,CH1,POWER,2.35
1761304526328,CH1,POWER,2.35
1761304526336,CH1,POWER,2.35
1761304526341,CH1,POWER,2.35
1761304526347,CH1,POWER,2.35
1761304526354,CH1,POWER,2.35
1761304526358,CH1,POWER,2.35
1761304526364,CH1,POWER,2.35
1761304526368,CH1,POWER,2.35
1761304526374,CH1,POWER,2.35
1761304526378,CH1,POWER,2.35
1761304526384,CH1,POWER,2.35
1761304526388,CH1,POWER,2.35
1761304526394,CH1,POWER,2.35
1761304526398,CH1,POWER,2.35
1761304526404,CH1,POWER,2.35
1761304526408,CH1,POWER,2.35
1761304526414,CH1,POWER,2.35
1761304526417,CH1,POWER,2.35
1761304526420,CH1,POWER,2.35
1761304526423,CH1,POWER,2.35
1761304526450,CH1,POWER,2.35
1761304526456,CH1,POWER,2.35
1761304526460,CH1,POWER,2.35
1761304526466,CH1,POWER,2.35
1761304526470,CH1,POWER,2.35
1761304526476,CH1,POWER,2.35
1761304526480,CH1,POWER,2.35
1761304526486,CH1,POWER,2.35
1761304526490,CH1,POWER,2.35
1761304526496,CH1,POWER,2.35
1761304526500,CH1,POWER,2.35
1761304526506,CH1,POWER,2.35
1761304526510,CH1,POWER,2.35
1761304526516,CH1,POWER,2.35
1761304526520,CH1,POWER,2.35
1761304526526,CH1,POWER,2.35
1761304526530,CH1,POWER,2.35
1761304526536,CH1,POWER,2.35
1761304526540,CH1,POWER,2.35
1761304526546,CH1,POWER,2.35
1761304526550,CH1,POWER,2.35
1761304526556,CH1,POWER,2.35
1761304526560,CH1,POWER,2.35
1761304526566,CH1,POWER,2.35
1761304526570,CH1,POWER,2.35
1761304526576,CH1,POWER,2.35
1761304526580,CH1,POWER,2.35
1761304526586,CH1,POWER,2.35
1761304526590,CH1,POWER,2.35
1761304526596,CH1,POWER,2.35
1761304526600,CH1,POWER,2.35
1761304526606,CH1,POWER,2.35
1761304526610,CH1,POWER,2.35
1761304526616,CH1,POWER,2.35
1761304526620,CH1,POWER,2.35
1761304526626,CH1,POWER,2.35
1761304526630,CH1,POWER,2.35
1761304526636,CH1,POWER,2.35
1761304526642,CH1,POWER,2.35
1761304526647,CH1,POWER,2.35
1761304526652,CH1,POWER,2.35
1761304526657,CH1,POWER,2.35
1761304526662,CH1,POWER,2.35
1761304526667,CH1,POWER,2.35
1761304526672,CH1,POWER,2.35
1761304526677,CH1,POWER,2.35
1761304526682,CH1,POWER,2.35
1761304526687,CH1,POWER,2.35
1761304526692,CH1,POWER,2.35
1761304526697,CH1,POWER,2.35
1761304526702,CH1,POWER,2.35
1761304526707,CH1,POWER,2.35
1761304526712,CH1,POWER,2.35
1761304526718,CH1,POWER,2.35
1761304526722,CH1,POWER,2.35
1761304526727,CH1,POWER,2.35
1761304526732,CH1,POWER,2.35
1761304526737,CH1,POWER,2.35
1761304526742,CH1,POWER,2.35
1761304526747,CH1,POWER,2.35
1761304526752,CH1,POWER,2.35
1761304526757,CH1,POWER,2.35
1761304526762,CH1,POWER,2.35
1761304526767,CH1,POWER,2.35
1761304526772,CH1,POWER,2.35
1761304526777,CH1,POWER,2.35
1761304526782,CH1,POWER,2.35
1761304526787,CH1,POWER,2.35
1761304526792,CH1,POWER,2.35
1761304526797,CH1,POWER,2.35
1761304526802,CH1,POWER,2.35
1761304526807,CH1,POWER,2.35
1761304526812,CH1,POWER,2.35
1761304526817,CH1,POWER,2.35
1761304526822,CH1,POWER,2.35
1761304526825,CH1,POWER,2.35
1761304526852,CH1,POWER,2.35
1761304526858,CH1,POWER,2.35
1761304526862,CH1,POWER,2.35
1761304526868,CH1,POWER,2.35
1761304526873,CH1,POWER,2.35
1761304526880,CH1,POWER,2.35
1761304526885,CH1,POWER,2.35
1761304526892,CH1,POWER,2.35
1761304526898,CH1,POWER,2.35
1761304526902,CH1,POWER,2.35
1761304526908,CH1,POWER,2.35
1761304526912,CH1,POWER,2.35
1761304526918,CH1,POWER,2.35
1761304526922,CH1,POWER,2.35
1761304526928,CH1,POWER,2.35
1761304526932,CH1,POWER,2.35
1761304526938,CH1,POWER,2.35
1761304526944,CH1,POWER,2.35
1761304526950,CH1,POWER,2.35
1761304526955,CH1,POWER,2.35
1761304526962,CH1,POWER,2.35
1761304526968,CH1,POWER,2.35
1761304526973,CH1,POWER,2.35
1761304526980,CH1,POWER,2.35
1761304526985,CH1,POWER,2.35
1761304526992,CH1,POWER,2.35
1761304526998,CH1,POWER,2.35
1761304527002,CH1,POWER,2.35
1761304527008,CH1,POWER,2.35
1761304527013,CH1,POWER,2.35
1761304527020,CH1,POWER,2.35
1761304527025,CH1,POWER,2.35
1761304527032,CH1,POWER,2.35
1761304527038,CH1,POWER,2.35
1761304527042,CH1,POWER,2.35
1761304527048,CH1,POWER,2.35
1761304527052,CH1,POWER,2.35
1761304527058,CH1,POWER,2.35
1761304527062,CH1,POWER,2.35
1761304527068,CH1,POWER,2.35
1761304527073,CH1,POWER,2.35
1761304527080,CH1,POWER,2.35
1761304527085,CH1,POWER,2.35
1761304527093,CH1,POWER,2.35
1761304527098,CH1,POWER,2.35
1761304527102,CH1,POWER,2.35
1761304527108,CH1,POWER,2.35
1761304527112,CH1,POWER,2.35
1761304527118,CH1,POWER,2.35
1761304527124,CH1,POWER,2.35
1761304527129,CH1,POWER,2.35
1761304527134,CH1,POWER,2.35
1761304527139,CH1,POWER,2.35
1761304527144,CH1,POWER,2.35
1761304527149,CH1,POWER,2.35
1761304527154,CH1,POWER,2.35
1761304527160,CH1,POWER,2.35
1761304527166,CH1,POWER,2.35
1761304527171,CH1,POWER,2.35
1761304527176,CH1,POWER,2.35
1761304527181,CH1,POWER,2.35
1761304527186,CH1,POWER,2.35
1761304527191,CH1,POWER,2.35
1761304527196,CH1,POWER,2.35
1761304527201,CH1,POWER,2.35
1761304527206,CH1,POWER,2.35
1761304527211,CH1,POWER,2.35
1761304527214,CH1,POWER,2.35
1761304527217,CH1,POWER,2.35
1761304527244,CH1,POWER,2.35
1761304527250,CH1,POWER,2.35
1761304527254,CH1,POWER,2.35
1761304527260,CH1,POWER,2.35
1761304527264,CH1,POWER,2.35
1761304527270,CH1,POWER,2.35
1761304527274,CH1,POWER,2.35
1761304527280,CH1,POWER,2.35
1761304527286,CH1,POWER,2.35
1761304527291,CH1,POWER,2.35
1761304527296,CH1,POWER,2.35
1761304527301,CH1,POWER,2.35
1761304527306,CH1,POWER,2.35
1761304527311,CH1,POWER,2.35
1761304527316,CH1,POWER,2.35
1761304527321,CH1,POWER,2.35
1761304527326,CH1,POWER,2.35
1761304527331,CH1,POWER,2.35
1761304527336,CH1,POWER,2.35
1761304527341,CH1,POWER,2.35
1761304527346,CH1,POWER,2.35
1761304527351,CH1,POWER,2.35
1761304527357,CH1,POWER,2.35
1761304527361,CH1,POWER,2.35
1761304527366,CH1,POWER,2.35
1761304527371,CH1,POWER,2.35
1761304527376,CH1,POWER,2.35
1761304527381,CH1,POWER,2.35
1761304527386,CH1,POWER,2.35
1761304527391,CH1,POWER,2.35
1761304527396,CH1,POWER,2.35
1761304527401,CH1,POWER,2.35
1761304527406,CH1,POWER,2.35
1761304527411,CH1,POWER,2.35
1761304527416,CH1,POWER,2.35
1761304527421,CH1,POWER,2.35
1761304527426,CH1,POWER,2.35
1761304527431,CH1,POWER,2.35
1761304527436,CH1,POWER,2.35
1761304527441,CH1,POWER,2.35
1761304527446,CH1,POWER,2.35
1761304527451,CH1,POWER,2.35
1761304527456,CH1,POWER,2.35
1761304527461,CH1,POWER,2.35
1761304527466,CH1,POWER,2.35
1761304527471,CH1,POWER,2.35
1761304527476,CH1,POWER,2.35
1761304527481,CH1,POWER,2.35
1761304527486,CH1,POWER,2.35
1761304527491,CH1,POWER,2.35
1761304527496,CH1,POWER,2.35
1761304527501,CH1,POWER,2.35
1761304527506,CH1,POWER,2.35
1761304527511,CH1,POWER,2.35
1761304527516,CH1,POWER,2.35
1761304527521,CH1,POWER,2.35
1761304527526,CH1,POWER,2.35
1761304527531,CH1,POWER,2.35
1761304527536,CH1,POWER,2.35
1761304527541,CH1,POWER,2.35
1761304527546,CH1,POWER,2.35
1761304527551,CH1,POWER,2.35
1761304527556,CH1,POWER,2.35
1761304527561,CH1,POWER,2.35
1761304527566,CH1,POWER,2.35
1761304527571,CH1,POWER,2.35
1761304527576,CH1,POWER,2.35
1761304527581,CH1,POWER,2.35
1761304527586,CH1,POWER,2.35
1761304527591,CH1,POWER,2.35
1761304527596,CH1,POWER,2.35
1761304527601,CH1,POWER,2.35
1761304527606,CH1,POWER,2.35
1761304527611,CH1,POWER,2.35
1761304527616,CH1,POWER,2.35
1761304527619,CH1,POWER,2.35
1761304527646,CH1,POWER,2.35
1761304527652,CH1,POWER,2.35
1761304527657,CH1,POWER,2.35
1761304527664,CH1,POWER,2.35
1761304527669,CH1,POWER,2.35
1761304527676,CH1,POWER,2.35
1761304527682,CH1,POWER,2.35
1761304527686,CH1,POWER,2.35
1761304527692,CH1,POWER,2.35
1761304527697,CH1,POWER,2.35
1761304527704,CH1,POWER,2.35
1761304527709,CH1,POWER,2.35
1761304527716,CH1,POWER,2.35
1761304527722,CH1,POWER,2.35
1761304527728,CH1,POWER,2.35
1761304527733,CH1,POWER,2.35
1761304527738,CH1,POWER,2.35
1761304527743,CH1,POWER,2.35
1761304527748,CH1,POWER,2.35
1761304527753,CH1,POWER,2.35
1761304527758,CH1,POWER,2.35
1761304527763,CH1,POWER,2.35
1761304527768,CH1,POWER,2.35
1761304527773,CH1,POWER,2.35
1761304527778,CH1,POWER,2.35
1761304527783,CH1,POWER,2.35
1761304527788,CH1,POWER,2.35
1761304527793,CH1,POWER,2.35
1761304527798,CH1,POWER,2.35
1761304527803,CH1,POWER,2.35
1761304527808,CH1,POWER,2.35
1761304527813,CH1,POWER,2.35
1761304527818,CH1,POWER,2.35
1761304527823,CH1,POWER,2.35
1761304527828,CH1,POWER,2.35
1761304527833,CH1,POWER,2.35
1761304527838,CH1,POWER,2.35
1761304527844,CH1,POWER,2.35
1761304527848,CH1,POWER,2.35
1761304527853,CH1,POWER,2.35
1761304527858,CH1,POWER,2.35
1761304527863,CH1,POWER,2.35
1761304527868,CH1,POWER,2.35
1761304527873,CH1,POWER,2.35
1761304527879,CH1,POWER,2.35
1761304527886,CH1,POWER,2.35
1761304527892,CH1,POWER,2.35
1761304527896,CH1,POWER,2.35
1761304527904,CH1,POWER,2.35
1761304527910,CH1,POWER,2.35
1761304527916,CH1,POWER,2.35
1761304527924,CH1,POWER,2.35
1761304527930,CH1,POWER,2.35
1761304527935,CH1,POWER,2.35
1761304527940,CH1,POWER,2.35
1761304527946,CH1,POWER,2.35
1761304527954,CH1,POWER,2.35
1761304527959,CH1,POWER,2.35
1761304527965,CH1,POWER,2.35
1761304527970,CH1,POWER,2.35
1761304527976,CH1,POWER,2.35
1761304527980,CH1,POWER,2.35
1761304527986,CH1,POWER,2.35
1761304527991,CH1,POWER,2.35
1761304527996,CH1,POWER,2.35
1761304528001,CH1,POWER,2.35
1761304528006,CH1,POWER,2.35
1761304528008,CH1,POWER,2.35
1761304528034,CH1,POWER,2.35
1761304528039,CH1,POWER,2.35
1761304528043,CH1,POWER,2.35
1761304528048,CH1,POWER,2.35
1761304528054,CH1,POWER,2.35
1761304528058,CH1,POWER,2.35
1761304528064,CH1,POWER,2.35
1761304528068,CH1,POWER,2.35
1761304528074,CH1,POWER,2.35
1761304528079,CH1,POWER,2.35
1761304528086,CH1,POWER,2.35
1761304528091,CH1,POWER,2.35
1761304528098,CH1,POWER,2.35
1761304528104,CH1,POWER,2.35
1761304528108,CH1,POWER,2.35
1761304528114,CH1,POWER,2.35
1761304528120,CH1,POWER,2.35
1761304528125,CH1,POWER,2.35
1761304528130,CH1,POWER,2.35
1761304528135,CH1,POWER,2.35
1761304528140,CH1,POWER,2.35
1761304528145,CH1,POWER,2.35
1761304528150,CH1,POWER,2.35
1761304528155,CH1,POWER,2.35
1761304528160,CH1,POWER,2.35
1761304528165,CH1,POWER,2.35
1761304528170,CH1,POWER,2.35
1761304528175,CH1,POWER,2.35
1761304528180,CH1,POWER,2.35
1761304528185,CH1,POWER,2.35
1761304528190,CH1,POWER,2.35
1761304528195,CH1,POWER,2.35
1761304528200,CH1,POWER,2.35
1761304528205,CH1,POWER,2.35
1761304528210,CH1,POWER,2.35
1761304528215,CH1,POWER,2.35
1761304528220,CH1,POWER,2.35
1761304528225,CH1,POWER,2.35
1761304528230,CH1,POWER,2.35
1761304528235,CH1,POWER,2.35
1761304528240,CH1,POWER,2.35
1761304528245,CH1,POWER,2.35
1761304528250,CH1,POWER,2.35
1761304528255,CH1,POWER,2.35
1761304528260,CH1,POWER,2.35
1761304528265,CH1,POWER,2.35
1761304528270,CH1,POWER,2.35
1761304528275,CH1,POWER,2.35
1761304528280,CH1,POWER,2.35
1761304528285,CH1,POWER,2.35
1761304528290,CH1,POWER,2.35
1761304528295,CH1,POWER,2.35
1761304528300,CH1,POWER,2.35
1761304528305,CH1,POWER,2.35
1761304528310,CH1,POWER,2.35
1761304528315,CH1,POWER,2.35
1761304528320,CH1,POWER,2.35
1761304528325,CH1,POWER,2.35
1761304528330,CH1,POWER,2.35
1761304528335,CH1,POWER,2.35
1761304528340,CH1,POWER,2.35
1761304528345,CH1,POWER,2.35
1761304528350,CH1,POWER,2.35
1761304528355,CH1,POWER,2.35
1761304528360,CH1,POWER,2.35
1761304528365,CH1,POWER,2.35
1761304528370,CH1,POWER,2.35
1761304528375,CH1,POWER,2.35
1761304528380,CH1,POWER,2.35
1761304528385,CH1,POWER,2.35
1761304528390,CH1,POWER,2.35
1761304528395,CH1,POWER,2.35
1761304528400,CH1,POWER,2.35
1761304528405,CH1,POWER,2.35
1761304528408,CH1,POWER,2.35
1761304528411,CH1,POWER,2.35
1761304528437,CH1,POWER,2.35
1761304528443,CH1,POWER,2.35
1761304528449,CH1,POWER,2.35
1761304528453,CH1,POWER,2.35
1761304528459,CH1,POWER,2.35
1761304528464,CH1,POWER,2.35
1761304528470,CH1,POWER,2.35
1761304528478,CH1,POWER,2.35
1761304528483,CH1,POWER,2.35
1761304528490,CH1,POWER,2.35
1761304528498,CH1,POWER,2.35
1761304528503,CH1,POWER,2.35
1761304528510,CH1,POWER,2.35
1761304528516,CH1,POWER,2.35
1761304528521,CH1,POWER,2.35
1761304528528,CH1,POWER,2.35
1761304528533,CH1,POWER,2.35
1761304528540,CH1,POWER,2.35
1761304528546,CH1,POWER,2.35
1761304528552,CH1,POWER,2.35
1761304528557,CH1,POWER,2.35
1761304528562,CH1,POWER,2.35
1761304528567,CH1,POWER,2.35
1761304528572,CH1,POWER,2.35
1761304528577,CH1,POWER,2.35
1761304528582,CH1,POWER,2.35
1761304528587,CH1,POWER,2.35
1761304528592,CH1,POWER,2.35
1761304528597,CH1,POWER,2.35
1761304528602,CH1,POWER,2.35
1761304528607,CH1,POWER,2.35
1761304528612,CH1,POWER,2.35
1761304528617,CH1,POWER,2.35
1761304528622,CH1,POWER,2.35
1761304528627,CH1,POWER,2.35
1761304528632,CH1,POWER,2.35
1761304528637,CH1,POWER,2.35
1761304528642,CH1,POWER,2.35
1761304528647,CH1,POWER,2.35
1761304528652,CH1,POWER,2.35
1761304528657,CH1,POWER,2.35
1761304528662,CH1,POWER,2.35
1761304528667,CH1,POWER,2.35
1761304528672,CH1,POWER,2.35
1761304528677,CH1,POWER,2.35
1761304528682,CH1,POWER,2.35
1761304528687,CH1,POWER,2.35
1761304528692,CH1,POWER,2.35
1761304528697,CH1,POWER,2.35
1761304528702,CH1,POWER,2.35
1761304528707,CH1,POWER,2.35
1761304528712,CH1,POWER,2.35
1761304528717,CH1,POWER,2.35
1761304528722,CH1,POWER,2.35
1761304528727,CH1,POWER,2.35
1761304528732,CH1,POWER,2.35
1761304528737,CH1,POWER,2.35
1761304528742,CH1,POWER,2.35
1761304528747,CH1,POWER,2.35
1761304528752,CH1,POWER,2.35
1761304528757,CH1,POWER,2.35
1761304528762,CH1,POWER,2.35
1761304528767,CH1,POWER,2.35
1761304528772,CH1,POWER,2.35
1761304528777,CH1,POWER,2.35
1761304528782,CH1,POWER,2.35
1761304528787,CH1,POWER,2.35
1761304528792,CH1,POWER,2.35
1761304528797,CH1,POWER,2.35
1761304528802,CH1,POWER,2.35
1761304528807,CH1,POWER,2.35
1761304528810,CH1,POWER,2.35
1761304528813,CH1,POWER,2.35
1761304528839,CH1,POWER,2.35
1761304528844,CH1,POWER,2.35
1761304528849,CH1,POWER,2.35
1761304528854,CH1,POWER,2.35
1761304528859,CH1,POWER,2.35
1761304528864,CH1,POWER,2.35
1761304528869,CH1,POWER,2.35
1761304528874,CH1,POWER,2.35
1761304528879,CH1,POWER,2.35
1761304528884,CH1,POWER,2.35
1761304528889,CH1,POWER,2.35
1761304528894,CH1,POWER,2.35
1761304528899,CH1,POWER,2.35
1761304528904,CH1,POWER,2.35
1761304528909,CH1,POWER,2.35
1761304528914,CH1,POWER,2.35
1761304528919,CH1,POWER,2.35
1761304528924,CH1,POWER,2.35
1761304528929,CH1,POWER,2.35
1761304528934,CH1,POWER,2.35
1761304528942,CH1,POWER,2.35
1761304528948,CH1,POWER,2.35
1761304528952,CH1,POWER,2.35
1761304528957,CH1,POWER,2.35
1761304528962,CH1,POWER,2.35
1761304528968,CH1,POWER,2.35
1761304528973,CH1,POWER,2.35
1761304528980,CH1,POWER,2.35
1761304528985,CH1,POWER,2.35
1761304528992,CH1,POWER,2.35
1761304528998,CH1,POWER,2.35
1761304529002,CH1,POWER,2.35
1761304529008,CH1,POWER,2.35
1761304529012,CH1,POWER,2.35
1761304529018,CH1,POWER,2.35
1761304529022,CH1,POWER,2.35
1761304529028,CH1,POWER,2.35
1761304529032,CH1,POWER,2.35
1761304529038,CH1,POWER,2.35
1761304529042,CH1,POWER,2.35
1761304529048,CH1,POWER,2.35
1761304529052,CH1,POWER,2.35
1761304529058,CH1,POWER,2.35
1761304529062,CH1,POWER,2.35
1761304529067,CH1,POWER,2.35
1761304529072,CH1,POWER,2.35
1761304529078,CH1,POWER,2.35
1761304529084,CH1,POWER,2.35
1761304529089,CH1,POWER,2.35
1761304529094,CH1,POWER,2.35
1761304529099,CH1,POWER,2.35
1761304529104,CH1,POWER,2.35
1761304529109,CH1,POWER,2.35
1761304529114,CH1,POWER,2.35
1761304529119,CH1,POWER,2.35
1761304529124,CH1,POWER,2.35
1761304529129,CH1,POWER,2.35
1761304529134,CH1,POWER,2.35
1761304529139,CH1,POWER,2.35
1761304529144,CH1,POWER,2.35
1761304529149,CH1,POWER,2.35
1761304529154,CH1,POWER,2.35
1761304529160,CH1,POWER,2.35
1761304529164,CH1,POWER,2.35
1761304529169,CH1,POWER,2.35
1761304529174,CH1,POWER,2.35
1761304529179,CH1,POWER,2.35
1761304529184,CH1,POWER,2.35
1761304529189,CH1,POWER,2.35
1761304529194,CH1,POWER,2.35
1761304529199,CH1,POWER,2.35
1761304529204,CH1,POWER,2.35
1761304529209,CH1,POWER,2.35
1761304529211,CH1,POWER,2.35
1761304529214,CH1,POWER,2.35
1761304529241,CH1,POWER,2.35
1761304529246,CH1,POWER,2.35
1761304529251,CH1,POWER,2.35
1761304529256,CH1,POWER,2.35
1761304529261,CH1,POWER,2.35
1761304529266,CH1,POWER,2.35
1761304529271,CH1,POWER,2.35
1761304529276,CH1,POWER,2.35
1761304529281,CH1,POWER,2.35
1761304529286,CH1,POWER,2.35
1761304529291,CH1,POWER,2.35
1761304529296,CH1,POWER,2.35
1761304529301,CH1,POWER,2.35
1761304529306,CH1,POWER,2.35
1761304529311,CH1,POWER,2.35
1761304529316,CH1,POWER,2.35
1761304529321,CH1,POWER,2.35
1761304529326,CH1,POWER,2.35
1761304529331,CH1,POWER,2.35
1761304529336,CH1,POWER,2.35
1761304529341,CH1,POWER,2.35
1761304529346,CH1,POWER,2.35
1761304529351,CH1,POWER,2.35
1761304529356,CH1,POWER,2.35
1761304529361,CH1,POWER,2.35
1761304529366,CH1,POWER,2.35
1761304529371,CH1,POWER,2.35
1761304529376,CH1,POWER,2.35
1761304529381,CH1,POWER,2.35
1761304529386,CH1,POWER,2.35
1761304529391,CH1,POWER,2.35
1761304529396,CH1,POWER,2.35
1761304529401,CH1,POWER,2.35
1761304529406,CH1,POWER,2.35
1761304529411,CH1,POWER,2.35
1761304529416,CH1,POWER,2.35
1761304529421,CH1,POWER,2.35
1761304529426,CH1,POWER,2.35
1761304529431,CH1,POWER,2.35
1761304529436,CH1,POWER,2.35
1761304529441,CH1,POWER,2.35
1761304529446,CH1,POWER,2.35
1761304529451,CH1,POWER,2.35
1761304529456,CH1,POWER,2.35
1761304529461,CH1,POWER,2.35
1761304529466,CH1,POWER,2.35
1761304529471,CH1,POWER,2.35
1761304529476,CH1,POWER,2.35
1761304529481,CH1,POWER,2.35
1761304529486,CH1,POWER,2.35
1761304529491,CH1,POWER,2.35
1761304529496,CH1,POWER,2.35
1761304529501,CH1,POWER,2.35
1761304529506,CH1,POWER,2.35
1761304529511,CH1,POWER,2.35
1761304529516,CH1,POWER,2.35
1761304529521,CH1,POWER,2.35
1761304529526,CH1,POWER,2.35
1761304529531,CH1,POWER,2.35
1761304529536,CH1,POWER,2.35
1761304529541,CH1,POWER,2.35
1761304529546,CH1,POWER,2.35
1761304529551,CH1,POWER,2.35
1761304529556,CH1,POWER,2.35
1761304529561,CH1,POWER,2.35
1761304529566,CH1,POWER,2.35
1761304529571,CH1,POWER,2.35
1761304529577,CH1,POWER,2.35
1761304529584,CH1,POWER,2.35
1761304529590,CH1,POWER,2.35
1761304529594,CH1,POWER,2.35
1761304529600,CH1,POWER,2.35
1761304529604,CH1,POWER,2.35
1761304529610,CH1,POWER,2.35
1761304529614,CH1,POWER,2.35
1761304529617,CH1,POWER,2.35
1761304529645,CH1,POWER,2.35
1761304529650,CH1,POWER,2.35
1761304529655,CH1,POWER,2.35
1761304529660,CH1,POWER,2.35
1761304529665,CH1,POWER,2.35
1761304529670,CH1,POWER,2.35
1761304529675,CH1,POWER,2.35
1761304529680,CH1,POWER,2.35
1761304529685,CH1,POWER,2.35
1761304529690,CH1,POWER,2.35
1761304529695,CH1,POWER,2.35
1761304529700,CH1,POWER,2.35
1761304529705,CH1,POWER,2.35
1761304529710,CH1,POWER,2.35
1761304529715,CH1,POWER,2.35
1761304529720,CH1,POWER,2.35
1761304529725,CH1,POWER,2.35
1761304529730,CH1,POWER,2.35
1761304529735,CH1,POWER,2.35
1761304529740,CH1,POWER,2.35
1761304529745,CH1,POWER,2.35
1761304529750,CH1,POWER,2.35
1761304529755,CH1,POWER,2.35
1761304529760,CH1,POWER,2.35
1761304529765,CH1,POWER,2.35
1761304529770,CH1,POWER,2.35
1761304529775,CH1,POWER,2.35
1761304529780,CH1,POWER,2.35
1761304529785,CH1,POWER,2.35
1761304529790,CH1,POWER,2.35
1761304529795,CH1,POWER,2.35
1761304529800,CH1,POWER,2.35
1761304529805,CH1,POWER,2.35
1761304529810,CH1,POWER,2.35
1761304529815,CH1,POWER,2.35
1761304529820,CH1,POWER,2.35
1761304529825,CH1,POWER,2.35
1761304529830,CH1,POWER,2.35
1761304529835,CH1,POWER,2.35
1761304529840,CH1,POWER,2.35
1761304529845,CH1,POWER,2.35
1761304529850,CH1,POWER,2.35
1761304529855,CH1,POWER,2.35
1761304529860,CH1,POWER,2.35
1761304529865,CH1,POWER,2.35
1761304529870,CH1,POWER,2.35
1761304529875,CH1,POWER,2.35
1761304529880,CH1,POWER,2.35
1761304529885,CH1,POWER,2.35
1761304529890,CH1,POWER,2.35
1761304529895,CH1,POWER,2.35
1761304529900,CH1,POWER,2.35
1761304529905,CH1,POWER,2.35
1761304529910,CH1,POWER,2.35
1761304529915,CH1,POWER,2.35
1761304529920,CH1,POWER,2.35
1761304529925,CH1,POWER,2.35
1761304529934,CH1,POWER,2.35
1761304529939,CH1,POWER,2.35
1761304529946,CH1,POWER,2.35
1761304529952,CH1,POWER,2.35
1761304529957,CH1,POWER,2.35
1761304529964,CH1,POWER,2.35
1761304529969,CH1,POWER,2.35
1761304529976,CH1,POWER,2.35
1761304529981,CH1,POWER,2.35
1761304529986,CH1,POWER,2.35
1761304529992,CH1,POWER,2.35
1761304529998,CH1,POWER,2.35
1761304530003,CH1,POWER,2.35
1761304530008,CH1,POWER,2.35
1761304530013,CH1,POWER,2.35
1761304530018,CH1,POWER,2.35
1761304530045,CH1,POWER,2.35
1761304530050,CH1,POWER,2.35
1761304530055,CH1,POWER,2.35
1761304530060,CH1,POWER,2.35
1761304530065,CH1,POWER,2.35
1761304530070,CH1,POWER,2.35
1761304530075,CH1,POWER,2.35
1761304530080,CH1,POWER,2.35
1761304530085,CH1,POWER,2.35
1761304530090,CH1,POWER,2.35
1761304530095,CH1,POWER,2.35
1761304530100,CH1,POWER,2.35
1761304530105,CH1,POWER,2.35
1761304530110,CH1,POWER,2.35
1761304530115,CH1,POWER,2.35
1761304530120,CH1,POWER,2.35
1761304530125,CH1,POWER,2.35
1761304530130,CH1,POWER,2.35
1761304530135,CH1,POWER,2.35
1761304530140,CH1,POWER,2.35
1761304530145,CH1,POWER,2.35
1761304530150,CH1,POWER,2.35
1761304530155,CH1,POWER,2.35
1761304530160,CH1,POWER,2.35
1761304530165,CH1,POWER,2.35
1761304530170,CH1,POWER,2.35
1761304530175,CH1,POWER,2.35
1761304530180,CH1,POWER,2.35
1761304530185,CH1,POWER,2.35
1761304530190,CH1,POWER,2.35
1761304530195,CH1,POWER,2.35
1761304530200,CH1,POWER,2.35
1761304530205,CH1,POWER,2.35
1761304530210,CH1,POWER,2.35
1761304530215,CH1,POWER,2.35
1761304530220,CH1,POWER,2.35
1761304530225,CH1,POWER,2.35
1761304530230,CH1,POWER,2.35
1761304530235,CH1,POWER,2.35
1761304530240,CH1,POWER,2.35
1761304530245,CH1,POWER,2.35
1761304530250,CH1,POWER,2.35
1761304530256,CH1,POWER,2.35
1761304530260,CH1,POWER,2.35
1761304530265,CH1,POWER,2.35
1761304530270,CH1,POWER,2.35
1761304530275,CH1,POWER,2.35
1761304530280,CH1,POWER,2.35
1761304530285,CH1,POWER,2.35
1761304530290,CH1,POWER,2.35
1761304530295,CH1,POWER,2.35
1761304530300,CH1,POWER,2.35
1761304530305,CH1,POWER,2.35
1761304530310,CH1,POWER,2.35
1761304530315,CH1,POWER,2.35
1761304530320,CH1,POWER,2.35
1761304530325,CH1,POWER,2.35
1761304530330,CH1,POWER,2.35
1761304530335,CH1,POWER,2.35
1761304530340,CH1,POWER,2.35
1761304530345,CH1,POWER,2.35
1761304530350,CH1,POWER,2.35
1761304530355,CH1,POWER,2.35
1761304530360,CH1,POWER,2.35
1761304530365,CH1,POWER,2.35
1761304530370,CH1,POWER,2.35
1761304530375,CH1,POWER,2.35
1761304530380,CH1,POWER,2.35
1761304530385,CH1,POWER,2.35
1761304530390,CH1,POWER,2.35
1761304530395,CH1,POWER,2.35
1761304530400,CH1,POWER,2.35
1761304530405,CH1,POWER,2.35
1761304530410,CH1,POWER,2.35
1761304530415,CH1,POWER,2.35
1761304530420,CH1,POWER,2.35
1761304530447,CH1,POWER,2.35
1761304530452,CH1,POWER,2.35
1761304530457,CH1,POWER,2.35
1761304530462,CH1,POWER,2.35
1761304530467,CH1,POWER,2.35
1761304530472,CH1,POWER,2.35
1761304530477,CH1,POWER,2.35
1761304530482,CH1,POWER,2.35
1761304530487,CH1,POWER,2.35
1761304530492,CH1,POWER,2.35
1761304530497,CH1,POWER,2.35
1761304530502,CH1,POWER,2.35
1761304530507,CH1,POWER,2.35
1761304530512,CH1,POWER,2.35
1761304530517,CH1,POWER,2.35
1761304530522,CH1,POWER,2.35
1761304530527,CH1,POWER,2.35
1761304530532,CH1,POWER,2.35
1761304530537,CH1,POWER,2.35
1761304530542,CH1,POWER,2.35
1761304530547,CH1,POWER,2.35
1761304530552,CH1,POWER,2.35
1761304530558,CH1,POWER,2.35
1761304530562,CH1,POWER,2.35
1761304530568,CH1,POWER,2.35
1761304530572,CH1,POWER,2.35
1761304530578,CH1,POWER,2.35
1761304530582,CH1,POWER,2.35
1761304530588,CH1,POWER,2.35
1761304530594,CH1,POWER,2.35
1761304530600,CH1,POWER,2.35
1761304530608,CH1,POWER,2.35
1761304530613,CH1,POWER,2.35
1761304530620,CH1,POWER,2.35
1761304530625,CH1,POWER,2.35
1761304530630,CH1,POWER,2.35
1761304530638,CH1,POWER,2.35
1761304530643,CH1,POWER,2.35
1761304530650,CH1,POWER,2.35
1761304530656,CH1,POWER,2.35
1761304530662,CH1,POWER,2.35
1761304530667,CH1,POWER,2.35
1761304530672,CH1,POWER,2.35
1761304530677,CH1,POWER,2.35
1761304530682,CH1,POWER,2.35
1761304530687,CH1,POWER,2.35
1761304530692,CH1,POWER,2.35
1761304530697,CH1,POWER,2.35
1761304530702,CH1,POWER,2.35
1761304530707,CH1,POWER,2.35
1761304530712,CH1,POWER,2.35
1761304530717,CH1,POWER,2.35
1761304530722,CH1,POWER,2.35
1761304530727,CH1,POWER,2.35
1761304530732,CH1,POWER,2.35
1761304530737,CH1,POWER,2.35
1761304530742,CH1,POWER,2.35
1761304530747,CH1,POWER,2.35
1761304530752,CH1,POWER,2.35
1761304530757,CH1,POWER,2.35
1761304530762,CH1,POWER,2.35
1761304530767,CH1,POWER,2.35
1761304530772,CH1,POWER,2.35
1761304530777,CH1,POWER,2.35
1761304530782,CH1,POWER,2.35
1761304530787,CH1,POWER,2.35
1761304530792,CH1,POWER,2.35
1761304530797,CH1,POWER,2.35
1761304530802,CH1,POWER,2.35
1761304530807,CH1,POWER,2.35
1761304530811,CH1,POWER,2.35
1761304530814,CH1,POWER,2.35
1761304530842,CH1,POWER,2.35
1761304530848,CH1,POWER,2.35
1761304530854,CH1,POWER,2.35
1761304530859,CH1,POWER,2.35
1761304530864,CH1,POWER,2.35
1761304530869,CH1,POWER,2.35
1761304530874,CH1,POWER,2.35
1761304530879,CH1,POWER,2.35
1761304530885,CH1,POWER,2.35
1761304530892,CH1,POWER,2.35
1761304530897,CH1,POWER,2.35
1761304530902,CH1,POWER,2.35
1761304530907,CH1,POWER,2.35
1761304530912,CH1,POWER,2.35
1761304530918,CH1,POWER,2.35
1761304530924,CH1,POWER,2.35
1761304530929,CH1,POWER,2.35
1761304530934,CH1,POWER,2.35
1761304530939,CH1,POWER,2.35
1761304530944,CH1,POWER,2.35
1761304530949,CH1,POWER,2.35
1761304530954,CH1,POWER,2.35
1761304530959,CH1,POWER,2.35
1761304530964,CH1,POWER,2.35
1761304530969,CH1,POWER,2.35
1761304530974,CH1,POWER,2.35
1761304530979,CH1,POWER,2.35
1761304530984,CH1,POWER,2.35
1761304530989,CH1,POWER,2.35
1761304530994,CH1,POWER,2.35
1761304530999,CH1,POWER,2.35
1761304531004,CH1,POWER,2.35
1761304531009,CH1,POWER,2.35
1761304531014,CH1,POWER,2.35
1761304531019,CH1,POWER,2.35
1761304531024,CH1,POWER,2.35
1761304531029,CH1,POWER,2.35
1761304531034,CH1,POWER,2.35
1761304531039,CH1,POWER,2.35
1761304531044,CH1,POWER,2.35
1761304531049,CH1,POWER,2.35
1761304531054,CH1,POWER,2.35
1761304531059,CH1,POWER,2.35
1761304531064,CH1,POWER,2.35
1761304531069,CH1,POWER,2.35
1761304531074,CH1,POWER,2.35
1761304531079,CH1,POWER,2.35
1761304531084,CH1,POWER,2.35
1761304531089,CH1,POWER,2.35
1761304531094,CH1,POWER,2.35
1761304531099,CH1,POWER,2.35
1761304531104,CH1,POWER,2.35
1761304531109,CH1,POWER,2.35
1761304531114,CH1,POWER,2.35
1761304531119,CH1,POWER,2.35
1761304531124,CH1,POWER,2.35
1761304531129,CH1,POWER,2.35
1761304531134,CH1,POWER,2.35
1761304531139,CH1,POWER,2.35
1761304531144,CH1,POWER,2.35
1761304531149,CH1,POWER,2.35
1761304531154,CH1,POWER,2.35
1761304531159,CH1,POWER,2.35
1761304531164,CH1,POWER,2.35
1761304531169,CH1,POWER,2.35
1761304531174,CH1,POWER,2.35
1761304531179,CH1,POWER,2.35
1761304531184,CH1,POWER,2.35
1761304531189,CH1,POWER,2.35
1761304531194,CH1,POWER,2.35
1761304531199,CH1,POWER,2.35
1761304531204,CH1,POWER,2.35
1761304531209,CH1,POWER,2.35
1761304531212,CH1,POWER,2.35
1761304531215,CH1,POWER,2.35
1761304531241,CH1,POWER,2.35
1761304531246,CH1,POWER,2.35
1761304531251,CH1,POWER,2.35
1761304531256,CH1,POWER,2.35
1761304531261,CH1,POWER,2.35
1761304531266,CH1,POWER,2.35
1761304531271,CH1,POWER,2.35
1761304531276,CH1,POWER,2.35
1761304531281,CH1,POWER,2.35
1761304531286,CH1,POWER,2.35
1761304531291,CH1,POWER,2.35
1761304531296,CH1,POWER,2.35
1761304531301,CH1,POWER,2.35
1761304531306,CH1,POWER,2.35
1761304531311,CH1,POWER,2.35
1761304531316,CH1,POWER,2.35
1761304531321,CH1,POWER,2.35
1761304531326,CH1,POWER,2.35
1761304531331,CH1,POWER,2.35
1761304531336,CH1,POWER,2.35
1761304531341,CH1,POWER,2.35
1761304531346,CH1,POWER,2.35
1761304531351,CH1,POWER,2.35
1761304531356,CH1,POWER,2.35
1761304531361,CH1,POWER,2.35
1761304531366,CH1,POWER,2.35
1761304531371,CH1,POWER,2.35
1761304531376,CH1,POWER,2.35
1761304531381,CH1,POWER,2.35
1761304531386,CH1,POWER,2.35
1761304531391,CH1,POWER,2.35
1761304531396,CH1,POWER,2.35
1761304531401,CH1,POWER,2.35
1761304531406,CH1,POWER,2.35
1761304531411,CH1,POWER,2.35
1761304531416,CH1,POWER,2.35
1761304531421,CH1,POWER,2.35
1761304531426,CH1,POWER,2.35
1761304531431,CH1,POWER,2.35
1761304531436,CH1,POWER,2.35
1761304531441,CH1,POWER,2.35
1761304531446,CH1,POWER,2.35
1761304531451,CH1,POWER,2.35
1761304531456,CH1,POWER,2.35
1761304531461,CH1,POWER,2.35
1761304531466,CH1,POWER,2.35
1761304531471,CH1,POWER,2.35
1761304531476,CH1,POWER,2.35
1761304531481,CH1,POWER,2.35
1761304531486,CH1,POWER,2.35
1761304531491,CH1,POWER,2.35
1761304531496,CH1,POWER,2.35
1761304531501,CH1,POWER,2.35
1761304531506,CH1,POWER,2.35
1761304531511,CH1,POWER,2.35
1761304531516,CH1,POWER,2.35
1761304531521,CH1,POWER,2.35
1761304531526,CH1,POWER,2.35
1761304531531,CH1,POWER,2.35
1761304531536,CH1,POWER,2.35
1761304531541,CH1,POWER,2.35
1761304531546,CH1,POWER,2.35
1761304531551,CH1,POWER,2.35
1761304531556,CH1,POWER,2.35
1761304531561,CH1,POWER,2.35
1761304531566,CH1,POWER,2.35
1761304531571,CH1,POWER,2.35
1761304531576,CH1,POWER,2.35
1761304531581,CH1,POWER,2.35
1761304531586,CH1,POWER,2.35
1761304531591,CH1,POWER,2.35
1761304531596,CH1,POWER,2.35
1761304531601,CH1,POWER,2.35
1761304531606,CH1,POWER,2.35
1761304531611,CH1,POWER,2.35
1761304531616,CH1,POWER,2.35
1761304531619,CH1,POWER,2.35
1761304531646,CH1,POWER,2.35
1761304531652,CH1,POWER,2.35
1761304531657,CH1,POWER,2.35
1761304531664,CH1,POWER,2.35
1761304531669,CH1,POWER,2.35
1761304531676,CH1,POWER,2.35
1761304531681,CH1,POWER,2.35
1761304531686,CH1,POWER,2.35
1761304531691,CH1,POWER,2.35
1761304531698,CH1,POWER,2.35
1761304531703,CH1,POWER,2.35
1761304531708,CH1,POWER,2.35
1761304531713,CH1,POWER,2.35
1761304531718,CH1,POWER,2.35
1761304531723,CH1,POWER,2.35
1761304531728,CH1,POWER,2.35
1761304531733,CH1,POWER,2.35
1761304531738,CH1,POWER,2.35
1761304531743,CH1,POWER,2.35
1761304531748,CH1,POWER,2.35
1761304531753,CH1,POWER,2.35
1761304531758,CH1,POWER,2.35
1761304531763,CH1,POWER,2.35
1761304531768,CH1,POWER,2.35
1761304531773,CH1,POWER,2.35
1761304531778,CH1,POWER,2.35
1761304531783,CH1,POWER,2.35
1761304531788,CH1,POWER,2.35
1761304531793,CH1,POWER,2.35
1761304531798,CH1,POWER,2.35
1761304531803,CH1,POWER,2.35
1761304531808,CH1,POWER,2.35
1761304531813,CH1,POWER,2.35
1761304531818,CH1,POWER,2.35
1761304531823,CH1,POWER,2.35
1761304531828,CH1,POWER,2.35
1761304531833,CH1,POWER,2.35
1761304531838,CH1,POWER,2.35
1761304531843,CH1,POWER,2.35
1761304531848,CH1,POWER,2.35
1761304531853,CH1,POWER,2.35
1761304531858,CH1,POWER,2.35
1761304531863,CH1,POWER,2.35
1761304531868,CH1,POWER,2.35
1761304531873,CH1,POWER,2.35
1761304531878,CH1,POWER,2.35
1761304531883,CH1,POWER,2.35
1761304531888,CH1,POWER,2.35
1761304531893,CH1,POWER,2.35
1761304531898,CH1,POWER,2.35
1761304531903,CH1,POWER,2.35
1761304531908,CH1,POWER,2.35
1761304531913,CH1,POWER,2.35
1761304531918,CH1,POWER,2.35
1761304531923,CH1,POWER,2.35
1761304531928,CH1,POWER,2.35
1761304531933,CH1,POWER,2.35
1761304531938,CH1,POWER,2.35
1761304531943,CH1,POWER,2.35
1761304531948,CH1,POWER,2.35
1761304531953,CH1,POWER,2.35
1761304531958,CH1,POWER,2.35
1761304531963,CH1,POWER,2.35
1761304531968,CH1,POWER,2.35
1761304531975,CH1,POWER,2.35
1761304531980,CH1,POWER,2.35
1761304531985,CH1,POWER,2.35
1761304531990,CH1,POWER,2.35
1761304531995,CH1,POWER,2.35
1761304532000,CH1,POWER,2.35
1761304532005,CH1,POWER,2.35
1761304532010,CH1,POWER,2.35
1761304532013,CH1,POWER,2.35
1761304532016,CH1,POWER,2.35
1761304532019,CH1,POWER,2.35
1761304532047,CH1,POWER,2.35
1761304532052,CH1,POWER,2.35
1761304532057,CH1,POWER,2.35
1761304532062,CH1,POWER,2.35
1761304532067,CH1,POWER,2.35
1761304532072,CH1,POWER,2.35
1761304532077,CH1,POWER,2.35
1761304532082,CH1,POWER,2.35
1761304532087,CH1,POWER,2.35
1761304532092,CH1,POWER,2.35
1761304532097,CH1,POWER,2.35
1761304532102,CH1,POWER,2.35
1761304532107,CH1,POWER,2.35
1761304532112,CH1,POWER,2.35
1761304532117,CH1,POWER,2.35
1761304532122,CH1,POWER,2.35
1761304532127,CH1,POWER,2.35
1761304532132,CH1,POWER,2.35
1761304532137,CH1,POWER,2.35
1761304532142,CH1,POWER,2.35
1761304532147,CH1,POWER,2.35
1761304532152,CH1,POWER,2.35
1761304532157,CH1,POWER,2.35
1761304532162,CH1,POWER,2.35
1761304532167,CH1,POWER,2.35
1761304532172,CH1,POWER,2.35
1761304532177,CH1,POWER,2.35
1761304532182,CH1,POWER,2.35
1761304532187,CH1,POWER,2.35
1761304532192,CH1,POWER,2.35
1761304532197,CH1,POWER,2.35
1761304532202,CH1,POWER,2.35
1761304532207,CH1,POWER,2.35
1761304532212,CH1,POWER,2.35
1761304532217,CH1,POWER,2.35
1761304532222,CH1,POWER,2.35
1761304532227,CH1,POWER,2.35
1761304532232,CH1,POWER,2.35
1761304532237,CH1,POWER,2.35
1761304532242,CH1,POWER,2.35
1761304532247,CH1,POWER,2.35
1761304532252,CH1,POWER,2.35
1761304532257,CH1,POWER,2.35
1761304532262,CH1,POWER,2.35
1761304532267,CH1,POWER,2.35
1761304532272,CH1,POWER,2.35
1761304532277,CH1,POWER,2.35
1761304532282,CH1,POWER,2.35
1761304532287,CH1,POWER,2.35
1761304532292,CH1,POWER,2.35
1761304532297,CH1,POWER,2.35
1761304532302,CH1,POWER,2.35
1761304532307,CH1,POWER,2.35
1761304532312,CH1,POWER,2.35
1761304532317,CH1,POWER,2.35
1761304532322,CH1,POWER,2.35
1761304532327,CH1,POWER,2.35
1761304532332,CH1,POWER,2.35
1761304532337,CH1,POWER,2.35
1761304532342,CH1,POWER,2.35
1761304532347,CH1,POWER,2.35
1761304532352,CH1,POWER,2.35
1761304532357,CH1,POWER,2.35
1761304532362,CH1,POWER,2.35
1761304532367,CH1,POWER,2.35
1761304532372,CH1,POWER,2.35
1761304532377,CH1,POWER,2.35
1761304532382,CH1,POWER,2.35
1761304532387,CH1,POWER,2.35
1761304532392,CH1,POWER,2.35
1761304532397,CH1,POWER,2.35
1761304532402,CH1,POWER,2.35
1761304532407,CH1,POWER,2.35
1761304532412,CH1,POWER,2.35
1761304532417,CH1,POWER,2.35
1761304532421,CH1,POWER,2.35
1761304532447,CH1,POWER,2.35
1761304532452,CH1,POWER,2.35
1761304532457,CH1,POWER,2.35
1761304532462,CH1,POWER,2.35
1761304532467,CH1,POWER,2.35
1761304532472,CH1,POWER,2.35
1761304532477,CH1,POWER,2.35
1761304532482,CH1,POWER,2.35
1761304532487,CH1,POWER,2.35
1761304532492,CH1,POWER,2.35
1761304532497,CH1,POWER,2.35
1761304532502,CH1,POWER,2.35
1761304532507,CH1,POWER,2.35
1761304532512,CH1,POWER,2.35
1761304532517,CH1,POWER,2.35
1761304532522,CH1,POWER,2.35
1761304532527,CH1,POWER,2.35
1761304532532,CH1,POWER,2.35
1761304532537,CH1,POWER,2.35
1761304532542,CH1,POWER,2.35
1761304532547,CH1,POWER,2.35
1761304532552,CH1,POWER,2.35
1761304532557,CH1,POWER,2.35
1761304532562,CH1,POWER,2.35
1761304532567,CH1,POWER,2.35
1761304532572,CH1,POWER,2.35
1761304532577,CH1,POWER,2.35
1761304532582,CH1,POWER,2.35
1761304532587,CH1,POWER,2.35
1761304532592,CH1,POWER,2.35
1761304532597,CH1,POWER,2.35
1761304532602,CH1,POWER,2.35
1761304532607,CH1,POWER,2.35
1761304532612,CH1,POWER,2.35
1761304532617,CH1,POWER,2.35
1761304532622,CH1,POWER,2.35
1761304532627,CH1,POWER,2.35
1761304532632,CH1,POWER,2.35
1761304532637,CH1,POWER,2.35
1761304532642,CH1,POWER,2.35
1761304532647,CH1,POWER,2.35
1761304532652,CH1,POWER,2.35
1761304532657,CH1,POWER,2.35
1761304532662,CH1,POWER,2.35
1761304532667,CH1,POWER,2.35
1761304532672,CH1,POWER,2.35
1761304532677,CH1,POWER,2.35
1761304532682,CH1,POWER,2.35
1761304532687,CH1,POWER,2.35
1761304532692,CH1,POWER,2.35
1761304532697,CH1,POWER,2.35
1761304532702,CH1,POWER,2.35
1761304532710,CH1,POWER,2.35
1761304532715,CH1,POWER,2.35
1761304532720,CH1,POWER,2.35
1761304532725,CH1,POWER,2.35
1761304532730,CH1,POWER,2.35
1761304532735,CH1,POWER,2.35
1761304532740,CH1,POWER,2.35
1761304532745,CH1,POWER,2.35
1761304532752,CH1,POWER,2.35
1761304532757,CH1,POWER,2.35
1761304532762,CH1,POWER,2.35
1761304532767,CH1,POWER,2.35
1761304532772,CH1,POWER,2.35
1761304532777,CH1,POWER,2.35
1761304532782,CH1,POWER,2.35
1761304532787,CH1,POWER,2.35
1761304532792,CH1,POWER,2.35
1761304532797,CH1,POWER,2.35
1761304532802,CH1,POWER,2.35
1761304532807,CH1,POWER,2.35
1761304532812,CH1,POWER,2.35
1761304532817,CH1,POWER,2.35
1761304532821,CH1,POWER,2.35
1761304532824,CH1,POWER,2.35
1761304532852,CH1,POWER,2.35
1761304532857,CH1,POWER,2.35
1761304532864,CH1,POWER,2.35
1761304532869,CH1,POWER,2.35
1761304532874,CH1,POWER,2.35
1761304532879,CH1,POWER,2.35
1761304532884,CH1,POWER,2.35
1761304532889,CH1,POWER,2.35
1761304532894,CH1,POWER,2.35
1761304532899,CH1,POWER,2.35
1761304532904,CH1,POWER,2.35
1761304532909,CH1,POWER,2.35
1761304532914,CH1,POWER,2.35
1761304532919,CH1,POWER,2.35
1761304532924,CH1,POWER,2.35
1761304532929,CH1,POWER,2.35
1761304532934,CH1,POWER,2.35
1761304532939,CH1,POWER,2.35
1761304532944,CH1,POWER,2.35
1761304532949,CH1,POWER,2.35
1761304532954,CH1,POWER,2.35
1761304532959,CH1,POWER,2.35
1761304532964,CH1,POWER,2.35
1761304532969,CH1,POWER,2.35
1761304532974,CH1,POWER,2.35
1761304532979,CH1,POWER,2.35
1761304532984,CH1,POWER,2.35
1761304532989,CH1,POWER,2.35
1761304532994,CH1,POWER,2.35
1761304532999,CH1,POWER,2.35
1761304533004,CH1,POWER,2.35
1761304533009,CH1,POWER,2.35
1761304533014,CH1,POWER,2.35
1761304533019,CH1,POWER,2.35
1761304533024,CH1,POWER,2.35
1761304533029,CH1,POWER,2.35
1761304533034,CH1,POWER,2.35
1761304533039,CH1,POWER,2.35
1761304533044,CH1,POWER,2.35
1761304533049,CH1,POWER,2.35
1761304533054,CH1,POWER,2.35
1761304533059,CH1,POWER,2.35
1761304533064,CH1,POWER,2.35
1761304533069,CH1,POWER,2.35
1761304533074,CH1,POWER,2.35
1761304533079,CH1,POWER,2.35
1761304533084,CH1,POWER,2.35
1761304533089,CH1,POWER,2.35
1761304533094,CH1,POWER,2.35
1761304533099,CH1,POWER,2.35
1761304533104,CH1,POWER,2.35
1761304533109,CH1,POWER,2.35
1761304533114,CH1,POWER,2.35
1761304533119,CH1,POWER,2.35
1761304533124,CH1,POWER,2.35
1761304533129,CH1,POWER,2.35
1761304533134,CH1,POWER,2.35
1761304533139,CH1,POWER,2.35
1761304533144,CH1,POWER,2.35
1761304533149,CH1,POWER,2.35
1761304533154,CH1,POWER,2.35
1761304533159,CH1,POWER,2.35
1761304533164,CH1,POWER,2.35
1761304533169,CH1,POWER,2.35
1761304533174,CH1,POWER,2.35
1761304533179,CH1,POWER,2.35
1761304533184,CH1,POWER,2.35
1761304533189,CH1,POWER,2.35
1761304533194,CH1,POWER,2.35
1761304533199,CH1,POWER,2.35
1761304533204,CH1,POWER,2.35
1761304533209,CH1,POWER,2.35
1761304533214,CH1,POWER,2.35
1761304533219,CH1,POWER,2.35
1761304533223,CH1,POWER,2.35
1761304533226,CH1,POWER,2.35
1761304533254,CH1,POWER,2.35
1761304533259,CH1,POWER,2.35
1761304533266,CH1,POWER,2.35
1761304533271,CH1,POWER,2.35
1761304533276,CH1,POWER,2.35
1761304533281,CH1,POWER,2.35
1761304533286,CH1,POWER,2.35
1761304533291,CH1,POWER,2.35
1761304533296,CH1,POWER,2.35
1761304533301,CH1,POWER,2.35
1761304533306,CH1,POWER,2.35
1761304533311,CH1,POWER,2.35
1761304533316,CH1,POWER,2.35
1761304533321,CH1,POWER,2.35
1761304533326,CH1,POWER,2.35
1761304533331,CH1,POWER,2.35
1761304533336,CH1,POWER,2.35
1761304533341,CH1,POWER,2.35
1761304533346,CH1,POWER,2.35
1761304533351,CH1,POWER,2.35
1761304533356,CH1,POWER,2.35
1761304533361,CH1,POWER,2.35
1761304533366,CH1,POWER,2.35
1761304533371,CH1,POWER,2.35
1761304533376,CH1,POWER,2.35
1761304533381,CH1,POWER,2.35
1761304533386,CH1,POWER,2.35
1761304533391,CH1,POWER,2.35
1761304533396,CH1,POWER,2.35
1761304533401,CH1,POWER,2.35
1761304533406,CH1,POWER,2.35
1761304533411,CH1,POWER,2.35
1761304533416,CH1,POWER,2.35
1761304533421,CH1,POWER,2.35
1761304533426,CH1,POWER,2.35
1761304533431,CH1,POWER,2.35
1761304533436,CH1,POWER,2.35
1761304533441,CH1,POWER,2.35
1761304533446,CH1,POWER,2.35
1761304533451,CH1,POWER,2.35
1761304533456,CH1,POWER,2.35
1761304533461,CH1,POWER,2.35
1761304533466,CH1,POWER,2.35
1761304533471,CH1,POWER,2.35
1761304533476,CH1,POWER,2.35
1761304533481,CH1,POWER,2.35
1761304533486,CH1,POWER,2.35
1761304533491,CH1,POWER,2.35
1761304533496,CH1,POWER,2.35
1761304533501,CH1,POWER,2.35
1761304533506,CH1,POWER,2.35
1761304533511,CH1,POWER,2.35
1761304533516,CH1,POWER,2.35
1761304533521,CH1,POWER,2.35
1761304533526,CH1,POWER,2.35
1761304533531,CH1,POWER,2.35
1761304533536,CH1,POWER,2.35
1761304533541,CH1,POWER,2.35
1761304533546,CH1,POWER,2.35
1761304533551,CH1,POWER,2.35
1761304533556,CH1,POWER,2.35
1761304533561,CH1,POWER,2.35
1761304533566,CH1,POWER,2.35
1761304533571,CH1,POWER,2.35
1761304533576,CH1,POWER,2.35
1761304533581,CH1,POWER,2.35
1761304533586,CH1,POWER,2.35
1761304533591,CH1,POWER,2.35
1761304533596,CH1,POWER,2.35
1761304533601,CH1,POWER,2.35
1761304533606,CH1,POWER,2.35
1761304533614,CH1,POWER,2.35
1761304533621,CH1,POWER,2.35
1761304533624,CH1,POWER,2.35
1761304533627,CH1,POWER,2.35
1761304533653,CH1,POWER,2.35
1761304533658,CH1,POWER,2.35
1761304533663,CH1,POWER,2.35
1761304533668,CH1,POWER,2.35
1761304533673,CH1,POWER,2.35
1761304533678,CH1,POWER,2.35
1761304533683,CH1,POWER,2.35
1761304533688,CH1,POWER,2.35
1761304533693,CH1,POWER,2.35
1761304533698,CH1,POWER,2.35
1761304533703,CH1,POWER,2.35
1761304533708,CH1,POWER,2.35
1761304533713,CH1,POWER,2.35
1761304533718,CH1,POWER,2.35
1761304533723,CH1,POWER,2.35
1761304533728,CH1,POWER,2.35
1761304533733,CH1,POWER,2.35
1761304533738,CH1,POWER,2.35
1761304533743,CH1,POWER,2.35
1761304533748,CH1,POWER,2.35
1761304533753,CH1,POWER,2.35
1761304533758,CH1,POWER,2.35
1761304533763,CH1,POWER,2.35
1761304533768,CH1,POWER,2.35
1761304533773,CH1,POWER,2.35
1761304533778,CH1,POWER,2.35
1761304533783,CH1,POWER,2.35
1761304533788,CH1,POWER,2.35
1761304533793,CH1,POWER,2.35
1761304533798,CH1,POWER,2.35
1761304533803,CH1,POWER,2.35
1761304533808,CH1,POWER,2.35
1761304533813,CH1,POWER,2.35
1761304533818,CH1,POWER,2.35
1761304533823,CH1,POWER,2.35
1761304533828,CH1,POWER,2.35
1761304533833,CH1,POWER,2.35
1761304533838,CH1,POWER,2.35
1761304533843,CH1,POWER,2.35
1761304533848,CH1,POWER,2.35
1761304533853,CH1,POWER,2.35
1761304533858,CH1,POWER,2.35
1761304533863,CH1,POWER,2.35
1761304533868,CH1,POWER,2.35
1761304533873,CH1,POWER,2.35
1761304533878,CH1,POWER,2.35
1761304533883,CH1,POWER,2.35
1761304533888,CH1,POWER,2.35
1761304533894,CH1,POWER,2.35
1761304533899,CH1,POWER,2.35
1761304533906,CH1,POWER,2.35
1761304533911,CH1,POWER,2.35
1761304533916,CH1,POWER,2.35
1761304533921,CH1,POWER,2.35
1761304533928,CH1,POWER,2.35
1761304533933,CH1,POWER,2.35
1761304533938,CH1,POWER,2.35
1761304533943,CH1,POWER,2.35
1761304533948,CH1,POWER,2.35
1761304533953,CH1,POWER,2.35
1761304533958,CH1,POWER,2.35
1761304533963,CH1,POWER,2.35
1761304533968,CH1,POWER,2.35
1761304533973,CH1,POWER,2.35
1761304533978,CH1,POWER,2.35
1761304533983,CH1,POWER,2.35
1761304533988,CH1,POWER,2.35
1761304533993,CH1,POWER,2.35
1761304533998,CH1,POWER,2.35
1761304534003,CH1,POWER,2.35
1761304534008,CH1,POWER,2.35
1761304534013,CH1,POWER,2.35
1761304534018,CH1,POWER,2.35
1761304534023,CH1,POWER,2.35
1761304534027,CH1,POWER,2.35
1761304534029,CH1,POWER,2.35
1761304534057,CH1,POWER,2.35
1761304534062,CH1,POWER,2.35
1761304534067,CH1,POWER,2.35
1761304534072,CH1,POWER,2.35
1761304534077,CH1,POWER,2.35
1761304534082,CH1,POWER,2.35
1761304534087,CH1,POWER,2.35
1761304534092,CH1,POWER,2.35
1761304534097,CH1,POWER,2.35
1761304534102,CH1,POWER,2.35
1761304534107,CH1,POWER,2.35
1761304534112,CH1,POWER,2.35
1761304534117,CH1,POWER,2.35
1761304534122,CH1,POWER,2.35
1761304534127,CH1,POWER,2.35
1761304534132,CH1,POWER,2.35
1761304534137,CH1,POWER,2.35
1761304534142,CH1,POWER,2.35
1761304534147,CH1,POWER,2.35
1761304534152,CH1,POWER,2.35
1761304534157,CH1,POWER,2.35
1761304534162,CH1,POWER,2.35
1761304534167,CH1,POWER,2.35
1761304534172,CH1,POWER,2.35
1761304534177,CH1,POWER,2.35
1761304534182,CH1,POWER,2.35
1761304534187,CH1,POWER,2.35
1761304534192,CH1,POWER,2.35
1761304534197,CH1,POWER,2.35
1761304534202,CH1,POWER,2.35
1761304534207,CH1,POWER,2.35
1761304534212,CH1,POWER,2.35
1761304534217,CH1,POWER,2.35
1761304534222,CH1,POWER,2.35
1761304534227,CH1,POWER,2.35
1761304534232,CH1,POWER,2.35
1761304534237,CH1,POWER,2.35
1761304534242,CH1,POWER,2.35
1761304534247,CH1,POWER,2.35
1761304534252,CH1,POWER,2.35
1761304534257,CH1,POWER,2.35
1761304534262,CH1,POWER,2.35
1761304534267,CH1,POWER,2.35
1761304534272,CH1,POWER,2.35
1761304534277,CH1,POWER,2.35
1761304534282,CH1,POWER,2.35
1761304534287,CH1,POWER,2.35
1761304534292,CH1,POWER,2.35
1761304534297,CH1,POWER,2.35
1761304534302,CH1,POWER,2.35
1761304534307,CH1,POWER,2.35
1761304534312,CH1,POWER,2.35
1761304534317,CH1,POWER,2.35
1761304534322,CH1,POWER,2.35
1761304534327,CH1,POWER,2.35
1761304534332,CH1,POWER,2.35
1761304534337,CH1,POWER,2.35
1761304534342,CH1,POWER,2.35
1761304534347,CH1,POWER,2.35
1761304534352,CH1,POWER,2.35
1761304534357,CH1,POWER,2.35
1761304534362,CH1,POWER,2.35
1761304534367,CH1,POWER,2.35
1761304534372,CH1,POWER,2.35
1761304534377,CH1,POWER,2.35
1761304534382,CH1,POWER,2.35
1761304534387,CH1,POWER,2.35
1761304534392,CH1,POWER,2.35
1761304534397,CH1,POWER,2.35
1761304534402,CH1,POWER,2.35
1761304534407,CH1,POWER,2.35
1761304534412,CH1,POWER,2.35
1761304534417,CH1,POWER,2.35
1761304534422,CH1,POWER,2.35
1761304534427,CH1,POWER,2.35
1761304534431,CH1,POWER,2.35
1761304534459,CH1,POWER,2.35
1761304534464,CH1,POWER,2.35
1761304534469,CH1,POWER,2.35
1761304534474,CH1,POWER,2.35
1761304534479,CH1,POWER,2.35
1761304534484,CH1,POWER,2.35
1761304534489,CH1,POWER,2.35
1761304534494,CH1,POWER,2.35
1761304534500,CH1,POWER,2.35
1761304534505,CH1,POWER,2.35
1761304534510,CH1,POWER,2.35
1761304534515,CH1,POWER,2.35
1761304534520,CH1,POWER,2.35
1761304534525,CH1,POWER,2.35
1761304534530,CH1,POWER,2.35
1761304534535,CH1,POWER,2.35
1761304534540,CH1,POWER,2.35
1761304534545,CH1,POWER,2.35
1761304534550,CH1,POWER,2.35
1761304534556,CH1,POWER,2.35
1761304534563,CH1,POWER,2.35
1761304534569,CH1,POWER,2.35
1761304534573,CH1,POWER,2.35
1761304534579,CH1,POWER,2.35
1761304534583,CH1,POWER,2.35
1761304534589,CH1,POWER,2.35
1761304534593,CH1,POWER,2.35
1761304534599,CH1,POWER,2.35
1761304534605,CH1,POWER,2.35
1761304534610,CH1,POWER,2.35
1761304534615,CH1,POWER,2.35
1761304534620,CH1,POWER,2.35
1761304534625,CH1,POWER,2.35
1761304534629,CH1,POWER,2.35
1761304534633,CH1,POWER,2.35
1761304534639,CH1,POWER,2.35
1761304534645,CH1,POWER,2.35
1761304534649,CH1,POWER,2.35
1761304534658,CH1,POWER,2.35
1761304534664,CH1,POWER,2.35
1761304534669,CH1,POWER,2.35
1761304534675,CH1,POWER,2.35
1761304534680,CH1,POWER,2.35
1761304534688,CH1,POWER,2.35
1761304534693,CH1,POWER,2.35
1761304534698,CH1,POWER,2.35
1761304534705,CH1,POWER,2.35
1761304534710,CH1,POWER,2.35
1761304534715,CH1,POWER,2.35
1761304534720,CH1,POWER,2.35
1761304534728,CH1,POWER,2.35
1761304534733,CH1,POWER,2.35
1761304534740,CH1,POWER,2.35
1761304534745,CH1,POWER,2.35
1761304534749,CH1,POWER,2.35
1761304534755,CH1,POWER,2.35
1761304534760,CH1,POWER,2.35
1761304534765,CH1,POWER,2.35
1761304534770,CH1,POWER,2.35
1761304534775,CH1,POWER,2.35
1761304534780,CH1,POWER,2.35
1761304534785,CH1,POWER,2.35
1761304534790,CH1,POWER,2.35
1761304534795,CH1,POWER,2.35
1761304534800,CH1,POWER,2.35
1761304534805,CH1,POWER,2.35
1761304534810,CH1,POWER,2.35
1761304534815,CH1,POWER,2.35
1761304534820,CH1,POWER,2.35
1761304534825,CH1,POWER,2.35
1761304534827,CH1,POWER,2.55
1761304534830,CH1,POWER,2.55
1761304534832,CH1,POWER,2.55
1761304534859,CH1,POWER,2.55
1761304534864,CH1,POWER,2.55
1761304534869,CH1,POWER,2.55
1761304534875,CH1,POWER,2.55
1761304534881,CH1,POWER,2.55
1761304534887,CH1,POWER,2.55
1761304534892,CH1,POWER,2.55
1761304534900,CH1,POWER,2.55
1761304534905,CH1,POWER,2.55
1761304534912,CH1,POWER,2.55
1761304534917,CH1,POWER,2.55
1761304534922,CH1,POWER,2.55
1761304534927,CH1,POWER,2.55
1761304534932,CH1,POWER,2.55
1761304534937,CH1,POWER,2.55
1761304534944,CH1,POWER,2.55
1761304534949,CH1,POWER,2.55
1761304534954,CH1,POWER,2.55
1761304534959,CH1,POWER,2.55
1761304534964,CH1,POWER,2.55
1761304534969,CH1,POWER,2.55
1761304534974,CH1,POWER,2.55
1761304534979,CH1,POWER,2.55
1761304534984,CH1,POWER,2.55
1761304534989,CH1,POWER,2.55
1761304534994,CH1,POWER,2.55
1761304534999,CH1,POWER,2.55
1761304535004,CH1,POWER,2.55
1761304535009,CH1,POWER,2.55
1761304535014,CH1,POWER,2.55
1761304535019,CH1,POWER,2.55
1761304535024,CH1,POWER,2.55
1761304535029,CH1,POWER,2.55
1761304535034,CH1,POWER,2.55
1761304535039,CH1,POWER,2.55
1761304535044,CH1,POWER,2.55
1761304535049,CH1,POWER,2.55
1761304535054,CH1,POWER,2.55
1761304535063,CH1,POWER,2.55
1761304535070,CH1,POWER,2.55
1761304535075,CH1,POWER,2.55
1761304535082,CH1,POWER,2.55
1761304535087,CH1,POWER,2.55
1761304535093,CH1,POWER,2.55
1761304535100,CH1,POWER,2.55
1761304535105,CH1,POWER,2.55
1761304535112,CH1,POWER,2.55
1761304535117,CH1,POWER,2.55
1761304535122,CH1,POWER,2.55
1761304535127,CH1,POWER,2.55
1761304535132,CH1,POWER,2.55
1761304535137,CH1,POWER,2.55
1761304535144,CH1,POWER,2.55
1761304535149,CH1,POWER,2.55
1761304535154,CH1,POWER,2.55
1761304535159,CH1,POWER,2.55
1761304535164,CH1,POWER,2.55
1761304535169,CH1,POWER,2.55
1761304535174,CH1,POWER,2.55
1761304535179,CH1,POWER,2.55
1761304535184,CH1,POWER,2.55
1761304535189,CH1,POWER,2.55
1761304535194,CH1,POWER,2.55
1761304535199,CH1,POWER,2.55
1761304535204,CH1,POWER,2.55
1761304535209,CH1,POWER,2.55
1761304535214,CH1,POWER,2.55
1761304535241,CH1,POWER,2.75
1761304535246,CH1,POWER,2.75
1761304535251,CH1,POWER,2.75
1761304535256,CH1,POWER,2.75
1761304535261,CH1,POWER,2.75
1761304535266,CH1,POWER,2.75
1761304535271,CH1,POWER,2.75
1761304535276,CH1,POWER,2.75
1761304535281,CH1,POWER,2.75
1761304535286,CH1,POWER,2.75
1761304535291,CH1,POWER,2.75
1761304535296,CH1,POWER,2.75
1761304535301,CH1,POWER,2.75
1761304535306,CH1,POWER,2.75
1761304535311,CH1,POWER,2.75
1761304535316,CH1,POWER,2.75
1761304535321,CH1,POWER,2.75
1761304535326,CH1,POWER,2.75
1761304535331,CH1,POWER,2.75
1761304535336,CH1,POWER,2.75
1761304535341,CH1,POWER,2.75
1761304535346,CH1,POWER,2.75
1761304535351,CH1,POWER,2.75
1761304535356,CH1,POWER,2.75
1761304535361,CH1,POWER,2.75
1761304535366,CH1,POWER,2.75
1761304535371,CH1,POWER,2.75
1761304535376,CH1,POWER,2.75
1761304535381,CH1,POWER,2.75
1761304535386,CH1,POWER,2.75
1761304535391,CH1,POWER,2.75
1761304535396,CH1,POWER,2.75
1761304535401,CH1,POWER,2.75
1761304535406,CH1,POWER,2.75
1761304535411,CH1,POWER,2.75
1761304535416,CH1,POWER,2.75
1761304535421,CH1,POWER,2.75
1761304535426,CH1,POWER,2.75
1761304535431,CH1,POWER,2.75
1761304535436,CH1,POWER,2.75
1761304535441,CH1,POWER,2.75
1761304535446,CH1,POWER,2.75
1761304535451,CH1,POWER,2.75
1761304535456,CH1,POWER,2.75
1761304535461,CH1,POWER,2.75
1761304535466,CH1,POWER,2.75
1761304535471,CH1,POWER,2.75
1761304535476,CH1,POWER,2.75
1761304535481,CH1,POWER,2.75
1761304535486,CH1,POWER,2.75
1761304535491,CH1,POWER,2.75
1761304535496,CH1,POWER,2.75
1761304535501,CH1,POWER,2.75
1761304535506,CH1,POWER,2.75
1761304535511,CH1,POWER,2.75
1761304535516,CH1,POWER,2.75
1761304535521,CH1,POWER,2.75
1761304535526,CH1,POWER,2.75
1761304535531,CH1,POWER,2.75
1761304535536,CH1,POWER,2.75
1761304535541,CH1,POWER,2.75
1761304535546,CH1,POWER,2.75
1761304535551,CH1,POWER,2.75
1761304535557,CH1,POWER,2.75
1761304535564,CH1,POWER,2.75
1761304535569,CH1,POWER,2.75
1761304535574,CH1,POWER,2.75
1761304535579,CH1,POWER,2.75
1761304535584,CH1,POWER,2.75
1761304535589,CH1,POWER,2.75
1761304535594,CH1,POWER,2.75
1761304535599,CH1,POWER,2.75
1761304535604,CH1,POWER,2.75
1761304535609,CH1,POWER,2.75
1761304535614,CH1,POWER,2.75
1761304535617,CH1,POWER,2.35
1761304535645,CH1,POWER,2.35
1761304535650,CH1,POWER,2.35
1761304535655,CH1,POWER,2.35
1761304535660,CH1,POWER,2.35
1761304535665,CH1,POWER,2.35
1761304535670,CH1,POWER,2.35
1761304535675,CH1,POWER,2.35
1761304535680,CH1,POWER,2.35
1761304535685,CH1,POWER,2.35
1761304535690,CH1,POWER,2.35
1761304535695,CH1,POWER,2.35
1761304535700,CH1,POWER,2.35
1761304535705,CH1,POWER,2.35
1761304535710,CH1,POWER,2.35
1761304535715,CH1,POWER,2.35
1761304535720,CH1,POWER,2.35
1761304535725,CH1,POWER,2.35
1761304535730,CH1,POWER,2.35
1761304535735,CH1,POWER,2.35
1761304535740,CH1,POWER,2.35
1761304535745,CH1,POWER,2.35
1761304535750,CH1,POWER,2.35
1761304535755,CH1,POWER,2.35
1761304535760,CH1,POWER,2.35
1761304535765,CH1,POWER,2.35
1761304535770,CH1,POWER,2.35
1761304535775,CH1,POWER,2.35
1761304535780,CH1,POWER,2.35
1761304535785,CH1,POWER,2.35
1761304535790,CH1,POWER,2.35
1761304535795,CH1,POWER,2.35
1761304535800,CH1,POWER,2.35
1761304535805,CH1,POWER,2.35
1761304535810,CH1,POWER,2.35
1761304535815,CH1,POWER,2.35
1761304535820,CH1,POWER,2.35
1761304535825,CH1,POWER,2.35
1761304535830,CH1,POWER,2.35
1761304535835,CH1,POWER,2.35
1761304535840,CH1,POWER,2.35
1761304535845,CH1,POWER,2.35
1761304535850,CH1,POWER,2.35
1761304535855,CH1,POWER,2.35
1761304535860,CH1,POWER,2.35
1761304535865,CH1,POWER,2.35
1761304535870,CH1,POWER,2.35
1761304535875,CH1,POWER,2.35
1761304535880,CH1,POWER,2.35
1761304535885,CH1,POWER,2.35
1761304535890,CH1,POWER,2.35
1761304535895,CH1,POWER,2.35
1761304535900,CH1,POWER,2.35
1761304535905,CH1,POWER,2.35
1761304535910,CH1,POWER,2.35
1761304535915,CH1,POWER,2.35
1761304535920,CH1,POWER,2.35
1761304535925,CH1,POWER,2.35
1761304535930,CH1,POWER,2.35
1761304535935,CH1,POWER,2.35
1761304535940,CH1,POWER,2.35
1761304535945,CH1,POWER,2.35
1761304535950,CH1,POWER,2.35
1761304535955,CH1,POWER,2.35
1761304535960,CH1,POWER,2.35
1761304535965,CH1,POWER,2.35
1761304535970,CH1,POWER,2.35
1761304535975,CH1,POWER,2.35
1761304535980,CH1,POWER,2.35
1761304535985,CH1,POWER,2.35
1761304535994,CH1,POWER,2.35
1761304536000,CH1,POWER,2.35
1761304536005,CH1,POWER,2.35
1761304536010,CH1,POWER,2.35
1761304536014,CH1,POWER,2.35
1761304536018,CH1,POWER,2.35
1761304536044,CH1,POWER,2.35
1761304536048,CH1,POWER,2.35
1761304536053,CH1,POWER,2.35
1761304536057,CH1,POWER,2.35
1761304536061,CH1,POWER,2.35
1761304536067,CH1,POWER,2.35
1761304536071,CH1,POWER,2.35
1761304536077,CH1,POWER,2.35
1761304536081,CH1,POWER,2.35
1761304536087,CH1,POWER,2.35
1761304536095,CH1,POWER,2.35
1761304536101,CH1,POWER,2.35
1761304536107,CH1,POWER,2.35
1761304536111,CH1,POWER,2.35
1761304536117,CH1,POWER,2.35
1761304536125,CH1,POWER,2.35
1761304536129,CH1,POWER,2.35
1761304536135,CH1,POWER,2.35
1761304536140,CH1,POWER,2.35
1761304536144,CH1,POWER,2.35
1761304536148,CH1,POWER,2.35
1761304536153,CH1,POWER,2.35
1761304536157,CH1,POWER,2.35
1761304536161,CH1,POWER,2.35
1761304536166,CH1,POWER,2.35
1761304536170,CH1,POWER,2.35
1761304536174,CH1,POWER,2.35
1761304536178,CH1,POWER,2.35
1761304536183,CH1,POWER,2.35
1761304536187,CH1,POWER,2.35
1761304536191,CH1,POWER,2.35
1761304536197,CH1,POWER,2.35
1761304536201,CH1,POWER,2.35
1761304536207,CH1,POWER,2.35
1761304536213,CH1,POWER,2.35
1761304536217,CH1,POWER,2.35
1761304536221,CH1,POWER,2.35
1761304536227,CH1,POWER,2.35
1761304536231,CH1,POWER,2.35
1761304536237,CH1,POWER,2.35
1761304536241,CH1,POWER,2.35
1761304536247,CH1,POWER,2.35
1761304536253,CH1,POWER,2.35
1761304536257,CH1,POWER,2.35
1761304536261,CH1,POWER,2.35
1761304536267,CH1,POWER,2.35
1761304536275,CH1,POWER,2.35
1761304536279,CH1,POWER,2.35
1761304536285,CH1,POWER,2.35
1761304536289,CH1,POWER,2.35
1761304536295,CH1,POWER,2.35
1761304536299,CH1,POWER,2.35
1761304536305,CH1,POWER,2.35
1761304536311,CH1,POWER,2.35
1761304536316,CH1,POWER,2.35
1761304536323,CH1,POWER,2.35
1761304536327,CH1,POWER,2.35
1761304536333,CH1,POWER,2.35
1761304536337,CH1,POWER,2.35
1761304536341,CH1,POWER,2.35
1761304536346,CH1,POWER,2.35
1761304536353,CH1,POWER,2.35
1761304536357,CH1,POWER,2.35
1761304536365,CH1,POWER,2.35
1761304536371,CH1,POWER,2.35
1761304536378,CH1,POWER,2.35
1761304536383,CH1,POWER,2.35
1761304536388,CH1,POWER,2.35
1761304536393,CH1,POWER,2.35
1761304536398,CH1,POWER,2.35
1761304536403,CH1,POWER,2.35
1761304536408,CH1,POWER,2.35
1761304536413,CH1,POWER,2.35
1761304536416,CH1,POWER,2.35
1761304536419,CH1,POWER,2.35
1761304536422,CH1,POWER,2.35
1761304536450,CH1,POWER,2.35
1761304536455,CH1,POWER,2.35
1761304536460,CH1,POWER,2.35
1761304536465,CH1,POWER,2.35
1761304536470,CH1,POWER,2.35
1761304536475,CH1,POWER,2.35
1761304536480,CH1,POWER,2.35
1761304536485,CH1,POWER,2.35
1761304536490,CH1,POWER,2.35
1761304536495,CH1,POWER,2.35
1761304536500,CH1,POWER,2.35
1761304536505,CH1,POWER,2.35
1761304536510,CH1,POWER,2.35
1761304536515,CH1,POWER,2.35
1761304536520,CH1,POWER,2.35
1761304536525,CH1,POWER,2.35
1761304536530,CH1,POWER,2.35
1761304536535,CH1,POWER,2.35
1761304536542,CH1,POWER,2.35
1761304536547,CH1,POWER,2.35
1761304536552,CH1,POWER,2.35
1761304536557,CH1,POWER,2.35
1761304536562,CH1,POWER,2.35
1761304536567,CH1,POWER,2.35
1761304536574,CH1,POWER,2.35
1761304536579,CH1,POWER,2.35
1761304536584,CH1,POWER,2.35
1761304536589,CH1,POWER,2.35
1761304536594,CH1,POWER,2.35
1761304536599,CH1,POWER,2.35
1761304536604,CH1,POWER,2.35
1761304536609,CH1,POWER,2.35
1761304536614,CH1,POWER,2.35
1761304536619,CH1,POWER,2.35
1761304536624,CH1,POWER,2.35
1761304536629,CH1,POWER,2.35
1761304536634,CH1,POWER,2.35
1761304536639,CH1,POWER,2.35
1761304536644,CH1,POWER,2.35
1761304536649,CH1,POWER,2.35
1761304536654,CH1,POWER,2.35
1761304536659,CH1,POWER,2.35
1761304536664,CH1,POWER,2.35
1761304536669,CH1,POWER,2.35
1761304536674,CH1,POWER,2.35
1761304536679,CH1,POWER,2.35
1761304536684,CH1,POWER,2.35
1761304536689,CH1,POWER,2.35
1761304536694,CH1,POWER,2.35
1761304536698,CH1,POWER,2.35
1761304536704,CH1,POWER,2.35
1761304536709,CH1,POWER,2.35
1761304536714,CH1,POWER,2.35
1761304536719,CH1,POWER,2.35
1761304536723,CH1,POWER,2.35
1761304536729,CH1,POWER,2.35
1761304536734,CH1,POWER,2.35
1761304536739,CH1,POWER,2.35
1761304536744,CH1,POWER,2.35
1761304536749,CH1,POWER,2.35
1761304536754,CH1,POWER,2.35
1761304536759,CH1,POWER,2.35
1761304536764,CH1,POWER,2.35
1761304536769,CH1,POWER,2.35
1761304536773,CH1,POWER,2.35
1761304536779,CH1,POWER,2.35
1761304536784,CH1,POWER,2.35
1761304536789,CH1,POWER,2.35
1761304536794,CH1,POWER,2.35
1761304536799,CH1,POWER,2.35
1761304536804,CH1,POWER,2.35
1761304536809,CH1,POWER,2.35
1761304536814,CH1,POWER,2.35
1761304536819,CH1,POWER,2.35
1761304536822,CH1,POWER,2.35
1761304536824,CH1,POWER,2.35
1761304536852,CH1,POWER,2.35
1761304536857,CH1,POWER,2.35
1761304536862,CH1,POWER,2.35
1761304536868,CH1,POWER,2.35
1761304536873,CH1,POWER,2.35
1761304536880,CH1,POWER,2.35
1761304536885,CH1,POWER,2.35
1761304536892,CH1,POWER,2.35
1761304536897,CH1,POWER,2.35
1761304536903,CH1,POWER,2.35
1761304536910,CH1,POWER,2.35
1761304536915,CH1,POWER,2.35
1761304536922,CH1,POWER,2.35
1761304536927,CH1,POWER,2.35
1761304536932,CH1,POWER,2.35
1761304536937,CH1,POWER,2.35
1761304536943,CH1,POWER,2.35
1761304536951,CH1,POWER,2.35
1761304536959,CH1,POWER,2.35
1761304536965,CH1,POWER,2.35
1761304536971,CH1,POWER,2.35
1761304536975,CH1,POWER,2.35
1761304536980,CH1,POWER,2.35
1761304536985,CH1,POWER,2.35
1761304536991,CH1,POWER,2.35
1761304536997,CH1,POWER,2.35
1761304537001,CH1,POWER,2.35
1761304537007,CH1,POWER,2.35
1761304537011,CH1,POWER,2.35
1761304537019,CH1,POWER,2.35
1761304537024,CH1,POWER,2.35
1761304537030,CH1,POWER,2.35
1761304537035,CH1,POWER,2.35
1761304537040,CH1,POWER,2.35
1761304537047,CH1,POWER,2.35
1761304537052,CH1,POWER,2.35
1761304537057,CH1,POWER,2.35
1761304537062,CH1,POWER,2.35
1761304537067,CH1,POWER,2.35
1761304537071,CH1,POWER,2.35
1761304537077,CH1,POWER,2.35
1761304537082,CH1,POWER,2.35
1761304537087,CH1,POWER,2.35
1761304537093,CH1,POWER,2.35
1761304537099,CH1,POWER,2.35
1761304537105,CH1,POWER,2.35
1761304537112,CH1,POWER,2.35
1761304537117,CH1,POWER,2.35
1761304537124,CH1,POWER,2.35
1761304537129,CH1,POWER,2.35
1761304537134,CH1,POWER,2.35
1761304537139,CH1,POWER,2.35
1761304537144,CH1,POWER,2.35
1761304537148,CH1,POWER,2.35
1761304537154,CH1,POWER,2.35
1761304537159,CH1,POWER,2.35
1761304537164,CH1,POWER,2.35
1761304537169,CH1,POWER,2.35
1761304537173,CH1,POWER,2.35
1761304537179,CH1,POWER,2.35
1761304537184,CH1,POWER,2.35
1761304537189,CH1,POWER,2.35
1761304537194,CH1,POWER,2.35
1761304537198,CH1,POWER,2.35
1761304537204,CH1,POWER,2.35
1761304537209,CH1,POWER,2.35
1761304537211,CH1,POWER,2.35
1761304537214,CH1,POWER,2.35
1761304537241,CH1,POWER,2.35
1761304537246,CH1,POWER,2.35
1761304537251,CH1,POWER,2.35
1761304537256,CH1,POWER,2.35
1761304537261,CH1,POWER,2.35
1761304537266,CH1,POWER,2.35
1761304537271,CH1,POWER,2.35
1761304537276,CH1,POWER,2.35
1761304537281,CH1,POWER,2.35
1761304537286,CH1,POWER,2.35
1761304537291,CH1,POWER,2.35
1761304537296,CH1,POWER,2.35
1761304537301,CH1,POWER,2.35
1761304537305,CH1,POWER,2.35
1761304537311,CH1,POWER,2.35
1761304537316,CH1,POWER,2.35
1761304537321,CH1,POWER,2.35
1761304537325,CH1,POWER,2.35
1761304537331,CH1,POWER,2.35
1761304537336,CH1,POWER,2.35
1761304537341,CH1,POWER,2.35
1761304537346,CH1,POWER,2.35
1761304537351,CH1,POWER,2.35
1761304537356,CH1,POWER,2.35
1761304537361,CH1,POWER,2.35
1761304537366,CH1,POWER,2.35
1761304537371,CH1,POWER,2.35
1761304537376,CH1,POWER,2.35
1761304537381,CH1,POWER,2.35
1761304537386,CH1,POWER,2.35
1761304537391,CH1,POWER,2.35
1761304537396,CH1,POWER,2.35
1761304537401,CH1,POWER,2.35
1761304537405,CH1,POWER,2.35
1761304537411,CH1,POWER,2.35
1761304537416,CH1,POWER,2.35
1761304537421,CH1,POWER,2.35
1761304537425,CH1,POWER,2.35
1761304537432,CH1,POWER,2.35
1761304537438,CH1,POWER,2.35
1761304537443,CH1,POWER,2.35
1761304537448,CH1,POWER,2.35
1761304537453,CH1,POWER,2.35
1761304537457,CH1,POWER,2.35
1761304537463,CH1,POWER,2.35
1761304537468,CH1,POWER,2.35
1761304537473,CH1,POWER,2.35
1761304537478,CH1,POWER,2.35
1761304537483,CH1,POWER,2.35
1761304537488,CH1,POWER,2.35
1761304537492,CH1,POWER,2.35
1761304537498,CH1,POWER,2.35
1761304537503,CH1,POWER,2.35
1761304537507,CH1,POWER,2.35
1761304537513,CH1,POWER,2.35
1761304537518,CH1,POWER,2.35
1761304537522,CH1,POWER,2.35
1761304537528,CH1,POWER,2.35
1761304537532,CH1,POWER,2.35
1761304537538,CH1,POWER,2.35
1761304537543,CH1,POWER,2.35
1761304537548,CH1,POWER,2.35
1761304537553,CH1,POWER,2.35
1761304537557,CH1,POWER,2.35
1761304537562,CH1,POWER,2.35
1761304537568,CH1,POWER,2.35
1761304537573,CH1,POWER,2.35
1761304537578,CH1,POWER,2.35
1761304537583,CH1,POWER,2.35
1761304537588,CH1,POWER,2.35
1761304537592,CH1,POWER,2.35
1761304537597,CH1,POWER,2.35
1761304537603,CH1,POWER,2.35
1761304537608,CH1,POWER,2.35
1761304537613,CH1,POWER,2.35
1761304537616,CH1,POWER,2.35
1761304537643,CH1,POWER,2.35
1761304537648,CH1,POWER,2.35
1761304537653,CH1,POWER,2.35
1761304537658,CH1,POWER,2.35
1761304537663,CH1,POWER,2.35
1761304537668,CH1,POWER,2.35
1761304537672,CH1,POWER,2.35
1761304537678,CH1,POWER,2.35
1761304537682,CH1,POWER,2.35
1761304537688,CH1,POWER,2.35
1761304537693,CH1,POWER,2.35
1761304537698,CH1,POWER,2.35
1761304537703,CH1,POWER,2.35
1761304537707,CH1,POWER,2.35
1761304537712,CH1,POWER,2.35
1761304537717,CH1,POWER,2.35
1761304537722,CH1,POWER,2.35
1761304537728,CH1,POWER,2.35
1761304537733,CH1,POWER,2.35
1761304537738,CH1,POWER,2.35
1761304537742,CH1,POWER,2.35
1761304537748,CH1,POWER,2.35
1761304537752,CH1,POWER,2.35
1761304537757,CH1,POWER,2.35
1761304537763,CH1,POWER,2.35
1761304537768,CH1,POWER,2.35
1761304537773,CH1,POWER,2.35
1761304537778,CH1,POWER,2.35
1761304537782,CH1,POWER,2.35
1761304537788,CH1,POWER,2.35
1761304537793,CH1,POWER,2.35
1761304537797,CH1,POWER,2.35
1761304537803,CH1,POWER,2.35
1761304537807,CH1,POWER,2.35
1761304537813,CH1,POWER,2.35
1761304537818,CH1,POWER,2.35
1761304537823,CH1,POWER,2.35
1761304537827,CH1,POWER,2.35
1761304537832,CH1,POWER,2.35
1761304537838,CH1,POWER,2.35
1761304537843,CH1,POWER,2.35
1761304537847,CH1,POWER,2.35
1761304537853,CH1,POWER,2.35
1761304537857,CH1,POWER,2.35
1761304537862,CH1,POWER,2.35
1761304537868,CH1,POWER,2.35
1761304537872,CH1,POWER,2.35
1761304537878,CH1,POWER,2.35
1761304537882,CH1,POWER,2.35
1761304537888,CH1,POWER,2.35
1761304537893,CH1,POWER,2.35
1761304537898,CH1,POWER,2.35
1761304537903,CH1,POWER,2.35
1761304537907,CH1,POWER,2.35
1761304537913,CH1,POWER,2.35
1761304537918,CH1,POWER,2.35
1761304537925,CH1,POWER,2.35
1761304537931,CH1,POWER,2.35
1761304537936,CH1,POWER,2.35
1761304537941,CH1,POWER,2.35
1761304537946,CH1,POWER,2.35
1761304537951,CH1,POWER,2.35
1761304537956,CH1,POWER,2.35
1761304537964,CH1,POWER,2.35
1761304537968,CH1,POWER,2.35
1761304537976,CH1,POWER,2.35
1761304537981,CH1,POWER,2.35
1761304537986,CH1,POWER,2.35
1761304537991,CH1,POWER,2.35
1761304537996,CH1,POWER,2.35
1761304538001,CH1,POWER,2.35
1761304538005,CH1,POWER,2.35
1761304538011,CH1,POWER,2.35
1761304538014,CH1,POWER,2.35
1761304538016,CH1,POWER,2.35
1761304538019,CH1,POWER,2.35
1761304538048,CH1,POWER,2.35
1761304538053,CH1,POWER,2.35
1761304538057,CH1,POWER,2.35
1761304538063,CH1,POWER,2.35
1761304538067,CH1,POWER,2.35
1761304538073,CH1,POWER,2.35
1761304538079,CH1,POWER,2.35
1761304538086,CH1,POWER,2.35
1761304538091,CH1,POWER,2.35
1761304538098,CH1,POWER,2.35
1761304538103,CH1,POWER,2.35
1761304538107,CH1,POWER,2.35
1761304538113,CH1,POWER,2.35
1761304538118,CH1,POWER,2.35
1761304538123,CH1,POWER,2.35
1761304538128,CH1,POWER,2.35
1761304538133,CH1,POWER,2.35
1761304538138,CH1,POWER,2.35
1761304538143,CH1,POWER,2.35
1761304538148,CH1,POWER,2.35
1761304538155,CH1,POWER,2.35
1761304538161,CH1,POWER,2.35
1761304538168,CH1,POWER,2.35
1761304538173,CH1,POWER,2.35
1761304538177,CH1,POWER,2.35
1761304538183,CH1,POWER,2.35
1761304538187,CH1,POWER,2.35
1761304538193,CH1,POWER,2.35
1761304538200,CH1,POWER,2.35
1761304538205,CH1,POWER,2.35
1761304538210,CH1,POWER,2.35
1761304538214,CH1,POWER,2.35
1761304538219,CH1,POWER,2.35
1761304538224,CH1,POWER,2.35
1761304538229,CH1,POWER,2.35
1761304538235,CH1,POWER,2.35
1761304538240,CH1,POWER,2.35
1761304538245,CH1,POWER,2.35
1761304538250,CH1,POWER,2.35
1761304538255,CH1,POWER,2.35
1761304538260,CH1,POWER,2.35
1761304538264,CH1,POWER,2.35
1761304538269,CH1,POWER,2.35
1761304538274,CH1,POWER,2.35
1761304538280,CH1,POWER,2.35
1761304538284,CH1,POWER,2.35
1761304538289,CH1,POWER,2.35
1761304538294,CH1,POWER,2.35
1761304538299,CH1,POWER,2.35
1761304538304,CH1,POWER,2.35
1761304538310,CH1,POWER,2.35
1761304538315,CH1,POWER,2.35
1761304538319,CH1,POWER,2.35
1761304538325,CH1,POWER,2.35
1761304538330,CH1,POWER,2.35
1761304538334,CH1,POWER,2.35
1761304538339,CH1,POWER,2.35
1761304538344,CH1,POWER,2.35
1761304538350,CH1,POWER,2.35
1761304538355,CH1,POWER,2.35
1761304538360,CH1,POWER,2.35
1761304538364,CH1,POWER,2.35
1761304538370,CH1,POWER,2.35
1761304538374,CH1,POWER,2.35
1761304538379,CH1,POWER,2.35
1761304538385,CH1,POWER,2.35
1761304538390,CH1,POWER,2.35
1761304538395,CH1,POWER,2.35
1761304538399,CH1,POWER,2.35
1761304538405,CH1,POWER,2.35
1761304538410,CH1,POWER,2.35
1761304538414,CH1,POWER,2.35
1761304538420,CH1,POWER,2.35
1761304538422,CH1,POWER,2.35
1761304538450,CH1,POWER,2.35
1761304538455,CH1,POWER,2.35
1761304538460,CH1,POWER,2.35
1761304538468,CH1,POWER,2.35
1761304538472,CH1,POWER,2.35
1761304538480,CH1,POWER,2.35
1761304538485,CH1,POWER,2.35
1761304538491,CH1,POWER,2.35
1761304538496,CH1,POWER,2.35
1761304538501,CH1,POWER,2.35
1761304538506,CH1,POWER,2.35
1761304538512,CH1,POWER,2.35
1761304538517,CH1,POWER,2.35
1761304538521,CH1,POWER,2.35
1761304538526,CH1,POWER,2.35
1761304538531,CH1,POWER,2.35
1761304538536,CH1,POWER,2.35
1761304538541,CH1,POWER,2.35
1761304538546,CH1,POWER,2.35
1761304538552,CH1,POWER,2.35
1761304538559,CH1,POWER,2.35
1761304538565,CH1,POWER,2.35
1761304538569,CH1,POWER,2.35
1761304538575,CH1,POWER,2.35
1761304538579,CH1,POWER,2.35
1761304538585,CH1,POWER,2.35
1761304538589,CH1,POWER,2.35
1761304538597,CH1,POWER,2.35
1761304538603,CH1,POWER,2.35
1761304538608,CH1,POWER,2.35
1761304538613,CH1,POWER,2.35
1761304538618,CH1,POWER,2.35
1761304538623,CH1,POWER,2.35
1761304538628,CH1,POWER,2.35
1761304538633,CH1,POWER,2.35
1761304538638,CH1,POWER,2.35
1761304538643,CH1,POWER,2.35
1761304538648,CH1,POWER,2.35
1761304538653,CH1,POWER,2.35
1761304538658,CH1,POWER,2.35
1761304538663,CH1,POWER,2.35
1761304538668,CH1,POWER,2.35
1761304538673,CH1,POWER,2.35
1761304538679,CH1,POWER,2.35
1761304538684,CH1,POWER,2.35
1761304538690,CH1,POWER,2.35
1761304538697,CH1,POWER,2.35
1761304538702,CH1,POWER,2.35
1761304538710,CH1,POWER,2.35
1761304538715,CH1,POWER,2.35
1761304538720,CH1,POWER,2.35
1761304538728,CH1,POWER,2.35
1761304538732,CH1,POWER,2.35
1761304538739,CH1,POWER,2.35
1761304538745,CH1,POWER,2.35
1761304538749,CH1,POWER,2.35
1761304538755,CH1,POWER,2.35
1761304538760,CH1,POWER,2.35
1761304538765,CH1,POWER,2.35
1761304538769,CH1,POWER,2.35
1761304538775,CH1,POWER,2.35
1761304538779,CH1,POWER,2.35
1761304538785,CH1,POWER,2.35
1761304538789,CH1,POWER,2.35
1761304538795,CH1,POWER,2.35
1761304538799,CH1,POWER,2.35
1761304538805,CH1,POWER,2.35
1761304538811,CH1,POWER,2.35
1761304538814,CH1,POWER,2.35
1761304538842,CH1,POWER,2.35
1761304538847,CH1,POWER,2.35
1761304538853,CH1,POWER,2.35
1761304538859,CH1,POWER,2.35
1761304538864,CH1,POWER,2.35
1761304538868,CH1,POWER,2.35
1761304538873,CH1,POWER,2.35
1761304538879,CH1,POWER,2.35
1761304538883,CH1,POWER,2.35
1761304538888,CH1,POWER,2.35
1761304538893,CH1,POWER,2.35
1761304538898,CH1,POWER,2.35
1761304538903,CH1,POWER,2.35
1761304538908,CH1,POWER,2.35
1761304538913,CH1,POWER,2.35
1761304538919,CH1,POWER,2.35
1761304538923,CH1,POWER,2.35
1761304538928,CH1,POWER,2.35
1761304538933,CH1,POWER,2.35
1761304538938,CH1,POWER,2.35
1761304538943,CH1,POWER,2.35
1761304538948,CH1,POWER,2.35
1761304538954,CH1,POWER,2.35
1761304538959,CH1,POWER,2.35
1761304538964,CH1,POWER,2.35
1761304538969,CH1,POWER,2.35
1761304538973,CH1,POWER,2.35
1761304538978,CH1,POWER,2.35
1761304538983,CH1,POWER,2.35
1761304538988,CH1,POWER,2.35
1761304538993,CH1,POWER,2.35
1761304538999,CH1,POWER,2.35
1761304539004,CH1,POWER,2.35
1761304539008,CH1,POWER,2.35
1761304539013,CH1,POWER,2.35
1761304539018,CH1,POWER,2.35
1761304539023,CH1,POWER,2.35
1761304539029,CH1,POWER,2.35
1761304539033,CH1,POWER,2.35
1761304539039,CH1,POWER,2.35
1761304539043,CH1,POWER,2.35
1761304539048,CH1,POWER,2.35
1761304539053,CH1,POWER,2.35
1761304539058,CH1,POWER,2.35
1761304539064,CH1,POWER,2.35
1761304539072,CH1,POWER,2.35
1761304539077,CH1,POWER,2.35
1761304539081,CH1,POWER,2.35
1761304539085,CH1,POWER,2.35
1761304539091,CH1,POWER,2.35
1761304539099,CH1,POWER,2.35
1761304539103,CH1,POWER,2.35
1761304539111,CH1,POWER,2.35
1761304539117,CH1,POWER,2.35
1761304539121,CH1,POWER,2.35
1761304539129,CH1,POWER,2.35
1761304539134,CH1,POWER,2.35
1761304539141,CH1,POWER,2.35
1761304539147,CH1,POWER,2.35
1761304539151,CH1,POWER,2.35
1761304539159,CH1,POWER,2.35
1761304539164,CH1,POWER,2.35
1761304539171,CH1,POWER,2.35
1761304539177,CH1,POWER,2.35
1761304539184,CH1,POWER,2.35
1761304539191,CH1,POWER,2.35
1761304539197,CH1,POWER,2.35
1761304539201,CH1,POWER,2.35
1761304539205,CH1,POWER,2.35
1761304539233,CH1,POWER,2.35
1761304539239,CH1,POWER,2.35
1761304539243,CH1,POWER,2.35
1761304539249,CH1,POWER,2.35
1761304539253,CH1,POWER,2.35
1761304539259,CH1,POWER,2.35
1761304539264,CH1,POWER,2.35
1761304539269,CH1,POWER,2.35
1761304539273,CH1,POWER,2.35
1761304539279,CH1,POWER,2.35
1761304539284,CH1,POWER,2.35
1761304539291,CH1,POWER,2.35
1761304539296,CH1,POWER,2.35
1761304539303,CH1,POWER,2.35
1761304539309,CH1,POWER,2.35
1761304539313,CH1,POWER,2.35
1761304539319,CH1,POWER,2.35
1761304539323,CH1,POWER,2.35
1761304539329,CH1,POWER,2.35
1761304539333,CH1,POWER,2.35
1761304539339,CH1,POWER,2.35
1761304539344,CH1,POWER,2.35
1761304539349,CH1,POWER,2.35
1761304539353,CH1,POWER,2.35
1761304539359,CH1,POWER,2.35
1761304539363,CH1,POWER,2.35
1761304539369,CH1,POWER,2.35
1761304539373,CH1,POWER,2.35
1761304539379,CH1,POWER,2.35
1761304539384,CH1,POWER,2.35
1761304539389,CH1,POWER,2.35
1761304539393,CH1,POWER,2.35
1761304539399,CH1,POWER,2.35
1761304539403,CH1,POWER,2.35
1761304539409,CH1,POWER,2.35
1761304539413,CH1,POWER,2.35
1761304539419,CH1,POWER,2.35
1761304539424,CH1,POWER,2.35
1761304539429,CH1,POWER,2.35
1761304539433,CH1,POWER,2.35
1761304539439,CH1,POWER,2.35
1761304539443,CH1,POWER,2.35
1761304539449,CH1,POWER,2.35
1761304539453,CH1,POWER,2.35
1761304539459,CH1,POWER,2.35
1761304539464,CH1,POWER,2.35
1761304539469,CH1,POWER,2.35
1761304539474,CH1,POWER,2.35
1761304539481,CH1,POWER,2.35
1761304539486,CH1,POWER,2.35
1761304539493,CH1,POWER,2.35
1761304539499,CH1,POWER,2.35
1761304539503,CH1,POWER,2.35
1761304539509,CH1,POWER,2.35
1761304539514,CH1,POWER,2.35
1761304539521,CH1,POWER,2.35
1761304539527,CH1,POWER,2.35
1761304539533,CH1,POWER,2.35
1761304539539,CH1,POWER,2.35
1761304539543,CH1,POWER,2.35
1761304539549,CH1,POWER,2.35
1761304539553,CH1,POWER,2.35
1761304539559,CH1,POWER,2.35
1761304539563,CH1,POWER,2.35
1761304539569,CH1,POWER,2.35
1761304539574,CH1,POWER,2.35
1761304539581,CH1,POWER,2.35
1761304539586,CH1,POWER,2.35
1761304539593,CH1,POWER,2.35
1761304539599,CH1,POWER,2.35
1761304539602,CH1,POWER,2.35
1761304539604,CH1,POWER,2.35
1761304539607,CH1,POWER,2.35
1761304539635,CH1,POWER,2.35
1761304539641,CH1,POWER,2.35
1761304539645,CH1,POWER,2.35
1761304539651,CH1,POWER,2.35
1761304539657,CH1,POWER,2.35
1761304539662,CH1,POWER,2.35
1761304539667,CH1,POWER,2.35
1761304539672,CH1,POWER,2.35
1761304539677,CH1,POWER,2.35
1761304539683,CH1,POWER,2.35
1761304539687,CH1,POWER,2.35
1761304539692,CH1,POWER,2.35
1761304539697,CH1,POWER,2.35
1761304539702,CH1,POWER,2.35
1761304539707,CH1,POWER,2.35
1761304539712,CH1,POWER,2.35
1761304539718,CH1,POWER,2.35
1761304539722,CH1,POWER,2.35
1761304539727,CH1,POWER,2.35
1761304539732,CH1,POWER,2.35
1761304539737,CH1,POWER,2.35
1761304539742,CH1,POWER,2.35
1761304539747,CH1,POWER,2.35
1761304539752,CH1,POWER,2.35
1761304539757,CH1,POWER,2.35
1761304539762,CH1,POWER,2.35
1761304539768,CH1,POWER,2.35
1761304539772,CH1,POWER,2.35
1761304539777,CH1,POWER,2.35
1761304539782,CH1,POWER,2.35
1761304539787,CH1,POWER,2.35
1761304539792,CH1,POWER,2.35
1761304539797,CH1,POWER,2.35
1761304539802,CH1,POWER,2.35
1761304539807,CH1,POWER,2.35
1761304539812,CH1,POWER,2.35
1761304539817,CH1,POWER,2.35
1761304539822,CH1,POWER,2.35
1761304539827,CH1,POWER,2.35
1761304539832,CH1,POWER,2.35
1761304539837,CH1,POWER,2.35
1761304539842,CH1,POWER,2.35
1761304539847,CH1,POWER,2.35
1761304539852,CH1,POWER,2.35
1761304539857,CH1,POWER,2.35
1761304539862,CH1,POWER,2.35
1761304539868,CH1,POWER,2.35
1761304539872,CH1,POWER,2.35
1761304539877,CH1,POWER,2.35
1761304539882,CH1,POWER,2.35
1761304539887,CH1,POWER,2.35
1761304539892,CH1,POWER,2.35
1761304539897,CH1,POWER,2.35
1761304539902,CH1,POWER,2.35
1761304539907,CH1,POWER,2.35
1761304539912,CH1,POWER,2.35
1761304539917,CH1,POWER,2.35
1761304539922,CH1,POWER,2.35
1761304539927,CH1,POWER,2.35
1761304539932,CH1,POWER,2.35
1761304539937,CH1,POWER,2.35
1761304539943,CH1,POWER,2.35
1761304539947,CH1,POWER,2.35
1761304539952,CH1,POWER,2.35
1761304539957,CH1,POWER,2.35
1761304539962,CH1,POWER,2.35
1761304539967,CH1,POWER,2.35
1761304539972,CH1,POWER,2.35
1761304539977,CH1,POWER,2.35
1761304539982,CH1,POWER,2.35
1761304539987,CH1,POWER,2.35
1761304539992,CH1,POWER,2.35
1761304539997,CH1,POWER,2.35
1761304540002,CH1,POWER,2.35
1761304540007,CH1,POWER,2.40
1761304540010,CH1,POWER,2.40
1761304540037,CH1,POWER,2.40
1761304540043,CH1,POWER,2.40
1761304540047,CH1,POWER,2.40
1761304540053,CH1,POWER,2.40
1761304540057,CH1,POWER,2.40
1761304540063,CH1,POWER,2.40
1761304540067,CH1,POWER,2.40
1761304540073,CH1,POWER,2.40
1761304540078,CH1,POWER,2.40
1761304540085,CH1,POWER,2.40
1761304540090,CH1,POWER,2.40
1761304540097,CH1,POWER,2.40
1761304540103,CH1,POWER,2.40
1761304540107,CH1,POWER,2.40
1761304540113,CH1,POWER,2.40
1761304540117,CH1,POWER,2.40
1761304540123,CH1,POWER,2.40
1761304540127,CH1,POWER,2.40
1761304540133,CH1,POWER,2.40
1761304540137,CH1,POWER,2.40
1761304540143,CH1,POWER,2.40
1761304540147,CH1,POWER,2.40
1761304540153,CH1,POWER,2.40
1761304540157,CH1,POWER,2.40
1761304540163,CH1,POWER,2.40
1761304540170,CH1,POWER,2.40
1761304540177,CH1,POWER,2.40
1761304540183,CH1,POWER,2.40
1761304540189,CH1,POWER,2.40
1761304540194,CH1,POWER,2.40
1761304540199,CH1,POWER,2.40
1761304540204,CH1,POWER,2.40
1761304540210,CH1,POWER,2.40
1761304540214,CH1,POWER,2.40
1761304540219,CH1,POWER,2.40
1761304540224,CH1,POWER,2.40
1761304540230,CH1,POWER,2.40
1761304540234,CH1,POWER,2.40
1761304540239,CH1,POWER,2.40
1761304540244,CH1,POWER,2.40
1761304540248,CH1,POWER,2.40
1761304540253,CH1,POWER,2.40
1761304540257,CH1,POWER,2.40
1761304540265,CH1,POWER,2.40
1761304540271,CH1,POWER,2.40
1761304540276,CH1,POWER,2.40
1761304540281,CH1,POWER,2.40
1761304540287,CH1,POWER,2.40
1761304540295,CH1,POWER,2.40
1761304540299,CH1,POWER,2.40
1761304540305,CH1,POWER,2.40
1761304540311,CH1,POWER,2.40
1761304540317,CH1,POWER,2.40
1761304540323,CH1,POWER,2.40
1761304540327,CH1,POWER,2.40
1761304540333,CH1,POWER,2.40
1761304540337,CH1,POWER,2.40
1761304540345,CH1,POWER,2.40
1761304540351,CH1,POWER,2.40
1761304540356,CH1,POWER,2.40
1761304540361,CH1,POWER,2.40
1761304540367,CH1,POWER,2.40
1761304540373,CH1,POWER,2.40
1761304540377,CH1,POWER,2.40
1761304540385,CH1,POWER,2.40
1761304540390,CH1,POWER,2.40
1761304540396,CH1,POWER,2.40
1761304540401,CH1,POWER,2.40
1761304540406,CH1,POWER,2.40
1761304540409,CH1,POWER,2.75
1761304540412,CH1,POWER,2.75
1761304540439,CH1,POWER,2.75
1761304540445,CH1,POWER,2.75
1761304540450,CH1,POWER,2.75
1761304540457,CH1,POWER,2.75
1761304540462,CH1,POWER,2.75
1761304540469,CH1,POWER,2.75
1761304540475,CH1,POWER,2.75
1761304540480,CH1,POWER,2.75
1761304540485,CH1,POWER,2.75
1761304540490,CH1,POWER,2.75
1761304540497,CH1,POWER,2.75
1761304540502,CH1,POWER,2.75
1761304540509,CH1,POWER,2.75
1761304540515,CH1,POWER,2.75
1761304540520,CH1,POWER,2.75
1761304540527,CH1,POWER,2.75
1761304540532,CH1,POWER,2.75
1761304540539,CH1,POWER,2.75
1761304540545,CH1,POWER,2.75
1761304540549,CH1,POWER,2.75
1761304540555,CH1,POWER,2.75
1761304540560,CH1,POWER,2.75
1761304540565,CH1,POWER,2.75
1761304540569,CH1,POWER,2.75
1761304540575,CH1,POWER,2.75
1761304540579,CH1,POWER,2.75
1761304540585,CH1,POWER,2.75
1761304540589,CH1,POWER,2.75
1761304540595,CH1,POWER,2.75
1761304540600,CH1,POWER,2.75
1761304540607,CH1,POWER,2.75
1761304540612,CH1,POWER,2.75
1761304540619,CH1,POWER,2.75
1761304540625,CH1,POWER,2.75
1761304540629,CH1,POWER,2.75
1761304540635,CH1,POWER,2.75
1761304540641,CH1,POWER,2.75
1761304540646,CH1,POWER,2.75
1761304540651,CH1,POWER,2.75
1761304540656,CH1,POWER,2.75
1761304540661,CH1,POWER,2.75
1761304540666,CH1,POWER,2.75
1761304540671,CH1,POWER,2.75
1761304540677,CH1,POWER,2.75
1761304540681,CH1,POWER,2.75
1761304540686,CH1,POWER,2.75
1761304540691,CH1,POWER,2.75
1761304540696,CH1,POWER,2.75
1761304540701,CH1,POWER,2.75
1761304540706,CH1,POWER,2.75
1761304540711,CH1,POWER,2.75
1761304540716,CH1,POWER,2.75
1761304540721,CH1,POWER,2.75
1761304540726,CH1,POWER,2.75
1761304540731,CH1,POWER,2.75
1761304540736,CH1,POWER,2.75
1761304540741,CH1,POWER,2.75
1761304540746,CH1,POWER,2.75
1761304540751,CH1,POWER,2.75
1761304540756,CH1,POWER,2.75
1761304540761,CH1,POWER,2.75
1761304540766,CH1,POWER,2.75
1761304540771,CH1,POWER,2.75
1761304540777,CH1,POWER,2.75
1761304540781,CH1,POWER,2.75
1761304540786,CH1,POWER,2.75
1761304540791,CH1,POWER,2.75
1761304540796,CH1,POWER,2.75
1761304540801,CH1,POWER,2.75
1761304540806,CH1,POWER,2.35
1761304540808,CH1,POWER,2.35
1761304540811,CH1,POWER,2.35
1761304540814,CH1,POWER,2.35
1761304540841,CH1,POWER,2.35
1761304540847,CH1,POWER,2.35
1761304540851,CH1,POWER,2.35
1761304540857,CH1,POWER,2.35
1761304540861,CH1,POWER,2.35
1761304540867,CH1,POWER,2.35
1761304540871,CH1,POWER,2.35
1761304540877,CH1,POWER,2.35
1761304540881,CH1,POWER,2.35
1761304540887,CH1,POWER,2.35
1761304540893,CH1,POWER,2.35
1761304540899,CH1,POWER,2.35
1761304540904,CH1,POWER,2.35
1761304540911,CH1,POWER,2.35
1761304540917,CH1,POWER,2.35
1761304540923,CH1,POWER,2.35
1761304540928,CH1,POWER,2.35
1761304540933,CH1,POWER,2.35
1761304540938,CH1,POWER,2.35
1761304540943,CH1,POWER,2.35
1761304540948,CH1,POWER,2.35
1761304540953,CH1,POWER,2.35
1761304540958,CH1,POWER,2.35
1761304540963,CH1,POWER,2.35
1761304540968,CH1,POWER,2.35
1761304540973,CH1,POWER,2.35
1761304540978,CH1,POWER,2.35
1761304540983,CH1,POWER,2.35
1761304540988,CH1,POWER,2.35
1761304540993,CH1,POWER,2.35
1761304540998,CH1,POWER,2.35
1761304541003,CH1,POWER,2.35
1761304541008,CH1,POWER,2.35
1761304541013,CH1,POWER,2.35
1761304541018,CH1,POWER,2.35
1761304541023,CH1,POWER,2.35
1761304541028,CH1,POWER,2.35
1761304541033,CH1,POWER,2.35
1761304541038,CH1,POWER,2.35
1761304541043,CH1,POWER,2.35
1761304541048,CH1,POWER,2.35
1761304541053,CH1,POWER,2.35
1761304541058,CH1,POWER,2.35
1761304541063,CH1,POWER,2.35
1761304541068,CH1,POWER,2.35
1761304541073,CH1,POWER,2.35
1761304541078,CH1,POWER,2.35
1761304541083,CH1,POWER,2.35
1761304541088,CH1,POWER,2.35
1761304541093,CH1,POWER,2.35
1761304541098,CH1,POWER,2.35
1761304541103,CH1,POWER,2.35
1761304541108,CH1,POWER,2.35
1761304541113,CH1,POWER,2.35
1761304541118,CH1,POWER,2.35
1761304541123,CH1,POWER,2.35
1761304541128,CH1,POWER,2.35
1761304541133,CH1,POWER,2.35
1761304541138,CH1,POWER,2.35
1761304541143,CH1,POWER,2.35
1761304541149,CH1,POWER,2.35
1761304541153,CH1,POWER,2.35
1761304541158,CH1,POWER,2.35
1761304541163,CH1,POWER,2.35
1761304541168,CH1,POWER,2.35
1761304541173,CH1,POWER,2.35
1761304541178,CH1,POWER,2.35
1761304541183,CH1,POWER,2.35
1761304541188,CH1,POWER,2.35
1761304541193,CH1,POWER,2.35
1761304541198,CH1,POWER,2.35
1761304541203,CH1,POWER,2.35
1761304541208,CH1,POWER,2.35
1761304541211,CH1,POWER,2.35
1761304541214,CH1,POWER,2.35
1761304541240,CH1,POWER,2.35
1761304541245,CH1,POWER,2.35
1761304541253,CH1,POWER,2.35
1761304541261,CH1,POWER,2.35
1761304541267,CH1,POWER,2.35
1761304541272,CH1,POWER,2.35
1761304541279,CH1,POWER,2.35
1761304541283,CH1,POWER,2.35
1761304541289,CH1,POWER,2.35
1761304541293,CH1,POWER,2.35
1761304541299,CH1,POWER,2.35
1761304541303,CH1,POWER,2.35
1761304541309,CH1,POWER,2.35
1761304541313,CH1,POWER,2.35
1761304541319,CH1,POWER,2.35
1761304541323,CH1,POWER,2.35
1761304541329,CH1,POWER,2.35
1761304541335,CH1,POWER,2.35
1761304541340,CH1,POWER,2.35
1761304541345,CH1,POWER,2.35
1761304541350,CH1,POWER,2.35
1761304541355,CH1,POWER,2.35
1761304541360,CH1,POWER,2.35
1761304541365,CH1,POWER,2.35
1761304541370,CH1,POWER,2.35
1761304541375,CH1,POWER,2.35
1761304541380,CH1,POWER,2.35
1761304541385,CH1,POWER,2.35
1761304541390,CH1,POWER,2.35
1761304541395,CH1,POWER,2.35
1761304541400,CH1,POWER,2.35
1761304541405,CH1,POWER,2.35
1761304541410,CH1,POWER,2.35
1761304541415,CH1,POWER,2.35
1761304541420,CH1,POWER,2.35
1761304541426,CH1,POWER,2.35
1761304541430,CH1,POWER,2.35
1761304541435,CH1,POWER,2.35
1761304541440,CH1,POWER,2.35
1761304541445,CH1,POWER,2.35
1761304541450,CH1,POWER,2.35
1761304541455,CH1,POWER,2.35
1761304541460,CH1,POWER,2.35
1761304541465,CH1,POWER,2.35
1761304541470,CH1,POWER,2.35
1761304541475,CH1,POWER,2.35
1761304541480,CH1,POWER,2.35
1761304541485,CH1,POWER,2.35
1761304541490,CH1,POWER,2.35
1761304541495,CH1,POWER,2.35
1761304541500,CH1,POWER,2.35
1761304541505,CH1,POWER,2.35
1761304541510,CH1,POWER,2.35
1761304541515,CH1,POWER,2.35
1761304541520,CH1,POWER,2.35
1761304541525,CH1,POWER,2.35
1761304541530,CH1,POWER,2.35
1761304541535,CH1,POWER,2.35
1761304541540,CH1,POWER,2.35
1761304541545,CH1,POWER,2.35
1761304541550,CH1,POWER,2.35
1761304541555,CH1,POWER,2.35
1761304541560,CH1,POWER,2.35
1761304541565,CH1,POWER,2.35
1761304541570,CH1,POWER,2.35
1761304541575,CH1,POWER,2.35
1761304541580,CH1,POWER,2.35
1761304541585,CH1,POWER,2.35
1761304541590,CH1,POWER,2.35
1761304541595,CH1,POWER,2.35
1761304541600,CH1,POWER,2.35
1761304541605,CH1,POWER,2.35
1761304541632,CH1,POWER,2.35
1761304541637,CH1,POWER,2.35
1761304541642,CH1,POWER,2.35
1761304541647,CH1,POWER,2.35
1761304541652,CH1,POWER,2.35
1761304541657,CH1,POWER,2.35
1761304541662,CH1,POWER,2.35
1761304541667,CH1,POWER,2.35
1761304541672,CH1,POWER,2.35
1761304541677,CH1,POWER,2.35
1761304541682,CH1,POWER,2.35
1761304541687,CH1,POWER,2.35
1761304541692,CH1,POWER,2.35
1761304541697,CH1,POWER,2.35
1761304541702,CH1,POWER,2.35
1761304541707,CH1,POWER,2.35
1761304541712,CH1,POWER,2.35
1761304541717,CH1,POWER,2.35
1761304541722,CH1,POWER,2.35
1761304541727,CH1,POWER,2.35
1761304541732,CH1,POWER,2.35
1761304541737,CH1,POWER,2.35
1761304541743,CH1,POWER,2.35
1761304541747,CH1,POWER,2.35
1761304541752,CH1,POWER,2.35
1761304541757,CH1,POWER,2.35
1761304541762,CH1,POWER,2.35
1761304541767,CH1,POWER,2.35
1761304541772,CH1,POWER,2.35
1761304541777,CH1,POWER,2.35
1761304541782,CH1,POWER,2.35
1761304541787,CH1,POWER,2.35
1761304541792,CH1,POWER,2.35
1761304541797,CH1,POWER,2.35
1761304541802,CH1,POWER,2.35
1761304541807,CH1,POWER,2.35
1761304541812,CH1,POWER,2.35
1761304541817,CH1,POWER,2.35
1761304541822,CH1,POWER,2.35
1761304541827,CH1,POWER,2.35
1761304541832,CH1,POWER,2.35
1761304541837,CH1,POWER,2.35
1761304541842,CH1,POWER,2.35
1761304541847,CH1,POWER,2.35
1761304541852,CH1,POWER,2.35
1761304541857,CH1,POWER,2.35
1761304541862,CH1,POWER,2.35
1761304541867,CH1,POWER,2.35
1761304541872,CH1,POWER,2.35
1761304541877,CH1,POWER,2.35
1761304541882,CH1,POWER,2.35
1761304541887,CH1,POWER,2.35
1761304541892,CH1,POWER,2.35
1761304541897,CH1,POWER,2.35
1761304541902,CH1,POWER,2.35
1761304541907,CH1,POWER,2.35
1761304541912,CH1,POWER,2.35
1761304541917,CH1,POWER,2.35
1761304541922,CH1,POWER,2.35
1761304541927,CH1,POWER,2.35
1761304541932,CH1,POWER,2.35
1761304541937,CH1,POWER,2.35
1761304541942,CH1,POWER,2.35
1761304541947,CH1,POWER,2.35
1761304541952,CH1,POWER,2.35
1761304541957,CH1,POWER,2.35
1761304541962,CH1,POWER,2.35
1761304541968,CH1,POWER,2.35
1761304541972,CH1,POWER,2.35
1761304541977,CH1,POWER,2.35
1761304541982,CH1,POWER,2.35
1761304541987,CH1,POWER,2.35
1761304541992,CH1,POWER,2.35
1761304541997,CH1,POWER,2.35
1761304542002,CH1,POWER,2.35
1761304542007,CH1,POWER,2.35
1761304542034,CH1,POWER,2.35
1761304542039,CH1,POWER,2.35
1761304542044,CH1,POWER,2.35
1761304542049,CH1,POWER,2.35
1761304542054,CH1,POWER,2.35
1761304542059,CH1,POWER,2.35
1761304542064,CH1,POWER,2.35
1761304542069,CH1,POWER,2.35
1761304542074,CH1,POWER,2.35
1761304542079,CH1,POWER,2.35
1761304542085,CH1,POWER,2.35
1761304542089,CH1,POWER,2.35
1761304542094,CH1,POWER,2.35
1761304542099,CH1,POWER,2.35
1761304542104,CH1,POWER,2.35
1761304542109,CH1,POWER,2.35
1761304542114,CH1,POWER,2.35
1761304542119,CH1,POWER,2.35
1761304542124,CH1,POWER,2.35
1761304542129,CH1,POWER,2.35
1761304542134,CH1,POWER,2.35
1761304542139,CH1,POWER,2.35
1761304542144,CH1,POWER,2.35
1761304542149,CH1,POWER,2.35
1761304542154,CH1,POWER,2.35
1761304542159,CH1,POWER,2.35
1761304542164,CH1,POWER,2.35
1761304542169,CH1,POWER,2.35
1761304542174,CH1,POWER,2.35
1761304542179,CH1,POWER,2.35
1761304542184,CH1,POWER,2.35
1761304542189,CH1,POWER,2.35
1761304542194,CH1,POWER,2.35
1761304542199,CH1,POWER,2.35
1761304542204,CH1,POWER,2.35
1761304542209,CH1,POWER,2.35
1761304542214,CH1,POWER,2.35
1761304542219,CH1,POWER,2.35
1761304542224,CH1,POWER,2.35
1761304542229,CH1,POWER,2.35
1761304542234,CH1,POWER,2.35
1761304542239,CH1,POWER,2.35
1761304542244,CH1,POWER,2.35
1761304542249,CH1,POWER,2.35
1761304542254,CH1,POWER,2.35
1761304542259,CH1,POWER,2.35
1761304542264,CH1,POWER,2.35
1761304542269,CH1,POWER,2.35
1761304542274,CH1,POWER,2.35
1761304542279,CH1,POWER,2.35
1761304542284,CH1,POWER,2.35
1761304542289,CH1,POWER,2.35
1761304542294,CH1,POWER,2.35
1761304542299,CH1,POWER,2.35
1761304542304,CH1,POWER,2.35
1761304542310,CH1,POWER,2.35
1761304542314,CH1,POWER,2.35
1761304542319,CH1,POWER,2.35
1761304542324,CH1,POWER,2.35
1761304542329,CH1,POWER,2.35
1761304542334,CH1,POWER,2.35
1761304542339,CH1,POWER,2.35
1761304542344,CH1,POWER,2.35
1761304542349,CH1,POWER,2.35
1761304542354,CH1,POWER,2.35
1761304542359,CH1,POWER,2.35
1761304542364,CH1,POWER,2.35
1761304542369,CH1,POWER,2.35
1761304542374,CH1,POWER,2.35
1761304542379,CH1,POWER,2.35
1761304542384,CH1,POWER,2.35
1761304542389,CH1,POWER,2.35
1761304542394,CH1,POWER,2.35
1761304542399,CH1,POWER,2.35
1761304542404,CH1,POWER,2.35
1761304542409,CH1,POWER,2.35
1761304542412,CH1,POWER,2.35
1761304542439,CH1,POWER,2.35
1761304542445,CH1,POWER,2.35
1761304542449,CH1,POWER,2.35
1761304542455,CH1,POWER,2.35
1761304542459,CH1,POWER,2.35
1761304542465,CH1,POWER,2.35
1761304542469,CH1,POWER,2.35
1761304542475,CH1,POWER,2.35
1761304542479,CH1,POWER,2.35
1761304542485,CH1,POWER,2.35
1761304542490,CH1,POWER,2.35
1761304542497,CH1,POWER,2.35
1761304542502,CH1,POWER,2.35
1761304542509,CH1,POWER,2.35
1761304542515,CH1,POWER,2.35
1761304542519,CH1,POWER,2.35
1761304542525,CH1,POWER,2.35
1761304542529,CH1,POWER,2.35
1761304542535,CH1,POWER,2.35
1761304542541,CH1,POWER,2.35
1761304542546,CH1,POWER,2.35
1761304542552,CH1,POWER,2.35
1761304542559,CH1,POWER,2.35
1761304542565,CH1,POWER,2.35
1761304542569,CH1,POWER,2.35
1761304542575,CH1,POWER,2.35
1761304542579,CH1,POWER,2.35
1761304542585,CH1,POWER,2.35
1761304542589,CH1,POWER,2.35
1761304542595,CH1,POWER,2.35
1761304542599,CH1,POWER,2.35
1761304542605,CH1,POWER,2.35
1761304542611,CH1,POWER,2.35
1761304542616,CH1,POWER,2.35
1761304542621,CH1,POWER,2.35
1761304542627,CH1,POWER,2.35
1761304542631,CH1,POWER,2.35
1761304542636,CH1,POWER,2.35
1761304542641,CH1,POWER,2.35
1761304542646,CH1,POWER,2.35
1761304542651,CH1,POWER,2.35
1761304542656,CH1,POWER,2.35
1761304542662,CH1,POWER,2.35
1761304542669,CH1,POWER,2.35
1761304542675,CH1,POWER,2.35
1761304542679,CH1,POWER,2.35
1761304542685,CH1,POWER,2.35
1761304542690,CH1,POWER,2.35
1761304542697,CH1,POWER,2.35
1761304542702,CH1,POWER,2.35
1761304542710,CH1,POWER,2.35
1761304542715,CH1,POWER,2.35
1761304542719,CH1,POWER,2.35
1761304542725,CH1,POWER,2.35
1761304542729,CH1,POWER,2.35
1761304542735,CH1,POWER,2.35
1761304542739,CH1,POWER,2.35
1761304542745,CH1,POWER,2.35
1761304542749,CH1,POWER,2.35
1761304542755,CH1,POWER,2.35
1761304542759,CH1,POWER,2.35
1761304542765,CH1,POWER,2.35
1761304542769,CH1,POWER,2.35
1761304542775,CH1,POWER,2.35
1761304542781,CH1,POWER,2.35
1761304542786,CH1,POWER,2.35
1761304542791,CH1,POWER,2.35
1761304542796,CH1,POWER,2.35
1761304542801,CH1,POWER,2.35
1761304542806,CH1,POWER,2.35
1761304542808,CH1,POWER,2.35
1761304542811,CH1,POWER,2.35
1761304542837,CH1,POWER,2.35
1761304542842,CH1,POWER,2.35
1761304542849,CH1,POWER,2.35
1761304542854,CH1,POWER,2.35
1761304542861,CH1,POWER,2.35
1761304542867,CH1,POWER,2.35
1761304542871,CH1,POWER,2.35
1761304542877,CH1,POWER,2.35
1761304542882,CH1,POWER,2.35
1761304542889,CH1,POWER,2.35
1761304542894,CH1,POWER,2.35
1761304542901,CH1,POWER,2.35
1761304542907,CH1,POWER,2.35
1761304542911,CH1,POWER,2.35
1761304542917,CH1,POWER,2.35
1761304542922,CH1,POWER,2.35
1761304542929,CH1,POWER,2.35
1761304542934,CH1,POWER,2.35
1761304542941,CH1,POWER,2.35
1761304542947,CH1,POWER,2.35
1761304542952,CH1,POWER,2.35
1761304542959,CH1,POWER,2.35
1761304542964,CH1,POWER,2.35
1761304542971,CH1,POWER,2.35
1761304542977,CH1,POWER,2.35
1761304542981,CH1,POWER,2.35
1761304542987,CH1,POWER,2.35
1761304542991,CH1,POWER,2.35
1761304542997,CH1,POWER,2.35
1761304543001,CH1,POWER,2.35
1761304543007,CH1,POWER,2.35
1761304543011,CH1,POWER,2.35
1761304543017,CH1,POWER,2.35
1761304543021,CH1,POWER,2.35
1761304543027,CH1,POWER,2.35
1761304543031,CH1,POWER,2.35
1761304543037,CH1,POWER,2.35
1761304543041,CH1,POWER,2.35
1761304543047,CH1,POWER,2.35
1761304543051,CH1,POWER,2.35
1761304543057,CH1,POWER,2.35
1761304543061,CH1,POWER,2.35
1761304543067,CH1,POWER,2.35
1761304543071,CH1,POWER,2.35
1761304543077,CH1,POWER,2.35
1761304543082,CH1,POWER,2.35
1761304543089,CH1,POWER,2.35
1761304543094,CH1,POWER,2.35
1761304543101,CH1,POWER,2.35
1761304543107,CH1,POWER,2.35
1761304543111,CH1,POWER,2.35
1761304543117,CH1,POWER,2.35
1761304543121,CH1,POWER,2.35
1761304543132,CH1,POWER,2.35
1761304543138,CH1,POWER,2.35
1761304543143,CH1,POWER,2.35
1761304543149,CH1,POWER,2.35
1761304543153,CH1,POWER,2.35
1761304543159,CH1,POWER,2.35
1761304543163,CH1,POWER,2.35
1761304543169,CH1,POWER,2.35
1761304543173,CH1,POWER,2.35
1761304543179,CH1,POWER,2.35
1761304543183,CH1,POWER,2.35
1761304543189,CH1,POWER,2.35
1761304543193,CH1,POWER,2.35
1761304543199,CH1,POWER,2.35
1761304543203,CH1,POWER,2.35
1761304543208,CH1,POWER,2.35
1761304543211,CH1,POWER,2.35
1761304543213,CH1,POWER,2.35
1761304543216,CH1,POWER,2.35
1761304543243,CH1,POWER,2.35
1761304543251,CH1,POWER,2.35
1761304543257,CH1,POWER,2.35
1761304543262,CH1,POWER,2.35
1761304543267,CH1,POWER,2.35
1761304543273,CH1,POWER,2.35
1761304543281,CH1,POWER,2.35
1761304543286,CH1,POWER,2.35
1761304543293,CH1,POWER,2.35
1761304543299,CH1,POWER,2.35
1761304543303,CH1,POWER,2.35
1761304543309,CH1,POWER,2.35
1761304543313,CH1,POWER,2.35
1761304543319,CH1,POWER,2.35
1761304543324,CH1,POWER,2.35
1761304543331,CH1,POWER,2.35
1761304543336,CH1,POWER,2.35
1761304543343,CH1,POWER,2.35
1761304543349,CH1,POWER,2.35
1761304543353,CH1,POWER,2.35
1761304543361,CH1,POWER,2.35
1761304543367,CH1,POWER,2.35
1761304543373,CH1,POWER,2.35
1761304543381,CH1,POWER,2.35
1761304543387,CH1,POWER,2.35
1761304543393,CH1,POWER,2.35
1761304543398,CH1,POWER,2.35
1761304543403,CH1,POWER,2.35
1761304543408,CH1,POWER,2.35
1761304543413,CH1,POWER,2.35
1761304543419,CH1,POWER,2.35
1761304543423,CH1,POWER,2.35
1761304543429,CH1,POWER,2.35
1761304543433,CH1,POWER,2.35
1761304543439,CH1,POWER,2.35
1761304543443,CH1,POWER,2.35
1761304543449,CH1,POWER,2.35
1761304543453,CH1,POWER,2.35
1761304543459,CH1,POWER,2.35
1761304543463,CH1,POWER,2.35
1761304543469,CH1,POWER,2.35
1761304543473,CH1,POWER,2.35
1761304543479,CH1,POWER,2.35
1761304543483,CH1,POWER,2.35
1761304543489,CH1,POWER,2.35
1761304543493,CH1,POWER,2.35
1761304543499,CH1,POWER,2.35
1761304543503,CH1,POWER,2.35
1761304543509,CH1,POWER,2.35
1761304543515,CH1,POWER,2.35
1761304543520,CH1,POWER,2.35
1761304543525,CH1,POWER,2.35
1761304543530,CH1,POWER,2.35
1761304543535,CH1,POWER,2.35
1761304543540,CH1,POWER,2.35
1761304543545,CH1,POWER,2.35
1761304543550,CH1,POWER,2.35
1761304543555,CH1,POWER,2.35
1761304543560,CH1,POWER,2.35
1761304543565,CH1,POWER,2.35
1761304543570,CH1,POWER,2.35
1761304543575,CH1,POWER,2.35
1761304543580,CH1,POWER,2.35
1761304543585,CH1,POWER,2.35
1761304543590,CH1,POWER,2.35
1761304543595,CH1,POWER,2.35
1761304543600,CH1,POWER,2.35
1761304543605,CH1,POWER,2.35
1761304543608,CH1,POWER,2.35
1761304543635,CH1,POWER,2.35
1761304543641,CH1,POWER,2.35
1761304543645,CH1,POWER,2.35
1761304543651,CH1,POWER,2.35
1761304543655,CH1,POWER,2.35
1761304543661,CH1,POWER,2.35
1761304543665,CH1,POWER,2.35
1761304543671,CH1,POWER,2.35
1761304543676,CH1,POWER,2.35
1761304543683,CH1,POWER,2.35
1761304543688,CH1,POWER,2.35
1761304543695,CH1,POWER,2.35
1761304543701,CH1,POWER,2.35
1761304543707,CH1,POWER,2.35
1761304543712,CH1,POWER,2.35
1761304543717,CH1,POWER,2.35
1761304543722,CH1,POWER,2.35
1761304543727,CH1,POWER,2.35
1761304543732,CH1,POWER,2.35
1761304543737,CH1,POWER,2.35
1761304543742,CH1,POWER,2.35
1761304543747,CH1,POWER,2.35
1761304543752,CH1,POWER,2.35
1761304543757,CH1,POWER,2.35
1761304543762,CH1,POWER,2.35
1761304543767,CH1,POWER,2.35
1761304543772,CH1,POWER,2.35
1761304543777,CH1,POWER,2.35
1761304543782,CH1,POWER,2.35
1761304543787,CH1,POWER,2.35
1761304543792,CH1,POWER,2.35
1761304543797,CH1,POWER,2.35
1761304543802,CH1,POWER,2.35
1761304543807,CH1,POWER,2.35
1761304543812,CH1,POWER,2.35
1761304543817,CH1,POWER,2.35
1761304543822,CH1,POWER,2.35
1761304543827,CH1,POWER,2.35
1761304543832,CH1,POWER,2.35
1761304543837,CH1,POWER,2.35
1761304543842,CH1,POWER,2.35
1761304543847,CH1,POWER,2.35
1761304543852,CH1,POWER,2.35
1761304543857,CH1,POWER,2.35
1761304543862,CH1,POWER,2.35
1761304543867,CH1,POWER,2.35
1761304543872,CH1,POWER,2.35
1761304543877,CH1,POWER,2.35
1761304543882,CH1,POWER,2.35
1761304543887,CH1,POWER,2.35
1761304543892,CH1,POWER,2.35
1761304543897,CH1,POWER,2.35
1761304543902,CH1,POWER,2.35
1761304543907,CH1,POWER,2.35
1761304543912,CH1,POWER,2.35
1761304543917,CH1,POWER,2.35
1761304543922,CH1,POWER,2.35
1761304543927,CH1,POWER,2.35
1761304543932,CH1,POWER,2.35
1761304543937,CH1,POWER,2.35
1761304543942,CH1,POWER,2.35
1761304543947,CH1,POWER,2.35
1761304543952,CH1,POWER,2.35
1761304543957,CH1,POWER,2.35
1761304543962,CH1,POWER,2.35
1761304543967,CH1,POWER,2.35
1761304543972,CH1,POWER,2.35
1761304543977,CH1,POWER,2.35
1761304543982,CH1,POWER,2.35
1761304543987,CH1,POWER,2.35
1761304543992,CH1,POWER,2.35
1761304543997,CH1,POWER,2.35
1761304544002,CH1,POWER,2.35
1761304544005,CH1,POWER,2.35
1761304544008,CH1,POWER,2.35
1761304544034,CH1,POWER,2.35
1761304544039,CH1,POWER,2.35
1761304544044,CH1,POWER,2.35
1761304544049,CH1,POWER,2.35
1761304544054,CH1,POWER,2.35
1761304544059,CH1,POWER,2.35
1761304544064,CH1,POWER,2.35
1761304544069,CH1,POWER,2.35
1761304544074,CH1,POWER,2.35
1761304544079,CH1,POWER,2.35
1761304544084,CH1,POWER,2.35
1761304544089,CH1,POWER,2.35
1761304544094,CH1,POWER,2.35
1761304544099,CH1,POWER,2.35
1761304544104,CH1,POWER,2.35
1761304544109,CH1,POWER,2.35
1761304544117,CH1,POWER,2.35
1761304544123,CH1,POWER,2.35
1761304544127,CH1,POWER,2.35
1761304544133,CH1,POWER,2.35
1761304544137,CH1,POWER,2.35
1761304544143,CH1,POWER,2.35
1761304544147,CH1,POWER,2.35
1761304544153,CH1,POWER,2.35
1761304544158,CH1,POWER,2.35
1761304544165,CH1,POWER,2.35
1761304544170,CH1,POWER,2.35
1761304544177,CH1,POWER,2.35
1761304544183,CH1,POWER,2.35
1761304544187,CH1,POWER,2.35
1761304544193,CH1,POWER,2.35
1761304544199,CH1,POWER,2.35
1761304544204,CH1,POWER,2.35
1761304544209,CH1,POWER,2.35
1761304544214,CH1,POWER,2.35
1761304544219,CH1,POWER,2.35
1761304544224,CH1,POWER,2.35
1761304544229,CH1,POWER,2.35
1761304544234,CH1,POWER,2.35
1761304544239,CH1,POWER,2.35
1761304544244,CH1,POWER,2.35
1761304544249,CH1,POWER,2.35
1761304544254,CH1,POWER,2.35
1761304544260,CH1,POWER,2.35
1761304544267,CH1,POWER,2.35
1761304544273,CH1,POWER,2.35
1761304544277,CH1,POWER,2.35
1761304544283,CH1,POWER,2.35
1761304544287,CH1,POWER,2.35
1761304544293,CH1,POWER,2.35
1761304544298,CH1,POWER,2.35
1761304544305,CH1,POWER,2.35
1761304544310,CH1,POWER,2.35
1761304544317,CH1,POWER,2.35
1761304544323,CH1,POWER,2.35
1761304544327,CH1,POWER,2.35
1761304544333,CH1,POWER,2.35
1761304544337,CH1,POWER,2.35
1761304544343,CH1,POWER,2.35
1761304544347,CH1,POWER,2.35
1761304544353,CH1,POWER,2.35
1761304544357,CH1,POWER,2.35
1761304544363,CH1,POWER,2.35
1761304544367,CH1,POWER,2.35
1761304544373,CH1,POWER,2.35
1761304544379,CH1,POWER,2.35
1761304544384,CH1,POWER,2.35
1761304544389,CH1,POWER,2.35
1761304544394,CH1,POWER,2.35
1761304544399,CH1,POWER,2.35
1761304544404,CH1,POWER,2.35
1761304544409,CH1,POWER,2.35
1761304544414,CH1,POWER,2.35
1761304544416,CH1,POWER,2.35
1761304544419,CH1,POWER,2.35
1761304544446,CH1,POWER,2.35
1761304544451,CH1,POWER,2.35
1761304544456,CH1,POWER,2.35
1761304544461,CH1,POWER,2.35
1761304544466,CH1,POWER,2.35
1761304544471,CH1,POWER,2.35
1761304544476,CH1,POWER,2.35
1761304544481,CH1,POWER,2.35
1761304544486,CH1,POWER,2.35
1761304544491,CH1,POWER,2.35
1761304544496,CH1,POWER,2.35
1761304544501,CH1,POWER,2.35
1761304544506,CH1,POWER,2.35
1761304544511,CH1,POWER,2.35
1761304544516,CH1,POWER,2.35
1761304544521,CH1,POWER,2.35
1761304544526,CH1,POWER,2.35
1761304544531,CH1,POWER,2.35
1761304544536,CH1,POWER,2.35
1761304544541,CH1,POWER,2.35
1761304544546,CH1,POWER,2.35
1761304544551,CH1,POWER,2.35
1761304544556,CH1,POWER,2.35
1761304544561,CH1,POWER,2.35
1761304544566,CH1,POWER,2.35
1761304544571,CH1,POWER,2.35
1761304544576,CH1,POWER,2.35
1761304544581,CH1,POWER,2.35
1761304544586,CH1,POWER,2.35
