round,load,period,start_time,id,channelId,exp_duration,end_time,experiment
12,10,0.2,1765674901802,1309,CH1,80022,1765674981824,stress-ng
1765674901804,CH1,POWER,2.50
1765674901808,CH1,POWER,2.50
1765674901814,CH1,POWER,2.50
1765674901818,CH1,POWER,2.50
1765674901824,CH1,POWER,2.50
1765674901828,CH1,POWER,2.50
1765674901834,CH1,POWER,2.50
1765674901839,CH1,POWER,2.50
1765674901844,CH1,POWER,2.50
1765674901849,CH1,POWER,2.50
1765674901854,CH1,POWER,2.50
1765674901859,CH1,POWER,2.50
1765674901864,CH1,POWER,2.50
1765674901869,CH1,POWER,2.50
1765674901874,CH1,POWER,2.50
1765674901880,CH1,POWER,2.50
1765674901884,CH1,POWER,2.50
1765674901888,CH1,POWER,2.50
1765674901893,CH1,POWER,2.50
1765674901897,CH1,POWER,2.50
1765674901901,CH1,POWER,2.50
1765674901905,CH1,POWER,2.50
1765674901910,CH1,POWER,2.50
1765674901914,CH1,POWER,2.50
1765674901920,CH1,POWER,2.50
1765674901924,CH1,POWER,2.50
1765674901930,CH1,POWER,2.50
1765674901934,CH1,POWER,2.50
1765674901963,CH1,POWER,3.05
1765674901968,CH1,POWER,3.05
1765674901973,CH1,POWER,3.05
1765674901977,CH1,POWER,3.05
1765674901984,CH1,POWER,3.05
1765674901990,CH1,POWER,3.05
1765674901995,CH1,POWER,3.05
1765674902001,CH1,POWER,3.05
1765674902006,CH1,POWER,3.05
1765674902014,CH1,POWER,3.05
1765674902019,CH1,POWER,3.05
1765674902026,CH1,POWER,3.05
1765674902032,CH1,POWER,3.05
1765674902036,CH1,POWER,3.05
1765674902041,CH1,POWER,3.05
1765674902046,CH1,POWER,3.05
1765674902051,CH1,POWER,3.05
1765674902056,CH1,POWER,3.05
1765674902062,CH1,POWER,3.05
1765674902066,CH1,POWER,3.05
1765674902071,CH1,POWER,3.05
1765674902076,CH1,POWER,3.05
1765674902081,CH1,POWER,3.05
1765674902086,CH1,POWER,3.05
1765674902092,CH1,POWER,3.05
1765674902096,CH1,POWER,3.05
1765674902102,CH1,POWER,3.05
1765674902106,CH1,POWER,3.05
1765674902111,CH1,POWER,3.05
1765674902116,CH1,POWER,3.05
1765674902120,CH1,POWER,3.05
1765674902125,CH1,POWER,3.05
1765674902129,CH1,POWER,3.05
1765674902133,CH1,POWER,3.05
1765674902138,CH1,POWER,3.05
1765674902143,CH1,POWER,3.05
1765674902148,CH1,POWER,3.05
1765674902153,CH1,POWER,3.05
1765674902158,CH1,POWER,3.05
1765674902166,CH1,POWER,3.05
1765674902171,CH1,POWER,3.05
1765674902176,CH1,POWER,3.05
1765674902181,CH1,POWER,3.05
1765674902186,CH1,POWER,3.05
1765674902191,CH1,POWER,3.05
1765674902196,CH1,POWER,3.05
1765674902200,CH1,POWER,3.05
1765674902206,CH1,POWER,3.05
1765674902211,CH1,POWER,3.05
1765674902216,CH1,POWER,3.05
1765674902224,CH1,POWER,3.05
1765674902229,CH1,POWER,3.05
1765674902236,CH1,POWER,3.05
1765674902244,CH1,POWER,3.05
1765674902249,CH1,POWER,3.05
1765674902255,CH1,POWER,3.05
1765674902260,CH1,POWER,3.05
1765674902266,CH1,POWER,3.05
1765674902271,CH1,POWER,3.05
1765674902276,CH1,POWER,3.05
1765674902280,CH1,POWER,3.05
1765674902286,CH1,POWER,3.05
1765674902294,CH1,POWER,3.05
1765674902299,CH1,POWER,3.05
1765674902306,CH1,POWER,3.05
1765674902314,CH1,POWER,3.05
1765674902320,CH1,POWER,3.05
1765674902326,CH1,POWER,3.05
1765674902354,CH1,POWER,3.05
1765674902360,CH1,POWER,2.50
1765674902365,CH1,POWER,2.50
1765674902370,CH1,POWER,2.50
1765674902378,CH1,POWER,2.50
1765674902382,CH1,POWER,2.50
1765674902387,CH1,POWER,2.50
1765674902391,CH1,POWER,2.50
1765674902395,CH1,POWER,2.50
1765674902400,CH1,POWER,2.50
1765674902406,CH1,POWER,2.50
1765674902410,CH1,POWER,2.50
1765674902415,CH1,POWER,2.50
1765674902419,CH1,POWER,2.50
1765674902426,CH1,POWER,2.50
1765674902430,CH1,POWER,2.50
1765674902436,CH1,POWER,2.50
1765674902441,CH1,POWER,2.50
1765674902445,CH1,POWER,2.50
1765674902449,CH1,POWER,2.50
1765674902455,CH1,POWER,2.50
1765674902459,CH1,POWER,2.50
1765674902466,CH1,POWER,2.50
1765674902471,CH1,POWER,2.50
1765674902475,CH1,POWER,2.50
1765674902480,CH1,POWER,2.50
1765674902485,CH1,POWER,2.50
1765674902490,CH1,POWER,2.50
1765674902496,CH1,POWER,2.50
1765674902500,CH1,POWER,2.50
1765674902506,CH1,POWER,2.50
1765674902510,CH1,POWER,2.50
1765674902516,CH1,POWER,2.50
1765674902520,CH1,POWER,2.50
1765674902526,CH1,POWER,2.50
1765674902531,CH1,POWER,2.50
1765674902535,CH1,POWER,2.50
1765674902540,CH1,POWER,2.50
1765674902546,CH1,POWER,2.50
1765674902550,CH1,POWER,2.50
1765674902555,CH1,POWER,2.50
1765674902559,CH1,POWER,2.50
1765674902563,CH1,POWER,2.50
1765674902568,CH1,POWER,2.50
1765674902573,CH1,POWER,2.50
1765674902578,CH1,POWER,2.50
1765674902583,CH1,POWER,2.50
1765674902588,CH1,POWER,2.50
1765674902592,CH1,POWER,2.50
1765674902597,CH1,POWER,2.50
1765674902602,CH1,POWER,2.50
1765674902608,CH1,POWER,2.50
1765674902616,CH1,POWER,2.50
1765674902621,CH1,POWER,2.50
1765674902628,CH1,POWER,2.50
1765674902633,CH1,POWER,2.50
1765674902638,CH1,POWER,2.50
1765674902643,CH1,POWER,2.50
1765674902648,CH1,POWER,2.50
1765674902653,CH1,POWER,2.50
1765674902658,CH1,POWER,2.50
1765674902664,CH1,POWER,2.50
1765674902668,CH1,POWER,2.50
1765674902673,CH1,POWER,2.50
1765674902678,CH1,POWER,2.50
1765674902682,CH1,POWER,2.50
1765674902687,CH1,POWER,2.50
1765674902692,CH1,POWER,2.50
1765674902697,CH1,POWER,2.50
1765674902701,CH1,POWER,2.50
1765674902705,CH1,POWER,2.50
1765674902710,CH1,POWER,2.50
1765674902716,CH1,POWER,2.50
1765674902721,CH1,POWER,2.50
1765674902749,CH1,POWER,3.15
1765674902754,CH1,POWER,3.15
1765674902759,CH1,POWER,3.15
1765674902763,CH1,POWER,3.15
1765674902770,CH1,POWER,3.15
1765674902775,CH1,POWER,3.15
1765674902780,CH1,POWER,3.15
1765674902785,CH1,POWER,3.15
1765674902790,CH1,POWER,3.15
1765674902794,CH1,POWER,3.15
1765674902800,CH1,POWER,3.15
1765674902804,CH1,POWER,3.15
1765674902809,CH1,POWER,3.15
1765674902813,CH1,POWER,3.15
1765674902820,CH1,POWER,3.15
1765674902824,CH1,POWER,3.15
1765674902830,CH1,POWER,3.15
1765674902835,CH1,POWER,3.15
1765674902840,CH1,POWER,3.15
1765674902844,CH1,POWER,3.15
1765674902850,CH1,POWER,3.15
1765674902856,CH1,POWER,3.15
1765674902860,CH1,POWER,3.15
1765674902864,CH1,POWER,3.15
1765674902869,CH1,POWER,3.15
1765674902874,CH1,POWER,3.15
1765674902880,CH1,POWER,3.15
1765674902885,CH1,POWER,3.15
1765674902890,CH1,POWER,3.15
1765674902895,CH1,POWER,3.15
1765674902900,CH1,POWER,3.15
1765674902905,CH1,POWER,3.15
1765674902910,CH1,POWER,3.15
1765674902915,CH1,POWER,3.15
1765674902920,CH1,POWER,3.15
1765674902924,CH1,POWER,3.15
1765674902929,CH1,POWER,3.15
1765674902934,CH1,POWER,3.15
1765674902940,CH1,POWER,3.15
1765674902945,CH1,POWER,3.15
1765674902950,CH1,POWER,3.15
1765674902955,CH1,POWER,3.15
1765674902960,CH1,POWER,3.15
1765674902964,CH1,POWER,3.15
1765674902970,CH1,POWER,3.15
1765674902975,CH1,POWER,3.15
1765674902980,CH1,POWER,3.15
1765674902985,CH1,POWER,3.15
1765674902990,CH1,POWER,3.15
1765674902995,CH1,POWER,3.15
1765674903000,CH1,POWER,3.15
1765674903005,CH1,POWER,3.15
1765674903010,CH1,POWER,3.15
1765674903015,CH1,POWER,3.15
1765674903020,CH1,POWER,3.15
1765674903025,CH1,POWER,3.15
1765674903030,CH1,POWER,3.15
1765674903034,CH1,POWER,3.15
1765674903039,CH1,POWER,3.15
1765674903044,CH1,POWER,3.15
1765674903050,CH1,POWER,3.15
1765674903055,CH1,POWER,3.15
1765674903060,CH1,POWER,3.15
1765674903065,CH1,POWER,3.15
1765674903070,CH1,POWER,3.15
1765674903075,CH1,POWER,3.15
1765674903080,CH1,POWER,3.15
1765674903088,CH1,POWER,3.15
1765674903093,CH1,POWER,3.15
1765674903097,CH1,POWER,3.15
1765674903101,CH1,POWER,3.15
1765674903105,CH1,POWER,3.15
1765674903110,CH1,POWER,3.15
1765674903114,CH1,POWER,3.15
1765674903118,CH1,POWER,3.20
1765674903120,CH1,POWER,3.20
1765674903123,CH1,POWER,3.20
1765674903149,CH1,POWER,3.20
1765674903154,CH1,POWER,3.20
1765674903159,CH1,POWER,3.20
1765674903164,CH1,POWER,3.20
1765674903170,CH1,POWER,3.20
1765674903175,CH1,POWER,3.20
1765674903182,CH1,POWER,3.20
1765674903190,CH1,POWER,3.20
1765674903195,CH1,POWER,3.20
1765674903199,CH1,POWER,3.20
1765674903203,CH1,POWER,3.20
1765674903210,CH1,POWER,3.20
1765674903214,CH1,POWER,3.20
1765674903219,CH1,POWER,3.20
1765674903225,CH1,POWER,3.20
1765674903232,CH1,POWER,3.20
1765674903237,CH1,POWER,3.20
1765674903242,CH1,POWER,3.20
1765674903247,CH1,POWER,3.20
1765674903252,CH1,POWER,3.20
1765674903257,CH1,POWER,3.20
1765674903262,CH1,POWER,3.20
1765674903267,CH1,POWER,3.20
1765674903272,CH1,POWER,3.20
1765674903277,CH1,POWER,3.20
1765674903282,CH1,POWER,3.20
1765674903287,CH1,POWER,3.20
1765674903292,CH1,POWER,3.20
1765674903296,CH1,POWER,3.20
1765674903301,CH1,POWER,3.20
1765674903306,CH1,POWER,3.20
1765674903312,CH1,POWER,3.20
1765674903317,CH1,POWER,3.20
1765674903322,CH1,POWER,3.20
1765674903326,CH1,POWER,3.20
1765674903331,CH1,POWER,3.20
1765674903336,CH1,POWER,3.20
1765674903341,CH1,POWER,3.20
1765674903345,CH1,POWER,3.20
1765674903352,CH1,POWER,3.20
1765674903360,CH1,POWER,3.20
1765674903365,CH1,POWER,3.20
1765674903369,CH1,POWER,3.20
1765674903374,CH1,POWER,3.20
1765674903380,CH1,POWER,3.20
1765674903385,CH1,POWER,3.20
1765674903392,CH1,POWER,3.20
1765674903397,CH1,POWER,3.20
1765674903402,CH1,POWER,3.20
1765674903407,CH1,POWER,3.20
1765674903412,CH1,POWER,3.20
1765674903416,CH1,POWER,3.20
1765674903422,CH1,POWER,3.20
1765674903427,CH1,POWER,3.20
1765674903432,CH1,POWER,3.20
1765674903440,CH1,POWER,3.20
1765674903446,CH1,POWER,3.20
1765674903451,CH1,POWER,3.20
1765674903456,CH1,POWER,3.20
1765674903461,CH1,POWER,3.20
1765674903466,CH1,POWER,3.20
1765674903471,CH1,POWER,3.20
1765674903475,CH1,POWER,3.20
1765674903482,CH1,POWER,3.20
1765674903487,CH1,POWER,3.20
1765674903492,CH1,POWER,3.20
1765674903496,CH1,POWER,3.20
1765674903501,CH1,POWER,3.20
1765674903506,CH1,POWER,3.20
1765674903509,CH1,POWER,3.20
1765674903512,CH1,POWER,3.20
1765674903514,CH1,POWER,3.20
1765674903541,CH1,POWER,3.20
1765674903546,CH1,POWER,3.20
1765674903551,CH1,POWER,3.20
1765674903555,CH1,POWER,3.20
1765674903562,CH1,POWER,3.20
1765674903567,CH1,POWER,3.20
1765674903574,CH1,POWER,3.20
1765674903579,CH1,POWER,3.20
1765674903584,CH1,POWER,3.20
1765674903589,CH1,POWER,3.20
1765674903594,CH1,POWER,3.20
1765674903598,CH1,POWER,3.20
1765674903604,CH1,POWER,3.20
1765674903608,CH1,POWER,3.20
1765674903613,CH1,POWER,3.20
1765674903617,CH1,POWER,3.20
1765674903621,CH1,POWER,3.20
1765674903625,CH1,POWER,3.20
1765674903631,CH1,POWER,3.20
1765674903635,CH1,POWER,3.20
1765674903642,CH1,POWER,3.20
1765674903647,CH1,POWER,3.20
1765674903651,CH1,POWER,3.20
1765674903656,CH1,POWER,3.20
1765674903661,CH1,POWER,3.20
1765674903665,CH1,POWER,3.20
1765674903669,CH1,POWER,3.20
1765674903674,CH1,POWER,3.20
1765674903678,CH1,POWER,3.20
1765674903683,CH1,POWER,3.20
1765674903688,CH1,POWER,3.20
1765674903694,CH1,POWER,3.20
1765674903698,CH1,POWER,3.20
1765674903704,CH1,POWER,3.20
1765674903708,CH1,POWER,3.20
1765674903714,CH1,POWER,3.20
1765674903719,CH1,POWER,3.20
1765674903724,CH1,POWER,3.20
1765674903728,CH1,POWER,3.20
1765674903734,CH1,POWER,3.20
1765674903738,CH1,POWER,3.20
1765674903744,CH1,POWER,3.20
1765674903749,CH1,POWER,3.20
1765674903754,CH1,POWER,3.20
1765674903758,CH1,POWER,3.20
1765674903763,CH1,POWER,3.20
1765674903768,CH1,POWER,3.20
1765674903773,CH1,POWER,3.20
1765674903778,CH1,POWER,3.20
1765674903783,CH1,POWER,3.20
1765674903789,CH1,POWER,3.20
1765674903794,CH1,POWER,3.20
1765674903799,CH1,POWER,3.20
1765674903804,CH1,POWER,3.20
1765674903808,CH1,POWER,3.20
1765674903814,CH1,POWER,3.20
1765674903822,CH1,POWER,3.20
1765674903827,CH1,POWER,3.20
1765674903834,CH1,POWER,3.20
1765674903842,CH1,POWER,3.20
1765674903847,CH1,POWER,3.20
1765674903853,CH1,POWER,3.20
1765674903857,CH1,POWER,3.20
1765674903864,CH1,POWER,3.20
1765674903869,CH1,POWER,3.20
1765674903874,CH1,POWER,3.20
1765674903879,CH1,POWER,3.20
1765674903884,CH1,POWER,3.20
1765674903889,CH1,POWER,3.20
1765674903894,CH1,POWER,3.20
1765674903899,CH1,POWER,3.20
1765674903904,CH1,POWER,3.20
1765674903907,CH1,POWER,3.20
1765674903933,CH1,POWER,3.20
1765674903938,CH1,POWER,3.20
1765674903943,CH1,POWER,3.20
1765674903947,CH1,POWER,3.20
1765674903954,CH1,POWER,3.20
1765674903959,CH1,POWER,3.20
1765674903966,CH1,POWER,3.20
1765674903971,CH1,POWER,3.20
1765674903976,CH1,POWER,3.20
1765674903980,CH1,POWER,3.20
1765674903985,CH1,POWER,3.20
1765674903990,CH1,POWER,3.20
1765674903995,CH1,POWER,3.20
1765674903999,CH1,POWER,3.20
1765674904006,CH1,POWER,3.20
1765674904011,CH1,POWER,3.20
1765674904016,CH1,POWER,3.20
1765674904021,CH1,POWER,3.20
1765674904026,CH1,POWER,3.20
1765674904031,CH1,POWER,3.20
1765674904036,CH1,POWER,3.20
1765674904040,CH1,POWER,3.20
1765674904045,CH1,POWER,3.20
1765674904050,CH1,POWER,3.20
1765674904056,CH1,POWER,3.20
1765674904061,CH1,POWER,3.20
1765674904066,CH1,POWER,3.20
1765674904071,CH1,POWER,3.20
1765674904076,CH1,POWER,3.20
1765674904081,CH1,POWER,3.20
1765674904086,CH1,POWER,3.20
1765674904091,CH1,POWER,3.20
1765674904096,CH1,POWER,3.20
1765674904100,CH1,POWER,3.20
1765674904105,CH1,POWER,3.20
1765674904109,CH1,POWER,3.20
1765674904116,CH1,POWER,3.20
1765674904121,CH1,POWER,3.20
1765674904126,CH1,POWER,3.20
1765674904130,CH1,POWER,3.20
1765674904135,CH1,POWER,3.20
1765674904140,CH1,POWER,3.20
1765674904146,CH1,POWER,3.20
1765674904151,CH1,POWER,3.20
1765674904156,CH1,POWER,3.20
1765674904160,CH1,POWER,3.20
1765674904165,CH1,POWER,3.20
1765674904170,CH1,POWER,3.20
1765674904176,CH1,POWER,3.20
1765674904184,CH1,POWER,3.20
1765674904189,CH1,POWER,3.20
1765674904196,CH1,POWER,3.20
1765674904201,CH1,POWER,3.20
1765674904206,CH1,POWER,3.20
1765674904211,CH1,POWER,3.20
1765674904216,CH1,POWER,3.20
1765674904220,CH1,POWER,3.20
1765674904225,CH1,POWER,3.20
1765674904230,CH1,POWER,3.20
1765674904236,CH1,POWER,3.20
1765674904241,CH1,POWER,3.20
1765674904246,CH1,POWER,3.20
1765674904251,CH1,POWER,3.20
1765674904256,CH1,POWER,3.20
1765674904261,CH1,POWER,3.20
1765674904266,CH1,POWER,3.20
1765674904271,CH1,POWER,3.20
1765674904276,CH1,POWER,3.20
1765674904281,CH1,POWER,3.20
1765674904286,CH1,POWER,3.20
1765674904294,CH1,POWER,3.20
1765674904297,CH1,POWER,3.55
1765674904299,CH1,POWER,3.55
1765674904327,CH1,POWER,3.55
1765674904332,CH1,POWER,3.55
1765674904337,CH1,POWER,3.55
1765674904342,CH1,POWER,3.55
1765674904347,CH1,POWER,3.55
1765674904352,CH1,POWER,3.55
1765674904358,CH1,POWER,3.55
1765674904362,CH1,POWER,3.55
1765674904368,CH1,POWER,3.55
1765674904373,CH1,POWER,3.55
1765674904378,CH1,POWER,3.55
1765674904386,CH1,POWER,3.55
1765674904391,CH1,POWER,3.55
1765674904397,CH1,POWER,3.55
1765674904401,CH1,POWER,3.55
1765674904408,CH1,POWER,3.55
1765674904412,CH1,POWER,3.55
1765674904417,CH1,POWER,3.55
1765674904422,CH1,POWER,3.55
1765674904427,CH1,POWER,3.55
1765674904433,CH1,POWER,3.55
1765674904438,CH1,POWER,3.55
1765674904443,CH1,POWER,3.55
1765674904448,CH1,POWER,3.55
1765674904452,CH1,POWER,3.55
1765674904457,CH1,POWER,3.55
1765674904461,CH1,POWER,3.55
1765674904468,CH1,POWER,3.55
1765674904473,CH1,POWER,3.55
1765674904478,CH1,POWER,3.55
1765674904483,CH1,POWER,3.55
1765674904488,CH1,POWER,3.55
1765674904496,CH1,POWER,3.55
1765674904501,CH1,POWER,3.55
1765674904508,CH1,POWER,3.55
1765674904513,CH1,POWER,3.55
1765674904518,CH1,POWER,3.55
1765674904526,CH1,POWER,3.55
1765674904530,CH1,POWER,3.55
1765674904535,CH1,POWER,3.55
1765674904541,CH1,POWER,3.55
1765674904548,CH1,POWER,3.55
1765674904553,CH1,POWER,3.55
1765674904558,CH1,POWER,3.55
1765674904563,CH1,POWER,3.55
1765674904568,CH1,POWER,3.55
1765674904572,CH1,POWER,3.55
1765674904577,CH1,POWER,3.55
1765674904582,CH1,POWER,3.55
1765674904587,CH1,POWER,3.55
1765674904592,CH1,POWER,3.55
1765674904598,CH1,POWER,3.55
1765674904603,CH1,POWER,3.55
1765674904608,CH1,POWER,3.55
1765674904613,CH1,POWER,3.55
1765674904618,CH1,POWER,3.55
1765674904626,CH1,POWER,3.55
1765674904631,CH1,POWER,3.55
1765674904638,CH1,POWER,3.55
1765674904643,CH1,POWER,3.55
1765674904648,CH1,POWER,3.55
1765674904653,CH1,POWER,3.55
1765674904658,CH1,POWER,3.55
1765674904663,CH1,POWER,3.55
1765674904668,CH1,POWER,3.55
1765674904672,CH1,POWER,3.55
1765674904678,CH1,POWER,3.55
1765674904683,CH1,POWER,3.55
1765674904688,CH1,POWER,3.55
1765674904691,CH1,POWER,3.20
1765674904717,CH1,POWER,3.20
1765674904722,CH1,POWER,3.20
1765674904727,CH1,POWER,3.20
1765674904732,CH1,POWER,3.20
1765674904737,CH1,POWER,3.20
1765674904743,CH1,POWER,3.20
1765674904748,CH1,POWER,3.20
1765674904753,CH1,POWER,3.20
1765674904757,CH1,POWER,3.20
1765674904763,CH1,POWER,3.20
1765674904769,CH1,POWER,3.20
1765674904773,CH1,POWER,3.20
1765674904780,CH1,POWER,3.20
1765674904788,CH1,POWER,3.20
1765674904793,CH1,POWER,3.20
1765674904800,CH1,POWER,3.20
1765674904805,CH1,POWER,3.20
1765674904810,CH1,POWER,3.20
1765674904815,CH1,POWER,3.20
1765674904820,CH1,POWER,3.20
1765674904828,CH1,POWER,3.20
1765674904833,CH1,POWER,3.20
1765674904840,CH1,POWER,3.20
1765674904845,CH1,POWER,3.20
1765674904850,CH1,POWER,3.20
1765674904855,CH1,POWER,3.20
1765674904860,CH1,POWER,3.20
1765674904865,CH1,POWER,3.20
1765674904870,CH1,POWER,3.20
1765674904874,CH1,POWER,3.20
1765674904880,CH1,POWER,3.20
1765674904884,CH1,POWER,3.20
1765674904889,CH1,POWER,3.20
1765674904894,CH1,POWER,3.20
1765674904900,CH1,POWER,3.20
1765674904903,CH1,POWER,3.20
1765674904910,CH1,POWER,3.20
1765674904914,CH1,POWER,3.20
1765674904920,CH1,POWER,3.20
1765674904924,CH1,POWER,3.20
1765674904928,CH1,POWER,3.20
1765674904933,CH1,POWER,3.20
1765674904940,CH1,POWER,3.20
1765674904945,CH1,POWER,3.20
1765674904950,CH1,POWER,3.20
1765674904955,CH1,POWER,3.20
1765674904960,CH1,POWER,3.20
1765674904965,CH1,POWER,3.20
1765674904970,CH1,POWER,3.20
1765674904978,CH1,POWER,3.20
1765674904983,CH1,POWER,3.20
1765674904989,CH1,POWER,3.20
1765674904994,CH1,POWER,3.20
1765674904999,CH1,POWER,3.20
1765674905004,CH1,POWER,3.20
1765674905010,CH1,POWER,3.20
1765674905014,CH1,POWER,3.20
1765674905019,CH1,POWER,3.20
1765674905023,CH1,POWER,3.20
1765674905030,CH1,POWER,3.20
1765674905035,CH1,POWER,3.20
1765674905040,CH1,POWER,3.20
1765674905044,CH1,POWER,3.20
1765674905049,CH1,POWER,3.20
1765674905054,CH1,POWER,3.20
1765674905059,CH1,POWER,3.20
1765674905064,CH1,POWER,3.20
1765674905070,CH1,POWER,3.20
1765674905074,CH1,POWER,3.20
1765674905080,CH1,POWER,3.20
1765674905084,CH1,POWER,3.20
1765674905112,CH1,POWER,3.20
1765674905117,CH1,POWER,3.20
1765674905122,CH1,POWER,3.20
1765674905126,CH1,POWER,3.20
1765674905132,CH1,POWER,3.20
1765674905137,CH1,POWER,3.20
1765674905142,CH1,POWER,3.20
1765674905150,CH1,POWER,3.20
1765674905155,CH1,POWER,3.20
1765674905162,CH1,POWER,3.20
1765674905166,CH1,POWER,3.20
1765674905172,CH1,POWER,3.20
1765674905179,CH1,POWER,3.20
1765674905184,CH1,POWER,3.20
1765674905189,CH1,POWER,3.20
1765674905195,CH1,POWER,3.20
1765674905201,CH1,POWER,3.20
1765674905206,CH1,POWER,3.20
1765674905212,CH1,POWER,3.20
1765674905217,CH1,POWER,3.20
1765674905222,CH1,POWER,3.20
1765674905226,CH1,POWER,3.20
1765674905232,CH1,POWER,3.20
1765674905240,CH1,POWER,3.20
1765674905246,CH1,POWER,3.20
1765674905252,CH1,POWER,3.20
1765674905257,CH1,POWER,3.20
1765674905262,CH1,POWER,3.20
1765674905267,CH1,POWER,3.20
1765674905272,CH1,POWER,3.20
1765674905277,CH1,POWER,3.20
1765674905282,CH1,POWER,3.20
1765674905290,CH1,POWER,3.20
1765674905296,CH1,POWER,3.20
1765674905302,CH1,POWER,3.20
1765674905307,CH1,POWER,3.20
1765674905312,CH1,POWER,3.20
1765674905317,CH1,POWER,3.20
1765674905322,CH1,POWER,3.20
1765674905327,CH1,POWER,3.20
1765674905332,CH1,POWER,3.20
1765674905339,CH1,POWER,3.20
1765674905344,CH1,POWER,3.20
1765674905349,CH1,POWER,3.20
1765674905354,CH1,POWER,3.20
1765674905361,CH1,POWER,3.20
1765674905366,CH1,POWER,3.20
1765674905371,CH1,POWER,3.20
1765674905375,CH1,POWER,3.20
1765674905381,CH1,POWER,3.20
1765674905386,CH1,POWER,3.20
1765674905391,CH1,POWER,3.20
1765674905397,CH1,POWER,3.20
1765674905402,CH1,POWER,3.20
1765674905407,CH1,POWER,3.20
1765674905411,CH1,POWER,3.20
1765674905416,CH1,POWER,3.20
1765674905421,CH1,POWER,3.20
1765674905427,CH1,POWER,3.20
1765674905432,CH1,POWER,3.20
1765674905437,CH1,POWER,3.20
1765674905442,CH1,POWER,3.20
1765674905447,CH1,POWER,3.20
1765674905452,CH1,POWER,3.20
1765674905460,CH1,POWER,3.20
1765674905465,CH1,POWER,3.20
1765674905469,CH1,POWER,3.20
1765674905471,CH1,POWER,3.20
1765674905474,CH1,POWER,3.20
1765674905476,CH1,POWER,3.20
1765674905504,CH1,POWER,3.20
1765674905509,CH1,POWER,3.20
1765674905514,CH1,POWER,3.20
1765674905519,CH1,POWER,3.20
1765674905524,CH1,POWER,3.20
1765674905529,CH1,POWER,3.20
1765674905534,CH1,POWER,3.20
1765674905539,CH1,POWER,3.20
1765674905544,CH1,POWER,3.20
1765674905548,CH1,POWER,3.20
1765674905553,CH1,POWER,3.20
1765674905559,CH1,POWER,3.20
1765674905564,CH1,POWER,3.20
1765674905568,CH1,POWER,3.20
1765674905573,CH1,POWER,3.20
1765674905578,CH1,POWER,3.20
1765674905583,CH1,POWER,3.20
1765674905589,CH1,POWER,3.20
1765674905594,CH1,POWER,3.20
1765674905598,CH1,POWER,3.20
1765674905603,CH1,POWER,3.20
1765674905607,CH1,POWER,3.20
1765674905611,CH1,POWER,3.20
1765674905615,CH1,POWER,3.20
1765674905619,CH1,POWER,3.20
1765674905624,CH1,POWER,3.20
1765674905632,CH1,POWER,3.20
1765674905638,CH1,POWER,3.20
1765674905643,CH1,POWER,3.20
1765674905649,CH1,POWER,3.20
1765674905654,CH1,POWER,3.20
1765674905659,CH1,POWER,3.20
1765674905664,CH1,POWER,3.20
1765674905668,CH1,POWER,3.20
1765674905674,CH1,POWER,3.20
1765674905678,CH1,POWER,3.20
1765674905683,CH1,POWER,3.20
1765674905688,CH1,POWER,3.20
1765674905694,CH1,POWER,3.20
1765674905702,CH1,POWER,3.20
1765674905707,CH1,POWER,3.20
1765674905714,CH1,POWER,3.20
1765674905719,CH1,POWER,3.20
1765674905724,CH1,POWER,3.20
1765674905729,CH1,POWER,3.20
1765674905734,CH1,POWER,3.20
1765674905739,CH1,POWER,3.20
1765674905744,CH1,POWER,3.20
1765674905748,CH1,POWER,3.20
1765674905753,CH1,POWER,3.20
1765674905758,CH1,POWER,3.20
1765674905763,CH1,POWER,3.20
1765674905769,CH1,POWER,3.20
1765674905774,CH1,POWER,3.20
1765674905778,CH1,POWER,3.20
1765674905783,CH1,POWER,3.20
1765674905789,CH1,POWER,3.20
1765674905794,CH1,POWER,3.20
1765674905799,CH1,POWER,3.20
1765674905804,CH1,POWER,3.20
1765674905808,CH1,POWER,3.20
1765674905812,CH1,POWER,3.20
1765674905817,CH1,POWER,3.20
1765674905821,CH1,POWER,3.20
1765674905826,CH1,POWER,3.20
1765674905834,CH1,POWER,3.20
1765674905839,CH1,POWER,3.20
1765674905844,CH1,POWER,3.20
1765674905852,CH1,POWER,3.20
1765674905856,CH1,POWER,3.20
1765674905883,CH1,POWER,3.60
1765674905888,CH1,POWER,3.60
1765674905893,CH1,POWER,3.60
1765674905897,CH1,POWER,3.60
1765674905903,CH1,POWER,3.60
1765674905908,CH1,POWER,3.60
1765674905916,CH1,POWER,3.60
1765674905921,CH1,POWER,3.60
1765674905926,CH1,POWER,3.60
1765674905930,CH1,POWER,3.60
1765674905934,CH1,POWER,3.60
1765674905939,CH1,POWER,3.60
1765674905946,CH1,POWER,3.60
1765674905950,CH1,POWER,3.60
1765674905955,CH1,POWER,3.60
1765674905959,CH1,POWER,3.60
1765674905965,CH1,POWER,3.60
1765674905969,CH1,POWER,3.60
1765674905976,CH1,POWER,3.60
1765674905981,CH1,POWER,3.60
1765674905986,CH1,POWER,3.60
1765674905990,CH1,POWER,3.60
1765674905996,CH1,POWER,3.60
1765674906001,CH1,POWER,3.60
1765674906006,CH1,POWER,3.60
1765674906011,CH1,POWER,3.60
1765674906016,CH1,POWER,3.60
1765674906021,CH1,POWER,3.60
1765674906026,CH1,POWER,3.60
1765674906031,CH1,POWER,3.60
1765674906035,CH1,POWER,3.60
1765674906039,CH1,POWER,3.60
1765674906045,CH1,POWER,3.60
1765674906050,CH1,POWER,3.60
1765674906055,CH1,POWER,3.60
1765674906060,CH1,POWER,3.60
1765674906065,CH1,POWER,3.60
1765674906069,CH1,POWER,3.60
1765674906076,CH1,POWER,3.60
1765674906081,CH1,POWER,3.60
1765674906086,CH1,POWER,3.60
1765674906091,CH1,POWER,3.60
1765674906096,CH1,POWER,3.60
1765674906101,CH1,POWER,3.60
1765674906106,CH1,POWER,3.60
1765674906109,CH1,POWER,3.60
1765674906116,CH1,POWER,3.60
1765674906121,CH1,POWER,3.60
1765674906126,CH1,POWER,3.60
1765674906131,CH1,POWER,3.60
1765674906136,CH1,POWER,3.60
1765674906141,CH1,POWER,3.60
1765674906146,CH1,POWER,3.60
1765674906154,CH1,POWER,3.60
1765674906159,CH1,POWER,3.60
1765674906165,CH1,POWER,3.60
1765674906170,CH1,POWER,3.60
1765674906175,CH1,POWER,3.60
1765674906180,CH1,POWER,3.60
1765674906186,CH1,POWER,3.60
1765674906191,CH1,POWER,3.60
1765674906196,CH1,POWER,3.60
1765674906203,CH1,POWER,3.60
1765674906208,CH1,POWER,3.60
1765674906212,CH1,POWER,3.60
1765674906219,CH1,POWER,3.60
1765674906224,CH1,POWER,3.60
1765674906230,CH1,POWER,3.60
1765674906235,CH1,POWER,3.60
1765674906239,CH1,POWER,3.60
1765674906245,CH1,POWER,3.60
1765674906247,CH1,POWER,3.20
1765674906250,CH1,POWER,3.20
1765674906278,CH1,POWER,3.20
1765674906286,CH1,POWER,3.20
1765674906291,CH1,POWER,3.20
1765674906297,CH1,POWER,3.20
1765674906302,CH1,POWER,3.20
1765674906307,CH1,POWER,3.20
1765674906311,CH1,POWER,3.20
1765674906318,CH1,POWER,3.20
1765674906326,CH1,POWER,3.20
1765674906331,CH1,POWER,3.20
1765674906337,CH1,POWER,3.20
1765674906342,CH1,POWER,3.20
1765674906346,CH1,POWER,3.20
1765674906351,CH1,POWER,3.20
1765674906356,CH1,POWER,3.20
1765674906360,CH1,POWER,3.20
1765674906364,CH1,POWER,3.20
1765674906369,CH1,POWER,3.20
1765674906375,CH1,POWER,3.20
1765674906379,CH1,POWER,3.20
1765674906386,CH1,POWER,3.20
1765674906391,CH1,POWER,3.20
1765674906397,CH1,POWER,3.20
1765674906402,CH1,POWER,3.20
1765674906407,CH1,POWER,3.20
1765674906411,CH1,POWER,3.20
1765674906418,CH1,POWER,3.20
1765674906426,CH1,POWER,3.20
1765674906431,CH1,POWER,3.20
1765674906438,CH1,POWER,3.20
1765674906443,CH1,POWER,3.20
1765674906448,CH1,POWER,3.20
1765674906453,CH1,POWER,3.20
1765674906458,CH1,POWER,3.20
1765674906463,CH1,POWER,3.20
1765674906467,CH1,POWER,3.20
1765674906472,CH1,POWER,3.20
1765674906478,CH1,POWER,3.20
1765674906483,CH1,POWER,3.20
1765674906488,CH1,POWER,3.20
1765674906493,CH1,POWER,3.20
1765674906497,CH1,POWER,3.20
1765674906502,CH1,POWER,3.20
1765674906506,CH1,POWER,3.20
1765674906510,CH1,POWER,3.20
1765674906515,CH1,POWER,3.20
1765674906520,CH1,POWER,3.20
1765674906525,CH1,POWER,3.20
1765674906529,CH1,POWER,3.20
1765674906536,CH1,POWER,3.20
1765674906541,CH1,POWER,3.20
1765674906547,CH1,POWER,3.20
1765674906552,CH1,POWER,3.20
1765674906557,CH1,POWER,3.20
1765674906561,CH1,POWER,3.20
1765674906567,CH1,POWER,3.20
1765674906571,CH1,POWER,3.20
1765674906578,CH1,POWER,3.20
1765674906583,CH1,POWER,3.20
1765674906587,CH1,POWER,3.20
1765674906592,CH1,POWER,3.20
1765674906597,CH1,POWER,3.20
1765674906602,CH1,POWER,3.20
1765674906607,CH1,POWER,3.20
1765674906612,CH1,POWER,3.20
1765674906617,CH1,POWER,3.20
1765674906622,CH1,POWER,3.20
1765674906627,CH1,POWER,3.20
1765674906631,CH1,POWER,3.20
1765674906636,CH1,POWER,3.20
1765674906639,CH1,POWER,3.20
1765674906641,CH1,POWER,3.20
1765674906669,CH1,POWER,3.20
1765674906674,CH1,POWER,3.20
1765674906678,CH1,POWER,3.20
1765674906682,CH1,POWER,3.20
1765674906687,CH1,POWER,3.20
1765674906692,CH1,POWER,3.20
1765674906700,CH1,POWER,3.20
1765674906705,CH1,POWER,3.20
1765674906709,CH1,POWER,3.20
1765674906713,CH1,POWER,3.20
1765674906719,CH1,POWER,3.20
1765674906723,CH1,POWER,3.20
1765674906730,CH1,POWER,3.20
1765674906734,CH1,POWER,3.20
1765674906739,CH1,POWER,3.20
1765674906743,CH1,POWER,3.20
1765674906749,CH1,POWER,3.20
1765674906753,CH1,POWER,3.20
1765674906760,CH1,POWER,3.20
1765674906765,CH1,POWER,3.20
1765674906769,CH1,POWER,3.20
1765674906774,CH1,POWER,3.20
1765674906778,CH1,POWER,3.20
1765674906783,CH1,POWER,3.20
1765674906790,CH1,POWER,3.20
1765674906795,CH1,POWER,3.20
1765674906799,CH1,POWER,3.20
1765674906804,CH1,POWER,3.20
1765674906808,CH1,POWER,3.20
1765674906813,CH1,POWER,3.20
1765674906819,CH1,POWER,3.20
1765674906824,CH1,POWER,3.20
1765674906829,CH1,POWER,3.20
1765674906833,CH1,POWER,3.20
1765674906840,CH1,POWER,3.20
1765674906845,CH1,POWER,3.20
1765674906849,CH1,POWER,3.20
1765674906858,CH1,POWER,3.20
1765674906864,CH1,POWER,3.20
1765674906869,CH1,POWER,3.20
1765674906875,CH1,POWER,3.20
1765674906880,CH1,POWER,3.20
1765674906885,CH1,POWER,3.20
1765674906889,CH1,POWER,3.20
1765674906893,CH1,POWER,3.20
1765674906899,CH1,POWER,3.20
1765674906905,CH1,POWER,3.20
1765674906910,CH1,POWER,3.20
1765674906915,CH1,POWER,3.20
1765674906920,CH1,POWER,3.20
1765674906925,CH1,POWER,3.20
1765674906929,CH1,POWER,3.20
1765674906934,CH1,POWER,3.20
1765674906939,CH1,POWER,3.20
1765674906945,CH1,POWER,3.20
1765674906950,CH1,POWER,3.20
1765674906955,CH1,POWER,3.20
1765674906960,CH1,POWER,3.20
1765674906968,CH1,POWER,3.20
1765674906973,CH1,POWER,3.20
1765674906979,CH1,POWER,3.20
1765674906984,CH1,POWER,3.20
1765674906989,CH1,POWER,3.20
1765674906993,CH1,POWER,3.20
1765674907000,CH1,POWER,3.20
1765674907005,CH1,POWER,3.20
1765674907009,CH1,POWER,3.20
1765674907014,CH1,POWER,3.20
1765674907020,CH1,POWER,3.20
1765674907025,CH1,POWER,3.20
1765674907029,CH1,POWER,3.20
1765674907032,CH1,POWER,3.20
1765674907059,CH1,POWER,3.20
1765674907064,CH1,POWER,3.20
1765674907069,CH1,POWER,3.20
1765674907073,CH1,POWER,3.20
1765674907079,CH1,POWER,3.20
1765674907084,CH1,POWER,3.20
1765674907089,CH1,POWER,3.20
1765674907095,CH1,POWER,3.20
1765674907102,CH1,POWER,3.20
1765674907107,CH1,POWER,3.20
1765674907112,CH1,POWER,3.20
1765674907117,CH1,POWER,3.20
1765674907122,CH1,POWER,3.20
1765674907127,CH1,POWER,3.20
1765674907131,CH1,POWER,3.20
1765674907136,CH1,POWER,3.20
1765674907140,CH1,POWER,3.20
1765674907144,CH1,POWER,3.20
1765674907149,CH1,POWER,3.20
1765674907154,CH1,POWER,3.20
1765674907158,CH1,POWER,3.20
1765674907162,CH1,POWER,3.20
1765674907167,CH1,POWER,3.20
1765674907171,CH1,POWER,3.20
1765674907176,CH1,POWER,3.20
1765674907181,CH1,POWER,3.20
1765674907185,CH1,POWER,3.20
1765674907191,CH1,POWER,3.20
1765674907196,CH1,POWER,3.20
1765674907201,CH1,POWER,3.20
1765674907207,CH1,POWER,3.20
1765674907212,CH1,POWER,3.20
1765674907217,CH1,POWER,3.20
1765674907221,CH1,POWER,3.20
1765674907226,CH1,POWER,3.20
1765674907231,CH1,POWER,3.20
1765674907237,CH1,POWER,3.20
1765674907242,CH1,POWER,3.20
1765674907247,CH1,POWER,3.20
1765674907252,CH1,POWER,3.20
1765674907257,CH1,POWER,3.20
1765674907261,CH1,POWER,3.20
1765674907265,CH1,POWER,3.20
1765674907271,CH1,POWER,3.20
1765674907275,CH1,POWER,3.20
1765674907281,CH1,POWER,3.20
1765674907286,CH1,POWER,3.20
1765674907290,CH1,POWER,3.20
1765674907295,CH1,POWER,3.20
1765674907301,CH1,POWER,3.20
1765674907305,CH1,POWER,3.20
1765674907311,CH1,POWER,3.20
1765674907315,CH1,POWER,3.20
1765674907322,CH1,POWER,3.20
1765674907327,CH1,POWER,3.20
1765674907331,CH1,POWER,3.20
1765674907336,CH1,POWER,3.20
1765674907340,CH1,POWER,3.20
1765674907345,CH1,POWER,3.20
1765674907350,CH1,POWER,3.20
1765674907356,CH1,POWER,3.20
1765674907361,CH1,POWER,3.20
1765674907365,CH1,POWER,3.20
1765674907371,CH1,POWER,3.20
1765674907380,CH1,POWER,3.20
1765674907384,CH1,POWER,3.20
1765674907388,CH1,POWER,3.20
1765674907393,CH1,POWER,3.20
1765674907400,CH1,POWER,3.20
1765674907405,CH1,POWER,3.20
1765674907411,CH1,POWER,3.20
1765674907416,CH1,POWER,3.20
1765674907420,CH1,POWER,3.20
1765674907424,CH1,POWER,3.20
1765674907428,CH1,POWER,3.50
1765674907431,CH1,POWER,3.50
1765674907434,CH1,POWER,3.50
1765674907436,CH1,POWER,3.50
1765674907464,CH1,POWER,3.50
1765674907469,CH1,POWER,3.50
1765674907473,CH1,POWER,3.50
1765674907478,CH1,POWER,3.50
1765674907482,CH1,POWER,3.50
1765674907487,CH1,POWER,3.50
1765674907494,CH1,POWER,3.50
1765674907502,CH1,POWER,3.50
1765674907507,CH1,POWER,3.50
1765674907513,CH1,POWER,3.50
1765674907518,CH1,POWER,3.50
1765674907522,CH1,POWER,3.50
1765674907529,CH1,POWER,3.50
1765674907534,CH1,POWER,3.50
1765674907539,CH1,POWER,3.50
1765674907543,CH1,POWER,3.50
1765674907548,CH1,POWER,3.50
1765674907552,CH1,POWER,3.50
1765674907557,CH1,POWER,3.50
1765674907563,CH1,POWER,3.50
1765674907568,CH1,POWER,3.50
1765674907573,CH1,POWER,3.50
1765674907582,CH1,POWER,3.50
1765674907587,CH1,POWER,3.50
1765674907594,CH1,POWER,3.50
1765674907602,CH1,POWER,3.50
1765674907606,CH1,POWER,3.50
1765674907614,CH1,POWER,3.50
1765674907619,CH1,POWER,3.50
1765674907624,CH1,POWER,3.50
1765674907629,CH1,POWER,3.50
1765674907634,CH1,POWER,3.50
1765674907639,CH1,POWER,3.50
1765674907643,CH1,POWER,3.50
1765674907649,CH1,POWER,3.50
1765674907654,CH1,POWER,3.50
1765674907659,CH1,POWER,3.50
1765674907663,CH1,POWER,3.50
1765674907669,CH1,POWER,3.50
1765674907673,CH1,POWER,3.50
1765674907677,CH1,POWER,3.50
1765674907683,CH1,POWER,3.50
1765674907692,CH1,POWER,3.50
1765674907698,CH1,POWER,3.50
1765674907703,CH1,POWER,3.50
1765674907709,CH1,POWER,3.50
1765674907714,CH1,POWER,3.50
1765674907721,CH1,POWER,3.50
1765674907727,CH1,POWER,3.50
1765674907734,CH1,POWER,3.50
1765674907739,CH1,POWER,3.50
1765674907744,CH1,POWER,3.50
1765674907749,CH1,POWER,3.50
1765674907754,CH1,POWER,3.50
1765674907759,CH1,POWER,3.50
1765674907763,CH1,POWER,3.50
1765674907767,CH1,POWER,3.50
1765674907773,CH1,POWER,3.50
1765674907777,CH1,POWER,3.50
1765674907783,CH1,POWER,3.50
1765674907788,CH1,POWER,3.50
1765674907792,CH1,POWER,3.50
1765674907796,CH1,POWER,3.50
1765674907803,CH1,POWER,3.50
1765674907807,CH1,POWER,3.50
1765674907812,CH1,POWER,3.50
1765674907819,CH1,POWER,3.50
1765674907823,CH1,POWER,3.50
1765674907825,CH1,POWER,2.85
1765674907828,CH1,POWER,2.85
1765674907856,CH1,POWER,2.85
1765674907861,CH1,POWER,2.85
1765674907865,CH1,POWER,2.85
1765674907873,CH1,POWER,2.85
1765674907880,CH1,POWER,2.85
1765674907885,CH1,POWER,2.85
1765674907889,CH1,POWER,2.85
1765674907895,CH1,POWER,2.85
1765674907901,CH1,POWER,2.85
1765674907905,CH1,POWER,2.85
1765674907909,CH1,POWER,2.85
1765674907915,CH1,POWER,2.85
1765674907919,CH1,POWER,2.85
1765674907926,CH1,POWER,2.85
1765674907931,CH1,POWER,2.85
1765674907935,CH1,POWER,2.85
1765674907939,CH1,POWER,2.85
1765674907945,CH1,POWER,2.85
1765674907954,CH1,POWER,2.85
1765674907960,CH1,POWER,2.85
1765674907965,CH1,POWER,2.85
1765674907969,CH1,POWER,2.85
1765674907975,CH1,POWER,2.85
1765674907979,CH1,POWER,2.85
1765674907986,CH1,POWER,2.85
1765674907991,CH1,POWER,2.85
1765674907995,CH1,POWER,2.85
1765674907999,CH1,POWER,2.85
1765674908006,CH1,POWER,2.85
1765674908011,CH1,POWER,2.85
1765674908016,CH1,POWER,2.85
1765674908021,CH1,POWER,2.85
1765674908026,CH1,POWER,2.85
1765674908031,CH1,POWER,2.85
1765674908036,CH1,POWER,2.85
1765674908041,CH1,POWER,2.85
1765674908046,CH1,POWER,2.85
1765674908051,CH1,POWER,2.85
1765674908056,CH1,POWER,2.85
1765674908061,CH1,POWER,2.85
1765674908066,CH1,POWER,2.85
1765674908071,CH1,POWER,2.85
1765674908076,CH1,POWER,2.85
1765674908081,CH1,POWER,2.85
1765674908085,CH1,POWER,2.85
1765674908090,CH1,POWER,2.85
1765674908095,CH1,POWER,2.85
1765674908099,CH1,POWER,2.85
1765674908105,CH1,POWER,2.85
1765674908114,CH1,POWER,2.85
1765674908119,CH1,POWER,2.85
1765674908126,CH1,POWER,2.85
1765674908131,CH1,POWER,2.85
1765674908135,CH1,POWER,2.85
1765674908139,CH1,POWER,2.85
1765674908146,CH1,POWER,2.85
1765674908151,CH1,POWER,2.85
1765674908155,CH1,POWER,2.85
1765674908159,CH1,POWER,2.85
1765674908165,CH1,POWER,2.85
1765674908169,CH1,POWER,2.85
1765674908175,CH1,POWER,2.85
1765674908180,CH1,POWER,2.85
1765674908184,CH1,POWER,2.85
1765674908189,CH1,POWER,2.85
1765674908195,CH1,POWER,2.85
1765674908199,CH1,POWER,2.85
1765674908205,CH1,POWER,2.85
1765674908209,CH1,POWER,2.85
1765674908216,CH1,POWER,2.85
1765674908245,CH1,POWER,3.20
1765674908250,CH1,POWER,3.20
1765674908254,CH1,POWER,3.20
1765674908259,CH1,POWER,3.20
1765674908265,CH1,POWER,3.20
1765674908270,CH1,POWER,3.20
1765674908277,CH1,POWER,3.20
1765674908281,CH1,POWER,3.20
1765674908287,CH1,POWER,3.20
1765674908291,CH1,POWER,3.20
1765674908298,CH1,POWER,3.20
1765674908303,CH1,POWER,3.20
1765674908307,CH1,POWER,3.20
1765674908311,CH1,POWER,3.20
1765674908318,CH1,POWER,3.20
1765674908323,CH1,POWER,3.20
1765674908327,CH1,POWER,3.20
1765674908336,CH1,POWER,3.20
1765674908341,CH1,POWER,3.20
1765674908347,CH1,POWER,3.20
1765674908356,CH1,POWER,3.20
1765674908360,CH1,POWER,3.20
1765674908367,CH1,POWER,3.20
1765674908371,CH1,POWER,3.20
1765674908378,CH1,POWER,3.20
1765674908383,CH1,POWER,3.20
1765674908387,CH1,POWER,3.20
1765674908391,CH1,POWER,3.20
1765674908398,CH1,POWER,3.20
1765674908403,CH1,POWER,3.20
1765674908407,CH1,POWER,3.20
1765674908413,CH1,POWER,3.20
1765674908418,CH1,POWER,3.20
1765674908423,CH1,POWER,3.20
1765674908428,CH1,POWER,3.20
1765674908433,CH1,POWER,3.20
1765674908437,CH1,POWER,3.20
1765674908443,CH1,POWER,3.20
1765674908447,CH1,POWER,3.20
1765674908453,CH1,POWER,3.20
1765674908458,CH1,POWER,3.20
1765674908463,CH1,POWER,3.20
1765674908467,CH1,POWER,3.20
1765674908473,CH1,POWER,3.20
1765674908478,CH1,POWER,3.20
1765674908483,CH1,POWER,3.20
1765674908487,CH1,POWER,3.20
1765674908492,CH1,POWER,3.20
1765674908496,CH1,POWER,3.20
1765674908501,CH1,POWER,3.20
1765674908507,CH1,POWER,3.20
1765674908515,CH1,POWER,3.20
1765674908519,CH1,POWER,3.20
1765674908525,CH1,POWER,3.20
1765674908529,CH1,POWER,3.20
1765674908535,CH1,POWER,3.20
1765674908540,CH1,POWER,3.20
1765674908547,CH1,POWER,3.20
1765674908551,CH1,POWER,3.20
1765674908557,CH1,POWER,3.20
1765674908561,CH1,POWER,3.20
1765674908568,CH1,POWER,3.20
1765674908573,CH1,POWER,3.20
1765674908577,CH1,POWER,3.20
1765674908581,CH1,POWER,3.20
1765674908586,CH1,POWER,3.20
1765674908590,CH1,POWER,3.20
1765674908594,CH1,POWER,3.20
1765674908600,CH1,POWER,3.20
1765674908606,CH1,POWER,3.20
1765674908611,CH1,POWER,3.20
1765674908639,CH1,POWER,3.20
1765674908643,CH1,POWER,3.20
1765674908649,CH1,POWER,3.20
1765674908658,CH1,POWER,3.20
1765674908662,CH1,POWER,3.20
1765674908670,CH1,POWER,3.20
1765674908675,CH1,POWER,3.20
1765674908680,CH1,POWER,3.20
1765674908685,CH1,POWER,3.20
1765674908689,CH1,POWER,3.20
1765674908697,CH1,POWER,3.20
1765674908703,CH1,POWER,3.20
1765674908708,CH1,POWER,3.20
1765674908715,CH1,POWER,3.20
1765674908720,CH1,POWER,3.20
1765674908725,CH1,POWER,3.20
1765674908729,CH1,POWER,3.20
1765674908733,CH1,POWER,3.20
1765674908740,CH1,POWER,3.20
1765674908745,CH1,POWER,3.20
1765674908750,CH1,POWER,3.20
1765674908755,CH1,POWER,3.20
1765674908759,CH1,POWER,3.20
1765674908767,CH1,POWER,3.20
1765674908772,CH1,POWER,3.20
1765674908779,CH1,POWER,3.20
1765674908785,CH1,POWER,3.20
1765674908789,CH1,POWER,3.20
1765674908793,CH1,POWER,3.20
1765674908800,CH1,POWER,3.20
1765674908805,CH1,POWER,3.20
1765674908809,CH1,POWER,3.20
1765674908815,CH1,POWER,3.20
1765674908821,CH1,POWER,3.20
1765674908827,CH1,POWER,3.20
1765674908832,CH1,POWER,3.20
1765674908839,CH1,POWER,3.20
1765674908843,CH1,POWER,3.20
1765674908848,CH1,POWER,3.20
1765674908853,CH1,POWER,3.20
1765674908859,CH1,POWER,3.20
1765674908863,CH1,POWER,3.20
1765674908869,CH1,POWER,3.20
1765674908875,CH1,POWER,3.20
1765674908879,CH1,POWER,3.20
1765674908884,CH1,POWER,3.20
1765674908888,CH1,POWER,3.20
1765674908895,CH1,POWER,3.20
1765674908899,CH1,POWER,3.20
1765674908905,CH1,POWER,3.20
1765674908909,CH1,POWER,3.20
1765674908917,CH1,POWER,3.20
1765674908922,CH1,POWER,3.20
1765674908930,CH1,POWER,3.20
1765674908935,CH1,POWER,3.20
1765674908940,CH1,POWER,3.20
1765674908945,CH1,POWER,3.20
1765674908949,CH1,POWER,3.20
1765674908957,CH1,POWER,3.20
1765674908961,CH1,POWER,3.20
1765674908968,CH1,POWER,3.20
1765674908972,CH1,POWER,3.20
1765674908976,CH1,POWER,3.20
1765674908980,CH1,POWER,3.20
1765674908985,CH1,POWER,3.20
1765674908989,CH1,POWER,3.20
1765674908995,CH1,POWER,3.20
1765674908999,CH1,POWER,3.50
1765674909002,CH1,POWER,3.50
1765674909004,CH1,POWER,3.50
1765674909032,CH1,POWER,3.50
1765674909037,CH1,POWER,3.50
1765674909041,CH1,POWER,3.50
1765674909045,CH1,POWER,3.50
1765674909052,CH1,POWER,3.50
1765674909057,CH1,POWER,3.50
1765674909061,CH1,POWER,3.50
1765674909065,CH1,POWER,3.50
1765674909071,CH1,POWER,3.50
1765674909079,CH1,POWER,3.50
1765674909085,CH1,POWER,3.50
1765674909091,CH1,POWER,3.50
1765674909097,CH1,POWER,3.50
1765674909101,CH1,POWER,3.50
1765674909107,CH1,POWER,3.50
1765674909111,CH1,POWER,3.50
1765674909115,CH1,POWER,3.50
1765674909121,CH1,POWER,3.50
1765674909125,CH1,POWER,3.50
1765674909132,CH1,POWER,3.50
1765674909137,CH1,POWER,3.50
1765674909141,CH1,POWER,3.50
1765674909147,CH1,POWER,3.50
1765674909151,CH1,POWER,3.50
1765674909159,CH1,POWER,3.50
1765674909164,CH1,POWER,3.50
1765674909168,CH1,POWER,3.50
1765674909172,CH1,POWER,3.50
1765674909177,CH1,POWER,3.50
1765674909182,CH1,POWER,3.50
1765674909187,CH1,POWER,3.50
1765674909191,CH1,POWER,3.50
1765674909199,CH1,POWER,3.50
1765674909205,CH1,POWER,3.50
1765674909211,CH1,POWER,3.50
1765674909219,CH1,POWER,3.50
1765674909223,CH1,POWER,3.50
1765674909229,CH1,POWER,3.50
1765674909233,CH1,POWER,3.50
1765674909242,CH1,POWER,3.50
1765674909247,CH1,POWER,3.50
1765674909252,CH1,POWER,3.50
1765674909257,CH1,POWER,3.50
1765674909261,CH1,POWER,3.50
1765674909265,CH1,POWER,3.50
1765674909271,CH1,POWER,3.50
1765674909275,CH1,POWER,3.50
1765674909281,CH1,POWER,3.50
1765674909287,CH1,POWER,3.50
1765674909291,CH1,POWER,3.50
1765674909295,CH1,POWER,3.50
1765674909301,CH1,POWER,3.50
1765674909305,CH1,POWER,3.50
1765674909311,CH1,POWER,3.50
1765674909315,CH1,POWER,3.50
1765674909321,CH1,POWER,3.50
1765674909325,CH1,POWER,3.50
1765674909331,CH1,POWER,3.50
1765674909337,CH1,POWER,3.50
1765674909341,CH1,POWER,3.50
1765674909347,CH1,POWER,3.50
1765674909352,CH1,POWER,3.50
1765674909357,CH1,POWER,3.50
1765674909361,CH1,POWER,3.50
1765674909365,CH1,POWER,3.50
1765674909370,CH1,POWER,3.50
1765674909377,CH1,POWER,3.50
1765674909381,CH1,POWER,3.50
1765674909387,CH1,POWER,3.50
1765674909390,CH1,POWER,3.20
1765674909393,CH1,POWER,3.20
1765674909395,CH1,POWER,3.20
1765674909423,CH1,POWER,3.20
1765674909427,CH1,POWER,3.20
1765674909432,CH1,POWER,3.20
1765674909436,CH1,POWER,3.20
1765674909440,CH1,POWER,3.20
1765674909445,CH1,POWER,3.20
1765674909453,CH1,POWER,3.20
1765674909459,CH1,POWER,3.20
1765674909463,CH1,POWER,3.20
1765674909467,CH1,POWER,3.20
1765674909473,CH1,POWER,3.20
1765674909477,CH1,POWER,3.20
1765674909483,CH1,POWER,3.20
1765674909489,CH1,POWER,3.20
1765674909493,CH1,POWER,3.20
1765674909497,CH1,POWER,3.20
1765674909504,CH1,POWER,3.20
1765674909509,CH1,POWER,3.20
1765674909514,CH1,POWER,3.20
1765674909519,CH1,POWER,3.20
1765674909523,CH1,POWER,3.20
1765674909529,CH1,POWER,3.20
1765674909533,CH1,POWER,3.20
1765674909537,CH1,POWER,3.20
1765674909542,CH1,POWER,3.20
1765674909547,CH1,POWER,3.20
1765674909552,CH1,POWER,3.20
1765674909556,CH1,POWER,3.20
1765674909563,CH1,POWER,3.20
1765674909571,CH1,POWER,3.20
1765674909575,CH1,POWER,3.20
1765674909580,CH1,POWER,3.20
1765674909585,CH1,POWER,3.20
1765674909590,CH1,POWER,3.20
1765674909594,CH1,POWER,3.20
1765674909599,CH1,POWER,3.20
1765674909603,CH1,POWER,3.20
1765674909609,CH1,POWER,3.20
1765674909613,CH1,POWER,3.20
1765674909617,CH1,POWER,3.20
1765674909623,CH1,POWER,3.20
1765674909627,CH1,POWER,3.20
1765674909633,CH1,POWER,3.20
1765674909637,CH1,POWER,3.20
1765674909643,CH1,POWER,3.20
1765674909647,CH1,POWER,3.20
1765674909652,CH1,POWER,3.20
1765674909656,CH1,POWER,3.20
1765674909660,CH1,POWER,3.20
1765674909664,CH1,POWER,3.20
1765674909669,CH1,POWER,3.20
1765674909673,CH1,POWER,3.20
1765674909681,CH1,POWER,3.20
1765674909686,CH1,POWER,3.20
1765674909692,CH1,POWER,3.20
1765674909696,CH1,POWER,3.20
1765674909700,CH1,POWER,3.20
1765674909704,CH1,POWER,3.20
1765674909709,CH1,POWER,3.20
1765674909713,CH1,POWER,3.20
1765674909717,CH1,POWER,3.20
1765674909723,CH1,POWER,3.20
1765674909727,CH1,POWER,3.20
1765674909733,CH1,POWER,3.20
1765674909737,CH1,POWER,3.20
1765674909743,CH1,POWER,3.20
1765674909749,CH1,POWER,3.20
1765674909753,CH1,POWER,3.20
1765674909757,CH1,POWER,3.20
1765674909763,CH1,POWER,3.20
1765674909771,CH1,POWER,3.20
1765674909776,CH1,POWER,3.20
1765674909783,CH1,POWER,3.20
1765674909785,CH1,POWER,3.20
1765674909788,CH1,POWER,3.20
1765674909815,CH1,POWER,3.20
1765674909819,CH1,POWER,3.20
1765674909825,CH1,POWER,3.20
1765674909829,CH1,POWER,3.20
1765674909835,CH1,POWER,3.20
1765674909841,CH1,POWER,3.20
1765674909845,CH1,POWER,3.20
1765674909851,CH1,POWER,3.20
1765674909855,CH1,POWER,3.20
1765674909859,CH1,POWER,3.20
1765674909865,CH1,POWER,3.20
1765674909871,CH1,POWER,3.20
1765674909875,CH1,POWER,3.20
1765674909881,CH1,POWER,3.20
1765674909885,CH1,POWER,3.20
1765674909889,CH1,POWER,3.20
1765674909894,CH1,POWER,3.20
1765674909901,CH1,POWER,3.20
1765674909905,CH1,POWER,3.20
1765674909911,CH1,POWER,3.20
1765674909915,CH1,POWER,3.20
1765674909921,CH1,POWER,3.20
1765674909925,CH1,POWER,3.20
1765674909929,CH1,POWER,3.20
1765674909935,CH1,POWER,3.20
1765674909941,CH1,POWER,3.20
1765674909945,CH1,POWER,3.20
1765674909949,CH1,POWER,3.20
1765674909954,CH1,POWER,3.20
1765674909961,CH1,POWER,3.20
1765674909965,CH1,POWER,3.20
1765674909971,CH1,POWER,3.20
1765674909975,CH1,POWER,3.20
1765674909979,CH1,POWER,3.20
1765674909985,CH1,POWER,3.20
1765674909991,CH1,POWER,3.20
1765674909995,CH1,POWER,3.20
1765674909999,CH1,POWER,3.20
1765674910005,CH1,POWER,3.20
1765674910011,CH1,POWER,3.20
1765674910015,CH1,POWER,3.20
1765674910019,CH1,POWER,3.20
1765674910024,CH1,POWER,3.20
1765674910029,CH1,POWER,3.20
1765674910035,CH1,POWER,3.20
1765674910039,CH1,POWER,3.20
1765674910044,CH1,POWER,3.20
1765674910051,CH1,POWER,3.20
1765674910055,CH1,POWER,3.20
1765674910059,CH1,POWER,3.20
1765674910065,CH1,POWER,3.20
1765674910071,CH1,POWER,3.20
1765674910075,CH1,POWER,3.20
1765674910079,CH1,POWER,3.20
1765674910085,CH1,POWER,3.20
1765674910091,CH1,POWER,3.20
1765674910095,CH1,POWER,3.20
1765674910099,CH1,POWER,3.20
1765674910105,CH1,POWER,3.20
1765674910111,CH1,POWER,3.20
1765674910115,CH1,POWER,3.20
1765674910119,CH1,POWER,3.20
1765674910125,CH1,POWER,3.20
1765674910131,CH1,POWER,3.20
1765674910135,CH1,POWER,3.20
1765674910141,CH1,POWER,3.20
1765674910145,CH1,POWER,3.20
1765674910149,CH1,POWER,3.20
1765674910154,CH1,POWER,3.20
1765674910159,CH1,POWER,3.20
1765674910165,CH1,POWER,3.20
1765674910169,CH1,POWER,3.20
1765674910175,CH1,POWER,3.20
1765674910177,CH1,POWER,3.20
1765674910179,CH1,POWER,3.20
1765674910206,CH1,POWER,3.20
1765674910213,CH1,POWER,3.20
1765674910217,CH1,POWER,3.20
1765674910221,CH1,POWER,3.20
1765674910227,CH1,POWER,3.20
1765674910231,CH1,POWER,3.20
1765674910237,CH1,POWER,3.20
1765674910245,CH1,POWER,3.20
1765674910249,CH1,POWER,3.20
1765674910254,CH1,POWER,3.20
1765674910258,CH1,POWER,3.20
1765674910264,CH1,POWER,3.20
1765674910269,CH1,POWER,3.20
1765674910275,CH1,POWER,3.20
1765674910280,CH1,POWER,3.20
1765674910284,CH1,POWER,3.20
1765674910289,CH1,POWER,3.20
1765674910294,CH1,POWER,3.20
1765674910298,CH1,POWER,3.20
1765674910305,CH1,POWER,3.20
1765674910310,CH1,POWER,3.20
1765674910317,CH1,POWER,3.20
1765674910321,CH1,POWER,3.20
1765674910327,CH1,POWER,3.20
1765674910331,CH1,POWER,3.20
1765674910337,CH1,POWER,3.20
1765674910345,CH1,POWER,3.20
1765674910351,CH1,POWER,3.20
1765674910357,CH1,POWER,3.20
1765674910361,CH1,POWER,3.20
1765674910366,CH1,POWER,3.20
1765674910370,CH1,POWER,3.20
1765674910376,CH1,POWER,3.20
1765674910380,CH1,POWER,3.20
1765674910386,CH1,POWER,3.20
1765674910390,CH1,POWER,3.20
1765674910394,CH1,POWER,3.20
1765674910400,CH1,POWER,3.20
1765674910407,CH1,POWER,3.20
1765674910415,CH1,POWER,3.20
1765674910419,CH1,POWER,3.20
1765674910427,CH1,POWER,3.20
1765674910433,CH1,POWER,3.20
1765674910437,CH1,POWER,3.20
1765674910441,CH1,POWER,3.20
1765674910447,CH1,POWER,3.20
1765674910453,CH1,POWER,3.20
1765674910457,CH1,POWER,3.20
1765674910465,CH1,POWER,3.20
1765674910470,CH1,POWER,3.20
1765674910477,CH1,POWER,3.20
1765674910485,CH1,POWER,3.20
1765674910490,CH1,POWER,3.20
1765674910497,CH1,POWER,3.20
1765674910503,CH1,POWER,3.20
1765674910507,CH1,POWER,3.20
1765674910513,CH1,POWER,3.20
1765674910517,CH1,POWER,3.20
1765674910525,CH1,POWER,3.20
1765674910530,CH1,POWER,3.20
1765674910537,CH1,POWER,3.20
1765674910543,CH1,POWER,3.20
1765674910547,CH1,POWER,3.20
1765674910553,CH1,POWER,3.20
1765674910557,CH1,POWER,3.20
1765674910561,CH1,POWER,3.20
1765674910566,CH1,POWER,3.20
1765674910570,CH1,POWER,3.20
1765674910574,CH1,POWER,3.20
1765674910577,CH1,POWER,3.60
1765674910579,CH1,POWER,3.60
1765674910582,CH1,POWER,3.60
1765674910609,CH1,POWER,3.60
1765674910615,CH1,POWER,3.60
1765674910619,CH1,POWER,3.60
1765674910623,CH1,POWER,3.60
1765674910629,CH1,POWER,3.60
1765674910635,CH1,POWER,3.60
1765674910639,CH1,POWER,3.60
1765674910645,CH1,POWER,3.60
1765674910649,CH1,POWER,3.60
1765674910653,CH1,POWER,3.60
1765674910659,CH1,POWER,3.60
1765674910663,CH1,POWER,3.60
1765674910669,CH1,POWER,3.60
1765674910675,CH1,POWER,3.60
1765674910679,CH1,POWER,3.60
1765674910685,CH1,POWER,3.60
1765674910689,CH1,POWER,3.60
1765674910695,CH1,POWER,3.60
1765674910699,CH1,POWER,3.60
1765674910703,CH1,POWER,3.60
1765674910709,CH1,POWER,3.60
1765674910713,CH1,POWER,3.60
1765674910718,CH1,POWER,3.60
1765674910722,CH1,POWER,3.60
1765674910729,CH1,POWER,3.60
1765674910735,CH1,POWER,3.60
1765674910739,CH1,POWER,3.60
1765674910743,CH1,POWER,3.60
1765674910749,CH1,POWER,3.60
1765674910755,CH1,POWER,3.60
1765674910759,CH1,POWER,3.60
1765674910765,CH1,POWER,3.60
1765674910769,CH1,POWER,3.60
1765674910773,CH1,POWER,3.60
1765674910779,CH1,POWER,3.60
1765674910783,CH1,POWER,3.60
1765674910789,CH1,POWER,3.60
1765674910793,CH1,POWER,3.60
1765674910799,CH1,POWER,3.60
1765674910803,CH1,POWER,3.60
1765674910809,CH1,POWER,3.60
1765674910813,CH1,POWER,3.60
1765674910819,CH1,POWER,3.60
1765674910823,CH1,POWER,3.60
1765674910829,CH1,POWER,3.60
1765674910833,CH1,POWER,3.60
1765674910839,CH1,POWER,3.60
1765674910843,CH1,POWER,3.60
1765674910849,CH1,POWER,3.60
1765674910853,CH1,POWER,3.60
1765674910859,CH1,POWER,3.60
1765674910863,CH1,POWER,3.60
1765674910869,CH1,POWER,3.60
1765674910873,CH1,POWER,3.60
1765674910879,CH1,POWER,3.60
1765674910883,CH1,POWER,3.60
1765674910889,CH1,POWER,3.60
1765674910893,CH1,POWER,3.60
1765674910899,CH1,POWER,3.60
1765674910903,CH1,POWER,3.60
1765674910909,CH1,POWER,3.60
1765674910913,CH1,POWER,3.60
1765674910919,CH1,POWER,3.60
1765674910923,CH1,POWER,3.60
1765674910929,CH1,POWER,3.60
1765674910933,CH1,POWER,3.60
1765674910939,CH1,POWER,3.60
1765674910943,CH1,POWER,3.60
1765674910949,CH1,POWER,3.60
1765674910953,CH1,POWER,3.60
1765674910959,CH1,POWER,3.60
1765674910963,CH1,POWER,3.60
1765674910969,CH1,POWER,3.60
1765674910971,CH1,POWER,3.55
1765674910973,CH1,POWER,3.55
1765674911000,CH1,POWER,3.55
1765674911004,CH1,POWER,3.55
1765674911008,CH1,POWER,3.55
1765674911012,CH1,POWER,3.55
1765674911016,CH1,POWER,3.55
1765674911022,CH1,POWER,3.55
1765674911026,CH1,POWER,3.55
1765674911032,CH1,POWER,3.55
1765674911036,CH1,POWER,3.55
1765674911042,CH1,POWER,3.55
1765674911046,CH1,POWER,3.55
1765674911052,CH1,POWER,3.55
1765674911056,CH1,POWER,3.55
1765674911062,CH1,POWER,3.55
1765674911066,CH1,POWER,3.55
1765674911072,CH1,POWER,3.55
1765674911076,CH1,POWER,3.55
1765674911082,CH1,POWER,3.55
1765674911086,CH1,POWER,3.55
1765674911092,CH1,POWER,3.55
1765674911096,CH1,POWER,3.55
1765674911102,CH1,POWER,3.55
1765674911106,CH1,POWER,3.55
1765674911112,CH1,POWER,3.55
1765674911116,CH1,POWER,3.55
1765674911122,CH1,POWER,3.55
1765674911126,CH1,POWER,3.55
1765674911132,CH1,POWER,3.55
1765674911136,CH1,POWER,3.55
1765674911142,CH1,POWER,3.55
1765674911146,CH1,POWER,3.55
1765674911152,CH1,POWER,3.55
1765674911156,CH1,POWER,3.55
1765674911162,CH1,POWER,3.55
1765674911166,CH1,POWER,3.55
1765674911172,CH1,POWER,3.55
1765674911176,CH1,POWER,3.55
1765674911182,CH1,POWER,3.55
1765674911186,CH1,POWER,3.55
1765674911192,CH1,POWER,3.55
1765674911196,CH1,POWER,3.55
1765674911202,CH1,POWER,3.55
1765674911206,CH1,POWER,3.55
1765674911212,CH1,POWER,3.55
1765674911216,CH1,POWER,3.55
1765674911222,CH1,POWER,3.55
1765674911226,CH1,POWER,3.55
1765674911232,CH1,POWER,3.55
1765674911236,CH1,POWER,3.55
1765674911241,CH1,POWER,3.55
1765674911245,CH1,POWER,3.55
1765674911251,CH1,POWER,3.55
1765674911255,CH1,POWER,3.55
1765674911261,CH1,POWER,3.55
1765674911265,CH1,POWER,3.55
1765674911271,CH1,POWER,3.55
1765674911275,CH1,POWER,3.55
1765674911281,CH1,POWER,3.55
1765674911285,CH1,POWER,3.55
1765674911291,CH1,POWER,3.55
1765674911295,CH1,POWER,3.55
1765674911301,CH1,POWER,3.55
1765674911305,CH1,POWER,3.55
1765674911311,CH1,POWER,3.55
1765674911315,CH1,POWER,3.55
1765674911321,CH1,POWER,3.55
1765674911325,CH1,POWER,3.55
1765674911331,CH1,POWER,3.55
1765674911335,CH1,POWER,3.55
1765674911341,CH1,POWER,3.55
1765674911345,CH1,POWER,3.55
1765674911351,CH1,POWER,3.55
1765674911355,CH1,POWER,3.55
1765674911361,CH1,POWER,3.55
1765674911364,CH1,POWER,3.20
1765674911390,CH1,POWER,3.20
1765674911394,CH1,POWER,3.20
1765674911398,CH1,POWER,3.20
1765674911404,CH1,POWER,3.20
1765674911408,CH1,POWER,3.20
1765674911414,CH1,POWER,3.20
1765674911418,CH1,POWER,3.20
1765674911424,CH1,POWER,3.20
1765674911428,CH1,POWER,3.20
1765674911434,CH1,POWER,3.20
1765674911438,CH1,POWER,3.20
1765674911444,CH1,POWER,3.20
1765674911448,CH1,POWER,3.20
1765674911454,CH1,POWER,3.20
1765674911458,CH1,POWER,3.20
1765674911463,CH1,POWER,3.20
1765674911467,CH1,POWER,3.20
1765674911473,CH1,POWER,3.20
1765674911477,CH1,POWER,3.20
1765674911483,CH1,POWER,3.20
1765674911487,CH1,POWER,3.20
1765674911493,CH1,POWER,3.20
1765674911497,CH1,POWER,3.20
1765674911503,CH1,POWER,3.20
1765674911507,CH1,POWER,3.20
1765674911513,CH1,POWER,3.20
1765674911517,CH1,POWER,3.20
1765674911523,CH1,POWER,3.20
1765674911527,CH1,POWER,3.20
1765674911533,CH1,POWER,3.20
1765674911537,CH1,POWER,3.20
1765674911543,CH1,POWER,3.20
1765674911547,CH1,POWER,3.20
1765674911553,CH1,POWER,3.20
1765674911557,CH1,POWER,3.20
1765674911563,CH1,POWER,3.20
1765674911567,CH1,POWER,3.20
1765674911573,CH1,POWER,3.20
1765674911577,CH1,POWER,3.20
1765674911583,CH1,POWER,3.20
1765674911587,CH1,POWER,3.20
1765674911593,CH1,POWER,3.20
1765674911597,CH1,POWER,3.20
1765674911603,CH1,POWER,3.20
1765674911607,CH1,POWER,3.20
1765674911613,CH1,POWER,3.20
1765674911617,CH1,POWER,3.20
1765674911623,CH1,POWER,3.20
1765674911627,CH1,POWER,3.20
1765674911633,CH1,POWER,3.20
1765674911637,CH1,POWER,3.20
1765674911643,CH1,POWER,3.20
1765674911647,CH1,POWER,3.20
1765674911653,CH1,POWER,3.20
1765674911657,CH1,POWER,3.20
1765674911663,CH1,POWER,3.20
1765674911667,CH1,POWER,3.20
1765674911673,CH1,POWER,3.20
1765674911677,CH1,POWER,3.20
1765674911683,CH1,POWER,3.20
1765674911687,CH1,POWER,3.20
1765674911693,CH1,POWER,3.20
1765674911697,CH1,POWER,3.20
1765674911703,CH1,POWER,3.20
1765674911707,CH1,POWER,3.20
1765674911713,CH1,POWER,3.20
1765674911717,CH1,POWER,3.20
1765674911723,CH1,POWER,3.20
1765674911727,CH1,POWER,3.20
1765674911733,CH1,POWER,3.20
1765674911741,CH1,POWER,3.20
1765674911745,CH1,POWER,3.20
1765674911751,CH1,POWER,3.20
1765674911754,CH1,POWER,3.20
1765674911756,CH1,POWER,3.20
1765674911782,CH1,POWER,3.20
1765674911787,CH1,POWER,3.20
1765674911792,CH1,POWER,3.20
1765674911796,CH1,POWER,3.20
1765674911801,CH1,POWER,3.20
1765674911805,CH1,POWER,3.20
1765674911809,CH1,POWER,3.20
1765674911814,CH1,POWER,3.20
1765674911821,CH1,POWER,3.20
1765674911825,CH1,POWER,3.20
1765674911829,CH1,POWER,3.20
1765674911835,CH1,POWER,3.20
1765674911843,CH1,POWER,3.20
1765674911847,CH1,POWER,3.20
1765674911853,CH1,POWER,3.20
1765674911858,CH1,POWER,3.20
1765674911862,CH1,POWER,3.20
1765674911867,CH1,POWER,3.20
1765674911873,CH1,POWER,3.20
1765674911878,CH1,POWER,3.20
1765674911885,CH1,POWER,3.20
1765674911889,CH1,POWER,3.20
1765674911894,CH1,POWER,3.20
1765674911898,CH1,POWER,3.20
1765674911902,CH1,POWER,3.20
1765674911907,CH1,POWER,3.20
1765674911913,CH1,POWER,3.20
1765674911917,CH1,POWER,3.20
1765674911925,CH1,POWER,3.20
1765674911929,CH1,POWER,3.20
1765674911934,CH1,POWER,3.20
1765674911938,CH1,POWER,3.20
1765674911942,CH1,POWER,3.20
1765674911947,CH1,POWER,3.20
1765674911953,CH1,POWER,3.20
1765674911958,CH1,POWER,3.20
1765674911965,CH1,POWER,3.20
1765674911973,CH1,POWER,3.20
1765674911977,CH1,POWER,3.20
1765674911985,CH1,POWER,3.20
1765674911991,CH1,POWER,3.20
1765674911995,CH1,POWER,3.20
1765674911999,CH1,POWER,3.20
1765674912005,CH1,POWER,3.20
1765674912013,CH1,POWER,3.20
1765674912018,CH1,POWER,3.20
1765674912025,CH1,POWER,3.20
1765674912031,CH1,POWER,3.20
1765674912035,CH1,POWER,3.20
1765674912041,CH1,POWER,3.20
1765674912045,CH1,POWER,3.20
1765674912053,CH1,POWER,3.20
1765674912058,CH1,POWER,3.20
1765674912064,CH1,POWER,3.20
1765674912069,CH1,POWER,3.20
1765674912075,CH1,POWER,3.20
1765674912081,CH1,POWER,3.20
1765674912085,CH1,POWER,3.20
1765674912089,CH1,POWER,3.20
1765674912095,CH1,POWER,3.20
1765674912103,CH1,POWER,3.20
1765674912107,CH1,POWER,3.20
1765674912112,CH1,POWER,3.20
1765674912116,CH1,POWER,3.20
1765674912120,CH1,POWER,3.20
1765674912125,CH1,POWER,3.20
1765674912131,CH1,POWER,3.20
1765674912135,CH1,POWER,3.20
1765674912141,CH1,POWER,3.20
1765674912143,CH1,POWER,3.20
1765674912146,CH1,POWER,3.20
1765674912148,CH1,POWER,3.20
1765674912174,CH1,POWER,3.20
1765674912179,CH1,POWER,3.20
1765674912184,CH1,POWER,3.20
1765674912188,CH1,POWER,3.20
1765674912195,CH1,POWER,3.20
1765674912201,CH1,POWER,3.20
1765674912206,CH1,POWER,3.20
1765674912211,CH1,POWER,3.20
1765674912217,CH1,POWER,3.20
1765674912221,CH1,POWER,3.20
1765674912226,CH1,POWER,3.20
1765674912230,CH1,POWER,3.20
1765674912234,CH1,POWER,3.20
1765674912238,CH1,POWER,3.20
1765674912242,CH1,POWER,3.20
1765674912247,CH1,POWER,3.20
1765674912255,CH1,POWER,3.20
1765674912260,CH1,POWER,3.20
1765674912267,CH1,POWER,3.20
1765674912271,CH1,POWER,3.20
1765674912277,CH1,POWER,3.20
1765674912281,CH1,POWER,3.20
1765674912287,CH1,POWER,3.20
1765674912295,CH1,POWER,3.20
1765674912299,CH1,POWER,3.20
1765674912304,CH1,POWER,3.20
1765674912308,CH1,POWER,3.20
1765674912313,CH1,POWER,3.20
1765674912317,CH1,POWER,3.20
1765674912321,CH1,POWER,3.20
1765674912327,CH1,POWER,3.20
1765674912333,CH1,POWER,3.20
1765674912337,CH1,POWER,3.20
1765674912341,CH1,POWER,3.20
1765674912347,CH1,POWER,3.20
1765674912353,CH1,POWER,3.20
1765674912357,CH1,POWER,3.20
1765674912361,CH1,POWER,3.20
1765674912367,CH1,POWER,3.20
1765674912375,CH1,POWER,3.20
1765674912381,CH1,POWER,3.20
1765674912386,CH1,POWER,3.20
1765674912390,CH1,POWER,3.20
1765674912396,CH1,POWER,3.20
1765674912402,CH1,POWER,3.20
1765674912407,CH1,POWER,3.20
1765674912412,CH1,POWER,3.20
1765674912417,CH1,POWER,3.20
1765674912425,CH1,POWER,3.20
1765674912429,CH1,POWER,3.20
1765674912435,CH1,POWER,3.20
1765674912439,CH1,POWER,3.20
1765674912445,CH1,POWER,3.20
1765674912449,CH1,POWER,3.20
1765674912454,CH1,POWER,3.20
1765674912458,CH1,POWER,3.20
1765674912463,CH1,POWER,3.20
1765674912467,CH1,POWER,3.20
1765674912471,CH1,POWER,3.20
1765674912477,CH1,POWER,3.20
1765674912483,CH1,POWER,3.20
1765674912487,CH1,POWER,3.20
1765674912492,CH1,POWER,3.20
1765674912497,CH1,POWER,3.20
1765674912502,CH1,POWER,3.20
1765674912507,CH1,POWER,3.20
1765674912511,CH1,POWER,3.20
1765674912517,CH1,POWER,3.20
1765674912523,CH1,POWER,3.20
1765674912527,CH1,POWER,3.20
1765674912531,CH1,POWER,3.20
1765674912558,CH1,POWER,3.65
1765674912563,CH1,POWER,3.65
1765674912568,CH1,POWER,3.65
1765674912572,CH1,POWER,3.65
1765674912576,CH1,POWER,3.65
1765674912580,CH1,POWER,3.65
1765674912586,CH1,POWER,3.65
1765674912591,CH1,POWER,3.65
1765674912596,CH1,POWER,3.65
1765674912601,CH1,POWER,3.65
1765674912606,CH1,POWER,3.65
1765674912611,CH1,POWER,3.65
1765674912617,CH1,POWER,3.65
1765674912622,CH1,POWER,3.65
1765674912629,CH1,POWER,3.65
1765674912637,CH1,POWER,3.65
1765674912642,CH1,POWER,3.65
1765674912649,CH1,POWER,3.65
1765674912655,CH1,POWER,3.65
1765674912659,CH1,POWER,3.65
1765674912664,CH1,POWER,3.65
1765674912669,CH1,POWER,3.65
1765674912673,CH1,POWER,3.65
1765674912679,CH1,POWER,3.65
1765674912683,CH1,POWER,3.65
1765674912689,CH1,POWER,3.65
1765674912695,CH1,POWER,3.65
1765674912699,CH1,POWER,3.65
1765674912705,CH1,POWER,3.65
1765674912709,CH1,POWER,3.65
1765674912713,CH1,POWER,3.65
1765674912718,CH1,POWER,3.65
1765674912722,CH1,POWER,3.65
1765674912726,CH1,POWER,3.65
1765674912730,CH1,POWER,3.65
1765674912735,CH1,POWER,3.65
1765674912739,CH1,POWER,3.65
1765674912743,CH1,POWER,3.65
1765674912749,CH1,POWER,3.65
1765674912753,CH1,POWER,3.65
1765674912759,CH1,POWER,3.65
1765674912765,CH1,POWER,3.65
1765674912769,CH1,POWER,3.65
1765674912777,CH1,POWER,3.65
1765674912782,CH1,POWER,3.65
1765674912789,CH1,POWER,3.65
1765674912793,CH1,POWER,3.65
1765674912798,CH1,POWER,3.65
1765674912802,CH1,POWER,3.65
1765674912808,CH1,POWER,3.65
1765674912813,CH1,POWER,3.65
1765674912819,CH1,POWER,3.65
1765674912827,CH1,POWER,3.65
1765674912832,CH1,POWER,3.65
1765674912839,CH1,POWER,3.65
1765674912845,CH1,POWER,3.65
1765674912849,CH1,POWER,3.65
1765674912857,CH1,POWER,3.65
1765674912862,CH1,POWER,3.65
1765674912869,CH1,POWER,3.65
1765674912875,CH1,POWER,3.65
1765674912879,CH1,POWER,3.65
1765674912883,CH1,POWER,3.65
1765674912888,CH1,POWER,3.65
1765674912892,CH1,POWER,3.65
1765674912899,CH1,POWER,3.65
1765674912905,CH1,POWER,3.65
1765674912909,CH1,POWER,3.65
1765674912917,CH1,POWER,3.65
1765674912922,CH1,POWER,3.65
1765674912948,CH1,POWER,3.05
1765674912953,CH1,POWER,3.05
1765674912958,CH1,POWER,3.05
1765674912962,CH1,POWER,3.05
1765674912966,CH1,POWER,3.05
1765674912971,CH1,POWER,3.05
1765674912977,CH1,POWER,3.05
1765674912981,CH1,POWER,3.05
1765674912986,CH1,POWER,3.05
1765674912991,CH1,POWER,3.05
1765674912999,CH1,POWER,3.05
1765674913004,CH1,POWER,3.05
1765674913008,CH1,POWER,3.05
1765674913013,CH1,POWER,3.05
1765674913021,CH1,POWER,3.05
1765674913027,CH1,POWER,3.05
1765674913031,CH1,POWER,3.05
1765674913037,CH1,POWER,3.05
1765674913041,CH1,POWER,3.05
1765674913045,CH1,POWER,3.05
1765674913050,CH1,POWER,3.05
1765674913054,CH1,POWER,3.05
1765674913061,CH1,POWER,3.05
1765674913065,CH1,POWER,3.05
1765674913070,CH1,POWER,3.05
1765674913074,CH1,POWER,3.05
1765674913078,CH1,POWER,3.05
1765674913083,CH1,POWER,3.05
1765674913089,CH1,POWER,3.05
1765674913094,CH1,POWER,3.05
1765674913101,CH1,POWER,3.05
1765674913109,CH1,POWER,3.05
1765674913114,CH1,POWER,3.05
1765674913118,CH1,POWER,3.05
1765674913123,CH1,POWER,3.05
1765674913129,CH1,POWER,3.05
1765674913134,CH1,POWER,3.05
1765674913141,CH1,POWER,3.05
1765674913149,CH1,POWER,3.05
1765674913154,CH1,POWER,3.05
1765674913161,CH1,POWER,3.05
1765674913169,CH1,POWER,3.05
1765674913173,CH1,POWER,3.05
1765674913181,CH1,POWER,3.05
1765674913187,CH1,POWER,3.05
1765674913191,CH1,POWER,3.05
1765674913195,CH1,POWER,3.05
1765674913201,CH1,POWER,3.05
1765674913207,CH1,POWER,3.05
1765674913211,CH1,POWER,3.05
1765674913215,CH1,POWER,3.05
1765674913220,CH1,POWER,3.05
1765674913225,CH1,POWER,3.05
1765674913231,CH1,POWER,3.05
1765674913235,CH1,POWER,3.05
1765674913241,CH1,POWER,3.05
1765674913249,CH1,POWER,3.05
1765674913254,CH1,POWER,3.05
1765674913258,CH1,POWER,3.05
1765674913263,CH1,POWER,3.05
1765674913268,CH1,POWER,3.05
1765674913273,CH1,POWER,3.05
1765674913279,CH1,POWER,3.05
1765674913284,CH1,POWER,3.05
1765674913291,CH1,POWER,3.05
1765674913299,CH1,POWER,3.05
1765674913304,CH1,POWER,3.05
1765674913308,CH1,POWER,3.05
1765674913312,CH1,POWER,2.70
1765674913314,CH1,POWER,2.70
1765674913340,CH1,POWER,2.70
1765674913345,CH1,POWER,2.70
1765674913350,CH1,POWER,2.70
1765674913354,CH1,POWER,2.70
1765674913360,CH1,POWER,2.70
1765674913365,CH1,POWER,2.70
1765674913371,CH1,POWER,2.70
1765674913376,CH1,POWER,2.70
1765674913380,CH1,POWER,2.70
1765674913386,CH1,POWER,2.70
1765674913392,CH1,POWER,2.70
1765674913399,CH1,POWER,2.70
1765674913403,CH1,POWER,2.70
1765674913407,CH1,POWER,2.70
1765674913413,CH1,POWER,2.70
1765674913421,CH1,POWER,2.70
1765674913426,CH1,POWER,2.70
1765674913433,CH1,POWER,2.70
1765674913441,CH1,POWER,2.70
1765674913446,CH1,POWER,2.70
1765674913453,CH1,POWER,2.70
1765674913458,CH1,POWER,2.70
1765674913463,CH1,POWER,2.70
1765674913471,CH1,POWER,2.70
1765674913476,CH1,POWER,2.70
1765674913483,CH1,POWER,2.70
1765674913489,CH1,POWER,2.70
1765674913493,CH1,POWER,2.70
1765674913501,CH1,POWER,2.70
1765674913506,CH1,POWER,2.70
1765674913513,CH1,POWER,2.70
1765674913519,CH1,POWER,2.70
1765674913523,CH1,POWER,2.70
1765674913529,CH1,POWER,2.70
1765674913533,CH1,POWER,2.70
1765674913538,CH1,POWER,2.70
1765674913543,CH1,POWER,2.70
1765674913549,CH1,POWER,2.70
1765674913553,CH1,POWER,2.70
1765674913558,CH1,POWER,2.70
1765674913563,CH1,POWER,2.70
1765674913568,CH1,POWER,2.70
1765674913573,CH1,POWER,2.70
1765674913578,CH1,POWER,2.70
1765674913583,CH1,POWER,2.70
1765674913587,CH1,POWER,2.70
1765674913593,CH1,POWER,2.70
1765674913599,CH1,POWER,2.70
1765674913603,CH1,POWER,2.70
1765674913608,CH1,POWER,2.70
1765674913613,CH1,POWER,2.70
1765674913617,CH1,POWER,2.70
1765674913622,CH1,POWER,2.70
1765674913626,CH1,POWER,2.70
1765674913630,CH1,POWER,2.70
1765674913635,CH1,POWER,2.70
1765674913641,CH1,POWER,2.70
1765674913646,CH1,POWER,2.70
1765674913653,CH1,POWER,2.70
1765674913659,CH1,POWER,2.70
1765674913663,CH1,POWER,2.70
1765674913669,CH1,POWER,2.70
1765674913673,CH1,POWER,2.70
1765674913678,CH1,POWER,2.70
1765674913683,CH1,POWER,2.70
1765674913689,CH1,POWER,2.70
1765674913693,CH1,POWER,2.70
1765674913701,CH1,POWER,2.70
1765674913704,CH1,POWER,2.55
1765674913706,CH1,POWER,2.55
1765674913732,CH1,POWER,2.55
1765674913737,CH1,POWER,2.55
1765674913742,CH1,POWER,2.55
1765674913747,CH1,POWER,2.55
1765674913753,CH1,POWER,2.55
1765674913758,CH1,POWER,2.55
1765674913765,CH1,POWER,2.55
1765674913771,CH1,POWER,2.55
1765674913775,CH1,POWER,2.55
1765674913780,CH1,POWER,2.55
1765674913785,CH1,POWER,2.55
1765674913790,CH1,POWER,2.55
1765674913795,CH1,POWER,2.55
1765674913799,CH1,POWER,2.55
1765674913804,CH1,POWER,2.55
1765674913808,CH1,POWER,2.55
1765674913814,CH1,POWER,2.55
1765674913819,CH1,POWER,2.55
1765674913825,CH1,POWER,2.55
1765674913830,CH1,POWER,2.55
1765674913835,CH1,POWER,2.55
1765674913839,CH1,POWER,2.55
1765674913844,CH1,POWER,2.55
1765674913848,CH1,POWER,2.55
1765674913855,CH1,POWER,2.55
1765674913863,CH1,POWER,2.55
1765674913868,CH1,POWER,2.55
1765674913872,CH1,POWER,2.55
1765674913877,CH1,POWER,2.55
1765674913883,CH1,POWER,2.55
1765674913888,CH1,POWER,2.55
1765674913892,CH1,POWER,2.55
1765674913897,CH1,POWER,2.55
1765674913905,CH1,POWER,2.55
1765674913910,CH1,POWER,2.55
1765674913915,CH1,POWER,2.55
1765674913921,CH1,POWER,2.55
1765674913925,CH1,POWER,2.55
1765674913931,CH1,POWER,2.55
1765674913935,CH1,POWER,2.55
1765674913941,CH1,POWER,2.55
1765674913945,CH1,POWER,2.55
1765674913951,CH1,POWER,2.55
1765674913955,CH1,POWER,2.55
1765674913960,CH1,POWER,2.55
1765674913965,CH1,POWER,2.55
1765674913971,CH1,POWER,2.55
1765674913975,CH1,POWER,2.55
1765674913980,CH1,POWER,2.55
1765674913985,CH1,POWER,2.55
1765674913990,CH1,POWER,2.55
1765674913995,CH1,POWER,2.55
1765674914000,CH1,POWER,2.55
1765674914005,CH1,POWER,2.55
1765674914013,CH1,POWER,2.55
1765674914018,CH1,POWER,2.55
1765674914022,CH1,POWER,2.55
1765674914027,CH1,POWER,2.55
1765674914035,CH1,POWER,2.55
1765674914041,CH1,POWER,2.55
1765674914045,CH1,POWER,2.55
1765674914051,CH1,POWER,2.55
1765674914055,CH1,POWER,2.55
1765674914060,CH1,POWER,2.55
1765674914065,CH1,POWER,2.55
1765674914070,CH1,POWER,2.55
1765674914075,CH1,POWER,2.55
1765674914083,CH1,POWER,2.55
1765674914089,CH1,POWER,2.55
1765674914092,CH1,POWER,3.20
1765674914095,CH1,POWER,3.20
1765674914097,CH1,POWER,3.20
1765674914100,CH1,POWER,3.20
1765674914127,CH1,POWER,3.20
1765674914133,CH1,POWER,3.20
1765674914137,CH1,POWER,3.20
1765674914145,CH1,POWER,3.20
1765674914150,CH1,POWER,3.20
1765674914154,CH1,POWER,3.20
1765674914158,CH1,POWER,3.20
1765674914165,CH1,POWER,3.20
1765674914171,CH1,POWER,3.20
1765674914176,CH1,POWER,3.20
1765674914181,CH1,POWER,3.20
1765674914187,CH1,POWER,3.20
1765674914193,CH1,POWER,3.20
1765674914197,CH1,POWER,3.20
1765674914202,CH1,POWER,3.20
1765674914207,CH1,POWER,3.20
1765674914212,CH1,POWER,3.20
1765674914217,CH1,POWER,3.20
1765674914221,CH1,POWER,3.20
1765674914226,CH1,POWER,3.20
1765674914232,CH1,POWER,3.20
1765674914237,CH1,POWER,3.20
1765674914242,CH1,POWER,3.20
1765674914247,CH1,POWER,3.20
1765674914252,CH1,POWER,3.20
1765674914257,CH1,POWER,3.20
1765674914262,CH1,POWER,3.20
1765674914267,CH1,POWER,3.20
1765674914271,CH1,POWER,3.20
1765674914276,CH1,POWER,3.20
1765674914282,CH1,POWER,3.20
1765674914287,CH1,POWER,3.20
1765674914295,CH1,POWER,3.20
1765674914299,CH1,POWER,3.20
1765674914304,CH1,POWER,3.20
1765674914308,CH1,POWER,3.20
1765674914315,CH1,POWER,3.20
1765674914320,CH1,POWER,3.20
1765674914326,CH1,POWER,3.20
1765674914331,CH1,POWER,3.20
1765674914337,CH1,POWER,3.20
1765674914342,CH1,POWER,3.20
1765674914347,CH1,POWER,3.20
1765674914352,CH1,POWER,3.20
1765674914357,CH1,POWER,3.20
1765674914361,CH1,POWER,3.20
1765674914366,CH1,POWER,3.20
1765674914370,CH1,POWER,3.20
1765674914374,CH1,POWER,3.20
1765674914379,CH1,POWER,3.20
1765674914385,CH1,POWER,3.20
1765674914390,CH1,POWER,3.20
1765674914397,CH1,POWER,3.20
1765674914405,CH1,POWER,3.20
1765674914410,CH1,POWER,3.20
1765674914417,CH1,POWER,3.20
1765674914422,CH1,POWER,3.20
1765674914427,CH1,POWER,3.20
1765674914432,CH1,POWER,3.20
1765674914437,CH1,POWER,3.20
1765674914441,CH1,POWER,3.20
1765674914446,CH1,POWER,3.20
1765674914450,CH1,POWER,3.20
1765674914454,CH1,POWER,3.20
1765674914459,CH1,POWER,3.20
1765674914465,CH1,POWER,3.20
1765674914470,CH1,POWER,3.20
1765674914477,CH1,POWER,3.20
1765674914483,CH1,POWER,3.20
1765674914487,CH1,POWER,3.20
1765674914493,CH1,POWER,3.20
1765674914495,CH1,POWER,3.20
1765674914497,CH1,POWER,3.20
1765674914500,CH1,POWER,3.20
1765674914526,CH1,POWER,3.20
1765674914531,CH1,POWER,3.20
1765674914536,CH1,POWER,3.20
1765674914542,CH1,POWER,3.20
1765674914549,CH1,POWER,3.20
1765674914554,CH1,POWER,3.20
1765674914559,CH1,POWER,3.20
1765674914565,CH1,POWER,3.20
1765674914569,CH1,POWER,3.20
1765674914573,CH1,POWER,3.20
1765674914579,CH1,POWER,3.20
1765674914583,CH1,POWER,3.20
1765674914589,CH1,POWER,3.20
1765674914593,CH1,POWER,3.20
1765674914599,CH1,POWER,3.20
1765674914603,CH1,POWER,3.20
1765674914609,CH1,POWER,3.20
1765674914614,CH1,POWER,3.20
1765674914619,CH1,POWER,3.20
1765674914623,CH1,POWER,3.20
1765674914629,CH1,POWER,3.20
1765674914637,CH1,POWER,3.20
1765674914642,CH1,POWER,3.20
1765674914648,CH1,POWER,3.20
1765674914653,CH1,POWER,3.20
1765674914659,CH1,POWER,3.20
1765674914664,CH1,POWER,3.20
1765674914669,CH1,POWER,3.20
1765674914677,CH1,POWER,3.20
1765674914683,CH1,POWER,3.20
1765674914688,CH1,POWER,3.20
1765674914692,CH1,POWER,3.20
1765674914699,CH1,POWER,3.20
1765674914705,CH1,POWER,3.20
1765674914709,CH1,POWER,3.20
1765674914715,CH1,POWER,3.20
1765674914719,CH1,POWER,3.20
1765674914724,CH1,POWER,3.20
1765674914729,CH1,POWER,3.20
1765674914737,CH1,POWER,3.20
1765674914741,CH1,POWER,3.20
1765674914746,CH1,POWER,3.20
1765674914751,CH1,POWER,3.20
1765674914759,CH1,POWER,3.20
1765674914765,CH1,POWER,3.20
1765674914769,CH1,POWER,3.20
1765674914777,CH1,POWER,3.20
1765674914782,CH1,POWER,3.20
1765674914789,CH1,POWER,3.20
1765674914794,CH1,POWER,3.20
1765674914799,CH1,POWER,3.20
1765674914803,CH1,POWER,3.20
1765674914809,CH1,POWER,3.20
1765674914814,CH1,POWER,3.20
1765674914819,CH1,POWER,3.20
1765674914823,CH1,POWER,3.20
1765674914828,CH1,POWER,3.20
1765674914835,CH1,POWER,3.20
1765674914839,CH1,POWER,3.20
1765674914843,CH1,POWER,3.20
1765674914848,CH1,POWER,3.20
1765674914852,CH1,POWER,3.20
1765674914859,CH1,POWER,3.20
1765674914865,CH1,POWER,3.20
1765674914869,CH1,POWER,3.20
1765674914874,CH1,POWER,3.20
1765674914879,CH1,POWER,3.20
1765674914883,CH1,POWER,3.20
1765674914889,CH1,POWER,3.20
1765674914891,CH1,POWER,3.20
1765674914917,CH1,POWER,3.20
1765674914923,CH1,POWER,3.20
1765674914928,CH1,POWER,3.20
1765674914932,CH1,POWER,3.20
1765674914939,CH1,POWER,3.20
1765674914943,CH1,POWER,3.20
1765674914949,CH1,POWER,3.20
1765674914955,CH1,POWER,3.20
1765674914960,CH1,POWER,3.20
1765674914966,CH1,POWER,3.20
1765674914971,CH1,POWER,3.20
1765674914979,CH1,POWER,3.20
1765674914983,CH1,POWER,3.20
1765674914988,CH1,POWER,3.20
1765674914992,CH1,POWER,3.20
1765674914998,CH1,POWER,3.20
1765674915003,CH1,POWER,3.20
1765674915009,CH1,POWER,3.20
1765674915014,CH1,POWER,3.20
1765674915018,CH1,POWER,3.20
1765674915023,CH1,POWER,3.20
1765674915029,CH1,POWER,3.20
1765674915034,CH1,POWER,3.20
1765674915041,CH1,POWER,3.20
1765674915046,CH1,POWER,3.20
1765674915051,CH1,POWER,3.20
1765674915055,CH1,POWER,3.20
1765674915060,CH1,POWER,3.20
1765674915065,CH1,POWER,3.20
1765674915071,CH1,POWER,3.20
1765674915075,CH1,POWER,3.20
1765674915080,CH1,POWER,3.20
1765674915084,CH1,POWER,3.20
1765674915088,CH1,POWER,3.20
1765674915092,CH1,POWER,3.20
1765674915096,CH1,POWER,3.20
1765674915101,CH1,POWER,3.20
1765674915106,CH1,POWER,3.20
1765674915111,CH1,POWER,3.20
1765674915115,CH1,POWER,3.20
1765674915121,CH1,POWER,3.20
1765674915129,CH1,POWER,3.20
1765674915134,CH1,POWER,3.20
1765674915138,CH1,POWER,3.20
1765674915143,CH1,POWER,3.20
1765674915149,CH1,POWER,3.20
1765674915153,CH1,POWER,3.20
1765674915158,CH1,POWER,3.20
1765674915164,CH1,POWER,3.20
1765674915168,CH1,POWER,3.20
1765674915172,CH1,POWER,3.20
1765674915178,CH1,POWER,3.20
1765674915184,CH1,POWER,3.20
1765674915191,CH1,POWER,3.20
1765674915199,CH1,POWER,3.20
1765674915204,CH1,POWER,3.20
1765674915211,CH1,POWER,3.20
1765674915216,CH1,POWER,3.20
1765674915221,CH1,POWER,3.20
1765674915226,CH1,POWER,3.20
1765674915231,CH1,POWER,3.20
1765674915235,CH1,POWER,3.20
1765674915240,CH1,POWER,3.20
1765674915244,CH1,POWER,3.20
1765674915250,CH1,POWER,3.20
1765674915255,CH1,POWER,3.20
1765674915261,CH1,POWER,3.20
1765674915265,CH1,POWER,3.20
1765674915271,CH1,POWER,3.20
1765674915275,CH1,POWER,3.20
1765674915280,CH1,POWER,3.20
1765674915284,CH1,POWER,3.20
1765674915289,CH1,POWER,3.20
1765674915291,CH1,POWER,3.20
1765674915294,CH1,POWER,3.20
1765674915320,CH1,POWER,3.20
1765674915325,CH1,POWER,3.20
1765674915330,CH1,POWER,3.20
1765674915334,CH1,POWER,3.20
1765674915341,CH1,POWER,3.20
1765674915346,CH1,POWER,3.20
1765674915352,CH1,POWER,3.20
1765674915357,CH1,POWER,3.20
1765674915363,CH1,POWER,3.20
1765674915368,CH1,POWER,3.20
1765674915373,CH1,POWER,3.20
1765674915377,CH1,POWER,3.20
1765674915382,CH1,POWER,3.20
1765674915387,CH1,POWER,3.20
1765674915392,CH1,POWER,3.20
1765674915396,CH1,POWER,3.20
1765674915400,CH1,POWER,3.20
1765674915404,CH1,POWER,3.20
1765674915410,CH1,POWER,3.20
1765674915415,CH1,POWER,3.20
1765674915420,CH1,POWER,3.20
1765674915424,CH1,POWER,3.20
1765674915430,CH1,POWER,3.20
1765674915435,CH1,POWER,3.20
1765674915441,CH1,POWER,3.20
1765674915445,CH1,POWER,3.20
1765674915450,CH1,POWER,3.20
1765674915455,CH1,POWER,3.20
1765674915460,CH1,POWER,3.20
1765674915464,CH1,POWER,3.20
1765674915471,CH1,POWER,3.20
1765674915476,CH1,POWER,3.20
1765674915482,CH1,POWER,3.20
1765674915487,CH1,POWER,3.20
1765674915493,CH1,POWER,3.20
1765674915498,CH1,POWER,3.20
1765674915503,CH1,POWER,3.20
1765674915511,CH1,POWER,3.20
1765674915516,CH1,POWER,3.20
1765674915522,CH1,POWER,3.20
1765674915526,CH1,POWER,3.20
1765674915533,CH1,POWER,3.20
1765674915538,CH1,POWER,3.20
1765674915543,CH1,POWER,3.20
1765674915547,CH1,POWER,3.20
1765674915553,CH1,POWER,3.20
1765674915558,CH1,POWER,3.20
1765674915563,CH1,POWER,3.20
1765674915567,CH1,POWER,3.20
1765674915573,CH1,POWER,3.20
1765674915578,CH1,POWER,3.20
1765674915583,CH1,POWER,3.20
1765674915591,CH1,POWER,3.20
1765674915595,CH1,POWER,3.20
1765674915603,CH1,POWER,3.20
1765674915611,CH1,POWER,3.20
1765674915616,CH1,POWER,3.20
1765674915623,CH1,POWER,3.20
1765674915628,CH1,POWER,3.20
1765674915633,CH1,POWER,3.20
1765674915638,CH1,POWER,3.20
1765674915643,CH1,POWER,3.20
1765674915647,CH1,POWER,3.20
1765674915653,CH1,POWER,3.20
1765674915657,CH1,POWER,3.20
1765674915662,CH1,POWER,3.20
1765674915666,CH1,POWER,3.20
1765674915670,CH1,POWER,3.20
1765674915676,CH1,POWER,3.20
1765674915680,CH1,POWER,3.20
1765674915682,CH1,POWER,3.20
1765674915685,CH1,POWER,3.20
1765674915687,CH1,POWER,3.20
1765674915715,CH1,POWER,3.20
1765674915723,CH1,POWER,3.20
1765674915728,CH1,POWER,3.20
1765674915732,CH1,POWER,3.20
1765674915737,CH1,POWER,3.20
1765674915743,CH1,POWER,3.20
1765674915747,CH1,POWER,3.20
1765674915755,CH1,POWER,3.20
1765674915760,CH1,POWER,3.20
1765674915765,CH1,POWER,3.20
1765674915770,CH1,POWER,3.20
1765674915775,CH1,POWER,3.20
1765674915780,CH1,POWER,3.20
1765674915785,CH1,POWER,3.20
1765674915789,CH1,POWER,3.20
1765674915795,CH1,POWER,3.20
1765674915799,CH1,POWER,3.20
1765674915805,CH1,POWER,3.20
1765674915813,CH1,POWER,3.20
1765674915818,CH1,POWER,3.20
1765674915825,CH1,POWER,3.20
1765674915830,CH1,POWER,3.20
1765674915835,CH1,POWER,3.20
1765674915839,CH1,POWER,3.20
1765674915845,CH1,POWER,3.20
1765674915849,CH1,POWER,3.20
1765674915855,CH1,POWER,3.20
1765674915860,CH1,POWER,3.20
1765674915865,CH1,POWER,3.20
1765674915869,CH1,POWER,3.20
1765674915875,CH1,POWER,3.20
1765674915880,CH1,POWER,3.20
1765674915885,CH1,POWER,3.20
1765674915890,CH1,POWER,3.20
1765674915895,CH1,POWER,3.20
1765674915899,CH1,POWER,3.20
1765674915905,CH1,POWER,3.20
1765674915913,CH1,POWER,3.20
1765674915918,CH1,POWER,3.20
1765674915925,CH1,POWER,3.20
1765674915930,CH1,POWER,3.20
1765674915935,CH1,POWER,3.20
1765674915940,CH1,POWER,3.20
1765674915945,CH1,POWER,3.20
1765674915950,CH1,POWER,3.20
1765674915955,CH1,POWER,3.20
1765674915960,CH1,POWER,3.20
1765674915965,CH1,POWER,3.20
1765674915970,CH1,POWER,3.20
1765674915975,CH1,POWER,3.20
1765674915980,CH1,POWER,3.20
1765674915985,CH1,POWER,3.20
1765674915989,CH1,POWER,3.20
1765674915994,CH1,POWER,3.20
1765674915998,CH1,POWER,3.20
1765674916005,CH1,POWER,3.20
1765674916009,CH1,POWER,3.20
1765674916015,CH1,POWER,3.20
1765674916019,CH1,POWER,3.20
1765674916025,CH1,POWER,3.20
1765674916030,CH1,POWER,3.20
1765674916035,CH1,POWER,3.20
1765674916040,CH1,POWER,3.20
1765674916045,CH1,POWER,3.20
1765674916049,CH1,POWER,3.20
1765674916055,CH1,POWER,3.20
1765674916060,CH1,POWER,3.20
1765674916065,CH1,POWER,3.20
1765674916072,CH1,POWER,3.20
1765674916074,CH1,POWER,3.20
1765674916077,CH1,POWER,3.20
1765674916079,CH1,POWER,3.20
1765674916107,CH1,POWER,3.20
1765674916112,CH1,POWER,3.20
1765674916117,CH1,POWER,3.20
1765674916121,CH1,POWER,3.20
1765674916126,CH1,POWER,3.20
1765674916130,CH1,POWER,3.20
1765674916137,CH1,POWER,3.20
1765674916145,CH1,POWER,3.20
1765674916150,CH1,POWER,3.20
1765674916154,CH1,POWER,3.20
1765674916159,CH1,POWER,3.20
1765674916164,CH1,POWER,3.20
1765674916169,CH1,POWER,3.20
1765674916174,CH1,POWER,3.20
1765674916178,CH1,POWER,3.20
1765674916185,CH1,POWER,3.20
1765674916190,CH1,POWER,3.20
1765674916196,CH1,POWER,3.20
1765674916201,CH1,POWER,3.20
1765674916207,CH1,POWER,3.20
1765674916212,CH1,POWER,3.20
1765674916217,CH1,POWER,3.20
1765674916221,CH1,POWER,3.20
1765674916226,CH1,POWER,3.20
1765674916230,CH1,POWER,3.20
1765674916234,CH1,POWER,3.20
1765674916238,CH1,POWER,3.20
1765674916242,CH1,POWER,3.20
1765674916247,CH1,POWER,3.20
1765674916251,CH1,POWER,3.20
1765674916257,CH1,POWER,3.20
1765674916265,CH1,POWER,3.20
1765674916269,CH1,POWER,3.20
1765674916277,CH1,POWER,3.20
1765674916282,CH1,POWER,3.20
1765674916287,CH1,POWER,3.20
1765674916292,CH1,POWER,3.20
1765674916297,CH1,POWER,3.20
1765674916301,CH1,POWER,3.20
1765674916307,CH1,POWER,3.20
1765674916311,CH1,POWER,3.20
1765674916316,CH1,POWER,3.20
1765674916322,CH1,POWER,3.20
1765674916327,CH1,POWER,3.20
1765674916332,CH1,POWER,3.20
1765674916337,CH1,POWER,3.20
1765674916342,CH1,POWER,3.20
1765674916347,CH1,POWER,3.20
1765674916352,CH1,POWER,3.20
1765674916357,CH1,POWER,3.20
1765674916362,CH1,POWER,3.20
1765674916367,CH1,POWER,3.20
1765674916372,CH1,POWER,3.20
1765674916377,CH1,POWER,3.20
1765674916382,CH1,POWER,3.20
1765674916387,CH1,POWER,3.20
1765674916392,CH1,POWER,3.20
1765674916397,CH1,POWER,3.20
1765674916405,CH1,POWER,3.20
1765674916411,CH1,POWER,3.20
1765674916416,CH1,POWER,3.20
1765674916421,CH1,POWER,3.20
1765674916427,CH1,POWER,3.20
1765674916431,CH1,POWER,3.20
1765674916436,CH1,POWER,3.20
1765674916440,CH1,POWER,3.20
1765674916447,CH1,POWER,3.20
1765674916451,CH1,POWER,3.20
1765674916456,CH1,POWER,3.20
1765674916462,CH1,POWER,3.20
1765674916467,CH1,POWER,3.20
1765674916469,CH1,POWER,3.65
1765674916496,CH1,POWER,3.65
1765674916502,CH1,POWER,3.65
1765674916509,CH1,POWER,3.65
1765674916517,CH1,POWER,3.65
1765674916522,CH1,POWER,3.65
1765674916526,CH1,POWER,3.65
1765674916531,CH1,POWER,3.65
1765674916537,CH1,POWER,3.65
1765674916542,CH1,POWER,3.65
1765674916549,CH1,POWER,3.65
1765674916554,CH1,POWER,3.65
1765674916559,CH1,POWER,3.65
1765674916564,CH1,POWER,3.65
1765674916569,CH1,POWER,3.65
1765674916577,CH1,POWER,3.65
1765674916581,CH1,POWER,3.65
1765674916586,CH1,POWER,3.65
1765674916590,CH1,POWER,3.65
1765674916594,CH1,POWER,3.65
1765674916599,CH1,POWER,3.65
1765674916607,CH1,POWER,3.65
1765674916611,CH1,POWER,3.65
1765674916616,CH1,POWER,3.65
1765674916620,CH1,POWER,3.65
1765674916627,CH1,POWER,3.65
1765674916632,CH1,POWER,3.65
1765674916638,CH1,POWER,3.65
1765674916643,CH1,POWER,3.65
1765674916649,CH1,POWER,3.65
1765674916657,CH1,POWER,3.65
1765674916662,CH1,POWER,3.65
1765674916669,CH1,POWER,3.65
1765674916674,CH1,POWER,3.65
1765674916679,CH1,POWER,3.65
1765674916684,CH1,POWER,3.65
1765674916689,CH1,POWER,3.65
1765674916694,CH1,POWER,3.65
1765674916699,CH1,POWER,3.65
1765674916704,CH1,POWER,3.65
1765674916709,CH1,POWER,3.65
1765674916717,CH1,POWER,3.65
1765674916721,CH1,POWER,3.65
1765674916729,CH1,POWER,3.65
1765674916734,CH1,POWER,3.65
1765674916739,CH1,POWER,3.65
1765674916744,CH1,POWER,3.65
1765674916749,CH1,POWER,3.65
1765674916753,CH1,POWER,3.65
1765674916759,CH1,POWER,3.65
1765674916763,CH1,POWER,3.65
1765674916768,CH1,POWER,3.65
1765674916774,CH1,POWER,3.65
1765674916779,CH1,POWER,3.65
1765674916784,CH1,POWER,3.65
1765674916789,CH1,POWER,3.65
1765674916793,CH1,POWER,3.65
1765674916799,CH1,POWER,3.65
1765674916803,CH1,POWER,3.65
1765674916808,CH1,POWER,3.65
1765674916813,CH1,POWER,3.65
1765674916819,CH1,POWER,3.65
1765674916827,CH1,POWER,3.65
1765674916832,CH1,POWER,3.65
1765674916838,CH1,POWER,3.65
1765674916843,CH1,POWER,3.65
1765674916848,CH1,POWER,3.65
1765674916853,CH1,POWER,3.65
1765674916857,CH1,POWER,3.65
1765674916859,CH1,POWER,3.20
1765674916862,CH1,POWER,3.20
1765674916888,CH1,POWER,3.20
1765674916893,CH1,POWER,3.20
1765674916898,CH1,POWER,3.20
1765674916903,CH1,POWER,3.20
1765674916908,CH1,POWER,3.20
1765674916913,CH1,POWER,3.20
1765674916919,CH1,POWER,3.20
1765674916925,CH1,POWER,3.20
1765674916931,CH1,POWER,3.20
1765674916939,CH1,POWER,3.20
1765674916944,CH1,POWER,3.20
1765674916951,CH1,POWER,3.20
1765674916959,CH1,POWER,3.20
1765674916964,CH1,POWER,3.20
1765674916971,CH1,POWER,3.20
1765674916979,CH1,POWER,3.20
1765674916984,CH1,POWER,3.20
1765674916991,CH1,POWER,3.20
1765674916999,CH1,POWER,3.20
1765674917004,CH1,POWER,3.20
1765674917011,CH1,POWER,3.20
1765674917016,CH1,POWER,3.20
1765674917021,CH1,POWER,3.20
1765674917026,CH1,POWER,3.20
1765674917031,CH1,POWER,3.20
1765674917039,CH1,POWER,3.20
1765674917045,CH1,POWER,3.20
1765674917050,CH1,POWER,3.20
1765674917055,CH1,POWER,3.20
1765674917060,CH1,POWER,3.20
1765674917065,CH1,POWER,3.20
1765674917071,CH1,POWER,3.20
1765674917076,CH1,POWER,3.20
1765674917081,CH1,POWER,3.20
1765674917089,CH1,POWER,3.20
1765674917094,CH1,POWER,3.20
1765674917100,CH1,POWER,3.20
1765674917105,CH1,POWER,3.20
1765674917111,CH1,POWER,3.20
1765674917116,CH1,POWER,3.20
1765674917121,CH1,POWER,3.20
1765674917125,CH1,POWER,3.20
1765674917131,CH1,POWER,3.20
1765674917139,CH1,POWER,3.20
1765674917144,CH1,POWER,3.20
1765674917151,CH1,POWER,3.20
1765674917156,CH1,POWER,3.20
1765674917161,CH1,POWER,3.20
1765674917169,CH1,POWER,3.20
1765674917173,CH1,POWER,3.20
1765674917178,CH1,POWER,3.20
1765674917182,CH1,POWER,3.20
1765674917189,CH1,POWER,3.20
1765674917195,CH1,POWER,3.20
1765674917201,CH1,POWER,3.20
1765674917209,CH1,POWER,3.20
1765674917214,CH1,POWER,3.20
1765674917221,CH1,POWER,3.20
1765674917229,CH1,POWER,3.20
1765674917235,CH1,POWER,3.20
1765674917240,CH1,POWER,3.20
1765674917245,CH1,POWER,3.20
1765674917249,CH1,POWER,3.20
1765674917252,CH1,POWER,3.20
1765674917254,CH1,POWER,3.20
1765674917280,CH1,POWER,3.20
1765674917285,CH1,POWER,3.20
1765674917291,CH1,POWER,3.20
1765674917297,CH1,POWER,3.20
1765674917302,CH1,POWER,3.20
1765674917307,CH1,POWER,3.20
1765674917313,CH1,POWER,3.20
1765674917318,CH1,POWER,3.20
1765674917323,CH1,POWER,3.20
1765674917327,CH1,POWER,3.20
1765674917332,CH1,POWER,3.20
1765674917338,CH1,POWER,3.20
1765674917343,CH1,POWER,3.20
1765674917348,CH1,POWER,3.20
1765674917353,CH1,POWER,3.20
1765674917358,CH1,POWER,3.20
1765674917363,CH1,POWER,3.20
1765674917367,CH1,POWER,3.20
1765674917372,CH1,POWER,3.20
1765674917376,CH1,POWER,3.20
1765674917383,CH1,POWER,3.20
1765674917387,CH1,POWER,3.20
1765674917393,CH1,POWER,3.20
1765674917398,CH1,POWER,3.20
1765674917403,CH1,POWER,3.20
1765674917407,CH1,POWER,3.20
1765674917413,CH1,POWER,3.20
1765674917418,CH1,POWER,3.20
1765674917423,CH1,POWER,3.20
1765674917428,CH1,POWER,3.20
1765674917433,CH1,POWER,3.20
1765674917438,CH1,POWER,3.20
1765674917443,CH1,POWER,3.20
1765674917448,CH1,POWER,3.20
1765674917453,CH1,POWER,3.20
1765674917457,CH1,POWER,3.20
1765674917463,CH1,POWER,3.20
1765674917470,CH1,POWER,3.20
1765674917475,CH1,POWER,3.20
1765674917481,CH1,POWER,3.20
1765674917487,CH1,POWER,3.20
1765674917493,CH1,POWER,3.20
1765674917498,CH1,POWER,3.20
1765674917503,CH1,POWER,3.20
1765674917508,CH1,POWER,3.20
1765674917513,CH1,POWER,3.20
1765674917521,CH1,POWER,3.20
1765674917525,CH1,POWER,3.20
1765674917530,CH1,POWER,3.20
1765674917534,CH1,POWER,3.20
1765674917541,CH1,POWER,3.20
1765674917547,CH1,POWER,3.20
1765674917552,CH1,POWER,3.20
1765674917557,CH1,POWER,3.20
1765674917563,CH1,POWER,3.20
1765674917568,CH1,POWER,3.20
1765674917573,CH1,POWER,3.20
1765674917578,CH1,POWER,3.20
1765674917583,CH1,POWER,3.20
1765674917591,CH1,POWER,3.20
1765674917596,CH1,POWER,3.20
1765674917603,CH1,POWER,3.20
1765674917608,CH1,POWER,3.20
1765674917613,CH1,POWER,3.20
1765674917618,CH1,POWER,3.20
1765674917623,CH1,POWER,3.20
1765674917631,CH1,POWER,3.20
1765674917636,CH1,POWER,3.20
1765674917664,CH1,POWER,3.20
1765674917669,CH1,POWER,3.20
1765674917674,CH1,POWER,3.20
1765674917678,CH1,POWER,3.20
1765674917685,CH1,POWER,3.20
1765674917689,CH1,POWER,3.20
1765674917694,CH1,POWER,3.20
1765674917699,CH1,POWER,3.20
1765674917704,CH1,POWER,3.20
1765674917709,CH1,POWER,3.20
1765674917715,CH1,POWER,3.20
1765674917719,CH1,POWER,3.20
1765674917724,CH1,POWER,3.20
1765674917728,CH1,POWER,3.20
1765674917735,CH1,POWER,3.20
1765674917739,CH1,POWER,3.20
1765674917744,CH1,POWER,3.20
1765674917749,CH1,POWER,3.20
1765674917754,CH1,POWER,3.20
1765674917759,CH1,POWER,3.20
1765674917765,CH1,POWER,3.20
1765674917769,CH1,POWER,3.20
1765674917774,CH1,POWER,3.20
1765674917778,CH1,POWER,3.20
1765674917785,CH1,POWER,3.20
1765674917790,CH1,POWER,3.20
1765674917795,CH1,POWER,3.20
1765674917802,CH1,POWER,3.20
1765674917807,CH1,POWER,3.20
1765674917812,CH1,POWER,3.20
1765674917816,CH1,POWER,3.20
1765674917823,CH1,POWER,3.20
1765674917827,CH1,POWER,3.20
1765674917832,CH1,POWER,3.20
1765674917837,CH1,POWER,3.20
1765674917841,CH1,POWER,3.20
1765674917846,CH1,POWER,3.20
1765674917853,CH1,POWER,3.20
1765674917858,CH1,POWER,3.20
1765674917865,CH1,POWER,3.20
1765674917869,CH1,POWER,3.20
1765674917874,CH1,POWER,3.20
1765674917878,CH1,POWER,3.20
1765674917885,CH1,POWER,3.20
1765674917890,CH1,POWER,3.20
1765674917895,CH1,POWER,3.20
1765674917900,CH1,POWER,3.20
1765674917905,CH1,POWER,3.20
1765674917910,CH1,POWER,3.20
1765674917915,CH1,POWER,3.20
1765674917923,CH1,POWER,3.20
1765674917928,CH1,POWER,3.20
1765674917935,CH1,POWER,3.20
1765674917943,CH1,POWER,3.20
1765674917948,CH1,POWER,3.20
1765674917955,CH1,POWER,3.20
1765674917960,CH1,POWER,3.20
1765674917965,CH1,POWER,3.20
1765674917969,CH1,POWER,3.20
1765674917974,CH1,POWER,3.20
1765674917978,CH1,POWER,3.20
1765674917985,CH1,POWER,3.20
1765674917993,CH1,POWER,3.20
1765674917998,CH1,POWER,3.20
1765674918005,CH1,POWER,3.20
1765674918013,CH1,POWER,3.20
1765674918019,CH1,POWER,3.20
1765674918024,CH1,POWER,3.20
1765674918026,CH1,POWER,3.20
1765674918029,CH1,POWER,3.20
1765674918057,CH1,POWER,3.20
1765674918062,CH1,POWER,3.20
1765674918067,CH1,POWER,3.20
1765674918070,CH1,POWER,3.20
1765674918076,CH1,POWER,3.20
1765674918080,CH1,POWER,3.20
1765674918086,CH1,POWER,3.20
1765674918092,CH1,POWER,3.20
1765674918097,CH1,POWER,3.20
1765674918102,CH1,POWER,3.20
1765674918106,CH1,POWER,3.20
1765674918110,CH1,POWER,3.20
1765674918117,CH1,POWER,3.20
1765674918120,CH1,POWER,3.20
1765674918126,CH1,POWER,3.20
1765674918131,CH1,POWER,3.20
1765674918136,CH1,POWER,3.20
1765674918140,CH1,POWER,3.20
1765674918146,CH1,POWER,3.20
1765674918150,CH1,POWER,3.20
1765674918156,CH1,POWER,3.20
1765674918160,CH1,POWER,3.20
1765674918166,CH1,POWER,3.20
1765674918170,CH1,POWER,3.20
1765674918177,CH1,POWER,3.20
1765674918182,CH1,POWER,3.20
1765674918186,CH1,POWER,3.20
1765674918191,CH1,POWER,3.20
1765674918196,CH1,POWER,3.20
1765674918201,CH1,POWER,3.20
1765674918207,CH1,POWER,3.20
1765674918215,CH1,POWER,3.20
1765674918220,CH1,POWER,3.20
1765674918227,CH1,POWER,3.20
1765674918232,CH1,POWER,3.20
1765674918237,CH1,POWER,3.20
1765674918242,CH1,POWER,3.20
1765674918247,CH1,POWER,3.20
1765674918251,CH1,POWER,3.20
1765674918257,CH1,POWER,3.20
1765674918264,CH1,POWER,3.20
1765674918268,CH1,POWER,3.20
1765674918274,CH1,POWER,3.20
1765674918278,CH1,POWER,3.20
1765674918284,CH1,POWER,3.20
1765674918288,CH1,POWER,3.20
1765674918294,CH1,POWER,3.20
1765674918298,CH1,POWER,3.20
1765674918304,CH1,POWER,3.20
1765674918308,CH1,POWER,3.20
1765674918314,CH1,POWER,3.20
1765674918318,CH1,POWER,3.20
1765674918324,CH1,POWER,3.20
1765674918330,CH1,POWER,3.20
1765674918337,CH1,POWER,3.20
1765674918342,CH1,POWER,3.20
1765674918347,CH1,POWER,3.20
1765674918352,CH1,POWER,3.20
1765674918357,CH1,POWER,3.20
1765674918361,CH1,POWER,3.20
1765674918366,CH1,POWER,3.20
1765674918370,CH1,POWER,3.20
1765674918377,CH1,POWER,3.20
1765674918381,CH1,POWER,3.20
1765674918386,CH1,POWER,3.20
1765674918390,CH1,POWER,3.20
1765674918397,CH1,POWER,3.20
1765674918402,CH1,POWER,3.20
1765674918407,CH1,POWER,3.20
1765674918410,CH1,POWER,3.40
1765674918436,CH1,POWER,3.40
1765674918441,CH1,POWER,3.40
1765674918447,CH1,POWER,3.40
1765674918452,CH1,POWER,3.40
1765674918459,CH1,POWER,3.40
1765674918467,CH1,POWER,3.40
1765674918472,CH1,POWER,3.40
1765674918479,CH1,POWER,3.40
1765674918484,CH1,POWER,3.40
1765674918489,CH1,POWER,3.40
1765674918494,CH1,POWER,3.40
1765674918499,CH1,POWER,3.40
1765674918503,CH1,POWER,3.40
1765674918509,CH1,POWER,3.40
1765674918512,CH1,POWER,3.40
1765674918518,CH1,POWER,3.40
1765674918523,CH1,POWER,3.40
1765674918528,CH1,POWER,3.40
1765674918533,CH1,POWER,3.40
1765674918539,CH1,POWER,3.40
1765674918544,CH1,POWER,3.40
1765674918548,CH1,POWER,3.40
1765674918553,CH1,POWER,3.40
1765674918558,CH1,POWER,3.40
1765674918564,CH1,POWER,3.40
1765674918569,CH1,POWER,3.40
1765674918577,CH1,POWER,3.40
1765674918582,CH1,POWER,3.40
1765674918588,CH1,POWER,3.40
1765674918592,CH1,POWER,3.40
1765674918596,CH1,POWER,3.40
1765674918601,CH1,POWER,3.40
1765674918606,CH1,POWER,3.40
1765674918612,CH1,POWER,3.40
1765674918619,CH1,POWER,3.40
1765674918624,CH1,POWER,3.40
1765674918629,CH1,POWER,3.40
1765674918634,CH1,POWER,3.40
1765674918639,CH1,POWER,3.40
1765674918644,CH1,POWER,3.40
1765674918649,CH1,POWER,3.40
1765674918656,CH1,POWER,3.40
1765674918661,CH1,POWER,3.40
1765674918669,CH1,POWER,3.40
1765674918674,CH1,POWER,3.40
1765674918678,CH1,POWER,3.40
1765674918683,CH1,POWER,3.40
1765674918687,CH1,POWER,3.40
1765674918691,CH1,POWER,3.40
1765674918695,CH1,POWER,3.40
1765674918699,CH1,POWER,3.40
1765674918704,CH1,POWER,3.40
1765674918709,CH1,POWER,3.40
1765674918713,CH1,POWER,3.40
1765674918718,CH1,POWER,3.40
1765674918723,CH1,POWER,3.40
1765674918729,CH1,POWER,3.40
1765674918734,CH1,POWER,3.40
1765674918738,CH1,POWER,3.40
1765674918743,CH1,POWER,3.40
1765674918748,CH1,POWER,3.40
1765674918752,CH1,POWER,3.40
1765674918759,CH1,POWER,3.40
1765674918764,CH1,POWER,3.40
1765674918768,CH1,POWER,3.40
1765674918772,CH1,POWER,3.40
1765674918778,CH1,POWER,3.40
1765674918783,CH1,POWER,3.40
1765674918789,CH1,POWER,3.40
1765674918794,CH1,POWER,3.40
1765674918798,CH1,POWER,3.40
1765674918801,CH1,POWER,3.20
1765674918803,CH1,POWER,3.20
1765674918831,CH1,POWER,3.20
1765674918836,CH1,POWER,3.20
1765674918840,CH1,POWER,3.20
1765674918845,CH1,POWER,3.20
1765674918850,CH1,POWER,3.20
1765674918855,CH1,POWER,3.20
1765674918860,CH1,POWER,3.20
1765674918864,CH1,POWER,3.20
1765674918871,CH1,POWER,3.20
1765674918876,CH1,POWER,3.20
1765674918880,CH1,POWER,3.20
1765674918885,CH1,POWER,3.20
1765674918890,CH1,POWER,3.20
1765674918894,CH1,POWER,3.20
1765674918901,CH1,POWER,3.20
1765674918906,CH1,POWER,3.20
1765674918910,CH1,POWER,3.20
1765674918915,CH1,POWER,3.20
1765674918920,CH1,POWER,3.20
1765674918924,CH1,POWER,3.20
1765674918931,CH1,POWER,3.20
1765674918936,CH1,POWER,3.20
1765674918940,CH1,POWER,3.20
1765674918945,CH1,POWER,3.20
1765674918949,CH1,POWER,3.20
1765674918954,CH1,POWER,3.20
1765674918961,CH1,POWER,3.20
1765674918966,CH1,POWER,3.20
1765674918970,CH1,POWER,3.20
1765674918974,CH1,POWER,3.20
1765674918981,CH1,POWER,3.20
1765674918986,CH1,POWER,3.20
1765674918991,CH1,POWER,3.20
1765674918996,CH1,POWER,3.20
1765674919001,CH1,POWER,3.20
1765674919006,CH1,POWER,3.20
1765674919010,CH1,POWER,3.20
1765674919014,CH1,POWER,3.20
1765674919021,CH1,POWER,3.20
1765674919026,CH1,POWER,3.20
1765674919030,CH1,POWER,3.20
1765674919035,CH1,POWER,3.20
1765674919040,CH1,POWER,3.20
1765674919045,CH1,POWER,3.20
1765674919049,CH1,POWER,3.20
1765674919054,CH1,POWER,3.20
1765674919060,CH1,POWER,3.20
1765674919065,CH1,POWER,3.20
1765674919069,CH1,POWER,3.20
1765674919074,CH1,POWER,3.20
1765674919080,CH1,POWER,3.20
1765674919086,CH1,POWER,3.20
1765674919091,CH1,POWER,3.20
1765674919099,CH1,POWER,3.20
1765674919104,CH1,POWER,3.20
1765674919111,CH1,POWER,3.20
1765674919116,CH1,POWER,3.20
1765674919121,CH1,POWER,3.20
1765674919126,CH1,POWER,3.20
1765674919131,CH1,POWER,3.20
1765674919139,CH1,POWER,3.20
1765674919144,CH1,POWER,3.20
1765674919151,CH1,POWER,3.20
1765674919156,CH1,POWER,3.20
1765674919161,CH1,POWER,3.20
1765674919166,CH1,POWER,3.20
1765674919171,CH1,POWER,3.20
1765674919176,CH1,POWER,3.20
1765674919180,CH1,POWER,3.20
1765674919185,CH1,POWER,3.20
1765674919189,CH1,POWER,3.20
1765674919193,CH1,POWER,3.20
1765674919195,CH1,POWER,3.20
1765674919223,CH1,POWER,3.20
1765674919228,CH1,POWER,3.20
1765674919233,CH1,POWER,3.20
1765674919238,CH1,POWER,3.20
1765674919243,CH1,POWER,3.20
1765674919248,CH1,POWER,3.20
1765674919253,CH1,POWER,3.20
1765674919258,CH1,POWER,3.20
1765674919262,CH1,POWER,3.20
1765674919267,CH1,POWER,3.20
1765674919272,CH1,POWER,3.20
1765674919277,CH1,POWER,3.20
1765674919281,CH1,POWER,3.20
1765674919286,CH1,POWER,3.20
1765674919290,CH1,POWER,3.20
1765674919295,CH1,POWER,3.20
1765674919300,CH1,POWER,3.20
1765674919305,CH1,POWER,3.20
1765674919313,CH1,POWER,3.20
1765674919318,CH1,POWER,3.20
1765674919322,CH1,POWER,3.20
1765674919327,CH1,POWER,3.20
1765674919332,CH1,POWER,3.20
1765674919336,CH1,POWER,3.20
1765674919342,CH1,POWER,3.20
1765674919346,CH1,POWER,3.20
1765674919352,CH1,POWER,3.20
1765674919357,CH1,POWER,3.20
1765674919361,CH1,POWER,3.20
1765674919365,CH1,POWER,3.20
1765674919370,CH1,POWER,3.20
1765674919375,CH1,POWER,3.20
1765674919380,CH1,POWER,3.20
1765674919385,CH1,POWER,3.20
1765674919389,CH1,POWER,3.20
1765674919394,CH1,POWER,3.20
1765674919400,CH1,POWER,3.20
1765674919404,CH1,POWER,3.20
1765674919411,CH1,POWER,3.20
1765674919415,CH1,POWER,3.20
1765674919420,CH1,POWER,3.20
1765674919424,CH1,POWER,3.20
1765674919431,CH1,POWER,3.20
1765674919436,CH1,POWER,3.20
1765674919442,CH1,POWER,3.20
1765674919446,CH1,POWER,3.20
1765674919452,CH1,POWER,3.20
1765674919456,CH1,POWER,3.20
1765674919463,CH1,POWER,3.20
1765674919468,CH1,POWER,3.20
1765674919472,CH1,POWER,3.20
1765674919477,CH1,POWER,3.20
1765674919483,CH1,POWER,3.20
1765674919488,CH1,POWER,3.20
1765674919493,CH1,POWER,3.20
1765674919498,CH1,POWER,3.20
1765674919503,CH1,POWER,3.20
1765674919508,CH1,POWER,3.20
1765674919512,CH1,POWER,3.20
1765674919516,CH1,POWER,3.20
1765674919522,CH1,POWER,3.20
1765674919526,CH1,POWER,3.20
1765674919533,CH1,POWER,3.20
1765674919538,CH1,POWER,3.20
1765674919543,CH1,POWER,3.20
1765674919548,CH1,POWER,3.20
1765674919553,CH1,POWER,3.20
1765674919558,CH1,POWER,3.20
1765674919563,CH1,POWER,3.20
1765674919568,CH1,POWER,3.20
1765674919572,CH1,POWER,3.20
1765674919579,CH1,POWER,3.20
1765674919582,CH1,POWER,3.20
1765674919585,CH1,POWER,3.20
1765674919587,CH1,POWER,3.20
1765674919615,CH1,POWER,3.20
1765674919620,CH1,POWER,3.20
1765674919625,CH1,POWER,3.20
1765674919630,CH1,POWER,3.20
1765674919634,CH1,POWER,3.20
1765674919639,CH1,POWER,3.20
1765674919643,CH1,POWER,3.20
1765674919648,CH1,POWER,3.20
1765674919654,CH1,POWER,3.20
1765674919659,CH1,POWER,3.20
1765674919663,CH1,POWER,3.20
1765674919668,CH1,POWER,3.20
1765674919674,CH1,POWER,3.20
1765674919679,CH1,POWER,3.20
1765674919684,CH1,POWER,3.20
1765674919690,CH1,POWER,3.20
1765674919695,CH1,POWER,3.20
1765674919700,CH1,POWER,3.20
1765674919705,CH1,POWER,3.20
1765674919713,CH1,POWER,3.20
1765674919718,CH1,POWER,3.20
1765674919725,CH1,POWER,3.20
1765674919730,CH1,POWER,3.20
1765674919734,CH1,POWER,3.20
1765674919739,CH1,POWER,3.20
1765674919744,CH1,POWER,3.20
1765674919748,CH1,POWER,3.20
1765674919755,CH1,POWER,3.20
1765674919760,CH1,POWER,3.20
1765674919764,CH1,POWER,3.20
1765674919768,CH1,POWER,3.20
1765674919774,CH1,POWER,3.20
1765674919778,CH1,POWER,3.20
1765674919785,CH1,POWER,3.20
1765674919790,CH1,POWER,3.20
1765674919794,CH1,POWER,3.20
1765674919799,CH1,POWER,3.20
1765674919805,CH1,POWER,3.20
1765674919810,CH1,POWER,3.20
1765674919814,CH1,POWER,3.20
1765674919818,CH1,POWER,3.20
1765674919824,CH1,POWER,3.20
1765674919830,CH1,POWER,3.20
1765674919834,CH1,POWER,3.20
1765674919838,CH1,POWER,3.20
1765674919845,CH1,POWER,3.20
1765674919850,CH1,POWER,3.20
1765674919854,CH1,POWER,3.20
1765674919858,CH1,POWER,3.20
1765674919864,CH1,POWER,3.20
1765674919870,CH1,POWER,3.20
1765674919874,CH1,POWER,3.20
1765674919878,CH1,POWER,3.20
1765674919885,CH1,POWER,3.20
1765674919890,CH1,POWER,3.20
1765674919894,CH1,POWER,3.20
1765674919898,CH1,POWER,3.20
1765674919904,CH1,POWER,3.20
1765674919909,CH1,POWER,3.20
1765674919914,CH1,POWER,3.20
1765674919919,CH1,POWER,3.20
1765674919923,CH1,POWER,3.20
1765674919928,CH1,POWER,3.20
1765674919935,CH1,POWER,3.20
1765674919940,CH1,POWER,3.20
1765674919944,CH1,POWER,3.20
1765674919949,CH1,POWER,3.20
1765674919953,CH1,POWER,3.20
1765674919957,CH1,POWER,3.20
1765674919962,CH1,POWER,3.20
1765674919967,CH1,POWER,3.20
1765674919971,CH1,POWER,3.20
1765674919976,CH1,POWER,3.20
1765674919981,CH1,POWER,3.20
1765674919984,CH1,POWER,3.20
1765674919986,CH1,POWER,3.20
1765674919989,CH1,POWER,3.20
1765674920017,CH1,POWER,3.20
1765674920022,CH1,POWER,3.20
1765674920027,CH1,POWER,3.20
1765674920035,CH1,POWER,3.20
1765674920040,CH1,POWER,3.20
1765674920047,CH1,POWER,3.20
1765674920052,CH1,POWER,3.20
1765674920057,CH1,POWER,3.20
1765674920062,CH1,POWER,3.20
1765674920066,CH1,POWER,3.20
1765674920071,CH1,POWER,3.20
1765674920075,CH1,POWER,3.20
1765674920080,CH1,POWER,3.20
1765674920086,CH1,POWER,3.20
1765674920091,CH1,POWER,3.20
1765674920096,CH1,POWER,3.20
1765674920100,CH1,POWER,3.20
1765674920107,CH1,POWER,3.20
1765674920112,CH1,POWER,3.20
1765674920116,CH1,POWER,3.20
1765674920120,CH1,POWER,3.20
1765674920127,CH1,POWER,3.20
1765674920132,CH1,POWER,3.20
1765674920136,CH1,POWER,3.20
1765674920140,CH1,POWER,3.20
1765674920147,CH1,POWER,3.20
1765674920152,CH1,POWER,3.20
1765674920156,CH1,POWER,3.20
1765674920160,CH1,POWER,3.20
1765674920167,CH1,POWER,3.20
1765674920172,CH1,POWER,3.20
1765674920176,CH1,POWER,3.20
1765674920181,CH1,POWER,3.20
1765674920187,CH1,POWER,3.20
1765674920195,CH1,POWER,3.20
1765674920200,CH1,POWER,3.20
1765674920207,CH1,POWER,3.20
1765674920212,CH1,POWER,3.20
1765674920217,CH1,POWER,3.20
1765674920222,CH1,POWER,3.20
1765674920226,CH1,POWER,3.20
1765674920230,CH1,POWER,3.20
1765674920236,CH1,POWER,3.20
1765674920241,CH1,POWER,3.20
1765674920247,CH1,POWER,3.20
1765674920252,CH1,POWER,3.20
1765674920256,CH1,POWER,3.20
1765674920260,CH1,POWER,3.20
1765674920266,CH1,POWER,3.20
1765674920272,CH1,POWER,3.20
1765674920276,CH1,POWER,3.20
1765674920280,CH1,POWER,3.20
1765674920287,CH1,POWER,3.20
1765674920292,CH1,POWER,3.20
1765674920296,CH1,POWER,3.20
1765674920304,CH1,POWER,3.20
1765674920311,CH1,POWER,3.20
1765674920315,CH1,POWER,3.20
1765674920320,CH1,POWER,3.20
1765674920326,CH1,POWER,3.20
1765674920335,CH1,POWER,3.20
1765674920339,CH1,POWER,3.20
1765674920347,CH1,POWER,3.20
1765674920352,CH1,POWER,3.20
1765674920356,CH1,POWER,3.20
1765674920360,CH1,POWER,3.20
1765674920366,CH1,POWER,3.20
1765674920371,CH1,POWER,3.20
1765674920399,CH1,POWER,3.20
1765674920404,CH1,POWER,3.20
1765674920408,CH1,POWER,3.20
1765674920412,CH1,POWER,3.20
1765674920419,CH1,POWER,3.20
1765674920424,CH1,POWER,3.20
1765674920428,CH1,POWER,3.20
1765674920432,CH1,POWER,3.20
1765674920438,CH1,POWER,3.20
1765674920446,CH1,POWER,3.20
1765674920450,CH1,POWER,3.20
1765674920459,CH1,POWER,3.20
1765674920467,CH1,POWER,3.20
1765674920472,CH1,POWER,3.20
1765674920478,CH1,POWER,3.20
1765674920483,CH1,POWER,3.20
1765674920487,CH1,POWER,3.20
1765674920491,CH1,POWER,3.20
1765674920496,CH1,POWER,3.20
1765674920500,CH1,POWER,3.20
1765674920507,CH1,POWER,3.20
1765674920512,CH1,POWER,3.20
1765674920518,CH1,POWER,3.20
1765674920522,CH1,POWER,3.20
1765674920528,CH1,POWER,3.20
1765674920532,CH1,POWER,3.20
1765674920539,CH1,POWER,3.20
1765674920544,CH1,POWER,3.20
1765674920548,CH1,POWER,3.20
1765674920552,CH1,POWER,3.20
1765674920559,CH1,POWER,3.20
1765674920564,CH1,POWER,3.20
1765674920568,CH1,POWER,3.20
1765674920572,CH1,POWER,3.20
1765674920579,CH1,POWER,3.20
1765674920584,CH1,POWER,3.20
1765674920588,CH1,POWER,3.20
1765674920592,CH1,POWER,3.20
1765674920599,CH1,POWER,3.20
1765674920604,CH1,POWER,3.20
1765674920608,CH1,POWER,3.20
1765674920613,CH1,POWER,3.20
1765674920618,CH1,POWER,3.20
1765674920622,CH1,POWER,3.20
1765674920629,CH1,POWER,3.20
1765674920634,CH1,POWER,3.20
1765674920638,CH1,POWER,3.20
1765674920647,CH1,POWER,3.20
1765674920651,CH1,POWER,3.20
1765674920658,CH1,POWER,3.20
1765674920663,CH1,POWER,3.20
1765674920667,CH1,POWER,3.20
1765674920671,CH1,POWER,3.20
1765674920677,CH1,POWER,3.20
1765674920684,CH1,POWER,3.20
1765674920689,CH1,POWER,3.20
1765674920694,CH1,POWER,3.20
1765674920698,CH1,POWER,3.20
1765674920702,CH1,POWER,3.20
1765674920708,CH1,POWER,3.20
1765674920712,CH1,POWER,3.20
1765674920719,CH1,POWER,3.20
1765674920724,CH1,POWER,3.20
1765674920728,CH1,POWER,3.20
1765674920732,CH1,POWER,3.20
1765674920739,CH1,POWER,3.20
1765674920744,CH1,POWER,3.20
1765674920749,CH1,POWER,3.20
1765674920754,CH1,POWER,3.20
1765674920758,CH1,POWER,3.20
1765674920763,CH1,POWER,3.20
1765674920766,CH1,POWER,3.65
1765674920769,CH1,POWER,3.65
1765674920771,CH1,POWER,3.65
1765674920798,CH1,POWER,3.65
1765674920802,CH1,POWER,3.65
1765674920810,CH1,POWER,3.65
1765674920819,CH1,POWER,3.65
1765674920824,CH1,POWER,3.65
1765674920831,CH1,POWER,3.65
1765674920836,CH1,POWER,3.65
1765674920841,CH1,POWER,3.65
1765674920846,CH1,POWER,3.65
1765674920850,CH1,POWER,3.65
1765674920858,CH1,POWER,3.65
1765674920865,CH1,POWER,3.65
1765674920869,CH1,POWER,3.65
1765674920873,CH1,POWER,3.65
1765674920877,CH1,POWER,3.65
1765674920884,CH1,POWER,3.65
1765674920891,CH1,POWER,3.65
1765674920896,CH1,POWER,3.65
1765674920900,CH1,POWER,3.65
1765674920904,CH1,POWER,3.65
1765674920910,CH1,POWER,3.65
1765674920918,CH1,POWER,3.65
1765674920923,CH1,POWER,3.65
1765674920927,CH1,POWER,3.65
1765674920931,CH1,POWER,3.65
1765674920938,CH1,POWER,3.65
1765674920942,CH1,POWER,3.65
1765674920950,CH1,POWER,3.65
1765674920959,CH1,POWER,3.65
1765674920964,CH1,POWER,3.65
1765674920970,CH1,POWER,3.65
1765674920975,CH1,POWER,3.65
1765674920980,CH1,POWER,3.65
1765674920984,CH1,POWER,3.65
1765674920990,CH1,POWER,3.65
1765674920996,CH1,POWER,3.65
1765674921001,CH1,POWER,3.65
1765674921006,CH1,POWER,3.65
1765674921011,CH1,POWER,3.65
1765674921016,CH1,POWER,3.65
1765674921020,CH1,POWER,3.65
1765674921024,CH1,POWER,3.65
1765674921031,CH1,POWER,3.65
1765674921036,CH1,POWER,3.65
1765674921040,CH1,POWER,3.65
1765674921044,CH1,POWER,3.65
1765674921050,CH1,POWER,3.65
1765674921054,CH1,POWER,3.65
1765674921060,CH1,POWER,3.65
1765674921066,CH1,POWER,3.65
1765674921070,CH1,POWER,3.65
1765674921074,CH1,POWER,3.65
1765674921080,CH1,POWER,3.65
1765674921086,CH1,POWER,3.65
1765674921090,CH1,POWER,3.65
1765674921095,CH1,POWER,3.65
1765674921100,CH1,POWER,3.65
1765674921104,CH1,POWER,3.65
1765674921110,CH1,POWER,3.65
1765674921116,CH1,POWER,3.65
1765674921120,CH1,POWER,3.65
1765674921124,CH1,POWER,3.65
1765674921130,CH1,POWER,3.65
1765674921134,CH1,POWER,3.65
1765674921140,CH1,POWER,3.65
1765674921144,CH1,POWER,3.65
1765674921150,CH1,POWER,3.65
1765674921153,CH1,POWER,3.35
1765674921180,CH1,POWER,3.35
1765674921185,CH1,POWER,3.35
1765674921189,CH1,POWER,3.35
1765674921193,CH1,POWER,3.35
1765674921200,CH1,POWER,3.35
1765674921204,CH1,POWER,3.35
1765674921213,CH1,POWER,3.35
1765674921218,CH1,POWER,3.35
1765674921222,CH1,POWER,3.35
1765674921226,CH1,POWER,3.35
1765674921232,CH1,POWER,3.35
1765674921240,CH1,POWER,3.35
1765674921245,CH1,POWER,3.35
1765674921252,CH1,POWER,3.35
1765674921258,CH1,POWER,3.35
1765674921262,CH1,POWER,3.35
1765674921271,CH1,POWER,3.35
1765674921276,CH1,POWER,3.35
1765674921282,CH1,POWER,3.35
1765674921286,CH1,POWER,3.35
1765674921292,CH1,POWER,3.35
1765674921296,CH1,POWER,3.35
1765674921303,CH1,POWER,3.35
1765674921308,CH1,POWER,3.35
1765674921312,CH1,POWER,3.35
1765674921316,CH1,POWER,3.35
1765674921323,CH1,POWER,3.35
1765674921328,CH1,POWER,3.35
1765674921332,CH1,POWER,3.35
1765674921336,CH1,POWER,3.35
1765674921343,CH1,POWER,3.35
1765674921348,CH1,POWER,3.35
1765674921352,CH1,POWER,3.35
1765674921358,CH1,POWER,3.35
1765674921362,CH1,POWER,3.35
1765674921368,CH1,POWER,3.35
1765674921372,CH1,POWER,3.35
1765674921376,CH1,POWER,3.35
1765674921382,CH1,POWER,3.35
1765674921386,CH1,POWER,3.35
1765674921392,CH1,POWER,3.35
1765674921396,CH1,POWER,3.35
1765674921402,CH1,POWER,3.35
1765674921408,CH1,POWER,3.35
1765674921412,CH1,POWER,3.35
1765674921416,CH1,POWER,3.35
1765674921422,CH1,POWER,3.35
1765674921428,CH1,POWER,3.35
1765674921432,CH1,POWER,3.35
1765674921438,CH1,POWER,3.35
1765674921443,CH1,POWER,3.35
1765674921448,CH1,POWER,3.35
1765674921453,CH1,POWER,3.35
1765674921458,CH1,POWER,3.35
1765674921462,CH1,POWER,3.35
1765674921468,CH1,POWER,3.35
1765674921473,CH1,POWER,3.35
1765674921478,CH1,POWER,3.35
1765674921482,CH1,POWER,3.35
1765674921486,CH1,POWER,3.35
1765674921492,CH1,POWER,3.35
1765674921496,CH1,POWER,3.35
1765674921502,CH1,POWER,3.35
1765674921508,CH1,POWER,3.35
1765674921512,CH1,POWER,3.35
1765674921518,CH1,POWER,3.35
1765674921522,CH1,POWER,3.35
1765674921528,CH1,POWER,3.35
1765674921532,CH1,POWER,3.35
1765674921536,CH1,POWER,3.35
1765674921542,CH1,POWER,3.35
1765674921544,CH1,POWER,3.20
1765674921547,CH1,POWER,3.20
1765674921574,CH1,POWER,3.20
1765674921580,CH1,POWER,3.20
1765674921584,CH1,POWER,3.20
1765674921588,CH1,POWER,3.20
1765674921594,CH1,POWER,3.20
1765674921600,CH1,POWER,3.20
1765674921604,CH1,POWER,3.20
1765674921610,CH1,POWER,3.20
1765674921614,CH1,POWER,3.20
1765674921618,CH1,POWER,3.20
1765674921624,CH1,POWER,3.20
1765674921628,CH1,POWER,3.20
1765674921634,CH1,POWER,3.20
1765674921640,CH1,POWER,3.20
1765674921644,CH1,POWER,3.20
1765674921650,CH1,POWER,3.20
1765674921654,CH1,POWER,3.20
1765674921663,CH1,POWER,3.20
1765674921667,CH1,POWER,3.20
1765674921675,CH1,POWER,3.20
1765674921680,CH1,POWER,3.20
1765674921684,CH1,POWER,3.20
1765674921692,CH1,POWER,3.20
1765674921699,CH1,POWER,3.20
1765674921703,CH1,POWER,3.20
1765674921710,CH1,POWER,3.20
1765674921714,CH1,POWER,3.20
1765674921720,CH1,POWER,3.20
1765674921724,CH1,POWER,3.20
1765674921728,CH1,POWER,3.20
1765674921734,CH1,POWER,3.20
1765674921738,CH1,POWER,3.20
1765674921744,CH1,POWER,3.20
1765674921748,CH1,POWER,3.20
1765674921753,CH1,POWER,3.20
1765674921760,CH1,POWER,3.20
1765674921764,CH1,POWER,3.20
1765674921768,CH1,POWER,3.20
1765674921774,CH1,POWER,3.20
1765674921780,CH1,POWER,3.20
1765674921784,CH1,POWER,3.20
1765674921788,CH1,POWER,3.20
1765674921793,CH1,POWER,3.20
1765674921797,CH1,POWER,3.20
1765674921801,CH1,POWER,3.20
1765674921805,CH1,POWER,3.20
1765674921810,CH1,POWER,3.20
1765674921814,CH1,POWER,3.20
1765674921819,CH1,POWER,3.20
1765674921823,CH1,POWER,3.20
1765674921830,CH1,POWER,3.20
1765674921834,CH1,POWER,3.20
1765674921840,CH1,POWER,3.20
1765674921844,CH1,POWER,3.20
1765674921848,CH1,POWER,3.20
1765674921854,CH1,POWER,3.20
1765674921860,CH1,POWER,3.20
1765674921864,CH1,POWER,3.20
1765674921868,CH1,POWER,3.20
1765674921874,CH1,POWER,3.20
1765674921882,CH1,POWER,3.20
1765674921888,CH1,POWER,3.20
1765674921894,CH1,POWER,3.20
1765674921899,CH1,POWER,3.20
1765674921903,CH1,POWER,3.20
1765674921908,CH1,POWER,3.20
1765674921914,CH1,POWER,3.20
1765674921918,CH1,POWER,3.20
1765674921923,CH1,POWER,3.20
1765674921929,CH1,POWER,3.20
1765674921933,CH1,POWER,3.20
1765674921937,CH1,POWER,3.20
1765674921963,CH1,POWER,3.20
1765674921969,CH1,POWER,3.20
1765674921973,CH1,POWER,3.20
1765674921977,CH1,POWER,3.20
1765674921984,CH1,POWER,3.20
1765674921989,CH1,POWER,3.20
1765674921993,CH1,POWER,3.20
1765674921998,CH1,POWER,3.20
1765674922006,CH1,POWER,3.20
1765674922012,CH1,POWER,3.20
1765674922016,CH1,POWER,3.20
1765674922020,CH1,POWER,3.20
1765674922027,CH1,POWER,3.20
1765674922032,CH1,POWER,3.20
1765674922037,CH1,POWER,3.20
1765674922042,CH1,POWER,3.20
1765674922046,CH1,POWER,3.20
1765674922050,CH1,POWER,3.20
1765674922055,CH1,POWER,3.20
1765674922062,CH1,POWER,3.20
1765674922067,CH1,POWER,3.20
1765674922072,CH1,POWER,3.20
1765674922076,CH1,POWER,3.20
1765674922080,CH1,POWER,3.20
1765674922086,CH1,POWER,3.20
1765674922090,CH1,POWER,3.20
1765674922096,CH1,POWER,3.20
1765674922104,CH1,POWER,3.20
1765674922109,CH1,POWER,3.20
1765674922116,CH1,POWER,3.20
1765674922121,CH1,POWER,3.20
1765674922125,CH1,POWER,3.20
1765674922130,CH1,POWER,3.20
1765674922135,CH1,POWER,3.20
1765674922142,CH1,POWER,3.20
1765674922146,CH1,POWER,3.20
1765674922152,CH1,POWER,3.20
1765674922156,CH1,POWER,3.20
1765674922160,CH1,POWER,3.20
1765674922166,CH1,POWER,3.20
1765674922170,CH1,POWER,3.20
1765674922176,CH1,POWER,3.20
1765674922182,CH1,POWER,3.20
1765674922187,CH1,POWER,3.20
1765674922192,CH1,POWER,3.20
1765674922196,CH1,POWER,3.20
1765674922204,CH1,POWER,3.20
1765674922210,CH1,POWER,3.20
1765674922216,CH1,POWER,3.20
1765674922222,CH1,POWER,3.20
1765674922226,CH1,POWER,3.20
1765674922230,CH1,POWER,3.20
1765674922235,CH1,POWER,3.20
1765674922240,CH1,POWER,3.20
1765674922246,CH1,POWER,3.20
1765674922250,CH1,POWER,3.20
1765674922256,CH1,POWER,3.20
1765674922260,CH1,POWER,3.20
1765674922266,CH1,POWER,3.20
1765674922272,CH1,POWER,3.20
1765674922276,CH1,POWER,3.20
1765674922280,CH1,POWER,3.20
1765674922286,CH1,POWER,3.20
1765674922292,CH1,POWER,3.20
1765674922296,CH1,POWER,3.20
1765674922300,CH1,POWER,3.20
1765674922306,CH1,POWER,3.20
1765674922314,CH1,POWER,3.20
1765674922318,CH1,POWER,3.20
1765674922323,CH1,POWER,3.20
1765674922328,CH1,POWER,3.20
1765674922333,CH1,POWER,3.25
1765674922335,CH1,POWER,3.25
1765674922338,CH1,POWER,3.25
1765674922340,CH1,POWER,3.25
1765674922367,CH1,POWER,3.25
1765674922372,CH1,POWER,3.25
1765674922377,CH1,POWER,3.25
1765674922382,CH1,POWER,3.25
1765674922387,CH1,POWER,3.25
1765674922392,CH1,POWER,3.25
1765674922398,CH1,POWER,3.25
1765674922404,CH1,POWER,3.25
1765674922408,CH1,POWER,3.25
1765674922412,CH1,POWER,3.25
1765674922418,CH1,POWER,3.25
1765674922424,CH1,POWER,3.25
1765674922428,CH1,POWER,3.25
1765674922434,CH1,POWER,3.25
1765674922438,CH1,POWER,3.25
1765674922442,CH1,POWER,3.25
1765674922447,CH1,POWER,3.25
1765674922454,CH1,POWER,3.25
1765674922458,CH1,POWER,3.25
1765674922464,CH1,POWER,3.25
1765674922468,CH1,POWER,3.25
1765674922474,CH1,POWER,3.25
1765674922478,CH1,POWER,3.25
1765674922482,CH1,POWER,3.25
1765674922488,CH1,POWER,3.25
1765674922494,CH1,POWER,3.25
1765674922499,CH1,POWER,3.25
1765674922504,CH1,POWER,3.25
1765674922508,CH1,POWER,3.25
1765674922516,CH1,POWER,3.25
1765674922522,CH1,POWER,3.25
1765674922527,CH1,POWER,3.25
1765674922532,CH1,POWER,3.25
1765674922538,CH1,POWER,3.25
1765674922542,CH1,POWER,3.25
1765674922547,CH1,POWER,3.25
1765674922551,CH1,POWER,3.25
1765674922557,CH1,POWER,3.25
1765674922562,CH1,POWER,3.25
1765674922568,CH1,POWER,3.25
1765674922574,CH1,POWER,3.25
1765674922578,CH1,POWER,3.25
1765674922584,CH1,POWER,3.25
1765674922588,CH1,POWER,3.25
1765674922592,CH1,POWER,3.25
1765674922597,CH1,POWER,3.25
1765674922601,CH1,POWER,3.25
1765674922607,CH1,POWER,3.25
1765674922612,CH1,POWER,3.25
1765674922618,CH1,POWER,3.25
1765674922624,CH1,POWER,3.25
1765674922628,CH1,POWER,3.25
1765674922634,CH1,POWER,3.25
1765674922638,CH1,POWER,3.25
1765674922644,CH1,POWER,3.25
1765674922648,CH1,POWER,3.25
1765674922652,CH1,POWER,3.25
1765674922658,CH1,POWER,3.25
1765674922662,CH1,POWER,3.25
1765674922668,CH1,POWER,3.25
1765674922674,CH1,POWER,3.25
1765674922678,CH1,POWER,3.25
1765674922682,CH1,POWER,3.25
1765674922688,CH1,POWER,3.25
1765674922694,CH1,POWER,3.25
1765674922698,CH1,POWER,3.25
1765674922702,CH1,POWER,3.25
1765674922708,CH1,POWER,3.25
1765674922714,CH1,POWER,3.25
1765674922718,CH1,POWER,3.25
1765674922724,CH1,POWER,3.25
1765674922728,CH1,POWER,3.25
1765674922732,CH1,POWER,3.25
1765674922759,CH1,POWER,3.60
1765674922764,CH1,POWER,3.60
1765674922769,CH1,POWER,3.60
1765674922773,CH1,POWER,3.60
1765674922777,CH1,POWER,3.60
1765674922782,CH1,POWER,3.60
1765674922790,CH1,POWER,3.60
1765674922796,CH1,POWER,3.60
1765674922800,CH1,POWER,3.60
1765674922804,CH1,POWER,3.60
1765674922810,CH1,POWER,3.60
1765674922818,CH1,POWER,3.60
1765674922822,CH1,POWER,3.60
1765674922827,CH1,POWER,3.60
1765674922831,CH1,POWER,3.60
1765674922837,CH1,POWER,3.60
1765674922842,CH1,POWER,3.60
1765674922850,CH1,POWER,3.60
1765674922854,CH1,POWER,3.60
1765674922860,CH1,POWER,3.60
1765674922868,CH1,POWER,3.60
1765674922872,CH1,POWER,3.60
1765674922877,CH1,POWER,3.60
1765674922881,CH1,POWER,3.60
1765674922887,CH1,POWER,3.60
1765674922892,CH1,POWER,3.60
1765674922898,CH1,POWER,3.60
1765674922903,CH1,POWER,3.60
1765674922909,CH1,POWER,3.60
1765674922914,CH1,POWER,3.60
1765674922920,CH1,POWER,3.60
1765674922924,CH1,POWER,3.60
1765674922930,CH1,POWER,3.60
1765674922934,CH1,POWER,3.60
1765674922940,CH1,POWER,3.60
1765674922944,CH1,POWER,3.60
1765674922950,CH1,POWER,3.60
1765674922956,CH1,POWER,3.60
1765674922960,CH1,POWER,3.60
1765674922966,CH1,POWER,3.60
1765674922970,CH1,POWER,3.60
1765674922974,CH1,POWER,3.60
1765674922979,CH1,POWER,3.60
1765674922983,CH1,POWER,3.60
1765674922990,CH1,POWER,3.60
1765674922996,CH1,POWER,3.60
1765674923000,CH1,POWER,3.60
1765674923004,CH1,POWER,3.60
1765674923010,CH1,POWER,3.60
1765674923016,CH1,POWER,3.60
1765674923020,CH1,POWER,3.60
1765674923024,CH1,POWER,3.60
1765674923029,CH1,POWER,3.60
1765674923033,CH1,POWER,3.60
1765674923037,CH1,POWER,3.60
1765674923041,CH1,POWER,3.60
1765674923046,CH1,POWER,3.60
1765674923050,CH1,POWER,3.60
1765674923054,CH1,POWER,3.60
1765674923060,CH1,POWER,3.60
1765674923066,CH1,POWER,3.60
1765674923070,CH1,POWER,3.60
1765674923074,CH1,POWER,3.60
1765674923080,CH1,POWER,3.60
1765674923086,CH1,POWER,3.60
1765674923090,CH1,POWER,3.60
1765674923094,CH1,POWER,3.60
1765674923100,CH1,POWER,3.60
1765674923104,CH1,POWER,3.60
1765674923109,CH1,POWER,3.60
1765674923116,CH1,POWER,3.60
1765674923120,CH1,POWER,3.60
1765674923124,CH1,POWER,3.65
1765674923151,CH1,POWER,3.65
1765674923156,CH1,POWER,3.65
1765674923161,CH1,POWER,3.65
1765674923165,CH1,POWER,3.65
1765674923169,CH1,POWER,3.65
1765674923173,CH1,POWER,3.65
1765674923178,CH1,POWER,3.65
1765674923182,CH1,POWER,3.65
1765674923186,CH1,POWER,3.65
1765674923191,CH1,POWER,3.65
1765674923196,CH1,POWER,3.65
1765674923202,CH1,POWER,3.65
1765674923206,CH1,POWER,3.65
1765674923211,CH1,POWER,3.65
1765674923215,CH1,POWER,3.65
1765674923219,CH1,POWER,3.65
1765674923224,CH1,POWER,3.65
1765674923230,CH1,POWER,3.65
1765674923235,CH1,POWER,3.65
1765674923239,CH1,POWER,3.65
1765674923244,CH1,POWER,3.65
1765674923250,CH1,POWER,3.65
1765674923254,CH1,POWER,3.65
1765674923260,CH1,POWER,3.65
1765674923265,CH1,POWER,3.65
1765674923269,CH1,POWER,3.65
1765674923273,CH1,POWER,3.65
1765674923278,CH1,POWER,3.65
1765674923282,CH1,POWER,3.65
1765674923286,CH1,POWER,3.65
1765674923292,CH1,POWER,3.65
1765674923298,CH1,POWER,3.65
1765674923302,CH1,POWER,3.65
1765674923308,CH1,POWER,3.65
1765674923312,CH1,POWER,3.65
1765674923316,CH1,POWER,3.65
1765674923322,CH1,POWER,3.65
1765674923328,CH1,POWER,3.65
1765674923332,CH1,POWER,3.65
1765674923336,CH1,POWER,3.65
1765674923342,CH1,POWER,3.65
1765674923348,CH1,POWER,3.65
1765674923352,CH1,POWER,3.65
1765674923356,CH1,POWER,3.65
1765674923362,CH1,POWER,3.65
1765674923366,CH1,POWER,3.65
1765674923372,CH1,POWER,3.65
1765674923378,CH1,POWER,3.65
1765674923382,CH1,POWER,3.65
1765674923386,CH1,POWER,3.65
1765674923392,CH1,POWER,3.65
1765674923396,CH1,POWER,3.65
1765674923402,CH1,POWER,3.65
1765674923406,CH1,POWER,3.65
1765674923412,CH1,POWER,3.65
1765674923418,CH1,POWER,3.65
1765674923422,CH1,POWER,3.65
1765674923426,CH1,POWER,3.65
1765674923432,CH1,POWER,3.65
1765674923436,CH1,POWER,3.65
1765674923441,CH1,POWER,3.65
1765674923445,CH1,POWER,3.65
1765674923449,CH1,POWER,3.65
1765674923453,CH1,POWER,3.65
1765674923458,CH1,POWER,3.65
1765674923462,CH1,POWER,3.65
1765674923468,CH1,POWER,3.65
1765674923472,CH1,POWER,3.65
1765674923478,CH1,POWER,3.65
1765674923482,CH1,POWER,3.65
1765674923486,CH1,POWER,3.65
1765674923492,CH1,POWER,3.65
1765674923498,CH1,POWER,3.65
1765674923502,CH1,POWER,3.65
1765674923506,CH1,POWER,3.65
1765674923512,CH1,POWER,3.65
1765674923516,CH1,POWER,3.65
1765674923521,CH1,POWER,3.65
1765674923524,CH1,POWER,3.20
1765674923526,CH1,POWER,3.20
1765674923553,CH1,POWER,3.20
1765674923558,CH1,POWER,3.20
1765674923563,CH1,POWER,3.20
1765674923567,CH1,POWER,3.20
1765674923571,CH1,POWER,3.20
1765674923575,CH1,POWER,3.20
1765674923580,CH1,POWER,3.20
1765674923584,CH1,POWER,3.20
1765674923588,CH1,POWER,3.20
1765674923594,CH1,POWER,3.20
1765674923600,CH1,POWER,3.20
1765674923604,CH1,POWER,3.20
1765674923608,CH1,POWER,3.20
1765674923614,CH1,POWER,3.20
1765674923620,CH1,POWER,3.20
1765674923624,CH1,POWER,3.20
1765674923628,CH1,POWER,3.20
1765674923634,CH1,POWER,3.20
1765674923640,CH1,POWER,3.20
1765674923644,CH1,POWER,3.20
1765674923648,CH1,POWER,3.20
1765674923654,CH1,POWER,3.20
1765674923660,CH1,POWER,3.20
1765674923664,CH1,POWER,3.20
1765674923668,CH1,POWER,3.20
1765674923674,CH1,POWER,3.20
1765674923680,CH1,POWER,3.20
1765674923684,CH1,POWER,3.20
1765674923688,CH1,POWER,3.20
1765674923694,CH1,POWER,3.20
1765674923700,CH1,POWER,3.20
1765674923704,CH1,POWER,3.20
1765674923710,CH1,POWER,3.20
1765674923714,CH1,POWER,3.20
1765674923718,CH1,POWER,3.20
1765674923724,CH1,POWER,3.20
1765674923730,CH1,POWER,3.20
1765674923734,CH1,POWER,3.20
1765674923738,CH1,POWER,3.20
1765674923743,CH1,POWER,3.20
1765674923747,CH1,POWER,3.20
1765674923751,CH1,POWER,3.20
1765674923755,CH1,POWER,3.20
1765674923762,CH1,POWER,3.20
1765674923766,CH1,POWER,3.20
1765674923771,CH1,POWER,3.20
1765674923775,CH1,POWER,3.20
1765674923782,CH1,POWER,3.20
1765674923787,CH1,POWER,3.20
1765674923791,CH1,POWER,3.20
1765674923796,CH1,POWER,3.20
1765674923804,CH1,POWER,3.20
1765674923808,CH1,POWER,3.20
1765674923814,CH1,POWER,3.20
1765674923818,CH1,POWER,3.20
1765674923824,CH1,POWER,3.20
1765674923830,CH1,POWER,3.20
1765674923834,CH1,POWER,3.20
1765674923840,CH1,POWER,3.20
1765674923844,CH1,POWER,3.20
1765674923848,CH1,POWER,3.20
1765674923854,CH1,POWER,3.20
1765674923858,CH1,POWER,3.20
1765674923864,CH1,POWER,3.20
1765674923872,CH1,POWER,3.20
1765674923876,CH1,POWER,3.20
1765674923881,CH1,POWER,3.20
1765674923885,CH1,POWER,3.20
1765674923890,CH1,POWER,3.20
1765674923894,CH1,POWER,3.20
1765674923898,CH1,POWER,3.20
1765674923903,CH1,POWER,3.20
1765674923908,CH1,POWER,3.20
1765674923914,CH1,POWER,3.20
1765674923920,CH1,POWER,3.20
1765674923924,CH1,POWER,3.20
1765674923927,CH1,POWER,3.25
1765674923953,CH1,POWER,3.25
1765674923958,CH1,POWER,3.25
1765674923963,CH1,POWER,3.25
1765674923967,CH1,POWER,3.25
1765674923972,CH1,POWER,3.25
1765674923976,CH1,POWER,3.25
1765674923982,CH1,POWER,3.25
1765674923988,CH1,POWER,3.25
1765674923993,CH1,POWER,3.25
1765674923997,CH1,POWER,3.25
1765674924004,CH1,POWER,3.25
1765674924008,CH1,POWER,3.25
1765674924013,CH1,POWER,3.25
1765674924017,CH1,POWER,3.25
1765674924022,CH1,POWER,3.25
1765674924026,CH1,POWER,3.25
1765674924030,CH1,POWER,3.25
1765674924036,CH1,POWER,3.25
1765674924042,CH1,POWER,3.25
1765674924046,CH1,POWER,3.25
1765674924054,CH1,POWER,3.25
1765674924060,CH1,POWER,3.25
1765674924065,CH1,POWER,3.25
1765674924069,CH1,POWER,3.25
1765674924076,CH1,POWER,3.25
1765674924080,CH1,POWER,3.25
1765674924085,CH1,POWER,3.25
1765674924089,CH1,POWER,3.25
1765674924093,CH1,POWER,3.25
1765674924098,CH1,POWER,3.25
1765674924104,CH1,POWER,3.25
1765674924110,CH1,POWER,3.25
1765674924115,CH1,POWER,3.25
1765674924119,CH1,POWER,3.25
1765674924126,CH1,POWER,3.25
1765674924130,CH1,POWER,3.25
1765674924135,CH1,POWER,3.25
1765674924139,CH1,POWER,3.25
1765674924146,CH1,POWER,3.25
1765674924150,CH1,POWER,3.25
1765674924156,CH1,POWER,3.25
1765674924162,CH1,POWER,3.25
1765674924166,CH1,POWER,3.25
1765674924170,CH1,POWER,3.25
1765674924176,CH1,POWER,3.25
1765674924182,CH1,POWER,3.25
1765674924186,CH1,POWER,3.25
1765674924190,CH1,POWER,3.25
1765674924196,CH1,POWER,3.25
1765674924201,CH1,POWER,3.25
1765674924206,CH1,POWER,3.25
1765674924210,CH1,POWER,3.25
1765674924216,CH1,POWER,3.25
1765674924222,CH1,POWER,3.25
1765674924226,CH1,POWER,3.25
1765674924230,CH1,POWER,3.25
1765674924236,CH1,POWER,3.25
1765674924242,CH1,POWER,3.25
1765674924246,CH1,POWER,3.25
1765674924252,CH1,POWER,3.25
1765674924256,CH1,POWER,3.25
1765674924262,CH1,POWER,3.25
1765674924266,CH1,POWER,3.25
1765674924270,CH1,POWER,3.25
1765674924276,CH1,POWER,3.25
1765674924282,CH1,POWER,3.25
1765674924286,CH1,POWER,3.25
1765674924294,CH1,POWER,3.25
1765674924298,CH1,POWER,3.25
1765674924303,CH1,POWER,3.25
1765674924307,CH1,POWER,3.25
1765674924313,CH1,POWER,3.25
1765674924317,CH1,POWER,3.25
1765674924321,CH1,POWER,3.20
1765674924348,CH1,POWER,3.20
1765674924354,CH1,POWER,3.20
1765674924358,CH1,POWER,3.20
1765674924362,CH1,POWER,3.20
1765674924368,CH1,POWER,3.20
1765674924376,CH1,POWER,3.20
1765674924380,CH1,POWER,3.20
1765674924385,CH1,POWER,3.20
1765674924389,CH1,POWER,3.20
1765674924394,CH1,POWER,3.20
1765674924398,CH1,POWER,3.20
1765674924406,CH1,POWER,3.20
1765674924411,CH1,POWER,3.20
1765674924418,CH1,POWER,3.20
1765674924422,CH1,POWER,3.20
1765674924427,CH1,POWER,3.20
1765674924431,CH1,POWER,3.20
1765674924435,CH1,POWER,3.20
1765674924440,CH1,POWER,3.20
1765674924446,CH1,POWER,3.20
1765674924451,CH1,POWER,3.20
1765674924455,CH1,POWER,3.20
1765674924459,CH1,POWER,3.20
1765674924464,CH1,POWER,3.20
1765674924468,CH1,POWER,3.20
1765674924472,CH1,POWER,3.20
1765674924478,CH1,POWER,3.20
1765674924484,CH1,POWER,3.20
1765674924488,CH1,POWER,3.20
1765674924494,CH1,POWER,3.20
1765674924498,CH1,POWER,3.20
1765674924502,CH1,POWER,3.20
1765674924508,CH1,POWER,3.20
1765674924514,CH1,POWER,3.20
1765674924518,CH1,POWER,3.20
1765674924526,CH1,POWER,3.20
1765674924531,CH1,POWER,3.20
1765674924538,CH1,POWER,3.20
1765674924542,CH1,POWER,3.20
1765674924547,CH1,POWER,3.20
1765674924551,CH1,POWER,3.20
1765674924555,CH1,POWER,3.20
1765674924560,CH1,POWER,3.20
1765674924566,CH1,POWER,3.20
1765674924571,CH1,POWER,3.20
1765674924578,CH1,POWER,3.20
1765674924582,CH1,POWER,3.20
1765674924587,CH1,POWER,3.20
1765674924591,CH1,POWER,3.20
1765674924595,CH1,POWER,3.20
1765674924601,CH1,POWER,3.20
1765674924605,CH1,POWER,3.20
1765674924610,CH1,POWER,3.20
1765674924615,CH1,POWER,3.20
1765674924619,CH1,POWER,3.20
1765674924626,CH1,POWER,3.20
1765674924631,CH1,POWER,3.20
1765674924635,CH1,POWER,3.20
1765674924640,CH1,POWER,3.20
1765674924646,CH1,POWER,3.20
1765674924650,CH1,POWER,3.20
1765674924658,CH1,POWER,3.20
1765674924666,CH1,POWER,3.20
1765674924671,CH1,POWER,3.20
1765674924678,CH1,POWER,3.20
1765674924684,CH1,POWER,3.20
1765674924688,CH1,POWER,3.20
1765674924694,CH1,POWER,3.20
1765674924698,CH1,POWER,3.20
1765674924702,CH1,POWER,3.20
1765674924708,CH1,POWER,3.20
1765674924711,CH1,POWER,3.20
1765674924737,CH1,POWER,3.20
1765674924742,CH1,POWER,3.20
1765674924747,CH1,POWER,3.20
1765674924751,CH1,POWER,3.20
1765674924758,CH1,POWER,3.20
1765674924763,CH1,POWER,3.20
1765674924767,CH1,POWER,3.20
1765674924772,CH1,POWER,3.20
1765674924778,CH1,POWER,3.20
1765674924783,CH1,POWER,3.20
1765674924790,CH1,POWER,3.20
1765674924796,CH1,POWER,3.20
1765674924800,CH1,POWER,3.20
1765674924804,CH1,POWER,3.20
1765674924809,CH1,POWER,3.20
1765674924814,CH1,POWER,3.20
1765674924820,CH1,POWER,3.20
1765674924826,CH1,POWER,3.20
1765674924830,CH1,POWER,3.20
1765674924834,CH1,POWER,3.20
1765674924839,CH1,POWER,3.20
1765674924846,CH1,POWER,3.20
1765674924850,CH1,POWER,3.20
1765674924856,CH1,POWER,3.20
1765674924860,CH1,POWER,3.20
1765674924864,CH1,POWER,3.20
1765674924870,CH1,POWER,3.20
1765674924875,CH1,POWER,3.20
1765674924880,CH1,POWER,3.20
1765674924884,CH1,POWER,3.20
1765674924889,CH1,POWER,3.20
1765674924894,CH1,POWER,3.20
1765674924900,CH1,POWER,3.20
1765674924906,CH1,POWER,3.20
1765674924910,CH1,POWER,3.20
1765674924914,CH1,POWER,3.20
1765674924920,CH1,POWER,3.20
1765674924928,CH1,POWER,3.20
1765674924934,CH1,POWER,3.20
1765674924939,CH1,POWER,3.20
1765674924943,CH1,POWER,3.20
1765674924950,CH1,POWER,3.20
1765674924954,CH1,POWER,3.20
1765674924960,CH1,POWER,3.20
1765674924968,CH1,POWER,3.20
1765674924973,CH1,POWER,3.20
1765674924980,CH1,POWER,3.20
1765674924984,CH1,POWER,3.20
1765674924989,CH1,POWER,3.20
1765674924993,CH1,POWER,3.20
1765674924997,CH1,POWER,3.20
1765674925002,CH1,POWER,3.20
1765674925008,CH1,POWER,3.20
1765674925013,CH1,POWER,3.20
1765674925020,CH1,POWER,3.20
1765674925028,CH1,POWER,3.20
1765674925033,CH1,POWER,3.20
1765674925039,CH1,POWER,3.20
1765674925044,CH1,POWER,3.20
1765674925050,CH1,POWER,3.20
1765674925058,CH1,POWER,3.20
1765674925063,CH1,POWER,3.20
1765674925070,CH1,POWER,3.20
1765674925076,CH1,POWER,3.20
1765674925080,CH1,POWER,3.20
1765674925085,CH1,POWER,3.20
1765674925090,CH1,POWER,3.20
1765674925094,CH1,POWER,3.20
1765674925100,CH1,POWER,3.20
1765674925103,CH1,POWER,3.20
1765674925129,CH1,POWER,3.20
1765674925134,CH1,POWER,3.20
1765674925139,CH1,POWER,3.20
1765674925143,CH1,POWER,3.20
1765674925147,CH1,POWER,3.20
1765674925152,CH1,POWER,3.20
1765674925156,CH1,POWER,3.20
1765674925161,CH1,POWER,3.20
1765674925165,CH1,POWER,3.20
1765674925169,CH1,POWER,3.20
1765674925173,CH1,POWER,3.20
1765674925179,CH1,POWER,3.20
1765674925183,CH1,POWER,3.20
1765674925190,CH1,POWER,3.20
1765674925194,CH1,POWER,3.20
1765674925200,CH1,POWER,3.20
1765674925205,CH1,POWER,3.20
1765674925209,CH1,POWER,3.20
1765674925214,CH1,POWER,3.20
1765674925220,CH1,POWER,3.20
1765674925224,CH1,POWER,3.20
1765674925230,CH1,POWER,3.20
1765674925234,CH1,POWER,3.20
1765674925239,CH1,POWER,3.20
1765674925244,CH1,POWER,3.20
1765674925250,CH1,POWER,3.20
1765674925254,CH1,POWER,3.20
1765674925259,CH1,POWER,3.20
1765674925263,CH1,POWER,3.20
1765674925269,CH1,POWER,3.20
1765674925275,CH1,POWER,3.20
1765674925281,CH1,POWER,3.20
1765674925286,CH1,POWER,3.20
1765674925292,CH1,POWER,3.20
1765674925298,CH1,POWER,3.20
1765674925302,CH1,POWER,3.20
1765674925310,CH1,POWER,3.20
1765674925315,CH1,POWER,3.20
1765674925319,CH1,POWER,3.20
1765674925323,CH1,POWER,3.20
1765674925329,CH1,POWER,3.20
1765674925334,CH1,POWER,3.20
1765674925340,CH1,POWER,3.20
1765674925345,CH1,POWER,3.20
1765674925349,CH1,POWER,3.20
1765674925355,CH1,POWER,3.20
1765674925359,CH1,POWER,3.20
1765674925363,CH1,POWER,3.20
1765674925370,CH1,POWER,3.20
1765674925374,CH1,POWER,3.20
1765674925379,CH1,POWER,3.20
1765674925383,CH1,POWER,3.20
1765674925390,CH1,POWER,3.20
1765674925395,CH1,POWER,3.20
1765674925401,CH1,POWER,3.20
1765674925406,CH1,POWER,3.20
1765674925412,CH1,POWER,3.20
1765674925420,CH1,POWER,3.20
1765674925425,CH1,POWER,3.20
1765674925432,CH1,POWER,3.20
1765674925440,CH1,POWER,3.20
1765674925445,CH1,POWER,3.20
1765674925449,CH1,POWER,3.20
1765674925454,CH1,POWER,3.20
1765674925460,CH1,POWER,3.20
1765674925466,CH1,POWER,3.20
1765674925471,CH1,POWER,3.20
1765674925475,CH1,POWER,3.20
1765674925481,CH1,POWER,3.20
1765674925486,CH1,POWER,3.20
1765674925492,CH1,POWER,3.20
1765674925498,CH1,POWER,3.20
1765674925500,CH1,POWER,3.20
1765674925503,CH1,POWER,3.20
1765674925506,CH1,POWER,3.20
1765674925533,CH1,POWER,3.20
1765674925538,CH1,POWER,3.20
1765674925544,CH1,POWER,3.20
1765674925550,CH1,POWER,3.20
1765674925554,CH1,POWER,3.20
1765674925560,CH1,POWER,3.20
1765674925564,CH1,POWER,3.20
1765674925569,CH1,POWER,3.20
1765674925574,CH1,POWER,3.20
1765674925578,CH1,POWER,3.20
1765674925583,CH1,POWER,3.20
1765674925588,CH1,POWER,3.20
1765674925594,CH1,POWER,3.20
1765674925598,CH1,POWER,3.20
1765674925603,CH1,POWER,3.20
1765674925608,CH1,POWER,3.20
1765674925614,CH1,POWER,3.20
1765674925618,CH1,POWER,3.20
1765674925624,CH1,POWER,3.20
1765674925630,CH1,POWER,3.20
1765674925634,CH1,POWER,3.20
1765674925642,CH1,POWER,3.20
1765674925647,CH1,POWER,3.20
1765674925654,CH1,POWER,3.20
1765674925658,CH1,POWER,3.20
1765674925663,CH1,POWER,3.20
1765674925670,CH1,POWER,3.20
1765674925674,CH1,POWER,3.20
1765674925679,CH1,POWER,3.20
1765674925684,CH1,POWER,3.20
1765674925690,CH1,POWER,3.20
1765674925694,CH1,POWER,3.20
1765674925699,CH1,POWER,3.20
1765674925704,CH1,POWER,3.20
1765674925710,CH1,POWER,3.20
1765674925714,CH1,POWER,3.20
1765674925720,CH1,POWER,3.20
1765674925724,CH1,POWER,3.20
1765674925730,CH1,POWER,3.20
1765674925734,CH1,POWER,3.20
1765674925740,CH1,POWER,3.20
1765674925744,CH1,POWER,3.20
1765674925750,CH1,POWER,3.20
1765674925754,CH1,POWER,3.20
1765674925759,CH1,POWER,3.20
1765674925764,CH1,POWER,3.20
1765674925772,CH1,POWER,3.20
1765674925777,CH1,POWER,3.20
1765674925781,CH1,POWER,3.20
1765674925786,CH1,POWER,3.20
1765674925792,CH1,POWER,3.20
1765674925797,CH1,POWER,3.20
1765674925801,CH1,POWER,3.20
1765674925805,CH1,POWER,3.20
1765674925812,CH1,POWER,3.20
1765674925816,CH1,POWER,3.20
1765674925822,CH1,POWER,3.20
1765674925827,CH1,POWER,3.20
1765674925831,CH1,POWER,3.20
1765674925836,CH1,POWER,3.20
1765674925842,CH1,POWER,3.20
1765674925847,CH1,POWER,3.20
1765674925854,CH1,POWER,3.20
1765674925862,CH1,POWER,3.20
1765674925867,CH1,POWER,3.20
1765674925874,CH1,POWER,3.20
1765674925879,CH1,POWER,3.20
1765674925884,CH1,POWER,3.20
1765674925890,CH1,POWER,3.20
1765674925894,CH1,POWER,3.20
1765674925899,CH1,POWER,3.20
1765674925926,CH1,POWER,3.20
1765674925932,CH1,POWER,3.20
1765674925936,CH1,POWER,3.20
1765674925942,CH1,POWER,3.20
1765674925946,CH1,POWER,3.20
1765674925951,CH1,POWER,3.20
1765674925956,CH1,POWER,3.20
1765674925961,CH1,POWER,3.20
1765674925966,CH1,POWER,3.20
1765674925970,CH1,POWER,3.20
1765674925976,CH1,POWER,3.20
1765674925982,CH1,POWER,3.20
1765674925986,CH1,POWER,3.20
1765674925990,CH1,POWER,3.20
1765674925996,CH1,POWER,3.20
1765674926002,CH1,POWER,3.20
1765674926006,CH1,POWER,3.20
1765674926014,CH1,POWER,3.20
1765674926019,CH1,POWER,3.20
1765674926026,CH1,POWER,3.20
1765674926034,CH1,POWER,3.20
1765674926039,CH1,POWER,3.20
1765674926043,CH1,POWER,3.20
1765674926049,CH1,POWER,3.20
1765674926056,CH1,POWER,3.20
1765674926062,CH1,POWER,3.20
1765674926066,CH1,POWER,3.20
1765674926074,CH1,POWER,3.20
1765674926079,CH1,POWER,3.20
1765674926086,CH1,POWER,3.20
1765674926092,CH1,POWER,3.20
1765674926096,CH1,POWER,3.20
1765674926104,CH1,POWER,3.20
1765674926109,CH1,POWER,3.20
1765674926116,CH1,POWER,3.20
1765674926124,CH1,POWER,3.20
1765674926129,CH1,POWER,3.20
1765674926136,CH1,POWER,3.20
1765674926141,CH1,POWER,3.20
1765674926146,CH1,POWER,3.20
1765674926151,CH1,POWER,3.20
1765674926156,CH1,POWER,3.20
1765674926160,CH1,POWER,3.20
1765674926166,CH1,POWER,3.20
1765674926170,CH1,POWER,3.20
1765674926175,CH1,POWER,3.20
1765674926180,CH1,POWER,3.20
1765674926185,CH1,POWER,3.20
1765674926192,CH1,POWER,3.20
1765674926196,CH1,POWER,3.20
1765674926200,CH1,POWER,3.20
1765674926205,CH1,POWER,3.20
1765674926209,CH1,POWER,3.20
1765674926213,CH1,POWER,3.20
1765674926219,CH1,POWER,3.20
1765674926226,CH1,POWER,3.20
1765674926232,CH1,POWER,3.20
1765674926236,CH1,POWER,3.20
1765674926244,CH1,POWER,3.20
1765674926249,CH1,POWER,3.20
1765674926256,CH1,POWER,3.20
1765674926262,CH1,POWER,3.20
1765674926266,CH1,POWER,3.20
1765674926272,CH1,POWER,3.20
1765674926276,CH1,POWER,3.20
1765674926305,CH1,POWER,3.60
1765674926310,CH1,POWER,3.60
1765674926315,CH1,POWER,3.60
1765674926320,CH1,POWER,3.60
1765674926328,CH1,POWER,3.60
1765674926334,CH1,POWER,3.60
1765674926338,CH1,POWER,3.60
1765674926344,CH1,POWER,3.60
1765674926348,CH1,POWER,3.60
1765674926356,CH1,POWER,3.60
1765674926361,CH1,POWER,3.60
1765674926368,CH1,POWER,3.60
1765674926374,CH1,POWER,3.60
1765674926378,CH1,POWER,3.60
1765674926384,CH1,POWER,3.60
1765674926388,CH1,POWER,3.60
1765674926393,CH1,POWER,3.60
1765674926398,CH1,POWER,3.60
1765674926402,CH1,POWER,3.60
1765674926407,CH1,POWER,3.60
1765674926411,CH1,POWER,3.60
1765674926415,CH1,POWER,3.60
1765674926420,CH1,POWER,3.60
1765674926426,CH1,POWER,3.60
1765674926431,CH1,POWER,3.60
1765674926438,CH1,POWER,3.60
1765674926446,CH1,POWER,3.60
1765674926451,CH1,POWER,3.60
1765674926458,CH1,POWER,3.60
1765674926463,CH1,POWER,3.60
1765674926468,CH1,POWER,3.60
1765674926473,CH1,POWER,3.60
1765674926478,CH1,POWER,3.60
1765674926486,CH1,POWER,3.60
1765674926491,CH1,POWER,3.60
1765674926495,CH1,POWER,3.60
1765674926500,CH1,POWER,3.60
1765674926506,CH1,POWER,3.60
1765674926510,CH1,POWER,3.60
1765674926515,CH1,POWER,3.60
1765674926519,CH1,POWER,3.60
1765674926526,CH1,POWER,3.60
1765674926531,CH1,POWER,3.60
1765674926537,CH1,POWER,3.60
1765674926542,CH1,POWER,3.60
1765674926548,CH1,POWER,3.60
1765674926554,CH1,POWER,3.60
1765674926558,CH1,POWER,3.60
1765674926563,CH1,POWER,3.60
1765674926568,CH1,POWER,3.60
1765674926574,CH1,POWER,3.60
1765674926578,CH1,POWER,3.60
1765674926583,CH1,POWER,3.60
1765674926588,CH1,POWER,3.60
1765674926592,CH1,POWER,3.60
1765674926598,CH1,POWER,3.60
1765674926606,CH1,POWER,3.60
1765674926611,CH1,POWER,3.60
1765674926617,CH1,POWER,3.60
1765674926622,CH1,POWER,3.60
1765674926628,CH1,POWER,3.60
1765674926633,CH1,POWER,3.60
1765674926638,CH1,POWER,3.60
1765674926642,CH1,POWER,3.60
1765674926647,CH1,POWER,3.60
1765674926651,CH1,POWER,3.60
1765674926657,CH1,POWER,3.60
1765674926662,CH1,POWER,3.60
1765674926667,CH1,POWER,3.60
1765674926670,CH1,POWER,3.25
1765674926672,CH1,POWER,3.25
1765674926700,CH1,POWER,3.25
1765674926706,CH1,POWER,3.25
1765674926710,CH1,POWER,3.25
1765674926718,CH1,POWER,3.25
1765674926722,CH1,POWER,3.25
1765674926727,CH1,POWER,3.25
1765674926732,CH1,POWER,3.25
1765674926737,CH1,POWER,3.25
1765674926742,CH1,POWER,3.25
1765674926747,CH1,POWER,3.25
1765674926752,CH1,POWER,3.25
1765674926758,CH1,POWER,3.25
1765674926764,CH1,POWER,3.25
1765674926770,CH1,POWER,3.25
1765674926776,CH1,POWER,3.25
1765674926780,CH1,POWER,3.25
1765674926786,CH1,POWER,3.25
1765674926790,CH1,POWER,3.25
1765674926795,CH1,POWER,3.25
1765674926800,CH1,POWER,3.25
1765674926808,CH1,POWER,3.25
1765674926813,CH1,POWER,3.25
1765674926820,CH1,POWER,3.25
1765674926825,CH1,POWER,3.25
1765674926830,CH1,POWER,3.25
1765674926838,CH1,POWER,3.25
1765674926843,CH1,POWER,3.25
1765674926850,CH1,POWER,3.25
1765674926858,CH1,POWER,3.25
1765674926863,CH1,POWER,3.25
1765674926870,CH1,POWER,3.25
1765674926875,CH1,POWER,3.25
1765674926880,CH1,POWER,3.25
1765674926885,CH1,POWER,3.25
1765674926890,CH1,POWER,3.25
1765674926898,CH1,POWER,3.25
1765674926903,CH1,POWER,3.25
1765674926910,CH1,POWER,3.25
1765674926915,CH1,POWER,3.25
1765674926920,CH1,POWER,3.25
1765674926925,CH1,POWER,3.25
1765674926930,CH1,POWER,3.25
1765674926938,CH1,POWER,3.25
1765674926943,CH1,POWER,3.25
1765674926950,CH1,POWER,3.25
1765674926954,CH1,POWER,3.25
1765674926960,CH1,POWER,3.25
1765674926965,CH1,POWER,3.25
1765674926970,CH1,POWER,3.25
1765674926974,CH1,POWER,3.25
1765674926979,CH1,POWER,3.25
1765674926984,CH1,POWER,3.25
1765674926990,CH1,POWER,3.25
1765674926994,CH1,POWER,3.25
1765674927000,CH1,POWER,3.25
1765674927005,CH1,POWER,3.25
1765674927010,CH1,POWER,3.25
1765674927015,CH1,POWER,3.25
1765674927020,CH1,POWER,3.25
1765674927026,CH1,POWER,3.25
1765674927030,CH1,POWER,3.25
1765674927038,CH1,POWER,3.25
1765674927043,CH1,POWER,3.25
1765674927049,CH1,POWER,3.25
1765674927054,CH1,POWER,3.25
1765674927060,CH1,POWER,3.25
1765674927063,CH1,POWER,3.25
1765674927089,CH1,POWER,3.25
1765674927094,CH1,POWER,3.25
1765674927099,CH1,POWER,3.25
1765674927103,CH1,POWER,3.25
1765674927110,CH1,POWER,3.25
1765674927115,CH1,POWER,3.25
1765674927122,CH1,POWER,3.25
1765674927127,CH1,POWER,3.25
1765674927132,CH1,POWER,3.25
1765674927137,CH1,POWER,3.25
1765674927142,CH1,POWER,3.25
1765674927146,CH1,POWER,3.25
1765674927151,CH1,POWER,3.25
1765674927156,CH1,POWER,3.25
1765674927161,CH1,POWER,3.25
1765674927165,CH1,POWER,3.25
1765674927172,CH1,POWER,3.25
1765674927177,CH1,POWER,3.25
1765674927182,CH1,POWER,3.25
1765674927187,CH1,POWER,3.25
1765674927192,CH1,POWER,3.25
1765674927196,CH1,POWER,3.25
1765674927201,CH1,POWER,3.25
1765674927205,CH1,POWER,3.25
1765674927212,CH1,POWER,3.25
1765674927216,CH1,POWER,3.25
1765674927222,CH1,POWER,3.25
1765674927230,CH1,POWER,3.25
1765674927235,CH1,POWER,3.25
1765674927242,CH1,POWER,3.25
1765674927248,CH1,POWER,3.25
1765674927252,CH1,POWER,3.25
1765674927260,CH1,POWER,3.25
1765674927265,CH1,POWER,3.25
1765674927272,CH1,POWER,3.25
1765674927276,CH1,POWER,3.25
1765674927282,CH1,POWER,3.25
1765674927290,CH1,POWER,3.25
1765674927295,CH1,POWER,3.25
1765674927302,CH1,POWER,3.25
1765674927308,CH1,POWER,3.25
1765674927312,CH1,POWER,3.25
1765674927320,CH1,POWER,3.25
1765674927325,CH1,POWER,3.25
1765674927332,CH1,POWER,3.25
1765674927337,CH1,POWER,3.25
1765674927342,CH1,POWER,3.25
1765674927348,CH1,POWER,3.25
1765674927352,CH1,POWER,3.25
1765674927356,CH1,POWER,3.25
1765674927361,CH1,POWER,3.25
1765674927368,CH1,POWER,3.25
1765674927372,CH1,POWER,3.25
1765674927376,CH1,POWER,3.25
1765674927381,CH1,POWER,3.25
1765674927385,CH1,POWER,3.25
1765674927389,CH1,POWER,3.25
1765674927394,CH1,POWER,3.25
1765674927400,CH1,POWER,3.25
1765674927406,CH1,POWER,3.25
1765674927411,CH1,POWER,3.25
1765674927415,CH1,POWER,3.25
1765674927422,CH1,POWER,3.25
1765674927426,CH1,POWER,3.25
1765674927431,CH1,POWER,3.25
1765674927437,CH1,POWER,3.25
1765674927442,CH1,POWER,3.25
1765674927447,CH1,POWER,3.25
1765674927452,CH1,POWER,3.25
1765674927454,CH1,POWER,3.20
1765674927457,CH1,POWER,3.20
1765674927484,CH1,POWER,3.20
1765674927490,CH1,POWER,3.20
1765674927494,CH1,POWER,3.20
1765674927498,CH1,POWER,3.20
1765674927503,CH1,POWER,3.20
1765674927508,CH1,POWER,3.20
1765674927514,CH1,POWER,3.20
1765674927518,CH1,POWER,3.20
1765674927523,CH1,POWER,3.20
1765674927527,CH1,POWER,3.20
1765674927531,CH1,POWER,3.20
1765674927535,CH1,POWER,3.20
1765674927541,CH1,POWER,3.20
1765674927545,CH1,POWER,3.20
1765674927551,CH1,POWER,3.20
1765674927555,CH1,POWER,3.20
1765674927562,CH1,POWER,3.20
1765674927566,CH1,POWER,3.20
1765674927571,CH1,POWER,3.20
1765674927575,CH1,POWER,3.20
1765674927579,CH1,POWER,3.20
1765674927584,CH1,POWER,3.20
1765674927588,CH1,POWER,3.20
1765674927594,CH1,POWER,3.20
1765674927598,CH1,POWER,3.20
1765674927604,CH1,POWER,3.20
1765674927608,CH1,POWER,3.20
1765674927613,CH1,POWER,3.20
1765674927618,CH1,POWER,3.20
1765674927623,CH1,POWER,3.20
1765674927627,CH1,POWER,3.20
1765674927631,CH1,POWER,3.20
1765674927635,CH1,POWER,3.20
1765674927640,CH1,POWER,3.20
1765674927644,CH1,POWER,3.20
1765674927648,CH1,POWER,3.20
1765674927654,CH1,POWER,3.20
1765674927659,CH1,POWER,3.20
1765674927664,CH1,POWER,3.20
1765674927672,CH1,POWER,3.20
1765674927677,CH1,POWER,3.20
1765674927684,CH1,POWER,3.20
1765674927692,CH1,POWER,3.20
1765674927697,CH1,POWER,3.20
1765674927704,CH1,POWER,3.20
1765674927709,CH1,POWER,3.20
1765674927714,CH1,POWER,3.20
1765674927719,CH1,POWER,3.20
1765674927724,CH1,POWER,3.20
1765674927729,CH1,POWER,3.20
1765674927734,CH1,POWER,3.20
1765674927738,CH1,POWER,3.20
1765674927744,CH1,POWER,3.20
1765674927749,CH1,POWER,3.20
1765674927754,CH1,POWER,3.20
1765674927758,CH1,POWER,3.20
1765674927764,CH1,POWER,3.20
1765674927768,CH1,POWER,3.20
1765674927773,CH1,POWER,3.20
1765674927777,CH1,POWER,3.20
1765674927781,CH1,POWER,3.20
1765674927785,CH1,POWER,3.20
1765674927792,CH1,POWER,3.20
1765674927797,CH1,POWER,3.20
1765674927804,CH1,POWER,3.20
1765674927809,CH1,POWER,3.20
1765674927814,CH1,POWER,3.20
1765674927818,CH1,POWER,3.20
1765674927824,CH1,POWER,3.20
1765674927829,CH1,POWER,3.20
1765674927834,CH1,POWER,3.20
1765674927838,CH1,POWER,3.20
1765674927843,CH1,POWER,3.20
1765674927846,CH1,POWER,3.55
1765674927848,CH1,POWER,3.55
1765674927876,CH1,POWER,3.55
1765674927882,CH1,POWER,3.55
1765674927886,CH1,POWER,3.55
1765674927890,CH1,POWER,3.55
1765674927895,CH1,POWER,3.55
1765674927900,CH1,POWER,3.55
1765674927906,CH1,POWER,3.55
1765674927914,CH1,POWER,3.55
1765674927919,CH1,POWER,3.55
1765674927923,CH1,POWER,3.55
1765674927928,CH1,POWER,3.55
1765674927933,CH1,POWER,3.55
1765674927938,CH1,POWER,3.55
1765674927943,CH1,POWER,3.55
1765674927947,CH1,POWER,3.55
1765674927951,CH1,POWER,3.55
1765674927956,CH1,POWER,3.55
1765674927960,CH1,POWER,3.55
1765674927966,CH1,POWER,3.55
1765674927974,CH1,POWER,3.55
1765674927978,CH1,POWER,3.55
1765674927986,CH1,POWER,3.55
1765674927990,CH1,POWER,3.55
1765674927995,CH1,POWER,3.55
1765674927999,CH1,POWER,3.55
1765674928003,CH1,POWER,3.55
1765674928007,CH1,POWER,3.55
1765674928013,CH1,POWER,3.55
1765674928018,CH1,POWER,3.55
1765674928023,CH1,POWER,3.55
1765674928027,CH1,POWER,3.55
1765674928031,CH1,POWER,3.55
1765674928036,CH1,POWER,3.55
1765674928040,CH1,POWER,3.55
1765674928045,CH1,POWER,3.55
1765674928050,CH1,POWER,3.55
1765674928056,CH1,POWER,3.55
1765674928064,CH1,POWER,3.55
1765674928069,CH1,POWER,3.55
1765674928073,CH1,POWER,3.55
1765674928078,CH1,POWER,3.55
1765674928084,CH1,POWER,3.55
1765674928089,CH1,POWER,3.55
1765674928096,CH1,POWER,3.55
1765674928101,CH1,POWER,3.55
1765674928106,CH1,POWER,3.55
1765674928110,CH1,POWER,3.55
1765674928116,CH1,POWER,3.55
1765674928121,CH1,POWER,3.55
1765674928126,CH1,POWER,3.55
1765674928131,CH1,POWER,3.55
1765674928136,CH1,POWER,3.55
1765674928141,CH1,POWER,3.55
1765674928146,CH1,POWER,3.55
1765674928150,CH1,POWER,3.55
1765674928155,CH1,POWER,3.55
1765674928160,CH1,POWER,3.55
1765674928165,CH1,POWER,3.55
1765674928169,CH1,POWER,3.55
1765674928173,CH1,POWER,3.55
1765674928177,CH1,POWER,3.55
1765674928181,CH1,POWER,3.55
1765674928186,CH1,POWER,3.55
1765674928190,CH1,POWER,3.55
1765674928196,CH1,POWER,3.55
1765674928200,CH1,POWER,3.55
1765674928206,CH1,POWER,3.55
1765674928210,CH1,POWER,3.55
1765674928216,CH1,POWER,3.55
1765674928224,CH1,POWER,3.55
1765674928228,CH1,POWER,3.55
1765674928233,CH1,POWER,3.55
1765674928236,CH1,POWER,3.20
1765674928238,CH1,POWER,3.20
1765674928240,CH1,POWER,3.20
1765674928268,CH1,POWER,3.20
1765674928272,CH1,POWER,3.20
1765674928278,CH1,POWER,3.20
1765674928282,CH1,POWER,3.20
1765674928287,CH1,POWER,3.20
1765674928291,CH1,POWER,3.20
1765674928298,CH1,POWER,3.20
1765674928303,CH1,POWER,3.20
1765674928308,CH1,POWER,3.20
1765674928312,CH1,POWER,3.20
1765674928317,CH1,POWER,3.20
1765674928323,CH1,POWER,3.20
1765674928328,CH1,POWER,3.20
1765674928332,CH1,POWER,3.20
1765674928337,CH1,POWER,3.20
1765674928341,CH1,POWER,3.20
1765674928345,CH1,POWER,3.20
1765674928351,CH1,POWER,3.20
1765674928355,CH1,POWER,3.20
1765674928359,CH1,POWER,3.20
1765674928363,CH1,POWER,3.20
1765674928368,CH1,POWER,3.20
1765674928372,CH1,POWER,3.20
1765674928378,CH1,POWER,3.20
1765674928383,CH1,POWER,3.20
1765674928388,CH1,POWER,3.20
1765674928393,CH1,POWER,3.20
1765674928398,CH1,POWER,3.20
1765674928402,CH1,POWER,3.20
1765674928407,CH1,POWER,3.20
1765674928411,CH1,POWER,3.20
1765674928418,CH1,POWER,3.20
1765674928423,CH1,POWER,3.20
1765674928428,CH1,POWER,3.20
1765674928433,CH1,POWER,3.20
1765674928438,CH1,POWER,3.20
1765674928443,CH1,POWER,3.20
1765674928448,CH1,POWER,3.20
1765674928452,CH1,POWER,3.20
1765674928458,CH1,POWER,3.20
1765674928463,CH1,POWER,3.20
1765674928468,CH1,POWER,3.20
1765674928473,CH1,POWER,3.20
1765674928478,CH1,POWER,3.20
1765674928483,CH1,POWER,3.20
1765674928488,CH1,POWER,3.20
1765674928492,CH1,POWER,3.20
1765674928497,CH1,POWER,3.20
1765674928501,CH1,POWER,3.20
1765674928505,CH1,POWER,3.20
1765674928510,CH1,POWER,3.20
1765674928516,CH1,POWER,3.20
1765674928521,CH1,POWER,3.20
1765674928528,CH1,POWER,3.20
1765674928533,CH1,POWER,3.20
1765674928538,CH1,POWER,3.20
1765674928542,CH1,POWER,3.20
1765674928547,CH1,POWER,3.20
1765674928552,CH1,POWER,3.20
1765674928558,CH1,POWER,3.20
1765674928563,CH1,POWER,3.20
1765674928568,CH1,POWER,3.20
1765674928572,CH1,POWER,3.20
1765674928577,CH1,POWER,3.20
1765674928582,CH1,POWER,3.20
1765674928588,CH1,POWER,3.20
1765674928593,CH1,POWER,3.20
1765674928598,CH1,POWER,3.20
1765674928602,CH1,POWER,3.20
1765674928607,CH1,POWER,3.20
1765674928611,CH1,POWER,3.20
1765674928617,CH1,POWER,3.20
1765674928622,CH1,POWER,3.20
1765674928627,CH1,POWER,3.20
1765674928631,CH1,POWER,3.20
1765674928659,CH1,POWER,3.20
1765674928664,CH1,POWER,3.20
1765674928669,CH1,POWER,3.20
1765674928673,CH1,POWER,3.20
1765674928680,CH1,POWER,3.20
1765674928685,CH1,POWER,3.20
1765674928690,CH1,POWER,3.20
1765674928695,CH1,POWER,3.20
1765674928700,CH1,POWER,3.20
1765674928704,CH1,POWER,3.20
1765674928710,CH1,POWER,3.20
1765674928714,CH1,POWER,3.20
1765674928720,CH1,POWER,3.20
1765674928725,CH1,POWER,3.20
1765674928730,CH1,POWER,3.20
1765674928735,CH1,POWER,3.20
1765674928740,CH1,POWER,3.20
1765674928744,CH1,POWER,3.20
1765674928749,CH1,POWER,3.20
1765674928755,CH1,POWER,3.20
1765674928760,CH1,POWER,3.20
1765674928765,CH1,POWER,3.20
1765674928770,CH1,POWER,3.20
1765674928775,CH1,POWER,3.20
1765674928780,CH1,POWER,3.20
1765674928788,CH1,POWER,3.20
1765674928793,CH1,POWER,3.20
1765674928800,CH1,POWER,3.20
1765674928805,CH1,POWER,3.20
1765674928810,CH1,POWER,3.20
1765674928815,CH1,POWER,3.20
1765674928820,CH1,POWER,3.20
1765674928825,CH1,POWER,3.20
1765674928830,CH1,POWER,3.20
1765674928835,CH1,POWER,3.20
1765674928840,CH1,POWER,3.20
1765674928844,CH1,POWER,3.20
1765674928849,CH1,POWER,3.20
1765674928853,CH1,POWER,3.20
1765674928859,CH1,POWER,3.20
1765674928864,CH1,POWER,3.20
1765674928869,CH1,POWER,3.20
1765674928873,CH1,POWER,3.20
1765674928877,CH1,POWER,3.20
1765674928881,CH1,POWER,3.20
1765674928885,CH1,POWER,3.20
1765674928890,CH1,POWER,3.20
1765674928895,CH1,POWER,3.20
1765674928900,CH1,POWER,3.20
1765674928905,CH1,POWER,3.20
1765674928910,CH1,POWER,3.20
1765674928915,CH1,POWER,3.20
1765674928920,CH1,POWER,3.20
1765674928925,CH1,POWER,3.20
1765674928930,CH1,POWER,3.20
1765674928934,CH1,POWER,3.20
1765674928940,CH1,POWER,3.20
1765674928944,CH1,POWER,3.20
1765674928950,CH1,POWER,3.20
1765674928955,CH1,POWER,3.20
1765674928960,CH1,POWER,3.20
1765674928964,CH1,POWER,3.20
1765674928970,CH1,POWER,3.20
1765674928974,CH1,POWER,3.20
1765674928979,CH1,POWER,3.20
1765674928983,CH1,POWER,3.20
1765674928987,CH1,POWER,3.20
1765674928991,CH1,POWER,3.20
1765674928995,CH1,POWER,3.20
1765674929000,CH1,POWER,3.20
1765674929005,CH1,POWER,3.20
1765674929010,CH1,POWER,3.20
1765674929015,CH1,POWER,3.20
1765674929020,CH1,POWER,3.20
1765674929024,CH1,POWER,3.20
1765674929029,CH1,POWER,3.20
1765674929032,CH1,POWER,3.20
1765674929034,CH1,POWER,3.20
1765674929062,CH1,POWER,3.20
1765674929067,CH1,POWER,3.20
1765674929072,CH1,POWER,3.20
1765674929077,CH1,POWER,3.20
1765674929082,CH1,POWER,3.20
1765674929087,CH1,POWER,3.20
1765674929092,CH1,POWER,3.20
1765674929097,CH1,POWER,3.20
1765674929102,CH1,POWER,3.20
1765674929106,CH1,POWER,3.20
1765674929112,CH1,POWER,3.20
1765674929116,CH1,POWER,3.20
1765674929121,CH1,POWER,3.20
1765674929126,CH1,POWER,3.20
1765674929131,CH1,POWER,3.20
1765674929135,CH1,POWER,3.20
1765674929142,CH1,POWER,3.20
1765674929147,CH1,POWER,3.20
1765674929152,CH1,POWER,3.20
1765674929156,CH1,POWER,3.20
1765674929161,CH1,POWER,3.20
1765674929166,CH1,POWER,3.20
1765674929172,CH1,POWER,3.20
1765674929176,CH1,POWER,3.20
1765674929181,CH1,POWER,3.20
1765674929185,CH1,POWER,3.20
1765674929192,CH1,POWER,3.20
1765674929200,CH1,POWER,3.20
1765674929205,CH1,POWER,3.20
1765674929212,CH1,POWER,3.20
1765674929220,CH1,POWER,3.20
1765674929224,CH1,POWER,3.20
1765674929230,CH1,POWER,3.20
1765674929234,CH1,POWER,3.20
1765674929240,CH1,POWER,3.20
1765674929246,CH1,POWER,3.20
1765674929251,CH1,POWER,3.20
1765674929256,CH1,POWER,3.20
1765674929262,CH1,POWER,3.20
1765674929267,CH1,POWER,3.20
1765674929272,CH1,POWER,3.20
1765674929276,CH1,POWER,3.20
1765674929281,CH1,POWER,3.20
1765674929286,CH1,POWER,3.20
1765674929291,CH1,POWER,3.20
1765674929296,CH1,POWER,3.20
1765674929301,CH1,POWER,3.20
1765674929306,CH1,POWER,3.20
1765674929312,CH1,POWER,3.20
1765674929317,CH1,POWER,3.20
1765674929322,CH1,POWER,3.20
1765674929326,CH1,POWER,3.20
1765674929332,CH1,POWER,3.20
1765674929337,CH1,POWER,3.20
1765674929342,CH1,POWER,3.20
1765674929346,CH1,POWER,3.20
1765674929352,CH1,POWER,3.20
1765674929355,CH1,POWER,3.20
1765674929362,CH1,POWER,3.20
1765674929366,CH1,POWER,3.20
1765674929372,CH1,POWER,3.20
1765674929376,CH1,POWER,3.20
1765674929381,CH1,POWER,3.20
1765674929387,CH1,POWER,3.20
1765674929392,CH1,POWER,3.20
1765674929400,CH1,POWER,3.20
1765674929406,CH1,POWER,3.20
1765674929411,CH1,POWER,3.20
1765674929417,CH1,POWER,3.20
1765674929422,CH1,POWER,3.20
1765674929427,CH1,POWER,3.20
1765674929430,CH1,POWER,2.90
1765674929433,CH1,POWER,2.90
1765674929435,CH1,POWER,2.90
1765674929461,CH1,POWER,2.90
1765674929467,CH1,POWER,2.90
1765674929473,CH1,POWER,2.90
1765674929477,CH1,POWER,2.90
1765674929484,CH1,POWER,2.90
1765674929492,CH1,POWER,2.90
1765674929497,CH1,POWER,2.90
1765674929503,CH1,POWER,2.90
1765674929508,CH1,POWER,2.90
1765674929514,CH1,POWER,2.90
1765674929519,CH1,POWER,2.90
1765674929524,CH1,POWER,2.90
1765674929532,CH1,POWER,2.90
1765674929536,CH1,POWER,2.90
1765674929541,CH1,POWER,2.90
1765674929546,CH1,POWER,2.90
1765674929554,CH1,POWER,2.90
1765674929562,CH1,POWER,2.90
1765674929567,CH1,POWER,2.90
1765674929574,CH1,POWER,2.90
1765674929579,CH1,POWER,2.90
1765674929584,CH1,POWER,2.90
1765674929589,CH1,POWER,2.90
1765674929594,CH1,POWER,2.90
1765674929598,CH1,POWER,2.90
1765674929603,CH1,POWER,2.90
1765674929609,CH1,POWER,2.90
1765674929614,CH1,POWER,2.90
1765674929622,CH1,POWER,2.90
1765674929627,CH1,POWER,2.90
1765674929634,CH1,POWER,2.90
1765674929642,CH1,POWER,2.90
1765674929647,CH1,POWER,2.90
1765674929654,CH1,POWER,2.90
1765674929659,CH1,POWER,2.90
1765674929664,CH1,POWER,2.90
1765674929669,CH1,POWER,2.90
1765674929674,CH1,POWER,2.90
1765674929678,CH1,POWER,2.90
1765674929684,CH1,POWER,2.90
1765674929688,CH1,POWER,2.90
1765674929694,CH1,POWER,2.90
1765674929699,CH1,POWER,2.90
1765674929704,CH1,POWER,2.90
1765674929708,CH1,POWER,2.90
1765674929713,CH1,POWER,2.90
1765674929718,CH1,POWER,2.90
1765674929723,CH1,POWER,2.90
1765674929727,CH1,POWER,2.90
1765674929733,CH1,POWER,2.90
1765674929737,CH1,POWER,2.90
1765674929744,CH1,POWER,2.90
1765674929748,CH1,POWER,2.90
1765674929753,CH1,POWER,2.90
1765674929758,CH1,POWER,2.90
1765674929763,CH1,POWER,2.90
1765674929769,CH1,POWER,2.90
1765674929774,CH1,POWER,2.90
1765674929782,CH1,POWER,2.90
1765674929787,CH1,POWER,2.90
1765674929793,CH1,POWER,2.90
1765674929798,CH1,POWER,2.90
1765674929804,CH1,POWER,2.90
1765674929809,CH1,POWER,2.90
1765674929814,CH1,POWER,2.90
1765674929818,CH1,POWER,2.50
1765674929846,CH1,POWER,2.50
1765674929851,CH1,POWER,2.50
1765674929856,CH1,POWER,2.50
1765674929864,CH1,POWER,2.50
1765674929869,CH1,POWER,2.50
1765674929876,CH1,POWER,2.50
1765674929880,CH1,POWER,2.50
1765674929885,CH1,POWER,2.50
1765674929889,CH1,POWER,2.50
1765674929895,CH1,POWER,2.50
1765674929900,CH1,POWER,2.50
1765674929906,CH1,POWER,2.50
1765674929911,CH1,POWER,2.50
1765674929916,CH1,POWER,2.50
1765674929920,CH1,POWER,2.50
1765674929926,CH1,POWER,2.50
1765674929934,CH1,POWER,2.50
1765674929939,CH1,POWER,2.50
1765674929945,CH1,POWER,2.50
1765674929950,CH1,POWER,2.50
1765674929955,CH1,POWER,2.50
1765674929960,CH1,POWER,2.50
1765674929966,CH1,POWER,2.50
1765674929971,CH1,POWER,2.50
1765674929976,CH1,POWER,2.50
1765674929980,CH1,POWER,2.50
1765674929986,CH1,POWER,2.50
1765674929991,CH1,POWER,2.50
1765674929996,CH1,POWER,2.50
1765674930000,CH1,POWER,2.50
1765674930006,CH1,POWER,2.50
1765674930014,CH1,POWER,2.50
1765674930019,CH1,POWER,2.50
1765674930026,CH1,POWER,2.50
1765674930030,CH1,POWER,2.50
1765674930035,CH1,POWER,2.50
1765674930039,CH1,POWER,2.50
1765674930046,CH1,POWER,2.50
1765674930051,CH1,POWER,2.50
1765674930056,CH1,POWER,2.50
1765674930060,CH1,POWER,2.50
1765674930066,CH1,POWER,2.50
1765674930071,CH1,POWER,2.50
1765674930076,CH1,POWER,2.50
1765674930080,CH1,POWER,2.50
1765674930085,CH1,POWER,2.50
1765674930089,CH1,POWER,2.50
1765674930095,CH1,POWER,2.50
1765674930101,CH1,POWER,2.50
1765674930106,CH1,POWER,2.50
1765674930110,CH1,POWER,2.50
1765674930116,CH1,POWER,2.50
1765674930121,CH1,POWER,2.50
1765674930126,CH1,POWER,2.50
1765674930130,CH1,POWER,2.50
1765674930135,CH1,POWER,2.50
1765674930141,CH1,POWER,2.50
1765674930146,CH1,POWER,2.50
1765674930150,CH1,POWER,2.50
1765674930155,CH1,POWER,2.50
1765674930161,CH1,POWER,2.50
1765674930166,CH1,POWER,2.50
1765674930170,CH1,POWER,2.50
1765674930176,CH1,POWER,2.50
1765674930184,CH1,POWER,2.50
1765674930190,CH1,POWER,2.50
1765674930195,CH1,POWER,2.50
1765674930201,CH1,POWER,2.50
1765674930206,CH1,POWER,2.50
1765674930209,CH1,POWER,2.90
1765674930235,CH1,POWER,2.90
1765674930240,CH1,POWER,2.90
1765674930245,CH1,POWER,2.90
1765674930249,CH1,POWER,2.90
1765674930256,CH1,POWER,2.90
1765674930260,CH1,POWER,2.90
1765674930265,CH1,POWER,2.90
1765674930271,CH1,POWER,2.90
1765674930277,CH1,POWER,2.90
1765674930283,CH1,POWER,2.90
1765674930288,CH1,POWER,2.90
1765674930296,CH1,POWER,2.90
1765674930301,CH1,POWER,2.90
1765674930308,CH1,POWER,2.90
1765674930312,CH1,POWER,2.90
1765674930317,CH1,POWER,2.90
1765674930321,CH1,POWER,2.90
1765674930325,CH1,POWER,2.90
1765674930329,CH1,POWER,2.90
1765674930333,CH1,POWER,2.90
1765674930338,CH1,POWER,2.90
1765674930342,CH1,POWER,2.90
1765674930348,CH1,POWER,2.90
1765674930353,CH1,POWER,2.90
1765674930358,CH1,POWER,2.90
1765674930362,CH1,POWER,2.90
1765674930368,CH1,POWER,2.90
1765674930376,CH1,POWER,2.90
1765674930380,CH1,POWER,2.90
1765674930385,CH1,POWER,2.90
1765674930389,CH1,POWER,2.90
1765674930395,CH1,POWER,2.90
1765674930400,CH1,POWER,2.90
1765674930408,CH1,POWER,2.90
1765674930416,CH1,POWER,2.90
1765674930421,CH1,POWER,2.90
1765674930428,CH1,POWER,2.90
1765674930432,CH1,POWER,2.90
1765674930437,CH1,POWER,2.90
1765674930442,CH1,POWER,2.90
1765674930448,CH1,POWER,2.90
1765674930456,CH1,POWER,2.90
1765674930462,CH1,POWER,2.90
1765674930467,CH1,POWER,2.90
1765674930473,CH1,POWER,2.90
1765674930478,CH1,POWER,2.90
1765674930483,CH1,POWER,2.90
1765674930488,CH1,POWER,2.90
1765674930492,CH1,POWER,2.90
1765674930497,CH1,POWER,2.90
1765674930502,CH1,POWER,2.90
1765674930508,CH1,POWER,2.90
1765674930516,CH1,POWER,2.90
1765674930522,CH1,POWER,2.90
1765674930528,CH1,POWER,2.90
1765674930532,CH1,POWER,2.90
1765674930538,CH1,POWER,2.90
1765674930543,CH1,POWER,2.90
1765674930548,CH1,POWER,2.90
1765674930553,CH1,POWER,2.90
1765674930558,CH1,POWER,2.90
1765674930563,CH1,POWER,2.90
1765674930568,CH1,POWER,2.90
1765674930572,CH1,POWER,2.90
1765674930577,CH1,POWER,2.90
1765674930583,CH1,POWER,2.90
1765674930588,CH1,POWER,2.90
1765674930593,CH1,POWER,2.90
1765674930598,CH1,POWER,2.90
1765674930600,CH1,POWER,2.55
1765674930627,CH1,POWER,2.55
1765674930632,CH1,POWER,2.55
1765674930637,CH1,POWER,2.55
1765674930641,CH1,POWER,2.55
1765674930648,CH1,POWER,2.55
1765674930653,CH1,POWER,2.55
1765674930659,CH1,POWER,2.55
1765674930664,CH1,POWER,2.55
1765674930669,CH1,POWER,2.55
1765674930674,CH1,POWER,2.55
1765674930680,CH1,POWER,2.55
1765674930685,CH1,POWER,2.55
1765674930690,CH1,POWER,2.55
1765674930697,CH1,POWER,2.55
1765674930702,CH1,POWER,2.55
1765674930707,CH1,POWER,2.55
1765674930711,CH1,POWER,2.55
1765674930717,CH1,POWER,2.55
1765674930723,CH1,POWER,2.55
1765674930727,CH1,POWER,2.55
1765674930731,CH1,POWER,2.55
1765674930738,CH1,POWER,2.55
1765674930743,CH1,POWER,2.55
1765674930750,CH1,POWER,2.55
1765674930758,CH1,POWER,2.55
1765674930763,CH1,POWER,2.55
1765674930770,CH1,POWER,2.55
1765674930775,CH1,POWER,2.55
1765674930780,CH1,POWER,2.55
1765674930788,CH1,POWER,2.55
1765674930793,CH1,POWER,2.55
1765674930797,CH1,POWER,2.55
1765674930802,CH1,POWER,2.55
1765674930810,CH1,POWER,2.55
1765674930815,CH1,POWER,2.55
1765674930820,CH1,POWER,2.55
1765674930825,CH1,POWER,2.55
1765674930830,CH1,POWER,2.55
1765674930835,CH1,POWER,2.55
1765674930840,CH1,POWER,2.55
1765674930844,CH1,POWER,2.55
1765674930849,CH1,POWER,2.55
1765674930854,CH1,POWER,2.55
1765674930859,CH1,POWER,2.55
1765674930864,CH1,POWER,2.55
1765674930868,CH1,POWER,2.55
1765674930873,CH1,POWER,2.55
1765674930880,CH1,POWER,2.55
1765674930885,CH1,POWER,2.55
1765674930890,CH1,POWER,2.55
1765674930898,CH1,POWER,2.55
1765674930903,CH1,POWER,2.55
1765674930910,CH1,POWER,2.55
1765674930915,CH1,POWER,2.55
1765674930920,CH1,POWER,2.55
1765674930925,CH1,POWER,2.55
1765674930930,CH1,POWER,2.55
1765674930938,CH1,POWER,2.55
1765674930943,CH1,POWER,2.55
1765674930950,CH1,POWER,2.55
1765674930955,CH1,POWER,2.55
1765674930960,CH1,POWER,2.55
1765674930965,CH1,POWER,2.55
1765674930970,CH1,POWER,2.55
1765674930975,CH1,POWER,2.55
1765674930980,CH1,POWER,2.55
1765674930984,CH1,POWER,2.55
1765674930987,CH1,POWER,3.20
1765674930990,CH1,POWER,3.20
1765674930992,CH1,POWER,3.20
1765674931019,CH1,POWER,3.20
1765674931024,CH1,POWER,3.20
1765674931029,CH1,POWER,3.20
1765674931035,CH1,POWER,3.20
1765674931042,CH1,POWER,3.20
1765674931050,CH1,POWER,3.20
1765674931055,CH1,POWER,3.20
1765674931062,CH1,POWER,3.20
1765674931067,CH1,POWER,3.20
1765674931072,CH1,POWER,3.20
1765674931077,CH1,POWER,3.20
1765674931082,CH1,POWER,3.20
1765674931087,CH1,POWER,3.20
1765674931092,CH1,POWER,3.20
1765674931097,CH1,POWER,3.20
1765674931102,CH1,POWER,3.20
1765674931110,CH1,POWER,3.20
1765674931115,CH1,POWER,3.20
1765674931122,CH1,POWER,3.20
1765674931127,CH1,POWER,3.20
1765674931132,CH1,POWER,3.20
1765674931137,CH1,POWER,3.20
1765674931142,CH1,POWER,3.20
1765674931150,CH1,POWER,3.20
1765674931155,CH1,POWER,3.20
1765674931162,CH1,POWER,3.20
1765674931167,CH1,POWER,3.20
1765674931171,CH1,POWER,3.20
1765674931176,CH1,POWER,3.20
1765674931181,CH1,POWER,3.20
1765674931185,CH1,POWER,3.20
1765674931192,CH1,POWER,3.20
1765674931197,CH1,POWER,3.20
1765674931202,CH1,POWER,3.20
1765674931206,CH1,POWER,3.20
1765674931212,CH1,POWER,3.20
1765674931216,CH1,POWER,3.20
1765674931222,CH1,POWER,3.20
1765674931226,CH1,POWER,3.20
1765674931232,CH1,POWER,3.20
1765674931237,CH1,POWER,3.20
1765674931242,CH1,POWER,3.20
1765674931250,CH1,POWER,3.20
1765674931256,CH1,POWER,3.20
1765674931261,CH1,POWER,3.20
1765674931266,CH1,POWER,3.20
1765674931271,CH1,POWER,3.20
1765674931276,CH1,POWER,3.20
1765674931282,CH1,POWER,3.20
1765674931287,CH1,POWER,3.20
1765674931291,CH1,POWER,3.20
1765674931296,CH1,POWER,3.20
1765674931302,CH1,POWER,3.20
1765674931306,CH1,POWER,3.20
1765674931311,CH1,POWER,3.20
1765674931317,CH1,POWER,3.20
1765674931321,CH1,POWER,3.20
1765674931325,CH1,POWER,3.20
1765674931332,CH1,POWER,3.20
1765674931337,CH1,POWER,3.20
1765674931341,CH1,POWER,3.20
1765674931346,CH1,POWER,3.20
1765674931351,CH1,POWER,3.20
1765674931354,CH1,POWER,3.20
1765674931359,CH1,POWER,3.20
1765674931363,CH1,POWER,3.20
1765674931370,CH1,POWER,3.20
1765674931375,CH1,POWER,3.20
1765674931401,CH1,POWER,3.20
1765674931406,CH1,POWER,3.20
1765674931410,CH1,POWER,3.20
1765674931414,CH1,POWER,3.20
1765674931419,CH1,POWER,3.20
1765674931423,CH1,POWER,3.20
1765674931427,CH1,POWER,3.20
1765674931433,CH1,POWER,3.20
1765674931438,CH1,POWER,3.20
1765674931442,CH1,POWER,3.20
1765674931447,CH1,POWER,3.20
1765674931454,CH1,POWER,3.20
1765674931459,CH1,POWER,3.20
1765674931464,CH1,POWER,3.20
1765674931469,CH1,POWER,3.20
1765674931473,CH1,POWER,3.20
1765674931477,CH1,POWER,3.20
1765674931483,CH1,POWER,3.20
1765674931487,CH1,POWER,3.20
1765674931493,CH1,POWER,3.20
1765674931498,CH1,POWER,3.20
1765674931502,CH1,POWER,3.20
1765674931507,CH1,POWER,3.20
1765674931514,CH1,POWER,3.20
1765674931522,CH1,POWER,3.20
1765674931527,CH1,POWER,3.20
1765674931534,CH1,POWER,3.20
1765674931539,CH1,POWER,3.20
1765674931544,CH1,POWER,3.20
1765674931549,CH1,POWER,3.20
1765674931554,CH1,POWER,3.20
1765674931559,CH1,POWER,3.20
1765674931563,CH1,POWER,3.20
1765674931568,CH1,POWER,3.20
1765674931574,CH1,POWER,3.20
1765674931582,CH1,POWER,3.20
1765674931587,CH1,POWER,3.20
1765674931594,CH1,POWER,3.20
1765674931602,CH1,POWER,3.20
1765674931607,CH1,POWER,3.20
1765674931614,CH1,POWER,3.20
1765674931619,CH1,POWER,3.20
1765674931624,CH1,POWER,3.20
1765674931632,CH1,POWER,3.20
1765674931637,CH1,POWER,3.20
1765674931644,CH1,POWER,3.20
1765674931649,CH1,POWER,3.20
1765674931654,CH1,POWER,3.20
1765674931661,CH1,POWER,3.20
1765674931666,CH1,POWER,3.20
1765674931671,CH1,POWER,3.20
1765674931676,CH1,POWER,3.20
1765674931684,CH1,POWER,3.20
1765674931689,CH1,POWER,3.20
1765674931694,CH1,POWER,3.20
1765674931699,CH1,POWER,3.20
1765674931704,CH1,POWER,3.20
1765674931712,CH1,POWER,3.20
1765674931717,CH1,POWER,3.20
1765674931723,CH1,POWER,3.20
1765674931728,CH1,POWER,3.20
1765674931734,CH1,POWER,3.20
1765674931739,CH1,POWER,3.20
1765674931744,CH1,POWER,3.20
1765674931749,CH1,POWER,3.20
1765674931754,CH1,POWER,3.20
1765674931762,CH1,POWER,3.20
1765674931767,CH1,POWER,3.20
1765674931793,CH1,POWER,3.20
1765674931798,CH1,POWER,3.20
1765674931803,CH1,POWER,3.20
1765674931809,CH1,POWER,3.20
1765674931816,CH1,POWER,3.20
1765674931824,CH1,POWER,3.20
1765674931829,CH1,POWER,3.20
1765674931833,CH1,POWER,3.20
1765674931837,CH1,POWER,3.20
1765674931844,CH1,POWER,3.20
1765674931849,CH1,POWER,3.20
1765674931855,CH1,POWER,3.20
1765674931860,CH1,POWER,3.20
1765674931866,CH1,POWER,3.20
1765674931874,CH1,POWER,3.20
1765674931880,CH1,POWER,3.20
1765674931885,CH1,POWER,3.20
1765674931890,CH1,POWER,3.20
1765674931894,CH1,POWER,3.20
1765674931899,CH1,POWER,3.20
1765674931904,CH1,POWER,3.20
1765674931909,CH1,POWER,3.20
1765674931915,CH1,POWER,3.20
1765674931920,CH1,POWER,3.20
1765674931925,CH1,POWER,3.20
1765674931929,CH1,POWER,3.20
1765674931936,CH1,POWER,3.20
1765674931941,CH1,POWER,3.20
1765674931946,CH1,POWER,3.20
1765674931951,CH1,POWER,3.20
1765674931956,CH1,POWER,3.20
1765674931961,CH1,POWER,3.20
1765674931966,CH1,POWER,3.20
1765674931974,CH1,POWER,3.20
1765674931980,CH1,POWER,3.20
1765674931985,CH1,POWER,3.20
1765674931989,CH1,POWER,3.20
1765674931995,CH1,POWER,3.20
1765674932000,CH1,POWER,3.20
1765674932005,CH1,POWER,3.20
1765674932011,CH1,POWER,3.20
1765674932016,CH1,POWER,3.20
1765674932021,CH1,POWER,3.20
1765674932026,CH1,POWER,3.20
1765674932031,CH1,POWER,3.20
1765674932035,CH1,POWER,3.20
1765674932039,CH1,POWER,3.20
1765674932046,CH1,POWER,3.20
1765674932051,CH1,POWER,3.20
1765674932056,CH1,POWER,3.20
1765674932061,CH1,POWER,3.20
1765674932066,CH1,POWER,3.20
1765674932071,CH1,POWER,3.20
1765674932075,CH1,POWER,3.20
1765674932081,CH1,POWER,3.20
1765674932086,CH1,POWER,3.20
1765674932094,CH1,POWER,3.20
1765674932099,CH1,POWER,3.20
1765674932105,CH1,POWER,3.20
1765674932110,CH1,POWER,3.20
1765674932114,CH1,POWER,3.20
1765674932119,CH1,POWER,3.20
1765674932125,CH1,POWER,3.20
1765674932130,CH1,POWER,3.20
1765674932134,CH1,POWER,3.20
1765674932139,CH1,POWER,3.20
1765674932146,CH1,POWER,3.20
1765674932151,CH1,POWER,3.20
1765674932155,CH1,POWER,3.20
1765674932158,CH1,POWER,3.20
1765674932184,CH1,POWER,3.20
1765674932189,CH1,POWER,3.20
1765674932196,CH1,POWER,3.20
1765674932200,CH1,POWER,3.20
1765674932204,CH1,POWER,3.20
1765674932209,CH1,POWER,3.20
1765674932216,CH1,POWER,3.20
1765674932220,CH1,POWER,3.20
1765674932227,CH1,POWER,3.20
1765674932232,CH1,POWER,3.20
1765674932236,CH1,POWER,3.20
1765674932240,CH1,POWER,3.20
1765674932245,CH1,POWER,3.20
1765674932249,CH1,POWER,3.20
1765674932256,CH1,POWER,3.20
1765674932261,CH1,POWER,3.20
1765674932267,CH1,POWER,3.20
1765674932272,CH1,POWER,3.20
1765674932277,CH1,POWER,3.20
1765674932283,CH1,POWER,3.20
1765674932288,CH1,POWER,3.20
1765674932293,CH1,POWER,3.20
1765674932298,CH1,POWER,3.20
1765674932303,CH1,POWER,3.20
1765674932307,CH1,POWER,3.20
1765674932311,CH1,POWER,3.20
1765674932317,CH1,POWER,3.20
1765674932321,CH1,POWER,3.20
1765674932328,CH1,POWER,3.20
1765674932333,CH1,POWER,3.20
1765674932337,CH1,POWER,3.20
1765674932342,CH1,POWER,3.20
1765674932346,CH1,POWER,3.20
1765674932351,CH1,POWER,3.20
1765674932357,CH1,POWER,3.20
1765674932362,CH1,POWER,3.20
1765674932366,CH1,POWER,3.20
1765674932373,CH1,POWER,3.20
1765674932377,CH1,POWER,3.20
1765674932382,CH1,POWER,3.20
1765674932387,CH1,POWER,3.20
1765674932391,CH1,POWER,3.20
1765674932397,CH1,POWER,3.20
1765674932401,CH1,POWER,3.20
1765674932407,CH1,POWER,3.20
1765674932412,CH1,POWER,3.20
1765674932417,CH1,POWER,3.20
1765674932421,CH1,POWER,3.20
1765674932427,CH1,POWER,3.20
1765674932431,CH1,POWER,3.20
1765674932438,CH1,POWER,3.20
1765674932443,CH1,POWER,3.20
1765674932448,CH1,POWER,3.20
1765674932456,CH1,POWER,3.20
1765674932462,CH1,POWER,3.20
1765674932467,CH1,POWER,3.20
1765674932471,CH1,POWER,3.20
1765674932477,CH1,POWER,3.20
1765674932482,CH1,POWER,3.20
1765674932487,CH1,POWER,3.20
1765674932491,CH1,POWER,3.20
1765674932498,CH1,POWER,3.20
1765674932503,CH1,POWER,3.20
1765674932508,CH1,POWER,3.20
1765674932513,CH1,POWER,3.20
1765674932518,CH1,POWER,3.20
1765674932523,CH1,POWER,3.20
1765674932527,CH1,POWER,3.20
1765674932531,CH1,POWER,3.20
1765674932538,CH1,POWER,3.20
1765674932543,CH1,POWER,3.20
1765674932547,CH1,POWER,3.20
1765674932550,CH1,POWER,3.65
1765674932577,CH1,POWER,3.65
1765674932582,CH1,POWER,3.65
1765674932586,CH1,POWER,3.65
1765674932590,CH1,POWER,3.65
1765674932595,CH1,POWER,3.65
1765674932599,CH1,POWER,3.65
1765674932604,CH1,POWER,3.65
1765674932608,CH1,POWER,3.65
1765674932612,CH1,POWER,3.65
1765674932617,CH1,POWER,3.65
1765674932622,CH1,POWER,3.65
1765674932626,CH1,POWER,3.65
1765674932632,CH1,POWER,3.65
1765674932636,CH1,POWER,3.65
1765674932640,CH1,POWER,3.65
1765674932645,CH1,POWER,3.65
1765674932650,CH1,POWER,3.65
1765674932655,CH1,POWER,3.65
1765674932660,CH1,POWER,3.65
1765674932665,CH1,POWER,3.65
1765674932669,CH1,POWER,3.65
1765674932675,CH1,POWER,3.65
1765674932679,CH1,POWER,3.65
1765674932683,CH1,POWER,3.65
1765674932690,CH1,POWER,3.65
1765674932695,CH1,POWER,3.65
1765674932699,CH1,POWER,3.65
1765674932704,CH1,POWER,3.65
1765674932708,CH1,POWER,3.65
1765674932713,CH1,POWER,3.65
1765674932719,CH1,POWER,3.65
1765674932724,CH1,POWER,3.65
1765674932729,CH1,POWER,3.65
1765674932734,CH1,POWER,3.65
1765674932738,CH1,POWER,3.65
1765674932742,CH1,POWER,3.65
1765674932747,CH1,POWER,3.65
1765674932751,CH1,POWER,3.65
1765674932757,CH1,POWER,3.65
1765674932761,CH1,POWER,3.65
1765674932767,CH1,POWER,3.65
1765674932771,CH1,POWER,3.65
1765674932778,CH1,POWER,3.65
1765674932783,CH1,POWER,3.65
1765674932789,CH1,POWER,3.65
1765674932793,CH1,POWER,3.65
1765674932800,CH1,POWER,3.65
1765674932808,CH1,POWER,3.65
1765674932813,CH1,POWER,3.65
1765674932819,CH1,POWER,3.65
1765674932828,CH1,POWER,3.65
1765674932832,CH1,POWER,3.65
1765674932836,CH1,POWER,3.65
1765674932840,CH1,POWER,3.65
1765674932847,CH1,POWER,3.65
1765674932851,CH1,POWER,3.65
1765674932856,CH1,POWER,3.65
1765674932860,CH1,POWER,3.65
1765674932865,CH1,POWER,3.65
1765674932869,CH1,POWER,3.65
1765674932874,CH1,POWER,3.65
1765674932878,CH1,POWER,3.65
1765674932882,CH1,POWER,3.65
1765674932889,CH1,POWER,3.65
1765674932894,CH1,POWER,3.65
1765674932899,CH1,POWER,3.65
1765674932905,CH1,POWER,3.65
1765674932909,CH1,POWER,3.65
1765674932914,CH1,POWER,3.65
1765674932919,CH1,POWER,3.65
1765674932924,CH1,POWER,3.65
1765674932928,CH1,POWER,3.65
1765674932933,CH1,POWER,3.65
1765674932939,CH1,POWER,3.65
1765674932942,CH1,POWER,3.55
1765674932944,CH1,POWER,3.55
1765674932972,CH1,POWER,3.55
1765674932977,CH1,POWER,3.55
1765674932981,CH1,POWER,3.55
1765674932986,CH1,POWER,3.55
1765674932991,CH1,POWER,3.55
1765674932995,CH1,POWER,3.55
1765674933001,CH1,POWER,3.55
1765674933007,CH1,POWER,3.55
1765674933012,CH1,POWER,3.55
1765674933020,CH1,POWER,3.55
1765674933026,CH1,POWER,3.55
1765674933031,CH1,POWER,3.55
1765674933035,CH1,POWER,3.55
1765674933041,CH1,POWER,3.55
1765674933045,CH1,POWER,3.55
1765674933052,CH1,POWER,3.55
1765674933057,CH1,POWER,3.55
1765674933061,CH1,POWER,3.55
1765674933065,CH1,POWER,3.55
1765674933072,CH1,POWER,3.55
1765674933077,CH1,POWER,3.55
1765674933082,CH1,POWER,3.55
1765674933087,CH1,POWER,3.55
1765674933092,CH1,POWER,3.55
1765674933100,CH1,POWER,3.55
1765674933105,CH1,POWER,3.55
1765674933111,CH1,POWER,3.55
1765674933115,CH1,POWER,3.55
1765674933122,CH1,POWER,3.55
1765674933127,CH1,POWER,3.55
1765674933131,CH1,POWER,3.55
1765674933135,CH1,POWER,3.55
1765674933140,CH1,POWER,3.55
1765674933147,CH1,POWER,3.55
1765674933151,CH1,POWER,3.55
1765674933159,CH1,POWER,3.55
1765674933164,CH1,POWER,3.55
1765674933168,CH1,POWER,3.55
1765674933172,CH1,POWER,3.55
1765674933177,CH1,POWER,3.55
1765674933182,CH1,POWER,3.55
1765674933187,CH1,POWER,3.55
1765674933192,CH1,POWER,3.55
1765674933197,CH1,POWER,3.55
1765674933201,CH1,POWER,3.55
1765674933206,CH1,POWER,3.55
1765674933211,CH1,POWER,3.55
1765674933215,CH1,POWER,3.55
1765674933221,CH1,POWER,3.55
1765674933227,CH1,POWER,3.55
1765674933231,CH1,POWER,3.55
1765674933235,CH1,POWER,3.55
1765674933242,CH1,POWER,3.55
1765674933247,CH1,POWER,3.55
1765674933251,CH1,POWER,3.55
1765674933257,CH1,POWER,3.55
1765674933262,CH1,POWER,3.55
1765674933267,CH1,POWER,3.55
1765674933271,CH1,POWER,3.55
1765674933275,CH1,POWER,3.55
1765674933282,CH1,POWER,3.55
1765674933287,CH1,POWER,3.55
1765674933291,CH1,POWER,3.55
1765674933295,CH1,POWER,3.55
1765674933301,CH1,POWER,3.55
1765674933310,CH1,POWER,3.55
1765674933315,CH1,POWER,3.55
1765674933322,CH1,POWER,3.55
1765674933327,CH1,POWER,3.55
1765674933332,CH1,POWER,3.55
1765674933337,CH1,POWER,3.55
1765674933339,CH1,POWER,3.25
1765674933342,CH1,POWER,3.25
1765674933345,CH1,POWER,3.25
1765674933371,CH1,POWER,3.25
1765674933376,CH1,POWER,3.25
1765674933380,CH1,POWER,3.25
1765674933384,CH1,POWER,3.25
1765674933389,CH1,POWER,3.25
1765674933394,CH1,POWER,3.25
1765674933399,CH1,POWER,3.25
1765674933404,CH1,POWER,3.25
1765674933409,CH1,POWER,3.25
1765674933413,CH1,POWER,3.25
1765674933419,CH1,POWER,3.25
1765674933423,CH1,POWER,3.25
1765674933431,CH1,POWER,3.25
1765674933438,CH1,POWER,3.25
1765674933442,CH1,POWER,3.25
1765674933449,CH1,POWER,3.25
1765674933453,CH1,POWER,3.25
1765674933461,CH1,POWER,3.25
1765674933465,CH1,POWER,3.25
1765674933473,CH1,POWER,3.25
1765674933482,CH1,POWER,3.25
1765674933487,CH1,POWER,3.25
1765674933494,CH1,POWER,3.25
1765674933502,CH1,POWER,3.25
1765674933507,CH1,POWER,3.25
1765674933513,CH1,POWER,3.25
1765674933517,CH1,POWER,3.25
1765674933524,CH1,POWER,3.25
1765674933529,CH1,POWER,3.25
1765674933534,CH1,POWER,3.25
1765674933539,CH1,POWER,3.25
1765674933544,CH1,POWER,3.25
1765674933549,CH1,POWER,3.25
1765674933554,CH1,POWER,3.25
1765674933559,CH1,POWER,3.25
1765674933563,CH1,POWER,3.25
1765674933568,CH1,POWER,3.25
1765674933573,CH1,POWER,3.25
1765674933577,CH1,POWER,3.25
1765674933584,CH1,POWER,3.25
1765674933589,CH1,POWER,3.25
1765674933593,CH1,POWER,3.25
1765674933597,CH1,POWER,3.25
1765674933603,CH1,POWER,3.25
1765674933607,CH1,POWER,3.25
1765674933613,CH1,POWER,3.25
1765674933622,CH1,POWER,3.25
1765674933627,CH1,POWER,3.25
1765674933634,CH1,POWER,3.25
1765674933639,CH1,POWER,3.25
1765674933644,CH1,POWER,3.25
1765674933649,CH1,POWER,3.25
1765674933653,CH1,POWER,3.25
1765674933662,CH1,POWER,3.25
1765674933667,CH1,POWER,3.25
1765674933673,CH1,POWER,3.25
1765674933681,CH1,POWER,3.25
1765674933688,CH1,POWER,3.25
1765674933692,CH1,POWER,3.25
1765674933699,CH1,POWER,3.25
1765674933703,CH1,POWER,3.25
1765674933712,CH1,POWER,3.25
1765674933717,CH1,POWER,3.25
1765674933724,CH1,POWER,3.25
1765674933729,CH1,POWER,3.25
1765674933734,CH1,POWER,3.25
1765674933739,CH1,POWER,3.25
1765674933742,CH1,POWER,3.20
1765674933745,CH1,POWER,3.20
1765674933747,CH1,POWER,3.20
1765674933775,CH1,POWER,3.20
1765674933780,CH1,POWER,3.20
1765674933784,CH1,POWER,3.20
1765674933788,CH1,POWER,3.20
1765674933794,CH1,POWER,3.20
1765674933801,CH1,POWER,3.20
1765674933805,CH1,POWER,3.20
1765674933811,CH1,POWER,3.20
1765674933815,CH1,POWER,3.20
1765674933819,CH1,POWER,3.20
1765674933825,CH1,POWER,3.20
1765674933831,CH1,POWER,3.20
1765674933835,CH1,POWER,3.20
1765674933839,CH1,POWER,3.20
1765674933844,CH1,POWER,3.20
1765674933851,CH1,POWER,3.20
1765674933856,CH1,POWER,3.20
1765674933861,CH1,POWER,3.20
1765674933865,CH1,POWER,3.20
1765674933874,CH1,POWER,3.20
1765674933878,CH1,POWER,3.20
1765674933886,CH1,POWER,3.20
1765674933891,CH1,POWER,3.20
1765674933895,CH1,POWER,3.20
1765674933901,CH1,POWER,3.20
1765674933905,CH1,POWER,3.20
1765674933914,CH1,POWER,3.20
1765674933918,CH1,POWER,3.20
1765674933925,CH1,POWER,3.20
1765674933933,CH1,POWER,3.20
1765674933939,CH1,POWER,3.20
1765674933945,CH1,POWER,3.20
1765674933951,CH1,POWER,3.20
1765674933957,CH1,POWER,3.20
1765674933964,CH1,POWER,3.20
1765674933968,CH1,POWER,3.20
1765674933975,CH1,POWER,3.20
1765674933979,CH1,POWER,3.20
1765674933985,CH1,POWER,3.20
1765674933989,CH1,POWER,3.20
1765674933995,CH1,POWER,3.20
1765674934003,CH1,POWER,3.20
1765674934008,CH1,POWER,3.20
1765674934013,CH1,POWER,3.20
1765674934017,CH1,POWER,3.20
1765674934022,CH1,POWER,3.20
1765674934028,CH1,POWER,3.20
1765674934035,CH1,POWER,3.20
1765674934044,CH1,POWER,3.20
1765674934048,CH1,POWER,3.20
1765674934054,CH1,POWER,3.20
1765674934059,CH1,POWER,3.20
1765674934065,CH1,POWER,3.20
1765674934071,CH1,POWER,3.20
1765674934075,CH1,POWER,3.20
1765674934083,CH1,POWER,3.20
1765674934088,CH1,POWER,3.20
1765674934095,CH1,POWER,3.20
1765674934099,CH1,POWER,3.20
1765674934104,CH1,POWER,3.20
1765674934111,CH1,POWER,3.20
1765674934115,CH1,POWER,3.20
1765674934119,CH1,POWER,3.20
1765674934125,CH1,POWER,3.20
1765674934131,CH1,POWER,3.20
1765674934135,CH1,POWER,3.20
1765674934138,CH1,POWER,3.25
1765674934163,CH1,POWER,3.25
1765674934168,CH1,POWER,3.25
1765674934173,CH1,POWER,3.25
1765674934177,CH1,POWER,3.25
1765674934181,CH1,POWER,3.25
1765674934186,CH1,POWER,3.25
1765674934193,CH1,POWER,3.25
1765674934198,CH1,POWER,3.25
1765674934203,CH1,POWER,3.25
1765674934207,CH1,POWER,3.25
1765674934215,CH1,POWER,3.25
1765674934220,CH1,POWER,3.25
1765674934227,CH1,POWER,3.25
1765674934233,CH1,POWER,3.25
1765674934237,CH1,POWER,3.25
1765674934245,CH1,POWER,3.25
1765674934250,CH1,POWER,3.25
1765674934257,CH1,POWER,3.25
1765674934265,CH1,POWER,3.25
1765674934271,CH1,POWER,3.25
1765674934276,CH1,POWER,3.25
1765674934281,CH1,POWER,3.25
1765674934287,CH1,POWER,3.25
1765674934293,CH1,POWER,3.25
1765674934297,CH1,POWER,3.25
1765674934301,CH1,POWER,3.25
1765674934306,CH1,POWER,3.25
1765674934310,CH1,POWER,3.25
1765674934314,CH1,POWER,3.25
1765674934318,CH1,POWER,3.25
1765674934323,CH1,POWER,3.25
1765674934327,CH1,POWER,3.25
1765674934331,CH1,POWER,3.25
1765674934338,CH1,POWER,3.25
1765674934343,CH1,POWER,3.25
1765674934347,CH1,POWER,3.25
1765674934352,CH1,POWER,3.25
1765674934356,CH1,POWER,3.25
1765674934363,CH1,POWER,3.25
1765674934368,CH1,POWER,3.25
1765674934373,CH1,POWER,3.25
1765674934377,CH1,POWER,3.25
1765674934385,CH1,POWER,3.25
1765674934389,CH1,POWER,3.25
1765674934397,CH1,POWER,3.25
1765674934401,CH1,POWER,3.25
1765674934407,CH1,POWER,3.25
1765674934413,CH1,POWER,3.25
1765674934417,CH1,POWER,3.25
1765674934423,CH1,POWER,3.25
1765674934427,CH1,POWER,3.25
1765674934431,CH1,POWER,3.25
1765674934437,CH1,POWER,3.25
1765674934441,CH1,POWER,3.25
1765674934446,CH1,POWER,3.25
1765674934450,CH1,POWER,3.25
1765674934454,CH1,POWER,3.25
1765674934458,CH1,POWER,3.25
1765674934463,CH1,POWER,3.25
1765674934467,CH1,POWER,3.25
1765674934473,CH1,POWER,3.25
1765674934477,CH1,POWER,3.25
1765674934483,CH1,POWER,3.25
1765674934487,CH1,POWER,3.25
1765674934491,CH1,POWER,3.25
1765674934498,CH1,POWER,3.25
1765674934503,CH1,POWER,3.25
1765674934507,CH1,POWER,3.25
1765674934511,CH1,POWER,3.25
1765674934517,CH1,POWER,3.25
1765674934525,CH1,POWER,3.25
1765674934528,CH1,POWER,3.35
1765674934530,CH1,POWER,3.35
1765674934557,CH1,POWER,3.35
1765674934561,CH1,POWER,3.35
1765674934567,CH1,POWER,3.35
1765674934572,CH1,POWER,3.35
1765674934579,CH1,POWER,3.35
1765674934587,CH1,POWER,3.35
1765674934592,CH1,POWER,3.35
1765674934599,CH1,POWER,3.35
1765674934603,CH1,POWER,3.35
1765674934609,CH1,POWER,3.35
1765674934615,CH1,POWER,3.35
1765674934619,CH1,POWER,3.35
1765674934623,CH1,POWER,3.35
1765674934629,CH1,POWER,3.35
1765674934633,CH1,POWER,3.35
1765674934638,CH1,POWER,3.35
1765674934645,CH1,POWER,3.35
1765674934649,CH1,POWER,3.35
1765674934653,CH1,POWER,3.35
1765674934659,CH1,POWER,3.35
1765674934663,CH1,POWER,3.35
1765674934668,CH1,POWER,3.35
1765674934675,CH1,POWER,3.35
1765674934679,CH1,POWER,3.35
1765674934685,CH1,POWER,3.35
1765674934689,CH1,POWER,3.35
1765674934693,CH1,POWER,3.35
1765674934699,CH1,POWER,3.35
1765674934703,CH1,POWER,3.35
1765674934709,CH1,POWER,3.35
1765674934717,CH1,POWER,3.35
1765674934721,CH1,POWER,3.35
1765674934726,CH1,POWER,3.35
1765674934732,CH1,POWER,3.35
1765674934740,CH1,POWER,3.35
1765674934745,CH1,POWER,3.35
1765674934750,CH1,POWER,3.35
1765674934755,CH1,POWER,3.35
1765674934759,CH1,POWER,3.35
1765674934765,CH1,POWER,3.35
1765674934769,CH1,POWER,3.35
1765674934775,CH1,POWER,3.35
1765674934779,CH1,POWER,3.35
1765674934783,CH1,POWER,3.35
1765674934790,CH1,POWER,3.35
1765674934795,CH1,POWER,3.35
1765674934799,CH1,POWER,3.35
1765674934803,CH1,POWER,3.35
1765674934809,CH1,POWER,3.35
1765674934813,CH1,POWER,3.35
1765674934818,CH1,POWER,3.35
1765674934825,CH1,POWER,3.35
1765674934830,CH1,POWER,3.35
1765674934835,CH1,POWER,3.35
1765674934839,CH1,POWER,3.35
1765674934843,CH1,POWER,3.35
1765674934849,CH1,POWER,3.35
1765674934853,CH1,POWER,3.35
1765674934859,CH1,POWER,3.35
1765674934865,CH1,POWER,3.35
1765674934869,CH1,POWER,3.35
1765674934875,CH1,POWER,3.35
1765674934879,CH1,POWER,3.35
1765674934883,CH1,POWER,3.35
1765674934889,CH1,POWER,3.35
1765674934893,CH1,POWER,3.35
1765674934898,CH1,POWER,3.35
1765674934903,CH1,POWER,3.35
1765674934909,CH1,POWER,3.35
1765674934915,CH1,POWER,3.35
1765674934919,CH1,POWER,3.35
1765674934922,CH1,POWER,3.25
1765674934924,CH1,POWER,3.25
1765674934951,CH1,POWER,3.25
1765674934957,CH1,POWER,3.25
1765674934961,CH1,POWER,3.25
1765674934965,CH1,POWER,3.25
1765674934971,CH1,POWER,3.25
1765674934977,CH1,POWER,3.25
1765674934981,CH1,POWER,3.25
1765674934987,CH1,POWER,3.25
1765674934991,CH1,POWER,3.25
1765674934999,CH1,POWER,3.25
1765674935004,CH1,POWER,3.25
1765674935010,CH1,POWER,3.25
1765674935015,CH1,POWER,3.25
1765674935021,CH1,POWER,3.25
1765674935025,CH1,POWER,3.25
1765674935031,CH1,POWER,3.25
1765674935037,CH1,POWER,3.25
1765674935041,CH1,POWER,3.25
1765674935045,CH1,POWER,3.25
1765674935051,CH1,POWER,3.25
1765674935057,CH1,POWER,3.25
1765674935061,CH1,POWER,3.25
1765674935065,CH1,POWER,3.25
1765674935071,CH1,POWER,3.25
1765674935075,CH1,POWER,3.25
1765674935080,CH1,POWER,3.25
1765674935087,CH1,POWER,3.25
1765674935091,CH1,POWER,3.25
1765674935095,CH1,POWER,3.25
1765674935101,CH1,POWER,3.25
1765674935109,CH1,POWER,3.25
1765674935114,CH1,POWER,3.25
1765674935118,CH1,POWER,3.25
1765674935123,CH1,POWER,3.25
1765674935129,CH1,POWER,3.25
1765674935133,CH1,POWER,3.25
1765674935138,CH1,POWER,3.25
1765674935144,CH1,POWER,3.25
1765674935151,CH1,POWER,3.25
1765674935159,CH1,POWER,3.25
1765674935164,CH1,POWER,3.25
1765674935168,CH1,POWER,3.25
1765674935172,CH1,POWER,3.25
1765674935177,CH1,POWER,3.25
1765674935181,CH1,POWER,3.25
1765674935185,CH1,POWER,3.25
1765674935190,CH1,POWER,3.25
1765674935195,CH1,POWER,3.25
1765674935200,CH1,POWER,3.25
1765674935204,CH1,POWER,3.25
1765674935208,CH1,POWER,3.25
1765674935212,CH1,POWER,3.25
1765674935219,CH1,POWER,3.25
1765674935225,CH1,POWER,3.25
1765674935230,CH1,POWER,3.25
1765674935237,CH1,POWER,3.25
1765674935241,CH1,POWER,3.25
1765674935249,CH1,POWER,3.25
1765674935254,CH1,POWER,3.25
1765674935260,CH1,POWER,3.25
1765674935265,CH1,POWER,3.25
1765674935271,CH1,POWER,3.25
1765674935275,CH1,POWER,3.25
1765674935281,CH1,POWER,3.25
1765674935287,CH1,POWER,3.25
1765674935291,CH1,POWER,3.25
1765674935297,CH1,POWER,3.25
1765674935301,CH1,POWER,3.25
1765674935307,CH1,POWER,3.25
1765674935311,CH1,POWER,3.25
1765674935340,CH1,POWER,3.20
1765674935345,CH1,POWER,3.20
1765674935350,CH1,POWER,3.20
1765674935355,CH1,POWER,3.20
1765674935361,CH1,POWER,3.20
1765674935366,CH1,POWER,3.20
1765674935370,CH1,POWER,3.20
1765674935374,CH1,POWER,3.20
1765674935379,CH1,POWER,3.20
1765674935383,CH1,POWER,3.20
1765674935387,CH1,POWER,3.20
1765674935393,CH1,POWER,3.20
1765674935397,CH1,POWER,3.20
1765674935403,CH1,POWER,3.20
1765674935407,CH1,POWER,3.20
1765674935413,CH1,POWER,3.20
1765674935419,CH1,POWER,3.20
1765674935423,CH1,POWER,3.20
1765674935431,CH1,POWER,3.20
1765674935435,CH1,POWER,3.20
1765674935440,CH1,POWER,3.20
1765674935445,CH1,POWER,3.20
1765674935451,CH1,POWER,3.20
1765674935457,CH1,POWER,3.20
1765674935463,CH1,POWER,3.20
1765674935471,CH1,POWER,3.20
1765674935475,CH1,POWER,3.20
1765674935480,CH1,POWER,3.20
1765674935484,CH1,POWER,3.20
1765674935490,CH1,POWER,3.20
1765674935495,CH1,POWER,3.20
1765674935503,CH1,POWER,3.20
1765674935507,CH1,POWER,3.20
1765674935512,CH1,POWER,3.20
1765674935516,CH1,POWER,3.20
1765674935522,CH1,POWER,3.20
1765674935526,CH1,POWER,3.20
1765674935530,CH1,POWER,3.20
1765674935535,CH1,POWER,3.20
1765674935540,CH1,POWER,3.20
1765674935544,CH1,POWER,3.20
1765674935551,CH1,POWER,3.20
1765674935555,CH1,POWER,3.20
1765674935560,CH1,POWER,3.20
1765674935565,CH1,POWER,3.20
1765674935571,CH1,POWER,3.20
1765674935575,CH1,POWER,3.20
1765674935580,CH1,POWER,3.20
1765674935586,CH1,POWER,3.20
1765674935592,CH1,POWER,3.20
1765674935597,CH1,POWER,3.20
1765674935603,CH1,POWER,3.20
1765674935609,CH1,POWER,3.20
1765674935613,CH1,POWER,3.20
1765674935619,CH1,POWER,3.20
1765674935623,CH1,POWER,3.20
1765674935627,CH1,POWER,3.20
1765674935632,CH1,POWER,3.20
1765674935637,CH1,POWER,3.20
1765674935642,CH1,POWER,3.20
1765674935649,CH1,POWER,3.20
1765674935653,CH1,POWER,3.20
1765674935659,CH1,POWER,3.20
1765674935663,CH1,POWER,3.20
1765674935667,CH1,POWER,3.20
1765674935673,CH1,POWER,3.20
1765674935677,CH1,POWER,3.20
1765674935683,CH1,POWER,3.20
1765674935689,CH1,POWER,3.20
1765674935693,CH1,POWER,3.20
1765674935699,CH1,POWER,3.20
1765674935703,CH1,POWER,3.20
1765674935711,CH1,POWER,3.20
1765674935714,CH1,POWER,3.10
1765674935716,CH1,POWER,3.10
1765674935742,CH1,POWER,3.10
1765674935747,CH1,POWER,3.10
1765674935752,CH1,POWER,3.10
1765674935757,CH1,POWER,3.10
1765674935762,CH1,POWER,3.10
1765674935768,CH1,POWER,3.10
1765674935774,CH1,POWER,3.10
1765674935779,CH1,POWER,3.10
1765674935785,CH1,POWER,3.10
1765674935789,CH1,POWER,3.10
1765674935795,CH1,POWER,3.10
1765674935801,CH1,POWER,3.10
1765674935805,CH1,POWER,3.10
1765674935809,CH1,POWER,3.10
1765674935814,CH1,POWER,3.10
1765674935819,CH1,POWER,3.10
1765674935825,CH1,POWER,3.10
1765674935829,CH1,POWER,3.10
1765674935834,CH1,POWER,3.10
1765674935838,CH1,POWER,3.10
1765674935842,CH1,POWER,3.10
1765674935846,CH1,POWER,3.10
1765674935851,CH1,POWER,3.10
1765674935855,CH1,POWER,3.10
1765674935859,CH1,POWER,3.10
1765674935865,CH1,POWER,3.10
1765674935871,CH1,POWER,3.10
1765674935875,CH1,POWER,3.10
1765674935879,CH1,POWER,3.10
1765674935885,CH1,POWER,3.10
1765674935891,CH1,POWER,3.10
1765674935895,CH1,POWER,3.10
1765674935901,CH1,POWER,3.10
1765674935905,CH1,POWER,3.10
1765674935911,CH1,POWER,3.10
1765674935915,CH1,POWER,3.10
1765674935919,CH1,POWER,3.10
1765674935925,CH1,POWER,3.10
1765674935931,CH1,POWER,3.10
1765674935935,CH1,POWER,3.10
1765674935941,CH1,POWER,3.10
1765674935945,CH1,POWER,3.10
1765674935949,CH1,POWER,3.10
1765674935955,CH1,POWER,3.10
1765674935959,CH1,POWER,3.10
1765674935964,CH1,POWER,3.10
1765674935969,CH1,POWER,3.10
1765674935974,CH1,POWER,3.10
1765674935978,CH1,POWER,3.10
1765674935984,CH1,POWER,3.10
1765674935989,CH1,POWER,3.10
1765674935994,CH1,POWER,3.10
1765674935998,CH1,POWER,3.10
1765674936005,CH1,POWER,3.10
1765674936011,CH1,POWER,3.10
1765674936015,CH1,POWER,3.10
1765674936019,CH1,POWER,3.10
1765674936024,CH1,POWER,3.10
1765674936029,CH1,POWER,3.10
1765674936035,CH1,POWER,3.10
1765674936041,CH1,POWER,3.10
1765674936045,CH1,POWER,3.10
1765674936049,CH1,POWER,3.10
1765674936054,CH1,POWER,3.10
1765674936059,CH1,POWER,3.10
1765674936065,CH1,POWER,3.10
1765674936071,CH1,POWER,3.10
1765674936075,CH1,POWER,3.10
1765674936079,CH1,POWER,3.10
1765674936084,CH1,POWER,3.10
1765674936089,CH1,POWER,3.10
1765674936094,CH1,POWER,3.10
1765674936098,CH1,POWER,3.10
1765674936105,CH1,POWER,3.10
1765674936108,CH1,POWER,2.85
1765674936133,CH1,POWER,2.85
1765674936137,CH1,POWER,2.85
1765674936143,CH1,POWER,2.85
1765674936147,CH1,POWER,2.85
1765674936151,CH1,POWER,2.85
1765674936156,CH1,POWER,2.85
1765674936161,CH1,POWER,2.85
1765674936166,CH1,POWER,2.85
1765674936170,CH1,POWER,2.85
1765674936174,CH1,POWER,2.85
1765674936178,CH1,POWER,2.85
1765674936185,CH1,POWER,2.85
1765674936189,CH1,POWER,2.85
1765674936194,CH1,POWER,2.85
1765674936198,CH1,POWER,2.85
1765674936203,CH1,POWER,2.85
1765674936207,CH1,POWER,2.85
1765674936211,CH1,POWER,2.85
1765674936217,CH1,POWER,2.85
1765674936223,CH1,POWER,2.85
1765674936227,CH1,POWER,2.85
1765674936231,CH1,POWER,2.85
1765674936237,CH1,POWER,2.85
1765674936243,CH1,POWER,2.85
1765674936247,CH1,POWER,2.85
1765674936251,CH1,POWER,2.85
1765674936257,CH1,POWER,2.85
1765674936263,CH1,POWER,2.85
1765674936267,CH1,POWER,2.85
1765674936273,CH1,POWER,2.85
1765674936277,CH1,POWER,2.85
1765674936281,CH1,POWER,2.85
1765674936287,CH1,POWER,2.85
1765674936293,CH1,POWER,2.85
1765674936297,CH1,POWER,2.85
1765674936301,CH1,POWER,2.85
1765674936306,CH1,POWER,2.85
1765674936313,CH1,POWER,2.85
1765674936317,CH1,POWER,2.85
1765674936323,CH1,POWER,2.85
1765674936327,CH1,POWER,2.85
1765674936331,CH1,POWER,2.85
1765674936337,CH1,POWER,2.85
1765674936341,CH1,POWER,2.85
1765674936346,CH1,POWER,2.85
1765674936350,CH1,POWER,2.85
1765674936356,CH1,POWER,2.85
1765674936361,CH1,POWER,2.85
1765674936367,CH1,POWER,2.85
1765674936373,CH1,POWER,2.85
1765674936377,CH1,POWER,2.85
1765674936381,CH1,POWER,2.85
1765674936386,CH1,POWER,2.85
1765674936393,CH1,POWER,2.85
1765674936397,CH1,POWER,2.85
1765674936401,CH1,POWER,2.85
1765674936406,CH1,POWER,2.85
1765674936410,CH1,POWER,2.85
1765674936414,CH1,POWER,2.85
1765674936418,CH1,POWER,2.85
1765674936425,CH1,POWER,2.85
1765674936431,CH1,POWER,2.85
1765674936436,CH1,POWER,2.85
1765674936440,CH1,POWER,2.85
1765674936447,CH1,POWER,2.85
1765674936451,CH1,POWER,2.85
1765674936456,CH1,POWER,2.85
1765674936460,CH1,POWER,2.85
1765674936464,CH1,POWER,2.85
1765674936469,CH1,POWER,2.85
1765674936475,CH1,POWER,2.85
1765674936480,CH1,POWER,2.85
1765674936487,CH1,POWER,2.85
1765674936491,CH1,POWER,2.85
1765674936496,CH1,POWER,2.85
1765674936500,CH1,POWER,2.85
1765674936526,CH1,POWER,3.20
1765674936531,CH1,POWER,3.20
1765674936536,CH1,POWER,3.20
1765674936540,CH1,POWER,3.20
1765674936545,CH1,POWER,3.20
1765674936549,CH1,POWER,3.20
1765674936553,CH1,POWER,3.20
1765674936559,CH1,POWER,3.20
1765674936563,CH1,POWER,3.20
1765674936568,CH1,POWER,3.20
1765674936572,CH1,POWER,3.20
1765674936579,CH1,POWER,3.20
1765674936583,CH1,POWER,3.20
1765674936588,CH1,POWER,3.20
1765674936592,CH1,POWER,3.20
1765674936596,CH1,POWER,3.20
1765674936600,CH1,POWER,3.20
1765674936606,CH1,POWER,3.20
1765674936611,CH1,POWER,3.20
1765674936616,CH1,POWER,3.20
1765674936620,CH1,POWER,3.20
1765674936626,CH1,POWER,3.20
1765674936631,CH1,POWER,3.20
1765674936637,CH1,POWER,3.20
1765674936642,CH1,POWER,3.20
1765674936646,CH1,POWER,3.20
1765674936650,CH1,POWER,3.20
1765674936656,CH1,POWER,3.20
1765674936660,CH1,POWER,3.20
1765674936667,CH1,POWER,3.20
1765674936671,CH1,POWER,3.20
1765674936676,CH1,POWER,3.20
1765674936680,CH1,POWER,3.20
1765674936687,CH1,POWER,3.20
1765674936692,CH1,POWER,3.20
1765674936696,CH1,POWER,3.20
1765674936701,CH1,POWER,3.20
1765674936707,CH1,POWER,3.20
1765674936712,CH1,POWER,3.20
1765674936719,CH1,POWER,3.20
1765674936725,CH1,POWER,3.20
1765674936729,CH1,POWER,3.20
1765674936735,CH1,POWER,3.20
1765674936739,CH1,POWER,3.20
1765674936743,CH1,POWER,3.20
1765674936749,CH1,POWER,3.20
1765674936755,CH1,POWER,3.20
1765674936759,CH1,POWER,3.20
1765674936764,CH1,POWER,3.20
1765674936769,CH1,POWER,3.20
1765674936773,CH1,POWER,3.20
1765674936779,CH1,POWER,3.20
1765674936785,CH1,POWER,3.20
1765674936789,CH1,POWER,3.20
1765674936793,CH1,POWER,3.20
1765674936799,CH1,POWER,3.20
1765674936805,CH1,POWER,3.20
1765674936809,CH1,POWER,3.20
1765674936813,CH1,POWER,3.20
1765674936819,CH1,POWER,3.20
1765674936823,CH1,POWER,3.20
1765674936828,CH1,POWER,3.20
1765674936832,CH1,POWER,3.20
1765674936836,CH1,POWER,3.20
1765674936841,CH1,POWER,3.20
1765674936846,CH1,POWER,3.20
1765674936850,CH1,POWER,3.20
1765674936855,CH1,POWER,3.20
1765674936859,CH1,POWER,3.20
1765674936867,CH1,POWER,3.20
1765674936872,CH1,POWER,3.20
1765674936878,CH1,POWER,3.20
1765674936883,CH1,POWER,3.20
1765674936889,CH1,POWER,3.20
1765674936892,CH1,POWER,3.25
1765674936918,CH1,POWER,3.25
1765674936923,CH1,POWER,3.25
1765674936928,CH1,POWER,3.25
1765674936932,CH1,POWER,3.25
1765674936937,CH1,POWER,3.25
1765674936941,CH1,POWER,3.25
1765674936945,CH1,POWER,3.25
1765674936950,CH1,POWER,3.25
1765674936954,CH1,POWER,3.25
1765674936958,CH1,POWER,3.25
1765674936963,CH1,POWER,3.25
1765674936969,CH1,POWER,3.25
1765674936973,CH1,POWER,3.25
1765674936978,CH1,POWER,3.25
1765674936983,CH1,POWER,3.25
1765674936989,CH1,POWER,3.25
1765674936994,CH1,POWER,3.25
1765674936998,CH1,POWER,3.25
1765674937003,CH1,POWER,3.25
1765674937009,CH1,POWER,3.25
1765674937014,CH1,POWER,3.25
1765674937018,CH1,POWER,3.25
1765674937022,CH1,POWER,3.25
1765674937027,CH1,POWER,3.25
1765674937031,CH1,POWER,3.25
1765674937039,CH1,POWER,3.25
1765674937044,CH1,POWER,3.25
1765674937048,CH1,POWER,3.25
1765674937052,CH1,POWER,3.25
1765674937057,CH1,POWER,3.25
1765674937061,CH1,POWER,3.25
1765674937065,CH1,POWER,3.25
1765674937071,CH1,POWER,3.25
1765674937075,CH1,POWER,3.25
1765674937081,CH1,POWER,3.25
1765674937087,CH1,POWER,3.25
1765674937091,CH1,POWER,3.25
1765674937095,CH1,POWER,3.25
1765674937101,CH1,POWER,3.25
1765674937107,CH1,POWER,3.25
1765674937111,CH1,POWER,3.25
1765674937115,CH1,POWER,3.25
1765674937121,CH1,POWER,3.25
1765674937127,CH1,POWER,3.25
1765674937131,CH1,POWER,3.25
1765674937137,CH1,POWER,3.25
1765674937141,CH1,POWER,3.25
1765674937147,CH1,POWER,3.25
1765674937151,CH1,POWER,3.25
1765674937155,CH1,POWER,3.25
1765674937161,CH1,POWER,3.25
1765674937169,CH1,POWER,3.25
1765674937173,CH1,POWER,3.25
1765674937179,CH1,POWER,3.25
1765674937184,CH1,POWER,3.25
1765674937191,CH1,POWER,3.25
1765674937195,CH1,POWER,3.25
1765674937200,CH1,POWER,3.25
1765674937205,CH1,POWER,3.25
1765674937210,CH1,POWER,3.25
1765674937214,CH1,POWER,3.25
1765674937221,CH1,POWER,3.25
1765674937225,CH1,POWER,3.25
1765674937231,CH1,POWER,3.25
1765674937235,CH1,POWER,3.25
1765674937241,CH1,POWER,3.25
1765674937249,CH1,POWER,3.25
1765674937253,CH1,POWER,3.25
1765674937259,CH1,POWER,3.25
1765674937263,CH1,POWER,3.25
1765674937269,CH1,POWER,3.25
1765674937274,CH1,POWER,3.25
1765674937278,CH1,POWER,3.25
1765674937283,CH1,POWER,3.25
1765674937288,CH1,POWER,3.25
1765674937291,CH1,POWER,3.40
1765674937293,CH1,POWER,3.40
1765674937296,CH1,POWER,3.40
1765674937323,CH1,POWER,3.40
1765674937329,CH1,POWER,3.40
1765674937333,CH1,POWER,3.40
1765674937337,CH1,POWER,3.40
1765674937342,CH1,POWER,3.40
1765674937346,CH1,POWER,3.40
1765674937350,CH1,POWER,3.40
1765674937354,CH1,POWER,3.40
1765674937359,CH1,POWER,3.40
1765674937363,CH1,POWER,3.40
1765674937367,CH1,POWER,3.40
1765674937373,CH1,POWER,3.40
1765674937378,CH1,POWER,3.40
1765674937383,CH1,POWER,3.40
1765674937387,CH1,POWER,3.40
1765674937393,CH1,POWER,3.40
1765674937399,CH1,POWER,3.40
1765674937403,CH1,POWER,3.40
1765674937407,CH1,POWER,3.40
1765674937413,CH1,POWER,3.40
1765674937417,CH1,POWER,3.40
1765674937423,CH1,POWER,3.40
1765674937427,CH1,POWER,3.40
1765674937432,CH1,POWER,3.40
1765674937437,CH1,POWER,3.40
1765674937443,CH1,POWER,3.40
1765674937448,CH1,POWER,3.40
1765674937453,CH1,POWER,3.40
1765674937457,CH1,POWER,3.40
1765674937462,CH1,POWER,3.40
1765674937466,CH1,POWER,3.40
1765674937470,CH1,POWER,3.40
1765674937474,CH1,POWER,3.40
1765674937481,CH1,POWER,3.40
1765674937485,CH1,POWER,3.40
1765674937490,CH1,POWER,3.40
1765674937495,CH1,POWER,3.40
1765674937501,CH1,POWER,3.40
1765674937506,CH1,POWER,3.40
1765674937510,CH1,POWER,3.40
1765674937515,CH1,POWER,3.40
1765674937521,CH1,POWER,3.40
1765674937527,CH1,POWER,3.40
1765674937532,CH1,POWER,3.40
1765674937536,CH1,POWER,3.40
1765674937540,CH1,POWER,3.40
1765674937546,CH1,POWER,3.40
1765674937550,CH1,POWER,3.40
1765674937555,CH1,POWER,3.40
1765674937561,CH1,POWER,3.40
1765674937566,CH1,POWER,3.40
1765674937573,CH1,POWER,3.40
1765674937579,CH1,POWER,3.40
1765674937583,CH1,POWER,3.40
1765674937591,CH1,POWER,3.40
1765674937596,CH1,POWER,3.40
1765674937603,CH1,POWER,3.40
1765674937607,CH1,POWER,3.40
1765674937612,CH1,POWER,3.40
1765674937616,CH1,POWER,3.40
1765674937620,CH1,POWER,3.40
1765674937625,CH1,POWER,3.40
1765674937631,CH1,POWER,3.40
1765674937637,CH1,POWER,3.40
1765674937642,CH1,POWER,3.40
1765674937646,CH1,POWER,3.40
1765674937653,CH1,POWER,3.40
1765674937657,CH1,POWER,3.40
1765674937662,CH1,POWER,3.40
1765674937666,CH1,POWER,3.40
1765674937670,CH1,POWER,3.40
1765674937675,CH1,POWER,3.40
1765674937681,CH1,POWER,3.40
1765674937686,CH1,POWER,3.40
1765674937690,CH1,POWER,3.40
1765674937694,CH1,POWER,3.40
1765674937697,CH1,POWER,3.25
1765674937724,CH1,POWER,3.25
1765674937729,CH1,POWER,3.25
1765674937734,CH1,POWER,3.25
1765674937738,CH1,POWER,3.25
1765674937742,CH1,POWER,3.25
1765674937747,CH1,POWER,3.25
1765674937753,CH1,POWER,3.25
1765674937758,CH1,POWER,3.25
1765674937762,CH1,POWER,3.25
1765674937766,CH1,POWER,3.25
1765674937771,CH1,POWER,3.25
1765674937775,CH1,POWER,3.25
1765674937779,CH1,POWER,3.25
1765674937785,CH1,POWER,3.25
1765674937791,CH1,POWER,3.25
1765674937795,CH1,POWER,3.25
1765674937801,CH1,POWER,3.25
1765674937805,CH1,POWER,3.25
1765674937809,CH1,POWER,3.25
1765674937815,CH1,POWER,3.25
1765674937821,CH1,POWER,3.25
1765674937825,CH1,POWER,3.25
1765674937829,CH1,POWER,3.25
1765674937835,CH1,POWER,3.25
1765674937841,CH1,POWER,3.25
1765674937845,CH1,POWER,3.25
1765674937851,CH1,POWER,3.25
1765674937855,CH1,POWER,3.25
1765674937859,CH1,POWER,3.25
1765674937865,CH1,POWER,3.25
1765674937869,CH1,POWER,3.25
1765674937874,CH1,POWER,3.25
1765674937878,CH1,POWER,3.25
1765674937882,CH1,POWER,3.25
1765674937888,CH1,POWER,3.25
1765674937894,CH1,POWER,3.25
1765674937898,CH1,POWER,3.25
1765674937905,CH1,POWER,3.25
1765674937909,CH1,POWER,3.25
1765674937914,CH1,POWER,3.25
1765674937919,CH1,POWER,3.25
1765674937925,CH1,POWER,3.25
1765674937931,CH1,POWER,3.25
1765674937935,CH1,POWER,3.25
1765674937939,CH1,POWER,3.25
1765674937945,CH1,POWER,3.25
1765674937951,CH1,POWER,3.25
1765674937955,CH1,POWER,3.25
1765674937961,CH1,POWER,3.25
1765674937965,CH1,POWER,3.25
1765674937970,CH1,POWER,3.25
1765674937975,CH1,POWER,3.25
1765674937981,CH1,POWER,3.25
1765674937985,CH1,POWER,3.25
1765674937991,CH1,POWER,3.25
1765674937995,CH1,POWER,3.25
1765674938000,CH1,POWER,3.25
1765674938005,CH1,POWER,3.25
1765674938013,CH1,POWER,3.25
1765674938018,CH1,POWER,3.25
1765674938025,CH1,POWER,3.25
1765674938029,CH1,POWER,3.25
1765674938035,CH1,POWER,3.25
1765674938041,CH1,POWER,3.25
1765674938045,CH1,POWER,3.25
1765674938049,CH1,POWER,3.25
1765674938055,CH1,POWER,3.25
1765674938061,CH1,POWER,3.25
1765674938065,CH1,POWER,3.25
1765674938071,CH1,POWER,3.25
1765674938075,CH1,POWER,3.25
1765674938079,CH1,POWER,3.25
1765674938085,CH1,POWER,3.25
1765674938091,CH1,POWER,3.25
1765674938093,CH1,POWER,3.20
1765674938096,CH1,POWER,3.20
1765674938098,CH1,POWER,3.20
1765674938124,CH1,POWER,3.20
1765674938129,CH1,POWER,3.20
1765674938134,CH1,POWER,3.20
1765674938138,CH1,POWER,3.20
1765674938143,CH1,POWER,3.20
1765674938147,CH1,POWER,3.20
1765674938151,CH1,POWER,3.20
1765674938157,CH1,POWER,3.20
1765674938162,CH1,POWER,3.20
1765674938167,CH1,POWER,3.20
1765674938171,CH1,POWER,3.20
1765674938177,CH1,POWER,3.20
1765674938181,CH1,POWER,3.20
1765674938187,CH1,POWER,3.20
1765674938191,CH1,POWER,3.20
1765674938197,CH1,POWER,3.20
1765674938201,CH1,POWER,3.20
1765674938207,CH1,POWER,3.20
1765674938211,CH1,POWER,3.20
1765674938217,CH1,POWER,3.20
1765674938221,CH1,POWER,3.20
1765674938226,CH1,POWER,3.20
1765674938233,CH1,POWER,3.20
1765674938237,CH1,POWER,3.20
1765674938243,CH1,POWER,3.20
1765674938247,CH1,POWER,3.20
1765674938253,CH1,POWER,3.20
1765674938257,CH1,POWER,3.20
1765674938261,CH1,POWER,3.20
1765674938266,CH1,POWER,3.20
1765674938270,CH1,POWER,3.20
1765674938276,CH1,POWER,3.20
1765674938281,CH1,POWER,3.20
1765674938287,CH1,POWER,3.20
1765674938293,CH1,POWER,3.20
1765674938297,CH1,POWER,3.20
1765674938305,CH1,POWER,3.20
1765674938309,CH1,POWER,3.20
1765674938314,CH1,POWER,3.20
1765674938318,CH1,POWER,3.20
1765674938323,CH1,POWER,3.20
1765674938327,CH1,POWER,3.20
1765674938335,CH1,POWER,3.20
1765674938340,CH1,POWER,3.20
1765674938347,CH1,POWER,3.20
1765674938353,CH1,POWER,3.20
1765674938357,CH1,POWER,3.20
1765674938365,CH1,POWER,3.20
1765674938370,CH1,POWER,3.20
1765674938377,CH1,POWER,3.20
1765674938385,CH1,POWER,3.20
1765674938390,CH1,POWER,3.20
1765674938394,CH1,POWER,3.20
1765674938399,CH1,POWER,3.20
1765674938405,CH1,POWER,3.20
1765674938410,CH1,POWER,3.20
1765674938417,CH1,POWER,3.20
1765674938425,CH1,POWER,3.20
1765674938431,CH1,POWER,3.20
1765674938436,CH1,POWER,3.20
1765674938441,CH1,POWER,3.20
1765674938447,CH1,POWER,3.20
1765674938453,CH1,POWER,3.20
1765674938457,CH1,POWER,3.20
1765674938465,CH1,POWER,3.20
1765674938470,CH1,POWER,3.20
1765674938477,CH1,POWER,3.20
1765674938483,CH1,POWER,3.20
1765674938487,CH1,POWER,3.20
1765674938490,CH1,POWER,3.20
1765674938516,CH1,POWER,3.20
1765674938521,CH1,POWER,3.20
1765674938526,CH1,POWER,3.20
1765674938531,CH1,POWER,3.20
1765674938537,CH1,POWER,3.20
1765674938542,CH1,POWER,3.20
1765674938546,CH1,POWER,3.20
1765674938551,CH1,POWER,3.20
1765674938557,CH1,POWER,3.20
1765674938561,CH1,POWER,3.20
1765674938566,CH1,POWER,3.20
1765674938570,CH1,POWER,3.20
1765674938575,CH1,POWER,3.20
1765674938579,CH1,POWER,3.20
1765674938583,CH1,POWER,3.20
1765674938588,CH1,POWER,3.20
1765674938592,CH1,POWER,3.20
1765674938599,CH1,POWER,3.20
1765674938604,CH1,POWER,3.20
1765674938609,CH1,POWER,3.20
1765674938617,CH1,POWER,3.20
1765674938621,CH1,POWER,3.20
1765674938626,CH1,POWER,3.20
1765674938630,CH1,POWER,3.20
1765674938637,CH1,POWER,3.20
1765674938642,CH1,POWER,3.20
1765674938649,CH1,POWER,3.20
1765674938654,CH1,POWER,3.20
1765674938659,CH1,POWER,3.20
1765674938664,CH1,POWER,3.20
1765674938669,CH1,POWER,3.20
1765674938674,CH1,POWER,3.20
1765674938679,CH1,POWER,3.20
1765674938685,CH1,POWER,3.20
1765674938689,CH1,POWER,3.20
1765674938694,CH1,POWER,3.20
1765674938699,CH1,POWER,3.20
1765674938705,CH1,POWER,3.20
1765674938709,CH1,POWER,3.20
1765674938715,CH1,POWER,3.20
1765674938719,CH1,POWER,3.20
1765674938724,CH1,POWER,3.20
1765674938729,CH1,POWER,3.20
1765674938735,CH1,POWER,3.20
1765674938739,CH1,POWER,3.20
1765674938745,CH1,POWER,3.20
1765674938749,CH1,POWER,3.20
1765674938757,CH1,POWER,3.20
1765674938762,CH1,POWER,3.20
1765674938769,CH1,POWER,3.20
1765674938777,CH1,POWER,3.20
1765674938782,CH1,POWER,3.20
1765674938789,CH1,POWER,3.20
1765674938794,CH1,POWER,3.20
1765674938799,CH1,POWER,3.20
1765674938804,CH1,POWER,3.20
1765674938809,CH1,POWER,3.20
1765674938815,CH1,POWER,3.20
1765674938819,CH1,POWER,3.20
1765674938825,CH1,POWER,3.20
1765674938829,CH1,POWER,3.20
1765674938834,CH1,POWER,3.20
1765674938839,CH1,POWER,3.20
1765674938845,CH1,POWER,3.20
1765674938849,CH1,POWER,3.20
1765674938854,CH1,POWER,3.20
1765674938859,CH1,POWER,3.20
1765674938865,CH1,POWER,3.20
1765674938869,CH1,POWER,3.20
1765674938874,CH1,POWER,3.20
1765674938878,CH1,POWER,3.25
1765674938881,CH1,POWER,3.25
1765674938883,CH1,POWER,3.25
1765674938911,CH1,POWER,3.25
1765674938917,CH1,POWER,3.25
1765674938921,CH1,POWER,3.25
1765674938929,CH1,POWER,3.25
1765674938933,CH1,POWER,3.25
1765674938941,CH1,POWER,3.25
1765674938947,CH1,POWER,3.25
1765674938951,CH1,POWER,3.25
1765674938959,CH1,POWER,3.25
1765674938964,CH1,POWER,3.25
1765674938971,CH1,POWER,3.25
1765674938977,CH1,POWER,3.25
1765674938981,CH1,POWER,3.25
1765674938987,CH1,POWER,3.25
1765674938991,CH1,POWER,3.25
1765674938999,CH1,POWER,3.25
1765674939004,CH1,POWER,3.25
1765674939011,CH1,POWER,3.25
1765674939019,CH1,POWER,3.25
1765674939024,CH1,POWER,3.25
1765674939028,CH1,POWER,3.25
1765674939033,CH1,POWER,3.25
1765674939039,CH1,POWER,3.25
1765674939044,CH1,POWER,3.25
1765674939050,CH1,POWER,3.25
1765674939054,CH1,POWER,3.25
1765674939061,CH1,POWER,3.25
1765674939067,CH1,POWER,3.25
1765674939071,CH1,POWER,3.25
1765674939077,CH1,POWER,3.25
1765674939081,CH1,POWER,3.25
1765674939086,CH1,POWER,3.25
1765674939091,CH1,POWER,3.25
1765674939099,CH1,POWER,3.25
1765674939104,CH1,POWER,3.25
1765674939111,CH1,POWER,3.25
1765674939117,CH1,POWER,3.25
1765674939121,CH1,POWER,3.25
1765674939127,CH1,POWER,3.25
1765674939131,CH1,POWER,3.25
1765674939136,CH1,POWER,3.25
1765674939141,CH1,POWER,3.25
1765674939147,CH1,POWER,3.25
1765674939151,CH1,POWER,3.25
1765674939157,CH1,POWER,3.25
1765674939161,CH1,POWER,3.25
1765674939169,CH1,POWER,3.25
1765674939173,CH1,POWER,3.25
1765674939181,CH1,POWER,3.25
1765674939187,CH1,POWER,3.25
1765674939191,CH1,POWER,3.25
1765674939196,CH1,POWER,3.25
1765674939201,CH1,POWER,3.25
1765674939207,CH1,POWER,3.25
1765674939211,CH1,POWER,3.25
1765674939216,CH1,POWER,3.25
1765674939221,CH1,POWER,3.25
1765674939227,CH1,POWER,3.25
1765674939231,CH1,POWER,3.25
1765674939239,CH1,POWER,3.25
1765674939244,CH1,POWER,3.25
1765674939251,CH1,POWER,3.25
1765674939257,CH1,POWER,3.25
1765674939261,CH1,POWER,3.25
1765674939264,CH1,POWER,3.35
1765674939290,CH1,POWER,3.35
1765674939295,CH1,POWER,3.35
1765674939300,CH1,POWER,3.35
1765674939304,CH1,POWER,3.35
1765674939310,CH1,POWER,3.35
1765674939315,CH1,POWER,3.35
1765674939323,CH1,POWER,3.35
1765674939329,CH1,POWER,3.35
1765674939333,CH1,POWER,3.35
1765674939338,CH1,POWER,3.35
1765674939343,CH1,POWER,3.35
1765674939349,CH1,POWER,3.35
1765674939353,CH1,POWER,3.35
1765674939358,CH1,POWER,3.35
1765674939363,CH1,POWER,3.35
1765674939371,CH1,POWER,3.35
1765674939376,CH1,POWER,3.35
1765674939383,CH1,POWER,3.35
1765674939391,CH1,POWER,3.35
1765674939396,CH1,POWER,3.35
1765674939403,CH1,POWER,3.35
1765674939408,CH1,POWER,3.35
1765674939413,CH1,POWER,3.35
1765674939418,CH1,POWER,3.35
1765674939423,CH1,POWER,3.35
1765674939429,CH1,POWER,3.35
1765674939433,CH1,POWER,3.35
1765674939441,CH1,POWER,3.35
1765674939446,CH1,POWER,3.35
1765674939453,CH1,POWER,3.35
1765674939461,CH1,POWER,3.35
1765674939466,CH1,POWER,3.35
1765674939470,CH1,POWER,3.35
1765674939475,CH1,POWER,3.35
1765674939481,CH1,POWER,3.35
1765674939486,CH1,POWER,3.35
1765674939493,CH1,POWER,3.35
1765674939499,CH1,POWER,3.35
1765674939503,CH1,POWER,3.35
1765674939511,CH1,POWER,3.35
1765674939517,CH1,POWER,3.35
1765674939522,CH1,POWER,3.35
1765674939526,CH1,POWER,3.35
1765674939533,CH1,POWER,3.35
1765674939537,CH1,POWER,3.35
1765674939542,CH1,POWER,3.35
1765674939546,CH1,POWER,3.35
1765674939552,CH1,POWER,3.35
1765674939557,CH1,POWER,3.35
1765674939563,CH1,POWER,3.35
1765674939567,CH1,POWER,3.35
1765674939572,CH1,POWER,3.35
1765674939576,CH1,POWER,3.35
1765674939583,CH1,POWER,3.35
1765674939589,CH1,POWER,3.35
1765674939593,CH1,POWER,3.35
1765674939601,CH1,POWER,3.35
1765674939606,CH1,POWER,3.35
1765674939613,CH1,POWER,3.35
1765674939618,CH1,POWER,3.35
1765674939623,CH1,POWER,3.35
1765674939631,CH1,POWER,3.35
1765674939636,CH1,POWER,3.35
1765674939643,CH1,POWER,3.35
1765674939646,CH1,POWER,3.35
1765674939672,CH1,POWER,3.35
1765674939677,CH1,POWER,3.35
1765674939682,CH1,POWER,3.35
1765674939687,CH1,POWER,3.35
1765674939693,CH1,POWER,3.35
1765674939698,CH1,POWER,3.35
1765674939702,CH1,POWER,3.35
1765674939707,CH1,POWER,3.35
1765674939713,CH1,POWER,3.35
1765674939718,CH1,POWER,3.35
1765674939725,CH1,POWER,3.35
1765674939731,CH1,POWER,3.35
1765674939735,CH1,POWER,3.35
1765674939741,CH1,POWER,3.35
1765674939745,CH1,POWER,3.35
1765674939749,CH1,POWER,3.35
1765674939755,CH1,POWER,3.35
1765674939761,CH1,POWER,3.35
1765674939765,CH1,POWER,3.35
1765674939769,CH1,POWER,3.35
1765674939774,CH1,POWER,3.35
1765674939779,CH1,POWER,3.35
1765674939785,CH1,POWER,3.35
1765674939791,CH1,POWER,3.35
1765674939795,CH1,POWER,3.35
1765674939799,CH1,POWER,3.35
1765674939804,CH1,POWER,3.35
1765674939809,CH1,POWER,3.35
1765674939815,CH1,POWER,3.35
1765674939823,CH1,POWER,3.35
1765674939828,CH1,POWER,3.35
1765674939835,CH1,POWER,3.35
1765674939840,CH1,POWER,3.35
1765674939845,CH1,POWER,3.35
1765674939851,CH1,POWER,3.35
1765674939855,CH1,POWER,3.35
1765674939860,CH1,POWER,3.35
1765674939865,CH1,POWER,3.35
1765674939873,CH1,POWER,3.35
1765674939878,CH1,POWER,3.35
1765674939884,CH1,POWER,3.35
1765674939889,CH1,POWER,3.35
1765674939894,CH1,POWER,3.35
1765674939899,CH1,POWER,3.35
1765674939905,CH1,POWER,3.35
1765674939911,CH1,POWER,3.35
1765674939915,CH1,POWER,3.35
1765674939921,CH1,POWER,3.35
1765674939925,CH1,POWER,3.35
1765674939930,CH1,POWER,3.35
1765674939935,CH1,POWER,3.35
1765674939943,CH1,POWER,3.35
1765674939949,CH1,POWER,3.35
1765674939954,CH1,POWER,3.35
1765674939961,CH1,POWER,3.35
1765674939965,CH1,POWER,3.35
1765674939969,CH1,POWER,3.35
1765674939975,CH1,POWER,3.35
1765674939980,CH1,POWER,3.35
1765674939985,CH1,POWER,3.35
1765674939990,CH1,POWER,3.35
1765674939995,CH1,POWER,3.35
1765674940001,CH1,POWER,3.35
1765674940005,CH1,POWER,3.35
1765674940009,CH1,POWER,3.35
1765674940015,CH1,POWER,3.35
1765674940020,CH1,POWER,3.35
1765674940025,CH1,POWER,3.35
1765674940033,CH1,POWER,3.35
1765674940037,CH1,POWER,3.20
1765674940040,CH1,POWER,3.20
1765674940067,CH1,POWER,3.20
1765674940072,CH1,POWER,3.20
1765674940077,CH1,POWER,3.20
1765674940083,CH1,POWER,3.20
1765674940087,CH1,POWER,3.20
1765674940092,CH1,POWER,3.20
1765674940097,CH1,POWER,3.20
1765674940105,CH1,POWER,3.20
1765674940110,CH1,POWER,3.20
1765674940117,CH1,POWER,3.20
1765674940122,CH1,POWER,3.20
1765674940127,CH1,POWER,3.20
1765674940132,CH1,POWER,3.20
1765674940137,CH1,POWER,3.20
1765674940141,CH1,POWER,3.20
1765674940146,CH1,POWER,3.20
1765674940151,CH1,POWER,3.20
1765674940156,CH1,POWER,3.20
1765674940161,CH1,POWER,3.20
1765674940167,CH1,POWER,3.20
1765674940171,CH1,POWER,3.20
1765674940177,CH1,POWER,3.20
1765674940183,CH1,POWER,3.20
1765674940187,CH1,POWER,3.20
1765674940192,CH1,POWER,3.20
1765674940197,CH1,POWER,3.20
1765674940201,CH1,POWER,3.20
1765674940206,CH1,POWER,3.20
1765674940210,CH1,POWER,3.20
1765674940214,CH1,POWER,3.20
1765674940218,CH1,POWER,3.20
1765674940222,CH1,POWER,3.20
1765674940227,CH1,POWER,3.20
1765674940231,CH1,POWER,3.20
1765674940236,CH1,POWER,3.20
1765674940240,CH1,POWER,3.20
1765674940247,CH1,POWER,3.20
1765674940251,CH1,POWER,3.20
1765674940257,CH1,POWER,3.20
1765674940265,CH1,POWER,3.20
1765674940271,CH1,POWER,3.20
1765674940276,CH1,POWER,3.20
1765674940280,CH1,POWER,3.20
1765674940287,CH1,POWER,3.20
1765674940291,CH1,POWER,3.20
1765674940296,CH1,POWER,3.20
1765674940300,CH1,POWER,3.20
1765674940304,CH1,POWER,3.20
1765674940309,CH1,POWER,3.20
1765674940314,CH1,POWER,3.20
1765674940319,CH1,POWER,3.20
1765674940324,CH1,POWER,3.20
1765674940330,CH1,POWER,3.20
1765674940337,CH1,POWER,3.20
1765674940342,CH1,POWER,3.20
1765674940347,CH1,POWER,3.20
1765674940352,CH1,POWER,3.20
1765674940357,CH1,POWER,3.20
1765674940363,CH1,POWER,3.20
1765674940367,CH1,POWER,3.20
1765674940371,CH1,POWER,3.20
1765674940377,CH1,POWER,3.20
1765674940382,CH1,POWER,3.20
1765674940387,CH1,POWER,3.20
1765674940391,CH1,POWER,3.20
1765674940397,CH1,POWER,3.20
1765674940402,CH1,POWER,3.20
1765674940407,CH1,POWER,3.20
1765674940412,CH1,POWER,3.20
1765674940417,CH1,POWER,3.20
1765674940422,CH1,POWER,3.20
1765674940425,CH1,POWER,3.20
1765674940428,CH1,POWER,3.20
1765674940430,CH1,POWER,3.20
1765674940456,CH1,POWER,3.20
1765674940461,CH1,POWER,3.20
1765674940466,CH1,POWER,3.20
1765674940471,CH1,POWER,3.20
1765674940476,CH1,POWER,3.20
1765674940481,CH1,POWER,3.20
1765674940486,CH1,POWER,3.20
1765674940490,CH1,POWER,3.20
1765674940494,CH1,POWER,3.20
1765674940499,CH1,POWER,3.20
1765674940504,CH1,POWER,3.20
1765674940509,CH1,POWER,3.20
1765674940517,CH1,POWER,3.20
1765674940521,CH1,POWER,3.20
1765674940526,CH1,POWER,3.20
1765674940530,CH1,POWER,3.20
1765674940537,CH1,POWER,3.20
1765674940542,CH1,POWER,3.20
1765674940549,CH1,POWER,3.20
1765674940554,CH1,POWER,3.20
1765674940559,CH1,POWER,3.20
1765674940564,CH1,POWER,3.20
1765674940569,CH1,POWER,3.20
1765674940574,CH1,POWER,3.20
1765674940579,CH1,POWER,3.20
1765674940583,CH1,POWER,3.20
1765674940588,CH1,POWER,3.20
1765674940592,CH1,POWER,3.20
1765674940596,CH1,POWER,3.20
1765674940600,CH1,POWER,3.20
1765674940604,CH1,POWER,3.20
1765674940609,CH1,POWER,3.20
1765674940613,CH1,POWER,3.20
1765674940618,CH1,POWER,3.20
1765674940623,CH1,POWER,3.20
1765674940629,CH1,POWER,3.20
1765674940633,CH1,POWER,3.20
1765674940638,CH1,POWER,3.20
1765674940642,CH1,POWER,3.20
1765674940646,CH1,POWER,3.20
1765674940651,CH1,POWER,3.20
1765674940656,CH1,POWER,3.20
1765674940661,CH1,POWER,3.20
1765674940666,CH1,POWER,3.20
1765674940670,CH1,POWER,3.20
1765674940677,CH1,POWER,3.20
1765674940681,CH1,POWER,3.20
1765674940689,CH1,POWER,3.20
1765674940694,CH1,POWER,3.20
1765674940699,CH1,POWER,3.20
1765674940704,CH1,POWER,3.20
1765674940709,CH1,POWER,3.20
1765674940713,CH1,POWER,3.20
1765674940719,CH1,POWER,3.20
1765674940723,CH1,POWER,3.20
1765674940728,CH1,POWER,3.20
1765674940733,CH1,POWER,3.20
1765674940739,CH1,POWER,3.20
1765674940744,CH1,POWER,3.20
1765674940749,CH1,POWER,3.20
1765674940753,CH1,POWER,3.20
1765674940758,CH1,POWER,3.20
1765674940763,CH1,POWER,3.20
1765674940768,CH1,POWER,3.20
1765674940773,CH1,POWER,3.20
1765674940779,CH1,POWER,3.20
1765674940784,CH1,POWER,3.20
1765674940789,CH1,POWER,3.20
1765674940794,CH1,POWER,3.20
1765674940799,CH1,POWER,3.20
1765674940805,CH1,POWER,3.20
1765674940809,CH1,POWER,3.20
1765674940813,CH1,POWER,3.20
1765674940818,CH1,POWER,3.20
1765674940823,CH1,POWER,3.20
1765674940829,CH1,POWER,3.20
1765674940831,CH1,POWER,3.20
1765674940834,CH1,POWER,3.20
1765674940861,CH1,POWER,3.20
1765674940867,CH1,POWER,3.20
1765674940871,CH1,POWER,3.20
1765674940876,CH1,POWER,3.20
1765674940881,CH1,POWER,3.20
1765674940886,CH1,POWER,3.20
1765674940891,CH1,POWER,3.20
1765674940897,CH1,POWER,3.20
1765674940901,CH1,POWER,3.20
1765674940906,CH1,POWER,3.20
1765674940911,CH1,POWER,3.20
1765674940916,CH1,POWER,3.20
1765674940921,CH1,POWER,3.20
1765674940925,CH1,POWER,3.20
1765674940931,CH1,POWER,3.20
1765674940936,CH1,POWER,3.20
1765674940941,CH1,POWER,3.20
1765674940945,CH1,POWER,3.20
1765674940950,CH1,POWER,3.20
1765674940955,CH1,POWER,3.20
1765674940960,CH1,POWER,3.20
1765674940965,CH1,POWER,3.20
1765674940970,CH1,POWER,3.20
1765674940974,CH1,POWER,3.20
1765674940981,CH1,POWER,3.20
1765674940987,CH1,POWER,3.20
1765674940991,CH1,POWER,3.20
1765674940996,CH1,POWER,3.20
1765674941001,CH1,POWER,3.20
1765674941009,CH1,POWER,3.20
1765674941013,CH1,POWER,3.20
1765674941019,CH1,POWER,3.20
1765674941023,CH1,POWER,3.20
1765674941028,CH1,POWER,3.20
1765674941032,CH1,POWER,3.20
1765674941039,CH1,POWER,3.20
1765674941044,CH1,POWER,3.20
1765674941051,CH1,POWER,3.20
1765674941056,CH1,POWER,3.20
1765674941061,CH1,POWER,3.20
1765674941066,CH1,POWER,3.20
1765674941071,CH1,POWER,3.20
1765674941075,CH1,POWER,3.20
1765674941080,CH1,POWER,3.20
1765674941087,CH1,POWER,3.20
1765674941091,CH1,POWER,3.20
1765674941096,CH1,POWER,3.20
1765674941101,CH1,POWER,3.20
1765674941105,CH1,POWER,3.20
1765674941111,CH1,POWER,3.20
1765674941119,CH1,POWER,3.20
1765674941124,CH1,POWER,3.20
1765674941128,CH1,POWER,3.20
1765674941133,CH1,POWER,3.20
1765674941138,CH1,POWER,3.20
1765674941143,CH1,POWER,3.20
1765674941148,CH1,POWER,3.20
1765674941153,CH1,POWER,3.20
1765674941158,CH1,POWER,3.20
1765674941163,CH1,POWER,3.20
1765674941169,CH1,POWER,3.20
1765674941174,CH1,POWER,3.20
1765674941178,CH1,POWER,3.20
1765674941182,CH1,POWER,3.20
1765674941186,CH1,POWER,3.20
1765674941191,CH1,POWER,3.20
1765674941196,CH1,POWER,3.20
1765674941201,CH1,POWER,3.20
1765674941206,CH1,POWER,3.20
1765674941211,CH1,POWER,3.20
1765674941216,CH1,POWER,3.20
1765674941219,CH1,POWER,3.25
1765674941221,CH1,POWER,3.25
1765674941224,CH1,POWER,3.25
1765674941250,CH1,POWER,3.25
1765674941255,CH1,POWER,3.25
1765674941260,CH1,POWER,3.25
1765674941265,CH1,POWER,3.25
1765674941270,CH1,POWER,3.25
1765674941275,CH1,POWER,3.25
1765674941281,CH1,POWER,3.25
1765674941286,CH1,POWER,3.25
1765674941290,CH1,POWER,3.25
1765674941295,CH1,POWER,3.25
1765674941300,CH1,POWER,3.25
1765674941305,CH1,POWER,3.25
1765674941311,CH1,POWER,3.25
1765674941316,CH1,POWER,3.25
1765674941323,CH1,POWER,3.25
1765674941328,CH1,POWER,3.25
1765674941333,CH1,POWER,3.25
1765674941338,CH1,POWER,3.25
1765674941343,CH1,POWER,3.25
1765674941348,CH1,POWER,3.25
1765674941353,CH1,POWER,3.25
1765674941358,CH1,POWER,3.25
1765674941363,CH1,POWER,3.25
1765674941367,CH1,POWER,3.25
1765674941372,CH1,POWER,3.25
1765674941377,CH1,POWER,3.25
1765674941382,CH1,POWER,3.25
1765674941386,CH1,POWER,3.25
1765674941393,CH1,POWER,3.25
1765674941398,CH1,POWER,3.25
1765674941403,CH1,POWER,3.25
1765674941408,CH1,POWER,3.25
1765674941413,CH1,POWER,3.25
1765674941417,CH1,POWER,3.25
1765674941423,CH1,POWER,3.25
1765674941428,CH1,POWER,3.25
1765674941433,CH1,POWER,3.25
1765674941438,CH1,POWER,3.25
1765674941443,CH1,POWER,3.25
1765674941448,CH1,POWER,3.25
1765674941453,CH1,POWER,3.25
1765674941458,CH1,POWER,3.25
1765674941463,CH1,POWER,3.25
1765674941467,CH1,POWER,3.25
1765674941473,CH1,POWER,3.25
1765674941478,CH1,POWER,3.25
1765674941483,CH1,POWER,3.25
1765674941488,CH1,POWER,3.25
1765674941493,CH1,POWER,3.25
1765674941498,CH1,POWER,3.25
1765674941503,CH1,POWER,3.25
1765674941507,CH1,POWER,3.25
1765674941513,CH1,POWER,3.25
1765674941517,CH1,POWER,3.25
1765674941523,CH1,POWER,3.25
1765674941527,CH1,POWER,3.25
1765674941532,CH1,POWER,3.25
1765674941536,CH1,POWER,3.25
1765674941543,CH1,POWER,3.25
1765674941548,CH1,POWER,3.25
1765674941553,CH1,POWER,3.25
1765674941557,CH1,POWER,3.25
1765674941562,CH1,POWER,3.25
1765674941566,CH1,POWER,3.25
1765674941573,CH1,POWER,3.25
1765674941581,CH1,POWER,3.25
1765674941586,CH1,POWER,3.25
1765674941590,CH1,POWER,3.25
1765674941595,CH1,POWER,3.25
1765674941601,CH1,POWER,3.25
1765674941605,CH1,POWER,3.25
1765674941610,CH1,POWER,3.25
1765674941615,CH1,POWER,3.25
1765674941642,CH1,POWER,3.20
1765674941647,CH1,POWER,3.20
1765674941652,CH1,POWER,3.20
1765674941658,CH1,POWER,3.20
1765674941665,CH1,POWER,3.20
1765674941669,CH1,POWER,3.20
1765674941675,CH1,POWER,3.20
1765674941679,CH1,POWER,3.20
1765674941684,CH1,POWER,3.20
1765674941689,CH1,POWER,3.20
1765674941695,CH1,POWER,3.20
1765674941699,CH1,POWER,3.20
1765674941705,CH1,POWER,3.20
1765674941709,CH1,POWER,3.20
1765674941715,CH1,POWER,3.20
1765674941719,CH1,POWER,3.20
1765674941725,CH1,POWER,3.20
1765674941730,CH1,POWER,3.20
1765674941735,CH1,POWER,3.20
1765674941740,CH1,POWER,3.20
1765674941745,CH1,POWER,3.20
1765674941749,CH1,POWER,3.20
1765674941754,CH1,POWER,3.20
1765674941758,CH1,POWER,3.20
1765674941764,CH1,POWER,3.20
1765674941770,CH1,POWER,3.20
1765674941775,CH1,POWER,3.20
1765674941780,CH1,POWER,3.20
1765674941785,CH1,POWER,3.20
1765674941789,CH1,POWER,3.20
1765674941795,CH1,POWER,3.20
1765674941799,CH1,POWER,3.20
1765674941805,CH1,POWER,3.20
1765674941813,CH1,POWER,3.20
1765674941818,CH1,POWER,3.20
1765674941825,CH1,POWER,3.20
1765674941833,CH1,POWER,3.20
1765674941838,CH1,POWER,3.20
1765674941845,CH1,POWER,3.20
1765674941850,CH1,POWER,3.20
1765674941855,CH1,POWER,3.20
1765674941860,CH1,POWER,3.20
1765674941865,CH1,POWER,3.20
1765674941869,CH1,POWER,3.20
1765674941875,CH1,POWER,3.20
1765674941879,CH1,POWER,3.20
1765674941885,CH1,POWER,3.20
1765674941890,CH1,POWER,3.20
1765674941895,CH1,POWER,3.20
1765674941900,CH1,POWER,3.20
1765674941905,CH1,POWER,3.20
1765674941909,CH1,POWER,3.20
1765674941914,CH1,POWER,3.20
1765674941918,CH1,POWER,3.20
1765674941925,CH1,POWER,3.20
1765674941930,CH1,POWER,3.20
1765674941935,CH1,POWER,3.20
1765674941940,CH1,POWER,3.20
1765674941945,CH1,POWER,3.20
1765674941950,CH1,POWER,3.20
1765674941955,CH1,POWER,3.20
1765674941960,CH1,POWER,3.20
1765674941965,CH1,POWER,3.20
1765674941970,CH1,POWER,3.20
1765674941975,CH1,POWER,3.20
1765674941980,CH1,POWER,3.20
1765674941985,CH1,POWER,3.20
1765674941989,CH1,POWER,3.20
1765674941994,CH1,POWER,3.20
1765674941997,CH1,POWER,3.20
1765674942000,CH1,POWER,3.20
1765674942027,CH1,POWER,3.20
1765674942032,CH1,POWER,3.20
1765674942037,CH1,POWER,3.20
1765674942041,CH1,POWER,3.20
1765674942046,CH1,POWER,3.20
1765674942051,CH1,POWER,3.20
1765674942057,CH1,POWER,3.20
1765674942062,CH1,POWER,3.20
1765674942067,CH1,POWER,3.20
1765674942072,CH1,POWER,3.20
1765674942077,CH1,POWER,3.20
1765674942082,CH1,POWER,3.20
1765674942087,CH1,POWER,3.20
1765674942092,CH1,POWER,3.20
1765674942097,CH1,POWER,3.20
1765674942102,CH1,POWER,3.20
1765674942107,CH1,POWER,3.20
1765674942113,CH1,POWER,3.20
1765674942118,CH1,POWER,3.20
1765674942125,CH1,POWER,3.20
1765674942131,CH1,POWER,3.20
1765674942136,CH1,POWER,3.20
1765674942140,CH1,POWER,3.20
1765674942146,CH1,POWER,3.20
1765674942151,CH1,POWER,3.20
1765674942157,CH1,POWER,3.20
1765674942162,CH1,POWER,3.20
1765674942167,CH1,POWER,3.20
1765674942171,CH1,POWER,3.20
1765674942177,CH1,POWER,3.20
1765674942182,CH1,POWER,3.20
1765674942187,CH1,POWER,3.20
1765674942191,CH1,POWER,3.20
1765674942197,CH1,POWER,3.20
1765674942205,CH1,POWER,3.20
1765674942210,CH1,POWER,3.20
1765674942217,CH1,POWER,3.20
1765674942222,CH1,POWER,3.20
1765674942227,CH1,POWER,3.20
1765674942231,CH1,POWER,3.20
1765674942236,CH1,POWER,3.20
1765674942241,CH1,POWER,3.20
1765674942247,CH1,POWER,3.20
1765674942251,CH1,POWER,3.20
1765674942256,CH1,POWER,3.20
1765674942261,CH1,POWER,3.20
1765674942266,CH1,POWER,3.20
1765674942271,CH1,POWER,3.20
1765674942276,CH1,POWER,3.20
1765674942281,CH1,POWER,3.20
1765674942287,CH1,POWER,3.20
1765674942292,CH1,POWER,3.20
1765674942297,CH1,POWER,3.20
1765674942302,CH1,POWER,3.20
1765674942307,CH1,POWER,3.20
1765674942311,CH1,POWER,3.20
1765674942316,CH1,POWER,3.20
1765674942321,CH1,POWER,3.20
1765674942327,CH1,POWER,3.20
1765674942331,CH1,POWER,3.20
1765674942337,CH1,POWER,3.20
1765674942342,CH1,POWER,3.20
1765674942347,CH1,POWER,3.20
1765674942352,CH1,POWER,3.20
1765674942357,CH1,POWER,3.20
1765674942362,CH1,POWER,3.20
1765674942367,CH1,POWER,3.20
1765674942372,CH1,POWER,3.20
1765674942377,CH1,POWER,3.20
1765674942382,CH1,POWER,3.20
1765674942387,CH1,POWER,3.20
1765674942389,CH1,POWER,3.50
1765674942416,CH1,POWER,3.50
1765674942421,CH1,POWER,3.50
1765674942426,CH1,POWER,3.50
1765674942431,CH1,POWER,3.50
1765674942439,CH1,POWER,3.50
1765674942447,CH1,POWER,3.50
1765674942452,CH1,POWER,3.50
1765674942459,CH1,POWER,3.50
1765674942467,CH1,POWER,3.50
1765674942472,CH1,POWER,3.50
1765674942479,CH1,POWER,3.50
1765674942484,CH1,POWER,3.50
1765674942489,CH1,POWER,3.50
1765674942494,CH1,POWER,3.50
1765674942499,CH1,POWER,3.50
1765674942504,CH1,POWER,3.50
1765674942509,CH1,POWER,3.50
1765674942514,CH1,POWER,3.50
1765674942519,CH1,POWER,3.50
1765674942524,CH1,POWER,3.50
1765674942529,CH1,POWER,3.50
1765674942534,CH1,POWER,3.50
1765674942539,CH1,POWER,3.50
1765674942544,CH1,POWER,3.50
1765674942549,CH1,POWER,3.50
1765674942557,CH1,POWER,3.50
1765674942562,CH1,POWER,3.50
1765674942569,CH1,POWER,3.50
1765674942574,CH1,POWER,3.50
1765674942579,CH1,POWER,3.50
1765674942584,CH1,POWER,3.50
1765674942589,CH1,POWER,3.50
1765674942593,CH1,POWER,3.50
1765674942598,CH1,POWER,3.50
1765674942604,CH1,POWER,3.50
1765674942609,CH1,POWER,3.50
1765674942614,CH1,POWER,3.50
1765674942619,CH1,POWER,3.50
1765674942624,CH1,POWER,3.50
1765674942629,CH1,POWER,3.50
1765674942634,CH1,POWER,3.50
1765674942639,CH1,POWER,3.50
1765674942644,CH1,POWER,3.50
1765674942649,CH1,POWER,3.50
1765674942654,CH1,POWER,3.50
1765674942659,CH1,POWER,3.50
1765674942667,CH1,POWER,3.50
1765674942673,CH1,POWER,3.50
1765674942678,CH1,POWER,3.50
1765674942683,CH1,POWER,3.50
1765674942689,CH1,POWER,3.50
1765674942694,CH1,POWER,3.50
1765674942699,CH1,POWER,3.50
1765674942704,CH1,POWER,3.50
1765674942709,CH1,POWER,3.50
1765674942714,CH1,POWER,3.50
1765674942719,CH1,POWER,3.50
1765674942724,CH1,POWER,3.50
1765674942729,CH1,POWER,3.50
1765674942737,CH1,POWER,3.50
1765674942742,CH1,POWER,3.50
1765674942749,CH1,POWER,3.50
1765674942753,CH1,POWER,3.50
1765674942758,CH1,POWER,3.50
1765674942764,CH1,POWER,3.50
1765674942769,CH1,POWER,3.50
1765674942774,CH1,POWER,3.50
1765674942777,CH1,POWER,3.20
1765674942779,CH1,POWER,3.20
1765674942782,CH1,POWER,3.20
1765674942808,CH1,POWER,3.20
1765674942813,CH1,POWER,3.20
1765674942818,CH1,POWER,3.20
1765674942822,CH1,POWER,3.20
1765674942829,CH1,POWER,3.20
1765674942833,CH1,POWER,3.20
1765674942841,CH1,POWER,3.20
1765674942849,CH1,POWER,3.20
1765674942854,CH1,POWER,3.20
1765674942861,CH1,POWER,3.20
1765674942866,CH1,POWER,3.20
1765674942871,CH1,POWER,3.20
1765674942876,CH1,POWER,3.20
1765674942881,CH1,POWER,3.20
1765674942886,CH1,POWER,3.20
1765674942891,CH1,POWER,3.20
1765674942896,CH1,POWER,3.20
1765674942901,CH1,POWER,3.20
1765674942906,CH1,POWER,3.20
1765674942911,CH1,POWER,3.20
1765674942916,CH1,POWER,3.20
1765674942921,CH1,POWER,3.20
1765674942926,CH1,POWER,3.20
1765674942931,CH1,POWER,3.20
1765674942935,CH1,POWER,3.20
1765674942940,CH1,POWER,3.20
1765674942946,CH1,POWER,3.20
1765674942951,CH1,POWER,3.20
1765674942956,CH1,POWER,3.20
1765674942961,CH1,POWER,3.20
1765674942969,CH1,POWER,3.20
1765674942973,CH1,POWER,3.20
1765674942981,CH1,POWER,3.20
1765674942986,CH1,POWER,3.20
1765674942991,CH1,POWER,3.20
1765674942996,CH1,POWER,3.20
1765674943001,CH1,POWER,3.20
1765674943006,CH1,POWER,3.20
1765674943011,CH1,POWER,3.20
1765674943018,CH1,POWER,3.20
1765674943023,CH1,POWER,3.20
1765674943028,CH1,POWER,3.20
1765674943032,CH1,POWER,3.20
1765674943038,CH1,POWER,3.20
1765674943043,CH1,POWER,3.20
1765674943048,CH1,POWER,3.20
1765674943053,CH1,POWER,3.20
1765674943058,CH1,POWER,3.20
1765674943064,CH1,POWER,3.20
1765674943070,CH1,POWER,3.20
1765674943075,CH1,POWER,3.20
1765674943081,CH1,POWER,3.20
1765674943085,CH1,POWER,3.20
1765674943091,CH1,POWER,3.20
1765674943096,CH1,POWER,3.20
1765674943101,CH1,POWER,3.20
1765674943109,CH1,POWER,3.20
1765674943114,CH1,POWER,3.20
1765674943121,CH1,POWER,3.20
1765674943126,CH1,POWER,3.20
1765674943131,CH1,POWER,3.20
1765674943136,CH1,POWER,3.20
1765674943141,CH1,POWER,3.20
1765674943146,CH1,POWER,3.20
1765674943151,CH1,POWER,3.20
1765674943155,CH1,POWER,3.20
1765674943160,CH1,POWER,3.20
1765674943164,CH1,POWER,3.20
1765674943170,CH1,POWER,3.20
1765674943173,CH1,POWER,3.20
1765674943175,CH1,POWER,3.20
1765674943203,CH1,POWER,3.20
1765674943208,CH1,POWER,3.20
1765674943213,CH1,POWER,3.20
1765674943220,CH1,POWER,3.20
1765674943225,CH1,POWER,3.20
1765674943233,CH1,POWER,3.20
1765674943238,CH1,POWER,3.20
1765674943243,CH1,POWER,3.20
1765674943247,CH1,POWER,3.20
1765674943252,CH1,POWER,3.20
1765674943257,CH1,POWER,3.20
1765674943262,CH1,POWER,3.20
1765674943268,CH1,POWER,3.20
1765674943273,CH1,POWER,3.20
1765674943280,CH1,POWER,3.20
1765674943285,CH1,POWER,3.20
1765674943291,CH1,POWER,3.20
1765674943295,CH1,POWER,3.20
1765674943302,CH1,POWER,3.20
1765674943307,CH1,POWER,3.20
1765674943312,CH1,POWER,3.20
1765674943316,CH1,POWER,3.20
1765674943322,CH1,POWER,3.20
1765674943327,CH1,POWER,3.20
1765674943332,CH1,POWER,3.20
1765674943337,CH1,POWER,3.20
1765674943342,CH1,POWER,3.20
1765674943348,CH1,POWER,3.20
1765674943353,CH1,POWER,3.20
1765674943358,CH1,POWER,3.20
1765674943363,CH1,POWER,3.20
1765674943368,CH1,POWER,3.20
1765674943373,CH1,POWER,3.20
1765674943377,CH1,POWER,3.20
1765674943382,CH1,POWER,3.20
1765674943387,CH1,POWER,3.20
1765674943393,CH1,POWER,3.20
1765674943398,CH1,POWER,3.20
1765674943403,CH1,POWER,3.20
1765674943408,CH1,POWER,3.20
1765674943413,CH1,POWER,3.20
1765674943417,CH1,POWER,3.20
1765674943422,CH1,POWER,3.20
1765674943427,CH1,POWER,3.20
1765674943433,CH1,POWER,3.20
1765674943438,CH1,POWER,3.20
1765674943443,CH1,POWER,3.20
1765674943448,CH1,POWER,3.20
1765674943453,CH1,POWER,3.20
1765674943457,CH1,POWER,3.20
1765674943462,CH1,POWER,3.20
1765674943466,CH1,POWER,3.20
1765674943473,CH1,POWER,3.20
1765674943481,CH1,POWER,3.20
1765674943486,CH1,POWER,3.20
1765674943493,CH1,POWER,3.20
1765674943498,CH1,POWER,3.20
1765674943503,CH1,POWER,3.20
1765674943507,CH1,POWER,3.20
1765674943512,CH1,POWER,3.20
1765674943518,CH1,POWER,3.20
1765674943523,CH1,POWER,3.20
1765674943528,CH1,POWER,3.20
1765674943533,CH1,POWER,3.20
1765674943538,CH1,POWER,3.20
1765674943543,CH1,POWER,3.20
1765674943551,CH1,POWER,3.20
1765674943556,CH1,POWER,3.20
1765674943561,CH1,POWER,3.20
1765674943566,CH1,POWER,3.20
1765674943592,CH1,POWER,3.20
1765674943597,CH1,POWER,3.20
1765674943602,CH1,POWER,3.20
1765674943607,CH1,POWER,3.20
1765674943615,CH1,POWER,3.20
1765674943620,CH1,POWER,3.20
1765674943625,CH1,POWER,3.20
1765674943629,CH1,POWER,3.20
1765674943634,CH1,POWER,3.20
1765674943639,CH1,POWER,3.20
1765674943643,CH1,POWER,3.20
1765674943648,CH1,POWER,3.20
1765674943655,CH1,POWER,3.20
1765674943659,CH1,POWER,3.20
1765674943664,CH1,POWER,3.20
1765674943668,CH1,POWER,3.20
1765674943675,CH1,POWER,3.20
1765674943679,CH1,POWER,3.20
1765674943684,CH1,POWER,3.20
1765674943688,CH1,POWER,3.20
1765674943695,CH1,POWER,3.20
1765674943700,CH1,POWER,3.20
1765674943705,CH1,POWER,3.20
1765674943710,CH1,POWER,3.20
1765674943715,CH1,POWER,3.20
1765674943720,CH1,POWER,3.20
1765674943725,CH1,POWER,3.20
1765674943730,CH1,POWER,3.20
1765674943735,CH1,POWER,3.20
1765674943743,CH1,POWER,3.20
1765674943748,CH1,POWER,3.20
1765674943754,CH1,POWER,3.20
1765674943759,CH1,POWER,3.20
1765674943764,CH1,POWER,3.20
1765674943769,CH1,POWER,3.20
1765674943775,CH1,POWER,3.20
1765674943780,CH1,POWER,3.20
1765674943785,CH1,POWER,3.20
1765674943790,CH1,POWER,3.20
1765674943795,CH1,POWER,3.20
1765674943799,CH1,POWER,3.20
1765674943804,CH1,POWER,3.20
1765674943808,CH1,POWER,3.20
1765674943815,CH1,POWER,3.20
1765674943819,CH1,POWER,3.20
1765674943824,CH1,POWER,3.20
1765674943829,CH1,POWER,3.20
1765674943835,CH1,POWER,3.20
1765674943843,CH1,POWER,3.20
1765674943848,CH1,POWER,3.20
1765674943855,CH1,POWER,3.20
1765674943859,CH1,POWER,3.20
1765674943864,CH1,POWER,3.20
1765674943870,CH1,POWER,3.20
1765674943875,CH1,POWER,3.20
1765674943880,CH1,POWER,3.20
1765674943885,CH1,POWER,3.20
1765674943890,CH1,POWER,3.20
1765674943895,CH1,POWER,3.20
1765674943903,CH1,POWER,3.20
1765674943908,CH1,POWER,3.20
1765674943914,CH1,POWER,3.20
1765674943919,CH1,POWER,3.20
1765674943924,CH1,POWER,3.20
1765674943929,CH1,POWER,3.20
1765674943934,CH1,POWER,3.20
1765674943939,CH1,POWER,3.20
1765674943945,CH1,POWER,3.20
1765674943950,CH1,POWER,3.20
1765674943954,CH1,POWER,3.20
1765674943959,CH1,POWER,3.20
1765674943986,CH1,POWER,3.60
1765674943991,CH1,POWER,3.60
1765674943996,CH1,POWER,3.60
1765674944000,CH1,POWER,3.60
1765674944007,CH1,POWER,3.60
1765674944012,CH1,POWER,3.60
1765674944017,CH1,POWER,3.60
1765674944022,CH1,POWER,3.60
1765674944027,CH1,POWER,3.60
1765674944031,CH1,POWER,3.60
1765674944035,CH1,POWER,3.60
1765674944040,CH1,POWER,3.60
1765674944044,CH1,POWER,3.60
1765674944049,CH1,POWER,3.60
1765674944057,CH1,POWER,3.60
1765674944062,CH1,POWER,3.60
1765674944067,CH1,POWER,3.60
1765674944075,CH1,POWER,3.60
1765674944080,CH1,POWER,3.60
1765674944086,CH1,POWER,3.60
1765674944091,CH1,POWER,3.60
1765674944096,CH1,POWER,3.60
1765674944101,CH1,POWER,3.60
1765674944107,CH1,POWER,3.60
1765674944112,CH1,POWER,3.60
1765674944117,CH1,POWER,3.60
1765674944122,CH1,POWER,3.60
1765674944127,CH1,POWER,3.60
1765674944135,CH1,POWER,3.60
1765674944140,CH1,POWER,3.60
1765674944147,CH1,POWER,3.60
1765674944152,CH1,POWER,3.60
1765674944157,CH1,POWER,3.60
1765674944162,CH1,POWER,3.60
1765674944167,CH1,POWER,3.60
1765674944174,CH1,POWER,3.60
1765674944179,CH1,POWER,3.60
1765674944186,CH1,POWER,3.60
1765674944191,CH1,POWER,3.60
1765674944196,CH1,POWER,3.60
1765674944201,CH1,POWER,3.60
1765674944206,CH1,POWER,3.60
1765674944211,CH1,POWER,3.60
1765674944217,CH1,POWER,3.60
1765674944222,CH1,POWER,3.60
1765674944227,CH1,POWER,3.60
1765674944235,CH1,POWER,3.60
1765674944241,CH1,POWER,3.60
1765674944246,CH1,POWER,3.60
1765674944250,CH1,POWER,3.60
1765674944257,CH1,POWER,3.60
1765674944262,CH1,POWER,3.60
1765674944267,CH1,POWER,3.60
1765674944271,CH1,POWER,3.60
1765674944276,CH1,POWER,3.60
1765674944281,CH1,POWER,3.60
1765674944285,CH1,POWER,3.60
1765674944289,CH1,POWER,3.60
1765674944294,CH1,POWER,3.60
1765674944298,CH1,POWER,3.60
1765674944305,CH1,POWER,3.60
1765674944310,CH1,POWER,3.60
1765674944317,CH1,POWER,3.60
1765674944325,CH1,POWER,3.60
1765674944330,CH1,POWER,3.60
1765674944337,CH1,POWER,3.60
1765674944342,CH1,POWER,3.60
1765674944346,CH1,POWER,3.60
1765674944349,CH1,POWER,3.25
1765674944351,CH1,POWER,3.25
1765674944379,CH1,POWER,3.25
1765674944384,CH1,POWER,3.25
1765674944388,CH1,POWER,3.25
1765674944393,CH1,POWER,3.25
1765674944398,CH1,POWER,3.25
1765674944403,CH1,POWER,3.25
1765674944408,CH1,POWER,3.25
1765674944413,CH1,POWER,3.25
1765674944417,CH1,POWER,3.25
1765674944422,CH1,POWER,3.25
1765674944425,CH1,POWER,3.25
1765674944430,CH1,POWER,3.25
1765674944436,CH1,POWER,3.25
1765674944441,CH1,POWER,3.25
1765674944449,CH1,POWER,3.25
1765674944454,CH1,POWER,3.25
1765674944459,CH1,POWER,3.25
1765674944464,CH1,POWER,3.25
1765674944468,CH1,POWER,3.25
1765674944473,CH1,POWER,3.25
1765674944478,CH1,POWER,3.25
1765674944483,CH1,POWER,3.25
1765674944488,CH1,POWER,3.25
1765674944493,CH1,POWER,3.25
1765674944498,CH1,POWER,3.25
1765674944502,CH1,POWER,3.25
1765674944508,CH1,POWER,3.25
1765674944513,CH1,POWER,3.25
1765674944517,CH1,POWER,3.25
1765674944522,CH1,POWER,3.25
1765674944529,CH1,POWER,3.25
1765674944534,CH1,POWER,3.25
1765674944539,CH1,POWER,3.25
1765674944542,CH1,POWER,3.25
1765674944549,CH1,POWER,3.25
1765674944557,CH1,POWER,3.25
1765674944562,CH1,POWER,3.25
1765674944568,CH1,POWER,3.25
1765674944573,CH1,POWER,3.25
1765674944577,CH1,POWER,3.25
1765674944582,CH1,POWER,3.25
1765674944589,CH1,POWER,3.25
1765674944594,CH1,POWER,3.25
1765674944599,CH1,POWER,3.25
1765674944607,CH1,POWER,3.25
1765674944613,CH1,POWER,3.25
1765674944618,CH1,POWER,3.25
1765674944623,CH1,POWER,3.25
1765674944628,CH1,POWER,3.25
1765674944631,CH1,POWER,3.25
1765674944635,CH1,POWER,3.25
1765674944639,CH1,POWER,3.25
1765674944648,CH1,POWER,3.25
1765674944653,CH1,POWER,3.25
1765674944658,CH1,POWER,3.25
1765674944663,CH1,POWER,3.25
1765674944667,CH1,POWER,3.25
1765674944672,CH1,POWER,3.25
1765674944678,CH1,POWER,3.25
1765674944682,CH1,POWER,3.25
1765674944689,CH1,POWER,3.25
1765674944694,CH1,POWER,3.25
1765674944699,CH1,POWER,3.25
1765674944704,CH1,POWER,3.25
1765674944709,CH1,POWER,3.25
1765674944717,CH1,POWER,3.25
1765674944722,CH1,POWER,3.25
1765674944728,CH1,POWER,3.25
1765674944733,CH1,POWER,3.25
1765674944737,CH1,POWER,3.25
1765674944740,CH1,POWER,3.25
1765674944742,CH1,POWER,3.25
1765674944770,CH1,POWER,3.25
1765674944775,CH1,POWER,3.25
1765674944780,CH1,POWER,3.25
1765674944786,CH1,POWER,3.25
1765674944790,CH1,POWER,3.25
1765674944794,CH1,POWER,3.25
1765674944800,CH1,POWER,3.25
1765674944805,CH1,POWER,3.25
1765674944810,CH1,POWER,3.25
1765674944814,CH1,POWER,3.25
1765674944821,CH1,POWER,3.25
1765674944826,CH1,POWER,3.25
1765674944830,CH1,POWER,3.25
1765674944835,CH1,POWER,3.25
1765674944839,CH1,POWER,3.25
1765674944844,CH1,POWER,3.25
1765674944851,CH1,POWER,3.25
1765674944856,CH1,POWER,3.25
1765674944861,CH1,POWER,3.25
1765674944866,CH1,POWER,3.25
1765674944871,CH1,POWER,3.25
1765674944876,CH1,POWER,3.25
1765674944880,CH1,POWER,3.25
1765674944885,CH1,POWER,3.25
1765674944890,CH1,POWER,3.25
1765674944896,CH1,POWER,3.25
1765674944901,CH1,POWER,3.25
1765674944906,CH1,POWER,3.25
1765674944910,CH1,POWER,3.25
1765674944916,CH1,POWER,3.25
1765674944921,CH1,POWER,3.25
1765674944926,CH1,POWER,3.25
1765674944931,CH1,POWER,3.25
1765674944936,CH1,POWER,3.25
1765674944940,CH1,POWER,3.25
1765674944945,CH1,POWER,3.25
1765674944949,CH1,POWER,3.25
1765674944956,CH1,POWER,3.25
1765674944960,CH1,POWER,3.25
1765674944964,CH1,POWER,3.25
1765674944970,CH1,POWER,3.25
1765674944974,CH1,POWER,3.25
1765674944980,CH1,POWER,3.25
1765674944986,CH1,POWER,3.25
1765674944990,CH1,POWER,3.25
1765674944995,CH1,POWER,3.25
1765674944999,CH1,POWER,3.25
1765674945004,CH1,POWER,3.25
1765674945011,CH1,POWER,3.25
1765674945016,CH1,POWER,3.25
1765674945020,CH1,POWER,3.25
1765674945025,CH1,POWER,3.25
1765674945030,CH1,POWER,3.25
1765674945034,CH1,POWER,3.25
1765674945041,CH1,POWER,3.25
1765674945046,CH1,POWER,3.25
1765674945050,CH1,POWER,3.25
1765674945056,CH1,POWER,3.25
1765674945060,CH1,POWER,3.25
1765674945065,CH1,POWER,3.25
1765674945069,CH1,POWER,3.25
1765674945074,CH1,POWER,3.25
1765674945081,CH1,POWER,3.25
1765674945086,CH1,POWER,3.25
1765674945091,CH1,POWER,3.25
1765674945096,CH1,POWER,3.25
1765674945100,CH1,POWER,3.25
1765674945109,CH1,POWER,3.25
1765674945114,CH1,POWER,3.25
1765674945121,CH1,POWER,3.25
1765674945126,CH1,POWER,3.25
1765674945130,CH1,POWER,3.25
1765674945134,CH1,POWER,3.25
1765674945162,CH1,POWER,3.25
1765674945166,CH1,POWER,3.25
1765674945173,CH1,POWER,3.25
1765674945180,CH1,POWER,3.25
1765674945186,CH1,POWER,3.25
1765674945192,CH1,POWER,3.25
1765674945198,CH1,POWER,3.25
1765674945203,CH1,POWER,3.25
1765674945208,CH1,POWER,3.25
1765674945213,CH1,POWER,3.25
1765674945221,CH1,POWER,3.25
1765674945225,CH1,POWER,3.25
1765674945229,CH1,POWER,3.25
1765674945233,CH1,POWER,3.25
1765674945238,CH1,POWER,3.25
1765674945242,CH1,POWER,3.25
1765674945248,CH1,POWER,3.25
1765674945252,CH1,POWER,3.25
1765674945256,CH1,POWER,3.25
1765674945262,CH1,POWER,3.25
1765674945268,CH1,POWER,3.25
1765674945273,CH1,POWER,3.25
1765674945278,CH1,POWER,3.25
1765674945283,CH1,POWER,3.25
1765674945288,CH1,POWER,3.25
1765674945292,CH1,POWER,3.25
1765674945296,CH1,POWER,3.25
1765674945302,CH1,POWER,3.25
1765674945306,CH1,POWER,3.25
1765674945312,CH1,POWER,3.25
1765674945318,CH1,POWER,3.25
1765674945323,CH1,POWER,3.25
1765674945331,CH1,POWER,3.25
1765674945336,CH1,POWER,3.25
1765674945343,CH1,POWER,3.25
1765674945348,CH1,POWER,3.25
1765674945353,CH1,POWER,3.25
1765674945358,CH1,POWER,3.25
1765674945362,CH1,POWER,3.25
1765674945370,CH1,POWER,3.25
1765674945375,CH1,POWER,3.25
1765674945383,CH1,POWER,3.25
1765674945388,CH1,POWER,3.25
1765674945393,CH1,POWER,3.25
1765674945398,CH1,POWER,3.25
1765674945402,CH1,POWER,3.25
1765674945407,CH1,POWER,3.25
1765674945411,CH1,POWER,3.25
1765674945416,CH1,POWER,3.25
1765674945422,CH1,POWER,3.25
1765674945427,CH1,POWER,3.25
1765674945433,CH1,POWER,3.25
1765674945438,CH1,POWER,3.25
1765674945443,CH1,POWER,3.25
1765674945448,CH1,POWER,3.25
1765674945453,CH1,POWER,3.25
1765674945458,CH1,POWER,3.25
1765674945462,CH1,POWER,3.25
1765674945466,CH1,POWER,3.25
1765674945472,CH1,POWER,3.25
1765674945476,CH1,POWER,3.25
1765674945483,CH1,POWER,3.25
1765674945488,CH1,POWER,3.25
1765674945492,CH1,POWER,3.25
1765674945496,CH1,POWER,3.25
1765674945503,CH1,POWER,3.25
1765674945508,CH1,POWER,3.25
1765674945511,CH1,POWER,3.25
1765674945514,CH1,POWER,3.25
1765674945516,CH1,POWER,3.25
1765674945544,CH1,POWER,3.25
1765674945549,CH1,POWER,3.25
1765674945553,CH1,POWER,3.25
1765674945557,CH1,POWER,3.25
1765674945564,CH1,POWER,3.25
1765674945569,CH1,POWER,3.25
1765674945574,CH1,POWER,3.25
1765674945578,CH1,POWER,3.25
1765674945584,CH1,POWER,3.25
1765674945589,CH1,POWER,3.25
1765674945593,CH1,POWER,3.25
1765674945598,CH1,POWER,3.25
1765674945605,CH1,POWER,3.25
1765674945610,CH1,POWER,3.25
1765674945615,CH1,POWER,3.25
1765674945620,CH1,POWER,3.25
1765674945624,CH1,POWER,3.25
1765674945629,CH1,POWER,3.25
1765674945633,CH1,POWER,3.25
1765674945637,CH1,POWER,3.25
1765674945644,CH1,POWER,3.25
1765674945648,CH1,POWER,3.25
1765674945654,CH1,POWER,3.25
1765674945658,CH1,POWER,3.25
1765674945664,CH1,POWER,3.25
1765674945673,CH1,POWER,3.25
1765674945678,CH1,POWER,3.25
1765674945684,CH1,POWER,3.25
1765674945688,CH1,POWER,3.25
1765674945694,CH1,POWER,3.25
1765674945699,CH1,POWER,3.25
1765674945703,CH1,POWER,3.25
1765674945707,CH1,POWER,3.25
1765674945711,CH1,POWER,3.25
1765674945715,CH1,POWER,3.25
1765674945720,CH1,POWER,3.25
1765674945724,CH1,POWER,3.25
1765674945728,CH1,POWER,3.25
1765674945734,CH1,POWER,3.25
1765674945738,CH1,POWER,3.25
1765674945744,CH1,POWER,3.25
1765674945748,CH1,POWER,3.25
1765674945754,CH1,POWER,3.25
1765674945758,CH1,POWER,3.25
1765674945764,CH1,POWER,3.25
1765674945768,CH1,POWER,3.25
1765674945775,CH1,POWER,3.25
1765674945780,CH1,POWER,3.25
1765674945785,CH1,POWER,3.25
1765674945790,CH1,POWER,3.25
1765674945794,CH1,POWER,3.25
1765674945799,CH1,POWER,3.25
1765674945803,CH1,POWER,3.25
1765674945807,CH1,POWER,3.25
1765674945814,CH1,POWER,3.25
1765674945819,CH1,POWER,3.25
1765674945823,CH1,POWER,3.25
1765674945830,CH1,POWER,3.25
1765674945834,CH1,POWER,3.25
1765674945839,CH1,POWER,3.25
1765674945843,CH1,POWER,3.25
1765674945849,CH1,POWER,3.25
1765674945853,CH1,POWER,3.25
1765674945858,CH1,POWER,3.25
1765674945864,CH1,POWER,3.25
1765674945873,CH1,POWER,3.25
1765674945878,CH1,POWER,3.25
1765674945884,CH1,POWER,3.25
1765674945889,CH1,POWER,3.25
1765674945893,CH1,POWER,3.25
1765674945897,CH1,POWER,3.25
1765674945904,CH1,POWER,3.25
1765674945908,CH1,POWER,3.25
1765674945915,CH1,POWER,3.25
1765674945918,CH1,POWER,3.25
1765674945944,CH1,POWER,3.25
1765674945949,CH1,POWER,3.25
1765674945953,CH1,POWER,3.25
1765674945957,CH1,POWER,3.25
1765674945963,CH1,POWER,3.25
1765674945967,CH1,POWER,3.25
1765674945972,CH1,POWER,3.25
1765674945976,CH1,POWER,3.25
1765674945980,CH1,POWER,3.25
1765674945986,CH1,POWER,3.25
1765674945991,CH1,POWER,3.25
1765674945995,CH1,POWER,3.25
1765674945999,CH1,POWER,3.25
1765674946005,CH1,POWER,3.25
1765674946009,CH1,POWER,3.25
1765674946013,CH1,POWER,3.25
1765674946018,CH1,POWER,3.25
1765674946024,CH1,POWER,3.25
1765674946030,CH1,POWER,3.25
1765674946037,CH1,POWER,3.25
1765674946042,CH1,POWER,3.25
1765674946046,CH1,POWER,3.25
1765674946050,CH1,POWER,3.25
1765674946056,CH1,POWER,3.25
1765674946064,CH1,POWER,3.25
1765674946069,CH1,POWER,3.25
1765674946073,CH1,POWER,3.25
1765674946079,CH1,POWER,3.25
1765674946087,CH1,POWER,3.25
1765674946092,CH1,POWER,3.25
1765674946097,CH1,POWER,3.25
1765674946102,CH1,POWER,3.25
1765674946107,CH1,POWER,3.25
1765674946112,CH1,POWER,3.25
1765674946116,CH1,POWER,3.25
1765674946120,CH1,POWER,3.25
1765674946127,CH1,POWER,3.25
1765674946132,CH1,POWER,3.25
1765674946137,CH1,POWER,3.25
1765674946142,CH1,POWER,3.25
1765674946146,CH1,POWER,3.25
1765674946150,CH1,POWER,3.25
1765674946157,CH1,POWER,3.25
1765674946162,CH1,POWER,3.25
1765674946166,CH1,POWER,3.25
1765674946172,CH1,POWER,3.25
1765674946176,CH1,POWER,3.25
1765674946184,CH1,POWER,3.25
1765674946189,CH1,POWER,3.25
1765674946193,CH1,POWER,3.25
1765674946197,CH1,POWER,3.25
1765674946204,CH1,POWER,3.25
1765674946210,CH1,POWER,3.25
1765674946216,CH1,POWER,3.25
1765674946220,CH1,POWER,3.25
1765674946226,CH1,POWER,3.25
1765674946230,CH1,POWER,3.25
1765674946236,CH1,POWER,3.25
1765674946240,CH1,POWER,3.25
1765674946246,CH1,POWER,3.25
1765674946250,CH1,POWER,3.25
1765674946257,CH1,POWER,3.25
1765674946262,CH1,POWER,3.25
1765674946266,CH1,POWER,3.25
1765674946271,CH1,POWER,3.25
1765674946275,CH1,POWER,3.25
1765674946282,CH1,POWER,3.25
1765674946287,CH1,POWER,3.25
1765674946292,CH1,POWER,3.25
1765674946296,CH1,POWER,3.25
1765674946301,CH1,POWER,3.25
1765674946305,CH1,POWER,3.25
1765674946310,CH1,POWER,3.25
1765674946317,CH1,POWER,3.25
1765674946319,CH1,POWER,2.95
1765674946345,CH1,POWER,2.95
1765674946352,CH1,POWER,2.95
1765674946358,CH1,POWER,2.95
1765674946363,CH1,POWER,2.95
1765674946367,CH1,POWER,2.95
1765674946372,CH1,POWER,2.95
1765674946378,CH1,POWER,2.95
1765674946382,CH1,POWER,2.95
1765674946389,CH1,POWER,2.95
1765674946394,CH1,POWER,2.95
1765674946398,CH1,POWER,2.95
1765674946403,CH1,POWER,2.95
1765674946407,CH1,POWER,2.95
1765674946412,CH1,POWER,2.95
1765674946418,CH1,POWER,2.95
1765674946423,CH1,POWER,2.95
1765674946427,CH1,POWER,2.95
1765674946434,CH1,POWER,2.95
1765674946439,CH1,POWER,2.95
1765674946444,CH1,POWER,2.95
1765674946448,CH1,POWER,2.95
1765674946457,CH1,POWER,2.95
1765674946461,CH1,POWER,2.95
1765674946468,CH1,POWER,2.95
1765674946472,CH1,POWER,2.95
1765674946478,CH1,POWER,2.95
1765674946482,CH1,POWER,2.95
1765674946488,CH1,POWER,2.95
1765674946494,CH1,POWER,2.95
1765674946498,CH1,POWER,2.95
1765674946503,CH1,POWER,2.95
1765674946507,CH1,POWER,2.95
1765674946511,CH1,POWER,2.95
1765674946515,CH1,POWER,2.95
1765674946521,CH1,POWER,2.95
1765674946525,CH1,POWER,2.95
1765674946529,CH1,POWER,2.95
1765674946536,CH1,POWER,2.95
1765674946541,CH1,POWER,2.95
1765674946549,CH1,POWER,2.95
1765674946554,CH1,POWER,2.95
1765674946558,CH1,POWER,2.95
1765674946564,CH1,POWER,2.95
1765674946568,CH1,POWER,2.95
1765674946573,CH1,POWER,2.95
1765674946577,CH1,POWER,2.95
1765674946582,CH1,POWER,2.95
1765674946588,CH1,POWER,2.95
1765674946594,CH1,POWER,2.95
1765674946598,CH1,POWER,2.95
1765674946606,CH1,POWER,2.95
1765674946611,CH1,POWER,2.95
1765674946615,CH1,POWER,2.95
1765674946621,CH1,POWER,2.95
1765674946625,CH1,POWER,2.95
1765674946629,CH1,POWER,2.95
1765674946635,CH1,POWER,2.95
1765674946640,CH1,POWER,2.95
1765674946645,CH1,POWER,2.95
1765674946649,CH1,POWER,2.95
1765674946656,CH1,POWER,2.95
1765674946660,CH1,POWER,2.95
1765674946665,CH1,POWER,2.95
1765674946671,CH1,POWER,2.95
1765674946677,CH1,POWER,2.95
1765674946682,CH1,POWER,2.95
1765674946688,CH1,POWER,2.95
1765674946692,CH1,POWER,2.95
1765674946698,CH1,POWER,2.95
1765674946703,CH1,POWER,2.95
1765674946707,CH1,POWER,2.95
1765674946714,CH1,POWER,2.95
1765674946717,CH1,POWER,2.50
1765674946719,CH1,POWER,2.50
1765674946722,CH1,POWER,2.50
1765674946748,CH1,POWER,2.50
1765674946752,CH1,POWER,2.50
1765674946757,CH1,POWER,2.50
1765674946761,CH1,POWER,2.50
1765674946766,CH1,POWER,2.50
1765674946770,CH1,POWER,2.50
1765674946774,CH1,POWER,2.50
1765674946781,CH1,POWER,2.50
1765674946786,CH1,POWER,2.50
1765674946790,CH1,POWER,2.50
1765674946798,CH1,POWER,2.50
1765674946804,CH1,POWER,2.50
1765674946809,CH1,POWER,2.50
1765674946816,CH1,POWER,2.50
1765674946820,CH1,POWER,2.50
1765674946825,CH1,POWER,2.50
1765674946829,CH1,POWER,2.50
1765674946833,CH1,POWER,2.50
1765674946839,CH1,POWER,2.50
1765674946844,CH1,POWER,2.50
1765674946850,CH1,POWER,2.50
1765674946856,CH1,POWER,2.50
1765674946860,CH1,POWER,2.50
1765674946865,CH1,POWER,2.50
1765674946869,CH1,POWER,2.50
1765674946876,CH1,POWER,2.50
1765674946880,CH1,POWER,2.50
1765674946884,CH1,POWER,2.50
1765674946889,CH1,POWER,2.50
1765674946894,CH1,POWER,2.50
1765674946900,CH1,POWER,2.50
1765674946906,CH1,POWER,2.50
1765674946910,CH1,POWER,2.50
1765674946916,CH1,POWER,2.50
1765674946920,CH1,POWER,2.50
1765674946928,CH1,POWER,2.50
1765674946934,CH1,POWER,2.50
1765674946939,CH1,POWER,2.50
1765674946946,CH1,POWER,2.50
1765674946950,CH1,POWER,2.50
1765674946956,CH1,POWER,2.50
1765674946960,CH1,POWER,2.50
1765674946966,CH1,POWER,2.50
1765674946970,CH1,POWER,2.50
1765674946974,CH1,POWER,2.50
1765674946980,CH1,POWER,2.50
1765674946986,CH1,POWER,2.50
1765674946990,CH1,POWER,2.50
1765674946994,CH1,POWER,2.50
1765674947000,CH1,POWER,2.50
1765674947004,CH1,POWER,2.50
1765674947010,CH1,POWER,2.50
1765674947015,CH1,POWER,2.50
1765674947019,CH1,POWER,2.50
1765674947023,CH1,POWER,2.50
1765674947030,CH1,POWER,2.50
1765674947039,CH1,POWER,2.50
1765674947043,CH1,POWER,2.50
1765674947051,CH1,POWER,2.50
1765674947056,CH1,POWER,2.50
1765674947061,CH1,POWER,2.50
1765674947066,CH1,POWER,2.50
1765674947071,CH1,POWER,2.50
1765674947076,CH1,POWER,2.50
1765674947080,CH1,POWER,2.50
1765674947088,CH1,POWER,2.50
1765674947094,CH1,POWER,2.50
1765674947100,CH1,POWER,2.50
1765674947106,CH1,POWER,2.50
1765674947110,CH1,POWER,2.50
1765674947115,CH1,POWER,2.75
1765674947142,CH1,POWER,2.75
1765674947148,CH1,POWER,2.75
1765674947152,CH1,POWER,2.75
1765674947156,CH1,POWER,2.75
1765674947162,CH1,POWER,2.75
1765674947168,CH1,POWER,2.75
1765674947172,CH1,POWER,2.75
1765674947176,CH1,POWER,2.75
1765674947182,CH1,POWER,2.75
1765674947187,CH1,POWER,2.75
1765674947191,CH1,POWER,2.75
1765674947196,CH1,POWER,2.75
1765674947202,CH1,POWER,2.75
1765674947210,CH1,POWER,2.75
1765674947215,CH1,POWER,2.75
1765674947222,CH1,POWER,2.75
1765674947226,CH1,POWER,2.75
1765674947232,CH1,POWER,2.75
1765674947236,CH1,POWER,2.75
1765674947241,CH1,POWER,2.75
1765674947245,CH1,POWER,2.75
1765674947249,CH1,POWER,2.75
1765674947255,CH1,POWER,2.75
1765674947259,CH1,POWER,2.75
1765674947265,CH1,POWER,2.75
1765674947272,CH1,POWER,2.75
1765674947278,CH1,POWER,2.75
1765674947283,CH1,POWER,2.75
1765674947288,CH1,POWER,2.75
1765674947292,CH1,POWER,2.75
1765674947298,CH1,POWER,2.75
1765674947302,CH1,POWER,2.75
1765674947306,CH1,POWER,2.75
1765674947312,CH1,POWER,2.75
1765674947320,CH1,POWER,2.75
1765674947325,CH1,POWER,2.75
1765674947329,CH1,POWER,2.75
1765674947335,CH1,POWER,2.75
1765674947342,CH1,POWER,2.75
1765674947348,CH1,POWER,2.75
1765674947352,CH1,POWER,2.75
1765674947358,CH1,POWER,2.75
1765674947362,CH1,POWER,2.75
1765674947370,CH1,POWER,2.75
1765674947375,CH1,POWER,2.75
1765674947382,CH1,POWER,2.75
1765674947386,CH1,POWER,2.75
1765674947391,CH1,POWER,2.75
1765674947398,CH1,POWER,2.75
1765674947403,CH1,POWER,2.75
1765674947408,CH1,POWER,2.75
1765674947412,CH1,POWER,2.75
1765674947420,CH1,POWER,2.75
1765674947425,CH1,POWER,2.75
1765674947429,CH1,POWER,2.75
1765674947433,CH1,POWER,2.75
1765674947439,CH1,POWER,2.75
1765674947446,CH1,POWER,2.75
1765674947452,CH1,POWER,2.75
1765674947456,CH1,POWER,2.75
1765674947462,CH1,POWER,2.75
1765674947466,CH1,POWER,2.75
1765674947472,CH1,POWER,2.75
1765674947478,CH1,POWER,2.75
1765674947482,CH1,POWER,2.75
1765674947486,CH1,POWER,2.75
1765674947492,CH1,POWER,2.75
1765674947496,CH1,POWER,2.75
1765674947502,CH1,POWER,2.75
1765674947506,CH1,POWER,3.20
1765674947533,CH1,POWER,3.20
1765674947538,CH1,POWER,3.20
1765674947543,CH1,POWER,3.20
1765674947548,CH1,POWER,3.20
1765674947553,CH1,POWER,3.20
1765674947558,CH1,POWER,3.20
1765674947564,CH1,POWER,3.20
1765674947568,CH1,POWER,3.20
1765674947574,CH1,POWER,3.20
1765674947578,CH1,POWER,3.20
1765674947584,CH1,POWER,3.20
1765674947588,CH1,POWER,3.20
1765674947594,CH1,POWER,3.20
1765674947600,CH1,POWER,3.20
1765674947604,CH1,POWER,3.20
1765674947610,CH1,POWER,3.20
1765674947614,CH1,POWER,3.20
1765674947618,CH1,POWER,3.20
1765674947625,CH1,POWER,3.20
1765674947630,CH1,POWER,3.20
1765674947634,CH1,POWER,3.20
1765674947640,CH1,POWER,3.20
1765674947644,CH1,POWER,3.20
1765674947648,CH1,POWER,3.20
1765674947654,CH1,POWER,3.20
1765674947658,CH1,POWER,3.20
1765674947664,CH1,POWER,3.20
1765674947670,CH1,POWER,3.20
1765674947674,CH1,POWER,3.20
1765674947680,CH1,POWER,3.20
1765674947684,CH1,POWER,3.20
1765674947688,CH1,POWER,3.20
1765674947694,CH1,POWER,3.20
1765674947698,CH1,POWER,3.20
1765674947704,CH1,POWER,3.20
1765674947710,CH1,POWER,3.20
1765674947714,CH1,POWER,3.20
1765674947720,CH1,POWER,3.20
1765674947724,CH1,POWER,3.20
1765674947728,CH1,POWER,3.20
1765674947733,CH1,POWER,3.20
1765674947738,CH1,POWER,3.20
1765674947744,CH1,POWER,3.20
1765674947750,CH1,POWER,3.20
1765674947754,CH1,POWER,3.20
1765674947758,CH1,POWER,3.20
1765674947764,CH1,POWER,3.20
1765674947770,CH1,POWER,3.20
1765674947774,CH1,POWER,3.20
1765674947780,CH1,POWER,3.20
1765674947784,CH1,POWER,3.20
1765674947790,CH1,POWER,3.20
1765674947794,CH1,POWER,3.20
1765674947798,CH1,POWER,3.20
1765674947804,CH1,POWER,3.20
1765674947808,CH1,POWER,3.20
1765674947814,CH1,POWER,3.20
1765674947818,CH1,POWER,3.20
1765674947824,CH1,POWER,3.20
1765674947830,CH1,POWER,3.20
1765674947834,CH1,POWER,3.20
1765674947840,CH1,POWER,3.20
1765674947844,CH1,POWER,3.20
1765674947850,CH1,POWER,3.20
1765674947854,CH1,POWER,3.20
1765674947858,CH1,POWER,3.20
1765674947863,CH1,POWER,3.20
1765674947870,CH1,POWER,3.20
1765674947874,CH1,POWER,3.20
1765674947878,CH1,POWER,3.20
1765674947884,CH1,POWER,3.20
1765674947890,CH1,POWER,3.20
1765674947893,CH1,POWER,3.30
1765674947896,CH1,POWER,3.30
1765674947899,CH1,POWER,3.30
1765674947926,CH1,POWER,3.30
1765674947932,CH1,POWER,3.30
1765674947936,CH1,POWER,3.30
1765674947940,CH1,POWER,3.30
1765674947946,CH1,POWER,3.30
1765674947952,CH1,POWER,3.30
1765674947956,CH1,POWER,3.30
1765674947960,CH1,POWER,3.30
1765674947966,CH1,POWER,3.30
1765674947972,CH1,POWER,3.30
1765674947976,CH1,POWER,3.30
1765674947982,CH1,POWER,3.30
1765674947986,CH1,POWER,3.30
1765674947992,CH1,POWER,3.30
1765674947996,CH1,POWER,3.30
1765674948000,CH1,POWER,3.30
1765674948006,CH1,POWER,3.30
1765674948010,CH1,POWER,3.30
1765674948016,CH1,POWER,3.30
1765674948020,CH1,POWER,3.30
1765674948026,CH1,POWER,3.30
1765674948034,CH1,POWER,3.30
1765674948039,CH1,POWER,3.30
1765674948043,CH1,POWER,3.30
1765674948048,CH1,POWER,3.30
1765674948056,CH1,POWER,3.30
1765674948062,CH1,POWER,3.30
1765674948066,CH1,POWER,3.30
1765674948070,CH1,POWER,3.30
1765674948076,CH1,POWER,3.30
1765674948082,CH1,POWER,3.30
1765674948086,CH1,POWER,3.30
1765674948090,CH1,POWER,3.30
1765674948095,CH1,POWER,3.30
1765674948099,CH1,POWER,3.30
1765674948105,CH1,POWER,3.30
1765674948109,CH1,POWER,3.30
1765674948113,CH1,POWER,3.30
1765674948118,CH1,POWER,3.30
1765674948126,CH1,POWER,3.30
1765674948132,CH1,POWER,3.30
1765674948136,CH1,POWER,3.30
1765674948140,CH1,POWER,3.30
1765674948146,CH1,POWER,3.30
1765674948152,CH1,POWER,3.30
1765674948156,CH1,POWER,3.30
1765674948160,CH1,POWER,3.30
1765674948166,CH1,POWER,3.30
1765674948172,CH1,POWER,3.30
1765674948176,CH1,POWER,3.30
1765674948182,CH1,POWER,3.30
1765674948186,CH1,POWER,3.30
1765674948190,CH1,POWER,3.30
1765674948195,CH1,POWER,3.30
1765674948200,CH1,POWER,3.30
1765674948206,CH1,POWER,3.30
1765674948212,CH1,POWER,3.30
1765674948216,CH1,POWER,3.30
1765674948222,CH1,POWER,3.30
1765674948226,CH1,POWER,3.30
1765674948230,CH1,POWER,3.30
1765674948235,CH1,POWER,3.30
1765674948239,CH1,POWER,3.30
1765674948246,CH1,POWER,3.30
1765674948250,CH1,POWER,3.30
1765674948256,CH1,POWER,3.30
1765674948262,CH1,POWER,3.30
1765674948266,CH1,POWER,3.30
1765674948270,CH1,POWER,3.30
1765674948276,CH1,POWER,3.30
1765674948282,CH1,POWER,3.30
1765674948286,CH1,POWER,3.30
1765674948290,CH1,POWER,3.30
1765674948317,CH1,POWER,3.65
1765674948322,CH1,POWER,3.65
1765674948327,CH1,POWER,3.65
1765674948331,CH1,POWER,3.65
1765674948335,CH1,POWER,3.65
1765674948340,CH1,POWER,3.65
1765674948348,CH1,POWER,3.65
1765674948354,CH1,POWER,3.65
1765674948358,CH1,POWER,3.65
1765674948364,CH1,POWER,3.65
1765674948368,CH1,POWER,3.65
1765674948376,CH1,POWER,3.65
1765674948380,CH1,POWER,3.65
1765674948386,CH1,POWER,3.65
1765674948391,CH1,POWER,3.65
1765674948395,CH1,POWER,3.65
1765674948399,CH1,POWER,3.65
1765674948405,CH1,POWER,3.65
1765674948409,CH1,POWER,3.65
1765674948416,CH1,POWER,3.65
1765674948420,CH1,POWER,3.65
1765674948425,CH1,POWER,3.65
1765674948429,CH1,POWER,3.65
1765674948436,CH1,POWER,3.65
1765674948441,CH1,POWER,3.65
1765674948445,CH1,POWER,3.65
1765674948450,CH1,POWER,3.65
1765674948456,CH1,POWER,3.65
1765674948460,CH1,POWER,3.65
1765674948465,CH1,POWER,3.65
1765674948469,CH1,POWER,3.65
1765674948474,CH1,POWER,3.65
1765674948478,CH1,POWER,3.65
1765674948482,CH1,POWER,3.65
1765674948488,CH1,POWER,3.65
1765674948494,CH1,POWER,3.65
1765674948498,CH1,POWER,3.65
1765674948504,CH1,POWER,3.65
1765674948508,CH1,POWER,3.65
1765674948514,CH1,POWER,3.65
1765674948518,CH1,POWER,3.65
1765674948522,CH1,POWER,3.65
1765674948528,CH1,POWER,3.65
1765674948534,CH1,POWER,3.65
1765674948538,CH1,POWER,3.65
1765674948544,CH1,POWER,3.65
1765674948548,CH1,POWER,3.65
1765674948552,CH1,POWER,3.65
1765674948558,CH1,POWER,3.65
1765674948562,CH1,POWER,3.65
1765674948568,CH1,POWER,3.65
1765674948574,CH1,POWER,3.65
1765674948578,CH1,POWER,3.65
1765674948584,CH1,POWER,3.65
1765674948588,CH1,POWER,3.65
1765674948592,CH1,POWER,3.65
1765674948597,CH1,POWER,3.65
1765674948601,CH1,POWER,3.65
1765674948605,CH1,POWER,3.65
1765674948610,CH1,POWER,3.65
1765674948616,CH1,POWER,3.65
1765674948621,CH1,POWER,3.65
1765674948628,CH1,POWER,3.65
1765674948632,CH1,POWER,3.65
1765674948637,CH1,POWER,3.65
1765674948641,CH1,POWER,3.65
1765674948645,CH1,POWER,3.65
1765674948649,CH1,POWER,3.65
1765674948654,CH1,POWER,3.65
1765674948658,CH1,POWER,3.65
1765674948662,CH1,POWER,3.65
1765674948668,CH1,POWER,3.65
1765674948672,CH1,POWER,3.65
1765674948677,CH1,POWER,3.65
1765674948681,CH1,POWER,3.65
1765674948707,CH1,POWER,3.25
1765674948712,CH1,POWER,3.25
1765674948720,CH1,POWER,3.25
1765674948724,CH1,POWER,3.25
1765674948730,CH1,POWER,3.25
1765674948734,CH1,POWER,3.25
1765674948740,CH1,POWER,3.25
1765674948746,CH1,POWER,3.25
1765674948750,CH1,POWER,3.25
1765674948756,CH1,POWER,3.25
1765674948760,CH1,POWER,3.25
1765674948764,CH1,POWER,3.25
1765674948769,CH1,POWER,3.25
1765674948774,CH1,POWER,3.25
1765674948780,CH1,POWER,3.25
1765674948784,CH1,POWER,3.25
1765674948790,CH1,POWER,3.25
1765674948794,CH1,POWER,3.25
1765674948799,CH1,POWER,3.25
1765674948803,CH1,POWER,3.25
1765674948807,CH1,POWER,3.25
1765674948812,CH1,POWER,3.25
1765674948818,CH1,POWER,3.25
1765674948823,CH1,POWER,3.25
1765674948827,CH1,POWER,3.25
1765674948831,CH1,POWER,3.25
1765674948836,CH1,POWER,3.25
1765674948840,CH1,POWER,3.25
1765674948844,CH1,POWER,3.25
1765674948850,CH1,POWER,3.25
1765674948854,CH1,POWER,3.25
1765674948859,CH1,POWER,3.25
1765674948864,CH1,POWER,3.25
1765674948870,CH1,POWER,3.25
1765674948878,CH1,POWER,3.25
1765674948883,CH1,POWER,3.25
1765674948890,CH1,POWER,3.25
1765674948894,CH1,POWER,3.25
1765674948899,CH1,POWER,3.25
1765674948906,CH1,POWER,3.25
1765674948910,CH1,POWER,3.25
1765674948916,CH1,POWER,3.25
1765674948920,CH1,POWER,3.25
1765674948924,CH1,POWER,3.25
1765674948929,CH1,POWER,3.25
1765674948933,CH1,POWER,3.25
1765674948940,CH1,POWER,3.25
1765674948944,CH1,POWER,3.25
1765674948949,CH1,POWER,3.25
1765674948953,CH1,POWER,3.25
1765674948959,CH1,POWER,3.25
1765674948964,CH1,POWER,3.25
1765674948970,CH1,POWER,3.25
1765674948976,CH1,POWER,3.25
1765674948980,CH1,POWER,3.25
1765674948984,CH1,POWER,3.25
1765674948990,CH1,POWER,3.25
1765674948996,CH1,POWER,3.25
1765674949000,CH1,POWER,3.25
1765674949004,CH1,POWER,3.25
1765674949010,CH1,POWER,3.25
1765674949014,CH1,POWER,3.25
1765674949020,CH1,POWER,3.25
1765674949026,CH1,POWER,3.25
1765674949030,CH1,POWER,3.25
1765674949034,CH1,POWER,3.25
1765674949039,CH1,POWER,3.25
1765674949044,CH1,POWER,3.25
1765674949050,CH1,POWER,3.25
1765674949054,CH1,POWER,3.25
1765674949059,CH1,POWER,3.25
1765674949063,CH1,POWER,3.25
1765674949067,CH1,POWER,3.25
1765674949071,CH1,POWER,3.25
1765674949073,CH1,POWER,3.25
1765674949099,CH1,POWER,3.25
1765674949104,CH1,POWER,3.25
1765674949110,CH1,POWER,3.25
1765674949114,CH1,POWER,3.25
1765674949119,CH1,POWER,3.25
1765674949123,CH1,POWER,3.25
1765674949128,CH1,POWER,3.25
1765674949132,CH1,POWER,3.25
1765674949136,CH1,POWER,3.25
1765674949142,CH1,POWER,3.25
1765674949148,CH1,POWER,3.25
1765674949152,CH1,POWER,3.25
1765674949158,CH1,POWER,3.25
1765674949162,CH1,POWER,3.25
1765674949166,CH1,POWER,3.25
1765674949172,CH1,POWER,3.25
1765674949176,CH1,POWER,3.25
1765674949182,CH1,POWER,3.25
1765674949186,CH1,POWER,3.25
1765674949191,CH1,POWER,3.25
1765674949196,CH1,POWER,3.25
1765674949202,CH1,POWER,3.25
1765674949208,CH1,POWER,3.25
1765674949212,CH1,POWER,3.25
1765674949216,CH1,POWER,3.25
1765674949222,CH1,POWER,3.25
1765674949226,CH1,POWER,3.25
1765674949232,CH1,POWER,3.25
1765674949236,CH1,POWER,3.25
1765674949241,CH1,POWER,3.25
1765674949245,CH1,POWER,3.25
1765674949249,CH1,POWER,3.25
1765674949253,CH1,POWER,3.25
1765674949258,CH1,POWER,3.25
1765674949262,CH1,POWER,3.25
1765674949268,CH1,POWER,3.25
1765674949272,CH1,POWER,3.25
1765674949276,CH1,POWER,3.25
1765674949282,CH1,POWER,3.25
1765674949288,CH1,POWER,3.25
1765674949292,CH1,POWER,3.25
1765674949298,CH1,POWER,3.25
1765674949302,CH1,POWER,3.25
1765674949308,CH1,POWER,3.25
1765674949312,CH1,POWER,3.25
1765674949316,CH1,POWER,3.25
1765674949322,CH1,POWER,3.25
1765674949328,CH1,POWER,3.25
1765674949332,CH1,POWER,3.25
1765674949336,CH1,POWER,3.25
1765674949341,CH1,POWER,3.25
1765674949345,CH1,POWER,3.25
1765674949352,CH1,POWER,3.25
1765674949358,CH1,POWER,3.25
1765674949362,CH1,POWER,3.25
1765674949366,CH1,POWER,3.25
1765674949372,CH1,POWER,3.25
1765674949376,CH1,POWER,3.25
1765674949381,CH1,POWER,3.25
1765674949385,CH1,POWER,3.25
1765674949392,CH1,POWER,3.25
1765674949398,CH1,POWER,3.25
1765674949402,CH1,POWER,3.25
1765674949408,CH1,POWER,3.25
1765674949412,CH1,POWER,3.25
1765674949416,CH1,POWER,3.25
1765674949422,CH1,POWER,3.25
1765674949428,CH1,POWER,3.25
1765674949432,CH1,POWER,3.25
1765674949438,CH1,POWER,3.25
1765674949442,CH1,POWER,3.25
1765674949448,CH1,POWER,3.25
1765674949452,CH1,POWER,3.25
1765674949458,CH1,POWER,3.25
1765674949462,CH1,POWER,3.25
1765674949466,CH1,POWER,3.25
1765674949493,CH1,POWER,3.25
1765674949498,CH1,POWER,3.25
1765674949503,CH1,POWER,3.25
1765674949507,CH1,POWER,3.25
1765674949511,CH1,POWER,3.25
1765674949515,CH1,POWER,3.25
1765674949520,CH1,POWER,3.25
1765674949524,CH1,POWER,3.25
1765674949528,CH1,POWER,3.25
1765674949534,CH1,POWER,3.25
1765674949542,CH1,POWER,3.25
1765674949547,CH1,POWER,3.25
1765674949553,CH1,POWER,3.25
1765674949558,CH1,POWER,3.25
1765674949564,CH1,POWER,3.25
1765674949570,CH1,POWER,3.25
1765674949574,CH1,POWER,3.25
1765674949578,CH1,POWER,3.25
1765674949584,CH1,POWER,3.25
1765674949590,CH1,POWER,3.25
1765674949594,CH1,POWER,3.25
1765674949598,CH1,POWER,3.25
1765674949604,CH1,POWER,3.25
1765674949610,CH1,POWER,3.25
1765674949614,CH1,POWER,3.25
1765674949618,CH1,POWER,3.25
1765674949624,CH1,POWER,3.25
1765674949632,CH1,POWER,3.25
1765674949637,CH1,POWER,3.25
1765674949644,CH1,POWER,3.25
1765674949650,CH1,POWER,3.25
1765674949654,CH1,POWER,3.25
1765674949660,CH1,POWER,3.25
1765674949664,CH1,POWER,3.25
1765674949668,CH1,POWER,3.25
1765674949674,CH1,POWER,3.25
1765674949680,CH1,POWER,3.25
1765674949684,CH1,POWER,3.25
1765674949688,CH1,POWER,3.25
1765674949693,CH1,POWER,3.25
1765674949698,CH1,POWER,3.25
1765674949704,CH1,POWER,3.25
1765674949708,CH1,POWER,3.25
1765674949713,CH1,POWER,3.25
1765674949717,CH1,POWER,3.25
1765674949724,CH1,POWER,3.25
1765674949730,CH1,POWER,3.25
1765674949734,CH1,POWER,3.25
1765674949740,CH1,POWER,3.25
1765674949744,CH1,POWER,3.25
1765674949748,CH1,POWER,3.25
1765674949753,CH1,POWER,3.25
1765674949760,CH1,POWER,3.25
1765674949764,CH1,POWER,3.25
1765674949768,CH1,POWER,3.25
1765674949773,CH1,POWER,3.25
1765674949777,CH1,POWER,3.25
1765674949781,CH1,POWER,3.25
1765674949786,CH1,POWER,3.25
1765674949792,CH1,POWER,3.25
1765674949797,CH1,POWER,3.25
1765674949801,CH1,POWER,3.25
1765674949805,CH1,POWER,3.25
1765674949810,CH1,POWER,3.25
1765674949814,CH1,POWER,3.25
1765674949822,CH1,POWER,3.25
1765674949827,CH1,POWER,3.25
1765674949834,CH1,POWER,3.25
1765674949838,CH1,POWER,3.25
1765674949843,CH1,POWER,3.25
1765674949847,CH1,POWER,3.25
1765674949854,CH1,POWER,3.25
1765674949858,CH1,POWER,3.65
1765674949886,CH1,POWER,3.65
1765674949892,CH1,POWER,3.65
1765674949896,CH1,POWER,3.65
1765674949900,CH1,POWER,3.65
1765674949906,CH1,POWER,3.65
1765674949912,CH1,POWER,3.65
1765674949916,CH1,POWER,3.65
1765674949922,CH1,POWER,3.65
1765674949926,CH1,POWER,3.65
1765674949930,CH1,POWER,3.65
1765674949936,CH1,POWER,3.65
1765674949942,CH1,POWER,3.65
1765674949946,CH1,POWER,3.65
1765674949950,CH1,POWER,3.65
1765674949956,CH1,POWER,3.65
1765674949962,CH1,POWER,3.65
1765674949966,CH1,POWER,3.65
1765674949972,CH1,POWER,3.65
1765674949976,CH1,POWER,3.65
1765674949980,CH1,POWER,3.65
1765674949986,CH1,POWER,3.65
1765674949990,CH1,POWER,3.65
1765674949995,CH1,POWER,3.65
1765674949999,CH1,POWER,3.65
1765674950005,CH1,POWER,3.65
1765674950010,CH1,POWER,3.65
1765674950016,CH1,POWER,3.65
1765674950020,CH1,POWER,3.65
1765674950026,CH1,POWER,3.65
1765674950030,CH1,POWER,3.65
1765674950035,CH1,POWER,3.65
1765674950039,CH1,POWER,3.65
1765674950045,CH1,POWER,3.65
1765674950049,CH1,POWER,3.65
1765674950055,CH1,POWER,3.65
1765674950059,CH1,POWER,3.65
1765674950066,CH1,POWER,3.65
1765674950070,CH1,POWER,3.65
1765674950075,CH1,POWER,3.65
1765674950079,CH1,POWER,3.65
1765674950083,CH1,POWER,3.65
1765674950087,CH1,POWER,3.65
1765674950093,CH1,POWER,3.65
1765674950098,CH1,POWER,3.65
1765674950103,CH1,POWER,3.65
1765674950107,CH1,POWER,3.65
1765674950113,CH1,POWER,3.65
1765674950118,CH1,POWER,3.65
1765674950124,CH1,POWER,3.65
1765674950129,CH1,POWER,3.65
1765674950133,CH1,POWER,3.65
1765674950137,CH1,POWER,3.65
1765674950142,CH1,POWER,3.65
1765674950146,CH1,POWER,3.65
1765674950150,CH1,POWER,3.65
1765674950156,CH1,POWER,3.65
1765674950162,CH1,POWER,3.65
1765674950166,CH1,POWER,3.65
1765674950170,CH1,POWER,3.65
1765674950176,CH1,POWER,3.65
1765674950182,CH1,POWER,3.65
1765674950186,CH1,POWER,3.65
1765674950192,CH1,POWER,3.65
1765674950196,CH1,POWER,3.65
1765674950202,CH1,POWER,3.65
1765674950206,CH1,POWER,3.65
1765674950214,CH1,POWER,3.65
1765674950219,CH1,POWER,3.65
1765674950223,CH1,POWER,3.65
1765674950227,CH1,POWER,3.65
1765674950233,CH1,POWER,3.65
1765674950237,CH1,POWER,3.65
1765674950244,CH1,POWER,3.65
1765674950248,CH1,POWER,3.65
1765674950250,CH1,POWER,3.20
1765674950277,CH1,POWER,3.20
1765674950282,CH1,POWER,3.20
1765674950287,CH1,POWER,3.20
1765674950294,CH1,POWER,3.20
1765674950298,CH1,POWER,3.20
1765674950303,CH1,POWER,3.20
1765674950308,CH1,POWER,3.20
1765674950314,CH1,POWER,3.20
1765674950318,CH1,POWER,3.20
1765674950322,CH1,POWER,3.20
1765674950328,CH1,POWER,3.20
1765674950334,CH1,POWER,3.20
1765674950338,CH1,POWER,3.20
1765674950346,CH1,POWER,3.20
1765674950350,CH1,POWER,3.20
1765674950355,CH1,POWER,3.20
1765674950360,CH1,POWER,3.20
1765674950366,CH1,POWER,3.20
1765674950371,CH1,POWER,3.20
1765674950375,CH1,POWER,3.20
1765674950379,CH1,POWER,3.20
1765674950384,CH1,POWER,3.20
1765674950388,CH1,POWER,3.20
1765674950393,CH1,POWER,3.20
1765674950398,CH1,POWER,3.20
1765674950404,CH1,POWER,3.20
1765674950408,CH1,POWER,3.20
1765674950416,CH1,POWER,3.20
1765674950421,CH1,POWER,3.20
1765674950428,CH1,POWER,3.20
1765674950434,CH1,POWER,3.20
1765674950438,CH1,POWER,3.20
1765674950442,CH1,POWER,3.20
1765674950448,CH1,POWER,3.20
1765674950454,CH1,POWER,3.20
1765674950458,CH1,POWER,3.20
1765674950463,CH1,POWER,3.20
1765674950468,CH1,POWER,3.20
1765674950472,CH1,POWER,3.20
1765674950477,CH1,POWER,3.20
1765674950481,CH1,POWER,3.20
1765674950488,CH1,POWER,3.20
1765674950493,CH1,POWER,3.20
1765674950498,CH1,POWER,3.20
1765674950503,CH1,POWER,3.20
1765674950508,CH1,POWER,3.20
1765674950513,CH1,POWER,3.20
1765674950518,CH1,POWER,3.20
1765674950522,CH1,POWER,3.20
1765674950527,CH1,POWER,3.20
1765674950531,CH1,POWER,3.20
1765674950537,CH1,POWER,3.20
1765674950542,CH1,POWER,3.20
1765674950547,CH1,POWER,3.20
1765674950551,CH1,POWER,3.20
1765674950558,CH1,POWER,3.20
1765674950566,CH1,POWER,3.20
1765674950571,CH1,POWER,3.20
1765674950578,CH1,POWER,3.20
1765674950586,CH1,POWER,3.20
1765674950591,CH1,POWER,3.20
1765674950595,CH1,POWER,3.20
1765674950600,CH1,POWER,3.20
1765674950606,CH1,POWER,3.20
1765674950610,CH1,POWER,3.20
1765674950615,CH1,POWER,3.20
1765674950619,CH1,POWER,3.20
1765674950623,CH1,POWER,3.20
1765674950628,CH1,POWER,3.20
1765674950632,CH1,POWER,3.20
1765674950638,CH1,POWER,3.20
1765674950644,CH1,POWER,3.20
1765674950648,CH1,POWER,3.20
1765674950650,CH1,POWER,3.20
1765674950653,CH1,POWER,3.20
1765674950680,CH1,POWER,3.20
1765674950686,CH1,POWER,3.20
1765674950690,CH1,POWER,3.20
1765674950696,CH1,POWER,3.20
1765674950700,CH1,POWER,3.20
1765674950706,CH1,POWER,3.20
1765674950710,CH1,POWER,3.20
1765674950714,CH1,POWER,3.20
1765674950719,CH1,POWER,3.20
1765674950723,CH1,POWER,3.20
1765674950730,CH1,POWER,3.20
1765674950734,CH1,POWER,3.20
1765674950739,CH1,POWER,3.20
1765674950743,CH1,POWER,3.20
1765674950750,CH1,POWER,3.20
1765674950755,CH1,POWER,3.20
1765674950760,CH1,POWER,3.20
1765674950768,CH1,POWER,3.20
1765674950774,CH1,POWER,3.20
1765674950779,CH1,POWER,3.20
1765674950783,CH1,POWER,3.20
1765674950789,CH1,POWER,3.20
1765674950796,CH1,POWER,3.20
1765674950800,CH1,POWER,3.20
1765674950805,CH1,POWER,3.20
1765674950810,CH1,POWER,3.20
1765674950816,CH1,POWER,3.20
1765674950820,CH1,POWER,3.20
1765674950828,CH1,POWER,3.20
1765674950832,CH1,POWER,3.20
1765674950838,CH1,POWER,3.20
1765674950842,CH1,POWER,3.20
1765674950847,CH1,POWER,3.20
1765674950852,CH1,POWER,3.20
1765674950860,CH1,POWER,3.20
1765674950868,CH1,POWER,3.20
1765674950873,CH1,POWER,3.20
1765674950880,CH1,POWER,3.20
1765674950888,CH1,POWER,3.20
1765674950893,CH1,POWER,3.20
1765674950900,CH1,POWER,3.20
1765674950906,CH1,POWER,3.20
1765674950910,CH1,POWER,3.20
1765674950914,CH1,POWER,3.20
1765674950919,CH1,POWER,3.20
1765674950924,CH1,POWER,3.20
1765674950929,CH1,POWER,3.20
1765674950933,CH1,POWER,3.20
1765674950940,CH1,POWER,3.20
1765674950946,CH1,POWER,3.20
1765674950950,CH1,POWER,3.20
1765674950954,CH1,POWER,3.20
1765674950960,CH1,POWER,3.20
1765674950966,CH1,POWER,3.20
1765674950970,CH1,POWER,3.20
1765674950974,CH1,POWER,3.20
1765674950979,CH1,POWER,3.20
1765674950983,CH1,POWER,3.20
1765674950989,CH1,POWER,3.20
1765674950994,CH1,POWER,3.20
1765674950999,CH1,POWER,3.20
1765674951003,CH1,POWER,3.20
1765674951010,CH1,POWER,3.20
1765674951015,CH1,POWER,3.20
1765674951020,CH1,POWER,3.20
1765674951024,CH1,POWER,3.20
1765674951030,CH1,POWER,3.20
1765674951035,CH1,POWER,3.20
1765674951062,CH1,POWER,3.20
1765674951067,CH1,POWER,3.20
1765674951072,CH1,POWER,3.20
1765674951076,CH1,POWER,3.20
1765674951081,CH1,POWER,3.20
1765674951086,CH1,POWER,3.20
1765674951092,CH1,POWER,3.20
1765674951098,CH1,POWER,3.20
1765674951102,CH1,POWER,3.20
1765674951108,CH1,POWER,3.20
1765674951112,CH1,POWER,3.20
1765674951117,CH1,POWER,3.20
1765674951122,CH1,POWER,3.20
1765674951126,CH1,POWER,3.20
1765674951132,CH1,POWER,3.20
1765674951136,CH1,POWER,3.20
1765674951142,CH1,POWER,3.20
1765674951146,CH1,POWER,3.20
1765674951152,CH1,POWER,3.20
1765674951158,CH1,POWER,3.20
1765674951162,CH1,POWER,3.20
1765674951170,CH1,POWER,3.20
1765674951175,CH1,POWER,3.20
1765674951182,CH1,POWER,3.20
1765674951190,CH1,POWER,3.20
1765674951195,CH1,POWER,3.20
1765674951202,CH1,POWER,3.20
1765674951208,CH1,POWER,3.20
1765674951212,CH1,POWER,3.20
1765674951220,CH1,POWER,3.20
1765674951224,CH1,POWER,3.20
1765674951229,CH1,POWER,3.20
1765674951234,CH1,POWER,3.20
1765674951240,CH1,POWER,3.20
1765674951245,CH1,POWER,3.20
1765674951249,CH1,POWER,3.20
1765674951254,CH1,POWER,3.20
1765674951259,CH1,POWER,3.20
1765674951264,CH1,POWER,3.20
1765674951269,CH1,POWER,3.20
1765674951273,CH1,POWER,3.20
1765674951278,CH1,POWER,3.20
1765674951282,CH1,POWER,3.20
1765674951286,CH1,POWER,3.20
1765674951292,CH1,POWER,3.20
1765674951298,CH1,POWER,3.20
1765674951302,CH1,POWER,3.20
1765674951310,CH1,POWER,3.20
1765674951316,CH1,POWER,3.20
1765674951321,CH1,POWER,3.20
1765674951325,CH1,POWER,3.20
1765674951331,CH1,POWER,3.20
1765674951336,CH1,POWER,3.20
1765674951342,CH1,POWER,3.20
1765674951350,CH1,POWER,3.20
1765674951354,CH1,POWER,3.20
1765674951362,CH1,POWER,3.20
1765674951368,CH1,POWER,3.20
1765674951372,CH1,POWER,3.20
1765674951380,CH1,POWER,3.20
1765674951384,CH1,POWER,3.20
1765674951389,CH1,POWER,3.20
1765674951393,CH1,POWER,3.20
1765674951399,CH1,POWER,3.20
1765674951403,CH1,POWER,3.20
1765674951409,CH1,POWER,3.20
1765674951414,CH1,POWER,3.20
1765674951420,CH1,POWER,3.20
1765674951423,CH1,POWER,3.65
1765674951426,CH1,POWER,3.65
1765674951453,CH1,POWER,3.65
1765674951458,CH1,POWER,3.65
1765674951463,CH1,POWER,3.65
1765674951468,CH1,POWER,3.65
1765674951474,CH1,POWER,3.65
1765674951480,CH1,POWER,3.65
1765674951484,CH1,POWER,3.65
1765674951492,CH1,POWER,3.65
1765674951498,CH1,POWER,3.65
1765674951503,CH1,POWER,3.65
1765674951508,CH1,POWER,3.65
1765674951514,CH1,POWER,3.65
1765674951522,CH1,POWER,3.65
1765674951527,CH1,POWER,3.65
1765674951534,CH1,POWER,3.65
1765674951539,CH1,POWER,3.65
1765674951544,CH1,POWER,3.65
1765674951549,CH1,POWER,3.65
1765674951554,CH1,POWER,3.65
1765674951562,CH1,POWER,3.65
1765674951567,CH1,POWER,3.65
1765674951574,CH1,POWER,3.65
1765674951580,CH1,POWER,3.65
1765674951584,CH1,POWER,3.65
1765674951590,CH1,POWER,3.65
1765674951594,CH1,POWER,3.65
1765674951602,CH1,POWER,3.65
1765674951607,CH1,POWER,3.65
1765674951614,CH1,POWER,3.65
1765674951618,CH1,POWER,3.65
1765674951623,CH1,POWER,3.65
1765674951627,CH1,POWER,3.65
1765674951634,CH1,POWER,3.65
1765674951640,CH1,POWER,3.65
1765674951644,CH1,POWER,3.65
1765674951649,CH1,POWER,3.65
1765674951654,CH1,POWER,3.65
1765674951662,CH1,POWER,3.65
1765674951667,CH1,POWER,3.65
1765674951673,CH1,POWER,3.65
1765674951678,CH1,POWER,3.65
1765674951684,CH1,POWER,3.65
1765674951690,CH1,POWER,3.65
1765674951694,CH1,POWER,3.65
1765674951699,CH1,POWER,3.65
1765674951704,CH1,POWER,3.65
1765674951710,CH1,POWER,3.65
1765674951714,CH1,POWER,3.65
1765674951719,CH1,POWER,3.65
1765674951724,CH1,POWER,3.65
1765674951729,CH1,POWER,3.65
1765674951734,CH1,POWER,3.65
1765674951740,CH1,POWER,3.65
1765674951744,CH1,POWER,3.65
1765674951749,CH1,POWER,3.65
1765674951754,CH1,POWER,3.65
1765674951759,CH1,POWER,3.65
1765674951764,CH1,POWER,3.65
1765674951768,CH1,POWER,3.65
1765674951774,CH1,POWER,3.65
1765674951778,CH1,POWER,3.65
1765674951784,CH1,POWER,3.65
1765674951790,CH1,POWER,3.65
1765674951794,CH1,POWER,3.65
1765674951798,CH1,POWER,3.65
1765674951804,CH1,POWER,3.65
1765674951808,CH1,POWER,3.65
1765674951813,CH1,POWER,3.65
1765674951815,CH1,POWER,3.30
1765674951818,CH1,POWER,3.30
1765674951845,CH1,POWER,3.30
1765674951850,CH1,POWER,3.30
1765674951855,CH1,POWER,3.30
1765674951859,CH1,POWER,3.30
1765674951865,CH1,POWER,3.30
1765674951871,CH1,POWER,3.30
1765674951876,CH1,POWER,3.30
1765674951880,CH1,POWER,3.30
1765674951886,CH1,POWER,3.30
1765674951892,CH1,POWER,3.30
1765674951896,CH1,POWER,3.30
1765674951904,CH1,POWER,3.30
1765674951908,CH1,POWER,3.30
1765674951913,CH1,POWER,3.30
1765674951917,CH1,POWER,3.30
1765674951923,CH1,POWER,3.30
1765674951928,CH1,POWER,3.30
1765674951934,CH1,POWER,3.30
1765674951938,CH1,POWER,3.30
1765674951946,CH1,POWER,3.30
1765674951954,CH1,POWER,3.30
1765674951959,CH1,POWER,3.30
1765674951963,CH1,POWER,3.30
1765674951968,CH1,POWER,3.30
1765674951974,CH1,POWER,3.30
1765674951979,CH1,POWER,3.30
1765674951986,CH1,POWER,3.30
1765674951992,CH1,POWER,3.30
1765674951996,CH1,POWER,3.30
1765674952002,CH1,POWER,3.30
1765674952006,CH1,POWER,3.30
1765674952011,CH1,POWER,3.30
1765674952016,CH1,POWER,3.30
1765674952020,CH1,POWER,3.30
1765674952026,CH1,POWER,3.30
1765674952031,CH1,POWER,3.30
1765674952036,CH1,POWER,3.30
1765674952041,CH1,POWER,3.30
1765674952046,CH1,POWER,3.30
1765674952051,CH1,POWER,3.30
1765674952056,CH1,POWER,3.30
1765674952062,CH1,POWER,3.30
1765674952066,CH1,POWER,3.30
1765674952071,CH1,POWER,3.30
1765674952076,CH1,POWER,3.30
1765674952081,CH1,POWER,3.30
1765674952086,CH1,POWER,3.30
1765674952092,CH1,POWER,3.30
1765674952096,CH1,POWER,3.30
1765674952101,CH1,POWER,3.30
1765674952106,CH1,POWER,3.30
1765674952112,CH1,POWER,3.30
1765674952116,CH1,POWER,3.30
1765674952121,CH1,POWER,3.30
1765674952126,CH1,POWER,3.30
1765674952132,CH1,POWER,3.30
1765674952136,CH1,POWER,3.30
1765674952144,CH1,POWER,3.30
1765674952149,CH1,POWER,3.30
1765674952156,CH1,POWER,3.30
1765674952164,CH1,POWER,3.30
1765674952169,CH1,POWER,3.30
1765674952176,CH1,POWER,3.30
1765674952181,CH1,POWER,3.30
1765674952186,CH1,POWER,3.30
1765674952192,CH1,POWER,3.30
1765674952196,CH1,POWER,3.30
1765674952201,CH1,POWER,3.30
1765674952206,CH1,POWER,3.30
1765674952209,CH1,POWER,3.30
1765674952235,CH1,POWER,3.30
1765674952240,CH1,POWER,3.30
1765674952245,CH1,POWER,3.30
1765674952251,CH1,POWER,3.30
1765674952257,CH1,POWER,3.30
1765674952262,CH1,POWER,3.30
1765674952268,CH1,POWER,3.30
1765674952273,CH1,POWER,3.30
1765674952278,CH1,POWER,3.30
1765674952283,CH1,POWER,3.30
1765674952288,CH1,POWER,3.30
1765674952294,CH1,POWER,3.30
1765674952298,CH1,POWER,3.30
1765674952306,CH1,POWER,3.30
1765674952311,CH1,POWER,3.30
1765674952318,CH1,POWER,3.30
1765674952324,CH1,POWER,3.30
1765674952328,CH1,POWER,3.30
1765674952333,CH1,POWER,3.30
1765674952338,CH1,POWER,3.30
1765674952343,CH1,POWER,3.30
1765674952348,CH1,POWER,3.30
1765674952356,CH1,POWER,3.30
1765674952361,CH1,POWER,3.30
1765674952368,CH1,POWER,3.30
1765674952373,CH1,POWER,3.30
1765674952378,CH1,POWER,3.30
1765674952383,CH1,POWER,3.30
1765674952388,CH1,POWER,3.30
1765674952394,CH1,POWER,3.30
1765674952398,CH1,POWER,3.30
1765674952406,CH1,POWER,3.30
1765674952411,CH1,POWER,3.30
1765674952418,CH1,POWER,3.30
1765674952423,CH1,POWER,3.30
1765674952428,CH1,POWER,3.30
1765674952434,CH1,POWER,3.30
1765674952438,CH1,POWER,3.30
1765674952444,CH1,POWER,3.30
1765674952448,CH1,POWER,3.30
1765674952453,CH1,POWER,3.30
1765674952458,CH1,POWER,3.30
1765674952466,CH1,POWER,3.30
1765674952471,CH1,POWER,3.30
1765674952478,CH1,POWER,3.30
1765674952483,CH1,POWER,3.30
1765674952488,CH1,POWER,3.30
1765674952494,CH1,POWER,3.30
1765674952498,CH1,POWER,3.30
1765674952503,CH1,POWER,3.30
1765674952508,CH1,POWER,3.30
1765674952513,CH1,POWER,3.30
1765674952518,CH1,POWER,3.30
1765674952523,CH1,POWER,3.30
1765674952528,CH1,POWER,3.30
1765674952532,CH1,POWER,3.30
1765674952537,CH1,POWER,3.30
1765674952544,CH1,POWER,3.30
1765674952548,CH1,POWER,3.30
1765674952552,CH1,POWER,3.30
1765674952557,CH1,POWER,3.30
1765674952561,CH1,POWER,3.30
1765674952568,CH1,POWER,3.30
1765674952573,CH1,POWER,3.30
1765674952578,CH1,POWER,3.30
1765674952583,CH1,POWER,3.30
1765674952588,CH1,POWER,3.30
1765674952592,CH1,POWER,3.30
1765674952597,CH1,POWER,3.30
1765674952600,CH1,POWER,3.20
1765674952603,CH1,POWER,3.20
1765674952630,CH1,POWER,3.20
1765674952636,CH1,POWER,3.20
1765674952640,CH1,POWER,3.20
1765674952645,CH1,POWER,3.20
1765674952650,CH1,POWER,3.20
1765674952655,CH1,POWER,3.20
1765674952660,CH1,POWER,3.20
1765674952666,CH1,POWER,3.20
1765674952670,CH1,POWER,3.20
1765674952675,CH1,POWER,3.20
1765674952680,CH1,POWER,3.20
1765674952685,CH1,POWER,3.20
1765674952690,CH1,POWER,3.20
1765674952695,CH1,POWER,3.20
1765674952700,CH1,POWER,3.20
1765674952708,CH1,POWER,3.20
1765674952713,CH1,POWER,3.20
1765674952720,CH1,POWER,3.20
1765674952726,CH1,POWER,3.20
1765674952730,CH1,POWER,3.20
1765674952734,CH1,POWER,3.20
1765674952740,CH1,POWER,3.20
1765674952746,CH1,POWER,3.20
1765674952750,CH1,POWER,3.20
1765674952758,CH1,POWER,3.20
1765674952764,CH1,POWER,3.20
1765674952769,CH1,POWER,3.20
1765674952774,CH1,POWER,3.20
1765674952779,CH1,POWER,3.20
1765674952783,CH1,POWER,3.20
1765674952787,CH1,POWER,3.20
1765674952792,CH1,POWER,3.20
1765674952798,CH1,POWER,3.20
1765674952803,CH1,POWER,3.20
1765674952810,CH1,POWER,3.20
1765674952814,CH1,POWER,3.20
1765674952819,CH1,POWER,3.20
1765674952823,CH1,POWER,3.20
1765674952827,CH1,POWER,3.20
1765674952832,CH1,POWER,3.20
1765674952837,CH1,POWER,3.20
1765674952842,CH1,POWER,3.20
1765674952847,CH1,POWER,3.20
1765674952851,CH1,POWER,3.20
1765674952855,CH1,POWER,3.20
1765674952860,CH1,POWER,3.20
1765674952865,CH1,POWER,3.20
1765674952870,CH1,POWER,3.20
1765674952874,CH1,POWER,3.20
1765674952880,CH1,POWER,3.20
1765674952885,CH1,POWER,3.20
1765674952890,CH1,POWER,3.20
1765674952898,CH1,POWER,3.20
1765674952904,CH1,POWER,3.20
1765674952909,CH1,POWER,3.20
1765674952913,CH1,POWER,3.20
1765674952920,CH1,POWER,3.20
1765674952924,CH1,POWER,3.20
1765674952930,CH1,POWER,3.20
1765674952935,CH1,POWER,3.20
1765674952940,CH1,POWER,3.20
1765674952945,CH1,POWER,3.20
1765674952950,CH1,POWER,3.20
1765674952954,CH1,POWER,3.20
1765674952960,CH1,POWER,3.20
1765674952965,CH1,POWER,3.20
1765674952970,CH1,POWER,3.20
1765674952974,CH1,POWER,3.20
1765674952980,CH1,POWER,3.20
1765674952984,CH1,POWER,3.20
1765674952990,CH1,POWER,3.20
1765674952995,CH1,POWER,3.20
1765674953000,CH1,POWER,3.20
1765674953002,CH1,POWER,3.50
1765674953029,CH1,POWER,3.50
1765674953034,CH1,POWER,3.50
1765674953039,CH1,POWER,3.50
1765674953043,CH1,POWER,3.50
1765674953049,CH1,POWER,3.50
1765674953054,CH1,POWER,3.50
1765674953060,CH1,POWER,3.50
1765674953064,CH1,POWER,3.50
1765674953069,CH1,POWER,3.50
1765674953073,CH1,POWER,3.50
1765674953080,CH1,POWER,3.50
1765674953086,CH1,POWER,3.50
1765674953091,CH1,POWER,3.50
1765674953095,CH1,POWER,3.50
1765674953102,CH1,POWER,3.50
1765674953108,CH1,POWER,3.50
1765674953112,CH1,POWER,3.50
1765674953117,CH1,POWER,3.50
1765674953122,CH1,POWER,3.50
1765674953127,CH1,POWER,3.50
1765674953132,CH1,POWER,3.50
1765674953136,CH1,POWER,3.50
1765674953142,CH1,POWER,3.50
1765674953146,CH1,POWER,3.50
1765674953151,CH1,POWER,3.50
1765674953156,CH1,POWER,3.50
1765674953161,CH1,POWER,3.50
1765674953166,CH1,POWER,3.50
1765674953172,CH1,POWER,3.50
1765674953180,CH1,POWER,3.50
1765674953185,CH1,POWER,3.50
1765674953192,CH1,POWER,3.50
1765674953197,CH1,POWER,3.50
1765674953202,CH1,POWER,3.50
1765674953207,CH1,POWER,3.50
1765674953212,CH1,POWER,3.50
1765674953217,CH1,POWER,3.50
1765674953222,CH1,POWER,3.50
1765674953230,CH1,POWER,3.50
1765674953236,CH1,POWER,3.50
1765674953241,CH1,POWER,3.50
1765674953245,CH1,POWER,3.50
1765674953252,CH1,POWER,3.50
1765674953257,CH1,POWER,3.50
1765674953262,CH1,POWER,3.50
1765674953266,CH1,POWER,3.50
1765674953271,CH1,POWER,3.50
1765674953276,CH1,POWER,3.50
1765674953282,CH1,POWER,3.50
1765674953286,CH1,POWER,3.50
1765674953291,CH1,POWER,3.50
1765674953295,CH1,POWER,3.50
1765674953299,CH1,POWER,3.50
1765674953304,CH1,POWER,3.50
1765674953310,CH1,POWER,3.50
1765674953315,CH1,POWER,3.50
1765674953322,CH1,POWER,3.50
1765674953327,CH1,POWER,3.50
1765674953332,CH1,POWER,3.50
1765674953337,CH1,POWER,3.50
1765674953342,CH1,POWER,3.50
1765674953346,CH1,POWER,3.50
1765674953351,CH1,POWER,3.50
1765674953356,CH1,POWER,3.50
1765674953361,CH1,POWER,3.50
1765674953365,CH1,POWER,3.50
1765674953369,CH1,POWER,3.50
1765674953375,CH1,POWER,3.50
1765674953379,CH1,POWER,3.50
1765674953385,CH1,POWER,3.50
1765674953391,CH1,POWER,3.50
1765674953393,CH1,POWER,3.20
1765674953396,CH1,POWER,3.20
1765674953423,CH1,POWER,3.20
1765674953428,CH1,POWER,3.20
1765674953433,CH1,POWER,3.20
1765674953437,CH1,POWER,3.20
1765674953443,CH1,POWER,3.20
1765674953448,CH1,POWER,3.20
1765674953454,CH1,POWER,3.20
1765674953459,CH1,POWER,3.20
1765674953464,CH1,POWER,3.20
1765674953468,CH1,POWER,3.20
1765674953474,CH1,POWER,3.20
1765674953478,CH1,POWER,3.20
1765674953483,CH1,POWER,3.20
1765674953487,CH1,POWER,3.20
1765674953494,CH1,POWER,3.20
1765674953498,CH1,POWER,3.20
1765674953504,CH1,POWER,3.20
1765674953512,CH1,POWER,3.20
1765674953517,CH1,POWER,3.20
1765674953524,CH1,POWER,3.20
1765674953529,CH1,POWER,3.20
1765674953534,CH1,POWER,3.20
1765674953538,CH1,POWER,3.20
1765674953544,CH1,POWER,3.20
1765674953549,CH1,POWER,3.20
1765674953554,CH1,POWER,3.20
1765674953559,CH1,POWER,3.20
1765674953564,CH1,POWER,3.20
1765674953572,CH1,POWER,3.20
1765674953577,CH1,POWER,3.20
1765674953584,CH1,POWER,3.20
1765674953589,CH1,POWER,3.20
1765674953594,CH1,POWER,3.20
1765674953599,CH1,POWER,3.20
1765674953604,CH1,POWER,3.20
1765674953612,CH1,POWER,3.20
1765674953617,CH1,POWER,3.20
1765674953623,CH1,POWER,3.20
1765674953628,CH1,POWER,3.20
1765674953634,CH1,POWER,3.20
1765674953639,CH1,POWER,3.20
1765674953644,CH1,POWER,3.20
1765674953649,CH1,POWER,3.20
1765674953654,CH1,POWER,3.20
1765674953659,CH1,POWER,3.20
1765674953664,CH1,POWER,3.20
1765674953669,CH1,POWER,3.20
1765674953674,CH1,POWER,3.20
1765674953678,CH1,POWER,3.20
1765674953683,CH1,POWER,3.20
1765674953688,CH1,POWER,3.20
1765674953693,CH1,POWER,3.20
1765674953698,CH1,POWER,3.20
1765674953703,CH1,POWER,3.20
1765674953707,CH1,POWER,3.20
1765674953714,CH1,POWER,3.20
1765674953719,CH1,POWER,3.20
1765674953724,CH1,POWER,3.20
1765674953729,CH1,POWER,3.20
1765674953734,CH1,POWER,3.20
1765674953738,CH1,POWER,3.20
1765674953743,CH1,POWER,3.20
1765674953747,CH1,POWER,3.20
1765674953754,CH1,POWER,3.20
1765674953759,CH1,POWER,3.20
1765674953764,CH1,POWER,3.20
1765674953768,CH1,POWER,3.20
1765674953773,CH1,POWER,3.20
1765674953779,CH1,POWER,3.20
1765674953782,CH1,POWER,3.20
1765674953785,CH1,POWER,3.20
1765674953787,CH1,POWER,3.20
1765674953813,CH1,POWER,3.20
1765674953818,CH1,POWER,3.20
1765674953823,CH1,POWER,3.20
1765674953829,CH1,POWER,3.20
1765674953833,CH1,POWER,3.20
1765674953838,CH1,POWER,3.20
1765674953843,CH1,POWER,3.20
1765674953848,CH1,POWER,3.20
1765674953854,CH1,POWER,3.20
1765674953858,CH1,POWER,3.20
1765674953863,CH1,POWER,3.20
1765674953868,CH1,POWER,3.20
1765674953876,CH1,POWER,3.20
1765674953881,CH1,POWER,3.20
1765674953886,CH1,POWER,3.20
1765674953890,CH1,POWER,3.20
1765674953896,CH1,POWER,3.20
1765674953900,CH1,POWER,3.20
1765674953905,CH1,POWER,3.20
1765674953909,CH1,POWER,3.20
1765674953916,CH1,POWER,3.20
1765674953921,CH1,POWER,3.20
1765674953926,CH1,POWER,3.20
1765674953930,CH1,POWER,3.20
1765674953935,CH1,POWER,3.20
1765674953940,CH1,POWER,3.20
1765674953945,CH1,POWER,3.20
1765674953951,CH1,POWER,3.20
1765674953956,CH1,POWER,3.20
1765674953960,CH1,POWER,3.20
1765674953965,CH1,POWER,3.20
1765674953970,CH1,POWER,3.20
1765674953976,CH1,POWER,3.20
1765674953981,CH1,POWER,3.20
1765674953986,CH1,POWER,3.20
1765674953990,CH1,POWER,3.20
1765674953996,CH1,POWER,3.20
1765674954001,CH1,POWER,3.20
1765674954006,CH1,POWER,3.20
1765674954011,CH1,POWER,3.20
1765674954016,CH1,POWER,3.20
1765674954020,CH1,POWER,3.20
1765674954026,CH1,POWER,3.20
1765674954030,CH1,POWER,3.20
1765674954035,CH1,POWER,3.20
1765674954040,CH1,POWER,3.20
1765674954045,CH1,POWER,3.20
1765674954051,CH1,POWER,3.20
1765674954056,CH1,POWER,3.20
1765674954060,CH1,POWER,3.20
1765674954065,CH1,POWER,3.20
1765674954070,CH1,POWER,3.20
1765674954075,CH1,POWER,3.20
1765674954080,CH1,POWER,3.20
1765674954085,CH1,POWER,3.20
1765674954089,CH1,POWER,3.20
1765674954093,CH1,POWER,3.20
1765674954097,CH1,POWER,3.20
1765674954103,CH1,POWER,3.20
1765674954107,CH1,POWER,3.20
1765674954114,CH1,POWER,3.20
1765674954120,CH1,POWER,3.20
1765674954125,CH1,POWER,3.20
1765674954130,CH1,POWER,3.20
1765674954135,CH1,POWER,3.20
1765674954139,CH1,POWER,3.20
1765674954143,CH1,POWER,3.20
1765674954147,CH1,POWER,3.20
1765674954154,CH1,POWER,3.20
1765674954158,CH1,POWER,3.20
1765674954163,CH1,POWER,3.20
1765674954167,CH1,POWER,3.20
1765674954171,CH1,POWER,3.20
1765674954176,CH1,POWER,3.20
1765674954184,CH1,POWER,3.20
1765674954186,CH1,POWER,3.20
1765674954189,CH1,POWER,3.20
1765674954215,CH1,POWER,3.20
1765674954220,CH1,POWER,3.20
1765674954226,CH1,POWER,3.20
1765674954230,CH1,POWER,3.20
1765674954238,CH1,POWER,3.20
1765674954243,CH1,POWER,3.20
1765674954248,CH1,POWER,3.20
1765674954253,CH1,POWER,3.20
1765674954258,CH1,POWER,3.20
1765674954263,CH1,POWER,3.20
1765674954268,CH1,POWER,3.20
1765674954272,CH1,POWER,3.20
1765674954278,CH1,POWER,3.20
1765674954282,CH1,POWER,3.20
1765674954288,CH1,POWER,3.20
1765674954293,CH1,POWER,3.20
1765674954298,CH1,POWER,3.20
1765674954303,CH1,POWER,3.20
1765674954308,CH1,POWER,3.20
1765674954312,CH1,POWER,3.20
1765674954317,CH1,POWER,3.20
1765674954323,CH1,POWER,3.20
1765674954328,CH1,POWER,3.20
1765674954333,CH1,POWER,3.20
1765674954338,CH1,POWER,3.20
1765674954343,CH1,POWER,3.20
1765674954348,CH1,POWER,3.20
1765674954356,CH1,POWER,3.20
1765674954360,CH1,POWER,3.20
1765674954365,CH1,POWER,3.20
1765674954369,CH1,POWER,3.20
1765674954376,CH1,POWER,3.20
1765674954381,CH1,POWER,3.20
1765674954387,CH1,POWER,3.20
1765674954393,CH1,POWER,3.20
1765674954398,CH1,POWER,3.20
1765674954403,CH1,POWER,3.20
1765674954408,CH1,POWER,3.20
1765674954413,CH1,POWER,3.20
1765674954418,CH1,POWER,3.20
1765674954422,CH1,POWER,3.20
1765674954427,CH1,POWER,3.20
1765674954432,CH1,POWER,3.20
1765674954438,CH1,POWER,3.20
1765674954442,CH1,POWER,3.20
1765674954447,CH1,POWER,3.20
1765674954451,CH1,POWER,3.20
1765674954455,CH1,POWER,3.20
1765674954459,CH1,POWER,3.20
1765674954466,CH1,POWER,3.20
1765674954471,CH1,POWER,3.20
1765674954477,CH1,POWER,3.20
1765674954482,CH1,POWER,3.20
1765674954487,CH1,POWER,3.20
1765674954492,CH1,POWER,3.20
1765674954498,CH1,POWER,3.20
1765674954502,CH1,POWER,3.20
1765674954507,CH1,POWER,3.20
1765674954511,CH1,POWER,3.20
1765674954518,CH1,POWER,3.20
1765674954523,CH1,POWER,3.20
1765674954528,CH1,POWER,3.20
1765674954533,CH1,POWER,3.20
1765674954538,CH1,POWER,3.20
1765674954546,CH1,POWER,3.20
1765674954551,CH1,POWER,3.20
1765674954555,CH1,POWER,3.20
1765674954560,CH1,POWER,3.20
1765674954566,CH1,POWER,3.20
1765674954570,CH1,POWER,3.20
1765674954572,CH1,POWER,3.20
1765674954600,CH1,POWER,3.20
1765674954605,CH1,POWER,3.20
1765674954610,CH1,POWER,3.20
1765674954618,CH1,POWER,3.20
1765674954623,CH1,POWER,3.20
1765674954627,CH1,POWER,3.20
1765674954632,CH1,POWER,3.20
1765674954638,CH1,POWER,3.20
1765674954643,CH1,POWER,3.20
1765674954649,CH1,POWER,3.20
1765674954655,CH1,POWER,3.20
1765674954660,CH1,POWER,3.20
1765674954666,CH1,POWER,3.20
1765674954671,CH1,POWER,3.20
1765674954677,CH1,POWER,3.20
1765674954681,CH1,POWER,3.20
1765674954688,CH1,POWER,3.20
1765674954693,CH1,POWER,3.20
1765674954700,CH1,POWER,3.20
1765674954708,CH1,POWER,3.20
1765674954713,CH1,POWER,3.20
1765674954719,CH1,POWER,3.20
1765674954724,CH1,POWER,3.20
1765674954730,CH1,POWER,3.20
1765674954735,CH1,POWER,3.20
1765674954740,CH1,POWER,3.20
1765674954745,CH1,POWER,3.20
1765674954750,CH1,POWER,3.20
1765674954758,CH1,POWER,3.20
1765674954763,CH1,POWER,3.20
1765674954770,CH1,POWER,3.20
1765674954778,CH1,POWER,3.20
1765674954783,CH1,POWER,3.20
1765674954790,CH1,POWER,3.20
1765674954795,CH1,POWER,3.20
1765674954800,CH1,POWER,3.20
1765674954805,CH1,POWER,3.20
1765674954810,CH1,POWER,3.20
1765674954814,CH1,POWER,3.20
1765674954820,CH1,POWER,3.20
1765674954825,CH1,POWER,3.20
1765674954830,CH1,POWER,3.20
1765674954834,CH1,POWER,3.20
1765674954840,CH1,POWER,3.20
1765674954845,CH1,POWER,3.20
1765674954850,CH1,POWER,3.20
1765674954854,CH1,POWER,3.20
1765674954860,CH1,POWER,3.20
1765674954865,CH1,POWER,3.20
1765674954870,CH1,POWER,3.20
1765674954878,CH1,POWER,3.20
1765674954883,CH1,POWER,3.20
1765674954890,CH1,POWER,3.20
1765674954898,CH1,POWER,3.20
1765674954903,CH1,POWER,3.20
1765674954910,CH1,POWER,3.20
1765674954915,CH1,POWER,3.20
1765674954920,CH1,POWER,3.20
1765674954924,CH1,POWER,3.20
1765674954929,CH1,POWER,3.20
1765674954935,CH1,POWER,3.20
1765674954940,CH1,POWER,3.20
1765674954944,CH1,POWER,3.20
1765674954949,CH1,POWER,3.20
1765674954954,CH1,POWER,3.20
1765674954959,CH1,POWER,3.20
1765674954962,CH1,POWER,3.20
1765674954988,CH1,POWER,3.45
1765674954994,CH1,POWER,3.45
1765674954999,CH1,POWER,3.45
1765674955003,CH1,POWER,3.45
1765674955010,CH1,POWER,3.45
1765674955015,CH1,POWER,3.45
1765674955022,CH1,POWER,3.45
1765674955026,CH1,POWER,3.45
1765674955031,CH1,POWER,3.45
1765674955035,CH1,POWER,3.45
1765674955041,CH1,POWER,3.45
1765674955046,CH1,POWER,3.45
1765674955052,CH1,POWER,3.45
1765674955057,CH1,POWER,3.45
1765674955062,CH1,POWER,3.45
1765674955067,CH1,POWER,3.45
1765674955072,CH1,POWER,3.45
1765674955080,CH1,POWER,3.45
1765674955086,CH1,POWER,3.45
1765674955092,CH1,POWER,3.45
1765674955097,CH1,POWER,3.45
1765674955102,CH1,POWER,3.45
1765674955106,CH1,POWER,3.45
1765674955112,CH1,POWER,3.45
1765674955116,CH1,POWER,3.45
1765674955122,CH1,POWER,3.45
1765674955126,CH1,POWER,3.45
1765674955131,CH1,POWER,3.45
1765674955137,CH1,POWER,3.45
1765674955142,CH1,POWER,3.45
1765674955147,CH1,POWER,3.45
1765674955152,CH1,POWER,3.45
1765674955156,CH1,POWER,3.45
1765674955162,CH1,POWER,3.45
1765674955170,CH1,POWER,3.45
1765674955175,CH1,POWER,3.45
1765674955181,CH1,POWER,3.45
1765674955186,CH1,POWER,3.45
1765674955192,CH1,POWER,3.45
1765674955200,CH1,POWER,3.45
1765674955205,CH1,POWER,3.45
1765674955212,CH1,POWER,3.45
1765674955216,CH1,POWER,3.45
1765674955221,CH1,POWER,3.45
1765674955227,CH1,POWER,3.45
1765674955232,CH1,POWER,3.45
1765674955237,CH1,POWER,3.45
1765674955242,CH1,POWER,3.45
1765674955247,CH1,POWER,3.45
1765674955252,CH1,POWER,3.45
1765674955259,CH1,POWER,3.45
1765674955264,CH1,POWER,3.45
1765674955269,CH1,POWER,3.45
1765674955273,CH1,POWER,3.45
1765674955280,CH1,POWER,3.45
1765674955284,CH1,POWER,3.45
1765674955289,CH1,POWER,3.45
1765674955294,CH1,POWER,3.45
1765674955300,CH1,POWER,3.45
1765674955304,CH1,POWER,3.45
1765674955310,CH1,POWER,3.45
1765674955315,CH1,POWER,3.45
1765674955319,CH1,POWER,3.45
1765674955325,CH1,POWER,3.45
1765674955332,CH1,POWER,3.45
1765674955337,CH1,POWER,3.45
1765674955342,CH1,POWER,3.45
1765674955346,CH1,POWER,3.45
1765674955351,CH1,POWER,3.45
1765674955354,CH1,POWER,3.20
1765674955356,CH1,POWER,3.20
1765674955384,CH1,POWER,3.20
1765674955389,CH1,POWER,3.20
1765674955394,CH1,POWER,3.20
1765674955398,CH1,POWER,3.20
1765674955403,CH1,POWER,3.20
1765674955408,CH1,POWER,3.20
1765674955414,CH1,POWER,3.20
1765674955418,CH1,POWER,3.20
1765674955424,CH1,POWER,3.20
1765674955429,CH1,POWER,3.20
1765674955434,CH1,POWER,3.20
1765674955438,CH1,POWER,3.20
1765674955444,CH1,POWER,3.20
1765674955449,CH1,POWER,3.20
1765674955454,CH1,POWER,3.20
1765674955459,CH1,POWER,3.20
1765674955464,CH1,POWER,3.20
1765674955468,CH1,POWER,3.20
1765674955474,CH1,POWER,3.20
1765674955478,CH1,POWER,3.20
1765674955484,CH1,POWER,3.20
1765674955492,CH1,POWER,3.20
1765674955497,CH1,POWER,3.20
1765674955504,CH1,POWER,3.20
1765674955509,CH1,POWER,3.20
1765674955514,CH1,POWER,3.20
1765674955518,CH1,POWER,3.20
1765674955523,CH1,POWER,3.20
1765674955528,CH1,POWER,3.20
1765674955533,CH1,POWER,3.20
1765674955538,CH1,POWER,3.20
1765674955544,CH1,POWER,3.20
1765674955549,CH1,POWER,3.20
1765674955554,CH1,POWER,3.20
1765674955561,CH1,POWER,3.20
1765674955566,CH1,POWER,3.20
1765674955572,CH1,POWER,3.20
1765674955578,CH1,POWER,3.20
1765674955584,CH1,POWER,3.20
1765674955589,CH1,POWER,3.20
1765674955594,CH1,POWER,3.20
1765674955599,CH1,POWER,3.20
1765674955604,CH1,POWER,3.20
1765674955609,CH1,POWER,3.20
1765674955614,CH1,POWER,3.20
1765674955619,CH1,POWER,3.20
1765674955624,CH1,POWER,3.20
1765674955632,CH1,POWER,3.20
1765674955637,CH1,POWER,3.20
1765674955644,CH1,POWER,3.20
1765674955652,CH1,POWER,3.20
1765674955658,CH1,POWER,3.20
1765674955663,CH1,POWER,3.20
1765674955668,CH1,POWER,3.20
1765674955674,CH1,POWER,3.20
1765674955679,CH1,POWER,3.20
1765674955684,CH1,POWER,3.20
1765674955689,CH1,POWER,3.20
1765674955694,CH1,POWER,3.20
1765674955698,CH1,POWER,3.20
1765674955704,CH1,POWER,3.20
1765674955708,CH1,POWER,3.20
1765674955714,CH1,POWER,3.20
1765674955719,CH1,POWER,3.20
1765674955724,CH1,POWER,3.20
1765674955728,CH1,POWER,3.20
1765674955734,CH1,POWER,3.20
1765674955738,CH1,POWER,3.25
1765674955766,CH1,POWER,3.25
1765674955771,CH1,POWER,3.25
1765674955776,CH1,POWER,3.25
1765674955784,CH1,POWER,3.25
1765674955789,CH1,POWER,3.25
1765674955796,CH1,POWER,3.25
1765674955801,CH1,POWER,3.25
1765674955806,CH1,POWER,3.25
1765674955811,CH1,POWER,3.25
1765674955816,CH1,POWER,3.25
1765674955820,CH1,POWER,3.25
1765674955826,CH1,POWER,3.25
1765674955831,CH1,POWER,3.25
1765674955836,CH1,POWER,3.25
1765674955841,CH1,POWER,3.25
1765674955846,CH1,POWER,3.25
1765674955851,CH1,POWER,3.25
1765674955855,CH1,POWER,3.25
1765674955860,CH1,POWER,3.25
1765674955865,CH1,POWER,3.25
1765674955870,CH1,POWER,3.25
1765674955876,CH1,POWER,3.25
1765674955881,CH1,POWER,3.25
1765674955886,CH1,POWER,3.25
1765674955890,CH1,POWER,3.25
1765674955895,CH1,POWER,3.25
1765674955901,CH1,POWER,3.25
1765674955906,CH1,POWER,3.25
1765674955914,CH1,POWER,3.25
1765674955919,CH1,POWER,3.25
1765674955926,CH1,POWER,3.25
1765674955931,CH1,POWER,3.25
1765674955936,CH1,POWER,3.25
1765674955941,CH1,POWER,3.25
1765674955946,CH1,POWER,3.25
1765674955951,CH1,POWER,3.25
1765674955956,CH1,POWER,3.25
1765674955960,CH1,POWER,3.25
1765674955965,CH1,POWER,3.25
1765674955969,CH1,POWER,3.25
1765674955976,CH1,POWER,3.25
1765674955984,CH1,POWER,3.25
1765674955989,CH1,POWER,3.25
1765674955996,CH1,POWER,3.25
1765674956001,CH1,POWER,3.25
1765674956006,CH1,POWER,3.25
1765674956011,CH1,POWER,3.25
1765674956016,CH1,POWER,3.25
1765674956024,CH1,POWER,3.25
1765674956029,CH1,POWER,3.25
1765674956036,CH1,POWER,3.25
1765674956041,CH1,POWER,3.25
1765674956046,CH1,POWER,3.25
1765674956051,CH1,POWER,3.25
1765674956056,CH1,POWER,3.25
1765674956061,CH1,POWER,3.25
1765674956066,CH1,POWER,3.25
1765674956071,CH1,POWER,3.25
1765674956076,CH1,POWER,3.25
1765674956084,CH1,POWER,3.25
1765674956089,CH1,POWER,3.25
1765674956096,CH1,POWER,3.25
1765674956100,CH1,POWER,3.25
1765674956105,CH1,POWER,3.25
1765674956109,CH1,POWER,3.25
1765674956116,CH1,POWER,3.25
1765674956123,CH1,POWER,3.25
1765674956126,CH1,POWER,3.25
1765674956129,CH1,POWER,3.25
1765674956155,CH1,POWER,3.25
1765674956160,CH1,POWER,3.25
1765674956165,CH1,POWER,3.25
1765674956170,CH1,POWER,3.25
1765674956176,CH1,POWER,3.25
1765674956181,CH1,POWER,3.25
1765674956188,CH1,POWER,3.25
1765674956192,CH1,POWER,3.25
1765674956197,CH1,POWER,3.25
1765674956202,CH1,POWER,3.25
1765674956208,CH1,POWER,3.25
1765674956213,CH1,POWER,3.25
1765674956218,CH1,POWER,3.25
1765674956223,CH1,POWER,3.25
1765674956228,CH1,POWER,3.25
1765674956232,CH1,POWER,3.25
1765674956237,CH1,POWER,3.25
1765674956242,CH1,POWER,3.25
1765674956247,CH1,POWER,3.25
1765674956252,CH1,POWER,3.25
1765674956258,CH1,POWER,3.25
1765674956263,CH1,POWER,3.25
1765674956268,CH1,POWER,3.25
1765674956276,CH1,POWER,3.25
1765674956280,CH1,POWER,3.25
1765674956285,CH1,POWER,3.25
1765674956290,CH1,POWER,3.25
1765674956295,CH1,POWER,3.25
1765674956300,CH1,POWER,3.25
1765674956308,CH1,POWER,3.25
1765674956313,CH1,POWER,3.25
1765674956318,CH1,POWER,3.25
1765674956323,CH1,POWER,3.25
1765674956328,CH1,POWER,3.25
1765674956336,CH1,POWER,3.25
1765674956341,CH1,POWER,3.25
1765674956348,CH1,POWER,3.25
1765674956353,CH1,POWER,3.25
1765674956358,CH1,POWER,3.25
1765674956366,CH1,POWER,3.25
1765674956372,CH1,POWER,3.25
1765674956377,CH1,POWER,3.25
1765674956382,CH1,POWER,3.25
1765674956387,CH1,POWER,3.25
1765674956391,CH1,POWER,3.25
1765674956398,CH1,POWER,3.25
1765674956406,CH1,POWER,3.25
1765674956412,CH1,POWER,3.25
1765674956417,CH1,POWER,3.25
1765674956422,CH1,POWER,3.25
1765674956428,CH1,POWER,3.25
1765674956436,CH1,POWER,3.25
1765674956441,CH1,POWER,3.25
1765674956448,CH1,POWER,3.25
1765674956456,CH1,POWER,3.25
1765674956462,CH1,POWER,3.25
1765674956467,CH1,POWER,3.25
1765674956472,CH1,POWER,3.25
1765674956478,CH1,POWER,3.25
1765674956486,CH1,POWER,3.25
1765674956491,CH1,POWER,3.25
1765674956498,CH1,POWER,3.25
1765674956503,CH1,POWER,3.25
1765674956508,CH1,POWER,3.25
1765674956515,CH1,POWER,3.25
1765674956518,CH1,POWER,3.65
1765674956520,CH1,POWER,3.65
1765674956547,CH1,POWER,3.65
1765674956552,CH1,POWER,3.65
1765674956557,CH1,POWER,3.65
1765674956563,CH1,POWER,3.65
1765674956570,CH1,POWER,3.65
1765674956578,CH1,POWER,3.65
1765674956583,CH1,POWER,3.65
1765674956590,CH1,POWER,3.65
1765674956595,CH1,POWER,3.65
1765674956600,CH1,POWER,3.65
1765674956605,CH1,POWER,3.65
1765674956609,CH1,POWER,3.65
1765674956614,CH1,POWER,3.65
1765674956619,CH1,POWER,3.65
1765674956625,CH1,POWER,3.65
1765674956630,CH1,POWER,3.65
1765674956634,CH1,POWER,3.65
1765674956640,CH1,POWER,3.65
1765674956645,CH1,POWER,3.65
1765674956650,CH1,POWER,3.65
1765674956653,CH1,POWER,3.65
1765674956659,CH1,POWER,3.65
1765674956664,CH1,POWER,3.65
1765674956670,CH1,POWER,3.65
1765674956675,CH1,POWER,3.65
1765674956680,CH1,POWER,3.65
1765674956685,CH1,POWER,3.65
1765674956690,CH1,POWER,3.65
1765674956695,CH1,POWER,3.65
1765674956700,CH1,POWER,3.65
1765674956708,CH1,POWER,3.65
1765674956713,CH1,POWER,3.65
1765674956720,CH1,POWER,3.65
1765674956724,CH1,POWER,3.65
1765674956728,CH1,POWER,3.65
1765674956733,CH1,POWER,3.65
1765674956740,CH1,POWER,3.65
1765674956745,CH1,POWER,3.65
1765674956749,CH1,POWER,3.65
1765674956754,CH1,POWER,3.65
1765674956759,CH1,POWER,3.65
1765674956764,CH1,POWER,3.65
1765674956769,CH1,POWER,3.65
1765674956774,CH1,POWER,3.65
1765674956779,CH1,POWER,3.65
1765674956783,CH1,POWER,3.65
1765674956790,CH1,POWER,3.65
1765674956795,CH1,POWER,3.65
1765674956800,CH1,POWER,3.65
1765674956805,CH1,POWER,3.65
1765674956810,CH1,POWER,3.65
1765674956815,CH1,POWER,3.65
1765674956820,CH1,POWER,3.65
1765674956828,CH1,POWER,3.65
1765674956833,CH1,POWER,3.65
1765674956838,CH1,POWER,3.65
1765674956843,CH1,POWER,3.65
1765674956849,CH1,POWER,3.65
1765674956853,CH1,POWER,3.65
1765674956860,CH1,POWER,3.65
1765674956868,CH1,POWER,3.65
1765674956873,CH1,POWER,3.65
1765674956879,CH1,POWER,3.65
1765674956884,CH1,POWER,3.65
1765674956888,CH1,POWER,3.65
1765674956893,CH1,POWER,3.65
1765674956900,CH1,POWER,3.65
1765674956903,CH1,POWER,3.20
1765674956929,CH1,POWER,3.20
1765674956934,CH1,POWER,3.20
1765674956939,CH1,POWER,3.20
1765674956943,CH1,POWER,3.20
1765674956950,CH1,POWER,3.20
1765674956955,CH1,POWER,3.20
1765674956961,CH1,POWER,3.20
1765674956966,CH1,POWER,3.20
1765674956971,CH1,POWER,3.20
1765674956977,CH1,POWER,3.20
1765674956981,CH1,POWER,3.20
1765674956986,CH1,POWER,3.20
1765674956991,CH1,POWER,3.20
1765674956996,CH1,POWER,3.20
1765674957000,CH1,POWER,3.20
1765674957005,CH1,POWER,3.20
1765674957011,CH1,POWER,3.20
1765674957016,CH1,POWER,3.20
1765674957020,CH1,POWER,3.20
1765674957025,CH1,POWER,3.20
1765674957031,CH1,POWER,3.20
1765674957036,CH1,POWER,3.20
1765674957040,CH1,POWER,3.20
1765674957045,CH1,POWER,3.20
1765674957052,CH1,POWER,3.20
1765674957057,CH1,POWER,3.20
1765674957062,CH1,POWER,3.20
1765674957067,CH1,POWER,3.20
1765674957071,CH1,POWER,3.20
1765674957076,CH1,POWER,3.20
1765674957080,CH1,POWER,3.20
1765674957085,CH1,POWER,3.20
1765674957091,CH1,POWER,3.20
1765674957096,CH1,POWER,3.20
1765674957101,CH1,POWER,3.20
1765674957107,CH1,POWER,3.20
1765674957111,CH1,POWER,3.20
1765674957116,CH1,POWER,3.20
1765674957122,CH1,POWER,3.20
1765674957127,CH1,POWER,3.20
1765674957132,CH1,POWER,3.20
1765674957140,CH1,POWER,3.20
1765674957145,CH1,POWER,3.20
1765674957152,CH1,POWER,3.20
1765674957157,CH1,POWER,3.20
1765674957162,CH1,POWER,3.20
1765674957167,CH1,POWER,3.20
1765674957172,CH1,POWER,3.20
1765674957177,CH1,POWER,3.20
1765674957181,CH1,POWER,3.20
1765674957186,CH1,POWER,3.20
1765674957191,CH1,POWER,3.20
1765674957196,CH1,POWER,3.20
1765674957201,CH1,POWER,3.20
1765674957206,CH1,POWER,3.20
1765674957211,CH1,POWER,3.20
1765674957216,CH1,POWER,3.20
1765674957220,CH1,POWER,3.20
1765674957225,CH1,POWER,3.20
1765674957228,CH1,POWER,3.20
1765674957233,CH1,POWER,3.20
1765674957239,CH1,POWER,3.20
1765674957244,CH1,POWER,3.20
1765674957248,CH1,POWER,3.20
1765674957253,CH1,POWER,3.20
1765674957260,CH1,POWER,3.20
1765674957265,CH1,POWER,3.20
1765674957271,CH1,POWER,3.20
1765674957276,CH1,POWER,3.20
1765674957281,CH1,POWER,3.20
1765674957286,CH1,POWER,3.20
1765674957314,CH1,POWER,3.15
1765674957319,CH1,POWER,3.15
1765674957323,CH1,POWER,3.15
1765674957328,CH1,POWER,3.15
1765674957333,CH1,POWER,3.15
1765674957338,CH1,POWER,3.15
1765674957344,CH1,POWER,3.15
1765674957349,CH1,POWER,3.15
1765674957353,CH1,POWER,3.15
1765674957358,CH1,POWER,3.15
1765674957363,CH1,POWER,3.15
1765674957369,CH1,POWER,3.15
1765674957374,CH1,POWER,3.15
1765674957379,CH1,POWER,3.15
1765674957384,CH1,POWER,3.15
1765674957389,CH1,POWER,3.15
1765674957393,CH1,POWER,3.15
1765674957397,CH1,POWER,3.15
1765674957403,CH1,POWER,3.15
1765674957407,CH1,POWER,3.15
1765674957414,CH1,POWER,3.15
1765674957419,CH1,POWER,3.15
1765674957423,CH1,POWER,3.15
1765674957428,CH1,POWER,3.15
1765674957433,CH1,POWER,3.15
1765674957438,CH1,POWER,3.15
1765674957444,CH1,POWER,3.15
1765674957449,CH1,POWER,3.15
1765674957454,CH1,POWER,3.15
1765674957459,CH1,POWER,3.15
1765674957463,CH1,POWER,3.15
1765674957468,CH1,POWER,3.15
1765674957473,CH1,POWER,3.15
1765674957477,CH1,POWER,3.15
1765674957483,CH1,POWER,3.15
1765674957487,CH1,POWER,3.15
1765674957494,CH1,POWER,3.15
1765674957499,CH1,POWER,3.15
1765674957503,CH1,POWER,3.15
1765674957508,CH1,POWER,3.15
1765674957514,CH1,POWER,3.15
1765674957519,CH1,POWER,3.15
1765674957524,CH1,POWER,3.15
1765674957529,CH1,POWER,3.15
1765674957533,CH1,POWER,3.15
1765674957538,CH1,POWER,3.15
1765674957542,CH1,POWER,3.15
1765674957547,CH1,POWER,3.15
1765674957554,CH1,POWER,3.15
1765674957562,CH1,POWER,3.15
1765674957567,CH1,POWER,3.15
1765674957573,CH1,POWER,3.15
1765674957578,CH1,POWER,3.15
1765674957582,CH1,POWER,3.15
1765674957587,CH1,POWER,3.15
1765674957594,CH1,POWER,3.15
1765674957599,CH1,POWER,3.15
1765674957604,CH1,POWER,3.15
1765674957609,CH1,POWER,3.15
1765674957614,CH1,POWER,3.15
1765674957619,CH1,POWER,3.15
1765674957624,CH1,POWER,3.15
1765674957632,CH1,POWER,3.15
1765674957637,CH1,POWER,3.15
1765674957644,CH1,POWER,3.15
1765674957649,CH1,POWER,3.15
1765674957654,CH1,POWER,3.15
1765674957659,CH1,POWER,3.15
1765674957664,CH1,POWER,3.15
1765674957669,CH1,POWER,3.15
1765674957673,CH1,POWER,3.15
1765674957676,CH1,POWER,3.25
1765674957702,CH1,POWER,3.25
1765674957707,CH1,POWER,3.25
1765674957713,CH1,POWER,3.25
1765674957718,CH1,POWER,3.25
1765674957722,CH1,POWER,3.25
1765674957727,CH1,POWER,3.25
1765674957733,CH1,POWER,3.25
1765674957738,CH1,POWER,3.25
1765674957746,CH1,POWER,3.25
1765674957751,CH1,POWER,3.25
1765674957756,CH1,POWER,3.25
1765674957761,CH1,POWER,3.25
1765674957766,CH1,POWER,3.25
1765674957771,CH1,POWER,3.25
1765674957776,CH1,POWER,3.25
1765674957784,CH1,POWER,3.25
1765674957788,CH1,POWER,3.25
1765674957795,CH1,POWER,3.25
1765674957800,CH1,POWER,3.25
1765674957805,CH1,POWER,3.25
1765674957809,CH1,POWER,3.25
1765674957815,CH1,POWER,3.25
1765674957820,CH1,POWER,3.25
1765674957825,CH1,POWER,3.25
1765674957831,CH1,POWER,3.25
1765674957836,CH1,POWER,3.25
1765674957841,CH1,POWER,3.25
1765674957845,CH1,POWER,3.25
1765674957850,CH1,POWER,3.25
1765674957854,CH1,POWER,3.25
1765674957858,CH1,POWER,3.25
1765674957866,CH1,POWER,3.25
1765674957874,CH1,POWER,3.25
1765674957879,CH1,POWER,3.25
1765674957885,CH1,POWER,3.25
1765674957890,CH1,POWER,3.25
1765674957894,CH1,POWER,3.25
1765674957901,CH1,POWER,3.25
1765674957906,CH1,POWER,3.25
1765674957911,CH1,POWER,3.25
1765674957916,CH1,POWER,3.25
1765674957921,CH1,POWER,3.25
1765674957925,CH1,POWER,3.25
1765674957931,CH1,POWER,3.25
1765674957935,CH1,POWER,3.25
1765674957941,CH1,POWER,3.25
1765674957946,CH1,POWER,3.25
1765674957951,CH1,POWER,3.25
1765674957955,CH1,POWER,3.25
1765674957964,CH1,POWER,3.25
1765674957969,CH1,POWER,3.25
1765674957975,CH1,POWER,3.25
1765674957980,CH1,POWER,3.25
1765674957984,CH1,POWER,3.25
1765674957989,CH1,POWER,3.25
1765674957996,CH1,POWER,3.25
1765674958001,CH1,POWER,3.25
1765674958006,CH1,POWER,3.25
1765674958011,CH1,POWER,3.25
1765674958016,CH1,POWER,3.25
1765674958024,CH1,POWER,3.25
1765674958029,CH1,POWER,3.25
1765674958036,CH1,POWER,3.25
1765674958041,CH1,POWER,3.25
1765674958046,CH1,POWER,3.25
1765674958051,CH1,POWER,3.25
1765674958055,CH1,POWER,3.25
1765674958061,CH1,POWER,3.25
1765674958065,CH1,POWER,3.25
1765674958068,CH1,POWER,3.25
1765674958070,CH1,POWER,3.25
1765674958098,CH1,POWER,3.25
1765674958103,CH1,POWER,3.25
1765674958107,CH1,POWER,3.25
1765674958112,CH1,POWER,3.25
1765674958117,CH1,POWER,3.25
1765674958121,CH1,POWER,3.25
1765674958128,CH1,POWER,3.25
1765674958133,CH1,POWER,3.25
1765674958137,CH1,POWER,3.25
1765674958143,CH1,POWER,3.25
1765674958148,CH1,POWER,3.25
1765674958153,CH1,POWER,3.25
1765674958158,CH1,POWER,3.25
1765674958163,CH1,POWER,3.25
1765674958167,CH1,POWER,3.25
1765674958171,CH1,POWER,3.25
1765674958178,CH1,POWER,3.25
1765674958183,CH1,POWER,3.25
1765674958188,CH1,POWER,3.25
1765674958193,CH1,POWER,3.25
1765674958197,CH1,POWER,3.25
1765674958202,CH1,POWER,3.25
1765674958206,CH1,POWER,3.25
1765674958211,CH1,POWER,3.25
1765674958218,CH1,POWER,3.25
1765674958223,CH1,POWER,3.25
1765674958227,CH1,POWER,3.25
1765674958231,CH1,POWER,3.25
1765674958237,CH1,POWER,3.25
1765674958241,CH1,POWER,3.25
1765674958247,CH1,POWER,3.25
1765674958251,CH1,POWER,3.25
1765674958257,CH1,POWER,3.25
1765674958261,CH1,POWER,3.25
1765674958268,CH1,POWER,3.25
1765674958276,CH1,POWER,3.25
1765674958281,CH1,POWER,3.25
1765674958287,CH1,POWER,3.25
1765674958292,CH1,POWER,3.25
1765674958297,CH1,POWER,3.25
1765674958301,CH1,POWER,3.25
1765674958308,CH1,POWER,3.25
1765674958313,CH1,POWER,3.25
1765674958317,CH1,POWER,3.25
1765674958322,CH1,POWER,3.25
1765674958327,CH1,POWER,3.25
1765674958331,CH1,POWER,3.25
1765674958338,CH1,POWER,3.25
1765674958343,CH1,POWER,3.25
1765674958347,CH1,POWER,3.25
1765674958356,CH1,POWER,3.25
1765674958361,CH1,POWER,3.25
1765674958367,CH1,POWER,3.25
1765674958372,CH1,POWER,3.25
1765674958376,CH1,POWER,3.25
1765674958380,CH1,POWER,3.25
1765674958387,CH1,POWER,3.25
1765674958391,CH1,POWER,3.25
1765674958398,CH1,POWER,3.25
1765674958403,CH1,POWER,3.25
1765674958407,CH1,POWER,3.25
1765674958411,CH1,POWER,3.25
1765674958417,CH1,POWER,3.25
1765674958426,CH1,POWER,3.25
1765674958430,CH1,POWER,3.25
1765674958436,CH1,POWER,3.25
1765674958443,CH1,POWER,3.25
1765674958448,CH1,POWER,3.25
1765674958453,CH1,POWER,3.25
1765674958456,CH1,POWER,3.20
1765674958458,CH1,POWER,3.20
1765674958461,CH1,POWER,3.20
1765674958487,CH1,POWER,3.20
1765674958492,CH1,POWER,3.20
1765674958496,CH1,POWER,3.20
1765674958500,CH1,POWER,3.20
1765674958505,CH1,POWER,3.20
1765674958509,CH1,POWER,3.20
1765674958515,CH1,POWER,3.20
1765674958520,CH1,POWER,3.20
1765674958527,CH1,POWER,3.20
1765674958532,CH1,POWER,3.20
1765674958536,CH1,POWER,3.20
1765674958541,CH1,POWER,3.20
1765674958548,CH1,POWER,3.20
1765674958554,CH1,POWER,3.20
1765674958559,CH1,POWER,3.20
1765674958563,CH1,POWER,3.20
1765674958569,CH1,POWER,3.20
1765674958574,CH1,POWER,3.20
1765674958578,CH1,POWER,3.20
1765674958585,CH1,POWER,3.20
1765674958590,CH1,POWER,3.20
1765674958595,CH1,POWER,3.20
1765674958599,CH1,POWER,3.20
1765674958604,CH1,POWER,3.20
1765674958609,CH1,POWER,3.20
1765674958613,CH1,POWER,3.20
1765674958619,CH1,POWER,3.20
1765674958628,CH1,POWER,3.20
1765674958633,CH1,POWER,3.20
1765674958640,CH1,POWER,3.20
1765674958645,CH1,POWER,3.20
1765674958650,CH1,POWER,3.20
1765674958655,CH1,POWER,3.20
1765674958659,CH1,POWER,3.20
1765674958666,CH1,POWER,3.20
1765674958671,CH1,POWER,3.20
1765674958678,CH1,POWER,3.20
1765674958683,CH1,POWER,3.20
1765674958690,CH1,POWER,3.20
1765674958695,CH1,POWER,3.20
1765674958700,CH1,POWER,3.20
1765674958705,CH1,POWER,3.20
1765674958710,CH1,POWER,3.20
1765674958715,CH1,POWER,3.20
1765674958719,CH1,POWER,3.20
1765674958723,CH1,POWER,3.20
1765674958730,CH1,POWER,3.20
1765674958735,CH1,POWER,3.20
1765674958740,CH1,POWER,3.20
1765674958745,CH1,POWER,3.20
1765674958750,CH1,POWER,3.20
1765674958755,CH1,POWER,3.20
1765674958759,CH1,POWER,3.20
1765674958763,CH1,POWER,3.20
1765674958770,CH1,POWER,3.20
1765674958775,CH1,POWER,3.20
1765674958780,CH1,POWER,3.20
1765674958785,CH1,POWER,3.20
1765674958790,CH1,POWER,3.20
1765674958795,CH1,POWER,3.20
1765674958799,CH1,POWER,3.20
1765674958803,CH1,POWER,3.20
1765674958810,CH1,POWER,3.20
1765674958815,CH1,POWER,3.20
1765674958819,CH1,POWER,3.20
1765674958823,CH1,POWER,3.20
1765674958829,CH1,POWER,3.20
1765674958834,CH1,POWER,3.20
1765674958839,CH1,POWER,3.20
1765674958843,CH1,POWER,3.20
1765674958849,CH1,POWER,3.20
1765674958852,CH1,POWER,3.45
1765674958854,CH1,POWER,3.45
1765674958882,CH1,POWER,3.45
1765674958887,CH1,POWER,3.45
1765674958891,CH1,POWER,3.45
1765674958895,CH1,POWER,3.45
1765674958902,CH1,POWER,3.45
1765674958907,CH1,POWER,3.45
1765674958911,CH1,POWER,3.45
1765674958915,CH1,POWER,3.45
1765674958921,CH1,POWER,3.45
1765674958926,CH1,POWER,3.45
1765674958930,CH1,POWER,3.45
1765674958935,CH1,POWER,3.45
1765674958941,CH1,POWER,3.45
1765674958946,CH1,POWER,3.45
1765674958951,CH1,POWER,3.45
1765674958955,CH1,POWER,3.45
1765674958962,CH1,POWER,3.45
1765674958967,CH1,POWER,3.45
1765674958971,CH1,POWER,3.45
1765674958975,CH1,POWER,3.45
1765674958982,CH1,POWER,3.45
1765674958987,CH1,POWER,3.45
1765674958992,CH1,POWER,3.45
1765674958997,CH1,POWER,3.45
1765674959001,CH1,POWER,3.45
1765674959007,CH1,POWER,3.45
1765674959011,CH1,POWER,3.45
1765674959016,CH1,POWER,3.45
1765674959020,CH1,POWER,3.45
1765674959027,CH1,POWER,3.45
1765674959032,CH1,POWER,3.45
1765674959037,CH1,POWER,3.45
1765674959042,CH1,POWER,3.45
1765674959047,CH1,POWER,3.45
1765674959052,CH1,POWER,3.45
1765674959057,CH1,POWER,3.45
1765674959061,CH1,POWER,3.45
1765674959066,CH1,POWER,3.45
1765674959071,CH1,POWER,3.45
1765674959076,CH1,POWER,3.45
1765674959080,CH1,POWER,3.45
1765674959085,CH1,POWER,3.45
1765674959092,CH1,POWER,3.45
1765674959097,CH1,POWER,3.45
1765674959101,CH1,POWER,3.45
1765674959105,CH1,POWER,3.45
1765674959112,CH1,POWER,3.45
1765674959117,CH1,POWER,3.45
1765674959122,CH1,POWER,3.45
1765674959127,CH1,POWER,3.45
1765674959131,CH1,POWER,3.45
1765674959135,CH1,POWER,3.45
1765674959140,CH1,POWER,3.45
1765674959146,CH1,POWER,3.45
1765674959150,CH1,POWER,3.45
1765674959157,CH1,POWER,3.45
1765674959161,CH1,POWER,3.45
1765674959165,CH1,POWER,3.45
1765674959172,CH1,POWER,3.45
1765674959177,CH1,POWER,3.45
1765674959181,CH1,POWER,3.45
1765674959186,CH1,POWER,3.45
1765674959191,CH1,POWER,3.45
1765674959195,CH1,POWER,3.45
1765674959202,CH1,POWER,3.45
1765674959207,CH1,POWER,3.45
1765674959211,CH1,POWER,3.45
1765674959216,CH1,POWER,3.45
1765674959220,CH1,POWER,3.45
1765674959225,CH1,POWER,3.45
1765674959231,CH1,POWER,3.45
1765674959236,CH1,POWER,3.45
1765674959240,CH1,POWER,3.45
1765674959243,CH1,POWER,3.25
1765674959245,CH1,POWER,3.25
1765674959274,CH1,POWER,3.25
1765674959279,CH1,POWER,3.25
1765674959283,CH1,POWER,3.25
1765674959287,CH1,POWER,3.25
1765674959293,CH1,POWER,3.25
1765674959297,CH1,POWER,3.25
1765674959303,CH1,POWER,3.25
1765674959307,CH1,POWER,3.25
1765674959312,CH1,POWER,3.25
1765674959316,CH1,POWER,3.25
1765674959320,CH1,POWER,3.25
1765674959325,CH1,POWER,3.25
1765674959331,CH1,POWER,3.25
1765674959337,CH1,POWER,3.25
1765674959343,CH1,POWER,3.25
1765674959352,CH1,POWER,3.25
1765674959356,CH1,POWER,3.25
1765674959364,CH1,POWER,3.25
1765674959369,CH1,POWER,3.25
1765674959374,CH1,POWER,3.25
1765674959379,CH1,POWER,3.25
1765674959383,CH1,POWER,3.25
1765674959387,CH1,POWER,3.25
1765674959393,CH1,POWER,3.25
1765674959397,CH1,POWER,3.25
1765674959404,CH1,POWER,3.25
1765674959409,CH1,POWER,3.25
1765674959413,CH1,POWER,3.25
1765674959419,CH1,POWER,3.25
1765674959424,CH1,POWER,3.25
1765674959429,CH1,POWER,3.25
1765674959433,CH1,POWER,3.25
1765674959441,CH1,POWER,3.25
1765674959446,CH1,POWER,3.25
1765674959454,CH1,POWER,3.25
1765674959459,CH1,POWER,3.25
1765674959463,CH1,POWER,3.25
1765674959471,CH1,POWER,3.25
1765674959478,CH1,POWER,3.25
1765674959482,CH1,POWER,3.25
1765674959489,CH1,POWER,3.25
1765674959493,CH1,POWER,3.25
1765674959499,CH1,POWER,3.25
1765674959503,CH1,POWER,3.25
1765674959507,CH1,POWER,3.25
1765674959514,CH1,POWER,3.25
1765674959519,CH1,POWER,3.25
1765674959523,CH1,POWER,3.25
1765674959529,CH1,POWER,3.25
1765674959533,CH1,POWER,3.25
1765674959537,CH1,POWER,3.25
1765674959543,CH1,POWER,3.25
1765674959548,CH1,POWER,3.25
1765674959552,CH1,POWER,3.25
1765674959557,CH1,POWER,3.25
1765674959563,CH1,POWER,3.25
1765674959569,CH1,POWER,3.25
1765674959573,CH1,POWER,3.25
1765674959577,CH1,POWER,3.25
1765674959584,CH1,POWER,3.25
1765674959589,CH1,POWER,3.25
1765674959593,CH1,POWER,3.25
1765674959599,CH1,POWER,3.25
1765674959603,CH1,POWER,3.25
1765674959607,CH1,POWER,3.25
1765674959613,CH1,POWER,3.25
1765674959617,CH1,POWER,3.25
1765674959623,CH1,POWER,3.25
1765674959629,CH1,POWER,3.25
1765674959632,CH1,POWER,3.55
1765674959634,CH1,POWER,3.55
1765674959637,CH1,POWER,3.55
1765674959664,CH1,POWER,3.55
1765674959670,CH1,POWER,3.55
1765674959674,CH1,POWER,3.55
1765674959678,CH1,POWER,3.55
1765674959685,CH1,POWER,3.55
1765674959691,CH1,POWER,3.55
1765674959695,CH1,POWER,3.55
1765674959703,CH1,POWER,3.55
1765674959708,CH1,POWER,3.55
1765674959715,CH1,POWER,3.55
1765674959720,CH1,POWER,3.55
1765674959724,CH1,POWER,3.55
1765674959731,CH1,POWER,3.55
1765674959735,CH1,POWER,3.55
1765674959739,CH1,POWER,3.55
1765674959744,CH1,POWER,3.55
1765674959749,CH1,POWER,3.55
1765674959754,CH1,POWER,3.55
1765674959758,CH1,POWER,3.55
1765674959764,CH1,POWER,3.55
1765674959771,CH1,POWER,3.55
1765674959776,CH1,POWER,3.55
1765674959781,CH1,POWER,3.55
1765674959785,CH1,POWER,3.55
1765674959789,CH1,POWER,3.55
1765674959795,CH1,POWER,3.55
1765674959801,CH1,POWER,3.55
1765674959805,CH1,POWER,3.55
1765674959809,CH1,POWER,3.55
1765674959815,CH1,POWER,3.55
1765674959821,CH1,POWER,3.55
1765674959825,CH1,POWER,3.55
1765674959831,CH1,POWER,3.55
1765674959835,CH1,POWER,3.55
1765674959839,CH1,POWER,3.55
1765674959845,CH1,POWER,3.55
1765674959849,CH1,POWER,3.55
1765674959855,CH1,POWER,3.55
1765674959863,CH1,POWER,3.55
1765674959869,CH1,POWER,3.55
1765674959875,CH1,POWER,3.55
1765674959879,CH1,POWER,3.55
1765674959884,CH1,POWER,3.55
1765674959888,CH1,POWER,3.55
1765674959892,CH1,POWER,3.55
1765674959896,CH1,POWER,3.55
1765674959901,CH1,POWER,3.55
1765674959906,CH1,POWER,3.55
1765674959911,CH1,POWER,3.55
1765674959915,CH1,POWER,3.55
1765674959921,CH1,POWER,3.55
1765674959925,CH1,POWER,3.55
1765674959929,CH1,POWER,3.55
1765674959936,CH1,POWER,3.55
1765674959941,CH1,POWER,3.55
1765674959945,CH1,POWER,3.55
1765674959949,CH1,POWER,3.55
1765674959955,CH1,POWER,3.55
1765674959959,CH1,POWER,3.55
1765674959964,CH1,POWER,3.55
1765674959971,CH1,POWER,3.55
1765674959975,CH1,POWER,3.55
1765674959983,CH1,POWER,3.55
1765674959988,CH1,POWER,3.55
1765674959992,CH1,POWER,3.55
1765674959997,CH1,POWER,3.55
1765674960003,CH1,POWER,3.55
1765674960007,CH1,POWER,3.55
1765674960013,CH1,POWER,3.55
1765674960017,CH1,POWER,3.55
1765674960023,CH1,POWER,3.55
1765674960027,CH1,POWER,3.55
1765674960030,CH1,POWER,3.20
1765674960057,CH1,POWER,3.20
1765674960066,CH1,POWER,3.20
1765674960070,CH1,POWER,3.20
1765674960077,CH1,POWER,3.20
1765674960086,CH1,POWER,3.20
1765674960090,CH1,POWER,3.20
1765674960097,CH1,POWER,3.20
1765674960101,CH1,POWER,3.20
1765674960107,CH1,POWER,3.20
1765674960111,CH1,POWER,3.20
1765674960117,CH1,POWER,3.20
1765674960121,CH1,POWER,3.20
1765674960127,CH1,POWER,3.20
1765674960131,CH1,POWER,3.20
1765674960136,CH1,POWER,3.20
1765674960140,CH1,POWER,3.20
1765674960146,CH1,POWER,3.20
1765674960150,CH1,POWER,3.20
1765674960154,CH1,POWER,3.20
1765674960158,CH1,POWER,3.20
1765674960163,CH1,POWER,3.20
1765674960167,CH1,POWER,3.20
1765674960171,CH1,POWER,3.20
1765674960177,CH1,POWER,3.20
1765674960181,CH1,POWER,3.20
1765674960187,CH1,POWER,3.20
1765674960191,CH1,POWER,3.20
1765674960197,CH1,POWER,3.20
1765674960205,CH1,POWER,3.20
1765674960210,CH1,POWER,3.20
1765674960216,CH1,POWER,3.20
1765674960221,CH1,POWER,3.20
1765674960227,CH1,POWER,3.20
1765674960233,CH1,POWER,3.20
1765674960237,CH1,POWER,3.20
1765674960241,CH1,POWER,3.20
1765674960247,CH1,POWER,3.20
1765674960251,CH1,POWER,3.20
1765674960256,CH1,POWER,3.20
1765674960260,CH1,POWER,3.20
1765674960266,CH1,POWER,3.20
1765674960270,CH1,POWER,3.20
1765674960274,CH1,POWER,3.20
1765674960278,CH1,POWER,3.20
1765674960285,CH1,POWER,3.20
1765674960289,CH1,POWER,3.20
1765674960294,CH1,POWER,3.20
1765674960300,CH1,POWER,3.20
1765674960307,CH1,POWER,3.20
1765674960313,CH1,POWER,3.20
1765674960317,CH1,POWER,3.20
1765674960323,CH1,POWER,3.20
1765674960327,CH1,POWER,3.20
1765674960331,CH1,POWER,3.20
1765674960337,CH1,POWER,3.20
1765674960341,CH1,POWER,3.20
1765674960347,CH1,POWER,3.20
1765674960353,CH1,POWER,3.20
1765674960357,CH1,POWER,3.20
1765674960363,CH1,POWER,3.20
1765674960367,CH1,POWER,3.20
1765674960371,CH1,POWER,3.20
1765674960377,CH1,POWER,3.20
1765674960381,CH1,POWER,3.20
1765674960387,CH1,POWER,3.20
1765674960391,CH1,POWER,3.20
1765674960397,CH1,POWER,3.20
1765674960403,CH1,POWER,3.20
1765674960407,CH1,POWER,3.20
1765674960411,CH1,POWER,3.20
1765674960438,CH1,POWER,3.20
1765674960443,CH1,POWER,3.20
1765674960448,CH1,POWER,3.20
1765674960452,CH1,POWER,3.20
1765674960456,CH1,POWER,3.20
1765674960461,CH1,POWER,3.20
1765674960469,CH1,POWER,3.20
1765674960475,CH1,POWER,3.20
1765674960479,CH1,POWER,3.20
1765674960483,CH1,POWER,3.20
1765674960489,CH1,POWER,3.20
1765674960495,CH1,POWER,3.20
1765674960499,CH1,POWER,3.20
1765674960503,CH1,POWER,3.20
1765674960509,CH1,POWER,3.20
1765674960515,CH1,POWER,3.20
1765674960519,CH1,POWER,3.20
1765674960525,CH1,POWER,3.20
1765674960529,CH1,POWER,3.20
1765674960533,CH1,POWER,3.20
1765674960539,CH1,POWER,3.20
1765674960545,CH1,POWER,3.20
1765674960549,CH1,POWER,3.20
1765674960553,CH1,POWER,3.20
1765674960559,CH1,POWER,3.20
1765674960565,CH1,POWER,3.20
1765674960569,CH1,POWER,3.20
1765674960575,CH1,POWER,3.20
1765674960579,CH1,POWER,3.20
1765674960583,CH1,POWER,3.20
1765674960589,CH1,POWER,3.20
1765674960593,CH1,POWER,3.20
1765674960599,CH1,POWER,3.20
1765674960603,CH1,POWER,3.20
1765674960609,CH1,POWER,3.20
1765674960613,CH1,POWER,3.20
1765674960618,CH1,POWER,3.20
1765674960622,CH1,POWER,3.20
1765674960626,CH1,POWER,3.20
1765674960630,CH1,POWER,3.20
1765674960637,CH1,POWER,3.20
1765674960642,CH1,POWER,3.20
1765674960649,CH1,POWER,3.20
1765674960653,CH1,POWER,3.20
1765674960658,CH1,POWER,3.20
1765674960663,CH1,POWER,3.20
1765674960669,CH1,POWER,3.20
1765674960673,CH1,POWER,3.20
1765674960679,CH1,POWER,3.20
1765674960683,CH1,POWER,3.20
1765674960689,CH1,POWER,3.20
1765674960695,CH1,POWER,3.20
1765674960699,CH1,POWER,3.20
1765674960705,CH1,POWER,3.20
1765674960709,CH1,POWER,3.20
1765674960715,CH1,POWER,3.20
1765674960719,CH1,POWER,3.20
1765674960723,CH1,POWER,3.20
1765674960729,CH1,POWER,3.20
1765674960735,CH1,POWER,3.20
1765674960739,CH1,POWER,3.20
1765674960743,CH1,POWER,3.20
1765674960749,CH1,POWER,3.20
1765674960755,CH1,POWER,3.20
1765674960759,CH1,POWER,3.20
1765674960765,CH1,POWER,3.20
1765674960769,CH1,POWER,3.20
1765674960775,CH1,POWER,3.20
1765674960779,CH1,POWER,3.20
1765674960785,CH1,POWER,3.20
1765674960789,CH1,POWER,3.20
1765674960793,CH1,POWER,3.20
1765674960798,CH1,POWER,3.20
1765674960801,CH1,POWER,3.20
1765674960803,CH1,POWER,3.20
1765674960831,CH1,POWER,3.20
1765674960837,CH1,POWER,3.20
1765674960841,CH1,POWER,3.20
1765674960845,CH1,POWER,3.20
1765674960850,CH1,POWER,3.20
1765674960854,CH1,POWER,3.20
1765674960858,CH1,POWER,3.20
1765674960862,CH1,POWER,3.20
1765674960869,CH1,POWER,3.20
1765674960873,CH1,POWER,3.20
1765674960879,CH1,POWER,3.20
1765674960883,CH1,POWER,3.20
1765674960889,CH1,POWER,3.20
1765674960893,CH1,POWER,3.20
1765674960899,CH1,POWER,3.20
1765674960905,CH1,POWER,3.20
1765674960911,CH1,POWER,3.20
1765674960917,CH1,POWER,3.20
1765674960921,CH1,POWER,3.20
1765674960929,CH1,POWER,3.20
1765674960933,CH1,POWER,3.20
1765674960938,CH1,POWER,3.20
1765674960943,CH1,POWER,3.20
1765674960949,CH1,POWER,3.20
1765674960954,CH1,POWER,3.20
1765674960958,CH1,POWER,3.20
1765674960963,CH1,POWER,3.20
1765674960969,CH1,POWER,3.20
1765674960974,CH1,POWER,3.20
1765674960981,CH1,POWER,3.20
1765674960987,CH1,POWER,3.20
1765674960991,CH1,POWER,3.20
1765674960995,CH1,POWER,3.20
1765674961000,CH1,POWER,3.20
1765674961005,CH1,POWER,3.20
1765674961011,CH1,POWER,3.20
1765674961015,CH1,POWER,3.20
1765674961020,CH1,POWER,3.20
1765674961024,CH1,POWER,3.20
1765674961028,CH1,POWER,3.20
1765674961034,CH1,POWER,3.20
1765674961038,CH1,POWER,3.20
1765674961042,CH1,POWER,3.20
1765674961048,CH1,POWER,3.20
1765674961052,CH1,POWER,3.20
1765674961057,CH1,POWER,3.20
1765674961061,CH1,POWER,3.20
1765674961065,CH1,POWER,3.20
1765674961071,CH1,POWER,3.20
1765674961075,CH1,POWER,3.20
1765674961081,CH1,POWER,3.20
1765674961085,CH1,POWER,3.20
1765674961090,CH1,POWER,3.20
1765674961097,CH1,POWER,3.20
1765674961101,CH1,POWER,3.20
1765674961105,CH1,POWER,3.20
1765674961111,CH1,POWER,3.20
1765674961117,CH1,POWER,3.20
1765674961121,CH1,POWER,3.20
1765674961125,CH1,POWER,3.20
1765674961131,CH1,POWER,3.20
1765674961137,CH1,POWER,3.20
1765674961141,CH1,POWER,3.20
1765674961145,CH1,POWER,3.20
1765674961150,CH1,POWER,3.20
1765674961154,CH1,POWER,3.20
1765674961161,CH1,POWER,3.20
1765674961165,CH1,POWER,3.20
1765674961171,CH1,POWER,3.20
1765674961175,CH1,POWER,3.20
1765674961181,CH1,POWER,3.20
1765674961187,CH1,POWER,3.20
1765674961191,CH1,POWER,3.20
1765674961195,CH1,POWER,3.20
1765674961200,CH1,POWER,3.20
1765674961203,CH1,POWER,3.65
1765674961205,CH1,POWER,3.65
1765674961233,CH1,POWER,3.65
1765674961237,CH1,POWER,3.65
1765674961242,CH1,POWER,3.65
1765674961249,CH1,POWER,3.65
1765674961253,CH1,POWER,3.65
1765674961259,CH1,POWER,3.65
1765674961263,CH1,POWER,3.65
1765674961267,CH1,POWER,3.65
1765674961272,CH1,POWER,3.65
1765674961276,CH1,POWER,3.65
1765674961280,CH1,POWER,3.65
1765674961284,CH1,POWER,3.65
1765674961289,CH1,POWER,3.65
1765674961293,CH1,POWER,3.65
1765674961299,CH1,POWER,3.65
1765674961303,CH1,POWER,3.65
1765674961309,CH1,POWER,3.65
1765674961313,CH1,POWER,3.65
1765674961319,CH1,POWER,3.65
1765674961323,CH1,POWER,3.65
1765674961327,CH1,POWER,3.65
1765674961333,CH1,POWER,3.65
1765674961339,CH1,POWER,3.65
1765674961343,CH1,POWER,3.65
1765674961347,CH1,POWER,3.65
1765674961352,CH1,POWER,3.65
1765674961356,CH1,POWER,3.65
1765674961360,CH1,POWER,3.65
1765674961364,CH1,POWER,3.65
1765674961369,CH1,POWER,3.65
1765674961373,CH1,POWER,3.65
1765674961381,CH1,POWER,3.65
1765674961385,CH1,POWER,3.65
1765674961391,CH1,POWER,3.65
1765674961396,CH1,POWER,3.65
1765674961400,CH1,POWER,3.65
1765674961405,CH1,POWER,3.65
1765674961411,CH1,POWER,3.65
1765674961415,CH1,POWER,3.65
1765674961420,CH1,POWER,3.65
1765674961424,CH1,POWER,3.65
1765674961431,CH1,POWER,3.65
1765674961436,CH1,POWER,3.65
1765674961440,CH1,POWER,3.65
1765674961445,CH1,POWER,3.65
1765674961451,CH1,POWER,3.65
1765674961456,CH1,POWER,3.65
1765674961463,CH1,POWER,3.65
1765674961467,CH1,POWER,3.65
1765674961473,CH1,POWER,3.65
1765674961478,CH1,POWER,3.65
1765674961483,CH1,POWER,3.65
1765674961487,CH1,POWER,3.65
1765674961492,CH1,POWER,3.65
1765674961496,CH1,POWER,3.65
1765674961500,CH1,POWER,3.65
1765674961505,CH1,POWER,3.65
1765674961511,CH1,POWER,3.65
1765674961515,CH1,POWER,3.65
1765674961520,CH1,POWER,3.65
1765674961524,CH1,POWER,3.65
1765674961529,CH1,POWER,3.65
1765674961533,CH1,POWER,3.65
1765674961537,CH1,POWER,3.65
1765674961542,CH1,POWER,3.65
1765674961546,CH1,POWER,3.65
1765674961550,CH1,POWER,3.65
1765674961554,CH1,POWER,3.65
1765674961559,CH1,POWER,3.65
1765674961563,CH1,POWER,3.65
1765674961569,CH1,POWER,3.65
1765674961573,CH1,POWER,3.65
1765674961577,CH1,POWER,3.65
1765674961582,CH1,POWER,3.65
1765674961587,CH1,POWER,3.65
1765674961592,CH1,POWER,3.65
1765674961597,CH1,POWER,3.65
1765674961602,CH1,POWER,3.65
1765674961605,CH1,POWER,3.60
1765674961607,CH1,POWER,3.60
1765674961634,CH1,POWER,3.60
1765674961639,CH1,POWER,3.60
1765674961644,CH1,POWER,3.60
1765674961648,CH1,POWER,3.60
1765674961652,CH1,POWER,3.60
1765674961656,CH1,POWER,3.60
1765674961661,CH1,POWER,3.60
1765674961665,CH1,POWER,3.60
1765674961671,CH1,POWER,3.60
1765674961675,CH1,POWER,3.60
1765674961683,CH1,POWER,3.60
1765674961687,CH1,POWER,3.60
1765674961692,CH1,POWER,3.60
1765674961696,CH1,POWER,3.60
1765674961701,CH1,POWER,3.60
1765674961705,CH1,POWER,3.60
1765674961711,CH1,POWER,3.60
1765674961715,CH1,POWER,3.60
1765674961721,CH1,POWER,3.60
1765674961725,CH1,POWER,3.60
1765674961729,CH1,POWER,3.60
1765674961735,CH1,POWER,3.60
1765674961741,CH1,POWER,3.60
1765674961745,CH1,POWER,3.60
1765674961749,CH1,POWER,3.60
1765674961755,CH1,POWER,3.60
1765674961761,CH1,POWER,3.60
1765674961765,CH1,POWER,3.60
1765674961769,CH1,POWER,3.60
1765674961775,CH1,POWER,3.60
1765674961780,CH1,POWER,3.60
1765674961785,CH1,POWER,3.60
1765674961789,CH1,POWER,3.60
1765674961795,CH1,POWER,3.60
1765674961801,CH1,POWER,3.60
1765674961805,CH1,POWER,3.60
1765674961811,CH1,POWER,3.60
1765674961815,CH1,POWER,3.60
1765674961821,CH1,POWER,3.60
1765674961825,CH1,POWER,3.60
1765674961829,CH1,POWER,3.60
1765674961835,CH1,POWER,3.60
1765674961839,CH1,POWER,3.60
1765674961845,CH1,POWER,3.60
1765674961849,CH1,POWER,3.60
1765674961855,CH1,POWER,3.60
1765674961861,CH1,POWER,3.60
1765674961865,CH1,POWER,3.60
1765674961869,CH1,POWER,3.60
1765674961875,CH1,POWER,3.60
1765674961879,CH1,POWER,3.60
1765674961885,CH1,POWER,3.60
1765674961889,CH1,POWER,3.60
1765674961894,CH1,POWER,3.60
1765674961898,CH1,POWER,3.60
1765674961902,CH1,POWER,3.60
1765674961907,CH1,POWER,3.60
1765674961913,CH1,POWER,3.60
1765674961918,CH1,POWER,3.60
1765674961922,CH1,POWER,3.60
1765674961926,CH1,POWER,3.60
1765674961933,CH1,POWER,3.60
1765674961938,CH1,POWER,3.60
1765674961942,CH1,POWER,3.60
1765674961947,CH1,POWER,3.60
1765674961955,CH1,POWER,3.60
1765674961961,CH1,POWER,3.60
1765674961965,CH1,POWER,3.60
1765674961971,CH1,POWER,3.60
1765674961975,CH1,POWER,3.60
1765674961981,CH1,POWER,3.60
1765674961985,CH1,POWER,3.60
1765674961991,CH1,POWER,3.60
1765674961995,CH1,POWER,3.60
1765674961998,CH1,POWER,3.20
1765674962024,CH1,POWER,3.20
1765674962029,CH1,POWER,3.20
1765674962034,CH1,POWER,3.20
1765674962038,CH1,POWER,3.20
1765674962043,CH1,POWER,3.20
1765674962047,CH1,POWER,3.20
1765674962051,CH1,POWER,3.20
1765674962057,CH1,POWER,3.20
1765674962063,CH1,POWER,3.20
1765674962067,CH1,POWER,3.20
1765674962073,CH1,POWER,3.20
1765674962077,CH1,POWER,3.20
1765674962081,CH1,POWER,3.20
1765674962087,CH1,POWER,3.20
1765674962091,CH1,POWER,3.20
1765674962096,CH1,POWER,3.20
1765674962100,CH1,POWER,3.20
1765674962104,CH1,POWER,3.20
1765674962109,CH1,POWER,3.20
1765674962115,CH1,POWER,3.20
1765674962119,CH1,POWER,3.20
1765674962124,CH1,POWER,3.20
1765674962128,CH1,POWER,3.20
1765674962133,CH1,POWER,3.20
1765674962137,CH1,POWER,3.20
1765674962143,CH1,POWER,3.20
1765674962147,CH1,POWER,3.20
1765674962153,CH1,POWER,3.20
1765674962157,CH1,POWER,3.20
1765674962163,CH1,POWER,3.20
1765674962167,CH1,POWER,3.20
1765674962171,CH1,POWER,3.20
1765674962177,CH1,POWER,3.20
1765674962183,CH1,POWER,3.20
1765674962187,CH1,POWER,3.20
1765674962193,CH1,POWER,3.20
1765674962197,CH1,POWER,3.20
1765674962203,CH1,POWER,3.20
1765674962207,CH1,POWER,3.20
1765674962211,CH1,POWER,3.20
1765674962216,CH1,POWER,3.20
1765674962220,CH1,POWER,3.20
1765674962224,CH1,POWER,3.20
1765674962228,CH1,POWER,3.20
1765674962235,CH1,POWER,3.20
1765674962239,CH1,POWER,3.20
1765674962244,CH1,POWER,3.20
1765674962248,CH1,POWER,3.20
1765674962255,CH1,POWER,3.20
1765674962260,CH1,POWER,3.20
1765674962267,CH1,POWER,3.20
1765674962273,CH1,POWER,3.20
1765674962277,CH1,POWER,3.20
1765674962283,CH1,POWER,3.20
1765674962287,CH1,POWER,3.20
1765674962295,CH1,POWER,3.20
1765674962300,CH1,POWER,3.20
1765674962304,CH1,POWER,3.20
1765674962309,CH1,POWER,3.20
1765674962314,CH1,POWER,3.20
1765674962318,CH1,POWER,3.20
1765674962323,CH1,POWER,3.20
1765674962327,CH1,POWER,3.20
1765674962331,CH1,POWER,3.20
1765674962336,CH1,POWER,3.20
1765674962340,CH1,POWER,3.20
1765674962344,CH1,POWER,3.20
1765674962349,CH1,POWER,3.20
1765674962355,CH1,POWER,3.20
1765674962360,CH1,POWER,3.20
1765674962367,CH1,POWER,3.20
1765674962371,CH1,POWER,3.20
1765674962376,CH1,POWER,3.20
1765674962381,CH1,POWER,3.20
1765674962387,CH1,POWER,3.20
1765674962392,CH1,POWER,3.20
1765674962419,CH1,POWER,3.20
1765674962425,CH1,POWER,3.20
1765674962429,CH1,POWER,3.20
1765674962433,CH1,POWER,3.20
1765674962438,CH1,POWER,3.20
1765674962443,CH1,POWER,3.20
1765674962449,CH1,POWER,3.20
1765674962455,CH1,POWER,3.20
1765674962459,CH1,POWER,3.20
1765674962463,CH1,POWER,3.20
1765674962468,CH1,POWER,3.20
1765674962472,CH1,POWER,3.20
1765674962479,CH1,POWER,3.20
1765674962485,CH1,POWER,3.20
1765674962489,CH1,POWER,3.20
1765674962493,CH1,POWER,3.20
1765674962498,CH1,POWER,3.20
1765674962503,CH1,POWER,3.20
1765674962509,CH1,POWER,3.20
1765674962513,CH1,POWER,3.20
1765674962518,CH1,POWER,3.20
1765674962523,CH1,POWER,3.20
1765674962529,CH1,POWER,3.20
1765674962535,CH1,POWER,3.20
1765674962539,CH1,POWER,3.20
1765674962543,CH1,POWER,3.20
1765674962549,CH1,POWER,3.20
1765674962555,CH1,POWER,3.20
1765674962559,CH1,POWER,3.20
1765674962563,CH1,POWER,3.20
1765674962569,CH1,POWER,3.20
1765674962575,CH1,POWER,3.20
1765674962579,CH1,POWER,3.20
1765674962585,CH1,POWER,3.20
1765674962589,CH1,POWER,3.20
1765674962593,CH1,POWER,3.20
1765674962599,CH1,POWER,3.20
1765674962605,CH1,POWER,3.20
1765674962609,CH1,POWER,3.20
1765674962617,CH1,POWER,3.20
1765674962621,CH1,POWER,3.20
1765674962629,CH1,POWER,3.20
1765674962635,CH1,POWER,3.20
1765674962639,CH1,POWER,3.20
1765674962645,CH1,POWER,3.20
1765674962649,CH1,POWER,3.20
1765674962653,CH1,POWER,3.20
1765674962659,CH1,POWER,3.20
1765674962663,CH1,POWER,3.20
1765674962669,CH1,POWER,3.20
1765674962675,CH1,POWER,3.20
1765674962679,CH1,POWER,3.20
1765674962685,CH1,POWER,3.20
1765674962689,CH1,POWER,3.20
1765674962693,CH1,POWER,3.20
1765674962699,CH1,POWER,3.20
1765674962705,CH1,POWER,3.20
1765674962709,CH1,POWER,3.20
1765674962713,CH1,POWER,3.20
1765674962718,CH1,POWER,3.20
1765674962722,CH1,POWER,3.20
1765674962728,CH1,POWER,3.20
1765674962735,CH1,POWER,3.20
1765674962739,CH1,POWER,3.20
1765674962747,CH1,POWER,3.20
1765674962752,CH1,POWER,3.20
1765674962759,CH1,POWER,3.20
1765674962765,CH1,POWER,3.20
1765674962769,CH1,POWER,3.20
1765674962773,CH1,POWER,3.20
1765674962778,CH1,POWER,3.20
1765674962782,CH1,POWER,3.20
1765674962808,CH1,POWER,3.15
1765674962813,CH1,POWER,3.15
1765674962818,CH1,POWER,3.15
1765674962822,CH1,POWER,3.15
1765674962827,CH1,POWER,3.15
1765674962831,CH1,POWER,3.15
1765674962835,CH1,POWER,3.15
1765674962841,CH1,POWER,3.15
1765674962847,CH1,POWER,3.15
1765674962851,CH1,POWER,3.15
1765674962855,CH1,POWER,3.15
1765674962861,CH1,POWER,3.15
1765674962865,CH1,POWER,3.15
1765674962870,CH1,POWER,3.15
1765674962874,CH1,POWER,3.15
1765674962878,CH1,POWER,3.15
1765674962883,CH1,POWER,3.15
1765674962889,CH1,POWER,3.15
1765674962894,CH1,POWER,3.15
1765674962898,CH1,POWER,3.15
1765674962903,CH1,POWER,3.15
1765674962909,CH1,POWER,3.15
1765674962914,CH1,POWER,3.15
1765674962920,CH1,POWER,3.15
1765674962925,CH1,POWER,3.15
1765674962931,CH1,POWER,3.15
1765674962939,CH1,POWER,3.15
1765674962945,CH1,POWER,3.15
1765674962950,CH1,POWER,3.15
1765674962954,CH1,POWER,3.15
1765674962961,CH1,POWER,3.15
1765674962965,CH1,POWER,3.15
1765674962971,CH1,POWER,3.15
1765674962975,CH1,POWER,3.15
1765674962980,CH1,POWER,3.15
1765674962985,CH1,POWER,3.15
1765674962991,CH1,POWER,3.15
1765674962997,CH1,POWER,3.15
1765674963001,CH1,POWER,3.15
1765674963007,CH1,POWER,3.15
1765674963011,CH1,POWER,3.15
1765674963016,CH1,POWER,3.15
1765674963021,CH1,POWER,3.15
1765674963027,CH1,POWER,3.15
1765674963031,CH1,POWER,3.15
1765674963039,CH1,POWER,3.15
1765674963044,CH1,POWER,3.15
1765674963051,CH1,POWER,3.15
1765674963057,CH1,POWER,3.15
1765674963061,CH1,POWER,3.15
1765674963067,CH1,POWER,3.15
1765674963071,CH1,POWER,3.15
1765674963077,CH1,POWER,3.15
1765674963081,CH1,POWER,3.15
1765674963085,CH1,POWER,3.15
1765674963091,CH1,POWER,3.15
1765674963096,CH1,POWER,3.15
1765674963101,CH1,POWER,3.15
1765674963105,CH1,POWER,3.15
1765674963111,CH1,POWER,3.15
1765674963115,CH1,POWER,3.15
1765674963121,CH1,POWER,3.15
1765674963125,CH1,POWER,3.15
1765674963130,CH1,POWER,3.15
1765674963134,CH1,POWER,3.15
1765674963140,CH1,POWER,3.15
1765674963147,CH1,POWER,3.15
1765674963151,CH1,POWER,3.15
1765674963156,CH1,POWER,3.15
1765674963161,CH1,POWER,3.15
1765674963167,CH1,POWER,3.15
1765674963171,CH1,POWER,3.15
1765674963177,CH1,POWER,3.15
1765674963181,CH1,POWER,3.15
1765674963184,CH1,POWER,3.20
1765674963210,CH1,POWER,3.20
1765674963215,CH1,POWER,3.20
1765674963220,CH1,POWER,3.20
1765674963226,CH1,POWER,3.20
1765674963230,CH1,POWER,3.20
1765674963235,CH1,POWER,3.20
1765674963241,CH1,POWER,3.20
1765674963245,CH1,POWER,3.20
1765674963253,CH1,POWER,3.20
1765674963257,CH1,POWER,3.20
1765674963262,CH1,POWER,3.20
1765674963266,CH1,POWER,3.20
1765674963270,CH1,POWER,3.20
1765674963275,CH1,POWER,3.20
1765674963281,CH1,POWER,3.20
1765674963285,CH1,POWER,3.20
1765674963290,CH1,POWER,3.20
1765674963296,CH1,POWER,3.20
1765674963300,CH1,POWER,3.20
1765674963306,CH1,POWER,3.20
1765674963312,CH1,POWER,3.20
1765674963319,CH1,POWER,3.20
1765674963323,CH1,POWER,3.20
1765674963329,CH1,POWER,3.20
1765674963333,CH1,POWER,3.20
1765674963337,CH1,POWER,3.20
1765674963342,CH1,POWER,3.20
1765674963346,CH1,POWER,3.20
1765674963350,CH1,POWER,3.20
1765674963355,CH1,POWER,3.20
1765674963361,CH1,POWER,3.20
1765674963365,CH1,POWER,3.20
1765674963373,CH1,POWER,3.20
1765674963377,CH1,POWER,3.20
1765674963382,CH1,POWER,3.20
1765674963386,CH1,POWER,3.20
1765674963390,CH1,POWER,3.20
1765674963395,CH1,POWER,3.20
1765674963401,CH1,POWER,3.20
1765674963406,CH1,POWER,3.20
1765674963413,CH1,POWER,3.20
1765674963419,CH1,POWER,3.20
1765674963423,CH1,POWER,3.20
1765674963431,CH1,POWER,3.20
1765674963435,CH1,POWER,3.20
1765674963443,CH1,POWER,3.20
1765674963449,CH1,POWER,3.20
1765674963453,CH1,POWER,3.20
1765674963459,CH1,POWER,3.20
1765674963463,CH1,POWER,3.20
1765674963469,CH1,POWER,3.20
1765674963473,CH1,POWER,3.20
1765674963478,CH1,POWER,3.20
1765674963483,CH1,POWER,3.20
1765674963487,CH1,POWER,3.20
1765674963493,CH1,POWER,3.20
1765674963497,CH1,POWER,3.20
1765674963503,CH1,POWER,3.20
1765674963509,CH1,POWER,3.20
1765674963513,CH1,POWER,3.20
1765674963521,CH1,POWER,3.20
1765674963526,CH1,POWER,3.20
1765674963533,CH1,POWER,3.20
1765674963541,CH1,POWER,3.20
1765674963546,CH1,POWER,3.20
1765674963550,CH1,POWER,3.20
1765674963555,CH1,POWER,3.20
1765674963560,CH1,POWER,3.20
1765674963566,CH1,POWER,3.20
1765674963570,CH1,POWER,3.20
1765674963573,CH1,POWER,3.20
1765674963575,CH1,POWER,3.20
1765674963578,CH1,POWER,3.20
1765674963605,CH1,POWER,3.20
1765674963611,CH1,POWER,3.20
1765674963615,CH1,POWER,3.20
1765674963619,CH1,POWER,3.20
1765674963625,CH1,POWER,3.20
1765674963633,CH1,POWER,3.20
1765674963637,CH1,POWER,3.20
1765674963643,CH1,POWER,3.20
1765674963648,CH1,POWER,3.20
1765674963655,CH1,POWER,3.20
1765674963661,CH1,POWER,3.20
1765674963665,CH1,POWER,3.20
1765674963671,CH1,POWER,3.20
1765674963675,CH1,POWER,3.20
1765674963680,CH1,POWER,3.20
1765674963685,CH1,POWER,3.20
1765674963689,CH1,POWER,3.20
1765674963694,CH1,POWER,3.20
1765674963698,CH1,POWER,3.20
1765674963702,CH1,POWER,3.20
1765674963706,CH1,POWER,3.20
1765674963712,CH1,POWER,3.20
1765674963717,CH1,POWER,3.20
1765674963722,CH1,POWER,3.20
1765674963726,CH1,POWER,3.20
1765674963731,CH1,POWER,3.20
1765674963735,CH1,POWER,3.20
1765674963743,CH1,POWER,3.20
1765674963748,CH1,POWER,3.20
1765674963755,CH1,POWER,3.20
1765674963761,CH1,POWER,3.20
1765674963765,CH1,POWER,3.20
1765674963773,CH1,POWER,3.20
1765674963778,CH1,POWER,3.20
1765674963785,CH1,POWER,3.20
1765674963791,CH1,POWER,3.20
1765674963795,CH1,POWER,3.20
1765674963799,CH1,POWER,3.20
1765674963805,CH1,POWER,3.20
1765674963813,CH1,POWER,3.20
1765674963819,CH1,POWER,3.20
1765674963825,CH1,POWER,3.20
1765674963831,CH1,POWER,3.20
1765674963835,CH1,POWER,3.20
1765674963840,CH1,POWER,3.20
1765674963845,CH1,POWER,3.20
1765674963849,CH1,POWER,3.20
1765674963855,CH1,POWER,3.20
1765674963863,CH1,POWER,3.20
1765674963868,CH1,POWER,3.20
1765674963875,CH1,POWER,3.20
1765674963880,CH1,POWER,3.20
1765674963885,CH1,POWER,3.20
1765674963890,CH1,POWER,3.20
1765674963895,CH1,POWER,3.20
1765674963899,CH1,POWER,3.20
1765674963905,CH1,POWER,3.20
1765674963909,CH1,POWER,3.20
1765674963915,CH1,POWER,3.20
1765674963921,CH1,POWER,3.20
1765674963925,CH1,POWER,3.20
1765674963929,CH1,POWER,3.20
1765674963935,CH1,POWER,3.20
1765674963941,CH1,POWER,3.20
1765674963945,CH1,POWER,3.20
1765674963953,CH1,POWER,3.20
1765674963958,CH1,POWER,3.20
1765674963965,CH1,POWER,3.20
1765674963968,CH1,POWER,3.65
1765674963994,CH1,POWER,3.65
1765674963999,CH1,POWER,3.65
1765674964004,CH1,POWER,3.65
1765674964008,CH1,POWER,3.65
1765674964014,CH1,POWER,3.65
1765674964019,CH1,POWER,3.65
1765674964025,CH1,POWER,3.65
1765674964030,CH1,POWER,3.65
1765674964034,CH1,POWER,3.65
1765674964039,CH1,POWER,3.65
1765674964045,CH1,POWER,3.65
1765674964050,CH1,POWER,3.65
1765674964057,CH1,POWER,3.65
1765674964063,CH1,POWER,3.65
1765674964067,CH1,POWER,3.65
1765674964075,CH1,POWER,3.65
1765674964079,CH1,POWER,3.65
1765674964085,CH1,POWER,3.65
1765674964089,CH1,POWER,3.65
1765674964094,CH1,POWER,3.65
1765674964099,CH1,POWER,3.65
1765674964105,CH1,POWER,3.65
1765674964110,CH1,POWER,3.65
1765674964116,CH1,POWER,3.65
1765674964121,CH1,POWER,3.65
1765674964126,CH1,POWER,3.65
1765674964130,CH1,POWER,3.65
1765674964134,CH1,POWER,3.65
1765674964139,CH1,POWER,3.65
1765674964147,CH1,POWER,3.65
1765674964153,CH1,POWER,3.65
1765674964157,CH1,POWER,3.65
1765674964165,CH1,POWER,3.65
1765674964170,CH1,POWER,3.65
1765674964177,CH1,POWER,3.65
1765674964185,CH1,POWER,3.65
1765674964190,CH1,POWER,3.65
1765674964197,CH1,POWER,3.65
1765674964202,CH1,POWER,3.65
1765674964207,CH1,POWER,3.65
1765674964213,CH1,POWER,3.65
1765674964217,CH1,POWER,3.65
1765674964223,CH1,POWER,3.65
1765674964227,CH1,POWER,3.65
1765674964231,CH1,POWER,3.65
1765674964237,CH1,POWER,3.65
1765674964241,CH1,POWER,3.65
1765674964247,CH1,POWER,3.65
1765674964253,CH1,POWER,3.65
1765674964257,CH1,POWER,3.65
1765674964261,CH1,POWER,3.65
1765674964267,CH1,POWER,3.65
1765674964275,CH1,POWER,3.65
1765674964281,CH1,POWER,3.65
1765674964286,CH1,POWER,3.65
1765674964290,CH1,POWER,3.65
1765674964297,CH1,POWER,3.65
1765674964301,CH1,POWER,3.65
1765674964306,CH1,POWER,3.65
1765674964310,CH1,POWER,3.65
1765674964317,CH1,POWER,3.65
1765674964322,CH1,POWER,3.65
1765674964327,CH1,POWER,3.65
1765674964332,CH1,POWER,3.65
1765674964337,CH1,POWER,3.65
1765674964345,CH1,POWER,3.65
1765674964350,CH1,POWER,3.65
1765674964354,CH1,POWER,3.65
1765674964357,CH1,POWER,3.20
1765674964359,CH1,POWER,3.20
1765674964362,CH1,POWER,3.20
1765674964389,CH1,POWER,3.20
1765674964394,CH1,POWER,3.20
1765674964399,CH1,POWER,3.20
1765674964403,CH1,POWER,3.20
1765674964408,CH1,POWER,3.20
1765674964413,CH1,POWER,3.20
1765674964419,CH1,POWER,3.20
1765674964425,CH1,POWER,3.20
1765674964429,CH1,POWER,3.20
1765674964435,CH1,POWER,3.20
1765674964439,CH1,POWER,3.20
1765674964443,CH1,POWER,3.20
1765674964448,CH1,POWER,3.20
1765674964454,CH1,POWER,3.20
1765674964459,CH1,POWER,3.20
1765674964465,CH1,POWER,3.20
1765674964469,CH1,POWER,3.20
1765674964477,CH1,POWER,3.20
1765674964482,CH1,POWER,3.20
1765674964489,CH1,POWER,3.20
1765674964497,CH1,POWER,3.20
1765674964502,CH1,POWER,3.20
1765674964509,CH1,POWER,3.20
1765674964514,CH1,POWER,3.20
1765674964519,CH1,POWER,3.20
1765674964524,CH1,POWER,3.20
1765674964529,CH1,POWER,3.20
1765674964537,CH1,POWER,3.20
1765674964542,CH1,POWER,3.20
1765674964549,CH1,POWER,3.20
1765674964554,CH1,POWER,3.20
1765674964559,CH1,POWER,3.20
1765674964564,CH1,POWER,3.20
1765674964569,CH1,POWER,3.20
1765674964575,CH1,POWER,3.20
1765674964579,CH1,POWER,3.20
1765674964584,CH1,POWER,3.20
1765674964589,CH1,POWER,3.20
1765674964594,CH1,POWER,3.20
1765674964599,CH1,POWER,3.20
1765674964607,CH1,POWER,3.20
1765674964612,CH1,POWER,3.20
1765674964619,CH1,POWER,3.20
1765674964624,CH1,POWER,3.20
1765674964629,CH1,POWER,3.20
1765674964633,CH1,POWER,3.20
1765674964639,CH1,POWER,3.20
1765674964647,CH1,POWER,3.20
1765674964652,CH1,POWER,3.20
1765674964659,CH1,POWER,3.20
1765674964664,CH1,POWER,3.20
1765674964669,CH1,POWER,3.20
1765674964674,CH1,POWER,3.20
1765674964679,CH1,POWER,3.20
1765674964685,CH1,POWER,3.20
1765674964689,CH1,POWER,3.20
1765674964695,CH1,POWER,3.20
1765674964699,CH1,POWER,3.20
1765674964705,CH1,POWER,3.20
1765674964709,CH1,POWER,3.20
1765674964713,CH1,POWER,3.20
1765674964719,CH1,POWER,3.20
1765674964725,CH1,POWER,3.20
1765674964729,CH1,POWER,3.20
1765674964735,CH1,POWER,3.20
1765674964739,CH1,POWER,3.20
1765674964744,CH1,POWER,3.20
1765674964749,CH1,POWER,3.20
1765674964751,CH1,POWER,3.20
1765674964754,CH1,POWER,3.20
1765674964781,CH1,POWER,3.20
1765674964787,CH1,POWER,3.20
1765674964791,CH1,POWER,3.20
1765674964799,CH1,POWER,3.20
1765674964804,CH1,POWER,3.20
1765674964811,CH1,POWER,3.20
1765674964817,CH1,POWER,3.20
1765674964821,CH1,POWER,3.20
1765674964827,CH1,POWER,3.20
1765674964831,CH1,POWER,3.20
1765674964837,CH1,POWER,3.20
1765674964841,CH1,POWER,3.20
1765674964846,CH1,POWER,3.20
1765674964851,CH1,POWER,3.20
1765674964855,CH1,POWER,3.20
1765674964861,CH1,POWER,3.20
1765674964867,CH1,POWER,3.20
1765674964871,CH1,POWER,3.20
1765674964877,CH1,POWER,3.20
1765674964881,CH1,POWER,3.20
1765674964889,CH1,POWER,3.20
1765674964894,CH1,POWER,3.20
1765674964901,CH1,POWER,3.20
1765674964907,CH1,POWER,3.20
1765674964911,CH1,POWER,3.20
1765674964915,CH1,POWER,3.20
1765674964920,CH1,POWER,3.20
1765674964925,CH1,POWER,3.20
1765674964931,CH1,POWER,3.20
1765674964937,CH1,POWER,3.20
1765674964941,CH1,POWER,3.20
1765674964947,CH1,POWER,3.20
1765674964951,CH1,POWER,3.20
1765674964956,CH1,POWER,3.20
1765674964961,CH1,POWER,3.20
1765674964969,CH1,POWER,3.20
1765674964974,CH1,POWER,3.20
1765674964980,CH1,POWER,3.20
1765674964985,CH1,POWER,3.20
1765674964990,CH1,POWER,3.20
1765674964995,CH1,POWER,3.20
1765674965001,CH1,POWER,3.20
1765674965007,CH1,POWER,3.20
1765674965011,CH1,POWER,3.20
1765674965016,CH1,POWER,3.20
1765674965021,CH1,POWER,3.20
1765674965026,CH1,POWER,3.20
1765674965031,CH1,POWER,3.20
1765674965037,CH1,POWER,3.20
1765674965041,CH1,POWER,3.20
1765674965049,CH1,POWER,3.20
1765674965054,CH1,POWER,3.20
1765674965061,CH1,POWER,3.20
1765674965067,CH1,POWER,3.20
1765674965071,CH1,POWER,3.20
1765674965076,CH1,POWER,3.20
1765674965081,CH1,POWER,3.20
1765674965086,CH1,POWER,3.20
1765674965091,CH1,POWER,3.20
1765674965096,CH1,POWER,3.20
1765674965101,CH1,POWER,3.20
1765674965106,CH1,POWER,3.20
1765674965111,CH1,POWER,3.20
1765674965116,CH1,POWER,3.20
1765674965121,CH1,POWER,3.20
1765674965129,CH1,POWER,3.20
1765674965134,CH1,POWER,3.20
1765674965141,CH1,POWER,3.20
1765674965143,CH1,POWER,3.25
1765674965146,CH1,POWER,3.25
1765674965173,CH1,POWER,3.25
1765674965181,CH1,POWER,3.25
1765674965186,CH1,POWER,3.25
1765674965193,CH1,POWER,3.25
1765674965198,CH1,POWER,3.25
1765674965203,CH1,POWER,3.25
1765674965208,CH1,POWER,3.25
1765674965213,CH1,POWER,3.25
1765674965221,CH1,POWER,3.25
1765674965226,CH1,POWER,3.25
1765674965230,CH1,POWER,3.25
1765674965235,CH1,POWER,3.25
1765674965240,CH1,POWER,3.25
1765674965245,CH1,POWER,3.25
1765674965250,CH1,POWER,3.25
1765674965255,CH1,POWER,3.25
1765674965260,CH1,POWER,3.25
1765674965264,CH1,POWER,3.25
1765674965271,CH1,POWER,3.25
1765674965276,CH1,POWER,3.25
1765674965283,CH1,POWER,3.25
1765674965288,CH1,POWER,3.25
1765674965293,CH1,POWER,3.25
1765674965301,CH1,POWER,3.25
1765674965306,CH1,POWER,3.25
1765674965313,CH1,POWER,3.25
1765674965319,CH1,POWER,3.25
1765674965323,CH1,POWER,3.25
1765674965331,CH1,POWER,3.25
1765674965336,CH1,POWER,3.25
1765674965343,CH1,POWER,3.25
1765674965349,CH1,POWER,3.25
1765674965353,CH1,POWER,3.25
1765674965358,CH1,POWER,3.25
1765674965363,CH1,POWER,3.25
1765674965367,CH1,POWER,3.25
1765674965372,CH1,POWER,3.25
1765674965377,CH1,POWER,3.25
1765674965383,CH1,POWER,3.25
1765674965387,CH1,POWER,3.25
1765674965392,CH1,POWER,3.25
1765674965396,CH1,POWER,3.25
1765674965402,CH1,POWER,3.25
1765674965407,CH1,POWER,3.25
1765674965413,CH1,POWER,3.25
1765674965418,CH1,POWER,3.25
1765674965423,CH1,POWER,3.25
1765674965428,CH1,POWER,3.25
1765674965433,CH1,POWER,3.25
1765674965439,CH1,POWER,3.25
1765674965443,CH1,POWER,3.25
1765674965447,CH1,POWER,3.25
1765674965453,CH1,POWER,3.25
1765674965458,CH1,POWER,3.25
1765674965463,CH1,POWER,3.25
1765674965468,CH1,POWER,3.25
1765674965473,CH1,POWER,3.25
1765674965478,CH1,POWER,3.25
1765674965483,CH1,POWER,3.25
1765674965491,CH1,POWER,3.25
1765674965496,CH1,POWER,3.25
1765674965503,CH1,POWER,3.25
1765674965511,CH1,POWER,3.25
1765674965516,CH1,POWER,3.25
1765674965520,CH1,POWER,3.25
1765674965525,CH1,POWER,3.25
1765674965530,CH1,POWER,3.25
1765674965533,CH1,POWER,3.25
1765674965535,CH1,POWER,3.25
1765674965561,CH1,POWER,3.25
1765674965565,CH1,POWER,3.25
1765674965570,CH1,POWER,3.25
1765674965575,CH1,POWER,3.25
1765674965583,CH1,POWER,3.25
1765674965588,CH1,POWER,3.25
1765674965595,CH1,POWER,3.25
1765674965600,CH1,POWER,3.25
1765674965605,CH1,POWER,3.25
1765674965610,CH1,POWER,3.25
1765674965615,CH1,POWER,3.25
1765674965620,CH1,POWER,3.25
1765674965625,CH1,POWER,3.25
1765674965629,CH1,POWER,3.25
1765674965635,CH1,POWER,3.25
1765674965640,CH1,POWER,3.25
1765674965645,CH1,POWER,3.25
1765674965649,CH1,POWER,3.25
1765674965655,CH1,POWER,3.25
1765674965659,CH1,POWER,3.25
1765674965664,CH1,POWER,3.25
1765674965668,CH1,POWER,3.25
1765674965672,CH1,POWER,3.25
1765674965677,CH1,POWER,3.25
1765674965683,CH1,POWER,3.25
1765674965688,CH1,POWER,3.25
1765674965695,CH1,POWER,3.25
1765674965703,CH1,POWER,3.25
1765674965708,CH1,POWER,3.25
1765674965715,CH1,POWER,3.25
1765674965720,CH1,POWER,3.25
1765674965725,CH1,POWER,3.25
1765674965730,CH1,POWER,3.25
1765674965735,CH1,POWER,3.25
1765674965743,CH1,POWER,3.25
1765674965749,CH1,POWER,3.25
1765674965754,CH1,POWER,3.25
1765674965758,CH1,POWER,3.25
1765674965765,CH1,POWER,3.25
1765674965769,CH1,POWER,3.25
1765674965774,CH1,POWER,3.25
1765674965778,CH1,POWER,3.25
1765674965785,CH1,POWER,3.25
1765674965789,CH1,POWER,3.25
1765674965795,CH1,POWER,3.25
1765674965800,CH1,POWER,3.25
1765674965805,CH1,POWER,3.25
1765674965809,CH1,POWER,3.25
1765674965814,CH1,POWER,3.25
1765674965819,CH1,POWER,3.25
1765674965825,CH1,POWER,3.25
1765674965829,CH1,POWER,3.25
1765674965835,CH1,POWER,3.25
1765674965839,CH1,POWER,3.25
1765674965845,CH1,POWER,3.25
1765674965850,CH1,POWER,3.25
1765674965855,CH1,POWER,3.25
1765674965859,CH1,POWER,3.25
1765674965864,CH1,POWER,3.25
1765674965868,CH1,POWER,3.25
1765674965872,CH1,POWER,3.25
1765674965877,CH1,POWER,3.25
1765674965885,CH1,POWER,3.25
1765674965891,CH1,POWER,3.25
1765674965895,CH1,POWER,3.25
1765674965900,CH1,POWER,3.25
1765674965905,CH1,POWER,3.25
1765674965910,CH1,POWER,3.25
1765674965915,CH1,POWER,3.25
1765674965919,CH1,POWER,3.25
1765674965924,CH1,POWER,3.25
1765674965926,CH1,POWER,3.55
1765674965929,CH1,POWER,3.55
1765674965956,CH1,POWER,3.55
1765674965961,CH1,POWER,3.55
1765674965966,CH1,POWER,3.55
1765674965971,CH1,POWER,3.55
1765674965977,CH1,POWER,3.55
1765674965982,CH1,POWER,3.55
1765674965987,CH1,POWER,3.55
1765674965991,CH1,POWER,3.55
1765674965997,CH1,POWER,3.55
1765674966001,CH1,POWER,3.55
1765674966006,CH1,POWER,3.55
1765674966012,CH1,POWER,3.55
1765674966017,CH1,POWER,3.55
1765674966022,CH1,POWER,3.55
1765674966027,CH1,POWER,3.55
1765674966033,CH1,POWER,3.55
1765674966037,CH1,POWER,3.55
1765674966041,CH1,POWER,3.55
1765674966047,CH1,POWER,3.55
1765674966052,CH1,POWER,3.55
1765674966057,CH1,POWER,3.55
1765674966062,CH1,POWER,3.55
1765674966067,CH1,POWER,3.55
1765674966071,CH1,POWER,3.55
1765674966076,CH1,POWER,3.55
1765674966080,CH1,POWER,3.55
1765674966087,CH1,POWER,3.55
1765674966095,CH1,POWER,3.55
1765674966100,CH1,POWER,3.55
1765674966107,CH1,POWER,3.55
1765674966112,CH1,POWER,3.55
1765674966117,CH1,POWER,3.55
1765674966122,CH1,POWER,3.55
1765674966127,CH1,POWER,3.55
1765674966132,CH1,POWER,3.55
1765674966137,CH1,POWER,3.55
1765674966142,CH1,POWER,3.55
1765674966147,CH1,POWER,3.55
1765674966152,CH1,POWER,3.55
1765674966157,CH1,POWER,3.55
1765674966162,CH1,POWER,3.55
1765674966167,CH1,POWER,3.55
1765674966172,CH1,POWER,3.55
1765674966177,CH1,POWER,3.55
1765674966181,CH1,POWER,3.55
1765674966186,CH1,POWER,3.55
1765674966191,CH1,POWER,3.55
1765674966197,CH1,POWER,3.55
1765674966205,CH1,POWER,3.55
1765674966210,CH1,POWER,3.55
1765674966217,CH1,POWER,3.55
1765674966222,CH1,POWER,3.55
1765674966227,CH1,POWER,3.55
1765674966232,CH1,POWER,3.55
1765674966237,CH1,POWER,3.55
1765674966241,CH1,POWER,3.55
1765674966247,CH1,POWER,3.55
1765674966251,CH1,POWER,3.55
1765674966256,CH1,POWER,3.55
1765674966261,CH1,POWER,3.55
1765674966267,CH1,POWER,3.55
1765674966275,CH1,POWER,3.55
1765674966280,CH1,POWER,3.55
1765674966287,CH1,POWER,3.55
1765674966292,CH1,POWER,3.55
1765674966297,CH1,POWER,3.55
1765674966301,CH1,POWER,3.55
1765674966307,CH1,POWER,3.55
1765674966315,CH1,POWER,3.55
1765674966320,CH1,POWER,3.55
1765674966346,CH1,POWER,3.25
1765674966351,CH1,POWER,3.25
1765674966359,CH1,POWER,3.25
1765674966364,CH1,POWER,3.25
1765674966369,CH1,POWER,3.25
1765674966373,CH1,POWER,3.25
1765674966379,CH1,POWER,3.25
1765674966384,CH1,POWER,3.25
1765674966389,CH1,POWER,3.25
1765674966394,CH1,POWER,3.25
1765674966399,CH1,POWER,3.25
1765674966404,CH1,POWER,3.25
1765674966409,CH1,POWER,3.25
1765674966413,CH1,POWER,3.25
1765674966419,CH1,POWER,3.25
1765674966423,CH1,POWER,3.25
1765674966429,CH1,POWER,3.25
1765674966433,CH1,POWER,3.25
1765674966439,CH1,POWER,3.25
1765674966443,CH1,POWER,3.25
1765674966449,CH1,POWER,3.25
1765674966453,CH1,POWER,3.25
1765674966458,CH1,POWER,3.25
1765674966462,CH1,POWER,3.25
1765674966466,CH1,POWER,3.25
1765674966470,CH1,POWER,3.25
1765674966476,CH1,POWER,3.25
1765674966482,CH1,POWER,3.25
1765674966489,CH1,POWER,3.25
1765674966494,CH1,POWER,3.25
1765674966499,CH1,POWER,3.25
1765674966503,CH1,POWER,3.25
1765674966508,CH1,POWER,3.25
1765674966513,CH1,POWER,3.25
1765674966519,CH1,POWER,3.25
1765674966524,CH1,POWER,3.25
1765674966529,CH1,POWER,3.25
1765674966533,CH1,POWER,3.25
1765674966539,CH1,POWER,3.25
1765674966544,CH1,POWER,3.25
1765674966549,CH1,POWER,3.25
1765674966554,CH1,POWER,3.25
1765674966559,CH1,POWER,3.25
1765674966564,CH1,POWER,3.25
1765674966569,CH1,POWER,3.25
1765674966577,CH1,POWER,3.25
1765674966582,CH1,POWER,3.25
1765674966589,CH1,POWER,3.25
1765674966597,CH1,POWER,3.25
1765674966602,CH1,POWER,3.25
1765674966609,CH1,POWER,3.25
1765674966614,CH1,POWER,3.25
1765674966619,CH1,POWER,3.25
1765674966627,CH1,POWER,3.25
1765674966631,CH1,POWER,3.25
1765674966637,CH1,POWER,3.25
1765674966641,CH1,POWER,3.25
1765674966649,CH1,POWER,3.25
1765674966653,CH1,POWER,3.25
1765674966658,CH1,POWER,3.25
1765674966663,CH1,POWER,3.25
1765674966668,CH1,POWER,3.25
1765674966674,CH1,POWER,3.25
1765674966679,CH1,POWER,3.25
1765674966683,CH1,POWER,3.25
1765674966688,CH1,POWER,3.25
1765674966692,CH1,POWER,3.25
1765674966696,CH1,POWER,3.25
1765674966700,CH1,POWER,3.25
1765674966706,CH1,POWER,3.25
1765674966709,CH1,POWER,3.20
1765674966712,CH1,POWER,3.20
1765674966738,CH1,POWER,3.20
1765674966743,CH1,POWER,3.20
1765674966748,CH1,POWER,3.20
1765674966752,CH1,POWER,3.20
1765674966759,CH1,POWER,3.20
1765674966763,CH1,POWER,3.20
1765674966769,CH1,POWER,3.20
1765674966774,CH1,POWER,3.20
1765674966778,CH1,POWER,3.20
1765674966784,CH1,POWER,3.20
1765674966788,CH1,POWER,3.20
1765674966794,CH1,POWER,3.20
1765674966801,CH1,POWER,3.20
1765674966809,CH1,POWER,3.20
1765674966814,CH1,POWER,3.20
1765674966818,CH1,POWER,3.20
1765674966823,CH1,POWER,3.20
1765674966829,CH1,POWER,3.20
1765674966834,CH1,POWER,3.20
1765674966841,CH1,POWER,3.20
1765674966846,CH1,POWER,3.20
1765674966851,CH1,POWER,3.20
1765674966856,CH1,POWER,3.20
1765674966861,CH1,POWER,3.20
1765674966866,CH1,POWER,3.20
1765674966871,CH1,POWER,3.20
1765674966876,CH1,POWER,3.20
1765674966881,CH1,POWER,3.20
1765674966885,CH1,POWER,3.20
1765674966891,CH1,POWER,3.20
1765674966896,CH1,POWER,3.20
1765674966901,CH1,POWER,3.20
1765674966906,CH1,POWER,3.20
1765674966911,CH1,POWER,3.20
1765674966915,CH1,POWER,3.20
1765674966921,CH1,POWER,3.20
1765674966926,CH1,POWER,3.20
1765674966931,CH1,POWER,3.20
1765674966939,CH1,POWER,3.20
1765674966943,CH1,POWER,3.20
1765674966948,CH1,POWER,3.20
1765674966952,CH1,POWER,3.20
1765674966959,CH1,POWER,3.20
1765674966963,CH1,POWER,3.20
1765674966968,CH1,POWER,3.20
1765674966973,CH1,POWER,3.20
1765674966979,CH1,POWER,3.20
1765674966984,CH1,POWER,3.20
1765674966991,CH1,POWER,3.20
1765674966999,CH1,POWER,3.20
1765674967004,CH1,POWER,3.20
1765674967010,CH1,POWER,3.20
1765674967015,CH1,POWER,3.20
1765674967021,CH1,POWER,3.20
1765674967026,CH1,POWER,3.20
1765674967031,CH1,POWER,3.20
1765674967036,CH1,POWER,3.20
1765674967041,CH1,POWER,3.20
1765674967046,CH1,POWER,3.20
1765674967051,CH1,POWER,3.20
1765674967059,CH1,POWER,3.20
1765674967064,CH1,POWER,3.20
1765674967071,CH1,POWER,3.20
1765674967076,CH1,POWER,3.20
1765674967081,CH1,POWER,3.20
1765674967086,CH1,POWER,3.20
1765674967091,CH1,POWER,3.20
1765674967095,CH1,POWER,3.20
1765674967101,CH1,POWER,3.20
1765674967103,CH1,POWER,3.20
1765674967129,CH1,POWER,3.20
1765674967135,CH1,POWER,3.20
1765674967140,CH1,POWER,3.20
1765674967146,CH1,POWER,3.20
1765674967153,CH1,POWER,3.20
1765674967157,CH1,POWER,3.20
1765674967162,CH1,POWER,3.20
1765674967166,CH1,POWER,3.20
1765674967170,CH1,POWER,3.20
1765674967176,CH1,POWER,3.20
1765674967183,CH1,POWER,3.20
1765674967188,CH1,POWER,3.20
1765674967193,CH1,POWER,3.20
1765674967198,CH1,POWER,3.20
1765674967203,CH1,POWER,3.20
1765674967207,CH1,POWER,3.20
1765674967213,CH1,POWER,3.20
1765674967217,CH1,POWER,3.20
1765674967223,CH1,POWER,3.20
1765674967231,CH1,POWER,3.20
1765674967237,CH1,POWER,3.20
1765674967243,CH1,POWER,3.20
1765674967251,CH1,POWER,3.20
1765674967256,CH1,POWER,3.20
1765674967263,CH1,POWER,3.20
1765674967268,CH1,POWER,3.20
1765674967273,CH1,POWER,3.20
1765674967277,CH1,POWER,3.20
1765674967282,CH1,POWER,3.20
1765674967287,CH1,POWER,3.20
1765674967292,CH1,POWER,3.20
1765674967296,CH1,POWER,3.20
1765674967300,CH1,POWER,3.20
1765674967304,CH1,POWER,3.20
1765674967311,CH1,POWER,3.20
1765674967316,CH1,POWER,3.20
1765674967323,CH1,POWER,3.20
1765674967331,CH1,POWER,3.20
1765674967336,CH1,POWER,3.20
1765674967343,CH1,POWER,3.20
1765674967348,CH1,POWER,3.20
1765674967353,CH1,POWER,3.20
1765674967358,CH1,POWER,3.20
1765674967363,CH1,POWER,3.20
1765674967368,CH1,POWER,3.20
1765674967373,CH1,POWER,3.20
1765674967377,CH1,POWER,3.20
1765674967382,CH1,POWER,3.20
1765674967387,CH1,POWER,3.20
1765674967392,CH1,POWER,3.20
1765674967397,CH1,POWER,3.20
1765674967403,CH1,POWER,3.20
1765674967407,CH1,POWER,3.20
1765674967412,CH1,POWER,3.20
1765674967417,CH1,POWER,3.20
1765674967422,CH1,POWER,3.20
1765674967426,CH1,POWER,3.20
1765674967433,CH1,POWER,3.20
1765674967438,CH1,POWER,3.20
1765674967443,CH1,POWER,3.20
1765674967451,CH1,POWER,3.20
1765674967456,CH1,POWER,3.20
1765674967463,CH1,POWER,3.20
1765674967467,CH1,POWER,3.20
1765674967472,CH1,POWER,3.20
1765674967477,CH1,POWER,3.20
1765674967482,CH1,POWER,3.20
1765674967487,CH1,POWER,3.20
1765674967492,CH1,POWER,3.20
1765674967495,CH1,POWER,3.25
1765674967498,CH1,POWER,3.25
1765674967525,CH1,POWER,3.25
1765674967530,CH1,POWER,3.25
1765674967535,CH1,POWER,3.25
1765674967543,CH1,POWER,3.25
1765674967548,CH1,POWER,3.25
1765674967555,CH1,POWER,3.25
1765674967563,CH1,POWER,3.25
1765674967568,CH1,POWER,3.25
1765674967575,CH1,POWER,3.25
1765674967580,CH1,POWER,3.25
1765674967585,CH1,POWER,3.25
1765674967590,CH1,POWER,3.25
1765674967595,CH1,POWER,3.25
1765674967599,CH1,POWER,3.25
1765674967604,CH1,POWER,3.25
1765674967608,CH1,POWER,3.25
1765674967614,CH1,POWER,3.25
1765674967619,CH1,POWER,3.25
1765674967624,CH1,POWER,3.25
1765674967629,CH1,POWER,3.25
1765674967635,CH1,POWER,3.25
1765674967639,CH1,POWER,3.25
1765674967644,CH1,POWER,3.25
1765674967649,CH1,POWER,3.25
1765674967654,CH1,POWER,3.25
1765674967660,CH1,POWER,3.25
1765674967665,CH1,POWER,3.25
1765674967670,CH1,POWER,3.25
1765674967675,CH1,POWER,3.25
1765674967683,CH1,POWER,3.25
1765674967688,CH1,POWER,3.25
1765674967695,CH1,POWER,3.25
1765674967699,CH1,POWER,3.25
1765674967704,CH1,POWER,3.25
1765674967709,CH1,POWER,3.25
1765674967715,CH1,POWER,3.25
1765674967723,CH1,POWER,3.25
1765674967728,CH1,POWER,3.25
1765674967735,CH1,POWER,3.25
1765674967743,CH1,POWER,3.25
1765674967748,CH1,POWER,3.25
1765674967755,CH1,POWER,3.25
1765674967760,CH1,POWER,3.25
1765674967765,CH1,POWER,3.25
1765674967770,CH1,POWER,3.25
1765674967775,CH1,POWER,3.25
1765674967780,CH1,POWER,3.25
1765674967785,CH1,POWER,3.25
1765674967790,CH1,POWER,3.25
1765674967795,CH1,POWER,3.25
1765674967803,CH1,POWER,3.25
1765674967809,CH1,POWER,3.25
1765674967814,CH1,POWER,3.25
1765674967819,CH1,POWER,3.25
1765674967824,CH1,POWER,3.25
1765674967828,CH1,POWER,3.25
1765674967834,CH1,POWER,3.25
1765674967839,CH1,POWER,3.25
1765674967844,CH1,POWER,3.25
1765674967849,CH1,POWER,3.25
1765674967855,CH1,POWER,3.25
1765674967863,CH1,POWER,3.25
1765674967869,CH1,POWER,3.25
1765674967874,CH1,POWER,3.25
1765674967878,CH1,POWER,3.10
1765674967906,CH1,POWER,3.10
1765674967911,CH1,POWER,3.10
1765674967916,CH1,POWER,3.10
1765674967920,CH1,POWER,3.10
1765674967925,CH1,POWER,3.10
1765674967930,CH1,POWER,3.10
1765674967934,CH1,POWER,3.10
1765674967938,CH1,POWER,3.10
1765674967945,CH1,POWER,3.10
1765674967951,CH1,POWER,3.10
1765674967956,CH1,POWER,3.10
1765674967962,CH1,POWER,3.10
1765674967967,CH1,POWER,3.10
1765674967975,CH1,POWER,3.10
1765674967981,CH1,POWER,3.10
1765674967986,CH1,POWER,3.10
1765674967991,CH1,POWER,3.10
1765674967997,CH1,POWER,3.10
1765674968002,CH1,POWER,3.10
1765674968007,CH1,POWER,3.10
1765674968015,CH1,POWER,3.10
1765674968019,CH1,POWER,3.10
1765674968024,CH1,POWER,3.10
1765674968029,CH1,POWER,3.10
1765674968034,CH1,POWER,3.10
1765674968040,CH1,POWER,3.10
1765674968047,CH1,POWER,3.10
1765674968052,CH1,POWER,3.10
1765674968057,CH1,POWER,3.10
1765674968062,CH1,POWER,3.10
1765674968067,CH1,POWER,3.10
1765674968072,CH1,POWER,3.10
1765674968077,CH1,POWER,3.10
1765674968084,CH1,POWER,3.10
1765674968089,CH1,POWER,3.10
1765674968094,CH1,POWER,3.10
1765674968099,CH1,POWER,3.10
1765674968106,CH1,POWER,3.10
1765674968111,CH1,POWER,3.10
1765674968116,CH1,POWER,3.10
1765674968121,CH1,POWER,3.10
1765674968127,CH1,POWER,3.10
1765674968131,CH1,POWER,3.10
1765674968137,CH1,POWER,3.10
1765674968142,CH1,POWER,3.10
1765674968147,CH1,POWER,3.10
1765674968154,CH1,POWER,3.10
1765674968159,CH1,POWER,3.10
1765674968164,CH1,POWER,3.10
1765674968167,CH1,POWER,3.10
1765674968172,CH1,POWER,3.10
1765674968176,CH1,POWER,3.10
1765674968180,CH1,POWER,3.10
1765674968186,CH1,POWER,3.10
1765674968191,CH1,POWER,3.10
1765674968197,CH1,POWER,3.10
1765674968201,CH1,POWER,3.10
1765674968207,CH1,POWER,3.10
1765674968211,CH1,POWER,3.10
1765674968217,CH1,POWER,3.10
1765674968222,CH1,POWER,3.10
1765674968227,CH1,POWER,3.10
1765674968235,CH1,POWER,3.10
1765674968241,CH1,POWER,3.10
1765674968246,CH1,POWER,3.10
1765674968251,CH1,POWER,3.10
1765674968257,CH1,POWER,3.10
1765674968262,CH1,POWER,3.10
1765674968267,CH1,POWER,3.10
1765674968270,CH1,POWER,2.55
1765674968296,CH1,POWER,2.55
1765674968301,CH1,POWER,2.55
1765674968306,CH1,POWER,2.55
1765674968311,CH1,POWER,2.55
1765674968316,CH1,POWER,2.55
1765674968322,CH1,POWER,2.55
1765674968328,CH1,POWER,2.55
1765674968333,CH1,POWER,2.55
1765674968338,CH1,POWER,2.55
1765674968344,CH1,POWER,2.55
1765674968349,CH1,POWER,2.55
1765674968354,CH1,POWER,2.55
1765674968359,CH1,POWER,2.55
1765674968366,CH1,POWER,2.55
1765674968371,CH1,POWER,2.55
1765674968376,CH1,POWER,2.55
1765674968380,CH1,POWER,2.55
1765674968387,CH1,POWER,2.55
1765674968392,CH1,POWER,2.55
1765674968399,CH1,POWER,2.55
1765674968407,CH1,POWER,2.55
1765674968412,CH1,POWER,2.55
1765674968419,CH1,POWER,2.55
1765674968424,CH1,POWER,2.55
1765674968429,CH1,POWER,2.55
1765674968434,CH1,POWER,2.55
1765674968439,CH1,POWER,2.55
1765674968447,CH1,POWER,2.55
1765674968452,CH1,POWER,2.55
1765674968458,CH1,POWER,2.55
1765674968463,CH1,POWER,2.55
1765674968468,CH1,POWER,2.55
1765674968474,CH1,POWER,2.55
1765674968479,CH1,POWER,2.55
1765674968484,CH1,POWER,2.55
1765674968489,CH1,POWER,2.55
1765674968496,CH1,POWER,2.55
1765674968501,CH1,POWER,2.55
1765674968506,CH1,POWER,2.55
1765674968511,CH1,POWER,2.55
1765674968519,CH1,POWER,2.55
1765674968524,CH1,POWER,2.55
1765674968529,CH1,POWER,2.55
1765674968534,CH1,POWER,2.55
1765674968539,CH1,POWER,2.55
1765674968544,CH1,POWER,2.55
1765674968549,CH1,POWER,2.55
1765674968554,CH1,POWER,2.55
1765674968559,CH1,POWER,2.55
1765674968567,CH1,POWER,2.55
1765674968572,CH1,POWER,2.55
1765674968579,CH1,POWER,2.55
1765674968584,CH1,POWER,2.55
1765674968589,CH1,POWER,2.55
1765674968594,CH1,POWER,2.55
1765674968599,CH1,POWER,2.55
1765674968607,CH1,POWER,2.55
1765674968612,CH1,POWER,2.55
1765674968619,CH1,POWER,2.55
1765674968624,CH1,POWER,2.55
1765674968629,CH1,POWER,2.55
1765674968633,CH1,POWER,2.55
1765674968637,CH1,POWER,2.55
1765674968642,CH1,POWER,2.55
1765674968648,CH1,POWER,2.55
1765674968652,CH1,POWER,2.75
1765674968680,CH1,POWER,2.75
1765674968685,CH1,POWER,2.75
1765674968690,CH1,POWER,2.75
1765674968696,CH1,POWER,2.75
1765674968701,CH1,POWER,2.75
1765674968705,CH1,POWER,2.75
1765674968710,CH1,POWER,2.75
1765674968715,CH1,POWER,2.75
1765674968721,CH1,POWER,2.75
1765674968728,CH1,POWER,2.75
1765674968733,CH1,POWER,2.75
1765674968741,CH1,POWER,2.75
1765674968746,CH1,POWER,2.75
1765674968751,CH1,POWER,2.75
1765674968755,CH1,POWER,2.75
1765674968761,CH1,POWER,2.75
1765674968765,CH1,POWER,2.75
1765674968770,CH1,POWER,2.75
1765674968776,CH1,POWER,2.75
1765674968781,CH1,POWER,2.75
1765674968786,CH1,POWER,2.75
1765674968791,CH1,POWER,2.75
1765674968796,CH1,POWER,2.75
1765674968801,CH1,POWER,2.75
1765674968809,CH1,POWER,2.75
1765674968815,CH1,POWER,2.75
1765674968820,CH1,POWER,2.75
1765674968825,CH1,POWER,2.75
1765674968830,CH1,POWER,2.75
1765674968835,CH1,POWER,2.75
1765674968840,CH1,POWER,2.75
1765674968846,CH1,POWER,2.75
1765674968851,CH1,POWER,2.75
1765674968856,CH1,POWER,2.75
1765674968861,CH1,POWER,2.75
1765674968866,CH1,POWER,2.75
1765674968871,CH1,POWER,2.75
1765674968878,CH1,POWER,2.75
1765674968883,CH1,POWER,2.75
1765674968888,CH1,POWER,2.75
1765674968893,CH1,POWER,2.75
1765674968901,CH1,POWER,2.75
1765674968906,CH1,POWER,2.75
1765674968911,CH1,POWER,2.75
1765674968916,CH1,POWER,2.75
1765674968921,CH1,POWER,2.75
1765674968926,CH1,POWER,2.75
1765674968931,CH1,POWER,2.75
1765674968938,CH1,POWER,2.75
1765674968943,CH1,POWER,2.75
1765674968951,CH1,POWER,2.75
1765674968956,CH1,POWER,2.75
1765674968961,CH1,POWER,2.75
1765674968969,CH1,POWER,2.75
1765674968974,CH1,POWER,2.75
1765674968981,CH1,POWER,2.75
1765674968989,CH1,POWER,2.75
1765674968994,CH1,POWER,2.75
1765674969001,CH1,POWER,2.75
1765674969006,CH1,POWER,2.75
1765674969011,CH1,POWER,2.75
1765674969016,CH1,POWER,2.75
1765674969021,CH1,POWER,2.75
1765674969025,CH1,POWER,2.75
1765674969030,CH1,POWER,2.75
1765674969034,CH1,POWER,2.75
1765674969040,CH1,POWER,2.75
1765674969045,CH1,POWER,2.75
1765674969072,CH1,POWER,3.20
1765674969077,CH1,POWER,3.20
1765674969082,CH1,POWER,3.20
1765674969086,CH1,POWER,3.20
1765674969093,CH1,POWER,3.20
1765674969098,CH1,POWER,3.20
1765674969103,CH1,POWER,3.20
1765674969108,CH1,POWER,3.20
1765674969113,CH1,POWER,3.20
1765674969118,CH1,POWER,3.20
1765674969123,CH1,POWER,3.20
1765674969131,CH1,POWER,3.20
1765674969135,CH1,POWER,3.20
1765674969140,CH1,POWER,3.20
1765674969145,CH1,POWER,3.20
1765674969153,CH1,POWER,3.20
1765674969158,CH1,POWER,3.20
1765674969163,CH1,POWER,3.20
1765674969171,CH1,POWER,3.20
1765674969175,CH1,POWER,3.20
1765674969183,CH1,POWER,3.20
1765674969188,CH1,POWER,3.20
1765674969192,CH1,POWER,3.20
1765674969197,CH1,POWER,3.20
1765674969203,CH1,POWER,3.20
1765674969208,CH1,POWER,3.20
1765674969213,CH1,POWER,3.20
1765674969218,CH1,POWER,3.20
1765674969222,CH1,POWER,3.20
1765674969227,CH1,POWER,3.20
1765674969233,CH1,POWER,3.20
1765674969237,CH1,POWER,3.20
1765674969242,CH1,POWER,3.20
1765674969247,CH1,POWER,3.20
1765674969253,CH1,POWER,3.20
1765674969258,CH1,POWER,3.20
1765674969263,CH1,POWER,3.20
1765674969266,CH1,POWER,3.20
1765674969273,CH1,POWER,3.20
1765674969278,CH1,POWER,3.20
1765674969282,CH1,POWER,3.20
1765674969288,CH1,POWER,3.20
1765674969293,CH1,POWER,3.20
1765674969301,CH1,POWER,3.20
1765674969306,CH1,POWER,3.20
1765674969312,CH1,POWER,3.20
1765674969317,CH1,POWER,3.20
1765674969322,CH1,POWER,3.20
1765674969326,CH1,POWER,3.20
1765674969333,CH1,POWER,3.20
1765674969338,CH1,POWER,3.20
1765674969343,CH1,POWER,3.20
1765674969348,CH1,POWER,3.20
1765674969353,CH1,POWER,3.20
1765674969358,CH1,POWER,3.20
1765674969363,CH1,POWER,3.20
1765674969371,CH1,POWER,3.20
1765674969376,CH1,POWER,3.20
1765674969382,CH1,POWER,3.20
1765674969387,CH1,POWER,3.20
1765674969392,CH1,POWER,3.20
1765674969397,CH1,POWER,3.20
1765674969402,CH1,POWER,3.20
1765674969408,CH1,POWER,3.20
1765674969412,CH1,POWER,3.20
1765674969417,CH1,POWER,3.20
1765674969422,CH1,POWER,3.20
1765674969427,CH1,POWER,3.20
1765674969432,CH1,POWER,3.20
1765674969436,CH1,POWER,3.20
1765674969464,CH1,POWER,3.20
1765674969469,CH1,POWER,3.20
1765674969473,CH1,POWER,3.20
1765674969478,CH1,POWER,3.20
1765674969485,CH1,POWER,3.20
1765674969490,CH1,POWER,3.20
1765674969495,CH1,POWER,3.20
1765674969500,CH1,POWER,3.20
1765674969505,CH1,POWER,3.20
1765674969510,CH1,POWER,3.20
1765674969515,CH1,POWER,3.20
1765674969520,CH1,POWER,3.20
1765674969525,CH1,POWER,3.20
1765674969530,CH1,POWER,3.20
1765674969535,CH1,POWER,3.20
1765674969543,CH1,POWER,3.20
1765674969548,CH1,POWER,3.20
1765674969555,CH1,POWER,3.20
1765674969560,CH1,POWER,3.20
1765674969565,CH1,POWER,3.20
1765674969570,CH1,POWER,3.20
1765674969574,CH1,POWER,3.20
1765674969579,CH1,POWER,3.20
1765674969584,CH1,POWER,3.20
1765674969588,CH1,POWER,3.20
1765674969595,CH1,POWER,3.20
1765674969600,CH1,POWER,3.20
1765674969604,CH1,POWER,3.20
1765674969609,CH1,POWER,3.20
1765674969615,CH1,POWER,3.20
1765674969620,CH1,POWER,3.20
1765674969624,CH1,POWER,3.20
1765674969628,CH1,POWER,3.20
1765674969634,CH1,POWER,3.20
1765674969638,CH1,POWER,3.20
1765674969644,CH1,POWER,3.20
1765674969648,CH1,POWER,3.20
1765674969654,CH1,POWER,3.20
1765674969659,CH1,POWER,3.20
1765674969664,CH1,POWER,3.20
1765674969669,CH1,POWER,3.20
1765674969674,CH1,POWER,3.20
1765674969679,CH1,POWER,3.20
1765674969685,CH1,POWER,3.20
1765674969690,CH1,POWER,3.20
1765674969694,CH1,POWER,3.20
1765674969699,CH1,POWER,3.20
1765674969703,CH1,POWER,3.20
1765674969708,CH1,POWER,3.20
1765674969715,CH1,POWER,3.20
1765674969720,CH1,POWER,3.20
1765674969724,CH1,POWER,3.20
1765674969729,CH1,POWER,3.20
1765674969734,CH1,POWER,3.20
1765674969739,CH1,POWER,3.20
1765674969745,CH1,POWER,3.20
1765674969750,CH1,POWER,3.20
1765674969754,CH1,POWER,3.20
1765674969759,CH1,POWER,3.20
1765674969764,CH1,POWER,3.20
1765674969768,CH1,POWER,3.20
1765674969775,CH1,POWER,3.20
1765674969780,CH1,POWER,3.20
1765674969784,CH1,POWER,3.20
1765674969789,CH1,POWER,3.20
1765674969793,CH1,POWER,3.20
1765674969798,CH1,POWER,3.20
1765674969804,CH1,POWER,3.20
1765674969809,CH1,POWER,3.20
1765674969813,CH1,POWER,3.20
1765674969818,CH1,POWER,3.20
1765674969824,CH1,POWER,3.20
1765674969828,CH1,POWER,3.20
1765674969856,CH1,POWER,3.35
1765674969861,CH1,POWER,3.35
1765674969867,CH1,POWER,3.35
1765674969875,CH1,POWER,3.35
1765674969880,CH1,POWER,3.35
1765674969887,CH1,POWER,3.35
1765674969892,CH1,POWER,3.35
1765674969897,CH1,POWER,3.35
1765674969902,CH1,POWER,3.35
1765674969907,CH1,POWER,3.35
1765674969912,CH1,POWER,3.35
1765674969917,CH1,POWER,3.35
1765674969922,CH1,POWER,3.35
1765674969927,CH1,POWER,3.35
1765674969932,CH1,POWER,3.35
1765674969937,CH1,POWER,3.35
1765674969942,CH1,POWER,3.35
1765674969947,CH1,POWER,3.35
1765674969955,CH1,POWER,3.35
1765674969960,CH1,POWER,3.35
1765674969967,CH1,POWER,3.35
1765674969972,CH1,POWER,3.35
1765674969977,CH1,POWER,3.35
1765674969982,CH1,POWER,3.35
1765674969987,CH1,POWER,3.35
1765674969992,CH1,POWER,3.35
1765674969996,CH1,POWER,3.35
1765674970001,CH1,POWER,3.35
1765674970006,CH1,POWER,3.35
1765674970011,CH1,POWER,3.35
1765674970017,CH1,POWER,3.35
1765674970025,CH1,POWER,3.35
1765674970030,CH1,POWER,3.35
1765674970037,CH1,POWER,3.35
1765674970042,CH1,POWER,3.35
1765674970047,CH1,POWER,3.35
1765674970052,CH1,POWER,3.35
1765674970056,CH1,POWER,3.35
1765674970061,CH1,POWER,3.35
1765674970066,CH1,POWER,3.35
1765674970070,CH1,POWER,3.35
1765674970076,CH1,POWER,3.35
1765674970082,CH1,POWER,3.35
1765674970086,CH1,POWER,3.35
1765674970091,CH1,POWER,3.35
1765674970095,CH1,POWER,3.35
1765674970099,CH1,POWER,3.35
1765674970103,CH1,POWER,3.35
1765674970110,CH1,POWER,3.35
1765674970116,CH1,POWER,3.35
1765674970120,CH1,POWER,3.35
1765674970126,CH1,POWER,3.35
1765674970132,CH1,POWER,3.35
1765674970136,CH1,POWER,3.35
1765674970141,CH1,POWER,3.35
1765674970145,CH1,POWER,3.35
1765674970150,CH1,POWER,3.35
1765674970156,CH1,POWER,3.35
1765674970161,CH1,POWER,3.35
1765674970165,CH1,POWER,3.35
1765674970170,CH1,POWER,3.35
1765674970175,CH1,POWER,3.35
1765674970180,CH1,POWER,3.35
1765674970187,CH1,POWER,3.35
1765674970192,CH1,POWER,3.35
1765674970197,CH1,POWER,3.35
1765674970202,CH1,POWER,3.35
1765674970206,CH1,POWER,3.35
1765674970211,CH1,POWER,3.35
1765674970215,CH1,POWER,3.20
1765674970218,CH1,POWER,3.20
1765674970220,CH1,POWER,3.20
1765674970248,CH1,POWER,3.20
1765674970253,CH1,POWER,3.20
1765674970258,CH1,POWER,3.20
1765674970263,CH1,POWER,3.20
1765674970267,CH1,POWER,3.20
1765674970274,CH1,POWER,3.20
1765674970279,CH1,POWER,3.20
1765674970284,CH1,POWER,3.20
1765674970289,CH1,POWER,3.20
1765674970294,CH1,POWER,3.20
1765674970299,CH1,POWER,3.20
1765674970307,CH1,POWER,3.20
1765674970311,CH1,POWER,3.20
1765674970319,CH1,POWER,3.20
1765674970324,CH1,POWER,3.20
1765674970329,CH1,POWER,3.20
1765674970334,CH1,POWER,3.20
1765674970338,CH1,POWER,3.20
1765674970343,CH1,POWER,3.20
1765674970347,CH1,POWER,3.20
1765674970351,CH1,POWER,3.20
1765674970359,CH1,POWER,3.20
1765674970367,CH1,POWER,3.20
1765674970372,CH1,POWER,3.20
1765674970378,CH1,POWER,3.20
1765674970387,CH1,POWER,3.20
1765674970392,CH1,POWER,3.20
1765674970399,CH1,POWER,3.20
1765674970404,CH1,POWER,3.20
1765674970408,CH1,POWER,3.20
1765674970412,CH1,POWER,3.20
1765674970418,CH1,POWER,3.20
1765674970424,CH1,POWER,3.20
1765674970429,CH1,POWER,3.20
1765674970437,CH1,POWER,3.20
1765674970442,CH1,POWER,3.20
1765674970448,CH1,POWER,3.20
1765674970452,CH1,POWER,3.20
1765674970459,CH1,POWER,3.20
1765674970466,CH1,POWER,3.20
1765674970470,CH1,POWER,3.20
1765674970475,CH1,POWER,3.20
1765674970479,CH1,POWER,3.20
1765674970487,CH1,POWER,3.20
1765674970493,CH1,POWER,3.20
1765674970498,CH1,POWER,3.20
1765674970502,CH1,POWER,3.20
1765674970509,CH1,POWER,3.20
1765674970514,CH1,POWER,3.20
1765674970518,CH1,POWER,3.20
1765674970527,CH1,POWER,3.20
1765674970532,CH1,POWER,3.20
1765674970538,CH1,POWER,3.20
1765674970543,CH1,POWER,3.20
1765674970547,CH1,POWER,3.20
1765674970552,CH1,POWER,3.20
1765674970558,CH1,POWER,3.20
1765674970563,CH1,POWER,3.20
1765674970568,CH1,POWER,3.20
1765674970572,CH1,POWER,3.20
1765674970578,CH1,POWER,3.20
1765674970583,CH1,POWER,3.20
1765674970587,CH1,POWER,3.20
1765674970592,CH1,POWER,3.20
1765674970599,CH1,POWER,3.20
1765674970603,CH1,POWER,3.20
1765674970631,CH1,POWER,3.20
1765674970636,CH1,POWER,3.20
1765674970640,CH1,POWER,3.20
1765674970646,CH1,POWER,3.20
1765674970651,CH1,POWER,3.20
1765674970656,CH1,POWER,3.20
1765674970661,CH1,POWER,3.20
1765674970666,CH1,POWER,3.20
1765674970670,CH1,POWER,3.20
1765674970675,CH1,POWER,3.20
1765674970680,CH1,POWER,3.20
1765674970684,CH1,POWER,3.20
1765674970691,CH1,POWER,3.20
1765674970696,CH1,POWER,3.20
1765674970700,CH1,POWER,3.20
1765674970704,CH1,POWER,3.20
1765674970711,CH1,POWER,3.20
1765674970716,CH1,POWER,3.20
1765674970720,CH1,POWER,3.20
1765674970726,CH1,POWER,3.20
1765674970731,CH1,POWER,3.20
1765674970736,CH1,POWER,3.20
1765674970740,CH1,POWER,3.20
1765674970746,CH1,POWER,3.20
1765674970750,CH1,POWER,3.20
1765674970754,CH1,POWER,3.20
1765674970760,CH1,POWER,3.20
1765674970765,CH1,POWER,3.20
1765674970769,CH1,POWER,3.20
1765674970773,CH1,POWER,3.20
1765674970777,CH1,POWER,3.20
1765674970782,CH1,POWER,3.20
1765674970788,CH1,POWER,3.20
1765674970792,CH1,POWER,3.20
1765674970799,CH1,POWER,3.20
1765674970803,CH1,POWER,3.20
1765674970808,CH1,POWER,3.20
1765674970812,CH1,POWER,3.20
1765674970819,CH1,POWER,3.20
1765674970824,CH1,POWER,3.20
1765674970829,CH1,POWER,3.20
1765674970836,CH1,POWER,3.20
1765674970841,CH1,POWER,3.20
1765674970846,CH1,POWER,3.20
1765674970851,CH1,POWER,3.20
1765674970856,CH1,POWER,3.20
1765674970860,CH1,POWER,3.20
1765674970866,CH1,POWER,3.20
1765674970871,CH1,POWER,3.20
1765674970876,CH1,POWER,3.20
1765674970880,CH1,POWER,3.20
1765674970889,CH1,POWER,3.20
1765674970894,CH1,POWER,3.20
1765674970900,CH1,POWER,3.20
1765674970909,CH1,POWER,3.20
1765674970914,CH1,POWER,3.20
1765674970920,CH1,POWER,3.20
1765674970925,CH1,POWER,3.20
1765674970929,CH1,POWER,3.20
1765674970934,CH1,POWER,3.20
1765674970940,CH1,POWER,3.20
1765674970944,CH1,POWER,3.20
1765674970951,CH1,POWER,3.20
1765674970956,CH1,POWER,3.20
1765674970961,CH1,POWER,3.20
1765674970966,CH1,POWER,3.20
1765674970970,CH1,POWER,3.20
1765674970976,CH1,POWER,3.20
1765674970980,CH1,POWER,3.20
1765674970984,CH1,POWER,3.20
1765674970991,CH1,POWER,3.20
1765674970993,CH1,POWER,3.20
1765674971020,CH1,POWER,3.20
1765674971025,CH1,POWER,3.20
1765674971029,CH1,POWER,3.20
1765674971033,CH1,POWER,3.20
1765674971040,CH1,POWER,3.20
1765674971045,CH1,POWER,3.20
1765674971052,CH1,POWER,3.20
1765674971056,CH1,POWER,3.20
1765674971063,CH1,POWER,3.20
1765674971068,CH1,POWER,3.20
1765674971073,CH1,POWER,3.20
1765674971078,CH1,POWER,3.20
1765674971082,CH1,POWER,3.20
1765674971091,CH1,POWER,3.20
1765674971096,CH1,POWER,3.20
1765674971102,CH1,POWER,3.20
1765674971106,CH1,POWER,3.20
1765674971112,CH1,POWER,3.20
1765674971118,CH1,POWER,3.20
1765674971123,CH1,POWER,3.20
1765674971128,CH1,POWER,3.20
1765674971132,CH1,POWER,3.20
1765674971136,CH1,POWER,3.20
1765674971142,CH1,POWER,3.20
1765674971146,CH1,POWER,3.20
1765674971152,CH1,POWER,3.20
1765674971158,CH1,POWER,3.20
1765674971162,CH1,POWER,3.20
1765674971168,CH1,POWER,3.20
1765674971172,CH1,POWER,3.20
1765674971176,CH1,POWER,3.20
1765674971182,CH1,POWER,3.20
1765674971188,CH1,POWER,3.20
1765674971193,CH1,POWER,3.20
1765674971198,CH1,POWER,3.20
1765674971202,CH1,POWER,3.20
1765674971210,CH1,POWER,3.20
1765674971216,CH1,POWER,3.20
1765674971222,CH1,POWER,3.20
1765674971226,CH1,POWER,3.20
1765674971232,CH1,POWER,3.20
1765674971240,CH1,POWER,3.20
1765674971244,CH1,POWER,3.20
1765674971251,CH1,POWER,3.20
1765674971255,CH1,POWER,3.20
1765674971261,CH1,POWER,3.20
1765674971266,CH1,POWER,3.20
1765674971272,CH1,POWER,3.20
1765674971276,CH1,POWER,3.20
1765674971282,CH1,POWER,3.20
1765674971287,CH1,POWER,3.20
1765674971291,CH1,POWER,3.20
1765674971295,CH1,POWER,3.20
1765674971299,CH1,POWER,3.20
1765674971305,CH1,POWER,3.20
1765674971309,CH1,POWER,3.20
1765674971315,CH1,POWER,3.20
1765674971319,CH1,POWER,3.20
1765674971326,CH1,POWER,3.20
1765674971332,CH1,POWER,3.20
1765674971336,CH1,POWER,3.20
1765674971342,CH1,POWER,3.20
1765674971346,CH1,POWER,3.20
1765674971353,CH1,POWER,3.20
1765674971360,CH1,POWER,3.20
1765674971364,CH1,POWER,3.20
1765674971370,CH1,POWER,3.20
1765674971376,CH1,POWER,3.20
1765674971383,CH1,POWER,3.20
1765674971385,CH1,POWER,3.60
1765674971412,CH1,POWER,3.60
1765674971417,CH1,POWER,3.60
1765674971421,CH1,POWER,3.60
1765674971425,CH1,POWER,3.60
1765674971430,CH1,POWER,3.60
1765674971434,CH1,POWER,3.60
1765674971438,CH1,POWER,3.60
1765674971444,CH1,POWER,3.60
1765674971448,CH1,POWER,3.60
1765674971454,CH1,POWER,3.60
1765674971463,CH1,POWER,3.60
1765674971467,CH1,POWER,3.60
1765674971473,CH1,POWER,3.60
1765674971480,CH1,POWER,3.60
1765674971485,CH1,POWER,3.60
1765674971490,CH1,POWER,3.60
1765674971494,CH1,POWER,3.60
1765674971499,CH1,POWER,3.60
1765674971503,CH1,POWER,3.60
1765674971510,CH1,POWER,3.60
1765674971514,CH1,POWER,3.60
1765674971518,CH1,POWER,3.60
1765674971524,CH1,POWER,3.60
1765674971533,CH1,POWER,3.60
1765674971538,CH1,POWER,3.60
1765674971545,CH1,POWER,3.60
1765674971550,CH1,POWER,3.60
1765674971555,CH1,POWER,3.60
1765674971560,CH1,POWER,3.60
1765674971565,CH1,POWER,3.60
1765674971570,CH1,POWER,3.60
1765674971575,CH1,POWER,3.60
1765674971580,CH1,POWER,3.60
1765674971584,CH1,POWER,3.60
1765674971588,CH1,POWER,3.60
1765674971595,CH1,POWER,3.60
1765674971600,CH1,POWER,3.60
1765674971605,CH1,POWER,3.60
1765674971610,CH1,POWER,3.60
1765674971614,CH1,POWER,3.60
1765674971623,CH1,POWER,3.60
1765674971627,CH1,POWER,3.60
1765674971633,CH1,POWER,3.60
1765674971638,CH1,POWER,3.60
1765674971644,CH1,POWER,3.60
1765674971648,CH1,POWER,3.60
1765674971655,CH1,POWER,3.60
1765674971660,CH1,POWER,3.60
1765674971664,CH1,POWER,3.60
1765674971668,CH1,POWER,3.60
1765674971675,CH1,POWER,3.60
1765674971680,CH1,POWER,3.60
1765674971684,CH1,POWER,3.60
1765674971688,CH1,POWER,3.60
1765674971694,CH1,POWER,3.60
1765674971700,CH1,POWER,3.60
1765674971704,CH1,POWER,3.60
1765674971710,CH1,POWER,3.60
1765674971714,CH1,POWER,3.60
1765674971718,CH1,POWER,3.60
1765674971724,CH1,POWER,3.60
1765674971730,CH1,POWER,3.60
1765674971735,CH1,POWER,3.60
1765674971740,CH1,POWER,3.60
1765674971744,CH1,POWER,3.60
1765674971748,CH1,POWER,3.60
1765674971753,CH1,POWER,3.60
1765674971760,CH1,POWER,3.60
1765674971764,CH1,POWER,3.60
1765674971768,CH1,POWER,3.60
1765674971773,CH1,POWER,3.60
1765674971776,CH1,POWER,3.20
1765674971778,CH1,POWER,3.20
1765674971806,CH1,POWER,3.20
1765674971810,CH1,POWER,3.20
1765674971816,CH1,POWER,3.20
1765674971824,CH1,POWER,3.20
1765674971830,CH1,POWER,3.20
1765674971837,CH1,POWER,3.20
1765674971842,CH1,POWER,3.20
1765674971846,CH1,POWER,3.20
1765674971852,CH1,POWER,3.20
1765674971856,CH1,POWER,3.20
1765674971865,CH1,POWER,3.20
1765674971869,CH1,POWER,3.20
1765674971875,CH1,POWER,3.20
1765674971879,CH1,POWER,3.20
1765674971883,CH1,POWER,3.20
1765674971887,CH1,POWER,3.20
1765674971892,CH1,POWER,3.20
1765674971897,CH1,POWER,3.20
1765674971902,CH1,POWER,3.20
1765674971906,CH1,POWER,3.20
1765674971910,CH1,POWER,3.20
1765674971916,CH1,POWER,3.20
1765674971922,CH1,POWER,3.20
1765674971926,CH1,POWER,3.20
1765674971930,CH1,POWER,3.20
1765674971936,CH1,POWER,3.20
1765674971942,CH1,POWER,3.20
1765674971946,CH1,POWER,3.20
1765674971954,CH1,POWER,3.20
1765674971958,CH1,POWER,3.20
1765674971963,CH1,POWER,3.20
1765674971968,CH1,POWER,3.20
1765674971975,CH1,POWER,3.20
1765674971979,CH1,POWER,3.20
1765674971985,CH1,POWER,3.20
1765674971992,CH1,POWER,3.20
1765674971996,CH1,POWER,3.20
1765674972000,CH1,POWER,3.20
1765674972006,CH1,POWER,3.20
1765674972010,CH1,POWER,3.20
1765674972016,CH1,POWER,3.20
1765674972020,CH1,POWER,3.20
1765674972026,CH1,POWER,3.20
1765674972030,CH1,POWER,3.20
1765674972036,CH1,POWER,3.20
1765674972040,CH1,POWER,3.20
1765674972045,CH1,POWER,3.20
1765674972052,CH1,POWER,3.20
1765674972056,CH1,POWER,3.20
1765674972062,CH1,POWER,3.20
1765674972066,CH1,POWER,3.20
1765674972072,CH1,POWER,3.20
1765674972076,CH1,POWER,3.20
1765674972080,CH1,POWER,3.20
1765674972086,CH1,POWER,3.20
1765674972092,CH1,POWER,3.20
1765674972096,CH1,POWER,3.20
1765674972104,CH1,POWER,3.20
1765674972108,CH1,POWER,3.20
1765674972114,CH1,POWER,3.20
1765674972118,CH1,POWER,3.20
1765674972123,CH1,POWER,3.20
1765674972128,CH1,POWER,3.20
1765674972134,CH1,POWER,3.20
1765674972138,CH1,POWER,3.20
1765674972144,CH1,POWER,3.20
1765674972149,CH1,POWER,3.20
1765674972153,CH1,POWER,3.20
1765674972157,CH1,POWER,3.20
1765674972163,CH1,POWER,3.20
1765674972167,CH1,POWER,3.20
1765674972169,CH1,POWER,3.20
1765674972196,CH1,POWER,3.20
1765674972200,CH1,POWER,3.20
1765674972205,CH1,POWER,3.20
1765674972211,CH1,POWER,3.20
1765674972218,CH1,POWER,3.20
1765674972222,CH1,POWER,3.20
1765674972227,CH1,POWER,3.20
1765674972234,CH1,POWER,3.20
1765674972238,CH1,POWER,3.20
1765674972244,CH1,POWER,3.20
1765674972248,CH1,POWER,3.20
1765674972256,CH1,POWER,3.20
1765674972261,CH1,POWER,3.20
1765674972268,CH1,POWER,3.20
1765674972272,CH1,POWER,3.20
1765674972277,CH1,POWER,3.20
1765674972282,CH1,POWER,3.20
1765674972288,CH1,POWER,3.20
1765674972292,CH1,POWER,3.20
1765674972297,CH1,POWER,3.20
1765674972304,CH1,POWER,3.20
1765674972308,CH1,POWER,3.20
1765674972314,CH1,POWER,3.20
1765674972318,CH1,POWER,3.20
1765674972322,CH1,POWER,3.20
1765674972328,CH1,POWER,3.20
1765674972332,CH1,POWER,3.20
1765674972338,CH1,POWER,3.20
1765674972342,CH1,POWER,3.20
1765674972348,CH1,POWER,3.20
1765674972352,CH1,POWER,3.20
1765674972358,CH1,POWER,3.20
1765674972362,CH1,POWER,3.20
1765674972367,CH1,POWER,3.20
1765674972372,CH1,POWER,3.20
1765674972377,CH1,POWER,3.20
1765674972384,CH1,POWER,3.20
1765674972388,CH1,POWER,3.20
1765674972392,CH1,POWER,3.20
1765674972398,CH1,POWER,3.20
1765674972402,CH1,POWER,3.20
1765674972407,CH1,POWER,3.20
1765674972412,CH1,POWER,3.20
1765674972417,CH1,POWER,3.20
1765674972422,CH1,POWER,3.20
1765674972427,CH1,POWER,3.20
1765674972434,CH1,POWER,3.20
1765674972438,CH1,POWER,3.20
1765674972446,CH1,POWER,3.20
1765674972451,CH1,POWER,3.20
1765674972458,CH1,POWER,3.20
1765674972462,CH1,POWER,3.20
1765674972468,CH1,POWER,3.20
1765674972474,CH1,POWER,3.20
1765674972478,CH1,POWER,3.20
1765674972482,CH1,POWER,3.20
1765674972488,CH1,POWER,3.20
1765674972493,CH1,POWER,3.20
1765674972497,CH1,POWER,3.20
1765674972501,CH1,POWER,3.20
1765674972508,CH1,POWER,3.20
1765674972517,CH1,POWER,3.20
1765674972521,CH1,POWER,3.20
1765674972528,CH1,POWER,3.20
1765674972532,CH1,POWER,3.20
1765674972538,CH1,POWER,3.20
1765674972542,CH1,POWER,3.20
1765674972548,CH1,POWER,3.20
1765674972552,CH1,POWER,3.20
1765674972556,CH1,POWER,3.20
1765674972558,CH1,POWER,3.20
1765674972561,CH1,POWER,3.20
1765674972563,CH1,POWER,3.20
1765674972591,CH1,POWER,3.20
1765674972596,CH1,POWER,3.20
1765674972600,CH1,POWER,3.20
1765674972604,CH1,POWER,3.20
1765674972610,CH1,POWER,3.20
1765674972616,CH1,POWER,3.20
1765674972620,CH1,POWER,3.20
1765674972626,CH1,POWER,3.20
1765674972630,CH1,POWER,3.20
1765674972634,CH1,POWER,3.20
1765674972640,CH1,POWER,3.20
1765674972646,CH1,POWER,3.20
1765674972650,CH1,POWER,3.20
1765674972654,CH1,POWER,3.20
1765674972659,CH1,POWER,3.20
1765674972663,CH1,POWER,3.20
1765674972667,CH1,POWER,3.20
1765674972674,CH1,POWER,3.20
1765674972680,CH1,POWER,3.20
1765674972686,CH1,POWER,3.20
1765674972690,CH1,POWER,3.20
1765674972694,CH1,POWER,3.20
1765674972700,CH1,POWER,3.20
1765674972708,CH1,POWER,3.20
1765674972712,CH1,POWER,3.20
1765674972718,CH1,POWER,3.20
1765674972722,CH1,POWER,3.20
1765674972727,CH1,POWER,3.20
1765674972732,CH1,POWER,3.20
1765674972737,CH1,POWER,3.20
1765674972742,CH1,POWER,3.20
1765674972747,CH1,POWER,3.20
1765674972752,CH1,POWER,3.20
1765674972758,CH1,POWER,3.20
1765674972763,CH1,POWER,3.20
1765674972767,CH1,POWER,3.20
1765674972772,CH1,POWER,3.20
1765674972780,CH1,POWER,3.20
1765674972786,CH1,POWER,3.20
1765674972790,CH1,POWER,3.20
1765674972794,CH1,POWER,3.20
1765674972799,CH1,POWER,3.20
1765674972804,CH1,POWER,3.20
1765674972810,CH1,POWER,3.20
1765674972816,CH1,POWER,3.20
1765674972820,CH1,POWER,3.20
1765674972824,CH1,POWER,3.20
1765674972830,CH1,POWER,3.20
1765674972836,CH1,POWER,3.20
1765674972840,CH1,POWER,3.20
1765674972844,CH1,POWER,3.20
1765674972850,CH1,POWER,3.20
1765674972856,CH1,POWER,3.20
1765674972860,CH1,POWER,3.20
1765674972866,CH1,POWER,3.20
1765674972870,CH1,POWER,3.20
1765674972875,CH1,POWER,3.20
1765674972879,CH1,POWER,3.20
1765674972883,CH1,POWER,3.20
1765674972887,CH1,POWER,3.20
1765674972892,CH1,POWER,3.20
1765674972897,CH1,POWER,3.20
1765674972901,CH1,POWER,3.20
1765674972908,CH1,POWER,3.20
1765674972915,CH1,POWER,3.20
1765674972919,CH1,POWER,3.20
1765674972926,CH1,POWER,3.20
1765674972930,CH1,POWER,3.20
1765674972934,CH1,POWER,3.20
1765674972939,CH1,POWER,3.20
1765674972944,CH1,POWER,3.20
1765674972948,CH1,POWER,3.25
1765674972951,CH1,POWER,3.25
1765674972954,CH1,POWER,3.25
1765674972979,CH1,POWER,3.25
1765674972984,CH1,POWER,3.25
1765674972992,CH1,POWER,3.25
1765674973000,CH1,POWER,3.25
1765674973005,CH1,POWER,3.25
1765674973012,CH1,POWER,3.25
1765674973018,CH1,POWER,3.25
1765674973022,CH1,POWER,3.25
1765674973028,CH1,POWER,3.25
1765674973032,CH1,POWER,3.25
1765674973036,CH1,POWER,3.25
1765674973041,CH1,POWER,3.25
1765674973045,CH1,POWER,3.25
1765674973049,CH1,POWER,3.25
1765674973053,CH1,POWER,3.25
1765674973058,CH1,POWER,3.25
1765674973062,CH1,POWER,3.25
1765674973066,CH1,POWER,3.25
1765674973073,CH1,POWER,3.25
1765674973078,CH1,POWER,3.25
1765674973082,CH1,POWER,3.25
1765674973086,CH1,POWER,3.25
1765674973091,CH1,POWER,3.25
1765674973096,CH1,POWER,3.25
1765674973102,CH1,POWER,3.25
1765674973108,CH1,POWER,3.25
1765674973112,CH1,POWER,3.25
1765674973120,CH1,POWER,3.25
1765674973125,CH1,POWER,3.25
1765674973132,CH1,POWER,3.25
1765674973138,CH1,POWER,3.25
1765674973142,CH1,POWER,3.25
1765674973148,CH1,POWER,3.25
1765674973152,CH1,POWER,3.25
1765674973156,CH1,POWER,3.25
1765674973162,CH1,POWER,3.25
1765674973166,CH1,POWER,3.25
1765674973172,CH1,POWER,3.25
1765674973176,CH1,POWER,3.25
1765674973182,CH1,POWER,3.25
1765674973188,CH1,POWER,3.25
1765674973192,CH1,POWER,3.25
1765674973198,CH1,POWER,3.25
1765674973202,CH1,POWER,3.25
1765674973208,CH1,POWER,3.25
1765674973212,CH1,POWER,3.25
1765674973216,CH1,POWER,3.25
1765674973221,CH1,POWER,3.25
1765674973225,CH1,POWER,3.25
1765674973229,CH1,POWER,3.25
1765674973234,CH1,POWER,3.25
1765674973242,CH1,POWER,3.25
1765674973248,CH1,POWER,3.25
1765674973252,CH1,POWER,3.25
1765674973258,CH1,POWER,3.25
1765674973262,CH1,POWER,3.25
1765674973268,CH1,POWER,3.25
1765674973272,CH1,POWER,3.25
1765674973278,CH1,POWER,3.25
1765674973282,CH1,POWER,3.25
1765674973288,CH1,POWER,3.25
1765674973292,CH1,POWER,3.25
1765674973298,CH1,POWER,3.25
1765674973302,CH1,POWER,3.25
1765674973306,CH1,POWER,3.25
1765674973311,CH1,POWER,3.25
1765674973318,CH1,POWER,3.25
1765674973322,CH1,POWER,3.25
1765674973328,CH1,POWER,3.25
1765674973332,CH1,POWER,3.25
1765674973336,CH1,POWER,3.25
1765674973363,CH1,POWER,3.45
1765674973368,CH1,POWER,3.45
1765674973374,CH1,POWER,3.45
1765674973378,CH1,POWER,3.45
1765674973383,CH1,POWER,3.45
1765674973388,CH1,POWER,3.45
1765674973394,CH1,POWER,3.45
1765674973400,CH1,POWER,3.45
1765674973404,CH1,POWER,3.45
1765674973408,CH1,POWER,3.45
1765674973413,CH1,POWER,3.45
1765674973417,CH1,POWER,3.45
1765674973421,CH1,POWER,3.45
1765674973425,CH1,POWER,3.45
1765674973430,CH1,POWER,3.45
1765674973434,CH1,POWER,3.45
1765674973438,CH1,POWER,3.45
1765674973443,CH1,POWER,3.45
1765674973448,CH1,POWER,3.45
1765674973454,CH1,POWER,3.45
1765674973460,CH1,POWER,3.45
1765674973464,CH1,POWER,3.45
1765674973468,CH1,POWER,3.45
1765674973474,CH1,POWER,3.45
1765674973480,CH1,POWER,3.45
1765674973484,CH1,POWER,3.45
1765674973490,CH1,POWER,3.45
1765674973494,CH1,POWER,3.45
1765674973502,CH1,POWER,3.45
1765674973507,CH1,POWER,3.45
1765674973513,CH1,POWER,3.45
1765674973518,CH1,POWER,3.45
1765674973524,CH1,POWER,3.45
1765674973528,CH1,POWER,3.45
1765674973534,CH1,POWER,3.45
1765674973540,CH1,POWER,3.45
1765674973544,CH1,POWER,3.45
1765674973548,CH1,POWER,3.45
1765674973554,CH1,POWER,3.45
1765674973560,CH1,POWER,3.45
1765674973564,CH1,POWER,3.45
1765674973570,CH1,POWER,3.45
1765674973574,CH1,POWER,3.45
1765674973578,CH1,POWER,3.45
1765674973583,CH1,POWER,3.45
1765674973587,CH1,POWER,3.45
1765674973591,CH1,POWER,3.45
1765674973596,CH1,POWER,3.45
1765674973602,CH1,POWER,3.45
1765674973607,CH1,POWER,3.45
1765674973611,CH1,POWER,3.45
1765674973615,CH1,POWER,3.45
1765674973620,CH1,POWER,3.45
1765674973624,CH1,POWER,3.45
1765674973628,CH1,POWER,3.45
1765674973633,CH1,POWER,3.45
1765674973638,CH1,POWER,3.45
1765674973643,CH1,POWER,3.45
1765674973648,CH1,POWER,3.45
1765674973654,CH1,POWER,3.45
1765674973658,CH1,POWER,3.45
1765674973664,CH1,POWER,3.45
1765674973668,CH1,POWER,3.45
1765674973674,CH1,POWER,3.45
1765674973680,CH1,POWER,3.45
1765674973684,CH1,POWER,3.45
1765674973690,CH1,POWER,3.45
1765674973694,CH1,POWER,3.45
1765674973698,CH1,POWER,3.45
1765674973704,CH1,POWER,3.45
1765674973712,CH1,POWER,3.45
1765674973717,CH1,POWER,3.45
1765674973724,CH1,POWER,3.45
1765674973726,CH1,POWER,3.05
1765674973729,CH1,POWER,3.05
1765674973756,CH1,POWER,3.05
1765674973762,CH1,POWER,3.05
1765674973766,CH1,POWER,3.05
1765674973770,CH1,POWER,3.05
1765674973776,CH1,POWER,3.05
1765674973782,CH1,POWER,3.05
1765674973786,CH1,POWER,3.05
1765674973792,CH1,POWER,3.05
1765674973796,CH1,POWER,3.05
1765674973800,CH1,POWER,3.05
1765674973806,CH1,POWER,3.05
1765674973810,CH1,POWER,3.05
1765674973816,CH1,POWER,3.05
1765674973820,CH1,POWER,3.05
1765674973826,CH1,POWER,3.05
1765674973830,CH1,POWER,3.05
1765674973836,CH1,POWER,3.05
1765674973844,CH1,POWER,3.05
1765674973849,CH1,POWER,3.05
1765674973855,CH1,POWER,3.05
1765674973859,CH1,POWER,3.05
1765674973863,CH1,POWER,3.05
1765674973867,CH1,POWER,3.05
1765674973872,CH1,POWER,3.05
1765674973876,CH1,POWER,3.05
1765674973880,CH1,POWER,3.05
1765674973885,CH1,POWER,3.05
1765674973890,CH1,POWER,3.05
1765674973896,CH1,POWER,3.05
1765674973900,CH1,POWER,3.05
1765674973905,CH1,POWER,3.05
1765674973909,CH1,POWER,3.05
1765674973913,CH1,POWER,3.05
1765674973918,CH1,POWER,3.05
1765674973924,CH1,POWER,3.05
1765674973928,CH1,POWER,3.05
1765674973934,CH1,POWER,3.05
1765674973938,CH1,POWER,3.05
1765674973943,CH1,POWER,3.05
1765674973948,CH1,POWER,3.05
1765674973953,CH1,POWER,3.05
1765674973958,CH1,POWER,3.05
1765674973964,CH1,POWER,3.05
1765674973968,CH1,POWER,3.05
1765674973974,CH1,POWER,3.05
1765674973978,CH1,POWER,3.05
1765674973984,CH1,POWER,3.05
1765674973989,CH1,POWER,3.05
1765674973993,CH1,POWER,3.05
1765674973997,CH1,POWER,3.05
1765674974002,CH1,POWER,3.05
1765674974006,CH1,POWER,3.05
1765674974012,CH1,POWER,3.05
1765674974016,CH1,POWER,3.05
1765674974022,CH1,POWER,3.05
1765674974026,CH1,POWER,3.05
1765674974030,CH1,POWER,3.05
1765674974036,CH1,POWER,3.05
1765674974042,CH1,POWER,3.05
1765674974046,CH1,POWER,3.05
1765674974050,CH1,POWER,3.05
1765674974056,CH1,POWER,3.05
1765674974060,CH1,POWER,3.05
1765674974065,CH1,POWER,3.05
1765674974069,CH1,POWER,3.05
1765674974073,CH1,POWER,3.05
1765674974078,CH1,POWER,3.05
1765674974084,CH1,POWER,3.05
1765674974089,CH1,POWER,3.05
1765674974096,CH1,POWER,3.05
1765674974100,CH1,POWER,3.05
1765674974105,CH1,POWER,3.05
1765674974109,CH1,POWER,3.05
1765674974113,CH1,POWER,3.05
1765674974117,CH1,POWER,3.05
1765674974122,CH1,POWER,3.05
1765674974124,CH1,POWER,2.75
1765674974127,CH1,POWER,2.75
1765674974129,CH1,POWER,2.75
1765674974155,CH1,POWER,2.75
1765674974160,CH1,POWER,2.75
1765674974165,CH1,POWER,2.75
1765674974169,CH1,POWER,2.75
1765674974174,CH1,POWER,2.75
1765674974178,CH1,POWER,2.75
1765674974182,CH1,POWER,2.75
1765674974188,CH1,POWER,2.75
1765674974196,CH1,POWER,2.75
1765674974200,CH1,POWER,2.75
1765674974205,CH1,POWER,2.75
1765674974210,CH1,POWER,2.75
1765674974216,CH1,POWER,2.75
1765674974221,CH1,POWER,2.75
1765674974225,CH1,POWER,2.75
1765674974229,CH1,POWER,2.75
1765674974234,CH1,POWER,2.75
1765674974238,CH1,POWER,2.75
1765674974242,CH1,POWER,2.75
1765674974248,CH1,POWER,2.75
1765674974254,CH1,POWER,2.75
1765674974258,CH1,POWER,2.75
1765674974262,CH1,POWER,2.75
1765674974268,CH1,POWER,2.75
1765674974274,CH1,POWER,2.75
1765674974278,CH1,POWER,2.75
1765674974282,CH1,POWER,2.75
1765674974287,CH1,POWER,2.75
1765674974291,CH1,POWER,2.75
1765674974295,CH1,POWER,2.75
1765674974299,CH1,POWER,2.75
1765674974304,CH1,POWER,2.75
1765674974308,CH1,POWER,2.75
1765674974312,CH1,POWER,2.75
1765674974318,CH1,POWER,2.75
1765674974324,CH1,POWER,2.75
1765674974328,CH1,POWER,2.75
1765674974332,CH1,POWER,2.75
1765674974337,CH1,POWER,2.75
1765674974341,CH1,POWER,2.75
1765674974348,CH1,POWER,2.75
1765674974352,CH1,POWER,2.75
1765674974358,CH1,POWER,2.75
1765674974362,CH1,POWER,2.75
1765674974368,CH1,POWER,2.75
1765674974372,CH1,POWER,2.75
1765674974378,CH1,POWER,2.75
1765674974382,CH1,POWER,2.75
1765674974388,CH1,POWER,2.75
1765674974394,CH1,POWER,2.75
1765674974398,CH1,POWER,2.75
1765674974402,CH1,POWER,2.75
1765674974408,CH1,POWER,2.75
1765674974414,CH1,POWER,2.75
1765674974418,CH1,POWER,2.75
1765674974424,CH1,POWER,2.75
1765674974428,CH1,POWER,2.75
1765674974434,CH1,POWER,2.75
1765674974438,CH1,POWER,2.75
1765674974442,CH1,POWER,2.75
1765674974448,CH1,POWER,2.75
1765674974454,CH1,POWER,2.75
1765674974458,CH1,POWER,2.75
1765674974466,CH1,POWER,2.75
1765674974472,CH1,POWER,2.75
1765674974477,CH1,POWER,2.75
1765674974481,CH1,POWER,2.75
1765674974485,CH1,POWER,2.75
1765674974489,CH1,POWER,2.75
1765674974494,CH1,POWER,2.75
1765674974498,CH1,POWER,2.75
1765674974502,CH1,POWER,2.75
1765674974507,CH1,POWER,2.75
1765674974511,CH1,POWER,2.75
1765674974515,CH1,POWER,2.75
1765674974519,CH1,POWER,2.75
1765674974525,CH1,POWER,2.75
1765674974527,CH1,POWER,3.25
1765674974530,CH1,POWER,3.25
1765674974532,CH1,POWER,3.25
1765674974560,CH1,POWER,3.25
1765674974566,CH1,POWER,3.25
1765674974570,CH1,POWER,3.25
1765674974574,CH1,POWER,3.25
1765674974580,CH1,POWER,3.25
1765674974586,CH1,POWER,3.25
1765674974590,CH1,POWER,3.25
1765674974596,CH1,POWER,3.25
1765674974600,CH1,POWER,3.25
1765674974606,CH1,POWER,3.25
1765674974610,CH1,POWER,3.25
1765674974614,CH1,POWER,3.25
1765674974619,CH1,POWER,3.25
1765674974624,CH1,POWER,3.25
1765674974630,CH1,POWER,3.25
1765674974636,CH1,POWER,3.25
1765674974640,CH1,POWER,3.25
1765674974646,CH1,POWER,3.25
1765674974650,CH1,POWER,3.25
1765674974656,CH1,POWER,3.25
1765674974660,CH1,POWER,3.25
1765674974664,CH1,POWER,3.25
1765674974669,CH1,POWER,3.25
1765674974673,CH1,POWER,3.25
1765674974680,CH1,POWER,3.25
1765674974686,CH1,POWER,3.25
1765674974690,CH1,POWER,3.25
1765674974696,CH1,POWER,3.25
1765674974700,CH1,POWER,3.25
1765674974704,CH1,POWER,3.25
1765674974710,CH1,POWER,3.25
1765674974714,CH1,POWER,3.25
1765674974719,CH1,POWER,3.25
1765674974723,CH1,POWER,3.25
1765674974730,CH1,POWER,3.25
1765674974736,CH1,POWER,3.25
1765674974740,CH1,POWER,3.25
1765674974746,CH1,POWER,3.25
1765674974750,CH1,POWER,3.25
1765674974754,CH1,POWER,3.25
1765674974760,CH1,POWER,3.25
1765674974764,CH1,POWER,3.25
1765674974770,CH1,POWER,3.25
1765674974774,CH1,POWER,3.25
1765674974780,CH1,POWER,3.25
1765674974786,CH1,POWER,3.25
1765674974790,CH1,POWER,3.25
1765674974796,CH1,POWER,3.25
1765674974800,CH1,POWER,3.25
1765674974804,CH1,POWER,3.25
1765674974810,CH1,POWER,3.25
1765674974814,CH1,POWER,3.25
1765674974819,CH1,POWER,3.25
1765674974823,CH1,POWER,3.25
1765674974827,CH1,POWER,3.25
1765674974831,CH1,POWER,3.25
1765674974836,CH1,POWER,3.25
1765674974840,CH1,POWER,3.25
1765674974844,CH1,POWER,3.25
1765674974850,CH1,POWER,3.25
1765674974856,CH1,POWER,3.25
1765674974860,CH1,POWER,3.25
1765674974864,CH1,POWER,3.25
1765674974870,CH1,POWER,3.25
1765674974876,CH1,POWER,3.25
1765674974880,CH1,POWER,3.25
1765674974884,CH1,POWER,3.25
1765674974890,CH1,POWER,3.25
1765674974896,CH1,POWER,3.25
1765674974900,CH1,POWER,3.25
1765674974904,CH1,POWER,3.25
1765674974909,CH1,POWER,3.25
1765674974913,CH1,POWER,3.25
1765674974917,CH1,POWER,3.25
1765674974921,CH1,POWER,3.25
1765674974949,CH1,POWER,3.25
1765674974954,CH1,POWER,3.25
1765674974959,CH1,POWER,3.25
1765674974963,CH1,POWER,3.25
1765674974969,CH1,POWER,3.25
1765674974974,CH1,POWER,3.25
1765674974979,CH1,POWER,3.25
1765674974984,CH1,POWER,3.25
1765674974990,CH1,POWER,3.25
1765674974995,CH1,POWER,3.25
1765674975002,CH1,POWER,3.25
1765674975006,CH1,POWER,3.25
1765674975011,CH1,POWER,3.25
1765674975015,CH1,POWER,3.25
1765674975019,CH1,POWER,3.25
1765674975024,CH1,POWER,3.25
1765674975030,CH1,POWER,3.25
1765674975035,CH1,POWER,3.25
1765674975042,CH1,POWER,3.25
1765674975046,CH1,POWER,3.25
1765674975051,CH1,POWER,3.25
1765674975055,CH1,POWER,3.25
1765674975059,CH1,POWER,3.25
1765674975063,CH1,POWER,3.25
1765674975069,CH1,POWER,3.25
1765674975073,CH1,POWER,3.25
1765674975080,CH1,POWER,3.25
1765674975086,CH1,POWER,3.25
1765674975091,CH1,POWER,3.25
1765674975095,CH1,POWER,3.25
1765674975102,CH1,POWER,3.25
1765674975106,CH1,POWER,3.25
1765674975111,CH1,POWER,3.25
1765674975115,CH1,POWER,3.25
1765674975119,CH1,POWER,3.25
1765674975124,CH1,POWER,3.25
1765674975129,CH1,POWER,3.25
1765674975133,CH1,POWER,3.25
1765674975138,CH1,POWER,3.25
1765674975142,CH1,POWER,3.25
1765674975150,CH1,POWER,3.25
1765674975155,CH1,POWER,3.25
1765674975161,CH1,POWER,3.25
1765674975166,CH1,POWER,3.25
1765674975172,CH1,POWER,3.25
1765674975176,CH1,POWER,3.25
1765674975182,CH1,POWER,3.25
1765674975190,CH1,POWER,3.25
1765674975195,CH1,POWER,3.25
1765674975199,CH1,POWER,3.25
1765674975204,CH1,POWER,3.25
1765674975210,CH1,POWER,3.25
1765674975214,CH1,POWER,3.25
1765674975222,CH1,POWER,3.25
1765674975226,CH1,POWER,3.25
1765674975231,CH1,POWER,3.25
1765674975235,CH1,POWER,3.25
1765674975239,CH1,POWER,3.25
1765674975244,CH1,POWER,3.25
1765674975250,CH1,POWER,3.25
1765674975255,CH1,POWER,3.25
1765674975262,CH1,POWER,3.25
1765674975266,CH1,POWER,3.25
1765674975271,CH1,POWER,3.25
1765674975275,CH1,POWER,3.25
1765674975279,CH1,POWER,3.25
1765674975284,CH1,POWER,3.25
1765674975290,CH1,POWER,3.25
1765674975295,CH1,POWER,3.25
1765674975302,CH1,POWER,3.25
1765674975308,CH1,POWER,3.25
1765674975312,CH1,POWER,3.25
1765674975315,CH1,POWER,3.20
1765674975341,CH1,POWER,3.20
1765674975346,CH1,POWER,3.20
1765674975351,CH1,POWER,3.20
1765674975355,CH1,POWER,3.20
1765674975362,CH1,POWER,3.20
1765674975367,CH1,POWER,3.20
1765674975371,CH1,POWER,3.20
1765674975376,CH1,POWER,3.20
1765674975382,CH1,POWER,3.20
1765674975387,CH1,POWER,3.20
1765674975394,CH1,POWER,3.20
1765674975402,CH1,POWER,3.20
1765674975406,CH1,POWER,3.20
1765674975412,CH1,POWER,3.20
1765674975417,CH1,POWER,3.20
1765674975421,CH1,POWER,3.20
1765674975426,CH1,POWER,3.20
1765674975432,CH1,POWER,3.20
1765674975437,CH1,POWER,3.20
1765674975444,CH1,POWER,3.20
1765674975450,CH1,POWER,3.20
1765674975454,CH1,POWER,3.20
1765674975460,CH1,POWER,3.20
1765674975464,CH1,POWER,3.20
1765674975468,CH1,POWER,3.20
1765674975474,CH1,POWER,3.20
1765674975480,CH1,POWER,3.20
1765674975484,CH1,POWER,3.20
1765674975488,CH1,POWER,3.20
1765674975494,CH1,POWER,3.20
1765674975500,CH1,POWER,3.20
1765674975504,CH1,POWER,3.20
1765674975510,CH1,POWER,3.20
1765674975514,CH1,POWER,3.20
1765674975518,CH1,POWER,3.20
1765674975524,CH1,POWER,3.20
1765674975530,CH1,POWER,3.20
1765674975534,CH1,POWER,3.20
1765674975540,CH1,POWER,3.20
1765674975544,CH1,POWER,3.20
1765674975550,CH1,POWER,3.20
1765674975554,CH1,POWER,3.20
1765674975562,CH1,POWER,3.20
1765674975567,CH1,POWER,3.20
1765674975571,CH1,POWER,3.20
1765674975576,CH1,POWER,3.20
1765674975582,CH1,POWER,3.20
1765674975586,CH1,POWER,3.20
1765674975591,CH1,POWER,3.20
1765674975595,CH1,POWER,3.20
1765674975600,CH1,POWER,3.20
1765674975604,CH1,POWER,3.20
1765674975612,CH1,POWER,3.20
1765674975617,CH1,POWER,3.20
1765674975621,CH1,POWER,3.20
1765674975627,CH1,POWER,3.20
1765674975634,CH1,POWER,3.20
1765674975638,CH1,POWER,3.20
1765674975644,CH1,POWER,3.20
1765674975652,CH1,POWER,3.20
1765674975657,CH1,POWER,3.20
1765674975664,CH1,POWER,3.20
1765674975668,CH1,POWER,3.20
1765674975673,CH1,POWER,3.20
1765674975678,CH1,POWER,3.20
1765674975683,CH1,POWER,3.20
1765674975688,CH1,POWER,3.20
1765674975693,CH1,POWER,3.20
1765674975698,CH1,POWER,3.20
1765674975703,CH1,POWER,3.20
1765674975707,CH1,POWER,3.20
1765674975711,CH1,POWER,3.50
1765674975713,CH1,POWER,3.50
1765674975716,CH1,POWER,3.50
1765674975718,CH1,POWER,3.50
1765674975745,CH1,POWER,3.50
1765674975750,CH1,POWER,3.50
1765674975755,CH1,POWER,3.50
1765674975760,CH1,POWER,3.50
1765674975766,CH1,POWER,3.50
1765674975772,CH1,POWER,3.50
1765674975776,CH1,POWER,3.50
1765674975781,CH1,POWER,3.50
1765674975786,CH1,POWER,3.50
1765674975790,CH1,POWER,3.50
1765674975796,CH1,POWER,3.50
1765674975800,CH1,POWER,3.50
1765674975806,CH1,POWER,3.50
1765674975812,CH1,POWER,3.50
1765674975816,CH1,POWER,3.50
1765674975822,CH1,POWER,3.50
1765674975826,CH1,POWER,3.50
1765674975830,CH1,POWER,3.50
1765674975836,CH1,POWER,3.50
1765674975840,CH1,POWER,3.50
1765674975845,CH1,POWER,3.50
1765674975850,CH1,POWER,3.50
1765674975856,CH1,POWER,3.50
1765674975860,CH1,POWER,3.50
1765674975866,CH1,POWER,3.50
1765674975874,CH1,POWER,3.50
1765674975879,CH1,POWER,3.50
1765674975883,CH1,POWER,3.50
1765674975888,CH1,POWER,3.50
1765674975894,CH1,POWER,3.50
1765674975898,CH1,POWER,3.50
1765674975903,CH1,POWER,3.50
1765674975908,CH1,POWER,3.50
1765674975914,CH1,POWER,3.50
1765674975918,CH1,POWER,3.50
1765674975923,CH1,POWER,3.50
1765674975929,CH1,POWER,3.50
1765674975936,CH1,POWER,3.50
1765674975940,CH1,POWER,3.50
1765674975945,CH1,POWER,3.50
1765674975952,CH1,POWER,3.50
1765674975956,CH1,POWER,3.50
1765674975961,CH1,POWER,3.50
1765674975966,CH1,POWER,3.50
1765674975972,CH1,POWER,3.50
1765674975976,CH1,POWER,3.50
1765674975984,CH1,POWER,3.50
1765674975990,CH1,POWER,3.50
1765674975995,CH1,POWER,3.50
1765674975999,CH1,POWER,3.50
1765674976006,CH1,POWER,3.50
1765674976010,CH1,POWER,3.50
1765674976015,CH1,POWER,3.50
1765674976019,CH1,POWER,3.50
1765674976026,CH1,POWER,3.50
1765674976031,CH1,POWER,3.50
1765674976036,CH1,POWER,3.50
1765674976040,CH1,POWER,3.50
1765674976046,CH1,POWER,3.50
1765674976054,CH1,POWER,3.50
1765674976059,CH1,POWER,3.50
1765674976063,CH1,POWER,3.50
1765674976068,CH1,POWER,3.50
1765674976074,CH1,POWER,3.50
1765674976079,CH1,POWER,3.50
1765674976086,CH1,POWER,3.50
1765674976094,CH1,POWER,3.50
1765674976099,CH1,POWER,3.50
1765674976102,CH1,POWER,3.20
1765674976105,CH1,POWER,3.20
1765674976107,CH1,POWER,3.20
1765674976110,CH1,POWER,3.20
1765674976137,CH1,POWER,3.20
1765674976144,CH1,POWER,3.20
1765674976148,CH1,POWER,3.20
1765674976152,CH1,POWER,3.20
1765674976157,CH1,POWER,3.20
1765674976161,CH1,POWER,3.20
1765674976165,CH1,POWER,3.20
1765674976171,CH1,POWER,3.20
1765674976177,CH1,POWER,3.20
1765674976181,CH1,POWER,3.20
1765674976188,CH1,POWER,3.20
1765674976192,CH1,POWER,3.20
1765674976197,CH1,POWER,3.20
1765674976201,CH1,POWER,3.20
1765674976207,CH1,POWER,3.20
1765674976212,CH1,POWER,3.20
1765674976218,CH1,POWER,3.20
1765674976224,CH1,POWER,3.20
1765674976228,CH1,POWER,3.20
1765674976232,CH1,POWER,3.20
1765674976238,CH1,POWER,3.20
1765674976242,CH1,POWER,3.20
1765674976247,CH1,POWER,3.20
1765674976251,CH1,POWER,3.20
1765674976258,CH1,POWER,3.20
1765674976264,CH1,POWER,3.20
1765674976268,CH1,POWER,3.20
1765674976274,CH1,POWER,3.20
1765674976278,CH1,POWER,3.20
1765674976286,CH1,POWER,3.20
1765674976291,CH1,POWER,3.20
1765674976295,CH1,POWER,3.20
1765674976299,CH1,POWER,3.20
1765674976304,CH1,POWER,3.20
1765674976308,CH1,POWER,3.20
1765674976313,CH1,POWER,3.20
1765674976318,CH1,POWER,3.20
1765674976322,CH1,POWER,3.20
1765674976328,CH1,POWER,3.20
1765674976333,CH1,POWER,3.20
1765674976338,CH1,POWER,3.20
1765674976342,CH1,POWER,3.20
1765674976348,CH1,POWER,3.20
1765674976354,CH1,POWER,3.20
1765674976358,CH1,POWER,3.20
1765674976366,CH1,POWER,3.20
1765674976370,CH1,POWER,3.20
1765674976375,CH1,POWER,3.20
1765674976380,CH1,POWER,3.20
1765674976388,CH1,POWER,3.20
1765674976394,CH1,POWER,3.20
1765674976398,CH1,POWER,3.20
1765674976403,CH1,POWER,3.20
1765674976408,CH1,POWER,3.20
1765674976414,CH1,POWER,3.20
1765674976418,CH1,POWER,3.20
1765674976424,CH1,POWER,3.20
1765674976428,CH1,POWER,3.20
1765674976436,CH1,POWER,3.20
1765674976441,CH1,POWER,3.20
1765674976448,CH1,POWER,3.20
1765674976456,CH1,POWER,3.20
1765674976461,CH1,POWER,3.20
1765674976465,CH1,POWER,3.20
1765674976470,CH1,POWER,3.20
1765674976476,CH1,POWER,3.20
1765674976481,CH1,POWER,3.20
1765674976488,CH1,POWER,3.20
1765674976495,CH1,POWER,3.20
1765674976497,CH1,POWER,3.20
1765674976500,CH1,POWER,3.20
1765674976502,CH1,POWER,3.20
1765674976530,CH1,POWER,3.20
1765674976536,CH1,POWER,3.20
1765674976540,CH1,POWER,3.20
1765674976548,CH1,POWER,3.20
1765674976553,CH1,POWER,3.20
1765674976560,CH1,POWER,3.20
1765674976568,CH1,POWER,3.20
1765674976573,CH1,POWER,3.20
1765674976580,CH1,POWER,3.20
1765674976585,CH1,POWER,3.20
1765674976590,CH1,POWER,3.20
1765674976595,CH1,POWER,3.20
1765674976600,CH1,POWER,3.20
1765674976608,CH1,POWER,3.20
1765674976613,CH1,POWER,3.20
1765674976617,CH1,POWER,3.20
1765674976622,CH1,POWER,3.20
1765674976628,CH1,POWER,3.20
1765674976633,CH1,POWER,3.20
1765674976640,CH1,POWER,3.20
1765674976646,CH1,POWER,3.20
1765674976650,CH1,POWER,3.20
1765674976656,CH1,POWER,3.20
1765674976660,CH1,POWER,3.20
1765674976668,CH1,POWER,3.20
1765674976673,CH1,POWER,3.20
1765674976680,CH1,POWER,3.20
1765674976688,CH1,POWER,3.20
1765674976693,CH1,POWER,3.20
1765674976697,CH1,POWER,3.20
1765674976702,CH1,POWER,3.20
1765674976708,CH1,POWER,3.20
1765674976713,CH1,POWER,3.20
1765674976720,CH1,POWER,3.20
1765674976728,CH1,POWER,3.20
1765674976734,CH1,POWER,3.20
1765674976740,CH1,POWER,3.20
1765674976746,CH1,POWER,3.20
1765674976750,CH1,POWER,3.20
1765674976758,CH1,POWER,3.20
1765674976763,CH1,POWER,3.20
1765674976770,CH1,POWER,3.20
1765674976776,CH1,POWER,3.20
1765674976780,CH1,POWER,3.20
1765674976786,CH1,POWER,3.20
1765674976790,CH1,POWER,3.20
1765674976795,CH1,POWER,3.20
1765674976800,CH1,POWER,3.20
1765674976806,CH1,POWER,3.20
1765674976810,CH1,POWER,3.20
1765674976815,CH1,POWER,3.20
1765674976820,CH1,POWER,3.20
1765674976825,CH1,POWER,3.20
1765674976830,CH1,POWER,3.20
1765674976836,CH1,POWER,3.20
1765674976840,CH1,POWER,3.20
1765674976846,CH1,POWER,3.20
1765674976850,CH1,POWER,3.20
1765674976855,CH1,POWER,3.20
1765674976860,CH1,POWER,3.20
1765674976866,CH1,POWER,3.20
1765674976870,CH1,POWER,3.20
1765674976876,CH1,POWER,3.20
1765674976880,CH1,POWER,3.20
1765674976883,CH1,POWER,3.25
1765674976909,CH1,POWER,3.25
1765674976914,CH1,POWER,3.25
1765674976919,CH1,POWER,3.25
1765674976924,CH1,POWER,3.25
1765674976932,CH1,POWER,3.25
1765674976938,CH1,POWER,3.25
1765674976942,CH1,POWER,3.25
1765674976947,CH1,POWER,3.25
1765674976952,CH1,POWER,3.25
1765674976956,CH1,POWER,3.25
1765674976961,CH1,POWER,3.25
1765674976965,CH1,POWER,3.25
1765674976971,CH1,POWER,3.25
1765674976976,CH1,POWER,3.25
1765674976982,CH1,POWER,3.25
1765674976988,CH1,POWER,3.25
1765674976992,CH1,POWER,3.25
1765674977000,CH1,POWER,3.25
1765674977005,CH1,POWER,3.25
1765674977012,CH1,POWER,3.25
1765674977018,CH1,POWER,3.25
1765674977022,CH1,POWER,3.25
1765674977028,CH1,POWER,3.25
1765674977032,CH1,POWER,3.25
1765674977037,CH1,POWER,3.25
1765674977042,CH1,POWER,3.25
1765674977048,CH1,POWER,3.25
1765674977052,CH1,POWER,3.25
1765674977058,CH1,POWER,3.25
1765674977062,CH1,POWER,3.25
1765674977067,CH1,POWER,3.25
1765674977072,CH1,POWER,3.25
1765674977078,CH1,POWER,3.25
1765674977082,CH1,POWER,3.25
1765674977088,CH1,POWER,3.25
1765674977092,CH1,POWER,3.25
1765674977097,CH1,POWER,3.25
1765674977102,CH1,POWER,3.25
1765674977108,CH1,POWER,3.25
1765674977112,CH1,POWER,3.25
1765674977117,CH1,POWER,3.25
1765674977122,CH1,POWER,3.25
1765674977127,CH1,POWER,3.25
1765674977132,CH1,POWER,3.25
1765674977140,CH1,POWER,3.25
1765674977145,CH1,POWER,3.25
1765674977151,CH1,POWER,3.25
1765674977156,CH1,POWER,3.25
1765674977161,CH1,POWER,3.25
1765674977166,CH1,POWER,3.25
1765674977172,CH1,POWER,3.25
1765674977176,CH1,POWER,3.25
1765674977181,CH1,POWER,3.25
1765674977186,CH1,POWER,3.25
1765674977191,CH1,POWER,3.25
1765674977195,CH1,POWER,3.25
1765674977202,CH1,POWER,3.25
1765674977208,CH1,POWER,3.25
1765674977212,CH1,POWER,3.25
1765674977220,CH1,POWER,3.25
1765674977225,CH1,POWER,3.25
1765674977229,CH1,POWER,3.25
1765674977233,CH1,POWER,3.25
1765674977238,CH1,POWER,3.25
1765674977242,CH1,POWER,3.25
1765674977248,CH1,POWER,3.25
1765674977252,CH1,POWER,3.25
1765674977257,CH1,POWER,3.25
1765674977262,CH1,POWER,3.25
1765674977266,CH1,POWER,3.25
1765674977271,CH1,POWER,3.25
1765674977275,CH1,POWER,3.25
1765674977281,CH1,POWER,3.25
1765674977283,CH1,POWER,3.25
1765674977286,CH1,POWER,3.25
1765674977313,CH1,POWER,3.25
1765674977318,CH1,POWER,3.25
1765674977324,CH1,POWER,3.25
1765674977330,CH1,POWER,3.25
1765674977334,CH1,POWER,3.25
1765674977340,CH1,POWER,3.25
1765674977344,CH1,POWER,3.25
1765674977349,CH1,POWER,3.25
1765674977354,CH1,POWER,3.25
1765674977360,CH1,POWER,3.25
1765674977364,CH1,POWER,3.25
1765674977370,CH1,POWER,3.25
1765674977374,CH1,POWER,3.25
1765674977379,CH1,POWER,3.25
1765674977384,CH1,POWER,3.25
1765674977392,CH1,POWER,3.25
1765674977397,CH1,POWER,3.25
1765674977404,CH1,POWER,3.25
1765674977409,CH1,POWER,3.25
1765674977414,CH1,POWER,3.25
1765674977419,CH1,POWER,3.25
1765674977424,CH1,POWER,3.25
1765674977432,CH1,POWER,3.25
1765674977437,CH1,POWER,3.25
1765674977441,CH1,POWER,3.25
1765674977446,CH1,POWER,3.25
1765674977452,CH1,POWER,3.25
1765674977457,CH1,POWER,3.25
1765674977463,CH1,POWER,3.25
1765674977468,CH1,POWER,3.25
1765674977474,CH1,POWER,3.25
1765674977479,CH1,POWER,3.25
1765674977484,CH1,POWER,3.25
1765674977489,CH1,POWER,3.25
1765674977494,CH1,POWER,3.25
1765674977500,CH1,POWER,3.25
1765674977504,CH1,POWER,3.25
1765674977509,CH1,POWER,3.25
1765674977514,CH1,POWER,3.25
1765674977519,CH1,POWER,3.25
1765674977524,CH1,POWER,3.25
1765674977532,CH1,POWER,3.25
1765674977537,CH1,POWER,3.25
1765674977544,CH1,POWER,3.25
1765674977549,CH1,POWER,3.25
1765674977554,CH1,POWER,3.25
1765674977559,CH1,POWER,3.25
1765674977564,CH1,POWER,3.25
1765674977572,CH1,POWER,3.25
1765674977577,CH1,POWER,3.25
1765674977584,CH1,POWER,3.25
1765674977589,CH1,POWER,3.25
1765674977594,CH1,POWER,3.25
1765674977599,CH1,POWER,3.25
1765674977604,CH1,POWER,3.25
1765674977610,CH1,POWER,3.25
1765674977614,CH1,POWER,3.25
1765674977619,CH1,POWER,3.25
1765674977624,CH1,POWER,3.25
1765674977629,CH1,POWER,3.25
1765674977634,CH1,POWER,3.25
1765674977639,CH1,POWER,3.25
1765674977644,CH1,POWER,3.25
1765674977652,CH1,POWER,3.25
1765674977657,CH1,POWER,3.25
1765674977664,CH1,POWER,3.25
1765674977671,CH1,POWER,3.25
1765674977674,CH1,POWER,3.65
1765674977676,CH1,POWER,3.65
1765674977679,CH1,POWER,3.65
1765674977706,CH1,POWER,3.65
1765674977712,CH1,POWER,3.65
1765674977716,CH1,POWER,3.65
1765674977724,CH1,POWER,3.65
1765674977729,CH1,POWER,3.65
1765674977736,CH1,POWER,3.65
1765674977742,CH1,POWER,3.65
1765674977746,CH1,POWER,3.65
1765674977751,CH1,POWER,3.65
1765674977756,CH1,POWER,3.65
1765674977761,CH1,POWER,3.65
1765674977766,CH1,POWER,3.65
1765674977771,CH1,POWER,3.65
1765674977776,CH1,POWER,3.65
1765674977782,CH1,POWER,3.65
1765674977786,CH1,POWER,3.65
1765674977791,CH1,POWER,3.65
1765674977796,CH1,POWER,3.65
1765674977801,CH1,POWER,3.65
1765674977806,CH1,POWER,3.65
1765674977814,CH1,POWER,3.65
1765674977819,CH1,POWER,3.65
1765674977826,CH1,POWER,3.65
1765674977834,CH1,POWER,3.65
1765674977839,CH1,POWER,3.65
1765674977843,CH1,POWER,3.65
1765674977848,CH1,POWER,3.65
1765674977854,CH1,POWER,3.65
1765674977859,CH1,POWER,3.65
1765674977866,CH1,POWER,3.65
1765674977872,CH1,POWER,3.65
1765674977876,CH1,POWER,3.65
1765674977881,CH1,POWER,3.65
1765674977886,CH1,POWER,3.65
1765674977891,CH1,POWER,3.65
1765674977896,CH1,POWER,3.65
1765674977900,CH1,POWER,3.65
1765674977906,CH1,POWER,3.65
1765674977910,CH1,POWER,3.65
1765674977915,CH1,POWER,3.65
1765674977919,CH1,POWER,3.65
1765674977926,CH1,POWER,3.65
1765674977931,CH1,POWER,3.65
1765674977936,CH1,POWER,3.65
1765674977941,CH1,POWER,3.65
1765674977946,CH1,POWER,3.65
1765674977954,CH1,POWER,3.65
1765674977959,CH1,POWER,3.65
1765674977963,CH1,POWER,3.65
1765674977968,CH1,POWER,3.65
1765674977973,CH1,POWER,3.65
1765674977978,CH1,POWER,3.65
1765674977983,CH1,POWER,3.65
1765674977989,CH1,POWER,3.65
1765674977995,CH1,POWER,3.65
1765674978000,CH1,POWER,3.65
1765674978006,CH1,POWER,3.65
1765674978011,CH1,POWER,3.65
1765674978016,CH1,POWER,3.65
1765674978021,CH1,POWER,3.65
1765674978026,CH1,POWER,3.65
1765674978031,CH1,POWER,3.65
1765674978036,CH1,POWER,3.65
1765674978041,CH1,POWER,3.65
1765674978046,CH1,POWER,3.65
1765674978051,CH1,POWER,3.65
1765674978056,CH1,POWER,3.65
1765674978064,CH1,POWER,3.65
1765674978067,CH1,POWER,3.25
1765674978070,CH1,POWER,3.25
1765674978097,CH1,POWER,3.25
1765674978102,CH1,POWER,3.25
1765674978107,CH1,POWER,3.25
1765674978113,CH1,POWER,3.25
1765674978118,CH1,POWER,3.25
1765674978123,CH1,POWER,3.25
1765674978128,CH1,POWER,3.25
1765674978132,CH1,POWER,3.25
1765674978138,CH1,POWER,3.25
1765674978142,CH1,POWER,3.25
1765674978147,CH1,POWER,3.25
1765674978151,CH1,POWER,3.25
1765674978155,CH1,POWER,3.25
1765674978159,CH1,POWER,3.25
1765674978166,CH1,POWER,3.25
1765674978171,CH1,POWER,3.25
1765674978178,CH1,POWER,3.25
1765674978186,CH1,POWER,3.25
1765674978191,CH1,POWER,3.25
1765674978195,CH1,POWER,3.25
1765674978200,CH1,POWER,3.25
1765674978206,CH1,POWER,3.25
1765674978210,CH1,POWER,3.25
1765674978215,CH1,POWER,3.25
1765674978219,CH1,POWER,3.25
1765674978225,CH1,POWER,3.25
1765674978230,CH1,POWER,3.25
1765674978236,CH1,POWER,3.25
1765674978241,CH1,POWER,3.25
1765674978245,CH1,POWER,3.25
1765674978250,CH1,POWER,3.25
1765674978256,CH1,POWER,3.25
1765674978260,CH1,POWER,3.25
1765674978265,CH1,POWER,3.25
1765674978269,CH1,POWER,3.25
1765674978273,CH1,POWER,3.25
1765674978278,CH1,POWER,3.25
1765674978282,CH1,POWER,3.25
1765674978288,CH1,POWER,3.25
1765674978296,CH1,POWER,3.25
1765674978302,CH1,POWER,3.25
1765674978307,CH1,POWER,3.25
1765674978311,CH1,POWER,3.25
1765674978318,CH1,POWER,3.25
1765674978322,CH1,POWER,3.25
1765674978327,CH1,POWER,3.25
1765674978331,CH1,POWER,3.25
1765674978337,CH1,POWER,3.25
1765674978342,CH1,POWER,3.25
1765674978347,CH1,POWER,3.25
1765674978352,CH1,POWER,3.25
1765674978358,CH1,POWER,3.25
1765674978366,CH1,POWER,3.25
1765674978371,CH1,POWER,3.25
1765674978378,CH1,POWER,3.25
1765674978383,CH1,POWER,3.25
1765674978388,CH1,POWER,3.25
1765674978393,CH1,POWER,3.25
1765674978398,CH1,POWER,3.25
1765674978403,CH1,POWER,3.25
1765674978408,CH1,POWER,3.25
1765674978413,CH1,POWER,3.25
1765674978418,CH1,POWER,3.25
1765674978423,CH1,POWER,3.25
1765674978428,CH1,POWER,3.25
1765674978432,CH1,POWER,3.25
1765674978437,CH1,POWER,3.25
1765674978441,CH1,POWER,3.25
1765674978447,CH1,POWER,3.25
1765674978452,CH1,POWER,3.25
1765674978458,CH1,POWER,3.25
1765674978463,CH1,POWER,3.25
1765674978467,CH1,POWER,3.25
1765674978470,CH1,POWER,3.25
1765674978472,CH1,POWER,3.25
1765674978500,CH1,POWER,3.25
1765674978506,CH1,POWER,3.25
1765674978510,CH1,POWER,3.25
1765674978518,CH1,POWER,3.25
1765674978523,CH1,POWER,3.25
1765674978530,CH1,POWER,3.25
1765674978535,CH1,POWER,3.25
1765674978540,CH1,POWER,3.25
1765674978544,CH1,POWER,3.25
1765674978550,CH1,POWER,3.25
1765674978555,CH1,POWER,3.25
1765674978560,CH1,POWER,3.25
1765674978565,CH1,POWER,3.25
1765674978570,CH1,POWER,3.25
1765674978575,CH1,POWER,3.25
1765674978580,CH1,POWER,3.25
1765674978585,CH1,POWER,3.25
1765674978590,CH1,POWER,3.25
1765674978595,CH1,POWER,3.25
1765674978600,CH1,POWER,3.25
1765674978605,CH1,POWER,3.25
1765674978610,CH1,POWER,3.25
1765674978615,CH1,POWER,3.25
1765674978620,CH1,POWER,3.25
1765674978625,CH1,POWER,3.25
1765674978630,CH1,POWER,3.25
1765674978635,CH1,POWER,3.25
1765674978640,CH1,POWER,3.25
1765674978644,CH1,POWER,3.25
1765674978650,CH1,POWER,3.25
1765674978655,CH1,POWER,3.25
1765674978660,CH1,POWER,3.25
1765674978664,CH1,POWER,3.25
1765674978669,CH1,POWER,3.25
1765674978673,CH1,POWER,3.25
1765674978680,CH1,POWER,3.25
1765674978684,CH1,POWER,3.25
1765674978689,CH1,POWER,3.25
1765674978693,CH1,POWER,3.25
1765674978697,CH1,POWER,3.25
1765674978702,CH1,POWER,3.25
1765674978708,CH1,POWER,3.25
1765674978713,CH1,POWER,3.25
1765674978720,CH1,POWER,3.25
1765674978725,CH1,POWER,3.25
1765674978730,CH1,POWER,3.25
1765674978734,CH1,POWER,3.25
1765674978739,CH1,POWER,3.25
1765674978744,CH1,POWER,3.25
1765674978749,CH1,POWER,3.25
1765674978753,CH1,POWER,3.25
1765674978760,CH1,POWER,3.25
1765674978764,CH1,POWER,3.25
1765674978770,CH1,POWER,3.25
1765674978774,CH1,POWER,3.25
1765674978780,CH1,POWER,3.25
1765674978785,CH1,POWER,3.25
1765674978790,CH1,POWER,3.25
1765674978794,CH1,POWER,3.25
1765674978800,CH1,POWER,3.25
1765674978805,CH1,POWER,3.25
1765674978810,CH1,POWER,3.25
1765674978815,CH1,POWER,3.25
1765674978820,CH1,POWER,3.25
1765674978825,CH1,POWER,3.25
1765674978830,CH1,POWER,3.25
1765674978835,CH1,POWER,3.25
1765674978840,CH1,POWER,3.25
1765674978846,CH1,POWER,3.25
1765674978852,CH1,POWER,3.25
1765674978879,CH1,POWER,3.25
1765674978884,CH1,POWER,3.25
1765674978889,CH1,POWER,3.25
1765674978895,CH1,POWER,3.25
1765674978902,CH1,POWER,3.25
1765674978910,CH1,POWER,3.25
1765674978915,CH1,POWER,3.25
1765674978919,CH1,POWER,3.25
1765674978923,CH1,POWER,3.25
1765674978929,CH1,POWER,3.25
1765674978935,CH1,POWER,3.25
1765674978942,CH1,POWER,3.25
1765674978946,CH1,POWER,3.25
1765674978951,CH1,POWER,3.25
1765674978956,CH1,POWER,3.25
1765674978962,CH1,POWER,3.25
1765674978967,CH1,POWER,3.25
1765674978972,CH1,POWER,3.25
1765674978977,CH1,POWER,3.25
1765674978982,CH1,POWER,3.25
1765674978986,CH1,POWER,3.25
1765674978992,CH1,POWER,3.25
1765674978996,CH1,POWER,3.25
1765674979002,CH1,POWER,3.25
1765674979007,CH1,POWER,3.25
1765674979012,CH1,POWER,3.25
1765674979016,CH1,POWER,3.25
1765674979022,CH1,POWER,3.25
1765674979030,CH1,POWER,3.25
1765674979035,CH1,POWER,3.25
1765674979039,CH1,POWER,3.25
1765674979044,CH1,POWER,3.25
1765674979052,CH1,POWER,3.25
1765674979056,CH1,POWER,3.25
1765674979061,CH1,POWER,3.25
1765674979066,CH1,POWER,3.25
1765674979071,CH1,POWER,3.25
1765674979076,CH1,POWER,3.25
1765674979082,CH1,POWER,3.25
1765674979086,CH1,POWER,3.25
1765674979092,CH1,POWER,3.25
1765674979096,CH1,POWER,3.25
1765674979102,CH1,POWER,3.25
1765674979110,CH1,POWER,3.25
1765674979114,CH1,POWER,3.25
1765674979119,CH1,POWER,3.25
1765674979123,CH1,POWER,3.25
1765674979129,CH1,POWER,3.25
1765674979135,CH1,POWER,3.25
1765674979141,CH1,POWER,3.25
1765674979146,CH1,POWER,3.25
1765674979152,CH1,POWER,3.25
1765674979160,CH1,POWER,3.25
1765674979166,CH1,POWER,3.25
1765674979171,CH1,POWER,3.25
1765674979176,CH1,POWER,3.25
1765674979182,CH1,POWER,3.25
1765674979187,CH1,POWER,3.25
1765674979192,CH1,POWER,3.25
1765674979196,CH1,POWER,3.25
1765674979202,CH1,POWER,3.25
1765674979207,CH1,POWER,3.25
1765674979212,CH1,POWER,3.25
1765674979220,CH1,POWER,3.25
1765674979226,CH1,POWER,3.25
1765674979231,CH1,POWER,3.25
1765674979235,CH1,POWER,3.25
1765674979240,CH1,POWER,3.55
1765674979242,CH1,POWER,3.55
1765674979245,CH1,POWER,3.55
1765674979271,CH1,POWER,3.55
1765674979276,CH1,POWER,3.55
1765674979281,CH1,POWER,3.55
1765674979285,CH1,POWER,3.55
1765674979292,CH1,POWER,3.55
1765674979297,CH1,POWER,3.55
1765674979304,CH1,POWER,3.55
1765674979312,CH1,POWER,3.55
1765674979318,CH1,POWER,3.55
1765674979323,CH1,POWER,3.55
1765674979327,CH1,POWER,3.55
1765674979334,CH1,POWER,3.55
1765674979339,CH1,POWER,3.55
1765674979344,CH1,POWER,3.55
1765674979350,CH1,POWER,3.55
1765674979354,CH1,POWER,3.55
1765674979358,CH1,POWER,3.55
1765674979363,CH1,POWER,3.55
1765674979369,CH1,POWER,3.55
1765674979374,CH1,POWER,3.55
1765674979378,CH1,POWER,3.55
1765674979383,CH1,POWER,3.55
1765674979387,CH1,POWER,3.55
1765674979393,CH1,POWER,3.55
1765674979398,CH1,POWER,3.55
1765674979403,CH1,POWER,3.55
1765674979408,CH1,POWER,3.55
1765674979414,CH1,POWER,3.55
1765674979418,CH1,POWER,3.55
1765674979423,CH1,POWER,3.55
1765674979427,CH1,POWER,3.55
1765674979434,CH1,POWER,3.55
1765674979439,CH1,POWER,3.55
1765674979444,CH1,POWER,3.55
1765674979449,CH1,POWER,3.55
1765674979454,CH1,POWER,3.55
1765674979458,CH1,POWER,3.55
1765674979464,CH1,POWER,3.55
1765674979468,CH1,POWER,3.55
1765674979473,CH1,POWER,3.55
1765674979477,CH1,POWER,3.55
1765674979481,CH1,POWER,3.55
1765674979485,CH1,POWER,3.55
1765674979489,CH1,POWER,3.55
1765674979494,CH1,POWER,3.55
1765674979498,CH1,POWER,3.55
1765674979504,CH1,POWER,3.55
1765674979508,CH1,POWER,3.55
1765674979514,CH1,POWER,3.55
1765674979522,CH1,POWER,3.55
1765674979527,CH1,POWER,3.55
1765674979533,CH1,POWER,3.55
1765674979538,CH1,POWER,3.55
1765674979544,CH1,POWER,3.55
1765674979549,CH1,POWER,3.55
1765674979554,CH1,POWER,3.55
1765674979562,CH1,POWER,3.55
1765674979566,CH1,POWER,3.55
1765674979571,CH1,POWER,3.55
1765674979575,CH1,POWER,3.55
1765674979581,CH1,POWER,3.55
1765674979587,CH1,POWER,3.55
1765674979593,CH1,POWER,3.55
1765674979598,CH1,POWER,3.55
1765674979603,CH1,POWER,3.55
1765674979608,CH1,POWER,3.55
1765674979614,CH1,POWER,3.55
1765674979619,CH1,POWER,3.55
1765674979624,CH1,POWER,3.55
1765674979628,CH1,POWER,3.55
1765674979633,CH1,POWER,3.55
1765674979635,CH1,POWER,2.90
1765674979638,CH1,POWER,2.90
1765674979665,CH1,POWER,2.90
1765674979670,CH1,POWER,2.90
1765674979675,CH1,POWER,2.90
1765674979681,CH1,POWER,2.90
1765674979686,CH1,POWER,2.90
1765674979691,CH1,POWER,2.90
1765674979696,CH1,POWER,2.90
1765674979700,CH1,POWER,2.90
1765674979706,CH1,POWER,2.90
1765674979710,CH1,POWER,2.90
1765674979716,CH1,POWER,2.90
1765674979721,CH1,POWER,2.90
1765674979726,CH1,POWER,2.90
1765674979731,CH1,POWER,2.90
1765674979736,CH1,POWER,2.90
1765674979740,CH1,POWER,2.90
1765674979745,CH1,POWER,2.90
1765674979751,CH1,POWER,2.90
1765674979756,CH1,POWER,2.90
1765674979761,CH1,POWER,2.90
1765674979766,CH1,POWER,2.90
1765674979771,CH1,POWER,2.90
1765674979776,CH1,POWER,2.90
1765674979784,CH1,POWER,2.90
1765674979788,CH1,POWER,2.90
1765674979793,CH1,POWER,2.90
1765674979797,CH1,POWER,2.90
1765674979801,CH1,POWER,2.90
1765674979806,CH1,POWER,2.90
1765674979814,CH1,POWER,2.90
1765674979818,CH1,POWER,2.90
1765674979823,CH1,POWER,2.90
1765674979827,CH1,POWER,2.90
1765674979834,CH1,POWER,2.90
1765674979839,CH1,POWER,2.90
1765674979845,CH1,POWER,2.90
1765674979850,CH1,POWER,2.90
1765674979855,CH1,POWER,2.90
1765674979861,CH1,POWER,2.90
1765674979866,CH1,POWER,2.90
1765674979870,CH1,POWER,2.90
1765674979875,CH1,POWER,2.90
1765674979879,CH1,POWER,2.90
1765674979883,CH1,POWER,2.90
1765674979887,CH1,POWER,2.90
1765674979894,CH1,POWER,2.90
1765674979899,CH1,POWER,2.90
1765674979906,CH1,POWER,2.90
1765674979911,CH1,POWER,2.90
1765674979916,CH1,POWER,2.90
1765674979920,CH1,POWER,2.90
1765674979926,CH1,POWER,2.90
1765674979934,CH1,POWER,2.90
1765674979939,CH1,POWER,2.90
1765674979945,CH1,POWER,2.90
1765674979951,CH1,POWER,2.90
1765674979956,CH1,POWER,2.90
1765674979961,CH1,POWER,2.90
1765674979966,CH1,POWER,2.90
1765674979970,CH1,POWER,2.90
1765674979975,CH1,POWER,2.90
1765674979981,CH1,POWER,2.90
1765674979986,CH1,POWER,2.90
1765674979991,CH1,POWER,2.90
1765674979996,CH1,POWER,2.90
1765674980001,CH1,POWER,2.90
1765674980006,CH1,POWER,2.90
1765674980010,CH1,POWER,2.90
1765674980015,CH1,POWER,2.90
1765674980019,CH1,POWER,2.90
1765674980026,CH1,POWER,2.90
1765674980034,CH1,POWER,2.90
1765674980036,CH1,POWER,3.20
1765674980039,CH1,POWER,3.20
1765674980065,CH1,POWER,3.20
1765674980070,CH1,POWER,3.20
1765674980075,CH1,POWER,3.20
1765674980079,CH1,POWER,3.20
1765674980085,CH1,POWER,3.20
1765674980091,CH1,POWER,3.20
1765674980097,CH1,POWER,3.20
1765674980103,CH1,POWER,3.20
1765674980108,CH1,POWER,3.20
1765674980112,CH1,POWER,3.20
1765674980118,CH1,POWER,3.20
1765674980123,CH1,POWER,3.20
1765674980128,CH1,POWER,3.20
1765674980132,CH1,POWER,3.20
1765674980138,CH1,POWER,3.20
1765674980142,CH1,POWER,3.20
1765674980148,CH1,POWER,3.20
1765674980152,CH1,POWER,3.20
1765674980158,CH1,POWER,3.20
1765674980166,CH1,POWER,3.20
1765674980172,CH1,POWER,3.20
1765674980177,CH1,POWER,3.20
1765674980183,CH1,POWER,3.20
1765674980188,CH1,POWER,3.20
1765674980196,CH1,POWER,3.20
1765674980201,CH1,POWER,3.20
1765674980208,CH1,POWER,3.20
1765674980213,CH1,POWER,3.20
1765674980218,CH1,POWER,3.20
1765674980223,CH1,POWER,3.20
1765674980228,CH1,POWER,3.20
1765674980232,CH1,POWER,3.20
1765674980238,CH1,POWER,3.20
1765674980242,CH1,POWER,3.20
1765674980248,CH1,POWER,3.20
1765674980253,CH1,POWER,3.20
1765674980258,CH1,POWER,3.20
1765674980262,CH1,POWER,3.20
1765674980268,CH1,POWER,3.20
1765674980272,CH1,POWER,3.20
1765674980278,CH1,POWER,3.20
1765674980283,CH1,POWER,3.20
1765674980288,CH1,POWER,3.20
1765674980292,CH1,POWER,3.20
1765674980298,CH1,POWER,3.20
1765674980306,CH1,POWER,3.20
1765674980311,CH1,POWER,3.20
1765674980318,CH1,POWER,3.20
1765674980326,CH1,POWER,3.20
1765674980331,CH1,POWER,3.20
1765674980338,CH1,POWER,3.20
1765674980343,CH1,POWER,3.20
1765674980348,CH1,POWER,3.20
1765674980353,CH1,POWER,3.20
1765674980358,CH1,POWER,3.20
1765674980363,CH1,POWER,3.20
1765674980368,CH1,POWER,3.20
1765674980376,CH1,POWER,3.20
1765674980380,CH1,POWER,3.20
1765674980385,CH1,POWER,3.20
1765674980390,CH1,POWER,3.20
1765674980398,CH1,POWER,3.20
1765674980406,CH1,POWER,3.20
1765674980411,CH1,POWER,3.20
1765674980418,CH1,POWER,3.20
1765674980426,CH1,POWER,3.20
1765674980429,CH1,POWER,3.35
1765674980431,CH1,POWER,3.35
1765674980459,CH1,POWER,3.35
1765674980464,CH1,POWER,3.35
1765674980469,CH1,POWER,3.35
1765674980475,CH1,POWER,3.35
1765674980480,CH1,POWER,3.35
1765674980488,CH1,POWER,3.35
1765674980494,CH1,POWER,3.35
1765674980500,CH1,POWER,3.35
1765674980505,CH1,POWER,3.35
1765674980510,CH1,POWER,3.35
1765674980515,CH1,POWER,3.35
1765674980520,CH1,POWER,3.35
1765674980524,CH1,POWER,3.35
1765674980529,CH1,POWER,3.35
1765674980533,CH1,POWER,3.35
1765674980540,CH1,POWER,3.35
1765674980545,CH1,POWER,3.35
1765674980550,CH1,POWER,3.35
1765674980558,CH1,POWER,3.35
1765674980564,CH1,POWER,3.35
1765674980569,CH1,POWER,3.35
1765674980575,CH1,POWER,3.35
1765674980580,CH1,POWER,3.35
1765674980588,CH1,POWER,3.35
1765674980593,CH1,POWER,3.35
1765674980600,CH1,POWER,3.35
1765674980605,CH1,POWER,3.35
1765674980610,CH1,POWER,3.35
1765674980615,CH1,POWER,3.35
1765674980620,CH1,POWER,3.35
1765674980625,CH1,POWER,3.35
1765674980630,CH1,POWER,3.35
1765674980638,CH1,POWER,3.35
1765674980642,CH1,POWER,3.35
1765674980650,CH1,POWER,3.35
1765674980655,CH1,POWER,3.35
1765674980660,CH1,POWER,3.35
1765674980668,CH1,POWER,3.35
1765674980674,CH1,POWER,3.35
1765674980679,CH1,POWER,3.35
1765674980684,CH1,POWER,3.35
1765674980689,CH1,POWER,3.35
1765674980694,CH1,POWER,3.35
1765674980700,CH1,POWER,3.35
1765674980708,CH1,POWER,3.35
1765674980713,CH1,POWER,3.35
1765674980719,CH1,POWER,3.35
1765674980724,CH1,POWER,3.35
1765674980730,CH1,POWER,3.35
1765674980735,CH1,POWER,3.35
1765674980740,CH1,POWER,3.35
1765674980745,CH1,POWER,3.35
1765674980750,CH1,POWER,3.35
1765674980755,CH1,POWER,3.35
1765674980760,CH1,POWER,3.35
1765674980764,CH1,POWER,3.35
1765674980770,CH1,POWER,3.35
1765674980775,CH1,POWER,3.35
1765674980780,CH1,POWER,3.35
1765674980785,CH1,POWER,3.35
1765674980790,CH1,POWER,3.35
1765674980798,CH1,POWER,3.35
1765674980803,CH1,POWER,3.35
1765674980810,CH1,POWER,3.35
1765674980812,CH1,POWER,3.20
1765674980839,CH1,POWER,3.20
1765674980844,CH1,POWER,3.20
1765674980849,CH1,POWER,3.20
1765674980854,CH1,POWER,3.20
1765674980859,CH1,POWER,3.20
1765674980865,CH1,POWER,3.20
1765674980869,CH1,POWER,3.20
1765674980874,CH1,POWER,3.20
1765674980882,CH1,POWER,3.20
1765674980886,CH1,POWER,3.20
1765674980891,CH1,POWER,3.20
1765674980897,CH1,POWER,3.20
1765674980902,CH1,POWER,3.20
1765674980910,CH1,POWER,3.20
1765674980915,CH1,POWER,3.20
1765674980922,CH1,POWER,3.20
1765674980927,CH1,POWER,3.20
1765674980932,CH1,POWER,3.20
1765674980937,CH1,POWER,3.20
1765674980942,CH1,POWER,3.20
1765674980947,CH1,POWER,3.20
1765674980952,CH1,POWER,3.20
1765674980956,CH1,POWER,3.20
1765674980961,CH1,POWER,3.20
1765674980966,CH1,POWER,3.20
1765674980971,CH1,POWER,3.20
1765674980975,CH1,POWER,3.20
1765674980982,CH1,POWER,3.20
1765674980987,CH1,POWER,3.20
1765674980992,CH1,POWER,3.20
1765674980997,CH1,POWER,3.20
1765674981002,CH1,POWER,3.20
1765674981007,CH1,POWER,3.20
1765674981012,CH1,POWER,3.20
1765674981020,CH1,POWER,3.20
1765674981026,CH1,POWER,3.20
1765674981031,CH1,POWER,3.20
1765674981035,CH1,POWER,3.20
1765674981042,CH1,POWER,3.20
1765674981047,CH1,POWER,3.20
1765674981052,CH1,POWER,3.20
1765674981056,CH1,POWER,3.20
1765674981061,CH1,POWER,3.20
1765674981067,CH1,POWER,3.20
1765674981072,CH1,POWER,3.20
1765674981077,CH1,POWER,3.20
1765674981082,CH1,POWER,3.20
1765674981087,CH1,POWER,3.20
1765674981092,CH1,POWER,3.20
1765674981097,CH1,POWER,3.20
1765674981102,CH1,POWER,3.20
1765674981109,CH1,POWER,3.20
1765674981114,CH1,POWER,3.20
1765674981120,CH1,POWER,3.20
1765674981124,CH1,POWER,3.20
1765674981129,CH1,POWER,3.20
1765674981134,CH1,POWER,3.20
1765674981140,CH1,POWER,3.20
1765674981145,CH1,POWER,3.20
1765674981151,CH1,POWER,3.20
1765674981156,CH1,POWER,3.20
1765674981161,CH1,POWER,3.20
1765674981165,CH1,POWER,3.20
1765674981171,CH1,POWER,3.20
1765674981177,CH1,POWER,3.20
1765674981182,CH1,POWER,3.20
1765674981190,CH1,POWER,3.20
1765674981195,CH1,POWER,3.20
1765674981202,CH1,POWER,3.20
1765674981204,CH1,POWER,3.20
1765674981231,CH1,POWER,3.20
1765674981237,CH1,POWER,3.20
1765674981242,CH1,POWER,3.20
1765674981247,CH1,POWER,3.20
1765674981254,CH1,POWER,3.20
1765674981262,CH1,POWER,3.20
1765674981267,CH1,POWER,3.20
1765674981274,CH1,POWER,3.20
1765674981279,CH1,POWER,3.20
1765674981284,CH1,POWER,3.20
1765674981292,CH1,POWER,3.20
1765674981296,CH1,POWER,3.20
1765674981301,CH1,POWER,3.20
1765674981305,CH1,POWER,3.20
1765674981311,CH1,POWER,3.20
1765674981316,CH1,POWER,3.20
1765674981321,CH1,POWER,3.20
1765674981326,CH1,POWER,3.20
1765674981332,CH1,POWER,3.20
1765674981337,CH1,POWER,3.20
1765674981343,CH1,POWER,3.20
1765674981347,CH1,POWER,3.20
1765674981354,CH1,POWER,3.20
1765674981362,CH1,POWER,3.20
1765674981367,CH1,POWER,3.20
1765674981373,CH1,POWER,3.20
1765674981377,CH1,POWER,3.20
1765674981384,CH1,POWER,3.20
1765674981389,CH1,POWER,3.20
1765674981394,CH1,POWER,3.20
1765674981399,CH1,POWER,3.20
1765674981404,CH1,POWER,3.20
1765674981412,CH1,POWER,3.20
1765674981417,CH1,POWER,3.20
1765674981424,CH1,POWER,3.20
1765674981429,CH1,POWER,3.20
1765674981434,CH1,POWER,3.20
1765674981439,CH1,POWER,3.20
1765674981444,CH1,POWER,3.20
1765674981448,CH1,POWER,3.20
1765674981454,CH1,POWER,3.20
1765674981462,CH1,POWER,3.20
1765674981466,CH1,POWER,3.20
1765674981470,CH1,POWER,3.20
1765674981475,CH1,POWER,3.20
1765674981482,CH1,POWER,3.20
1765674981487,CH1,POWER,3.20
1765674981494,CH1,POWER,3.20
1765674981499,CH1,POWER,3.20
1765674981504,CH1,POWER,3.20
1765674981511,CH1,POWER,3.20
1765674981516,CH1,POWER,3.20
1765674981521,CH1,POWER,3.20
1765674981525,CH1,POWER,3.20
1765674981532,CH1,POWER,3.20
1765674981536,CH1,POWER,3.20
1765674981541,CH1,POWER,3.20
1765674981547,CH1,POWER,3.20
1765674981552,CH1,POWER,3.20
1765674981557,CH1,POWER,3.20
1765674981561,CH1,POWER,3.20
1765674981567,CH1,POWER,3.20
1765674981574,CH1,POWER,3.20
1765674981579,CH1,POWER,3.20
1765674981584,CH1,POWER,3.20
1765674981587,CH1,POWER,3.20
1765674981615,CH1,POWER,3.20
1765674981620,CH1,POWER,3.20
1765674981625,CH1,POWER,3.20
1765674981629,CH1,POWER,3.20
1765674981633,CH1,POWER,3.20
1765674981639,CH1,POWER,3.20
1765674981643,CH1,POWER,3.20
1765674981647,CH1,POWER,3.20
1765674981654,CH1,POWER,3.20
1765674981659,CH1,POWER,3.20
1765674981666,CH1,POWER,3.20
1765674981670,CH1,POWER,3.20
1765674981676,CH1,POWER,3.20
1765674981680,CH1,POWER,3.20
1765674981685,CH1,POWER,3.20
1765674981690,CH1,POWER,3.20
1765674981696,CH1,POWER,3.20
1765674981704,CH1,POWER,3.20
1765674981709,CH1,POWER,3.20
1765674981716,CH1,POWER,3.20
1765674981721,CH1,POWER,3.20
1765674981726,CH1,POWER,3.20
1765674981731,CH1,POWER,3.20
1765674981736,CH1,POWER,3.20
1765674981741,CH1,POWER,3.20
1765674981746,CH1,POWER,3.20
1765674981751,CH1,POWER,3.20
1765674981756,CH1,POWER,3.20
1765674981761,CH1,POWER,3.20
1765674981766,CH1,POWER,3.20
1765674981771,CH1,POWER,3.20
1765674981776,CH1,POWER,3.20
1765674981784,CH1,POWER,3.20
1765674981789,CH1,POWER,3.20
1765674981796,CH1,POWER,3.20
1765674981800,CH1,POWER,3.20
1765674981804,CH1,POWER,3.20
1765674981809,CH1,POWER,3.20
1765674981815,CH1,POWER,3.20
1765674981823,CH1,POWER,3.20
