round,load,period,start_time,id,channelId,exp_duration,end_time,experiment
16,50,1,1765727191952,1820,CH1,80067,1765727272019,stress-ng
1765727191953,CH1,POWER,2.55
1765727191957,CH1,POWER,2.55
1765727191963,CH1,POWER,2.55
1765727191967,CH1,POWER,2.55
1765727191973,CH1,POWER,2.55
1765727191977,CH1,POWER,2.55
1765727191983,CH1,POWER,2.55
1765727191988,CH1,POWER,2.55
1765727191993,CH1,POWER,2.55
1765727191997,CH1,POWER,2.55
1765727192004,CH1,POWER,2.55
1765727192009,CH1,POWER,2.55
1765727192013,CH1,POWER,2.55
1765727192017,CH1,POWER,2.55
1765727192024,CH1,POWER,2.55
1765727192031,CH1,POWER,2.55
1765727192036,CH1,POWER,2.55
1765727192040,CH1,POWER,2.55
1765727192045,CH1,POWER,2.55
1765727192051,CH1,POWER,2.55
1765727192055,CH1,POWER,2.55
1765727192061,CH1,POWER,2.55
1765727192068,CH1,POWER,2.55
1765727192073,CH1,POWER,2.55
1765727192078,CH1,POWER,2.55
1765727192082,CH1,POWER,2.55
1765727192087,CH1,POWER,2.55
1765727192094,CH1,POWER,2.55
1765727192099,CH1,POWER,2.55
1765727192103,CH1,POWER,2.55
1765727192107,CH1,POWER,2.55
1765727192114,CH1,POWER,2.55
1765727192119,CH1,POWER,2.55
1765727192123,CH1,POWER,2.55
1765727192128,CH1,POWER,2.55
1765727192132,CH1,POWER,2.55
1765727192136,CH1,POWER,2.55
1765727192140,CH1,POWER,2.55
1765727192144,CH1,POWER,2.55
1765727192149,CH1,POWER,2.55
1765727192154,CH1,POWER,2.55
1765727192159,CH1,POWER,2.55
1765727192163,CH1,POWER,2.55
1765727192167,CH1,POWER,2.55
1765727192173,CH1,POWER,2.55
1765727192175,CH1,POWER,3.50
1765727192177,CH1,POWER,3.50
1765727192204,CH1,POWER,3.50
1765727192211,CH1,POWER,3.50
1765727192215,CH1,POWER,3.50
1765727192221,CH1,POWER,3.50
1765727192226,CH1,POWER,3.50
1765727192231,CH1,POWER,3.50
1765727192235,CH1,POWER,3.50
1765727192239,CH1,POWER,3.50
1765727192245,CH1,POWER,3.50
1765727192249,CH1,POWER,3.50
1765727192256,CH1,POWER,3.50
1765727192261,CH1,POWER,3.50
1765727192265,CH1,POWER,3.50
1765727192269,CH1,POWER,3.50
1765727192276,CH1,POWER,3.50
1765727192281,CH1,POWER,3.50
1765727192286,CH1,POWER,3.50
1765727192291,CH1,POWER,3.50
1765727192295,CH1,POWER,3.50
1765727192304,CH1,POWER,3.50
1765727192309,CH1,POWER,3.50
1765727192315,CH1,POWER,3.50
1765727192319,CH1,POWER,3.50
1765727192325,CH1,POWER,3.50
1765727192330,CH1,POWER,3.50
1765727192335,CH1,POWER,3.50
1765727192340,CH1,POWER,3.50
1765727192346,CH1,POWER,3.50
1765727192354,CH1,POWER,3.50
1765727192358,CH1,POWER,3.50
1765727192365,CH1,POWER,3.50
1765727192370,CH1,POWER,3.50
1765727192376,CH1,POWER,3.50
1765727192381,CH1,POWER,3.50
1765727192386,CH1,POWER,3.50
1765727192391,CH1,POWER,3.50
1765727192396,CH1,POWER,3.50
1765727192404,CH1,POWER,3.50
1765727192409,CH1,POWER,3.50
1765727192415,CH1,POWER,3.50
1765727192419,CH1,POWER,3.50
1765727192425,CH1,POWER,3.50
1765727192431,CH1,POWER,3.50
1765727192436,CH1,POWER,3.50
1765727192441,CH1,POWER,3.50
1765727192445,CH1,POWER,3.50
1765727192454,CH1,POWER,3.50
1765727192459,CH1,POWER,3.50
1765727192466,CH1,POWER,3.50
1765727192471,CH1,POWER,3.50
1765727192476,CH1,POWER,3.50
1765727192481,CH1,POWER,3.50
1765727192485,CH1,POWER,3.50
1765727192494,CH1,POWER,3.50
1765727192499,CH1,POWER,3.50
1765727192506,CH1,POWER,3.50
1765727192511,CH1,POWER,3.50
1765727192516,CH1,POWER,3.50
1765727192521,CH1,POWER,3.50
1765727192525,CH1,POWER,3.50
1765727192531,CH1,POWER,3.50
1765727192535,CH1,POWER,3.50
1765727192539,CH1,POWER,3.50
1765727192545,CH1,POWER,3.50
1765727192549,CH1,POWER,3.50
1765727192556,CH1,POWER,3.50
1765727192561,CH1,POWER,3.50
1765727192565,CH1,POWER,3.80
1765727192567,CH1,POWER,3.80
1765727192570,CH1,POWER,3.80
1765727192598,CH1,POWER,3.80
1765727192603,CH1,POWER,3.80
1765727192607,CH1,POWER,3.80
1765727192611,CH1,POWER,3.80
1765727192618,CH1,POWER,3.80
1765727192623,CH1,POWER,3.80
1765727192628,CH1,POWER,3.80
1765727192633,CH1,POWER,3.80
1765727192637,CH1,POWER,3.80
1765727192641,CH1,POWER,3.80
1765727192647,CH1,POWER,3.80
1765727192651,CH1,POWER,3.80
1765727192657,CH1,POWER,3.80
1765727192661,CH1,POWER,3.80
1765727192668,CH1,POWER,3.80
1765727192676,CH1,POWER,3.80
1765727192682,CH1,POWER,3.80
1765727192687,CH1,POWER,3.80
1765727192691,CH1,POWER,3.80
1765727192697,CH1,POWER,3.80
1765727192702,CH1,POWER,3.80
1765727192706,CH1,POWER,3.80
1765727192710,CH1,POWER,3.80
1765727192717,CH1,POWER,3.80
1765727192721,CH1,POWER,3.80
1765727192728,CH1,POWER,3.80
1765727192733,CH1,POWER,3.80
1765727192738,CH1,POWER,3.80
1765727192743,CH1,POWER,3.80
1765727192747,CH1,POWER,3.80
1765727192751,CH1,POWER,3.80
1765727192757,CH1,POWER,3.80
1765727192762,CH1,POWER,3.80
1765727192766,CH1,POWER,3.80
1765727192770,CH1,POWER,3.80
1765727192775,CH1,POWER,3.80
1765727192779,CH1,POWER,3.80
1765727192786,CH1,POWER,3.80
1765727192791,CH1,POWER,3.80
1765727192797,CH1,POWER,3.80
1765727192806,CH1,POWER,3.80
1765727192811,CH1,POWER,3.80
1765727192817,CH1,POWER,3.80
1765727192821,CH1,POWER,3.80
1765727192827,CH1,POWER,3.80
1765727192831,CH1,POWER,3.80
1765727192838,CH1,POWER,3.80
1765727192843,CH1,POWER,3.80
1765727192847,CH1,POWER,3.80
1765727192853,CH1,POWER,3.80
1765727192858,CH1,POWER,3.80
1765727192863,CH1,POWER,3.80
1765727192868,CH1,POWER,3.80
1765727192873,CH1,POWER,3.80
1765727192877,CH1,POWER,3.80
1765727192886,CH1,POWER,3.80
1765727192891,CH1,POWER,3.80
1765727192897,CH1,POWER,3.80
1765727192902,CH1,POWER,3.80
1765727192906,CH1,POWER,3.80
1765727192911,CH1,POWER,3.80
1765727192917,CH1,POWER,3.80
1765727192926,CH1,POWER,3.80
1765727192931,CH1,POWER,3.80
1765727192937,CH1,POWER,3.80
1765727192946,CH1,POWER,3.80
1765727192950,CH1,POWER,3.70
1765727192977,CH1,POWER,3.70
1765727192982,CH1,POWER,3.70
1765727192986,CH1,POWER,3.70
1765727192990,CH1,POWER,3.70
1765727192997,CH1,POWER,3.70
1765727193002,CH1,POWER,3.70
1765727193010,CH1,POWER,3.70
1765727193015,CH1,POWER,3.70
1765727193019,CH1,POWER,3.70
1765727193023,CH1,POWER,3.70
1765727193030,CH1,POWER,3.70
1765727193035,CH1,POWER,3.70
1765727193039,CH1,POWER,3.70
1765727193045,CH1,POWER,3.70
1765727193050,CH1,POWER,3.70
1765727193055,CH1,POWER,3.70
1765727193059,CH1,POWER,3.70
1765727193067,CH1,POWER,3.70
1765727193074,CH1,POWER,3.70
1765727193078,CH1,POWER,3.70
1765727193082,CH1,POWER,3.70
1765727193090,CH1,POWER,3.70
1765727193095,CH1,POWER,3.70
1765727193099,CH1,POWER,3.70
1765727193104,CH1,POWER,3.70
1765727193108,CH1,POWER,3.70
1765727193112,CH1,POWER,3.70
1765727193118,CH1,POWER,3.70
1765727193122,CH1,POWER,3.70
1765727193129,CH1,POWER,3.70
1765727193138,CH1,POWER,3.70
1765727193142,CH1,POWER,3.70
1765727193147,CH1,POWER,3.70
1765727193151,CH1,POWER,3.70
1765727193160,CH1,POWER,3.70
1765727193165,CH1,POWER,3.70
1765727193169,CH1,POWER,3.70
1765727193173,CH1,POWER,3.70
1765727193179,CH1,POWER,3.70
1765727193185,CH1,POWER,3.70
1765727193189,CH1,POWER,3.70
1765727193197,CH1,POWER,3.70
1765727193202,CH1,POWER,3.70
1765727193207,CH1,POWER,3.70
1765727193212,CH1,POWER,3.70
1765727193217,CH1,POWER,3.70
1765727193221,CH1,POWER,3.70
1765727193226,CH1,POWER,3.70
1765727193230,CH1,POWER,3.70
1765727193235,CH1,POWER,3.70
1765727193240,CH1,POWER,3.70
1765727193245,CH1,POWER,3.70
1765727193249,CH1,POWER,3.70
1765727193253,CH1,POWER,3.70
1765727193259,CH1,POWER,3.70
1765727193263,CH1,POWER,3.70
1765727193269,CH1,POWER,3.70
1765727193273,CH1,POWER,3.70
1765727193280,CH1,POWER,3.70
1765727193285,CH1,POWER,3.70
1765727193289,CH1,POWER,3.70
1765727193295,CH1,POWER,3.70
1765727193300,CH1,POWER,3.70
1765727193305,CH1,POWER,3.70
1765727193309,CH1,POWER,3.70
1765727193318,CH1,POWER,3.70
1765727193322,CH1,POWER,3.70
1765727193329,CH1,POWER,3.70
1765727193334,CH1,POWER,3.70
1765727193361,CH1,POWER,3.85
1765727193370,CH1,POWER,3.85
1765727193375,CH1,POWER,3.85
1765727193382,CH1,POWER,3.85
1765727193387,CH1,POWER,3.85
1765727193392,CH1,POWER,3.85
1765727193397,CH1,POWER,3.85
1765727193402,CH1,POWER,3.85
1765727193407,CH1,POWER,3.85
1765727193412,CH1,POWER,3.85
1765727193417,CH1,POWER,3.85
1765727193421,CH1,POWER,3.85
1765727193427,CH1,POWER,3.85
1765727193432,CH1,POWER,3.85
1765727193437,CH1,POWER,3.85
1765727193442,CH1,POWER,3.85
1765727193447,CH1,POWER,3.85
1765727193452,CH1,POWER,3.85
1765727193457,CH1,POWER,3.85
1765727193461,CH1,POWER,3.85
1765727193465,CH1,POWER,3.85
1765727193471,CH1,POWER,3.85
1765727193477,CH1,POWER,3.85
1765727193482,CH1,POWER,3.85
1765727193487,CH1,POWER,3.85
1765727193491,CH1,POWER,3.85
1765727193495,CH1,POWER,3.85
1765727193501,CH1,POWER,3.85
1765727193505,CH1,POWER,3.85
1765727193511,CH1,POWER,3.85
1765727193519,CH1,POWER,3.85
1765727193524,CH1,POWER,3.85
1765727193528,CH1,POWER,3.85
1765727193535,CH1,POWER,3.85
1765727193542,CH1,POWER,3.85
1765727193547,CH1,POWER,3.85
1765727193552,CH1,POWER,3.85
1765727193557,CH1,POWER,3.85
1765727193562,CH1,POWER,3.85
1765727193567,CH1,POWER,3.85
1765727193572,CH1,POWER,3.85
1765727193577,CH1,POWER,3.85
1765727193581,CH1,POWER,3.85
1765727193587,CH1,POWER,3.85
1765727193591,CH1,POWER,3.85
1765727193597,CH1,POWER,3.85
1765727193601,CH1,POWER,3.85
1765727193606,CH1,POWER,3.85
1765727193610,CH1,POWER,3.85
1765727193616,CH1,POWER,3.85
1765727193620,CH1,POWER,3.85
1765727193625,CH1,POWER,3.85
1765727193632,CH1,POWER,3.85
1765727193637,CH1,POWER,3.85
1765727193641,CH1,POWER,3.85
1765727193649,CH1,POWER,3.85
1765727193654,CH1,POWER,3.85
1765727193660,CH1,POWER,3.85
1765727193667,CH1,POWER,3.85
1765727193671,CH1,POWER,3.85
1765727193680,CH1,POWER,3.85
1765727193684,CH1,POWER,3.85
1765727193692,CH1,POWER,3.85
1765727193697,CH1,POWER,3.85
1765727193701,CH1,POWER,3.85
1765727193709,CH1,POWER,3.85
1765727193714,CH1,POWER,3.85
1765727193716,CH1,POWER,3.65
1765727193744,CH1,POWER,3.65
1765727193749,CH1,POWER,3.65
1765727193753,CH1,POWER,3.65
1765727193760,CH1,POWER,3.65
1765727193764,CH1,POWER,3.65
1765727193771,CH1,POWER,3.65
1765727193778,CH1,POWER,3.65
1765727193782,CH1,POWER,3.65
1765727193789,CH1,POWER,3.65
1765727193793,CH1,POWER,3.65
1765727193801,CH1,POWER,3.65
1765727193806,CH1,POWER,3.65
1765727193814,CH1,POWER,3.65
1765727193819,CH1,POWER,3.65
1765727193824,CH1,POWER,3.65
1765727193829,CH1,POWER,3.65
1765727193833,CH1,POWER,3.65
1765727193842,CH1,POWER,3.65
1765727193846,CH1,POWER,3.65
1765727193850,CH1,POWER,3.65
1765727193854,CH1,POWER,3.65
1765727193859,CH1,POWER,3.65
1765727193863,CH1,POWER,3.65
1765727193867,CH1,POWER,3.65
1765727193873,CH1,POWER,3.65
1765727193877,CH1,POWER,3.65
1765727193883,CH1,POWER,3.65
1765727193887,CH1,POWER,3.65
1765727193892,CH1,POWER,3.65
1765727193898,CH1,POWER,3.65
1765727193902,CH1,POWER,3.65
1765727193906,CH1,POWER,3.65
1765727193910,CH1,POWER,3.65
1765727193916,CH1,POWER,3.65
1765727193920,CH1,POWER,3.65
1765727193924,CH1,POWER,3.65
1765727193931,CH1,POWER,3.65
1765727193936,CH1,POWER,3.65
1765727193940,CH1,POWER,3.65
1765727193945,CH1,POWER,3.65
1765727193953,CH1,POWER,3.65
1765727193959,CH1,POWER,3.65
1765727193963,CH1,POWER,3.65
1765727193972,CH1,POWER,3.65
1765727193976,CH1,POWER,3.65
1765727193982,CH1,POWER,3.65
1765727193989,CH1,POWER,3.65
1765727193993,CH1,POWER,3.65
1765727194001,CH1,POWER,3.65
1765727194008,CH1,POWER,3.65
1765727194012,CH1,POWER,3.65
1765727194019,CH1,POWER,3.65
1765727194023,CH1,POWER,3.65
1765727194029,CH1,POWER,3.65
1765727194033,CH1,POWER,3.65
1765727194039,CH1,POWER,3.65
1765727194043,CH1,POWER,3.65
1765727194047,CH1,POWER,3.65
1765727194053,CH1,POWER,3.65
1765727194059,CH1,POWER,3.65
1765727194063,CH1,POWER,3.65
1765727194069,CH1,POWER,3.65
1765727194073,CH1,POWER,3.65
1765727194079,CH1,POWER,3.65
1765727194083,CH1,POWER,3.65
1765727194087,CH1,POWER,3.65
1765727194093,CH1,POWER,3.65
1765727194101,CH1,POWER,3.65
1765727194105,CH1,POWER,3.65
1765727194107,CH1,POWER,3.65
1765727194134,CH1,POWER,3.65
1765727194140,CH1,POWER,3.65
1765727194144,CH1,POWER,3.65
1765727194148,CH1,POWER,3.65
1765727194155,CH1,POWER,3.65
1765727194159,CH1,POWER,3.65
1765727194165,CH1,POWER,3.65
1765727194169,CH1,POWER,3.65
1765727194175,CH1,POWER,3.65
1765727194180,CH1,POWER,3.65
1765727194184,CH1,POWER,3.65
1765727194188,CH1,POWER,3.65
1765727194195,CH1,POWER,3.65
1765727194201,CH1,POWER,3.65
1765727194205,CH1,POWER,3.65
1765727194209,CH1,POWER,3.65
1765727194215,CH1,POWER,3.65
1765727194221,CH1,POWER,3.65
1765727194225,CH1,POWER,3.65
1765727194229,CH1,POWER,3.65
1765727194235,CH1,POWER,3.65
1765727194239,CH1,POWER,3.65
1765727194245,CH1,POWER,3.65
1765727194249,CH1,POWER,3.65
1765727194255,CH1,POWER,3.65
1765727194259,CH1,POWER,3.65
1765727194265,CH1,POWER,3.65
1765727194269,CH1,POWER,3.65
1765727194275,CH1,POWER,3.65
1765727194281,CH1,POWER,3.65
1765727194285,CH1,POWER,3.65
1765727194289,CH1,POWER,3.65
1765727194295,CH1,POWER,3.65
1765727194301,CH1,POWER,3.65
1765727194305,CH1,POWER,3.65
1765727194309,CH1,POWER,3.65
1765727194315,CH1,POWER,3.65
1765727194319,CH1,POWER,3.65
1765727194324,CH1,POWER,3.65
1765727194331,CH1,POWER,3.65
1765727194336,CH1,POWER,3.65
1765727194341,CH1,POWER,3.65
1765727194345,CH1,POWER,3.65
1765727194351,CH1,POWER,3.65
1765727194355,CH1,POWER,3.65
1765727194363,CH1,POWER,3.65
1765727194369,CH1,POWER,3.65
1765727194375,CH1,POWER,3.65
1765727194379,CH1,POWER,3.65
1765727194384,CH1,POWER,3.65
1765727194388,CH1,POWER,3.65
1765727194395,CH1,POWER,3.65
1765727194401,CH1,POWER,3.65
1765727194405,CH1,POWER,3.65
1765727194411,CH1,POWER,3.65
1765727194415,CH1,POWER,3.65
1765727194423,CH1,POWER,3.65
1765727194428,CH1,POWER,3.65
1765727194436,CH1,POWER,3.65
1765727194441,CH1,POWER,3.65
1765727194445,CH1,POWER,3.65
1765727194449,CH1,POWER,3.65
1765727194455,CH1,POWER,3.65
1765727194459,CH1,POWER,3.65
1765727194465,CH1,POWER,3.65
1765727194469,CH1,POWER,3.65
1765727194475,CH1,POWER,3.65
1765727194479,CH1,POWER,3.65
1765727194485,CH1,POWER,3.65
1765727194491,CH1,POWER,3.65
1765727194495,CH1,POWER,3.65
1765727194498,CH1,POWER,3.50
1765727194523,CH1,POWER,3.50
1765727194528,CH1,POWER,3.50
1765727194534,CH1,POWER,3.50
1765727194538,CH1,POWER,3.50
1765727194545,CH1,POWER,3.50
1765727194551,CH1,POWER,3.50
1765727194557,CH1,POWER,3.50
1765727194562,CH1,POWER,3.50
1765727194566,CH1,POWER,3.50
1765727194572,CH1,POWER,3.50
1765727194576,CH1,POWER,3.50
1765727194580,CH1,POWER,3.50
1765727194586,CH1,POWER,3.50
1765727194591,CH1,POWER,3.50
1765727194597,CH1,POWER,3.50
1765727194601,CH1,POWER,3.50
1765727194607,CH1,POWER,3.50
1765727194611,CH1,POWER,3.50
1765727194617,CH1,POWER,3.50
1765727194623,CH1,POWER,3.50
1765727194627,CH1,POWER,3.50
1765727194635,CH1,POWER,3.50
1765727194639,CH1,POWER,3.50
1765727194644,CH1,POWER,3.50
1765727194649,CH1,POWER,3.50
1765727194655,CH1,POWER,3.50
1765727194659,CH1,POWER,3.50
1765727194665,CH1,POWER,3.50
1765727194670,CH1,POWER,3.50
1765727194674,CH1,POWER,3.50
1765727194678,CH1,POWER,3.50
1765727194683,CH1,POWER,3.50
1765727194687,CH1,POWER,3.50
1765727194691,CH1,POWER,3.50
1765727194696,CH1,POWER,3.50
1765727194703,CH1,POWER,3.50
1765727194707,CH1,POWER,3.50
1765727194713,CH1,POWER,3.50
1765727194717,CH1,POWER,3.50
1765727194721,CH1,POWER,3.50
1765727194726,CH1,POWER,3.50
1765727194730,CH1,POWER,3.50
1765727194737,CH1,POWER,3.50
1765727194743,CH1,POWER,3.50
1765727194747,CH1,POWER,3.50
1765727194753,CH1,POWER,3.50
1765727194757,CH1,POWER,3.50
1765727194761,CH1,POWER,3.50
1765727194766,CH1,POWER,3.50
1765727194773,CH1,POWER,3.50
1765727194777,CH1,POWER,3.50
1765727194781,CH1,POWER,3.50
1765727194786,CH1,POWER,3.50
1765727194793,CH1,POWER,3.50
1765727194797,CH1,POWER,3.50
1765727194801,CH1,POWER,3.50
1765727194806,CH1,POWER,3.50
1765727194813,CH1,POWER,3.50
1765727194817,CH1,POWER,3.50
1765727194823,CH1,POWER,3.50
1765727194827,CH1,POWER,3.50
1765727194831,CH1,POWER,3.50
1765727194836,CH1,POWER,3.50
1765727194840,CH1,POWER,3.50
1765727194847,CH1,POWER,3.50
1765727194855,CH1,POWER,3.50
1765727194859,CH1,POWER,3.50
1765727194864,CH1,POWER,3.50
1765727194869,CH1,POWER,3.50
1765727194875,CH1,POWER,3.50
1765727194879,CH1,POWER,3.50
1765727194906,CH1,POWER,3.65
1765727194911,CH1,POWER,3.65
1765727194916,CH1,POWER,3.65
1765727194920,CH1,POWER,3.65
1765727194925,CH1,POWER,3.65
1765727194929,CH1,POWER,3.65
1765727194935,CH1,POWER,3.65
1765727194939,CH1,POWER,3.65
1765727194943,CH1,POWER,3.65
1765727194949,CH1,POWER,3.65
1765727194955,CH1,POWER,3.65
1765727194959,CH1,POWER,3.65
1765727194963,CH1,POWER,3.65
1765727194968,CH1,POWER,3.65
1765727194972,CH1,POWER,3.65
1765727194976,CH1,POWER,3.65
1765727194981,CH1,POWER,3.65
1765727194986,CH1,POWER,3.65
1765727194990,CH1,POWER,3.65
1765727194997,CH1,POWER,3.65
1765727195001,CH1,POWER,3.65
1765727195006,CH1,POWER,3.65
1765727195012,CH1,POWER,3.65
1765727195016,CH1,POWER,3.65
1765727195020,CH1,POWER,3.65
1765727195027,CH1,POWER,3.65
1765727195032,CH1,POWER,3.65
1765727195039,CH1,POWER,3.65
1765727195043,CH1,POWER,3.65
1765727195048,CH1,POWER,3.65
1765727195052,CH1,POWER,3.65
1765727195056,CH1,POWER,3.65
1765727195060,CH1,POWER,3.65
1765727195065,CH1,POWER,3.65
1765727195069,CH1,POWER,3.65
1765727195073,CH1,POWER,3.65
1765727195079,CH1,POWER,3.65
1765727195085,CH1,POWER,3.65
1765727195089,CH1,POWER,3.65
1765727195093,CH1,POWER,3.65
1765727195099,CH1,POWER,3.65
1765727195105,CH1,POWER,3.65
1765727195109,CH1,POWER,3.65
1765727195115,CH1,POWER,3.65
1765727195119,CH1,POWER,3.65
1765727195125,CH1,POWER,3.65
1765727195129,CH1,POWER,3.65
1765727195133,CH1,POWER,3.65
1765727195139,CH1,POWER,3.65
1765727195145,CH1,POWER,3.65
1765727195149,CH1,POWER,3.65
1765727195153,CH1,POWER,3.65
1765727195159,CH1,POWER,3.65
1765727195163,CH1,POWER,3.65
1765727195169,CH1,POWER,3.65
1765727195173,CH1,POWER,3.65
1765727195179,CH1,POWER,3.65
1765727195185,CH1,POWER,3.65
1765727195189,CH1,POWER,3.65
1765727195195,CH1,POWER,3.65
1765727195199,CH1,POWER,3.65
1765727195205,CH1,POWER,3.65
1765727195209,CH1,POWER,3.65
1765727195213,CH1,POWER,3.65
1765727195218,CH1,POWER,3.65
1765727195225,CH1,POWER,3.65
1765727195229,CH1,POWER,3.65
1765727195235,CH1,POWER,3.65
1765727195239,CH1,POWER,3.65
1765727195243,CH1,POWER,3.65
1765727195249,CH1,POWER,3.65
1765727195253,CH1,POWER,3.65
1765727195259,CH1,POWER,3.65
1765727195265,CH1,POWER,3.65
1765727195269,CH1,POWER,3.65
1765727195273,CH1,POWER,3.65
1765727195300,CH1,POWER,3.65
1765727195305,CH1,POWER,3.65
1765727195310,CH1,POWER,3.65
1765727195314,CH1,POWER,3.65
1765727195318,CH1,POWER,3.65
1765727195323,CH1,POWER,3.65
1765727195329,CH1,POWER,3.65
1765727195334,CH1,POWER,3.65
1765727195341,CH1,POWER,3.65
1765727195347,CH1,POWER,3.65
1765727195351,CH1,POWER,3.65
1765727195355,CH1,POWER,3.65
1765727195360,CH1,POWER,3.65
1765727195365,CH1,POWER,3.65
1765727195371,CH1,POWER,3.65
1765727195377,CH1,POWER,3.65
1765727195381,CH1,POWER,3.65
1765727195385,CH1,POWER,3.65
1765727195390,CH1,POWER,3.65
1765727195395,CH1,POWER,3.65
1765727195401,CH1,POWER,3.65
1765727195407,CH1,POWER,3.65
1765727195411,CH1,POWER,3.65
1765727195415,CH1,POWER,3.65
1765727195420,CH1,POWER,3.65
1765727195424,CH1,POWER,3.65
1765727195428,CH1,POWER,3.65
1765727195433,CH1,POWER,3.65
1765727195438,CH1,POWER,3.65
1765727195443,CH1,POWER,3.65
1765727195449,CH1,POWER,3.65
1765727195453,CH1,POWER,3.65
1765727195459,CH1,POWER,3.65
1765727195463,CH1,POWER,3.65
1765727195469,CH1,POWER,3.65
1765727195474,CH1,POWER,3.65
1765727195478,CH1,POWER,3.65
1765727195482,CH1,POWER,3.65
1765727195489,CH1,POWER,3.65
1765727195494,CH1,POWER,3.65
1765727195498,CH1,POWER,3.65
1765727195502,CH1,POWER,3.65
1765727195509,CH1,POWER,3.65
1765727195514,CH1,POWER,3.65
1765727195518,CH1,POWER,3.65
1765727195523,CH1,POWER,3.65
1765727195529,CH1,POWER,3.65
1765727195534,CH1,POWER,3.65
1765727195538,CH1,POWER,3.65
1765727195542,CH1,POWER,3.65
1765727195547,CH1,POWER,3.65
1765727195551,CH1,POWER,3.65
1765727195555,CH1,POWER,3.65
1765727195561,CH1,POWER,3.65
1765727195565,CH1,POWER,3.65
1765727195571,CH1,POWER,3.65
1765727195577,CH1,POWER,3.65
1765727195581,CH1,POWER,3.65
1765727195585,CH1,POWER,3.65
1765727195590,CH1,POWER,3.65
1765727195594,CH1,POWER,3.65
1765727195598,CH1,POWER,3.65
1765727195603,CH1,POWER,3.65
1765727195609,CH1,POWER,3.65
1765727195613,CH1,POWER,3.65
1765727195618,CH1,POWER,3.65
1765727195622,CH1,POWER,3.65
1765727195627,CH1,POWER,3.65
1765727195631,CH1,POWER,3.65
1765727195635,CH1,POWER,3.65
1765727195641,CH1,POWER,3.65
1765727195647,CH1,POWER,3.65
1765727195651,CH1,POWER,3.65
1765727195655,CH1,POWER,3.65
1765727195661,CH1,POWER,3.65
1765727195667,CH1,POWER,3.65
1765727195669,CH1,POWER,3.55
1765727195672,CH1,POWER,3.55
1765727195674,CH1,POWER,3.55
1765727195700,CH1,POWER,3.55
1765727195706,CH1,POWER,3.55
1765727195712,CH1,POWER,3.55
1765727195716,CH1,POWER,3.55
1765727195720,CH1,POWER,3.55
1765727195724,CH1,POWER,3.55
1765727195729,CH1,POWER,3.55
1765727195733,CH1,POWER,3.55
1765727195737,CH1,POWER,3.55
1765727195743,CH1,POWER,3.55
1765727195747,CH1,POWER,3.55
1765727195753,CH1,POWER,3.55
1765727195759,CH1,POWER,3.55
1765727195763,CH1,POWER,3.55
1765727195767,CH1,POWER,3.55
1765727195773,CH1,POWER,3.55
1765727195779,CH1,POWER,3.55
1765727195783,CH1,POWER,3.55
1765727195789,CH1,POWER,3.55
1765727195793,CH1,POWER,3.55
1765727195797,CH1,POWER,3.55
1765727195803,CH1,POWER,3.55
1765727195811,CH1,POWER,3.55
1765727195816,CH1,POWER,3.55
1765727195820,CH1,POWER,3.55
1765727195824,CH1,POWER,3.55
1765727195831,CH1,POWER,3.55
1765727195836,CH1,POWER,3.55
1765727195843,CH1,POWER,3.55
1765727195849,CH1,POWER,3.55
1765727195853,CH1,POWER,3.55
1765727195859,CH1,POWER,3.55
1765727195863,CH1,POWER,3.55
1765727195867,CH1,POWER,3.55
1765727195873,CH1,POWER,3.55
1765727195879,CH1,POWER,3.55
1765727195883,CH1,POWER,3.55
1765727195887,CH1,POWER,3.55
1765727195892,CH1,POWER,3.55
1765727195897,CH1,POWER,3.55
1765727195903,CH1,POWER,3.55
1765727195907,CH1,POWER,3.55
1765727195912,CH1,POWER,3.55
1765727195916,CH1,POWER,3.55
1765727195920,CH1,POWER,3.55
1765727195925,CH1,POWER,3.55
1765727195931,CH1,POWER,3.55
1765727195936,CH1,POWER,3.55
1765727195943,CH1,POWER,3.55
1765727195947,CH1,POWER,3.55
1765727195952,CH1,POWER,3.55
1765727195956,CH1,POWER,3.55
1765727195963,CH1,POWER,3.55
1765727195969,CH1,POWER,3.55
1765727195973,CH1,POWER,3.55
1765727195979,CH1,POWER,3.55
1765727195983,CH1,POWER,3.55
1765727195987,CH1,POWER,3.55
1765727195993,CH1,POWER,3.55
1765727195997,CH1,POWER,3.55
1765727196002,CH1,POWER,3.55
1765727196006,CH1,POWER,3.55
1765727196013,CH1,POWER,3.55
1765727196019,CH1,POWER,3.55
1765727196023,CH1,POWER,3.55
1765727196029,CH1,POWER,3.55
1765727196033,CH1,POWER,3.55
1765727196037,CH1,POWER,3.55
1765727196043,CH1,POWER,3.55
1765727196047,CH1,POWER,3.55
1765727196052,CH1,POWER,3.55
1765727196056,CH1,POWER,3.55
1765727196060,CH1,POWER,3.55
1765727196065,CH1,POWER,3.55
1765727196071,CH1,POWER,3.55
1765727196073,CH1,POWER,3.80
1765727196076,CH1,POWER,3.80
1765727196101,CH1,POWER,3.80
1765727196106,CH1,POWER,3.80
1765727196113,CH1,POWER,3.80
1765727196117,CH1,POWER,3.80
1765727196122,CH1,POWER,3.80
1765727196127,CH1,POWER,3.80
1765727196132,CH1,POWER,3.80
1765727196137,CH1,POWER,3.80
1765727196143,CH1,POWER,3.80
1765727196147,CH1,POWER,3.80
1765727196152,CH1,POWER,3.80
1765727196156,CH1,POWER,3.80
1765727196161,CH1,POWER,3.80
1765727196165,CH1,POWER,3.80
1765727196169,CH1,POWER,3.80
1765727196175,CH1,POWER,3.80
1765727196179,CH1,POWER,3.80
1765727196185,CH1,POWER,3.80
1765727196191,CH1,POWER,3.80
1765727196195,CH1,POWER,3.80
1765727196199,CH1,POWER,3.80
1765727196204,CH1,POWER,3.80
1765727196209,CH1,POWER,3.80
1765727196215,CH1,POWER,3.80
1765727196219,CH1,POWER,3.80
1765727196224,CH1,POWER,3.80
1765727196228,CH1,POWER,3.80
1765727196232,CH1,POWER,3.80
1765727196237,CH1,POWER,3.80
1765727196243,CH1,POWER,3.80
1765727196248,CH1,POWER,3.80
1765727196255,CH1,POWER,3.80
1765727196259,CH1,POWER,3.80
1765727196265,CH1,POWER,3.80
1765727196269,CH1,POWER,3.80
1765727196275,CH1,POWER,3.80
1765727196279,CH1,POWER,3.80
1765727196285,CH1,POWER,3.80
1765727196293,CH1,POWER,3.80
1765727196298,CH1,POWER,3.80
1765727196302,CH1,POWER,3.80
1765727196306,CH1,POWER,3.80
1765727196311,CH1,POWER,3.80
1765727196315,CH1,POWER,3.80
1765727196319,CH1,POWER,3.80
1765727196325,CH1,POWER,3.80
1765727196329,CH1,POWER,3.80
1765727196335,CH1,POWER,3.80
1765727196343,CH1,POWER,3.80
1765727196348,CH1,POWER,3.80
1765727196354,CH1,POWER,3.80
1765727196358,CH1,POWER,3.80
1765727196362,CH1,POWER,3.80
1765727196366,CH1,POWER,3.80
1765727196371,CH1,POWER,3.80
1765727196375,CH1,POWER,3.80
1765727196379,CH1,POWER,3.80
1765727196385,CH1,POWER,3.80
1765727196389,CH1,POWER,3.80
1765727196395,CH1,POWER,3.80
1765727196403,CH1,POWER,3.80
1765727196408,CH1,POWER,3.80
1765727196412,CH1,POWER,3.80
1765727196418,CH1,POWER,3.80
1765727196422,CH1,POWER,3.80
1765727196426,CH1,POWER,3.80
1765727196433,CH1,POWER,3.80
1765727196437,CH1,POWER,3.80
1765727196442,CH1,POWER,3.80
1765727196446,CH1,POWER,3.80
1765727196451,CH1,POWER,3.80
1765727196455,CH1,POWER,3.80
1765727196459,CH1,POWER,3.80
1765727196464,CH1,POWER,3.80
1765727196467,CH1,POWER,3.85
1765727196469,CH1,POWER,3.85
1765727196496,CH1,POWER,3.85
1765727196501,CH1,POWER,3.85
1765727196506,CH1,POWER,3.85
1765727196510,CH1,POWER,3.85
1765727196514,CH1,POWER,3.85
1765727196518,CH1,POWER,3.85
1765727196523,CH1,POWER,3.85
1765727196527,CH1,POWER,3.85
1765727196531,CH1,POWER,3.85
1765727196537,CH1,POWER,3.85
1765727196543,CH1,POWER,3.85
1765727196547,CH1,POWER,3.85
1765727196551,CH1,POWER,3.85
1765727196556,CH1,POWER,3.85
1765727196560,CH1,POWER,3.85
1765727196564,CH1,POWER,3.85
1765727196568,CH1,POWER,3.85
1765727196573,CH1,POWER,3.85
1765727196577,CH1,POWER,3.85
1765727196581,CH1,POWER,3.85
1765727196587,CH1,POWER,3.85
1765727196591,CH1,POWER,3.85
1765727196597,CH1,POWER,3.85
1765727196601,CH1,POWER,3.85
1765727196607,CH1,POWER,3.85
1765727196613,CH1,POWER,3.85
1765727196617,CH1,POWER,3.85
1765727196621,CH1,POWER,3.85
1765727196627,CH1,POWER,3.85
1765727196633,CH1,POWER,3.85
1765727196637,CH1,POWER,3.85
1765727196642,CH1,POWER,3.85
1765727196647,CH1,POWER,3.85
1765727196651,CH1,POWER,3.85
1765727196657,CH1,POWER,3.85
1765727196661,CH1,POWER,3.85
1765727196667,CH1,POWER,3.85
1765727196671,CH1,POWER,3.85
1765727196677,CH1,POWER,3.85
1765727196683,CH1,POWER,3.85
1765727196687,CH1,POWER,3.85
1765727196691,CH1,POWER,3.85
1765727196696,CH1,POWER,3.85
1765727196700,CH1,POWER,3.85
1765727196704,CH1,POWER,3.85
1765727196708,CH1,POWER,3.85
1765727196715,CH1,POWER,3.85
1765727196719,CH1,POWER,3.85
1765727196724,CH1,POWER,3.85
1765727196729,CH1,POWER,3.85
1765727196735,CH1,POWER,3.85
1765727196740,CH1,POWER,3.85
1765727196744,CH1,POWER,3.85
1765727196750,CH1,POWER,3.85
1765727196754,CH1,POWER,3.85
1765727196758,CH1,POWER,3.85
1765727196765,CH1,POWER,3.85
1765727196769,CH1,POWER,3.85
1765727196775,CH1,POWER,3.85
1765727196779,CH1,POWER,3.85
1765727196785,CH1,POWER,3.85
1765727196790,CH1,POWER,3.85
1765727196794,CH1,POWER,3.85
1765727196798,CH1,POWER,3.85
1765727196805,CH1,POWER,3.85
1765727196809,CH1,POWER,3.85
1765727196814,CH1,POWER,3.85
1765727196819,CH1,POWER,3.85
1765727196825,CH1,POWER,3.85
1765727196830,CH1,POWER,3.85
1765727196834,CH1,POWER,3.85
1765727196838,CH1,POWER,3.85
1765727196842,CH1,POWER,3.85
1765727196847,CH1,POWER,3.85
1765727196851,CH1,POWER,3.85
1765727196857,CH1,POWER,3.85
1765727196861,CH1,POWER,3.85
1765727196867,CH1,POWER,3.85
1765727196870,CH1,POWER,3.75
1765727196895,CH1,POWER,3.75
1765727196901,CH1,POWER,3.75
1765727196909,CH1,POWER,3.75
1765727196913,CH1,POWER,3.75
1765727196919,CH1,POWER,3.75
1765727196923,CH1,POWER,3.75
1765727196929,CH1,POWER,3.75
1765727196935,CH1,POWER,3.75
1765727196939,CH1,POWER,3.75
1765727196943,CH1,POWER,3.75
1765727196949,CH1,POWER,3.75
1765727196953,CH1,POWER,3.75
1765727196958,CH1,POWER,3.75
1765727196962,CH1,POWER,3.75
1765727196966,CH1,POWER,3.75
1765727196970,CH1,POWER,3.75
1765727196975,CH1,POWER,3.75
1765727196979,CH1,POWER,3.75
1765727196983,CH1,POWER,3.75
1765727196989,CH1,POWER,3.75
1765727196995,CH1,POWER,3.75
1765727196999,CH1,POWER,3.75
1765727197007,CH1,POWER,3.75
1765727197012,CH1,POWER,3.75
1765727197019,CH1,POWER,3.75
1765727197025,CH1,POWER,3.75
1765727197029,CH1,POWER,3.75
1765727197033,CH1,POWER,3.75
1765727197039,CH1,POWER,3.75
1765727197043,CH1,POWER,3.75
1765727197048,CH1,POWER,3.75
1765727197055,CH1,POWER,3.75
1765727197059,CH1,POWER,3.75
1765727197063,CH1,POWER,3.75
1765727197068,CH1,POWER,3.75
1765727197072,CH1,POWER,3.75
1765727197079,CH1,POWER,3.75
1765727197083,CH1,POWER,3.75
1765727197089,CH1,POWER,3.75
1765727197095,CH1,POWER,3.75
1765727197099,CH1,POWER,3.75
1765727197107,CH1,POWER,3.75
1765727197111,CH1,POWER,3.75
1765727197116,CH1,POWER,3.75
1765727197120,CH1,POWER,3.75
1765727197127,CH1,POWER,3.75
1765727197133,CH1,POWER,3.75
1765727197138,CH1,POWER,3.75
1765727197142,CH1,POWER,3.75
1765727197148,CH1,POWER,3.75
1765727197153,CH1,POWER,3.75
1765727197158,CH1,POWER,3.75
1765727197164,CH1,POWER,3.75
1765727197169,CH1,POWER,3.75
1765727197173,CH1,POWER,3.75
1765727197179,CH1,POWER,3.75
1765727197185,CH1,POWER,3.75
1765727197189,CH1,POWER,3.75
1765727197195,CH1,POWER,3.75
1765727197199,CH1,POWER,3.75
1765727197204,CH1,POWER,3.75
1765727197209,CH1,POWER,3.75
1765727197217,CH1,POWER,3.75
1765727197222,CH1,POWER,3.75
1765727197228,CH1,POWER,3.75
1765727197232,CH1,POWER,3.75
1765727197236,CH1,POWER,3.75
1765727197240,CH1,POWER,3.75
1765727197247,CH1,POWER,3.75
1765727197251,CH1,POWER,3.75
1765727197257,CH1,POWER,3.75
1765727197260,CH1,POWER,3.30
1765727197263,CH1,POWER,3.30
1765727197290,CH1,POWER,3.30
1765727197295,CH1,POWER,3.30
1765727197300,CH1,POWER,3.30
1765727197304,CH1,POWER,3.30
1765727197311,CH1,POWER,3.30
1765727197317,CH1,POWER,3.30
1765727197321,CH1,POWER,3.30
1765727197325,CH1,POWER,3.30
1765727197331,CH1,POWER,3.30
1765727197335,CH1,POWER,3.30
1765727197340,CH1,POWER,3.30
1765727197344,CH1,POWER,3.30
1765727197350,CH1,POWER,3.30
1765727197354,CH1,POWER,3.30
1765727197360,CH1,POWER,3.30
1765727197365,CH1,POWER,3.30
1765727197370,CH1,POWER,3.30
1765727197374,CH1,POWER,3.30
1765727197381,CH1,POWER,3.30
1765727197386,CH1,POWER,3.30
1765727197391,CH1,POWER,3.30
1765727197396,CH1,POWER,3.30
1765727197401,CH1,POWER,3.30
1765727197407,CH1,POWER,3.30
1765727197411,CH1,POWER,3.30
1765727197415,CH1,POWER,3.30
1765727197421,CH1,POWER,3.30
1765727197427,CH1,POWER,3.30
1765727197431,CH1,POWER,3.30
1765727197436,CH1,POWER,3.30
1765727197441,CH1,POWER,3.30
1765727197447,CH1,POWER,3.30
1765727197451,CH1,POWER,3.30
1765727197455,CH1,POWER,3.30
1765727197461,CH1,POWER,3.30
1765727197465,CH1,POWER,3.30
1765727197471,CH1,POWER,3.30
1765727197475,CH1,POWER,3.30
1765727197481,CH1,POWER,3.30
1765727197489,CH1,POWER,3.30
1765727197494,CH1,POWER,3.30
1765727197498,CH1,POWER,3.30
1765727197504,CH1,POWER,3.30
1765727197508,CH1,POWER,3.30
1765727197514,CH1,POWER,3.30
1765727197520,CH1,POWER,3.30
1765727197527,CH1,POWER,3.30
1765727197531,CH1,POWER,3.30
1765727197535,CH1,POWER,3.30
1765727197541,CH1,POWER,3.30
1765727197549,CH1,POWER,3.30
1765727197555,CH1,POWER,3.30
1765727197560,CH1,POWER,3.30
1765727197564,CH1,POWER,3.30
1765727197570,CH1,POWER,3.30
1765727197574,CH1,POWER,3.30
1765727197580,CH1,POWER,3.30
1765727197585,CH1,POWER,3.30
1765727197591,CH1,POWER,3.30
1765727197595,CH1,POWER,3.30
1765727197601,CH1,POWER,3.30
1765727197607,CH1,POWER,3.30
1765727197611,CH1,POWER,3.30
1765727197619,CH1,POWER,3.30
1765727197624,CH1,POWER,3.30
1765727197631,CH1,POWER,3.30
1765727197639,CH1,POWER,3.30
1765727197644,CH1,POWER,3.30
1765727197647,CH1,POWER,3.75
1765727197650,CH1,POWER,3.75
1765727197652,CH1,POWER,3.75
1765727197655,CH1,POWER,3.75
1765727197682,CH1,POWER,3.75
1765727197687,CH1,POWER,3.75
1765727197692,CH1,POWER,3.75
1765727197696,CH1,POWER,3.75
1765727197703,CH1,POWER,3.75
1765727197707,CH1,POWER,3.75
1765727197713,CH1,POWER,3.75
1765727197721,CH1,POWER,3.75
1765727197726,CH1,POWER,3.75
1765727197733,CH1,POWER,3.75
1765727197737,CH1,POWER,3.75
1765727197742,CH1,POWER,3.75
1765727197746,CH1,POWER,3.75
1765727197750,CH1,POWER,3.75
1765727197754,CH1,POWER,3.75
1765727197760,CH1,POWER,3.75
1765727197765,CH1,POWER,3.75
1765727197770,CH1,POWER,3.75
1765727197774,CH1,POWER,3.75
1765727197779,CH1,POWER,3.75
1765727197783,CH1,POWER,3.75
1765727197791,CH1,POWER,3.75
1765727197796,CH1,POWER,3.75
1765727197803,CH1,POWER,3.75
1765727197807,CH1,POWER,3.75
1765727197812,CH1,POWER,3.75
1765727197816,CH1,POWER,3.75
1765727197823,CH1,POWER,3.75
1765727197829,CH1,POWER,3.75
1765727197833,CH1,POWER,3.75
1765727197839,CH1,POWER,3.75
1765727197843,CH1,POWER,3.75
1765727197847,CH1,POWER,3.75
1765727197853,CH1,POWER,3.75
1765727197859,CH1,POWER,3.75
1765727197863,CH1,POWER,3.75
1765727197867,CH1,POWER,3.75
1765727197873,CH1,POWER,3.75
1765727197877,CH1,POWER,3.75
1765727197883,CH1,POWER,3.75
1765727197887,CH1,POWER,3.75
1765727197893,CH1,POWER,3.75
1765727197901,CH1,POWER,3.75
1765727197906,CH1,POWER,3.75
1765727197913,CH1,POWER,3.75
1765727197919,CH1,POWER,3.75
1765727197923,CH1,POWER,3.75
1765727197931,CH1,POWER,3.75
1765727197936,CH1,POWER,3.75
1765727197943,CH1,POWER,3.75
1765727197949,CH1,POWER,3.75
1765727197953,CH1,POWER,3.75
1765727197957,CH1,POWER,3.75
1765727197962,CH1,POWER,3.75
1765727197967,CH1,POWER,3.75
1765727197973,CH1,POWER,3.75
1765727197981,CH1,POWER,3.75
1765727197986,CH1,POWER,3.75
1765727197990,CH1,POWER,3.75
1765727197995,CH1,POWER,3.75
1765727198001,CH1,POWER,3.75
1765727198006,CH1,POWER,3.75
1765727198013,CH1,POWER,3.75
1765727198021,CH1,POWER,3.75
1765727198025,CH1,POWER,3.75
1765727198033,CH1,POWER,3.75
1765727198039,CH1,POWER,3.75
1765727198042,CH1,POWER,3.70
1765727198045,CH1,POWER,3.70
1765727198047,CH1,POWER,3.70
1765727198075,CH1,POWER,3.70
1765727198081,CH1,POWER,3.70
1765727198085,CH1,POWER,3.70
1765727198089,CH1,POWER,3.70
1765727198095,CH1,POWER,3.70
1765727198101,CH1,POWER,3.70
1765727198105,CH1,POWER,3.70
1765727198113,CH1,POWER,3.70
1765727198118,CH1,POWER,3.70
1765727198122,CH1,POWER,3.70
1765727198128,CH1,POWER,3.70
1765727198135,CH1,POWER,3.70
1765727198140,CH1,POWER,3.70
1765727198145,CH1,POWER,3.70
1765727198150,CH1,POWER,3.70
1765727198155,CH1,POWER,3.70
1765727198160,CH1,POWER,3.70
1765727198165,CH1,POWER,3.70
1765727198173,CH1,POWER,3.70
1765727198179,CH1,POWER,3.70
1765727198184,CH1,POWER,3.70
1765727198188,CH1,POWER,3.70
1765727198195,CH1,POWER,3.70
1765727198199,CH1,POWER,3.70
1765727198204,CH1,POWER,3.70
1765727198208,CH1,POWER,3.70
1765727198215,CH1,POWER,3.70
1765727198220,CH1,POWER,3.70
1765727198225,CH1,POWER,3.70
1765727198229,CH1,POWER,3.70
1765727198235,CH1,POWER,3.70
1765727198243,CH1,POWER,3.70
1765727198248,CH1,POWER,3.70
1765727198252,CH1,POWER,3.70
1765727198257,CH1,POWER,3.70
1765727198263,CH1,POWER,3.70
1765727198269,CH1,POWER,3.70
1765727198274,CH1,POWER,3.70
1765727198281,CH1,POWER,3.70
1765727198285,CH1,POWER,3.70
1765727198293,CH1,POWER,3.70
1765727198298,CH1,POWER,3.70
1765727198302,CH1,POWER,3.70
1765727198307,CH1,POWER,3.70
1765727198313,CH1,POWER,3.70
1765727198318,CH1,POWER,3.70
1765727198324,CH1,POWER,3.70
1765727198329,CH1,POWER,3.70
1765727198334,CH1,POWER,3.70
1765727198339,CH1,POWER,3.70
1765727198345,CH1,POWER,3.70
1765727198351,CH1,POWER,3.70
1765727198355,CH1,POWER,3.70
1765727198360,CH1,POWER,3.70
1765727198365,CH1,POWER,3.70
1765727198371,CH1,POWER,3.70
1765727198375,CH1,POWER,3.70
1765727198379,CH1,POWER,3.70
1765727198385,CH1,POWER,3.70
1765727198389,CH1,POWER,3.70
1765727198394,CH1,POWER,3.70
1765727198401,CH1,POWER,3.70
1765727198405,CH1,POWER,3.70
1765727198409,CH1,POWER,3.70
1765727198414,CH1,POWER,3.70
1765727198421,CH1,POWER,3.70
1765727198425,CH1,POWER,3.70
1765727198430,CH1,POWER,3.70
1765727198435,CH1,POWER,3.70
1765727198438,CH1,POWER,3.85
1765727198464,CH1,POWER,3.85
1765727198469,CH1,POWER,3.85
1765727198474,CH1,POWER,3.85
1765727198478,CH1,POWER,3.85
1765727198484,CH1,POWER,3.85
1765727198490,CH1,POWER,3.85
1765727198496,CH1,POWER,3.85
1765727198501,CH1,POWER,3.85
1765727198507,CH1,POWER,3.85
1765727198512,CH1,POWER,3.85
1765727198517,CH1,POWER,3.85
1765727198521,CH1,POWER,3.85
1765727198527,CH1,POWER,3.85
1765727198533,CH1,POWER,3.85
1765727198537,CH1,POWER,3.85
1765727198545,CH1,POWER,3.85
1765727198550,CH1,POWER,3.85
1765727198557,CH1,POWER,3.85
1765727198565,CH1,POWER,3.85
1765727198570,CH1,POWER,3.85
1765727198577,CH1,POWER,3.85
1765727198582,CH1,POWER,3.85
1765727198587,CH1,POWER,3.85
1765727198592,CH1,POWER,3.85
1765727198597,CH1,POWER,3.85
1765727198605,CH1,POWER,3.85
1765727198610,CH1,POWER,3.85
1765727198616,CH1,POWER,3.85
1765727198621,CH1,POWER,3.85
1765727198627,CH1,POWER,3.85
1765727198632,CH1,POWER,3.85
1765727198637,CH1,POWER,3.85
1765727198645,CH1,POWER,3.85
1765727198649,CH1,POWER,3.85
1765727198654,CH1,POWER,3.85
1765727198658,CH1,POWER,3.85
1765727198662,CH1,POWER,3.85
1765727198667,CH1,POWER,3.85
1765727198671,CH1,POWER,3.85
1765727198676,CH1,POWER,3.85
1765727198682,CH1,POWER,3.85
1765727198687,CH1,POWER,3.85
1765727198691,CH1,POWER,3.85
1765727198697,CH1,POWER,3.85
1765727198703,CH1,POWER,3.85
1765727198707,CH1,POWER,3.85
1765727198713,CH1,POWER,3.85
1765727198717,CH1,POWER,3.85
1765727198722,CH1,POWER,3.85
1765727198727,CH1,POWER,3.85
1765727198733,CH1,POWER,3.85
1765727198737,CH1,POWER,3.85
1765727198742,CH1,POWER,3.85
1765727198747,CH1,POWER,3.85
1765727198751,CH1,POWER,3.85
1765727198756,CH1,POWER,3.85
1765727198763,CH1,POWER,3.85
1765727198767,CH1,POWER,3.85
1765727198771,CH1,POWER,3.85
1765727198777,CH1,POWER,3.85
1765727198782,CH1,POWER,3.85
1765727198787,CH1,POWER,3.85
1765727198792,CH1,POWER,3.85
1765727198797,CH1,POWER,3.85
1765727198803,CH1,POWER,3.85
1765727198807,CH1,POWER,3.85
1765727198813,CH1,POWER,3.85
1765727198817,CH1,POWER,3.85
1765727198822,CH1,POWER,3.85
1765727198825,CH1,POWER,3.75
1765727198827,CH1,POWER,3.75
1765727198830,CH1,POWER,3.75
1765727198856,CH1,POWER,3.75
1765727198861,CH1,POWER,3.75
1765727198866,CH1,POWER,3.75
1765727198870,CH1,POWER,3.75
1765727198876,CH1,POWER,3.75
1765727198881,CH1,POWER,3.75
1765727198887,CH1,POWER,3.75
1765727198891,CH1,POWER,3.75
1765727198899,CH1,POWER,3.75
1765727198905,CH1,POWER,3.75
1765727198909,CH1,POWER,3.75
1765727198913,CH1,POWER,3.75
1765727198919,CH1,POWER,3.75
1765727198925,CH1,POWER,3.75
1765727198929,CH1,POWER,3.75
1765727198937,CH1,POWER,3.75
1765727198941,CH1,POWER,3.75
1765727198947,CH1,POWER,3.75
1765727198951,CH1,POWER,3.75
1765727198956,CH1,POWER,3.75
1765727198961,CH1,POWER,3.75
1765727198967,CH1,POWER,3.75
1765727198972,CH1,POWER,3.75
1765727198979,CH1,POWER,3.75
1765727198987,CH1,POWER,3.75
1765727198992,CH1,POWER,3.75
1765727198996,CH1,POWER,3.75
1765727199001,CH1,POWER,3.75
1765727199007,CH1,POWER,3.75
1765727199012,CH1,POWER,3.75
1765727199019,CH1,POWER,3.75
1765727199027,CH1,POWER,3.75
1765727199032,CH1,POWER,3.75
1765727199038,CH1,POWER,3.75
1765727199043,CH1,POWER,3.75
1765727199049,CH1,POWER,3.75
1765727199055,CH1,POWER,3.75
1765727199059,CH1,POWER,3.75
1765727199064,CH1,POWER,3.75
1765727199069,CH1,POWER,3.75
1765727199073,CH1,POWER,3.75
1765727199078,CH1,POWER,3.75
1765727199083,CH1,POWER,3.75
1765727199089,CH1,POWER,3.75
1765727199094,CH1,POWER,3.75
1765727199099,CH1,POWER,3.75
1765727199107,CH1,POWER,3.75
1765727199111,CH1,POWER,3.75
1765727199116,CH1,POWER,3.75
1765727199121,CH1,POWER,3.75
1765727199129,CH1,POWER,3.75
1765727199134,CH1,POWER,3.75
1765727199139,CH1,POWER,3.75
1765727199144,CH1,POWER,3.75
1765727199149,CH1,POWER,3.75
1765727199155,CH1,POWER,3.75
1765727199159,CH1,POWER,3.75
1765727199167,CH1,POWER,3.75
1765727199171,CH1,POWER,3.75
1765727199176,CH1,POWER,3.75
1765727199181,CH1,POWER,3.75
1765727199189,CH1,POWER,3.75
1765727199195,CH1,POWER,3.75
1765727199199,CH1,POWER,3.75
1765727199203,CH1,POWER,3.75
1765727199208,CH1,POWER,3.75
1765727199215,CH1,POWER,3.75
1765727199217,CH1,POWER,3.70
1765727199220,CH1,POWER,3.70
1765727199222,CH1,POWER,3.70
1765727199248,CH1,POWER,3.70
1765727199253,CH1,POWER,3.70
1765727199259,CH1,POWER,3.70
1765727199263,CH1,POWER,3.70
1765727199269,CH1,POWER,3.70
1765727199273,CH1,POWER,3.70
1765727199279,CH1,POWER,3.70
1765727199285,CH1,POWER,3.70
1765727199290,CH1,POWER,3.70
1765727199296,CH1,POWER,3.70
1765727199301,CH1,POWER,3.70
1765727199309,CH1,POWER,3.70
1765727199314,CH1,POWER,3.70
1765727199320,CH1,POWER,3.70
1765727199324,CH1,POWER,3.70
1765727199331,CH1,POWER,3.70
1765727199339,CH1,POWER,3.70
1765727199343,CH1,POWER,3.70
1765727199348,CH1,POWER,3.70
1765727199353,CH1,POWER,3.70
1765727199359,CH1,POWER,3.70
1765727199364,CH1,POWER,3.70
1765727199370,CH1,POWER,3.70
1765727199374,CH1,POWER,3.70
1765727199381,CH1,POWER,3.70
1765727199385,CH1,POWER,3.70
1765727199390,CH1,POWER,3.70
1765727199394,CH1,POWER,3.70
1765727199398,CH1,POWER,3.70
1765727199403,CH1,POWER,3.70
1765727199409,CH1,POWER,3.70
1765727199414,CH1,POWER,3.70
1765727199421,CH1,POWER,3.70
1765727199427,CH1,POWER,3.70
1765727199431,CH1,POWER,3.70
1765727199439,CH1,POWER,3.70
1765727199444,CH1,POWER,3.70
1765727199451,CH1,POWER,3.70
1765727199459,CH1,POWER,3.70
1765727199464,CH1,POWER,3.70
1765727199471,CH1,POWER,3.70
1765727199476,CH1,POWER,3.70
1765727199481,CH1,POWER,3.70
1765727199486,CH1,POWER,3.70
1765727199491,CH1,POWER,3.70
1765727199497,CH1,POWER,3.70
1765727199501,CH1,POWER,3.70
1765727199509,CH1,POWER,3.70
1765727199514,CH1,POWER,3.70
1765727199521,CH1,POWER,3.70
1765727199526,CH1,POWER,3.70
1765727199531,CH1,POWER,3.70
1765727199539,CH1,POWER,3.70
1765727199544,CH1,POWER,3.70
1765727199551,CH1,POWER,3.70
1765727199557,CH1,POWER,3.70
1765727199561,CH1,POWER,3.70
1765727199566,CH1,POWER,3.70
1765727199571,CH1,POWER,3.70
1765727199575,CH1,POWER,3.70
1765727199580,CH1,POWER,3.70
1765727199585,CH1,POWER,3.70
1765727199590,CH1,POWER,3.70
1765727199594,CH1,POWER,3.70
1765727199601,CH1,POWER,3.70
1765727199605,CH1,POWER,3.80
1765727199633,CH1,POWER,3.80
1765727199639,CH1,POWER,3.80
1765727199643,CH1,POWER,3.80
1765727199648,CH1,POWER,3.80
1765727199653,CH1,POWER,3.80
1765727199658,CH1,POWER,3.80
1765727199663,CH1,POWER,3.80
1765727199667,CH1,POWER,3.80
1765727199673,CH1,POWER,3.80
1765727199677,CH1,POWER,3.80
1765727199682,CH1,POWER,3.80
1765727199687,CH1,POWER,3.80
1765727199693,CH1,POWER,3.80
1765727199698,CH1,POWER,3.80
1765727199703,CH1,POWER,3.80
1765727199708,CH1,POWER,3.80
1765727199713,CH1,POWER,3.80
1765727199718,CH1,POWER,3.80
1765727199723,CH1,POWER,3.80
1765727199727,CH1,POWER,3.80
1765727199733,CH1,POWER,3.80
1765727199741,CH1,POWER,3.80
1765727199747,CH1,POWER,3.80
1765727199752,CH1,POWER,3.80
1765727199756,CH1,POWER,3.80
1765727199763,CH1,POWER,3.80
1765727199767,CH1,POWER,3.80
1765727199773,CH1,POWER,3.80
1765727199778,CH1,POWER,3.80
1765727199783,CH1,POWER,3.80
1765727199787,CH1,POWER,3.80
1765727199793,CH1,POWER,3.80
1765727199798,CH1,POWER,3.80
1765727199803,CH1,POWER,3.80
1765727199807,CH1,POWER,3.80
1765727199813,CH1,POWER,3.80
1765727199818,CH1,POWER,3.80
1765727199823,CH1,POWER,3.80
1765727199828,CH1,POWER,3.80
1765727199833,CH1,POWER,3.80
1765727199841,CH1,POWER,3.80
1765727199846,CH1,POWER,3.80
1765727199853,CH1,POWER,3.80
1765727199858,CH1,POWER,3.80
1765727199863,CH1,POWER,3.80
1765727199867,CH1,POWER,3.80
1765727199873,CH1,POWER,3.80
1765727199877,CH1,POWER,3.80
1765727199882,CH1,POWER,3.80
1765727199886,CH1,POWER,3.80
1765727199893,CH1,POWER,3.80
1765727199901,CH1,POWER,3.80
1765727199906,CH1,POWER,3.80
1765727199913,CH1,POWER,3.80
1765727199918,CH1,POWER,3.80
1765727199923,CH1,POWER,3.80
1765727199927,CH1,POWER,3.80
1765727199932,CH1,POWER,3.80
1765727199937,CH1,POWER,3.80
1765727199943,CH1,POWER,3.80
1765727199948,CH1,POWER,3.80
1765727199953,CH1,POWER,3.80
1765727199957,CH1,POWER,3.80
1765727199963,CH1,POWER,3.80
1765727199967,CH1,POWER,3.80
1765727199973,CH1,POWER,3.80
1765727199977,CH1,POWER,3.80
1765727199982,CH1,POWER,3.80
1765727199987,CH1,POWER,3.80
1765727199992,CH1,POWER,3.80
1765727199996,CH1,POWER,3.80
1765727200000,CH1,POWER,3.80
1765727200002,CH1,POWER,3.85
1765727200005,CH1,POWER,3.85
1765727200008,CH1,POWER,3.85
1765727200035,CH1,POWER,3.85
1765727200040,CH1,POWER,3.85
1765727200045,CH1,POWER,3.85
1765727200049,CH1,POWER,3.85
1765727200055,CH1,POWER,3.85
1765727200060,CH1,POWER,3.85
1765727200065,CH1,POWER,3.85
1765727200070,CH1,POWER,3.85
1765727200075,CH1,POWER,3.85
1765727200080,CH1,POWER,3.85
1765727200085,CH1,POWER,3.85
1765727200089,CH1,POWER,3.85
1765727200095,CH1,POWER,3.85
1765727200100,CH1,POWER,3.85
1765727200105,CH1,POWER,3.85
1765727200110,CH1,POWER,3.85
1765727200115,CH1,POWER,3.85
1765727200123,CH1,POWER,3.85
1765727200129,CH1,POWER,3.85
1765727200134,CH1,POWER,3.85
1765727200139,CH1,POWER,3.85
1765727200145,CH1,POWER,3.85
1765727200149,CH1,POWER,3.85
1765727200154,CH1,POWER,3.85
1765727200158,CH1,POWER,3.85
1765727200165,CH1,POWER,3.85
1765727200170,CH1,POWER,3.85
1765727200175,CH1,POWER,3.85
1765727200181,CH1,POWER,3.85
1765727200185,CH1,POWER,3.85
1765727200193,CH1,POWER,3.85
1765727200199,CH1,POWER,3.85
1765727200205,CH1,POWER,3.85
1765727200209,CH1,POWER,3.85
1765727200215,CH1,POWER,3.85
1765727200219,CH1,POWER,3.85
1765727200225,CH1,POWER,3.85
1765727200229,CH1,POWER,3.85
1765727200235,CH1,POWER,3.85
1765727200239,CH1,POWER,3.85
1765727200245,CH1,POWER,3.85
1765727200250,CH1,POWER,3.85
1765727200255,CH1,POWER,3.85
1765727200260,CH1,POWER,3.85
1765727200265,CH1,POWER,3.85
1765727200269,CH1,POWER,3.85
1765727200274,CH1,POWER,3.85
1765727200278,CH1,POWER,3.85
1765727200282,CH1,POWER,3.85
1765727200286,CH1,POWER,3.85
1765727200291,CH1,POWER,3.85
1765727200295,CH1,POWER,3.85
1765727200299,CH1,POWER,3.85
1765727200305,CH1,POWER,3.85
1765727200311,CH1,POWER,3.85
1765727200315,CH1,POWER,3.85
1765727200319,CH1,POWER,3.85
1765727200325,CH1,POWER,3.85
1765727200329,CH1,POWER,3.85
1765727200335,CH1,POWER,3.85
1765727200341,CH1,POWER,3.85
1765727200345,CH1,POWER,3.85
1765727200353,CH1,POWER,3.85
1765727200358,CH1,POWER,3.85
1765727200365,CH1,POWER,3.85
1765727200370,CH1,POWER,3.85
1765727200375,CH1,POWER,3.85
1765727200379,CH1,POWER,3.85
1765727200385,CH1,POWER,3.85
1765727200390,CH1,POWER,3.85
1765727200395,CH1,POWER,3.85
1765727200397,CH1,POWER,3.70
1765727200423,CH1,POWER,3.70
1765727200428,CH1,POWER,3.70
1765727200435,CH1,POWER,3.70
1765727200440,CH1,POWER,3.70
1765727200447,CH1,POWER,3.70
1765727200452,CH1,POWER,3.70
1765727200457,CH1,POWER,3.70
1765727200461,CH1,POWER,3.70
1765727200467,CH1,POWER,3.70
1765727200472,CH1,POWER,3.70
1765727200477,CH1,POWER,3.70
1765727200482,CH1,POWER,3.70
1765727200487,CH1,POWER,3.70
1765727200491,CH1,POWER,3.70
1765727200496,CH1,POWER,3.70
1765727200500,CH1,POWER,3.70
1765727200507,CH1,POWER,3.70
1765727200515,CH1,POWER,3.70
1765727200519,CH1,POWER,3.70
1765727200524,CH1,POWER,3.70
1765727200529,CH1,POWER,3.70
1765727200534,CH1,POWER,3.70
1765727200539,CH1,POWER,3.70
1765727200544,CH1,POWER,3.70
1765727200549,CH1,POWER,3.70
1765727200555,CH1,POWER,3.70
1765727200559,CH1,POWER,3.70
1765727200564,CH1,POWER,3.70
1765727200568,CH1,POWER,3.70
1765727200575,CH1,POWER,3.70
1765727200581,CH1,POWER,3.70
1765727200586,CH1,POWER,3.70
1765727200590,CH1,POWER,3.70
1765727200597,CH1,POWER,3.70
1765727200601,CH1,POWER,3.70
1765727200606,CH1,POWER,3.70
1765727200611,CH1,POWER,3.70
1765727200616,CH1,POWER,3.70
1765727200621,CH1,POWER,3.70
1765727200627,CH1,POWER,3.70
1765727200632,CH1,POWER,3.70
1765727200637,CH1,POWER,3.70
1765727200641,CH1,POWER,3.70
1765727200646,CH1,POWER,3.70
1765727200651,CH1,POWER,3.70
1765727200657,CH1,POWER,3.70
1765727200662,CH1,POWER,3.70
1765727200667,CH1,POWER,3.70
1765727200671,CH1,POWER,3.70
1765727200676,CH1,POWER,3.70
1765727200681,CH1,POWER,3.70
1765727200686,CH1,POWER,3.70
1765727200690,CH1,POWER,3.70
1765727200697,CH1,POWER,3.70
1765727200702,CH1,POWER,3.70
1765727200707,CH1,POWER,3.70
1765727200711,CH1,POWER,3.70
1765727200716,CH1,POWER,3.70
1765727200721,CH1,POWER,3.70
1765727200727,CH1,POWER,3.70
1765727200732,CH1,POWER,3.70
1765727200737,CH1,POWER,3.70
1765727200742,CH1,POWER,3.70
1765727200747,CH1,POWER,3.70
1765727200752,CH1,POWER,3.70
1765727200757,CH1,POWER,3.70
1765727200761,CH1,POWER,3.70
1765727200767,CH1,POWER,3.70
1765727200771,CH1,POWER,3.70
1765727200777,CH1,POWER,3.70
1765727200782,CH1,POWER,3.70
1765727200787,CH1,POWER,3.70
1765727200790,CH1,POWER,3.65
1765727200816,CH1,POWER,3.65
1765727200821,CH1,POWER,3.65
1765727200826,CH1,POWER,3.65
1765727200831,CH1,POWER,3.65
1765727200836,CH1,POWER,3.65
1765727200840,CH1,POWER,3.65
1765727200847,CH1,POWER,3.65
1765727200852,CH1,POWER,3.65
1765727200859,CH1,POWER,3.65
1765727200864,CH1,POWER,3.65
1765727200869,CH1,POWER,3.65
1765727200873,CH1,POWER,3.65
1765727200879,CH1,POWER,3.65
1765727200884,CH1,POWER,3.65
1765727200889,CH1,POWER,3.65
1765727200894,CH1,POWER,3.65
1765727200899,CH1,POWER,3.65
1765727200904,CH1,POWER,3.65
1765727200909,CH1,POWER,3.65
1765727200913,CH1,POWER,3.65
1765727200919,CH1,POWER,3.65
1765727200924,CH1,POWER,3.65
1765727200929,CH1,POWER,3.65
1765727200934,CH1,POWER,3.65
1765727200939,CH1,POWER,3.65
1765727200943,CH1,POWER,3.65
1765727200948,CH1,POWER,3.65
1765727200952,CH1,POWER,3.65
1765727200959,CH1,POWER,3.65
1765727200964,CH1,POWER,3.65
1765727200969,CH1,POWER,3.65
1765727200974,CH1,POWER,3.65
1765727200979,CH1,POWER,3.65
1765727200984,CH1,POWER,3.65
1765727200989,CH1,POWER,3.65
1765727200993,CH1,POWER,3.65
1765727200998,CH1,POWER,3.65
1765727201003,CH1,POWER,3.65
1765727201009,CH1,POWER,3.65
1765727201013,CH1,POWER,3.65
1765727201019,CH1,POWER,3.65
1765727201023,CH1,POWER,3.65
1765727201029,CH1,POWER,3.65
1765727201033,CH1,POWER,3.65
1765727201039,CH1,POWER,3.65
1765727201044,CH1,POWER,3.65
1765727201049,CH1,POWER,3.65
1765727201054,CH1,POWER,3.65
1765727201059,CH1,POWER,3.65
1765727201063,CH1,POWER,3.65
1765727201069,CH1,POWER,3.65
1765727201075,CH1,POWER,3.65
1765727201080,CH1,POWER,3.65
1765727201086,CH1,POWER,3.65
1765727201090,CH1,POWER,3.65
1765727201094,CH1,POWER,3.65
1765727201099,CH1,POWER,3.65
1765727201104,CH1,POWER,3.65
1765727201109,CH1,POWER,3.65
1765727201114,CH1,POWER,3.65
1765727201119,CH1,POWER,3.65
1765727201123,CH1,POWER,3.65
1765727201128,CH1,POWER,3.65
1765727201134,CH1,POWER,3.65
1765727201139,CH1,POWER,3.65
1765727201144,CH1,POWER,3.65
1765727201149,CH1,POWER,3.65
1765727201154,CH1,POWER,3.65
1765727201159,CH1,POWER,3.65
1765727201167,CH1,POWER,3.65
1765727201171,CH1,POWER,3.65
1765727201198,CH1,POWER,3.75
1765727201204,CH1,POWER,3.75
1765727201211,CH1,POWER,3.75
1765727201216,CH1,POWER,3.75
1765727201221,CH1,POWER,3.75
1765727201225,CH1,POWER,3.75
1765727201230,CH1,POWER,3.75
1765727201234,CH1,POWER,3.75
1765727201241,CH1,POWER,3.75
1765727201249,CH1,POWER,3.75
1765727201254,CH1,POWER,3.75
1765727201260,CH1,POWER,3.75
1765727201265,CH1,POWER,3.75
1765727201271,CH1,POWER,3.75
1765727201276,CH1,POWER,3.75
1765727201281,CH1,POWER,3.75
1765727201289,CH1,POWER,3.75
1765727201293,CH1,POWER,3.75
1765727201298,CH1,POWER,3.75
1765727201304,CH1,POWER,3.75
1765727201310,CH1,POWER,3.75
1765727201314,CH1,POWER,3.75
1765727201318,CH1,POWER,3.75
1765727201322,CH1,POWER,3.75
1765727201326,CH1,POWER,3.75
1765727201331,CH1,POWER,3.75
1765727201336,CH1,POWER,3.75
1765727201341,CH1,POWER,3.75
1765727201349,CH1,POWER,3.75
1765727201354,CH1,POWER,3.75
1765727201360,CH1,POWER,3.75
1765727201365,CH1,POWER,3.75
1765727201371,CH1,POWER,3.75
1765727201376,CH1,POWER,3.75
1765727201381,CH1,POWER,3.75
1765727201389,CH1,POWER,3.75
1765727201394,CH1,POWER,3.75
1765727201401,CH1,POWER,3.75
1765727201409,CH1,POWER,3.75
1765727201414,CH1,POWER,3.75
1765727201421,CH1,POWER,3.75
1765727201426,CH1,POWER,3.75
1765727201431,CH1,POWER,3.75
1765727201436,CH1,POWER,3.75
1765727201441,CH1,POWER,3.75
1765727201445,CH1,POWER,3.75
1765727201450,CH1,POWER,3.75
1765727201456,CH1,POWER,3.75
1765727201461,CH1,POWER,3.75
1765727201466,CH1,POWER,3.75
1765727201471,CH1,POWER,3.75
1765727201475,CH1,POWER,3.75
1765727201480,CH1,POWER,3.75
1765727201485,CH1,POWER,3.75
1765727201491,CH1,POWER,3.75
1765727201495,CH1,POWER,3.75
1765727201501,CH1,POWER,3.75
1765727201505,CH1,POWER,3.75
1765727201511,CH1,POWER,3.75
1765727201519,CH1,POWER,3.75
1765727201525,CH1,POWER,3.75
1765727201530,CH1,POWER,3.75
1765727201535,CH1,POWER,3.75
1765727201541,CH1,POWER,3.75
1765727201545,CH1,POWER,3.75
1765727201550,CH1,POWER,3.75
1765727201554,CH1,POWER,3.75
1765727201559,CH1,POWER,3.75
1765727201562,CH1,POWER,3.70
1765727201564,CH1,POWER,3.70
1765727201592,CH1,POWER,3.70
1765727201597,CH1,POWER,3.70
1765727201602,CH1,POWER,3.70
1765727201608,CH1,POWER,3.70
1765727201613,CH1,POWER,3.70
1765727201618,CH1,POWER,3.70
1765727201623,CH1,POWER,3.70
1765727201628,CH1,POWER,3.70
1765727201633,CH1,POWER,3.70
1765727201638,CH1,POWER,3.70
1765727201643,CH1,POWER,3.70
1765727201651,CH1,POWER,3.70
1765727201655,CH1,POWER,3.70
1765727201660,CH1,POWER,3.70
1765727201664,CH1,POWER,3.70
1765727201668,CH1,POWER,3.70
1765727201673,CH1,POWER,3.70
1765727201681,CH1,POWER,3.70
1765727201686,CH1,POWER,3.70
1765727201690,CH1,POWER,3.70
1765727201696,CH1,POWER,3.70
1765727201700,CH1,POWER,3.70
1765727201704,CH1,POWER,3.70
1765727201711,CH1,POWER,3.70
1765727201716,CH1,POWER,3.70
1765727201723,CH1,POWER,3.70
1765727201731,CH1,POWER,3.70
1765727201737,CH1,POWER,3.70
1765727201743,CH1,POWER,3.70
1765727201748,CH1,POWER,3.70
1765727201753,CH1,POWER,3.70
1765727201758,CH1,POWER,3.70
1765727201763,CH1,POWER,3.70
1765727201767,CH1,POWER,3.70
1765727201773,CH1,POWER,3.70
1765727201777,CH1,POWER,3.70
1765727201782,CH1,POWER,3.70
1765727201786,CH1,POWER,3.70
1765727201792,CH1,POWER,3.70
1765727201796,CH1,POWER,3.70
1765727201800,CH1,POWER,3.70
1765727201805,CH1,POWER,3.70
1765727201810,CH1,POWER,3.70
1765727201814,CH1,POWER,3.70
1765727201821,CH1,POWER,3.70
1765727201826,CH1,POWER,3.70
1765727201833,CH1,POWER,3.70
1765727201838,CH1,POWER,3.70
1765727201843,CH1,POWER,3.70
1765727201848,CH1,POWER,3.70
1765727201853,CH1,POWER,3.70
1765727201857,CH1,POWER,3.70
1765727201863,CH1,POWER,3.70
1765727201868,CH1,POWER,3.70
1765727201873,CH1,POWER,3.70
1765727201881,CH1,POWER,3.70
1765727201886,CH1,POWER,3.70
1765727201893,CH1,POWER,3.70
1765727201901,CH1,POWER,3.70
1765727201907,CH1,POWER,3.70
1765727201912,CH1,POWER,3.70
1765727201917,CH1,POWER,3.70
1765727201923,CH1,POWER,3.70
1765727201927,CH1,POWER,3.70
1765727201932,CH1,POWER,3.70
1765727201937,CH1,POWER,3.70
1765727201943,CH1,POWER,3.70
1765727201948,CH1,POWER,3.70
1765727201953,CH1,POWER,3.70
1765727201956,CH1,POWER,3.65
1765727201982,CH1,POWER,3.65
1765727201987,CH1,POWER,3.65
1765727201993,CH1,POWER,3.65
1765727201999,CH1,POWER,3.65
1765727202004,CH1,POWER,3.65
1765727202009,CH1,POWER,3.65
1765727202014,CH1,POWER,3.65
1765727202020,CH1,POWER,3.65
1765727202025,CH1,POWER,3.65
1765727202030,CH1,POWER,3.65
1765727202035,CH1,POWER,3.65
1765727202043,CH1,POWER,3.65
1765727202048,CH1,POWER,3.65
1765727202055,CH1,POWER,3.65
1765727202060,CH1,POWER,3.65
1765727202065,CH1,POWER,3.65
1765727202070,CH1,POWER,3.65
1765727202075,CH1,POWER,3.65
1765727202080,CH1,POWER,3.65
1765727202085,CH1,POWER,3.65
1765727202089,CH1,POWER,3.65
1765727202095,CH1,POWER,3.65
1765727202103,CH1,POWER,3.65
1765727202107,CH1,POWER,3.65
1765727202112,CH1,POWER,3.65
1765727202116,CH1,POWER,3.65
1765727202123,CH1,POWER,3.65
1765727202128,CH1,POWER,3.65
1765727202135,CH1,POWER,3.65
1765727202139,CH1,POWER,3.65
1765727202144,CH1,POWER,3.65
1765727202149,CH1,POWER,3.65
1765727202155,CH1,POWER,3.65
1765727202159,CH1,POWER,3.65
1765727202165,CH1,POWER,3.65
1765727202173,CH1,POWER,3.65
1765727202178,CH1,POWER,3.65
1765727202182,CH1,POWER,3.65
1765727202187,CH1,POWER,3.65
1765727202192,CH1,POWER,3.65
1765727202197,CH1,POWER,3.65
1765727202202,CH1,POWER,3.65
1765727202206,CH1,POWER,3.65
1765727202213,CH1,POWER,3.65
1765727202219,CH1,POWER,3.65
1765727202225,CH1,POWER,3.65
1765727202230,CH1,POWER,3.65
1765727202235,CH1,POWER,3.65
1765727202240,CH1,POWER,3.65
1765727202245,CH1,POWER,3.65
1765727202250,CH1,POWER,3.65
1765727202255,CH1,POWER,3.65
1765727202259,CH1,POWER,3.65
1765727202263,CH1,POWER,3.65
1765727202268,CH1,POWER,3.65
1765727202272,CH1,POWER,3.65
1765727202276,CH1,POWER,3.65
1765727202283,CH1,POWER,3.65
1765727202288,CH1,POWER,3.65
1765727202295,CH1,POWER,3.65
1765727202303,CH1,POWER,3.65
1765727202308,CH1,POWER,3.65
1765727202315,CH1,POWER,3.65
1765727202320,CH1,POWER,3.65
1765727202325,CH1,POWER,3.65
1765727202330,CH1,POWER,3.65
1765727202335,CH1,POWER,3.65
1765727202340,CH1,POWER,3.65
1765727202345,CH1,POWER,3.65
1765727202347,CH1,POWER,3.80
1765727202374,CH1,POWER,3.80
1765727202379,CH1,POWER,3.80
1765727202384,CH1,POWER,3.80
1765727202389,CH1,POWER,3.80
1765727202394,CH1,POWER,3.80
1765727202399,CH1,POWER,3.80
1765727202407,CH1,POWER,3.80
1765727202415,CH1,POWER,3.80
1765727202419,CH1,POWER,3.80
1765727202424,CH1,POWER,3.80
1765727202429,CH1,POWER,3.80
1765727202434,CH1,POWER,3.80
1765727202439,CH1,POWER,3.80
1765727202445,CH1,POWER,3.80
1765727202450,CH1,POWER,3.80
1765727202456,CH1,POWER,3.80
1765727202462,CH1,POWER,3.80
1765727202467,CH1,POWER,3.80
1765727202475,CH1,POWER,3.80
1765727202480,CH1,POWER,3.80
1765727202487,CH1,POWER,3.80
1765727202492,CH1,POWER,3.80
1765727202497,CH1,POWER,3.80
1765727202502,CH1,POWER,3.80
1765727202507,CH1,POWER,3.80
1765727202512,CH1,POWER,3.80
1765727202517,CH1,POWER,3.80
1765727202524,CH1,POWER,3.80
1765727202529,CH1,POWER,3.80
1765727202534,CH1,POWER,3.80
1765727202539,CH1,POWER,3.80
1765727202547,CH1,POWER,3.80
1765727202552,CH1,POWER,3.80
1765727202557,CH1,POWER,3.80
1765727202562,CH1,POWER,3.80
1765727202567,CH1,POWER,3.80
1765727202575,CH1,POWER,3.80
1765727202580,CH1,POWER,3.80
1765727202586,CH1,POWER,3.80
1765727202591,CH1,POWER,3.80
1765727202596,CH1,POWER,3.80
1765727202601,CH1,POWER,3.80
1765727202607,CH1,POWER,3.80
1765727202611,CH1,POWER,3.80
1765727202616,CH1,POWER,3.80
1765727202622,CH1,POWER,3.80
1765727202627,CH1,POWER,3.80
1765727202635,CH1,POWER,3.80
1765727202640,CH1,POWER,3.80
1765727202646,CH1,POWER,3.80
1765727202651,CH1,POWER,3.80
1765727202656,CH1,POWER,3.80
1765727202661,CH1,POWER,3.80
1765727202666,CH1,POWER,3.80
1765727202671,CH1,POWER,3.80
1765727202677,CH1,POWER,3.80
1765727202685,CH1,POWER,3.80
1765727202691,CH1,POWER,3.80
1765727202696,CH1,POWER,3.80
1765727202701,CH1,POWER,3.80
1765727202706,CH1,POWER,3.80
1765727202710,CH1,POWER,3.80
1765727202714,CH1,POWER,3.80
1765727202720,CH1,POWER,3.80
1765727202727,CH1,POWER,3.80
1765727202731,CH1,POWER,3.30
1765727202759,CH1,POWER,3.30
1765727202764,CH1,POWER,3.30
1765727202769,CH1,POWER,3.30
1765727202777,CH1,POWER,3.30
1765727202782,CH1,POWER,3.30
1765727202788,CH1,POWER,3.30
1765727202793,CH1,POWER,3.30
1765727202798,CH1,POWER,3.30
1765727202803,CH1,POWER,3.30
1765727202809,CH1,POWER,3.30
1765727202814,CH1,POWER,3.30
1765727202819,CH1,POWER,3.30
1765727202827,CH1,POWER,3.30
1765727202832,CH1,POWER,3.30
1765727202839,CH1,POWER,3.30
1765727202847,CH1,POWER,3.30
1765727202852,CH1,POWER,3.30
1765727202859,CH1,POWER,3.30
1765727202867,CH1,POWER,3.30
1765727202872,CH1,POWER,3.30
1765727202879,CH1,POWER,3.30
1765727202887,CH1,POWER,3.30
1765727202892,CH1,POWER,3.30
1765727202899,CH1,POWER,3.30
1765727202904,CH1,POWER,3.30
1765727202909,CH1,POWER,3.30
1765727202914,CH1,POWER,3.30
1765727202919,CH1,POWER,3.30
1765727202927,CH1,POWER,3.30
1765727202932,CH1,POWER,3.30
1765727202939,CH1,POWER,3.30
1765727202944,CH1,POWER,3.30
1765727202949,CH1,POWER,3.30
1765727202954,CH1,POWER,3.30
1765727202959,CH1,POWER,3.30
1765727202964,CH1,POWER,3.30
1765727202969,CH1,POWER,3.30
1765727202977,CH1,POWER,3.30
1765727202982,CH1,POWER,3.30
1765727202987,CH1,POWER,3.30
1765727202992,CH1,POWER,3.30
1765727202999,CH1,POWER,3.30
1765727203004,CH1,POWER,3.30
1765727203009,CH1,POWER,3.30
1765727203016,CH1,POWER,3.30
1765727203021,CH1,POWER,3.30
1765727203026,CH1,POWER,3.30
1765727203031,CH1,POWER,3.30
1765727203036,CH1,POWER,3.30
1765727203040,CH1,POWER,3.30
1765727203047,CH1,POWER,3.30
1765727203052,CH1,POWER,3.30
1765727203058,CH1,POWER,3.30
1765727203063,CH1,POWER,3.30
1765727203068,CH1,POWER,3.30
1765727203074,CH1,POWER,3.30
1765727203079,CH1,POWER,3.30
1765727203087,CH1,POWER,3.30
1765727203092,CH1,POWER,3.30
1765727203098,CH1,POWER,3.30
1765727203103,CH1,POWER,3.30
1765727203108,CH1,POWER,3.30
1765727203113,CH1,POWER,3.30
1765727203141,CH1,POWER,3.65
1765727203146,CH1,POWER,3.65
1765727203151,CH1,POWER,3.65
1765727203159,CH1,POWER,3.65
1765727203164,CH1,POWER,3.65
1765727203170,CH1,POWER,3.65
1765727203175,CH1,POWER,3.65
1765727203181,CH1,POWER,3.65
1765727203186,CH1,POWER,3.65
1765727203191,CH1,POWER,3.65
1765727203196,CH1,POWER,3.65
1765727203201,CH1,POWER,3.65
1765727203206,CH1,POWER,3.65
1765727203211,CH1,POWER,3.65
1765727203219,CH1,POWER,3.65
1765727203224,CH1,POWER,3.65
1765727203230,CH1,POWER,3.65
1765727203235,CH1,POWER,3.65
1765727203241,CH1,POWER,3.65
1765727203249,CH1,POWER,3.65
1765727203254,CH1,POWER,3.65
1765727203261,CH1,POWER,3.65
1765727203266,CH1,POWER,3.65
1765727203271,CH1,POWER,3.65
1765727203275,CH1,POWER,3.65
1765727203280,CH1,POWER,3.65
1765727203284,CH1,POWER,3.65
1765727203291,CH1,POWER,3.65
1765727203296,CH1,POWER,3.65
1765727203301,CH1,POWER,3.65
1765727203305,CH1,POWER,3.65
1765727203311,CH1,POWER,3.65
1765727203316,CH1,POWER,3.65
1765727203320,CH1,POWER,3.65
1765727203325,CH1,POWER,3.65
1765727203330,CH1,POWER,3.65
1765727203335,CH1,POWER,3.65
1765727203340,CH1,POWER,3.65
1765727203344,CH1,POWER,3.65
1765727203351,CH1,POWER,3.65
1765727203356,CH1,POWER,3.65
1765727203361,CH1,POWER,3.65
1765727203366,CH1,POWER,3.65
1765727203371,CH1,POWER,3.65
1765727203376,CH1,POWER,3.65
1765727203381,CH1,POWER,3.65
1765727203385,CH1,POWER,3.65
1765727203390,CH1,POWER,3.65
1765727203395,CH1,POWER,3.65
1765727203400,CH1,POWER,3.65
1765727203406,CH1,POWER,3.65
1765727203411,CH1,POWER,3.65
1765727203416,CH1,POWER,3.65
1765727203421,CH1,POWER,3.65
1765727203425,CH1,POWER,3.65
1765727203431,CH1,POWER,3.65
1765727203435,CH1,POWER,3.65
1765727203439,CH1,POWER,3.65
1765727203444,CH1,POWER,3.65
1765727203450,CH1,POWER,3.65
1765727203455,CH1,POWER,3.65
1765727203460,CH1,POWER,3.65
1765727203466,CH1,POWER,3.65
1765727203471,CH1,POWER,3.65
1765727203476,CH1,POWER,3.65
1765727203481,CH1,POWER,3.65
1765727203486,CH1,POWER,3.65
1765727203491,CH1,POWER,3.65
1765727203495,CH1,POWER,3.65
1765727203499,CH1,POWER,3.65
1765727203501,CH1,POWER,3.70
1765727203504,CH1,POWER,3.70
1765727203532,CH1,POWER,3.70
1765727203537,CH1,POWER,3.70
1765727203542,CH1,POWER,3.70
1765727203548,CH1,POWER,3.70
1765727203552,CH1,POWER,3.70
1765727203557,CH1,POWER,3.70
1765727203562,CH1,POWER,3.70
1765727203567,CH1,POWER,3.70
1765727203572,CH1,POWER,3.70
1765727203577,CH1,POWER,3.70
1765727203582,CH1,POWER,3.70
1765727203587,CH1,POWER,3.70
1765727203592,CH1,POWER,3.70
1765727203598,CH1,POWER,3.70
1765727203603,CH1,POWER,3.70
1765727203610,CH1,POWER,3.70
1765727203615,CH1,POWER,3.70
1765727203620,CH1,POWER,3.70
1765727203624,CH1,POWER,3.70
1765727203631,CH1,POWER,3.70
1765727203637,CH1,POWER,3.70
1765727203643,CH1,POWER,3.70
1765727203650,CH1,POWER,3.70
1765727203655,CH1,POWER,3.70
1765727203663,CH1,POWER,3.70
1765727203668,CH1,POWER,3.70
1765727203673,CH1,POWER,3.70
1765727203678,CH1,POWER,3.70
1765727203683,CH1,POWER,3.70
1765727203688,CH1,POWER,3.70
1765727203692,CH1,POWER,3.70
1765727203697,CH1,POWER,3.70
1765727203702,CH1,POWER,3.70
1765727203707,CH1,POWER,3.70
1765727203712,CH1,POWER,3.70
1765727203716,CH1,POWER,3.70
1765727203722,CH1,POWER,3.70
1765727203727,CH1,POWER,3.70
1765727203732,CH1,POWER,3.70
1765727203737,CH1,POWER,3.70
1765727203743,CH1,POWER,3.70
1765727203748,CH1,POWER,3.70
1765727203753,CH1,POWER,3.70
1765727203758,CH1,POWER,3.70
1765727203763,CH1,POWER,3.70
1765727203768,CH1,POWER,3.70
1765727203772,CH1,POWER,3.70
1765727203777,CH1,POWER,3.70
1765727203782,CH1,POWER,3.70
1765727203786,CH1,POWER,3.70
1765727203793,CH1,POWER,3.70
1765727203798,CH1,POWER,3.70
1765727203803,CH1,POWER,3.70
1765727203807,CH1,POWER,3.70
1765727203811,CH1,POWER,3.70
1765727203816,CH1,POWER,3.70
1765727203822,CH1,POWER,3.70
1765727203827,CH1,POWER,3.70
1765727203832,CH1,POWER,3.70
1765727203838,CH1,POWER,3.70
1765727203843,CH1,POWER,3.70
1765727203848,CH1,POWER,3.70
1765727203853,CH1,POWER,3.70
1765727203858,CH1,POWER,3.70
1765727203862,CH1,POWER,3.70
1765727203867,CH1,POWER,3.70
1765727203872,CH1,POWER,3.70
1765727203877,CH1,POWER,3.70
1765727203882,CH1,POWER,3.70
1765727203887,CH1,POWER,3.70
1765727203892,CH1,POWER,3.70
1765727203895,CH1,POWER,3.75
1765727203922,CH1,POWER,3.75
1765727203927,CH1,POWER,3.75
1765727203932,CH1,POWER,3.75
1765727203938,CH1,POWER,3.75
1765727203945,CH1,POWER,3.75
1765727203948,CH1,POWER,3.75
1765727203955,CH1,POWER,3.75
1765727203961,CH1,POWER,3.75
1765727203966,CH1,POWER,3.75
1765727203970,CH1,POWER,3.75
1765727203975,CH1,POWER,3.75
1765727203980,CH1,POWER,3.75
1765727203985,CH1,POWER,3.75
1765727203989,CH1,POWER,3.75
1765727203995,CH1,POWER,3.75
1765727203998,CH1,POWER,3.75
1765727204005,CH1,POWER,3.75
1765727204010,CH1,POWER,3.75
1765727204015,CH1,POWER,3.75
1765727204020,CH1,POWER,3.75
1765727204025,CH1,POWER,3.75
1765727204030,CH1,POWER,3.75
1765727204034,CH1,POWER,3.75
1765727204038,CH1,POWER,3.75
1765727204045,CH1,POWER,3.75
1765727204050,CH1,POWER,3.75
1765727204054,CH1,POWER,3.75
1765727204059,CH1,POWER,3.75
1765727204064,CH1,POWER,3.75
1765727204069,CH1,POWER,3.75
1765727204075,CH1,POWER,3.75
1765727204080,CH1,POWER,3.75
1765727204084,CH1,POWER,3.75
1765727204089,CH1,POWER,3.75
1765727204093,CH1,POWER,3.75
1765727204098,CH1,POWER,3.75
1765727204105,CH1,POWER,3.75
1765727204110,CH1,POWER,3.75
1765727204114,CH1,POWER,3.75
1765727204118,CH1,POWER,3.75
1765727204125,CH1,POWER,3.75
1765727204128,CH1,POWER,3.75
1765727204135,CH1,POWER,3.75
1765727204143,CH1,POWER,3.75
1765727204148,CH1,POWER,3.75
1765727204155,CH1,POWER,3.75
1765727204160,CH1,POWER,3.75
1765727204164,CH1,POWER,3.75
1765727204168,CH1,POWER,3.75
1765727204174,CH1,POWER,3.75
1765727204178,CH1,POWER,3.75
1765727204184,CH1,POWER,3.75
1765727204189,CH1,POWER,3.75
1765727204195,CH1,POWER,3.75
1765727204200,CH1,POWER,3.75
1765727204205,CH1,POWER,3.75
1765727204210,CH1,POWER,3.75
1765727204215,CH1,POWER,3.75
1765727204220,CH1,POWER,3.75
1765727204224,CH1,POWER,3.75
1765727204229,CH1,POWER,3.75
1765727204234,CH1,POWER,3.75
1765727204238,CH1,POWER,3.75
1765727204245,CH1,POWER,3.75
1765727204250,CH1,POWER,3.75
1765727204254,CH1,POWER,3.75
1765727204259,CH1,POWER,3.75
1765727204263,CH1,POWER,3.75
1765727204268,CH1,POWER,3.75
1765727204274,CH1,POWER,3.75
1765727204279,CH1,POWER,3.75
1765727204283,CH1,POWER,3.75
1765727204288,CH1,POWER,3.75
1765727204314,CH1,POWER,3.70
1765727204319,CH1,POWER,3.70
1765727204323,CH1,POWER,3.70
1765727204328,CH1,POWER,3.70
1765727204335,CH1,POWER,3.70
1765727204339,CH1,POWER,3.70
1765727204346,CH1,POWER,3.70
1765727204351,CH1,POWER,3.70
1765727204355,CH1,POWER,3.70
1765727204360,CH1,POWER,3.70
1765727204366,CH1,POWER,3.70
1765727204370,CH1,POWER,3.70
1765727204377,CH1,POWER,3.70
1765727204382,CH1,POWER,3.70
1765727204386,CH1,POWER,3.70
1765727204390,CH1,POWER,3.70
1765727204397,CH1,POWER,3.70
1765727204402,CH1,POWER,3.70
1765727204406,CH1,POWER,3.70
1765727204410,CH1,POWER,3.70
1765727204417,CH1,POWER,3.70
1765727204422,CH1,POWER,3.70
1765727204427,CH1,POWER,3.70
1765727204435,CH1,POWER,3.70
1765727204440,CH1,POWER,3.70
1765727204447,CH1,POWER,3.70
1765727204452,CH1,POWER,3.70
1765727204457,CH1,POWER,3.70
1765727204462,CH1,POWER,3.70
1765727204467,CH1,POWER,3.70
1765727204472,CH1,POWER,3.70
1765727204476,CH1,POWER,3.70
1765727204481,CH1,POWER,3.70
1765727204485,CH1,POWER,3.70
1765727204490,CH1,POWER,3.70
1765727204497,CH1,POWER,3.70
1765727204505,CH1,POWER,3.70
1765727204510,CH1,POWER,3.70
1765727204517,CH1,POWER,3.70
1765727204525,CH1,POWER,3.70
1765727204530,CH1,POWER,3.70
1765727204537,CH1,POWER,3.70
1765727204542,CH1,POWER,3.70
1765727204547,CH1,POWER,3.70
1765727204552,CH1,POWER,3.70
1765727204556,CH1,POWER,3.70
1765727204561,CH1,POWER,3.70
1765727204566,CH1,POWER,3.70
1765727204572,CH1,POWER,3.70
1765727204577,CH1,POWER,3.70
1765727204582,CH1,POWER,3.70
1765727204586,CH1,POWER,3.70
1765727204591,CH1,POWER,3.70
1765727204595,CH1,POWER,3.70
1765727204600,CH1,POWER,3.70
1765727204605,CH1,POWER,3.70
1765727204609,CH1,POWER,3.70
1765727204616,CH1,POWER,3.70
1765727204621,CH1,POWER,3.70
1765727204625,CH1,POWER,3.70
1765727204630,CH1,POWER,3.70
1765727204635,CH1,POWER,3.70
1765727204639,CH1,POWER,3.70
1765727204646,CH1,POWER,3.70
1765727204651,CH1,POWER,3.70
1765727204655,CH1,POWER,3.70
1765727204659,CH1,POWER,3.70
1765727204667,CH1,POWER,3.70
1765727204672,CH1,POWER,3.70
1765727204674,CH1,POWER,3.60
1765727204677,CH1,POWER,3.60
1765727204680,CH1,POWER,3.60
1765727204706,CH1,POWER,3.60
1765727204711,CH1,POWER,3.60
1765727204716,CH1,POWER,3.60
1765727204720,CH1,POWER,3.60
1765727204726,CH1,POWER,3.60
1765727204733,CH1,POWER,3.60
1765727204738,CH1,POWER,3.60
1765727204744,CH1,POWER,3.60
1765727204748,CH1,POWER,3.60
1765727204754,CH1,POWER,3.60
1765727204759,CH1,POWER,3.60
1765727204764,CH1,POWER,3.60
1765727204769,CH1,POWER,3.60
1765727204774,CH1,POWER,3.60
1765727204778,CH1,POWER,3.60
1765727204784,CH1,POWER,3.60
1765727204789,CH1,POWER,3.60
1765727204794,CH1,POWER,3.60
1765727204798,CH1,POWER,3.60
1765727204803,CH1,POWER,3.60
1765727204808,CH1,POWER,3.60
1765727204816,CH1,POWER,3.60
1765727204821,CH1,POWER,3.60
1765727204826,CH1,POWER,3.60
1765727204830,CH1,POWER,3.60
1765727204836,CH1,POWER,3.60
1765727204842,CH1,POWER,3.60
1765727204848,CH1,POWER,3.60
1765727204852,CH1,POWER,3.60
1765727204859,CH1,POWER,3.60
1765727204864,CH1,POWER,3.60
1765727204869,CH1,POWER,3.60
1765727204874,CH1,POWER,3.60
1765727204879,CH1,POWER,3.60
1765727204884,CH1,POWER,3.60
1765727204888,CH1,POWER,3.60
1765727204893,CH1,POWER,3.60
1765727204897,CH1,POWER,3.60
1765727204904,CH1,POWER,3.60
1765727204909,CH1,POWER,3.60
1765727204914,CH1,POWER,3.60
1765727204919,CH1,POWER,3.60
1765727204927,CH1,POWER,3.60
1765727204932,CH1,POWER,3.60
1765727204939,CH1,POWER,3.60
1765727204944,CH1,POWER,3.60
1765727204949,CH1,POWER,3.60
1765727204954,CH1,POWER,3.60
1765727204959,CH1,POWER,3.60
1765727204964,CH1,POWER,3.60
1765727204968,CH1,POWER,3.60
1765727204974,CH1,POWER,3.60
1765727204979,CH1,POWER,3.60
1765727204984,CH1,POWER,3.60
1765727204989,CH1,POWER,3.60
1765727204997,CH1,POWER,3.60
1765727205003,CH1,POWER,3.60
1765727205008,CH1,POWER,3.60
1765727205012,CH1,POWER,3.60
1765727205019,CH1,POWER,3.60
1765727205024,CH1,POWER,3.60
1765727205028,CH1,POWER,3.60
1765727205032,CH1,POWER,3.60
1765727205039,CH1,POWER,3.60
1765727205044,CH1,POWER,3.60
1765727205048,CH1,POWER,3.60
1765727205053,CH1,POWER,3.60
1765727205058,CH1,POWER,3.60
1765727205064,CH1,POWER,3.60
1765727205069,CH1,POWER,3.60
1765727205073,CH1,POWER,3.70
1765727205101,CH1,POWER,3.70
1765727205106,CH1,POWER,3.70
1765727205110,CH1,POWER,3.70
1765727205119,CH1,POWER,3.70
1765727205124,CH1,POWER,3.70
1765727205130,CH1,POWER,3.70
1765727205135,CH1,POWER,3.70
1765727205139,CH1,POWER,3.70
1765727205143,CH1,POWER,3.70
1765727205149,CH1,POWER,3.70
1765727205153,CH1,POWER,3.70
1765727205160,CH1,POWER,3.70
1765727205164,CH1,POWER,3.70
1765727205171,CH1,POWER,3.70
1765727205179,CH1,POWER,3.70
1765727205184,CH1,POWER,3.70
1765727205190,CH1,POWER,3.70
1765727205194,CH1,POWER,3.70
1765727205201,CH1,POWER,3.70
1765727205206,CH1,POWER,3.70
1765727205210,CH1,POWER,3.70
1765727205214,CH1,POWER,3.70
1765727205220,CH1,POWER,3.70
1765727205228,CH1,POWER,3.70
1765727205234,CH1,POWER,3.70
1765727205240,CH1,POWER,3.70
1765727205249,CH1,POWER,3.70
1765727205254,CH1,POWER,3.70
1765727205261,CH1,POWER,3.70
1765727205266,CH1,POWER,3.70
1765727205270,CH1,POWER,3.70
1765727205279,CH1,POWER,3.70
1765727205284,CH1,POWER,3.70
1765727205290,CH1,POWER,3.70
1765727205296,CH1,POWER,3.70
1765727205300,CH1,POWER,3.70
1765727205305,CH1,POWER,3.70
1765727205309,CH1,POWER,3.70
1765727205313,CH1,POWER,3.70
1765727205319,CH1,POWER,3.70
1765727205326,CH1,POWER,3.70
1765727205330,CH1,POWER,3.70
1765727205336,CH1,POWER,3.70
1765727205340,CH1,POWER,3.70
1765727205345,CH1,POWER,3.70
1765727205349,CH1,POWER,3.70
1765727205356,CH1,POWER,3.70
1765727205361,CH1,POWER,3.70
1765727205366,CH1,POWER,3.70
1765727205370,CH1,POWER,3.70
1765727205379,CH1,POWER,3.70
1765727205384,CH1,POWER,3.70
1765727205390,CH1,POWER,3.70
1765727205394,CH1,POWER,3.70
1765727205401,CH1,POWER,3.70
1765727205406,CH1,POWER,3.70
1765727205410,CH1,POWER,3.70
1765727205416,CH1,POWER,3.70
1765727205421,CH1,POWER,3.70
1765727205426,CH1,POWER,3.70
1765727205430,CH1,POWER,3.70
1765727205437,CH1,POWER,3.70
1765727205442,CH1,POWER,3.70
1765727205449,CH1,POWER,3.70
1765727205454,CH1,POWER,3.80
1765727205479,CH1,POWER,3.80
1765727205486,CH1,POWER,3.80
1765727205492,CH1,POWER,3.80
1765727205501,CH1,POWER,3.80
1765727205505,CH1,POWER,3.80
1765727205510,CH1,POWER,3.80
1765727205514,CH1,POWER,3.80
1765727205520,CH1,POWER,3.80
1765727205525,CH1,POWER,3.80
1765727205529,CH1,POWER,3.80
1765727205534,CH1,POWER,3.80
1765727205540,CH1,POWER,3.80
1765727205544,CH1,POWER,3.80
1765727205550,CH1,POWER,3.80
1765727205554,CH1,POWER,3.80
1765727205561,CH1,POWER,3.80
1765727205567,CH1,POWER,3.80
1765727205572,CH1,POWER,3.80
1765727205576,CH1,POWER,3.80
1765727205583,CH1,POWER,3.80
1765727205591,CH1,POWER,3.80
1765727205596,CH1,POWER,3.80
1765727205603,CH1,POWER,3.80
1765727205608,CH1,POWER,3.80
1765727205613,CH1,POWER,3.80
1765727205618,CH1,POWER,3.80
1765727205623,CH1,POWER,3.80
1765727205628,CH1,POWER,3.80
1765727205632,CH1,POWER,3.80
1765727205638,CH1,POWER,3.80
1765727205643,CH1,POWER,3.80
1765727205648,CH1,POWER,3.80
1765727205652,CH1,POWER,3.80
1765727205656,CH1,POWER,3.80
1765727205662,CH1,POWER,3.80
1765727205666,CH1,POWER,3.80
1765727205672,CH1,POWER,3.80
1765727205676,CH1,POWER,3.80
1765727205683,CH1,POWER,3.80
1765727205688,CH1,POWER,3.80
1765727205692,CH1,POWER,3.80
1765727205696,CH1,POWER,3.80
1765727205703,CH1,POWER,3.80
1765727205708,CH1,POWER,3.80
1765727205713,CH1,POWER,3.80
1765727205718,CH1,POWER,3.80
1765727205722,CH1,POWER,3.80
1765727205731,CH1,POWER,3.80
1765727205736,CH1,POWER,3.80
1765727205742,CH1,POWER,3.80
1765727205746,CH1,POWER,3.80
1765727205753,CH1,POWER,3.80
1765727205758,CH1,POWER,3.80
1765727205763,CH1,POWER,3.80
1765727205768,CH1,POWER,3.80
1765727205772,CH1,POWER,3.80
1765727205777,CH1,POWER,3.80
1765727205781,CH1,POWER,3.80
1765727205788,CH1,POWER,3.80
1765727205792,CH1,POWER,3.80
1765727205800,CH1,POWER,3.80
1765727205805,CH1,POWER,3.80
1765727205809,CH1,POWER,3.80
1765727205813,CH1,POWER,3.80
1765727205821,CH1,POWER,3.80
1765727205828,CH1,POWER,3.80
1765727205833,CH1,POWER,3.80
1765727205840,CH1,POWER,3.80
1765727205843,CH1,POWER,3.70
1765727205846,CH1,POWER,3.70
1765727205872,CH1,POWER,3.70
1765727205877,CH1,POWER,3.70
1765727205881,CH1,POWER,3.70
1765727205886,CH1,POWER,3.70
1765727205892,CH1,POWER,3.70
1765727205898,CH1,POWER,3.70
1765727205903,CH1,POWER,3.70
1765727205908,CH1,POWER,3.70
1765727205914,CH1,POWER,3.70
1765727205922,CH1,POWER,3.70
1765727205929,CH1,POWER,3.70
1765727205934,CH1,POWER,3.70
1765727205938,CH1,POWER,3.70
1765727205944,CH1,POWER,3.70
1765727205952,CH1,POWER,3.70
1765727205956,CH1,POWER,3.70
1765727205963,CH1,POWER,3.70
1765727205968,CH1,POWER,3.70
1765727205974,CH1,POWER,3.70
1765727205980,CH1,POWER,3.70
1765727205984,CH1,POWER,3.70
1765727205990,CH1,POWER,3.70
1765727205994,CH1,POWER,3.70
1765727206003,CH1,POWER,3.70
1765727206008,CH1,POWER,3.70
1765727206014,CH1,POWER,3.70
1765727206023,CH1,POWER,3.70
1765727206028,CH1,POWER,3.70
1765727206034,CH1,POWER,3.70
1765727206043,CH1,POWER,3.70
1765727206047,CH1,POWER,3.70
1765727206053,CH1,POWER,3.70
1765727206057,CH1,POWER,3.70
1765727206061,CH1,POWER,3.70
1765727206066,CH1,POWER,3.70
1765727206074,CH1,POWER,3.70
1765727206080,CH1,POWER,3.70
1765727206084,CH1,POWER,3.70
1765727206089,CH1,POWER,3.70
1765727206093,CH1,POWER,3.70
1765727206100,CH1,POWER,3.70
1765727206105,CH1,POWER,3.70
1765727206110,CH1,POWER,3.70
1765727206114,CH1,POWER,3.70
1765727206118,CH1,POWER,3.70
1765727206124,CH1,POWER,3.70
1765727206129,CH1,POWER,3.70
1765727206133,CH1,POWER,3.70
1765727206140,CH1,POWER,3.70
1765727206145,CH1,POWER,3.70
1765727206150,CH1,POWER,3.70
1765727206154,CH1,POWER,3.70
1765727206162,CH1,POWER,3.70
1765727206166,CH1,POWER,3.70
1765727206173,CH1,POWER,3.70
1765727206177,CH1,POWER,3.70
1765727206183,CH1,POWER,3.70
1765727206187,CH1,POWER,3.70
1765727206191,CH1,POWER,3.70
1765727206196,CH1,POWER,3.70
1765727206201,CH1,POWER,3.70
1765727206206,CH1,POWER,3.70
1765727206214,CH1,POWER,3.70
1765727206220,CH1,POWER,3.70
1765727206224,CH1,POWER,3.70
1765727206232,CH1,POWER,3.70
1765727206236,CH1,POWER,3.70
1765727206238,CH1,POWER,3.70
1765727206266,CH1,POWER,3.70
1765727206270,CH1,POWER,3.70
1765727206275,CH1,POWER,3.70
1765727206280,CH1,POWER,3.70
1765727206286,CH1,POWER,3.70
1765727206292,CH1,POWER,3.70
1765727206296,CH1,POWER,3.70
1765727206302,CH1,POWER,3.70
1765727206306,CH1,POWER,3.70
1765727206311,CH1,POWER,3.70
1765727206315,CH1,POWER,3.70
1765727206322,CH1,POWER,3.70
1765727206326,CH1,POWER,3.70
1765727206334,CH1,POWER,3.70
1765727206340,CH1,POWER,3.70
1765727206345,CH1,POWER,3.70
1765727206349,CH1,POWER,3.70
1765727206353,CH1,POWER,3.70
1765727206357,CH1,POWER,3.70
1765727206364,CH1,POWER,3.70
1765727206368,CH1,POWER,3.70
1765727206374,CH1,POWER,3.70
1765727206378,CH1,POWER,3.70
1765727206384,CH1,POWER,3.70
1765727206390,CH1,POWER,3.70
1765727206397,CH1,POWER,3.70
1765727206402,CH1,POWER,3.70
1765727206407,CH1,POWER,3.70
1765727206412,CH1,POWER,3.70
1765727206416,CH1,POWER,3.70
1765727206424,CH1,POWER,3.70
1765727206429,CH1,POWER,3.70
1765727206436,CH1,POWER,3.70
1765727206440,CH1,POWER,3.70
1765727206446,CH1,POWER,3.70
1765727206452,CH1,POWER,3.70
1765727206456,CH1,POWER,3.70
1765727206462,CH1,POWER,3.70
1765727206466,CH1,POWER,3.70
1765727206470,CH1,POWER,3.70
1765727206475,CH1,POWER,3.70
1765727206479,CH1,POWER,3.70
1765727206486,CH1,POWER,3.70
1765727206495,CH1,POWER,3.70
1765727206499,CH1,POWER,3.70
1765727206506,CH1,POWER,3.70
1765727206510,CH1,POWER,3.70
1765727206516,CH1,POWER,3.70
1765727206520,CH1,POWER,3.70
1765727206526,CH1,POWER,3.70
1765727206530,CH1,POWER,3.70
1765727206537,CH1,POWER,3.70
1765727206542,CH1,POWER,3.70
1765727206546,CH1,POWER,3.70
1765727206550,CH1,POWER,3.70
1765727206556,CH1,POWER,3.70
1765727206562,CH1,POWER,3.70
1765727206566,CH1,POWER,3.70
1765727206570,CH1,POWER,3.70
1765727206576,CH1,POWER,3.70
1765727206580,CH1,POWER,3.70
1765727206586,CH1,POWER,3.70
1765727206590,CH1,POWER,3.70
1765727206596,CH1,POWER,3.70
1765727206602,CH1,POWER,3.70
1765727206606,CH1,POWER,3.70
1765727206612,CH1,POWER,3.70
1765727206616,CH1,POWER,3.70
1765727206624,CH1,POWER,3.70
1765727206628,CH1,POWER,3.70
1765727206655,CH1,POWER,3.80
1765727206660,CH1,POWER,3.80
1765727206665,CH1,POWER,3.80
1765727206669,CH1,POWER,3.80
1765727206676,CH1,POWER,3.80
1765727206682,CH1,POWER,3.80
1765727206688,CH1,POWER,3.80
1765727206694,CH1,POWER,3.80
1765727206698,CH1,POWER,3.80
1765727206704,CH1,POWER,3.80
1765727206708,CH1,POWER,3.80
1765727206712,CH1,POWER,3.80
1765727206717,CH1,POWER,3.80
1765727206722,CH1,POWER,3.80
1765727206728,CH1,POWER,3.80
1765727206732,CH1,POWER,3.80
1765727206738,CH1,POWER,3.80
1765727206746,CH1,POWER,3.80
1765727206751,CH1,POWER,3.80
1765727206757,CH1,POWER,3.80
1765727206762,CH1,POWER,3.80
1765727206767,CH1,POWER,3.80
1765727206772,CH1,POWER,3.80
1765727206778,CH1,POWER,3.80
1765727206783,CH1,POWER,3.80
1765727206787,CH1,POWER,3.80
1765727206792,CH1,POWER,3.80
1765727206798,CH1,POWER,3.80
1765727206804,CH1,POWER,3.80
1765727206808,CH1,POWER,3.80
1765727206814,CH1,POWER,3.80
1765727206818,CH1,POWER,3.80
1765727206822,CH1,POWER,3.80
1765727206828,CH1,POWER,3.80
1765727206834,CH1,POWER,3.80
1765727206838,CH1,POWER,3.80
1765727206842,CH1,POWER,3.80
1765727206848,CH1,POWER,3.80
1765727206852,CH1,POWER,3.80
1765727206858,CH1,POWER,3.80
1765727206862,CH1,POWER,3.80
1765727206867,CH1,POWER,3.80
1765727206871,CH1,POWER,3.80
1765727206877,CH1,POWER,3.80
1765727206882,CH1,POWER,3.80
1765727206888,CH1,POWER,3.80
1765727206892,CH1,POWER,3.80
1765727206898,CH1,POWER,3.80
1765727206904,CH1,POWER,3.80
1765727206908,CH1,POWER,3.80
1765727206912,CH1,POWER,3.80
1765727206917,CH1,POWER,3.80
1765727206922,CH1,POWER,3.80
1765727206928,CH1,POWER,3.80
1765727206934,CH1,POWER,3.80
1765727206938,CH1,POWER,3.80
1765727206942,CH1,POWER,3.80
1765727206947,CH1,POWER,3.80
1765727206952,CH1,POWER,3.80
1765727206958,CH1,POWER,3.80
1765727206964,CH1,POWER,3.80
1765727206968,CH1,POWER,3.80
1765727206973,CH1,POWER,3.80
1765727206977,CH1,POWER,3.80
1765727206984,CH1,POWER,3.80
1765727206988,CH1,POWER,3.80
1765727206994,CH1,POWER,3.80
1765727206998,CH1,POWER,3.80
1765727207002,CH1,POWER,3.80
1765727207008,CH1,POWER,3.80
1765727207012,CH1,POWER,3.80
1765727207018,CH1,POWER,3.80
1765727207021,CH1,POWER,3.60
1765727207047,CH1,POWER,3.60
1765727207053,CH1,POWER,3.60
1765727207057,CH1,POWER,3.60
1765727207061,CH1,POWER,3.60
1765727207066,CH1,POWER,3.60
1765727207070,CH1,POWER,3.60
1765727207074,CH1,POWER,3.60
1765727207080,CH1,POWER,3.60
1765727207084,CH1,POWER,3.60
1765727207090,CH1,POWER,3.60
1765727207095,CH1,POWER,3.60
1765727207099,CH1,POWER,3.60
1765727207106,CH1,POWER,3.60
1765727207110,CH1,POWER,3.60
1765727207118,CH1,POWER,3.60
1765727207123,CH1,POWER,3.60
1765727207127,CH1,POWER,3.60
1765727207131,CH1,POWER,3.60
1765727207136,CH1,POWER,3.60
1765727207140,CH1,POWER,3.60
1765727207148,CH1,POWER,3.60
1765727207153,CH1,POWER,3.60
1765727207160,CH1,POWER,3.60
1765727207168,CH1,POWER,3.60
1765727207174,CH1,POWER,3.60
1765727207181,CH1,POWER,3.60
1765727207186,CH1,POWER,3.60
1765727207191,CH1,POWER,3.60
1765727207196,CH1,POWER,3.60
1765727207200,CH1,POWER,3.60
1765727207206,CH1,POWER,3.60
1765727207210,CH1,POWER,3.60
1765727207216,CH1,POWER,3.60
1765727207220,CH1,POWER,3.60
1765727207226,CH1,POWER,3.60
1765727207230,CH1,POWER,3.60
1765727207234,CH1,POWER,3.60
1765727207240,CH1,POWER,3.60
1765727207244,CH1,POWER,3.60
1765727207250,CH1,POWER,3.60
1765727207256,CH1,POWER,3.60
1765727207260,CH1,POWER,3.60
1765727207264,CH1,POWER,3.60
1765727207270,CH1,POWER,3.60
1765727207276,CH1,POWER,3.60
1765727207280,CH1,POWER,3.60
1765727207286,CH1,POWER,3.60
1765727207290,CH1,POWER,3.60
1765727207298,CH1,POWER,3.60
1765727207304,CH1,POWER,3.60
1765727207309,CH1,POWER,3.60
1765727207314,CH1,POWER,3.60
1765727207319,CH1,POWER,3.60
1765727207323,CH1,POWER,3.60
1765727207327,CH1,POWER,3.60
1765727207331,CH1,POWER,3.60
1765727207338,CH1,POWER,3.60
1765727207344,CH1,POWER,3.60
1765727207349,CH1,POWER,3.60
1765727207353,CH1,POWER,3.60
1765727207360,CH1,POWER,3.60
1765727207369,CH1,POWER,3.60
1765727207373,CH1,POWER,3.60
1765727207377,CH1,POWER,3.60
1765727207382,CH1,POWER,3.60
1765727207390,CH1,POWER,3.60
1765727207396,CH1,POWER,3.60
1765727207400,CH1,POWER,3.60
1765727207404,CH1,POWER,3.60
1765727207410,CH1,POWER,3.60
1765727207414,CH1,POWER,3.60
1765727207441,CH1,POWER,3.60
1765727207446,CH1,POWER,3.60
1765727207451,CH1,POWER,3.60
1765727207456,CH1,POWER,3.60
1765727207462,CH1,POWER,3.60
1765727207468,CH1,POWER,3.60
1765727207472,CH1,POWER,3.60
1765727207478,CH1,POWER,3.60
1765727207482,CH1,POWER,3.60
1765727207488,CH1,POWER,3.60
1765727207492,CH1,POWER,3.60
1765727207496,CH1,POWER,3.60
1765727207502,CH1,POWER,3.60
1765727207508,CH1,POWER,3.60
1765727207512,CH1,POWER,3.60
1765727207516,CH1,POWER,3.60
1765727207522,CH1,POWER,3.60
1765727207526,CH1,POWER,3.60
1765727207532,CH1,POWER,3.60
1765727207538,CH1,POWER,3.60
1765727207543,CH1,POWER,3.60
1765727207550,CH1,POWER,3.60
1765727207554,CH1,POWER,3.60
1765727207559,CH1,POWER,3.60
1765727207564,CH1,POWER,3.60
1765727207570,CH1,POWER,3.60
1765727207574,CH1,POWER,3.60
1765727207580,CH1,POWER,3.60
1765727207584,CH1,POWER,3.60
1765727207589,CH1,POWER,3.60
1765727207595,CH1,POWER,3.60
1765727207599,CH1,POWER,3.60
1765727207603,CH1,POWER,3.60
1765727207608,CH1,POWER,3.60
1765727207612,CH1,POWER,3.60
1765727207618,CH1,POWER,3.60
1765727207622,CH1,POWER,3.60
1765727207626,CH1,POWER,3.60
1765727207631,CH1,POWER,3.60
1765727207635,CH1,POWER,3.60
1765727207639,CH1,POWER,3.60
1765727207644,CH1,POWER,3.60
1765727207652,CH1,POWER,3.60
1765727207658,CH1,POWER,3.60
1765727207662,CH1,POWER,3.60
1765727207670,CH1,POWER,3.60
1765727207675,CH1,POWER,3.60
1765727207679,CH1,POWER,3.60
1765727207684,CH1,POWER,3.60
1765727207689,CH1,POWER,3.60
1765727207694,CH1,POWER,3.60
1765727207700,CH1,POWER,3.60
1765727207704,CH1,POWER,3.60
1765727207709,CH1,POWER,3.60
1765727207713,CH1,POWER,3.60
1765727207718,CH1,POWER,3.60
1765727207722,CH1,POWER,3.60
1765727207726,CH1,POWER,3.60
1765727207732,CH1,POWER,3.60
1765727207738,CH1,POWER,3.60
1765727207742,CH1,POWER,3.60
1765727207748,CH1,POWER,3.60
1765727207752,CH1,POWER,3.60
1765727207756,CH1,POWER,3.60
1765727207762,CH1,POWER,3.60
1765727207768,CH1,POWER,3.60
1765727207772,CH1,POWER,3.60
1765727207778,CH1,POWER,3.60
1765727207782,CH1,POWER,3.60
1765727207786,CH1,POWER,3.60
1765727207791,CH1,POWER,3.60
1765727207798,CH1,POWER,3.60
1765727207801,CH1,POWER,3.75
1765727207804,CH1,POWER,3.75
1765727207806,CH1,POWER,3.75
1765727207834,CH1,POWER,3.75
1765727207840,CH1,POWER,3.75
1765727207844,CH1,POWER,3.75
1765727207848,CH1,POWER,3.75
1765727207854,CH1,POWER,3.75
1765727207860,CH1,POWER,3.75
1765727207864,CH1,POWER,3.75
1765727207870,CH1,POWER,3.75
1765727207874,CH1,POWER,3.75
1765727207878,CH1,POWER,3.75
1765727207883,CH1,POWER,3.75
1765727207887,CH1,POWER,3.75
1765727207891,CH1,POWER,3.75
1765727207895,CH1,POWER,3.75
1765727207900,CH1,POWER,3.75
1765727207904,CH1,POWER,3.75
1765727207908,CH1,POWER,3.75
1765727207914,CH1,POWER,3.75
1765727207920,CH1,POWER,3.75
1765727207924,CH1,POWER,3.75
1765727207928,CH1,POWER,3.75
1765727207933,CH1,POWER,3.75
1765727207940,CH1,POWER,3.75
1765727207944,CH1,POWER,3.75
1765727207950,CH1,POWER,3.75
1765727207954,CH1,POWER,3.75
1765727207958,CH1,POWER,3.75
1765727207964,CH1,POWER,3.75
1765727207970,CH1,POWER,3.75
1765727207974,CH1,POWER,3.75
1765727207978,CH1,POWER,3.75
1765727207984,CH1,POWER,3.75
1765727207990,CH1,POWER,3.75
1765727207994,CH1,POWER,3.75
1765727208000,CH1,POWER,3.75
1765727208004,CH1,POWER,3.75
1765727208008,CH1,POWER,3.75
1765727208014,CH1,POWER,3.75
1765727208018,CH1,POWER,3.75
1765727208024,CH1,POWER,3.75
1765727208028,CH1,POWER,3.75
1765727208033,CH1,POWER,3.75
1765727208038,CH1,POWER,3.75
1765727208044,CH1,POWER,3.75
1765727208050,CH1,POWER,3.75
1765727208054,CH1,POWER,3.75
1765727208060,CH1,POWER,3.75
1765727208064,CH1,POWER,3.75
1765727208068,CH1,POWER,3.75
1765727208074,CH1,POWER,3.75
1765727208080,CH1,POWER,3.75
1765727208084,CH1,POWER,3.75
1765727208088,CH1,POWER,3.75
1765727208094,CH1,POWER,3.75
1765727208100,CH1,POWER,3.75
1765727208104,CH1,POWER,3.75
1765727208110,CH1,POWER,3.75
1765727208114,CH1,POWER,3.75
1765727208118,CH1,POWER,3.75
1765727208123,CH1,POWER,3.75
1765727208127,CH1,POWER,3.75
1765727208131,CH1,POWER,3.75
1765727208135,CH1,POWER,3.75
1765727208139,CH1,POWER,3.75
1765727208144,CH1,POWER,3.75
1765727208148,CH1,POWER,3.75
1765727208154,CH1,POWER,3.75
1765727208160,CH1,POWER,3.75
1765727208164,CH1,POWER,3.75
1765727208168,CH1,POWER,3.75
1765727208174,CH1,POWER,3.75
1765727208180,CH1,POWER,3.75
1765727208184,CH1,POWER,3.75
1765727208190,CH1,POWER,3.75
1765727208194,CH1,POWER,3.75
1765727208198,CH1,POWER,3.75
1765727208202,CH1,POWER,3.30
1765727208205,CH1,POWER,3.30
1765727208207,CH1,POWER,3.30
1765727208233,CH1,POWER,3.30
1765727208238,CH1,POWER,3.30
1765727208243,CH1,POWER,3.30
1765727208247,CH1,POWER,3.30
1765727208252,CH1,POWER,3.30
1765727208256,CH1,POWER,3.30
1765727208260,CH1,POWER,3.30
1765727208265,CH1,POWER,3.30
1765727208269,CH1,POWER,3.30
1765727208273,CH1,POWER,3.30
1765727208277,CH1,POWER,3.30
1765727208284,CH1,POWER,3.30
1765727208288,CH1,POWER,3.30
1765727208293,CH1,POWER,3.30
1765727208297,CH1,POWER,3.30
1765727208302,CH1,POWER,3.30
1765727208306,CH1,POWER,3.30
1765727208310,CH1,POWER,3.30
1765727208316,CH1,POWER,3.30
1765727208322,CH1,POWER,3.30
1765727208326,CH1,POWER,3.30
1765727208330,CH1,POWER,3.30
1765727208336,CH1,POWER,3.30
1765727208342,CH1,POWER,3.30
1765727208346,CH1,POWER,3.30
1765727208350,CH1,POWER,3.30
1765727208356,CH1,POWER,3.30
1765727208360,CH1,POWER,3.30
1765727208366,CH1,POWER,3.30
1765727208372,CH1,POWER,3.30
1765727208376,CH1,POWER,3.30
1765727208380,CH1,POWER,3.30
1765727208386,CH1,POWER,3.30
1765727208392,CH1,POWER,3.30
1765727208396,CH1,POWER,3.30
1765727208402,CH1,POWER,3.30
1765727208406,CH1,POWER,3.30
1765727208412,CH1,POWER,3.30
1765727208416,CH1,POWER,3.30
1765727208420,CH1,POWER,3.30
1765727208425,CH1,POWER,3.30
1765727208430,CH1,POWER,3.30
1765727208436,CH1,POWER,3.30
1765727208442,CH1,POWER,3.30
1765727208446,CH1,POWER,3.30
1765727208452,CH1,POWER,3.30
1765727208456,CH1,POWER,3.30
1765727208460,CH1,POWER,3.30
1765727208466,CH1,POWER,3.30
1765727208472,CH1,POWER,3.30
1765727208476,CH1,POWER,3.30
1765727208480,CH1,POWER,3.30
1765727208486,CH1,POWER,3.30
1765727208492,CH1,POWER,3.30
1765727208496,CH1,POWER,3.30
1765727208502,CH1,POWER,3.30
1765727208506,CH1,POWER,3.30
1765727208512,CH1,POWER,3.30
1765727208516,CH1,POWER,3.30
1765727208520,CH1,POWER,3.30
1765727208525,CH1,POWER,3.30
1765727208529,CH1,POWER,3.30
1765727208536,CH1,POWER,3.30
1765727208542,CH1,POWER,3.30
1765727208546,CH1,POWER,3.30
1765727208552,CH1,POWER,3.30
1765727208556,CH1,POWER,3.30
1765727208562,CH1,POWER,3.30
1765727208566,CH1,POWER,3.30
1765727208570,CH1,POWER,3.30
1765727208576,CH1,POWER,3.30
1765727208580,CH1,POWER,3.30
1765727208586,CH1,POWER,3.30
1765727208590,CH1,POWER,3.30
1765727208596,CH1,POWER,3.30
1765727208600,CH1,POWER,3.30
1765727208628,CH1,POWER,3.55
1765727208634,CH1,POWER,3.55
1765727208638,CH1,POWER,3.55
1765727208642,CH1,POWER,3.55
1765727208648,CH1,POWER,3.55
1765727208654,CH1,POWER,3.55
1765727208658,CH1,POWER,3.55
1765727208664,CH1,POWER,3.55
1765727208668,CH1,POWER,3.55
1765727208672,CH1,POWER,3.55
1765727208677,CH1,POWER,3.55
1765727208681,CH1,POWER,3.55
1765727208685,CH1,POWER,3.55
1765727208689,CH1,POWER,3.55
1765727208694,CH1,POWER,3.55
1765727208698,CH1,POWER,3.55
1765727208702,CH1,POWER,3.55
1765727208708,CH1,POWER,3.55
1765727208714,CH1,POWER,3.55
1765727208718,CH1,POWER,3.55
1765727208724,CH1,POWER,3.55
1765727208728,CH1,POWER,3.55
1765727208734,CH1,POWER,3.55
1765727208738,CH1,POWER,3.55
1765727208742,CH1,POWER,3.55
1765727208748,CH1,POWER,3.55
1765727208752,CH1,POWER,3.55
1765727208758,CH1,POWER,3.55
1765727208764,CH1,POWER,3.55
1765727208768,CH1,POWER,3.55
1765727208772,CH1,POWER,3.55
1765727208778,CH1,POWER,3.55
1765727208784,CH1,POWER,3.55
1765727208788,CH1,POWER,3.55
1765727208792,CH1,POWER,3.55
1765727208798,CH1,POWER,3.55
1765727208804,CH1,POWER,3.55
1765727208808,CH1,POWER,3.55
1765727208814,CH1,POWER,3.55
1765727208818,CH1,POWER,3.55
1765727208824,CH1,POWER,3.55
1765727208828,CH1,POWER,3.55
1765727208832,CH1,POWER,3.55
1765727208838,CH1,POWER,3.55
1765727208842,CH1,POWER,3.55
1765727208847,CH1,POWER,3.55
1765727208852,CH1,POWER,3.55
1765727208857,CH1,POWER,3.55
1765727208864,CH1,POWER,3.55
1765727208868,CH1,POWER,3.55
1765727208872,CH1,POWER,3.55
1765727208878,CH1,POWER,3.55
1765727208882,CH1,POWER,3.55
1765727208887,CH1,POWER,3.55
1765727208892,CH1,POWER,3.55
1765727208898,CH1,POWER,3.55
1765727208904,CH1,POWER,3.55
1765727208908,CH1,POWER,3.55
1765727208912,CH1,POWER,3.55
1765727208917,CH1,POWER,3.55
1765727208922,CH1,POWER,3.55
1765727208928,CH1,POWER,3.55
1765727208934,CH1,POWER,3.55
1765727208938,CH1,POWER,3.55
1765727208942,CH1,POWER,3.55
1765727208948,CH1,POWER,3.55
1765727208954,CH1,POWER,3.55
1765727208958,CH1,POWER,3.55
1765727208964,CH1,POWER,3.55
1765727208968,CH1,POWER,3.55
1765727208972,CH1,POWER,3.55
1765727208977,CH1,POWER,3.55
1765727208981,CH1,POWER,3.55
1765727208987,CH1,POWER,3.55
1765727208991,CH1,POWER,3.55
1765727209017,CH1,POWER,3.55
1765727209022,CH1,POWER,3.55
1765727209027,CH1,POWER,3.55
1765727209031,CH1,POWER,3.55
1765727209036,CH1,POWER,3.55
1765727209040,CH1,POWER,3.55
1765727209044,CH1,POWER,3.55
1765727209050,CH1,POWER,3.55
1765727209056,CH1,POWER,3.55
1765727209060,CH1,POWER,3.55
1765727209064,CH1,POWER,3.55
1765727209069,CH1,POWER,3.55
1765727209073,CH1,POWER,3.55
1765727209080,CH1,POWER,3.55
1765727209084,CH1,POWER,3.55
1765727209089,CH1,POWER,3.55
1765727209093,CH1,POWER,3.55
1765727209097,CH1,POWER,3.55
1765727209102,CH1,POWER,3.55
1765727209108,CH1,POWER,3.55
1765727209113,CH1,POWER,3.55
1765727209120,CH1,POWER,3.55
1765727209124,CH1,POWER,3.55
1765727209129,CH1,POWER,3.55
1765727209133,CH1,POWER,3.55
1765727209137,CH1,POWER,3.55
1765727209142,CH1,POWER,3.55
1765727209148,CH1,POWER,3.55
1765727209153,CH1,POWER,3.55
1765727209157,CH1,POWER,3.55
1765727209161,CH1,POWER,3.55
1765727209166,CH1,POWER,3.55
1765727209170,CH1,POWER,3.55
1765727209174,CH1,POWER,3.55
1765727209180,CH1,POWER,3.55
1765727209186,CH1,POWER,3.55
1765727209190,CH1,POWER,3.55
1765727209194,CH1,POWER,3.55
1765727209200,CH1,POWER,3.55
1765727209206,CH1,POWER,3.55
1765727209210,CH1,POWER,3.55
1765727209216,CH1,POWER,3.55
1765727209220,CH1,POWER,3.55
1765727209224,CH1,POWER,3.55
1765727209230,CH1,POWER,3.55
1765727209234,CH1,POWER,3.55
1765727209239,CH1,POWER,3.55
1765727209243,CH1,POWER,3.55
1765727209247,CH1,POWER,3.55
1765727209251,CH1,POWER,3.55
1765727209256,CH1,POWER,3.55
1765727209260,CH1,POWER,3.55
1765727209265,CH1,POWER,3.55
1765727209270,CH1,POWER,3.55
1765727209274,CH1,POWER,3.55
1765727209279,CH1,POWER,3.55
1765727209283,CH1,POWER,3.55
1765727209290,CH1,POWER,3.55
1765727209296,CH1,POWER,3.55
1765727209300,CH1,POWER,3.55
1765727209306,CH1,POWER,3.55
1765727209310,CH1,POWER,3.55
1765727209318,CH1,POWER,3.55
1765727209322,CH1,POWER,3.55
1765727209328,CH1,POWER,3.55
1765727209332,CH1,POWER,3.55
1765727209337,CH1,POWER,3.55
1765727209341,CH1,POWER,3.55
1765727209346,CH1,POWER,3.55
1765727209350,CH1,POWER,3.55
1765727209354,CH1,POWER,3.55
1765727209360,CH1,POWER,3.55
1765727209364,CH1,POWER,3.55
1765727209369,CH1,POWER,3.55
1765727209373,CH1,POWER,3.55
1765727209377,CH1,POWER,3.55
1765727209381,CH1,POWER,3.55
1765727209386,CH1,POWER,3.55
1765727209390,CH1,POWER,3.55
1765727209393,CH1,POWER,3.60
1765727209419,CH1,POWER,3.60
1765727209424,CH1,POWER,3.60
1765727209429,CH1,POWER,3.60
1765727209434,CH1,POWER,3.60
1765727209439,CH1,POWER,3.60
1765727209444,CH1,POWER,3.60
1765727209450,CH1,POWER,3.60
1765727209455,CH1,POWER,3.60
1765727209461,CH1,POWER,3.60
1765727209465,CH1,POWER,3.60
1765727209469,CH1,POWER,3.60
1765727209474,CH1,POWER,3.60
1765727209479,CH1,POWER,3.60
1765727209483,CH1,POWER,3.60
1765727209490,CH1,POWER,3.60
1765727209495,CH1,POWER,3.60
1765727209502,CH1,POWER,3.60
1765727209506,CH1,POWER,3.60
1765727209512,CH1,POWER,3.60
1765727209516,CH1,POWER,3.60
1765727209522,CH1,POWER,3.60
1765727209530,CH1,POWER,3.60
1765727209534,CH1,POWER,3.60
1765727209539,CH1,POWER,3.60
1765727209545,CH1,POWER,3.60
1765727209552,CH1,POWER,3.60
1765727209558,CH1,POWER,3.60
1765727209562,CH1,POWER,3.60
1765727209570,CH1,POWER,3.60
1765727209574,CH1,POWER,3.60
1765727209580,CH1,POWER,3.60
1765727209586,CH1,POWER,3.60
1765727209591,CH1,POWER,3.60
1765727209596,CH1,POWER,3.60
1765727209602,CH1,POWER,3.60
1765727209608,CH1,POWER,3.60
1765727209612,CH1,POWER,3.60
1765727209616,CH1,POWER,3.60
1765727209621,CH1,POWER,3.60
1765727209626,CH1,POWER,3.60
1765727209632,CH1,POWER,3.60
1765727209638,CH1,POWER,3.60
1765727209642,CH1,POWER,3.60
1765727209646,CH1,POWER,3.60
1765727209651,CH1,POWER,3.60
1765727209656,CH1,POWER,3.60
1765727209662,CH1,POWER,3.60
1765727209668,CH1,POWER,3.60
1765727209672,CH1,POWER,3.60
1765727209680,CH1,POWER,3.60
1765727209685,CH1,POWER,3.60
1765727209692,CH1,POWER,3.60
1765727209698,CH1,POWER,3.60
1765727209702,CH1,POWER,3.60
1765727209706,CH1,POWER,3.60
1765727209712,CH1,POWER,3.60
1765727209718,CH1,POWER,3.60
1765727209722,CH1,POWER,3.60
1765727209728,CH1,POWER,3.60
1765727209732,CH1,POWER,3.60
1765727209736,CH1,POWER,3.60
1765727209742,CH1,POWER,3.60
1765727209748,CH1,POWER,3.60
1765727209752,CH1,POWER,3.60
1765727209758,CH1,POWER,3.60
1765727209762,CH1,POWER,3.60
1765727209767,CH1,POWER,3.60
1765727209772,CH1,POWER,3.60
1765727209780,CH1,POWER,3.60
1765727209784,CH1,POWER,3.60
1765727209787,CH1,POWER,3.60
1765727209814,CH1,POWER,3.60
1765727209820,CH1,POWER,3.60
1765727209824,CH1,POWER,3.60
1765727209828,CH1,POWER,3.60
1765727209834,CH1,POWER,3.60
1765727209840,CH1,POWER,3.60
1765727209844,CH1,POWER,3.60
1765727209850,CH1,POWER,3.60
1765727209854,CH1,POWER,3.60
1765727209860,CH1,POWER,3.60
1765727209864,CH1,POWER,3.60
1765727209868,CH1,POWER,3.60
1765727209874,CH1,POWER,3.60
1765727209882,CH1,POWER,3.60
1765727209887,CH1,POWER,3.60
1765727209894,CH1,POWER,3.60
1765727209902,CH1,POWER,3.60
1765727209907,CH1,POWER,3.60
1765727209911,CH1,POWER,3.60
1765727209916,CH1,POWER,3.60
1765727209922,CH1,POWER,3.60
1765727209927,CH1,POWER,3.60
1765727209934,CH1,POWER,3.60
1765727209938,CH1,POWER,3.60
1765727209943,CH1,POWER,3.60
1765727209947,CH1,POWER,3.60
1765727209951,CH1,POWER,3.60
1765727209956,CH1,POWER,3.60
1765727209962,CH1,POWER,3.60
1765727209967,CH1,POWER,3.60
1765727209974,CH1,POWER,3.60
1765727209978,CH1,POWER,3.60
1765727209983,CH1,POWER,3.60
1765727209987,CH1,POWER,3.60
1765727209991,CH1,POWER,3.60
1765727209996,CH1,POWER,3.60
1765727210002,CH1,POWER,3.60
1765727210007,CH1,POWER,3.60
1765727210014,CH1,POWER,3.60
1765727210022,CH1,POWER,3.60
1765727210026,CH1,POWER,3.60
1765727210034,CH1,POWER,3.60
1765727210040,CH1,POWER,3.60
1765727210044,CH1,POWER,3.60
1765727210049,CH1,POWER,3.60
1765727210054,CH1,POWER,3.60
1765727210058,CH1,POWER,3.60
1765727210063,CH1,POWER,3.60
1765727210067,CH1,POWER,3.60
1765727210071,CH1,POWER,3.60
1765727210076,CH1,POWER,3.60
1765727210082,CH1,POWER,3.60
1765727210088,CH1,POWER,3.60
1765727210094,CH1,POWER,3.60
1765727210102,CH1,POWER,3.60
1765727210107,CH1,POWER,3.60
1765727210111,CH1,POWER,3.60
1765727210116,CH1,POWER,3.60
1765727210122,CH1,POWER,3.60
1765727210127,CH1,POWER,3.60
1765727210134,CH1,POWER,3.60
1765727210142,CH1,POWER,3.60
1765727210147,CH1,POWER,3.60
1765727210153,CH1,POWER,3.60
1765727210160,CH1,POWER,3.60
1765727210164,CH1,POWER,3.60
1765727210172,CH1,POWER,3.60
1765727210174,CH1,POWER,3.60
1765727210177,CH1,POWER,3.60
1765727210203,CH1,POWER,3.60
1765727210208,CH1,POWER,3.60
1765727210213,CH1,POWER,3.60
1765727210218,CH1,POWER,3.60
1765727210226,CH1,POWER,3.60
1765727210234,CH1,POWER,3.60
1765727210239,CH1,POWER,3.60
1765727210246,CH1,POWER,3.60
1765727210254,CH1,POWER,3.60
1765727210259,CH1,POWER,3.60
1765727210265,CH1,POWER,3.60
1765727210270,CH1,POWER,3.60
1765727210276,CH1,POWER,3.60
1765727210284,CH1,POWER,3.60
1765727210289,CH1,POWER,3.60
1765727210296,CH1,POWER,3.60
1765727210300,CH1,POWER,3.60
1765727210305,CH1,POWER,3.60
1765727210309,CH1,POWER,3.60
1765727210313,CH1,POWER,3.60
1765727210318,CH1,POWER,3.60
1765727210324,CH1,POWER,3.60
1765727210329,CH1,POWER,3.60
1765727210333,CH1,POWER,3.60
1765727210337,CH1,POWER,3.60
1765727210342,CH1,POWER,3.60
1765727210346,CH1,POWER,3.60
1765727210350,CH1,POWER,3.60
1765727210356,CH1,POWER,3.60
1765727210360,CH1,POWER,3.60
1765727210366,CH1,POWER,3.60
1765727210370,CH1,POWER,3.60
1765727210375,CH1,POWER,3.60
1765727210379,CH1,POWER,3.60
1765727210383,CH1,POWER,3.60
1765727210387,CH1,POWER,3.60
1765727210394,CH1,POWER,3.60
1765727210400,CH1,POWER,3.60
1765727210405,CH1,POWER,3.60
1765727210409,CH1,POWER,3.60
1765727210415,CH1,POWER,3.60
1765727210419,CH1,POWER,3.60
1765727210425,CH1,POWER,3.60
1765727210430,CH1,POWER,3.60
1765727210436,CH1,POWER,3.60
1765727210442,CH1,POWER,3.60
1765727210446,CH1,POWER,3.60
1765727210454,CH1,POWER,3.60
1765727210458,CH1,POWER,3.60
1765727210463,CH1,POWER,3.60
1765727210469,CH1,POWER,3.60
1765727210473,CH1,POWER,3.60
1765727210478,CH1,POWER,3.60
1765727210484,CH1,POWER,3.60
1765727210489,CH1,POWER,3.60
1765727210496,CH1,POWER,3.60
1765727210502,CH1,POWER,3.60
1765727210506,CH1,POWER,3.60
1765727210514,CH1,POWER,3.60
1765727210518,CH1,POWER,3.60
1765727210523,CH1,POWER,3.60
1765727210527,CH1,POWER,3.60
1765727210531,CH1,POWER,3.60
1765727210536,CH1,POWER,3.60
1765727210541,CH1,POWER,3.60
1765727210546,CH1,POWER,3.60
1765727210551,CH1,POWER,3.60
1765727210556,CH1,POWER,3.60
1765727210561,CH1,POWER,3.60
1765727210566,CH1,POWER,3.60
1765727210570,CH1,POWER,3.60
1765727210598,CH1,POWER,3.60
1765727210604,CH1,POWER,3.60
1765727210608,CH1,POWER,3.60
1765727210613,CH1,POWER,3.60
1765727210618,CH1,POWER,3.60
1765727210623,CH1,POWER,3.60
1765727210628,CH1,POWER,3.60
1765727210634,CH1,POWER,3.60
1765727210638,CH1,POWER,3.60
1765727210646,CH1,POWER,3.60
1765727210651,CH1,POWER,3.60
1765727210658,CH1,POWER,3.60
1765727210662,CH1,POWER,3.60
1765727210668,CH1,POWER,3.60
1765727210674,CH1,POWER,3.60
1765727210678,CH1,POWER,3.60
1765727210686,CH1,POWER,3.60
1765727210690,CH1,POWER,3.60
1765727210695,CH1,POWER,3.60
1765727210699,CH1,POWER,3.60
1765727210705,CH1,POWER,3.60
1765727210711,CH1,POWER,3.60
1765727210718,CH1,POWER,3.60
1765727210723,CH1,POWER,3.60
1765727210728,CH1,POWER,3.60
1765727210733,CH1,POWER,3.60
1765727210738,CH1,POWER,3.60
1765727210742,CH1,POWER,3.60
1765727210748,CH1,POWER,3.60
1765727210756,CH1,POWER,3.60
1765727210761,CH1,POWER,3.60
1765727210768,CH1,POWER,3.60
1765727210776,CH1,POWER,3.60
1765727210781,CH1,POWER,3.60
1765727210785,CH1,POWER,3.60
1765727210789,CH1,POWER,3.60
1765727210795,CH1,POWER,3.60
1765727210800,CH1,POWER,3.60
1765727210805,CH1,POWER,3.60
1765727210809,CH1,POWER,3.60
1765727210815,CH1,POWER,3.60
1765727210821,CH1,POWER,3.60
1765727210828,CH1,POWER,3.60
1765727210833,CH1,POWER,3.60
1765727210838,CH1,POWER,3.60
1765727210843,CH1,POWER,3.60
1765727210848,CH1,POWER,3.60
1765727210852,CH1,POWER,3.60
1765727210857,CH1,POWER,3.60
1765727210861,CH1,POWER,3.60
1765727210868,CH1,POWER,3.60
1765727210873,CH1,POWER,3.60
1765727210878,CH1,POWER,3.60
1765727210883,CH1,POWER,3.60
1765727210888,CH1,POWER,3.60
1765727210894,CH1,POWER,3.60
1765727210898,CH1,POWER,3.60
1765727210904,CH1,POWER,3.60
1765727210908,CH1,POWER,3.60
1765727210913,CH1,POWER,3.60
1765727210918,CH1,POWER,3.60
1765727210924,CH1,POWER,3.60
1765727210928,CH1,POWER,3.60
1765727210934,CH1,POWER,3.60
1765727210938,CH1,POWER,3.60
1765727210943,CH1,POWER,3.60
1765727210948,CH1,POWER,3.60
1765727210954,CH1,POWER,3.60
1765727210958,CH1,POWER,3.60
1765727210961,CH1,POWER,3.60
1765727210987,CH1,POWER,3.60
1765727210992,CH1,POWER,3.60
1765727210997,CH1,POWER,3.60
1765727211001,CH1,POWER,3.60
1765727211008,CH1,POWER,3.60
1765727211013,CH1,POWER,3.60
1765727211019,CH1,POWER,3.60
1765727211024,CH1,POWER,3.60
1765727211030,CH1,POWER,3.60
1765727211038,CH1,POWER,3.60
1765727211043,CH1,POWER,3.60
1765727211050,CH1,POWER,3.60
1765727211056,CH1,POWER,3.60
1765727211060,CH1,POWER,3.60
1765727211064,CH1,POWER,3.60
1765727211070,CH1,POWER,3.60
1765727211076,CH1,POWER,3.60
1765727211080,CH1,POWER,3.60
1765727211085,CH1,POWER,3.60
1765727211090,CH1,POWER,3.60
1765727211094,CH1,POWER,3.60
1765727211099,CH1,POWER,3.60
1765727211103,CH1,POWER,3.60
1765727211109,CH1,POWER,3.60
1765727211114,CH1,POWER,3.60
1765727211120,CH1,POWER,3.60
1765727211126,CH1,POWER,3.60
1765727211130,CH1,POWER,3.60
1765727211138,CH1,POWER,3.60
1765727211142,CH1,POWER,3.60
1765727211147,CH1,POWER,3.60
1765727211151,CH1,POWER,3.60
1765727211158,CH1,POWER,3.60
1765727211163,CH1,POWER,3.60
1765727211169,CH1,POWER,3.60
1765727211174,CH1,POWER,3.60
1765727211180,CH1,POWER,3.60
1765727211186,CH1,POWER,3.60
1765727211190,CH1,POWER,3.60
1765727211195,CH1,POWER,3.60
1765727211200,CH1,POWER,3.60
1765727211206,CH1,POWER,3.60
1765727211210,CH1,POWER,3.60
1765727211218,CH1,POWER,3.60
1765727211223,CH1,POWER,3.60
1765727211230,CH1,POWER,3.60
1765727211236,CH1,POWER,3.60
1765727211240,CH1,POWER,3.60
1765727211244,CH1,POWER,3.60
1765727211250,CH1,POWER,3.60
1765727211256,CH1,POWER,3.60
1765727211260,CH1,POWER,3.60
1765727211265,CH1,POWER,3.60
1765727211270,CH1,POWER,3.60
1765727211276,CH1,POWER,3.60
1765727211280,CH1,POWER,3.60
1765727211285,CH1,POWER,3.60
1765727211290,CH1,POWER,3.60
1765727211295,CH1,POWER,3.60
1765727211300,CH1,POWER,3.60
1765727211306,CH1,POWER,3.60
1765727211310,CH1,POWER,3.60
1765727211316,CH1,POWER,3.60
1765727211320,CH1,POWER,3.60
1765727211325,CH1,POWER,3.60
1765727211330,CH1,POWER,3.60
1765727211334,CH1,POWER,3.60
1765727211340,CH1,POWER,3.60
1765727211345,CH1,POWER,3.60
1765727211350,CH1,POWER,3.60
1765727211354,CH1,POWER,3.60
1765727211382,CH1,POWER,3.60
1765727211388,CH1,POWER,3.60
1765727211392,CH1,POWER,3.60
1765727211397,CH1,POWER,3.60
1765727211402,CH1,POWER,3.60
1765727211407,CH1,POWER,3.60
1765727211412,CH1,POWER,3.60
1765727211416,CH1,POWER,3.60
1765727211421,CH1,POWER,3.60
1765727211425,CH1,POWER,3.60
1765727211429,CH1,POWER,3.60
1765727211434,CH1,POWER,3.60
1765727211442,CH1,POWER,3.60
1765727211448,CH1,POWER,3.60
1765727211452,CH1,POWER,3.60
1765727211457,CH1,POWER,3.60
1765727211462,CH1,POWER,3.60
1765727211467,CH1,POWER,3.60
1765727211472,CH1,POWER,3.60
1765727211480,CH1,POWER,3.60
1765727211485,CH1,POWER,3.60
1765727211492,CH1,POWER,3.60
1765727211497,CH1,POWER,3.60
1765727211502,CH1,POWER,3.60
1765727211507,CH1,POWER,3.60
1765727211512,CH1,POWER,3.60
1765727211516,CH1,POWER,3.60
1765727211521,CH1,POWER,3.60
1765727211525,CH1,POWER,3.60
1765727211531,CH1,POWER,3.60
1765727211535,CH1,POWER,3.60
1765727211542,CH1,POWER,3.60
1765727211546,CH1,POWER,3.60
1765727211551,CH1,POWER,3.60
1765727211557,CH1,POWER,3.60
1765727211562,CH1,POWER,3.60
1765727211566,CH1,POWER,3.60
1765727211571,CH1,POWER,3.60
1765727211578,CH1,POWER,3.60
1765727211582,CH1,POWER,3.60
1765727211586,CH1,POWER,3.60
1765727211591,CH1,POWER,3.60
1765727211595,CH1,POWER,3.60
1765727211601,CH1,POWER,3.60
1765727211607,CH1,POWER,3.60
1765727211612,CH1,POWER,3.60
1765727211617,CH1,POWER,3.60
1765727211622,CH1,POWER,3.60
1765727211626,CH1,POWER,3.60
1765727211631,CH1,POWER,3.60
1765727211635,CH1,POWER,3.60
1765727211642,CH1,POWER,3.60
1765727211646,CH1,POWER,3.60
1765727211652,CH1,POWER,3.60
1765727211658,CH1,POWER,3.60
1765727211662,CH1,POWER,3.60
1765727211666,CH1,POWER,3.60
1765727211671,CH1,POWER,3.60
1765727211678,CH1,POWER,3.60
1765727211682,CH1,POWER,3.60
1765727211686,CH1,POWER,3.60
1765727211691,CH1,POWER,3.60
1765727211695,CH1,POWER,3.60
1765727211699,CH1,POWER,3.60
1765727211703,CH1,POWER,3.60
1765727211710,CH1,POWER,3.60
1765727211715,CH1,POWER,3.60
1765727211722,CH1,POWER,3.60
1765727211728,CH1,POWER,3.60
1765727211732,CH1,POWER,3.60
1765727211738,CH1,POWER,3.60
1765727211742,CH1,POWER,3.60
1765727211746,CH1,POWER,3.65
1765727211774,CH1,POWER,3.65
1765727211780,CH1,POWER,3.65
1765727211784,CH1,POWER,3.65
1765727211789,CH1,POWER,3.65
1765727211794,CH1,POWER,3.65
1765727211799,CH1,POWER,3.65
1765727211804,CH1,POWER,3.65
1765727211809,CH1,POWER,3.65
1765727211814,CH1,POWER,3.65
1765727211819,CH1,POWER,3.65
1765727211824,CH1,POWER,3.65
1765727211828,CH1,POWER,3.65
1765727211833,CH1,POWER,3.65
1765727211838,CH1,POWER,3.65
1765727211843,CH1,POWER,3.65
1765727211847,CH1,POWER,3.65
1765727211853,CH1,POWER,3.65
1765727211858,CH1,POWER,3.65
1765727211863,CH1,POWER,3.65
1765727211867,CH1,POWER,3.65
1765727211874,CH1,POWER,3.65
1765727211880,CH1,POWER,3.65
1765727211884,CH1,POWER,3.65
1765727211889,CH1,POWER,3.65
1765727211894,CH1,POWER,3.65
1765727211899,CH1,POWER,3.65
1765727211904,CH1,POWER,3.65
1765727211908,CH1,POWER,3.65
1765727211914,CH1,POWER,3.65
1765727211920,CH1,POWER,3.65
1765727211924,CH1,POWER,3.65
1765727211929,CH1,POWER,3.65
1765727211934,CH1,POWER,3.65
1765727211942,CH1,POWER,3.65
1765727211948,CH1,POWER,3.65
1765727211953,CH1,POWER,3.65
1765727211958,CH1,POWER,3.65
1765727211964,CH1,POWER,3.65
1765727211970,CH1,POWER,3.65
1765727211974,CH1,POWER,3.65
1765727211982,CH1,POWER,3.65
1765727211987,CH1,POWER,3.65
1765727211994,CH1,POWER,3.65
1765727212000,CH1,POWER,3.65
1765727212004,CH1,POWER,3.65
1765727212009,CH1,POWER,3.65
1765727212014,CH1,POWER,3.65
1765727212019,CH1,POWER,3.65
1765727212024,CH1,POWER,3.65
1765727212032,CH1,POWER,3.65
1765727212037,CH1,POWER,3.65
1765727212044,CH1,POWER,3.65
1765727212049,CH1,POWER,3.65
1765727212054,CH1,POWER,3.65
1765727212060,CH1,POWER,3.65
1765727212064,CH1,POWER,3.65
1765727212072,CH1,POWER,3.65
1765727212077,CH1,POWER,3.65
1765727212084,CH1,POWER,3.65
1765727212092,CH1,POWER,3.65
1765727212097,CH1,POWER,3.65
1765727212104,CH1,POWER,3.65
1765727212109,CH1,POWER,3.65
1765727212114,CH1,POWER,3.65
1765727212119,CH1,POWER,3.65
1765727212124,CH1,POWER,3.65
1765727212128,CH1,POWER,3.65
1765727212133,CH1,POWER,3.65
1765727212135,CH1,POWER,3.55
1765727212138,CH1,POWER,3.55
1765727212166,CH1,POWER,3.55
1765727212172,CH1,POWER,3.55
1765727212176,CH1,POWER,3.55
1765727212181,CH1,POWER,3.55
1765727212186,CH1,POWER,3.55
1765727212191,CH1,POWER,3.55
1765727212196,CH1,POWER,3.55
1765727212200,CH1,POWER,3.55
1765727212206,CH1,POWER,3.55
1765727212212,CH1,POWER,3.55
1765727212216,CH1,POWER,3.55
1765727212220,CH1,POWER,3.55
1765727212226,CH1,POWER,3.55
1765727212230,CH1,POWER,3.55
1765727212235,CH1,POWER,3.55
1765727212239,CH1,POWER,3.55
1765727212246,CH1,POWER,3.55
1765727212252,CH1,POWER,3.55
1765727212256,CH1,POWER,3.55
1765727212262,CH1,POWER,3.55
1765727212266,CH1,POWER,3.55
1765727212271,CH1,POWER,3.55
1765727212276,CH1,POWER,3.55
1765727212282,CH1,POWER,3.55
1765727212286,CH1,POWER,3.55
1765727212291,CH1,POWER,3.55
1765727212296,CH1,POWER,3.55
1765727212301,CH1,POWER,3.55
1765727212306,CH1,POWER,3.55
1765727212312,CH1,POWER,3.55
1765727212316,CH1,POWER,3.55
1765727212324,CH1,POWER,3.55
1765727212329,CH1,POWER,3.55
1765727212335,CH1,POWER,3.55
1765727212342,CH1,POWER,3.55
1765727212346,CH1,POWER,3.55
1765727212352,CH1,POWER,3.55
1765727212356,CH1,POWER,3.55
1765727212362,CH1,POWER,3.55
1765727212366,CH1,POWER,3.55
1765727212371,CH1,POWER,3.55
1765727212376,CH1,POWER,3.55
1765727212384,CH1,POWER,3.55
1765727212389,CH1,POWER,3.55
1765727212396,CH1,POWER,3.55
1765727212401,CH1,POWER,3.55
1765727212406,CH1,POWER,3.55
1765727212411,CH1,POWER,3.55
1765727212416,CH1,POWER,3.55
1765727212420,CH1,POWER,3.55
1765727212425,CH1,POWER,3.55
1765727212432,CH1,POWER,3.55
1765727212436,CH1,POWER,3.55
1765727212441,CH1,POWER,3.55
1765727212446,CH1,POWER,3.55
1765727212454,CH1,POWER,3.55
1765727212459,CH1,POWER,3.55
1765727212465,CH1,POWER,3.55
1765727212470,CH1,POWER,3.55
1765727212476,CH1,POWER,3.55
1765727212481,CH1,POWER,3.55
1765727212486,CH1,POWER,3.55
1765727212490,CH1,POWER,3.55
1765727212496,CH1,POWER,3.55
1765727212502,CH1,POWER,3.55
1765727212506,CH1,POWER,3.55
1765727212512,CH1,POWER,3.55
1765727212516,CH1,POWER,3.55
1765727212521,CH1,POWER,3.55
1765727212526,CH1,POWER,3.55
1765727212530,CH1,POWER,3.55
1765727212534,CH1,POWER,3.70
1765727212536,CH1,POWER,3.70
1765727212539,CH1,POWER,3.70
1765727212565,CH1,POWER,3.70
1765727212570,CH1,POWER,3.70
1765727212575,CH1,POWER,3.70
1765727212581,CH1,POWER,3.70
1765727212588,CH1,POWER,3.70
1765727212593,CH1,POWER,3.70
1765727212598,CH1,POWER,3.70
1765727212603,CH1,POWER,3.70
1765727212608,CH1,POWER,3.70
1765727212612,CH1,POWER,3.70
1765727212618,CH1,POWER,3.70
1765727212626,CH1,POWER,3.70
1765727212631,CH1,POWER,3.70
1765727212637,CH1,POWER,3.70
1765727212642,CH1,POWER,3.70
1765727212647,CH1,POWER,3.70
1765727212652,CH1,POWER,3.70
1765727212658,CH1,POWER,3.70
1765727212664,CH1,POWER,3.70
1765727212668,CH1,POWER,3.70
1765727212676,CH1,POWER,3.70
1765727212681,CH1,POWER,3.70
1765727212688,CH1,POWER,3.70
1765727212694,CH1,POWER,3.70
1765727212698,CH1,POWER,3.70
1765727212703,CH1,POWER,3.70
1765727212708,CH1,POWER,3.70
1765727212714,CH1,POWER,3.70
1765727212718,CH1,POWER,3.70
1765727212723,CH1,POWER,3.70
1765727212728,CH1,POWER,3.70
1765727212732,CH1,POWER,3.70
1765727212738,CH1,POWER,3.70
1765727212746,CH1,POWER,3.70
1765727212751,CH1,POWER,3.70
1765727212757,CH1,POWER,3.70
1765727212762,CH1,POWER,3.70
1765727212767,CH1,POWER,3.70
1765727212772,CH1,POWER,3.70
1765727212777,CH1,POWER,3.70
1765727212782,CH1,POWER,3.70
1765727212787,CH1,POWER,3.70
1765727212792,CH1,POWER,3.70
1765727212797,CH1,POWER,3.70
1765727212802,CH1,POWER,3.70
1765727212807,CH1,POWER,3.70
1765727212812,CH1,POWER,3.70
1765727212817,CH1,POWER,3.70
1765727212822,CH1,POWER,3.70
1765727212828,CH1,POWER,3.70
1765727212833,CH1,POWER,3.70
1765727212838,CH1,POWER,3.70
1765727212846,CH1,POWER,3.70
1765727212851,CH1,POWER,3.70
1765727212858,CH1,POWER,3.70
1765727212864,CH1,POWER,3.70
1765727212868,CH1,POWER,3.70
1765727212873,CH1,POWER,3.70
1765727212878,CH1,POWER,3.70
1765727212883,CH1,POWER,3.70
1765727212888,CH1,POWER,3.70
1765727212894,CH1,POWER,3.70
1765727212898,CH1,POWER,3.70
1765727212902,CH1,POWER,3.70
1765727212907,CH1,POWER,3.70
1765727212912,CH1,POWER,3.70
1765727212918,CH1,POWER,3.70
1765727212924,CH1,POWER,3.70
1765727212928,CH1,POWER,3.70
1765727212931,CH1,POWER,3.75
1765727212957,CH1,POWER,3.75
1765727212962,CH1,POWER,3.75
1765727212967,CH1,POWER,3.75
1765727212972,CH1,POWER,3.75
1765727212977,CH1,POWER,3.75
1765727212981,CH1,POWER,3.75
1765727212988,CH1,POWER,3.75
1765727212993,CH1,POWER,3.75
1765727213000,CH1,POWER,3.75
1765727213006,CH1,POWER,3.75
1765727213010,CH1,POWER,3.75
1765727213015,CH1,POWER,3.75
1765727213020,CH1,POWER,3.75
1765727213025,CH1,POWER,3.75
1765727213030,CH1,POWER,3.75
1765727213034,CH1,POWER,3.75
1765727213040,CH1,POWER,3.75
1765727213045,CH1,POWER,3.75
1765727213050,CH1,POWER,3.75
1765727213056,CH1,POWER,3.75
1765727213060,CH1,POWER,3.75
1765727213066,CH1,POWER,3.75
1765727213070,CH1,POWER,3.75
1765727213075,CH1,POWER,3.75
1765727213080,CH1,POWER,3.75
1765727213084,CH1,POWER,3.75
1765727213090,CH1,POWER,3.75
1765727213096,CH1,POWER,3.75
1765727213100,CH1,POWER,3.75
1765727213105,CH1,POWER,3.75
1765727213110,CH1,POWER,3.75
1765727213115,CH1,POWER,3.75
1765727213120,CH1,POWER,3.75
1765727213126,CH1,POWER,3.75
1765727213130,CH1,POWER,3.75
1765727213135,CH1,POWER,3.75
1765727213140,CH1,POWER,3.75
1765727213145,CH1,POWER,3.75
1765727213150,CH1,POWER,3.75
1765727213158,CH1,POWER,3.75
1765727213163,CH1,POWER,3.75
1765727213170,CH1,POWER,3.75
1765727213175,CH1,POWER,3.75
1765727213180,CH1,POWER,3.75
1765727213185,CH1,POWER,3.75
1765727213190,CH1,POWER,3.75
1765727213195,CH1,POWER,3.75
1765727213200,CH1,POWER,3.75
1765727213204,CH1,POWER,3.75
1765727213209,CH1,POWER,3.75
1765727213214,CH1,POWER,3.75
1765727213220,CH1,POWER,3.75
1765727213225,CH1,POWER,3.75
1765727213230,CH1,POWER,3.75
1765727213234,CH1,POWER,3.75
1765727213240,CH1,POWER,3.75
1765727213244,CH1,POWER,3.75
1765727213250,CH1,POWER,3.75
1765727213255,CH1,POWER,3.75
1765727213260,CH1,POWER,3.75
1765727213264,CH1,POWER,3.75
1765727213270,CH1,POWER,3.75
1765727213274,CH1,POWER,3.75
1765727213279,CH1,POWER,3.75
1765727213283,CH1,POWER,3.75
1765727213290,CH1,POWER,3.75
1765727213295,CH1,POWER,3.75
1765727213300,CH1,POWER,3.75
1765727213304,CH1,POWER,3.75
1765727213310,CH1,POWER,3.75
1765727213314,CH1,POWER,3.55
1765727213342,CH1,POWER,3.55
1765727213348,CH1,POWER,3.55
1765727213352,CH1,POWER,3.55
1765727213357,CH1,POWER,3.55
1765727213362,CH1,POWER,3.55
1765727213370,CH1,POWER,3.55
1765727213376,CH1,POWER,3.55
1765727213381,CH1,POWER,3.55
1765727213385,CH1,POWER,3.55
1765727213392,CH1,POWER,3.55
1765727213400,CH1,POWER,3.55
1765727213405,CH1,POWER,3.55
1765727213409,CH1,POWER,3.55
1765727213414,CH1,POWER,3.55
1765727213420,CH1,POWER,3.55
1765727213424,CH1,POWER,3.55
1765727213429,CH1,POWER,3.55
1765727213434,CH1,POWER,3.55
1765727213439,CH1,POWER,3.55
1765727213443,CH1,POWER,3.55
1765727213450,CH1,POWER,3.55
1765727213455,CH1,POWER,3.55
1765727213462,CH1,POWER,3.55
1765727213467,CH1,POWER,3.55
1765727213472,CH1,POWER,3.55
1765727213477,CH1,POWER,3.55
1765727213482,CH1,POWER,3.55
1765727213487,CH1,POWER,3.55
1765727213492,CH1,POWER,3.55
1765727213496,CH1,POWER,3.55
1765727213502,CH1,POWER,3.55
1765727213506,CH1,POWER,3.55
1765727213512,CH1,POWER,3.55
1765727213520,CH1,POWER,3.55
1765727213525,CH1,POWER,3.55
1765727213532,CH1,POWER,3.55
1765727213537,CH1,POWER,3.55
1765727213542,CH1,POWER,3.55
1765727213546,CH1,POWER,3.55
1765727213551,CH1,POWER,3.55
1765727213556,CH1,POWER,3.55
1765727213562,CH1,POWER,3.55
1765727213566,CH1,POWER,3.55
1765727213571,CH1,POWER,3.55
1765727213575,CH1,POWER,3.55
1765727213579,CH1,POWER,3.55
1765727213584,CH1,POWER,3.55
1765727213589,CH1,POWER,3.55
1765727213593,CH1,POWER,3.55
1765727213600,CH1,POWER,3.55
1765727213606,CH1,POWER,3.55
1765727213611,CH1,POWER,3.55
1765727213616,CH1,POWER,3.55
1765727213622,CH1,POWER,3.55
1765727213627,CH1,POWER,3.55
1765727213632,CH1,POWER,3.55
1765727213637,CH1,POWER,3.55
1765727213642,CH1,POWER,3.55
1765727213646,CH1,POWER,3.55
1765727213652,CH1,POWER,3.55
1765727213657,CH1,POWER,3.55
1765727213662,CH1,POWER,3.55
1765727213667,CH1,POWER,3.55
1765727213672,CH1,POWER,3.55
1765727213677,CH1,POWER,3.55
1765727213682,CH1,POWER,3.55
1765727213686,CH1,POWER,3.55
1765727213692,CH1,POWER,3.55
1765727213697,CH1,POWER,3.55
1765727213700,CH1,POWER,3.90
1765727213703,CH1,POWER,3.90
1765727213706,CH1,POWER,3.90
1765727213733,CH1,POWER,3.90
1765727213738,CH1,POWER,3.90
1765727213743,CH1,POWER,3.90
1765727213747,CH1,POWER,3.90
1765727213754,CH1,POWER,3.90
1765727213759,CH1,POWER,3.90
1765727213764,CH1,POWER,3.90
1765727213769,CH1,POWER,3.90
1765727213774,CH1,POWER,3.90
1765727213779,CH1,POWER,3.90
1765727213784,CH1,POWER,3.90
1765727213789,CH1,POWER,3.90
1765727213794,CH1,POWER,3.90
1765727213798,CH1,POWER,3.90
1765727213803,CH1,POWER,3.90
1765727213809,CH1,POWER,3.90
1765727213814,CH1,POWER,3.90
1765727213818,CH1,POWER,3.90
1765727213823,CH1,POWER,3.90
1765727213827,CH1,POWER,3.90
1765727213831,CH1,POWER,3.90
1765727213835,CH1,POWER,3.90
1765727213839,CH1,POWER,3.90
1765727213844,CH1,POWER,3.90
1765727213849,CH1,POWER,3.90
1765727213854,CH1,POWER,3.90
1765727213858,CH1,POWER,3.90
1765727213864,CH1,POWER,3.90
1765727213869,CH1,POWER,3.90
1765727213874,CH1,POWER,3.90
1765727213878,CH1,POWER,3.90
1765727213884,CH1,POWER,3.90
1765727213888,CH1,POWER,3.90
1765727213894,CH1,POWER,3.90
1765727213898,CH1,POWER,3.90
1765727213903,CH1,POWER,3.90
1765727213907,CH1,POWER,3.90
1765727213911,CH1,POWER,3.90
1765727213916,CH1,POWER,3.90
1765727213922,CH1,POWER,3.90
1765727213926,CH1,POWER,3.90
1765727213931,CH1,POWER,3.90
1765727213936,CH1,POWER,3.90
1765727213941,CH1,POWER,3.90
1765727213945,CH1,POWER,3.90
1765727213949,CH1,POWER,3.90
1765727213954,CH1,POWER,3.90
1765727213959,CH1,POWER,3.90
1765727213964,CH1,POWER,3.90
1765727213968,CH1,POWER,3.90
1765727213973,CH1,POWER,3.90
1765727213977,CH1,POWER,3.90
1765727213983,CH1,POWER,3.90
1765727213988,CH1,POWER,3.90
1765727213994,CH1,POWER,3.90
1765727213999,CH1,POWER,3.90
1765727214004,CH1,POWER,3.90
1765727214008,CH1,POWER,3.90
1765727214013,CH1,POWER,3.90
1765727214018,CH1,POWER,3.90
1765727214024,CH1,POWER,3.90
1765727214029,CH1,POWER,3.90
1765727214034,CH1,POWER,3.90
1765727214038,CH1,POWER,3.90
1765727214043,CH1,POWER,3.90
1765727214047,CH1,POWER,3.90
1765727214054,CH1,POWER,3.90
1765727214059,CH1,POWER,3.90
1765727214064,CH1,POWER,3.90
1765727214068,CH1,POWER,3.90
1765727214073,CH1,POWER,3.90
1765727214078,CH1,POWER,3.90
1765727214084,CH1,POWER,3.90
1765727214092,CH1,POWER,3.90
1765727214097,CH1,POWER,3.90
1765727214123,CH1,POWER,3.70
1765727214128,CH1,POWER,3.70
1765727214133,CH1,POWER,3.70
1765727214137,CH1,POWER,3.70
1765727214144,CH1,POWER,3.70
1765727214149,CH1,POWER,3.70
1765727214155,CH1,POWER,3.70
1765727214160,CH1,POWER,3.70
1765727214165,CH1,POWER,3.70
1765727214170,CH1,POWER,3.70
1765727214176,CH1,POWER,3.70
1765727214180,CH1,POWER,3.70
1765727214185,CH1,POWER,3.70
1765727214189,CH1,POWER,3.70
1765727214193,CH1,POWER,3.70
1765727214197,CH1,POWER,3.70
1765727214204,CH1,POWER,3.70
1765727214209,CH1,POWER,3.70
1765727214216,CH1,POWER,3.70
1765727214221,CH1,POWER,3.70
1765727214226,CH1,POWER,3.70
1765727214234,CH1,POWER,3.70
1765727214239,CH1,POWER,3.70
1765727214246,CH1,POWER,3.70
1765727214251,CH1,POWER,3.70
1765727214256,CH1,POWER,3.70
1765727214261,CH1,POWER,3.70
1765727214266,CH1,POWER,3.70
1765727214274,CH1,POWER,3.70
1765727214279,CH1,POWER,3.70
1765727214283,CH1,POWER,3.70
1765727214288,CH1,POWER,3.70
1765727214294,CH1,POWER,3.70
1765727214299,CH1,POWER,3.70
1765727214306,CH1,POWER,3.70
1765727214314,CH1,POWER,3.70
1765727214320,CH1,POWER,3.70
1765727214326,CH1,POWER,3.70
1765727214331,CH1,POWER,3.70
1765727214336,CH1,POWER,3.70
1765727214342,CH1,POWER,3.70
1765727214347,CH1,POWER,3.70
1765727214354,CH1,POWER,3.70
1765727214358,CH1,POWER,3.70
1765727214363,CH1,POWER,3.70
1765727214369,CH1,POWER,3.70
1765727214375,CH1,POWER,3.70
1765727214380,CH1,POWER,3.70
1765727214385,CH1,POWER,3.70
1765727214390,CH1,POWER,3.70
1765727214395,CH1,POWER,3.70
1765727214400,CH1,POWER,3.70
1765727214405,CH1,POWER,3.70
1765727214409,CH1,POWER,3.70
1765727214416,CH1,POWER,3.70
1765727214421,CH1,POWER,3.70
1765727214426,CH1,POWER,3.70
1765727214431,CH1,POWER,3.70
1765727214436,CH1,POWER,3.70
1765727214441,CH1,POWER,3.70
1765727214446,CH1,POWER,3.70
1765727214450,CH1,POWER,3.70
1765727214456,CH1,POWER,3.70
1765727214461,CH1,POWER,3.70
1765727214466,CH1,POWER,3.70
1765727214471,CH1,POWER,3.70
1765727214476,CH1,POWER,3.70
1765727214481,CH1,POWER,3.70
1765727214486,CH1,POWER,3.70
1765727214488,CH1,POWER,3.75
1765727214514,CH1,POWER,3.75
1765727214520,CH1,POWER,3.75
1765727214528,CH1,POWER,3.75
1765727214533,CH1,POWER,3.75
1765727214538,CH1,POWER,3.75
1765727214543,CH1,POWER,3.75
1765727214548,CH1,POWER,3.75
1765727214552,CH1,POWER,3.75
1765727214557,CH1,POWER,3.75
1765727214563,CH1,POWER,3.75
1765727214568,CH1,POWER,3.75
1765727214573,CH1,POWER,3.75
1765727214578,CH1,POWER,3.75
1765727214583,CH1,POWER,3.75
1765727214588,CH1,POWER,3.75
1765727214593,CH1,POWER,3.75
1765727214598,CH1,POWER,3.75
1765727214603,CH1,POWER,3.75
1765727214608,CH1,POWER,3.75
1765727214613,CH1,POWER,3.75
1765727214618,CH1,POWER,3.75
1765727214622,CH1,POWER,3.75
1765727214628,CH1,POWER,3.75
1765727214632,CH1,POWER,3.75
1765727214637,CH1,POWER,3.75
1765727214641,CH1,POWER,3.75
1765727214647,CH1,POWER,3.75
1765727214652,CH1,POWER,3.75
1765727214657,CH1,POWER,3.75
1765727214662,CH1,POWER,3.75
1765727214667,CH1,POWER,3.75
1765727214672,CH1,POWER,3.75
1765727214678,CH1,POWER,3.75
1765727214683,CH1,POWER,3.75
1765727214688,CH1,POWER,3.75
1765727214692,CH1,POWER,3.75
1765727214697,CH1,POWER,3.75
1765727214702,CH1,POWER,3.75
1765727214708,CH1,POWER,3.75
1765727214712,CH1,POWER,3.75
1765727214717,CH1,POWER,3.75
1765727214722,CH1,POWER,3.75
1765727214727,CH1,POWER,3.75
1765727214731,CH1,POWER,3.75
1765727214738,CH1,POWER,3.75
1765727214743,CH1,POWER,3.75
1765727214748,CH1,POWER,3.75
1765727214753,CH1,POWER,3.75
1765727214758,CH1,POWER,3.75
1765727214762,CH1,POWER,3.75
1765727214767,CH1,POWER,3.75
1765727214772,CH1,POWER,3.75
1765727214778,CH1,POWER,3.75
1765727214783,CH1,POWER,3.75
1765727214788,CH1,POWER,3.75
1765727214793,CH1,POWER,3.75
1765727214798,CH1,POWER,3.75
1765727214806,CH1,POWER,3.75
1765727214812,CH1,POWER,3.75
1765727214817,CH1,POWER,3.75
1765727214821,CH1,POWER,3.75
1765727214828,CH1,POWER,3.75
1765727214836,CH1,POWER,3.75
1765727214841,CH1,POWER,3.75
1765727214848,CH1,POWER,3.75
1765727214853,CH1,POWER,3.75
1765727214858,CH1,POWER,3.75
1765727214863,CH1,POWER,3.75
1765727214868,CH1,POWER,3.75
1765727214872,CH1,POWER,3.75
1765727214876,CH1,POWER,3.85
1765727214879,CH1,POWER,3.85
1765727214882,CH1,POWER,3.85
1765727214909,CH1,POWER,3.85
1765727214914,CH1,POWER,3.85
1765727214919,CH1,POWER,3.85
1765727214923,CH1,POWER,3.85
1765727214930,CH1,POWER,3.85
1765727214935,CH1,POWER,3.85
1765727214940,CH1,POWER,3.85
1765727214944,CH1,POWER,3.85
1765727214949,CH1,POWER,3.85
1765727214954,CH1,POWER,3.85
1765727214959,CH1,POWER,3.85
1765727214963,CH1,POWER,3.85
1765727214969,CH1,POWER,3.85
1765727214974,CH1,POWER,3.85
1765727214979,CH1,POWER,3.85
1765727214984,CH1,POWER,3.85
1765727214989,CH1,POWER,3.85
1765727214993,CH1,POWER,3.85
1765727214999,CH1,POWER,3.85
1765727215004,CH1,POWER,3.85
1765727215009,CH1,POWER,3.85
1765727215015,CH1,POWER,3.85
1765727215020,CH1,POWER,3.85
1765727215025,CH1,POWER,3.85
1765727215030,CH1,POWER,3.85
1765727215035,CH1,POWER,3.85
1765727215040,CH1,POWER,3.85
1765727215047,CH1,POWER,3.85
1765727215052,CH1,POWER,3.85
1765727215057,CH1,POWER,3.85
1765727215061,CH1,POWER,3.85
1765727215068,CH1,POWER,3.85
1765727215074,CH1,POWER,3.85
1765727215079,CH1,POWER,3.85
1765727215084,CH1,POWER,3.85
1765727215089,CH1,POWER,3.85
1765727215095,CH1,POWER,3.85
1765727215100,CH1,POWER,3.85
1765727215107,CH1,POWER,3.85
1765727215112,CH1,POWER,3.85
1765727215117,CH1,POWER,3.85
1765727215121,CH1,POWER,3.85
1765727215128,CH1,POWER,3.85
1765727215133,CH1,POWER,3.85
1765727215140,CH1,POWER,3.85
1765727215148,CH1,POWER,3.85
1765727215153,CH1,POWER,3.85
1765727215160,CH1,POWER,3.85
1765727215165,CH1,POWER,3.85
1765727215170,CH1,POWER,3.85
1765727215175,CH1,POWER,3.85
1765727215180,CH1,POWER,3.85
1765727215185,CH1,POWER,3.85
1765727215190,CH1,POWER,3.85
1765727215197,CH1,POWER,3.85
1765727215202,CH1,POWER,3.85
1765727215210,CH1,POWER,3.85
1765727215215,CH1,POWER,3.85
1765727215220,CH1,POWER,3.85
1765727215225,CH1,POWER,3.85
1765727215230,CH1,POWER,3.85
1765727215235,CH1,POWER,3.85
1765727215240,CH1,POWER,3.85
1765727215244,CH1,POWER,3.85
1765727215249,CH1,POWER,3.85
1765727215255,CH1,POWER,3.85
1765727215260,CH1,POWER,3.85
1765727215265,CH1,POWER,3.85
1765727215270,CH1,POWER,3.85
1765727215273,CH1,POWER,3.65
1765727215299,CH1,POWER,3.65
1765727215304,CH1,POWER,3.65
1765727215309,CH1,POWER,3.65
1765727215315,CH1,POWER,3.65
1765727215319,CH1,POWER,3.65
1765727215325,CH1,POWER,3.65
1765727215329,CH1,POWER,3.65
1765727215334,CH1,POWER,3.65
1765727215342,CH1,POWER,3.65
1765727215350,CH1,POWER,3.65
1765727215355,CH1,POWER,3.65
1765727215361,CH1,POWER,3.65
1765727215367,CH1,POWER,3.65
1765727215372,CH1,POWER,3.65
1765727215377,CH1,POWER,3.65
1765727215382,CH1,POWER,3.65
1765727215386,CH1,POWER,3.65
1765727215391,CH1,POWER,3.65
1765727215396,CH1,POWER,3.65
1765727215401,CH1,POWER,3.65
1765727215405,CH1,POWER,3.65
1765727215412,CH1,POWER,3.65
1765727215417,CH1,POWER,3.65
1765727215422,CH1,POWER,3.65
1765727215429,CH1,POWER,3.65
1765727215434,CH1,POWER,3.65
1765727215442,CH1,POWER,3.65
1765727215447,CH1,POWER,3.65
1765727215452,CH1,POWER,3.65
1765727215457,CH1,POWER,3.65
1765727215462,CH1,POWER,3.65
1765727215466,CH1,POWER,3.65
1765727215471,CH1,POWER,3.65
1765727215476,CH1,POWER,3.65
1765727215481,CH1,POWER,3.65
1765727215486,CH1,POWER,3.65
1765727215492,CH1,POWER,3.65
1765727215497,CH1,POWER,3.65
1765727215502,CH1,POWER,3.65
1765727215507,CH1,POWER,3.65
1765727215512,CH1,POWER,3.65
1765727215516,CH1,POWER,3.65
1765727215521,CH1,POWER,3.65
1765727215525,CH1,POWER,3.65
1765727215531,CH1,POWER,3.65
1765727215535,CH1,POWER,3.65
1765727215541,CH1,POWER,3.65
1765727215545,CH1,POWER,3.65
1765727215552,CH1,POWER,3.65
1765727215560,CH1,POWER,3.65
1765727215565,CH1,POWER,3.65
1765727215572,CH1,POWER,3.65
1765727215577,CH1,POWER,3.65
1765727215582,CH1,POWER,3.65
1765727215590,CH1,POWER,3.65
1765727215596,CH1,POWER,3.65
1765727215601,CH1,POWER,3.65
1765727215606,CH1,POWER,3.65
1765727215611,CH1,POWER,3.65
1765727215615,CH1,POWER,3.65
1765727215620,CH1,POWER,3.65
1765727215625,CH1,POWER,3.65
1765727215632,CH1,POWER,3.65
1765727215636,CH1,POWER,3.65
1765727215641,CH1,POWER,3.65
1765727215646,CH1,POWER,3.65
1765727215652,CH1,POWER,3.65
1765727215657,CH1,POWER,3.65
1765727215662,CH1,POWER,3.65
1765727215664,CH1,POWER,3.70
1765727215691,CH1,POWER,3.70
1765727215696,CH1,POWER,3.70
1765727215701,CH1,POWER,3.70
1765727215706,CH1,POWER,3.70
1765727215711,CH1,POWER,3.70
1765727215715,CH1,POWER,3.70
1765727215720,CH1,POWER,3.70
1765727215725,CH1,POWER,3.70
1765727215729,CH1,POWER,3.70
1765727215733,CH1,POWER,3.70
1765727215738,CH1,POWER,3.70
1765727215743,CH1,POWER,3.70
1765727215748,CH1,POWER,3.70
1765727215753,CH1,POWER,3.70
1765727215758,CH1,POWER,3.70
1765727215763,CH1,POWER,3.70
1765727215768,CH1,POWER,3.70
1765727215773,CH1,POWER,3.70
1765727215778,CH1,POWER,3.70
1765727215783,CH1,POWER,3.70
1765727215788,CH1,POWER,3.70
1765727215794,CH1,POWER,3.70
1765727215799,CH1,POWER,3.70
1765727215804,CH1,POWER,3.70
1765727215811,CH1,POWER,3.70
1765727215816,CH1,POWER,3.70
1765727215821,CH1,POWER,3.70
1765727215825,CH1,POWER,3.70
1765727215832,CH1,POWER,3.70
1765727215837,CH1,POWER,3.70
1765727215843,CH1,POWER,3.70
1765727215849,CH1,POWER,3.70
1765727215854,CH1,POWER,3.70
1765727215859,CH1,POWER,3.70
1765727215864,CH1,POWER,3.70
1765727215869,CH1,POWER,3.70
1765727215874,CH1,POWER,3.70
1765727215882,CH1,POWER,3.70
1765727215887,CH1,POWER,3.70
1765727215894,CH1,POWER,3.70
1765727215898,CH1,POWER,3.70
1765727215903,CH1,POWER,3.70
1765727215907,CH1,POWER,3.70
1765727215913,CH1,POWER,3.70
1765727215918,CH1,POWER,3.70
1765727215923,CH1,POWER,3.70
1765727215928,CH1,POWER,3.70
1765727215933,CH1,POWER,3.70
1765727215938,CH1,POWER,3.70
1765727215944,CH1,POWER,3.70
1765727215949,CH1,POWER,3.70
1765727215954,CH1,POWER,3.70
1765727215958,CH1,POWER,3.70
1765727215964,CH1,POWER,3.70
1765727215969,CH1,POWER,3.70
1765727215974,CH1,POWER,3.70
1765727215979,CH1,POWER,3.70
1765727215984,CH1,POWER,3.70
1765727215992,CH1,POWER,3.70
1765727215997,CH1,POWER,3.70
1765727216004,CH1,POWER,3.70
1765727216009,CH1,POWER,3.70
1765727216014,CH1,POWER,3.70
1765727216019,CH1,POWER,3.70
1765727216024,CH1,POWER,3.70
1765727216029,CH1,POWER,3.70
1765727216034,CH1,POWER,3.70
1765727216039,CH1,POWER,3.70
1765727216044,CH1,POWER,3.70
1765727216052,CH1,POWER,3.70
1765727216057,CH1,POWER,3.70
1765727216083,CH1,POWER,3.75
1765727216088,CH1,POWER,3.75
1765727216093,CH1,POWER,3.75
1765727216098,CH1,POWER,3.75
1765727216102,CH1,POWER,3.75
1765727216107,CH1,POWER,3.75
1765727216113,CH1,POWER,3.75
1765727216119,CH1,POWER,3.75
1765727216126,CH1,POWER,3.75
1765727216134,CH1,POWER,3.75
1765727216139,CH1,POWER,3.75
1765727216146,CH1,POWER,3.75
1765727216151,CH1,POWER,3.75
1765727216156,CH1,POWER,3.75
1765727216161,CH1,POWER,3.75
1765727216165,CH1,POWER,3.75
1765727216169,CH1,POWER,3.75
1765727216175,CH1,POWER,3.75
1765727216179,CH1,POWER,3.75
1765727216185,CH1,POWER,3.75
1765727216190,CH1,POWER,3.75
1765727216196,CH1,POWER,3.75
1765727216204,CH1,POWER,3.75
1765727216210,CH1,POWER,3.75
1765727216215,CH1,POWER,3.75
1765727216219,CH1,POWER,3.75
1765727216226,CH1,POWER,3.75
1765727216231,CH1,POWER,3.75
1765727216236,CH1,POWER,3.75
1765727216244,CH1,POWER,3.75
1765727216250,CH1,POWER,3.75
1765727216255,CH1,POWER,3.75
1765727216260,CH1,POWER,3.75
1765727216266,CH1,POWER,3.75
1765727216271,CH1,POWER,3.75
1765727216275,CH1,POWER,3.75
1765727216280,CH1,POWER,3.75
1765727216285,CH1,POWER,3.75
1765727216290,CH1,POWER,3.75
1765727216294,CH1,POWER,3.75
1765727216299,CH1,POWER,3.75
1765727216305,CH1,POWER,3.75
1765727216310,CH1,POWER,3.75
1765727216314,CH1,POWER,3.75
1765727216319,CH1,POWER,3.75
1765727216326,CH1,POWER,3.75
1765727216331,CH1,POWER,3.75
1765727216335,CH1,POWER,3.75
1765727216339,CH1,POWER,3.75
1765727216346,CH1,POWER,3.75
1765727216351,CH1,POWER,3.75
1765727216355,CH1,POWER,3.75
1765727216359,CH1,POWER,3.75
1765727216366,CH1,POWER,3.75
1765727216371,CH1,POWER,3.75
1765727216376,CH1,POWER,3.75
1765727216381,CH1,POWER,3.75
1765727216386,CH1,POWER,3.75
1765727216391,CH1,POWER,3.75
1765727216395,CH1,POWER,3.75
1765727216400,CH1,POWER,3.75
1765727216405,CH1,POWER,3.75
1765727216410,CH1,POWER,3.75
1765727216416,CH1,POWER,3.75
1765727216421,CH1,POWER,3.75
1765727216426,CH1,POWER,3.75
1765727216431,CH1,POWER,3.75
1765727216435,CH1,POWER,3.75
1765727216440,CH1,POWER,3.75
1765727216443,CH1,POWER,3.80
1765727216445,CH1,POWER,3.80
1765727216448,CH1,POWER,3.80
1765727216450,CH1,POWER,3.80
1765727216478,CH1,POWER,3.80
1765727216483,CH1,POWER,3.80
1765727216488,CH1,POWER,3.80
1765727216493,CH1,POWER,3.80
1765727216497,CH1,POWER,3.80
1765727216502,CH1,POWER,3.80
1765727216507,CH1,POWER,3.80
1765727216512,CH1,POWER,3.80
1765727216518,CH1,POWER,3.80
1765727216523,CH1,POWER,3.80
1765727216527,CH1,POWER,3.80
1765727216531,CH1,POWER,3.80
1765727216538,CH1,POWER,3.80
1765727216543,CH1,POWER,3.80
1765727216547,CH1,POWER,3.80
1765727216551,CH1,POWER,3.80
1765727216558,CH1,POWER,3.80
1765727216563,CH1,POWER,3.80
1765727216568,CH1,POWER,3.80
1765727216573,CH1,POWER,3.80
1765727216578,CH1,POWER,3.80
1765727216583,CH1,POWER,3.80
1765727216587,CH1,POWER,3.80
1765727216592,CH1,POWER,3.80
1765727216597,CH1,POWER,3.80
1765727216601,CH1,POWER,3.80
1765727216608,CH1,POWER,3.80
1765727216616,CH1,POWER,3.80
1765727216621,CH1,POWER,3.80
1765727216628,CH1,POWER,3.80
1765727216633,CH1,POWER,3.80
1765727216638,CH1,POWER,3.80
1765727216643,CH1,POWER,3.80
1765727216648,CH1,POWER,3.80
1765727216655,CH1,POWER,3.80
1765727216659,CH1,POWER,3.80
1765727216666,CH1,POWER,3.80
1765727216671,CH1,POWER,3.80
1765727216678,CH1,POWER,3.80
1765727216683,CH1,POWER,3.80
1765727216688,CH1,POWER,3.80
1765727216693,CH1,POWER,3.80
1765727216697,CH1,POWER,3.80
1765727216701,CH1,POWER,3.80
1765727216707,CH1,POWER,3.80
1765727216711,CH1,POWER,3.80
1765727216718,CH1,POWER,3.80
1765727216723,CH1,POWER,3.80
1765727216728,CH1,POWER,3.80
1765727216733,CH1,POWER,3.80
1765727216738,CH1,POWER,3.80
1765727216746,CH1,POWER,3.80
1765727216751,CH1,POWER,3.80
1765727216758,CH1,POWER,3.80
1765727216763,CH1,POWER,3.80
1765727216768,CH1,POWER,3.80
1765727216773,CH1,POWER,3.80
1765727216778,CH1,POWER,3.80
1765727216786,CH1,POWER,3.80
1765727216791,CH1,POWER,3.80
1765727216798,CH1,POWER,3.80
1765727216803,CH1,POWER,3.80
1765727216808,CH1,POWER,3.80
1765727216813,CH1,POWER,3.80
1765727216817,CH1,POWER,3.80
1765727216822,CH1,POWER,3.80
1765727216826,CH1,POWER,3.80
1765727216830,CH1,POWER,3.80
1765727216835,CH1,POWER,3.80
1765727216839,CH1,POWER,3.80
1765727216867,CH1,POWER,3.65
1765727216872,CH1,POWER,3.65
1765727216876,CH1,POWER,3.65
1765727216881,CH1,POWER,3.65
1765727216888,CH1,POWER,3.65
1765727216892,CH1,POWER,3.65
1765727216896,CH1,POWER,3.65
1765727216900,CH1,POWER,3.65
1765727216905,CH1,POWER,3.65
1765727216909,CH1,POWER,3.65
1765727216913,CH1,POWER,3.65
1765727216919,CH1,POWER,3.65
1765727216925,CH1,POWER,3.65
1765727216929,CH1,POWER,3.65
1765727216933,CH1,POWER,3.65
1765727216940,CH1,POWER,3.65
1765727216945,CH1,POWER,3.65
1765727216949,CH1,POWER,3.65
1765727216953,CH1,POWER,3.65
1765727216960,CH1,POWER,3.65
1765727216965,CH1,POWER,3.65
1765727216969,CH1,POWER,3.65
1765727216974,CH1,POWER,3.65
1765727216980,CH1,POWER,3.65
1765727216985,CH1,POWER,3.65
1765727216990,CH1,POWER,3.65
1765727216995,CH1,POWER,3.65
1765727216999,CH1,POWER,3.65
1765727217004,CH1,POWER,3.65
1765727217008,CH1,POWER,3.65
1765727217013,CH1,POWER,3.65
1765727217020,CH1,POWER,3.65
1765727217028,CH1,POWER,3.65
1765727217033,CH1,POWER,3.65
1765727217040,CH1,POWER,3.65
1765727217048,CH1,POWER,3.65
1765727217053,CH1,POWER,3.65
1765727217060,CH1,POWER,3.65
1765727217065,CH1,POWER,3.65
1765727217070,CH1,POWER,3.65
1765727217075,CH1,POWER,3.65
1765727217079,CH1,POWER,3.65
1765727217085,CH1,POWER,3.65
1765727217089,CH1,POWER,3.65
1765727217094,CH1,POWER,3.65
1765727217099,CH1,POWER,3.65
1765727217103,CH1,POWER,3.65
1765727217110,CH1,POWER,3.65
1765727217115,CH1,POWER,3.65
1765727217119,CH1,POWER,3.65
1765727217124,CH1,POWER,3.65
1765727217130,CH1,POWER,3.65
1765727217135,CH1,POWER,3.65
1765727217140,CH1,POWER,3.65
1765727217145,CH1,POWER,3.65
1765727217150,CH1,POWER,3.65
1765727217155,CH1,POWER,3.65
1765727217159,CH1,POWER,3.65
1765727217163,CH1,POWER,3.65
1765727217170,CH1,POWER,3.65
1765727217175,CH1,POWER,3.65
1765727217180,CH1,POWER,3.65
1765727217185,CH1,POWER,3.65
1765727217190,CH1,POWER,3.65
1765727217195,CH1,POWER,3.65
1765727217199,CH1,POWER,3.65
1765727217204,CH1,POWER,3.65
1765727217208,CH1,POWER,3.65
1765727217213,CH1,POWER,3.65
1765727217218,CH1,POWER,3.65
1765727217222,CH1,POWER,3.65
1765727217230,CH1,POWER,3.65
1765727217233,CH1,POWER,3.70
1765727217259,CH1,POWER,3.70
1765727217264,CH1,POWER,3.70
1765727217268,CH1,POWER,3.70
1765727217272,CH1,POWER,3.70
1765727217277,CH1,POWER,3.70
1765727217282,CH1,POWER,3.70
1765727217290,CH1,POWER,3.70
1765727217295,CH1,POWER,3.70
1765727217301,CH1,POWER,3.70
1765727217306,CH1,POWER,3.70
1765727217310,CH1,POWER,3.70
1765727217315,CH1,POWER,3.70
1765727217322,CH1,POWER,3.70
1765727217330,CH1,POWER,3.70
1765727217334,CH1,POWER,3.70
1765727217338,CH1,POWER,3.70
1765727217343,CH1,POWER,3.70
1765727217349,CH1,POWER,3.70
1765727217354,CH1,POWER,3.70
1765727217359,CH1,POWER,3.70
1765727217363,CH1,POWER,3.70
1765727217369,CH1,POWER,3.70
1765727217374,CH1,POWER,3.70
1765727217378,CH1,POWER,3.70
1765727217383,CH1,POWER,3.70
1765727217389,CH1,POWER,3.70
1765727217393,CH1,POWER,3.70
1765727217400,CH1,POWER,3.70
1765727217405,CH1,POWER,3.70
1765727217411,CH1,POWER,3.70
1765727217416,CH1,POWER,3.70
1765727217421,CH1,POWER,3.70
1765727217425,CH1,POWER,3.70
1765727217432,CH1,POWER,3.70
1765727217437,CH1,POWER,3.70
1765727217441,CH1,POWER,3.70
1765727217445,CH1,POWER,3.70
1765727217452,CH1,POWER,3.70
1765727217457,CH1,POWER,3.70
1765727217461,CH1,POWER,3.70
1765727217465,CH1,POWER,3.70
1765727217472,CH1,POWER,3.70
1765727217477,CH1,POWER,3.70
1765727217481,CH1,POWER,3.70
1765727217485,CH1,POWER,3.70
1765727217490,CH1,POWER,3.70
1765727217494,CH1,POWER,3.70
1765727217499,CH1,POWER,3.70
1765727217503,CH1,POWER,3.70
1765727217510,CH1,POWER,3.70
1765727217514,CH1,POWER,3.70
1765727217518,CH1,POWER,3.70
1765727217523,CH1,POWER,3.70
1765727217530,CH1,POWER,3.70
1765727217534,CH1,POWER,3.70
1765727217542,CH1,POWER,3.70
1765727217547,CH1,POWER,3.70
1765727217552,CH1,POWER,3.70
1765727217557,CH1,POWER,3.70
1765727217562,CH1,POWER,3.70
1765727217567,CH1,POWER,3.70
1765727217571,CH1,POWER,3.70
1765727217575,CH1,POWER,3.70
1765727217582,CH1,POWER,3.70
1765727217587,CH1,POWER,3.70
1765727217592,CH1,POWER,3.70
1765727217597,CH1,POWER,3.70
1765727217601,CH1,POWER,3.70
1765727217605,CH1,POWER,3.70
1765727217611,CH1,POWER,3.70
1765727217620,CH1,POWER,3.70
1765727217623,CH1,POWER,3.75
1765727217626,CH1,POWER,3.75
1765727217654,CH1,POWER,3.75
1765727217659,CH1,POWER,3.75
1765727217663,CH1,POWER,3.75
1765727217672,CH1,POWER,3.75
1765727217677,CH1,POWER,3.75
1765727217683,CH1,POWER,3.75
1765727217688,CH1,POWER,3.75
1765727217692,CH1,POWER,3.75
1765727217697,CH1,POWER,3.75
1765727217704,CH1,POWER,3.75
1765727217709,CH1,POWER,3.75
1765727217714,CH1,POWER,3.75
1765727217719,CH1,POWER,3.75
1765727217724,CH1,POWER,3.75
1765727217732,CH1,POWER,3.75
1765727217737,CH1,POWER,3.75
1765727217743,CH1,POWER,3.75
1765727217748,CH1,POWER,3.75
1765727217754,CH1,POWER,3.75
1765727217759,CH1,POWER,3.75
1765727217763,CH1,POWER,3.75
1765727217769,CH1,POWER,3.75
1765727217774,CH1,POWER,3.75
1765727217779,CH1,POWER,3.75
1765727217783,CH1,POWER,3.75
1765727217789,CH1,POWER,3.75
1765727217794,CH1,POWER,3.75
1765727217799,CH1,POWER,3.75
1765727217804,CH1,POWER,3.75
1765727217812,CH1,POWER,3.75
1765727217817,CH1,POWER,3.75
1765727217824,CH1,POWER,3.75
1765727217829,CH1,POWER,3.75
1765727217834,CH1,POWER,3.75
1765727217839,CH1,POWER,3.75
1765727217843,CH1,POWER,3.75
1765727217848,CH1,POWER,3.75
1765727217852,CH1,POWER,3.75
1765727217856,CH1,POWER,3.75
1765727217864,CH1,POWER,3.75
1765727217869,CH1,POWER,3.75
1765727217874,CH1,POWER,3.75
1765727217879,CH1,POWER,3.75
1765727217883,CH1,POWER,3.75
1765727217888,CH1,POWER,3.75
1765727217892,CH1,POWER,3.75
1765727217896,CH1,POWER,3.75
1765727217901,CH1,POWER,3.75
1765727217906,CH1,POWER,3.75
1765727217910,CH1,POWER,3.75
1765727217915,CH1,POWER,3.75
1765727217921,CH1,POWER,3.75
1765727217928,CH1,POWER,3.75
1765727217932,CH1,POWER,3.75
1765727217938,CH1,POWER,3.75
1765727217942,CH1,POWER,3.75
1765727217947,CH1,POWER,3.75
1765727217953,CH1,POWER,3.75
1765727217957,CH1,POWER,3.75
1765727217963,CH1,POWER,3.75
1765727217972,CH1,POWER,3.75
1765727217977,CH1,POWER,3.75
1765727217983,CH1,POWER,3.75
1765727217988,CH1,POWER,3.75
1765727217993,CH1,POWER,3.75
1765727217997,CH1,POWER,3.75
1765727218004,CH1,POWER,3.75
1765727218009,CH1,POWER,3.75
1765727218013,CH1,POWER,3.75
1765727218017,CH1,POWER,3.65
1765727218043,CH1,POWER,3.65
1765727218049,CH1,POWER,3.65
1765727218055,CH1,POWER,3.65
1765727218064,CH1,POWER,3.65
1765727218069,CH1,POWER,3.65
1765727218075,CH1,POWER,3.65
1765727218079,CH1,POWER,3.65
1765727218085,CH1,POWER,3.65
1765727218089,CH1,POWER,3.65
1765727218095,CH1,POWER,3.65
1765727218104,CH1,POWER,3.65
1765727218108,CH1,POWER,3.65
1765727218115,CH1,POWER,3.65
1765727218119,CH1,POWER,3.65
1765727218126,CH1,POWER,3.65
1765727218131,CH1,POWER,3.65
1765727218136,CH1,POWER,3.65
1765727218141,CH1,POWER,3.65
1765727218145,CH1,POWER,3.65
1765727218150,CH1,POWER,3.65
1765727218154,CH1,POWER,3.65
1765727218158,CH1,POWER,3.65
1765727218166,CH1,POWER,3.65
1765727218173,CH1,POWER,3.65
1765727218178,CH1,POWER,3.65
1765727218182,CH1,POWER,3.65
1765727218188,CH1,POWER,3.65
1765727218192,CH1,POWER,3.65
1765727218199,CH1,POWER,3.65
1765727218205,CH1,POWER,3.65
1765727218209,CH1,POWER,3.65
1765727218216,CH1,POWER,3.65
1765727218221,CH1,POWER,3.65
1765727218226,CH1,POWER,3.65
1765727218231,CH1,POWER,3.65
1765727218235,CH1,POWER,3.65
1765727218239,CH1,POWER,3.65
1765727218245,CH1,POWER,3.65
1765727218249,CH1,POWER,3.65
1765727218255,CH1,POWER,3.65
1765727218259,CH1,POWER,3.65
1765727218265,CH1,POWER,3.65
1765727218274,CH1,POWER,3.65
1765727218279,CH1,POWER,3.65
1765727218286,CH1,POWER,3.65
1765727218291,CH1,POWER,3.65
1765727218295,CH1,POWER,3.65
1765727218303,CH1,POWER,3.65
1765727218307,CH1,POWER,3.65
1765727218314,CH1,POWER,3.65
1765727218319,CH1,POWER,3.65
1765727218325,CH1,POWER,3.65
1765727218331,CH1,POWER,3.65
1765727218335,CH1,POWER,3.65
1765727218339,CH1,POWER,3.65
1765727218345,CH1,POWER,3.65
1765727218354,CH1,POWER,3.65
1765727218359,CH1,POWER,3.65
1765727218365,CH1,POWER,3.65
1765727218370,CH1,POWER,3.65
1765727218374,CH1,POWER,3.65
1765727218378,CH1,POWER,3.65
1765727218384,CH1,POWER,3.65
1765727218391,CH1,POWER,3.65
1765727218396,CH1,POWER,3.65
1765727218400,CH1,POWER,3.65
1765727218428,CH1,POWER,3.65
1765727218433,CH1,POWER,3.65
1765727218437,CH1,POWER,3.65
1765727218441,CH1,POWER,3.65
1765727218448,CH1,POWER,3.65
1765727218453,CH1,POWER,3.65
1765727218457,CH1,POWER,3.65
1765727218461,CH1,POWER,3.65
1765727218467,CH1,POWER,3.65
1765727218475,CH1,POWER,3.65
1765727218480,CH1,POWER,3.65
1765727218485,CH1,POWER,3.65
1765727218489,CH1,POWER,3.65
1765727218496,CH1,POWER,3.65
1765727218500,CH1,POWER,3.65
1765727218507,CH1,POWER,3.65
1765727218512,CH1,POWER,3.65
1765727218516,CH1,POWER,3.65
1765727218523,CH1,POWER,3.65
1765727218527,CH1,POWER,3.65
1765727218533,CH1,POWER,3.65
1765727218537,CH1,POWER,3.65
1765727218546,CH1,POWER,3.65
1765727218550,CH1,POWER,3.65
1765727218558,CH1,POWER,3.65
1765727218563,CH1,POWER,3.65
1765727218567,CH1,POWER,3.65
1765727218573,CH1,POWER,3.65
1765727218577,CH1,POWER,3.65
1765727218581,CH1,POWER,3.65
1765727218587,CH1,POWER,3.65
1765727218591,CH1,POWER,3.65
1765727218598,CH1,POWER,3.65
1765727218603,CH1,POWER,3.65
1765727218608,CH1,POWER,3.65
1765727218613,CH1,POWER,3.65
1765727218617,CH1,POWER,3.65
1765727218621,CH1,POWER,3.65
1765727218627,CH1,POWER,3.65
1765727218633,CH1,POWER,3.65
1765727218637,CH1,POWER,3.65
1765727218643,CH1,POWER,3.65
1765727218648,CH1,POWER,3.65
1765727218653,CH1,POWER,3.65
1765727218657,CH1,POWER,3.65
1765727218661,CH1,POWER,3.65
1765727218667,CH1,POWER,3.65
1765727218673,CH1,POWER,3.65
1765727218677,CH1,POWER,3.65
1765727218681,CH1,POWER,3.65
1765727218687,CH1,POWER,3.65
1765727218692,CH1,POWER,3.65
1765727218696,CH1,POWER,3.65
1765727218703,CH1,POWER,3.65
1765727218708,CH1,POWER,3.65
1765727218713,CH1,POWER,3.65
1765727218717,CH1,POWER,3.65
1765727218721,CH1,POWER,3.65
1765727218726,CH1,POWER,3.65
1765727218733,CH1,POWER,3.65
1765727218738,CH1,POWER,3.65
1765727218743,CH1,POWER,3.65
1765727218747,CH1,POWER,3.65
1765727218753,CH1,POWER,3.65
1765727218757,CH1,POWER,3.65
1765727218763,CH1,POWER,3.65
1765727218768,CH1,POWER,3.65
1765727218773,CH1,POWER,3.65
1765727218777,CH1,POWER,3.65
1765727218783,CH1,POWER,3.65
1765727218788,CH1,POWER,3.65
1765727218790,CH1,POWER,3.35
1765727218817,CH1,POWER,3.35
1765727218821,CH1,POWER,3.35
1765727218826,CH1,POWER,3.35
1765727218830,CH1,POWER,3.35
1765727218835,CH1,POWER,3.35
1765727218839,CH1,POWER,3.35
1765727218843,CH1,POWER,3.35
1765727218849,CH1,POWER,3.35
1765727218853,CH1,POWER,3.35
1765727218858,CH1,POWER,3.35
1765727218862,CH1,POWER,3.35
1765727218868,CH1,POWER,3.35
1765727218872,CH1,POWER,3.35
1765727218879,CH1,POWER,3.35
1765727218885,CH1,POWER,3.35
1765727218889,CH1,POWER,3.35
1765727218895,CH1,POWER,3.35
1765727218899,CH1,POWER,3.35
1765727218905,CH1,POWER,3.35
1765727218910,CH1,POWER,3.35
1765727218915,CH1,POWER,3.35
1765727218919,CH1,POWER,3.35
1765727218925,CH1,POWER,3.35
1765727218930,CH1,POWER,3.35
1765727218935,CH1,POWER,3.35
1765727218940,CH1,POWER,3.35
1765727218945,CH1,POWER,3.35
1765727218949,CH1,POWER,3.35
1765727218957,CH1,POWER,3.35
1765727218963,CH1,POWER,3.35
1765727218969,CH1,POWER,3.35
1765727218973,CH1,POWER,3.35
1765727218979,CH1,POWER,3.35
1765727218983,CH1,POWER,3.35
1765727218989,CH1,POWER,3.35
1765727218997,CH1,POWER,3.35
1765727219003,CH1,POWER,3.35
1765727219009,CH1,POWER,3.35
1765727219014,CH1,POWER,3.35
1765727219018,CH1,POWER,3.35
1765727219022,CH1,POWER,3.35
1765727219029,CH1,POWER,3.35
1765727219033,CH1,POWER,3.35
1765727219039,CH1,POWER,3.35
1765727219045,CH1,POWER,3.35
1765727219049,CH1,POWER,3.35
1765727219057,CH1,POWER,3.35
1765727219062,CH1,POWER,3.35
1765727219069,CH1,POWER,3.35
1765727219075,CH1,POWER,3.35
1765727219079,CH1,POWER,3.35
1765727219083,CH1,POWER,3.35
1765727219090,CH1,POWER,3.35
1765727219095,CH1,POWER,3.35
1765727219100,CH1,POWER,3.35
1765727219105,CH1,POWER,3.35
1765727219109,CH1,POWER,3.35
1765727219117,CH1,POWER,3.35
1765727219123,CH1,POWER,3.35
1765727219129,CH1,POWER,3.35
1765727219135,CH1,POWER,3.35
1765727219139,CH1,POWER,3.35
1765727219143,CH1,POWER,3.35
1765727219148,CH1,POWER,3.35
1765727219152,CH1,POWER,3.35
1765727219156,CH1,POWER,3.35
1765727219160,CH1,POWER,3.35
1765727219165,CH1,POWER,3.35
1765727219169,CH1,POWER,3.35
1765727219173,CH1,POWER,3.35
1765727219178,CH1,POWER,3.35
1765727219182,CH1,POWER,3.35
1765727219188,CH1,POWER,3.35
1765727219191,CH1,POWER,3.55
1765727219193,CH1,POWER,3.55
1765727219220,CH1,POWER,3.55
1765727219225,CH1,POWER,3.55
1765727219231,CH1,POWER,3.55
1765727219239,CH1,POWER,3.55
1765727219245,CH1,POWER,3.55
1765727219251,CH1,POWER,3.55
1765727219257,CH1,POWER,3.55
1765727219261,CH1,POWER,3.55
1765727219265,CH1,POWER,3.55
1765727219271,CH1,POWER,3.55
1765727219276,CH1,POWER,3.55
1765727219280,CH1,POWER,3.55
1765727219286,CH1,POWER,3.55
1765727219290,CH1,POWER,3.55
1765727219295,CH1,POWER,3.55
1765727219300,CH1,POWER,3.55
1765727219304,CH1,POWER,3.55
1765727219308,CH1,POWER,3.55
1765727219312,CH1,POWER,3.55
1765727219317,CH1,POWER,3.55
1765727219321,CH1,POWER,3.55
1765727219325,CH1,POWER,3.55
1765727219330,CH1,POWER,3.55
1765727219335,CH1,POWER,3.55
1765727219341,CH1,POWER,3.55
1765727219347,CH1,POWER,3.55
1765727219351,CH1,POWER,3.55
1765727219355,CH1,POWER,3.55
1765727219361,CH1,POWER,3.55
1765727219365,CH1,POWER,3.55
1765727219371,CH1,POWER,3.55
1765727219375,CH1,POWER,3.55
1765727219381,CH1,POWER,3.55
1765727219385,CH1,POWER,3.55
1765727219391,CH1,POWER,3.55
1765727219400,CH1,POWER,3.55
1765727219404,CH1,POWER,3.55
1765727219411,CH1,POWER,3.55
1765727219417,CH1,POWER,3.55
1765727219422,CH1,POWER,3.55
1765727219427,CH1,POWER,3.55
1765727219431,CH1,POWER,3.55
1765727219437,CH1,POWER,3.55
1765727219442,CH1,POWER,3.55
1765727219447,CH1,POWER,3.55
1765727219451,CH1,POWER,3.55
1765727219455,CH1,POWER,3.55
1765727219461,CH1,POWER,3.55
1765727219465,CH1,POWER,3.55
1765727219472,CH1,POWER,3.55
1765727219477,CH1,POWER,3.55
1765727219481,CH1,POWER,3.55
1765727219489,CH1,POWER,3.55
1765727219495,CH1,POWER,3.55
1765727219500,CH1,POWER,3.55
1765727219507,CH1,POWER,3.55
1765727219511,CH1,POWER,3.55
1765727219517,CH1,POWER,3.55
1765727219521,CH1,POWER,3.55
1765727219525,CH1,POWER,3.55
1765727219531,CH1,POWER,3.55
1765727219537,CH1,POWER,3.55
1765727219541,CH1,POWER,3.55
1765727219545,CH1,POWER,3.55
1765727219551,CH1,POWER,3.55
1765727219555,CH1,POWER,3.55
1765727219561,CH1,POWER,3.55
1765727219565,CH1,POWER,3.55
1765727219571,CH1,POWER,3.55
1765727219575,CH1,POWER,3.55
1765727219581,CH1,POWER,3.55
1765727219584,CH1,POWER,3.70
1765727219610,CH1,POWER,3.70
1765727219616,CH1,POWER,3.70
1765727219620,CH1,POWER,3.70
1765727219624,CH1,POWER,3.70
1765727219630,CH1,POWER,3.70
1765727219634,CH1,POWER,3.70
1765727219639,CH1,POWER,3.70
1765727219643,CH1,POWER,3.70
1765727219647,CH1,POWER,3.70
1765727219653,CH1,POWER,3.70
1765727219661,CH1,POWER,3.70
1765727219666,CH1,POWER,3.70
1765727219673,CH1,POWER,3.70
1765727219679,CH1,POWER,3.70
1765727219683,CH1,POWER,3.70
1765727219689,CH1,POWER,3.70
1765727219693,CH1,POWER,3.70
1765727219697,CH1,POWER,3.70
1765727219703,CH1,POWER,3.70
1765727219707,CH1,POWER,3.70
1765727219712,CH1,POWER,3.70
1765727219717,CH1,POWER,3.70
1765727219723,CH1,POWER,3.70
1765727219729,CH1,POWER,3.70
1765727219733,CH1,POWER,3.70
1765727219737,CH1,POWER,3.70
1765727219743,CH1,POWER,3.70
1765727219749,CH1,POWER,3.70
1765727219753,CH1,POWER,3.70
1765727219757,CH1,POWER,3.70
1765727219763,CH1,POWER,3.70
1765727219767,CH1,POWER,3.70
1765727219773,CH1,POWER,3.70
1765727219777,CH1,POWER,3.70
1765727219783,CH1,POWER,3.70
1765727219789,CH1,POWER,3.70
1765727219793,CH1,POWER,3.70
1765727219797,CH1,POWER,3.70
1765727219803,CH1,POWER,3.70
1765727219811,CH1,POWER,3.70
1765727219815,CH1,POWER,3.70
1765727219820,CH1,POWER,3.70
1765727219826,CH1,POWER,3.70
1765727219832,CH1,POWER,3.70
1765727219836,CH1,POWER,3.70
1765727219840,CH1,POWER,3.70
1765727219845,CH1,POWER,3.70
1765727219851,CH1,POWER,3.70
1765727219857,CH1,POWER,3.70
1765727219863,CH1,POWER,3.70
1765727219867,CH1,POWER,3.70
1765727219872,CH1,POWER,3.70
1765727219877,CH1,POWER,3.70
1765727219883,CH1,POWER,3.70
1765727219887,CH1,POWER,3.70
1765727219893,CH1,POWER,3.70
1765727219901,CH1,POWER,3.70
1765727219906,CH1,POWER,3.70
1765727219910,CH1,POWER,3.70
1765727219915,CH1,POWER,3.70
1765727219921,CH1,POWER,3.70
1765727219925,CH1,POWER,3.70
1765727219930,CH1,POWER,3.70
1765727219936,CH1,POWER,3.70
1765727219943,CH1,POWER,3.70
1765727219947,CH1,POWER,3.70
1765727219953,CH1,POWER,3.70
1765727219957,CH1,POWER,3.70
1765727219963,CH1,POWER,3.70
1765727219969,CH1,POWER,3.70
1765727219973,CH1,POWER,3.70
1765727219977,CH1,POWER,3.70
1765727219982,CH1,POWER,3.75
1765727219984,CH1,POWER,3.75
1765727219987,CH1,POWER,3.75
1765727220014,CH1,POWER,3.75
1765727220018,CH1,POWER,3.75
1765727220022,CH1,POWER,3.75
1765727220028,CH1,POWER,3.75
1765727220032,CH1,POWER,3.75
1765727220036,CH1,POWER,3.75
1765727220041,CH1,POWER,3.75
1765727220045,CH1,POWER,3.75
1765727220053,CH1,POWER,3.75
1765727220057,CH1,POWER,3.75
1765727220062,CH1,POWER,3.75
1765727220068,CH1,POWER,3.75
1765727220074,CH1,POWER,3.75
1765727220078,CH1,POWER,3.75
1765727220082,CH1,POWER,3.75
1765727220087,CH1,POWER,3.75
1765727220093,CH1,POWER,3.75
1765727220098,CH1,POWER,3.75
1765727220104,CH1,POWER,3.75
1765727220108,CH1,POWER,3.75
1765727220112,CH1,POWER,3.75
1765727220118,CH1,POWER,3.75
1765727220122,CH1,POWER,3.75
1765727220127,CH1,POWER,3.75
1765727220132,CH1,POWER,3.75
1765727220136,CH1,POWER,3.75
1765727220141,CH1,POWER,3.75
1765727220145,CH1,POWER,3.75
1765727220149,CH1,POWER,3.75
1765727220154,CH1,POWER,3.75
1765727220161,CH1,POWER,3.75
1765727220165,CH1,POWER,3.75
1765727220173,CH1,POWER,3.75
1765727220177,CH1,POWER,3.75
1765727220182,CH1,POWER,3.75
1765727220188,CH1,POWER,3.75
1765727220194,CH1,POWER,3.75
1765727220199,CH1,POWER,3.75
1765727220205,CH1,POWER,3.75
1765727220211,CH1,POWER,3.75
1765727220215,CH1,POWER,3.75
1765727220221,CH1,POWER,3.75
1765727220225,CH1,POWER,3.75
1765727220229,CH1,POWER,3.75
1765727220235,CH1,POWER,3.75
1765727220239,CH1,POWER,3.75
1765727220244,CH1,POWER,3.75
1765727220251,CH1,POWER,3.75
1765727220255,CH1,POWER,3.75
1765727220261,CH1,POWER,3.75
1765727220265,CH1,POWER,3.75
1765727220271,CH1,POWER,3.75
1765727220275,CH1,POWER,3.75
1765727220279,CH1,POWER,3.75
1765727220285,CH1,POWER,3.75
1765727220291,CH1,POWER,3.75
1765727220295,CH1,POWER,3.75
1765727220301,CH1,POWER,3.75
1765727220305,CH1,POWER,3.75
1765727220311,CH1,POWER,3.75
1765727220315,CH1,POWER,3.75
1765727220319,CH1,POWER,3.75
1765727220325,CH1,POWER,3.75
1765727220329,CH1,POWER,3.75
1765727220335,CH1,POWER,3.75
1765727220339,CH1,POWER,3.75
1765727220345,CH1,POWER,3.75
1765727220351,CH1,POWER,3.75
1765727220355,CH1,POWER,3.75
1765727220359,CH1,POWER,3.75
1765727220365,CH1,POWER,3.75
1765727220371,CH1,POWER,3.75
1765727220374,CH1,POWER,3.70
1765727220377,CH1,POWER,3.70
1765727220379,CH1,POWER,3.70
1765727220406,CH1,POWER,3.70
1765727220411,CH1,POWER,3.70
1765727220416,CH1,POWER,3.70
1765727220420,CH1,POWER,3.70
1765727220426,CH1,POWER,3.70
1765727220433,CH1,POWER,3.70
1765727220437,CH1,POWER,3.70
1765727220445,CH1,POWER,3.70
1765727220449,CH1,POWER,3.70
1765727220454,CH1,POWER,3.70
1765727220458,CH1,POWER,3.70
1765727220463,CH1,POWER,3.70
1765727220467,CH1,POWER,3.70
1765727220471,CH1,POWER,3.70
1765727220476,CH1,POWER,3.70
1765727220481,CH1,POWER,3.70
1765727220486,CH1,POWER,3.70
1765727220493,CH1,POWER,3.70
1765727220497,CH1,POWER,3.70
1765727220501,CH1,POWER,3.70
1765727220507,CH1,POWER,3.70
1765727220511,CH1,POWER,3.70
1765727220517,CH1,POWER,3.70
1765727220525,CH1,POWER,3.70
1765727220529,CH1,POWER,3.70
1765727220534,CH1,POWER,3.70
1765727220538,CH1,POWER,3.70
1765727220543,CH1,POWER,3.70
1765727220547,CH1,POWER,3.70
1765727220551,CH1,POWER,3.70
1765727220557,CH1,POWER,3.70
1765727220563,CH1,POWER,3.70
1765727220567,CH1,POWER,3.70
1765727220571,CH1,POWER,3.70
1765727220577,CH1,POWER,3.70
1765727220583,CH1,POWER,3.70
1765727220587,CH1,POWER,3.70
1765727220591,CH1,POWER,3.70
1765727220597,CH1,POWER,3.70
1765727220603,CH1,POWER,3.70
1765727220607,CH1,POWER,3.70
1765727220611,CH1,POWER,3.70
1765727220617,CH1,POWER,3.70
1765727220623,CH1,POWER,3.70
1765727220627,CH1,POWER,3.70
1765727220631,CH1,POWER,3.70
1765727220636,CH1,POWER,3.70
1765727220641,CH1,POWER,3.70
1765727220647,CH1,POWER,3.70
1765727220653,CH1,POWER,3.70
1765727220657,CH1,POWER,3.70
1765727220661,CH1,POWER,3.70
1765727220667,CH1,POWER,3.70
1765727220673,CH1,POWER,3.70
1765727220677,CH1,POWER,3.70
1765727220681,CH1,POWER,3.70
1765727220687,CH1,POWER,3.70
1765727220693,CH1,POWER,3.70
1765727220697,CH1,POWER,3.70
1765727220701,CH1,POWER,3.70
1765727220706,CH1,POWER,3.70
1765727220711,CH1,POWER,3.70
1765727220717,CH1,POWER,3.70
1765727220723,CH1,POWER,3.70
1765727220727,CH1,POWER,3.70
1765727220731,CH1,POWER,3.70
1765727220736,CH1,POWER,3.70
1765727220740,CH1,POWER,3.70
1765727220744,CH1,POWER,3.70
1765727220749,CH1,POWER,3.70
1765727220755,CH1,POWER,3.70
1765727220760,CH1,POWER,3.70
1765727220764,CH1,POWER,3.70
1765727220768,CH1,POWER,3.70
1765727220771,CH1,POWER,3.85
1765727220798,CH1,POWER,3.85
1765727220803,CH1,POWER,3.85
1765727220808,CH1,POWER,3.85
1765727220812,CH1,POWER,3.85
1765727220816,CH1,POWER,3.85
1765727220821,CH1,POWER,3.85
1765727220827,CH1,POWER,3.85
1765727220832,CH1,POWER,3.85
1765727220839,CH1,POWER,3.85
1765727220843,CH1,POWER,3.85
1765727220848,CH1,POWER,3.85
1765727220852,CH1,POWER,3.85
1765727220856,CH1,POWER,3.85
1765727220861,CH1,POWER,3.85
1765727220867,CH1,POWER,3.85
1765727220872,CH1,POWER,3.85
1765727220879,CH1,POWER,3.85
1765727220885,CH1,POWER,3.85
1765727220889,CH1,POWER,3.85
1765727220893,CH1,POWER,3.85
1765727220899,CH1,POWER,3.85
1765727220905,CH1,POWER,3.85
1765727220909,CH1,POWER,3.85
1765727220915,CH1,POWER,3.85
1765727220919,CH1,POWER,3.85
1765727220925,CH1,POWER,3.85
1765727220929,CH1,POWER,3.85
1765727220935,CH1,POWER,3.85
1765727220939,CH1,POWER,3.85
1765727220943,CH1,POWER,3.85
1765727220949,CH1,POWER,3.85
1765727220955,CH1,POWER,3.85
1765727220959,CH1,POWER,3.85
1765727220965,CH1,POWER,3.85
1765727220969,CH1,POWER,3.85
1765727220975,CH1,POWER,3.85
1765727220979,CH1,POWER,3.85
1765727220985,CH1,POWER,3.85
1765727220989,CH1,POWER,3.85
1765727220995,CH1,POWER,3.85
1765727220999,CH1,POWER,3.85
1765727221003,CH1,POWER,3.85
1765727221009,CH1,POWER,3.85
1765727221015,CH1,POWER,3.85
1765727221019,CH1,POWER,3.85
1765727221025,CH1,POWER,3.85
1765727221029,CH1,POWER,3.85
1765727221033,CH1,POWER,3.85
1765727221039,CH1,POWER,3.85
1765727221045,CH1,POWER,3.85
1765727221049,CH1,POWER,3.85
1765727221053,CH1,POWER,3.85
1765727221059,CH1,POWER,3.85
1765727221065,CH1,POWER,3.85
1765727221069,CH1,POWER,3.85
1765727221075,CH1,POWER,3.85
1765727221079,CH1,POWER,3.85
1765727221083,CH1,POWER,3.85
1765727221088,CH1,POWER,3.85
1765727221092,CH1,POWER,3.85
1765727221096,CH1,POWER,3.85
1765727221101,CH1,POWER,3.85
1765727221107,CH1,POWER,3.85
1765727221112,CH1,POWER,3.85
1765727221119,CH1,POWER,3.85
1765727221123,CH1,POWER,3.85
1765727221128,CH1,POWER,3.85
1765727221132,CH1,POWER,3.85
1765727221136,CH1,POWER,3.85
1765727221141,CH1,POWER,3.85
1765727221147,CH1,POWER,3.85
1765727221152,CH1,POWER,3.85
1765727221158,CH1,POWER,3.85
1765727221161,CH1,POWER,3.85
1765727221163,CH1,POWER,3.85
1765727221190,CH1,POWER,3.85
1765727221195,CH1,POWER,3.85
1765727221200,CH1,POWER,3.85
1765727221204,CH1,POWER,3.85
1765727221211,CH1,POWER,3.85
1765727221217,CH1,POWER,3.85
1765727221221,CH1,POWER,3.85
1765727221225,CH1,POWER,3.85
1765727221231,CH1,POWER,3.85
1765727221235,CH1,POWER,3.85
1765727221241,CH1,POWER,3.85
1765727221245,CH1,POWER,3.85
1765727221251,CH1,POWER,3.85
1765727221257,CH1,POWER,3.85
1765727221261,CH1,POWER,3.85
1765727221267,CH1,POWER,3.85
1765727221271,CH1,POWER,3.85
1765727221275,CH1,POWER,3.85
1765727221281,CH1,POWER,3.85
1765727221289,CH1,POWER,3.85
1765727221294,CH1,POWER,3.85
1765727221300,CH1,POWER,3.85
1765727221305,CH1,POWER,3.85
1765727221311,CH1,POWER,3.85
1765727221317,CH1,POWER,3.85
1765727221321,CH1,POWER,3.85
1765727221325,CH1,POWER,3.85
1765727221331,CH1,POWER,3.85
1765727221335,CH1,POWER,3.85
1765727221340,CH1,POWER,3.85
1765727221344,CH1,POWER,3.85
1765727221348,CH1,POWER,3.85
1765727221352,CH1,POWER,3.85
1765727221359,CH1,POWER,3.85
1765727221365,CH1,POWER,3.85
1765727221370,CH1,POWER,3.85
1765727221374,CH1,POWER,3.85
1765727221380,CH1,POWER,3.85
1765727221384,CH1,POWER,3.85
1765727221388,CH1,POWER,3.85
1765727221392,CH1,POWER,3.85
1765727221397,CH1,POWER,3.85
1765727221401,CH1,POWER,3.85
1765727221409,CH1,POWER,3.85
1765727221413,CH1,POWER,3.85
1765727221419,CH1,POWER,3.85
1765727221423,CH1,POWER,3.85
1765727221429,CH1,POWER,3.85
1765727221434,CH1,POWER,3.85
1765727221438,CH1,POWER,3.85
1765727221443,CH1,POWER,3.85
1765727221449,CH1,POWER,3.85
1765727221454,CH1,POWER,3.85
1765727221461,CH1,POWER,3.85
1765727221467,CH1,POWER,3.85
1765727221471,CH1,POWER,3.85
1765727221477,CH1,POWER,3.85
1765727221481,CH1,POWER,3.85
1765727221485,CH1,POWER,3.85
1765727221490,CH1,POWER,3.85
1765727221495,CH1,POWER,3.85
1765727221501,CH1,POWER,3.85
1765727221507,CH1,POWER,3.85
1765727221511,CH1,POWER,3.85
1765727221517,CH1,POWER,3.85
1765727221521,CH1,POWER,3.85
1765727221525,CH1,POWER,3.85
1765727221531,CH1,POWER,3.85
1765727221537,CH1,POWER,3.85
1765727221541,CH1,POWER,3.85
1765727221545,CH1,POWER,3.85
1765727221551,CH1,POWER,3.85
1765727221557,CH1,POWER,3.85
1765727221561,CH1,POWER,3.85
1765727221564,CH1,POWER,3.85
1765727221590,CH1,POWER,3.85
1765727221595,CH1,POWER,3.85
1765727221600,CH1,POWER,3.85
1765727221604,CH1,POWER,3.85
1765727221609,CH1,POWER,3.85
1765727221613,CH1,POWER,3.85
1765727221617,CH1,POWER,3.85
1765727221623,CH1,POWER,3.85
1765727221631,CH1,POWER,3.85
1765727221636,CH1,POWER,3.85
1765727221643,CH1,POWER,3.85
1765727221651,CH1,POWER,3.85
1765727221656,CH1,POWER,3.85
1765727221663,CH1,POWER,3.85
1765727221669,CH1,POWER,3.85
1765727221673,CH1,POWER,3.85
1765727221677,CH1,POWER,3.85
1765727221683,CH1,POWER,3.85
1765727221689,CH1,POWER,3.85
1765727221693,CH1,POWER,3.85
1765727221697,CH1,POWER,3.85
1765727221702,CH1,POWER,3.85
1765727221707,CH1,POWER,3.85
1765727221713,CH1,POWER,3.85
1765727221721,CH1,POWER,3.85
1765727221726,CH1,POWER,3.85
1765727221730,CH1,POWER,3.85
1765727221735,CH1,POWER,3.85
1765727221741,CH1,POWER,3.85
1765727221746,CH1,POWER,3.85
1765727221753,CH1,POWER,3.85
1765727221757,CH1,POWER,3.85
1765727221763,CH1,POWER,3.85
1765727221767,CH1,POWER,3.85
1765727221773,CH1,POWER,3.85
1765727221779,CH1,POWER,3.85
1765727221783,CH1,POWER,3.85
1765727221789,CH1,POWER,3.85
1765727221793,CH1,POWER,3.85
1765727221801,CH1,POWER,3.85
1765727221807,CH1,POWER,3.85
1765727221812,CH1,POWER,3.85
1765727221816,CH1,POWER,3.85
1765727221823,CH1,POWER,3.85
1765727221827,CH1,POWER,3.85
1765727221832,CH1,POWER,3.85
1765727221836,CH1,POWER,3.85
1765727221843,CH1,POWER,3.85
1765727221849,CH1,POWER,3.85
1765727221853,CH1,POWER,3.85
1765727221859,CH1,POWER,3.85
1765727221863,CH1,POWER,3.85
1765727221869,CH1,POWER,3.85
1765727221873,CH1,POWER,3.85
1765727221877,CH1,POWER,3.85
1765727221882,CH1,POWER,3.85
1765727221886,CH1,POWER,3.85
1765727221893,CH1,POWER,3.85
1765727221899,CH1,POWER,3.85
1765727221903,CH1,POWER,3.85
1765727221909,CH1,POWER,3.85
1765727221913,CH1,POWER,3.85
1765727221917,CH1,POWER,3.85
1765727221923,CH1,POWER,3.85
1765727221929,CH1,POWER,3.85
1765727221933,CH1,POWER,3.85
1765727221937,CH1,POWER,3.85
1765727221943,CH1,POWER,3.85
1765727221947,CH1,POWER,3.85
1765727221951,CH1,POWER,3.95
1765727221953,CH1,POWER,3.95
1765727221956,CH1,POWER,3.95
1765727221982,CH1,POWER,3.95
1765727221987,CH1,POWER,3.95
1765727221992,CH1,POWER,3.95
1765727221996,CH1,POWER,3.95
1765727222001,CH1,POWER,3.95
1765727222005,CH1,POWER,3.95
1765727222009,CH1,POWER,3.95
1765727222014,CH1,POWER,3.95
1765727222018,CH1,POWER,3.95
1765727222022,CH1,POWER,3.95
1765727222026,CH1,POWER,3.95
1765727222031,CH1,POWER,3.95
1765727222035,CH1,POWER,3.95
1765727222043,CH1,POWER,3.95
1765727222048,CH1,POWER,3.95
1765727222055,CH1,POWER,3.95
1765727222059,CH1,POWER,3.95
1765727222064,CH1,POWER,3.95
1765727222069,CH1,POWER,3.95
1765727222074,CH1,POWER,3.95
1765727222078,CH1,POWER,3.95
1765727222085,CH1,POWER,3.95
1765727222091,CH1,POWER,3.95
1765727222095,CH1,POWER,3.95
1765727222099,CH1,POWER,3.95
1765727222105,CH1,POWER,3.95
1765727222111,CH1,POWER,3.95
1765727222115,CH1,POWER,3.95
1765727222119,CH1,POWER,3.95
1765727222125,CH1,POWER,3.95
1765727222129,CH1,POWER,3.95
1765727222134,CH1,POWER,3.95
1765727222138,CH1,POWER,3.95
1765727222145,CH1,POWER,3.95
1765727222149,CH1,POWER,3.95
1765727222155,CH1,POWER,3.95
1765727222161,CH1,POWER,3.95
1765727222165,CH1,POWER,3.95
1765727222169,CH1,POWER,3.95
1765727222175,CH1,POWER,3.95
1765727222183,CH1,POWER,3.95
1765727222188,CH1,POWER,3.95
1765727222192,CH1,POWER,3.95
1765727222197,CH1,POWER,3.95
1765727222203,CH1,POWER,3.95
1765727222209,CH1,POWER,3.95
1765727222214,CH1,POWER,3.95
1765727222218,CH1,POWER,3.95
1765727222222,CH1,POWER,3.95
1765727222226,CH1,POWER,3.95
1765727222232,CH1,POWER,3.95
1765727222238,CH1,POWER,3.95
1765727222246,CH1,POWER,3.95
1765727222253,CH1,POWER,3.95
1765727222258,CH1,POWER,3.95
1765727222265,CH1,POWER,3.95
1765727222273,CH1,POWER,3.95
1765727222278,CH1,POWER,3.95
1765727222282,CH1,POWER,3.95
1765727222287,CH1,POWER,3.95
1765727222293,CH1,POWER,3.95
1765727222299,CH1,POWER,3.95
1765727222304,CH1,POWER,3.95
1765727222308,CH1,POWER,3.95
1765727222315,CH1,POWER,3.95
1765727222319,CH1,POWER,3.95
1765727222324,CH1,POWER,3.95
1765727222328,CH1,POWER,3.95
1765727222334,CH1,POWER,3.95
1765727222339,CH1,POWER,3.95
1765727222345,CH1,POWER,3.95
1765727222349,CH1,POWER,3.95
1765727222353,CH1,POWER,3.75
1765727222355,CH1,POWER,3.75
1765727222358,CH1,POWER,3.75
1765727222384,CH1,POWER,3.75
1765727222389,CH1,POWER,3.75
1765727222394,CH1,POWER,3.75
1765727222398,CH1,POWER,3.75
1765727222403,CH1,POWER,3.75
1765727222407,CH1,POWER,3.75
1765727222411,CH1,POWER,3.75
1765727222417,CH1,POWER,3.75
1765727222422,CH1,POWER,3.75
1765727222427,CH1,POWER,3.75
1765727222433,CH1,POWER,3.75
1765727222437,CH1,POWER,3.75
1765727222441,CH1,POWER,3.75
1765727222447,CH1,POWER,3.75
1765727222451,CH1,POWER,3.75
1765727222456,CH1,POWER,3.75
1765727222460,CH1,POWER,3.75
1765727222466,CH1,POWER,3.75
1765727222471,CH1,POWER,3.75
1765727222477,CH1,POWER,3.75
1765727222483,CH1,POWER,3.75
1765727222487,CH1,POWER,3.75
1765727222491,CH1,POWER,3.75
1765727222496,CH1,POWER,3.75
1765727222500,CH1,POWER,3.75
1765727222507,CH1,POWER,3.75
1765727222511,CH1,POWER,3.75
1765727222516,CH1,POWER,3.75
1765727222520,CH1,POWER,3.75
1765727222526,CH1,POWER,3.75
1765727222531,CH1,POWER,3.75
1765727222537,CH1,POWER,3.75
1765727222543,CH1,POWER,3.75
1765727222547,CH1,POWER,3.75
1765727222551,CH1,POWER,3.75
1765727222556,CH1,POWER,3.75
1765727222563,CH1,POWER,3.75
1765727222567,CH1,POWER,3.75
1765727222571,CH1,POWER,3.75
1765727222576,CH1,POWER,3.75
1765727222580,CH1,POWER,3.75
1765727222586,CH1,POWER,3.75
1765727222591,CH1,POWER,3.75
1765727222597,CH1,POWER,3.75
1765727222603,CH1,POWER,3.75
1765727222607,CH1,POWER,3.75
1765727222615,CH1,POWER,3.75
1765727222619,CH1,POWER,3.75
1765727222627,CH1,POWER,3.75
1765727222635,CH1,POWER,3.75
1765727222640,CH1,POWER,3.75
1765727222644,CH1,POWER,3.75
1765727222649,CH1,POWER,3.75
1765727222655,CH1,POWER,3.75
1765727222661,CH1,POWER,3.75
1765727222666,CH1,POWER,3.75
1765727222670,CH1,POWER,3.75
1765727222677,CH1,POWER,3.75
1765727222683,CH1,POWER,3.75
1765727222687,CH1,POWER,3.75
1765727222693,CH1,POWER,3.75
1765727222697,CH1,POWER,3.75
1765727222701,CH1,POWER,3.75
1765727222707,CH1,POWER,3.75
1765727222711,CH1,POWER,3.75
1765727222716,CH1,POWER,3.75
1765727222720,CH1,POWER,3.75
1765727222727,CH1,POWER,3.75
1765727222733,CH1,POWER,3.75
1765727222737,CH1,POWER,3.75
1765727222741,CH1,POWER,3.75
1765727222747,CH1,POWER,3.75
1765727222750,CH1,POWER,3.75
1765727222776,CH1,POWER,3.75
1765727222781,CH1,POWER,3.75
1765727222786,CH1,POWER,3.75
1765727222790,CH1,POWER,3.75
1765727222796,CH1,POWER,3.75
1765727222801,CH1,POWER,3.75
1765727222807,CH1,POWER,3.75
1765727222812,CH1,POWER,3.75
1765727222819,CH1,POWER,3.75
1765727222823,CH1,POWER,3.75
1765727222828,CH1,POWER,3.75
1765727222833,CH1,POWER,3.75
1765727222839,CH1,POWER,3.75
1765727222845,CH1,POWER,3.75
1765727222849,CH1,POWER,3.75
1765727222853,CH1,POWER,3.75
1765727222859,CH1,POWER,3.75
1765727222865,CH1,POWER,3.75
1765727222869,CH1,POWER,3.75
1765727222875,CH1,POWER,3.75
1765727222879,CH1,POWER,3.75
1765727222883,CH1,POWER,3.75
1765727222889,CH1,POWER,3.75
1765727222897,CH1,POWER,3.75
1765727222902,CH1,POWER,3.75
1765727222906,CH1,POWER,3.75
1765727222911,CH1,POWER,3.75
1765727222917,CH1,POWER,3.75
1765727222922,CH1,POWER,3.75
1765727222929,CH1,POWER,3.75
1765727222937,CH1,POWER,3.75
1765727222941,CH1,POWER,3.75
1765727222949,CH1,POWER,3.75
1765727222955,CH1,POWER,3.75
1765727222959,CH1,POWER,3.75
1765727222967,CH1,POWER,3.75
1765727222972,CH1,POWER,3.75
1765727222976,CH1,POWER,3.75
1765727222982,CH1,POWER,3.75
1765727222988,CH1,POWER,3.75
1765727222995,CH1,POWER,3.75
1765727222999,CH1,POWER,3.75
1765727223004,CH1,POWER,3.75
1765727223009,CH1,POWER,3.75
1765727223013,CH1,POWER,3.75
1765727223019,CH1,POWER,3.75
1765727223023,CH1,POWER,3.75
1765727223028,CH1,POWER,3.75
1765727223033,CH1,POWER,3.75
1765727223039,CH1,POWER,3.75
1765727223045,CH1,POWER,3.75
1765727223049,CH1,POWER,3.75
1765727223053,CH1,POWER,3.75
1765727223059,CH1,POWER,3.75
1765727223065,CH1,POWER,3.75
1765727223069,CH1,POWER,3.75
1765727223077,CH1,POWER,3.75
1765727223081,CH1,POWER,3.75
1765727223086,CH1,POWER,3.75
1765727223090,CH1,POWER,3.75
1765727223096,CH1,POWER,3.75
1765727223101,CH1,POWER,3.75
1765727223107,CH1,POWER,3.75
1765727223112,CH1,POWER,3.75
1765727223116,CH1,POWER,3.75
1765727223122,CH1,POWER,3.75
1765727223128,CH1,POWER,3.75
1765727223132,CH1,POWER,3.90
1765727223159,CH1,POWER,3.90
1765727223164,CH1,POWER,3.90
1765727223168,CH1,POWER,3.90
1765727223174,CH1,POWER,3.90
1765727223180,CH1,POWER,3.90
1765727223185,CH1,POWER,3.90
1765727223191,CH1,POWER,3.90
1765727223197,CH1,POWER,3.90
1765727223201,CH1,POWER,3.90
1765727223209,CH1,POWER,3.90
1765727223213,CH1,POWER,3.90
1765727223221,CH1,POWER,3.90
1765727223229,CH1,POWER,3.90
1765727223234,CH1,POWER,3.90
1765727223238,CH1,POWER,3.90
1765727223243,CH1,POWER,3.90
1765727223249,CH1,POWER,3.90
1765727223254,CH1,POWER,3.90
1765727223261,CH1,POWER,3.90
1765727223269,CH1,POWER,3.90
1765727223274,CH1,POWER,3.90
1765727223280,CH1,POWER,3.90
1765727223285,CH1,POWER,3.90
1765727223291,CH1,POWER,3.90
1765727223295,CH1,POWER,3.90
1765727223301,CH1,POWER,3.90
1765727223309,CH1,POWER,3.90
1765727223314,CH1,POWER,3.90
1765727223318,CH1,POWER,3.90
1765727223323,CH1,POWER,3.90
1765727223329,CH1,POWER,3.90
1765727223335,CH1,POWER,3.90
1765727223341,CH1,POWER,3.90
1765727223349,CH1,POWER,3.90
1765727223354,CH1,POWER,3.90
1765727223361,CH1,POWER,3.90
1765727223367,CH1,POWER,3.90
1765727223371,CH1,POWER,3.90
1765727223377,CH1,POWER,3.90
1765727223381,CH1,POWER,3.90
1765727223389,CH1,POWER,3.90
1765727223394,CH1,POWER,3.90
1765727223401,CH1,POWER,3.90
1765727223405,CH1,POWER,3.90
1765727223411,CH1,POWER,3.90
1765727223417,CH1,POWER,3.90
1765727223421,CH1,POWER,3.90
1765727223426,CH1,POWER,3.90
1765727223431,CH1,POWER,3.90
1765727223437,CH1,POWER,3.90
1765727223441,CH1,POWER,3.90
1765727223447,CH1,POWER,3.90
1765727223451,CH1,POWER,3.90
1765727223456,CH1,POWER,3.90
1765727223461,CH1,POWER,3.90
1765727223467,CH1,POWER,3.90
1765727223471,CH1,POWER,3.90
1765727223476,CH1,POWER,3.90
1765727223481,CH1,POWER,3.90
1765727223486,CH1,POWER,3.90
1765727223491,CH1,POWER,3.90
1765727223497,CH1,POWER,3.90
1765727223501,CH1,POWER,3.90
1765727223509,CH1,POWER,3.90
1765727223514,CH1,POWER,3.90
1765727223521,CH1,POWER,3.90
1765727223523,CH1,POWER,3.80
1765727223549,CH1,POWER,3.80
1765727223553,CH1,POWER,3.80
1765727223558,CH1,POWER,3.80
1765727223563,CH1,POWER,3.80
1765727223571,CH1,POWER,3.80
1765727223577,CH1,POWER,3.80
1765727223582,CH1,POWER,3.80
1765727223586,CH1,POWER,3.80
1765727223593,CH1,POWER,3.80
1765727223597,CH1,POWER,3.80
1765727223602,CH1,POWER,3.80
1765727223607,CH1,POWER,3.80
1765727223612,CH1,POWER,3.80
1765727223617,CH1,POWER,3.80
1765727223623,CH1,POWER,3.80
1765727223629,CH1,POWER,3.80
1765727223633,CH1,POWER,3.80
1765727223641,CH1,POWER,3.80
1765727223646,CH1,POWER,3.80
1765727223650,CH1,POWER,3.80
1765727223655,CH1,POWER,3.80
1765727223663,CH1,POWER,3.80
1765727223669,CH1,POWER,3.80
1765727223673,CH1,POWER,3.80
1765727223679,CH1,POWER,3.80
1765727223683,CH1,POWER,3.80
1765727223689,CH1,POWER,3.80
1765727223693,CH1,POWER,3.80
1765727223699,CH1,POWER,3.80
1765727223703,CH1,POWER,3.80
1765727223711,CH1,POWER,3.80
1765727223717,CH1,POWER,3.80
1765727223722,CH1,POWER,3.80
1765727223726,CH1,POWER,3.80
1765727223733,CH1,POWER,3.80
1765727223737,CH1,POWER,3.80
1765727223742,CH1,POWER,3.80
1765727223746,CH1,POWER,3.80
1765727223753,CH1,POWER,3.80
1765727223758,CH1,POWER,3.80
1765727223763,CH1,POWER,3.80
1765727223768,CH1,POWER,3.80
1765727223773,CH1,POWER,3.80
1765727223781,CH1,POWER,3.80
1765727223786,CH1,POWER,3.80
1765727223792,CH1,POWER,3.80
1765727223797,CH1,POWER,3.80
1765727223803,CH1,POWER,3.80
1765727223808,CH1,POWER,3.80
1765727223813,CH1,POWER,3.80
1765727223818,CH1,POWER,3.80
1765727223823,CH1,POWER,3.80
1765727223827,CH1,POWER,3.80
1765727223832,CH1,POWER,3.80
1765727223836,CH1,POWER,3.80
1765727223843,CH1,POWER,3.80
1765727223848,CH1,POWER,3.80
1765727223853,CH1,POWER,3.80
1765727223859,CH1,POWER,3.80
1765727223863,CH1,POWER,3.80
1765727223871,CH1,POWER,3.80
1765727223877,CH1,POWER,3.80
1765727223882,CH1,POWER,3.80
1765727223886,CH1,POWER,3.80
1765727223892,CH1,POWER,3.80
1765727223897,CH1,POWER,3.80
1765727223903,CH1,POWER,3.80
1765727223909,CH1,POWER,3.80
1765727223913,CH1,POWER,3.80
1765727223915,CH1,POWER,3.30
1765727223918,CH1,POWER,3.30
1765727223945,CH1,POWER,3.30
1765727223951,CH1,POWER,3.30
1765727223955,CH1,POWER,3.30
1765727223963,CH1,POWER,3.30
1765727223968,CH1,POWER,3.30
1765727223975,CH1,POWER,3.30
1765727223979,CH1,POWER,3.30
1765727223985,CH1,POWER,3.30
1765727223990,CH1,POWER,3.30
1765727223995,CH1,POWER,3.30
1765727224000,CH1,POWER,3.30
1765727224005,CH1,POWER,3.30
1765727224009,CH1,POWER,3.30
1765727224015,CH1,POWER,3.30
1765727224023,CH1,POWER,3.30
1765727224029,CH1,POWER,3.30
1765727224034,CH1,POWER,3.30
1765727224038,CH1,POWER,3.30
1765727224044,CH1,POWER,3.30
1765727224051,CH1,POWER,3.30
1765727224055,CH1,POWER,3.30
1765727224060,CH1,POWER,3.30
1765727224065,CH1,POWER,3.30
1765727224069,CH1,POWER,3.30
1765727224074,CH1,POWER,3.30
1765727224078,CH1,POWER,3.30
1765727224084,CH1,POWER,3.30
1765727224089,CH1,POWER,3.30
1765727224095,CH1,POWER,3.30
1765727224100,CH1,POWER,3.30
1765727224105,CH1,POWER,3.30
1765727224110,CH1,POWER,3.30
1765727224115,CH1,POWER,3.30
1765727224119,CH1,POWER,3.30
1765727224125,CH1,POWER,3.30
1765727224131,CH1,POWER,3.30
1765727224135,CH1,POWER,3.30
1765727224140,CH1,POWER,3.30
1765727224145,CH1,POWER,3.30
1765727224150,CH1,POWER,3.30
1765727224155,CH1,POWER,3.30
1765727224159,CH1,POWER,3.30
1765727224165,CH1,POWER,3.30
1765727224171,CH1,POWER,3.30
1765727224175,CH1,POWER,3.30
1765727224179,CH1,POWER,3.30
1765727224185,CH1,POWER,3.30
1765727224191,CH1,POWER,3.30
1765727224195,CH1,POWER,3.30
1765727224199,CH1,POWER,3.30
1765727224205,CH1,POWER,3.30
1765727224210,CH1,POWER,3.30
1765727224215,CH1,POWER,3.30
1765727224220,CH1,POWER,3.30
1765727224225,CH1,POWER,3.30
1765727224229,CH1,POWER,3.30
1765727224234,CH1,POWER,3.30
1765727224241,CH1,POWER,3.30
1765727224245,CH1,POWER,3.30
1765727224251,CH1,POWER,3.30
1765727224255,CH1,POWER,3.30
1765727224259,CH1,POWER,3.30
1765727224265,CH1,POWER,3.30
1765727224269,CH1,POWER,3.30
1765727224275,CH1,POWER,3.30
1765727224280,CH1,POWER,3.30
1765727224285,CH1,POWER,3.30
1765727224290,CH1,POWER,3.30
1765727224295,CH1,POWER,3.30
1765727224301,CH1,POWER,3.30
1765727224305,CH1,POWER,3.30
1765727224307,CH1,POWER,3.25
1765727224333,CH1,POWER,3.25
1765727224337,CH1,POWER,3.25
1765727224342,CH1,POWER,3.25
1765727224347,CH1,POWER,3.25
1765727224351,CH1,POWER,3.25
1765727224356,CH1,POWER,3.25
1765727224360,CH1,POWER,3.25
1765727224366,CH1,POWER,3.25
1765727224370,CH1,POWER,3.25
1765727224377,CH1,POWER,3.25
1765727224383,CH1,POWER,3.25
1765727224387,CH1,POWER,3.25
1765727224392,CH1,POWER,3.25
1765727224397,CH1,POWER,3.25
1765727224402,CH1,POWER,3.25
1765727224407,CH1,POWER,3.25
1765727224413,CH1,POWER,3.25
1765727224417,CH1,POWER,3.25
1765727224425,CH1,POWER,3.25
1765727224430,CH1,POWER,3.25
1765727224437,CH1,POWER,3.25
1765727224443,CH1,POWER,3.25
1765727224447,CH1,POWER,3.25
1765727224452,CH1,POWER,3.25
1765727224457,CH1,POWER,3.25
1765727224462,CH1,POWER,3.25
1765727224467,CH1,POWER,3.25
1765727224473,CH1,POWER,3.25
1765727224477,CH1,POWER,3.25
1765727224485,CH1,POWER,3.25
1765727224489,CH1,POWER,3.25
1765727224494,CH1,POWER,3.25
1765727224500,CH1,POWER,3.25
1765727224507,CH1,POWER,3.25
1765727224515,CH1,POWER,3.25
1765727224520,CH1,POWER,3.25
1765727224524,CH1,POWER,3.25
1765727224529,CH1,POWER,3.25
1765727224537,CH1,POWER,3.25
1765727224543,CH1,POWER,3.25
1765727224547,CH1,POWER,3.25
1765727224555,CH1,POWER,3.25
1765727224560,CH1,POWER,3.25
1765727224567,CH1,POWER,3.25
1765727224573,CH1,POWER,3.25
1765727224577,CH1,POWER,3.25
1765727224585,CH1,POWER,3.25
1765727224590,CH1,POWER,3.25
1765727224597,CH1,POWER,3.25
1765727224603,CH1,POWER,3.25
1765727224607,CH1,POWER,3.25
1765727224612,CH1,POWER,3.25
1765727224617,CH1,POWER,3.25
1765727224622,CH1,POWER,3.25
1765727224627,CH1,POWER,3.25
1765727224631,CH1,POWER,3.25
1765727224637,CH1,POWER,3.25
1765727224641,CH1,POWER,3.25
1765727224646,CH1,POWER,3.25
1765727224651,CH1,POWER,3.25
1765727224657,CH1,POWER,3.25
1765727224662,CH1,POWER,3.25
1765727224667,CH1,POWER,3.25
1765727224672,CH1,POWER,3.25
1765727224677,CH1,POWER,3.25
1765727224685,CH1,POWER,3.25
1765727224690,CH1,POWER,3.25
1765727224695,CH1,POWER,3.55
1765727224697,CH1,POWER,3.55
1765727224700,CH1,POWER,3.55
1765727224726,CH1,POWER,3.55
1765727224731,CH1,POWER,3.55
1765727224739,CH1,POWER,3.55
1765727224743,CH1,POWER,3.55
1765727224748,CH1,POWER,3.55
1765727224753,CH1,POWER,3.55
1765727224758,CH1,POWER,3.55
1765727224764,CH1,POWER,3.55
1765727224769,CH1,POWER,3.55
1765727224777,CH1,POWER,3.55
1765727224781,CH1,POWER,3.55
1765727224786,CH1,POWER,3.55
1765727224790,CH1,POWER,3.55
1765727224797,CH1,POWER,3.55
1765727224802,CH1,POWER,3.55
1765727224809,CH1,POWER,3.55
1765727224814,CH1,POWER,3.55
1765727224819,CH1,POWER,3.55
1765727224824,CH1,POWER,3.55
1765727224829,CH1,POWER,3.55
1765727224835,CH1,POWER,3.55
1765727224839,CH1,POWER,3.55
1765727224847,CH1,POWER,3.55
1765727224852,CH1,POWER,3.55
1765727224859,CH1,POWER,3.55
1765727224865,CH1,POWER,3.55
1765727224869,CH1,POWER,3.55
1765727224874,CH1,POWER,3.55
1765727224879,CH1,POWER,3.55
1765727224884,CH1,POWER,3.55
1765727224889,CH1,POWER,3.55
1765727224894,CH1,POWER,3.55
1765727224899,CH1,POWER,3.55
1765727224904,CH1,POWER,3.55
1765727224909,CH1,POWER,3.55
1765727224914,CH1,POWER,3.55
1765727224919,CH1,POWER,3.55
1765727224927,CH1,POWER,3.55
1765727224932,CH1,POWER,3.55
1765727224936,CH1,POWER,3.55
1765727224942,CH1,POWER,3.55
1765727224946,CH1,POWER,3.55
1765727224952,CH1,POWER,3.55
1765727224959,CH1,POWER,3.55
1765727224967,CH1,POWER,3.55
1765727224972,CH1,POWER,3.55
1765727224976,CH1,POWER,3.55
1765727224981,CH1,POWER,3.55
1765727224989,CH1,POWER,3.55
1765727224995,CH1,POWER,3.55
1765727224999,CH1,POWER,3.55
1765727225003,CH1,POWER,3.55
1765727225009,CH1,POWER,3.55
1765727225014,CH1,POWER,3.55
1765727225019,CH1,POWER,3.55
1765727225023,CH1,POWER,3.55
1765727225029,CH1,POWER,3.55
1765727225034,CH1,POWER,3.55
1765727225039,CH1,POWER,3.55
1765727225043,CH1,POWER,3.55
1765727225049,CH1,POWER,3.55
1765727225054,CH1,POWER,3.55
1765727225059,CH1,POWER,3.55
1765727225064,CH1,POWER,3.55
1765727225069,CH1,POWER,3.55
1765727225074,CH1,POWER,3.55
1765727225079,CH1,POWER,3.55
1765727225083,CH1,POWER,3.55
1765727225088,CH1,POWER,3.55
1765727225091,CH1,POWER,3.60
1765727225093,CH1,POWER,3.60
1765727225121,CH1,POWER,3.60
1765727225127,CH1,POWER,3.60
1765727225131,CH1,POWER,3.60
1765727225135,CH1,POWER,3.60
1765727225140,CH1,POWER,3.60
1765727225145,CH1,POWER,3.60
1765727225151,CH1,POWER,3.60
1765727225157,CH1,POWER,3.60
1765727225161,CH1,POWER,3.60
1765727225169,CH1,POWER,3.60
1765727225173,CH1,POWER,3.60
1765727225181,CH1,POWER,3.60
1765727225186,CH1,POWER,3.60
1765727225191,CH1,POWER,3.60
1765727225195,CH1,POWER,3.60
1765727225201,CH1,POWER,3.60
1765727225206,CH1,POWER,3.60
1765727225211,CH1,POWER,3.60
1765727225216,CH1,POWER,3.60
1765727225221,CH1,POWER,3.60
1765727225225,CH1,POWER,3.60
1765727225231,CH1,POWER,3.60
1765727225236,CH1,POWER,3.60
1765727225241,CH1,POWER,3.60
1765727225245,CH1,POWER,3.60
1765727225251,CH1,POWER,3.60
1765727225256,CH1,POWER,3.60
1765727225261,CH1,POWER,3.60
1765727225266,CH1,POWER,3.60
1765727225271,CH1,POWER,3.60
1765727225276,CH1,POWER,3.60
1765727225281,CH1,POWER,3.60
1765727225286,CH1,POWER,3.60
1765727225291,CH1,POWER,3.60
1765727225296,CH1,POWER,3.60
1765727225301,CH1,POWER,3.60
1765727225305,CH1,POWER,3.60
1765727225311,CH1,POWER,3.60
1765727225316,CH1,POWER,3.60
1765727225321,CH1,POWER,3.60
1765727225326,CH1,POWER,3.60
1765727225331,CH1,POWER,3.60
1765727225339,CH1,POWER,3.60
1765727225345,CH1,POWER,3.60
1765727225350,CH1,POWER,3.60
1765727225354,CH1,POWER,3.60
1765727225358,CH1,POWER,3.60
1765727225363,CH1,POWER,3.60
1765727225369,CH1,POWER,3.60
1765727225374,CH1,POWER,3.60
1765727225381,CH1,POWER,3.60
1765727225385,CH1,POWER,3.60
1765727225391,CH1,POWER,3.60
1765727225396,CH1,POWER,3.60
1765727225401,CH1,POWER,3.60
1765727225405,CH1,POWER,3.60
1765727225410,CH1,POWER,3.60
1765727225417,CH1,POWER,3.60
1765727225421,CH1,POWER,3.60
1765727225425,CH1,POWER,3.60
1765727225430,CH1,POWER,3.60
1765727225434,CH1,POWER,3.60
1765727225441,CH1,POWER,3.60
1765727225446,CH1,POWER,3.60
1765727225451,CH1,POWER,3.60
1765727225459,CH1,POWER,3.60
1765727225465,CH1,POWER,3.60
1765727225471,CH1,POWER,3.60
1765727225475,CH1,POWER,3.60
1765727225480,CH1,POWER,3.60
1765727225487,CH1,POWER,3.60
1765727225489,CH1,POWER,3.65
1765727225492,CH1,POWER,3.65
1765727225494,CH1,POWER,3.65
1765727225520,CH1,POWER,3.65
1765727225525,CH1,POWER,3.65
1765727225531,CH1,POWER,3.65
1765727225536,CH1,POWER,3.65
1765727225542,CH1,POWER,3.65
1765727225548,CH1,POWER,3.65
1765727225553,CH1,POWER,3.65
1765727225557,CH1,POWER,3.65
1765727225563,CH1,POWER,3.65
1765727225568,CH1,POWER,3.65
1765727225573,CH1,POWER,3.65
1765727225581,CH1,POWER,3.65
1765727225585,CH1,POWER,3.65
1765727225590,CH1,POWER,3.65
1765727225595,CH1,POWER,3.65
1765727225600,CH1,POWER,3.65
1765727225606,CH1,POWER,3.65
1765727225610,CH1,POWER,3.65
1765727225615,CH1,POWER,3.65
1765727225621,CH1,POWER,3.65
1765727225625,CH1,POWER,3.65
1765727225630,CH1,POWER,3.65
1765727225634,CH1,POWER,3.65
1765727225641,CH1,POWER,3.65
1765727225647,CH1,POWER,3.65
1765727225653,CH1,POWER,3.65
1765727225658,CH1,POWER,3.65
1765727225663,CH1,POWER,3.65
1765727225671,CH1,POWER,3.65
1765727225676,CH1,POWER,3.65
1765727225683,CH1,POWER,3.65
1765727225688,CH1,POWER,3.65
1765727225693,CH1,POWER,3.65
1765727225698,CH1,POWER,3.65
1765727225703,CH1,POWER,3.65
1765727225708,CH1,POWER,3.65
1765727225713,CH1,POWER,3.65
1765727225717,CH1,POWER,3.65
1765727225723,CH1,POWER,3.65
1765727225727,CH1,POWER,3.65
1765727225733,CH1,POWER,3.65
1765727225738,CH1,POWER,3.65
1765727225743,CH1,POWER,3.65
1765727225748,CH1,POWER,3.65
1765727225753,CH1,POWER,3.65
1765727225761,CH1,POWER,3.65
1765727225766,CH1,POWER,3.65
1765727225773,CH1,POWER,3.65
1765727225778,CH1,POWER,3.65
1765727225783,CH1,POWER,3.65
1765727225791,CH1,POWER,3.65
1765727225795,CH1,POWER,3.65
1765727225800,CH1,POWER,3.65
1765727225804,CH1,POWER,3.65
1765727225808,CH1,POWER,3.65
1765727225813,CH1,POWER,3.65
1765727225817,CH1,POWER,3.65
1765727225823,CH1,POWER,3.65
1765727225831,CH1,POWER,3.65
1765727225836,CH1,POWER,3.65
1765727225843,CH1,POWER,3.65
1765727225848,CH1,POWER,3.65
1765727225853,CH1,POWER,3.65
1765727225857,CH1,POWER,3.65
1765727225862,CH1,POWER,3.65
1765727225867,CH1,POWER,3.65
1765727225873,CH1,POWER,3.65
1765727225877,CH1,POWER,3.65
1765727225883,CH1,POWER,3.65
1765727225885,CH1,POWER,3.60
1765727225911,CH1,POWER,3.60
1765727225916,CH1,POWER,3.60
1765727225923,CH1,POWER,3.60
1765727225929,CH1,POWER,3.60
1765727225934,CH1,POWER,3.60
1765727225938,CH1,POWER,3.60
1765727225945,CH1,POWER,3.60
1765727225949,CH1,POWER,3.60
1765727225954,CH1,POWER,3.60
1765727225959,CH1,POWER,3.60
1765727225964,CH1,POWER,3.60
1765727225970,CH1,POWER,3.60
1765727225975,CH1,POWER,3.60
1765727225979,CH1,POWER,3.60
1765727225984,CH1,POWER,3.60
1765727225990,CH1,POWER,3.60
1765727225995,CH1,POWER,3.60
1765727226000,CH1,POWER,3.60
1765727226005,CH1,POWER,3.60
1765727226009,CH1,POWER,3.60
1765727226015,CH1,POWER,3.60
1765727226019,CH1,POWER,3.60
1765727226024,CH1,POWER,3.60
1765727226028,CH1,POWER,3.60
1765727226032,CH1,POWER,3.60
1765727226036,CH1,POWER,3.60
1765727226040,CH1,POWER,3.60
1765727226045,CH1,POWER,3.60
1765727226053,CH1,POWER,3.60
1765727226058,CH1,POWER,3.60
1765727226065,CH1,POWER,3.60
1765727226073,CH1,POWER,3.60
1765727226078,CH1,POWER,3.60
1765727226085,CH1,POWER,3.60
1765727226090,CH1,POWER,3.60
1765727226095,CH1,POWER,3.60
1765727226100,CH1,POWER,3.60
1765727226105,CH1,POWER,3.60
1765727226110,CH1,POWER,3.60
1765727226115,CH1,POWER,3.60
1765727226120,CH1,POWER,3.60
1765727226125,CH1,POWER,3.60
1765727226130,CH1,POWER,3.60
1765727226135,CH1,POWER,3.60
1765727226140,CH1,POWER,3.60
1765727226145,CH1,POWER,3.60
1765727226149,CH1,POWER,3.60
1765727226155,CH1,POWER,3.60
1765727226160,CH1,POWER,3.60
1765727226165,CH1,POWER,3.60
1765727226173,CH1,POWER,3.60
1765727226178,CH1,POWER,3.60
1765727226185,CH1,POWER,3.60
1765727226190,CH1,POWER,3.60
1765727226195,CH1,POWER,3.60
1765727226199,CH1,POWER,3.60
1765727226204,CH1,POWER,3.60
1765727226208,CH1,POWER,3.60
1765727226212,CH1,POWER,3.60
1765727226217,CH1,POWER,3.60
1765727226222,CH1,POWER,3.60
1765727226226,CH1,POWER,3.60
1765727226232,CH1,POWER,3.60
1765727226236,CH1,POWER,3.60
1765727226243,CH1,POWER,3.60
1765727226248,CH1,POWER,3.60
1765727226254,CH1,POWER,3.60
1765727226259,CH1,POWER,3.60
1765727226265,CH1,POWER,3.60
1765727226267,CH1,POWER,3.70
1765727226269,CH1,POWER,3.70
1765727226297,CH1,POWER,3.70
1765727226302,CH1,POWER,3.70
1765727226307,CH1,POWER,3.70
1765727226311,CH1,POWER,3.70
1765727226316,CH1,POWER,3.70
1765727226321,CH1,POWER,3.70
1765727226327,CH1,POWER,3.70
1765727226332,CH1,POWER,3.70
1765727226337,CH1,POWER,3.70
1765727226341,CH1,POWER,3.70
1765727226347,CH1,POWER,3.70
1765727226352,CH1,POWER,3.70
1765727226357,CH1,POWER,3.70
1765727226361,CH1,POWER,3.70
1765727226367,CH1,POWER,3.70
1765727226371,CH1,POWER,3.70
1765727226376,CH1,POWER,3.70
1765727226380,CH1,POWER,3.70
1765727226387,CH1,POWER,3.70
1765727226392,CH1,POWER,3.70
1765727226397,CH1,POWER,3.70
1765727226402,CH1,POWER,3.70
1765727226407,CH1,POWER,3.70
1765727226412,CH1,POWER,3.70
1765727226417,CH1,POWER,3.70
1765727226421,CH1,POWER,3.70
1765727226427,CH1,POWER,3.70
1765727226432,CH1,POWER,3.70
1765727226437,CH1,POWER,3.70
1765727226445,CH1,POWER,3.70
1765727226451,CH1,POWER,3.70
1765727226456,CH1,POWER,3.70
1765727226461,CH1,POWER,3.70
1765727226466,CH1,POWER,3.70
1765727226470,CH1,POWER,3.70
1765727226477,CH1,POWER,3.70
1765727226481,CH1,POWER,3.70
1765727226486,CH1,POWER,3.70
1765727226491,CH1,POWER,3.70
1765727226497,CH1,POWER,3.70
1765727226502,CH1,POWER,3.70
1765727226507,CH1,POWER,3.70
1765727226511,CH1,POWER,3.70
1765727226517,CH1,POWER,3.70
1765727226522,CH1,POWER,3.70
1765727226527,CH1,POWER,3.70
1765727226532,CH1,POWER,3.70
1765727226537,CH1,POWER,3.70
1765727226541,CH1,POWER,3.70
1765727226547,CH1,POWER,3.70
1765727226551,CH1,POWER,3.70
1765727226556,CH1,POWER,3.70
1765727226561,CH1,POWER,3.70
1765727226567,CH1,POWER,3.70
1765727226572,CH1,POWER,3.70
1765727226577,CH1,POWER,3.70
1765727226585,CH1,POWER,3.70
1765727226589,CH1,POWER,3.70
1765727226597,CH1,POWER,3.70
1765727226602,CH1,POWER,3.70
1765727226607,CH1,POWER,3.70
1765727226611,CH1,POWER,3.70
1765727226616,CH1,POWER,3.70
1765727226621,CH1,POWER,3.70
1765727226627,CH1,POWER,3.70
1765727226631,CH1,POWER,3.70
1765727226636,CH1,POWER,3.70
1765727226640,CH1,POWER,3.70
1765727226644,CH1,POWER,3.70
1765727226649,CH1,POWER,3.70
1765727226654,CH1,POWER,3.70
1765727226659,CH1,POWER,3.70
1765727226661,CH1,POWER,3.75
1765727226689,CH1,POWER,3.75
1765727226694,CH1,POWER,3.75
1765727226699,CH1,POWER,3.75
1765727226707,CH1,POWER,3.75
1765727226712,CH1,POWER,3.75
1765727226719,CH1,POWER,3.75
1765727226724,CH1,POWER,3.75
1765727226729,CH1,POWER,3.75
1765727226734,CH1,POWER,3.75
1765727226739,CH1,POWER,3.75
1765727226744,CH1,POWER,3.75
1765727226749,CH1,POWER,3.75
1765727226754,CH1,POWER,3.75
1765727226759,CH1,POWER,3.75
1765727226763,CH1,POWER,3.75
1765727226768,CH1,POWER,3.75
1765727226773,CH1,POWER,3.75
1765727226779,CH1,POWER,3.75
1765727226784,CH1,POWER,3.75
1765727226789,CH1,POWER,3.75
1765727226794,CH1,POWER,3.75
1765727226799,CH1,POWER,3.75
1765727226804,CH1,POWER,3.75
1765727226809,CH1,POWER,3.75
1765727226814,CH1,POWER,3.75
1765727226819,CH1,POWER,3.75
1765727226824,CH1,POWER,3.75
1765727226829,CH1,POWER,3.75
1765727226833,CH1,POWER,3.75
1765727226839,CH1,POWER,3.75
1765727226844,CH1,POWER,3.75
1765727226849,CH1,POWER,3.75
1765727226853,CH1,POWER,3.75
1765727226859,CH1,POWER,3.75
1765727226863,CH1,POWER,3.75
1765727226868,CH1,POWER,3.75
1765727226874,CH1,POWER,3.75
1765727226879,CH1,POWER,3.75
1765727226884,CH1,POWER,3.75
1765727226889,CH1,POWER,3.75
1765727226894,CH1,POWER,3.75
1765727226899,CH1,POWER,3.75
1765727226903,CH1,POWER,3.75
1765727226908,CH1,POWER,3.75
1765727226914,CH1,POWER,3.75
1765727226919,CH1,POWER,3.75
1765727226924,CH1,POWER,3.75
1765727226929,CH1,POWER,3.75
1765727226934,CH1,POWER,3.75
1765727226939,CH1,POWER,3.75
1765727226944,CH1,POWER,3.75
1765727226949,CH1,POWER,3.75
1765727226954,CH1,POWER,3.75
1765727226959,CH1,POWER,3.75
1765727226964,CH1,POWER,3.75
1765727226969,CH1,POWER,3.75
1765727226977,CH1,POWER,3.75
1765727226982,CH1,POWER,3.75
1765727226986,CH1,POWER,3.75
1765727226991,CH1,POWER,3.75
1765727226996,CH1,POWER,3.75
1765727227001,CH1,POWER,3.75
1765727227006,CH1,POWER,3.75
1765727227011,CH1,POWER,3.75
1765727227016,CH1,POWER,3.75
1765727227020,CH1,POWER,3.75
1765727227027,CH1,POWER,3.75
1765727227032,CH1,POWER,3.75
1765727227038,CH1,POWER,3.75
1765727227043,CH1,POWER,3.75
1765727227049,CH1,POWER,3.75
1765727227051,CH1,POWER,3.55
1765727227078,CH1,POWER,3.55
1765727227083,CH1,POWER,3.55
1765727227088,CH1,POWER,3.55
1765727227092,CH1,POWER,3.55
1765727227099,CH1,POWER,3.55
1765727227104,CH1,POWER,3.55
1765727227108,CH1,POWER,3.55
1765727227113,CH1,POWER,3.55
1765727227121,CH1,POWER,3.55
1765727227126,CH1,POWER,3.55
1765727227131,CH1,POWER,3.55
1765727227136,CH1,POWER,3.55
1765727227141,CH1,POWER,3.55
1765727227146,CH1,POWER,3.55
1765727227151,CH1,POWER,3.55
1765727227156,CH1,POWER,3.55
1765727227161,CH1,POWER,3.55
1765727227165,CH1,POWER,3.55
1765727227170,CH1,POWER,3.55
1765727227176,CH1,POWER,3.55
1765727227181,CH1,POWER,3.55
1765727227186,CH1,POWER,3.55
1765727227191,CH1,POWER,3.55
1765727227196,CH1,POWER,3.55
1765727227201,CH1,POWER,3.55
1765727227205,CH1,POWER,3.55
1765727227211,CH1,POWER,3.55
1765727227215,CH1,POWER,3.55
1765727227221,CH1,POWER,3.55
1765727227225,CH1,POWER,3.55
1765727227231,CH1,POWER,3.55
1765727227239,CH1,POWER,3.55
1765727227243,CH1,POWER,3.55
1765727227248,CH1,POWER,3.55
1765727227253,CH1,POWER,3.55
1765727227258,CH1,POWER,3.55
1765727227262,CH1,POWER,3.55
1765727227268,CH1,POWER,3.55
1765727227272,CH1,POWER,3.55
1765727227279,CH1,POWER,3.55
1765727227284,CH1,POWER,3.55
1765727227291,CH1,POWER,3.55
1765727227295,CH1,POWER,3.55
1765727227300,CH1,POWER,3.55
1765727227305,CH1,POWER,3.55
1765727227311,CH1,POWER,3.55
1765727227319,CH1,POWER,3.55
1765727227324,CH1,POWER,3.55
1765727227331,CH1,POWER,3.55
1765727227336,CH1,POWER,3.55
1765727227341,CH1,POWER,3.55
1765727227345,CH1,POWER,3.55
1765727227351,CH1,POWER,3.55
1765727227355,CH1,POWER,3.55
1765727227361,CH1,POWER,3.55
1765727227366,CH1,POWER,3.55
1765727227371,CH1,POWER,3.55
1765727227375,CH1,POWER,3.55
1765727227381,CH1,POWER,3.55
1765727227386,CH1,POWER,3.55
1765727227391,CH1,POWER,3.55
1765727227395,CH1,POWER,3.55
1765727227400,CH1,POWER,3.55
1765727227405,CH1,POWER,3.55
1765727227411,CH1,POWER,3.55
1765727227419,CH1,POWER,3.55
1765727227423,CH1,POWER,3.55
1765727227428,CH1,POWER,3.55
1765727227432,CH1,POWER,3.55
1765727227438,CH1,POWER,3.55
1765727227440,CH1,POWER,3.45
1765727227442,CH1,POWER,3.45
1765727227445,CH1,POWER,3.45
1765727227473,CH1,POWER,3.45
1765727227481,CH1,POWER,3.45
1765727227486,CH1,POWER,3.45
1765727227490,CH1,POWER,3.45
1765727227495,CH1,POWER,3.45
1765727227501,CH1,POWER,3.45
1765727227506,CH1,POWER,3.45
1765727227513,CH1,POWER,3.45
1765727227517,CH1,POWER,3.45
1765727227522,CH1,POWER,3.45
1765727227527,CH1,POWER,3.45
1765727227533,CH1,POWER,3.45
1765727227538,CH1,POWER,3.45
1765727227543,CH1,POWER,3.45
1765727227547,CH1,POWER,3.45
1765727227553,CH1,POWER,3.45
1765727227561,CH1,POWER,3.45
1765727227565,CH1,POWER,3.45
1765727227571,CH1,POWER,3.45
1765727227576,CH1,POWER,3.45
1765727227583,CH1,POWER,3.45
1765727227587,CH1,POWER,3.45
1765727227593,CH1,POWER,3.45
1765727227598,CH1,POWER,3.45
1765727227603,CH1,POWER,3.45
1765727227608,CH1,POWER,3.45
1765727227613,CH1,POWER,3.45
1765727227620,CH1,POWER,3.45
1765727227625,CH1,POWER,3.45
1765727227630,CH1,POWER,3.45
1765727227634,CH1,POWER,3.45
1765727227641,CH1,POWER,3.45
1765727227647,CH1,POWER,3.45
1765727227652,CH1,POWER,3.45
1765727227658,CH1,POWER,3.45
1765727227663,CH1,POWER,3.45
1765727227671,CH1,POWER,3.45
1765727227676,CH1,POWER,3.45
1765727227683,CH1,POWER,3.45
1765727227688,CH1,POWER,3.45
1765727227693,CH1,POWER,3.45
1765727227701,CH1,POWER,3.45
1765727227705,CH1,POWER,3.45
1765727227710,CH1,POWER,3.45
1765727227714,CH1,POWER,3.45
1765727227719,CH1,POWER,3.45
1765727227724,CH1,POWER,3.45
1765727227730,CH1,POWER,3.45
1765727227734,CH1,POWER,3.45
1765727227738,CH1,POWER,3.45
1765727227743,CH1,POWER,3.45
1765727227751,CH1,POWER,3.45
1765727227756,CH1,POWER,3.45
1765727227763,CH1,POWER,3.45
1765727227771,CH1,POWER,3.45
1765727227776,CH1,POWER,3.45
1765727227783,CH1,POWER,3.45
1765727227788,CH1,POWER,3.45
1765727227793,CH1,POWER,3.45
1765727227798,CH1,POWER,3.45
1765727227803,CH1,POWER,3.45
1765727227811,CH1,POWER,3.45
1765727227816,CH1,POWER,3.45
1765727227823,CH1,POWER,3.45
1765727227826,CH1,POWER,3.65
1765727227852,CH1,POWER,3.65
1765727227857,CH1,POWER,3.65
1765727227863,CH1,POWER,3.65
1765727227868,CH1,POWER,3.65
1765727227875,CH1,POWER,3.65
1765727227883,CH1,POWER,3.65
1765727227888,CH1,POWER,3.65
1765727227895,CH1,POWER,3.65
1765727227899,CH1,POWER,3.65
1765727227904,CH1,POWER,3.65
1765727227909,CH1,POWER,3.65
1765727227914,CH1,POWER,3.65
1765727227919,CH1,POWER,3.65
1765727227924,CH1,POWER,3.65
1765727227928,CH1,POWER,3.65
1765727227935,CH1,POWER,3.65
1765727227943,CH1,POWER,3.65
1765727227948,CH1,POWER,3.65
1765727227955,CH1,POWER,3.65
1765727227960,CH1,POWER,3.65
1765727227965,CH1,POWER,3.65
1765727227970,CH1,POWER,3.65
1765727227975,CH1,POWER,3.65
1765727227983,CH1,POWER,3.65
1765727227988,CH1,POWER,3.65
1765727227995,CH1,POWER,3.65
1765727228000,CH1,POWER,3.65
1765727228005,CH1,POWER,3.65
1765727228010,CH1,POWER,3.65
1765727228014,CH1,POWER,3.65
1765727228019,CH1,POWER,3.65
1765727228025,CH1,POWER,3.65
1765727228033,CH1,POWER,3.65
1765727228038,CH1,POWER,3.65
1765727228045,CH1,POWER,3.65
1765727228050,CH1,POWER,3.65
1765727228055,CH1,POWER,3.65
1765727228059,CH1,POWER,3.65
1765727228065,CH1,POWER,3.65
1765727228070,CH1,POWER,3.65
1765727228075,CH1,POWER,3.65
1765727228080,CH1,POWER,3.65
1765727228085,CH1,POWER,3.65
1765727228090,CH1,POWER,3.65
1765727228095,CH1,POWER,3.65
1765727228100,CH1,POWER,3.65
1765727228105,CH1,POWER,3.65
1765727228109,CH1,POWER,3.65
1765727228113,CH1,POWER,3.65
1765727228118,CH1,POWER,3.65
1765727228122,CH1,POWER,3.65
1765727228126,CH1,POWER,3.65
1765727228130,CH1,POWER,3.65
1765727228135,CH1,POWER,3.65
1765727228139,CH1,POWER,3.65
1765727228145,CH1,POWER,3.65
1765727228150,CH1,POWER,3.65
1765727228155,CH1,POWER,3.65
1765727228159,CH1,POWER,3.65
1765727228164,CH1,POWER,3.65
1765727228167,CH1,POWER,3.65
1765727228171,CH1,POWER,3.65
1765727228175,CH1,POWER,3.65
1765727228180,CH1,POWER,3.65
1765727228184,CH1,POWER,3.65
1765727228188,CH1,POWER,3.65
1765727228194,CH1,POWER,3.65
1765727228198,CH1,POWER,3.65
1765727228204,CH1,POWER,3.65
1765727228207,CH1,POWER,3.60
1765727228209,CH1,POWER,3.60
1765727228237,CH1,POWER,3.60
1765727228242,CH1,POWER,3.60
1765727228247,CH1,POWER,3.60
1765727228252,CH1,POWER,3.60
1765727228257,CH1,POWER,3.60
1765727228265,CH1,POWER,3.60
1765727228269,CH1,POWER,3.60
1765727228277,CH1,POWER,3.60
1765727228282,CH1,POWER,3.60
1765727228287,CH1,POWER,3.60
1765727228292,CH1,POWER,3.60
1765727228297,CH1,POWER,3.60
1765727228301,CH1,POWER,3.60
1765727228306,CH1,POWER,3.60
1765727228310,CH1,POWER,3.60
1765727228314,CH1,POWER,3.60
1765727228318,CH1,POWER,3.60
1765727228324,CH1,POWER,3.60
1765727228329,CH1,POWER,3.60
1765727228334,CH1,POWER,3.60
1765727228338,CH1,POWER,3.60
1765727228345,CH1,POWER,3.60
1765727228349,CH1,POWER,3.60
1765727228355,CH1,POWER,3.60
1765727228361,CH1,POWER,3.60
1765727228367,CH1,POWER,3.60
1765727228372,CH1,POWER,3.60
1765727228377,CH1,POWER,3.60
1765727228382,CH1,POWER,3.60
1765727228387,CH1,POWER,3.60
1765727228395,CH1,POWER,3.60
1765727228400,CH1,POWER,3.60
1765727228407,CH1,POWER,3.60
1765727228412,CH1,POWER,3.60
1765727228417,CH1,POWER,3.60
1765727228422,CH1,POWER,3.60
1765727228427,CH1,POWER,3.60
1765727228431,CH1,POWER,3.60
1765727228437,CH1,POWER,3.60
1765727228441,CH1,POWER,3.60
1765727228446,CH1,POWER,3.60
1765727228451,CH1,POWER,3.60
1765727228456,CH1,POWER,3.60
1765727228461,CH1,POWER,3.60
1765727228467,CH1,POWER,3.60
1765727228472,CH1,POWER,3.60
1765727228477,CH1,POWER,3.60
1765727228482,CH1,POWER,3.60
1765727228487,CH1,POWER,3.60
1765727228495,CH1,POWER,3.60
1765727228500,CH1,POWER,3.60
1765727228507,CH1,POWER,3.60
1765727228512,CH1,POWER,3.60
1765727228517,CH1,POWER,3.60
1765727228525,CH1,POWER,3.60
1765727228530,CH1,POWER,3.60
1765727228537,CH1,POWER,3.60
1765727228541,CH1,POWER,3.60
1765727228546,CH1,POWER,3.60
1765727228550,CH1,POWER,3.60
1765727228557,CH1,POWER,3.60
1765727228562,CH1,POWER,3.60
1765727228567,CH1,POWER,3.60
1765727228572,CH1,POWER,3.60
1765727228577,CH1,POWER,3.60
1765727228582,CH1,POWER,3.60
1765727228587,CH1,POWER,3.60
1765727228591,CH1,POWER,3.60
1765727228618,CH1,POWER,3.70
1765727228623,CH1,POWER,3.70
1765727228628,CH1,POWER,3.70
1765727228632,CH1,POWER,3.70
1765727228639,CH1,POWER,3.70
1765727228644,CH1,POWER,3.70
1765727228649,CH1,POWER,3.70
1765727228654,CH1,POWER,3.70
1765727228659,CH1,POWER,3.70
1765727228664,CH1,POWER,3.70
1765727228669,CH1,POWER,3.70
1765727228677,CH1,POWER,3.70
1765727228682,CH1,POWER,3.70
1765727228689,CH1,POWER,3.70
1765727228694,CH1,POWER,3.70
1765727228699,CH1,POWER,3.70
1765727228704,CH1,POWER,3.70
1765727228709,CH1,POWER,3.70
1765727228714,CH1,POWER,3.70
1765727228718,CH1,POWER,3.70
1765727228723,CH1,POWER,3.70
1765727228728,CH1,POWER,3.70
1765727228733,CH1,POWER,3.70
1765727228739,CH1,POWER,3.70
1765727228747,CH1,POWER,3.70
1765727228752,CH1,POWER,3.70
1765727228759,CH1,POWER,3.70
1765727228767,CH1,POWER,3.70
1765727228772,CH1,POWER,3.70
1765727228779,CH1,POWER,3.70
1765727228784,CH1,POWER,3.70
1765727228789,CH1,POWER,3.70
1765727228794,CH1,POWER,3.70
1765727228799,CH1,POWER,3.70
1765727228804,CH1,POWER,3.70
1765727228809,CH1,POWER,3.70
1765727228813,CH1,POWER,3.70
1765727228818,CH1,POWER,3.70
1765727228823,CH1,POWER,3.70
1765727228827,CH1,POWER,3.70
1765727228832,CH1,POWER,3.70
1765727228838,CH1,POWER,3.70
1765727228843,CH1,POWER,3.70
1765727228847,CH1,POWER,3.70
1765727228852,CH1,POWER,3.70
1765727228859,CH1,POWER,3.70
1765727228864,CH1,POWER,3.70
1765727228869,CH1,POWER,3.70
1765727228874,CH1,POWER,3.70
1765727228879,CH1,POWER,3.70
1765727228884,CH1,POWER,3.70
1765727228888,CH1,POWER,3.70
1765727228893,CH1,POWER,3.70
1765727228898,CH1,POWER,3.70
1765727228903,CH1,POWER,3.70
1765727228908,CH1,POWER,3.70
1765727228912,CH1,POWER,3.70
1765727228916,CH1,POWER,3.70
1765727228921,CH1,POWER,3.70
1765727228929,CH1,POWER,3.70
1765727228934,CH1,POWER,3.70
1765727228938,CH1,POWER,3.70
1765727228943,CH1,POWER,3.70
1765727228948,CH1,POWER,3.70
1765727228953,CH1,POWER,3.70
1765727228959,CH1,POWER,3.70
1765727228964,CH1,POWER,3.70
1765727228969,CH1,POWER,3.70
1765727228974,CH1,POWER,3.70
1765727228977,CH1,POWER,3.55
1765727228979,CH1,POWER,3.55
1765727228982,CH1,POWER,3.55
1765727229008,CH1,POWER,3.55
1765727229013,CH1,POWER,3.55
1765727229017,CH1,POWER,3.55
1765727229022,CH1,POWER,3.55
1765727229027,CH1,POWER,3.55
1765727229032,CH1,POWER,3.55
1765727229037,CH1,POWER,3.55
1765727229042,CH1,POWER,3.55
1765727229048,CH1,POWER,3.55
1765727229053,CH1,POWER,3.55
1765727229058,CH1,POWER,3.55
1765727229062,CH1,POWER,3.55
1765727229068,CH1,POWER,3.55
1765727229073,CH1,POWER,3.55
1765727229078,CH1,POWER,3.55
1765727229083,CH1,POWER,3.55
1765727229089,CH1,POWER,3.55
1765727229094,CH1,POWER,3.55
1765727229097,CH1,POWER,3.55
1765727229102,CH1,POWER,3.55
1765727229106,CH1,POWER,3.55
1765727229111,CH1,POWER,3.55
1765727229116,CH1,POWER,3.55
1765727229121,CH1,POWER,3.55
1765727229126,CH1,POWER,3.55
1765727229130,CH1,POWER,3.55
1765727229135,CH1,POWER,3.55
1765727229140,CH1,POWER,3.55
1765727229144,CH1,POWER,3.55
1765727229151,CH1,POWER,3.55
1765727229156,CH1,POWER,3.55
1765727229161,CH1,POWER,3.55
1765727229166,CH1,POWER,3.55
1765727229171,CH1,POWER,3.55
1765727229179,CH1,POWER,3.55
1765727229184,CH1,POWER,3.55
1765727229191,CH1,POWER,3.55
1765727229196,CH1,POWER,3.55
1765727229201,CH1,POWER,3.55
1765727229206,CH1,POWER,3.55
1765727229211,CH1,POWER,3.55
1765727229219,CH1,POWER,3.55
1765727229223,CH1,POWER,3.55
1765727229228,CH1,POWER,3.55
1765727229232,CH1,POWER,3.55
1765727229239,CH1,POWER,3.55
1765727229244,CH1,POWER,3.55
1765727229251,CH1,POWER,3.55
1765727229259,CH1,POWER,3.55
1765727229264,CH1,POWER,3.55
1765727229270,CH1,POWER,3.55
1765727229275,CH1,POWER,3.55
1765727229279,CH1,POWER,3.55
1765727229283,CH1,POWER,3.55
1765727229287,CH1,POWER,3.55
1765727229292,CH1,POWER,3.55
1765727229299,CH1,POWER,3.55
1765727229303,CH1,POWER,3.55
1765727229308,CH1,POWER,3.55
1765727229312,CH1,POWER,3.55
1765727229319,CH1,POWER,3.55
1765727229324,CH1,POWER,3.55
1765727229331,CH1,POWER,3.55
1765727229336,CH1,POWER,3.55
1765727229341,CH1,POWER,3.55
1765727229346,CH1,POWER,3.55
1765727229350,CH1,POWER,3.55
1765727229355,CH1,POWER,3.55
1765727229359,CH1,POWER,3.55
1765727229363,CH1,POWER,3.55
1765727229368,CH1,POWER,3.55
1765727229372,CH1,POWER,3.55
1765727229375,CH1,POWER,3.50
1765727229403,CH1,POWER,3.50
1765727229408,CH1,POWER,3.50
1765727229412,CH1,POWER,3.50
1765727229417,CH1,POWER,3.50
1765727229422,CH1,POWER,3.50
1765727229426,CH1,POWER,3.50
1765727229432,CH1,POWER,3.50
1765727229437,CH1,POWER,3.50
1765727229441,CH1,POWER,3.50
1765727229446,CH1,POWER,3.50
1765727229453,CH1,POWER,3.50
1765727229458,CH1,POWER,3.50
1765727229462,CH1,POWER,3.50
1765727229467,CH1,POWER,3.50
1765727229472,CH1,POWER,3.50
1765727229477,CH1,POWER,3.50
1765727229483,CH1,POWER,3.50
1765727229488,CH1,POWER,3.50
1765727229492,CH1,POWER,3.50
1765727229497,CH1,POWER,3.50
1765727229503,CH1,POWER,3.50
1765727229508,CH1,POWER,3.50
1765727229513,CH1,POWER,3.50
1765727229518,CH1,POWER,3.50
1765727229522,CH1,POWER,3.50
1765727229526,CH1,POWER,3.50
1765727229532,CH1,POWER,3.50
1765727229537,CH1,POWER,3.50
1765727229541,CH1,POWER,3.50
1765727229546,CH1,POWER,3.50
1765727229553,CH1,POWER,3.50
1765727229558,CH1,POWER,3.50
1765727229562,CH1,POWER,3.50
1765727229567,CH1,POWER,3.50
1765727229572,CH1,POWER,3.50
1765727229576,CH1,POWER,3.50
1765727229582,CH1,POWER,3.50
1765727229587,CH1,POWER,3.50
1765727229591,CH1,POWER,3.50
1765727229595,CH1,POWER,3.50
1765727229600,CH1,POWER,3.50
1765727229604,CH1,POWER,3.50
1765727229611,CH1,POWER,3.50
1765727229616,CH1,POWER,3.50
1765727229623,CH1,POWER,3.50
1765727229628,CH1,POWER,3.50
1765727229633,CH1,POWER,3.50
1765727229638,CH1,POWER,3.50
1765727229643,CH1,POWER,3.50
1765727229648,CH1,POWER,3.50
1765727229653,CH1,POWER,3.50
1765727229658,CH1,POWER,3.50
1765727229663,CH1,POWER,3.50
1765727229668,CH1,POWER,3.50
1765727229672,CH1,POWER,3.50
1765727229676,CH1,POWER,3.50
1765727229683,CH1,POWER,3.50
1765727229688,CH1,POWER,3.50
1765727229693,CH1,POWER,3.50
1765727229700,CH1,POWER,3.50
1765727229705,CH1,POWER,3.50
1765727229709,CH1,POWER,3.50
1765727229714,CH1,POWER,3.50
1765727229721,CH1,POWER,3.50
1765727229727,CH1,POWER,3.50
1765727229732,CH1,POWER,3.50
1765727229736,CH1,POWER,3.50
1765727229743,CH1,POWER,3.50
1765727229748,CH1,POWER,3.50
1765727229752,CH1,POWER,3.50
1765727229757,CH1,POWER,3.50
1765727229762,CH1,POWER,3.50
1765727229766,CH1,POWER,3.50
1765727229794,CH1,POWER,3.25
1765727229798,CH1,POWER,3.25
1765727229803,CH1,POWER,3.25
1765727229808,CH1,POWER,3.25
1765727229815,CH1,POWER,3.25
1765727229820,CH1,POWER,3.25
1765727229825,CH1,POWER,3.25
1765727229830,CH1,POWER,3.25
1765727229835,CH1,POWER,3.25
1765727229843,CH1,POWER,3.25
1765727229848,CH1,POWER,3.25
1765727229855,CH1,POWER,3.25
1765727229860,CH1,POWER,3.25
1765727229865,CH1,POWER,3.25
1765727229870,CH1,POWER,3.25
1765727229875,CH1,POWER,3.25
1765727229880,CH1,POWER,3.25
1765727229884,CH1,POWER,3.25
1765727229890,CH1,POWER,3.25
1765727229895,CH1,POWER,3.25
1765727229900,CH1,POWER,3.25
1765727229905,CH1,POWER,3.25
1765727229910,CH1,POWER,3.25
1765727229914,CH1,POWER,3.25
1765727229923,CH1,POWER,3.25
1765727229929,CH1,POWER,3.25
1765727229934,CH1,POWER,3.25
1765727229940,CH1,POWER,3.25
1765727229945,CH1,POWER,3.25
1765727229953,CH1,POWER,3.25
1765727229958,CH1,POWER,3.25
1765727229964,CH1,POWER,3.25
1765727229969,CH1,POWER,3.25
1765727229973,CH1,POWER,3.25
1765727229980,CH1,POWER,3.25
1765727229985,CH1,POWER,3.25
1765727229990,CH1,POWER,3.25
1765727229995,CH1,POWER,3.25
1765727230000,CH1,POWER,3.25
1765727230004,CH1,POWER,3.25
1765727230008,CH1,POWER,3.25
1765727230014,CH1,POWER,3.25
1765727230020,CH1,POWER,3.25
1765727230025,CH1,POWER,3.25
1765727230030,CH1,POWER,3.25
1765727230035,CH1,POWER,3.25
1765727230040,CH1,POWER,3.25
1765727230044,CH1,POWER,3.25
1765727230049,CH1,POWER,3.25
1765727230054,CH1,POWER,3.25
1765727230060,CH1,POWER,3.25
1765727230065,CH1,POWER,3.25
1765727230070,CH1,POWER,3.25
1765727230075,CH1,POWER,3.25
1765727230080,CH1,POWER,3.25
1765727230084,CH1,POWER,3.25
1765727230089,CH1,POWER,3.25
1765727230094,CH1,POWER,3.25
1765727230098,CH1,POWER,3.25
1765727230105,CH1,POWER,3.25
1765727230110,CH1,POWER,3.25
1765727230114,CH1,POWER,3.25
1765727230120,CH1,POWER,3.25
1765727230124,CH1,POWER,3.25
1765727230130,CH1,POWER,3.25
1765727230135,CH1,POWER,3.25
1765727230140,CH1,POWER,3.25
1765727230144,CH1,POWER,3.25
1765727230149,CH1,POWER,3.25
1765727230153,CH1,POWER,3.65
1765727230155,CH1,POWER,3.65
1765727230158,CH1,POWER,3.65
1765727230185,CH1,POWER,3.65
1765727230190,CH1,POWER,3.65
1765727230196,CH1,POWER,3.65
1765727230201,CH1,POWER,3.65
1765727230205,CH1,POWER,3.65
1765727230210,CH1,POWER,3.65
1765727230217,CH1,POWER,3.65
1765727230224,CH1,POWER,3.65
1765727230231,CH1,POWER,3.65
1765727230236,CH1,POWER,3.65
1765727230242,CH1,POWER,3.65
1765727230246,CH1,POWER,3.65
1765727230255,CH1,POWER,3.65
1765727230260,CH1,POWER,3.65
1765727230266,CH1,POWER,3.65
1765727230271,CH1,POWER,3.65
1765727230276,CH1,POWER,3.65
1765727230281,CH1,POWER,3.65
1765727230285,CH1,POWER,3.65
1765727230290,CH1,POWER,3.65
1765727230296,CH1,POWER,3.65
1765727230301,CH1,POWER,3.65
1765727230305,CH1,POWER,3.65
1765727230310,CH1,POWER,3.65
1765727230316,CH1,POWER,3.65
1765727230321,CH1,POWER,3.65
1765727230325,CH1,POWER,3.65
1765727230330,CH1,POWER,3.65
1765727230336,CH1,POWER,3.65
1765727230345,CH1,POWER,3.65
1765727230349,CH1,POWER,3.65
1765727230356,CH1,POWER,3.65
1765727230361,CH1,POWER,3.65
1765727230366,CH1,POWER,3.65
1765727230370,CH1,POWER,3.65
1765727230376,CH1,POWER,3.65
1765727230385,CH1,POWER,3.65
1765727230390,CH1,POWER,3.65
1765727230396,CH1,POWER,3.65
1765727230401,CH1,POWER,3.65
1765727230406,CH1,POWER,3.65
1765727230410,CH1,POWER,3.65
1765727230417,CH1,POWER,3.65
1765727230422,CH1,POWER,3.65
1765727230426,CH1,POWER,3.65
1765727230430,CH1,POWER,3.65
1765727230436,CH1,POWER,3.65
1765727230440,CH1,POWER,3.65
1765727230445,CH1,POWER,3.65
1765727230450,CH1,POWER,3.65
1765727230457,CH1,POWER,3.65
1765727230462,CH1,POWER,3.65
1765727230466,CH1,POWER,3.65
1765727230470,CH1,POWER,3.65
1765727230477,CH1,POWER,3.65
1765727230482,CH1,POWER,3.65
1765727230487,CH1,POWER,3.65
1765727230492,CH1,POWER,3.65
1765727230497,CH1,POWER,3.65
1765727230502,CH1,POWER,3.65
1765727230506,CH1,POWER,3.65
1765727230510,CH1,POWER,3.65
1765727230516,CH1,POWER,3.65
1765727230520,CH1,POWER,3.65
1765727230526,CH1,POWER,3.65
1765727230535,CH1,POWER,3.65
1765727230538,CH1,POWER,3.70
1765727230541,CH1,POWER,3.70
1765727230569,CH1,POWER,3.70
1765727230574,CH1,POWER,3.70
1765727230579,CH1,POWER,3.70
1765727230584,CH1,POWER,3.70
1765727230588,CH1,POWER,3.70
1765727230592,CH1,POWER,3.70
1765727230598,CH1,POWER,3.70
1765727230603,CH1,POWER,3.70
1765727230608,CH1,POWER,3.70
1765727230612,CH1,POWER,3.70
1765727230619,CH1,POWER,3.70
1765727230624,CH1,POWER,3.70
1765727230628,CH1,POWER,3.70
1765727230632,CH1,POWER,3.70
1765727230638,CH1,POWER,3.70
1765727230642,CH1,POWER,3.70
1765727230648,CH1,POWER,3.70
1765727230657,CH1,POWER,3.70
1765727230662,CH1,POWER,3.70
1765727230669,CH1,POWER,3.70
1765727230674,CH1,POWER,3.70
1765727230679,CH1,POWER,3.70
1765727230684,CH1,POWER,3.70
1765727230688,CH1,POWER,3.70
1765727230693,CH1,POWER,3.70
1765727230697,CH1,POWER,3.70
1765727230704,CH1,POWER,3.70
1765727230708,CH1,POWER,3.70
1765727230716,CH1,POWER,3.70
1765727230721,CH1,POWER,3.70
1765727230726,CH1,POWER,3.70
1765727230730,CH1,POWER,3.70
1765727230737,CH1,POWER,3.70
1765727230741,CH1,POWER,3.70
1765727230748,CH1,POWER,3.70
1765727230752,CH1,POWER,3.70
1765727230758,CH1,POWER,3.70
1765727230762,CH1,POWER,3.70
1765727230769,CH1,POWER,3.70
1765727230774,CH1,POWER,3.70
1765727230778,CH1,POWER,3.70
1765727230787,CH1,POWER,3.70
1765727230792,CH1,POWER,3.70
1765727230798,CH1,POWER,3.70
1765727230806,CH1,POWER,3.70
1765727230812,CH1,POWER,3.70
1765727230819,CH1,POWER,3.70
1765727230824,CH1,POWER,3.70
1765727230829,CH1,POWER,3.70
1765727230834,CH1,POWER,3.70
1765727230839,CH1,POWER,3.70
1765727230844,CH1,POWER,3.70
1765727230848,CH1,POWER,3.70
1765727230852,CH1,POWER,3.70
1765727230859,CH1,POWER,3.70
1765727230864,CH1,POWER,3.70
1765727230868,CH1,POWER,3.70
1765727230876,CH1,POWER,3.70
1765727230883,CH1,POWER,3.70
1765727230887,CH1,POWER,3.70
1765727230894,CH1,POWER,3.70
1765727230898,CH1,POWER,3.70
1765727230903,CH1,POWER,3.70
1765727230908,CH1,POWER,3.70
1765727230912,CH1,POWER,3.70
1765727230919,CH1,POWER,3.70
1765727230924,CH1,POWER,3.70
1765727230928,CH1,POWER,3.70
1765727230931,CH1,POWER,3.70
1765727230933,CH1,POWER,3.70
1765727230961,CH1,POWER,3.70
1765727230966,CH1,POWER,3.70
1765727230970,CH1,POWER,3.70
1765727230974,CH1,POWER,3.70
1765727230981,CH1,POWER,3.70
1765727230986,CH1,POWER,3.70
1765727230990,CH1,POWER,3.70
1765727230998,CH1,POWER,3.70
1765727231003,CH1,POWER,3.70
1765727231007,CH1,POWER,3.70
1765727231012,CH1,POWER,3.70
1765727231018,CH1,POWER,3.70
1765727231025,CH1,POWER,3.70
1765727231030,CH1,POWER,3.70
1765727231034,CH1,POWER,3.70
1765727231041,CH1,POWER,3.70
1765727231046,CH1,POWER,3.70
1765727231050,CH1,POWER,3.70
1765727231058,CH1,POWER,3.70
1765727231065,CH1,POWER,3.70
1765727231070,CH1,POWER,3.70
1765727231074,CH1,POWER,3.70
1765727231079,CH1,POWER,3.70
1765727231086,CH1,POWER,3.70
1765727231090,CH1,POWER,3.70
1765727231094,CH1,POWER,3.70
1765727231100,CH1,POWER,3.70
1765727231104,CH1,POWER,3.70
1765727231111,CH1,POWER,3.70
1765727231116,CH1,POWER,3.70
1765727231121,CH1,POWER,3.70
1765727231126,CH1,POWER,3.70
1765727231131,CH1,POWER,3.70
1765727231139,CH1,POWER,3.70
1765727231144,CH1,POWER,3.70
1765727231151,CH1,POWER,3.70
1765727231156,CH1,POWER,3.70
1765727231160,CH1,POWER,3.70
1765727231166,CH1,POWER,3.70
1765727231171,CH1,POWER,3.70
1765727231176,CH1,POWER,3.70
1765727231180,CH1,POWER,3.70
1765727231186,CH1,POWER,3.70
1765727231190,CH1,POWER,3.70
1765727231198,CH1,POWER,3.70
1765727231203,CH1,POWER,3.70
1765727231207,CH1,POWER,3.70
1765727231213,CH1,POWER,3.70
1765727231218,CH1,POWER,3.70
1765727231222,CH1,POWER,3.70
1765727231229,CH1,POWER,3.70
1765727231233,CH1,POWER,3.70
1765727231237,CH1,POWER,3.70
1765727231242,CH1,POWER,3.70
1765727231249,CH1,POWER,3.70
1765727231253,CH1,POWER,3.70
1765727231260,CH1,POWER,3.70
1765727231264,CH1,POWER,3.70
1765727231270,CH1,POWER,3.70
1765727231276,CH1,POWER,3.70
1765727231280,CH1,POWER,3.70
1765727231284,CH1,POWER,3.70
1765727231290,CH1,POWER,3.70
1765727231295,CH1,POWER,3.70
1765727231299,CH1,POWER,3.70
1765727231306,CH1,POWER,3.70
1765727231310,CH1,POWER,3.70
1765727231314,CH1,POWER,3.70
1765727231320,CH1,POWER,3.70
1765727231324,CH1,POWER,3.60
1765727231352,CH1,POWER,3.60
1765727231356,CH1,POWER,3.60
1765727231362,CH1,POWER,3.60
1765727231366,CH1,POWER,3.60
1765727231371,CH1,POWER,3.60
1765727231376,CH1,POWER,3.60
1765727231382,CH1,POWER,3.60
1765727231386,CH1,POWER,3.60
1765727231391,CH1,POWER,3.60
1765727231396,CH1,POWER,3.60
1765727231401,CH1,POWER,3.60
1765727231405,CH1,POWER,3.60
1765727231414,CH1,POWER,3.60
1765727231421,CH1,POWER,3.60
1765727231425,CH1,POWER,3.60
1765727231433,CH1,POWER,3.60
1765727231438,CH1,POWER,3.60
1765727231443,CH1,POWER,3.60
1765727231448,CH1,POWER,3.60
1765727231452,CH1,POWER,3.60
1765727231460,CH1,POWER,3.60
1765727231466,CH1,POWER,3.60
1765727231472,CH1,POWER,3.60
1765727231477,CH1,POWER,3.60
1765727231481,CH1,POWER,3.60
1765727231485,CH1,POWER,3.60
1765727231492,CH1,POWER,3.60
1765727231498,CH1,POWER,3.60
1765727231502,CH1,POWER,3.60
1765727231508,CH1,POWER,3.60
1765727231512,CH1,POWER,3.60
1765727231516,CH1,POWER,3.60
1765727231522,CH1,POWER,3.60
1765727231528,CH1,POWER,3.60
1765727231532,CH1,POWER,3.60
1765727231540,CH1,POWER,3.60
1765727231545,CH1,POWER,3.60
1765727231549,CH1,POWER,3.60
1765727231553,CH1,POWER,3.60
1765727231559,CH1,POWER,3.60
1765727231564,CH1,POWER,3.60
1765727231569,CH1,POWER,3.60
1765727231575,CH1,POWER,3.60
1765727231581,CH1,POWER,3.60
1765727231585,CH1,POWER,3.60
1765727231589,CH1,POWER,3.60
1765727231595,CH1,POWER,3.60
1765727231601,CH1,POWER,3.60
1765727231606,CH1,POWER,3.60
1765727231612,CH1,POWER,3.60
1765727231621,CH1,POWER,3.60
1765727231625,CH1,POWER,3.60
1765727231630,CH1,POWER,3.60
1765727231634,CH1,POWER,3.60
1765727231643,CH1,POWER,3.60
1765727231648,CH1,POWER,3.60
1765727231652,CH1,POWER,3.60
1765727231658,CH1,POWER,3.60
1765727231663,CH1,POWER,3.60
1765727231668,CH1,POWER,3.60
1765727231672,CH1,POWER,3.60
1765727231676,CH1,POWER,3.60
1765727231682,CH1,POWER,3.60
1765727231686,CH1,POWER,3.60
1765727231691,CH1,POWER,3.60
1765727231695,CH1,POWER,3.60
1765727231701,CH1,POWER,3.60
1765727231708,CH1,POWER,3.60
1765727231713,CH1,POWER,3.60
1765727231715,CH1,POWER,3.70
1765727231742,CH1,POWER,3.70
1765727231746,CH1,POWER,3.70
1765727231751,CH1,POWER,3.70
1765727231757,CH1,POWER,3.70
1765727231764,CH1,POWER,3.70
1765727231768,CH1,POWER,3.70
1765727231774,CH1,POWER,3.70
1765727231778,CH1,POWER,3.70
1765727231784,CH1,POWER,3.70
1765727231788,CH1,POWER,3.70
1765727231794,CH1,POWER,3.70
1765727231800,CH1,POWER,3.70
1765727231804,CH1,POWER,3.70
1765727231809,CH1,POWER,3.70
1765727231813,CH1,POWER,3.70
1765727231818,CH1,POWER,3.70
1765727231825,CH1,POWER,3.70
1765727231830,CH1,POWER,3.70
1765727231834,CH1,POWER,3.70
1765727231838,CH1,POWER,3.70
1765727231843,CH1,POWER,3.70
1765727231850,CH1,POWER,3.70
1765727231854,CH1,POWER,3.70
1765727231860,CH1,POWER,3.70
1765727231864,CH1,POWER,3.70
1765727231873,CH1,POWER,3.70
1765727231877,CH1,POWER,3.70
1765727231884,CH1,POWER,3.70
1765727231890,CH1,POWER,3.70
1765727231894,CH1,POWER,3.70
1765727231900,CH1,POWER,3.70
1765727231904,CH1,POWER,3.70
1765727231910,CH1,POWER,3.70
1765727231914,CH1,POWER,3.70
1765727231918,CH1,POWER,3.70
1765727231923,CH1,POWER,3.70
1765727231928,CH1,POWER,3.70
1765727231934,CH1,POWER,3.70
1765727231938,CH1,POWER,3.70
1765727231943,CH1,POWER,3.70
1765727231950,CH1,POWER,3.70
1765727231954,CH1,POWER,3.70
1765727231960,CH1,POWER,3.70
1765727231964,CH1,POWER,3.70
1765727231968,CH1,POWER,3.70
1765727231973,CH1,POWER,3.70
1765727231980,CH1,POWER,3.70
1765727231984,CH1,POWER,3.70
1765727231990,CH1,POWER,3.70
1765727231994,CH1,POWER,3.70
1765727231998,CH1,POWER,3.70
1765727232004,CH1,POWER,3.70
1765727232008,CH1,POWER,3.70
1765727232014,CH1,POWER,3.70
1765727232020,CH1,POWER,3.70
1765727232024,CH1,POWER,3.70
1765727232030,CH1,POWER,3.70
1765727232034,CH1,POWER,3.70
1765727232038,CH1,POWER,3.70
1765727232044,CH1,POWER,3.70
1765727232048,CH1,POWER,3.70
1765727232054,CH1,POWER,3.70
1765727232060,CH1,POWER,3.70
1765727232064,CH1,POWER,3.70
1765727232068,CH1,POWER,3.70
1765727232074,CH1,POWER,3.70
1765727232078,CH1,POWER,3.70
1765727232084,CH1,POWER,3.70
1765727232088,CH1,POWER,3.70
1765727232094,CH1,POWER,3.70
1765727232100,CH1,POWER,3.70
1765727232104,CH1,POWER,3.70
1765727232107,CH1,POWER,3.80
1765727232133,CH1,POWER,3.80
1765727232138,CH1,POWER,3.80
1765727232143,CH1,POWER,3.80
1765727232147,CH1,POWER,3.80
1765727232155,CH1,POWER,3.80
1765727232159,CH1,POWER,3.80
1765727232165,CH1,POWER,3.80
1765727232170,CH1,POWER,3.80
1765727232175,CH1,POWER,3.80
1765727232179,CH1,POWER,3.80
1765727232183,CH1,POWER,3.80
1765727232188,CH1,POWER,3.80
1765727232194,CH1,POWER,3.80
1765727232200,CH1,POWER,3.80
1765727232206,CH1,POWER,3.80
1765727232214,CH1,POWER,3.80
1765727232219,CH1,POWER,3.80
1765727232223,CH1,POWER,3.80
1765727232228,CH1,POWER,3.80
1765727232233,CH1,POWER,3.80
1765727232240,CH1,POWER,3.80
1765727232246,CH1,POWER,3.80
1765727232252,CH1,POWER,3.80
1765727232256,CH1,POWER,3.80
1765727232260,CH1,POWER,3.80
1765727232265,CH1,POWER,3.80
1765727232270,CH1,POWER,3.80
1765727232276,CH1,POWER,3.80
1765727232282,CH1,POWER,3.80
1765727232286,CH1,POWER,3.80
1765727232290,CH1,POWER,3.80
1765727232296,CH1,POWER,3.80
1765727232300,CH1,POWER,3.80
1765727232306,CH1,POWER,3.80
1765727232310,CH1,POWER,3.80
1765727232315,CH1,POWER,3.80
1765727232319,CH1,POWER,3.80
1765727232325,CH1,POWER,3.80
1765727232329,CH1,POWER,3.80
1765727232333,CH1,POWER,3.80
1765727232337,CH1,POWER,3.80
1765727232344,CH1,POWER,3.80
1765727232350,CH1,POWER,3.80
1765727232356,CH1,POWER,3.80
1765727232360,CH1,POWER,3.80
1765727232366,CH1,POWER,3.80
1765727232370,CH1,POWER,3.80
1765727232376,CH1,POWER,3.80
1765727232382,CH1,POWER,3.80
1765727232386,CH1,POWER,3.80
1765727232390,CH1,POWER,3.80
1765727232396,CH1,POWER,3.80
1765727232400,CH1,POWER,3.80
1765727232405,CH1,POWER,3.80
1765727232409,CH1,POWER,3.80
1765727232416,CH1,POWER,3.80
1765727232422,CH1,POWER,3.80
1765727232426,CH1,POWER,3.80
1765727232432,CH1,POWER,3.80
1765727232436,CH1,POWER,3.80
1765727232442,CH1,POWER,3.80
1765727232446,CH1,POWER,3.80
1765727232452,CH1,POWER,3.80
1765727232456,CH1,POWER,3.80
1765727232460,CH1,POWER,3.80
1765727232466,CH1,POWER,3.80
1765727232470,CH1,POWER,3.80
1765727232475,CH1,POWER,3.80
1765727232482,CH1,POWER,3.80
1765727232486,CH1,POWER,3.80
1765727232492,CH1,POWER,3.80
1765727232496,CH1,POWER,3.80
1765727232499,CH1,POWER,3.70
1765727232525,CH1,POWER,3.70
1765727232530,CH1,POWER,3.70
1765727232535,CH1,POWER,3.70
1765727232539,CH1,POWER,3.70
1765727232544,CH1,POWER,3.70
1765727232548,CH1,POWER,3.70
1765727232552,CH1,POWER,3.70
1765727232558,CH1,POWER,3.70
1765727232562,CH1,POWER,3.70
1765727232568,CH1,POWER,3.70
1765727232572,CH1,POWER,3.70
1765727232577,CH1,POWER,3.70
1765727232584,CH1,POWER,3.70
1765727232588,CH1,POWER,3.70
1765727232594,CH1,POWER,3.70
1765727232598,CH1,POWER,3.70
1765727232602,CH1,POWER,3.70
1765727232607,CH1,POWER,3.70
1765727232612,CH1,POWER,3.70
1765727232618,CH1,POWER,3.70
1765727232622,CH1,POWER,3.70
1765727232628,CH1,POWER,3.70
1765727232634,CH1,POWER,3.70
1765727232638,CH1,POWER,3.70
1765727232642,CH1,POWER,3.70
1765727232647,CH1,POWER,3.70
1765727232652,CH1,POWER,3.70
1765727232658,CH1,POWER,3.70
1765727232662,CH1,POWER,3.70
1765727232668,CH1,POWER,3.70
1765727232672,CH1,POWER,3.70
1765727232678,CH1,POWER,3.70
1765727232682,CH1,POWER,3.70
1765727232688,CH1,POWER,3.70
1765727232692,CH1,POWER,3.70
1765727232697,CH1,POWER,3.70
1765727232704,CH1,POWER,3.70
1765727232708,CH1,POWER,3.70
1765727232714,CH1,POWER,3.70
1765727232718,CH1,POWER,3.70
1765727232722,CH1,POWER,3.70
1765727232727,CH1,POWER,3.70
1765727232731,CH1,POWER,3.70
1765727232737,CH1,POWER,3.70
1765727232741,CH1,POWER,3.70
1765727232745,CH1,POWER,3.70
1765727232749,CH1,POWER,3.70
1765727232756,CH1,POWER,3.70
1765727232762,CH1,POWER,3.70
1765727232767,CH1,POWER,3.70
1765727232774,CH1,POWER,3.70
1765727232778,CH1,POWER,3.70
1765727232786,CH1,POWER,3.70
1765727232791,CH1,POWER,3.70
1765727232795,CH1,POWER,3.70
1765727232800,CH1,POWER,3.70
1765727232808,CH1,POWER,3.70
1765727232814,CH1,POWER,3.70
1765727232818,CH1,POWER,3.70
1765727232824,CH1,POWER,3.70
1765727232828,CH1,POWER,3.70
1765727232832,CH1,POWER,3.70
1765727232838,CH1,POWER,3.70
1765727232844,CH1,POWER,3.70
1765727232848,CH1,POWER,3.70
1765727232852,CH1,POWER,3.70
1765727232858,CH1,POWER,3.70
1765727232862,CH1,POWER,3.70
1765727232868,CH1,POWER,3.70
1765727232872,CH1,POWER,3.70
1765727232878,CH1,POWER,3.70
1765727232882,CH1,POWER,3.70
1765727232887,CH1,POWER,3.70
1765727232892,CH1,POWER,3.70
1765727232896,CH1,POWER,3.65
1765727232899,CH1,POWER,3.65
1765727232901,CH1,POWER,3.65
1765727232927,CH1,POWER,3.65
1765727232932,CH1,POWER,3.65
1765727232937,CH1,POWER,3.65
1765727232941,CH1,POWER,3.65
1765727232946,CH1,POWER,3.65
1765727232950,CH1,POWER,3.65
1765727232954,CH1,POWER,3.65
1765727232960,CH1,POWER,3.65
1765727232964,CH1,POWER,3.65
1765727232970,CH1,POWER,3.65
1765727232976,CH1,POWER,3.65
1765727232980,CH1,POWER,3.65
1765727232986,CH1,POWER,3.65
1765727232990,CH1,POWER,3.65
1765727232994,CH1,POWER,3.65
1765727232999,CH1,POWER,3.65
1765727233003,CH1,POWER,3.65
1765727233010,CH1,POWER,3.65
1765727233018,CH1,POWER,3.65
1765727233023,CH1,POWER,3.65
1765727233029,CH1,POWER,3.65
1765727233033,CH1,POWER,3.65
1765727233037,CH1,POWER,3.65
1765727233041,CH1,POWER,3.65
1765727233046,CH1,POWER,3.65
1765727233050,CH1,POWER,3.65
1765727233054,CH1,POWER,3.65
1765727233060,CH1,POWER,3.65
1765727233066,CH1,POWER,3.65
1765727233070,CH1,POWER,3.65
1765727233076,CH1,POWER,3.65
1765727233080,CH1,POWER,3.65
1765727233084,CH1,POWER,3.65
1765727233089,CH1,POWER,3.65
1765727233093,CH1,POWER,3.65
1765727233097,CH1,POWER,3.65
1765727233101,CH1,POWER,3.65
1765727233106,CH1,POWER,3.65
1765727233110,CH1,POWER,3.65
1765727233116,CH1,POWER,3.65
1765727233120,CH1,POWER,3.65
1765727233124,CH1,POWER,3.65
1765727233130,CH1,POWER,3.65
1765727233136,CH1,POWER,3.65
1765727233140,CH1,POWER,3.65
1765727233144,CH1,POWER,3.65
1765727233150,CH1,POWER,3.65
1765727233156,CH1,POWER,3.65
1765727233160,CH1,POWER,3.65
1765727233164,CH1,POWER,3.65
1765727233170,CH1,POWER,3.65
1765727233174,CH1,POWER,3.65
1765727233180,CH1,POWER,3.65
1765727233186,CH1,POWER,3.65
1765727233190,CH1,POWER,3.65
1765727233194,CH1,POWER,3.65
1765727233200,CH1,POWER,3.65
1765727233204,CH1,POWER,3.65
1765727233210,CH1,POWER,3.65
1765727233214,CH1,POWER,3.65
1765727233219,CH1,POWER,3.65
1765727233223,CH1,POWER,3.65
1765727233227,CH1,POWER,3.65
1765727233231,CH1,POWER,3.65
1765727233236,CH1,POWER,3.65
1765727233240,CH1,POWER,3.65
1765727233246,CH1,POWER,3.65
1765727233250,CH1,POWER,3.65
1765727233254,CH1,POWER,3.65
1765727233260,CH1,POWER,3.65
1765727233266,CH1,POWER,3.65
1765727233270,CH1,POWER,3.65
1765727233276,CH1,POWER,3.65
1765727233280,CH1,POWER,3.65
1765727233286,CH1,POWER,3.65
1765727233290,CH1,POWER,3.65
1765727233294,CH1,POWER,3.65
1765727233299,CH1,POWER,3.65
1765727233301,CH1,POWER,3.80
1765727233304,CH1,POWER,3.80
1765727233331,CH1,POWER,3.80
1765727233336,CH1,POWER,3.80
1765727233341,CH1,POWER,3.80
1765727233345,CH1,POWER,3.80
1765727233349,CH1,POWER,3.80
1765727233354,CH1,POWER,3.80
1765727233360,CH1,POWER,3.80
1765727233365,CH1,POWER,3.80
1765727233371,CH1,POWER,3.80
1765727233375,CH1,POWER,3.80
1765727233379,CH1,POWER,3.80
1765727233383,CH1,POWER,3.80
1765727233388,CH1,POWER,3.80
1765727233392,CH1,POWER,3.80
1765727233396,CH1,POWER,3.80
1765727233401,CH1,POWER,3.80
1765727233408,CH1,POWER,3.80
1765727233412,CH1,POWER,3.80
1765727233418,CH1,POWER,3.80
1765727233422,CH1,POWER,3.80
1765727233430,CH1,POWER,3.80
1765727233434,CH1,POWER,3.80
1765727233439,CH1,POWER,3.80
1765727233443,CH1,POWER,3.80
1765727233449,CH1,POWER,3.80
1765727233454,CH1,POWER,3.80
1765727233460,CH1,POWER,3.80
1765727233464,CH1,POWER,3.80
1765727233470,CH1,POWER,3.80
1765727233474,CH1,POWER,3.80
1765727233479,CH1,POWER,3.80
1765727233483,CH1,POWER,3.80
1765727233490,CH1,POWER,3.80
1765727233495,CH1,POWER,3.80
1765727233499,CH1,POWER,3.80
1765727233504,CH1,POWER,3.80
1765727233510,CH1,POWER,3.80
1765727233514,CH1,POWER,3.80
1765727233520,CH1,POWER,3.80
1765727233526,CH1,POWER,3.80
1765727233531,CH1,POWER,3.80
1765727233538,CH1,POWER,3.80
1765727233542,CH1,POWER,3.80
1765727233548,CH1,POWER,3.80
1765727233552,CH1,POWER,3.80
1765727233556,CH1,POWER,3.80
1765727233561,CH1,POWER,3.80
1765727233565,CH1,POWER,3.80
1765727233569,CH1,POWER,3.80
1765727233574,CH1,POWER,3.80
1765727233580,CH1,POWER,3.80
1765727233585,CH1,POWER,3.80
1765727233592,CH1,POWER,3.80
1765727233598,CH1,POWER,3.80
1765727233602,CH1,POWER,3.80
1765727233606,CH1,POWER,3.80
1765727233612,CH1,POWER,3.80
1765727233618,CH1,POWER,3.80
1765727233622,CH1,POWER,3.80
1765727233628,CH1,POWER,3.80
1765727233632,CH1,POWER,3.80
1765727233636,CH1,POWER,3.80
1765727233642,CH1,POWER,3.80
1765727233646,CH1,POWER,3.80
1765727233652,CH1,POWER,3.80
1765727233658,CH1,POWER,3.80
1765727233662,CH1,POWER,3.80
1765727233668,CH1,POWER,3.80
1765727233672,CH1,POWER,3.80
1765727233678,CH1,POWER,3.80
1765727233682,CH1,POWER,3.80
1765727233686,CH1,POWER,3.80
1765727233692,CH1,POWER,3.80
1765727233694,CH1,POWER,3.85
1765727233697,CH1,POWER,3.85
1765727233724,CH1,POWER,3.85
1765727233730,CH1,POWER,3.85
1765727233734,CH1,POWER,3.85
1765727233738,CH1,POWER,3.85
1765727233743,CH1,POWER,3.85
1765727233748,CH1,POWER,3.85
1765727233754,CH1,POWER,3.85
1765727233758,CH1,POWER,3.85
1765727233763,CH1,POWER,3.85
1765727233767,CH1,POWER,3.85
1765727233771,CH1,POWER,3.85
1765727233777,CH1,POWER,3.85
1765727233781,CH1,POWER,3.85
1765727233785,CH1,POWER,3.85
1765727233792,CH1,POWER,3.85
1765727233796,CH1,POWER,3.85
1765727233801,CH1,POWER,3.85
1765727233805,CH1,POWER,3.85
1765727233810,CH1,POWER,3.85
1765727233814,CH1,POWER,3.85
1765727233820,CH1,POWER,3.85
1765727233824,CH1,POWER,3.85
1765727233830,CH1,POWER,3.85
1765727233834,CH1,POWER,3.85
1765727233840,CH1,POWER,3.85
1765727233844,CH1,POWER,3.85
1765727233850,CH1,POWER,3.85
1765727233854,CH1,POWER,3.85
1765727233858,CH1,POWER,3.85
1765727233864,CH1,POWER,3.85
1765727233870,CH1,POWER,3.85
1765727233874,CH1,POWER,3.85
1765727233880,CH1,POWER,3.85
1765727233884,CH1,POWER,3.85
1765727233888,CH1,POWER,3.85
1765727233894,CH1,POWER,3.85
1765727233898,CH1,POWER,3.85
1765727233904,CH1,POWER,3.85
1765727233908,CH1,POWER,3.85
1765727233913,CH1,POWER,3.85
1765727233917,CH1,POWER,3.85
1765727233921,CH1,POWER,3.85
1765727233927,CH1,POWER,3.85
1765727233934,CH1,POWER,3.85
1765727233942,CH1,POWER,3.85
1765727233947,CH1,POWER,3.85
1765727233954,CH1,POWER,3.85
1765727233960,CH1,POWER,3.85
1765727233964,CH1,POWER,3.85
1765727233968,CH1,POWER,3.85
1765727233974,CH1,POWER,3.85
1765727233980,CH1,POWER,3.85
1765727233984,CH1,POWER,3.85
1765727233988,CH1,POWER,3.85
1765727233994,CH1,POWER,3.85
1765727234000,CH1,POWER,3.85
1765727234004,CH1,POWER,3.85
1765727234010,CH1,POWER,3.85
1765727234014,CH1,POWER,3.85
1765727234020,CH1,POWER,3.85
1765727234024,CH1,POWER,3.85
1765727234028,CH1,POWER,3.85
1765727234034,CH1,POWER,3.85
1765727234038,CH1,POWER,3.85
1765727234044,CH1,POWER,3.85
1765727234050,CH1,POWER,3.85
1765727234054,CH1,POWER,3.85
1765727234060,CH1,POWER,3.85
1765727234064,CH1,POWER,3.85
1765727234068,CH1,POWER,3.85
1765727234073,CH1,POWER,3.85
1765727234080,CH1,POWER,3.85
1765727234084,CH1,POWER,3.85
1765727234086,CH1,POWER,3.80
1765727234089,CH1,POWER,3.80
1765727234116,CH1,POWER,3.80
1765727234122,CH1,POWER,3.80
1765727234126,CH1,POWER,3.80
1765727234130,CH1,POWER,3.80
1765727234135,CH1,POWER,3.80
1765727234142,CH1,POWER,3.80
1765727234146,CH1,POWER,3.80
1765727234152,CH1,POWER,3.80
1765727234156,CH1,POWER,3.80
1765727234160,CH1,POWER,3.80
1765727234165,CH1,POWER,3.80
1765727234169,CH1,POWER,3.80
1765727234176,CH1,POWER,3.80
1765727234180,CH1,POWER,3.80
1765727234185,CH1,POWER,3.80
1765727234189,CH1,POWER,3.80
1765727234193,CH1,POWER,3.80
1765727234199,CH1,POWER,3.80
1765727234203,CH1,POWER,3.80
1765727234207,CH1,POWER,3.80
1765727234214,CH1,POWER,3.80
1765727234218,CH1,POWER,3.80
1765727234223,CH1,POWER,3.80
1765727234227,CH1,POWER,3.80
1765727234234,CH1,POWER,3.80
1765727234239,CH1,POWER,3.80
1765727234245,CH1,POWER,3.80
1765727234249,CH1,POWER,3.80
1765727234256,CH1,POWER,3.80
1765727234264,CH1,POWER,3.80
1765727234268,CH1,POWER,3.80
1765727234274,CH1,POWER,3.80
1765727234279,CH1,POWER,3.80
1765727234283,CH1,POWER,3.80
1765727234287,CH1,POWER,3.80
1765727234292,CH1,POWER,3.80
1765727234296,CH1,POWER,3.80
1765727234300,CH1,POWER,3.80
1765727234306,CH1,POWER,3.80
1765727234311,CH1,POWER,3.80
1765727234316,CH1,POWER,3.80
1765727234320,CH1,POWER,3.80
1765727234326,CH1,POWER,3.80
1765727234332,CH1,POWER,3.80
1765727234336,CH1,POWER,3.80
1765727234342,CH1,POWER,3.80
1765727234346,CH1,POWER,3.80
1765727234350,CH1,POWER,3.80
1765727234356,CH1,POWER,3.80
1765727234360,CH1,POWER,3.80
1765727234365,CH1,POWER,3.80
1765727234370,CH1,POWER,3.80
1765727234376,CH1,POWER,3.80
1765727234380,CH1,POWER,3.80
1765727234385,CH1,POWER,3.80
1765727234389,CH1,POWER,3.80
1765727234393,CH1,POWER,3.80
1765727234397,CH1,POWER,3.80
1765727234402,CH1,POWER,3.80
1765727234406,CH1,POWER,3.80
1765727234410,CH1,POWER,3.80
1765727234416,CH1,POWER,3.80
1765727234420,CH1,POWER,3.80
1765727234425,CH1,POWER,3.80
1765727234429,CH1,POWER,3.80
1765727234433,CH1,POWER,3.80
1765727234438,CH1,POWER,3.80
1765727234444,CH1,POWER,3.80
1765727234449,CH1,POWER,3.80
1765727234456,CH1,POWER,3.80
1765727234462,CH1,POWER,3.80
1765727234466,CH1,POWER,3.80
1765727234470,CH1,POWER,3.80
1765727234476,CH1,POWER,3.80
1765727234482,CH1,POWER,3.80
1765727234486,CH1,POWER,3.80
1765727234489,CH1,POWER,3.75
1765727234515,CH1,POWER,3.75
1765727234520,CH1,POWER,3.75
1765727234525,CH1,POWER,3.75
1765727234529,CH1,POWER,3.75
1765727234534,CH1,POWER,3.75
1765727234538,CH1,POWER,3.75
1765727234542,CH1,POWER,3.75
1765727234548,CH1,POWER,3.75
1765727234554,CH1,POWER,3.75
1765727234558,CH1,POWER,3.75
1765727234562,CH1,POWER,3.75
1765727234568,CH1,POWER,3.75
1765727234573,CH1,POWER,3.75
1765727234578,CH1,POWER,3.75
1765727234582,CH1,POWER,3.75
1765727234588,CH1,POWER,3.75
1765727234594,CH1,POWER,3.75
1765727234598,CH1,POWER,3.75
1765727234606,CH1,POWER,3.75
1765727234610,CH1,POWER,3.75
1765727234615,CH1,POWER,3.75
1765727234619,CH1,POWER,3.75
1765727234626,CH1,POWER,3.75
1765727234631,CH1,POWER,3.75
1765727234635,CH1,POWER,3.75
1765727234640,CH1,POWER,3.75
1765727234646,CH1,POWER,3.75
1765727234650,CH1,POWER,3.75
1765727234655,CH1,POWER,3.75
1765727234659,CH1,POWER,3.75
1765727234664,CH1,POWER,3.75
1765727234668,CH1,POWER,3.75
1765727234672,CH1,POWER,3.75
1765727234678,CH1,POWER,3.75
1765727234684,CH1,POWER,3.75
1765727234688,CH1,POWER,3.75
1765727234692,CH1,POWER,3.75
1765727234698,CH1,POWER,3.75
1765727234704,CH1,POWER,3.75
1765727234708,CH1,POWER,3.75
1765727234712,CH1,POWER,3.75
1765727234718,CH1,POWER,3.75
1765727234722,CH1,POWER,3.75
1765727234728,CH1,POWER,3.75
1765727234732,CH1,POWER,3.75
1765727234738,CH1,POWER,3.75
1765727234742,CH1,POWER,3.75
1765727234747,CH1,POWER,3.75
1765727234751,CH1,POWER,3.75
1765727234755,CH1,POWER,3.75
1765727234760,CH1,POWER,3.75
1765727234766,CH1,POWER,3.75
1765727234771,CH1,POWER,3.75
1765727234775,CH1,POWER,3.75
1765727234779,CH1,POWER,3.75
1765727234784,CH1,POWER,3.75
1765727234788,CH1,POWER,3.75
1765727234792,CH1,POWER,3.75
1765727234798,CH1,POWER,3.75
1765727234804,CH1,POWER,3.75
1765727234808,CH1,POWER,3.75
1765727234814,CH1,POWER,3.75
1765727234818,CH1,POWER,3.75
1765727234822,CH1,POWER,3.75
1765727234828,CH1,POWER,3.75
1765727234832,CH1,POWER,3.75
1765727234838,CH1,POWER,3.75
1765727234842,CH1,POWER,3.75
1765727234848,CH1,POWER,3.75
1765727234853,CH1,POWER,3.75
1765727234858,CH1,POWER,3.75
1765727234862,CH1,POWER,3.75
1765727234868,CH1,POWER,3.75
1765727234874,CH1,POWER,3.75
1765727234878,CH1,POWER,3.75
1765727234882,CH1,POWER,3.75
1765727234909,CH1,POWER,3.60
1765727234914,CH1,POWER,3.60
1765727234919,CH1,POWER,3.60
1765727234923,CH1,POWER,3.60
1765727234927,CH1,POWER,3.60
1765727234932,CH1,POWER,3.60
1765727234938,CH1,POWER,3.60
1765727234942,CH1,POWER,3.60
1765727234947,CH1,POWER,3.60
1765727234951,CH1,POWER,3.60
1765727234956,CH1,POWER,3.60
1765727234960,CH1,POWER,3.60
1765727234964,CH1,POWER,3.60
1765727234970,CH1,POWER,3.60
1765727234975,CH1,POWER,3.60
1765727234980,CH1,POWER,3.60
1765727234984,CH1,POWER,3.60
1765727234990,CH1,POWER,3.60
1765727234994,CH1,POWER,3.60
1765727234999,CH1,POWER,3.60
1765727235004,CH1,POWER,3.60
1765727235009,CH1,POWER,3.60
1765727235013,CH1,POWER,3.60
1765727235020,CH1,POWER,3.60
1765727235026,CH1,POWER,3.60
1765727235030,CH1,POWER,3.60
1765727235034,CH1,POWER,3.60
1765727235040,CH1,POWER,3.60
1765727235046,CH1,POWER,3.60
1765727235050,CH1,POWER,3.60
1765727235055,CH1,POWER,3.60
1765727235060,CH1,POWER,3.60
1765727235064,CH1,POWER,3.60
1765727235070,CH1,POWER,3.60
1765727235076,CH1,POWER,3.60
1765727235080,CH1,POWER,3.60
1765727235084,CH1,POWER,3.60
1765727235089,CH1,POWER,3.60
1765727235093,CH1,POWER,3.60
1765727235097,CH1,POWER,3.60
1765727235103,CH1,POWER,3.60
1765727235110,CH1,POWER,3.60
1765727235114,CH1,POWER,3.60
1765727235119,CH1,POWER,3.60
1765727235123,CH1,POWER,3.60
1765727235127,CH1,POWER,3.60
1765727235132,CH1,POWER,3.60
1765727235138,CH1,POWER,3.60
1765727235143,CH1,POWER,3.60
1765727235150,CH1,POWER,3.60
1765727235155,CH1,POWER,3.60
1765727235160,CH1,POWER,3.60
1765727235165,CH1,POWER,3.60
1765727235170,CH1,POWER,3.60
1765727235174,CH1,POWER,3.60
1765727235180,CH1,POWER,3.60
1765727235186,CH1,POWER,3.60
1765727235190,CH1,POWER,3.60
1765727235194,CH1,POWER,3.60
1765727235200,CH1,POWER,3.60
1765727235204,CH1,POWER,3.60
1765727235210,CH1,POWER,3.60
1765727235216,CH1,POWER,3.60
1765727235220,CH1,POWER,3.60
1765727235225,CH1,POWER,3.60
1765727235230,CH1,POWER,3.60
1765727235234,CH1,POWER,3.60
1765727235240,CH1,POWER,3.60
1765727235244,CH1,POWER,3.60
1765727235250,CH1,POWER,3.60
1765727235254,CH1,POWER,3.60
1765727235259,CH1,POWER,3.60
1765727235264,CH1,POWER,3.60
1765727235270,CH1,POWER,3.60
1765727235273,CH1,POWER,3.30
1765727235299,CH1,POWER,3.30
1765727235304,CH1,POWER,3.30
1765727235310,CH1,POWER,3.30
1765727235316,CH1,POWER,3.30
1765727235321,CH1,POWER,3.30
1765727235325,CH1,POWER,3.30
1765727235331,CH1,POWER,3.30
1765727235335,CH1,POWER,3.30
1765727235341,CH1,POWER,3.30
1765727235346,CH1,POWER,3.30
1765727235352,CH1,POWER,3.30
1765727235360,CH1,POWER,3.30
1765727235366,CH1,POWER,3.30
1765727235371,CH1,POWER,3.30
1765727235375,CH1,POWER,3.30
1765727235382,CH1,POWER,3.30
1765727235386,CH1,POWER,3.30
1765727235392,CH1,POWER,3.30
1765727235396,CH1,POWER,3.30
1765727235402,CH1,POWER,3.30
1765727235408,CH1,POWER,3.30
1765727235412,CH1,POWER,3.30
1765727235417,CH1,POWER,3.30
1765727235422,CH1,POWER,3.30
1765727235428,CH1,POWER,3.30
1765727235432,CH1,POWER,3.30
1765727235436,CH1,POWER,3.30
1765727235442,CH1,POWER,3.30
1765727235450,CH1,POWER,3.30
1765727235455,CH1,POWER,3.30
1765727235462,CH1,POWER,3.30
1765727235466,CH1,POWER,3.30
1765727235472,CH1,POWER,3.30
1765727235478,CH1,POWER,3.30
1765727235482,CH1,POWER,3.30
1765727235487,CH1,POWER,3.30
1765727235492,CH1,POWER,3.30
1765727235496,CH1,POWER,3.30
1765727235502,CH1,POWER,3.30
1765727235506,CH1,POWER,3.30
1765727235511,CH1,POWER,3.30
1765727235515,CH1,POWER,3.30
1765727235521,CH1,POWER,3.30
1765727235526,CH1,POWER,3.30
1765727235532,CH1,POWER,3.30
1765727235540,CH1,POWER,3.30
1765727235544,CH1,POWER,3.30
1765727235549,CH1,POWER,3.30
1765727235554,CH1,POWER,3.30
1765727235560,CH1,POWER,3.30
1765727235564,CH1,POWER,3.30
1765727235570,CH1,POWER,3.30
1765727235575,CH1,POWER,3.30
1765727235579,CH1,POWER,3.30
1765727235585,CH1,POWER,3.30
1765727235592,CH1,POWER,3.30
1765727235600,CH1,POWER,3.30
1765727235605,CH1,POWER,3.30
1765727235609,CH1,POWER,3.30
1765727235615,CH1,POWER,3.30
1765727235622,CH1,POWER,3.30
1765727235626,CH1,POWER,3.30
1765727235632,CH1,POWER,3.30
1765727235638,CH1,POWER,3.30
1765727235642,CH1,POWER,3.30
1765727235650,CH1,POWER,3.30
1765727235656,CH1,POWER,3.30
1765727235661,CH1,POWER,3.30
1765727235663,CH1,POWER,3.30
1765727235666,CH1,POWER,3.30
1765727235692,CH1,POWER,3.30
1765727235697,CH1,POWER,3.30
1765727235704,CH1,POWER,3.30
1765727235712,CH1,POWER,3.30
1765727235717,CH1,POWER,3.30
1765727235724,CH1,POWER,3.30
1765727235729,CH1,POWER,3.30
1765727235734,CH1,POWER,3.30
1765727235740,CH1,POWER,3.30
1765727235744,CH1,POWER,3.30
1765727235752,CH1,POWER,3.30
1765727235758,CH1,POWER,3.30
1765727235763,CH1,POWER,3.30
1765727235767,CH1,POWER,3.30
1765727235773,CH1,POWER,3.30
1765727235778,CH1,POWER,3.30
1765727235784,CH1,POWER,3.30
1765727235790,CH1,POWER,3.30
1765727235794,CH1,POWER,3.30
1765727235802,CH1,POWER,3.30
1765727235806,CH1,POWER,3.30
1765727235811,CH1,POWER,3.30
1765727235816,CH1,POWER,3.30
1765727235822,CH1,POWER,3.30
1765727235827,CH1,POWER,3.30
1765727235833,CH1,POWER,3.30
1765727235838,CH1,POWER,3.30
1765727235844,CH1,POWER,3.30
1765727235848,CH1,POWER,3.30
1765727235854,CH1,POWER,3.30
1765727235860,CH1,POWER,3.30
1765727235864,CH1,POWER,3.30
1765727235872,CH1,POWER,3.30
1765727235877,CH1,POWER,3.30
1765727235883,CH1,POWER,3.30
1765727235890,CH1,POWER,3.30
1765727235894,CH1,POWER,3.30
1765727235898,CH1,POWER,3.30
1765727235903,CH1,POWER,3.30
1765727235908,CH1,POWER,3.30
1765727235913,CH1,POWER,3.30
1765727235917,CH1,POWER,3.30
1765727235923,CH1,POWER,3.30
1765727235928,CH1,POWER,3.30
1765727235934,CH1,POWER,3.30
1765727235939,CH1,POWER,3.30
1765727235944,CH1,POWER,3.30
1765727235949,CH1,POWER,3.30
1765727235954,CH1,POWER,3.30
1765727235959,CH1,POWER,3.30
1765727235964,CH1,POWER,3.30
1765727235968,CH1,POWER,3.30
1765727235973,CH1,POWER,3.30
1765727235977,CH1,POWER,3.30
1765727235983,CH1,POWER,3.30
1765727235987,CH1,POWER,3.30
1765727235993,CH1,POWER,3.30
1765727235998,CH1,POWER,3.30
1765727236004,CH1,POWER,3.30
1765727236008,CH1,POWER,3.30
1765727236014,CH1,POWER,3.30
1765727236022,CH1,POWER,3.30
1765727236027,CH1,POWER,3.30
1765727236034,CH1,POWER,3.30
1765727236042,CH1,POWER,3.30
1765727236047,CH1,POWER,3.30
1765727236051,CH1,POWER,3.30
1765727236054,CH1,POWER,3.75
1765727236056,CH1,POWER,3.75
1765727236059,CH1,POWER,3.75
1765727236086,CH1,POWER,3.75
1765727236092,CH1,POWER,3.75
1765727236096,CH1,POWER,3.75
1765727236104,CH1,POWER,3.75
1765727236109,CH1,POWER,3.75
1765727236116,CH1,POWER,3.75
1765727236124,CH1,POWER,3.75
1765727236129,CH1,POWER,3.75
1765727236133,CH1,POWER,3.75
1765727236139,CH1,POWER,3.75
1765727236143,CH1,POWER,3.75
1765727236149,CH1,POWER,3.75
1765727236156,CH1,POWER,3.75
1765727236162,CH1,POWER,3.75
1765727236166,CH1,POWER,3.75
1765727236172,CH1,POWER,3.75
1765727236176,CH1,POWER,3.75
1765727236184,CH1,POWER,3.75
1765727236188,CH1,POWER,3.75
1765727236193,CH1,POWER,3.75
1765727236198,CH1,POWER,3.75
1765727236206,CH1,POWER,3.75
1765727236212,CH1,POWER,3.75
1765727236216,CH1,POWER,3.75
1765727236221,CH1,POWER,3.75
1765727236226,CH1,POWER,3.75
1765727236234,CH1,POWER,3.75
1765727236238,CH1,POWER,3.75
1765727236244,CH1,POWER,3.75
1765727236248,CH1,POWER,3.75
1765727236254,CH1,POWER,3.75
1765727236258,CH1,POWER,3.75
1765727236266,CH1,POWER,3.75
1765727236272,CH1,POWER,3.75
1765727236276,CH1,POWER,3.75
1765727236284,CH1,POWER,3.75
1765727236289,CH1,POWER,3.75
1765727236296,CH1,POWER,3.75
1765727236302,CH1,POWER,3.75
1765727236306,CH1,POWER,3.75
1765727236312,CH1,POWER,3.75
1765727236316,CH1,POWER,3.75
1765727236321,CH1,POWER,3.75
1765727236326,CH1,POWER,3.75
1765727236332,CH1,POWER,3.75
1765727236336,CH1,POWER,3.75
1765727236342,CH1,POWER,3.75
1765727236346,CH1,POWER,3.75
1765727236352,CH1,POWER,3.75
1765727236356,CH1,POWER,3.75
1765727236361,CH1,POWER,3.75
1765727236366,CH1,POWER,3.75
1765727236372,CH1,POWER,3.75
1765727236376,CH1,POWER,3.75
1765727236381,CH1,POWER,3.75
1765727236386,CH1,POWER,3.75
1765727236392,CH1,POWER,3.75
1765727236396,CH1,POWER,3.75
1765727236400,CH1,POWER,3.75
1765727236406,CH1,POWER,3.75
1765727236412,CH1,POWER,3.75
1765727236416,CH1,POWER,3.75
1765727236421,CH1,POWER,3.75
1765727236426,CH1,POWER,3.75
1765727236431,CH1,POWER,3.75
1765727236436,CH1,POWER,3.75
1765727236439,CH1,POWER,3.75
1765727236465,CH1,POWER,3.75
1765727236470,CH1,POWER,3.75
1765727236475,CH1,POWER,3.75
1765727236480,CH1,POWER,3.75
1765727236486,CH1,POWER,3.75
1765727236491,CH1,POWER,3.75
1765727236495,CH1,POWER,3.75
1765727236500,CH1,POWER,3.75
1765727236506,CH1,POWER,3.75
1765727236511,CH1,POWER,3.75
1765727236518,CH1,POWER,3.75
1765727236524,CH1,POWER,3.75
1765727236528,CH1,POWER,3.75
1765727236533,CH1,POWER,3.75
1765727236538,CH1,POWER,3.75
1765727236543,CH1,POWER,3.75
1765727236548,CH1,POWER,3.75
1765727236554,CH1,POWER,3.75
1765727236558,CH1,POWER,3.75
1765727236563,CH1,POWER,3.75
1765727236568,CH1,POWER,3.75
1765727236572,CH1,POWER,3.75
1765727236578,CH1,POWER,3.75
1765727236583,CH1,POWER,3.75
1765727236588,CH1,POWER,3.75
1765727236594,CH1,POWER,3.75
1765727236598,CH1,POWER,3.75
1765727236603,CH1,POWER,3.75
1765727236608,CH1,POWER,3.75
1765727236614,CH1,POWER,3.75
1765727236618,CH1,POWER,3.75
1765727236623,CH1,POWER,3.75
1765727236628,CH1,POWER,3.75
1765727236633,CH1,POWER,3.75
1765727236638,CH1,POWER,3.75
1765727236643,CH1,POWER,3.75
1765727236648,CH1,POWER,3.75
1765727236654,CH1,POWER,3.75
1765727236658,CH1,POWER,3.75
1765727236664,CH1,POWER,3.75
1765727236668,CH1,POWER,3.75
1765727236673,CH1,POWER,3.75
1765727236678,CH1,POWER,3.75
1765727236684,CH1,POWER,3.75
1765727236688,CH1,POWER,3.75
1765727236694,CH1,POWER,3.75
1765727236698,CH1,POWER,3.75
1765727236703,CH1,POWER,3.75
1765727236708,CH1,POWER,3.75
1765727236713,CH1,POWER,3.75
1765727236718,CH1,POWER,3.75
1765727236722,CH1,POWER,3.75
1765727236727,CH1,POWER,3.75
1765727236732,CH1,POWER,3.75
1765727236738,CH1,POWER,3.75
1765727236744,CH1,POWER,3.75
1765727236748,CH1,POWER,3.75
1765727236753,CH1,POWER,3.75
1765727236758,CH1,POWER,3.75
1765727236763,CH1,POWER,3.75
1765727236768,CH1,POWER,3.75
1765727236774,CH1,POWER,3.75
1765727236778,CH1,POWER,3.75
1765727236783,CH1,POWER,3.75
1765727236788,CH1,POWER,3.75
1765727236793,CH1,POWER,3.75
1765727236798,CH1,POWER,3.75
1765727236803,CH1,POWER,3.75
1765727236808,CH1,POWER,3.75
1765727236814,CH1,POWER,3.75
1765727236818,CH1,POWER,3.75
1765727236824,CH1,POWER,3.75
1765727236828,CH1,POWER,3.75
1765727236833,CH1,POWER,3.75
1765727236860,CH1,POWER,3.90
1765727236866,CH1,POWER,3.90
1765727236870,CH1,POWER,3.90
1765727236878,CH1,POWER,3.90
1765727236883,CH1,POWER,3.90
1765727236890,CH1,POWER,3.90
1765727236896,CH1,POWER,3.90
1765727236900,CH1,POWER,3.90
1765727236906,CH1,POWER,3.90
1765727236910,CH1,POWER,3.90
1765727236918,CH1,POWER,3.90
1765727236922,CH1,POWER,3.90
1765727236927,CH1,POWER,3.90
1765727236931,CH1,POWER,3.90
1765727236938,CH1,POWER,3.90
1765727236943,CH1,POWER,3.90
1765727236949,CH1,POWER,3.90
1765727236953,CH1,POWER,3.90
1765727236959,CH1,POWER,3.90
1765727236963,CH1,POWER,3.90
1765727236970,CH1,POWER,3.90
1765727236976,CH1,POWER,3.90
1765727236980,CH1,POWER,3.90
1765727236988,CH1,POWER,3.90
1765727236993,CH1,POWER,3.90
1765727236997,CH1,POWER,3.90
1765727237002,CH1,POWER,3.90
1765727237010,CH1,POWER,3.90
1765727237015,CH1,POWER,3.90
1765727237020,CH1,POWER,3.90
1765727237026,CH1,POWER,3.90
1765727237030,CH1,POWER,3.90
1765727237038,CH1,POWER,3.90
1765727237044,CH1,POWER,3.90
1765727237049,CH1,POWER,3.90
1765727237053,CH1,POWER,3.90
1765727237060,CH1,POWER,3.90
1765727237064,CH1,POWER,3.90
1765727237070,CH1,POWER,3.90
1765727237076,CH1,POWER,3.90
1765727237080,CH1,POWER,3.90
1765727237085,CH1,POWER,3.90
1765727237090,CH1,POWER,3.90
1765727237096,CH1,POWER,3.90
1765727237100,CH1,POWER,3.90
1765727237104,CH1,POWER,3.90
1765727237110,CH1,POWER,3.90
1765727237115,CH1,POWER,3.90
1765727237120,CH1,POWER,3.90
1765727237125,CH1,POWER,3.90
1765727237130,CH1,POWER,3.90
1765727237134,CH1,POWER,3.90
1765727237139,CH1,POWER,3.90
1765727237143,CH1,POWER,3.90
1765727237147,CH1,POWER,3.90
1765727237151,CH1,POWER,3.90
1765727237158,CH1,POWER,3.90
1765727237163,CH1,POWER,3.90
1765727237167,CH1,POWER,3.90
1765727237171,CH1,POWER,3.90
1765727237175,CH1,POWER,3.90
1765727237180,CH1,POWER,3.90
1765727237186,CH1,POWER,3.90
1765727237190,CH1,POWER,3.90
1765727237198,CH1,POWER,3.90
1765727237202,CH1,POWER,3.90
1765727237207,CH1,POWER,3.90
1765727237212,CH1,POWER,3.90
1765727237217,CH1,POWER,3.90
1765727237219,CH1,POWER,3.95
1765727237222,CH1,POWER,3.95
1765727237224,CH1,POWER,3.95
1765727237252,CH1,POWER,3.95
1765727237257,CH1,POWER,3.95
1765727237262,CH1,POWER,3.95
1765727237268,CH1,POWER,3.95
1765727237272,CH1,POWER,3.95
1765727237277,CH1,POWER,3.95
1765727237282,CH1,POWER,3.95
1765727237286,CH1,POWER,3.95
1765727237291,CH1,POWER,3.95
1765727237295,CH1,POWER,3.95
1765727237299,CH1,POWER,3.95
1765727237305,CH1,POWER,3.95
1765727237312,CH1,POWER,3.95
1765727237316,CH1,POWER,3.95
1765727237322,CH1,POWER,3.95
1765727237330,CH1,POWER,3.95
1765727237335,CH1,POWER,3.95
1765727237341,CH1,POWER,3.95
1765727237346,CH1,POWER,3.95
1765727237351,CH1,POWER,3.95
1765727237355,CH1,POWER,3.95
1765727237359,CH1,POWER,3.95
1765727237363,CH1,POWER,3.95
1765727237369,CH1,POWER,3.95
1765727237374,CH1,POWER,3.95
1765727237379,CH1,POWER,3.95
1765727237383,CH1,POWER,3.95
1765727237389,CH1,POWER,3.95
1765727237394,CH1,POWER,3.95
1765727237400,CH1,POWER,3.95
1765727237405,CH1,POWER,3.95
1765727237409,CH1,POWER,3.95
1765727237413,CH1,POWER,3.95
1765727237417,CH1,POWER,3.95
1765727237422,CH1,POWER,3.95
1765727237426,CH1,POWER,3.95
1765727237431,CH1,POWER,3.95
1765727237436,CH1,POWER,3.95
1765727237441,CH1,POWER,3.95
1765727237445,CH1,POWER,3.95
1765727237452,CH1,POWER,3.95
1765727237458,CH1,POWER,3.95
1765727237462,CH1,POWER,3.95
1765727237470,CH1,POWER,3.95
1765727237475,CH1,POWER,3.95
1765727237482,CH1,POWER,3.95
1765727237486,CH1,POWER,3.95
1765727237491,CH1,POWER,3.95
1765727237496,CH1,POWER,3.95
1765727237501,CH1,POWER,3.95
1765727237506,CH1,POWER,3.95
1765727237511,CH1,POWER,3.95
1765727237516,CH1,POWER,3.95
1765727237522,CH1,POWER,3.95
1765727237526,CH1,POWER,3.95
1765727237532,CH1,POWER,3.95
1765727237537,CH1,POWER,3.95
1765727237542,CH1,POWER,3.95
1765727237546,CH1,POWER,3.95
1765727237551,CH1,POWER,3.95
1765727237555,CH1,POWER,3.95
1765727237559,CH1,POWER,3.95
1765727237564,CH1,POWER,3.95
1765727237570,CH1,POWER,3.95
1765727237575,CH1,POWER,3.95
1765727237579,CH1,POWER,3.95
1765727237585,CH1,POWER,3.95
1765727237591,CH1,POWER,3.95
1765727237596,CH1,POWER,3.95
1765727237601,CH1,POWER,3.95
1765727237605,CH1,POWER,3.95
1765727237609,CH1,POWER,3.95
1765727237613,CH1,POWER,3.95
1765727237619,CH1,POWER,3.95
1765727237621,CH1,POWER,3.70
1765727237624,CH1,POWER,3.70
1765727237626,CH1,POWER,3.70
1765727237654,CH1,POWER,3.70
1765727237662,CH1,POWER,3.70
1765727237667,CH1,POWER,3.70
1765727237671,CH1,POWER,3.70
1765727237676,CH1,POWER,3.70
1765727237682,CH1,POWER,3.70
1765727237686,CH1,POWER,3.70
1765727237691,CH1,POWER,3.70
1765727237695,CH1,POWER,3.70
1765727237699,CH1,POWER,3.70
1765727237704,CH1,POWER,3.70
1765727237708,CH1,POWER,3.70
1765727237713,CH1,POWER,3.70
1765727237719,CH1,POWER,3.70
1765727237724,CH1,POWER,3.70
1765727237732,CH1,POWER,3.70
1765727237736,CH1,POWER,3.70
1765727237744,CH1,POWER,3.70
1765727237749,CH1,POWER,3.70
1765727237754,CH1,POWER,3.70
1765727237758,CH1,POWER,3.70
1765727237764,CH1,POWER,3.70
1765727237769,CH1,POWER,3.70
1765727237774,CH1,POWER,3.70
1765727237779,CH1,POWER,3.70
1765727237784,CH1,POWER,3.70
1765727237792,CH1,POWER,3.70
1765727237797,CH1,POWER,3.70
1765727237804,CH1,POWER,3.70
1765727237809,CH1,POWER,3.70
1765727237814,CH1,POWER,3.70
1765727237820,CH1,POWER,3.70
1765727237824,CH1,POWER,3.70
1765727237832,CH1,POWER,3.70
1765727237837,CH1,POWER,3.70
1765727237843,CH1,POWER,3.70
1765727237847,CH1,POWER,3.70
1765727237853,CH1,POWER,3.70
1765727237858,CH1,POWER,3.70
1765727237864,CH1,POWER,3.70
1765727237868,CH1,POWER,3.70
1765727237874,CH1,POWER,3.70
1765727237878,CH1,POWER,3.70
1765727237883,CH1,POWER,3.70
1765727237890,CH1,POWER,3.70
1765727237894,CH1,POWER,3.70
1765727237898,CH1,POWER,3.70
1765727237903,CH1,POWER,3.70
1765727237908,CH1,POWER,3.70
1765727237913,CH1,POWER,3.70
1765727237918,CH1,POWER,3.70
1765727237924,CH1,POWER,3.70
1765727237932,CH1,POWER,3.70
1765727237937,CH1,POWER,3.70
1765727237941,CH1,POWER,3.70
1765727237946,CH1,POWER,3.70
1765727237952,CH1,POWER,3.70
1765727237956,CH1,POWER,3.70
1765727237961,CH1,POWER,3.70
1765727237965,CH1,POWER,3.70
1765727237969,CH1,POWER,3.70
1765727237974,CH1,POWER,3.70
1765727237978,CH1,POWER,3.70
1765727237984,CH1,POWER,3.70
1765727237992,CH1,POWER,3.70
1765727237997,CH1,POWER,3.70
1765727238001,CH1,POWER,3.70
1765727238005,CH1,POWER,3.70
1765727238010,CH1,POWER,3.70
1765727238014,CH1,POWER,3.70
1765727238018,CH1,POWER,3.70
1765727238022,CH1,POWER,3.75
1765727238024,CH1,POWER,3.75
1765727238027,CH1,POWER,3.75
1765727238053,CH1,POWER,3.75
1765727238058,CH1,POWER,3.75
1765727238063,CH1,POWER,3.75
1765727238067,CH1,POWER,3.75
1765727238071,CH1,POWER,3.75
1765727238076,CH1,POWER,3.75
1765727238080,CH1,POWER,3.75
1765727238086,CH1,POWER,3.75
1765727238091,CH1,POWER,3.75
1765727238096,CH1,POWER,3.75
1765727238101,CH1,POWER,3.75
1765727238106,CH1,POWER,3.75
1765727238110,CH1,POWER,3.75
1765727238115,CH1,POWER,3.75
1765727238119,CH1,POWER,3.75
1765727238123,CH1,POWER,3.75
1765727238128,CH1,POWER,3.75
1765727238134,CH1,POWER,3.75
1765727238139,CH1,POWER,3.75
1765727238146,CH1,POWER,3.75
1765727238154,CH1,POWER,3.75
1765727238159,CH1,POWER,3.75
1765727238163,CH1,POWER,3.75
1765727238168,CH1,POWER,3.75
1765727238174,CH1,POWER,3.75
1765727238178,CH1,POWER,3.75
1765727238184,CH1,POWER,3.75
1765727238188,CH1,POWER,3.75
1765727238196,CH1,POWER,3.75
1765727238201,CH1,POWER,3.75
1765727238206,CH1,POWER,3.75
1765727238211,CH1,POWER,3.75
1765727238216,CH1,POWER,3.75
1765727238221,CH1,POWER,3.75
1765727238226,CH1,POWER,3.75
1765727238231,CH1,POWER,3.75
1765727238236,CH1,POWER,3.75
1765727238240,CH1,POWER,3.75
1765727238246,CH1,POWER,3.75
1765727238251,CH1,POWER,3.75
1765727238256,CH1,POWER,3.75
1765727238261,CH1,POWER,3.75
1765727238266,CH1,POWER,3.75
1765727238270,CH1,POWER,3.75
1765727238276,CH1,POWER,3.75
1765727238280,CH1,POWER,3.75
1765727238286,CH1,POWER,3.75
1765727238291,CH1,POWER,3.75
1765727238296,CH1,POWER,3.75
1765727238300,CH1,POWER,3.75
1765727238306,CH1,POWER,3.75
1765727238311,CH1,POWER,3.75
1765727238316,CH1,POWER,3.75
1765727238320,CH1,POWER,3.75
1765727238326,CH1,POWER,3.75
1765727238331,CH1,POWER,3.75
1765727238336,CH1,POWER,3.75
1765727238341,CH1,POWER,3.75
1765727238346,CH1,POWER,3.75
1765727238350,CH1,POWER,3.75
1765727238355,CH1,POWER,3.75
1765727238359,CH1,POWER,3.75
1765727238363,CH1,POWER,3.75
1765727238368,CH1,POWER,3.75
1765727238374,CH1,POWER,3.75
1765727238379,CH1,POWER,3.75
1765727238386,CH1,POWER,3.75
1765727238391,CH1,POWER,3.75
1765727238396,CH1,POWER,3.75
1765727238400,CH1,POWER,3.75
1765727238406,CH1,POWER,3.75
1765727238411,CH1,POWER,3.75
1765727238416,CH1,POWER,3.75
1765727238421,CH1,POWER,3.75
1765727238448,CH1,POWER,3.70
1765727238453,CH1,POWER,3.70
1765727238458,CH1,POWER,3.70
1765727238463,CH1,POWER,3.70
1765727238468,CH1,POWER,3.70
1765727238473,CH1,POWER,3.70
1765727238478,CH1,POWER,3.70
1765727238486,CH1,POWER,3.70
1765727238491,CH1,POWER,3.70
1765727238498,CH1,POWER,3.70
1765727238506,CH1,POWER,3.70
1765727238511,CH1,POWER,3.70
1765727238518,CH1,POWER,3.70
1765727238523,CH1,POWER,3.70
1765727238528,CH1,POWER,3.70
1765727238533,CH1,POWER,3.70
1765727238538,CH1,POWER,3.70
1765727238543,CH1,POWER,3.70
1765727238548,CH1,POWER,3.70
1765727238552,CH1,POWER,3.70
1765727238557,CH1,POWER,3.70
1765727238562,CH1,POWER,3.70
1765727238567,CH1,POWER,3.70
1765727238572,CH1,POWER,3.70
1765727238578,CH1,POWER,3.70
1765727238582,CH1,POWER,3.70
1765727238588,CH1,POWER,3.70
1765727238592,CH1,POWER,3.70
1765727238598,CH1,POWER,3.70
1765727238603,CH1,POWER,3.70
1765727238608,CH1,POWER,3.70
1765727238613,CH1,POWER,3.70
1765727238618,CH1,POWER,3.70
1765727238623,CH1,POWER,3.70
1765727238628,CH1,POWER,3.70
1765727238636,CH1,POWER,3.70
1765727238641,CH1,POWER,3.70
1765727238648,CH1,POWER,3.70
1765727238653,CH1,POWER,3.70
1765727238658,CH1,POWER,3.70
1765727238662,CH1,POWER,3.70
1765727238668,CH1,POWER,3.70
1765727238676,CH1,POWER,3.70
1765727238681,CH1,POWER,3.70
1765727238688,CH1,POWER,3.70
1765727238696,CH1,POWER,3.70
1765727238701,CH1,POWER,3.70
1765727238708,CH1,POWER,3.70
1765727238713,CH1,POWER,3.70
1765727238718,CH1,POWER,3.70
1765727238723,CH1,POWER,3.70
1765727238728,CH1,POWER,3.70
1765727238732,CH1,POWER,3.70
1765727238737,CH1,POWER,3.70
1765727238741,CH1,POWER,3.70
1765727238748,CH1,POWER,3.70
1765727238756,CH1,POWER,3.70
1765727238761,CH1,POWER,3.70
1765727238768,CH1,POWER,3.70
1765727238773,CH1,POWER,3.70
1765727238778,CH1,POWER,3.70
1765727238783,CH1,POWER,3.70
1765727238788,CH1,POWER,3.70
1765727238792,CH1,POWER,3.70
1765727238798,CH1,POWER,3.70
1765727238802,CH1,POWER,3.70
1765727238808,CH1,POWER,3.70
1765727238812,CH1,POWER,3.65
1765727238840,CH1,POWER,3.65
1765727238845,CH1,POWER,3.65
1765727238850,CH1,POWER,3.65
1765727238858,CH1,POWER,3.65
1765727238862,CH1,POWER,3.65
1765727238867,CH1,POWER,3.65
1765727238871,CH1,POWER,3.65
1765727238875,CH1,POWER,3.65
1765727238880,CH1,POWER,3.65
1765727238888,CH1,POWER,3.65
1765727238894,CH1,POWER,3.65
1765727238899,CH1,POWER,3.65
1765727238903,CH1,POWER,3.65
1765727238910,CH1,POWER,3.65
1765727238918,CH1,POWER,3.65
1765727238923,CH1,POWER,3.65
1765727238930,CH1,POWER,3.65
1765727238935,CH1,POWER,3.65
1765727238940,CH1,POWER,3.65
1765727238948,CH1,POWER,3.65
1765727238953,CH1,POWER,3.65
1765727238960,CH1,POWER,3.65
1765727238968,CH1,POWER,3.65
1765727238973,CH1,POWER,3.65
1765727238980,CH1,POWER,3.65
1765727238985,CH1,POWER,3.65
1765727238990,CH1,POWER,3.65
1765727238995,CH1,POWER,3.65
1765727239000,CH1,POWER,3.65
1765727239005,CH1,POWER,3.65
1765727239010,CH1,POWER,3.65
1765727239015,CH1,POWER,3.65
1765727239020,CH1,POWER,3.65
1765727239024,CH1,POWER,3.65
1765727239030,CH1,POWER,3.65
1765727239035,CH1,POWER,3.65
1765727239040,CH1,POWER,3.65
1765727239045,CH1,POWER,3.65
1765727239050,CH1,POWER,3.65
1765727239054,CH1,POWER,3.65
1765727239060,CH1,POWER,3.65
1765727239064,CH1,POWER,3.65
1765727239070,CH1,POWER,3.65
1765727239075,CH1,POWER,3.65
1765727239080,CH1,POWER,3.65
1765727239085,CH1,POWER,3.65
1765727239090,CH1,POWER,3.65
1765727239095,CH1,POWER,3.65
1765727239100,CH1,POWER,3.65
1765727239108,CH1,POWER,3.65
1765727239113,CH1,POWER,3.65
1765727239120,CH1,POWER,3.65
1765727239128,CH1,POWER,3.65
1765727239133,CH1,POWER,3.65
1765727239140,CH1,POWER,3.65
1765727239145,CH1,POWER,3.65
1765727239150,CH1,POWER,3.65
1765727239155,CH1,POWER,3.65
1765727239160,CH1,POWER,3.65
1765727239164,CH1,POWER,3.65
1765727239170,CH1,POWER,3.65
1765727239174,CH1,POWER,3.65
1765727239180,CH1,POWER,3.65
1765727239185,CH1,POWER,3.65
1765727239190,CH1,POWER,3.65
1765727239195,CH1,POWER,3.65
1765727239200,CH1,POWER,3.65
1765727239204,CH1,POWER,3.65
1765727239232,CH1,POWER,3.60
1765727239237,CH1,POWER,3.60
1765727239242,CH1,POWER,3.60
1765727239246,CH1,POWER,3.60
1765727239251,CH1,POWER,3.60
1765727239256,CH1,POWER,3.60
1765727239261,CH1,POWER,3.60
1765727239265,CH1,POWER,3.60
1765727239269,CH1,POWER,3.60
1765727239275,CH1,POWER,3.60
1765727239282,CH1,POWER,3.60
1765727239287,CH1,POWER,3.60
1765727239292,CH1,POWER,3.60
1765727239297,CH1,POWER,3.60
1765727239302,CH1,POWER,3.60
1765727239307,CH1,POWER,3.60
1765727239312,CH1,POWER,3.60
1765727239317,CH1,POWER,3.60
1765727239322,CH1,POWER,3.60
1765727239327,CH1,POWER,3.60
1765727239332,CH1,POWER,3.60
1765727239337,CH1,POWER,3.60
1765727239342,CH1,POWER,3.60
1765727239347,CH1,POWER,3.60
1765727239352,CH1,POWER,3.60
1765727239360,CH1,POWER,3.60
1765727239364,CH1,POWER,3.60
1765727239369,CH1,POWER,3.60
1765727239373,CH1,POWER,3.60
1765727239377,CH1,POWER,3.60
1765727239382,CH1,POWER,3.60
1765727239387,CH1,POWER,3.60
1765727239392,CH1,POWER,3.60
1765727239397,CH1,POWER,3.60
1765727239402,CH1,POWER,3.60
1765727239407,CH1,POWER,3.60
1765727239412,CH1,POWER,3.60
1765727239417,CH1,POWER,3.60
1765727239422,CH1,POWER,3.60
1765727239427,CH1,POWER,3.60
1765727239432,CH1,POWER,3.60
1765727239437,CH1,POWER,3.60
1765727239442,CH1,POWER,3.60
1765727239447,CH1,POWER,3.60
1765727239452,CH1,POWER,3.60
1765727239460,CH1,POWER,3.60
1765727239464,CH1,POWER,3.60
1765727239469,CH1,POWER,3.60
1765727239473,CH1,POWER,3.60
1765727239480,CH1,POWER,3.60
1765727239484,CH1,POWER,3.60
1765727239492,CH1,POWER,3.60
1765727239497,CH1,POWER,3.60
1765727239502,CH1,POWER,3.60
1765727239510,CH1,POWER,3.60
1765727239516,CH1,POWER,3.60
1765727239521,CH1,POWER,3.60
1765727239526,CH1,POWER,3.60
1765727239532,CH1,POWER,3.60
1765727239537,CH1,POWER,3.60
1765727239542,CH1,POWER,3.60
1765727239547,CH1,POWER,3.60
1765727239552,CH1,POWER,3.60
1765727239557,CH1,POWER,3.60
1765727239562,CH1,POWER,3.60
1765727239567,CH1,POWER,3.60
1765727239572,CH1,POWER,3.60
1765727239580,CH1,POWER,3.60
1765727239584,CH1,POWER,3.60
1765727239589,CH1,POWER,3.60
1765727239592,CH1,POWER,3.70
1765727239595,CH1,POWER,3.70
1765727239621,CH1,POWER,3.70
1765727239626,CH1,POWER,3.70
1765727239631,CH1,POWER,3.70
1765727239637,CH1,POWER,3.70
1765727239643,CH1,POWER,3.70
1765727239648,CH1,POWER,3.70
1765727239654,CH1,POWER,3.70
1765727239659,CH1,POWER,3.70
1765727239664,CH1,POWER,3.70
1765727239669,CH1,POWER,3.70
1765727239674,CH1,POWER,3.70
1765727239679,CH1,POWER,3.70
1765727239684,CH1,POWER,3.70
1765727239692,CH1,POWER,3.70
1765727239696,CH1,POWER,3.70
1765727239701,CH1,POWER,3.70
1765727239705,CH1,POWER,3.70
1765727239712,CH1,POWER,3.70
1765727239716,CH1,POWER,3.70
1765727239724,CH1,POWER,3.70
1765727239729,CH1,POWER,3.70
1765727239734,CH1,POWER,3.70
1765727239739,CH1,POWER,3.70
1765727239744,CH1,POWER,3.70
1765727239748,CH1,POWER,3.70
1765727239754,CH1,POWER,3.70
1765727239758,CH1,POWER,3.70
1765727239764,CH1,POWER,3.70
1765727239768,CH1,POWER,3.70
1765727239774,CH1,POWER,3.70
1765727239779,CH1,POWER,3.70
1765727239784,CH1,POWER,3.70
1765727239792,CH1,POWER,3.70
1765727239797,CH1,POWER,3.70
1765727239804,CH1,POWER,3.70
1765727239809,CH1,POWER,3.70
1765727239814,CH1,POWER,3.70
1765727239822,CH1,POWER,3.70
1765727239826,CH1,POWER,3.70
1765727239831,CH1,POWER,3.70
1765727239837,CH1,POWER,3.70
1765727239844,CH1,POWER,3.70
1765727239849,CH1,POWER,3.70
1765727239854,CH1,POWER,3.70
1765727239859,CH1,POWER,3.70
1765727239864,CH1,POWER,3.70
1765727239872,CH1,POWER,3.70
1765727239877,CH1,POWER,3.70
1765727239884,CH1,POWER,3.70
1765727239889,CH1,POWER,3.70
1765727239894,CH1,POWER,3.70
1765727239899,CH1,POWER,3.70
1765727239904,CH1,POWER,3.70
1765727239908,CH1,POWER,3.70
1765727239913,CH1,POWER,3.70
1765727239917,CH1,POWER,3.70
1765727239924,CH1,POWER,3.70
1765727239929,CH1,POWER,3.70
1765727239934,CH1,POWER,3.70
1765727239939,CH1,POWER,3.70
1765727239944,CH1,POWER,3.70
1765727239952,CH1,POWER,3.70
1765727239957,CH1,POWER,3.70
1765727239964,CH1,POWER,3.70
1765727239969,CH1,POWER,3.70
1765727239974,CH1,POWER,3.70
1765727239979,CH1,POWER,3.70
1765727239982,CH1,POWER,3.60
1765727239985,CH1,POWER,3.60
1765727239987,CH1,POWER,3.60
1765727240015,CH1,POWER,3.60
1765727240020,CH1,POWER,3.60
1765727240026,CH1,POWER,3.60
1765727240030,CH1,POWER,3.60
1765727240036,CH1,POWER,3.60
1765727240040,CH1,POWER,3.60
1765727240045,CH1,POWER,3.60
1765727240050,CH1,POWER,3.60
1765727240056,CH1,POWER,3.60
1765727240061,CH1,POWER,3.60
1765727240066,CH1,POWER,3.60
1765727240071,CH1,POWER,3.60
1765727240076,CH1,POWER,3.60
1765727240081,CH1,POWER,3.60
1765727240086,CH1,POWER,3.60
1765727240090,CH1,POWER,3.60
1765727240096,CH1,POWER,3.60
1765727240100,CH1,POWER,3.60
1765727240106,CH1,POWER,3.60
1765727240110,CH1,POWER,3.60
1765727240116,CH1,POWER,3.60
1765727240124,CH1,POWER,3.60
1765727240129,CH1,POWER,3.60
1765727240136,CH1,POWER,3.60
1765727240141,CH1,POWER,3.60
1765727240146,CH1,POWER,3.60
1765727240151,CH1,POWER,3.60
1765727240156,CH1,POWER,3.60
1765727240161,CH1,POWER,3.60
1765727240166,CH1,POWER,3.60
1765727240170,CH1,POWER,3.60
1765727240176,CH1,POWER,3.60
1765727240184,CH1,POWER,3.60
1765727240188,CH1,POWER,3.60
1765727240193,CH1,POWER,3.60
1765727240197,CH1,POWER,3.60
1765727240201,CH1,POWER,3.60
1765727240206,CH1,POWER,3.60
1765727240210,CH1,POWER,3.60
1765727240215,CH1,POWER,3.60
1765727240219,CH1,POWER,3.60
1765727240225,CH1,POWER,3.60
1765727240229,CH1,POWER,3.60
1765727240233,CH1,POWER,3.60
1765727240237,CH1,POWER,3.60
1765727240241,CH1,POWER,3.60
1765727240246,CH1,POWER,3.60
1765727240251,CH1,POWER,3.60
1765727240256,CH1,POWER,3.60
1765727240260,CH1,POWER,3.60
1765727240265,CH1,POWER,3.60
1765727240270,CH1,POWER,3.60
1765727240276,CH1,POWER,3.60
1765727240281,CH1,POWER,3.60
1765727240286,CH1,POWER,3.60
1765727240290,CH1,POWER,3.60
1765727240294,CH1,POWER,3.60
1765727240299,CH1,POWER,3.60
1765727240305,CH1,POWER,3.60
1765727240309,CH1,POWER,3.60
1765727240315,CH1,POWER,3.60
1765727240320,CH1,POWER,3.60
1765727240326,CH1,POWER,3.60
1765727240334,CH1,POWER,3.60
1765727240339,CH1,POWER,3.60
1765727240346,CH1,POWER,3.60
1765727240351,CH1,POWER,3.60
1765727240356,CH1,POWER,3.60
1765727240360,CH1,POWER,3.60
1765727240365,CH1,POWER,3.60
1765727240370,CH1,POWER,3.60
1765727240376,CH1,POWER,3.60
1765727240381,CH1,POWER,3.60
1765727240386,CH1,POWER,3.60
1765727240388,CH1,POWER,3.50
1765727240415,CH1,POWER,3.50
1765727240420,CH1,POWER,3.50
1765727240425,CH1,POWER,3.50
1765727240429,CH1,POWER,3.50
1765727240436,CH1,POWER,3.50
1765727240440,CH1,POWER,3.50
1765727240448,CH1,POWER,3.50
1765727240456,CH1,POWER,3.50
1765727240461,CH1,POWER,3.50
1765727240468,CH1,POWER,3.50
1765727240473,CH1,POWER,3.50
1765727240478,CH1,POWER,3.50
1765727240483,CH1,POWER,3.50
1765727240488,CH1,POWER,3.50
1765727240493,CH1,POWER,3.50
1765727240498,CH1,POWER,3.50
1765727240502,CH1,POWER,3.50
1765727240508,CH1,POWER,3.50
1765727240513,CH1,POWER,3.50
1765727240518,CH1,POWER,3.50
1765727240522,CH1,POWER,3.50
1765727240528,CH1,POWER,3.50
1765727240533,CH1,POWER,3.50
1765727240538,CH1,POWER,3.50
1765727240542,CH1,POWER,3.50
1765727240547,CH1,POWER,3.50
1765727240552,CH1,POWER,3.50
1765727240558,CH1,POWER,3.50
1765727240563,CH1,POWER,3.50
1765727240568,CH1,POWER,3.50
1765727240575,CH1,POWER,3.50
1765727240580,CH1,POWER,3.50
1765727240584,CH1,POWER,3.50
1765727240589,CH1,POWER,3.50
1765727240596,CH1,POWER,3.50
1765727240600,CH1,POWER,3.50
1765727240605,CH1,POWER,3.50
1765727240609,CH1,POWER,3.50
1765727240616,CH1,POWER,3.50
1765727240621,CH1,POWER,3.50
1765727240627,CH1,POWER,3.50
1765727240632,CH1,POWER,3.50
1765727240638,CH1,POWER,3.50
1765727240643,CH1,POWER,3.50
1765727240648,CH1,POWER,3.50
1765727240653,CH1,POWER,3.50
1765727240658,CH1,POWER,3.50
1765727240663,CH1,POWER,3.50
1765727240668,CH1,POWER,3.50
1765727240672,CH1,POWER,3.50
1765727240678,CH1,POWER,3.50
1765727240683,CH1,POWER,3.50
1765727240688,CH1,POWER,3.50
1765727240692,CH1,POWER,3.50
1765727240698,CH1,POWER,3.50
1765727240703,CH1,POWER,3.50
1765727240708,CH1,POWER,3.50
1765727240713,CH1,POWER,3.50
1765727240718,CH1,POWER,3.50
1765727240723,CH1,POWER,3.50
1765727240728,CH1,POWER,3.50
1765727240733,CH1,POWER,3.50
1765727240738,CH1,POWER,3.50
1765727240743,CH1,POWER,3.50
1765727240748,CH1,POWER,3.50
1765727240752,CH1,POWER,3.50
1765727240757,CH1,POWER,3.50
1765727240763,CH1,POWER,3.50
1765727240768,CH1,POWER,3.50
1765727240773,CH1,POWER,3.50
1765727240777,CH1,POWER,3.60
1765727240780,CH1,POWER,3.60
1765727240782,CH1,POWER,3.60
1765727240810,CH1,POWER,3.60
1765727240815,CH1,POWER,3.60
1765727240820,CH1,POWER,3.60
1765727240824,CH1,POWER,3.60
1765727240829,CH1,POWER,3.60
1765727240833,CH1,POWER,3.60
1765727240840,CH1,POWER,3.60
1765727240845,CH1,POWER,3.60
1765727240850,CH1,POWER,3.60
1765727240854,CH1,POWER,3.60
1765727240859,CH1,POWER,3.60
1765727240863,CH1,POWER,3.60
1765727240869,CH1,POWER,3.60
1765727240873,CH1,POWER,3.60
1765727240880,CH1,POWER,3.60
1765727240888,CH1,POWER,3.60
1765727240893,CH1,POWER,3.60
1765727240900,CH1,POWER,3.60
1765727240905,CH1,POWER,3.60
1765727240910,CH1,POWER,3.60
1765727240915,CH1,POWER,3.60
1765727240920,CH1,POWER,3.60
1765727240925,CH1,POWER,3.60
1765727240930,CH1,POWER,3.60
1765727240938,CH1,POWER,3.60
1765727240944,CH1,POWER,3.60
1765727240949,CH1,POWER,3.60
1765727240953,CH1,POWER,3.60
1765727240959,CH1,POWER,3.60
1765727240964,CH1,POWER,3.60
1765727240970,CH1,POWER,3.60
1765727240974,CH1,POWER,3.60
1765727240979,CH1,POWER,3.60
1765727240983,CH1,POWER,3.60
1765727240990,CH1,POWER,3.60
1765727240994,CH1,POWER,3.60
1765727240999,CH1,POWER,3.60
1765727241003,CH1,POWER,3.60
1765727241009,CH1,POWER,3.60
1765727241014,CH1,POWER,3.60
1765727241019,CH1,POWER,3.60
1765727241023,CH1,POWER,3.60
1765727241029,CH1,POWER,3.60
1765727241035,CH1,POWER,3.60
1765727241040,CH1,POWER,3.60
1765727241045,CH1,POWER,3.60
1765727241050,CH1,POWER,3.60
1765727241054,CH1,POWER,3.60
1765727241059,CH1,POWER,3.60
1765727241063,CH1,POWER,3.60
1765727241069,CH1,POWER,3.60
1765727241074,CH1,POWER,3.60
1765727241079,CH1,POWER,3.60
1765727241084,CH1,POWER,3.60
1765727241090,CH1,POWER,3.60
1765727241095,CH1,POWER,3.60
1765727241100,CH1,POWER,3.60
1765727241108,CH1,POWER,3.60
1765727241114,CH1,POWER,3.60
1765727241119,CH1,POWER,3.60
1765727241124,CH1,POWER,3.60
1765727241129,CH1,POWER,3.60
1765727241135,CH1,POWER,3.60
1765727241140,CH1,POWER,3.60
1765727241148,CH1,POWER,3.60
1765727241153,CH1,POWER,3.60
1765727241160,CH1,POWER,3.60
1765727241165,CH1,POWER,3.60
1765727241169,CH1,POWER,3.60
1765727241173,CH1,POWER,3.30
1765727241201,CH1,POWER,3.30
1765727241206,CH1,POWER,3.30
1765727241212,CH1,POWER,3.30
1765727241217,CH1,POWER,3.30
1765727241221,CH1,POWER,3.30
1765727241226,CH1,POWER,3.30
1765727241232,CH1,POWER,3.30
1765727241240,CH1,POWER,3.30
1765727241245,CH1,POWER,3.30
1765727241252,CH1,POWER,3.30
1765727241256,CH1,POWER,3.30
1765727241261,CH1,POWER,3.30
1765727241265,CH1,POWER,3.30
1765727241272,CH1,POWER,3.30
1765727241277,CH1,POWER,3.30
1765727241282,CH1,POWER,3.30
1765727241287,CH1,POWER,3.30
1765727241292,CH1,POWER,3.30
1765727241296,CH1,POWER,3.30
1765727241300,CH1,POWER,3.30
1765727241305,CH1,POWER,3.30
1765727241312,CH1,POWER,3.30
1765727241317,CH1,POWER,3.30
1765727241322,CH1,POWER,3.30
1765727241327,CH1,POWER,3.30
1765727241332,CH1,POWER,3.30
1765727241337,CH1,POWER,3.30
1765727241342,CH1,POWER,3.30
1765727241350,CH1,POWER,3.30
1765727241355,CH1,POWER,3.30
1765727241362,CH1,POWER,3.30
1765727241367,CH1,POWER,3.30
1765727241372,CH1,POWER,3.30
1765727241380,CH1,POWER,3.30
1765727241384,CH1,POWER,3.30
1765727241389,CH1,POWER,3.30
1765727241394,CH1,POWER,3.30
1765727241402,CH1,POWER,3.30
1765727241407,CH1,POWER,3.30
1765727241412,CH1,POWER,3.30
1765727241420,CH1,POWER,3.30
1765727241425,CH1,POWER,3.30
1765727241429,CH1,POWER,3.30
1765727241434,CH1,POWER,3.30
1765727241439,CH1,POWER,3.30
1765727241444,CH1,POWER,3.30
1765727241449,CH1,POWER,3.30
1765727241453,CH1,POWER,3.30
1765727241460,CH1,POWER,3.30
1765727241464,CH1,POWER,3.30
1765727241472,CH1,POWER,3.30
1765727241476,CH1,POWER,3.30
1765727241481,CH1,POWER,3.30
1765727241486,CH1,POWER,3.30
1765727241492,CH1,POWER,3.30
1765727241497,CH1,POWER,3.30
1765727241502,CH1,POWER,3.30
1765727241507,CH1,POWER,3.30
1765727241511,CH1,POWER,3.30
1765727241516,CH1,POWER,3.30
1765727241521,CH1,POWER,3.30
1765727241525,CH1,POWER,3.30
1765727241531,CH1,POWER,3.30
1765727241535,CH1,POWER,3.30
1765727241542,CH1,POWER,3.30
1765727241550,CH1,POWER,3.30
1765727241555,CH1,POWER,3.30
1765727241561,CH1,POWER,3.30
1765727241564,CH1,POWER,3.50
1765727241566,CH1,POWER,3.50
1765727241594,CH1,POWER,3.50
1765727241599,CH1,POWER,3.50
1765727241604,CH1,POWER,3.50
1765727241612,CH1,POWER,3.50
1765727241617,CH1,POWER,3.50
1765727241623,CH1,POWER,3.50
1765727241628,CH1,POWER,3.50
1765727241634,CH1,POWER,3.50
1765727241639,CH1,POWER,3.50
1765727241644,CH1,POWER,3.50
1765727241649,CH1,POWER,3.50
1765727241654,CH1,POWER,3.50
1765727241662,CH1,POWER,3.50
1765727241668,CH1,POWER,3.50
1765727241673,CH1,POWER,3.50
1765727241678,CH1,POWER,3.50
1765727241684,CH1,POWER,3.50
1765727241689,CH1,POWER,3.50
1765727241694,CH1,POWER,3.50
1765727241702,CH1,POWER,3.50
1765727241708,CH1,POWER,3.50
1765727241713,CH1,POWER,3.50
1765727241718,CH1,POWER,3.50
1765727241723,CH1,POWER,3.50
1765727241727,CH1,POWER,3.50
1765727241733,CH1,POWER,3.50
1765727241737,CH1,POWER,3.50
1765727241744,CH1,POWER,3.50
1765727241752,CH1,POWER,3.50
1765727241758,CH1,POWER,3.50
1765727241762,CH1,POWER,3.50
1765727241767,CH1,POWER,3.50
1765727241770,CH1,POWER,3.50
1765727241775,CH1,POWER,3.50
1765727241779,CH1,POWER,3.50
1765727241783,CH1,POWER,3.50
1765727241788,CH1,POWER,3.50
1765727241794,CH1,POWER,3.50
1765727241799,CH1,POWER,3.50
1765727241804,CH1,POWER,3.50
1765727241809,CH1,POWER,3.50
1765727241814,CH1,POWER,3.50
1765727241819,CH1,POWER,3.50
1765727241823,CH1,POWER,3.50
1765727241828,CH1,POWER,3.50
1765727241834,CH1,POWER,3.50
1765727241839,CH1,POWER,3.50
1765727241844,CH1,POWER,3.50
1765727241849,CH1,POWER,3.50
1765727241853,CH1,POWER,3.50
1765727241858,CH1,POWER,3.50
1765727241863,CH1,POWER,3.50
1765727241868,CH1,POWER,3.50
1765727241872,CH1,POWER,3.50
1765727241877,CH1,POWER,3.50
1765727241883,CH1,POWER,3.50
1765727241888,CH1,POWER,3.50
1765727241893,CH1,POWER,3.50
1765727241897,CH1,POWER,3.50
1765727241904,CH1,POWER,3.50
1765727241909,CH1,POWER,3.50
1765727241914,CH1,POWER,3.50
1765727241919,CH1,POWER,3.50
1765727241924,CH1,POWER,3.50
1765727241929,CH1,POWER,3.50
1765727241934,CH1,POWER,3.50
1765727241942,CH1,POWER,3.50
1765727241948,CH1,POWER,3.50
1765727241975,CH1,POWER,3.85
1765727241980,CH1,POWER,3.85
1765727241985,CH1,POWER,3.85
1765727241990,CH1,POWER,3.85
1765727241995,CH1,POWER,3.85
1765727241999,CH1,POWER,3.85
1765727242005,CH1,POWER,3.85
1765727242010,CH1,POWER,3.85
1765727242015,CH1,POWER,3.85
1765727242020,CH1,POWER,3.85
1765727242024,CH1,POWER,3.85
1765727242029,CH1,POWER,3.85
1765727242036,CH1,POWER,3.85
1765727242041,CH1,POWER,3.85
1765727242046,CH1,POWER,3.85
1765727242054,CH1,POWER,3.85
1765727242059,CH1,POWER,3.85
1765727242065,CH1,POWER,3.85
1765727242070,CH1,POWER,3.85
1765727242075,CH1,POWER,3.85
1765727242079,CH1,POWER,3.85
1765727242086,CH1,POWER,3.85
1765727242091,CH1,POWER,3.85
1765727242095,CH1,POWER,3.85
1765727242099,CH1,POWER,3.85
1765727242105,CH1,POWER,3.85
1765727242110,CH1,POWER,3.85
1765727242115,CH1,POWER,3.85
1765727242120,CH1,POWER,3.85
1765727242126,CH1,POWER,3.85
1765727242131,CH1,POWER,3.85
1765727242135,CH1,POWER,3.85
1765727242140,CH1,POWER,3.85
1765727242145,CH1,POWER,3.85
1765727242150,CH1,POWER,3.85
1765727242154,CH1,POWER,3.85
1765727242159,CH1,POWER,3.85
1765727242165,CH1,POWER,3.85
1765727242170,CH1,POWER,3.85
1765727242174,CH1,POWER,3.85
1765727242179,CH1,POWER,3.85
1765727242185,CH1,POWER,3.85
1765727242190,CH1,POWER,3.85
1765727242195,CH1,POWER,3.85
1765727242200,CH1,POWER,3.85
1765727242206,CH1,POWER,3.85
1765727242211,CH1,POWER,3.85
1765727242215,CH1,POWER,3.85
1765727242220,CH1,POWER,3.85
1765727242224,CH1,POWER,3.85
1765727242228,CH1,POWER,3.85
1765727242232,CH1,POWER,3.85
1765727242237,CH1,POWER,3.85
1765727242244,CH1,POWER,3.85
1765727242249,CH1,POWER,3.85
1765727242255,CH1,POWER,3.85
1765727242261,CH1,POWER,3.85
1765727242265,CH1,POWER,3.85
1765727242270,CH1,POWER,3.85
1765727242274,CH1,POWER,3.85
1765727242278,CH1,POWER,3.85
1765727242283,CH1,POWER,3.85
1765727242288,CH1,POWER,3.85
1765727242293,CH1,POWER,3.85
1765727242298,CH1,POWER,3.85
1765727242303,CH1,POWER,3.85
1765727242309,CH1,POWER,3.85
1765727242316,CH1,POWER,3.85
1765727242321,CH1,POWER,3.85
1765727242326,CH1,POWER,3.85
1765727242333,CH1,POWER,3.85
1765727242338,CH1,POWER,3.85
1765727242340,CH1,POWER,3.80
1765727242368,CH1,POWER,3.80
1765727242373,CH1,POWER,3.80
1765727242378,CH1,POWER,3.80
1765727242383,CH1,POWER,3.80
1765727242388,CH1,POWER,3.80
1765727242396,CH1,POWER,3.80
1765727242401,CH1,POWER,3.80
1765727242408,CH1,POWER,3.80
1765727242416,CH1,POWER,3.80
1765727242421,CH1,POWER,3.80
1765727242427,CH1,POWER,3.80
1765727242432,CH1,POWER,3.80
1765727242438,CH1,POWER,3.80
1765727242443,CH1,POWER,3.80
1765727242448,CH1,POWER,3.80
1765727242456,CH1,POWER,3.80
1765727242461,CH1,POWER,3.80
1765727242467,CH1,POWER,3.80
1765727242472,CH1,POWER,3.80
1765727242476,CH1,POWER,3.80
1765727242481,CH1,POWER,3.80
1765727242488,CH1,POWER,3.80
1765727242496,CH1,POWER,3.80
1765727242501,CH1,POWER,3.80
1765727242507,CH1,POWER,3.80
1765727242513,CH1,POWER,3.80
1765727242518,CH1,POWER,3.80
1765727242523,CH1,POWER,3.80
1765727242527,CH1,POWER,3.80
1765727242536,CH1,POWER,3.80
1765727242541,CH1,POWER,3.80
1765727242547,CH1,POWER,3.80
1765727242553,CH1,POWER,3.80
1765727242557,CH1,POWER,3.80
1765727242561,CH1,POWER,3.80
1765727242567,CH1,POWER,3.80
1765727242573,CH1,POWER,3.80
1765727242578,CH1,POWER,3.80
1765727242583,CH1,POWER,3.80
1765727242587,CH1,POWER,3.80
1765727242592,CH1,POWER,3.80
1765727242597,CH1,POWER,3.80
1765727242602,CH1,POWER,3.80
1765727242606,CH1,POWER,3.80
1765727242611,CH1,POWER,3.80
1765727242617,CH1,POWER,3.80
1765727242622,CH1,POWER,3.80
1765727242626,CH1,POWER,3.80
1765727242631,CH1,POWER,3.80
1765727242638,CH1,POWER,3.80
1765727242643,CH1,POWER,3.80
1765727242648,CH1,POWER,3.80
1765727242653,CH1,POWER,3.80
1765727242657,CH1,POWER,3.80
1765727242661,CH1,POWER,3.80
1765727242666,CH1,POWER,3.80
1765727242670,CH1,POWER,3.80
1765727242678,CH1,POWER,3.80
1765727242683,CH1,POWER,3.80
1765727242688,CH1,POWER,3.80
1765727242693,CH1,POWER,3.80
1765727242698,CH1,POWER,3.80
1765727242703,CH1,POWER,3.80
1765727242707,CH1,POWER,3.80
1765727242716,CH1,POWER,3.80
1765727242721,CH1,POWER,3.80
1765727242725,CH1,POWER,4.00
1765727242728,CH1,POWER,4.00
1765727242730,CH1,POWER,4.00
1765727242757,CH1,POWER,4.00
1765727242762,CH1,POWER,4.00
1765727242766,CH1,POWER,4.00
1765727242772,CH1,POWER,4.00
1765727242777,CH1,POWER,4.00
1765727242781,CH1,POWER,4.00
1765727242788,CH1,POWER,4.00
1765727242792,CH1,POWER,4.00
1765727242797,CH1,POWER,4.00
1765727242802,CH1,POWER,4.00
1765727242810,CH1,POWER,4.00
1765727242815,CH1,POWER,4.00
1765727242820,CH1,POWER,4.00
1765727242825,CH1,POWER,4.00
1765727242830,CH1,POWER,4.00
1765727242835,CH1,POWER,4.00
1765727242839,CH1,POWER,4.00
1765727242845,CH1,POWER,4.00
1765727242850,CH1,POWER,4.00
1765727242855,CH1,POWER,4.00
1765727242860,CH1,POWER,4.00
1765727242865,CH1,POWER,4.00
1765727242869,CH1,POWER,4.00
1765727242875,CH1,POWER,4.00
1765727242880,CH1,POWER,4.00
1765727242885,CH1,POWER,4.00
1765727242890,CH1,POWER,4.00
1765727242898,CH1,POWER,4.00
1765727242903,CH1,POWER,4.00
1765727242909,CH1,POWER,4.00
1765727242914,CH1,POWER,4.00
1765727242918,CH1,POWER,4.00
1765727242922,CH1,POWER,4.00
1765727242929,CH1,POWER,4.00
1765727242938,CH1,POWER,4.00
1765727242943,CH1,POWER,4.00
1765727242949,CH1,POWER,4.00
1765727242954,CH1,POWER,4.00
1765727242959,CH1,POWER,4.00
1765727242963,CH1,POWER,4.00
1765727242970,CH1,POWER,4.00
1765727242975,CH1,POWER,4.00
1765727242979,CH1,POWER,4.00
1765727242983,CH1,POWER,4.00
1765727242990,CH1,POWER,4.00
1765727242995,CH1,POWER,4.00
1765727243000,CH1,POWER,4.00
1765727243005,CH1,POWER,4.00
1765727243010,CH1,POWER,4.00
1765727243018,CH1,POWER,4.00
1765727243024,CH1,POWER,4.00
1765727243028,CH1,POWER,4.00
1765727243032,CH1,POWER,4.00
1765727243036,CH1,POWER,4.00
1765727243042,CH1,POWER,4.00
1765727243046,CH1,POWER,4.00
1765727243050,CH1,POWER,4.00
1765727243055,CH1,POWER,4.00
1765727243059,CH1,POWER,4.00
1765727243064,CH1,POWER,4.00
1765727243068,CH1,POWER,4.00
1765727243073,CH1,POWER,4.00
1765727243080,CH1,POWER,4.00
1765727243085,CH1,POWER,4.00
1765727243089,CH1,POWER,4.00
1765727243094,CH1,POWER,4.00
1765727243099,CH1,POWER,4.00
1765727243103,CH1,POWER,4.00
1765727243110,CH1,POWER,4.00
1765727243115,CH1,POWER,4.00
1765727243118,CH1,POWER,4.00
1765727243121,CH1,POWER,4.00
1765727243124,CH1,POWER,4.00
1765727243152,CH1,POWER,4.00
1765727243157,CH1,POWER,4.00
1765727243161,CH1,POWER,4.00
1765727243167,CH1,POWER,4.00
1765727243171,CH1,POWER,4.00
1765727243177,CH1,POWER,4.00
1765727243182,CH1,POWER,4.00
1765727243187,CH1,POWER,4.00
1765727243191,CH1,POWER,4.00
1765727243196,CH1,POWER,4.00
1765727243200,CH1,POWER,4.00
1765727243207,CH1,POWER,4.00
1765727243212,CH1,POWER,4.00
1765727243217,CH1,POWER,4.00
1765727243222,CH1,POWER,4.00
1765727243227,CH1,POWER,4.00
1765727243231,CH1,POWER,4.00
1765727243235,CH1,POWER,4.00
1765727243241,CH1,POWER,4.00
1765727243250,CH1,POWER,4.00
1765727243256,CH1,POWER,4.00
1765727243261,CH1,POWER,4.00
1765727243266,CH1,POWER,4.00
1765727243270,CH1,POWER,4.00
1765727243276,CH1,POWER,4.00
1765727243281,CH1,POWER,4.00
1765727243288,CH1,POWER,4.00
1765727243293,CH1,POWER,4.00
1765727243299,CH1,POWER,4.00
1765727243303,CH1,POWER,4.00
1765727243310,CH1,POWER,4.00
1765727243314,CH1,POWER,4.00
1765727243321,CH1,POWER,4.00
1765727243330,CH1,POWER,4.00
1765727243335,CH1,POWER,4.00
1765727243342,CH1,POWER,4.00
1765727243347,CH1,POWER,4.00
1765727243352,CH1,POWER,4.00
1765727243357,CH1,POWER,4.00
1765727243361,CH1,POWER,4.00
1765727243365,CH1,POWER,4.00
1765727243371,CH1,POWER,4.00
1765727243376,CH1,POWER,4.00
1765727243380,CH1,POWER,4.00
1765727243384,CH1,POWER,4.00
1765727243388,CH1,POWER,4.00
1765727243393,CH1,POWER,4.00
1765727243400,CH1,POWER,4.00
1765727243405,CH1,POWER,4.00
1765727243411,CH1,POWER,4.00
1765727243420,CH1,POWER,4.00
1765727243425,CH1,POWER,4.00
1765727243432,CH1,POWER,4.00
1765727243440,CH1,POWER,4.00
1765727243445,CH1,POWER,4.00
1765727243451,CH1,POWER,4.00
1765727243456,CH1,POWER,4.00
1765727243460,CH1,POWER,4.00
1765727243466,CH1,POWER,4.00
1765727243471,CH1,POWER,4.00
1765727243475,CH1,POWER,4.00
1765727243482,CH1,POWER,4.00
1765727243487,CH1,POWER,4.00
1765727243492,CH1,POWER,4.00
1765727243497,CH1,POWER,4.00
1765727243502,CH1,POWER,4.00
1765727243507,CH1,POWER,4.00
1765727243511,CH1,POWER,3.85
1765727243513,CH1,POWER,3.85
1765727243516,CH1,POWER,3.85
1765727243543,CH1,POWER,3.85
1765727243548,CH1,POWER,3.85
1765727243552,CH1,POWER,3.85
1765727243557,CH1,POWER,3.85
1765727243563,CH1,POWER,3.85
1765727243572,CH1,POWER,3.85
1765727243577,CH1,POWER,3.85
1765727243582,CH1,POWER,3.85
1765727243587,CH1,POWER,3.85
1765727243593,CH1,POWER,3.85
1765727243602,CH1,POWER,3.85
1765727243607,CH1,POWER,3.85
1765727243612,CH1,POWER,3.85
1765727243619,CH1,POWER,3.85
1765727243624,CH1,POWER,3.85
1765727243629,CH1,POWER,3.85
1765727243633,CH1,POWER,3.85
1765727243642,CH1,POWER,3.85
1765727243647,CH1,POWER,3.85
1765727243654,CH1,POWER,3.85
1765727243659,CH1,POWER,3.85
1765727243664,CH1,POWER,3.85
1765727243669,CH1,POWER,3.85
1765727243674,CH1,POWER,3.85
1765727243679,CH1,POWER,3.85
1765727243683,CH1,POWER,3.85
1765727243690,CH1,POWER,3.85
1765727243695,CH1,POWER,3.85
1765727243701,CH1,POWER,3.85
1765727243706,CH1,POWER,3.85
1765727243710,CH1,POWER,3.85
1765727243715,CH1,POWER,3.85
1765727243722,CH1,POWER,3.85
1765727243726,CH1,POWER,3.85
1765727243734,CH1,POWER,3.85
1765727243739,CH1,POWER,3.85
1765727243744,CH1,POWER,3.85
1765727243749,CH1,POWER,3.85
1765727243753,CH1,POWER,3.85
1765727243762,CH1,POWER,3.85
1765727243766,CH1,POWER,3.85
1765727243773,CH1,POWER,3.85
1765727243779,CH1,POWER,3.85
1765727243784,CH1,POWER,3.85
1765727243789,CH1,POWER,3.85
1765727243793,CH1,POWER,3.85
1765727243801,CH1,POWER,3.85
1765727243806,CH1,POWER,3.85
1765727243810,CH1,POWER,3.85
1765727243816,CH1,POWER,3.85
1765727243822,CH1,POWER,3.85
1765727243829,CH1,POWER,3.85
1765727243834,CH1,POWER,3.85
1765727243839,CH1,POWER,3.85
1765727243843,CH1,POWER,3.85
1765727243852,CH1,POWER,3.85
1765727243856,CH1,POWER,3.85
1765727243861,CH1,POWER,3.85
1765727243865,CH1,POWER,3.85
1765727243872,CH1,POWER,3.85
1765727243876,CH1,POWER,3.85
1765727243880,CH1,POWER,3.85
1765727243887,CH1,POWER,3.85
1765727243894,CH1,POWER,3.85
1765727243897,CH1,POWER,3.75
1765727243923,CH1,POWER,3.75
1765727243928,CH1,POWER,3.75
1765727243932,CH1,POWER,3.75
1765727243936,CH1,POWER,3.75
1765727243941,CH1,POWER,3.75
1765727243945,CH1,POWER,3.75
1765727243951,CH1,POWER,3.75
1765727243955,CH1,POWER,3.75
1765727243959,CH1,POWER,3.75
1765727243965,CH1,POWER,3.75
1765727243971,CH1,POWER,3.75
1765727243975,CH1,POWER,3.75
1765727243980,CH1,POWER,3.75
1765727243984,CH1,POWER,3.75
1765727243988,CH1,POWER,3.75
1765727243994,CH1,POWER,3.75
1765727244000,CH1,POWER,3.75
1765727244004,CH1,POWER,3.75
1765727244008,CH1,POWER,3.75
1765727244012,CH1,POWER,3.75
1765727244018,CH1,POWER,3.75
1765727244022,CH1,POWER,3.75
1765727244027,CH1,POWER,3.75
1765727244033,CH1,POWER,3.75
1765727244037,CH1,POWER,3.75
1765727244045,CH1,POWER,3.75
1765727244049,CH1,POWER,3.75
1765727244055,CH1,POWER,3.75
1765727244059,CH1,POWER,3.75
1765727244066,CH1,POWER,3.75
1765727244071,CH1,POWER,3.75
1765727244075,CH1,POWER,3.75
1765727244081,CH1,POWER,3.75
1765727244085,CH1,POWER,3.75
1765727244091,CH1,POWER,3.75
1765727244095,CH1,POWER,3.75
1765727244104,CH1,POWER,3.75
1765727244108,CH1,POWER,3.75
1765727244115,CH1,POWER,3.75
1765727244119,CH1,POWER,3.75
1765727244125,CH1,POWER,3.75
1765727244129,CH1,POWER,3.75
1765727244135,CH1,POWER,3.75
1765727244139,CH1,POWER,3.75
1765727244145,CH1,POWER,3.75
1765727244149,CH1,POWER,3.75
1765727244155,CH1,POWER,3.75
1765727244159,CH1,POWER,3.75
1765727244166,CH1,POWER,3.75
1765727244171,CH1,POWER,3.75
1765727244175,CH1,POWER,3.75
1765727244179,CH1,POWER,3.75
1765727244185,CH1,POWER,3.75
1765727244191,CH1,POWER,3.75
1765727244195,CH1,POWER,3.75
1765727244199,CH1,POWER,3.75
1765727244205,CH1,POWER,3.75
1765727244211,CH1,POWER,3.75
1765727244215,CH1,POWER,3.75
1765727244219,CH1,POWER,3.75
1765727244225,CH1,POWER,3.75
1765727244231,CH1,POWER,3.75
1765727244235,CH1,POWER,3.75
1765727244241,CH1,POWER,3.75
1765727244245,CH1,POWER,3.75
1765727244254,CH1,POWER,3.75
1765727244258,CH1,POWER,3.75
1765727244264,CH1,POWER,3.75
1765727244268,CH1,POWER,3.75
1765727244272,CH1,POWER,3.75
1765727244279,CH1,POWER,3.75
1765727244285,CH1,POWER,3.75
1765727244289,CH1,POWER,3.80
1765727244317,CH1,POWER,3.80
1765727244321,CH1,POWER,3.80
1765727244326,CH1,POWER,3.80
1765727244330,CH1,POWER,3.80
1765727244337,CH1,POWER,3.80
1765727244341,CH1,POWER,3.80
1765727244347,CH1,POWER,3.80
1765727244351,CH1,POWER,3.80
1765727244357,CH1,POWER,3.80
1765727244361,CH1,POWER,3.80
1765727244367,CH1,POWER,3.80
1765727244373,CH1,POWER,3.80
1765727244379,CH1,POWER,3.80
1765727244385,CH1,POWER,3.80
1765727244390,CH1,POWER,3.80
1765727244394,CH1,POWER,3.80
1765727244398,CH1,POWER,3.80
1765727244404,CH1,POWER,3.80
1765727244409,CH1,POWER,3.80
1765727244414,CH1,POWER,3.80
1765727244419,CH1,POWER,3.80
1765727244425,CH1,POWER,3.80
1765727244429,CH1,POWER,3.80
1765727244435,CH1,POWER,3.80
1765727244439,CH1,POWER,3.80
1765727244445,CH1,POWER,3.80
1765727244450,CH1,POWER,3.80
1765727244456,CH1,POWER,3.80
1765727244461,CH1,POWER,3.80
1765727244467,CH1,POWER,3.80
1765727244471,CH1,POWER,3.80
1765727244477,CH1,POWER,3.80
1765727244481,CH1,POWER,3.80
1765727244486,CH1,POWER,3.80
1765727244490,CH1,POWER,3.80
1765727244497,CH1,POWER,3.80
1765727244501,CH1,POWER,3.80
1765727244507,CH1,POWER,3.80
1765727244511,CH1,POWER,3.80
1765727244517,CH1,POWER,3.80
1765727244521,CH1,POWER,3.80
1765727244527,CH1,POWER,3.80
1765727244531,CH1,POWER,3.80
1765727244537,CH1,POWER,3.80
1765727244541,CH1,POWER,3.80
1765727244547,CH1,POWER,3.80
1765727244555,CH1,POWER,3.80
1765727244561,CH1,POWER,3.80
1765727244568,CH1,POWER,3.80
1765727244573,CH1,POWER,3.80
1765727244578,CH1,POWER,3.80
1765727244583,CH1,POWER,3.80
1765727244587,CH1,POWER,3.80
1765727244595,CH1,POWER,3.80
1765727244601,CH1,POWER,3.80
1765727244607,CH1,POWER,3.80
1765727244613,CH1,POWER,3.80
1765727244617,CH1,POWER,3.80
1765727244623,CH1,POWER,3.80
1765727244627,CH1,POWER,3.80
1765727244632,CH1,POWER,3.80
1765727244636,CH1,POWER,3.80
1765727244640,CH1,POWER,3.80
1765727244646,CH1,POWER,3.80
1765727244651,CH1,POWER,3.80
1765727244657,CH1,POWER,3.80
1765727244663,CH1,POWER,3.80
1765727244667,CH1,POWER,3.80
1765727244671,CH1,POWER,3.80
1765727244676,CH1,POWER,3.80
1765727244683,CH1,POWER,3.80
1765727244685,CH1,POWER,3.80
1765727244688,CH1,POWER,3.80
1765727244691,CH1,POWER,3.80
1765727244717,CH1,POWER,3.80
1765727244721,CH1,POWER,3.80
1765727244726,CH1,POWER,3.80
1765727244730,CH1,POWER,3.80
1765727244737,CH1,POWER,3.80
1765727244741,CH1,POWER,3.80
1765727244747,CH1,POWER,3.80
1765727244751,CH1,POWER,3.80
1765727244757,CH1,POWER,3.80
1765727244762,CH1,POWER,3.80
1765727244770,CH1,POWER,3.80
1765727244777,CH1,POWER,3.80
1765727244782,CH1,POWER,3.80
1765727244788,CH1,POWER,3.80
1765727244793,CH1,POWER,3.80
1765727244799,CH1,POWER,3.80
1765727244805,CH1,POWER,3.80
1765727244809,CH1,POWER,3.80
1765727244815,CH1,POWER,3.80
1765727244819,CH1,POWER,3.80
1765727244823,CH1,POWER,3.80
1765727244828,CH1,POWER,3.80
1765727244835,CH1,POWER,3.80
1765727244839,CH1,POWER,3.80
1765727244843,CH1,POWER,3.80
1765727244849,CH1,POWER,3.80
1765727244853,CH1,POWER,3.80
1765727244858,CH1,POWER,3.80
1765727244865,CH1,POWER,3.80
1765727244869,CH1,POWER,3.80
1765727244875,CH1,POWER,3.80
1765727244879,CH1,POWER,3.80
1765727244885,CH1,POWER,3.80
1765727244889,CH1,POWER,3.80
1765727244893,CH1,POWER,3.80
1765727244898,CH1,POWER,3.80
1765727244903,CH1,POWER,3.80
1765727244909,CH1,POWER,3.80
1765727244915,CH1,POWER,3.80
1765727244919,CH1,POWER,3.80
1765727244923,CH1,POWER,3.80
1765727244928,CH1,POWER,3.80
1765727244932,CH1,POWER,3.80
1765727244936,CH1,POWER,3.80
1765727244941,CH1,POWER,3.80
1765727244949,CH1,POWER,3.80
1765727244955,CH1,POWER,3.80
1765727244959,CH1,POWER,3.80
1765727244963,CH1,POWER,3.80
1765727244969,CH1,POWER,3.80
1765727244975,CH1,POWER,3.80
1765727244981,CH1,POWER,3.80
1765727244986,CH1,POWER,3.80
1765727244991,CH1,POWER,3.80
1765727244999,CH1,POWER,3.80
1765727245005,CH1,POWER,3.80
1765727245009,CH1,POWER,3.80
1765727245015,CH1,POWER,3.80
1765727245019,CH1,POWER,3.80
1765727245025,CH1,POWER,3.80
1765727245029,CH1,POWER,3.80
1765727245035,CH1,POWER,3.80
1765727245039,CH1,POWER,3.80
1765727245043,CH1,POWER,3.80
1765727245048,CH1,POWER,3.80
1765727245055,CH1,POWER,3.80
1765727245059,CH1,POWER,3.80
1765727245065,CH1,POWER,3.80
1765727245069,CH1,POWER,3.80
1765727245075,CH1,POWER,3.80
1765727245079,CH1,POWER,3.80
1765727245083,CH1,POWER,3.80
1765727245088,CH1,POWER,3.80
1765727245091,CH1,POWER,3.90
1765727245093,CH1,POWER,3.90
1765727245120,CH1,POWER,3.90
1765727245127,CH1,POWER,3.90
1765727245131,CH1,POWER,3.90
1765727245139,CH1,POWER,3.90
1765727245144,CH1,POWER,3.90
1765727245151,CH1,POWER,3.90
1765727245157,CH1,POWER,3.90
1765727245161,CH1,POWER,3.90
1765727245165,CH1,POWER,3.90
1765727245171,CH1,POWER,3.90
1765727245177,CH1,POWER,3.90
1765727245181,CH1,POWER,3.90
1765727245185,CH1,POWER,3.90
1765727245192,CH1,POWER,3.90
1765727245197,CH1,POWER,3.90
1765727245201,CH1,POWER,3.90
1765727245205,CH1,POWER,3.90
1765727245211,CH1,POWER,3.90
1765727245217,CH1,POWER,3.90
1765727245221,CH1,POWER,3.90
1765727245225,CH1,POWER,3.90
1765727245231,CH1,POWER,3.90
1765727245235,CH1,POWER,3.90
1765727245241,CH1,POWER,3.90
1765727245245,CH1,POWER,3.90
1765727245251,CH1,POWER,3.90
1765727245257,CH1,POWER,3.90
1765727245261,CH1,POWER,3.90
1765727245265,CH1,POWER,3.90
1765727245270,CH1,POWER,3.90
1765727245277,CH1,POWER,3.90
1765727245281,CH1,POWER,3.90
1765727245287,CH1,POWER,3.90
1765727245291,CH1,POWER,3.90
1765727245299,CH1,POWER,3.90
1765727245303,CH1,POWER,3.90
1765727245309,CH1,POWER,3.90
1765727245314,CH1,POWER,3.90
1765727245321,CH1,POWER,3.90
1765727245327,CH1,POWER,3.90
1765727245331,CH1,POWER,3.90
1765727245337,CH1,POWER,3.90
1765727245341,CH1,POWER,3.90
1765727245345,CH1,POWER,3.90
1765727245351,CH1,POWER,3.90
1765727245355,CH1,POWER,3.90
1765727245361,CH1,POWER,3.90
1765727245365,CH1,POWER,3.90
1765727245371,CH1,POWER,3.90
1765727245377,CH1,POWER,3.90
1765727245381,CH1,POWER,3.90
1765727245387,CH1,POWER,3.90
1765727245391,CH1,POWER,3.90
1765727245399,CH1,POWER,3.90
1765727245404,CH1,POWER,3.90
1765727245410,CH1,POWER,3.90
1765727245415,CH1,POWER,3.90
1765727245421,CH1,POWER,3.90
1765727245425,CH1,POWER,3.90
1765727245431,CH1,POWER,3.90
1765727245437,CH1,POWER,3.90
1765727245441,CH1,POWER,3.90
1765727245445,CH1,POWER,3.90
1765727245450,CH1,POWER,3.90
1765727245455,CH1,POWER,3.90
1765727245460,CH1,POWER,3.90
1765727245464,CH1,POWER,3.90
1765727245468,CH1,POWER,3.90
1765727245472,CH1,POWER,3.90
1765727245477,CH1,POWER,3.90
1765727245481,CH1,POWER,3.90
1765727245484,CH1,POWER,3.95
1765727245510,CH1,POWER,3.95
1765727245515,CH1,POWER,3.95
1765727245521,CH1,POWER,3.95
1765727245527,CH1,POWER,3.95
1765727245532,CH1,POWER,3.95
1765727245537,CH1,POWER,3.95
1765727245542,CH1,POWER,3.95
1765727245546,CH1,POWER,3.95
1765727245550,CH1,POWER,3.95
1765727245556,CH1,POWER,3.95
1765727245560,CH1,POWER,3.95
1765727245564,CH1,POWER,3.95
1765727245571,CH1,POWER,3.95
1765727245576,CH1,POWER,3.95
1765727245583,CH1,POWER,3.95
1765727245587,CH1,POWER,3.95
1765727245592,CH1,POWER,3.95
1765727245597,CH1,POWER,3.95
1765727245602,CH1,POWER,3.95
1765727245607,CH1,POWER,3.95
1765727245613,CH1,POWER,3.95
1765727245617,CH1,POWER,3.95
1765727245622,CH1,POWER,3.95
1765727245629,CH1,POWER,3.95
1765727245633,CH1,POWER,3.95
1765727245639,CH1,POWER,3.95
1765727245643,CH1,POWER,3.95
1765727245649,CH1,POWER,3.95
1765727245653,CH1,POWER,3.95
1765727245657,CH1,POWER,3.95
1765727245662,CH1,POWER,3.95
1765727245667,CH1,POWER,3.95
1765727245673,CH1,POWER,3.95
1765727245679,CH1,POWER,3.95
1765727245683,CH1,POWER,3.95
1765727245687,CH1,POWER,3.95
1765727245693,CH1,POWER,3.95
1765727245699,CH1,POWER,3.95
1765727245703,CH1,POWER,3.95
1765727245709,CH1,POWER,3.95
1765727245713,CH1,POWER,3.95
1765727245717,CH1,POWER,3.95
1765727245723,CH1,POWER,3.95
1765727245729,CH1,POWER,3.95
1765727245733,CH1,POWER,3.95
1765727245737,CH1,POWER,3.95
1765727245742,CH1,POWER,3.95
1765727245747,CH1,POWER,3.95
1765727245753,CH1,POWER,3.95
1765727245759,CH1,POWER,3.95
1765727245763,CH1,POWER,3.95
1765727245767,CH1,POWER,3.95
1765727245772,CH1,POWER,3.95
1765727245776,CH1,POWER,3.95
1765727245780,CH1,POWER,3.95
1765727245785,CH1,POWER,3.95
1765727245790,CH1,POWER,3.95
1765727245794,CH1,POWER,3.95
1765727245799,CH1,POWER,3.95
1765727245803,CH1,POWER,3.95
1765727245809,CH1,POWER,3.95
1765727245813,CH1,POWER,3.95
1765727245817,CH1,POWER,3.95
1765727245822,CH1,POWER,3.95
1765727245827,CH1,POWER,3.95
1765727245832,CH1,POWER,3.95
1765727245837,CH1,POWER,3.95
1765727245842,CH1,POWER,3.95
1765727245846,CH1,POWER,3.95
1765727245852,CH1,POWER,3.95
1765727245856,CH1,POWER,3.95
1765727245863,CH1,POWER,3.95
1765727245869,CH1,POWER,3.95
1765727245873,CH1,POWER,3.95
1765727245876,CH1,POWER,3.80
1765727245901,CH1,POWER,3.80
1765727245906,CH1,POWER,3.80
1765727245913,CH1,POWER,3.80
1765727245917,CH1,POWER,3.80
1765727245922,CH1,POWER,3.80
1765727245927,CH1,POWER,3.80
1765727245933,CH1,POWER,3.80
1765727245938,CH1,POWER,3.80
1765727245942,CH1,POWER,3.80
1765727245946,CH1,POWER,3.80
1765727245951,CH1,POWER,3.80
1765727245955,CH1,POWER,3.80
1765727245963,CH1,POWER,3.80
1765727245968,CH1,POWER,3.80
1765727245975,CH1,POWER,3.80
1765727245979,CH1,POWER,3.80
1765727245984,CH1,POWER,3.80
1765727245991,CH1,POWER,3.80
1765727245995,CH1,POWER,3.80
1765727246001,CH1,POWER,3.80
1765727246005,CH1,POWER,3.80
1765727246013,CH1,POWER,3.80
1765727246019,CH1,POWER,3.80
1765727246024,CH1,POWER,3.80
1765727246029,CH1,POWER,3.80
1765727246034,CH1,POWER,3.80
1765727246038,CH1,POWER,3.80
1765727246045,CH1,POWER,3.80
1765727246049,CH1,POWER,3.80
1765727246054,CH1,POWER,3.80
1765727246059,CH1,POWER,3.80
1765727246065,CH1,POWER,3.80
1765727246069,CH1,POWER,3.80
1765727246075,CH1,POWER,3.80
1765727246079,CH1,POWER,3.80
1765727246085,CH1,POWER,3.80
1765727246089,CH1,POWER,3.80
1765727246095,CH1,POWER,3.80
1765727246101,CH1,POWER,3.80
1765727246105,CH1,POWER,3.80
1765727246111,CH1,POWER,3.80
1765727246115,CH1,POWER,3.80
1765727246119,CH1,POWER,3.80
1765727246125,CH1,POWER,3.80
1765727246129,CH1,POWER,3.80
1765727246134,CH1,POWER,3.80
1765727246138,CH1,POWER,3.80
1765727246142,CH1,POWER,3.80
1765727246148,CH1,POWER,3.80
1765727246152,CH1,POWER,3.80
1765727246156,CH1,POWER,3.80
1765727246163,CH1,POWER,3.80
1765727246167,CH1,POWER,3.80
1765727246173,CH1,POWER,3.80
1765727246177,CH1,POWER,3.80
1765727246183,CH1,POWER,3.80
1765727246187,CH1,POWER,3.80
1765727246193,CH1,POWER,3.80
1765727246197,CH1,POWER,3.80
1765727246203,CH1,POWER,3.80
1765727246207,CH1,POWER,3.80
1765727246213,CH1,POWER,3.80
1765727246219,CH1,POWER,3.80
1765727246225,CH1,POWER,3.80
1765727246233,CH1,POWER,3.80
1765727246238,CH1,POWER,3.80
1765727246245,CH1,POWER,3.80
1765727246249,CH1,POWER,3.80
1765727246254,CH1,POWER,3.80
1765727246259,CH1,POWER,3.80
1765727246265,CH1,POWER,3.80
1765727246271,CH1,POWER,3.80
1765727246273,CH1,POWER,3.75
1765727246276,CH1,POWER,3.75
1765727246278,CH1,POWER,3.75
1765727246304,CH1,POWER,3.75
1765727246309,CH1,POWER,3.75
1765727246314,CH1,POWER,3.75
1765727246318,CH1,POWER,3.75
1765727246323,CH1,POWER,3.75
1765727246327,CH1,POWER,3.75
1765727246331,CH1,POWER,3.75
1765727246336,CH1,POWER,3.75
1765727246340,CH1,POWER,3.75
1765727246344,CH1,POWER,3.75
1765727246348,CH1,POWER,3.75
1765727246353,CH1,POWER,3.75
1765727246357,CH1,POWER,3.75
1765727246363,CH1,POWER,3.75
1765727246367,CH1,POWER,3.75
1765727246371,CH1,POWER,3.75
1765727246377,CH1,POWER,3.75
1765727246383,CH1,POWER,3.75
1765727246387,CH1,POWER,3.75
1765727246393,CH1,POWER,3.75
1765727246397,CH1,POWER,3.75
1765727246403,CH1,POWER,3.75
1765727246407,CH1,POWER,3.75
1765727246411,CH1,POWER,3.75
1765727246416,CH1,POWER,3.75
1765727246420,CH1,POWER,3.75
1765727246424,CH1,POWER,3.75
1765727246429,CH1,POWER,3.75
1765727246435,CH1,POWER,3.75
1765727246440,CH1,POWER,3.75
1765727246447,CH1,POWER,3.75
1765727246453,CH1,POWER,3.75
1765727246457,CH1,POWER,3.75
1765727246461,CH1,POWER,3.75
1765727246467,CH1,POWER,3.75
1765727246471,CH1,POWER,3.75
1765727246477,CH1,POWER,3.75
1765727246483,CH1,POWER,3.75
1765727246487,CH1,POWER,3.75
1765727246493,CH1,POWER,3.75
1765727246497,CH1,POWER,3.75
1765727246501,CH1,POWER,3.75
1765727246506,CH1,POWER,3.75
1765727246510,CH1,POWER,3.75
1765727246514,CH1,POWER,3.75
1765727246518,CH1,POWER,3.75
1765727246523,CH1,POWER,3.75
1765727246527,CH1,POWER,3.75
1765727246535,CH1,POWER,3.75
1765727246541,CH1,POWER,3.75
1765727246546,CH1,POWER,3.75
1765727246550,CH1,POWER,3.75
1765727246554,CH1,POWER,3.75
1765727246558,CH1,POWER,3.75
1765727246563,CH1,POWER,3.75
1765727246567,CH1,POWER,3.75
1765727246571,CH1,POWER,3.75
1765727246576,CH1,POWER,3.75
1765727246581,CH1,POWER,3.75
1765727246586,CH1,POWER,3.75
1765727246590,CH1,POWER,3.75
1765727246597,CH1,POWER,3.75
1765727246601,CH1,POWER,3.75
1765727246607,CH1,POWER,3.75
1765727246611,CH1,POWER,3.75
1765727246617,CH1,POWER,3.75
1765727246623,CH1,POWER,3.75
1765727246627,CH1,POWER,3.75
1765727246633,CH1,POWER,3.75
1765727246637,CH1,POWER,3.75
1765727246641,CH1,POWER,3.75
1765727246646,CH1,POWER,3.75
1765727246650,CH1,POWER,3.75
1765727246657,CH1,POWER,3.75
1765727246661,CH1,POWER,3.75
1765727246666,CH1,POWER,3.75
1765727246670,CH1,POWER,3.75
1765727246676,CH1,POWER,3.75
1765727246678,CH1,POWER,3.30
1765727246681,CH1,POWER,3.30
1765727246708,CH1,POWER,3.30
1765727246713,CH1,POWER,3.30
1765727246718,CH1,POWER,3.30
1765727246722,CH1,POWER,3.30
1765727246726,CH1,POWER,3.30
1765727246731,CH1,POWER,3.30
1765727246737,CH1,POWER,3.30
1765727246742,CH1,POWER,3.30
1765727246746,CH1,POWER,3.30
1765727246750,CH1,POWER,3.30
1765727246757,CH1,POWER,3.30
1765727246762,CH1,POWER,3.30
1765727246766,CH1,POWER,3.30
1765727246770,CH1,POWER,3.30
1765727246775,CH1,POWER,3.30
1765727246779,CH1,POWER,3.30
1765727246785,CH1,POWER,3.30
1765727246789,CH1,POWER,3.30
1765727246795,CH1,POWER,3.30
1765727246799,CH1,POWER,3.30
1765727246803,CH1,POWER,3.30
1765727246809,CH1,POWER,3.30
1765727246813,CH1,POWER,3.30
1765727246819,CH1,POWER,3.30
1765727246825,CH1,POWER,3.30
1765727246829,CH1,POWER,3.30
1765727246835,CH1,POWER,3.30
1765727246839,CH1,POWER,3.30
1765727246845,CH1,POWER,3.30
1765727246849,CH1,POWER,3.30
1765727246853,CH1,POWER,3.30
1765727246858,CH1,POWER,3.30
1765727246862,CH1,POWER,3.30
1765727246866,CH1,POWER,3.30
1765727246870,CH1,POWER,3.30
1765727246877,CH1,POWER,3.30
1765727246882,CH1,POWER,3.30
1765727246889,CH1,POWER,3.30
1765727246893,CH1,POWER,3.30
1765727246898,CH1,POWER,3.30
1765727246903,CH1,POWER,3.30
1765727246908,CH1,POWER,3.30
1765727246912,CH1,POWER,3.30
1765727246916,CH1,POWER,3.30
1765727246921,CH1,POWER,3.30
1765727246926,CH1,POWER,3.30
1765727246930,CH1,POWER,3.30
1765727246935,CH1,POWER,3.30
1765727246939,CH1,POWER,3.30
1765727246943,CH1,POWER,3.30
1765727246949,CH1,POWER,3.30
1765727246953,CH1,POWER,3.30
1765727246959,CH1,POWER,3.30
1765727246963,CH1,POWER,3.30
1765727246969,CH1,POWER,3.30
1765727246975,CH1,POWER,3.30
1765727246979,CH1,POWER,3.30
1765727246985,CH1,POWER,3.30
1765727246989,CH1,POWER,3.30
1765727246993,CH1,POWER,3.30
1765727246999,CH1,POWER,3.30
1765727247003,CH1,POWER,3.30
1765727247009,CH1,POWER,3.30
1765727247015,CH1,POWER,3.30
1765727247019,CH1,POWER,3.30
1765727247023,CH1,POWER,3.30
1765727247029,CH1,POWER,3.30
1765727247035,CH1,POWER,3.30
1765727247039,CH1,POWER,3.30
1765727247047,CH1,POWER,3.30
1765727247052,CH1,POWER,3.30
1765727247056,CH1,POWER,3.30
1765727247060,CH1,POWER,3.30
1765727247067,CH1,POWER,3.30
1765727247072,CH1,POWER,3.30
1765727247098,CH1,POWER,3.35
1765727247103,CH1,POWER,3.35
1765727247108,CH1,POWER,3.35
1765727247112,CH1,POWER,3.35
1765727247117,CH1,POWER,3.35
1765727247121,CH1,POWER,3.35
1765727247125,CH1,POWER,3.35
1765727247131,CH1,POWER,3.35
1765727247135,CH1,POWER,3.35
1765727247141,CH1,POWER,3.35
1765727247147,CH1,POWER,3.35
1765727247151,CH1,POWER,3.35
1765727247155,CH1,POWER,3.35
1765727247160,CH1,POWER,3.35
1765727247164,CH1,POWER,3.35
1765727247168,CH1,POWER,3.35
1765727247172,CH1,POWER,3.35
1765727247179,CH1,POWER,3.35
1765727247183,CH1,POWER,3.35
1765727247189,CH1,POWER,3.35
1765727247193,CH1,POWER,3.35
1765727247199,CH1,POWER,3.35
1765727247204,CH1,POWER,3.35
1765727247208,CH1,POWER,3.35
1765727247214,CH1,POWER,3.35
1765727247218,CH1,POWER,3.35
1765727247223,CH1,POWER,3.35
1765727247228,CH1,POWER,3.35
1765727247232,CH1,POWER,3.35
1765727247238,CH1,POWER,3.35
1765727247243,CH1,POWER,3.35
1765727247249,CH1,POWER,3.35
1765727247254,CH1,POWER,3.35
1765727247258,CH1,POWER,3.35
1765727247264,CH1,POWER,3.35
1765727247268,CH1,POWER,3.35
1765727247274,CH1,POWER,3.35
1765727247278,CH1,POWER,3.35
1765727247282,CH1,POWER,3.35
1765727247287,CH1,POWER,3.35
1765727247291,CH1,POWER,3.35
1765727247295,CH1,POWER,3.35
1765727247300,CH1,POWER,3.35
1765727247304,CH1,POWER,3.35
1765727247308,CH1,POWER,3.35
1765727247313,CH1,POWER,3.35
1765727247319,CH1,POWER,3.35
1765727247323,CH1,POWER,3.35
1765727247329,CH1,POWER,3.35
1765727247333,CH1,POWER,3.35
1765727247339,CH1,POWER,3.35
1765727247344,CH1,POWER,3.35
1765727247348,CH1,POWER,3.35
1765727247354,CH1,POWER,3.35
1765727247358,CH1,POWER,3.35
1765727247362,CH1,POWER,3.35
1765727247369,CH1,POWER,3.35
1765727247373,CH1,POWER,3.35
1765727247378,CH1,POWER,3.35
1765727247384,CH1,POWER,3.35
1765727247388,CH1,POWER,3.35
1765727247393,CH1,POWER,3.35
1765727247399,CH1,POWER,3.35
1765727247403,CH1,POWER,3.35
1765727247408,CH1,POWER,3.35
1765727247412,CH1,POWER,3.35
1765727247417,CH1,POWER,3.35
1765727247421,CH1,POWER,3.35
1765727247425,CH1,POWER,3.35
1765727247430,CH1,POWER,3.35
1765727247435,CH1,POWER,3.35
1765727247441,CH1,POWER,3.35
1765727247447,CH1,POWER,3.35
1765727247451,CH1,POWER,3.35
1765727247457,CH1,POWER,3.35
1765727247461,CH1,POWER,3.35
1765727247468,CH1,POWER,3.35
1765727247470,CH1,POWER,3.90
1765727247473,CH1,POWER,3.90
1765727247475,CH1,POWER,3.90
1765727247502,CH1,POWER,3.90
1765727247507,CH1,POWER,3.90
1765727247512,CH1,POWER,3.90
1765727247519,CH1,POWER,3.90
1765727247523,CH1,POWER,3.90
1765727247528,CH1,POWER,3.90
1765727247533,CH1,POWER,3.90
1765727247539,CH1,POWER,3.90
1765727247543,CH1,POWER,3.90
1765727247551,CH1,POWER,3.90
1765727247557,CH1,POWER,3.90
1765727247562,CH1,POWER,3.90
1765727247566,CH1,POWER,3.90
1765727247570,CH1,POWER,3.90
1765727247576,CH1,POWER,3.90
1765727247580,CH1,POWER,3.90
1765727247585,CH1,POWER,3.90
1765727247591,CH1,POWER,3.90
1765727247595,CH1,POWER,3.90
1765727247601,CH1,POWER,3.90
1765727247605,CH1,POWER,3.90
1765727247611,CH1,POWER,3.90
1765727247616,CH1,POWER,3.90
1765727247620,CH1,POWER,3.90
1765727247625,CH1,POWER,3.90
1765727247630,CH1,POWER,3.90
1765727247634,CH1,POWER,3.90
1765727247640,CH1,POWER,3.90
1765727247645,CH1,POWER,3.90
1765727247650,CH1,POWER,3.90
1765727247655,CH1,POWER,3.90
1765727247661,CH1,POWER,3.90
1765727247666,CH1,POWER,3.90
1765727247673,CH1,POWER,3.90
1765727247679,CH1,POWER,3.90
1765727247683,CH1,POWER,3.90
1765727247691,CH1,POWER,3.90
1765727247696,CH1,POWER,3.90
1765727247703,CH1,POWER,3.90
1765727247707,CH1,POWER,3.90
1765727247712,CH1,POWER,3.90
1765727247716,CH1,POWER,3.90
1765727247720,CH1,POWER,3.90
1765727247726,CH1,POWER,3.90
1765727247732,CH1,POWER,3.90
1765727247737,CH1,POWER,3.90
1765727247743,CH1,POWER,3.90
1765727247747,CH1,POWER,3.90
1765727247753,CH1,POWER,3.90
1765727247757,CH1,POWER,3.90
1765727247762,CH1,POWER,3.90
1765727247766,CH1,POWER,3.90
1765727247772,CH1,POWER,3.90
1765727247779,CH1,POWER,3.90
1765727247783,CH1,POWER,3.90
1765727247787,CH1,POWER,3.90
1765727247793,CH1,POWER,3.90
1765727247797,CH1,POWER,3.90
1765727247802,CH1,POWER,3.90
1765727247807,CH1,POWER,3.90
1765727247813,CH1,POWER,3.90
1765727247819,CH1,POWER,3.90
1765727247823,CH1,POWER,3.90
1765727247827,CH1,POWER,3.90
1765727247832,CH1,POWER,3.90
1765727247836,CH1,POWER,3.90
1765727247840,CH1,POWER,3.90
1765727247846,CH1,POWER,3.90
1765727247853,CH1,POWER,3.90
1765727247856,CH1,POWER,3.75
1765727247882,CH1,POWER,3.75
1765727247887,CH1,POWER,3.75
1765727247895,CH1,POWER,3.75
1765727247899,CH1,POWER,3.75
1765727247904,CH1,POWER,3.75
1765727247908,CH1,POWER,3.75
1765727247912,CH1,POWER,3.75
1765727247917,CH1,POWER,3.75
1765727247922,CH1,POWER,3.75
1765727247927,CH1,POWER,3.75
1765727247933,CH1,POWER,3.75
1765727247937,CH1,POWER,3.75
1765727247942,CH1,POWER,3.75
1765727247947,CH1,POWER,3.75
1765727247953,CH1,POWER,3.75
1765727247958,CH1,POWER,3.75
1765727247962,CH1,POWER,3.75
1765727247967,CH1,POWER,3.75
1765727247973,CH1,POWER,3.75
1765727247977,CH1,POWER,3.75
1765727247985,CH1,POWER,3.75
1765727247989,CH1,POWER,3.75
1765727247994,CH1,POWER,3.75
1765727247998,CH1,POWER,3.75
1765727248002,CH1,POWER,3.75
1765727248008,CH1,POWER,3.75
1765727248012,CH1,POWER,3.75
1765727248016,CH1,POWER,3.75
1765727248021,CH1,POWER,3.75
1765727248025,CH1,POWER,3.75
1765727248029,CH1,POWER,3.75
1765727248034,CH1,POWER,3.75
1765727248038,CH1,POWER,3.75
1765727248042,CH1,POWER,3.75
1765727248046,CH1,POWER,3.75
1765727248053,CH1,POWER,3.75
1765727248057,CH1,POWER,3.75
1765727248062,CH1,POWER,3.75
1765727248067,CH1,POWER,3.75
1765727248073,CH1,POWER,3.75
1765727248077,CH1,POWER,3.75
1765727248083,CH1,POWER,3.75
1765727248087,CH1,POWER,3.75
1765727248092,CH1,POWER,3.75
1765727248096,CH1,POWER,3.75
1765727248101,CH1,POWER,3.75
1765727248105,CH1,POWER,3.75
1765727248113,CH1,POWER,3.75
1765727248118,CH1,POWER,3.75
1765727248125,CH1,POWER,3.75
1765727248133,CH1,POWER,3.75
1765727248138,CH1,POWER,3.75
1765727248142,CH1,POWER,3.75
1765727248147,CH1,POWER,3.75
1765727248153,CH1,POWER,3.75
1765727248157,CH1,POWER,3.75
1765727248162,CH1,POWER,3.75
1765727248166,CH1,POWER,3.75
1765727248171,CH1,POWER,3.75
1765727248175,CH1,POWER,3.75
1765727248181,CH1,POWER,3.75
1765727248185,CH1,POWER,3.75
1765727248189,CH1,POWER,3.75
1765727248195,CH1,POWER,3.75
1765727248201,CH1,POWER,3.75
1765727248205,CH1,POWER,3.75
1765727248211,CH1,POWER,3.75
1765727248215,CH1,POWER,3.75
1765727248219,CH1,POWER,3.75
1765727248225,CH1,POWER,3.75
1765727248229,CH1,POWER,3.75
1765727248235,CH1,POWER,3.75
1765727248239,CH1,POWER,3.75
1765727248245,CH1,POWER,3.75
1765727248249,CH1,POWER,3.75
1765727248255,CH1,POWER,3.75
1765727248257,CH1,POWER,3.90
1765727248260,CH1,POWER,3.90
1765727248287,CH1,POWER,3.90
1765727248293,CH1,POWER,3.90
1765727248297,CH1,POWER,3.90
1765727248305,CH1,POWER,3.90
1765727248310,CH1,POWER,3.90
1765727248316,CH1,POWER,3.90
1765727248323,CH1,POWER,3.90
1765727248327,CH1,POWER,3.90
1765727248332,CH1,POWER,3.90
1765727248337,CH1,POWER,3.90
1765727248343,CH1,POWER,3.90
1765727248347,CH1,POWER,3.90
1765727248351,CH1,POWER,3.90
1765727248356,CH1,POWER,3.90
1765727248361,CH1,POWER,3.90
1765727248367,CH1,POWER,3.90
1765727248371,CH1,POWER,3.90
1765727248376,CH1,POWER,3.90
1765727248381,CH1,POWER,3.90
1765727248387,CH1,POWER,3.90
1765727248393,CH1,POWER,3.90
1765727248397,CH1,POWER,3.90
1765727248402,CH1,POWER,3.90
1765727248407,CH1,POWER,3.90
1765727248411,CH1,POWER,3.90
1765727248416,CH1,POWER,3.90
1765727248420,CH1,POWER,3.90
1765727248424,CH1,POWER,3.90
1765727248429,CH1,POWER,3.90
1765727248434,CH1,POWER,3.90
1765727248440,CH1,POWER,3.90
1765727248447,CH1,POWER,3.90
1765727248451,CH1,POWER,3.90
1765727248456,CH1,POWER,3.90
1765727248463,CH1,POWER,3.90
1765727248467,CH1,POWER,3.90
1765727248472,CH1,POWER,3.90
1765727248477,CH1,POWER,3.90
1765727248481,CH1,POWER,3.90
1765727248486,CH1,POWER,3.90
1765727248490,CH1,POWER,3.90
1765727248494,CH1,POWER,3.90
1765727248499,CH1,POWER,3.90
1765727248505,CH1,POWER,3.90
1765727248511,CH1,POWER,3.90
1765727248516,CH1,POWER,3.90
1765727248520,CH1,POWER,3.90
1765727248527,CH1,POWER,3.90
1765727248533,CH1,POWER,3.90
1765727248537,CH1,POWER,3.90
1765727248543,CH1,POWER,3.90
1765727248547,CH1,POWER,3.90
1765727248555,CH1,POWER,3.90
1765727248559,CH1,POWER,3.90
1765727248564,CH1,POWER,3.90
1765727248568,CH1,POWER,3.90
1765727248574,CH1,POWER,3.90
1765727248579,CH1,POWER,3.90
1765727248585,CH1,POWER,3.90
1765727248589,CH1,POWER,3.90
1765727248597,CH1,POWER,3.90
1765727248603,CH1,POWER,3.90
1765727248607,CH1,POWER,3.90
1765727248615,CH1,POWER,3.90
1765727248620,CH1,POWER,3.90
1765727248627,CH1,POWER,3.90
1765727248635,CH1,POWER,3.90
1765727248640,CH1,POWER,3.90
1765727248668,CH1,POWER,3.85
1765727248673,CH1,POWER,3.85
1765727248678,CH1,POWER,3.85
1765727248682,CH1,POWER,3.85
1765727248689,CH1,POWER,3.85
1765727248695,CH1,POWER,3.85
1765727248699,CH1,POWER,3.85
1765727248704,CH1,POWER,3.85
1765727248709,CH1,POWER,3.85
1765727248713,CH1,POWER,3.85
1765727248718,CH1,POWER,3.85
1765727248723,CH1,POWER,3.85
1765727248729,CH1,POWER,3.85
1765727248735,CH1,POWER,3.85
1765727248739,CH1,POWER,3.85
1765727248745,CH1,POWER,3.85
1765727248749,CH1,POWER,3.85
1765727248755,CH1,POWER,3.85
1765727248759,CH1,POWER,3.85
1765727248765,CH1,POWER,3.85
1765727248769,CH1,POWER,3.85
1765727248777,CH1,POWER,3.85
1765727248782,CH1,POWER,3.85
1765727248789,CH1,POWER,3.85
1765727248797,CH1,POWER,3.85
1765727248802,CH1,POWER,3.85
1765727248806,CH1,POWER,3.85
1765727248811,CH1,POWER,3.85
1765727248817,CH1,POWER,3.85
1765727248822,CH1,POWER,3.85
1765727248829,CH1,POWER,3.85
1765727248837,CH1,POWER,3.85
1765727248842,CH1,POWER,3.85
1765727248846,CH1,POWER,3.85
1765727248851,CH1,POWER,3.85
1765727248857,CH1,POWER,3.85
1765727248862,CH1,POWER,3.85
1765727248869,CH1,POWER,3.85
1765727248877,CH1,POWER,3.85
1765727248882,CH1,POWER,3.85
1765727248886,CH1,POWER,3.85
1765727248891,CH1,POWER,3.85
1765727248899,CH1,POWER,3.85
1765727248905,CH1,POWER,3.85
1765727248909,CH1,POWER,3.85
1765727248913,CH1,POWER,3.85
1765727248918,CH1,POWER,3.85
1765727248923,CH1,POWER,3.85
1765727248929,CH1,POWER,3.85
1765727248934,CH1,POWER,3.85
1765727248939,CH1,POWER,3.85
1765727248945,CH1,POWER,3.85
1765727248949,CH1,POWER,3.85
1765727248954,CH1,POWER,3.85
1765727248959,CH1,POWER,3.85
1765727248963,CH1,POWER,3.85
1765727248969,CH1,POWER,3.85
1765727248975,CH1,POWER,3.85
1765727248979,CH1,POWER,3.85
1765727248984,CH1,POWER,3.85
1765727248989,CH1,POWER,3.85
1765727248995,CH1,POWER,3.85
1765727248999,CH1,POWER,3.85
1765727249003,CH1,POWER,3.85
1765727249009,CH1,POWER,3.85
1765727249015,CH1,POWER,3.85
1765727249019,CH1,POWER,3.85
1765727249023,CH1,POWER,3.85
1765727249029,CH1,POWER,3.85
1765727249032,CH1,POWER,3.75
1765727249058,CH1,POWER,3.75
1765727249063,CH1,POWER,3.75
1765727249068,CH1,POWER,3.75
1765727249073,CH1,POWER,3.75
1765727249081,CH1,POWER,3.75
1765727249087,CH1,POWER,3.75
1765727249091,CH1,POWER,3.75
1765727249096,CH1,POWER,3.75
1765727249101,CH1,POWER,3.75
1765727249105,CH1,POWER,3.75
1765727249111,CH1,POWER,3.75
1765727249116,CH1,POWER,3.75
1765727249121,CH1,POWER,3.75
1765727249125,CH1,POWER,3.75
1765727249131,CH1,POWER,3.75
1765727249137,CH1,POWER,3.75
1765727249141,CH1,POWER,3.75
1765727249147,CH1,POWER,3.75
1765727249151,CH1,POWER,3.75
1765727249156,CH1,POWER,3.75
1765727249161,CH1,POWER,3.75
1765727249166,CH1,POWER,3.75
1765727249171,CH1,POWER,3.75
1765727249175,CH1,POWER,3.75
1765727249181,CH1,POWER,3.75
1765727249187,CH1,POWER,3.75
1765727249191,CH1,POWER,3.75
1765727249196,CH1,POWER,3.75
1765727249201,CH1,POWER,3.75
1765727249209,CH1,POWER,3.75
1765727249214,CH1,POWER,3.75
1765727249221,CH1,POWER,3.75
1765727249226,CH1,POWER,3.75
1765727249231,CH1,POWER,3.75
1765727249236,CH1,POWER,3.75
1765727249241,CH1,POWER,3.75
1765727249247,CH1,POWER,3.75
1765727249251,CH1,POWER,3.75
1765727249255,CH1,POWER,3.75
1765727249260,CH1,POWER,3.75
1765727249264,CH1,POWER,3.75
1765727249268,CH1,POWER,3.75
1765727249272,CH1,POWER,3.75
1765727249279,CH1,POWER,3.75
1765727249283,CH1,POWER,3.75
1765727249288,CH1,POWER,3.75
1765727249293,CH1,POWER,3.75
1765727249298,CH1,POWER,3.75
1765727249303,CH1,POWER,3.75
1765727249309,CH1,POWER,3.75
1765727249314,CH1,POWER,3.75
1765727249320,CH1,POWER,3.75
1765727249324,CH1,POWER,3.75
1765727249330,CH1,POWER,3.75
1765727249335,CH1,POWER,3.75
1765727249341,CH1,POWER,3.75
1765727249346,CH1,POWER,3.75
1765727249351,CH1,POWER,3.75
1765727249356,CH1,POWER,3.75
1765727249361,CH1,POWER,3.75
1765727249365,CH1,POWER,3.75
1765727249371,CH1,POWER,3.75
1765727249377,CH1,POWER,3.75
1765727249381,CH1,POWER,3.75
1765727249386,CH1,POWER,3.75
1765727249391,CH1,POWER,3.75
1765727249399,CH1,POWER,3.75
1765727249404,CH1,POWER,3.75
1765727249408,CH1,POWER,3.75
1765727249413,CH1,POWER,3.75
1765727249421,CH1,POWER,3.75
1765727249427,CH1,POWER,3.75
1765727249429,CH1,POWER,3.75
1765727249432,CH1,POWER,3.75
1765727249435,CH1,POWER,3.75
1765727249462,CH1,POWER,3.75
1765727249467,CH1,POWER,3.75
1765727249472,CH1,POWER,3.75
1765727249476,CH1,POWER,3.75
1765727249480,CH1,POWER,3.75
1765727249485,CH1,POWER,3.75
1765727249491,CH1,POWER,3.75
1765727249495,CH1,POWER,3.75
1765727249500,CH1,POWER,3.75
1765727249504,CH1,POWER,3.75
1765727249510,CH1,POWER,3.75
1765727249516,CH1,POWER,3.75
1765727249523,CH1,POWER,3.75
1765727249528,CH1,POWER,3.75
1765727249533,CH1,POWER,3.75
1765727249541,CH1,POWER,3.75
1765727249546,CH1,POWER,3.75
1765727249553,CH1,POWER,3.75
1765727249558,CH1,POWER,3.75
1765727249563,CH1,POWER,3.75
1765727249567,CH1,POWER,3.75
1765727249572,CH1,POWER,3.75
1765727249576,CH1,POWER,3.75
1765727249580,CH1,POWER,3.75
1765727249584,CH1,POWER,3.75
1765727249590,CH1,POWER,3.75
1765727249596,CH1,POWER,3.75
1765727249603,CH1,POWER,3.75
1765727249611,CH1,POWER,3.75
1765727249616,CH1,POWER,3.75
1765727249623,CH1,POWER,3.75
1765727249629,CH1,POWER,3.75
1765727249633,CH1,POWER,3.75
1765727249639,CH1,POWER,3.75
1765727249643,CH1,POWER,3.75
1765727249648,CH1,POWER,3.75
1765727249653,CH1,POWER,3.75
1765727249657,CH1,POWER,3.75
1765727249662,CH1,POWER,3.75
1765727249666,CH1,POWER,3.75
1765727249672,CH1,POWER,3.75
1765727249679,CH1,POWER,3.75
1765727249683,CH1,POWER,3.75
1765727249688,CH1,POWER,3.75
1765727249693,CH1,POWER,3.75
1765727249699,CH1,POWER,3.75
1765727249703,CH1,POWER,3.75
1765727249709,CH1,POWER,3.75
1765727249713,CH1,POWER,3.75
1765727249718,CH1,POWER,3.75
1765727249723,CH1,POWER,3.75
1765727249729,CH1,POWER,3.75
1765727249733,CH1,POWER,3.75
1765727249739,CH1,POWER,3.75
1765727249743,CH1,POWER,3.75
1765727249748,CH1,POWER,3.75
1765727249753,CH1,POWER,3.75
1765727249759,CH1,POWER,3.75
1765727249763,CH1,POWER,3.75
1765727249767,CH1,POWER,3.75
1765727249772,CH1,POWER,3.75
1765727249777,CH1,POWER,3.75
1765727249782,CH1,POWER,3.75
1765727249786,CH1,POWER,3.75
1765727249793,CH1,POWER,3.75
1765727249801,CH1,POWER,3.75
1765727249806,CH1,POWER,3.75
1765727249813,CH1,POWER,3.75
1765727249818,CH1,POWER,3.75
1765727249823,CH1,POWER,3.75
1765727249851,CH1,POWER,3.75
1765727249857,CH1,POWER,3.85
1765727249862,CH1,POWER,3.85
1765727249866,CH1,POWER,3.85
1765727249873,CH1,POWER,3.85
1765727249878,CH1,POWER,3.85
1765727249885,CH1,POWER,3.85
1765727249893,CH1,POWER,3.85
1765727249898,CH1,POWER,3.85
1765727249905,CH1,POWER,3.85
1765727249910,CH1,POWER,3.85
1765727249915,CH1,POWER,3.85
1765727249920,CH1,POWER,3.85
1765727249925,CH1,POWER,3.85
1765727249933,CH1,POWER,3.85
1765727249938,CH1,POWER,3.85
1765727249944,CH1,POWER,3.85
1765727249949,CH1,POWER,3.85
1765727249954,CH1,POWER,3.85
1765727249959,CH1,POWER,3.85
1765727249965,CH1,POWER,3.85
1765727249969,CH1,POWER,3.85
1765727249974,CH1,POWER,3.85
1765727249978,CH1,POWER,3.85
1765727249982,CH1,POWER,3.85
1765727249988,CH1,POWER,3.85
1765727249995,CH1,POWER,3.85
1765727250001,CH1,POWER,3.85
1765727250005,CH1,POWER,3.85
1765727250011,CH1,POWER,3.85
1765727250015,CH1,POWER,3.85
1765727250020,CH1,POWER,3.85
1765727250025,CH1,POWER,3.85
1765727250029,CH1,POWER,3.85
1765727250035,CH1,POWER,3.85
1765727250041,CH1,POWER,3.85
1765727250045,CH1,POWER,3.85
1765727250050,CH1,POWER,3.85
1765727250055,CH1,POWER,3.85
1765727250061,CH1,POWER,3.85
1765727250065,CH1,POWER,3.85
1765727250071,CH1,POWER,3.85
1765727250075,CH1,POWER,3.85
1765727250080,CH1,POWER,3.85
1765727250085,CH1,POWER,3.85
1765727250089,CH1,POWER,3.85
1765727250095,CH1,POWER,3.85
1765727250100,CH1,POWER,3.85
1765727250105,CH1,POWER,3.85
1765727250110,CH1,POWER,3.85
1765727250115,CH1,POWER,3.85
1765727250123,CH1,POWER,3.85
1765727250128,CH1,POWER,3.85
1765727250132,CH1,POWER,3.85
1765727250137,CH1,POWER,3.85
1765727250143,CH1,POWER,3.85
1765727250147,CH1,POWER,3.85
1765727250152,CH1,POWER,3.85
1765727250157,CH1,POWER,3.85
1765727250162,CH1,POWER,3.85
1765727250167,CH1,POWER,3.85
1765727250172,CH1,POWER,3.85
1765727250176,CH1,POWER,3.85
1765727250183,CH1,POWER,3.85
1765727250188,CH1,POWER,3.85
1765727250195,CH1,POWER,3.85
1765727250201,CH1,POWER,3.85
1765727250205,CH1,POWER,3.85
1765727250211,CH1,POWER,3.85
1765727250215,CH1,POWER,3.85
1765727250218,CH1,POWER,3.85
1765727250244,CH1,POWER,3.85
1765727250249,CH1,POWER,3.85
1765727250254,CH1,POWER,3.85
1765727250258,CH1,POWER,3.85
1765727250265,CH1,POWER,3.85
1765727250270,CH1,POWER,3.85
1765727250277,CH1,POWER,3.85
1765727250282,CH1,POWER,3.85
1765727250287,CH1,POWER,3.85
1765727250292,CH1,POWER,3.85
1765727250297,CH1,POWER,3.85
1765727250302,CH1,POWER,3.85
1765727250307,CH1,POWER,3.85
1765727250311,CH1,POWER,3.85
1765727250317,CH1,POWER,3.85
1765727250322,CH1,POWER,3.85
1765727250327,CH1,POWER,3.85
1765727250332,CH1,POWER,3.85
1765727250337,CH1,POWER,3.85
1765727250343,CH1,POWER,3.85
1765727250347,CH1,POWER,3.85
1765727250353,CH1,POWER,3.85
1765727250357,CH1,POWER,3.85
1765727250362,CH1,POWER,3.85
1765727250367,CH1,POWER,3.85
1765727250371,CH1,POWER,3.85
1765727250377,CH1,POWER,3.85
1765727250381,CH1,POWER,3.85
1765727250386,CH1,POWER,3.85
1765727250390,CH1,POWER,3.85
1765727250397,CH1,POWER,3.85
1765727250402,CH1,POWER,3.85
1765727250407,CH1,POWER,3.85
1765727250411,CH1,POWER,3.85
1765727250417,CH1,POWER,3.85
1765727250425,CH1,POWER,3.85
1765727250430,CH1,POWER,3.85
1765727250437,CH1,POWER,3.85
1765727250442,CH1,POWER,3.85
1765727250447,CH1,POWER,3.85
1765727250453,CH1,POWER,3.85
1765727250457,CH1,POWER,3.85
1765727250465,CH1,POWER,3.85
1765727250470,CH1,POWER,3.85
1765727250474,CH1,POWER,3.85
1765727250480,CH1,POWER,3.85
1765727250487,CH1,POWER,3.85
1765727250492,CH1,POWER,3.85
1765727250497,CH1,POWER,3.85
1765727250502,CH1,POWER,3.85
1765727250507,CH1,POWER,3.85
1765727250511,CH1,POWER,3.85
1765727250516,CH1,POWER,3.85
1765727250523,CH1,POWER,3.85
1765727250527,CH1,POWER,3.85
1765727250535,CH1,POWER,3.85
1765727250539,CH1,POWER,3.85
1765727250547,CH1,POWER,3.85
1765727250555,CH1,POWER,3.85
1765727250560,CH1,POWER,3.85
1765727250567,CH1,POWER,3.85
1765727250572,CH1,POWER,3.85
1765727250577,CH1,POWER,3.85
1765727250582,CH1,POWER,3.85
1765727250587,CH1,POWER,3.85
1765727250595,CH1,POWER,3.85
1765727250599,CH1,POWER,3.80
1765727250601,CH1,POWER,3.80
1765727250629,CH1,POWER,3.80
1765727250634,CH1,POWER,3.80
1765727250639,CH1,POWER,3.80
1765727250643,CH1,POWER,3.80
1765727250649,CH1,POWER,3.80
1765727250657,CH1,POWER,3.80
1765727250663,CH1,POWER,3.80
1765727250669,CH1,POWER,3.80
1765727250677,CH1,POWER,3.80
1765727250681,CH1,POWER,3.80
1765727250689,CH1,POWER,3.80
1765727250694,CH1,POWER,3.80
1765727250699,CH1,POWER,3.80
1765727250703,CH1,POWER,3.80
1765727250709,CH1,POWER,3.80
1765727250714,CH1,POWER,3.80
1765727250719,CH1,POWER,3.80
1765727250723,CH1,POWER,3.80
1765727250729,CH1,POWER,3.80
1765727250734,CH1,POWER,3.80
1765727250739,CH1,POWER,3.80
1765727250744,CH1,POWER,3.80
1765727250749,CH1,POWER,3.80
1765727250754,CH1,POWER,3.80
1765727250759,CH1,POWER,3.80
1765727250763,CH1,POWER,3.80
1765727250769,CH1,POWER,3.80
1765727250774,CH1,POWER,3.80
1765727250779,CH1,POWER,3.80
1765727250787,CH1,POWER,3.80
1765727250793,CH1,POWER,3.80
1765727250798,CH1,POWER,3.80
1765727250802,CH1,POWER,3.80
1765727250809,CH1,POWER,3.80
1765727250813,CH1,POWER,3.80
1765727250819,CH1,POWER,3.80
1765727250827,CH1,POWER,3.80
1765727250832,CH1,POWER,3.80
1765727250839,CH1,POWER,3.80
1765727250847,CH1,POWER,3.80
1765727250852,CH1,POWER,3.80
1765727250856,CH1,POWER,3.80
1765727250861,CH1,POWER,3.80
1765727250867,CH1,POWER,3.80
1765727250871,CH1,POWER,3.80
1765727250877,CH1,POWER,3.80
1765727250881,CH1,POWER,3.80
1765727250889,CH1,POWER,3.80
1765727250897,CH1,POWER,3.80
1765727250902,CH1,POWER,3.80
1765727250909,CH1,POWER,3.80
1765727250917,CH1,POWER,3.80
1765727250922,CH1,POWER,3.80
1765727250929,CH1,POWER,3.80
1765727250934,CH1,POWER,3.80
1765727250939,CH1,POWER,3.80
1765727250944,CH1,POWER,3.80
1765727250949,CH1,POWER,3.80
1765727250953,CH1,POWER,3.80
1765727250959,CH1,POWER,3.80
1765727250963,CH1,POWER,3.80
1765727250968,CH1,POWER,3.80
1765727250972,CH1,POWER,3.80
1765727250978,CH1,POWER,3.80
1765727250982,CH1,POWER,3.95
1765727251008,CH1,POWER,3.95
1765727251013,CH1,POWER,3.95
1765727251018,CH1,POWER,3.95
1765727251023,CH1,POWER,3.95
1765727251028,CH1,POWER,3.95
1765727251033,CH1,POWER,3.95
1765727251041,CH1,POWER,3.95
1765727251046,CH1,POWER,3.95
1765727251051,CH1,POWER,3.95
1765727251055,CH1,POWER,3.95
1765727251061,CH1,POWER,3.95
1765727251066,CH1,POWER,3.95
1765727251071,CH1,POWER,3.95
1765727251076,CH1,POWER,3.95
1765727251081,CH1,POWER,3.95
1765727251085,CH1,POWER,3.95
1765727251091,CH1,POWER,3.95
1765727251095,CH1,POWER,3.95
1765727251101,CH1,POWER,3.95
1765727251109,CH1,POWER,3.95
1765727251113,CH1,POWER,3.95
1765727251118,CH1,POWER,3.95
1765727251122,CH1,POWER,3.95
1765727251129,CH1,POWER,3.95
1765727251134,CH1,POWER,3.95
1765727251141,CH1,POWER,3.95
1765727251146,CH1,POWER,3.95
1765727251151,CH1,POWER,3.95
1765727251156,CH1,POWER,3.95
1765727251161,CH1,POWER,3.95
1765727251165,CH1,POWER,3.95
1765727251171,CH1,POWER,3.95
1765727251175,CH1,POWER,3.95
1765727251180,CH1,POWER,3.95
1765727251184,CH1,POWER,3.95
1765727251188,CH1,POWER,3.95
1765727251193,CH1,POWER,3.95
1765727251199,CH1,POWER,3.95
1765727251204,CH1,POWER,3.95
1765727251211,CH1,POWER,3.95
1765727251217,CH1,POWER,3.95
1765727251221,CH1,POWER,3.95
1765727251227,CH1,POWER,3.95
1765727251232,CH1,POWER,3.95
1765727251239,CH1,POWER,3.95
1765727251243,CH1,POWER,3.95
1765727251248,CH1,POWER,3.95
1765727251254,CH1,POWER,3.95
1765727251261,CH1,POWER,3.95
1765727251266,CH1,POWER,3.95
1765727251271,CH1,POWER,3.95
1765727251279,CH1,POWER,3.95
1765727251283,CH1,POWER,3.95
1765727251288,CH1,POWER,3.95
1765727251292,CH1,POWER,3.95
1765727251299,CH1,POWER,3.95
1765727251304,CH1,POWER,3.95
1765727251311,CH1,POWER,3.95
1765727251316,CH1,POWER,3.95
1765727251321,CH1,POWER,3.95
1765727251326,CH1,POWER,3.95
1765727251331,CH1,POWER,3.95
1765727251336,CH1,POWER,3.95
1765727251341,CH1,POWER,3.95
1765727251345,CH1,POWER,3.95
1765727251350,CH1,POWER,3.95
1765727251354,CH1,POWER,3.95
1765727251358,CH1,POWER,3.95
1765727251363,CH1,POWER,3.95
1765727251371,CH1,POWER,3.95
1765727251375,CH1,POWER,3.95
1765727251403,CH1,POWER,4.00
1765727251408,CH1,POWER,4.00
1765727251413,CH1,POWER,4.00
1765727251417,CH1,POWER,4.00
1765727251422,CH1,POWER,4.00
1765727251427,CH1,POWER,4.00
1765727251432,CH1,POWER,4.00
1765727251437,CH1,POWER,4.00
1765727251442,CH1,POWER,4.00
1765727251447,CH1,POWER,4.00
1765727251453,CH1,POWER,4.00
1765727251457,CH1,POWER,4.00
1765727251463,CH1,POWER,4.00
1765727251467,CH1,POWER,4.00
1765727251472,CH1,POWER,4.00
1765727251477,CH1,POWER,4.00
1765727251482,CH1,POWER,4.00
1765727251487,CH1,POWER,4.00
1765727251493,CH1,POWER,4.00
1765727251498,CH1,POWER,4.00
1765727251503,CH1,POWER,4.00
1765727251511,CH1,POWER,4.00
1765727251516,CH1,POWER,4.00
1765727251523,CH1,POWER,4.00
1765727251528,CH1,POWER,4.00
1765727251533,CH1,POWER,4.00
1765727251537,CH1,POWER,4.00
1765727251542,CH1,POWER,4.00
1765727251547,CH1,POWER,4.00
1765727251553,CH1,POWER,4.00
1765727251558,CH1,POWER,4.00
1765727251563,CH1,POWER,4.00
1765727251567,CH1,POWER,4.00
1765727251573,CH1,POWER,4.00
1765727251578,CH1,POWER,4.00
1765727251583,CH1,POWER,4.00
1765727251588,CH1,POWER,4.00
1765727251593,CH1,POWER,4.00
1765727251601,CH1,POWER,4.00
1765727251605,CH1,POWER,4.00
1765727251613,CH1,POWER,4.00
1765727251621,CH1,POWER,4.00
1765727251626,CH1,POWER,4.00
1765727251633,CH1,POWER,4.00
1765727251638,CH1,POWER,4.00
1765727251643,CH1,POWER,4.00
1765727251651,CH1,POWER,4.00
1765727251656,CH1,POWER,4.00
1765727251663,CH1,POWER,4.00
1765727251668,CH1,POWER,4.00
1765727251673,CH1,POWER,4.00
1765727251678,CH1,POWER,4.00
1765727251683,CH1,POWER,4.00
1765727251688,CH1,POWER,4.00
1765727251693,CH1,POWER,4.00
1765727251698,CH1,POWER,4.00
1765727251703,CH1,POWER,4.00
1765727251711,CH1,POWER,4.00
1765727251716,CH1,POWER,4.00
1765727251723,CH1,POWER,4.00
1765727251728,CH1,POWER,4.00
1765727251733,CH1,POWER,4.00
1765727251737,CH1,POWER,4.00
1765727251742,CH1,POWER,4.00
1765727251747,CH1,POWER,4.00
1765727251753,CH1,POWER,4.00
1765727251758,CH1,POWER,4.00
1765727251762,CH1,POWER,4.00
1765727251765,CH1,POWER,3.75
1765727251767,CH1,POWER,3.75
1765727251795,CH1,POWER,3.75
1765727251800,CH1,POWER,3.75
1765727251805,CH1,POWER,3.75
1765727251810,CH1,POWER,3.75
1765727251815,CH1,POWER,3.75
1765727251823,CH1,POWER,3.75
1765727251829,CH1,POWER,3.75
1765727251834,CH1,POWER,3.75
1765727251839,CH1,POWER,3.75
1765727251844,CH1,POWER,3.75
1765727251849,CH1,POWER,3.75
1765727251855,CH1,POWER,3.75
1765727251859,CH1,POWER,3.75
1765727251864,CH1,POWER,3.75
1765727251868,CH1,POWER,3.75
1765727251872,CH1,POWER,3.75
1765727251876,CH1,POWER,3.75
1765727251882,CH1,POWER,3.75
1765727251886,CH1,POWER,3.75
1765727251892,CH1,POWER,3.75
1765727251897,CH1,POWER,3.75
1765727251902,CH1,POWER,3.75
1765727251907,CH1,POWER,3.75
1765727251915,CH1,POWER,3.75
1765727251920,CH1,POWER,3.75
1765727251925,CH1,POWER,3.75
1765727251930,CH1,POWER,3.75
1765727251935,CH1,POWER,3.75
1765727251940,CH1,POWER,3.75
1765727251945,CH1,POWER,3.75
1765727251950,CH1,POWER,3.75
1765727251955,CH1,POWER,3.75
1765727251960,CH1,POWER,3.75
1765727251965,CH1,POWER,3.75
1765727251969,CH1,POWER,3.75
1765727251975,CH1,POWER,3.75
1765727251980,CH1,POWER,3.75
1765727251985,CH1,POWER,3.75
1765727251990,CH1,POWER,3.75
1765727251995,CH1,POWER,3.75
1765727252000,CH1,POWER,3.75
1765727252005,CH1,POWER,3.75
1765727252010,CH1,POWER,3.75
1765727252015,CH1,POWER,3.75
1765727252019,CH1,POWER,3.75
1765727252024,CH1,POWER,3.75
1765727252028,CH1,POWER,3.75
1765727252034,CH1,POWER,3.75
1765727252038,CH1,POWER,3.75
1765727252044,CH1,POWER,3.75
1765727252048,CH1,POWER,3.75
1765727252055,CH1,POWER,3.75
1765727252060,CH1,POWER,3.75
1765727252065,CH1,POWER,3.75
1765727252073,CH1,POWER,3.75
1765727252077,CH1,POWER,3.75
1765727252082,CH1,POWER,3.75
1765727252086,CH1,POWER,3.75
1765727252093,CH1,POWER,3.75
1765727252098,CH1,POWER,3.75
1765727252104,CH1,POWER,3.75
1765727252109,CH1,POWER,3.75
1765727252114,CH1,POWER,3.75
1765727252118,CH1,POWER,3.75
1765727252125,CH1,POWER,3.75
1765727252133,CH1,POWER,3.75
1765727252138,CH1,POWER,3.75
1765727252145,CH1,POWER,3.75
1765727252150,CH1,POWER,3.75
1765727252153,CH1,POWER,3.70
1765727252156,CH1,POWER,3.70
1765727252158,CH1,POWER,3.70
1765727252186,CH1,POWER,3.70
1765727252191,CH1,POWER,3.70
1765727252196,CH1,POWER,3.70
1765727252200,CH1,POWER,3.70
1765727252206,CH1,POWER,3.70
1765727252211,CH1,POWER,3.70
1765727252217,CH1,POWER,3.70
1765727252222,CH1,POWER,3.70
1765727252227,CH1,POWER,3.70
1765727252231,CH1,POWER,3.70
1765727252236,CH1,POWER,3.70
1765727252241,CH1,POWER,3.70
1765727252246,CH1,POWER,3.70
1765727252250,CH1,POWER,3.70
1765727252254,CH1,POWER,3.70
1765727252258,CH1,POWER,3.70
1765727252264,CH1,POWER,3.70
1765727252268,CH1,POWER,3.70
1765727252275,CH1,POWER,3.70
1765727252281,CH1,POWER,3.70
1765727252286,CH1,POWER,3.70
1765727252292,CH1,POWER,3.70
1765727252297,CH1,POWER,3.70
1765727252302,CH1,POWER,3.70
1765727252307,CH1,POWER,3.70
1765727252315,CH1,POWER,3.70
1765727252320,CH1,POWER,3.70
1765727252326,CH1,POWER,3.70
1765727252331,CH1,POWER,3.70
1765727252336,CH1,POWER,3.70
1765727252341,CH1,POWER,3.70
1765727252346,CH1,POWER,3.70
1765727252351,CH1,POWER,3.70
1765727252356,CH1,POWER,3.70
1765727252360,CH1,POWER,3.70
1765727252367,CH1,POWER,3.70
1765727252375,CH1,POWER,3.70
1765727252380,CH1,POWER,3.70
1765727252387,CH1,POWER,3.70
1765727252392,CH1,POWER,3.70
1765727252397,CH1,POWER,3.70
1765727252402,CH1,POWER,3.70
1765727252407,CH1,POWER,3.70
1765727252415,CH1,POWER,3.70
1765727252419,CH1,POWER,3.70
1765727252424,CH1,POWER,3.70
1765727252429,CH1,POWER,3.70
1765727252434,CH1,POWER,3.70
1765727252439,CH1,POWER,3.70
1765727252444,CH1,POWER,3.70
1765727252448,CH1,POWER,3.70
1765727252455,CH1,POWER,3.70
1765727252461,CH1,POWER,3.70
1765727252466,CH1,POWER,3.70
1765727252472,CH1,POWER,3.70
1765727252477,CH1,POWER,3.70
1765727252485,CH1,POWER,3.70
1765727252490,CH1,POWER,3.70
1765727252497,CH1,POWER,3.70
1765727252502,CH1,POWER,3.70
1765727252507,CH1,POWER,3.70
1765727252512,CH1,POWER,3.70
1765727252517,CH1,POWER,3.70
1765727252525,CH1,POWER,3.70
1765727252530,CH1,POWER,3.70
1765727252537,CH1,POWER,3.70
1765727252542,CH1,POWER,3.70
1765727252546,CH1,POWER,3.65
1765727252549,CH1,POWER,3.65
1765727252551,CH1,POWER,3.65
1765727252579,CH1,POWER,3.65
1765727252584,CH1,POWER,3.65
1765727252589,CH1,POWER,3.65
1765727252597,CH1,POWER,3.65
1765727252603,CH1,POWER,3.65
1765727252608,CH1,POWER,3.65
1765727252612,CH1,POWER,3.65
1765727252618,CH1,POWER,3.65
1765727252622,CH1,POWER,3.65
1765727252629,CH1,POWER,3.65
1765727252633,CH1,POWER,3.65
1765727252638,CH1,POWER,3.65
1765727252644,CH1,POWER,3.65
1765727252649,CH1,POWER,3.65
1765727252654,CH1,POWER,3.65
1765727252659,CH1,POWER,3.65
1765727252664,CH1,POWER,3.65
1765727252669,CH1,POWER,3.65
1765727252673,CH1,POWER,3.65
1765727252679,CH1,POWER,3.65
1765727252687,CH1,POWER,3.65
1765727252692,CH1,POWER,3.65
1765727252699,CH1,POWER,3.65
1765727252707,CH1,POWER,3.65
1765727252712,CH1,POWER,3.65
1765727252719,CH1,POWER,3.65
1765727252724,CH1,POWER,3.65
1765727252729,CH1,POWER,3.65
1765727252734,CH1,POWER,3.65
1765727252739,CH1,POWER,3.65
1765727252743,CH1,POWER,3.65
1765727252748,CH1,POWER,3.65
1765727252752,CH1,POWER,3.65
1765727252759,CH1,POWER,3.65
1765727252764,CH1,POWER,3.65
1765727252769,CH1,POWER,3.65
1765727252773,CH1,POWER,3.65
1765727252778,CH1,POWER,3.65
1765727252784,CH1,POWER,3.65
1765727252789,CH1,POWER,3.65
1765727252797,CH1,POWER,3.65
1765727252803,CH1,POWER,3.65
1765727252808,CH1,POWER,3.65
1765727252813,CH1,POWER,3.65
1765727252818,CH1,POWER,3.65
1765727252821,CH1,POWER,3.65
1765727252826,CH1,POWER,3.65
1765727252830,CH1,POWER,3.65
1765727252836,CH1,POWER,3.65
1765727252840,CH1,POWER,3.65
1765727252847,CH1,POWER,3.65
1765727252852,CH1,POWER,3.65
1765727252859,CH1,POWER,3.65
1765727252863,CH1,POWER,3.65
1765727252868,CH1,POWER,3.65
1765727252873,CH1,POWER,3.65
1765727252878,CH1,POWER,3.65
1765727252883,CH1,POWER,3.65
1765727252889,CH1,POWER,3.65
1765727252893,CH1,POWER,3.65
1765727252898,CH1,POWER,3.65
1765727252902,CH1,POWER,3.65
1765727252909,CH1,POWER,3.65
1765727252917,CH1,POWER,3.65
1765727252922,CH1,POWER,3.65
1765727252929,CH1,POWER,3.65
1765727252936,CH1,POWER,3.65
1765727252939,CH1,POWER,3.70
1765727252942,CH1,POWER,3.70
1765727252968,CH1,POWER,3.70
1765727252973,CH1,POWER,3.70
1765727252979,CH1,POWER,3.70
1765727252984,CH1,POWER,3.70
1765727252991,CH1,POWER,3.70
1765727252999,CH1,POWER,3.70
1765727253004,CH1,POWER,3.70
1765727253011,CH1,POWER,3.70
1765727253016,CH1,POWER,3.70
1765727253021,CH1,POWER,3.70
1765727253026,CH1,POWER,3.70
1765727253031,CH1,POWER,3.70
1765727253039,CH1,POWER,3.70
1765727253044,CH1,POWER,3.70
1765727253050,CH1,POWER,3.70
1765727253055,CH1,POWER,3.70
1765727253060,CH1,POWER,3.70
1765727253065,CH1,POWER,3.70
1765727253071,CH1,POWER,3.70
1765727253076,CH1,POWER,3.70
1765727253081,CH1,POWER,3.70
1765727253089,CH1,POWER,3.70
1765727253094,CH1,POWER,3.70
1765727253100,CH1,POWER,3.70
1765727253106,CH1,POWER,3.70
1765727253111,CH1,POWER,3.70
1765727253116,CH1,POWER,3.70
1765727253121,CH1,POWER,3.70
1765727253129,CH1,POWER,3.70
1765727253134,CH1,POWER,3.70
1765727253140,CH1,POWER,3.70
1765727253145,CH1,POWER,3.70
1765727253151,CH1,POWER,3.70
1765727253156,CH1,POWER,3.70
1765727253161,CH1,POWER,3.70
1765727253165,CH1,POWER,3.70
1765727253170,CH1,POWER,3.70
1765727253174,CH1,POWER,3.70
1765727253181,CH1,POWER,3.70
1765727253189,CH1,POWER,3.70
1765727253194,CH1,POWER,3.70
1765727253201,CH1,POWER,3.70
1765727253206,CH1,POWER,3.70
1765727253211,CH1,POWER,3.70
1765727253216,CH1,POWER,3.70
1765727253221,CH1,POWER,3.70
1765727253229,CH1,POWER,3.70
1765727253235,CH1,POWER,3.70
1765727253241,CH1,POWER,3.70
1765727253249,CH1,POWER,3.70
1765727253255,CH1,POWER,3.70
1765727253260,CH1,POWER,3.70
1765727253264,CH1,POWER,3.70
1765727253268,CH1,POWER,3.70
1765727253272,CH1,POWER,3.70
1765727253276,CH1,POWER,3.70
1765727253281,CH1,POWER,3.70
1765727253285,CH1,POWER,3.70
1765727253290,CH1,POWER,3.70
1765727253295,CH1,POWER,3.70
1765727253301,CH1,POWER,3.70
1765727253309,CH1,POWER,3.70
1765727253314,CH1,POWER,3.70
1765727253321,CH1,POWER,3.70
1765727253324,CH1,POWER,3.50
1765727253350,CH1,POWER,3.50
1765727253355,CH1,POWER,3.50
1765727253360,CH1,POWER,3.50
1765727253366,CH1,POWER,3.50
1765727253373,CH1,POWER,3.50
1765727253378,CH1,POWER,3.50
1765727253383,CH1,POWER,3.50
1765727253390,CH1,POWER,3.50
1765727253395,CH1,POWER,3.50
1765727253399,CH1,POWER,3.50
1765727253404,CH1,POWER,3.50
1765727253411,CH1,POWER,3.50
1765727253415,CH1,POWER,3.50
1765727253423,CH1,POWER,3.50
1765727253428,CH1,POWER,3.50
1765727253433,CH1,POWER,3.50
1765727253437,CH1,POWER,3.50
1765727253442,CH1,POWER,3.50
1765727253446,CH1,POWER,3.50
1765727253452,CH1,POWER,3.50
1765727253457,CH1,POWER,3.50
1765727253462,CH1,POWER,3.50
1765727253468,CH1,POWER,3.50
1765727253473,CH1,POWER,3.50
1765727253478,CH1,POWER,3.50
1765727253483,CH1,POWER,3.50
1765727253491,CH1,POWER,3.50
1765727253496,CH1,POWER,3.50
1765727253502,CH1,POWER,3.50
1765727253507,CH1,POWER,3.50
1765727253513,CH1,POWER,3.50
1765727253518,CH1,POWER,3.50
1765727253523,CH1,POWER,3.50
1765727253531,CH1,POWER,3.50
1765727253537,CH1,POWER,3.50
1765727253542,CH1,POWER,3.50
1765727253548,CH1,POWER,3.50
1765727253553,CH1,POWER,3.50
1765727253561,CH1,POWER,3.50
1765727253566,CH1,POWER,3.50
1765727253573,CH1,POWER,3.50
1765727253578,CH1,POWER,3.50
1765727253583,CH1,POWER,3.50
1765727253588,CH1,POWER,3.50
1765727253593,CH1,POWER,3.50
1765727253598,CH1,POWER,3.50
1765727253603,CH1,POWER,3.50
1765727253611,CH1,POWER,3.50
1765727253616,CH1,POWER,3.50
1765727253623,CH1,POWER,3.50
1765727253627,CH1,POWER,3.50
1765727253632,CH1,POWER,3.50
1765727253637,CH1,POWER,3.50
1765727253643,CH1,POWER,3.50
1765727253651,CH1,POWER,3.50
1765727253656,CH1,POWER,3.50
1765727253663,CH1,POWER,3.50
1765727253668,CH1,POWER,3.50
1765727253673,CH1,POWER,3.50
1765727253681,CH1,POWER,3.50
1765727253686,CH1,POWER,3.50
1765727253693,CH1,POWER,3.50
1765727253698,CH1,POWER,3.50
1765727253703,CH1,POWER,3.50
1765727253710,CH1,POWER,3.50
1765727253713,CH1,POWER,3.40
1765727253715,CH1,POWER,3.40
1765727253742,CH1,POWER,3.40
1765727253747,CH1,POWER,3.40
1765727253752,CH1,POWER,3.40
1765727253757,CH1,POWER,3.40
1765727253762,CH1,POWER,3.40
1765727253766,CH1,POWER,3.40
1765727253772,CH1,POWER,3.40
1765727253778,CH1,POWER,3.40
1765727253785,CH1,POWER,3.40
1765727253789,CH1,POWER,3.40
1765727253793,CH1,POWER,3.40
1765727253798,CH1,POWER,3.40
1765727253805,CH1,POWER,3.40
1765727253813,CH1,POWER,3.40
1765727253818,CH1,POWER,3.40
1765727253825,CH1,POWER,3.40
1765727253833,CH1,POWER,3.40
1765727253838,CH1,POWER,3.40
1765727253845,CH1,POWER,3.40
1765727253850,CH1,POWER,3.40
1765727253855,CH1,POWER,3.40
1765727253860,CH1,POWER,3.40
1765727253865,CH1,POWER,3.40
1765727253869,CH1,POWER,3.40
1765727253874,CH1,POWER,3.40
1765727253880,CH1,POWER,3.40
1765727253885,CH1,POWER,3.40
1765727253890,CH1,POWER,3.40
1765727253895,CH1,POWER,3.40
1765727253900,CH1,POWER,3.40
1765727253905,CH1,POWER,3.40
1765727253913,CH1,POWER,3.40
1765727253917,CH1,POWER,3.40
1765727253922,CH1,POWER,3.40
1765727253927,CH1,POWER,3.40
1765727253932,CH1,POWER,3.40
1765727253938,CH1,POWER,3.40
1765727253942,CH1,POWER,3.40
1765727253947,CH1,POWER,3.40
1765727253952,CH1,POWER,3.40
1765727253956,CH1,POWER,3.40
1765727253963,CH1,POWER,3.40
1765727253967,CH1,POWER,3.40
1765727253972,CH1,POWER,3.40
1765727253978,CH1,POWER,3.40
1765727253985,CH1,POWER,3.40
1765727253990,CH1,POWER,3.40
1765727253995,CH1,POWER,3.40
1765727254000,CH1,POWER,3.40
1765727254005,CH1,POWER,3.40
1765727254013,CH1,POWER,3.40
1765727254018,CH1,POWER,3.40
1765727254025,CH1,POWER,3.40
1765727254030,CH1,POWER,3.40
1765727254035,CH1,POWER,3.40
1765727254040,CH1,POWER,3.40
1765727254045,CH1,POWER,3.40
1765727254049,CH1,POWER,3.40
1765727254053,CH1,POWER,3.40
1765727254058,CH1,POWER,3.40
1765727254063,CH1,POWER,3.40
1765727254068,CH1,POWER,3.40
1765727254075,CH1,POWER,3.40
1765727254080,CH1,POWER,3.40
1765727254085,CH1,POWER,3.40
1765727254090,CH1,POWER,3.40
1765727254094,CH1,POWER,3.40
1765727254099,CH1,POWER,3.40
1765727254103,CH1,POWER,3.40
1765727254107,CH1,POWER,3.50
1765727254109,CH1,POWER,3.50
1765727254137,CH1,POWER,3.50
1765727254142,CH1,POWER,3.50
1765727254147,CH1,POWER,3.50
1765727254152,CH1,POWER,3.50
1765727254157,CH1,POWER,3.50
1765727254165,CH1,POWER,3.50
1765727254171,CH1,POWER,3.50
1765727254176,CH1,POWER,3.50
1765727254181,CH1,POWER,3.50
1765727254187,CH1,POWER,3.50
1765727254192,CH1,POWER,3.50
1765727254196,CH1,POWER,3.50
1765727254201,CH1,POWER,3.50
1765727254205,CH1,POWER,3.50
1765727254210,CH1,POWER,3.50
1765727254217,CH1,POWER,3.50
1765727254225,CH1,POWER,3.50
1765727254231,CH1,POWER,3.50
1765727254236,CH1,POWER,3.50
1765727254242,CH1,POWER,3.50
1765727254247,CH1,POWER,3.50
1765727254252,CH1,POWER,3.50
1765727254257,CH1,POWER,3.50
1765727254264,CH1,POWER,3.50
1765727254269,CH1,POWER,3.50
1765727254274,CH1,POWER,3.50
1765727254278,CH1,POWER,3.50
1765727254285,CH1,POWER,3.50
1765727254290,CH1,POWER,3.50
1765727254296,CH1,POWER,3.50
1765727254301,CH1,POWER,3.50
1765727254305,CH1,POWER,3.50
1765727254310,CH1,POWER,3.50
1765727254317,CH1,POWER,3.50
1765727254322,CH1,POWER,3.50
1765727254327,CH1,POWER,3.50
1765727254332,CH1,POWER,3.50
1765727254337,CH1,POWER,3.50
1765727254342,CH1,POWER,3.50
1765727254347,CH1,POWER,3.50
1765727254355,CH1,POWER,3.50
1765727254360,CH1,POWER,3.50
1765727254366,CH1,POWER,3.50
1765727254371,CH1,POWER,3.50
1765727254376,CH1,POWER,3.50
1765727254381,CH1,POWER,3.50
1765727254387,CH1,POWER,3.50
1765727254392,CH1,POWER,3.50
1765727254396,CH1,POWER,3.50
1765727254401,CH1,POWER,3.50
1765727254405,CH1,POWER,3.50
1765727254410,CH1,POWER,3.50
1765727254416,CH1,POWER,3.50
1765727254421,CH1,POWER,3.50
1765727254427,CH1,POWER,3.50
1765727254435,CH1,POWER,3.50
1765727254440,CH1,POWER,3.50
1765727254446,CH1,POWER,3.50
1765727254451,CH1,POWER,3.50
1765727254457,CH1,POWER,3.50
1765727254462,CH1,POWER,3.50
1765727254467,CH1,POWER,3.50
1765727254472,CH1,POWER,3.50
1765727254477,CH1,POWER,3.50
1765727254482,CH1,POWER,3.50
1765727254487,CH1,POWER,3.50
1765727254494,CH1,POWER,3.50
1765727254497,CH1,POWER,3.60
1765727254500,CH1,POWER,3.60
1765727254526,CH1,POWER,3.60
1765727254531,CH1,POWER,3.60
1765727254536,CH1,POWER,3.60
1765727254542,CH1,POWER,3.60
1765727254549,CH1,POWER,3.60
1765727254557,CH1,POWER,3.60
1765727254562,CH1,POWER,3.60
1765727254568,CH1,POWER,3.60
1765727254573,CH1,POWER,3.60
1765727254578,CH1,POWER,3.60
1765727254583,CH1,POWER,3.60
1765727254588,CH1,POWER,3.60
1765727254593,CH1,POWER,3.60
1765727254598,CH1,POWER,3.60
1765727254604,CH1,POWER,3.60
1765727254609,CH1,POWER,3.60
1765727254614,CH1,POWER,3.60
1765727254618,CH1,POWER,3.60
1765727254623,CH1,POWER,3.60
1765727254628,CH1,POWER,3.60
1765727254634,CH1,POWER,3.60
1765727254639,CH1,POWER,3.60
1765727254644,CH1,POWER,3.60
1765727254648,CH1,POWER,3.60
1765727254653,CH1,POWER,3.60
1765727254658,CH1,POWER,3.60
1765727254663,CH1,POWER,3.60
1765727254667,CH1,POWER,3.60
1765727254671,CH1,POWER,3.60
1765727254675,CH1,POWER,3.60
1765727254679,CH1,POWER,3.60
1765727254684,CH1,POWER,3.60
1765727254689,CH1,POWER,3.60
1765727254694,CH1,POWER,3.60
1765727254698,CH1,POWER,3.60
1765727254702,CH1,POWER,3.60
1765727254709,CH1,POWER,3.60
1765727254714,CH1,POWER,3.60
1765727254719,CH1,POWER,3.60
1765727254724,CH1,POWER,3.60
1765727254728,CH1,POWER,3.60
1765727254733,CH1,POWER,3.60
1765727254737,CH1,POWER,3.60
1765727254741,CH1,POWER,3.60
1765727254745,CH1,POWER,3.60
1765727254749,CH1,POWER,3.60
1765727254754,CH1,POWER,3.60
1765727254759,CH1,POWER,3.60
1765727254764,CH1,POWER,3.60
1765727254769,CH1,POWER,3.60
1765727254774,CH1,POWER,3.60
1765727254778,CH1,POWER,3.60
1765727254783,CH1,POWER,3.60
1765727254787,CH1,POWER,3.60
1765727254791,CH1,POWER,3.60
1765727254796,CH1,POWER,3.60
1765727254800,CH1,POWER,3.60
1765727254807,CH1,POWER,3.60
1765727254812,CH1,POWER,3.60
1765727254819,CH1,POWER,3.60
1765727254827,CH1,POWER,3.60
1765727254832,CH1,POWER,3.60
1765727254838,CH1,POWER,3.60
1765727254843,CH1,POWER,3.60
1765727254847,CH1,POWER,3.60
1765727254852,CH1,POWER,3.60
1765727254858,CH1,POWER,3.60
1765727254862,CH1,POWER,3.60
1765727254869,CH1,POWER,3.60
1765727254874,CH1,POWER,3.60
1765727254879,CH1,POWER,3.60
1765727254886,CH1,POWER,3.60
1765727254891,CH1,POWER,3.60
1765727254918,CH1,POWER,3.50
1765727254923,CH1,POWER,3.50
1765727254927,CH1,POWER,3.50
1765727254932,CH1,POWER,3.50
1765727254939,CH1,POWER,3.50
1765727254943,CH1,POWER,3.50
1765727254947,CH1,POWER,3.50
1765727254952,CH1,POWER,3.50
1765727254959,CH1,POWER,3.50
1765727254964,CH1,POWER,3.50
1765727254970,CH1,POWER,3.50
1765727254975,CH1,POWER,3.50
1765727254979,CH1,POWER,3.50
1765727254984,CH1,POWER,3.50
1765727254989,CH1,POWER,3.50
1765727254993,CH1,POWER,3.50
1765727254997,CH1,POWER,3.50
1765727255001,CH1,POWER,3.50
1765727255006,CH1,POWER,3.50
1765727255010,CH1,POWER,3.50
1765727255016,CH1,POWER,3.50
1765727255021,CH1,POWER,3.50
1765727255029,CH1,POWER,3.50
1765727255034,CH1,POWER,3.50
1765727255040,CH1,POWER,3.50
1765727255045,CH1,POWER,3.50
1765727255050,CH1,POWER,3.50
1765727255054,CH1,POWER,3.50
1765727255061,CH1,POWER,3.50
1765727255069,CH1,POWER,3.50
1765727255074,CH1,POWER,3.50
1765727255081,CH1,POWER,3.50
1765727255086,CH1,POWER,3.50
1765727255091,CH1,POWER,3.50
1765727255096,CH1,POWER,3.50
1765727255101,CH1,POWER,3.50
1765727255106,CH1,POWER,3.50
1765727255110,CH1,POWER,3.50
1765727255115,CH1,POWER,3.50
1765727255119,CH1,POWER,3.50
1765727255123,CH1,POWER,3.50
1765727255128,CH1,POWER,3.50
1765727255133,CH1,POWER,3.50
1765727255141,CH1,POWER,3.50
1765727255146,CH1,POWER,3.50
1765727255150,CH1,POWER,3.50
1765727255154,CH1,POWER,3.50
1765727255161,CH1,POWER,3.50
1765727255166,CH1,POWER,3.50
1765727255171,CH1,POWER,3.50
1765727255176,CH1,POWER,3.50
1765727255181,CH1,POWER,3.50
1765727255186,CH1,POWER,3.50
1765727255190,CH1,POWER,3.50
1765727255196,CH1,POWER,3.50
1765727255201,CH1,POWER,3.50
1765727255206,CH1,POWER,3.50
1765727255211,CH1,POWER,3.50
1765727255216,CH1,POWER,3.50
1765727255220,CH1,POWER,3.50
1765727255225,CH1,POWER,3.50
1765727255230,CH1,POWER,3.50
1765727255235,CH1,POWER,3.50
1765727255240,CH1,POWER,3.50
1765727255245,CH1,POWER,3.50
1765727255249,CH1,POWER,3.50
1765727255254,CH1,POWER,3.50
1765727255261,CH1,POWER,3.50
1765727255266,CH1,POWER,3.50
1765727255270,CH1,POWER,3.50
1765727255275,CH1,POWER,3.50
1765727255281,CH1,POWER,3.50
1765727255283,CH1,POWER,3.65
1765727255310,CH1,POWER,3.65
1765727255315,CH1,POWER,3.65
1765727255320,CH1,POWER,3.65
1765727255326,CH1,POWER,3.65
1765727255333,CH1,POWER,3.65
1765727255340,CH1,POWER,3.65
1765727255347,CH1,POWER,3.65
1765727255352,CH1,POWER,3.65
1765727255356,CH1,POWER,3.65
1765727255363,CH1,POWER,3.65
1765727255368,CH1,POWER,3.65
1765727255372,CH1,POWER,3.65
1765727255377,CH1,POWER,3.65
1765727255382,CH1,POWER,3.65
1765727255386,CH1,POWER,3.65
1765727255393,CH1,POWER,3.65
1765727255398,CH1,POWER,3.65
1765727255402,CH1,POWER,3.65
1765727255406,CH1,POWER,3.65
1765727255413,CH1,POWER,3.65
1765727255418,CH1,POWER,3.65
1765727255422,CH1,POWER,3.65
1765727255428,CH1,POWER,3.65
1765727255433,CH1,POWER,3.65
1765727255438,CH1,POWER,3.65
1765727255442,CH1,POWER,3.65
1765727255447,CH1,POWER,3.65
1765727255453,CH1,POWER,3.65
1765727255458,CH1,POWER,3.65
1765727255462,CH1,POWER,3.65
1765727255468,CH1,POWER,3.65
1765727255473,CH1,POWER,3.65
1765727255478,CH1,POWER,3.65
1765727255482,CH1,POWER,3.65
1765727255488,CH1,POWER,3.65
1765727255493,CH1,POWER,3.65
1765727255498,CH1,POWER,3.65
1765727255502,CH1,POWER,3.65
1765727255511,CH1,POWER,3.65
1765727255517,CH1,POWER,3.65
1765727255521,CH1,POWER,3.65
1765727255526,CH1,POWER,3.65
1765727255533,CH1,POWER,3.65
1765727255541,CH1,POWER,3.65
1765727255546,CH1,POWER,3.65
1765727255553,CH1,POWER,3.65
1765727255558,CH1,POWER,3.65
1765727255563,CH1,POWER,3.65
1765727255568,CH1,POWER,3.65
1765727255573,CH1,POWER,3.65
1765727255578,CH1,POWER,3.65
1765727255582,CH1,POWER,3.65
1765727255590,CH1,POWER,3.65
1765727255595,CH1,POWER,3.65
1765727255600,CH1,POWER,3.65
1765727255604,CH1,POWER,3.65
1765727255610,CH1,POWER,3.65
1765727255614,CH1,POWER,3.65
1765727255623,CH1,POWER,3.65
1765727255631,CH1,POWER,3.65
1765727255636,CH1,POWER,3.65
1765727255642,CH1,POWER,3.65
1765727255647,CH1,POWER,3.65
1765727255653,CH1,POWER,3.65
1765727255658,CH1,POWER,3.65
1765727255662,CH1,POWER,3.65
1765727255667,CH1,POWER,3.65
1765727255670,CH1,POWER,3.65
1765727255673,CH1,POWER,3.65
1765727255675,CH1,POWER,3.65
1765727255702,CH1,POWER,3.65
1765727255707,CH1,POWER,3.65
1765727255711,CH1,POWER,3.65
1765727255715,CH1,POWER,3.65
1765727255720,CH1,POWER,3.65
1765727255724,CH1,POWER,3.65
1765727255733,CH1,POWER,3.65
1765727255738,CH1,POWER,3.65
1765727255744,CH1,POWER,3.65
1765727255750,CH1,POWER,3.65
1765727255754,CH1,POWER,3.65
1765727255759,CH1,POWER,3.65
1765727255763,CH1,POWER,3.65
1765727255770,CH1,POWER,3.65
1765727255775,CH1,POWER,3.65
1765727255780,CH1,POWER,3.65
1765727255784,CH1,POWER,3.65
1765727255789,CH1,POWER,3.65
1765727255793,CH1,POWER,3.65
1765727255797,CH1,POWER,3.65
1765727255802,CH1,POWER,3.65
1765727255806,CH1,POWER,3.65
1765727255812,CH1,POWER,3.65
1765727255818,CH1,POWER,3.65
1765727255825,CH1,POWER,3.65
1765727255830,CH1,POWER,3.65
1765727255834,CH1,POWER,3.65
1765727255839,CH1,POWER,3.65
1765727255845,CH1,POWER,3.65
1765727255850,CH1,POWER,3.65
1765727255855,CH1,POWER,3.65
1765727255860,CH1,POWER,3.65
1765727255865,CH1,POWER,3.65
1765727255870,CH1,POWER,3.65
1765727255874,CH1,POWER,3.65
1765727255883,CH1,POWER,3.65
1765727255888,CH1,POWER,3.65
1765727255894,CH1,POWER,3.65
1765727255899,CH1,POWER,3.65
1765727255903,CH1,POWER,3.65
1765727255908,CH1,POWER,3.65
1765727255914,CH1,POWER,3.65
1765727255923,CH1,POWER,3.65
1765727255928,CH1,POWER,3.65
1765727255934,CH1,POWER,3.65
1765727255940,CH1,POWER,3.65
1765727255945,CH1,POWER,3.65
1765727255950,CH1,POWER,3.65
1765727255954,CH1,POWER,3.65
1765727255963,CH1,POWER,3.65
1765727255968,CH1,POWER,3.65
1765727255974,CH1,POWER,3.65
1765727255983,CH1,POWER,3.65
1765727255988,CH1,POWER,3.65
1765727255994,CH1,POWER,3.65
1765727255998,CH1,POWER,3.65
1765727256004,CH1,POWER,3.65
1765727256013,CH1,POWER,3.65
1765727256018,CH1,POWER,3.65
1765727256024,CH1,POWER,3.65
1765727256029,CH1,POWER,3.65
1765727256033,CH1,POWER,3.65
1765727256038,CH1,POWER,3.65
1765727256045,CH1,POWER,3.65
1765727256053,CH1,POWER,3.65
1765727256058,CH1,POWER,3.65
1765727256084,CH1,POWER,3.55
1765727256089,CH1,POWER,3.55
1765727256093,CH1,POWER,3.55
1765727256098,CH1,POWER,3.55
1765727256105,CH1,POWER,3.55
1765727256109,CH1,POWER,3.55
1765727256116,CH1,POWER,3.55
1765727256121,CH1,POWER,3.55
1765727256127,CH1,POWER,3.55
1765727256132,CH1,POWER,3.55
1765727256136,CH1,POWER,3.55
1765727256143,CH1,POWER,3.55
1765727256148,CH1,POWER,3.55
1765727256154,CH1,POWER,3.55
1765727256161,CH1,POWER,3.55
1765727256165,CH1,POWER,3.55
1765727256169,CH1,POWER,3.55
1765727256176,CH1,POWER,3.55
1765727256185,CH1,POWER,3.55
1765727256190,CH1,POWER,3.55
1765727256197,CH1,POWER,3.55
1765727256202,CH1,POWER,3.55
1765727256207,CH1,POWER,3.55
1765727256212,CH1,POWER,3.55
1765727256216,CH1,POWER,3.55
1765727256222,CH1,POWER,3.55
1765727256228,CH1,POWER,3.55
1765727256234,CH1,POWER,3.55
1765727256238,CH1,POWER,3.55
1765727256244,CH1,POWER,3.55
1765727256251,CH1,POWER,3.55
1765727256256,CH1,POWER,3.55
1765727256260,CH1,POWER,3.55
1765727256267,CH1,POWER,3.55
1765727256272,CH1,POWER,3.55
1765727256276,CH1,POWER,3.55
1765727256282,CH1,POWER,3.55
1765727256287,CH1,POWER,3.55
1765727256292,CH1,POWER,3.55
1765727256296,CH1,POWER,3.55
1765727256305,CH1,POWER,3.55
1765727256310,CH1,POWER,3.55
1765727256316,CH1,POWER,3.55
1765727256321,CH1,POWER,3.55
1765727256326,CH1,POWER,3.55
1765727256330,CH1,POWER,3.55
1765727256336,CH1,POWER,3.55
1765727256344,CH1,POWER,3.55
1765727256348,CH1,POWER,3.55
1765727256357,CH1,POWER,3.55
1765727256362,CH1,POWER,3.55
1765727256366,CH1,POWER,3.55
1765727256374,CH1,POWER,3.55
1765727256379,CH1,POWER,3.55
1765727256383,CH1,POWER,3.55
1765727256387,CH1,POWER,3.55
1765727256393,CH1,POWER,3.55
1765727256397,CH1,POWER,3.55
1765727256402,CH1,POWER,3.55
1765727256406,CH1,POWER,3.55
1765727256410,CH1,POWER,3.55
1765727256416,CH1,POWER,3.55
1765727256421,CH1,POWER,3.55
1765727256425,CH1,POWER,3.55
1765727256432,CH1,POWER,3.55
1765727256437,CH1,POWER,3.55
1765727256442,CH1,POWER,3.55
1765727256445,CH1,POWER,3.65
1765727256448,CH1,POWER,3.65
1765727256450,CH1,POWER,3.65
1765727256478,CH1,POWER,3.65
1765727256483,CH1,POWER,3.65
1765727256487,CH1,POWER,3.65
1765727256491,CH1,POWER,3.65
1765727256496,CH1,POWER,3.65
1765727256500,CH1,POWER,3.65
1765727256509,CH1,POWER,3.65
1765727256514,CH1,POWER,3.65
1765727256518,CH1,POWER,3.65
1765727256522,CH1,POWER,3.65
1765727256529,CH1,POWER,3.65
1765727256534,CH1,POWER,3.65
1765727256538,CH1,POWER,3.65
1765727256544,CH1,POWER,3.65
1765727256548,CH1,POWER,3.65
1765727256556,CH1,POWER,3.65
1765727256560,CH1,POWER,3.65
1765727256566,CH1,POWER,3.65
1765727256570,CH1,POWER,3.65
1765727256576,CH1,POWER,3.65
1765727256581,CH1,POWER,3.65
1765727256587,CH1,POWER,3.65
1765727256594,CH1,POWER,3.65
1765727256598,CH1,POWER,3.65
1765727256606,CH1,POWER,3.65
1765727256612,CH1,POWER,3.65
1765727256617,CH1,POWER,3.65
1765727256622,CH1,POWER,3.65
1765727256628,CH1,POWER,3.65
1765727256633,CH1,POWER,3.65
1765727256637,CH1,POWER,3.65
1765727256644,CH1,POWER,3.65
1765727256648,CH1,POWER,3.65
1765727256652,CH1,POWER,3.65
1765727256657,CH1,POWER,3.65
1765727256664,CH1,POWER,3.65
1765727256668,CH1,POWER,3.65
1765727256672,CH1,POWER,3.65
1765727256678,CH1,POWER,3.65
1765727256682,CH1,POWER,3.65
1765727256689,CH1,POWER,3.65
1765727256694,CH1,POWER,3.65
1765727256699,CH1,POWER,3.65
1765727256704,CH1,POWER,3.65
1765727256708,CH1,POWER,3.65
1765727256714,CH1,POWER,3.65
1765727256718,CH1,POWER,3.65
1765727256722,CH1,POWER,3.65
1765727256728,CH1,POWER,3.65
1765727256732,CH1,POWER,3.65
1765727256739,CH1,POWER,3.65
1765727256744,CH1,POWER,3.65
1765727256748,CH1,POWER,3.65
1765727256754,CH1,POWER,3.65
1765727256759,CH1,POWER,3.65
1765727256764,CH1,POWER,3.65
1765727256768,CH1,POWER,3.65
1765727256772,CH1,POWER,3.65
1765727256777,CH1,POWER,3.65
1765727256784,CH1,POWER,3.65
1765727256789,CH1,POWER,3.65
1765727256794,CH1,POWER,3.65
1765727256798,CH1,POWER,3.65
1765727256807,CH1,POWER,3.65
1765727256811,CH1,POWER,3.65
1765727256818,CH1,POWER,3.65
1765727256824,CH1,POWER,3.65
1765727256828,CH1,POWER,3.65
1765727256834,CH1,POWER,3.65
1765727256838,CH1,POWER,3.65
1765727256843,CH1,POWER,3.65
1765727256871,CH1,POWER,3.70
1765727256876,CH1,POWER,3.70
1765727256880,CH1,POWER,3.70
1765727256888,CH1,POWER,3.70
1765727256894,CH1,POWER,3.70
1765727256900,CH1,POWER,3.70
1765727256905,CH1,POWER,3.70
1765727256909,CH1,POWER,3.70
1765727256916,CH1,POWER,3.70
1765727256920,CH1,POWER,3.70
1765727256928,CH1,POWER,3.70
1765727256933,CH1,POWER,3.70
1765727256940,CH1,POWER,3.70
1765727256946,CH1,POWER,3.70
1765727256950,CH1,POWER,3.70
1765727256956,CH1,POWER,3.70
1765727256961,CH1,POWER,3.70
1765727256966,CH1,POWER,3.70
1765727256970,CH1,POWER,3.70
1765727256978,CH1,POWER,3.70
1765727256983,CH1,POWER,3.70
1765727256989,CH1,POWER,3.70
1765727256994,CH1,POWER,3.70
1765727257000,CH1,POWER,3.70
1765727257004,CH1,POWER,3.70
1765727257010,CH1,POWER,3.70
1765727257015,CH1,POWER,3.70
1765727257019,CH1,POWER,3.70
1765727257026,CH1,POWER,3.70
1765727257030,CH1,POWER,3.70
1765727257036,CH1,POWER,3.70
1765727257040,CH1,POWER,3.70
1765727257044,CH1,POWER,3.70
1765727257049,CH1,POWER,3.70
1765727257056,CH1,POWER,3.70
1765727257060,CH1,POWER,3.70
1765727257065,CH1,POWER,3.70
1765727257069,CH1,POWER,3.70
1765727257076,CH1,POWER,3.70
1765727257080,CH1,POWER,3.70
1765727257086,CH1,POWER,3.70
1765727257090,CH1,POWER,3.70
1765727257094,CH1,POWER,3.70
1765727257100,CH1,POWER,3.70
1765727257106,CH1,POWER,3.70
1765727257110,CH1,POWER,3.70
1765727257114,CH1,POWER,3.70
1765727257119,CH1,POWER,3.70
1765727257126,CH1,POWER,3.70
1765727257130,CH1,POWER,3.70
1765727257134,CH1,POWER,3.70
1765727257140,CH1,POWER,3.70
1765727257144,CH1,POWER,3.70
1765727257149,CH1,POWER,3.70
1765727257153,CH1,POWER,3.70
1765727257159,CH1,POWER,3.70
1765727257163,CH1,POWER,3.70
1765727257167,CH1,POWER,3.70
1765727257171,CH1,POWER,3.70
1765727257177,CH1,POWER,3.70
1765727257181,CH1,POWER,3.70
1765727257186,CH1,POWER,3.70
1765727257190,CH1,POWER,3.70
1765727257196,CH1,POWER,3.70
1765727257201,CH1,POWER,3.70
1765727257206,CH1,POWER,3.70
1765727257210,CH1,POWER,3.70
1765727257214,CH1,POWER,3.70
1765727257221,CH1,POWER,3.70
1765727257226,CH1,POWER,3.70
1765727257230,CH1,POWER,3.70
1765727257233,CH1,POWER,3.60
1765727257235,CH1,POWER,3.60
1765727257262,CH1,POWER,3.60
1765727257271,CH1,POWER,3.60
1765727257275,CH1,POWER,3.60
1765727257280,CH1,POWER,3.60
1765727257284,CH1,POWER,3.60
1765727257290,CH1,POWER,3.60
1765727257295,CH1,POWER,3.60
1765727257302,CH1,POWER,3.60
1765727257306,CH1,POWER,3.60
1765727257311,CH1,POWER,3.60
1765727257318,CH1,POWER,3.60
1765727257322,CH1,POWER,3.60
1765727257330,CH1,POWER,3.60
1765727257337,CH1,POWER,3.60
1765727257341,CH1,POWER,3.60
1765727257348,CH1,POWER,3.60
1765727257352,CH1,POWER,3.60
1765727257356,CH1,POWER,3.60
1765727257362,CH1,POWER,3.60
1765727257366,CH1,POWER,3.60
1765727257372,CH1,POWER,3.60
1765727257378,CH1,POWER,3.60
1765727257382,CH1,POWER,3.60
1765727257388,CH1,POWER,3.60
1765727257392,CH1,POWER,3.60
1765727257398,CH1,POWER,3.60
1765727257402,CH1,POWER,3.60
1765727257406,CH1,POWER,3.60
1765727257412,CH1,POWER,3.60
1765727257416,CH1,POWER,3.60
1765727257422,CH1,POWER,3.60
1765727257426,CH1,POWER,3.60
1765727257431,CH1,POWER,3.60
1765727257437,CH1,POWER,3.60
1765727257441,CH1,POWER,3.60
1765727257445,CH1,POWER,3.60
1765727257452,CH1,POWER,3.60
1765727257458,CH1,POWER,3.60
1765727257462,CH1,POWER,3.60
1765727257470,CH1,POWER,3.60
1765727257476,CH1,POWER,3.60
1765727257481,CH1,POWER,3.60
1765727257488,CH1,POWER,3.60
1765727257492,CH1,POWER,3.60
1765727257500,CH1,POWER,3.60
1765727257505,CH1,POWER,3.60
1765727257511,CH1,POWER,3.60
1765727257516,CH1,POWER,3.60
1765727257522,CH1,POWER,3.60
1765727257528,CH1,POWER,3.60
1765727257532,CH1,POWER,3.60
1765727257538,CH1,POWER,3.60
1765727257542,CH1,POWER,3.60
1765727257548,CH1,POWER,3.60
1765727257552,CH1,POWER,3.60
1765727257556,CH1,POWER,3.60
1765727257562,CH1,POWER,3.60
1765727257566,CH1,POWER,3.60
1765727257572,CH1,POWER,3.60
1765727257578,CH1,POWER,3.60
1765727257582,CH1,POWER,3.60
1765727257588,CH1,POWER,3.60
1765727257593,CH1,POWER,3.60
1765727257600,CH1,POWER,3.60
1765727257604,CH1,POWER,3.60
1765727257610,CH1,POWER,3.60
1765727257614,CH1,POWER,3.60
1765727257619,CH1,POWER,3.60
1765727257624,CH1,POWER,3.60
1765727257626,CH1,POWER,3.35
1765727257654,CH1,POWER,3.35
1765727257660,CH1,POWER,3.35
1765727257664,CH1,POWER,3.35
1765727257670,CH1,POWER,3.35
1765727257674,CH1,POWER,3.35
1765727257678,CH1,POWER,3.35
1765727257684,CH1,POWER,3.35
1765727257690,CH1,POWER,3.35
1765727257694,CH1,POWER,3.35
1765727257700,CH1,POWER,3.35
1765727257704,CH1,POWER,3.35
1765727257710,CH1,POWER,3.35
1765727257714,CH1,POWER,3.35
1765727257718,CH1,POWER,3.35
1765727257724,CH1,POWER,3.35
1765727257730,CH1,POWER,3.35
1765727257734,CH1,POWER,3.35
1765727257738,CH1,POWER,3.35
1765727257744,CH1,POWER,3.35
1765727257748,CH1,POWER,3.35
1765727257753,CH1,POWER,3.35
1765727257760,CH1,POWER,3.35
1765727257764,CH1,POWER,3.35
1765727257768,CH1,POWER,3.35
1765727257773,CH1,POWER,3.35
1765727257778,CH1,POWER,3.35
1765727257784,CH1,POWER,3.35
1765727257788,CH1,POWER,3.35
1765727257793,CH1,POWER,3.35
1765727257800,CH1,POWER,3.35
1765727257804,CH1,POWER,3.35
1765727257810,CH1,POWER,3.35
1765727257814,CH1,POWER,3.35
1765727257822,CH1,POWER,3.35
1765727257827,CH1,POWER,3.35
1765727257834,CH1,POWER,3.35
1765727257840,CH1,POWER,3.35
1765727257844,CH1,POWER,3.35
1765727257850,CH1,POWER,3.35
1765727257854,CH1,POWER,3.35
1765727257858,CH1,POWER,3.35
1765727257864,CH1,POWER,3.35
1765727257870,CH1,POWER,3.35
1765727257874,CH1,POWER,3.35
1765727257878,CH1,POWER,3.35
1765727257884,CH1,POWER,3.35
1765727257890,CH1,POWER,3.35
1765727257894,CH1,POWER,3.35
1765727257898,CH1,POWER,3.35
1765727257904,CH1,POWER,3.35
1765727257910,CH1,POWER,3.35
1765727257914,CH1,POWER,3.35
1765727257918,CH1,POWER,3.35
1765727257924,CH1,POWER,3.35
1765727257930,CH1,POWER,3.35
1765727257934,CH1,POWER,3.35
1765727257940,CH1,POWER,3.35
1765727257944,CH1,POWER,3.35
1765727257952,CH1,POWER,3.35
1765727257957,CH1,POWER,3.35
1765727257964,CH1,POWER,3.35
1765727257970,CH1,POWER,3.35
1765727257974,CH1,POWER,3.35
1765727257980,CH1,POWER,3.35
1765727257984,CH1,POWER,3.35
1765727257990,CH1,POWER,3.35
1765727257994,CH1,POWER,3.35
1765727257998,CH1,POWER,3.35
1765727258003,CH1,POWER,3.35
1765727258007,CH1,POWER,3.35
1765727258013,CH1,POWER,3.35
1765727258017,CH1,POWER,3.60
1765727258019,CH1,POWER,3.60
1765727258046,CH1,POWER,3.60
1765727258052,CH1,POWER,3.60
1765727258056,CH1,POWER,3.60
1765727258060,CH1,POWER,3.60
1765727258066,CH1,POWER,3.60
1765727258072,CH1,POWER,3.60
1765727258076,CH1,POWER,3.60
1765727258082,CH1,POWER,3.60
1765727258086,CH1,POWER,3.60
1765727258092,CH1,POWER,3.60
1765727258096,CH1,POWER,3.60
1765727258100,CH1,POWER,3.60
1765727258106,CH1,POWER,3.60
1765727258112,CH1,POWER,3.60
1765727258116,CH1,POWER,3.60
1765727258120,CH1,POWER,3.60
1765727258126,CH1,POWER,3.60
1765727258132,CH1,POWER,3.60
1765727258136,CH1,POWER,3.60
1765727258140,CH1,POWER,3.60
1765727258146,CH1,POWER,3.60
1765727258150,CH1,POWER,3.60
1765727258156,CH1,POWER,3.60
1765727258160,CH1,POWER,3.60
1765727258166,CH1,POWER,3.60
1765727258170,CH1,POWER,3.60
1765727258176,CH1,POWER,3.60
1765727258180,CH1,POWER,3.60
1765727258186,CH1,POWER,3.60
1765727258190,CH1,POWER,3.60
1765727258196,CH1,POWER,3.60
1765727258200,CH1,POWER,3.60
1765727258206,CH1,POWER,3.60
1765727258210,CH1,POWER,3.60
1765727258216,CH1,POWER,3.60
1765727258220,CH1,POWER,3.60
1765727258226,CH1,POWER,3.60
1765727258230,CH1,POWER,3.60
1765727258236,CH1,POWER,3.60
1765727258244,CH1,POWER,3.60
1765727258248,CH1,POWER,3.60
1765727258253,CH1,POWER,3.60
1765727258259,CH1,POWER,3.60
1765727258265,CH1,POWER,3.60
1765727258270,CH1,POWER,3.60
1765727258276,CH1,POWER,3.60
1765727258282,CH1,POWER,3.60
1765727258286,CH1,POWER,3.60
1765727258292,CH1,POWER,3.60
1765727258296,CH1,POWER,3.60
1765727258300,CH1,POWER,3.60
1765727258305,CH1,POWER,3.60
1765727258312,CH1,POWER,3.60
1765727258316,CH1,POWER,3.60
1765727258320,CH1,POWER,3.60
1765727258326,CH1,POWER,3.60
1765727258330,CH1,POWER,3.60
1765727258336,CH1,POWER,3.60
1765727258342,CH1,POWER,3.60
1765727258346,CH1,POWER,3.60
1765727258350,CH1,POWER,3.60
1765727258356,CH1,POWER,3.60
1765727258360,CH1,POWER,3.60
1765727258366,CH1,POWER,3.60
1765727258372,CH1,POWER,3.60
1765727258376,CH1,POWER,3.60
1765727258380,CH1,POWER,3.60
1765727258386,CH1,POWER,3.60
1765727258392,CH1,POWER,3.60
1765727258396,CH1,POWER,3.60
1765727258400,CH1,POWER,3.60
1765727258404,CH1,POWER,3.65
1765727258406,CH1,POWER,3.65
1765727258409,CH1,POWER,3.65
1765727258435,CH1,POWER,3.65
1765727258440,CH1,POWER,3.65
1765727258445,CH1,POWER,3.65
1765727258449,CH1,POWER,3.65
1765727258454,CH1,POWER,3.65
1765727258458,CH1,POWER,3.65
1765727258462,CH1,POWER,3.65
1765727258468,CH1,POWER,3.65
1765727258474,CH1,POWER,3.65
1765727258478,CH1,POWER,3.65
1765727258484,CH1,POWER,3.65
1765727258488,CH1,POWER,3.65
1765727258496,CH1,POWER,3.65
1765727258500,CH1,POWER,3.65
1765727258506,CH1,POWER,3.65
1765727258511,CH1,POWER,3.65
1765727258515,CH1,POWER,3.65
1765727258520,CH1,POWER,3.65
1765727258526,CH1,POWER,3.65
1765727258530,CH1,POWER,3.65
1765727258535,CH1,POWER,3.65
1765727258539,CH1,POWER,3.65
1765727258544,CH1,POWER,3.65
1765727258548,CH1,POWER,3.65
1765727258552,CH1,POWER,3.65
1765727258557,CH1,POWER,3.65
1765727258562,CH1,POWER,3.65
1765727258568,CH1,POWER,3.65
1765727258574,CH1,POWER,3.65
1765727258578,CH1,POWER,3.65
1765727258586,CH1,POWER,3.65
1765727258591,CH1,POWER,3.65
1765727258595,CH1,POWER,3.65
1765727258600,CH1,POWER,3.65
1765727258606,CH1,POWER,3.65
1765727258612,CH1,POWER,3.65
1765727258617,CH1,POWER,3.65
1765727258621,CH1,POWER,3.65
1765727258625,CH1,POWER,3.65
1765727258629,CH1,POWER,3.65
1765727258634,CH1,POWER,3.65
1765727258638,CH1,POWER,3.65
1765727258644,CH1,POWER,3.65
1765727258648,CH1,POWER,3.65
1765727258654,CH1,POWER,3.65
1765727258658,CH1,POWER,3.65
1765727258662,CH1,POWER,3.65
1765727258668,CH1,POWER,3.65
1765727258674,CH1,POWER,3.65
1765727258678,CH1,POWER,3.65
1765727258682,CH1,POWER,3.65
1765727258688,CH1,POWER,3.65
1765727258694,CH1,POWER,3.65
1765727258698,CH1,POWER,3.65
1765727258702,CH1,POWER,3.65
1765727258708,CH1,POWER,3.65
1765727258714,CH1,POWER,3.65
1765727258718,CH1,POWER,3.65
1765727258724,CH1,POWER,3.65
1765727258728,CH1,POWER,3.65
1765727258732,CH1,POWER,3.65
1765727258738,CH1,POWER,3.65
1765727258742,CH1,POWER,3.65
1765727258748,CH1,POWER,3.65
1765727258754,CH1,POWER,3.65
1765727258758,CH1,POWER,3.65
1765727258764,CH1,POWER,3.65
1765727258768,CH1,POWER,3.65
1765727258772,CH1,POWER,3.65
1765727258778,CH1,POWER,3.65
1765727258784,CH1,POWER,3.65
1765727258788,CH1,POWER,3.65
1765727258792,CH1,POWER,3.65
1765727258797,CH1,POWER,3.65
1765727258800,CH1,POWER,3.50
1765727258803,CH1,POWER,3.50
1765727258830,CH1,POWER,3.50
1765727258836,CH1,POWER,3.50
1765727258840,CH1,POWER,3.50
1765727258844,CH1,POWER,3.50
1765727258849,CH1,POWER,3.50
1765727258853,CH1,POWER,3.50
1765727258857,CH1,POWER,3.50
1765727258861,CH1,POWER,3.50
1765727258866,CH1,POWER,3.50
1765727258870,CH1,POWER,3.50
1765727258876,CH1,POWER,3.50
1765727258880,CH1,POWER,3.50
1765727258886,CH1,POWER,3.50
1765727258890,CH1,POWER,3.50
1765727258894,CH1,POWER,3.50
1765727258900,CH1,POWER,3.50
1765727258906,CH1,POWER,3.50
1765727258910,CH1,POWER,3.50
1765727258916,CH1,POWER,3.50
1765727258920,CH1,POWER,3.50
1765727258926,CH1,POWER,3.50
1765727258930,CH1,POWER,3.50
1765727258936,CH1,POWER,3.50
1765727258940,CH1,POWER,3.50
1765727258944,CH1,POWER,3.50
1765727258950,CH1,POWER,3.50
1765727258956,CH1,POWER,3.50
1765727258960,CH1,POWER,3.50
1765727258966,CH1,POWER,3.50
1765727258970,CH1,POWER,3.50
1765727258974,CH1,POWER,3.50
1765727258980,CH1,POWER,3.50
1765727258984,CH1,POWER,3.50
1765727258990,CH1,POWER,3.50
1765727258996,CH1,POWER,3.50
1765727259000,CH1,POWER,3.50
1765727259006,CH1,POWER,3.50
1765727259010,CH1,POWER,3.50
1765727259014,CH1,POWER,3.50
1765727259020,CH1,POWER,3.50
1765727259026,CH1,POWER,3.50
1765727259030,CH1,POWER,3.50
1765727259034,CH1,POWER,3.50
1765727259040,CH1,POWER,3.50
1765727259046,CH1,POWER,3.50
1765727259050,CH1,POWER,3.50
1765727259056,CH1,POWER,3.50
1765727259060,CH1,POWER,3.50
1765727259066,CH1,POWER,3.50
1765727259070,CH1,POWER,3.50
1765727259074,CH1,POWER,3.50
1765727259080,CH1,POWER,3.50
1765727259084,CH1,POWER,3.50
1765727259090,CH1,POWER,3.50
1765727259096,CH1,POWER,3.50
1765727259100,CH1,POWER,3.50
1765727259104,CH1,POWER,3.50
1765727259110,CH1,POWER,3.50
1765727259116,CH1,POWER,3.50
1765727259120,CH1,POWER,3.50
1765727259124,CH1,POWER,3.50
1765727259130,CH1,POWER,3.50
1765727259134,CH1,POWER,3.50
1765727259140,CH1,POWER,3.50
1765727259146,CH1,POWER,3.50
1765727259150,CH1,POWER,3.50
1765727259154,CH1,POWER,3.50
1765727259160,CH1,POWER,3.50
1765727259166,CH1,POWER,3.50
1765727259170,CH1,POWER,3.50
1765727259174,CH1,POWER,3.50
1765727259180,CH1,POWER,3.50
1765727259186,CH1,POWER,3.50
1765727259190,CH1,POWER,3.50
1765727259194,CH1,POWER,3.35
1765727259221,CH1,POWER,3.35
1765727259226,CH1,POWER,3.35
1765727259231,CH1,POWER,3.35
1765727259235,CH1,POWER,3.35
1765727259239,CH1,POWER,3.35
1765727259243,CH1,POWER,3.35
1765727259248,CH1,POWER,3.35
1765727259252,CH1,POWER,3.35
1765727259256,CH1,POWER,3.35
1765727259262,CH1,POWER,3.35
1765727259268,CH1,POWER,3.35
1765727259272,CH1,POWER,3.35
1765727259276,CH1,POWER,3.35
1765727259282,CH1,POWER,3.35
1765727259288,CH1,POWER,3.35
1765727259292,CH1,POWER,3.35
1765727259298,CH1,POWER,3.35
1765727259302,CH1,POWER,3.35
1765727259306,CH1,POWER,3.35
1765727259312,CH1,POWER,3.35
1765727259316,CH1,POWER,3.35
1765727259322,CH1,POWER,3.35
1765727259326,CH1,POWER,3.35
1765727259332,CH1,POWER,3.35
1765727259338,CH1,POWER,3.35
1765727259342,CH1,POWER,3.35
1765727259346,CH1,POWER,3.35
1765727259352,CH1,POWER,3.35
1765727259358,CH1,POWER,3.35
1765727259362,CH1,POWER,3.35
1765727259366,CH1,POWER,3.35
1765727259372,CH1,POWER,3.35
1765727259376,CH1,POWER,3.35
1765727259382,CH1,POWER,3.35
1765727259388,CH1,POWER,3.35
1765727259392,CH1,POWER,3.35
1765727259396,CH1,POWER,3.35
1765727259402,CH1,POWER,3.35
1765727259408,CH1,POWER,3.35
1765727259412,CH1,POWER,3.35
1765727259418,CH1,POWER,3.35
1765727259422,CH1,POWER,3.35
1765727259428,CH1,POWER,3.35
1765727259432,CH1,POWER,3.35
1765727259436,CH1,POWER,3.35
1765727259441,CH1,POWER,3.35
1765727259446,CH1,POWER,3.35
1765727259451,CH1,POWER,3.35
1765727259456,CH1,POWER,3.35
1765727259461,CH1,POWER,3.35
1765727259465,CH1,POWER,3.35
1765727259469,CH1,POWER,3.35
1765727259474,CH1,POWER,3.35
1765727259480,CH1,POWER,3.35
1765727259485,CH1,POWER,3.35
1765727259492,CH1,POWER,3.35
1765727259498,CH1,POWER,3.35
1765727259502,CH1,POWER,3.35
1765727259506,CH1,POWER,3.35
1765727259512,CH1,POWER,3.35
1765727259520,CH1,POWER,3.35
1765727259524,CH1,POWER,3.35
1765727259529,CH1,POWER,3.35
1765727259533,CH1,POWER,3.35
1765727259538,CH1,POWER,3.35
1765727259542,CH1,POWER,3.35
1765727259550,CH1,POWER,3.35
1765727259555,CH1,POWER,3.35
1765727259562,CH1,POWER,3.35
1765727259566,CH1,POWER,3.35
1765727259571,CH1,POWER,3.35
1765727259575,CH1,POWER,3.35
1765727259579,CH1,POWER,3.35
1765727259584,CH1,POWER,3.35
1765727259589,CH1,POWER,3.35
1765727259592,CH1,POWER,3.55
1765727259595,CH1,POWER,3.55
1765727259621,CH1,POWER,3.55
1765727259626,CH1,POWER,3.55
1765727259631,CH1,POWER,3.55
1765727259635,CH1,POWER,3.55
1765727259641,CH1,POWER,3.55
1765727259646,CH1,POWER,3.55
1765727259652,CH1,POWER,3.55
1765727259657,CH1,POWER,3.55
1765727259661,CH1,POWER,3.55
1765727259666,CH1,POWER,3.55
1765727259672,CH1,POWER,3.55
1765727259677,CH1,POWER,3.55
1765727259684,CH1,POWER,3.55
1765727259690,CH1,POWER,3.55
1765727259694,CH1,POWER,3.55
1765727259698,CH1,POWER,3.55
1765727259704,CH1,POWER,3.55
1765727259710,CH1,POWER,3.55
1765727259714,CH1,POWER,3.55
1765727259720,CH1,POWER,3.55
1765727259724,CH1,POWER,3.55
1765727259730,CH1,POWER,3.55
1765727259734,CH1,POWER,3.55
1765727259740,CH1,POWER,3.55
1765727259744,CH1,POWER,3.55
1765727259750,CH1,POWER,3.55
1765727259754,CH1,POWER,3.55
1765727259758,CH1,POWER,3.55
1765727259764,CH1,POWER,3.55
1765727259768,CH1,POWER,3.55
1765727259773,CH1,POWER,3.55
1765727259777,CH1,POWER,3.55
1765727259783,CH1,POWER,3.55
1765727259788,CH1,POWER,3.55
1765727259793,CH1,POWER,3.55
1765727259797,CH1,POWER,3.55
1765727259801,CH1,POWER,3.55
1765727259807,CH1,POWER,3.55
1765727259814,CH1,POWER,3.55
1765727259818,CH1,POWER,3.55
1765727259824,CH1,POWER,3.55
1765727259832,CH1,POWER,3.55
1765727259837,CH1,POWER,3.55
1765727259844,CH1,POWER,3.55
1765727259848,CH1,POWER,3.55
1765727259853,CH1,POWER,3.55
1765727259857,CH1,POWER,3.55
1765727259861,CH1,POWER,3.55
1765727259866,CH1,POWER,3.55
1765727259872,CH1,POWER,3.55
1765727259877,CH1,POWER,3.55
1765727259881,CH1,POWER,3.55
1765727259885,CH1,POWER,3.55
1765727259892,CH1,POWER,3.55
1765727259898,CH1,POWER,3.55
1765727259904,CH1,POWER,3.55
1765727259910,CH1,POWER,3.55
1765727259914,CH1,POWER,3.55
1765727259918,CH1,POWER,3.55
1765727259924,CH1,POWER,3.55
1765727259932,CH1,POWER,3.55
1765727259937,CH1,POWER,3.55
1765727259941,CH1,POWER,3.55
1765727259947,CH1,POWER,3.55
1765727259951,CH1,POWER,3.55
1765727259956,CH1,POWER,3.55
1765727259961,CH1,POWER,3.55
1765727259966,CH1,POWER,3.55
1765727259974,CH1,POWER,3.55
1765727259980,CH1,POWER,3.55
1765727259983,CH1,POWER,3.65
1765727259986,CH1,POWER,3.65
1765727259988,CH1,POWER,3.65
1765727260016,CH1,POWER,3.65
1765727260022,CH1,POWER,3.65
1765727260026,CH1,POWER,3.65
1765727260030,CH1,POWER,3.65
1765727260035,CH1,POWER,3.65
1765727260040,CH1,POWER,3.65
1765727260046,CH1,POWER,3.65
1765727260052,CH1,POWER,3.65
1765727260056,CH1,POWER,3.65
1765727260060,CH1,POWER,3.65
1765727260066,CH1,POWER,3.65
1765727260072,CH1,POWER,3.65
1765727260076,CH1,POWER,3.65
1765727260082,CH1,POWER,3.65
1765727260086,CH1,POWER,3.65
1765727260090,CH1,POWER,3.65
1765727260096,CH1,POWER,3.65
1765727260101,CH1,POWER,3.65
1765727260106,CH1,POWER,3.65
1765727260110,CH1,POWER,3.65
1765727260116,CH1,POWER,3.65
1765727260122,CH1,POWER,3.65
1765727260126,CH1,POWER,3.65
1765727260132,CH1,POWER,3.65
1765727260136,CH1,POWER,3.65
1765727260140,CH1,POWER,3.65
1765727260146,CH1,POWER,3.65
1765727260151,CH1,POWER,3.65
1765727260156,CH1,POWER,3.65
1765727260160,CH1,POWER,3.65
1765727260166,CH1,POWER,3.65
1765727260172,CH1,POWER,3.65
1765727260176,CH1,POWER,3.65
1765727260180,CH1,POWER,3.65
1765727260186,CH1,POWER,3.65
1765727260192,CH1,POWER,3.65
1765727260196,CH1,POWER,3.65
1765727260200,CH1,POWER,3.65
1765727260206,CH1,POWER,3.65
1765727260212,CH1,POWER,3.65
1765727260216,CH1,POWER,3.65
1765727260222,CH1,POWER,3.65
1765727260226,CH1,POWER,3.65
1765727260230,CH1,POWER,3.65
1765727260236,CH1,POWER,3.65
1765727260240,CH1,POWER,3.65
1765727260246,CH1,POWER,3.65
1765727260250,CH1,POWER,3.65
1765727260256,CH1,POWER,3.65
1765727260264,CH1,POWER,3.65
1765727260270,CH1,POWER,3.65
1765727260275,CH1,POWER,3.65
1765727260279,CH1,POWER,3.65
1765727260286,CH1,POWER,3.65
1765727260290,CH1,POWER,3.65
1765727260296,CH1,POWER,3.65
1765727260304,CH1,POWER,3.65
1765727260309,CH1,POWER,3.65
1765727260316,CH1,POWER,3.65
1765727260324,CH1,POWER,3.65
1765727260329,CH1,POWER,3.65
1765727260333,CH1,POWER,3.65
1765727260338,CH1,POWER,3.65
1765727260344,CH1,POWER,3.65
1765727260349,CH1,POWER,3.65
1765727260356,CH1,POWER,3.65
1765727260360,CH1,POWER,3.65
1765727260365,CH1,POWER,3.65
1765727260369,CH1,POWER,3.65
1765727260376,CH1,POWER,3.65
1765727260381,CH1,POWER,3.65
1765727260384,CH1,POWER,3.60
1765727260386,CH1,POWER,3.60
1765727260389,CH1,POWER,3.60
1765727260415,CH1,POWER,3.60
1765727260421,CH1,POWER,3.60
1765727260428,CH1,POWER,3.60
1765727260432,CH1,POWER,3.60
1765727260437,CH1,POWER,3.60
1765727260442,CH1,POWER,3.60
1765727260448,CH1,POWER,3.60
1765727260454,CH1,POWER,3.60
1765727260458,CH1,POWER,3.60
1765727260462,CH1,POWER,3.60
1765727260467,CH1,POWER,3.60
1765727260471,CH1,POWER,3.60
1765727260478,CH1,POWER,3.60
1765727260482,CH1,POWER,3.60
1765727260487,CH1,POWER,3.60
1765727260491,CH1,POWER,3.60
1765727260495,CH1,POWER,3.60
1765727260500,CH1,POWER,3.60
1765727260506,CH1,POWER,3.60
1765727260511,CH1,POWER,3.60
1765727260518,CH1,POWER,3.60
1765727260522,CH1,POWER,3.60
1765727260527,CH1,POWER,3.60
1765727260534,CH1,POWER,3.60
1765727260538,CH1,POWER,3.60
1765727260546,CH1,POWER,3.60
1765727260550,CH1,POWER,3.60
1765727260555,CH1,POWER,3.60
1765727260559,CH1,POWER,3.60
1765727260564,CH1,POWER,3.60
1765727260568,CH1,POWER,3.60
1765727260572,CH1,POWER,3.60
1765727260577,CH1,POWER,3.60
1765727260582,CH1,POWER,3.60
1765727260588,CH1,POWER,3.60
1765727260594,CH1,POWER,3.60
1765727260598,CH1,POWER,3.60
1765727260602,CH1,POWER,3.60
1765727260607,CH1,POWER,3.60
1765727260611,CH1,POWER,3.60
1765727260617,CH1,POWER,3.60
1765727260621,CH1,POWER,3.60
1765727260628,CH1,POWER,3.60
1765727260632,CH1,POWER,3.60
1765727260637,CH1,POWER,3.60
1765727260641,CH1,POWER,3.60
1765727260647,CH1,POWER,3.60
1765727260652,CH1,POWER,3.60
1765727260658,CH1,POWER,3.60
1765727260662,CH1,POWER,3.60
1765727260667,CH1,POWER,3.60
1765727260671,CH1,POWER,3.60
1765727260678,CH1,POWER,3.60
1765727260682,CH1,POWER,3.60
1765727260688,CH1,POWER,3.60
1765727260694,CH1,POWER,3.60
1765727260698,CH1,POWER,3.60
1765727260702,CH1,POWER,3.60
1765727260707,CH1,POWER,3.60
1765727260714,CH1,POWER,3.60
1765727260718,CH1,POWER,3.60
1765727260722,CH1,POWER,3.60
1765727260727,CH1,POWER,3.60
1765727260731,CH1,POWER,3.60
1765727260735,CH1,POWER,3.60
1765727260741,CH1,POWER,3.60
1765727260747,CH1,POWER,3.60
1765727260752,CH1,POWER,3.60
1765727260757,CH1,POWER,3.60
1765727260761,CH1,POWER,3.60
1765727260767,CH1,POWER,3.60
1765727260772,CH1,POWER,3.60
1765727260776,CH1,POWER,3.60
1765727260779,CH1,POWER,3.75
1765727260781,CH1,POWER,3.75
1765727260807,CH1,POWER,3.75
1765727260812,CH1,POWER,3.75
1765727260817,CH1,POWER,3.75
1765727260821,CH1,POWER,3.75
1765727260827,CH1,POWER,3.75
1765727260832,CH1,POWER,3.75
1765727260838,CH1,POWER,3.75
1765727260843,CH1,POWER,3.75
1765727260847,CH1,POWER,3.75
1765727260853,CH1,POWER,3.75
1765727260860,CH1,POWER,3.75
1765727260866,CH1,POWER,3.75
1765727260870,CH1,POWER,3.75
1765727260874,CH1,POWER,3.75
1765727260880,CH1,POWER,3.75
1765727260884,CH1,POWER,3.75
1765727260890,CH1,POWER,3.75
1765727260896,CH1,POWER,3.75
1765727260900,CH1,POWER,3.75
1765727260904,CH1,POWER,3.75
1765727260910,CH1,POWER,3.75
1765727260914,CH1,POWER,3.75
1765727260920,CH1,POWER,3.75
1765727260926,CH1,POWER,3.75
1765727260930,CH1,POWER,3.75
1765727260934,CH1,POWER,3.75
1765727260939,CH1,POWER,3.75
1765727260944,CH1,POWER,3.75
1765727260950,CH1,POWER,3.75
1765727260954,CH1,POWER,3.75
1765727260959,CH1,POWER,3.75
1765727260964,CH1,POWER,3.75
1765727260970,CH1,POWER,3.75
1765727260975,CH1,POWER,3.75
1765727260980,CH1,POWER,3.75
1765727260988,CH1,POWER,3.75
1765727260993,CH1,POWER,3.75
1765727261000,CH1,POWER,3.75
1765727261006,CH1,POWER,3.75
1765727261010,CH1,POWER,3.75
1765727261018,CH1,POWER,3.75
1765727261023,CH1,POWER,3.75
1765727261030,CH1,POWER,3.75
1765727261038,CH1,POWER,3.75
1765727261043,CH1,POWER,3.75
1765727261047,CH1,POWER,3.75
1765727261052,CH1,POWER,3.75
1765727261058,CH1,POWER,3.75
1765727261063,CH1,POWER,3.75
1765727261069,CH1,POWER,3.75
1765727261073,CH1,POWER,3.75
1765727261077,CH1,POWER,3.75
1765727261083,CH1,POWER,3.75
1765727261087,CH1,POWER,3.75
1765727261092,CH1,POWER,3.75
1765727261100,CH1,POWER,3.75
1765727261106,CH1,POWER,3.75
1765727261110,CH1,POWER,3.75
1765727261114,CH1,POWER,3.75
1765727261119,CH1,POWER,3.75
1765727261124,CH1,POWER,3.75
1765727261130,CH1,POWER,3.75
1765727261136,CH1,POWER,3.75
1765727261140,CH1,POWER,3.75
1765727261148,CH1,POWER,3.75
1765727261153,CH1,POWER,3.75
1765727261160,CH1,POWER,3.75
1765727261168,CH1,POWER,3.75
1765727261171,CH1,POWER,3.80
1765727261173,CH1,POWER,3.80
1765727261199,CH1,POWER,3.80
1765727261204,CH1,POWER,3.80
1765727261209,CH1,POWER,3.80
1765727261214,CH1,POWER,3.80
1765727261219,CH1,POWER,3.80
1765727261224,CH1,POWER,3.80
1765727261230,CH1,POWER,3.80
1765727261234,CH1,POWER,3.80
1765727261239,CH1,POWER,3.80
1765727261244,CH1,POWER,3.80
1765727261249,CH1,POWER,3.80
1765727261253,CH1,POWER,3.80
1765727261258,CH1,POWER,3.80
1765727261262,CH1,POWER,3.80
1765727261266,CH1,POWER,3.80
1765727261272,CH1,POWER,3.80
1765727261278,CH1,POWER,3.80
1765727261282,CH1,POWER,3.80
1765727261290,CH1,POWER,3.80
1765727261294,CH1,POWER,3.80
1765727261299,CH1,POWER,3.80
1765727261303,CH1,POWER,3.80
1765727261308,CH1,POWER,3.80
1765727261312,CH1,POWER,3.80
1765727261318,CH1,POWER,3.80
1765727261322,CH1,POWER,3.80
1765727261327,CH1,POWER,3.80
1765727261332,CH1,POWER,3.80
1765727261336,CH1,POWER,3.80
1765727261342,CH1,POWER,3.80
1765727261348,CH1,POWER,3.80
1765727261352,CH1,POWER,3.80
1765727261358,CH1,POWER,3.80
1765727261362,CH1,POWER,3.80
1765727261367,CH1,POWER,3.80
1765727261372,CH1,POWER,3.80
1765727261376,CH1,POWER,3.80
1765727261381,CH1,POWER,3.80
1765727261385,CH1,POWER,3.80
1765727261389,CH1,POWER,3.80
1765727261395,CH1,POWER,3.80
1765727261399,CH1,POWER,3.80
1765727261403,CH1,POWER,3.80
1765727261409,CH1,POWER,3.80
1765727261414,CH1,POWER,3.80
1765727261420,CH1,POWER,3.80
1765727261424,CH1,POWER,3.80
1765727261429,CH1,POWER,3.80
1765727261434,CH1,POWER,3.80
1765727261442,CH1,POWER,3.80
1765727261448,CH1,POWER,3.80
1765727261452,CH1,POWER,3.80
1765727261457,CH1,POWER,3.80
1765727261462,CH1,POWER,3.80
1765727261466,CH1,POWER,3.80
1765727261471,CH1,POWER,3.80
1765727261475,CH1,POWER,3.80
1765727261482,CH1,POWER,3.80
1765727261487,CH1,POWER,3.80
1765727261492,CH1,POWER,3.80
1765727261497,CH1,POWER,3.80
1765727261502,CH1,POWER,3.80
1765727261510,CH1,POWER,3.80
1765727261516,CH1,POWER,3.80
1765727261521,CH1,POWER,3.80
1765727261528,CH1,POWER,3.80
1765727261532,CH1,POWER,3.80
1765727261536,CH1,POWER,3.80
1765727261542,CH1,POWER,3.80
1765727261548,CH1,POWER,3.80
1765727261552,CH1,POWER,3.80
1765727261556,CH1,POWER,3.80
1765727261562,CH1,POWER,3.80
1765727261566,CH1,POWER,3.80
1765727261570,CH1,POWER,3.75
1765727261572,CH1,POWER,3.75
1765727261575,CH1,POWER,3.75
1765727261601,CH1,POWER,3.75
1765727261606,CH1,POWER,3.75
1765727261612,CH1,POWER,3.75
1765727261616,CH1,POWER,3.75
1765727261621,CH1,POWER,3.75
1765727261626,CH1,POWER,3.75
1765727261634,CH1,POWER,3.75
1765727261640,CH1,POWER,3.75
1765727261644,CH1,POWER,3.75
1765727261652,CH1,POWER,3.75
1765727261656,CH1,POWER,3.75
1765727261661,CH1,POWER,3.75
1765727261665,CH1,POWER,3.75
1765727261672,CH1,POWER,3.75
1765727261677,CH1,POWER,3.75
1765727261683,CH1,POWER,3.75
1765727261688,CH1,POWER,3.75
1765727261694,CH1,POWER,3.75
1765727261700,CH1,POWER,3.75
1765727261704,CH1,POWER,3.75
1765727261712,CH1,POWER,3.75
1765727261717,CH1,POWER,3.75
1765727261724,CH1,POWER,3.75
1765727261728,CH1,POWER,3.75
1765727261733,CH1,POWER,3.75
1765727261738,CH1,POWER,3.75
1765727261744,CH1,POWER,3.75
1765727261750,CH1,POWER,3.75
1765727261754,CH1,POWER,3.75
1765727261759,CH1,POWER,3.75
1765727261764,CH1,POWER,3.75
1765727261768,CH1,POWER,3.75
1765727261774,CH1,POWER,3.75
1765727261782,CH1,POWER,3.75
1765727261787,CH1,POWER,3.75
1765727261794,CH1,POWER,3.75
1765727261800,CH1,POWER,3.75
1765727261804,CH1,POWER,3.75
1765727261810,CH1,POWER,3.75
1765727261814,CH1,POWER,3.75
1765727261822,CH1,POWER,3.75
1765727261828,CH1,POWER,3.75
1765727261833,CH1,POWER,3.75
1765727261837,CH1,POWER,3.75
1765727261844,CH1,POWER,3.75
1765727261850,CH1,POWER,3.75
1765727261854,CH1,POWER,3.75
1765727261860,CH1,POWER,3.75
1765727261864,CH1,POWER,3.75
1765727261872,CH1,POWER,3.75
1765727261877,CH1,POWER,3.75
1765727261884,CH1,POWER,3.75
1765727261890,CH1,POWER,3.75
1765727261894,CH1,POWER,3.75
1765727261900,CH1,POWER,3.75
1765727261904,CH1,POWER,3.75
1765727261912,CH1,POWER,3.75
1765727261917,CH1,POWER,3.75
1765727261924,CH1,POWER,3.75
1765727261930,CH1,POWER,3.75
1765727261934,CH1,POWER,3.75
1765727261940,CH1,POWER,3.75
1765727261944,CH1,POWER,3.75
1765727261952,CH1,POWER,3.75
1765727261956,CH1,POWER,3.90
1765727261958,CH1,POWER,3.90
1765727261986,CH1,POWER,3.90
1765727261992,CH1,POWER,3.90
1765727261996,CH1,POWER,3.90
1765727262002,CH1,POWER,3.90
1765727262006,CH1,POWER,3.90
1765727262011,CH1,POWER,3.90
1765727262016,CH1,POWER,3.90
1765727262020,CH1,POWER,3.90
1765727262025,CH1,POWER,3.90
1765727262029,CH1,POWER,3.90
1765727262033,CH1,POWER,3.90
1765727262038,CH1,POWER,3.90
1765727262043,CH1,POWER,3.90
1765727262049,CH1,POWER,3.90
1765727262056,CH1,POWER,3.90
1765727262060,CH1,POWER,3.90
1765727262065,CH1,POWER,3.90
1765727262070,CH1,POWER,3.90
1765727262075,CH1,POWER,3.90
1765727262080,CH1,POWER,3.90
1765727262086,CH1,POWER,3.90
1765727262090,CH1,POWER,3.90
1765727262095,CH1,POWER,3.90
1765727262099,CH1,POWER,3.90
1765727262103,CH1,POWER,3.90
1765727262108,CH1,POWER,3.90
1765727262114,CH1,POWER,3.90
1765727262119,CH1,POWER,3.90
1765727262123,CH1,POWER,3.90
1765727262128,CH1,POWER,3.90
1765727262136,CH1,POWER,3.90
1765727262142,CH1,POWER,3.90
1765727262146,CH1,POWER,3.90
1765727262151,CH1,POWER,3.90
1765727262156,CH1,POWER,3.90
1765727262164,CH1,POWER,3.90
1765727262169,CH1,POWER,3.90
1765727262176,CH1,POWER,3.90
1765727262182,CH1,POWER,3.90
1765727262186,CH1,POWER,3.90
1765727262192,CH1,POWER,3.90
1765727262196,CH1,POWER,3.90
1765727262204,CH1,POWER,3.90
1765727262208,CH1,POWER,3.90
1765727262213,CH1,POWER,3.90
1765727262217,CH1,POWER,3.90
1765727262223,CH1,POWER,3.90
1765727262227,CH1,POWER,3.90
1765727262233,CH1,POWER,3.90
1765727262238,CH1,POWER,3.90
1765727262243,CH1,POWER,3.90
1765727262247,CH1,POWER,3.90
1765727262252,CH1,POWER,3.90
1765727262256,CH1,POWER,3.90
1765727262260,CH1,POWER,3.90
1765727262265,CH1,POWER,3.90
1765727262270,CH1,POWER,3.90
1765727262275,CH1,POWER,3.90
1765727262279,CH1,POWER,3.90
1765727262283,CH1,POWER,3.90
1765727262289,CH1,POWER,3.90
1765727262296,CH1,POWER,3.90
1765727262302,CH1,POWER,3.90
1765727262306,CH1,POWER,3.90
1765727262311,CH1,POWER,3.90
1765727262316,CH1,POWER,3.90
1765727262320,CH1,POWER,3.90
1765727262325,CH1,POWER,3.90
1765727262329,CH1,POWER,3.90
1765727262336,CH1,POWER,3.90
1765727262365,CH1,POWER,3.85
1765727262370,CH1,POWER,3.85
1765727262375,CH1,POWER,3.85
1765727262380,CH1,POWER,3.85
1765727262385,CH1,POWER,3.85
1765727262390,CH1,POWER,3.85
1765727262395,CH1,POWER,3.85
1765727262401,CH1,POWER,3.85
1765727262408,CH1,POWER,3.85
1765727262414,CH1,POWER,3.85
1765727262418,CH1,POWER,3.85
1765727262426,CH1,POWER,3.85
1765727262431,CH1,POWER,3.85
1765727262438,CH1,POWER,3.85
1765727262444,CH1,POWER,3.85
1765727262448,CH1,POWER,3.85
1765727262453,CH1,POWER,3.85
1765727262458,CH1,POWER,3.85
1765727262463,CH1,POWER,3.85
1765727262468,CH1,POWER,3.85
1765727262474,CH1,POWER,3.85
1765727262478,CH1,POWER,3.85
1765727262486,CH1,POWER,3.85
1765727262490,CH1,POWER,3.85
1765727262495,CH1,POWER,3.85
1765727262499,CH1,POWER,3.85
1765727262505,CH1,POWER,3.85
1765727262510,CH1,POWER,3.85
1765727262518,CH1,POWER,3.85
1765727262524,CH1,POWER,3.85
1765727262528,CH1,POWER,3.85
1765727262536,CH1,POWER,3.85
1765727262542,CH1,POWER,3.85
1765727262547,CH1,POWER,3.85
1765727262551,CH1,POWER,3.85
1765727262558,CH1,POWER,3.85
1765727262564,CH1,POWER,3.85
1765727262568,CH1,POWER,3.85
1765727262573,CH1,POWER,3.85
1765727262578,CH1,POWER,3.85
1765727262583,CH1,POWER,3.85
1765727262588,CH1,POWER,3.85
1765727262592,CH1,POWER,3.85
1765727262597,CH1,POWER,3.85
1765727262602,CH1,POWER,3.85
1765727262607,CH1,POWER,3.85
1765727262612,CH1,POWER,3.85
1765727262618,CH1,POWER,3.85
1765727262622,CH1,POWER,3.85
1765727262627,CH1,POWER,3.85
1765727262631,CH1,POWER,3.85
1765727262638,CH1,POWER,3.85
1765727262643,CH1,POWER,3.85
1765727262648,CH1,POWER,3.85
1765727262652,CH1,POWER,3.85
1765727262657,CH1,POWER,3.85
1765727262662,CH1,POWER,3.85
1765727262667,CH1,POWER,3.85
1765727262671,CH1,POWER,3.85
1765727262675,CH1,POWER,3.85
1765727262679,CH1,POWER,3.85
1765727262686,CH1,POWER,3.85
1765727262691,CH1,POWER,3.85
1765727262698,CH1,POWER,3.85
1765727262704,CH1,POWER,3.85
1765727262708,CH1,POWER,3.85
1765727262716,CH1,POWER,3.85
1765727262721,CH1,POWER,3.85
1765727262747,CH1,POWER,3.70
1765727262752,CH1,POWER,3.70
1765727262758,CH1,POWER,3.70
1765727262763,CH1,POWER,3.70
1765727262770,CH1,POWER,3.70
1765727262778,CH1,POWER,3.70
1765727262783,CH1,POWER,3.70
1765727262787,CH1,POWER,3.70
1765727262792,CH1,POWER,3.70
1765727262798,CH1,POWER,3.70
1765727262803,CH1,POWER,3.70
1765727262807,CH1,POWER,3.70
1765727262812,CH1,POWER,3.70
1765727262820,CH1,POWER,3.70
1765727262825,CH1,POWER,3.70
1765727262830,CH1,POWER,3.70
1765727262835,CH1,POWER,3.70
1765727262840,CH1,POWER,3.70
1765727262848,CH1,POWER,3.70
1765727262853,CH1,POWER,3.70
1765727262860,CH1,POWER,3.70
1765727262865,CH1,POWER,3.70
1765727262870,CH1,POWER,3.70
1765727262876,CH1,POWER,3.70
1765727262880,CH1,POWER,3.70
1765727262888,CH1,POWER,3.70
1765727262893,CH1,POWER,3.70
1765727262900,CH1,POWER,3.70
1765727262906,CH1,POWER,3.70
1765727262910,CH1,POWER,3.70
1765727262918,CH1,POWER,3.70
1765727262923,CH1,POWER,3.70
1765727262930,CH1,POWER,3.70
1765727262936,CH1,POWER,3.70
1765727262940,CH1,POWER,3.70
1765727262948,CH1,POWER,3.70
1765727262953,CH1,POWER,3.70
1765727262960,CH1,POWER,3.70
1765727262965,CH1,POWER,3.70
1765727262970,CH1,POWER,3.70
1765727262974,CH1,POWER,3.70
1765727262980,CH1,POWER,3.70
1765727262985,CH1,POWER,3.70
1765727262990,CH1,POWER,3.70
1765727262995,CH1,POWER,3.70
1765727263000,CH1,POWER,3.70
1765727263005,CH1,POWER,3.70
1765727263010,CH1,POWER,3.70
1765727263014,CH1,POWER,3.70
1765727263019,CH1,POWER,3.70
1765727263023,CH1,POWER,3.70
1765727263030,CH1,POWER,3.70
1765727263035,CH1,POWER,3.70
1765727263040,CH1,POWER,3.70
1765727263044,CH1,POWER,3.70
1765727263050,CH1,POWER,3.70
1765727263058,CH1,POWER,3.70
1765727263063,CH1,POWER,3.70
1765727263070,CH1,POWER,3.70
1765727263075,CH1,POWER,3.70
1765727263080,CH1,POWER,3.70
1765727263088,CH1,POWER,3.70
1765727263093,CH1,POWER,3.70
1765727263100,CH1,POWER,3.70
1765727263103,CH1,POWER,3.30
1765727263129,CH1,POWER,3.30
1765727263134,CH1,POWER,3.30
1765727263139,CH1,POWER,3.30
1765727263143,CH1,POWER,3.30
1765727263150,CH1,POWER,3.30
1765727263155,CH1,POWER,3.30
1765727263162,CH1,POWER,3.30
1765727263168,CH1,POWER,3.30
1765727263172,CH1,POWER,3.30
1765727263176,CH1,POWER,3.30
1765727263182,CH1,POWER,3.30
1765727263190,CH1,POWER,3.30
1765727263195,CH1,POWER,3.30
1765727263199,CH1,POWER,3.30
1765727263203,CH1,POWER,3.30
1765727263210,CH1,POWER,3.30
1765727263215,CH1,POWER,3.30
1765727263222,CH1,POWER,3.30
1765727263230,CH1,POWER,3.30
1765727263235,CH1,POWER,3.30
1765727263242,CH1,POWER,3.30
1765727263247,CH1,POWER,3.30
1765727263252,CH1,POWER,3.30
1765727263257,CH1,POWER,3.30
1765727263262,CH1,POWER,3.30
1765727263266,CH1,POWER,3.30
1765727263272,CH1,POWER,3.30
1765727263276,CH1,POWER,3.30
1765727263281,CH1,POWER,3.30
1765727263285,CH1,POWER,3.30
1765727263289,CH1,POWER,3.30
1765727263295,CH1,POWER,3.30
1765727263302,CH1,POWER,3.30
1765727263307,CH1,POWER,3.30
1765727263312,CH1,POWER,3.30
1765727263317,CH1,POWER,3.30
1765727263322,CH1,POWER,3.30
1765727263326,CH1,POWER,3.30
1765727263332,CH1,POWER,3.30
1765727263336,CH1,POWER,3.30
1765727263342,CH1,POWER,3.30
1765727263347,CH1,POWER,3.30
1765727263352,CH1,POWER,3.30
1765727263357,CH1,POWER,3.30
1765727263362,CH1,POWER,3.30
1765727263366,CH1,POWER,3.30
1765727263372,CH1,POWER,3.30
1765727263376,CH1,POWER,3.30
1765727263381,CH1,POWER,3.30
1765727263386,CH1,POWER,3.30
1765727263391,CH1,POWER,3.30
1765727263396,CH1,POWER,3.30
1765727263402,CH1,POWER,3.30
1765727263408,CH1,POWER,3.30
1765727263412,CH1,POWER,3.30
1765727263416,CH1,POWER,3.30
1765727263421,CH1,POWER,3.30
1765727263425,CH1,POWER,3.30
1765727263432,CH1,POWER,3.30
1765727263440,CH1,POWER,3.30
1765727263445,CH1,POWER,3.30
1765727263449,CH1,POWER,3.30
1765727263454,CH1,POWER,3.30
1765727263460,CH1,POWER,3.30
1765727263464,CH1,POWER,3.30
1765727263472,CH1,POWER,3.30
1765727263477,CH1,POWER,3.30
1765727263482,CH1,POWER,3.30
1765727263486,CH1,POWER,3.30
1765727263492,CH1,POWER,3.30
1765727263496,CH1,POWER,3.65
1765727263523,CH1,POWER,3.65
1765727263528,CH1,POWER,3.65
1765727263534,CH1,POWER,3.65
1765727263539,CH1,POWER,3.65
1765727263544,CH1,POWER,3.65
1765727263548,CH1,POWER,3.65
1765727263554,CH1,POWER,3.65
1765727263560,CH1,POWER,3.65
1765727263564,CH1,POWER,3.65
1765727263572,CH1,POWER,3.65
1765727263577,CH1,POWER,3.65
1765727263583,CH1,POWER,3.65
1765727263587,CH1,POWER,3.65
1765727263593,CH1,POWER,3.65
1765727263597,CH1,POWER,3.65
1765727263604,CH1,POWER,3.65
1765727263609,CH1,POWER,3.65
1765727263614,CH1,POWER,3.65
1765727263619,CH1,POWER,3.65
1765727263624,CH1,POWER,3.65
1765727263628,CH1,POWER,3.65
1765727263634,CH1,POWER,3.65
1765727263638,CH1,POWER,3.65
1765727263644,CH1,POWER,3.65
1765727263649,CH1,POWER,3.65
1765727263654,CH1,POWER,3.65
1765727263662,CH1,POWER,3.65
1765727263666,CH1,POWER,3.65
1765727263671,CH1,POWER,3.65
1765727263675,CH1,POWER,3.65
1765727263682,CH1,POWER,3.65
1765727263687,CH1,POWER,3.65
1765727263694,CH1,POWER,3.65
1765727263699,CH1,POWER,3.65
1765727263704,CH1,POWER,3.65
1765727263712,CH1,POWER,3.65
1765727263717,CH1,POWER,3.65
1765727263724,CH1,POWER,3.65
1765727263729,CH1,POWER,3.65
1765727263734,CH1,POWER,3.65
1765727263739,CH1,POWER,3.65
1765727263744,CH1,POWER,3.65
1765727263749,CH1,POWER,3.65
1765727263754,CH1,POWER,3.65
1765727263760,CH1,POWER,3.65
1765727263766,CH1,POWER,3.65
1765727263774,CH1,POWER,3.65
1765727263778,CH1,POWER,3.65
1765727263784,CH1,POWER,3.65
1765727263792,CH1,POWER,3.65
1765727263797,CH1,POWER,3.65
1765727263804,CH1,POWER,3.65
1765727263809,CH1,POWER,3.65
1765727263814,CH1,POWER,3.65
1765727263819,CH1,POWER,3.65
1765727263824,CH1,POWER,3.65
1765727263828,CH1,POWER,3.65
1765727263834,CH1,POWER,3.65
1765727263839,CH1,POWER,3.65
1765727263844,CH1,POWER,3.65
1765727263852,CH1,POWER,3.65
1765727263857,CH1,POWER,3.65
1765727263864,CH1,POWER,3.65
1765727263872,CH1,POWER,3.65
1765727263877,CH1,POWER,3.65
1765727263903,CH1,POWER,3.60
1765727263908,CH1,POWER,3.60
1765727263913,CH1,POWER,3.60
1765727263917,CH1,POWER,3.60
1765727263921,CH1,POWER,3.60
1765727263926,CH1,POWER,3.60
1765727263930,CH1,POWER,3.60
1765727263935,CH1,POWER,3.60
1765727263940,CH1,POWER,3.60
1765727263945,CH1,POWER,3.60
1765727263949,CH1,POWER,3.60
1765727263956,CH1,POWER,3.60
1765727263964,CH1,POWER,3.60
1765727263969,CH1,POWER,3.60
1765727263976,CH1,POWER,3.60
1765727263981,CH1,POWER,3.60
1765727263986,CH1,POWER,3.60
1765727263991,CH1,POWER,3.60
1765727263996,CH1,POWER,3.60
1765727264000,CH1,POWER,3.60
1765727264006,CH1,POWER,3.60
1765727264011,CH1,POWER,3.60
1765727264016,CH1,POWER,3.60
1765727264020,CH1,POWER,3.60
1765727264026,CH1,POWER,3.60
1765727264031,CH1,POWER,3.60
1765727264036,CH1,POWER,3.60
1765727264041,CH1,POWER,3.60
1765727264046,CH1,POWER,3.60
1765727264050,CH1,POWER,3.60
1765727264056,CH1,POWER,3.60
1765727264061,CH1,POWER,3.60
1765727264066,CH1,POWER,3.60
1765727264071,CH1,POWER,3.60
1765727264076,CH1,POWER,3.60
1765727264081,CH1,POWER,3.60
1765727264086,CH1,POWER,3.60
1765727264094,CH1,POWER,3.60
1765727264099,CH1,POWER,3.60
1765727264106,CH1,POWER,3.60
1765727264110,CH1,POWER,3.60
1765727264115,CH1,POWER,3.60
1765727264120,CH1,POWER,3.60
1765727264126,CH1,POWER,3.60
1765727264130,CH1,POWER,3.60
1765727264136,CH1,POWER,3.60
1765727264140,CH1,POWER,3.60
1765727264145,CH1,POWER,3.60
1765727264150,CH1,POWER,3.60
1765727264155,CH1,POWER,3.60
1765727264159,CH1,POWER,3.60
1765727264165,CH1,POWER,3.60
1765727264170,CH1,POWER,3.60
1765727264175,CH1,POWER,3.60
1765727264179,CH1,POWER,3.60
1765727264183,CH1,POWER,3.60
1765727264187,CH1,POWER,3.60
1765727264194,CH1,POWER,3.60
1765727264199,CH1,POWER,3.60
1765727264206,CH1,POWER,3.60
1765727264210,CH1,POWER,3.60
1765727264215,CH1,POWER,3.60
1765727264219,CH1,POWER,3.60
1765727264226,CH1,POWER,3.60
1765727264231,CH1,POWER,3.60
1765727264236,CH1,POWER,3.60
1765727264241,CH1,POWER,3.60
1765727264246,CH1,POWER,3.60
1765727264250,CH1,POWER,3.60
1765727264255,CH1,POWER,3.60
1765727264259,CH1,POWER,3.60
1765727264265,CH1,POWER,3.60
1765727264269,CH1,POWER,3.60
1765727264295,CH1,POWER,3.55
1765727264300,CH1,POWER,3.55
1765727264305,CH1,POWER,3.55
1765727264309,CH1,POWER,3.55
1765727264316,CH1,POWER,3.55
1765727264321,CH1,POWER,3.55
1765727264328,CH1,POWER,3.55
1765727264333,CH1,POWER,3.55
1765727264338,CH1,POWER,3.55
1765727264346,CH1,POWER,3.55
1765727264351,CH1,POWER,3.55
1765727264358,CH1,POWER,3.55
1765727264363,CH1,POWER,3.55
1765727264368,CH1,POWER,3.55
1765727264373,CH1,POWER,3.55
1765727264378,CH1,POWER,3.55
1765727264383,CH1,POWER,3.55
1765727264388,CH1,POWER,3.55
1765727264393,CH1,POWER,3.55
1765727264398,CH1,POWER,3.55
1765727264406,CH1,POWER,3.55
1765727264410,CH1,POWER,3.55
1765727264415,CH1,POWER,3.55
1765727264419,CH1,POWER,3.55
1765727264423,CH1,POWER,3.55
1765727264428,CH1,POWER,3.55
1765727264433,CH1,POWER,3.55
1765727264438,CH1,POWER,3.55
1765727264443,CH1,POWER,3.55
1765727264448,CH1,POWER,3.55
1765727264453,CH1,POWER,3.55
1765727264458,CH1,POWER,3.55
1765727264462,CH1,POWER,3.55
1765727264467,CH1,POWER,3.55
1765727264472,CH1,POWER,3.55
1765727264477,CH1,POWER,3.55
1765727264481,CH1,POWER,3.55
1765727264485,CH1,POWER,3.55
1765727264491,CH1,POWER,3.55
1765727264498,CH1,POWER,3.55
1765727264503,CH1,POWER,3.55
1765727264508,CH1,POWER,3.55
1765727264513,CH1,POWER,3.55
1765727264518,CH1,POWER,3.55
1765727264522,CH1,POWER,3.55
1765727264527,CH1,POWER,3.55
1765727264531,CH1,POWER,3.55
1765727264538,CH1,POWER,3.55
1765727264543,CH1,POWER,3.55
1765727264548,CH1,POWER,3.55
1765727264556,CH1,POWER,3.55
1765727264562,CH1,POWER,3.55
1765727264567,CH1,POWER,3.55
1765727264572,CH1,POWER,3.55
1765727264578,CH1,POWER,3.55
1765727264583,CH1,POWER,3.55
1765727264588,CH1,POWER,3.55
1765727264596,CH1,POWER,3.55
1765727264600,CH1,POWER,3.55
1765727264605,CH1,POWER,3.55
1765727264609,CH1,POWER,3.55
1765727264615,CH1,POWER,3.55
1765727264619,CH1,POWER,3.55
1765727264623,CH1,POWER,3.55
1765727264628,CH1,POWER,3.55
1765727264632,CH1,POWER,3.55
1765727264637,CH1,POWER,3.55
1765727264642,CH1,POWER,3.55
1765727264648,CH1,POWER,3.55
1765727264652,CH1,POWER,3.55
1765727264658,CH1,POWER,3.55
1765727264662,CH1,POWER,3.55
1765727264666,CH1,POWER,3.40
1765727264669,CH1,POWER,3.40
1765727264671,CH1,POWER,3.40
1765727264697,CH1,POWER,3.40
1765727264702,CH1,POWER,3.40
1765727264707,CH1,POWER,3.40
1765727264711,CH1,POWER,3.40
1765727264718,CH1,POWER,3.40
1765727264722,CH1,POWER,3.40
1765727264730,CH1,POWER,3.40
1765727264735,CH1,POWER,3.40
1765727264740,CH1,POWER,3.40
1765727264745,CH1,POWER,3.40
1765727264750,CH1,POWER,3.40
1765727264758,CH1,POWER,3.40
1765727264763,CH1,POWER,3.40
1765727264770,CH1,POWER,3.40
1765727264775,CH1,POWER,3.40
1765727264780,CH1,POWER,3.40
1765727264785,CH1,POWER,3.40
1765727264790,CH1,POWER,3.40
1765727264794,CH1,POWER,3.40
1765727264800,CH1,POWER,3.40
1765727264804,CH1,POWER,3.40
1765727264809,CH1,POWER,3.40
1765727264814,CH1,POWER,3.40
1765727264819,CH1,POWER,3.40
1765727264824,CH1,POWER,3.40
1765727264829,CH1,POWER,3.40
1765727264835,CH1,POWER,3.40
1765727264840,CH1,POWER,3.40
1765727264845,CH1,POWER,3.40
1765727264850,CH1,POWER,3.40
1765727264855,CH1,POWER,3.40
1765727264860,CH1,POWER,3.40
1765727264865,CH1,POWER,3.40
1765727264870,CH1,POWER,3.40
1765727264878,CH1,POWER,3.40
1765727264882,CH1,POWER,3.40
1765727264887,CH1,POWER,3.40
1765727264892,CH1,POWER,3.40
1765727264897,CH1,POWER,3.40
1765727264902,CH1,POWER,3.40
1765727264908,CH1,POWER,3.40
1765727264914,CH1,POWER,3.40
1765727264919,CH1,POWER,3.40
1765727264925,CH1,POWER,3.40
1765727264930,CH1,POWER,3.40
1765727264938,CH1,POWER,3.40
1765727264943,CH1,POWER,3.40
1765727264950,CH1,POWER,3.40
1765727264955,CH1,POWER,3.40
1765727264960,CH1,POWER,3.40
1765727264968,CH1,POWER,3.40
1765727264972,CH1,POWER,3.40
1765727264977,CH1,POWER,3.40
1765727264981,CH1,POWER,3.40
1765727264985,CH1,POWER,3.40
1765727264990,CH1,POWER,3.40
1765727264995,CH1,POWER,3.40
1765727265000,CH1,POWER,3.40
1765727265008,CH1,POWER,3.40
1765727265013,CH1,POWER,3.40
1765727265020,CH1,POWER,3.40
1765727265028,CH1,POWER,3.40
1765727265033,CH1,POWER,3.40
1765727265040,CH1,POWER,3.40
1765727265045,CH1,POWER,3.40
1765727265050,CH1,POWER,3.40
1765727265054,CH1,POWER,3.40
1765727265060,CH1,POWER,3.40
1765727265089,CH1,POWER,3.55
1765727265094,CH1,POWER,3.55
1765727265099,CH1,POWER,3.55
1765727265105,CH1,POWER,3.55
1765727265111,CH1,POWER,3.55
1765727265117,CH1,POWER,3.55
1765727265122,CH1,POWER,3.55
1765727265130,CH1,POWER,3.55
1765727265135,CH1,POWER,3.55
1765727265142,CH1,POWER,3.55
1765727265147,CH1,POWER,3.55
1765727265152,CH1,POWER,3.55
1765727265156,CH1,POWER,3.55
1765727265161,CH1,POWER,3.55
1765727265166,CH1,POWER,3.55
1765727265172,CH1,POWER,3.55
1765727265176,CH1,POWER,3.55
1765727265182,CH1,POWER,3.55
1765727265186,CH1,POWER,3.55
1765727265191,CH1,POWER,3.55
1765727265195,CH1,POWER,3.55
1765727265201,CH1,POWER,3.55
1765727265206,CH1,POWER,3.55
1765727265211,CH1,POWER,3.55
1765727265216,CH1,POWER,3.55
1765727265221,CH1,POWER,3.55
1765727265225,CH1,POWER,3.55
1765727265229,CH1,POWER,3.55
1765727265235,CH1,POWER,3.55
1765727265242,CH1,POWER,3.55
1765727265250,CH1,POWER,3.55
1765727265255,CH1,POWER,3.55
1765727265259,CH1,POWER,3.55
1765727265265,CH1,POWER,3.55
1765727265272,CH1,POWER,3.55
1765727265276,CH1,POWER,3.55
1765727265282,CH1,POWER,3.55
1765727265290,CH1,POWER,3.55
1765727265296,CH1,POWER,3.55
1765727265301,CH1,POWER,3.55
1765727265307,CH1,POWER,3.55
1765727265312,CH1,POWER,3.55
1765727265317,CH1,POWER,3.55
1765727265322,CH1,POWER,3.55
1765727265327,CH1,POWER,3.55
1765727265332,CH1,POWER,3.55
1765727265337,CH1,POWER,3.55
1765727265342,CH1,POWER,3.55
1765727265347,CH1,POWER,3.55
1765727265352,CH1,POWER,3.55
1765727265357,CH1,POWER,3.55
1765727265362,CH1,POWER,3.55
1765727265367,CH1,POWER,3.55
1765727265372,CH1,POWER,3.55
1765727265377,CH1,POWER,3.55
1765727265382,CH1,POWER,3.55
1765727265387,CH1,POWER,3.55
1765727265392,CH1,POWER,3.55
1765727265397,CH1,POWER,3.55
1765727265402,CH1,POWER,3.55
1765727265406,CH1,POWER,3.55
1765727265411,CH1,POWER,3.55
1765727265416,CH1,POWER,3.55
1765727265421,CH1,POWER,3.55
1765727265426,CH1,POWER,3.55
1765727265432,CH1,POWER,3.55
1765727265437,CH1,POWER,3.55
1765727265442,CH1,POWER,3.55
1765727265446,CH1,POWER,3.55
1765727265449,CH1,POWER,3.60
1765727265451,CH1,POWER,3.60
1765727265454,CH1,POWER,3.60
1765727265457,CH1,POWER,3.60
1765727265484,CH1,POWER,3.60
1765727265489,CH1,POWER,3.60
1765727265494,CH1,POWER,3.60
1765727265502,CH1,POWER,3.60
1765727265507,CH1,POWER,3.60
1765727265514,CH1,POWER,3.60
1765727265518,CH1,POWER,3.60
1765727265524,CH1,POWER,3.60
1765727265528,CH1,POWER,3.60
1765727265533,CH1,POWER,3.60
1765727265538,CH1,POWER,3.60
1765727265544,CH1,POWER,3.60
1765727265549,CH1,POWER,3.60
1765727265554,CH1,POWER,3.60
1765727265559,CH1,POWER,3.60
1765727265564,CH1,POWER,3.60
1765727265568,CH1,POWER,3.60
1765727265573,CH1,POWER,3.60
1765727265577,CH1,POWER,3.60
1765727265584,CH1,POWER,3.60
1765727265592,CH1,POWER,3.60
1765727265597,CH1,POWER,3.60
1765727265604,CH1,POWER,3.60
1765727265612,CH1,POWER,3.60
1765727265617,CH1,POWER,3.60
1765727265623,CH1,POWER,3.60
1765727265629,CH1,POWER,3.60
1765727265634,CH1,POWER,3.60
1765727265642,CH1,POWER,3.60
1765727265646,CH1,POWER,3.60
1765727265654,CH1,POWER,3.60
1765727265659,CH1,POWER,3.60
1765727265664,CH1,POWER,3.60
1765727265669,CH1,POWER,3.60
1765727265674,CH1,POWER,3.60
1765727265682,CH1,POWER,3.60
1765727265687,CH1,POWER,3.60
1765727265693,CH1,POWER,3.60
1765727265698,CH1,POWER,3.60
1765727265704,CH1,POWER,3.60
1765727265709,CH1,POWER,3.60
1765727265714,CH1,POWER,3.60
1765727265719,CH1,POWER,3.60
1765727265724,CH1,POWER,3.60
1765727265729,CH1,POWER,3.60
1765727265734,CH1,POWER,3.60
1765727265738,CH1,POWER,3.60
1765727265744,CH1,POWER,3.60
1765727265749,CH1,POWER,3.60
1765727265754,CH1,POWER,3.60
1765727265762,CH1,POWER,3.60
1765727265767,CH1,POWER,3.60
1765727265774,CH1,POWER,3.60
1765727265779,CH1,POWER,3.60
1765727265784,CH1,POWER,3.60
1765727265788,CH1,POWER,3.60
1765727265793,CH1,POWER,3.60
1765727265797,CH1,POWER,3.60
1765727265803,CH1,POWER,3.60
1765727265808,CH1,POWER,3.60
1765727265813,CH1,POWER,3.60
1765727265817,CH1,POWER,3.60
1765727265823,CH1,POWER,3.60
1765727265829,CH1,POWER,3.60
1765727265834,CH1,POWER,3.60
1765727265839,CH1,POWER,3.60
1765727265842,CH1,POWER,3.55
1765727265844,CH1,POWER,3.55
1765727265847,CH1,POWER,3.55
1765727265873,CH1,POWER,3.55
1765727265878,CH1,POWER,3.55
1765727265883,CH1,POWER,3.55
1765727265888,CH1,POWER,3.55
1765727265893,CH1,POWER,3.55
1765727265897,CH1,POWER,3.55
1765727265903,CH1,POWER,3.55
1765727265908,CH1,POWER,3.55
1765727265916,CH1,POWER,3.55
1765727265921,CH1,POWER,3.55
1765727265926,CH1,POWER,3.55
1765727265931,CH1,POWER,3.55
1765727265936,CH1,POWER,3.55
1765727265944,CH1,POWER,3.55
1765727265949,CH1,POWER,3.55
1765727265956,CH1,POWER,3.55
1765727265961,CH1,POWER,3.55
1765727265965,CH1,POWER,3.55
1765727265970,CH1,POWER,3.55
1765727265976,CH1,POWER,3.55
1765727265981,CH1,POWER,3.55
1765727265986,CH1,POWER,3.55
1765727265989,CH1,POWER,3.55
1765727265996,CH1,POWER,3.55
1765727266004,CH1,POWER,3.55
1765727266009,CH1,POWER,3.55
1765727266016,CH1,POWER,3.55
1765727266020,CH1,POWER,3.55
1765727266026,CH1,POWER,3.55
1765727266031,CH1,POWER,3.55
1765727266036,CH1,POWER,3.55
1765727266040,CH1,POWER,3.55
1765727266046,CH1,POWER,3.55
1765727266054,CH1,POWER,3.55
1765727266059,CH1,POWER,3.55
1765727266066,CH1,POWER,3.55
1765727266074,CH1,POWER,3.55
1765727266079,CH1,POWER,3.55
1765727266085,CH1,POWER,3.55
1765727266090,CH1,POWER,3.55
1765727266096,CH1,POWER,3.55
1765727266104,CH1,POWER,3.55
1765727266109,CH1,POWER,3.55
1765727266116,CH1,POWER,3.55
1765727266121,CH1,POWER,3.55
1765727266126,CH1,POWER,3.55
1765727266134,CH1,POWER,3.55
1765727266139,CH1,POWER,3.55
1765727266146,CH1,POWER,3.55
1765727266154,CH1,POWER,3.55
1765727266159,CH1,POWER,3.55
1765727266166,CH1,POWER,3.55
1765727266171,CH1,POWER,3.55
1765727266176,CH1,POWER,3.55
1765727266184,CH1,POWER,3.55
1765727266189,CH1,POWER,3.55
1765727266195,CH1,POWER,3.55
1765727266200,CH1,POWER,3.55
1765727266206,CH1,POWER,3.55
1765727266210,CH1,POWER,3.55
1765727266215,CH1,POWER,3.55
1765727266221,CH1,POWER,3.55
1765727266226,CH1,POWER,3.55
1765727266231,CH1,POWER,3.55
1765727266233,CH1,POWER,3.65
1765727266236,CH1,POWER,3.65
1765727266238,CH1,POWER,3.65
1765727266265,CH1,POWER,3.65
1765727266270,CH1,POWER,3.65
1765727266275,CH1,POWER,3.65
1765727266281,CH1,POWER,3.65
1765727266288,CH1,POWER,3.65
1765727266296,CH1,POWER,3.65
1765727266301,CH1,POWER,3.65
1765727266308,CH1,POWER,3.65
1765727266313,CH1,POWER,3.65
1765727266318,CH1,POWER,3.65
1765727266323,CH1,POWER,3.65
1765727266328,CH1,POWER,3.65
1765727266336,CH1,POWER,3.65
1765727266341,CH1,POWER,3.65
1765727266348,CH1,POWER,3.65
1765727266353,CH1,POWER,3.65
1765727266358,CH1,POWER,3.65
1765727266363,CH1,POWER,3.65
1765727266368,CH1,POWER,3.65
1765727266373,CH1,POWER,3.65
1765727266377,CH1,POWER,3.65
1765727266381,CH1,POWER,3.65
1765727266388,CH1,POWER,3.65
1765727266393,CH1,POWER,3.65
1765727266398,CH1,POWER,3.65
1765727266403,CH1,POWER,3.65
1765727266408,CH1,POWER,3.65
1765727266413,CH1,POWER,3.65
1765727266418,CH1,POWER,3.65
1765727266426,CH1,POWER,3.65
1765727266431,CH1,POWER,3.65
1765727266438,CH1,POWER,3.65
1765727266443,CH1,POWER,3.65
1765727266448,CH1,POWER,3.65
1765727266453,CH1,POWER,3.65
1765727266458,CH1,POWER,3.65
1765727266463,CH1,POWER,3.65
1765727266468,CH1,POWER,3.65
1765727266476,CH1,POWER,3.65
1765727266481,CH1,POWER,3.65
1765727266485,CH1,POWER,3.65
1765727266490,CH1,POWER,3.65
1765727266496,CH1,POWER,3.65
1765727266501,CH1,POWER,3.65
1765727266508,CH1,POWER,3.65
1765727266513,CH1,POWER,3.65
1765727266518,CH1,POWER,3.65
1765727266523,CH1,POWER,3.65
1765727266528,CH1,POWER,3.65
1765727266536,CH1,POWER,3.65
1765727266541,CH1,POWER,3.65
1765727266548,CH1,POWER,3.65
1765727266553,CH1,POWER,3.65
1765727266558,CH1,POWER,3.65
1765727266566,CH1,POWER,3.65
1765727266571,CH1,POWER,3.65
1765727266578,CH1,POWER,3.65
1765727266583,CH1,POWER,3.65
1765727266588,CH1,POWER,3.65
1765727266593,CH1,POWER,3.65
1765727266598,CH1,POWER,3.65
1765727266602,CH1,POWER,3.65
1765727266606,CH1,POWER,3.65
1765727266611,CH1,POWER,3.65
1765727266618,CH1,POWER,3.65
1765727266621,CH1,POWER,3.70
1765727266649,CH1,POWER,3.70
1765727266654,CH1,POWER,3.70
1765727266658,CH1,POWER,3.70
1765727266663,CH1,POWER,3.70
1765727266670,CH1,POWER,3.70
1765727266675,CH1,POWER,3.70
1765727266680,CH1,POWER,3.70
1765727266685,CH1,POWER,3.70
1765727266690,CH1,POWER,3.70
1765727266695,CH1,POWER,3.70
1765727266699,CH1,POWER,3.70
1765727266704,CH1,POWER,3.70
1765727266710,CH1,POWER,3.70
1765727266715,CH1,POWER,3.70
1765727266720,CH1,POWER,3.70
1765727266728,CH1,POWER,3.70
1765727266733,CH1,POWER,3.70
1765727266740,CH1,POWER,3.70
1765727266748,CH1,POWER,3.70
1765727266753,CH1,POWER,3.70
1765727266760,CH1,POWER,3.70
1765727266765,CH1,POWER,3.70
1765727266770,CH1,POWER,3.70
1765727266774,CH1,POWER,3.70
1765727266779,CH1,POWER,3.70
1765727266783,CH1,POWER,3.70
1765727266790,CH1,POWER,3.70
1765727266795,CH1,POWER,3.70
1765727266800,CH1,POWER,3.70
1765727266808,CH1,POWER,3.70
1765727266813,CH1,POWER,3.70
1765727266819,CH1,POWER,3.70
1765727266824,CH1,POWER,3.70
1765727266829,CH1,POWER,3.70
1765727266834,CH1,POWER,3.70
1765727266839,CH1,POWER,3.70
1765727266844,CH1,POWER,3.70
1765727266850,CH1,POWER,3.70
1765727266855,CH1,POWER,3.70
1765727266859,CH1,POWER,3.70
1765727266864,CH1,POWER,3.70
1765727266870,CH1,POWER,3.70
1765727266875,CH1,POWER,3.70
1765727266880,CH1,POWER,3.70
1765727266888,CH1,POWER,3.70
1765727266894,CH1,POWER,3.70
1765727266900,CH1,POWER,3.70
1765727266908,CH1,POWER,3.70
1765727266913,CH1,POWER,3.70
1765727266920,CH1,POWER,3.70
1765727266925,CH1,POWER,3.70
1765727266930,CH1,POWER,3.70
1765727266935,CH1,POWER,3.70
1765727266940,CH1,POWER,3.70
1765727266948,CH1,POWER,3.70
1765727266953,CH1,POWER,3.70
1765727266960,CH1,POWER,3.70
1765727266965,CH1,POWER,3.70
1765727266970,CH1,POWER,3.70
1765727266975,CH1,POWER,3.70
1765727266980,CH1,POWER,3.70
1765727266984,CH1,POWER,3.70
1765727266989,CH1,POWER,3.70
1765727266995,CH1,POWER,3.70
1765727267000,CH1,POWER,3.70
1765727267004,CH1,POWER,3.55
1765727267032,CH1,POWER,3.55
1765727267037,CH1,POWER,3.55
1765727267042,CH1,POWER,3.55
1765727267046,CH1,POWER,3.55
1765727267051,CH1,POWER,3.55
1765727267057,CH1,POWER,3.55
1765727267062,CH1,POWER,3.55
1765727267067,CH1,POWER,3.55
1765727267072,CH1,POWER,3.55
1765727267080,CH1,POWER,3.55
1765727267085,CH1,POWER,3.55
1765727267091,CH1,POWER,3.55
1765727267096,CH1,POWER,3.55
1765727267101,CH1,POWER,3.55
1765727267105,CH1,POWER,3.55
1765727267112,CH1,POWER,3.55
1765727267117,CH1,POWER,3.55
1765727267122,CH1,POWER,3.55
1765727267126,CH1,POWER,3.55
1765727267131,CH1,POWER,3.55
1765727267137,CH1,POWER,3.55
1765727267142,CH1,POWER,3.55
1765727267147,CH1,POWER,3.55
1765727267152,CH1,POWER,3.55
1765727267157,CH1,POWER,3.55
1765727267161,CH1,POWER,3.55
1765727267165,CH1,POWER,3.55
1765727267171,CH1,POWER,3.55
1765727267176,CH1,POWER,3.55
1765727267181,CH1,POWER,3.55
1765727267186,CH1,POWER,3.55
1765727267192,CH1,POWER,3.55
1765727267197,CH1,POWER,3.55
1765727267201,CH1,POWER,3.55
1765727267206,CH1,POWER,3.55
1765727267212,CH1,POWER,3.55
1765727267217,CH1,POWER,3.55
1765727267221,CH1,POWER,3.55
1765727267226,CH1,POWER,3.55
1765727267231,CH1,POWER,3.55
1765727267236,CH1,POWER,3.55
1765727267240,CH1,POWER,3.55
1765727267245,CH1,POWER,3.55
1765727267251,CH1,POWER,3.55
1765727267256,CH1,POWER,3.55
1765727267260,CH1,POWER,3.55
1765727267264,CH1,POWER,3.55
1765727267269,CH1,POWER,3.55
1765727267274,CH1,POWER,3.55
1765727267278,CH1,POWER,3.55
1765727267282,CH1,POWER,3.55
1765727267287,CH1,POWER,3.55
1765727267291,CH1,POWER,3.55
1765727267296,CH1,POWER,3.55
1765727267302,CH1,POWER,3.55
1765727267307,CH1,POWER,3.55
1765727267312,CH1,POWER,3.55
1765727267317,CH1,POWER,3.55
1765727267322,CH1,POWER,3.55
1765727267327,CH1,POWER,3.55
1765727267331,CH1,POWER,3.55
1765727267336,CH1,POWER,3.55
1765727267341,CH1,POWER,3.55
1765727267346,CH1,POWER,3.55
1765727267351,CH1,POWER,3.55
1765727267356,CH1,POWER,3.55
1765727267360,CH1,POWER,3.55
1765727267365,CH1,POWER,3.55
1765727267372,CH1,POWER,3.55
1765727267380,CH1,POWER,3.55
1765727267385,CH1,POWER,3.55
1765727267392,CH1,POWER,3.55
1765727267396,CH1,POWER,3.40
1765727267423,CH1,POWER,3.40
1765727267428,CH1,POWER,3.40
1765727267433,CH1,POWER,3.40
1765727267438,CH1,POWER,3.40
1765727267443,CH1,POWER,3.40
1765727267447,CH1,POWER,3.40
1765727267454,CH1,POWER,3.40
1765727267459,CH1,POWER,3.40
1765727267464,CH1,POWER,3.40
1765727267469,CH1,POWER,3.40
1765727267474,CH1,POWER,3.40
1765727267479,CH1,POWER,3.40
1765727267484,CH1,POWER,3.40
1765727267489,CH1,POWER,3.40
1765727267493,CH1,POWER,3.40
1765727267498,CH1,POWER,3.40
1765727267503,CH1,POWER,3.40
1765727267508,CH1,POWER,3.40
1765727267512,CH1,POWER,3.40
1765727267516,CH1,POWER,3.40
1765727267520,CH1,POWER,3.40
1765727267525,CH1,POWER,3.40
1765727267530,CH1,POWER,3.40
1765727267534,CH1,POWER,3.40
1765727267539,CH1,POWER,3.40
1765727267544,CH1,POWER,3.40
1765727267549,CH1,POWER,3.40
1765727267553,CH1,POWER,3.40
1765727267557,CH1,POWER,3.40
1765727267564,CH1,POWER,3.40
1765727267569,CH1,POWER,3.40
1765727267573,CH1,POWER,3.40
1765727267578,CH1,POWER,3.40
1765727267584,CH1,POWER,3.40
1765727267589,CH1,POWER,3.40
1765727267594,CH1,POWER,3.40
1765727267599,CH1,POWER,3.40
1765727267604,CH1,POWER,3.40
1765727267609,CH1,POWER,3.40
1765727267613,CH1,POWER,3.40
1765727267618,CH1,POWER,3.40
1765727267622,CH1,POWER,3.40
1765727267626,CH1,POWER,3.40
1765727267631,CH1,POWER,3.40
1765727267635,CH1,POWER,3.40
1765727267642,CH1,POWER,3.40
1765727267647,CH1,POWER,3.40
1765727267654,CH1,POWER,3.40
1765727267659,CH1,POWER,3.40
1765727267663,CH1,POWER,3.40
1765727267668,CH1,POWER,3.40
1765727267673,CH1,POWER,3.40
1765727267679,CH1,POWER,3.40
1765727267684,CH1,POWER,3.40
1765727267689,CH1,POWER,3.40
1765727267694,CH1,POWER,3.40
1765727267699,CH1,POWER,3.40
1765727267703,CH1,POWER,3.40
1765727267708,CH1,POWER,3.40
1765727267713,CH1,POWER,3.40
1765727267718,CH1,POWER,3.40
1765727267722,CH1,POWER,3.40
1765727267726,CH1,POWER,3.40
1765727267734,CH1,POWER,3.40
1765727267739,CH1,POWER,3.40
1765727267743,CH1,POWER,3.40
1765727267747,CH1,POWER,3.40
1765727267753,CH1,POWER,3.40
1765727267757,CH1,POWER,3.40
1765727267763,CH1,POWER,3.40
1765727267769,CH1,POWER,3.40
1765727267774,CH1,POWER,3.40
1765727267781,CH1,POWER,3.40
1765727267785,CH1,POWER,3.45
1765727267788,CH1,POWER,3.45
1765727267816,CH1,POWER,3.45
1765727267821,CH1,POWER,3.45
1765727267825,CH1,POWER,3.45
1765727267831,CH1,POWER,3.45
1765727267836,CH1,POWER,3.45
1765727267841,CH1,POWER,3.45
1765727267846,CH1,POWER,3.45
1765727267851,CH1,POWER,3.45
1765727267855,CH1,POWER,3.45
1765727267859,CH1,POWER,3.45
1765727267865,CH1,POWER,3.45
1765727267870,CH1,POWER,3.45
1765727267874,CH1,POWER,3.45
1765727267878,CH1,POWER,3.45
1765727267882,CH1,POWER,3.45
1765727267889,CH1,POWER,3.45
1765727267896,CH1,POWER,3.45
1765727267901,CH1,POWER,3.45
1765727267905,CH1,POWER,3.45
1765727267910,CH1,POWER,3.45
1765727267915,CH1,POWER,3.45
1765727267919,CH1,POWER,3.45
1765727267925,CH1,POWER,3.45
1765727267930,CH1,POWER,3.45
1765727267934,CH1,POWER,3.45
1765727267938,CH1,POWER,3.45
1765727267946,CH1,POWER,3.45
1765727267951,CH1,POWER,3.45
1765727267956,CH1,POWER,3.45
1765727267961,CH1,POWER,3.45
1765727267966,CH1,POWER,3.45
1765727267971,CH1,POWER,3.45
1765727267975,CH1,POWER,3.45
1765727267979,CH1,POWER,3.45
1765727267986,CH1,POWER,3.45
1765727267991,CH1,POWER,3.45
1765727267995,CH1,POWER,3.45
1765727267999,CH1,POWER,3.45
1765727268005,CH1,POWER,3.45
1765727268010,CH1,POWER,3.45
1765727268015,CH1,POWER,3.45
1765727268019,CH1,POWER,3.45
1765727268025,CH1,POWER,3.45
1765727268034,CH1,POWER,3.45
1765727268040,CH1,POWER,3.45
1765727268045,CH1,POWER,3.45
1765727268050,CH1,POWER,3.45
1765727268054,CH1,POWER,3.45
1765727268061,CH1,POWER,3.45
1765727268066,CH1,POWER,3.45
1765727268071,CH1,POWER,3.45
1765727268076,CH1,POWER,3.45
1765727268084,CH1,POWER,3.45
1765727268088,CH1,POWER,3.45
1765727268092,CH1,POWER,3.45
1765727268096,CH1,POWER,3.45
1765727268104,CH1,POWER,3.45
1765727268109,CH1,POWER,3.45
1765727268115,CH1,POWER,3.45
1765727268120,CH1,POWER,3.45
1765727268124,CH1,POWER,3.45
1765727268129,CH1,POWER,3.45
1765727268134,CH1,POWER,3.45
1765727268139,CH1,POWER,3.45
1765727268146,CH1,POWER,3.45
1765727268151,CH1,POWER,3.45
1765727268156,CH1,POWER,3.45
1765727268161,CH1,POWER,3.45
1765727268165,CH1,POWER,3.45
1765727268170,CH1,POWER,3.45
1765727268174,CH1,POWER,3.45
1765727268178,CH1,POWER,3.60
1765727268205,CH1,POWER,3.60
1765727268209,CH1,POWER,3.60
1765727268215,CH1,POWER,3.60
1765727268219,CH1,POWER,3.60
1765727268225,CH1,POWER,3.60
1765727268230,CH1,POWER,3.60
1765727268234,CH1,POWER,3.60
1765727268238,CH1,POWER,3.60
1765727268244,CH1,POWER,3.60
1765727268251,CH1,POWER,3.60
1765727268258,CH1,POWER,3.60
1765727268266,CH1,POWER,3.60
1765727268271,CH1,POWER,3.60
1765727268278,CH1,POWER,3.60
1765727268283,CH1,POWER,3.60
1765727268288,CH1,POWER,3.60
1765727268293,CH1,POWER,3.60
1765727268297,CH1,POWER,3.60
1765727268306,CH1,POWER,3.60
1765727268310,CH1,POWER,3.60
1765727268317,CH1,POWER,3.60
1765727268321,CH1,POWER,3.60
1765727268328,CH1,POWER,3.60
1765727268333,CH1,POWER,3.60
1765727268338,CH1,POWER,3.60
1765727268343,CH1,POWER,3.60
1765727268347,CH1,POWER,3.60
1765727268356,CH1,POWER,3.60
1765727268360,CH1,POWER,3.60
1765727268367,CH1,POWER,3.60
1765727268372,CH1,POWER,3.60
1765727268378,CH1,POWER,3.60
1765727268383,CH1,POWER,3.60
1765727268388,CH1,POWER,3.60
1765727268393,CH1,POWER,3.60
1765727268397,CH1,POWER,3.60
1765727268403,CH1,POWER,3.60
1765727268407,CH1,POWER,3.60
1765727268411,CH1,POWER,3.60
1765727268418,CH1,POWER,3.60
1765727268423,CH1,POWER,3.60
1765727268428,CH1,POWER,3.60
1765727268436,CH1,POWER,3.60
1765727268441,CH1,POWER,3.60
1765727268447,CH1,POWER,3.60
1765727268456,CH1,POWER,3.60
1765727268461,CH1,POWER,3.60
1765727268468,CH1,POWER,3.60
1765727268473,CH1,POWER,3.60
1765727268478,CH1,POWER,3.60
1765727268483,CH1,POWER,3.60
1765727268488,CH1,POWER,3.60
1765727268493,CH1,POWER,3.60
1765727268497,CH1,POWER,3.60
1765727268502,CH1,POWER,3.60
1765727268507,CH1,POWER,3.60
1765727268516,CH1,POWER,3.60
1765727268521,CH1,POWER,3.60
1765727268528,CH1,POWER,3.60
1765727268536,CH1,POWER,3.60
1765727268541,CH1,POWER,3.60
1765727268547,CH1,POWER,3.60
1765727268552,CH1,POWER,3.60
1765727268557,CH1,POWER,3.60
1765727268561,CH1,POWER,3.60
1765727268568,CH1,POWER,3.60
1765727268573,CH1,POWER,3.60
1765727268576,CH1,POWER,3.45
1765727268578,CH1,POWER,3.45
1765727268581,CH1,POWER,3.45
1765727268607,CH1,POWER,3.45
1765727268612,CH1,POWER,3.45
1765727268617,CH1,POWER,3.45
1765727268622,CH1,POWER,3.45
1765727268626,CH1,POWER,3.45
1765727268630,CH1,POWER,3.45
1765727268635,CH1,POWER,3.45
1765727268639,CH1,POWER,3.45
1765727268647,CH1,POWER,3.45
1765727268654,CH1,POWER,3.45
1765727268659,CH1,POWER,3.45
1765727268665,CH1,POWER,3.45
1765727268670,CH1,POWER,3.45
1765727268675,CH1,POWER,3.45
1765727268680,CH1,POWER,3.45
1765727268688,CH1,POWER,3.45
1765727268693,CH1,POWER,3.45
1765727268699,CH1,POWER,3.45
1765727268708,CH1,POWER,3.45
1765727268713,CH1,POWER,3.45
1765727268720,CH1,POWER,3.45
1765727268725,CH1,POWER,3.45
1765727268730,CH1,POWER,3.45
1765727268735,CH1,POWER,3.45
1765727268739,CH1,POWER,3.45
1765727268743,CH1,POWER,3.45
1765727268750,CH1,POWER,3.45
1765727268755,CH1,POWER,3.45
1765727268760,CH1,POWER,3.45
1765727268765,CH1,POWER,3.45
1765727268769,CH1,POWER,3.45
1765727268773,CH1,POWER,3.45
1765727268780,CH1,POWER,3.45
1765727268785,CH1,POWER,3.45
1765727268789,CH1,POWER,3.45
1765727268798,CH1,POWER,3.45
1765727268803,CH1,POWER,3.45
1765727268809,CH1,POWER,3.45
1765727268814,CH1,POWER,3.45
1765727268818,CH1,POWER,3.45
1765727268823,CH1,POWER,3.45
1765727268830,CH1,POWER,3.45
1765727268835,CH1,POWER,3.45
1765727268840,CH1,POWER,3.45
1765727268845,CH1,POWER,3.45
1765727268849,CH1,POWER,3.45
1765727268854,CH1,POWER,3.45
1765727268858,CH1,POWER,3.45
1765727268865,CH1,POWER,3.45
1765727268869,CH1,POWER,3.45
1765727268873,CH1,POWER,3.45
1765727268880,CH1,POWER,3.45
1765727268885,CH1,POWER,3.45
1765727268889,CH1,POWER,3.45
1765727268893,CH1,POWER,3.45
1765727268899,CH1,POWER,3.45
1765727268905,CH1,POWER,3.45
1765727268909,CH1,POWER,3.45
1765727268915,CH1,POWER,3.45
1765727268919,CH1,POWER,3.45
1765727268924,CH1,POWER,3.45
1765727268929,CH1,POWER,3.45
1765727268933,CH1,POWER,3.45
1765727268939,CH1,POWER,3.45
1765727268945,CH1,POWER,3.45
1765727268950,CH1,POWER,3.45
1765727268955,CH1,POWER,3.45
1765727268960,CH1,POWER,3.45
1765727268965,CH1,POWER,3.45
1765727268967,CH1,POWER,3.80
1765727268970,CH1,POWER,3.80
1765727268972,CH1,POWER,3.80
1765727268999,CH1,POWER,3.80
1765727269004,CH1,POWER,3.80
1765727269008,CH1,POWER,3.80
1765727269012,CH1,POWER,3.80
1765727269017,CH1,POWER,3.80
1765727269021,CH1,POWER,3.80
1765727269027,CH1,POWER,3.80
1765727269032,CH1,POWER,3.80
1765727269037,CH1,POWER,3.80
1765727269042,CH1,POWER,3.80
1765727269047,CH1,POWER,3.80
1765727269051,CH1,POWER,3.80
1765727269055,CH1,POWER,3.80
1765727269061,CH1,POWER,3.80
1765727269065,CH1,POWER,3.80
1765727269072,CH1,POWER,3.80
1765727269077,CH1,POWER,3.80
1765727269081,CH1,POWER,3.80
1765727269085,CH1,POWER,3.80
1765727269092,CH1,POWER,3.80
1765727269097,CH1,POWER,3.80
1765727269102,CH1,POWER,3.80
1765727269107,CH1,POWER,3.80
1765727269111,CH1,POWER,3.80
1765727269116,CH1,POWER,3.80
1765727269120,CH1,POWER,3.80
1765727269127,CH1,POWER,3.80
1765727269132,CH1,POWER,3.80
1765727269137,CH1,POWER,3.80
1765727269141,CH1,POWER,3.80
1765727269147,CH1,POWER,3.80
1765727269151,CH1,POWER,3.80
1765727269157,CH1,POWER,3.80
1765727269162,CH1,POWER,3.80
1765727269167,CH1,POWER,3.80
1765727269171,CH1,POWER,3.80
1765727269176,CH1,POWER,3.80
1765727269180,CH1,POWER,3.80
1765727269184,CH1,POWER,3.80
1765727269192,CH1,POWER,3.80
1765727269197,CH1,POWER,3.80
1765727269202,CH1,POWER,3.80
1765727269207,CH1,POWER,3.80
1765727269211,CH1,POWER,3.80
1765727269216,CH1,POWER,3.80
1765727269220,CH1,POWER,3.80
1765727269227,CH1,POWER,3.80
1765727269231,CH1,POWER,3.80
1765727269237,CH1,POWER,3.80
1765727269242,CH1,POWER,3.80
1765727269247,CH1,POWER,3.80
1765727269251,CH1,POWER,3.80
1765727269260,CH1,POWER,3.80
1765727269264,CH1,POWER,3.80
1765727269268,CH1,POWER,3.80
1765727269272,CH1,POWER,3.80
1765727269277,CH1,POWER,3.80
1765727269281,CH1,POWER,3.80
1765727269285,CH1,POWER,3.80
1765727269292,CH1,POWER,3.80
1765727269297,CH1,POWER,3.80
1765727269301,CH1,POWER,3.80
1765727269305,CH1,POWER,3.80
1765727269311,CH1,POWER,3.80
1765727269315,CH1,POWER,3.80
1765727269322,CH1,POWER,3.80
1765727269327,CH1,POWER,3.80
1765727269331,CH1,POWER,3.80
1765727269335,CH1,POWER,3.80
1765727269342,CH1,POWER,3.80
1765727269347,CH1,POWER,3.80
1765727269351,CH1,POWER,3.80
1765727269359,CH1,POWER,3.80
1765727269362,CH1,POWER,3.75
1765727269364,CH1,POWER,3.75
1765727269391,CH1,POWER,3.75
1765727269395,CH1,POWER,3.75
1765727269400,CH1,POWER,3.75
1765727269405,CH1,POWER,3.75
1765727269410,CH1,POWER,3.75
1765727269416,CH1,POWER,3.75
1765727269423,CH1,POWER,3.75
1765727269427,CH1,POWER,3.75
1765727269433,CH1,POWER,3.75
1765727269437,CH1,POWER,3.75
1765727269443,CH1,POWER,3.75
1765727269449,CH1,POWER,3.75
1765727269453,CH1,POWER,3.75
1765727269457,CH1,POWER,3.75
1765727269462,CH1,POWER,3.75
1765727269466,CH1,POWER,3.75
1765727269470,CH1,POWER,3.75
1765727269476,CH1,POWER,3.75
1765727269480,CH1,POWER,3.75
1765727269484,CH1,POWER,3.75
1765727269491,CH1,POWER,3.75
1765727269496,CH1,POWER,3.75
1765727269502,CH1,POWER,3.75
1765727269507,CH1,POWER,3.75
1765727269513,CH1,POWER,3.75
1765727269517,CH1,POWER,3.75
1765727269522,CH1,POWER,3.75
1765727269529,CH1,POWER,3.75
1765727269533,CH1,POWER,3.75
1765727269541,CH1,POWER,3.75
1765727269547,CH1,POWER,3.75
1765727269553,CH1,POWER,3.75
1765727269557,CH1,POWER,3.75
1765727269564,CH1,POWER,3.75
1765727269569,CH1,POWER,3.75
1765727269573,CH1,POWER,3.75
1765727269579,CH1,POWER,3.75
1765727269583,CH1,POWER,3.75
1765727269589,CH1,POWER,3.75
1765727269593,CH1,POWER,3.75
1765727269599,CH1,POWER,3.75
1765727269603,CH1,POWER,3.75
1765727269607,CH1,POWER,3.75
1765727269613,CH1,POWER,3.75
1765727269617,CH1,POWER,3.75
1765727269623,CH1,POWER,3.75
1765727269627,CH1,POWER,3.75
1765727269632,CH1,POWER,3.75
1765727269638,CH1,POWER,3.75
1765727269642,CH1,POWER,3.75
1765727269646,CH1,POWER,3.75
1765727269653,CH1,POWER,3.75
1765727269659,CH1,POWER,3.75
1765727269664,CH1,POWER,3.75
1765727269669,CH1,POWER,3.75
1765727269673,CH1,POWER,3.75
1765727269681,CH1,POWER,3.75
1765727269685,CH1,POWER,3.75
1765727269691,CH1,POWER,3.75
1765727269696,CH1,POWER,3.75
1765727269702,CH1,POWER,3.75
1765727269709,CH1,POWER,3.75
1765727269713,CH1,POWER,3.75
1765727269719,CH1,POWER,3.75
1765727269723,CH1,POWER,3.75
1765727269728,CH1,POWER,3.75
1765727269732,CH1,POWER,3.75
1765727269737,CH1,POWER,3.75
1765727269742,CH1,POWER,3.75
1765727269747,CH1,POWER,3.75
1765727269752,CH1,POWER,3.75
1765727269759,CH1,POWER,3.75
1765727269762,CH1,POWER,3.85
1765727269764,CH1,POWER,3.85
1765727269767,CH1,POWER,3.85
1765727269793,CH1,POWER,3.85
1765727269797,CH1,POWER,3.85
1765727269802,CH1,POWER,3.85
1765727269806,CH1,POWER,3.85
1765727269811,CH1,POWER,3.85
1765727269815,CH1,POWER,3.85
1765727269819,CH1,POWER,3.85
1765727269825,CH1,POWER,3.85
1765727269829,CH1,POWER,3.85
1765727269835,CH1,POWER,3.85
1765727269839,CH1,POWER,3.85
1765727269844,CH1,POWER,3.85
1765727269849,CH1,POWER,3.85
1765727269855,CH1,POWER,3.85
1765727269861,CH1,POWER,3.85
1765727269866,CH1,POWER,3.85
1765727269871,CH1,POWER,3.85
1765727269875,CH1,POWER,3.85
1765727269883,CH1,POWER,3.85
1765727269889,CH1,POWER,3.85
1765727269894,CH1,POWER,3.85
1765727269899,CH1,POWER,3.85
1765727269904,CH1,POWER,3.85
1765727269911,CH1,POWER,3.85
1765727269915,CH1,POWER,3.85
1765727269919,CH1,POWER,3.85
1765727269924,CH1,POWER,3.85
1765727269931,CH1,POWER,3.85
1765727269935,CH1,POWER,3.85
1765727269941,CH1,POWER,3.85
1765727269945,CH1,POWER,3.85
1765727269950,CH1,POWER,3.85
1765727269954,CH1,POWER,3.85
1765727269958,CH1,POWER,3.85
1765727269965,CH1,POWER,3.85
1765727269973,CH1,POWER,3.85
1765727269978,CH1,POWER,3.85
1765727269985,CH1,POWER,3.85
1765727269991,CH1,POWER,3.85
1765727269995,CH1,POWER,3.85
1765727269999,CH1,POWER,3.85
1765727270006,CH1,POWER,3.85
1765727270011,CH1,POWER,3.85
1765727270016,CH1,POWER,3.85
1765727270021,CH1,POWER,3.85
1765727270026,CH1,POWER,3.85
1765727270031,CH1,POWER,3.85
1765727270035,CH1,POWER,3.85
1765727270039,CH1,POWER,3.85
1765727270046,CH1,POWER,3.85
1765727270051,CH1,POWER,3.85
1765727270055,CH1,POWER,3.85
1765727270059,CH1,POWER,3.85
1765727270065,CH1,POWER,3.85
1765727270071,CH1,POWER,3.85
1765727270075,CH1,POWER,3.85
1765727270079,CH1,POWER,3.85
1765727270085,CH1,POWER,3.85
1765727270089,CH1,POWER,3.85
1765727270095,CH1,POWER,3.85
1765727270101,CH1,POWER,3.85
1765727270105,CH1,POWER,3.85
1765727270109,CH1,POWER,3.85
1765727270115,CH1,POWER,3.85
1765727270121,CH1,POWER,3.85
1765727270125,CH1,POWER,3.85
1765727270131,CH1,POWER,3.85
1765727270135,CH1,POWER,3.85
1765727270141,CH1,POWER,3.85
1765727270145,CH1,POWER,3.85
1765727270151,CH1,POWER,3.85
1765727270155,CH1,POWER,3.85
1765727270159,CH1,POWER,3.65
1765727270186,CH1,POWER,3.65
1765727270190,CH1,POWER,3.65
1765727270194,CH1,POWER,3.65
1765727270198,CH1,POWER,3.65
1765727270203,CH1,POWER,3.65
1765727270207,CH1,POWER,3.65
1765727270211,CH1,POWER,3.65
1765727270217,CH1,POWER,3.65
1765727270223,CH1,POWER,3.65
1765727270227,CH1,POWER,3.65
1765727270233,CH1,POWER,3.65
1765727270237,CH1,POWER,3.65
1765727270241,CH1,POWER,3.65
1765727270247,CH1,POWER,3.65
1765727270253,CH1,POWER,3.65
1765727270257,CH1,POWER,3.65
1765727270265,CH1,POWER,3.65
1765727270269,CH1,POWER,3.65
1765727270274,CH1,POWER,3.65
1765727270278,CH1,POWER,3.65
1765727270285,CH1,POWER,3.65
1765727270291,CH1,POWER,3.65
1765727270297,CH1,POWER,3.65
1765727270303,CH1,POWER,3.65
1765727270307,CH1,POWER,3.65
1765727270313,CH1,POWER,3.65
1765727270317,CH1,POWER,3.65
1765727270321,CH1,POWER,3.65
1765727270326,CH1,POWER,3.65
1765727270333,CH1,POWER,3.65
1765727270337,CH1,POWER,3.65
1765727270343,CH1,POWER,3.65
1765727270347,CH1,POWER,3.65
1765727270355,CH1,POWER,3.65
1765727270360,CH1,POWER,3.65
1765727270366,CH1,POWER,3.65
1765727270371,CH1,POWER,3.65
1765727270377,CH1,POWER,3.65
1765727270381,CH1,POWER,3.65
1765727270387,CH1,POWER,3.65
1765727270393,CH1,POWER,3.65
1765727270397,CH1,POWER,3.65
1765727270403,CH1,POWER,3.65
1765727270407,CH1,POWER,3.65
1765727270411,CH1,POWER,3.65
1765727270417,CH1,POWER,3.65
1765727270421,CH1,POWER,3.65
1765727270426,CH1,POWER,3.65
1765727270433,CH1,POWER,3.65
1765727270437,CH1,POWER,3.65
1765727270441,CH1,POWER,3.65
1765727270447,CH1,POWER,3.65
1765727270451,CH1,POWER,3.65
1765727270457,CH1,POWER,3.65
1765727270461,CH1,POWER,3.65
1765727270467,CH1,POWER,3.65
1765727270471,CH1,POWER,3.65
1765727270477,CH1,POWER,3.65
1765727270485,CH1,POWER,3.65
1765727270490,CH1,POWER,3.65
1765727270494,CH1,POWER,3.65
1765727270499,CH1,POWER,3.65
1765727270507,CH1,POWER,3.65
1765727270513,CH1,POWER,3.65
1765727270517,CH1,POWER,3.65
1765727270521,CH1,POWER,3.65
1765727270527,CH1,POWER,3.65
1765727270531,CH1,POWER,3.65
1765727270537,CH1,POWER,3.65
1765727270541,CH1,POWER,3.65
1765727270546,CH1,POWER,3.65
1765727270550,CH1,POWER,3.65
1765727270554,CH1,POWER,3.65
1765727270558,CH1,POWER,3.60
1765727270561,CH1,POWER,3.60
1765727270586,CH1,POWER,3.60
1765727270590,CH1,POWER,3.60
1765727270594,CH1,POWER,3.60
1765727270599,CH1,POWER,3.60
1765727270603,CH1,POWER,3.60
1765727270609,CH1,POWER,3.60
1765727270613,CH1,POWER,3.60
1765727270619,CH1,POWER,3.60
1765727270623,CH1,POWER,3.60
1765727270629,CH1,POWER,3.60
1765727270633,CH1,POWER,3.60
1765727270639,CH1,POWER,3.60
1765727270643,CH1,POWER,3.60
1765727270649,CH1,POWER,3.60
1765727270653,CH1,POWER,3.60
1765727270659,CH1,POWER,3.60
1765727270663,CH1,POWER,3.60
1765727270669,CH1,POWER,3.60
1765727270673,CH1,POWER,3.60
1765727270679,CH1,POWER,3.60
1765727270683,CH1,POWER,3.60
1765727270689,CH1,POWER,3.60
1765727270693,CH1,POWER,3.60
1765727270699,CH1,POWER,3.60
1765727270703,CH1,POWER,3.60
1765727270709,CH1,POWER,3.60
1765727270713,CH1,POWER,3.60
1765727270719,CH1,POWER,3.60
1765727270723,CH1,POWER,3.60
1765727270729,CH1,POWER,3.60
1765727270733,CH1,POWER,3.60
1765727270739,CH1,POWER,3.60
1765727270743,CH1,POWER,3.60
1765727270749,CH1,POWER,3.60
1765727270753,CH1,POWER,3.60
1765727270759,CH1,POWER,3.60
1765727270763,CH1,POWER,3.60
1765727270769,CH1,POWER,3.60
1765727270773,CH1,POWER,3.60
1765727270779,CH1,POWER,3.60
1765727270783,CH1,POWER,3.60
1765727270789,CH1,POWER,3.60
1765727270793,CH1,POWER,3.60
1765727270799,CH1,POWER,3.60
1765727270803,CH1,POWER,3.60
1765727270809,CH1,POWER,3.60
1765727270813,CH1,POWER,3.60
1765727270819,CH1,POWER,3.60
1765727270823,CH1,POWER,3.60
1765727270829,CH1,POWER,3.60
1765727270833,CH1,POWER,3.60
1765727270839,CH1,POWER,3.60
1765727270843,CH1,POWER,3.60
1765727270849,CH1,POWER,3.60
1765727270853,CH1,POWER,3.60
1765727270859,CH1,POWER,3.60
1765727270863,CH1,POWER,3.60
1765727270869,CH1,POWER,3.60
1765727270873,CH1,POWER,3.60
1765727270879,CH1,POWER,3.60
1765727270883,CH1,POWER,3.60
1765727270889,CH1,POWER,3.60
1765727270893,CH1,POWER,3.60
1765727270899,CH1,POWER,3.60
1765727270903,CH1,POWER,3.60
1765727270909,CH1,POWER,3.60
1765727270913,CH1,POWER,3.60
1765727270919,CH1,POWER,3.60
1765727270923,CH1,POWER,3.60
1765727270929,CH1,POWER,3.60
1765727270933,CH1,POWER,3.60
1765727270939,CH1,POWER,3.60
1765727270943,CH1,POWER,3.60
1765727270949,CH1,POWER,3.60
1765727270952,CH1,POWER,3.70
1765727270977,CH1,POWER,3.70
1765727270981,CH1,POWER,3.70
1765727270985,CH1,POWER,3.70
1765727270991,CH1,POWER,3.70
1765727270995,CH1,POWER,3.70
1765727271001,CH1,POWER,3.70
1765727271005,CH1,POWER,3.70
1765727271011,CH1,POWER,3.70
1765727271015,CH1,POWER,3.70
1765727271021,CH1,POWER,3.70
1765727271025,CH1,POWER,3.70
1765727271031,CH1,POWER,3.70
1765727271035,CH1,POWER,3.70
1765727271041,CH1,POWER,3.70
1765727271045,CH1,POWER,3.70
1765727271051,CH1,POWER,3.70
1765727271055,CH1,POWER,3.70
1765727271061,CH1,POWER,3.70
1765727271065,CH1,POWER,3.70
1765727271071,CH1,POWER,3.70
1765727271075,CH1,POWER,3.70
1765727271081,CH1,POWER,3.70
1765727271085,CH1,POWER,3.70
1765727271091,CH1,POWER,3.70
1765727271095,CH1,POWER,3.70
1765727271101,CH1,POWER,3.70
1765727271105,CH1,POWER,3.70
1765727271111,CH1,POWER,3.70
1765727271115,CH1,POWER,3.70
1765727271121,CH1,POWER,3.70
1765727271125,CH1,POWER,3.70
1765727271131,CH1,POWER,3.70
1765727271135,CH1,POWER,3.70
1765727271141,CH1,POWER,3.70
1765727271145,CH1,POWER,3.70
1765727271151,CH1,POWER,3.70
1765727271155,CH1,POWER,3.70
1765727271161,CH1,POWER,3.70
1765727271165,CH1,POWER,3.70
1765727271171,CH1,POWER,3.70
1765727271175,CH1,POWER,3.70
1765727271181,CH1,POWER,3.70
1765727271185,CH1,POWER,3.70
1765727271191,CH1,POWER,3.70
1765727271195,CH1,POWER,3.70
1765727271201,CH1,POWER,3.70
1765727271205,CH1,POWER,3.70
1765727271211,CH1,POWER,3.70
1765727271215,CH1,POWER,3.70
1765727271221,CH1,POWER,3.70
1765727271225,CH1,POWER,3.70
1765727271231,CH1,POWER,3.70
1765727271235,CH1,POWER,3.70
1765727271241,CH1,POWER,3.70
1765727271245,CH1,POWER,3.70
1765727271251,CH1,POWER,3.70
1765727271255,CH1,POWER,3.70
1765727271261,CH1,POWER,3.70
1765727271265,CH1,POWER,3.70
1765727271271,CH1,POWER,3.70
1765727271275,CH1,POWER,3.70
1765727271281,CH1,POWER,3.70
1765727271285,CH1,POWER,3.70
1765727271291,CH1,POWER,3.70
1765727271295,CH1,POWER,3.70
1765727271301,CH1,POWER,3.70
1765727271305,CH1,POWER,3.70
1765727271311,CH1,POWER,3.70
1765727271315,CH1,POWER,3.70
1765727271321,CH1,POWER,3.70
1765727271325,CH1,POWER,3.70
1765727271331,CH1,POWER,3.70
1765727271335,CH1,POWER,3.70
1765727271341,CH1,POWER,3.70
1765727271343,CH1,POWER,3.70
1765727271345,CH1,POWER,3.70
1765727271372,CH1,POWER,3.70
1765727271376,CH1,POWER,3.70
1765727271380,CH1,POWER,3.70
1765727271384,CH1,POWER,3.70
1765727271388,CH1,POWER,3.70
1765727271394,CH1,POWER,3.70
1765727271398,CH1,POWER,3.70
1765727271404,CH1,POWER,3.70
1765727271408,CH1,POWER,3.70
1765727271414,CH1,POWER,3.70
1765727271418,CH1,POWER,3.70
1765727271424,CH1,POWER,3.70
1765727271428,CH1,POWER,3.70
1765727271434,CH1,POWER,3.70
1765727271438,CH1,POWER,3.70
1765727271444,CH1,POWER,3.70
1765727271448,CH1,POWER,3.70
1765727271454,CH1,POWER,3.70
1765727271458,CH1,POWER,3.70
1765727271464,CH1,POWER,3.70
1765727271468,CH1,POWER,3.70
1765727271474,CH1,POWER,3.70
1765727271478,CH1,POWER,3.70
1765727271484,CH1,POWER,3.70
1765727271488,CH1,POWER,3.70
1765727271494,CH1,POWER,3.70
1765727271498,CH1,POWER,3.70
1765727271504,CH1,POWER,3.70
1765727271508,CH1,POWER,3.70
1765727271514,CH1,POWER,3.70
1765727271518,CH1,POWER,3.70
1765727271523,CH1,POWER,3.70
1765727271527,CH1,POWER,3.70
1765727271533,CH1,POWER,3.70
1765727271537,CH1,POWER,3.70
1765727271543,CH1,POWER,3.70
1765727271547,CH1,POWER,3.70
1765727271553,CH1,POWER,3.70
1765727271557,CH1,POWER,3.70
1765727271563,CH1,POWER,3.70
1765727271567,CH1,POWER,3.70
1765727271573,CH1,POWER,3.70
1765727271577,CH1,POWER,3.70
1765727271583,CH1,POWER,3.70
1765727271587,CH1,POWER,3.70
1765727271593,CH1,POWER,3.70
1765727271597,CH1,POWER,3.70
1765727271603,CH1,POWER,3.70
1765727271607,CH1,POWER,3.70
1765727271613,CH1,POWER,3.70
1765727271617,CH1,POWER,3.70
1765727271623,CH1,POWER,3.70
1765727271627,CH1,POWER,3.70
1765727271633,CH1,POWER,3.70
1765727271637,CH1,POWER,3.70
1765727271643,CH1,POWER,3.70
1765727271647,CH1,POWER,3.70
1765727271653,CH1,POWER,3.70
1765727271657,CH1,POWER,3.70
1765727271663,CH1,POWER,3.70
1765727271667,CH1,POWER,3.70
1765727271673,CH1,POWER,3.70
1765727271677,CH1,POWER,3.70
1765727271683,CH1,POWER,3.70
1765727271687,CH1,POWER,3.70
1765727271693,CH1,POWER,3.70
1765727271697,CH1,POWER,3.70
1765727271703,CH1,POWER,3.70
1765727271707,CH1,POWER,3.70
1765727271713,CH1,POWER,3.70
1765727271717,CH1,POWER,3.70
1765727271723,CH1,POWER,3.70
1765727271727,CH1,POWER,3.70
1765727271733,CH1,POWER,3.70
1765727271736,CH1,POWER,3.60
1765727271762,CH1,POWER,3.60
1765727271766,CH1,POWER,3.60
1765727271770,CH1,POWER,3.60
1765727271776,CH1,POWER,3.60
1765727271780,CH1,POWER,3.60
1765727271786,CH1,POWER,3.60
1765727271790,CH1,POWER,3.60
1765727271796,CH1,POWER,3.60
1765727271800,CH1,POWER,3.60
1765727271806,CH1,POWER,3.60
1765727271810,CH1,POWER,3.60
1765727271816,CH1,POWER,3.60
1765727271820,CH1,POWER,3.60
1765727271826,CH1,POWER,3.60
1765727271830,CH1,POWER,3.60
1765727271835,CH1,POWER,3.60
1765727271839,CH1,POWER,3.60
1765727271845,CH1,POWER,3.60
1765727271849,CH1,POWER,3.60
1765727271855,CH1,POWER,3.60
1765727271863,CH1,POWER,3.60
1765727271867,CH1,POWER,3.60
1765727271875,CH1,POWER,3.60
1765727271879,CH1,POWER,3.60
1765727271884,CH1,POWER,3.60
1765727271888,CH1,POWER,3.60
1765727271892,CH1,POWER,3.60
1765727271898,CH1,POWER,3.60
1765727271902,CH1,POWER,3.60
1765727271906,CH1,POWER,3.60
1765727271911,CH1,POWER,3.60
1765727271915,CH1,POWER,3.60
1765727271923,CH1,POWER,3.60
1765727271928,CH1,POWER,3.60
1765727271932,CH1,POWER,3.60
1765727271938,CH1,POWER,3.60
1765727271942,CH1,POWER,3.60
1765727271946,CH1,POWER,3.60
1765727271952,CH1,POWER,3.60
1765727271956,CH1,POWER,3.60
1765727271961,CH1,POWER,3.60
1765727271965,CH1,POWER,3.60
1765727271969,CH1,POWER,3.60
1765727271975,CH1,POWER,3.60
1765727271979,CH1,POWER,3.60
1765727271985,CH1,POWER,3.60
1765727271991,CH1,POWER,3.60
1765727271995,CH1,POWER,3.60
1765727271999,CH1,POWER,3.60
1765727272005,CH1,POWER,3.60
1765727272011,CH1,POWER,3.60
1765727272015,CH1,POWER,3.60
1765727272019,CH1,POWER,3.60
