round,load,period,start_time,id,channelId,exp_duration,end_time,experiment
31,30,2,1765904843338,3556,CH1,80110,1765904923448,stress-ng
1765904843342,CH1,POWER,2.55
1765904843346,CH1,POWER,2.55
1765904843351,CH1,POWER,2.55
1765904843355,CH1,POWER,2.55
1765904843360,CH1,POWER,2.55
1765904843364,CH1,POWER,2.55
1765904843368,CH1,POWER,2.55
1765904843373,CH1,POWER,2.55
1765904843380,CH1,POWER,2.55
1765904843384,CH1,POWER,2.55
1765904843390,CH1,POWER,2.55
1765904843394,CH1,POWER,2.55
1765904843398,CH1,POWER,2.55
1765904843404,CH1,POWER,2.55
1765904843410,CH1,POWER,2.55
1765904843414,CH1,POWER,2.55
1765904843422,CH1,POWER,2.55
1765904843427,CH1,POWER,2.55
1765904843434,CH1,POWER,2.55
1765904843440,CH1,POWER,2.55
1765904843444,CH1,POWER,2.55
1765904843450,CH1,POWER,2.55
1765904843454,CH1,POWER,2.55
1765904843462,CH1,POWER,2.55
1765904843466,CH1,POWER,2.55
1765904843472,CH1,POWER,2.55
1765904843477,CH1,POWER,2.55
1765904843481,CH1,POWER,2.55
1765904843486,CH1,POWER,2.55
1765904843494,CH1,POWER,2.55
1765904843500,CH1,POWER,2.55
1765904843504,CH1,POWER,2.55
1765904843508,CH1,POWER,2.55
1765904843514,CH1,POWER,2.55
1765904843520,CH1,POWER,2.55
1765904843524,CH1,POWER,2.55
1765904843530,CH1,POWER,2.55
1765904843534,CH1,POWER,2.55
1765904843538,CH1,POWER,2.55
1765904843543,CH1,POWER,2.55
1765904843547,CH1,POWER,2.55
1765904843551,CH1,POWER,2.55
1765904843555,CH1,POWER,2.55
1765904843560,CH1,POWER,2.55
1765904843564,CH1,POWER,2.55
1765904843570,CH1,POWER,2.55
1765904843574,CH1,POWER,2.55
1765904843578,CH1,POWER,2.55
1765904843584,CH1,POWER,2.55
1765904843588,CH1,POWER,2.55
1765904843594,CH1,POWER,2.55
1765904843600,CH1,POWER,2.55
1765904843604,CH1,POWER,2.55
1765904843610,CH1,POWER,2.55
1765904843614,CH1,POWER,2.55
1765904843622,CH1,POWER,2.55
1765904843627,CH1,POWER,2.55
1765904843631,CH1,POWER,2.55
1765904843636,CH1,POWER,2.55
1765904843644,CH1,POWER,2.55
1765904843650,CH1,POWER,2.55
1765904843654,CH1,POWER,2.55
1765904843658,CH1,POWER,2.55
1765904843664,CH1,POWER,2.55
1765904843670,CH1,POWER,2.55
1765904843674,CH1,POWER,2.55
1765904843680,CH1,POWER,2.55
1765904843684,CH1,POWER,2.55
1765904843687,CH1,POWER,3.65
1765904843713,CH1,POWER,3.65
1765904843718,CH1,POWER,3.65
1765904843723,CH1,POWER,3.65
1765904843728,CH1,POWER,3.65
1765904843733,CH1,POWER,3.65
1765904843738,CH1,POWER,3.65
1765904843746,CH1,POWER,3.65
1765904843752,CH1,POWER,3.65
1765904843756,CH1,POWER,3.65
1765904843762,CH1,POWER,3.65
1765904843766,CH1,POWER,3.65
1765904843770,CH1,POWER,3.65
1765904843776,CH1,POWER,3.65
1765904843782,CH1,POWER,3.65
1765904843786,CH1,POWER,3.65
1765904843794,CH1,POWER,3.65
1765904843799,CH1,POWER,3.65
1765904843806,CH1,POWER,3.65
1765904843810,CH1,POWER,3.65
1765904843815,CH1,POWER,3.65
1765904843819,CH1,POWER,3.65
1765904843826,CH1,POWER,3.65
1765904843832,CH1,POWER,3.65
1765904843836,CH1,POWER,3.65
1765904843840,CH1,POWER,3.65
1765904843846,CH1,POWER,3.65
1765904843850,CH1,POWER,3.65
1765904843855,CH1,POWER,3.65
1765904843862,CH1,POWER,3.65
1765904843866,CH1,POWER,3.65
1765904843872,CH1,POWER,3.65
1765904843876,CH1,POWER,3.65
1765904843880,CH1,POWER,3.65
1765904843886,CH1,POWER,3.65
1765904843892,CH1,POWER,3.65
1765904843896,CH1,POWER,3.65
1765904843900,CH1,POWER,3.65
1765904843906,CH1,POWER,3.65
1765904843912,CH1,POWER,3.65
1765904843916,CH1,POWER,3.65
1765904843920,CH1,POWER,3.65
1765904843926,CH1,POWER,3.65
1765904843932,CH1,POWER,3.65
1765904843936,CH1,POWER,3.65
1765904843940,CH1,POWER,3.65
1765904843946,CH1,POWER,3.65
1765904843950,CH1,POWER,3.65
1765904843956,CH1,POWER,3.65
1765904843960,CH1,POWER,3.65
1765904843966,CH1,POWER,3.65
1765904843972,CH1,POWER,3.65
1765904843976,CH1,POWER,3.65
1765904843984,CH1,POWER,3.65
1765904843989,CH1,POWER,3.65
1765904843993,CH1,POWER,3.65
1765904843997,CH1,POWER,3.65
1765904844002,CH1,POWER,3.65
1765904844006,CH1,POWER,3.65
1765904844014,CH1,POWER,3.65
1765904844019,CH1,POWER,3.65
1765904844026,CH1,POWER,3.65
1765904844032,CH1,POWER,3.65
1765904844037,CH1,POWER,3.65
1765904844042,CH1,POWER,3.65
1765904844046,CH1,POWER,3.65
1765904844052,CH1,POWER,3.65
1765904844056,CH1,POWER,3.65
1765904844060,CH1,POWER,3.65
1765904844065,CH1,POWER,3.65
1765904844069,CH1,POWER,3.65
1765904844073,CH1,POWER,3.65
1765904844078,CH1,POWER,3.65
1765904844083,CH1,POWER,3.65
1765904844087,CH1,POWER,3.55
1765904844089,CH1,POWER,3.55
1765904844115,CH1,POWER,3.55
1765904844120,CH1,POWER,3.55
1765904844125,CH1,POWER,3.55
1765904844129,CH1,POWER,3.55
1765904844134,CH1,POWER,3.55
1765904844138,CH1,POWER,3.55
1765904844146,CH1,POWER,3.55
1765904844151,CH1,POWER,3.55
1765904844158,CH1,POWER,3.55
1765904844162,CH1,POWER,3.55
1765904844167,CH1,POWER,3.55
1765904844171,CH1,POWER,3.55
1765904844177,CH1,POWER,3.55
1765904844182,CH1,POWER,3.55
1765904844188,CH1,POWER,3.55
1765904844194,CH1,POWER,3.55
1765904844198,CH1,POWER,3.55
1765904844202,CH1,POWER,3.55
1765904844208,CH1,POWER,3.55
1765904844214,CH1,POWER,3.55
1765904844218,CH1,POWER,3.55
1765904844222,CH1,POWER,3.55
1765904844228,CH1,POWER,3.55
1765904844234,CH1,POWER,3.55
1765904844238,CH1,POWER,3.55
1765904844244,CH1,POWER,3.55
1765904844248,CH1,POWER,3.55
1765904844254,CH1,POWER,3.55
1765904844258,CH1,POWER,3.55
1765904844264,CH1,POWER,3.55
1765904844268,CH1,POWER,3.55
1765904844272,CH1,POWER,3.55
1765904844278,CH1,POWER,3.55
1765904844284,CH1,POWER,3.55
1765904844288,CH1,POWER,3.55
1765904844294,CH1,POWER,3.55
1765904844298,CH1,POWER,3.55
1765904844302,CH1,POWER,3.55
1765904844308,CH1,POWER,3.55
1765904844312,CH1,POWER,3.55
1765904844317,CH1,POWER,3.55
1765904844321,CH1,POWER,3.55
1765904844328,CH1,POWER,3.55
1765904844332,CH1,POWER,3.55
1765904844338,CH1,POWER,3.55
1765904844342,CH1,POWER,3.55
1765904844348,CH1,POWER,3.55
1765904844352,CH1,POWER,3.55
1765904844357,CH1,POWER,3.55
1765904844361,CH1,POWER,3.55
1765904844368,CH1,POWER,3.55
1765904844374,CH1,POWER,3.55
1765904844378,CH1,POWER,3.55
1765904844384,CH1,POWER,3.55
1765904844388,CH1,POWER,3.55
1765904844392,CH1,POWER,3.55
1765904844398,CH1,POWER,3.55
1765904844402,CH1,POWER,3.55
1765904844407,CH1,POWER,3.55
1765904844411,CH1,POWER,3.55
1765904844417,CH1,POWER,3.55
1765904844421,CH1,POWER,3.55
1765904844425,CH1,POWER,3.55
1765904844429,CH1,POWER,3.55
1765904844434,CH1,POWER,3.55
1765904844438,CH1,POWER,3.55
1765904844442,CH1,POWER,3.55
1765904844447,CH1,POWER,3.55
1765904844451,CH1,POWER,3.55
1765904844458,CH1,POWER,3.55
1765904844464,CH1,POWER,3.55
1765904844468,CH1,POWER,3.55
1765904844472,CH1,POWER,3.55
1765904844478,CH1,POWER,3.55
1765904844481,CH1,POWER,3.35
1765904844507,CH1,POWER,3.35
1765904844512,CH1,POWER,3.35
1765904844517,CH1,POWER,3.35
1765904844521,CH1,POWER,3.35
1765904844527,CH1,POWER,3.35
1765904844532,CH1,POWER,3.35
1765904844537,CH1,POWER,3.35
1765904844542,CH1,POWER,3.35
1765904844550,CH1,POWER,3.35
1765904844556,CH1,POWER,3.35
1765904844560,CH1,POWER,3.35
1765904844564,CH1,POWER,3.35
1765904844569,CH1,POWER,3.35
1765904844574,CH1,POWER,3.35
1765904844579,CH1,POWER,3.35
1765904844584,CH1,POWER,3.35
1765904844589,CH1,POWER,3.35
1765904844593,CH1,POWER,3.35
1765904844600,CH1,POWER,3.35
1765904844604,CH1,POWER,3.35
1765904844610,CH1,POWER,3.35
1765904844616,CH1,POWER,3.35
1765904844620,CH1,POWER,3.35
1765904844624,CH1,POWER,3.35
1765904844629,CH1,POWER,3.35
1765904844633,CH1,POWER,3.35
1765904844637,CH1,POWER,3.35
1765904844643,CH1,POWER,3.35
1765904844647,CH1,POWER,3.35
1765904844652,CH1,POWER,3.35
1765904844660,CH1,POWER,3.35
1765904844666,CH1,POWER,3.35
1765904844670,CH1,POWER,3.35
1765904844674,CH1,POWER,3.35
1765904844679,CH1,POWER,3.35
1765904844683,CH1,POWER,3.35
1765904844687,CH1,POWER,3.35
1765904844692,CH1,POWER,3.35
1765904844697,CH1,POWER,3.35
1765904844701,CH1,POWER,3.35
1765904844706,CH1,POWER,3.35
1765904844710,CH1,POWER,3.35
1765904844714,CH1,POWER,3.35
1765904844720,CH1,POWER,3.35
1765904844726,CH1,POWER,3.35
1765904844730,CH1,POWER,3.35
1765904844736,CH1,POWER,3.35
1765904844740,CH1,POWER,3.35
1765904844744,CH1,POWER,3.35
1765904844750,CH1,POWER,3.35
1765904844758,CH1,POWER,3.35
1765904844763,CH1,POWER,3.35
1765904844770,CH1,POWER,3.35
1765904844774,CH1,POWER,3.35
1765904844779,CH1,POWER,3.35
1765904844783,CH1,POWER,3.35
1765904844790,CH1,POWER,3.35
1765904844798,CH1,POWER,3.35
1765904844803,CH1,POWER,3.35
1765904844810,CH1,POWER,3.35
1765904844814,CH1,POWER,3.35
1765904844819,CH1,POWER,3.35
1765904844823,CH1,POWER,3.35
1765904844830,CH1,POWER,3.35
1765904844836,CH1,POWER,3.35
1765904844840,CH1,POWER,3.35
1765904844844,CH1,POWER,3.35
1765904844850,CH1,POWER,3.35
1765904844856,CH1,POWER,3.35
1765904844860,CH1,POWER,3.35
1765904844864,CH1,POWER,3.35
1765904844869,CH1,POWER,3.35
1765904844873,CH1,POWER,3.55
1765904844899,CH1,POWER,3.55
1765904844904,CH1,POWER,3.55
1765904844909,CH1,POWER,3.55
1765904844915,CH1,POWER,3.55
1765904844922,CH1,POWER,3.55
1765904844928,CH1,POWER,3.55
1765904844932,CH1,POWER,3.55
1765904844938,CH1,POWER,3.55
1765904844942,CH1,POWER,3.55
1765904844948,CH1,POWER,3.55
1765904844952,CH1,POWER,3.55
1765904844960,CH1,POWER,3.55
1765904844965,CH1,POWER,3.55
1765904844972,CH1,POWER,3.55
1765904844978,CH1,POWER,3.55
1765904844982,CH1,POWER,3.55
1765904844988,CH1,POWER,3.55
1765904844992,CH1,POWER,3.55
1765904844996,CH1,POWER,3.55
1765904845002,CH1,POWER,3.55
1765904845008,CH1,POWER,3.55
1765904845012,CH1,POWER,3.55
1765904845016,CH1,POWER,3.55
1765904845022,CH1,POWER,3.55
1765904845028,CH1,POWER,3.55
1765904845032,CH1,POWER,3.55
1765904845038,CH1,POWER,3.55
1765904845042,CH1,POWER,3.55
1765904845050,CH1,POWER,3.55
1765904845055,CH1,POWER,3.55
1765904845062,CH1,POWER,3.55
1765904845068,CH1,POWER,3.55
1765904845072,CH1,POWER,3.55
1765904845078,CH1,POWER,3.55
1765904845082,CH1,POWER,3.55
1765904845088,CH1,POWER,3.55
1765904845092,CH1,POWER,3.55
1765904845100,CH1,POWER,3.55
1765904845106,CH1,POWER,3.55
1765904845111,CH1,POWER,3.55
1765904845115,CH1,POWER,3.55
1765904845121,CH1,POWER,3.55
1765904845125,CH1,POWER,3.55
1765904845131,CH1,POWER,3.55
1765904845135,CH1,POWER,3.55
1765904845141,CH1,POWER,3.55
1765904845146,CH1,POWER,3.55
1765904845151,CH1,POWER,3.55
1765904845155,CH1,POWER,3.55
1765904845161,CH1,POWER,3.55
1765904845166,CH1,POWER,3.55
1765904845172,CH1,POWER,3.55
1765904845176,CH1,POWER,3.55
1765904845182,CH1,POWER,3.55
1765904845188,CH1,POWER,3.55
1765904845192,CH1,POWER,3.55
1765904845200,CH1,POWER,3.55
1765904845205,CH1,POWER,3.55
1765904845212,CH1,POWER,3.55
1765904845220,CH1,POWER,3.55
1765904845225,CH1,POWER,3.55
1765904845229,CH1,POWER,3.55
1765904845233,CH1,POWER,3.55
1765904845237,CH1,POWER,3.55
1765904845242,CH1,POWER,3.55
1765904845246,CH1,POWER,3.55
1765904845252,CH1,POWER,3.55
1765904845258,CH1,POWER,3.55
1765904845262,CH1,POWER,3.55
1765904845265,CH1,POWER,3.55
1765904845291,CH1,POWER,3.55
1765904845296,CH1,POWER,3.55
1765904845301,CH1,POWER,3.55
1765904845305,CH1,POWER,3.55
1765904845310,CH1,POWER,3.55
1765904845314,CH1,POWER,3.55
1765904845322,CH1,POWER,3.55
1765904845327,CH1,POWER,3.55
1765904845334,CH1,POWER,3.55
1765904845338,CH1,POWER,3.55
1765904845343,CH1,POWER,3.55
1765904845347,CH1,POWER,3.55
1765904845353,CH1,POWER,3.55
1765904845357,CH1,POWER,3.55
1765904845363,CH1,POWER,3.55
1765904845368,CH1,POWER,3.55
1765904845374,CH1,POWER,3.55
1765904845380,CH1,POWER,3.55
1765904845384,CH1,POWER,3.55
1765904845388,CH1,POWER,3.55
1765904845393,CH1,POWER,3.55
1765904845398,CH1,POWER,3.55
1765904845403,CH1,POWER,3.55
1765904845408,CH1,POWER,3.55
1765904845414,CH1,POWER,3.55
1765904845422,CH1,POWER,3.55
1765904845427,CH1,POWER,3.55
1765904845431,CH1,POWER,3.55
1765904845436,CH1,POWER,3.55
1765904845441,CH1,POWER,3.55
1765904845446,CH1,POWER,3.55
1765904845451,CH1,POWER,3.55
1765904845455,CH1,POWER,3.55
1765904845460,CH1,POWER,3.55
1765904845464,CH1,POWER,3.55
1765904845468,CH1,POWER,3.55
1765904845474,CH1,POWER,3.55
1765904845480,CH1,POWER,3.55
1765904845484,CH1,POWER,3.55
1765904845489,CH1,POWER,3.55
1765904845494,CH1,POWER,3.55
1765904845498,CH1,POWER,3.55
1765904845503,CH1,POWER,3.55
1765904845510,CH1,POWER,3.55
1765904845514,CH1,POWER,3.55
1765904845522,CH1,POWER,3.55
1765904845527,CH1,POWER,3.55
1765904845535,CH1,POWER,3.55
1765904845542,CH1,POWER,3.55
1765904845547,CH1,POWER,3.55
1765904845554,CH1,POWER,3.55
1765904845560,CH1,POWER,3.55
1765904845564,CH1,POWER,3.55
1765904845572,CH1,POWER,3.55
1765904845577,CH1,POWER,3.55
1765904845584,CH1,POWER,3.55
1765904845588,CH1,POWER,3.55
1765904845593,CH1,POWER,3.55
1765904845597,CH1,POWER,3.55
1765904845601,CH1,POWER,3.55
1765904845606,CH1,POWER,3.55
1765904845614,CH1,POWER,3.55
1765904845618,CH1,POWER,3.55
1765904845623,CH1,POWER,3.55
1765904845627,CH1,POWER,3.55
1765904845631,CH1,POWER,3.55
1765904845636,CH1,POWER,3.55
1765904845641,CH1,POWER,3.55
1765904845646,CH1,POWER,3.55
1765904845651,CH1,POWER,3.55
1765904845654,CH1,POWER,3.60
1765904845656,CH1,POWER,3.60
1765904845659,CH1,POWER,3.60
1765904845686,CH1,POWER,3.60
1765904845692,CH1,POWER,3.60
1765904845696,CH1,POWER,3.60
1765904845704,CH1,POWER,3.60
1765904845709,CH1,POWER,3.60
1765904845716,CH1,POWER,3.60
1765904845724,CH1,POWER,3.60
1765904845729,CH1,POWER,3.60
1765904845736,CH1,POWER,3.60
1765904845744,CH1,POWER,3.60
1765904845749,CH1,POWER,3.60
1765904845756,CH1,POWER,3.60
1765904845764,CH1,POWER,3.60
1765904845769,CH1,POWER,3.60
1765904845776,CH1,POWER,3.60
1765904845782,CH1,POWER,3.60
1765904845786,CH1,POWER,3.60
1765904845792,CH1,POWER,3.60
1765904845796,CH1,POWER,3.60
1765904845800,CH1,POWER,3.60
1765904845806,CH1,POWER,3.60
1765904845812,CH1,POWER,3.60
1765904845816,CH1,POWER,3.60
1765904845822,CH1,POWER,3.60
1765904845826,CH1,POWER,3.60
1765904845832,CH1,POWER,3.60
1765904845836,CH1,POWER,3.60
1765904845844,CH1,POWER,3.60
1765904845848,CH1,POWER,3.60
1765904845853,CH1,POWER,3.60
1765904845857,CH1,POWER,3.60
1765904845864,CH1,POWER,3.60
1765904845869,CH1,POWER,3.60
1765904845875,CH1,POWER,3.60
1765904845880,CH1,POWER,3.60
1765904845886,CH1,POWER,3.60
1765904845892,CH1,POWER,3.60
1765904845896,CH1,POWER,3.60
1765904845900,CH1,POWER,3.60
1765904845906,CH1,POWER,3.60
1765904845914,CH1,POWER,3.60
1765904845919,CH1,POWER,3.60
1765904845923,CH1,POWER,3.60
1765904845928,CH1,POWER,3.60
1765904845934,CH1,POWER,3.60
1765904845939,CH1,POWER,3.60
1765904845943,CH1,POWER,3.60
1765904845947,CH1,POWER,3.60
1765904845952,CH1,POWER,3.60
1765904845956,CH1,POWER,3.60
1765904845962,CH1,POWER,3.60
1765904845966,CH1,POWER,3.60
1765904845971,CH1,POWER,3.60
1765904845976,CH1,POWER,3.60
1765904845980,CH1,POWER,3.60
1765904845985,CH1,POWER,3.60
1765904845989,CH1,POWER,3.60
1765904845996,CH1,POWER,3.60
1765904846002,CH1,POWER,3.60
1765904846006,CH1,POWER,3.60
1765904846012,CH1,POWER,3.60
1765904846016,CH1,POWER,3.60
1765904846022,CH1,POWER,3.60
1765904846026,CH1,POWER,3.60
1765904846032,CH1,POWER,3.60
1765904846036,CH1,POWER,3.60
1765904846039,CH1,POWER,3.70
1765904846065,CH1,POWER,3.70
1765904846070,CH1,POWER,3.70
1765904846075,CH1,POWER,3.70
1765904846079,CH1,POWER,3.70
1765904846086,CH1,POWER,3.70
1765904846091,CH1,POWER,3.70
1765904846097,CH1,POWER,3.70
1765904846102,CH1,POWER,3.70
1765904846107,CH1,POWER,3.70
1765904846111,CH1,POWER,3.70
1765904846117,CH1,POWER,3.70
1765904846122,CH1,POWER,3.70
1765904846127,CH1,POWER,3.70
1765904846134,CH1,POWER,3.70
1765904846138,CH1,POWER,3.70
1765904846143,CH1,POWER,3.70
1765904846148,CH1,POWER,3.70
1765904846156,CH1,POWER,3.70
1765904846161,CH1,POWER,3.70
1765904846165,CH1,POWER,3.70
1765904846171,CH1,POWER,3.70
1765904846177,CH1,POWER,3.70
1765904846182,CH1,POWER,3.70
1765904846188,CH1,POWER,3.70
1765904846192,CH1,POWER,3.70
1765904846197,CH1,POWER,3.70
1765904846201,CH1,POWER,3.70
1765904846205,CH1,POWER,3.70
1765904846210,CH1,POWER,3.70
1765904846216,CH1,POWER,3.70
1765904846221,CH1,POWER,3.70
1765904846225,CH1,POWER,3.70
1765904846231,CH1,POWER,3.70
1765904846238,CH1,POWER,3.70
1765904846243,CH1,POWER,3.70
1765904846248,CH1,POWER,3.70
1765904846253,CH1,POWER,3.70
1765904846258,CH1,POWER,3.70
1765904846266,CH1,POWER,3.70
1765904846272,CH1,POWER,3.70
1765904846277,CH1,POWER,3.70
1765904846282,CH1,POWER,3.70
1765904846288,CH1,POWER,3.70
1765904846296,CH1,POWER,3.70
1765904846302,CH1,POWER,3.70
1765904846307,CH1,POWER,3.70
1765904846312,CH1,POWER,3.70
1765904846318,CH1,POWER,3.70
1765904846326,CH1,POWER,3.70
1765904846331,CH1,POWER,3.70
1765904846335,CH1,POWER,3.70
1765904846340,CH1,POWER,3.70
1765904846345,CH1,POWER,3.70
1765904846349,CH1,POWER,3.70
1765904846355,CH1,POWER,3.70
1765904846361,CH1,POWER,3.70
1765904846365,CH1,POWER,3.70
1765904846370,CH1,POWER,3.70
1765904846376,CH1,POWER,3.70
1765904846382,CH1,POWER,3.70
1765904846387,CH1,POWER,3.70
1765904846391,CH1,POWER,3.70
1765904846398,CH1,POWER,3.70
1765904846402,CH1,POWER,3.70
1765904846407,CH1,POWER,3.70
1765904846411,CH1,POWER,3.70
1765904846415,CH1,POWER,3.70
1765904846420,CH1,POWER,3.70
1765904846422,CH1,POWER,3.45
1765904846450,CH1,POWER,3.45
1765904846455,CH1,POWER,3.45
1765904846460,CH1,POWER,3.45
1765904846465,CH1,POWER,3.45
1765904846470,CH1,POWER,3.45
1765904846478,CH1,POWER,3.45
1765904846483,CH1,POWER,3.45
1765904846490,CH1,POWER,3.45
1765904846498,CH1,POWER,3.45
1765904846503,CH1,POWER,3.45
1765904846507,CH1,POWER,3.45
1765904846512,CH1,POWER,3.45
1765904846520,CH1,POWER,3.45
1765904846526,CH1,POWER,3.45
1765904846530,CH1,POWER,3.45
1765904846536,CH1,POWER,3.45
1765904846540,CH1,POWER,3.45
1765904846545,CH1,POWER,3.45
1765904846550,CH1,POWER,3.45
1765904846556,CH1,POWER,3.45
1765904846560,CH1,POWER,3.45
1765904846566,CH1,POWER,3.45
1765904846570,CH1,POWER,3.45
1765904846575,CH1,POWER,3.45
1765904846580,CH1,POWER,3.45
1765904846588,CH1,POWER,3.45
1765904846593,CH1,POWER,3.45
1765904846600,CH1,POWER,3.45
1765904846605,CH1,POWER,3.45
1765904846610,CH1,POWER,3.45
1765904846615,CH1,POWER,3.45
1765904846620,CH1,POWER,3.45
1765904846628,CH1,POWER,3.45
1765904846633,CH1,POWER,3.45
1765904846640,CH1,POWER,3.45
1765904846645,CH1,POWER,3.45
1765904846650,CH1,POWER,3.45
1765904846655,CH1,POWER,3.45
1765904846660,CH1,POWER,3.45
1765904846666,CH1,POWER,3.45
1765904846670,CH1,POWER,3.45
1765904846674,CH1,POWER,3.45
1765904846679,CH1,POWER,3.45
1765904846683,CH1,POWER,3.45
1765904846690,CH1,POWER,3.45
1765904846696,CH1,POWER,3.45
1765904846700,CH1,POWER,3.45
1765904846704,CH1,POWER,3.45
1765904846709,CH1,POWER,3.45
1765904846714,CH1,POWER,3.45
1765904846720,CH1,POWER,3.45
1765904846724,CH1,POWER,3.45
1765904846729,CH1,POWER,3.45
1765904846736,CH1,POWER,3.45
1765904846740,CH1,POWER,3.45
1765904846745,CH1,POWER,3.45
1765904846750,CH1,POWER,3.45
1765904846756,CH1,POWER,3.45
1765904846760,CH1,POWER,3.45
1765904846766,CH1,POWER,3.45
1765904846770,CH1,POWER,3.45
1765904846775,CH1,POWER,3.45
1765904846780,CH1,POWER,3.45
1765904846788,CH1,POWER,3.45
1765904846793,CH1,POWER,3.45
1765904846797,CH1,POWER,3.45
1765904846802,CH1,POWER,3.45
1765904846804,CH1,POWER,3.65
1765904846832,CH1,POWER,3.65
1765904846838,CH1,POWER,3.65
1765904846842,CH1,POWER,3.65
1765904846850,CH1,POWER,3.65
1765904846855,CH1,POWER,3.65
1765904846862,CH1,POWER,3.65
1765904846868,CH1,POWER,3.65
1765904846872,CH1,POWER,3.65
1765904846878,CH1,POWER,3.65
1765904846882,CH1,POWER,3.65
1765904846887,CH1,POWER,3.65
1765904846892,CH1,POWER,3.65
1765904846900,CH1,POWER,3.65
1765904846904,CH1,POWER,3.65
1765904846909,CH1,POWER,3.65
1765904846914,CH1,POWER,3.65
1765904846922,CH1,POWER,3.65
1765904846928,CH1,POWER,3.65
1765904846932,CH1,POWER,3.65
1765904846940,CH1,POWER,3.65
1765904846945,CH1,POWER,3.65
1765904846952,CH1,POWER,3.65
1765904846958,CH1,POWER,3.65
1765904846962,CH1,POWER,3.65
1765904846968,CH1,POWER,3.65
1765904846972,CH1,POWER,3.65
1765904846977,CH1,POWER,3.65
1765904846982,CH1,POWER,3.65
1765904846990,CH1,POWER,3.65
1765904846995,CH1,POWER,3.65
1765904847001,CH1,POWER,3.65
1765904847006,CH1,POWER,3.65
1765904847012,CH1,POWER,3.65
1765904847016,CH1,POWER,3.65
1765904847021,CH1,POWER,3.65
1765904847026,CH1,POWER,3.65
1765904847031,CH1,POWER,3.65
1765904847035,CH1,POWER,3.65
1765904847042,CH1,POWER,3.65
1765904847046,CH1,POWER,3.65
1765904847052,CH1,POWER,3.65
1765904847058,CH1,POWER,3.65
1765904847062,CH1,POWER,3.65
1765904847066,CH1,POWER,3.65
1765904847071,CH1,POWER,3.65
1765904847076,CH1,POWER,3.65
1765904847082,CH1,POWER,3.65
1765904847088,CH1,POWER,3.65
1765904847092,CH1,POWER,3.65
1765904847096,CH1,POWER,3.65
1765904847101,CH1,POWER,3.65
1765904847106,CH1,POWER,3.65
1765904847111,CH1,POWER,3.65
1765904847116,CH1,POWER,3.65
1765904847121,CH1,POWER,3.65
1765904847125,CH1,POWER,3.65
1765904847131,CH1,POWER,3.65
1765904847136,CH1,POWER,3.65
1765904847142,CH1,POWER,3.65
1765904847146,CH1,POWER,3.65
1765904847152,CH1,POWER,3.65
1765904847158,CH1,POWER,3.65
1765904847162,CH1,POWER,3.65
1765904847167,CH1,POWER,3.65
1765904847172,CH1,POWER,3.65
1765904847176,CH1,POWER,3.65
1765904847182,CH1,POWER,3.65
1765904847186,CH1,POWER,3.70
1765904847214,CH1,POWER,3.70
1765904847219,CH1,POWER,3.70
1765904847224,CH1,POWER,3.70
1765904847230,CH1,POWER,3.70
1765904847234,CH1,POWER,3.70
1765904847239,CH1,POWER,3.70
1765904847244,CH1,POWER,3.70
1765904847249,CH1,POWER,3.70
1765904847254,CH1,POWER,3.70
1765904847260,CH1,POWER,3.70
1765904847264,CH1,POWER,3.70
1765904847269,CH1,POWER,3.70
1765904847274,CH1,POWER,3.70
1765904847278,CH1,POWER,3.70
1765904847283,CH1,POWER,3.70
1765904847287,CH1,POWER,3.70
1765904847294,CH1,POWER,3.70
1765904847300,CH1,POWER,3.70
1765904847304,CH1,POWER,3.70
1765904847309,CH1,POWER,3.70
1765904847314,CH1,POWER,3.70
1765904847319,CH1,POWER,3.70
1765904847324,CH1,POWER,3.70
1765904847330,CH1,POWER,3.70
1765904847334,CH1,POWER,3.70
1765904847339,CH1,POWER,3.70
1765904847344,CH1,POWER,3.70
1765904847349,CH1,POWER,3.70
1765904847354,CH1,POWER,3.70
1765904847360,CH1,POWER,3.70
1765904847364,CH1,POWER,3.70
1765904847368,CH1,POWER,3.70
1765904847374,CH1,POWER,3.70
1765904847379,CH1,POWER,3.70
1765904847384,CH1,POWER,3.70
1765904847389,CH1,POWER,3.70
1765904847394,CH1,POWER,3.70
1765904847400,CH1,POWER,3.70
1765904847404,CH1,POWER,3.70
1765904847412,CH1,POWER,3.70
1765904847417,CH1,POWER,3.70
1765904847424,CH1,POWER,3.70
1765904847430,CH1,POWER,3.70
1765904847434,CH1,POWER,3.70
1765904847439,CH1,POWER,3.70
1765904847444,CH1,POWER,3.70
1765904847449,CH1,POWER,3.70
1765904847454,CH1,POWER,3.70
1765904847460,CH1,POWER,3.70
1765904847464,CH1,POWER,3.70
1765904847470,CH1,POWER,3.70
1765904847474,CH1,POWER,3.70
1765904847479,CH1,POWER,3.70
1765904847484,CH1,POWER,3.70
1765904847489,CH1,POWER,3.70
1765904847494,CH1,POWER,3.70
1765904847502,CH1,POWER,3.70
1765904847507,CH1,POWER,3.70
1765904847514,CH1,POWER,3.70
1765904847518,CH1,POWER,3.70
1765904847523,CH1,POWER,3.70
1765904847528,CH1,POWER,3.70
1765904847534,CH1,POWER,3.70
1765904847539,CH1,POWER,3.70
1765904847544,CH1,POWER,3.70
1765904847549,CH1,POWER,3.70
1765904847554,CH1,POWER,3.70
1765904847560,CH1,POWER,3.70
1765904847564,CH1,POWER,3.70
1765904847569,CH1,POWER,3.70
1765904847574,CH1,POWER,3.70
1765904847577,CH1,POWER,3.25
1765904847603,CH1,POWER,3.25
1765904847608,CH1,POWER,3.25
1765904847613,CH1,POWER,3.25
1765904847619,CH1,POWER,3.25
1765904847626,CH1,POWER,3.25
1765904847632,CH1,POWER,3.25
1765904847636,CH1,POWER,3.25
1765904847641,CH1,POWER,3.25
1765904847646,CH1,POWER,3.25
1765904847650,CH1,POWER,3.25
1765904847655,CH1,POWER,3.25
1765904847660,CH1,POWER,3.25
1765904847665,CH1,POWER,3.25
1765904847671,CH1,POWER,3.25
1765904847676,CH1,POWER,3.25
1765904847681,CH1,POWER,3.25
1765904847686,CH1,POWER,3.25
1765904847692,CH1,POWER,3.25
1765904847696,CH1,POWER,3.25
1765904847704,CH1,POWER,3.25
1765904847709,CH1,POWER,3.25
1765904847716,CH1,POWER,3.25
1765904847721,CH1,POWER,3.25
1765904847726,CH1,POWER,3.25
1765904847734,CH1,POWER,3.25
1765904847738,CH1,POWER,3.25
1765904847743,CH1,POWER,3.25
1765904847749,CH1,POWER,3.25
1765904847753,CH1,POWER,3.25
1765904847758,CH1,POWER,3.25
1765904847766,CH1,POWER,3.25
1765904847771,CH1,POWER,3.25
1765904847776,CH1,POWER,3.25
1765904847781,CH1,POWER,3.25
1765904847786,CH1,POWER,3.25
1765904847791,CH1,POWER,3.25
1765904847796,CH1,POWER,3.25
1765904847801,CH1,POWER,3.25
1765904847806,CH1,POWER,3.25
1765904847814,CH1,POWER,3.25
1765904847819,CH1,POWER,3.25
1765904847826,CH1,POWER,3.25
1765904847832,CH1,POWER,3.25
1765904847836,CH1,POWER,3.25
1765904847841,CH1,POWER,3.25
1765904847846,CH1,POWER,3.25
1765904847852,CH1,POWER,3.25
1765904847856,CH1,POWER,3.25
1765904847864,CH1,POWER,3.25
1765904847869,CH1,POWER,3.25
1765904847875,CH1,POWER,3.25
1765904847880,CH1,POWER,3.25
1765904847885,CH1,POWER,3.25
1765904847891,CH1,POWER,3.25
1765904847896,CH1,POWER,3.25
1765904847901,CH1,POWER,3.25
1765904847906,CH1,POWER,3.25
1765904847910,CH1,POWER,3.25
1765904847915,CH1,POWER,3.25
1765904847919,CH1,POWER,3.25
1765904847926,CH1,POWER,3.25
1765904847932,CH1,POWER,3.25
1765904847936,CH1,POWER,3.25
1765904847942,CH1,POWER,3.25
1765904847946,CH1,POWER,3.25
1765904847952,CH1,POWER,3.25
1765904847956,CH1,POWER,3.25
1765904847961,CH1,POWER,3.25
1765904847966,CH1,POWER,3.25
1765904847968,CH1,POWER,3.65
1765904847995,CH1,POWER,3.65
1765904848000,CH1,POWER,3.65
1765904848005,CH1,POWER,3.65
1765904848011,CH1,POWER,3.65
1765904848017,CH1,POWER,3.65
1765904848022,CH1,POWER,3.65
1765904848027,CH1,POWER,3.65
1765904848032,CH1,POWER,3.65
1765904848038,CH1,POWER,3.65
1765904848044,CH1,POWER,3.65
1765904848048,CH1,POWER,3.65
1765904848054,CH1,POWER,3.65
1765904848058,CH1,POWER,3.65
1765904848063,CH1,POWER,3.65
1765904848068,CH1,POWER,3.65
1765904848074,CH1,POWER,3.65
1765904848078,CH1,POWER,3.65
1765904848084,CH1,POWER,3.65
1765904848088,CH1,POWER,3.65
1765904848092,CH1,POWER,3.65
1765904848097,CH1,POWER,3.65
1765904848101,CH1,POWER,3.65
1765904848108,CH1,POWER,3.65
1765904848112,CH1,POWER,3.65
1765904848117,CH1,POWER,3.65
1765904848121,CH1,POWER,3.65
1765904848125,CH1,POWER,3.65
1765904848130,CH1,POWER,3.65
1765904848135,CH1,POWER,3.65
1765904848140,CH1,POWER,3.65
1765904848145,CH1,POWER,3.65
1765904848149,CH1,POWER,3.65
1765904848156,CH1,POWER,3.65
1765904848160,CH1,POWER,3.65
1765904848165,CH1,POWER,3.65
1765904848169,CH1,POWER,3.65
1765904848176,CH1,POWER,3.65
1765904848181,CH1,POWER,3.65
1765904848188,CH1,POWER,3.65
1765904848193,CH1,POWER,3.65
1765904848198,CH1,POWER,3.65
1765904848203,CH1,POWER,3.65
1765904848208,CH1,POWER,3.65
1765904848214,CH1,POWER,3.65
1765904848218,CH1,POWER,3.65
1765904848223,CH1,POWER,3.65
1765904848228,CH1,POWER,3.65
1765904848233,CH1,POWER,3.65
1765904848238,CH1,POWER,3.65
1765904848243,CH1,POWER,3.65
1765904848248,CH1,POWER,3.65
1765904848252,CH1,POWER,3.65
1765904848257,CH1,POWER,3.65
1765904848263,CH1,POWER,3.65
1765904848268,CH1,POWER,3.65
1765904848273,CH1,POWER,3.65
1765904848278,CH1,POWER,3.65
1765904848282,CH1,POWER,3.65
1765904848287,CH1,POWER,3.65
1765904848292,CH1,POWER,3.65
1765904848297,CH1,POWER,3.65
1765904848303,CH1,POWER,3.65
1765904848308,CH1,POWER,3.65
1765904848316,CH1,POWER,3.65
1765904848321,CH1,POWER,3.65
1765904848328,CH1,POWER,3.65
1765904848333,CH1,POWER,3.65
1765904848338,CH1,POWER,3.65
1765904848343,CH1,POWER,3.65
1765904848348,CH1,POWER,3.65
1765904848352,CH1,POWER,3.65
1765904848358,CH1,POWER,3.65
1765904848360,CH1,POWER,3.30
1765904848386,CH1,POWER,3.30
1765904848390,CH1,POWER,3.30
1765904848395,CH1,POWER,3.30
1765904848400,CH1,POWER,3.30
1765904848408,CH1,POWER,3.30
1765904848413,CH1,POWER,3.30
1765904848420,CH1,POWER,3.30
1765904848425,CH1,POWER,3.30
1765904848430,CH1,POWER,3.30
1765904848435,CH1,POWER,3.30
1765904848440,CH1,POWER,3.30
1765904848445,CH1,POWER,3.30
1765904848450,CH1,POWER,3.30
1765904848458,CH1,POWER,3.30
1765904848463,CH1,POWER,3.30
1765904848467,CH1,POWER,3.30
1765904848471,CH1,POWER,3.30
1765904848475,CH1,POWER,3.30
1765904848480,CH1,POWER,3.30
1765904848484,CH1,POWER,3.30
1765904848490,CH1,POWER,3.30
1765904848495,CH1,POWER,3.30
1765904848500,CH1,POWER,3.30
1765904848505,CH1,POWER,3.30
1765904848510,CH1,POWER,3.30
1765904848515,CH1,POWER,3.30
1765904848520,CH1,POWER,3.30
1765904848526,CH1,POWER,3.30
1765904848531,CH1,POWER,3.30
1765904848537,CH1,POWER,3.30
1765904848542,CH1,POWER,3.30
1765904848550,CH1,POWER,3.30
1765904848555,CH1,POWER,3.30
1765904848560,CH1,POWER,3.30
1765904848565,CH1,POWER,3.30
1765904848570,CH1,POWER,3.30
1765904848575,CH1,POWER,3.30
1765904848580,CH1,POWER,3.30
1765904848584,CH1,POWER,3.30
1765904848590,CH1,POWER,3.30
1765904848594,CH1,POWER,3.30
1765904848600,CH1,POWER,3.30
1765904848605,CH1,POWER,3.30
1765904848610,CH1,POWER,3.30
1765904848615,CH1,POWER,3.30
1765904848620,CH1,POWER,3.30
1765904848625,CH1,POWER,3.30
1765904848630,CH1,POWER,3.30
1765904848638,CH1,POWER,3.30
1765904848643,CH1,POWER,3.30
1765904848650,CH1,POWER,3.30
1765904848656,CH1,POWER,3.30
1765904848660,CH1,POWER,3.30
1765904848664,CH1,POWER,3.30
1765904848669,CH1,POWER,3.30
1765904848674,CH1,POWER,3.30
1765904848680,CH1,POWER,3.30
1765904848685,CH1,POWER,3.30
1765904848690,CH1,POWER,3.30
1765904848696,CH1,POWER,3.30
1765904848700,CH1,POWER,3.30
1765904848708,CH1,POWER,3.30
1765904848713,CH1,POWER,3.30
1765904848720,CH1,POWER,3.30
1765904848725,CH1,POWER,3.30
1765904848730,CH1,POWER,3.30
1765904848738,CH1,POWER,3.30
1765904848744,CH1,POWER,3.30
1765904848749,CH1,POWER,3.30
1765904848752,CH1,POWER,3.15
1765904848754,CH1,POWER,3.15
1765904848782,CH1,POWER,3.15
1765904848787,CH1,POWER,3.15
1765904848792,CH1,POWER,3.15
1765904848800,CH1,POWER,3.15
1765904848805,CH1,POWER,3.15
1765904848812,CH1,POWER,3.15
1765904848817,CH1,POWER,3.15
1765904848822,CH1,POWER,3.15
1765904848830,CH1,POWER,3.15
1765904848835,CH1,POWER,3.15
1765904848842,CH1,POWER,3.15
1765904848846,CH1,POWER,3.15
1765904848852,CH1,POWER,3.15
1765904848860,CH1,POWER,3.15
1765904848865,CH1,POWER,3.15
1765904848872,CH1,POWER,3.15
1765904848877,CH1,POWER,3.15
1765904848882,CH1,POWER,3.15
1765904848887,CH1,POWER,3.15
1765904848892,CH1,POWER,3.15
1765904848900,CH1,POWER,3.15
1765904848905,CH1,POWER,3.15
1765904848912,CH1,POWER,3.15
1765904848917,CH1,POWER,3.15
1765904848922,CH1,POWER,3.15
1765904848930,CH1,POWER,3.15
1765904848935,CH1,POWER,3.15
1765904848942,CH1,POWER,3.15
1765904848946,CH1,POWER,3.15
1765904848951,CH1,POWER,3.15
1765904848956,CH1,POWER,3.15
1765904848962,CH1,POWER,3.15
1765904848966,CH1,POWER,3.15
1765904848972,CH1,POWER,3.15
1765904848976,CH1,POWER,3.15
1765904848981,CH1,POWER,3.15
1765904848987,CH1,POWER,3.15
1765904848992,CH1,POWER,3.15
1765904848997,CH1,POWER,3.15
1765904849002,CH1,POWER,3.15
1765904849010,CH1,POWER,3.15
1765904849016,CH1,POWER,3.15
1765904849021,CH1,POWER,3.15
1765904849025,CH1,POWER,3.15
1765904849032,CH1,POWER,3.15
1765904849037,CH1,POWER,3.15
1765904849042,CH1,POWER,3.15
1765904849047,CH1,POWER,3.15
1765904849052,CH1,POWER,3.15
1765904849057,CH1,POWER,3.15
1765904849062,CH1,POWER,3.15
1765904849066,CH1,POWER,3.15
1765904849072,CH1,POWER,3.15
1765904849076,CH1,POWER,3.15
1765904849082,CH1,POWER,3.15
1765904849087,CH1,POWER,3.15
1765904849092,CH1,POWER,3.15
1765904849096,CH1,POWER,3.15
1765904849101,CH1,POWER,3.15
1765904849106,CH1,POWER,3.15
1765904849111,CH1,POWER,3.15
1765904849116,CH1,POWER,3.15
1765904849121,CH1,POWER,3.15
1765904849126,CH1,POWER,3.15
1765904849131,CH1,POWER,3.15
1765904849136,CH1,POWER,3.15
1765904849142,CH1,POWER,3.15
1765904849146,CH1,POWER,3.15
1765904849174,CH1,POWER,3.15
1765904849179,CH1,POWER,3.15
1765904849184,CH1,POWER,3.15
1765904849189,CH1,POWER,3.15
1765904849194,CH1,POWER,3.15
1765904849199,CH1,POWER,3.15
1765904849204,CH1,POWER,3.15
1765904849209,CH1,POWER,3.15
1765904849214,CH1,POWER,3.15
1765904849219,CH1,POWER,3.15
1765904849224,CH1,POWER,3.15
1765904849232,CH1,POWER,3.15
1765904849238,CH1,POWER,3.15
1765904849243,CH1,POWER,3.15
1765904849248,CH1,POWER,3.15
1765904849253,CH1,POWER,3.15
1765904849258,CH1,POWER,3.15
1765904849263,CH1,POWER,3.15
1765904849268,CH1,POWER,3.15
1765904849273,CH1,POWER,3.15
1765904849278,CH1,POWER,3.15
1765904849283,CH1,POWER,3.15
1765904849288,CH1,POWER,3.15
1765904849293,CH1,POWER,3.15
1765904849298,CH1,POWER,3.15
1765904849303,CH1,POWER,3.15
1765904849308,CH1,POWER,3.15
1765904849313,CH1,POWER,3.15
1765904849319,CH1,POWER,3.15
1765904849324,CH1,POWER,3.15
1765904849329,CH1,POWER,3.15
1765904849334,CH1,POWER,3.15
1765904849339,CH1,POWER,3.15
1765904849344,CH1,POWER,3.15
1765904849349,CH1,POWER,3.15
1765904849354,CH1,POWER,3.15
1765904849359,CH1,POWER,3.15
1765904849364,CH1,POWER,3.15
1765904849369,CH1,POWER,3.15
1765904849374,CH1,POWER,3.15
1765904849379,CH1,POWER,3.15
1765904849384,CH1,POWER,3.15
1765904849389,CH1,POWER,3.15
1765904849394,CH1,POWER,3.15
1765904849399,CH1,POWER,3.15
1765904849404,CH1,POWER,3.15
1765904849409,CH1,POWER,3.15
1765904849414,CH1,POWER,3.15
1765904849422,CH1,POWER,3.15
1765904849427,CH1,POWER,3.15
1765904849434,CH1,POWER,3.15
1765904849439,CH1,POWER,3.15
1765904849444,CH1,POWER,3.15
1765904849448,CH1,POWER,3.15
1765904849454,CH1,POWER,3.15
1765904849459,CH1,POWER,3.15
1765904849464,CH1,POWER,3.15
1765904849472,CH1,POWER,3.15
1765904849477,CH1,POWER,3.15
1765904849484,CH1,POWER,3.15
1765904849492,CH1,POWER,3.15
1765904849498,CH1,POWER,3.15
1765904849503,CH1,POWER,3.15
1765904849508,CH1,POWER,3.15
1765904849514,CH1,POWER,3.15
1765904849519,CH1,POWER,3.15
1765904849524,CH1,POWER,3.15
1765904849532,CH1,POWER,3.15
1765904849535,CH1,POWER,3.50
1765904849538,CH1,POWER,3.50
1765904849566,CH1,POWER,3.50
1765904849571,CH1,POWER,3.50
1765904849576,CH1,POWER,3.50
1765904849581,CH1,POWER,3.50
1765904849586,CH1,POWER,3.50
1765904849591,CH1,POWER,3.50
1765904849596,CH1,POWER,3.50
1765904849602,CH1,POWER,3.50
1765904849606,CH1,POWER,3.50
1765904849614,CH1,POWER,3.50
1765904849619,CH1,POWER,3.50
1765904849626,CH1,POWER,3.50
1765904849631,CH1,POWER,3.50
1765904849636,CH1,POWER,3.50
1765904849644,CH1,POWER,3.50
1765904849649,CH1,POWER,3.50
1765904849656,CH1,POWER,3.50
1765904849661,CH1,POWER,3.50
1765904849666,CH1,POWER,3.50
1765904849674,CH1,POWER,3.50
1765904849679,CH1,POWER,3.50
1765904849686,CH1,POWER,3.50
1765904849691,CH1,POWER,3.50
1765904849696,CH1,POWER,3.50
1765904849704,CH1,POWER,3.50
1765904849709,CH1,POWER,3.50
1765904849716,CH1,POWER,3.50
1765904849721,CH1,POWER,3.50
1765904849726,CH1,POWER,3.50
1765904849734,CH1,POWER,3.50
1765904849739,CH1,POWER,3.50
1765904849746,CH1,POWER,3.50
1765904849751,CH1,POWER,3.50
1765904849756,CH1,POWER,3.50
1765904849764,CH1,POWER,3.50
1765904849769,CH1,POWER,3.50
1765904849776,CH1,POWER,3.50
1765904849781,CH1,POWER,3.50
1765904849786,CH1,POWER,3.50
1765904849794,CH1,POWER,3.50
1765904849799,CH1,POWER,3.50
1765904849806,CH1,POWER,3.50
1765904849811,CH1,POWER,3.50
1765904849816,CH1,POWER,3.50
1765904849821,CH1,POWER,3.50
1765904849826,CH1,POWER,3.50
1765904849831,CH1,POWER,3.50
1765904849836,CH1,POWER,3.50
1765904849843,CH1,POWER,3.50
1765904849848,CH1,POWER,3.50
1765904849854,CH1,POWER,3.50
1765904849859,CH1,POWER,3.50
1765904849866,CH1,POWER,3.50
1765904849871,CH1,POWER,3.50
1765904849876,CH1,POWER,3.50
1765904849881,CH1,POWER,3.50
1765904849886,CH1,POWER,3.50
1765904849891,CH1,POWER,3.50
1765904849896,CH1,POWER,3.50
1765904849901,CH1,POWER,3.50
1765904849906,CH1,POWER,3.50
1765904849911,CH1,POWER,3.50
1765904849916,CH1,POWER,3.50
1765904849921,CH1,POWER,3.50
1765904849924,CH1,POWER,3.55
1765904849927,CH1,POWER,3.55
1765904849929,CH1,POWER,3.55
1765904849957,CH1,POWER,3.55
1765904849962,CH1,POWER,3.55
1765904849967,CH1,POWER,3.55
1765904849972,CH1,POWER,3.55
1765904849977,CH1,POWER,3.55
1765904849982,CH1,POWER,3.55
1765904849987,CH1,POWER,3.55
1765904849992,CH1,POWER,3.55
1765904849997,CH1,POWER,3.55
1765904850003,CH1,POWER,3.55
1765904850008,CH1,POWER,3.55
1765904850013,CH1,POWER,3.55
1765904850018,CH1,POWER,3.55
1765904850023,CH1,POWER,3.55
1765904850028,CH1,POWER,3.55
1765904850036,CH1,POWER,3.55
1765904850041,CH1,POWER,3.55
1765904850047,CH1,POWER,3.55
1765904850051,CH1,POWER,3.55
1765904850055,CH1,POWER,3.55
1765904850060,CH1,POWER,3.55
1765904850068,CH1,POWER,3.55
1765904850073,CH1,POWER,3.55
1765904850078,CH1,POWER,3.55
1765904850083,CH1,POWER,3.55
1765904850088,CH1,POWER,3.55
1765904850096,CH1,POWER,3.55
1765904850101,CH1,POWER,3.55
1765904850107,CH1,POWER,3.55
1765904850113,CH1,POWER,3.55
1765904850118,CH1,POWER,3.55
1765904850123,CH1,POWER,3.55
1765904850128,CH1,POWER,3.55
1765904850133,CH1,POWER,3.55
1765904850138,CH1,POWER,3.55
1765904850143,CH1,POWER,3.55
1765904850148,CH1,POWER,3.55
1765904850156,CH1,POWER,3.55
1765904850162,CH1,POWER,3.55
1765904850167,CH1,POWER,3.55
1765904850172,CH1,POWER,3.55
1765904850177,CH1,POWER,3.55
1765904850183,CH1,POWER,3.55
1765904850188,CH1,POWER,3.55
1765904850193,CH1,POWER,3.55
1765904850198,CH1,POWER,3.55
1765904850206,CH1,POWER,3.55
1765904850210,CH1,POWER,3.55
1765904850218,CH1,POWER,3.55
1765904850223,CH1,POWER,3.55
1765904850228,CH1,POWER,3.55
1765904850236,CH1,POWER,3.55
1765904850242,CH1,POWER,3.55
1765904850247,CH1,POWER,3.55
1765904850252,CH1,POWER,3.55
1765904850257,CH1,POWER,3.55
1765904850263,CH1,POWER,3.55
1765904850268,CH1,POWER,3.55
1765904850273,CH1,POWER,3.55
1765904850278,CH1,POWER,3.55
1765904850286,CH1,POWER,3.55
1765904850291,CH1,POWER,3.55
1765904850297,CH1,POWER,3.55
1765904850302,CH1,POWER,3.55
1765904850307,CH1,POWER,3.55
1765904850312,CH1,POWER,3.55
1765904850340,CH1,POWER,3.35
1765904850345,CH1,POWER,3.35
1765904850350,CH1,POWER,3.35
1765904850358,CH1,POWER,3.35
1765904850363,CH1,POWER,3.35
1765904850370,CH1,POWER,3.35
1765904850375,CH1,POWER,3.35
1765904850380,CH1,POWER,3.35
1765904850388,CH1,POWER,3.35
1765904850394,CH1,POWER,3.35
1765904850399,CH1,POWER,3.35
1765904850405,CH1,POWER,3.35
1765904850410,CH1,POWER,3.35
1765904850415,CH1,POWER,3.35
1765904850420,CH1,POWER,3.35
1765904850425,CH1,POWER,3.35
1765904850430,CH1,POWER,3.35
1765904850438,CH1,POWER,3.35
1765904850443,CH1,POWER,3.35
1765904850450,CH1,POWER,3.35
1765904850455,CH1,POWER,3.35
1765904850460,CH1,POWER,3.35
1765904850465,CH1,POWER,3.35
1765904850470,CH1,POWER,3.35
1765904850478,CH1,POWER,3.35
1765904850483,CH1,POWER,3.35
1765904850490,CH1,POWER,3.35
1765904850495,CH1,POWER,3.35
1765904850500,CH1,POWER,3.35
1765904850508,CH1,POWER,3.35
1765904850513,CH1,POWER,3.35
1765904850520,CH1,POWER,3.35
1765904850525,CH1,POWER,3.35
1765904850530,CH1,POWER,3.35
1765904850538,CH1,POWER,3.35
1765904850544,CH1,POWER,3.35
1765904850549,CH1,POWER,3.35
1765904850554,CH1,POWER,3.35
1765904850560,CH1,POWER,3.35
1765904850565,CH1,POWER,3.35
1765904850570,CH1,POWER,3.35
1765904850578,CH1,POWER,3.35
1765904850583,CH1,POWER,3.35
1765904850590,CH1,POWER,3.35
1765904850595,CH1,POWER,3.35
1765904850600,CH1,POWER,3.35
1765904850608,CH1,POWER,3.35
1765904850613,CH1,POWER,3.35
1765904850620,CH1,POWER,3.35
1765904850625,CH1,POWER,3.35
1765904850630,CH1,POWER,3.35
1765904850638,CH1,POWER,3.35
1765904850643,CH1,POWER,3.35
1765904850650,CH1,POWER,3.35
1765904850654,CH1,POWER,3.35
1765904850659,CH1,POWER,3.35
1765904850665,CH1,POWER,3.35
1765904850670,CH1,POWER,3.35
1765904850675,CH1,POWER,3.35
1765904850680,CH1,POWER,3.35
1765904850685,CH1,POWER,3.35
1765904850690,CH1,POWER,3.35
1765904850694,CH1,POWER,3.70
1765904850722,CH1,POWER,3.70
1765904850727,CH1,POWER,3.70
1765904850732,CH1,POWER,3.70
1765904850737,CH1,POWER,3.70
1765904850742,CH1,POWER,3.70
1765904850750,CH1,POWER,3.70
1765904850755,CH1,POWER,3.70
1765904850761,CH1,POWER,3.70
1765904850766,CH1,POWER,3.70
1765904850771,CH1,POWER,3.70
1765904850777,CH1,POWER,3.70
1765904850782,CH1,POWER,3.70
1765904850787,CH1,POWER,3.70
1765904850792,CH1,POWER,3.70
1765904850800,CH1,POWER,3.70
1765904850805,CH1,POWER,3.70
1765904850812,CH1,POWER,3.70
1765904850817,CH1,POWER,3.70
1765904850822,CH1,POWER,3.70
1765904850830,CH1,POWER,3.70
1765904850835,CH1,POWER,3.70
1765904850842,CH1,POWER,3.70
1765904850847,CH1,POWER,3.70
1765904850852,CH1,POWER,3.70
1765904850860,CH1,POWER,3.70
1765904850865,CH1,POWER,3.70
1765904850872,CH1,POWER,3.70
1765904850880,CH1,POWER,3.70
1765904850885,CH1,POWER,3.70
1765904850892,CH1,POWER,3.70
1765904850897,CH1,POWER,3.70
1765904850902,CH1,POWER,3.70
1765904850907,CH1,POWER,3.70
1765904850912,CH1,POWER,3.70
1765904850917,CH1,POWER,3.70
1765904850922,CH1,POWER,3.70
1765904850930,CH1,POWER,3.70
1765904850935,CH1,POWER,3.70
1765904850942,CH1,POWER,3.70
1765904850947,CH1,POWER,3.70
1765904850952,CH1,POWER,3.70
1765904850960,CH1,POWER,3.70
1765904850965,CH1,POWER,3.70
1765904850971,CH1,POWER,3.70
1765904850976,CH1,POWER,3.70
1765904850981,CH1,POWER,3.70
1765904850986,CH1,POWER,3.70
1765904850992,CH1,POWER,3.70
1765904850997,CH1,POWER,3.70
1765904851002,CH1,POWER,3.70
1765904851007,CH1,POWER,3.70
1765904851012,CH1,POWER,3.70
1765904851017,CH1,POWER,3.70
1765904851022,CH1,POWER,3.70
1765904851030,CH1,POWER,3.70
1765904851035,CH1,POWER,3.70
1765904851042,CH1,POWER,3.70
1765904851047,CH1,POWER,3.70
1765904851052,CH1,POWER,3.70
1765904851060,CH1,POWER,3.70
1765904851064,CH1,POWER,3.70
1765904851069,CH1,POWER,3.70
1765904851074,CH1,POWER,3.70
1765904851078,CH1,POWER,3.70
1765904851081,CH1,POWER,3.45
1765904851083,CH1,POWER,3.45
1765904851086,CH1,POWER,3.45
1765904851114,CH1,POWER,3.45
1765904851119,CH1,POWER,3.45
1765904851124,CH1,POWER,3.45
1765904851132,CH1,POWER,3.45
1765904851137,CH1,POWER,3.45
1765904851141,CH1,POWER,3.45
1765904851146,CH1,POWER,3.45
1765904851151,CH1,POWER,3.45
1765904851156,CH1,POWER,3.45
1765904851161,CH1,POWER,3.45
1765904851166,CH1,POWER,3.45
1765904851174,CH1,POWER,3.45
1765904851179,CH1,POWER,3.45
1765904851184,CH1,POWER,3.45
1765904851191,CH1,POWER,3.45
1765904851196,CH1,POWER,3.45
1765904851201,CH1,POWER,3.45
1765904851206,CH1,POWER,3.45
1765904851214,CH1,POWER,3.45
1765904851219,CH1,POWER,3.45
1765904851224,CH1,POWER,3.45
1765904851229,CH1,POWER,3.45
1765904851234,CH1,POWER,3.45
1765904851242,CH1,POWER,3.45
1765904851246,CH1,POWER,3.45
1765904851250,CH1,POWER,3.45
1765904851255,CH1,POWER,3.45
1765904851262,CH1,POWER,3.45
1765904851267,CH1,POWER,3.45
1765904851274,CH1,POWER,3.45
1765904851279,CH1,POWER,3.45
1765904851284,CH1,POWER,3.45
1765904851292,CH1,POWER,3.45
1765904851297,CH1,POWER,3.45
1765904851303,CH1,POWER,3.45
1765904851309,CH1,POWER,3.45
1765904851314,CH1,POWER,3.45
1765904851319,CH1,POWER,3.45
1765904851324,CH1,POWER,3.45
1765904851329,CH1,POWER,3.45
1765904851334,CH1,POWER,3.45
1765904851339,CH1,POWER,3.45
1765904851344,CH1,POWER,3.45
1765904851349,CH1,POWER,3.45
1765904851354,CH1,POWER,3.45
1765904851359,CH1,POWER,3.45
1765904851364,CH1,POWER,3.45
1765904851370,CH1,POWER,3.45
1765904851376,CH1,POWER,3.45
1765904851384,CH1,POWER,3.45
1765904851389,CH1,POWER,3.45
1765904851394,CH1,POWER,3.45
1765904851399,CH1,POWER,3.45
1765904851404,CH1,POWER,3.45
1765904851412,CH1,POWER,3.45
1765904851417,CH1,POWER,3.45
1765904851424,CH1,POWER,3.45
1765904851429,CH1,POWER,3.45
1765904851434,CH1,POWER,3.45
1765904851439,CH1,POWER,3.45
1765904851444,CH1,POWER,3.45
1765904851449,CH1,POWER,3.45
1765904851454,CH1,POWER,3.45
1765904851462,CH1,POWER,3.45
1765904851467,CH1,POWER,3.45
1765904851493,CH1,POWER,3.30
1765904851498,CH1,POWER,3.30
1765904851503,CH1,POWER,3.30
1765904851508,CH1,POWER,3.30
1765904851516,CH1,POWER,3.30
1765904851521,CH1,POWER,3.30
1765904851526,CH1,POWER,3.30
1765904851534,CH1,POWER,3.30
1765904851539,CH1,POWER,3.30
1765904851546,CH1,POWER,3.30
1765904851554,CH1,POWER,3.30
1765904851559,CH1,POWER,3.30
1765904851565,CH1,POWER,3.30
1765904851570,CH1,POWER,3.30
1765904851575,CH1,POWER,3.30
1765904851581,CH1,POWER,3.30
1765904851586,CH1,POWER,3.30
1765904851591,CH1,POWER,3.30
1765904851596,CH1,POWER,3.30
1765904851601,CH1,POWER,3.30
1765904851606,CH1,POWER,3.30
1765904851610,CH1,POWER,3.30
1765904851615,CH1,POWER,3.30
1765904851619,CH1,POWER,3.30
1765904851625,CH1,POWER,3.30
1765904851631,CH1,POWER,3.30
1765904851636,CH1,POWER,3.30
1765904851644,CH1,POWER,3.30
1765904851649,CH1,POWER,3.30
1765904851656,CH1,POWER,3.30
1765904851661,CH1,POWER,3.30
1765904851666,CH1,POWER,3.30
1765904851671,CH1,POWER,3.30
1765904851676,CH1,POWER,3.30
1765904851680,CH1,POWER,3.30
1765904851686,CH1,POWER,3.30
1765904851693,CH1,POWER,3.30
1765904851697,CH1,POWER,3.30
1765904851704,CH1,POWER,3.30
1765904851710,CH1,POWER,3.30
1765904851715,CH1,POWER,3.30
1765904851721,CH1,POWER,3.30
1765904851726,CH1,POWER,3.30
1765904851730,CH1,POWER,3.30
1765904851734,CH1,POWER,3.30
1765904851739,CH1,POWER,3.30
1765904851746,CH1,POWER,3.30
1765904851751,CH1,POWER,3.30
1765904851756,CH1,POWER,3.30
1765904851761,CH1,POWER,3.30
1765904851765,CH1,POWER,3.30
1765904851770,CH1,POWER,3.30
1765904851775,CH1,POWER,3.30
1765904851780,CH1,POWER,3.30
1765904851786,CH1,POWER,3.30
1765904851791,CH1,POWER,3.30
1765904851796,CH1,POWER,3.30
1765904851800,CH1,POWER,3.30
1765904851805,CH1,POWER,3.30
1765904851810,CH1,POWER,3.30
1765904851816,CH1,POWER,3.30
1765904851821,CH1,POWER,3.30
1765904851826,CH1,POWER,3.30
1765904851831,CH1,POWER,3.30
1765904851836,CH1,POWER,3.30
1765904851841,CH1,POWER,3.30
1765904851845,CH1,POWER,3.30
1765904851849,CH1,POWER,3.70
1765904851875,CH1,POWER,3.70
1765904851880,CH1,POWER,3.70
1765904851885,CH1,POWER,3.70
1765904851890,CH1,POWER,3.70
1765904851895,CH1,POWER,3.70
1765904851901,CH1,POWER,3.70
1765904851907,CH1,POWER,3.70
1765904851912,CH1,POWER,3.70
1765904851917,CH1,POWER,3.70
1765904851921,CH1,POWER,3.70
1765904851928,CH1,POWER,3.70
1765904851933,CH1,POWER,3.70
1765904851938,CH1,POWER,3.70
1765904851946,CH1,POWER,3.70
1765904851951,CH1,POWER,3.70
1765904851958,CH1,POWER,3.70
1765904851963,CH1,POWER,3.70
1765904851967,CH1,POWER,3.70
1765904851972,CH1,POWER,3.70
1765904851977,CH1,POWER,3.70
1765904851982,CH1,POWER,3.70
1765904851988,CH1,POWER,3.70
1765904851993,CH1,POWER,3.70
1765904851998,CH1,POWER,3.70
1765904852003,CH1,POWER,3.70
1765904852008,CH1,POWER,3.70
1765904852013,CH1,POWER,3.70
1765904852018,CH1,POWER,3.70
1765904852023,CH1,POWER,3.70
1765904852028,CH1,POWER,3.70
1765904852033,CH1,POWER,3.70
1765904852038,CH1,POWER,3.70
1765904852043,CH1,POWER,3.70
1765904852048,CH1,POWER,3.70
1765904852053,CH1,POWER,3.70
1765904852057,CH1,POWER,3.70
1765904852062,CH1,POWER,3.70
1765904852067,CH1,POWER,3.70
1765904852072,CH1,POWER,3.70
1765904852078,CH1,POWER,3.70
1765904852083,CH1,POWER,3.70
1765904852088,CH1,POWER,3.70
1765904852093,CH1,POWER,3.70
1765904852098,CH1,POWER,3.70
1765904852103,CH1,POWER,3.70
1765904852108,CH1,POWER,3.70
1765904852116,CH1,POWER,3.70
1765904852121,CH1,POWER,3.70
1765904852128,CH1,POWER,3.70
1765904852133,CH1,POWER,3.70
1765904852138,CH1,POWER,3.70
1765904852143,CH1,POWER,3.70
1765904852148,CH1,POWER,3.70
1765904852153,CH1,POWER,3.70
1765904852158,CH1,POWER,3.70
1765904852166,CH1,POWER,3.70
1765904852171,CH1,POWER,3.70
1765904852178,CH1,POWER,3.70
1765904852183,CH1,POWER,3.70
1765904852188,CH1,POWER,3.70
1765904852193,CH1,POWER,3.70
1765904852197,CH1,POWER,3.70
1765904852203,CH1,POWER,3.70
1765904852207,CH1,POWER,3.70
1765904852212,CH1,POWER,3.70
1765904852218,CH1,POWER,3.70
1765904852223,CH1,POWER,3.70
1765904852228,CH1,POWER,3.70
1765904852233,CH1,POWER,3.70
1765904852238,CH1,POWER,3.70
1765904852242,CH1,POWER,3.65
1765904852270,CH1,POWER,3.65
1765904852275,CH1,POWER,3.65
1765904852279,CH1,POWER,3.65
1765904852285,CH1,POWER,3.65
1765904852290,CH1,POWER,3.65
1765904852295,CH1,POWER,3.65
1765904852299,CH1,POWER,3.65
1765904852305,CH1,POWER,3.65
1765904852310,CH1,POWER,3.65
1765904852318,CH1,POWER,3.65
1765904852324,CH1,POWER,3.65
1765904852329,CH1,POWER,3.65
1765904852335,CH1,POWER,3.65
1765904852340,CH1,POWER,3.65
1765904852345,CH1,POWER,3.65
1765904852350,CH1,POWER,3.65
1765904852358,CH1,POWER,3.65
1765904852363,CH1,POWER,3.65
1765904852370,CH1,POWER,3.65
1765904852375,CH1,POWER,3.65
1765904852380,CH1,POWER,3.65
1765904852385,CH1,POWER,3.65
1765904852390,CH1,POWER,3.65
1765904852395,CH1,POWER,3.65
1765904852399,CH1,POWER,3.65
1765904852408,CH1,POWER,3.65
1765904852414,CH1,POWER,3.65
1765904852419,CH1,POWER,3.65
1765904852424,CH1,POWER,3.65
1765904852430,CH1,POWER,3.65
1765904852435,CH1,POWER,3.65
1765904852439,CH1,POWER,3.65
1765904852444,CH1,POWER,3.65
1765904852449,CH1,POWER,3.65
1765904852453,CH1,POWER,3.65
1765904852460,CH1,POWER,3.65
1765904852468,CH1,POWER,3.65
1765904852472,CH1,POWER,3.65
1765904852477,CH1,POWER,3.65
1765904852482,CH1,POWER,3.65
1765904852490,CH1,POWER,3.65
1765904852495,CH1,POWER,3.65
1765904852499,CH1,POWER,3.65
1765904852504,CH1,POWER,3.65
1765904852509,CH1,POWER,3.65
1765904852514,CH1,POWER,3.65
1765904852520,CH1,POWER,3.65
1765904852525,CH1,POWER,3.65
1765904852529,CH1,POWER,3.65
1765904852534,CH1,POWER,3.65
1765904852539,CH1,POWER,3.65
1765904852544,CH1,POWER,3.65
1765904852549,CH1,POWER,3.65
1765904852554,CH1,POWER,3.65
1765904852560,CH1,POWER,3.65
1765904852565,CH1,POWER,3.65
1765904852570,CH1,POWER,3.65
1765904852575,CH1,POWER,3.65
1765904852579,CH1,POWER,3.65
1765904852585,CH1,POWER,3.65
1765904852589,CH1,POWER,3.65
1765904852596,CH1,POWER,3.65
1765904852601,CH1,POWER,3.65
1765904852608,CH1,POWER,3.65
1765904852613,CH1,POWER,3.65
1765904852620,CH1,POWER,3.65
1765904852628,CH1,POWER,3.65
1765904852633,CH1,POWER,3.65
1765904852661,CH1,POWER,3.70
1765904852666,CH1,POWER,3.70
1765904852670,CH1,POWER,3.70
1765904852676,CH1,POWER,3.70
1765904852681,CH1,POWER,3.70
1765904852685,CH1,POWER,3.70
1765904852691,CH1,POWER,3.70
1765904852697,CH1,POWER,3.70
1765904852701,CH1,POWER,3.70
1765904852709,CH1,POWER,3.70
1765904852716,CH1,POWER,3.70
1765904852721,CH1,POWER,3.70
1765904852725,CH1,POWER,3.70
1765904852732,CH1,POWER,3.70
1765904852737,CH1,POWER,3.70
1765904852741,CH1,POWER,3.70
1765904852750,CH1,POWER,3.70
1765904852755,CH1,POWER,3.70
1765904852762,CH1,POWER,3.70
1765904852767,CH1,POWER,3.70
1765904852772,CH1,POWER,3.70
1765904852777,CH1,POWER,3.70
1765904852781,CH1,POWER,3.70
1765904852790,CH1,POWER,3.70
1765904852795,CH1,POWER,3.70
1765904852801,CH1,POWER,3.70
1765904852806,CH1,POWER,3.70
1765904852811,CH1,POWER,3.70
1765904852816,CH1,POWER,3.70
1765904852821,CH1,POWER,3.70
1765904852825,CH1,POWER,3.70
1765904852832,CH1,POWER,3.70
1765904852837,CH1,POWER,3.70
1765904852841,CH1,POWER,3.70
1765904852847,CH1,POWER,3.70
1765904852851,CH1,POWER,3.70
1765904852856,CH1,POWER,3.70
1765904852861,CH1,POWER,3.70
1765904852866,CH1,POWER,3.70
1765904852872,CH1,POWER,3.70
1765904852877,CH1,POWER,3.70
1765904852881,CH1,POWER,3.70
1765904852890,CH1,POWER,3.70
1765904852895,CH1,POWER,3.70
1765904852901,CH1,POWER,3.70
1765904852910,CH1,POWER,3.70
1765904852916,CH1,POWER,3.70
1765904852921,CH1,POWER,3.70
1765904852925,CH1,POWER,3.70
1765904852932,CH1,POWER,3.70
1765904852937,CH1,POWER,3.70
1765904852941,CH1,POWER,3.70
1765904852948,CH1,POWER,3.70
1765904852953,CH1,POWER,3.70
1765904852960,CH1,POWER,3.70
1765904852965,CH1,POWER,3.70
1765904852972,CH1,POWER,3.70
1765904852977,CH1,POWER,3.70
1765904852981,CH1,POWER,3.70
1765904852990,CH1,POWER,3.70
1765904852995,CH1,POWER,3.70
1765904853001,CH1,POWER,3.70
1765904853007,CH1,POWER,3.70
1765904853011,CH1,POWER,3.70
1765904853016,CH1,POWER,3.70
1765904853021,CH1,POWER,3.70
1765904853023,CH1,POWER,3.65
1765904853026,CH1,POWER,3.65
1765904853053,CH1,POWER,3.65
1765904853057,CH1,POWER,3.65
1765904853063,CH1,POWER,3.65
1765904853068,CH1,POWER,3.65
1765904853073,CH1,POWER,3.65
1765904853077,CH1,POWER,3.65
1765904853084,CH1,POWER,3.65
1765904853089,CH1,POWER,3.65
1765904853093,CH1,POWER,3.65
1765904853097,CH1,POWER,3.65
1765904853104,CH1,POWER,3.65
1765904853109,CH1,POWER,3.65
1765904853114,CH1,POWER,3.65
1765904853119,CH1,POWER,3.65
1765904853124,CH1,POWER,3.65
1765904853129,CH1,POWER,3.65
1765904853134,CH1,POWER,3.65
1765904853139,CH1,POWER,3.65
1765904853143,CH1,POWER,3.65
1765904853148,CH1,POWER,3.65
1765904853152,CH1,POWER,3.65
1765904853156,CH1,POWER,3.65
1765904853162,CH1,POWER,3.65
1765904853166,CH1,POWER,3.65
1765904853170,CH1,POWER,3.65
1765904853174,CH1,POWER,3.65
1765904853181,CH1,POWER,3.65
1765904853186,CH1,POWER,3.65
1765904853191,CH1,POWER,3.65
1765904853196,CH1,POWER,3.65
1765904853201,CH1,POWER,3.65
1765904853206,CH1,POWER,3.65
1765904853211,CH1,POWER,3.65
1765904853215,CH1,POWER,3.65
1765904853221,CH1,POWER,3.65
1765904853227,CH1,POWER,3.65
1765904853233,CH1,POWER,3.65
1765904853239,CH1,POWER,3.65
1765904853243,CH1,POWER,3.65
1765904853248,CH1,POWER,3.65
1765904853253,CH1,POWER,3.65
1765904853259,CH1,POWER,3.65
1765904853264,CH1,POWER,3.65
1765904853269,CH1,POWER,3.65
1765904853273,CH1,POWER,3.65
1765904853282,CH1,POWER,3.65
1765904853287,CH1,POWER,3.65
1765904853294,CH1,POWER,3.65
1765904853299,CH1,POWER,3.65
1765904853304,CH1,POWER,3.65
1765904853309,CH1,POWER,3.65
1765904853314,CH1,POWER,3.65
1765904853319,CH1,POWER,3.65
1765904853323,CH1,POWER,3.65
1765904853330,CH1,POWER,3.65
1765904853335,CH1,POWER,3.65
1765904853341,CH1,POWER,3.65
1765904853348,CH1,POWER,3.65
1765904853353,CH1,POWER,3.65
1765904853358,CH1,POWER,3.65
1765904853362,CH1,POWER,3.65
1765904853369,CH1,POWER,3.65
1765904853374,CH1,POWER,3.65
1765904853379,CH1,POWER,3.65
1765904853384,CH1,POWER,3.65
1765904853389,CH1,POWER,3.65
1765904853393,CH1,POWER,3.65
1765904853402,CH1,POWER,3.65
1765904853407,CH1,POWER,3.65
1765904853412,CH1,POWER,3.65
1765904853415,CH1,POWER,3.40
1765904853417,CH1,POWER,3.40
1765904853445,CH1,POWER,3.40
1765904853450,CH1,POWER,3.40
1765904853454,CH1,POWER,3.40
1765904853461,CH1,POWER,3.40
1765904853466,CH1,POWER,3.40
1765904853471,CH1,POWER,3.40
1765904853476,CH1,POWER,3.40
1765904853481,CH1,POWER,3.40
1765904853486,CH1,POWER,3.40
1765904853491,CH1,POWER,3.40
1765904853495,CH1,POWER,3.40
1765904853504,CH1,POWER,3.40
1765904853509,CH1,POWER,3.40
1765904853515,CH1,POWER,3.40
1765904853524,CH1,POWER,3.40
1765904853529,CH1,POWER,3.40
1765904853536,CH1,POWER,3.40
1765904853541,CH1,POWER,3.40
1765904853546,CH1,POWER,3.40
1765904853551,CH1,POWER,3.40
1765904853555,CH1,POWER,3.40
1765904853563,CH1,POWER,3.40
1765904853568,CH1,POWER,3.40
1765904853573,CH1,POWER,3.40
1765904853577,CH1,POWER,3.40
1765904853586,CH1,POWER,3.40
1765904853591,CH1,POWER,3.40
1765904853595,CH1,POWER,3.40
1765904853599,CH1,POWER,3.40
1765904853605,CH1,POWER,3.40
1765904853609,CH1,POWER,3.40
1765904853616,CH1,POWER,3.40
1765904853621,CH1,POWER,3.40
1765904853625,CH1,POWER,3.40
1765904853630,CH1,POWER,3.40
1765904853635,CH1,POWER,3.40
1765904853639,CH1,POWER,3.40
1765904853645,CH1,POWER,3.40
1765904853651,CH1,POWER,3.40
1765904853655,CH1,POWER,3.40
1765904853659,CH1,POWER,3.40
1765904853666,CH1,POWER,3.40
1765904853671,CH1,POWER,3.40
1765904853675,CH1,POWER,3.40
1765904853681,CH1,POWER,3.40
1765904853685,CH1,POWER,3.40
1765904853691,CH1,POWER,3.40
1765904853695,CH1,POWER,3.40
1765904853701,CH1,POWER,3.40
1765904853706,CH1,POWER,3.40
1765904853711,CH1,POWER,3.40
1765904853716,CH1,POWER,3.40
1765904853721,CH1,POWER,3.40
1765904853725,CH1,POWER,3.40
1765904853732,CH1,POWER,3.40
1765904853736,CH1,POWER,3.40
1765904853741,CH1,POWER,3.40
1765904853745,CH1,POWER,3.40
1765904853750,CH1,POWER,3.40
1765904853754,CH1,POWER,3.40
1765904853758,CH1,POWER,3.40
1765904853764,CH1,POWER,3.40
1765904853768,CH1,POWER,3.40
1765904853775,CH1,POWER,3.40
1765904853783,CH1,POWER,3.40
1765904853788,CH1,POWER,3.40
1765904853796,CH1,POWER,3.40
1765904853799,CH1,POWER,3.65
1765904853827,CH1,POWER,3.65
1765904853832,CH1,POWER,3.65
1765904853836,CH1,POWER,3.65
1765904853840,CH1,POWER,3.65
1765904853847,CH1,POWER,3.65
1765904853852,CH1,POWER,3.65
1765904853857,CH1,POWER,3.65
1765904853861,CH1,POWER,3.65
1765904853867,CH1,POWER,3.65
1765904853873,CH1,POWER,3.65
1765904853877,CH1,POWER,3.65
1765904853881,CH1,POWER,3.65
1765904853886,CH1,POWER,3.65
1765904853891,CH1,POWER,3.65
1765904853898,CH1,POWER,3.65
1765904853903,CH1,POWER,3.65
1765904853907,CH1,POWER,3.65
1765904853913,CH1,POWER,3.65
1765904853917,CH1,POWER,3.65
1765904853923,CH1,POWER,3.65
1765904853927,CH1,POWER,3.65
1765904853931,CH1,POWER,3.65
1765904853937,CH1,POWER,3.65
1765904853942,CH1,POWER,3.65
1765904853946,CH1,POWER,3.65
1765904853951,CH1,POWER,3.65
1765904853958,CH1,POWER,3.65
1765904853963,CH1,POWER,3.65
1765904853967,CH1,POWER,3.65
1765904853971,CH1,POWER,3.65
1765904853978,CH1,POWER,3.65
1765904853983,CH1,POWER,3.65
1765904853987,CH1,POWER,3.65
1765904853991,CH1,POWER,3.65
1765904853997,CH1,POWER,3.65
1765904854001,CH1,POWER,3.65
1765904854006,CH1,POWER,3.65
1765904854010,CH1,POWER,3.65
1765904854018,CH1,POWER,3.65
1765904854023,CH1,POWER,3.65
1765904854028,CH1,POWER,3.65
1765904854033,CH1,POWER,3.65
1765904854037,CH1,POWER,3.65
1765904854043,CH1,POWER,3.65
1765904854047,CH1,POWER,3.65
1765904854051,CH1,POWER,3.65
1765904854057,CH1,POWER,3.65
1765904854061,CH1,POWER,3.65
1765904854066,CH1,POWER,3.65
1765904854071,CH1,POWER,3.65
1765904854077,CH1,POWER,3.65
1765904854086,CH1,POWER,3.65
1765904854090,CH1,POWER,3.65
1765904854096,CH1,POWER,3.65
1765904854103,CH1,POWER,3.65
1765904854108,CH1,POWER,3.65
1765904854113,CH1,POWER,3.65
1765904854118,CH1,POWER,3.65
1765904854123,CH1,POWER,3.65
1765904854127,CH1,POWER,3.65
1765904854131,CH1,POWER,3.65
1765904854138,CH1,POWER,3.65
1765904854143,CH1,POWER,3.65
1765904854148,CH1,POWER,3.65
1765904854153,CH1,POWER,3.65
1765904854157,CH1,POWER,3.65
1765904854165,CH1,POWER,3.65
1765904854170,CH1,POWER,3.65
1765904854177,CH1,POWER,3.65
1765904854183,CH1,POWER,3.65
1765904854187,CH1,POWER,3.65
1765904854190,CH1,POWER,3.20
1765904854217,CH1,POWER,3.20
1765904854221,CH1,POWER,3.20
1765904854226,CH1,POWER,3.20
1765904854230,CH1,POWER,3.20
1765904854235,CH1,POWER,3.20
1765904854239,CH1,POWER,3.20
1765904854248,CH1,POWER,3.20
1765904854253,CH1,POWER,3.20
1765904854259,CH1,POWER,3.20
1765904854264,CH1,POWER,3.20
1765904854268,CH1,POWER,3.20
1765904854273,CH1,POWER,3.20
1765904854280,CH1,POWER,3.20
1765904854285,CH1,POWER,3.20
1765904854290,CH1,POWER,3.20
1765904854295,CH1,POWER,3.20
1765904854299,CH1,POWER,3.20
1765904854305,CH1,POWER,3.20
1765904854309,CH1,POWER,3.20
1765904854314,CH1,POWER,3.20
1765904854318,CH1,POWER,3.20
1765904854325,CH1,POWER,3.20
1765904854330,CH1,POWER,3.20
1765904854335,CH1,POWER,3.20
1765904854339,CH1,POWER,3.20
1765904854348,CH1,POWER,3.20
1765904854353,CH1,POWER,3.20
1765904854360,CH1,POWER,3.20
1765904854365,CH1,POWER,3.20
1765904854370,CH1,POWER,3.20
1765904854375,CH1,POWER,3.20
1765904854380,CH1,POWER,3.20
1765904854385,CH1,POWER,3.20
1765904854390,CH1,POWER,3.20
1765904854395,CH1,POWER,3.20
1765904854399,CH1,POWER,3.20
1765904854408,CH1,POWER,3.20
1765904854413,CH1,POWER,3.20
1765904854419,CH1,POWER,3.20
1765904854425,CH1,POWER,3.20
1765904854429,CH1,POWER,3.20
1765904854433,CH1,POWER,3.20
1765904854440,CH1,POWER,3.20
1765904854445,CH1,POWER,3.20
1765904854450,CH1,POWER,3.20
1765904854455,CH1,POWER,3.20
1765904854459,CH1,POWER,3.20
1765904854465,CH1,POWER,3.20
1765904854469,CH1,POWER,3.20
1765904854475,CH1,POWER,3.20
1765904854480,CH1,POWER,3.20
1765904854485,CH1,POWER,3.20
1765904854489,CH1,POWER,3.20
1765904854494,CH1,POWER,3.20
1765904854498,CH1,POWER,3.20
1765904854503,CH1,POWER,3.20
1765904854509,CH1,POWER,3.20
1765904854515,CH1,POWER,3.20
1765904854519,CH1,POWER,3.20
1765904854527,CH1,POWER,3.20
1765904854532,CH1,POWER,3.20
1765904854536,CH1,POWER,3.20
1765904854541,CH1,POWER,3.20
1765904854546,CH1,POWER,3.20
1765904854551,CH1,POWER,3.20
1765904854560,CH1,POWER,3.20
1765904854565,CH1,POWER,3.20
1765904854569,CH1,POWER,3.20
1765904854577,CH1,POWER,3.20
1765904854581,CH1,POWER,3.20
1765904854584,CH1,POWER,3.20
1765904854611,CH1,POWER,3.20
1765904854617,CH1,POWER,3.20
1765904854621,CH1,POWER,3.20
1765904854625,CH1,POWER,3.20
1765904854631,CH1,POWER,3.20
1765904854639,CH1,POWER,3.20
1765904854643,CH1,POWER,3.20
1765904854648,CH1,POWER,3.20
1765904854653,CH1,POWER,3.20
1765904854658,CH1,POWER,3.20
1765904854663,CH1,POWER,3.20
1765904854668,CH1,POWER,3.20
1765904854672,CH1,POWER,3.20
1765904854677,CH1,POWER,3.20
1765904854681,CH1,POWER,3.20
1765904854687,CH1,POWER,3.20
1765904854691,CH1,POWER,3.20
1765904854695,CH1,POWER,3.20
1765904854700,CH1,POWER,3.20
1765904854705,CH1,POWER,3.20
1765904854710,CH1,POWER,3.20
1765904854714,CH1,POWER,3.20
1765904854721,CH1,POWER,3.20
1765904854729,CH1,POWER,3.20
1765904854735,CH1,POWER,3.20
1765904854740,CH1,POWER,3.20
1765904854747,CH1,POWER,3.20
1765904854751,CH1,POWER,3.20
1765904854757,CH1,POWER,3.20
1765904854761,CH1,POWER,3.20
1765904854769,CH1,POWER,3.20
1765904854774,CH1,POWER,3.20
1765904854782,CH1,POWER,3.20
1765904854787,CH1,POWER,3.20
1765904854791,CH1,POWER,3.20
1765904854797,CH1,POWER,3.20
1765904854801,CH1,POWER,3.20
1765904854805,CH1,POWER,3.20
1765904854810,CH1,POWER,3.20
1765904854817,CH1,POWER,3.20
1765904854821,CH1,POWER,3.20
1765904854827,CH1,POWER,3.20
1765904854831,CH1,POWER,3.20
1765904854837,CH1,POWER,3.20
1765904854841,CH1,POWER,3.20
1765904854845,CH1,POWER,3.20
1765904854850,CH1,POWER,3.20
1765904854857,CH1,POWER,3.20
1765904854861,CH1,POWER,3.20
1765904854867,CH1,POWER,3.20
1765904854871,CH1,POWER,3.20
1765904854876,CH1,POWER,3.20
1765904854880,CH1,POWER,3.20
1765904854885,CH1,POWER,3.20
1765904854890,CH1,POWER,3.20
1765904854895,CH1,POWER,3.20
1765904854900,CH1,POWER,3.20
1765904854904,CH1,POWER,3.20
1765904854908,CH1,POWER,3.20
1765904854914,CH1,POWER,3.20
1765904854918,CH1,POWER,3.20
1765904854924,CH1,POWER,3.20
1765904854932,CH1,POWER,3.20
1765904854937,CH1,POWER,3.20
1765904854941,CH1,POWER,3.20
1765904854949,CH1,POWER,3.20
1765904854955,CH1,POWER,3.20
1765904854961,CH1,POWER,3.20
1765904854966,CH1,POWER,3.20
1765904854970,CH1,POWER,3.20
1765904854977,CH1,POWER,3.20
1765904854980,CH1,POWER,3.30
1765904854982,CH1,POWER,3.30
1765904854985,CH1,POWER,3.30
1765904855013,CH1,POWER,3.30
1765904855017,CH1,POWER,3.30
1765904855022,CH1,POWER,3.30
1765904855029,CH1,POWER,3.30
1765904855033,CH1,POWER,3.30
1765904855041,CH1,POWER,3.30
1765904855046,CH1,POWER,3.30
1765904855050,CH1,POWER,3.30
1765904855055,CH1,POWER,3.30
1765904855060,CH1,POWER,3.30
1765904855064,CH1,POWER,3.30
1765904855070,CH1,POWER,3.30
1765904855075,CH1,POWER,3.30
1765904855083,CH1,POWER,3.30
1765904855091,CH1,POWER,3.30
1765904855096,CH1,POWER,3.30
1765904855102,CH1,POWER,3.30
1765904855107,CH1,POWER,3.30
1765904855113,CH1,POWER,3.30
1765904855119,CH1,POWER,3.30
1765904855123,CH1,POWER,3.30
1765904855129,CH1,POWER,3.30
1765904855133,CH1,POWER,3.30
1765904855141,CH1,POWER,3.30
1765904855147,CH1,POWER,3.30
1765904855153,CH1,POWER,3.30
1765904855159,CH1,POWER,3.30
1765904855163,CH1,POWER,3.30
1765904855167,CH1,POWER,3.30
1765904855174,CH1,POWER,3.30
1765904855179,CH1,POWER,3.30
1765904855183,CH1,POWER,3.30
1765904855187,CH1,POWER,3.30
1765904855193,CH1,POWER,3.30
1765904855199,CH1,POWER,3.30
1765904855203,CH1,POWER,3.30
1765904855207,CH1,POWER,3.30
1765904855212,CH1,POWER,3.30
1765904855217,CH1,POWER,3.30
1765904855223,CH1,POWER,3.30
1765904855231,CH1,POWER,3.30
1765904855237,CH1,POWER,3.30
1765904855243,CH1,POWER,3.30
1765904855247,CH1,POWER,3.30
1765904855253,CH1,POWER,3.30
1765904855257,CH1,POWER,3.30
1765904855262,CH1,POWER,3.30
1765904855267,CH1,POWER,3.30
1765904855273,CH1,POWER,3.30
1765904855279,CH1,POWER,3.30
1765904855283,CH1,POWER,3.30
1765904855291,CH1,POWER,3.30
1765904855295,CH1,POWER,3.30
1765904855300,CH1,POWER,3.30
1765904855306,CH1,POWER,3.30
1765904855313,CH1,POWER,3.30
1765904855319,CH1,POWER,3.30
1765904855323,CH1,POWER,3.30
1765904855329,CH1,POWER,3.30
1765904855333,CH1,POWER,3.30
1765904855337,CH1,POWER,3.30
1765904855343,CH1,POWER,3.30
1765904855347,CH1,POWER,3.30
1765904855352,CH1,POWER,3.30
1765904855359,CH1,POWER,3.30
1765904855363,CH1,POWER,3.30
1765904855369,CH1,POWER,3.30
1765904855372,CH1,POWER,3.55
1765904855375,CH1,POWER,3.55
1765904855378,CH1,POWER,3.55
1765904855405,CH1,POWER,3.55
1765904855411,CH1,POWER,3.55
1765904855415,CH1,POWER,3.55
1765904855423,CH1,POWER,3.55
1765904855429,CH1,POWER,3.55
1765904855435,CH1,POWER,3.55
1765904855440,CH1,POWER,3.55
1765904855444,CH1,POWER,3.55
1765904855449,CH1,POWER,3.55
1765904855455,CH1,POWER,3.55
1765904855461,CH1,POWER,3.55
1765904855465,CH1,POWER,3.55
1765904855471,CH1,POWER,3.55
1765904855475,CH1,POWER,3.55
1765904855479,CH1,POWER,3.55
1765904855485,CH1,POWER,3.55
1765904855489,CH1,POWER,3.55
1765904855495,CH1,POWER,3.55
1765904855503,CH1,POWER,3.55
1765904855509,CH1,POWER,3.55
1765904855514,CH1,POWER,3.55
1765904855519,CH1,POWER,3.55
1765904855524,CH1,POWER,3.55
1765904855531,CH1,POWER,3.55
1765904855535,CH1,POWER,3.55
1765904855541,CH1,POWER,3.55
1765904855545,CH1,POWER,3.55
1765904855553,CH1,POWER,3.55
1765904855558,CH1,POWER,3.55
1765904855565,CH1,POWER,3.55
1765904855571,CH1,POWER,3.55
1765904855575,CH1,POWER,3.55
1765904855581,CH1,POWER,3.55
1765904855585,CH1,POWER,3.55
1765904855591,CH1,POWER,3.55
1765904855595,CH1,POWER,3.55
1765904855599,CH1,POWER,3.55
1765904855604,CH1,POWER,3.55
1765904855611,CH1,POWER,3.55
1765904855615,CH1,POWER,3.55
1765904855621,CH1,POWER,3.55
1765904855625,CH1,POWER,3.55
1765904855629,CH1,POWER,3.55
1765904855634,CH1,POWER,3.55
1765904855639,CH1,POWER,3.55
1765904855645,CH1,POWER,3.55
1765904855651,CH1,POWER,3.55
1765904855655,CH1,POWER,3.55
1765904855663,CH1,POWER,3.55
1765904855668,CH1,POWER,3.55
1765904855675,CH1,POWER,3.55
1765904855681,CH1,POWER,3.55
1765904855685,CH1,POWER,3.55
1765904855689,CH1,POWER,3.55
1765904855694,CH1,POWER,3.55
1765904855699,CH1,POWER,3.55
1765904855705,CH1,POWER,3.55
1765904855711,CH1,POWER,3.55
1765904855715,CH1,POWER,3.55
1765904855719,CH1,POWER,3.55
1765904855725,CH1,POWER,3.55
1765904855729,CH1,POWER,3.55
1765904855734,CH1,POWER,3.55
1765904855739,CH1,POWER,3.55
1765904855745,CH1,POWER,3.55
1765904855749,CH1,POWER,3.55
1765904855754,CH1,POWER,3.55
1765904855761,CH1,POWER,3.55
1765904855765,CH1,POWER,3.55
1765904855769,CH1,POWER,3.25
1765904855796,CH1,POWER,3.25
1765904855801,CH1,POWER,3.25
1765904855806,CH1,POWER,3.25
1765904855813,CH1,POWER,3.25
1765904855817,CH1,POWER,3.25
1765904855823,CH1,POWER,3.25
1765904855827,CH1,POWER,3.25
1765904855831,CH1,POWER,3.25
1765904855836,CH1,POWER,3.25
1765904855840,CH1,POWER,3.25
1765904855847,CH1,POWER,3.25
1765904855853,CH1,POWER,3.25
1765904855857,CH1,POWER,3.25
1765904855863,CH1,POWER,3.25
1765904855867,CH1,POWER,3.25
1765904855873,CH1,POWER,3.25
1765904855877,CH1,POWER,3.25
1765904855885,CH1,POWER,3.25
1765904855891,CH1,POWER,3.25
1765904855896,CH1,POWER,3.25
1765904855903,CH1,POWER,3.25
1765904855907,CH1,POWER,3.25
1765904855913,CH1,POWER,3.25
1765904855917,CH1,POWER,3.25
1765904855921,CH1,POWER,3.25
1765904855927,CH1,POWER,3.25
1765904855933,CH1,POWER,3.25
1765904855937,CH1,POWER,3.25
1765904855941,CH1,POWER,3.25
1765904855947,CH1,POWER,3.25
1765904855951,CH1,POWER,3.25
1765904855956,CH1,POWER,3.25
1765904855961,CH1,POWER,3.25
1765904855966,CH1,POWER,3.25
1765904855973,CH1,POWER,3.25
1765904855977,CH1,POWER,3.25
1765904855981,CH1,POWER,3.25
1765904855987,CH1,POWER,3.25
1765904855993,CH1,POWER,3.25
1765904855997,CH1,POWER,3.25
1765904856001,CH1,POWER,3.25
1765904856007,CH1,POWER,3.25
1765904856013,CH1,POWER,3.25
1765904856017,CH1,POWER,3.25
1765904856021,CH1,POWER,3.25
1765904856027,CH1,POWER,3.25
1765904856031,CH1,POWER,3.25
1765904856036,CH1,POWER,3.25
1765904856043,CH1,POWER,3.25
1765904856047,CH1,POWER,3.25
1765904856053,CH1,POWER,3.25
1765904856057,CH1,POWER,3.25
1765904856063,CH1,POWER,3.25
1765904856067,CH1,POWER,3.25
1765904856071,CH1,POWER,3.25
1765904856076,CH1,POWER,3.25
1765904856081,CH1,POWER,3.25
1765904856087,CH1,POWER,3.25
1765904856091,CH1,POWER,3.25
1765904856096,CH1,POWER,3.25
1765904856103,CH1,POWER,3.25
1765904856107,CH1,POWER,3.25
1765904856113,CH1,POWER,3.25
1765904856117,CH1,POWER,3.25
1765904856123,CH1,POWER,3.25
1765904856127,CH1,POWER,3.25
1765904856133,CH1,POWER,3.25
1765904856137,CH1,POWER,3.25
1765904856141,CH1,POWER,3.25
1765904856147,CH1,POWER,3.25
1765904856153,CH1,POWER,3.25
1765904856157,CH1,POWER,3.25
1765904856161,CH1,POWER,3.70
1765904856188,CH1,POWER,3.70
1765904856193,CH1,POWER,3.70
1765904856198,CH1,POWER,3.70
1765904856202,CH1,POWER,3.70
1765904856206,CH1,POWER,3.70
1765904856211,CH1,POWER,3.70
1765904856217,CH1,POWER,3.70
1765904856222,CH1,POWER,3.70
1765904856229,CH1,POWER,3.70
1765904856235,CH1,POWER,3.70
1765904856239,CH1,POWER,3.70
1765904856247,CH1,POWER,3.70
1765904856252,CH1,POWER,3.70
1765904856259,CH1,POWER,3.70
1765904856263,CH1,POWER,3.70
1765904856268,CH1,POWER,3.70
1765904856272,CH1,POWER,3.70
1765904856279,CH1,POWER,3.70
1765904856285,CH1,POWER,3.70
1765904856289,CH1,POWER,3.70
1765904856295,CH1,POWER,3.70
1765904856299,CH1,POWER,3.70
1765904856307,CH1,POWER,3.70
1765904856312,CH1,POWER,3.70
1765904856319,CH1,POWER,3.70
1765904856323,CH1,POWER,3.70
1765904856328,CH1,POWER,3.70
1765904856332,CH1,POWER,3.70
1765904856339,CH1,POWER,3.70
1765904856345,CH1,POWER,3.70
1765904856349,CH1,POWER,3.70
1765904856355,CH1,POWER,3.70
1765904856359,CH1,POWER,3.70
1765904856363,CH1,POWER,3.70
1765904856369,CH1,POWER,3.70
1765904856375,CH1,POWER,3.70
1765904856379,CH1,POWER,3.70
1765904856385,CH1,POWER,3.70
1765904856389,CH1,POWER,3.70
1765904856395,CH1,POWER,3.70
1765904856399,CH1,POWER,3.70
1765904856407,CH1,POWER,3.70
1765904856412,CH1,POWER,3.70
1765904856416,CH1,POWER,3.70
1765904856421,CH1,POWER,3.70
1765904856429,CH1,POWER,3.70
1765904856437,CH1,POWER,3.70
1765904856442,CH1,POWER,3.70
1765904856449,CH1,POWER,3.70
1765904856455,CH1,POWER,3.70
1765904856459,CH1,POWER,3.70
1765904856465,CH1,POWER,3.70
1765904856469,CH1,POWER,3.70
1765904856473,CH1,POWER,3.70
1765904856479,CH1,POWER,3.70
1765904856483,CH1,POWER,3.70
1765904856488,CH1,POWER,3.70
1765904856492,CH1,POWER,3.70
1765904856496,CH1,POWER,3.70
1765904856500,CH1,POWER,3.70
1765904856505,CH1,POWER,3.70
1765904856509,CH1,POWER,3.70
1765904856513,CH1,POWER,3.70
1765904856519,CH1,POWER,3.70
1765904856525,CH1,POWER,3.70
1765904856529,CH1,POWER,3.70
1765904856533,CH1,POWER,3.70
1765904856539,CH1,POWER,3.70
1765904856543,CH1,POWER,3.70
1765904856548,CH1,POWER,3.70
1765904856550,CH1,POWER,3.65
1765904856553,CH1,POWER,3.65
1765904856578,CH1,POWER,3.65
1765904856583,CH1,POWER,3.65
1765904856588,CH1,POWER,3.65
1765904856593,CH1,POWER,3.65
1765904856598,CH1,POWER,3.65
1765904856603,CH1,POWER,3.65
1765904856609,CH1,POWER,3.65
1765904856613,CH1,POWER,3.65
1765904856621,CH1,POWER,3.65
1765904856625,CH1,POWER,3.65
1765904856630,CH1,POWER,3.65
1765904856634,CH1,POWER,3.65
1765904856640,CH1,POWER,3.65
1765904856645,CH1,POWER,3.65
1765904856651,CH1,POWER,3.65
1765904856655,CH1,POWER,3.65
1765904856660,CH1,POWER,3.65
1765904856664,CH1,POWER,3.65
1765904856671,CH1,POWER,3.65
1765904856675,CH1,POWER,3.65
1765904856680,CH1,POWER,3.65
1765904856684,CH1,POWER,3.65
1765904856690,CH1,POWER,3.65
1765904856695,CH1,POWER,3.65
1765904856701,CH1,POWER,3.65
1765904856705,CH1,POWER,3.65
1765904856710,CH1,POWER,3.65
1765904856714,CH1,POWER,3.65
1765904856721,CH1,POWER,3.65
1765904856725,CH1,POWER,3.65
1765904856730,CH1,POWER,3.65
1765904856735,CH1,POWER,3.65
1765904856740,CH1,POWER,3.65
1765904856744,CH1,POWER,3.65
1765904856748,CH1,POWER,3.65
1765904856752,CH1,POWER,3.65
1765904856757,CH1,POWER,3.65
1765904856761,CH1,POWER,3.65
1765904856765,CH1,POWER,3.65
1765904856771,CH1,POWER,3.65
1765904856775,CH1,POWER,3.65
1765904856781,CH1,POWER,3.65
1765904856787,CH1,POWER,3.65
1765904856791,CH1,POWER,3.65
1765904856795,CH1,POWER,3.65
1765904856801,CH1,POWER,3.65
1765904856807,CH1,POWER,3.65
1765904856811,CH1,POWER,3.65
1765904856815,CH1,POWER,3.65
1765904856820,CH1,POWER,3.65
1765904856825,CH1,POWER,3.65
1765904856831,CH1,POWER,3.65
1765904856837,CH1,POWER,3.65
1765904856841,CH1,POWER,3.65
1765904856847,CH1,POWER,3.65
1765904856851,CH1,POWER,3.65
1765904856857,CH1,POWER,3.65
1765904856861,CH1,POWER,3.65
1765904856865,CH1,POWER,3.65
1765904856871,CH1,POWER,3.65
1765904856875,CH1,POWER,3.65
1765904856881,CH1,POWER,3.65
1765904856887,CH1,POWER,3.65
1765904856891,CH1,POWER,3.65
1765904856897,CH1,POWER,3.65
1765904856901,CH1,POWER,3.65
1765904856907,CH1,POWER,3.65
1765904856911,CH1,POWER,3.65
1765904856915,CH1,POWER,3.65
1765904856920,CH1,POWER,3.65
1765904856924,CH1,POWER,3.65
1765904856928,CH1,POWER,3.65
1765904856932,CH1,POWER,3.65
1765904856939,CH1,POWER,3.65
1765904856943,CH1,POWER,3.65
1765904856946,CH1,POWER,3.25
1765904856973,CH1,POWER,3.25
1765904856979,CH1,POWER,3.25
1765904856983,CH1,POWER,3.25
1765904856989,CH1,POWER,3.25
1765904856993,CH1,POWER,3.25
1765904856997,CH1,POWER,3.25
1765904857003,CH1,POWER,3.25
1765904857009,CH1,POWER,3.25
1765904857013,CH1,POWER,3.25
1765904857019,CH1,POWER,3.25
1765904857023,CH1,POWER,3.25
1765904857027,CH1,POWER,3.25
1765904857033,CH1,POWER,3.25
1765904857039,CH1,POWER,3.25
1765904857043,CH1,POWER,3.25
1765904857051,CH1,POWER,3.25
1765904857056,CH1,POWER,3.25
1765904857063,CH1,POWER,3.25
1765904857067,CH1,POWER,3.25
1765904857072,CH1,POWER,3.25
1765904857076,CH1,POWER,3.25
1765904857083,CH1,POWER,3.25
1765904857089,CH1,POWER,3.25
1765904857093,CH1,POWER,3.25
1765904857099,CH1,POWER,3.25
1765904857103,CH1,POWER,3.25
1765904857107,CH1,POWER,3.25
1765904857113,CH1,POWER,3.25
1765904857117,CH1,POWER,3.25
1765904857122,CH1,POWER,3.25
1765904857126,CH1,POWER,3.25
1765904857133,CH1,POWER,3.25
1765904857139,CH1,POWER,3.25
1765904857143,CH1,POWER,3.25
1765904857147,CH1,POWER,3.25
1765904857153,CH1,POWER,3.25
1765904857159,CH1,POWER,3.25
1765904857163,CH1,POWER,3.25
1765904857167,CH1,POWER,3.25
1765904857173,CH1,POWER,3.25
1765904857177,CH1,POWER,3.25
1765904857183,CH1,POWER,3.25
1765904857187,CH1,POWER,3.25
1765904857192,CH1,POWER,3.25
1765904857196,CH1,POWER,3.25
1765904857203,CH1,POWER,3.25
1765904857207,CH1,POWER,3.25
1765904857212,CH1,POWER,3.25
1765904857216,CH1,POWER,3.25
1765904857222,CH1,POWER,3.25
1765904857226,CH1,POWER,3.25
1765904857230,CH1,POWER,3.25
1765904857236,CH1,POWER,3.25
1765904857243,CH1,POWER,3.25
1765904857249,CH1,POWER,3.25
1765904857253,CH1,POWER,3.25
1765904857259,CH1,POWER,3.25
1765904857263,CH1,POWER,3.25
1765904857271,CH1,POWER,3.25
1765904857275,CH1,POWER,3.25
1765904857280,CH1,POWER,3.25
1765904857284,CH1,POWER,3.25
1765904857291,CH1,POWER,3.25
1765904857296,CH1,POWER,3.25
1765904857303,CH1,POWER,3.25
1765904857307,CH1,POWER,3.25
1765904857312,CH1,POWER,3.25
1765904857317,CH1,POWER,3.25
1765904857323,CH1,POWER,3.25
1765904857327,CH1,POWER,3.25
1765904857332,CH1,POWER,3.25
1765904857336,CH1,POWER,3.25
1765904857340,CH1,POWER,3.25
1765904857344,CH1,POWER,3.25
1765904857347,CH1,POWER,3.70
1765904857374,CH1,POWER,3.70
1765904857379,CH1,POWER,3.70
1765904857384,CH1,POWER,3.70
1765904857388,CH1,POWER,3.70
1765904857392,CH1,POWER,3.70
1765904857397,CH1,POWER,3.70
1765904857403,CH1,POWER,3.70
1765904857409,CH1,POWER,3.70
1765904857414,CH1,POWER,3.70
1765904857419,CH1,POWER,3.70
1765904857425,CH1,POWER,3.70
1765904857429,CH1,POWER,3.70
1765904857434,CH1,POWER,3.70
1765904857439,CH1,POWER,3.70
1765904857444,CH1,POWER,3.70
1765904857449,CH1,POWER,3.70
1765904857455,CH1,POWER,3.70
1765904857461,CH1,POWER,3.70
1765904857465,CH1,POWER,3.70
1765904857469,CH1,POWER,3.70
1765904857475,CH1,POWER,3.70
1765904857481,CH1,POWER,3.70
1765904857485,CH1,POWER,3.70
1765904857491,CH1,POWER,3.70
1765904857495,CH1,POWER,3.70
1765904857499,CH1,POWER,3.70
1765904857505,CH1,POWER,3.70
1765904857511,CH1,POWER,3.70
1765904857515,CH1,POWER,3.70
1765904857519,CH1,POWER,3.70
1765904857525,CH1,POWER,3.70
1765904857531,CH1,POWER,3.70
1765904857535,CH1,POWER,3.70
1765904857541,CH1,POWER,3.70
1765904857545,CH1,POWER,3.70
1765904857553,CH1,POWER,3.70
1765904857559,CH1,POWER,3.70
1765904857564,CH1,POWER,3.70
1765904857568,CH1,POWER,3.70
1765904857575,CH1,POWER,3.70
1765904857579,CH1,POWER,3.70
1765904857584,CH1,POWER,3.70
1765904857588,CH1,POWER,3.70
1765904857595,CH1,POWER,3.70
1765904857601,CH1,POWER,3.70
1765904857605,CH1,POWER,3.70
1765904857611,CH1,POWER,3.70
1765904857615,CH1,POWER,3.70
1765904857623,CH1,POWER,3.70
1765904857628,CH1,POWER,3.70
1765904857635,CH1,POWER,3.70
1765904857641,CH1,POWER,3.70
1765904857645,CH1,POWER,3.70
1765904857651,CH1,POWER,3.70
1765904857655,CH1,POWER,3.70
1765904857659,CH1,POWER,3.70
1765904857664,CH1,POWER,3.70
1765904857669,CH1,POWER,3.70
1765904857674,CH1,POWER,3.70
1765904857679,CH1,POWER,3.70
1765904857684,CH1,POWER,3.70
1765904857689,CH1,POWER,3.70
1765904857695,CH1,POWER,3.70
1765904857701,CH1,POWER,3.70
1765904857705,CH1,POWER,3.70
1765904857709,CH1,POWER,3.70
1765904857714,CH1,POWER,3.70
1765904857719,CH1,POWER,3.70
1765904857725,CH1,POWER,3.70
1765904857731,CH1,POWER,3.70
1765904857735,CH1,POWER,3.70
1765904857738,CH1,POWER,3.30
1765904857764,CH1,POWER,3.30
1765904857769,CH1,POWER,3.30
1765904857774,CH1,POWER,3.30
1765904857778,CH1,POWER,3.30
1765904857783,CH1,POWER,3.30
1765904857787,CH1,POWER,3.30
1765904857791,CH1,POWER,3.30
1765904857797,CH1,POWER,3.30
1765904857803,CH1,POWER,3.30
1765904857807,CH1,POWER,3.30
1765904857813,CH1,POWER,3.30
1765904857817,CH1,POWER,3.30
1765904857823,CH1,POWER,3.30
1765904857827,CH1,POWER,3.30
1765904857832,CH1,POWER,3.30
1765904857837,CH1,POWER,3.30
1765904857845,CH1,POWER,3.30
1765904857850,CH1,POWER,3.30
1765904857857,CH1,POWER,3.30
1765904857863,CH1,POWER,3.30
1765904857867,CH1,POWER,3.30
1765904857873,CH1,POWER,3.30
1765904857877,CH1,POWER,3.30
1765904857881,CH1,POWER,3.30
1765904857887,CH1,POWER,3.30
1765904857893,CH1,POWER,3.30
1765904857897,CH1,POWER,3.30
1765904857901,CH1,POWER,3.30
1765904857907,CH1,POWER,3.30
1765904857913,CH1,POWER,3.30
1765904857917,CH1,POWER,3.30
1765904857923,CH1,POWER,3.30
1765904857927,CH1,POWER,3.30
1765904857931,CH1,POWER,3.30
1765904857937,CH1,POWER,3.30
1765904857943,CH1,POWER,3.30
1765904857947,CH1,POWER,3.30
1765904857951,CH1,POWER,3.30
1765904857957,CH1,POWER,3.30
1765904857961,CH1,POWER,3.30
1765904857967,CH1,POWER,3.30
1765904857971,CH1,POWER,3.30
1765904857976,CH1,POWER,3.30
1765904857980,CH1,POWER,3.30
1765904857986,CH1,POWER,3.30
1765904857991,CH1,POWER,3.30
1765904857997,CH1,POWER,3.30
1765904858003,CH1,POWER,3.30
1765904858007,CH1,POWER,3.30
1765904858015,CH1,POWER,3.30
1765904858019,CH1,POWER,3.30
1765904858024,CH1,POWER,3.30
1765904858028,CH1,POWER,3.30
1765904858033,CH1,POWER,3.30
1765904858037,CH1,POWER,3.30
1765904858043,CH1,POWER,3.30
1765904858047,CH1,POWER,3.30
1765904858052,CH1,POWER,3.30
1765904858057,CH1,POWER,3.30
1765904858065,CH1,POWER,3.30
1765904858070,CH1,POWER,3.30
1765904858077,CH1,POWER,3.30
1765904858083,CH1,POWER,3.30
1765904858087,CH1,POWER,3.30
1765904858091,CH1,POWER,3.30
1765904858097,CH1,POWER,3.30
1765904858103,CH1,POWER,3.30
1765904858107,CH1,POWER,3.30
1765904858111,CH1,POWER,3.30
1765904858116,CH1,POWER,3.30
1765904858121,CH1,POWER,3.30
1765904858127,CH1,POWER,3.30
1765904858133,CH1,POWER,3.30
1765904858137,CH1,POWER,3.30
1765904858140,CH1,POWER,3.55
1765904858165,CH1,POWER,3.55
1765904858169,CH1,POWER,3.55
1765904858175,CH1,POWER,3.55
1765904858179,CH1,POWER,3.55
1765904858187,CH1,POWER,3.55
1765904858193,CH1,POWER,3.55
1765904858198,CH1,POWER,3.55
1765904858202,CH1,POWER,3.55
1765904858209,CH1,POWER,3.55
1765904858213,CH1,POWER,3.55
1765904858218,CH1,POWER,3.55
1765904858225,CH1,POWER,3.55
1765904858229,CH1,POWER,3.55
1765904858237,CH1,POWER,3.55
1765904858241,CH1,POWER,3.55
1765904858246,CH1,POWER,3.55
1765904858251,CH1,POWER,3.55
1765904858259,CH1,POWER,3.55
1765904858265,CH1,POWER,3.55
1765904858269,CH1,POWER,3.55
1765904858275,CH1,POWER,3.55
1765904858279,CH1,POWER,3.55
1765904858285,CH1,POWER,3.55
1765904858289,CH1,POWER,3.55
1765904858295,CH1,POWER,3.55
1765904858299,CH1,POWER,3.55
1765904858303,CH1,POWER,3.55
1765904858309,CH1,POWER,3.55
1765904858315,CH1,POWER,3.55
1765904858319,CH1,POWER,3.55
1765904858325,CH1,POWER,3.55
1765904858329,CH1,POWER,3.55
1765904858333,CH1,POWER,3.55
1765904858339,CH1,POWER,3.55
1765904858347,CH1,POWER,3.55
1765904858351,CH1,POWER,3.55
1765904858359,CH1,POWER,3.55
1765904858365,CH1,POWER,3.55
1765904858369,CH1,POWER,3.55
1765904858377,CH1,POWER,3.55
1765904858381,CH1,POWER,3.55
1765904858386,CH1,POWER,3.55
1765904858390,CH1,POWER,3.55
1765904858395,CH1,POWER,3.55
1765904858399,CH1,POWER,3.55
1765904858405,CH1,POWER,3.55
1765904858409,CH1,POWER,3.55
1765904858415,CH1,POWER,3.55
1765904858419,CH1,POWER,3.55
1765904858425,CH1,POWER,3.55
1765904858429,CH1,POWER,3.55
1765904858435,CH1,POWER,3.55
1765904858439,CH1,POWER,3.55
1765904858445,CH1,POWER,3.55
1765904858449,CH1,POWER,3.55
1765904858454,CH1,POWER,3.55
1765904858459,CH1,POWER,3.55
1765904858465,CH1,POWER,3.55
1765904858469,CH1,POWER,3.55
1765904858474,CH1,POWER,3.55
1765904858479,CH1,POWER,3.55
1765904858484,CH1,POWER,3.55
1765904858489,CH1,POWER,3.55
1765904858495,CH1,POWER,3.55
1765904858499,CH1,POWER,3.55
1765904858507,CH1,POWER,3.55
1765904858512,CH1,POWER,3.55
1765904858519,CH1,POWER,3.55
1765904858524,CH1,POWER,3.55
1765904858551,CH1,POWER,3.55
1765904858557,CH1,POWER,3.55
1765904858561,CH1,POWER,3.55
1765904858565,CH1,POWER,3.55
1765904858570,CH1,POWER,3.55
1765904858575,CH1,POWER,3.55
1765904858581,CH1,POWER,3.55
1765904858587,CH1,POWER,3.55
1765904858591,CH1,POWER,3.55
1765904858599,CH1,POWER,3.55
1765904858604,CH1,POWER,3.55
1765904858611,CH1,POWER,3.55
1765904858617,CH1,POWER,3.55
1765904858621,CH1,POWER,3.55
1765904858626,CH1,POWER,3.55
1765904858631,CH1,POWER,3.55
1765904858636,CH1,POWER,3.55
1765904858641,CH1,POWER,3.55
1765904858646,CH1,POWER,3.55
1765904858651,CH1,POWER,3.55
1765904858655,CH1,POWER,3.55
1765904858661,CH1,POWER,3.55
1765904858667,CH1,POWER,3.55
1765904858671,CH1,POWER,3.55
1765904858679,CH1,POWER,3.55
1765904858683,CH1,POWER,3.55
1765904858688,CH1,POWER,3.55
1765904858692,CH1,POWER,3.55
1765904858697,CH1,POWER,3.55
1765904858701,CH1,POWER,3.55
1765904858709,CH1,POWER,3.55
1765904858714,CH1,POWER,3.55
1765904858721,CH1,POWER,3.55
1765904858729,CH1,POWER,3.55
1765904858733,CH1,POWER,3.55
1765904858741,CH1,POWER,3.55
1765904858747,CH1,POWER,3.55
1765904858751,CH1,POWER,3.55
1765904858757,CH1,POWER,3.55
1765904858761,CH1,POWER,3.55
1765904858769,CH1,POWER,3.55
1765904858773,CH1,POWER,3.55
1765904858778,CH1,POWER,3.55
1765904858784,CH1,POWER,3.55
1765904858791,CH1,POWER,3.55
1765904858795,CH1,POWER,3.55
1765904858801,CH1,POWER,3.55
1765904858807,CH1,POWER,3.55
1765904858811,CH1,POWER,3.55
1765904858816,CH1,POWER,3.55
1765904858821,CH1,POWER,3.55
1765904858825,CH1,POWER,3.55
1765904858830,CH1,POWER,3.55
1765904858837,CH1,POWER,3.55
1765904858841,CH1,POWER,3.55
1765904858846,CH1,POWER,3.55
1765904858851,CH1,POWER,3.55
1765904858857,CH1,POWER,3.55
1765904858861,CH1,POWER,3.55
1765904858869,CH1,POWER,3.55
1765904858874,CH1,POWER,3.55
1765904858881,CH1,POWER,3.55
1765904858889,CH1,POWER,3.55
1765904858894,CH1,POWER,3.55
1765904858898,CH1,POWER,3.55
1765904858903,CH1,POWER,3.55
1765904858909,CH1,POWER,3.55
1765904858911,CH1,POWER,3.30
1765904858914,CH1,POWER,3.30
1765904858940,CH1,POWER,3.30
1765904858945,CH1,POWER,3.30
1765904858950,CH1,POWER,3.30
1765904858954,CH1,POWER,3.30
1765904858961,CH1,POWER,3.30
1765904858965,CH1,POWER,3.30
1765904858970,CH1,POWER,3.30
1765904858974,CH1,POWER,3.30
1765904858980,CH1,POWER,3.30
1765904858986,CH1,POWER,3.30
1765904858993,CH1,POWER,3.30
1765904858999,CH1,POWER,3.30
1765904859003,CH1,POWER,3.30
1765904859011,CH1,POWER,3.30
1765904859016,CH1,POWER,3.30
1765904859023,CH1,POWER,3.30
1765904859029,CH1,POWER,3.30
1765904859033,CH1,POWER,3.30
1765904859039,CH1,POWER,3.30
1765904859043,CH1,POWER,3.30
1765904859048,CH1,POWER,3.30
1765904859053,CH1,POWER,3.30
1765904859059,CH1,POWER,3.30
1765904859063,CH1,POWER,3.30
1765904859071,CH1,POWER,3.30
1765904859076,CH1,POWER,3.30
1765904859083,CH1,POWER,3.30
1765904859089,CH1,POWER,3.30
1765904859093,CH1,POWER,3.30
1765904859099,CH1,POWER,3.30
1765904859103,CH1,POWER,3.30
1765904859108,CH1,POWER,3.30
1765904859113,CH1,POWER,3.30
1765904859118,CH1,POWER,3.30
1765904859123,CH1,POWER,3.30
1765904859127,CH1,POWER,3.30
1765904859132,CH1,POWER,3.30
1765904859137,CH1,POWER,3.30
1765904859142,CH1,POWER,3.30
1765904859147,CH1,POWER,3.30
1765904859152,CH1,POWER,3.30
1765904859156,CH1,POWER,3.30
1765904859163,CH1,POWER,3.30
1765904859167,CH1,POWER,3.30
1765904859173,CH1,POWER,3.30
1765904859177,CH1,POWER,3.30
1765904859183,CH1,POWER,3.30
1765904859187,CH1,POWER,3.30
1765904859193,CH1,POWER,3.30
1765904859197,CH1,POWER,3.30
1765904859203,CH1,POWER,3.30
1765904859207,CH1,POWER,3.30
1765904859213,CH1,POWER,3.30
1765904859219,CH1,POWER,3.30
1765904859223,CH1,POWER,3.30
1765904859227,CH1,POWER,3.30
1765904859233,CH1,POWER,3.30
1765904859238,CH1,POWER,3.30
1765904859243,CH1,POWER,3.30
1765904859251,CH1,POWER,3.30
1765904859255,CH1,POWER,3.30
1765904859260,CH1,POWER,3.30
1765904859265,CH1,POWER,3.30
1765904859270,CH1,POWER,3.30
1765904859275,CH1,POWER,3.30
1765904859283,CH1,POWER,3.30
1765904859289,CH1,POWER,3.30
1765904859293,CH1,POWER,3.30
1765904859301,CH1,POWER,3.30
1765904859305,CH1,POWER,3.40
1765904859308,CH1,POWER,3.40
1765904859335,CH1,POWER,3.40
1765904859341,CH1,POWER,3.40
1765904859345,CH1,POWER,3.40
1765904859353,CH1,POWER,3.40
1765904859358,CH1,POWER,3.40
1765904859365,CH1,POWER,3.40
1765904859370,CH1,POWER,3.40
1765904859375,CH1,POWER,3.40
1765904859380,CH1,POWER,3.40
1765904859385,CH1,POWER,3.40
1765904859390,CH1,POWER,3.40
1765904859395,CH1,POWER,3.40
1765904859401,CH1,POWER,3.40
1765904859405,CH1,POWER,3.40
1765904859411,CH1,POWER,3.40
1765904859415,CH1,POWER,3.40
1765904859420,CH1,POWER,3.40
1765904859425,CH1,POWER,3.40
1765904859431,CH1,POWER,3.40
1765904859435,CH1,POWER,3.40
1765904859441,CH1,POWER,3.40
1765904859445,CH1,POWER,3.40
1765904859453,CH1,POWER,3.40
1765904859458,CH1,POWER,3.40
1765904859465,CH1,POWER,3.40
1765904859469,CH1,POWER,3.40
1765904859474,CH1,POWER,3.40
1765904859478,CH1,POWER,3.40
1765904859485,CH1,POWER,3.40
1765904859490,CH1,POWER,3.40
1765904859495,CH1,POWER,3.40
1765904859500,CH1,POWER,3.40
1765904859505,CH1,POWER,3.40
1765904859509,CH1,POWER,3.40
1765904859514,CH1,POWER,3.40
1765904859518,CH1,POWER,3.40
1765904859524,CH1,POWER,3.40
1765904859530,CH1,POWER,3.40
1765904859535,CH1,POWER,3.40
1765904859541,CH1,POWER,3.40
1765904859545,CH1,POWER,3.40
1765904859551,CH1,POWER,3.40
1765904859555,CH1,POWER,3.40
1765904859563,CH1,POWER,3.40
1765904859568,CH1,POWER,3.40
1765904859575,CH1,POWER,3.40
1765904859580,CH1,POWER,3.40
1765904859585,CH1,POWER,3.40
1765904859590,CH1,POWER,3.40
1765904859595,CH1,POWER,3.40
1765904859603,CH1,POWER,3.40
1765904859608,CH1,POWER,3.40
1765904859615,CH1,POWER,3.40
1765904859620,CH1,POWER,3.40
1765904859625,CH1,POWER,3.40
1765904859629,CH1,POWER,3.40
1765904859634,CH1,POWER,3.40
1765904859639,CH1,POWER,3.40
1765904859644,CH1,POWER,3.40
1765904859648,CH1,POWER,3.40
1765904859652,CH1,POWER,3.40
1765904859657,CH1,POWER,3.40
1765904859662,CH1,POWER,3.40
1765904859666,CH1,POWER,3.40
1765904859673,CH1,POWER,3.40
1765904859678,CH1,POWER,3.40
1765904859685,CH1,POWER,3.40
1765904859693,CH1,POWER,3.40
1765904859696,CH1,POWER,3.30
1765904859699,CH1,POWER,3.30
1765904859727,CH1,POWER,3.30
1765904859732,CH1,POWER,3.30
1765904859737,CH1,POWER,3.30
1765904859743,CH1,POWER,3.30
1765904859747,CH1,POWER,3.30
1765904859752,CH1,POWER,3.30
1765904859757,CH1,POWER,3.30
1765904859761,CH1,POWER,3.30
1765904859766,CH1,POWER,3.30
1765904859771,CH1,POWER,3.30
1765904859776,CH1,POWER,3.30
1765904859780,CH1,POWER,3.30
1765904859787,CH1,POWER,3.30
1765904859793,CH1,POWER,3.30
1765904859797,CH1,POWER,3.30
1765904859802,CH1,POWER,3.30
1765904859807,CH1,POWER,3.30
1765904859813,CH1,POWER,3.30
1765904859817,CH1,POWER,3.30
1765904859823,CH1,POWER,3.30
1765904859827,CH1,POWER,3.30
1765904859835,CH1,POWER,3.30
1765904859840,CH1,POWER,3.30
1765904859847,CH1,POWER,3.30
1765904859853,CH1,POWER,3.30
1765904859857,CH1,POWER,3.30
1765904859862,CH1,POWER,3.30
1765904859867,CH1,POWER,3.30
1765904859872,CH1,POWER,3.30
1765904859877,CH1,POWER,3.30
1765904859881,CH1,POWER,3.30
1765904859886,CH1,POWER,3.30
1765904859890,CH1,POWER,3.30
1765904859897,CH1,POWER,3.30
1765904859903,CH1,POWER,3.30
1765904859907,CH1,POWER,3.30
1765904859912,CH1,POWER,3.30
1765904859917,CH1,POWER,3.30
1765904859923,CH1,POWER,3.30
1765904859927,CH1,POWER,3.30
1765904859931,CH1,POWER,3.30
1765904859936,CH1,POWER,3.30
1765904859941,CH1,POWER,3.30
1765904859946,CH1,POWER,3.30
1765904859951,CH1,POWER,3.30
1765904859957,CH1,POWER,3.30
1765904859961,CH1,POWER,3.30
1765904859966,CH1,POWER,3.30
1765904859972,CH1,POWER,3.30
1765904859977,CH1,POWER,3.30
1765904859982,CH1,POWER,3.30
1765904859987,CH1,POWER,3.30
1765904859993,CH1,POWER,3.30
1765904859997,CH1,POWER,3.30
1765904860002,CH1,POWER,3.30
1765904860007,CH1,POWER,3.30
1765904860012,CH1,POWER,3.30
1765904860017,CH1,POWER,3.30
1765904860023,CH1,POWER,3.30
1765904860027,CH1,POWER,3.30
1765904860031,CH1,POWER,3.30
1765904860036,CH1,POWER,3.30
1765904860041,CH1,POWER,3.30
1765904860047,CH1,POWER,3.30
1765904860051,CH1,POWER,3.30
1765904860056,CH1,POWER,3.30
1765904860061,CH1,POWER,3.30
1765904860066,CH1,POWER,3.30
1765904860070,CH1,POWER,3.30
1765904860077,CH1,POWER,3.30
1765904860083,CH1,POWER,3.30
1765904860087,CH1,POWER,3.30
1765904860091,CH1,POWER,3.35
1765904860119,CH1,POWER,3.35
1765904860125,CH1,POWER,3.35
1765904860129,CH1,POWER,3.35
1765904860134,CH1,POWER,3.35
1765904860139,CH1,POWER,3.35
1765904860144,CH1,POWER,3.35
1765904860149,CH1,POWER,3.35
1765904860157,CH1,POWER,3.35
1765904860162,CH1,POWER,3.35
1765904860169,CH1,POWER,3.35
1765904860174,CH1,POWER,3.35
1765904860179,CH1,POWER,3.35
1765904860184,CH1,POWER,3.35
1765904860189,CH1,POWER,3.35
1765904860195,CH1,POWER,3.35
1765904860199,CH1,POWER,3.35
1765904860204,CH1,POWER,3.35
1765904860209,CH1,POWER,3.35
1765904860214,CH1,POWER,3.35
1765904860219,CH1,POWER,3.35
1765904860224,CH1,POWER,3.35
1765904860229,CH1,POWER,3.35
1765904860237,CH1,POWER,3.35
1765904860243,CH1,POWER,3.35
1765904860248,CH1,POWER,3.35
1765904860255,CH1,POWER,3.35
1765904860259,CH1,POWER,3.35
1765904860267,CH1,POWER,3.35
1765904860272,CH1,POWER,3.35
1765904860279,CH1,POWER,3.35
1765904860287,CH1,POWER,3.35
1765904860292,CH1,POWER,3.35
1765904860299,CH1,POWER,3.35
1765904860305,CH1,POWER,3.35
1765904860309,CH1,POWER,3.35
1765904860314,CH1,POWER,3.35
1765904860319,CH1,POWER,3.35
1765904860324,CH1,POWER,3.35
1765904860329,CH1,POWER,3.35
1765904860337,CH1,POWER,3.35
1765904860341,CH1,POWER,3.35
1765904860346,CH1,POWER,3.35
1765904860351,CH1,POWER,3.35
1765904860356,CH1,POWER,3.35
1765904860362,CH1,POWER,3.35
1765904860369,CH1,POWER,3.35
1765904860373,CH1,POWER,3.35
1765904860378,CH1,POWER,3.35
1765904860383,CH1,POWER,3.35
1765904860388,CH1,POWER,3.35
1765904860393,CH1,POWER,3.35
1765904860399,CH1,POWER,3.35
1765904860405,CH1,POWER,3.35
1765904860409,CH1,POWER,3.35
1765904860413,CH1,POWER,3.35
1765904860418,CH1,POWER,3.35
1765904860425,CH1,POWER,3.35
1765904860429,CH1,POWER,3.35
1765904860434,CH1,POWER,3.35
1765904860439,CH1,POWER,3.35
1765904860445,CH1,POWER,3.35
1765904860449,CH1,POWER,3.35
1765904860455,CH1,POWER,3.35
1765904860459,CH1,POWER,3.35
1765904860464,CH1,POWER,3.35
1765904860469,CH1,POWER,3.35
1765904860474,CH1,POWER,3.35
1765904860478,CH1,POWER,3.35
1765904860481,CH1,POWER,3.25
1765904860483,CH1,POWER,3.25
1765904860511,CH1,POWER,3.25
1765904860517,CH1,POWER,3.25
1765904860521,CH1,POWER,3.25
1765904860526,CH1,POWER,3.25
1765904860531,CH1,POWER,3.25
1765904860535,CH1,POWER,3.25
1765904860540,CH1,POWER,3.25
1765904860545,CH1,POWER,3.25
1765904860550,CH1,POWER,3.25
1765904860555,CH1,POWER,3.25
1765904860560,CH1,POWER,3.25
1765904860565,CH1,POWER,3.25
1765904860570,CH1,POWER,3.25
1765904860576,CH1,POWER,3.25
1765904860581,CH1,POWER,3.25
1765904860585,CH1,POWER,3.25
1765904860590,CH1,POWER,3.25
1765904860597,CH1,POWER,3.25
1765904860601,CH1,POWER,3.25
1765904860607,CH1,POWER,3.25
1765904860611,CH1,POWER,3.25
1765904860615,CH1,POWER,3.25
1765904860620,CH1,POWER,3.25
1765904860625,CH1,POWER,3.25
1765904860630,CH1,POWER,3.25
1765904860635,CH1,POWER,3.25
1765904860641,CH1,POWER,3.25
1765904860646,CH1,POWER,3.25
1765904860651,CH1,POWER,3.25
1765904860659,CH1,POWER,3.25
1765904860664,CH1,POWER,3.25
1765904860671,CH1,POWER,3.25
1765904860677,CH1,POWER,3.25
1765904860681,CH1,POWER,3.25
1765904860686,CH1,POWER,3.25
1765904860691,CH1,POWER,3.25
1765904860696,CH1,POWER,3.25
1765904860701,CH1,POWER,3.25
1765904860707,CH1,POWER,3.25
1765904860711,CH1,POWER,3.25
1765904860717,CH1,POWER,3.25
1765904860721,CH1,POWER,3.25
1765904860726,CH1,POWER,3.25
1765904860731,CH1,POWER,3.25
1765904860736,CH1,POWER,3.25
1765904860741,CH1,POWER,3.25
1765904860749,CH1,POWER,3.25
1765904860754,CH1,POWER,3.25
1765904860761,CH1,POWER,3.25
1765904860766,CH1,POWER,3.25
1765904860771,CH1,POWER,3.25
1765904860776,CH1,POWER,3.25
1765904860781,CH1,POWER,3.25
1765904860789,CH1,POWER,3.25
1765904860794,CH1,POWER,3.25
1765904860801,CH1,POWER,3.25
1765904860806,CH1,POWER,3.25
1765904860811,CH1,POWER,3.25
1765904860816,CH1,POWER,3.25
1765904860821,CH1,POWER,3.25
1765904860825,CH1,POWER,3.25
1765904860830,CH1,POWER,3.25
1765904860834,CH1,POWER,3.25
1765904860841,CH1,POWER,3.25
1765904860846,CH1,POWER,3.25
1765904860851,CH1,POWER,3.25
1765904860856,CH1,POWER,3.25
1765904860861,CH1,POWER,3.25
1765904860865,CH1,POWER,3.25
1765904860871,CH1,POWER,3.25
1765904860875,CH1,POWER,3.25
1765904860879,CH1,POWER,3.70
1765904860881,CH1,POWER,3.70
1765904860884,CH1,POWER,3.70
1765904860910,CH1,POWER,3.70
1765904860915,CH1,POWER,3.70
1765904860920,CH1,POWER,3.70
1765904860925,CH1,POWER,3.70
1765904860933,CH1,POWER,3.70
1765904860939,CH1,POWER,3.70
1765904860943,CH1,POWER,3.70
1765904860948,CH1,POWER,3.70
1765904860953,CH1,POWER,3.70
1765904860961,CH1,POWER,3.70
1765904860966,CH1,POWER,3.70
1765904860973,CH1,POWER,3.70
1765904860978,CH1,POWER,3.70
1765904860983,CH1,POWER,3.70
1765904860991,CH1,POWER,3.70
1765904860995,CH1,POWER,3.70
1765904861000,CH1,POWER,3.70
1765904861004,CH1,POWER,3.70
1765904861008,CH1,POWER,3.70
1765904861013,CH1,POWER,3.70
1765904861017,CH1,POWER,3.70
1765904861023,CH1,POWER,3.70
1765904861027,CH1,POWER,3.70
1765904861033,CH1,POWER,3.70
1765904861038,CH1,POWER,3.70
1765904861043,CH1,POWER,3.70
1765904861048,CH1,POWER,3.70
1765904861053,CH1,POWER,3.70
1765904861058,CH1,POWER,3.70
1765904861063,CH1,POWER,3.70
1765904861071,CH1,POWER,3.70
1765904861076,CH1,POWER,3.70
1765904861083,CH1,POWER,3.70
1765904861089,CH1,POWER,3.70
1765904861093,CH1,POWER,3.70
1765904861099,CH1,POWER,3.70
1765904861103,CH1,POWER,3.70
1765904861108,CH1,POWER,3.70
1765904861113,CH1,POWER,3.70
1765904861118,CH1,POWER,3.70
1765904861123,CH1,POWER,3.70
1765904861128,CH1,POWER,3.70
1765904861133,CH1,POWER,3.70
1765904861138,CH1,POWER,3.70
1765904861143,CH1,POWER,3.70
1765904861148,CH1,POWER,3.70
1765904861153,CH1,POWER,3.70
1765904861158,CH1,POWER,3.70
1765904861163,CH1,POWER,3.70
1765904861171,CH1,POWER,3.70
1765904861177,CH1,POWER,3.70
1765904861182,CH1,POWER,3.70
1765904861187,CH1,POWER,3.70
1765904861192,CH1,POWER,3.70
1765904861198,CH1,POWER,3.70
1765904861203,CH1,POWER,3.70
1765904861208,CH1,POWER,3.70
1765904861213,CH1,POWER,3.70
1765904861218,CH1,POWER,3.70
1765904861223,CH1,POWER,3.70
1765904861231,CH1,POWER,3.70
1765904861236,CH1,POWER,3.70
1765904861244,CH1,POWER,3.70
1765904861251,CH1,POWER,3.70
1765904861256,CH1,POWER,3.70
1765904861263,CH1,POWER,3.70
1765904861268,CH1,POWER,3.70
1765904861271,CH1,POWER,3.70
1765904861273,CH1,POWER,3.70
1765904861276,CH1,POWER,3.70
1765904861302,CH1,POWER,3.70
1765904861307,CH1,POWER,3.70
1765904861312,CH1,POWER,3.70
1765904861317,CH1,POWER,3.70
1765904861322,CH1,POWER,3.70
1765904861327,CH1,POWER,3.70
1765904861332,CH1,POWER,3.70
1765904861337,CH1,POWER,3.70
1765904861343,CH1,POWER,3.70
1765904861348,CH1,POWER,3.70
1765904861355,CH1,POWER,3.70
1765904861360,CH1,POWER,3.70
1765904861365,CH1,POWER,3.70
1765904861373,CH1,POWER,3.70
1765904861378,CH1,POWER,3.70
1765904861385,CH1,POWER,3.70
1765904861391,CH1,POWER,3.70
1765904861395,CH1,POWER,3.70
1765904861401,CH1,POWER,3.70
1765904861405,CH1,POWER,3.70
1765904861410,CH1,POWER,3.70
1765904861415,CH1,POWER,3.70
1765904861423,CH1,POWER,3.70
1765904861428,CH1,POWER,3.70
1765904861435,CH1,POWER,3.70
1765904861440,CH1,POWER,3.70
1765904861445,CH1,POWER,3.70
1765904861450,CH1,POWER,3.70
1765904861455,CH1,POWER,3.70
1765904861460,CH1,POWER,3.70
1765904861465,CH1,POWER,3.70
1765904861471,CH1,POWER,3.70
1765904861475,CH1,POWER,3.70
1765904861480,CH1,POWER,3.70
1765904861485,CH1,POWER,3.70
1765904861490,CH1,POWER,3.70
1765904861495,CH1,POWER,3.70
1765904861503,CH1,POWER,3.70
1765904861508,CH1,POWER,3.70
1765904861512,CH1,POWER,3.70
1765904861517,CH1,POWER,3.70
1765904861522,CH1,POWER,3.70
1765904861527,CH1,POWER,3.70
1765904861532,CH1,POWER,3.70
1765904861536,CH1,POWER,3.70
1765904861543,CH1,POWER,3.70
1765904861548,CH1,POWER,3.70
1765904861555,CH1,POWER,3.70
1765904861560,CH1,POWER,3.70
1765904861565,CH1,POWER,3.70
1765904861570,CH1,POWER,3.70
1765904861575,CH1,POWER,3.70
1765904861579,CH1,POWER,3.70
1765904861585,CH1,POWER,3.70
1765904861590,CH1,POWER,3.70
1765904861595,CH1,POWER,3.70
1765904861599,CH1,POWER,3.70
1765904861604,CH1,POWER,3.70
1765904861609,CH1,POWER,3.70
1765904861614,CH1,POWER,3.70
1765904861620,CH1,POWER,3.70
1765904861625,CH1,POWER,3.70
1765904861633,CH1,POWER,3.70
1765904861638,CH1,POWER,3.70
1765904861645,CH1,POWER,3.70
1765904861650,CH1,POWER,3.70
1765904861655,CH1,POWER,3.70
1765904861660,CH1,POWER,3.70
1765904861665,CH1,POWER,3.70
1765904861667,CH1,POWER,3.30
1765904861693,CH1,POWER,3.30
1765904861698,CH1,POWER,3.30
1765904861705,CH1,POWER,3.30
1765904861710,CH1,POWER,3.30
1765904861717,CH1,POWER,3.30
1765904861722,CH1,POWER,3.30
1765904861727,CH1,POWER,3.30
1765904861732,CH1,POWER,3.30
1765904861737,CH1,POWER,3.30
1765904861742,CH1,POWER,3.30
1765904861747,CH1,POWER,3.30
1765904861751,CH1,POWER,3.30
1765904861757,CH1,POWER,3.30
1765904861762,CH1,POWER,3.30
1765904861767,CH1,POWER,3.30
1765904861772,CH1,POWER,3.30
1765904861777,CH1,POWER,3.30
1765904861782,CH1,POWER,3.30
1765904861787,CH1,POWER,3.30
1765904861791,CH1,POWER,3.30
1765904861797,CH1,POWER,3.30
1765904861801,CH1,POWER,3.30
1765904861807,CH1,POWER,3.30
1765904861811,CH1,POWER,3.30
1765904861816,CH1,POWER,3.30
1765904861821,CH1,POWER,3.30
1765904861827,CH1,POWER,3.30
1765904861832,CH1,POWER,3.30
1765904861837,CH1,POWER,3.30
1765904861841,CH1,POWER,3.30
1765904861846,CH1,POWER,3.30
1765904861850,CH1,POWER,3.30
1765904861857,CH1,POWER,3.30
1765904861862,CH1,POWER,3.30
1765904861867,CH1,POWER,3.30
1765904861872,CH1,POWER,3.30
1765904861877,CH1,POWER,3.30
1765904861882,CH1,POWER,3.30
1765904861887,CH1,POWER,3.30
1765904861892,CH1,POWER,3.30
1765904861897,CH1,POWER,3.30
1765904861901,CH1,POWER,3.30
1765904861906,CH1,POWER,3.30
1765904861911,CH1,POWER,3.30
1765904861917,CH1,POWER,3.30
1765904861921,CH1,POWER,3.30
1765904861927,CH1,POWER,3.30
1765904861932,CH1,POWER,3.30
1765904861937,CH1,POWER,3.30
1765904861942,CH1,POWER,3.30
1765904861947,CH1,POWER,3.30
1765904861952,CH1,POWER,3.30
1765904861957,CH1,POWER,3.30
1765904861962,CH1,POWER,3.30
1765904861967,CH1,POWER,3.30
1765904861972,CH1,POWER,3.30
1765904861977,CH1,POWER,3.30
1765904861985,CH1,POWER,3.30
1765904861989,CH1,POWER,3.30
1765904861994,CH1,POWER,3.30
1765904861999,CH1,POWER,3.30
1765904862007,CH1,POWER,3.30
1765904862012,CH1,POWER,3.30
1765904862017,CH1,POWER,3.30
1765904862022,CH1,POWER,3.30
1765904862027,CH1,POWER,3.30
1765904862031,CH1,POWER,3.30
1765904862037,CH1,POWER,3.30
1765904862043,CH1,POWER,3.30
1765904862048,CH1,POWER,3.30
1765904862055,CH1,POWER,3.30
1765904862057,CH1,POWER,3.70
1765904862060,CH1,POWER,3.70
1765904862086,CH1,POWER,3.70
1765904862091,CH1,POWER,3.70
1765904862096,CH1,POWER,3.70
1765904862102,CH1,POWER,3.70
1765904862109,CH1,POWER,3.70
1765904862114,CH1,POWER,3.70
1765904862119,CH1,POWER,3.70
1765904862127,CH1,POWER,3.70
1765904862132,CH1,POWER,3.70
1765904862139,CH1,POWER,3.70
1765904862144,CH1,POWER,3.70
1765904862149,CH1,POWER,3.70
1765904862157,CH1,POWER,3.70
1765904862162,CH1,POWER,3.70
1765904862169,CH1,POWER,3.70
1765904862174,CH1,POWER,3.70
1765904862179,CH1,POWER,3.70
1765904862184,CH1,POWER,3.70
1765904862189,CH1,POWER,3.70
1765904862194,CH1,POWER,3.70
1765904862199,CH1,POWER,3.70
1765904862207,CH1,POWER,3.70
1765904862212,CH1,POWER,3.70
1765904862219,CH1,POWER,3.70
1765904862224,CH1,POWER,3.70
1765904862229,CH1,POWER,3.70
1765904862234,CH1,POWER,3.70
1765904862239,CH1,POWER,3.70
1765904862244,CH1,POWER,3.70
1765904862249,CH1,POWER,3.70
1765904862253,CH1,POWER,3.70
1765904862259,CH1,POWER,3.70
1765904862263,CH1,POWER,3.70
1765904862268,CH1,POWER,3.70
1765904862273,CH1,POWER,3.70
1765904862278,CH1,POWER,3.70
1765904862283,CH1,POWER,3.70
1765904862288,CH1,POWER,3.70
1765904862293,CH1,POWER,3.70
1765904862298,CH1,POWER,3.70
1765904862303,CH1,POWER,3.70
1765904862309,CH1,POWER,3.70
1765904862314,CH1,POWER,3.70
1765904862319,CH1,POWER,3.70
1765904862324,CH1,POWER,3.70
1765904862329,CH1,POWER,3.70
1765904862334,CH1,POWER,3.70
1765904862339,CH1,POWER,3.70
1765904862344,CH1,POWER,3.70
1765904862349,CH1,POWER,3.70
1765904862357,CH1,POWER,3.70
1765904862361,CH1,POWER,3.70
1765904862366,CH1,POWER,3.70
1765904862372,CH1,POWER,3.70
1765904862376,CH1,POWER,3.70
1765904862382,CH1,POWER,3.70
1765904862386,CH1,POWER,3.70
1765904862392,CH1,POWER,3.70
1765904862396,CH1,POWER,3.70
1765904862402,CH1,POWER,3.70
1765904862406,CH1,POWER,3.70
1765904862411,CH1,POWER,3.70
1765904862416,CH1,POWER,3.70
1765904862421,CH1,POWER,3.70
1765904862426,CH1,POWER,3.70
1765904862432,CH1,POWER,3.70
1765904862439,CH1,POWER,3.70
1765904862442,CH1,POWER,3.40
1765904862468,CH1,POWER,3.40
1765904862473,CH1,POWER,3.40
1765904862478,CH1,POWER,3.40
1765904862484,CH1,POWER,3.40
1765904862488,CH1,POWER,3.40
1765904862493,CH1,POWER,3.40
1765904862498,CH1,POWER,3.40
1765904862504,CH1,POWER,3.40
1765904862511,CH1,POWER,3.40
1765904862516,CH1,POWER,3.40
1765904862521,CH1,POWER,3.40
1765904862529,CH1,POWER,3.40
1765904862534,CH1,POWER,3.40
1765904862541,CH1,POWER,3.40
1765904862549,CH1,POWER,3.40
1765904862554,CH1,POWER,3.40
1765904862561,CH1,POWER,3.40
1765904862566,CH1,POWER,3.40
1765904862571,CH1,POWER,3.40
1765904862576,CH1,POWER,3.40
1765904862581,CH1,POWER,3.40
1765904862586,CH1,POWER,3.40
1765904862591,CH1,POWER,3.40
1765904862596,CH1,POWER,3.40
1765904862601,CH1,POWER,3.40
1765904862606,CH1,POWER,3.40
1765904862611,CH1,POWER,3.40
1765904862619,CH1,POWER,3.40
1765904862625,CH1,POWER,3.40
1765904862630,CH1,POWER,3.40
1765904862635,CH1,POWER,3.40
1765904862641,CH1,POWER,3.40
1765904862646,CH1,POWER,3.40
1765904862651,CH1,POWER,3.40
1765904862659,CH1,POWER,3.40
1765904862663,CH1,POWER,3.40
1765904862668,CH1,POWER,3.40
1765904862674,CH1,POWER,3.40
1765904862678,CH1,POWER,3.40
1765904862683,CH1,POWER,3.40
1765904862691,CH1,POWER,3.40
1765904862695,CH1,POWER,3.40
1765904862701,CH1,POWER,3.40
1765904862706,CH1,POWER,3.40
1765904862711,CH1,POWER,3.40
1765904862719,CH1,POWER,3.40
1765904862723,CH1,POWER,3.40
1765904862728,CH1,POWER,3.40
1765904862734,CH1,POWER,3.40
1765904862741,CH1,POWER,3.40
1765904862746,CH1,POWER,3.40
1765904862751,CH1,POWER,3.40
1765904862756,CH1,POWER,3.40
1765904862761,CH1,POWER,3.40
1765904862765,CH1,POWER,3.40
1765904862770,CH1,POWER,3.40
1765904862776,CH1,POWER,3.40
1765904862781,CH1,POWER,3.40
1765904862786,CH1,POWER,3.40
1765904862791,CH1,POWER,3.40
1765904862796,CH1,POWER,3.40
1765904862801,CH1,POWER,3.40
1765904862809,CH1,POWER,3.40
1765904862814,CH1,POWER,3.40
1765904862821,CH1,POWER,3.40
1765904862826,CH1,POWER,3.40
1765904862831,CH1,POWER,3.40
1765904862834,CH1,POWER,3.60
1765904862862,CH1,POWER,3.60
1765904862868,CH1,POWER,3.60
1765904862873,CH1,POWER,3.60
1765904862878,CH1,POWER,3.60
1765904862883,CH1,POWER,3.60
1765904862891,CH1,POWER,3.60
1765904862897,CH1,POWER,3.60
1765904862902,CH1,POWER,3.60
1765904862907,CH1,POWER,3.60
1765904862913,CH1,POWER,3.60
1765904862917,CH1,POWER,3.60
1765904862922,CH1,POWER,3.60
1765904862928,CH1,POWER,3.60
1765904862933,CH1,POWER,3.60
1765904862938,CH1,POWER,3.60
1765904862943,CH1,POWER,3.60
1765904862951,CH1,POWER,3.60
1765904862956,CH1,POWER,3.60
1765904862963,CH1,POWER,3.60
1765904862968,CH1,POWER,3.60
1765904862973,CH1,POWER,3.60
1765904862978,CH1,POWER,3.60
1765904862983,CH1,POWER,3.60
1765904862988,CH1,POWER,3.60
1765904862993,CH1,POWER,3.60
1765904862998,CH1,POWER,3.60
1765904863003,CH1,POWER,3.60
1765904863008,CH1,POWER,3.60
1765904863013,CH1,POWER,3.60
1765904863018,CH1,POWER,3.60
1765904863023,CH1,POWER,3.60
1765904863031,CH1,POWER,3.60
1765904863036,CH1,POWER,3.60
1765904863043,CH1,POWER,3.60
1765904863048,CH1,POWER,3.60
1765904863053,CH1,POWER,3.60
1765904863058,CH1,POWER,3.60
1765904863063,CH1,POWER,3.60
1765904863068,CH1,POWER,3.60
1765904863073,CH1,POWER,3.60
1765904863081,CH1,POWER,3.60
1765904863086,CH1,POWER,3.60
1765904863092,CH1,POWER,3.60
1765904863097,CH1,POWER,3.60
1765904863102,CH1,POWER,3.60
1765904863108,CH1,POWER,3.60
1765904863113,CH1,POWER,3.60
1765904863121,CH1,POWER,3.60
1765904863126,CH1,POWER,3.60
1765904863132,CH1,POWER,3.60
1765904863137,CH1,POWER,3.60
1765904863142,CH1,POWER,3.60
1765904863148,CH1,POWER,3.60
1765904863153,CH1,POWER,3.60
1765904863158,CH1,POWER,3.60
1765904863163,CH1,POWER,3.60
1765904863171,CH1,POWER,3.60
1765904863176,CH1,POWER,3.60
1765904863183,CH1,POWER,3.60
1765904863188,CH1,POWER,3.60
1765904863193,CH1,POWER,3.60
1765904863198,CH1,POWER,3.60
1765904863202,CH1,POWER,3.60
1765904863207,CH1,POWER,3.60
1765904863213,CH1,POWER,3.60
1765904863217,CH1,POWER,3.70
1765904863245,CH1,POWER,3.70
1765904863250,CH1,POWER,3.70
1765904863255,CH1,POWER,3.70
1765904863260,CH1,POWER,3.70
1765904863265,CH1,POWER,3.70
1765904863273,CH1,POWER,3.70
1765904863278,CH1,POWER,3.70
1765904863285,CH1,POWER,3.70
1765904863290,CH1,POWER,3.70
1765904863295,CH1,POWER,3.70
1765904863303,CH1,POWER,3.70
1765904863308,CH1,POWER,3.70
1765904863315,CH1,POWER,3.70
1765904863320,CH1,POWER,3.70
1765904863325,CH1,POWER,3.70
1765904863333,CH1,POWER,3.70
1765904863338,CH1,POWER,3.70
1765904863344,CH1,POWER,3.70
1765904863349,CH1,POWER,3.70
1765904863354,CH1,POWER,3.70
1765904863359,CH1,POWER,3.70
1765904863364,CH1,POWER,3.70
1765904863369,CH1,POWER,3.70
1765904863374,CH1,POWER,3.70
1765904863379,CH1,POWER,3.70
1765904863384,CH1,POWER,3.70
1765904863389,CH1,POWER,3.70
1765904863395,CH1,POWER,3.70
1765904863400,CH1,POWER,3.70
1765904863405,CH1,POWER,3.70
1765904863410,CH1,POWER,3.70
1765904863415,CH1,POWER,3.70
1765904863423,CH1,POWER,3.70
1765904863428,CH1,POWER,3.70
1765904863435,CH1,POWER,3.70
1765904863443,CH1,POWER,3.70
1765904863448,CH1,POWER,3.70
1765904863455,CH1,POWER,3.70
1765904863463,CH1,POWER,3.70
1765904863468,CH1,POWER,3.70
1765904863475,CH1,POWER,3.70
1765904863480,CH1,POWER,3.70
1765904863485,CH1,POWER,3.70
1765904863490,CH1,POWER,3.70
1765904863495,CH1,POWER,3.70
1765904863503,CH1,POWER,3.70
1765904863508,CH1,POWER,3.70
1765904863515,CH1,POWER,3.70
1765904863520,CH1,POWER,3.70
1765904863525,CH1,POWER,3.70
1765904863530,CH1,POWER,3.70
1765904863535,CH1,POWER,3.70
1765904863543,CH1,POWER,3.70
1765904863548,CH1,POWER,3.70
1765904863555,CH1,POWER,3.70
1765904863560,CH1,POWER,3.70
1765904863565,CH1,POWER,3.70
1765904863573,CH1,POWER,3.70
1765904863578,CH1,POWER,3.70
1765904863585,CH1,POWER,3.70
1765904863593,CH1,POWER,3.70
1765904863597,CH1,POWER,3.25
1765904863624,CH1,POWER,3.25
1765904863629,CH1,POWER,3.25
1765904863634,CH1,POWER,3.25
1765904863639,CH1,POWER,3.25
1765904863644,CH1,POWER,3.25
1765904863650,CH1,POWER,3.25
1765904863656,CH1,POWER,3.25
1765904863662,CH1,POWER,3.25
1765904863667,CH1,POWER,3.25
1765904863672,CH1,POWER,3.25
1765904863677,CH1,POWER,3.25
1765904863682,CH1,POWER,3.25
1765904863687,CH1,POWER,3.25
1765904863694,CH1,POWER,3.25
1765904863699,CH1,POWER,3.25
1765904863704,CH1,POWER,3.25
1765904863710,CH1,POWER,3.25
1765904863717,CH1,POWER,3.25
1765904863722,CH1,POWER,3.25
1765904863727,CH1,POWER,3.25
1765904863735,CH1,POWER,3.25
1765904863741,CH1,POWER,3.25
1765904863746,CH1,POWER,3.25
1765904863751,CH1,POWER,3.25
1765904863757,CH1,POWER,3.25
1765904863762,CH1,POWER,3.25
1765904863767,CH1,POWER,3.25
1765904863775,CH1,POWER,3.25
1765904863780,CH1,POWER,3.25
1765904863786,CH1,POWER,3.25
1765904863791,CH1,POWER,3.25
1765904863796,CH1,POWER,3.25
1765904863801,CH1,POWER,3.25
1765904863807,CH1,POWER,3.25
1765904863812,CH1,POWER,3.25
1765904863817,CH1,POWER,3.25
1765904863824,CH1,POWER,3.25
1765904863829,CH1,POWER,3.25
1765904863834,CH1,POWER,3.25
1765904863839,CH1,POWER,3.25
1765904863847,CH1,POWER,3.25
1765904863852,CH1,POWER,3.25
1765904863857,CH1,POWER,3.25
1765904863862,CH1,POWER,3.25
1765904863867,CH1,POWER,3.25
1765904863872,CH1,POWER,3.25
1765904863877,CH1,POWER,3.25
1765904863885,CH1,POWER,3.25
1765904863890,CH1,POWER,3.25
1765904863897,CH1,POWER,3.25
1765904863902,CH1,POWER,3.25
1765904863907,CH1,POWER,3.25
1765904863914,CH1,POWER,3.25
1765904863919,CH1,POWER,3.25
1765904863924,CH1,POWER,3.25
1765904863930,CH1,POWER,3.25
1765904863937,CH1,POWER,3.25
1765904863945,CH1,POWER,3.25
1765904863950,CH1,POWER,3.25
1765904863957,CH1,POWER,3.25
1765904863962,CH1,POWER,3.25
1765904863967,CH1,POWER,3.25
1765904863975,CH1,POWER,3.25
1765904863980,CH1,POWER,3.25
1765904864008,CH1,POWER,3.65
1765904864013,CH1,POWER,3.65
1765904864018,CH1,POWER,3.65
1765904864023,CH1,POWER,3.65
1765904864028,CH1,POWER,3.65
1765904864033,CH1,POWER,3.65
1765904864039,CH1,POWER,3.65
1765904864044,CH1,POWER,3.65
1765904864049,CH1,POWER,3.65
1765904864054,CH1,POWER,3.65
1765904864059,CH1,POWER,3.65
1765904864067,CH1,POWER,3.65
1765904864072,CH1,POWER,3.65
1765904864079,CH1,POWER,3.65
1765904864084,CH1,POWER,3.65
1765904864089,CH1,POWER,3.65
1765904864094,CH1,POWER,3.65
1765904864099,CH1,POWER,3.65
1765904864104,CH1,POWER,3.65
1765904864109,CH1,POWER,3.65
1765904864117,CH1,POWER,3.65
1765904864122,CH1,POWER,3.65
1765904864128,CH1,POWER,3.65
1765904864133,CH1,POWER,3.65
1765904864138,CH1,POWER,3.65
1765904864143,CH1,POWER,3.65
1765904864149,CH1,POWER,3.65
1765904864154,CH1,POWER,3.65
1765904864159,CH1,POWER,3.65
1765904864167,CH1,POWER,3.65
1765904864173,CH1,POWER,3.65
1765904864178,CH1,POWER,3.65
1765904864184,CH1,POWER,3.65
1765904864189,CH1,POWER,3.65
1765904864197,CH1,POWER,3.65
1765904864202,CH1,POWER,3.65
1765904864209,CH1,POWER,3.65
1765904864214,CH1,POWER,3.65
1765904864219,CH1,POWER,3.65
1765904864224,CH1,POWER,3.65
1765904864229,CH1,POWER,3.65
1765904864234,CH1,POWER,3.65
1765904864239,CH1,POWER,3.65
1765904864247,CH1,POWER,3.65
1765904864252,CH1,POWER,3.65
1765904864259,CH1,POWER,3.65
1765904864264,CH1,POWER,3.65
1765904864269,CH1,POWER,3.65
1765904864274,CH1,POWER,3.65
1765904864279,CH1,POWER,3.65
1765904864284,CH1,POWER,3.65
1765904864289,CH1,POWER,3.65
1765904864297,CH1,POWER,3.65
1765904864302,CH1,POWER,3.65
1765904864309,CH1,POWER,3.65
1765904864314,CH1,POWER,3.65
1765904864319,CH1,POWER,3.65
1765904864324,CH1,POWER,3.65
1765904864329,CH1,POWER,3.65
1765904864334,CH1,POWER,3.65
1765904864339,CH1,POWER,3.65
1765904864343,CH1,POWER,3.65
1765904864347,CH1,POWER,3.65
1765904864352,CH1,POWER,3.65
1765904864359,CH1,POWER,3.65
1765904864363,CH1,POWER,3.50
1765904864391,CH1,POWER,3.50
1765904864396,CH1,POWER,3.50
1765904864401,CH1,POWER,3.50
1765904864405,CH1,POWER,3.50
1765904864410,CH1,POWER,3.50
1765904864415,CH1,POWER,3.50
1765904864420,CH1,POWER,3.50
1765904864424,CH1,POWER,3.50
1765904864430,CH1,POWER,3.50
1765904864435,CH1,POWER,3.50
1765904864440,CH1,POWER,3.50
1765904864446,CH1,POWER,3.50
1765904864451,CH1,POWER,3.50
1765904864456,CH1,POWER,3.50
1765904864460,CH1,POWER,3.50
1765904864465,CH1,POWER,3.50
1765904864469,CH1,POWER,3.50
1765904864474,CH1,POWER,3.50
1765904864481,CH1,POWER,3.50
1765904864489,CH1,POWER,3.50
1765904864494,CH1,POWER,3.50
1765904864501,CH1,POWER,3.50
1765904864509,CH1,POWER,3.50
1765904864514,CH1,POWER,3.50
1765904864521,CH1,POWER,3.50
1765904864526,CH1,POWER,3.50
1765904864531,CH1,POWER,3.50
1765904864536,CH1,POWER,3.50
1765904864541,CH1,POWER,3.50
1765904864546,CH1,POWER,3.50
1765904864551,CH1,POWER,3.50
1765904864556,CH1,POWER,3.50
1765904864561,CH1,POWER,3.50
1765904864566,CH1,POWER,3.50
1765904864571,CH1,POWER,3.50
1765904864576,CH1,POWER,3.50
1765904864581,CH1,POWER,3.50
1765904864586,CH1,POWER,3.50
1765904864591,CH1,POWER,3.50
1765904864596,CH1,POWER,3.50
1765904864601,CH1,POWER,3.50
1765904864609,CH1,POWER,3.50
1765904864614,CH1,POWER,3.50
1765904864621,CH1,POWER,3.50
1765904864626,CH1,POWER,3.50
1765904864631,CH1,POWER,3.50
1765904864639,CH1,POWER,3.50
1765904864644,CH1,POWER,3.50
1765904864651,CH1,POWER,3.50
1765904864656,CH1,POWER,3.50
1765904864661,CH1,POWER,3.50
1765904864666,CH1,POWER,3.50
1765904864671,CH1,POWER,3.50
1765904864676,CH1,POWER,3.50
1765904864680,CH1,POWER,3.50
1765904864685,CH1,POWER,3.50
1765904864690,CH1,POWER,3.50
1765904864695,CH1,POWER,3.50
1765904864700,CH1,POWER,3.50
1765904864705,CH1,POWER,3.50
1765904864710,CH1,POWER,3.50
1765904864715,CH1,POWER,3.50
1765904864719,CH1,POWER,3.50
1765904864724,CH1,POWER,3.50
1765904864731,CH1,POWER,3.50
1765904864736,CH1,POWER,3.50
1765904864741,CH1,POWER,3.50
1765904864746,CH1,POWER,3.50
1765904864751,CH1,POWER,3.50
1765904864754,CH1,POWER,3.70
1765904864780,CH1,POWER,3.70
1765904864785,CH1,POWER,3.70
1765904864790,CH1,POWER,3.70
1765904864795,CH1,POWER,3.70
1765904864800,CH1,POWER,3.70
1765904864804,CH1,POWER,3.70
1765904864811,CH1,POWER,3.70
1765904864817,CH1,POWER,3.70
1765904864822,CH1,POWER,3.70
1765904864828,CH1,POWER,3.70
1765904864833,CH1,POWER,3.70
1765904864838,CH1,POWER,3.70
1765904864843,CH1,POWER,3.70
1765904864848,CH1,POWER,3.70
1765904864853,CH1,POWER,3.70
1765904864860,CH1,POWER,3.70
1765904864865,CH1,POWER,3.70
1765904864869,CH1,POWER,3.70
1765904864875,CH1,POWER,3.70
1765904864880,CH1,POWER,3.70
1765904864885,CH1,POWER,3.70
1765904864890,CH1,POWER,3.70
1765904864895,CH1,POWER,3.70
1765904864900,CH1,POWER,3.70
1765904864905,CH1,POWER,3.70
1765904864909,CH1,POWER,3.70
1765904864914,CH1,POWER,3.70
1765904864920,CH1,POWER,3.70
1765904864925,CH1,POWER,3.70
1765904864929,CH1,POWER,3.70
1765904864935,CH1,POWER,3.70
1765904864940,CH1,POWER,3.70
1765904864944,CH1,POWER,3.70
1765904864951,CH1,POWER,3.70
1765904864956,CH1,POWER,3.70
1765904864962,CH1,POWER,3.70
1765904864971,CH1,POWER,3.70
1765904864976,CH1,POWER,3.70
1765904864983,CH1,POWER,3.70
1765904864988,CH1,POWER,3.70
1765904864993,CH1,POWER,3.70
1765904864998,CH1,POWER,3.70
1765904865003,CH1,POWER,3.70
1765904865008,CH1,POWER,3.70
1765904865012,CH1,POWER,3.70
1765904865018,CH1,POWER,3.70
1765904865022,CH1,POWER,3.70
1765904865031,CH1,POWER,3.70
1765904865036,CH1,POWER,3.70
1765904865042,CH1,POWER,3.70
1765904865051,CH1,POWER,3.70
1765904865056,CH1,POWER,3.70
1765904865063,CH1,POWER,3.70
1765904865068,CH1,POWER,3.70
1765904865073,CH1,POWER,3.70
1765904865078,CH1,POWER,3.70
1765904865083,CH1,POWER,3.70
1765904865088,CH1,POWER,3.70
1765904865092,CH1,POWER,3.70
1765904865098,CH1,POWER,3.70
1765904865103,CH1,POWER,3.70
1765904865108,CH1,POWER,3.70
1765904865113,CH1,POWER,3.70
1765904865118,CH1,POWER,3.70
1765904865122,CH1,POWER,3.70
1765904865128,CH1,POWER,3.70
1765904865133,CH1,POWER,3.70
1765904865138,CH1,POWER,3.70
1765904865143,CH1,POWER,3.70
1765904865145,CH1,POWER,3.70
1765904865172,CH1,POWER,3.70
1765904865176,CH1,POWER,3.70
1765904865185,CH1,POWER,3.70
1765904865190,CH1,POWER,3.70
1765904865195,CH1,POWER,3.70
1765904865200,CH1,POWER,3.70
1765904865205,CH1,POWER,3.70
1765904865210,CH1,POWER,3.70
1765904865215,CH1,POWER,3.70
1765904865220,CH1,POWER,3.70
1765904865225,CH1,POWER,3.70
1765904865232,CH1,POWER,3.70
1765904865237,CH1,POWER,3.70
1765904865241,CH1,POWER,3.70
1765904865247,CH1,POWER,3.70
1765904865254,CH1,POWER,3.70
1765904865259,CH1,POWER,3.70
1765904865264,CH1,POWER,3.70
1765904865269,CH1,POWER,3.70
1765904865274,CH1,POWER,3.70
1765904865279,CH1,POWER,3.70
1765904865285,CH1,POWER,3.70
1765904865290,CH1,POWER,3.70
1765904865294,CH1,POWER,3.70
1765904865299,CH1,POWER,3.70
1765904865305,CH1,POWER,3.70
1765904865310,CH1,POWER,3.70
1765904865314,CH1,POWER,3.70
1765904865319,CH1,POWER,3.70
1765904865325,CH1,POWER,3.70
1765904865330,CH1,POWER,3.70
1765904865334,CH1,POWER,3.70
1765904865339,CH1,POWER,3.70
1765904865344,CH1,POWER,3.70
1765904865349,CH1,POWER,3.70
1765904865354,CH1,POWER,3.70
1765904865359,CH1,POWER,3.70
1765904865365,CH1,POWER,3.70
1765904865370,CH1,POWER,3.70
1765904865374,CH1,POWER,3.70
1765904865379,CH1,POWER,3.70
1765904865384,CH1,POWER,3.70
1765904865389,CH1,POWER,3.70
1765904865395,CH1,POWER,3.70
1765904865400,CH1,POWER,3.70
1765904865404,CH1,POWER,3.70
1765904865409,CH1,POWER,3.70
1765904865415,CH1,POWER,3.70
1765904865420,CH1,POWER,3.70
1765904865425,CH1,POWER,3.70
1765904865430,CH1,POWER,3.70
1765904865435,CH1,POWER,3.70
1765904865440,CH1,POWER,3.70
1765904865444,CH1,POWER,3.70
1765904865449,CH1,POWER,3.70
1765904865453,CH1,POWER,3.70
1765904865458,CH1,POWER,3.70
1765904865464,CH1,POWER,3.70
1765904865469,CH1,POWER,3.70
1765904865474,CH1,POWER,3.70
1765904865479,CH1,POWER,3.70
1765904865485,CH1,POWER,3.70
1765904865490,CH1,POWER,3.70
1765904865495,CH1,POWER,3.70
1765904865500,CH1,POWER,3.70
1765904865504,CH1,POWER,3.70
1765904865509,CH1,POWER,3.70
1765904865513,CH1,POWER,3.70
1765904865518,CH1,POWER,3.70
1765904865525,CH1,POWER,3.70
1765904865530,CH1,POWER,3.70
1765904865535,CH1,POWER,3.70
1765904865538,CH1,POWER,3.30
1765904865564,CH1,POWER,3.30
1765904865569,CH1,POWER,3.30
1765904865574,CH1,POWER,3.30
1765904865579,CH1,POWER,3.30
1765904865583,CH1,POWER,3.30
1765904865588,CH1,POWER,3.30
1765904865594,CH1,POWER,3.30
1765904865599,CH1,POWER,3.30
1765904865603,CH1,POWER,3.30
1765904865607,CH1,POWER,3.30
1765904865615,CH1,POWER,3.30
1765904865620,CH1,POWER,3.30
1765904865626,CH1,POWER,3.30
1765904865632,CH1,POWER,3.30
1765904865636,CH1,POWER,3.30
1765904865642,CH1,POWER,3.30
1765904865647,CH1,POWER,3.30
1765904865652,CH1,POWER,3.30
1765904865657,CH1,POWER,3.30
1765904865662,CH1,POWER,3.30
1765904865666,CH1,POWER,3.30
1765904865672,CH1,POWER,3.30
1765904865677,CH1,POWER,3.30
1765904865682,CH1,POWER,3.30
1765904865686,CH1,POWER,3.30
1765904865692,CH1,POWER,3.30
1765904865696,CH1,POWER,3.30
1765904865700,CH1,POWER,3.30
1765904865707,CH1,POWER,3.30
1765904865712,CH1,POWER,3.30
1765904865717,CH1,POWER,3.30
1765904865722,CH1,POWER,3.30
1765904865727,CH1,POWER,3.30
1765904865732,CH1,POWER,3.30
1765904865736,CH1,POWER,3.30
1765904865740,CH1,POWER,3.30
1765904865747,CH1,POWER,3.30
1765904865752,CH1,POWER,3.30
1765904865757,CH1,POWER,3.30
1765904865762,CH1,POWER,3.30
1765904865767,CH1,POWER,3.30
1765904865772,CH1,POWER,3.30
1765904865776,CH1,POWER,3.30
1765904865782,CH1,POWER,3.30
1765904865787,CH1,POWER,3.30
1765904865792,CH1,POWER,3.30
1765904865797,CH1,POWER,3.30
1765904865802,CH1,POWER,3.30
1765904865806,CH1,POWER,3.30
1765904865812,CH1,POWER,3.30
1765904865817,CH1,POWER,3.30
1765904865822,CH1,POWER,3.30
1765904865826,CH1,POWER,3.30
1765904865831,CH1,POWER,3.30
1765904865835,CH1,POWER,3.30
1765904865840,CH1,POWER,3.30
1765904865847,CH1,POWER,3.30
1765904865852,CH1,POWER,3.30
1765904865856,CH1,POWER,3.30
1765904865864,CH1,POWER,3.30
1765904865871,CH1,POWER,3.30
1765904865876,CH1,POWER,3.30
1765904865881,CH1,POWER,3.30
1765904865885,CH1,POWER,3.30
1765904865892,CH1,POWER,3.30
1765904865896,CH1,POWER,3.30
1765904865904,CH1,POWER,3.30
1765904865911,CH1,POWER,3.30
1765904865916,CH1,POWER,3.30
1765904865922,CH1,POWER,3.30
1765904865927,CH1,POWER,3.30
1765904865932,CH1,POWER,3.30
1765904865935,CH1,POWER,3.25
1765904865938,CH1,POWER,3.25
1765904865940,CH1,POWER,3.25
1765904865968,CH1,POWER,3.25
1765904865973,CH1,POWER,3.25
1765904865977,CH1,POWER,3.25
1765904865984,CH1,POWER,3.25
1765904865989,CH1,POWER,3.25
1765904865994,CH1,POWER,3.25
1765904865999,CH1,POWER,3.25
1765904866004,CH1,POWER,3.25
1765904866008,CH1,POWER,3.25
1765904866014,CH1,POWER,3.25
1765904866019,CH1,POWER,3.25
1765904866024,CH1,POWER,3.25
1765904866029,CH1,POWER,3.25
1765904866034,CH1,POWER,3.25
1765904866038,CH1,POWER,3.25
1765904866042,CH1,POWER,3.25
1765904866048,CH1,POWER,3.25
1765904866052,CH1,POWER,3.25
1765904866059,CH1,POWER,3.25
1765904866064,CH1,POWER,3.25
1765904866068,CH1,POWER,3.25
1765904866072,CH1,POWER,3.25
1765904866079,CH1,POWER,3.25
1765904866084,CH1,POWER,3.25
1765904866088,CH1,POWER,3.25
1765904866093,CH1,POWER,3.25
1765904866098,CH1,POWER,3.25
1765904866103,CH1,POWER,3.25
1765904866107,CH1,POWER,3.25
1765904866114,CH1,POWER,3.25
1765904866119,CH1,POWER,3.25
1765904866124,CH1,POWER,3.25
1765904866128,CH1,POWER,3.25
1765904866137,CH1,POWER,3.25
1765904866142,CH1,POWER,3.25
1765904866149,CH1,POWER,3.25
1765904866154,CH1,POWER,3.25
1765904866159,CH1,POWER,3.25
1765904866164,CH1,POWER,3.25
1765904866169,CH1,POWER,3.25
1765904866174,CH1,POWER,3.25
1765904866178,CH1,POWER,3.25
1765904866183,CH1,POWER,3.25
1765904866188,CH1,POWER,3.25
1765904866192,CH1,POWER,3.25
1765904866199,CH1,POWER,3.25
1765904866204,CH1,POWER,3.25
1765904866208,CH1,POWER,3.25
1765904866216,CH1,POWER,3.25
1765904866222,CH1,POWER,3.25
1765904866228,CH1,POWER,3.25
1765904866234,CH1,POWER,3.25
1765904866238,CH1,POWER,3.25
1765904866243,CH1,POWER,3.25
1765904866248,CH1,POWER,3.25
1765904866252,CH1,POWER,3.25
1765904866258,CH1,POWER,3.25
1765904866266,CH1,POWER,3.25
1765904866272,CH1,POWER,3.25
1765904866278,CH1,POWER,3.25
1765904866287,CH1,POWER,3.25
1765904866292,CH1,POWER,3.25
1765904866299,CH1,POWER,3.25
1765904866304,CH1,POWER,3.25
1765904866309,CH1,POWER,3.25
1765904866314,CH1,POWER,3.25
1765904866318,CH1,POWER,3.25
1765904866322,CH1,POWER,3.40
1765904866350,CH1,POWER,3.40
1765904866355,CH1,POWER,3.40
1765904866360,CH1,POWER,3.40
1765904866365,CH1,POWER,3.40
1765904866369,CH1,POWER,3.40
1765904866376,CH1,POWER,3.40
1765904866381,CH1,POWER,3.40
1765904866386,CH1,POWER,3.40
1765904866390,CH1,POWER,3.40
1765904866395,CH1,POWER,3.40
1765904866399,CH1,POWER,3.40
1765904866405,CH1,POWER,3.40
1765904866409,CH1,POWER,3.40
1765904866416,CH1,POWER,3.40
1765904866421,CH1,POWER,3.40
1765904866426,CH1,POWER,3.40
1765904866430,CH1,POWER,3.40
1765904866439,CH1,POWER,3.40
1765904866444,CH1,POWER,3.40
1765904866450,CH1,POWER,3.40
1765904866459,CH1,POWER,3.40
1765904866464,CH1,POWER,3.40
1765904866470,CH1,POWER,3.40
1765904866475,CH1,POWER,3.40
1765904866479,CH1,POWER,3.40
1765904866486,CH1,POWER,3.40
1765904866491,CH1,POWER,3.40
1765904866496,CH1,POWER,3.40
1765904866501,CH1,POWER,3.40
1765904866506,CH1,POWER,3.40
1765904866510,CH1,POWER,3.40
1765904866514,CH1,POWER,3.40
1765904866520,CH1,POWER,3.40
1765904866529,CH1,POWER,3.40
1765904866534,CH1,POWER,3.40
1765904866540,CH1,POWER,3.40
1765904866549,CH1,POWER,3.40
1765904866554,CH1,POWER,3.40
1765904866561,CH1,POWER,3.40
1765904866566,CH1,POWER,3.40
1765904866571,CH1,POWER,3.40
1765904866576,CH1,POWER,3.40
1765904866581,CH1,POWER,3.40
1765904866586,CH1,POWER,3.40
1765904866590,CH1,POWER,3.40
1765904866594,CH1,POWER,3.40
1765904866601,CH1,POWER,3.40
1765904866606,CH1,POWER,3.40
1765904866611,CH1,POWER,3.40
1765904866616,CH1,POWER,3.40
1765904866620,CH1,POWER,3.40
1765904866629,CH1,POWER,3.40
1765904866634,CH1,POWER,3.40
1765904866641,CH1,POWER,3.40
1765904866646,CH1,POWER,3.40
1765904866651,CH1,POWER,3.40
1765904866656,CH1,POWER,3.40
1765904866661,CH1,POWER,3.40
1765904866666,CH1,POWER,3.40
1765904866670,CH1,POWER,3.40
1765904866679,CH1,POWER,3.40
1765904866684,CH1,POWER,3.40
1765904866690,CH1,POWER,3.40
1765904866695,CH1,POWER,3.40
1765904866699,CH1,POWER,3.40
1765904866704,CH1,POWER,3.40
1765904866708,CH1,POWER,3.30
1765904866711,CH1,POWER,3.30
1765904866713,CH1,POWER,3.30
1765904866740,CH1,POWER,3.30
1765904866745,CH1,POWER,3.30
1765904866749,CH1,POWER,3.30
1765904866756,CH1,POWER,3.30
1765904866763,CH1,POWER,3.30
1765904866768,CH1,POWER,3.30
1765904866773,CH1,POWER,3.30
1765904866778,CH1,POWER,3.30
1765904866782,CH1,POWER,3.30
1765904866791,CH1,POWER,3.30
1765904866796,CH1,POWER,3.30
1765904866803,CH1,POWER,3.30
1765904866808,CH1,POWER,3.30
1765904866813,CH1,POWER,3.30
1765904866818,CH1,POWER,3.30
1765904866822,CH1,POWER,3.30
1765904866827,CH1,POWER,3.30
1765904866831,CH1,POWER,3.30
1765904866835,CH1,POWER,3.30
1765904866843,CH1,POWER,3.30
1765904866848,CH1,POWER,3.30
1765904866852,CH1,POWER,3.30
1765904866856,CH1,POWER,3.30
1765904866862,CH1,POWER,3.30
1765904866868,CH1,POWER,3.30
1765904866872,CH1,POWER,3.30
1765904866876,CH1,POWER,3.30
1765904866883,CH1,POWER,3.30
1765904866888,CH1,POWER,3.30
1765904866893,CH1,POWER,3.30
1765904866898,CH1,POWER,3.30
1765904866902,CH1,POWER,3.30
1765904866911,CH1,POWER,3.30
1765904866916,CH1,POWER,3.30
1765904866922,CH1,POWER,3.30
1765904866927,CH1,POWER,3.30
1765904866932,CH1,POWER,3.30
1765904866936,CH1,POWER,3.30
1765904866942,CH1,POWER,3.30
1765904866948,CH1,POWER,3.30
1765904866952,CH1,POWER,3.30
1765904866958,CH1,POWER,3.30
1765904866963,CH1,POWER,3.30
1765904866968,CH1,POWER,3.30
1765904866972,CH1,POWER,3.30
1765904866978,CH1,POWER,3.30
1765904866982,CH1,POWER,3.30
1765904866990,CH1,POWER,3.30
1765904866997,CH1,POWER,3.30
1765904867001,CH1,POWER,3.30
1765904867008,CH1,POWER,3.30
1765904867012,CH1,POWER,3.30
1765904867016,CH1,POWER,3.30
1765904867021,CH1,POWER,3.30
1765904867026,CH1,POWER,3.30
1765904867031,CH1,POWER,3.30
1765904867035,CH1,POWER,3.30
1765904867041,CH1,POWER,3.30
1765904867045,CH1,POWER,3.30
1765904867051,CH1,POWER,3.30
1765904867055,CH1,POWER,3.30
1765904867062,CH1,POWER,3.30
1765904867066,CH1,POWER,3.30
1765904867071,CH1,POWER,3.30
1765904867076,CH1,POWER,3.30
1765904867082,CH1,POWER,3.30
1765904867087,CH1,POWER,3.30
1765904867091,CH1,POWER,3.30
1765904867097,CH1,POWER,3.30
1765904867101,CH1,POWER,3.30
1765904867106,CH1,POWER,3.60
1765904867133,CH1,POWER,3.60
1765904867138,CH1,POWER,3.60
1765904867143,CH1,POWER,3.60
1765904867150,CH1,POWER,3.60
1765904867154,CH1,POWER,3.60
1765904867162,CH1,POWER,3.60
1765904867167,CH1,POWER,3.60
1765904867174,CH1,POWER,3.60
1765904867180,CH1,POWER,3.60
1765904867184,CH1,POWER,3.60
1765904867190,CH1,POWER,3.60
1765904867195,CH1,POWER,3.60
1765904867200,CH1,POWER,3.60
1765904867204,CH1,POWER,3.60
1765904867208,CH1,POWER,3.60
1765904867214,CH1,POWER,3.60
1765904867220,CH1,POWER,3.60
1765904867224,CH1,POWER,3.60
1765904867230,CH1,POWER,3.60
1765904867234,CH1,POWER,3.60
1765904867242,CH1,POWER,3.60
1765904867247,CH1,POWER,3.60
1765904867254,CH1,POWER,3.60
1765904867260,CH1,POWER,3.60
1765904867264,CH1,POWER,3.60
1765904867268,CH1,POWER,3.60
1765904867273,CH1,POWER,3.60
1765904867278,CH1,POWER,3.60
1765904867283,CH1,POWER,3.60
1765904867287,CH1,POWER,3.60
1765904867294,CH1,POWER,3.60
1765904867300,CH1,POWER,3.60
1765904867304,CH1,POWER,3.60
1765904867310,CH1,POWER,3.60
1765904867314,CH1,POWER,3.60
1765904867319,CH1,POWER,3.60
1765904867323,CH1,POWER,3.60
1765904867328,CH1,POWER,3.60
1765904867334,CH1,POWER,3.60
1765904867340,CH1,POWER,3.60
1765904867344,CH1,POWER,3.60
1765904867348,CH1,POWER,3.60
1765904867354,CH1,POWER,3.60
1765904867362,CH1,POWER,3.60
1765904867368,CH1,POWER,3.60
1765904867374,CH1,POWER,3.60
1765904867382,CH1,POWER,3.60
1765904867388,CH1,POWER,3.60
1765904867394,CH1,POWER,3.60
1765904867400,CH1,POWER,3.60
1765904867404,CH1,POWER,3.60
1765904867412,CH1,POWER,3.60
1765904867418,CH1,POWER,3.60
1765904867423,CH1,POWER,3.60
1765904867428,CH1,POWER,3.60
1765904867433,CH1,POWER,3.60
1765904867440,CH1,POWER,3.60
1765904867445,CH1,POWER,3.60
1765904867450,CH1,POWER,3.60
1765904867454,CH1,POWER,3.60
1765904867462,CH1,POWER,3.60
1765904867467,CH1,POWER,3.60
1765904867471,CH1,POWER,3.60
1765904867475,CH1,POWER,3.60
1765904867482,CH1,POWER,3.60
1765904867488,CH1,POWER,3.60
1765904867493,CH1,POWER,3.60
1765904867498,CH1,POWER,3.60
1765904867525,CH1,POWER,3.65
1765904867530,CH1,POWER,3.65
1765904867536,CH1,POWER,3.65
1765904867541,CH1,POWER,3.65
1765904867545,CH1,POWER,3.65
1765904867552,CH1,POWER,3.65
1765904867556,CH1,POWER,3.65
1765904867562,CH1,POWER,3.65
1765904867566,CH1,POWER,3.65
1765904867575,CH1,POWER,3.65
1765904867579,CH1,POWER,3.65
1765904867586,CH1,POWER,3.65
1765904867592,CH1,POWER,3.65
1765904867597,CH1,POWER,3.65
1765904867602,CH1,POWER,3.65
1765904867606,CH1,POWER,3.65
1765904867614,CH1,POWER,3.65
1765904867619,CH1,POWER,3.65
1765904867626,CH1,POWER,3.65
1765904867630,CH1,POWER,3.65
1765904867635,CH1,POWER,3.65
1765904867639,CH1,POWER,3.65
1765904867645,CH1,POWER,3.65
1765904867650,CH1,POWER,3.65
1765904867655,CH1,POWER,3.65
1765904867662,CH1,POWER,3.65
1765904867667,CH1,POWER,3.65
1765904867672,CH1,POWER,3.65
1765904867677,CH1,POWER,3.65
1765904867682,CH1,POWER,3.65
1765904867686,CH1,POWER,3.65
1765904867694,CH1,POWER,3.65
1765904867700,CH1,POWER,3.65
1765904867706,CH1,POWER,3.65
1765904867711,CH1,POWER,3.65
1765904867715,CH1,POWER,3.65
1765904867719,CH1,POWER,3.65
1765904867726,CH1,POWER,3.65
1765904867734,CH1,POWER,3.65
1765904867739,CH1,POWER,3.65
1765904867746,CH1,POWER,3.65
1765904867754,CH1,POWER,3.65
1765904867758,CH1,POWER,3.65
1765904867766,CH1,POWER,3.65
1765904867772,CH1,POWER,3.65
1765904867776,CH1,POWER,3.65
1765904867782,CH1,POWER,3.65
1765904867786,CH1,POWER,3.65
1765904867795,CH1,POWER,3.65
1765904867799,CH1,POWER,3.65
1765904867806,CH1,POWER,3.65
1765904867812,CH1,POWER,3.65
1765904867817,CH1,POWER,3.65
1765904867822,CH1,POWER,3.65
1765904867827,CH1,POWER,3.65
1765904867832,CH1,POWER,3.65
1765904867836,CH1,POWER,3.65
1765904867844,CH1,POWER,3.65
1765904867850,CH1,POWER,3.65
1765904867856,CH1,POWER,3.65
1765904867860,CH1,POWER,3.65
1765904867865,CH1,POWER,3.65
1765904867872,CH1,POWER,3.65
1765904867876,CH1,POWER,3.65
1765904867882,CH1,POWER,3.65
1765904867886,CH1,POWER,3.65
1765904867889,CH1,POWER,3.25
1765904867915,CH1,POWER,3.25
1765904867921,CH1,POWER,3.25
1765904867925,CH1,POWER,3.25
1765904867929,CH1,POWER,3.25
1765904867935,CH1,POWER,3.25
1765904867940,CH1,POWER,3.25
1765904867945,CH1,POWER,3.25
1765904867949,CH1,POWER,3.25
1765904867955,CH1,POWER,3.25
1765904867960,CH1,POWER,3.25
1765904867965,CH1,POWER,3.25
1765904867971,CH1,POWER,3.25
1765904867978,CH1,POWER,3.25
1765904867983,CH1,POWER,3.25
1765904867987,CH1,POWER,3.25
1765904867991,CH1,POWER,3.25
1765904867998,CH1,POWER,3.25
1765904868006,CH1,POWER,3.25
1765904868012,CH1,POWER,3.25
1765904868018,CH1,POWER,3.25
1765904868024,CH1,POWER,3.25
1765904868028,CH1,POWER,3.25
1765904868036,CH1,POWER,3.25
1765904868043,CH1,POWER,3.25
1765904868047,CH1,POWER,3.25
1765904868054,CH1,POWER,3.25
1765904868058,CH1,POWER,3.25
1765904868067,CH1,POWER,3.25
1765904868071,CH1,POWER,3.25
1765904868078,CH1,POWER,3.25
1765904868084,CH1,POWER,3.25
1765904868088,CH1,POWER,3.25
1765904868094,CH1,POWER,3.25
1765904868098,CH1,POWER,3.25
1765904868106,CH1,POWER,3.25
1765904868110,CH1,POWER,3.25
1765904868115,CH1,POWER,3.25
1765904868119,CH1,POWER,3.25
1765904868124,CH1,POWER,3.25
1765904868128,CH1,POWER,3.25
1765904868136,CH1,POWER,3.25
1765904868142,CH1,POWER,3.25
1765904868148,CH1,POWER,3.25
1765904868152,CH1,POWER,3.25
1765904868158,CH1,POWER,3.25
1765904868163,CH1,POWER,3.25
1765904868167,CH1,POWER,3.25
1765904868172,CH1,POWER,3.25
1765904868178,CH1,POWER,3.25
1765904868182,CH1,POWER,3.25
1765904868187,CH1,POWER,3.25
1765904868194,CH1,POWER,3.25
1765904868198,CH1,POWER,3.25
1765904868202,CH1,POWER,3.25
1765904868208,CH1,POWER,3.25
1765904868216,CH1,POWER,3.25
1765904868221,CH1,POWER,3.25
1765904868227,CH1,POWER,3.25
1765904868232,CH1,POWER,3.25
1765904868238,CH1,POWER,3.25
1765904868246,CH1,POWER,3.25
1765904868250,CH1,POWER,3.25
1765904868255,CH1,POWER,3.25
1765904868261,CH1,POWER,3.25
1765904868267,CH1,POWER,3.25
1765904868272,CH1,POWER,3.25
1765904868278,CH1,POWER,3.25
1765904868281,CH1,POWER,3.60
1765904868307,CH1,POWER,3.60
1765904868312,CH1,POWER,3.60
1765904868317,CH1,POWER,3.60
1765904868321,CH1,POWER,3.60
1765904868326,CH1,POWER,3.60
1765904868330,CH1,POWER,3.60
1765904868334,CH1,POWER,3.60
1765904868340,CH1,POWER,3.60
1765904868346,CH1,POWER,3.60
1765904868350,CH1,POWER,3.60
1765904868356,CH1,POWER,3.60
1765904868360,CH1,POWER,3.60
1765904868364,CH1,POWER,3.60
1765904868369,CH1,POWER,3.60
1765904868373,CH1,POWER,3.60
1765904868377,CH1,POWER,3.60
1765904868383,CH1,POWER,3.60
1765904868387,CH1,POWER,3.60
1765904868393,CH1,POWER,3.60
1765904868399,CH1,POWER,3.60
1765904868403,CH1,POWER,3.60
1765904868410,CH1,POWER,3.60
1765904868416,CH1,POWER,3.60
1765904868420,CH1,POWER,3.60
1765904868424,CH1,POWER,3.60
1765904868429,CH1,POWER,3.60
1765904868434,CH1,POWER,3.60
1765904868440,CH1,POWER,3.60
1765904868449,CH1,POWER,3.60
1765904868453,CH1,POWER,3.60
1765904868457,CH1,POWER,3.60
1765904868462,CH1,POWER,3.60
1765904868471,CH1,POWER,3.60
1765904868476,CH1,POWER,3.60
1765904868480,CH1,POWER,3.60
1765904868488,CH1,POWER,3.60
1765904868492,CH1,POWER,3.60
1765904868497,CH1,POWER,3.60
1765904868503,CH1,POWER,3.60
1765904868510,CH1,POWER,3.60
1765904868516,CH1,POWER,3.60
1765904868520,CH1,POWER,3.60
1765904868528,CH1,POWER,3.60
1765904868533,CH1,POWER,3.60
1765904868539,CH1,POWER,3.60
1765904868546,CH1,POWER,3.60
1765904868550,CH1,POWER,3.60
1765904868558,CH1,POWER,3.60
1765904868563,CH1,POWER,3.60
1765904868570,CH1,POWER,3.60
1765904868576,CH1,POWER,3.60
1765904868580,CH1,POWER,3.60
1765904868586,CH1,POWER,3.60
1765904868590,CH1,POWER,3.60
1765904868594,CH1,POWER,3.60
1765904868600,CH1,POWER,3.60
1765904868606,CH1,POWER,3.60
1765904868610,CH1,POWER,3.60
1765904868614,CH1,POWER,3.60
1765904868620,CH1,POWER,3.60
1765904868626,CH1,POWER,3.60
1765904868630,CH1,POWER,3.60
1765904868636,CH1,POWER,3.60
1765904868640,CH1,POWER,3.60
1765904868646,CH1,POWER,3.60
1765904868650,CH1,POWER,3.60
1765904868656,CH1,POWER,3.60
1765904868660,CH1,POWER,3.60
1765904868666,CH1,POWER,3.60
1765904868670,CH1,POWER,3.60
1765904868675,CH1,POWER,3.30
1765904868702,CH1,POWER,3.30
1765904868708,CH1,POWER,3.30
1765904868712,CH1,POWER,3.30
1765904868720,CH1,POWER,3.30
1765904868725,CH1,POWER,3.30
1765904868732,CH1,POWER,3.30
1765904868736,CH1,POWER,3.30
1765904868741,CH1,POWER,3.30
1765904868748,CH1,POWER,3.30
1765904868752,CH1,POWER,3.30
1765904868758,CH1,POWER,3.30
1765904868762,CH1,POWER,3.30
1765904868770,CH1,POWER,3.30
1765904868775,CH1,POWER,3.30
1765904868781,CH1,POWER,3.30
1765904868786,CH1,POWER,3.30
1765904868792,CH1,POWER,3.30
1765904868798,CH1,POWER,3.30
1765904868802,CH1,POWER,3.30
1765904868808,CH1,POWER,3.30
1765904868812,CH1,POWER,3.30
1765904868816,CH1,POWER,3.30
1765904868822,CH1,POWER,3.30
1765904868826,CH1,POWER,3.30
1765904868832,CH1,POWER,3.30
1765904868838,CH1,POWER,3.30
1765904868842,CH1,POWER,3.30
1765904868846,CH1,POWER,3.30
1765904868852,CH1,POWER,3.30
1765904868858,CH1,POWER,3.30
1765904868862,CH1,POWER,3.30
1765904868866,CH1,POWER,3.30
1765904868872,CH1,POWER,3.30
1765904868876,CH1,POWER,3.30
1765904868881,CH1,POWER,3.30
1765904868885,CH1,POWER,3.30
1765904868892,CH1,POWER,3.30
1765904868896,CH1,POWER,3.30
1765904868901,CH1,POWER,3.30
1765904868905,CH1,POWER,3.30
1765904868911,CH1,POWER,3.30
1765904868915,CH1,POWER,3.30
1765904868919,CH1,POWER,3.30
1765904868923,CH1,POWER,3.30
1765904868930,CH1,POWER,3.30
1765904868934,CH1,POWER,3.30
1765904868939,CH1,POWER,3.30
1765904868943,CH1,POWER,3.30
1765904868950,CH1,POWER,3.30
1765904868954,CH1,POWER,3.30
1765904868959,CH1,POWER,3.30
1765904868964,CH1,POWER,3.30
1765904868972,CH1,POWER,3.30
1765904868978,CH1,POWER,3.30
1765904868982,CH1,POWER,3.30
1765904868986,CH1,POWER,3.30
1765904868992,CH1,POWER,3.30
1765904868998,CH1,POWER,3.30
1765904869002,CH1,POWER,3.30
1765904869006,CH1,POWER,3.30
1765904869012,CH1,POWER,3.30
1765904869020,CH1,POWER,3.30
1765904869025,CH1,POWER,3.30
1765904869029,CH1,POWER,3.30
1765904869034,CH1,POWER,3.30
1765904869042,CH1,POWER,3.30
1765904869048,CH1,POWER,3.30
1765904869052,CH1,POWER,3.30
1765904869058,CH1,POWER,3.30
1765904869062,CH1,POWER,3.30
1765904869068,CH1,POWER,3.30
1765904869070,CH1,POWER,3.70
1765904869073,CH1,POWER,3.70
1765904869075,CH1,POWER,3.70
1765904869101,CH1,POWER,3.70
1765904869106,CH1,POWER,3.70
1765904869111,CH1,POWER,3.70
1765904869115,CH1,POWER,3.70
1765904869122,CH1,POWER,3.70
1765904869127,CH1,POWER,3.70
1765904869134,CH1,POWER,3.70
1765904869140,CH1,POWER,3.70
1765904869144,CH1,POWER,3.70
1765904869148,CH1,POWER,3.70
1765904869153,CH1,POWER,3.70
1765904869157,CH1,POWER,3.70
1765904869161,CH1,POWER,3.70
1765904869165,CH1,POWER,3.70
1765904869171,CH1,POWER,3.70
1765904869175,CH1,POWER,3.70
1765904869180,CH1,POWER,3.70
1765904869184,CH1,POWER,3.70
1765904869190,CH1,POWER,3.70
1765904869194,CH1,POWER,3.70
1765904869200,CH1,POWER,3.70
1765904869204,CH1,POWER,3.70
1765904869210,CH1,POWER,3.70
1765904869214,CH1,POWER,3.70
1765904869220,CH1,POWER,3.70
1765904869224,CH1,POWER,3.70
1765904869228,CH1,POWER,3.70
1765904869234,CH1,POWER,3.70
1765904869238,CH1,POWER,3.70
1765904869243,CH1,POWER,3.70
1765904869247,CH1,POWER,3.70
1765904869251,CH1,POWER,3.70
1765904869256,CH1,POWER,3.70
1765904869261,CH1,POWER,3.70
1765904869266,CH1,POWER,3.70
1765904869271,CH1,POWER,3.70
1765904869277,CH1,POWER,3.70
1765904869281,CH1,POWER,3.70
1765904869286,CH1,POWER,3.70
1765904869292,CH1,POWER,3.70
1765904869297,CH1,POWER,3.70
1765904869301,CH1,POWER,3.70
1765904869307,CH1,POWER,3.70
1765904869314,CH1,POWER,3.70
1765904869320,CH1,POWER,3.70
1765904869324,CH1,POWER,3.70
1765904869332,CH1,POWER,3.70
1765904869336,CH1,POWER,3.70
1765904869341,CH1,POWER,3.70
1765904869345,CH1,POWER,3.70
1765904869350,CH1,POWER,3.70
1765904869354,CH1,POWER,3.70
1765904869362,CH1,POWER,3.70
1765904869367,CH1,POWER,3.70
1765904869374,CH1,POWER,3.70
1765904869378,CH1,POWER,3.70
1765904869383,CH1,POWER,3.70
1765904869387,CH1,POWER,3.70
1765904869391,CH1,POWER,3.70
1765904869396,CH1,POWER,3.70
1765904869404,CH1,POWER,3.70
1765904869410,CH1,POWER,3.70
1765904869414,CH1,POWER,3.70
1765904869418,CH1,POWER,3.70
1765904869423,CH1,POWER,3.70
1765904869428,CH1,POWER,3.70
1765904869434,CH1,POWER,3.70
1765904869440,CH1,POWER,3.70
1765904869444,CH1,POWER,3.70
1765904869448,CH1,POWER,3.70
1765904869453,CH1,POWER,3.70
1765904869458,CH1,POWER,3.70
1765904869464,CH1,POWER,3.70
1765904869468,CH1,POWER,3.70
1765904869472,CH1,POWER,3.30
1765904869475,CH1,POWER,3.30
1765904869477,CH1,POWER,3.30
1765904869503,CH1,POWER,3.30
1765904869508,CH1,POWER,3.30
1765904869513,CH1,POWER,3.30
1765904869519,CH1,POWER,3.30
1765904869526,CH1,POWER,3.30
1765904869530,CH1,POWER,3.30
1765904869536,CH1,POWER,3.30
1765904869542,CH1,POWER,3.30
1765904869546,CH1,POWER,3.30
1765904869550,CH1,POWER,3.30
1765904869556,CH1,POWER,3.30
1765904869562,CH1,POWER,3.30
1765904869566,CH1,POWER,3.30
1765904869572,CH1,POWER,3.30
1765904869576,CH1,POWER,3.30
1765904869582,CH1,POWER,3.30
1765904869586,CH1,POWER,3.30
1765904869594,CH1,POWER,3.30
1765904869599,CH1,POWER,3.30
1765904869606,CH1,POWER,3.30
1765904869614,CH1,POWER,3.30
1765904869619,CH1,POWER,3.30
1765904869626,CH1,POWER,3.30
1765904869632,CH1,POWER,3.30
1765904869636,CH1,POWER,3.30
1765904869642,CH1,POWER,3.30
1765904869646,CH1,POWER,3.30
1765904869650,CH1,POWER,3.30
1765904869655,CH1,POWER,3.30
1765904869659,CH1,POWER,3.30
1765904869666,CH1,POWER,3.30
1765904869672,CH1,POWER,3.30
1765904869676,CH1,POWER,3.30
1765904869684,CH1,POWER,3.30
1765904869689,CH1,POWER,3.30
1765904869696,CH1,POWER,3.30
1765904869702,CH1,POWER,3.30
1765904869706,CH1,POWER,3.30
1765904869710,CH1,POWER,3.30
1765904869716,CH1,POWER,3.30
1765904869722,CH1,POWER,3.30
1765904869726,CH1,POWER,3.30
1765904869732,CH1,POWER,3.30
1765904869736,CH1,POWER,3.30
1765904869740,CH1,POWER,3.30
1765904869746,CH1,POWER,3.30
1765904869752,CH1,POWER,3.30
1765904869756,CH1,POWER,3.30
1765904869762,CH1,POWER,3.30
1765904869766,CH1,POWER,3.30
1765904869772,CH1,POWER,3.30
1765904869776,CH1,POWER,3.30
1765904869780,CH1,POWER,3.30
1765904869786,CH1,POWER,3.30
1765904869792,CH1,POWER,3.30
1765904869796,CH1,POWER,3.30
1765904869800,CH1,POWER,3.30
1765904869805,CH1,POWER,3.30
1765904869810,CH1,POWER,3.30
1765904869816,CH1,POWER,3.30
1765904869822,CH1,POWER,3.30
1765904869826,CH1,POWER,3.30
1765904869830,CH1,POWER,3.30
1765904869835,CH1,POWER,3.30
1765904869839,CH1,POWER,3.30
1765904869846,CH1,POWER,3.30
1765904869852,CH1,POWER,3.30
1765904869856,CH1,POWER,3.30
1765904869860,CH1,POWER,3.30
1765904869864,CH1,POWER,3.70
1765904869866,CH1,POWER,3.70
1765904869869,CH1,POWER,3.70
1765904869895,CH1,POWER,3.70
1765904869900,CH1,POWER,3.70
1765904869905,CH1,POWER,3.70
1765904869910,CH1,POWER,3.70
1765904869916,CH1,POWER,3.70
1765904869921,CH1,POWER,3.70
1765904869925,CH1,POWER,3.70
1765904869929,CH1,POWER,3.70
1765904869936,CH1,POWER,3.70
1765904869941,CH1,POWER,3.70
1765904869948,CH1,POWER,3.70
1765904869952,CH1,POWER,3.70
1765904869957,CH1,POWER,3.70
1765904869964,CH1,POWER,3.70
1765904869968,CH1,POWER,3.70
1765904869974,CH1,POWER,3.70
1765904869978,CH1,POWER,3.70
1765904869984,CH1,POWER,3.70
1765904869988,CH1,POWER,3.70
1765904869994,CH1,POWER,3.70
1765904869998,CH1,POWER,3.70
1765904870006,CH1,POWER,3.70
1765904870011,CH1,POWER,3.70
1765904870018,CH1,POWER,3.70
1765904870026,CH1,POWER,3.70
1765904870031,CH1,POWER,3.70
1765904870038,CH1,POWER,3.70
1765904870044,CH1,POWER,3.70
1765904870048,CH1,POWER,3.70
1765904870056,CH1,POWER,3.70
1765904870061,CH1,POWER,3.70
1765904870068,CH1,POWER,3.70
1765904870076,CH1,POWER,3.70
1765904870081,CH1,POWER,3.70
1765904870088,CH1,POWER,3.70
1765904870094,CH1,POWER,3.70
1765904870098,CH1,POWER,3.70
1765904870104,CH1,POWER,3.70
1765904870108,CH1,POWER,3.70
1765904870112,CH1,POWER,3.70
1765904870118,CH1,POWER,3.70
1765904870124,CH1,POWER,3.70
1765904870128,CH1,POWER,3.70
1765904870134,CH1,POWER,3.70
1765904870138,CH1,POWER,3.70
1765904870144,CH1,POWER,3.70
1765904870148,CH1,POWER,3.70
1765904870152,CH1,POWER,3.70
1765904870158,CH1,POWER,3.70
1765904870164,CH1,POWER,3.70
1765904870168,CH1,POWER,3.70
1765904870172,CH1,POWER,3.70
1765904870178,CH1,POWER,3.70
1765904870184,CH1,POWER,3.70
1765904870188,CH1,POWER,3.70
1765904870194,CH1,POWER,3.70
1765904870198,CH1,POWER,3.70
1765904870204,CH1,POWER,3.70
1765904870208,CH1,POWER,3.70
1765904870212,CH1,POWER,3.70
1765904870217,CH1,POWER,3.70
1765904870221,CH1,POWER,3.70
1765904870228,CH1,POWER,3.70
1765904870234,CH1,POWER,3.70
1765904870238,CH1,POWER,3.70
1765904870244,CH1,POWER,3.70
1765904870248,CH1,POWER,3.70
1765904870252,CH1,POWER,3.70
1765904870258,CH1,POWER,3.70
1765904870261,CH1,POWER,3.65
1765904870287,CH1,POWER,3.65
1765904870292,CH1,POWER,3.65
1765904870297,CH1,POWER,3.65
1765904870301,CH1,POWER,3.65
1765904870308,CH1,POWER,3.65
1765904870312,CH1,POWER,3.65
1765904870317,CH1,POWER,3.65
1765904870321,CH1,POWER,3.65
1765904870328,CH1,POWER,3.65
1765904870333,CH1,POWER,3.65
1765904870340,CH1,POWER,3.65
1765904870346,CH1,POWER,3.65
1765904870350,CH1,POWER,3.65
1765904870356,CH1,POWER,3.65
1765904870360,CH1,POWER,3.65
1765904870364,CH1,POWER,3.65
1765904870370,CH1,POWER,3.65
1765904870376,CH1,POWER,3.65
1765904870380,CH1,POWER,3.65
1765904870388,CH1,POWER,3.65
1765904870393,CH1,POWER,3.65
1765904870400,CH1,POWER,3.65
1765904870406,CH1,POWER,3.65
1765904870410,CH1,POWER,3.65
1765904870415,CH1,POWER,3.65
1765904870420,CH1,POWER,3.65
1765904870425,CH1,POWER,3.65
1765904870430,CH1,POWER,3.65
1765904870436,CH1,POWER,3.65
1765904870440,CH1,POWER,3.65
1765904870445,CH1,POWER,3.65
1765904870450,CH1,POWER,3.65
1765904870456,CH1,POWER,3.65
1765904870460,CH1,POWER,3.65
1765904870464,CH1,POWER,3.65
1765904870470,CH1,POWER,3.65
1765904870476,CH1,POWER,3.65
1765904870480,CH1,POWER,3.65
1765904870484,CH1,POWER,3.65
1765904870490,CH1,POWER,3.65
1765904870498,CH1,POWER,3.65
1765904870503,CH1,POWER,3.65
1765904870507,CH1,POWER,3.65
1765904870513,CH1,POWER,3.65
1765904870520,CH1,POWER,3.65
1765904870526,CH1,POWER,3.65
1765904870530,CH1,POWER,3.65
1765904870538,CH1,POWER,3.65
1765904870542,CH1,POWER,3.65
1765904870547,CH1,POWER,3.65
1765904870551,CH1,POWER,3.65
1765904870555,CH1,POWER,3.65
1765904870560,CH1,POWER,3.65
1765904870564,CH1,POWER,3.65
1765904870570,CH1,POWER,3.65
1765904870578,CH1,POWER,3.65
1765904870583,CH1,POWER,3.65
1765904870590,CH1,POWER,3.65
1765904870596,CH1,POWER,3.65
1765904870600,CH1,POWER,3.65
1765904870608,CH1,POWER,3.65
1765904870613,CH1,POWER,3.65
1765904870620,CH1,POWER,3.65
1765904870624,CH1,POWER,3.65
1765904870629,CH1,POWER,3.65
1765904870633,CH1,POWER,3.65
1765904870640,CH1,POWER,3.65
1765904870646,CH1,POWER,3.65
1765904870650,CH1,POWER,3.65
1765904870653,CH1,POWER,3.05
1765904870679,CH1,POWER,3.05
1765904870684,CH1,POWER,3.05
1765904870689,CH1,POWER,3.05
1765904870695,CH1,POWER,3.05
1765904870702,CH1,POWER,3.05
1765904870708,CH1,POWER,3.05
1765904870712,CH1,POWER,3.05
1765904870718,CH1,POWER,3.05
1765904870722,CH1,POWER,3.05
1765904870728,CH1,POWER,3.05
1765904870732,CH1,POWER,3.05
1765904870736,CH1,POWER,3.05
1765904870741,CH1,POWER,3.05
1765904870745,CH1,POWER,3.05
1765904870749,CH1,POWER,3.05
1765904870754,CH1,POWER,3.05
1765904870760,CH1,POWER,3.05
1765904870766,CH1,POWER,3.05
1765904870772,CH1,POWER,3.05
1765904870780,CH1,POWER,3.05
1765904870785,CH1,POWER,3.05
1765904870792,CH1,POWER,3.05
1765904870798,CH1,POWER,3.05
1765904870802,CH1,POWER,3.05
1765904870808,CH1,POWER,3.05
1765904870812,CH1,POWER,3.05
1765904870818,CH1,POWER,3.05
1765904870822,CH1,POWER,3.05
1765904870828,CH1,POWER,3.05
1765904870832,CH1,POWER,3.05
1765904870840,CH1,POWER,3.05
1765904870845,CH1,POWER,3.05
1765904870852,CH1,POWER,3.05
1765904870858,CH1,POWER,3.05
1765904870862,CH1,POWER,3.05
1765904870866,CH1,POWER,3.05
1765904870872,CH1,POWER,3.05
1765904870880,CH1,POWER,3.05
1765904870885,CH1,POWER,3.05
1765904870889,CH1,POWER,3.05
1765904870893,CH1,POWER,3.05
1765904870898,CH1,POWER,3.05
1765904870902,CH1,POWER,3.05
1765904870910,CH1,POWER,3.05
1765904870914,CH1,POWER,3.05
1765904870922,CH1,POWER,3.05
1765904870930,CH1,POWER,3.05
1765904870935,CH1,POWER,3.05
1765904870942,CH1,POWER,3.05
1765904870948,CH1,POWER,3.05
1765904870952,CH1,POWER,3.05
1765904870958,CH1,POWER,3.05
1765904870962,CH1,POWER,3.05
1765904870968,CH1,POWER,3.05
1765904870972,CH1,POWER,3.05
1765904870976,CH1,POWER,3.05
1765904870981,CH1,POWER,3.05
1765904870988,CH1,POWER,3.05
1765904870992,CH1,POWER,3.05
1765904870997,CH1,POWER,3.05
1765904871002,CH1,POWER,3.05
1765904871008,CH1,POWER,3.05
1765904871012,CH1,POWER,3.05
1765904871020,CH1,POWER,3.05
1765904871025,CH1,POWER,3.05
1765904871032,CH1,POWER,3.05
1765904871039,CH1,POWER,3.05
1765904871041,CH1,POWER,2.95
1765904871044,CH1,POWER,2.95
1765904871046,CH1,POWER,2.95
1765904871074,CH1,POWER,2.95
1765904871080,CH1,POWER,2.95
1765904871084,CH1,POWER,2.95
1765904871088,CH1,POWER,2.95
1765904871094,CH1,POWER,2.95
1765904871100,CH1,POWER,2.95
1765904871104,CH1,POWER,2.95
1765904871110,CH1,POWER,2.95
1765904871114,CH1,POWER,2.95
1765904871122,CH1,POWER,2.95
1765904871127,CH1,POWER,2.95
1765904871134,CH1,POWER,2.95
1765904871140,CH1,POWER,2.95
1765904871145,CH1,POWER,2.95
1765904871150,CH1,POWER,2.95
1765904871154,CH1,POWER,2.95
1765904871162,CH1,POWER,2.95
1765904871167,CH1,POWER,2.95
1765904871174,CH1,POWER,2.95
1765904871182,CH1,POWER,2.95
1765904871187,CH1,POWER,2.95
1765904871194,CH1,POWER,2.95
1765904871199,CH1,POWER,2.95
1765904871204,CH1,POWER,2.95
1765904871208,CH1,POWER,2.95
1765904871213,CH1,POWER,2.95
1765904871220,CH1,POWER,2.95
1765904871224,CH1,POWER,2.95
1765904871228,CH1,POWER,2.95
1765904871234,CH1,POWER,2.95
1765904871242,CH1,POWER,2.95
1765904871247,CH1,POWER,2.95
1765904871251,CH1,POWER,2.95
1765904871256,CH1,POWER,2.95
1765904871261,CH1,POWER,2.95
1765904871265,CH1,POWER,2.95
1765904871270,CH1,POWER,2.95
1765904871274,CH1,POWER,2.95
1765904871278,CH1,POWER,2.95
1765904871284,CH1,POWER,2.95
1765904871290,CH1,POWER,2.95
1765904871294,CH1,POWER,2.95
1765904871302,CH1,POWER,2.95
1765904871307,CH1,POWER,2.95
1765904871314,CH1,POWER,2.95
1765904871320,CH1,POWER,2.95
1765904871324,CH1,POWER,2.95
1765904871332,CH1,POWER,2.95
1765904871337,CH1,POWER,2.95
1765904871341,CH1,POWER,2.95
1765904871346,CH1,POWER,2.95
1765904871354,CH1,POWER,2.95
1765904871360,CH1,POWER,2.95
1765904871364,CH1,POWER,2.95
1765904871369,CH1,POWER,2.95
1765904871374,CH1,POWER,2.95
1765904871380,CH1,POWER,2.95
1765904871384,CH1,POWER,2.95
1765904871388,CH1,POWER,2.95
1765904871393,CH1,POWER,2.95
1765904871398,CH1,POWER,2.95
1765904871404,CH1,POWER,2.95
1765904871410,CH1,POWER,2.95
1765904871414,CH1,POWER,2.95
1765904871418,CH1,POWER,2.95
1765904871424,CH1,POWER,2.95
1765904871430,CH1,POWER,2.95
1765904871434,CH1,POWER,3.65
1765904871436,CH1,POWER,3.65
1765904871439,CH1,POWER,3.65
1765904871466,CH1,POWER,3.65
1765904871472,CH1,POWER,3.65
1765904871476,CH1,POWER,3.65
1765904871484,CH1,POWER,3.65
1765904871489,CH1,POWER,3.65
1765904871496,CH1,POWER,3.65
1765904871502,CH1,POWER,3.65
1765904871506,CH1,POWER,3.65
1765904871510,CH1,POWER,3.65
1765904871516,CH1,POWER,3.65
1765904871522,CH1,POWER,3.65
1765904871526,CH1,POWER,3.65
1765904871532,CH1,POWER,3.65
1765904871536,CH1,POWER,3.65
1765904871542,CH1,POWER,3.65
1765904871546,CH1,POWER,3.65
1765904871550,CH1,POWER,3.65
1765904871556,CH1,POWER,3.65
1765904871564,CH1,POWER,3.65
1765904871569,CH1,POWER,3.65
1765904871576,CH1,POWER,3.65
1765904871584,CH1,POWER,3.65
1765904871589,CH1,POWER,3.65
1765904871596,CH1,POWER,3.65
1765904871602,CH1,POWER,3.65
1765904871606,CH1,POWER,3.65
1765904871614,CH1,POWER,3.65
1765904871620,CH1,POWER,3.65
1765904871625,CH1,POWER,3.65
1765904871632,CH1,POWER,3.65
1765904871636,CH1,POWER,3.65
1765904871644,CH1,POWER,3.65
1765904871649,CH1,POWER,3.65
1765904871656,CH1,POWER,3.65
1765904871664,CH1,POWER,3.65
1765904871669,CH1,POWER,3.65
1765904871676,CH1,POWER,3.65
1765904871684,CH1,POWER,3.65
1765904871689,CH1,POWER,3.65
1765904871695,CH1,POWER,3.65
1765904871700,CH1,POWER,3.65
1765904871706,CH1,POWER,3.65
1765904871712,CH1,POWER,3.65
1765904871716,CH1,POWER,3.65
1765904871720,CH1,POWER,3.65
1765904871726,CH1,POWER,3.65
1765904871732,CH1,POWER,3.65
1765904871736,CH1,POWER,3.65
1765904871742,CH1,POWER,3.65
1765904871746,CH1,POWER,3.65
1765904871751,CH1,POWER,3.65
1765904871756,CH1,POWER,3.65
1765904871762,CH1,POWER,3.65
1765904871766,CH1,POWER,3.65
1765904871774,CH1,POWER,3.65
1765904871779,CH1,POWER,3.65
1765904871786,CH1,POWER,3.65
1765904871794,CH1,POWER,3.65
1765904871799,CH1,POWER,3.65
1765904871806,CH1,POWER,3.65
1765904871812,CH1,POWER,3.65
1765904871816,CH1,POWER,3.65
1765904871820,CH1,POWER,3.25
1765904871848,CH1,POWER,3.25
1765904871854,CH1,POWER,3.25
1765904871858,CH1,POWER,3.25
1765904871862,CH1,POWER,3.25
1765904871867,CH1,POWER,3.25
1765904871872,CH1,POWER,3.25
1765904871878,CH1,POWER,3.25
1765904871884,CH1,POWER,3.25
1765904871888,CH1,POWER,3.25
1765904871894,CH1,POWER,3.25
1765904871898,CH1,POWER,3.25
1765904871903,CH1,POWER,3.25
1765904871908,CH1,POWER,3.25
1765904871914,CH1,POWER,3.25
1765904871918,CH1,POWER,3.25
1765904871926,CH1,POWER,3.25
1765904871931,CH1,POWER,3.25
1765904871937,CH1,POWER,3.25
1765904871944,CH1,POWER,3.25
1765904871948,CH1,POWER,3.25
1765904871956,CH1,POWER,3.25
1765904871961,CH1,POWER,3.25
1765904871968,CH1,POWER,3.25
1765904871973,CH1,POWER,3.25
1765904871978,CH1,POWER,3.25
1765904871983,CH1,POWER,3.25
1765904871988,CH1,POWER,3.25
1765904871996,CH1,POWER,3.25
1765904872001,CH1,POWER,3.25
1765904872007,CH1,POWER,3.25
1765904872012,CH1,POWER,3.25
1765904872018,CH1,POWER,3.25
1765904872024,CH1,POWER,3.25
1765904872028,CH1,POWER,3.25
1765904872033,CH1,POWER,3.25
1765904872038,CH1,POWER,3.25
1765904872042,CH1,POWER,3.25
1765904872047,CH1,POWER,3.25
1765904872054,CH1,POWER,3.25
1765904872058,CH1,POWER,3.25
1765904872062,CH1,POWER,3.25
1765904872067,CH1,POWER,3.25
1765904872072,CH1,POWER,3.25
1765904872077,CH1,POWER,3.25
1765904872082,CH1,POWER,3.25
1765904872088,CH1,POWER,3.25
1765904872094,CH1,POWER,3.25
1765904872098,CH1,POWER,3.25
1765904872104,CH1,POWER,3.25
1765904872108,CH1,POWER,3.25
1765904872113,CH1,POWER,3.25
1765904872118,CH1,POWER,3.25
1765904872124,CH1,POWER,3.25
1765904872128,CH1,POWER,3.25
1765904872136,CH1,POWER,3.25
1765904872141,CH1,POWER,3.25
1765904872148,CH1,POWER,3.25
1765904872156,CH1,POWER,3.25
1765904872161,CH1,POWER,3.25
1765904872168,CH1,POWER,3.25
1765904872173,CH1,POWER,3.25
1765904872178,CH1,POWER,3.25
1765904872183,CH1,POWER,3.25
1765904872188,CH1,POWER,3.25
1765904872194,CH1,POWER,3.25
1765904872198,CH1,POWER,3.25
1765904872202,CH1,POWER,3.25
1765904872208,CH1,POWER,3.25
1765904872210,CH1,POWER,3.70
1765904872213,CH1,POWER,3.70
1765904872240,CH1,POWER,3.70
1765904872244,CH1,POWER,3.70
1765904872250,CH1,POWER,3.70
1765904872256,CH1,POWER,3.70
1765904872260,CH1,POWER,3.70
1765904872266,CH1,POWER,3.70
1765904872270,CH1,POWER,3.70
1765904872274,CH1,POWER,3.70
1765904872279,CH1,POWER,3.70
1765904872284,CH1,POWER,3.70
1765904872290,CH1,POWER,3.70
1765904872294,CH1,POWER,3.70
1765904872299,CH1,POWER,3.70
1765904872303,CH1,POWER,3.70
1765904872307,CH1,POWER,3.70
1765904872312,CH1,POWER,3.70
1765904872318,CH1,POWER,3.70
1765904872324,CH1,POWER,3.70
1765904872329,CH1,POWER,3.70
1765904872333,CH1,POWER,3.70
1765904872339,CH1,POWER,3.70
1765904872344,CH1,POWER,3.70
1765904872349,CH1,POWER,3.70
1765904872353,CH1,POWER,3.70
1765904872360,CH1,POWER,3.70
1765904872368,CH1,POWER,3.70
1765904872373,CH1,POWER,3.70
1765904872380,CH1,POWER,3.70
1765904872386,CH1,POWER,3.70
1765904872390,CH1,POWER,3.70
1765904872395,CH1,POWER,3.70
1765904872400,CH1,POWER,3.70
1765904872405,CH1,POWER,3.70
1765904872410,CH1,POWER,3.70
1765904872416,CH1,POWER,3.70
1765904872420,CH1,POWER,3.70
1765904872425,CH1,POWER,3.70
1765904872430,CH1,POWER,3.70
1765904872435,CH1,POWER,3.70
1765904872440,CH1,POWER,3.70
1765904872444,CH1,POWER,3.70
1765904872449,CH1,POWER,3.70
1765904872453,CH1,POWER,3.70
1765904872460,CH1,POWER,3.70
1765904872464,CH1,POWER,3.70
1765904872470,CH1,POWER,3.70
1765904872476,CH1,POWER,3.70
1765904872480,CH1,POWER,3.70
1765904872484,CH1,POWER,3.70
1765904872489,CH1,POWER,3.70
1765904872494,CH1,POWER,3.70
1765904872499,CH1,POWER,3.70
1765904872504,CH1,POWER,3.70
1765904872509,CH1,POWER,3.70
1765904872514,CH1,POWER,3.70
1765904872519,CH1,POWER,3.70
1765904872524,CH1,POWER,3.70
1765904872529,CH1,POWER,3.70
1765904872533,CH1,POWER,3.70
1765904872540,CH1,POWER,3.70
1765904872545,CH1,POWER,3.70
1765904872550,CH1,POWER,3.70
1765904872555,CH1,POWER,3.70
1765904872560,CH1,POWER,3.70
1765904872565,CH1,POWER,3.70
1765904872570,CH1,POWER,3.70
1765904872576,CH1,POWER,3.70
1765904872580,CH1,POWER,3.70
1765904872585,CH1,POWER,3.70
1765904872590,CH1,POWER,3.70
1765904872596,CH1,POWER,3.70
1765904872600,CH1,POWER,3.70
1765904872604,CH1,POWER,3.70
1765904872632,CH1,POWER,3.70
1765904872638,CH1,POWER,3.70
1765904872642,CH1,POWER,3.70
1765904872648,CH1,POWER,3.70
1765904872652,CH1,POWER,3.70
1765904872658,CH1,POWER,3.70
1765904872662,CH1,POWER,3.70
1765904872666,CH1,POWER,3.70
1765904872671,CH1,POWER,3.70
1765904872676,CH1,POWER,3.70
1765904872681,CH1,POWER,3.70
1765904872686,CH1,POWER,3.70
1765904872692,CH1,POWER,3.70
1765904872698,CH1,POWER,3.70
1765904872702,CH1,POWER,3.70
1765904872707,CH1,POWER,3.70
1765904872712,CH1,POWER,3.70
1765904872720,CH1,POWER,3.70
1765904872725,CH1,POWER,3.70
1765904872732,CH1,POWER,3.70
1765904872738,CH1,POWER,3.70
1765904872742,CH1,POWER,3.70
1765904872750,CH1,POWER,3.70
1765904872755,CH1,POWER,3.70
1765904872762,CH1,POWER,3.70
1765904872768,CH1,POWER,3.70
1765904872772,CH1,POWER,3.70
1765904872778,CH1,POWER,3.70
1765904872782,CH1,POWER,3.70
1765904872787,CH1,POWER,3.70
1765904872792,CH1,POWER,3.70
1765904872798,CH1,POWER,3.70
1765904872802,CH1,POWER,3.70
1765904872808,CH1,POWER,3.70
1765904872812,CH1,POWER,3.70
1765904872817,CH1,POWER,3.70
1765904872822,CH1,POWER,3.70
1765904872827,CH1,POWER,3.70
1765904872832,CH1,POWER,3.70
1765904872836,CH1,POWER,3.70
1765904872841,CH1,POWER,3.70
1765904872846,CH1,POWER,3.70
1765904872851,CH1,POWER,3.70
1765904872856,CH1,POWER,3.70
1765904872861,CH1,POWER,3.70
1765904872866,CH1,POWER,3.70
1765904872872,CH1,POWER,3.70
1765904872880,CH1,POWER,3.70
1765904872885,CH1,POWER,3.70
1765904872892,CH1,POWER,3.70
1765904872898,CH1,POWER,3.70
1765904872902,CH1,POWER,3.70
1765904872908,CH1,POWER,3.70
1765904872912,CH1,POWER,3.70
1765904872917,CH1,POWER,3.70
1765904872922,CH1,POWER,3.70
1765904872928,CH1,POWER,3.70
1765904872932,CH1,POWER,3.70
1765904872937,CH1,POWER,3.70
1765904872942,CH1,POWER,3.70
1765904872947,CH1,POWER,3.70
1765904872952,CH1,POWER,3.70
1765904872960,CH1,POWER,3.70
1765904872965,CH1,POWER,3.70
1765904872971,CH1,POWER,3.70
1765904872976,CH1,POWER,3.70
1765904872982,CH1,POWER,3.70
1765904872987,CH1,POWER,3.70
1765904872992,CH1,POWER,3.70
1765904872995,CH1,POWER,3.30
1765904873021,CH1,POWER,3.30
1765904873026,CH1,POWER,3.30
1765904873031,CH1,POWER,3.30
1765904873036,CH1,POWER,3.30
1765904873041,CH1,POWER,3.30
1765904873046,CH1,POWER,3.30
1765904873051,CH1,POWER,3.30
1765904873056,CH1,POWER,3.30
1765904873064,CH1,POWER,3.30
1765904873070,CH1,POWER,3.30
1765904873074,CH1,POWER,3.30
1765904873080,CH1,POWER,3.30
1765904873084,CH1,POWER,3.30
1765904873090,CH1,POWER,3.30
1765904873096,CH1,POWER,3.30
1765904873101,CH1,POWER,3.30
1765904873107,CH1,POWER,3.30
1765904873114,CH1,POWER,3.30
1765904873122,CH1,POWER,3.30
1765904873127,CH1,POWER,3.30
1765904873134,CH1,POWER,3.30
1765904873139,CH1,POWER,3.30
1765904873144,CH1,POWER,3.30
1765904873149,CH1,POWER,3.30
1765904873154,CH1,POWER,3.30
1765904873159,CH1,POWER,3.30
1765904873164,CH1,POWER,3.30
1765904873172,CH1,POWER,3.30
1765904873177,CH1,POWER,3.30
1765904873184,CH1,POWER,3.30
1765904873189,CH1,POWER,3.30
1765904873194,CH1,POWER,3.30
1765904873200,CH1,POWER,3.30
1765904873204,CH1,POWER,3.30
1765904873209,CH1,POWER,3.30
1765904873214,CH1,POWER,3.30
1765904873219,CH1,POWER,3.30
1765904873224,CH1,POWER,3.30
1765904873230,CH1,POWER,3.30
1765904873236,CH1,POWER,3.30
1765904873241,CH1,POWER,3.30
1765904873247,CH1,POWER,3.30
1765904873254,CH1,POWER,3.30
1765904873262,CH1,POWER,3.30
1765904873267,CH1,POWER,3.30
1765904873273,CH1,POWER,3.30
1765904873278,CH1,POWER,3.30
1765904873283,CH1,POWER,3.30
1765904873288,CH1,POWER,3.30
1765904873293,CH1,POWER,3.30
1765904873298,CH1,POWER,3.30
1765904873303,CH1,POWER,3.30
1765904873308,CH1,POWER,3.30
1765904873313,CH1,POWER,3.30
1765904873318,CH1,POWER,3.30
1765904873323,CH1,POWER,3.30
1765904873328,CH1,POWER,3.30
1765904873333,CH1,POWER,3.30
1765904873340,CH1,POWER,3.30
1765904873344,CH1,POWER,3.30
1765904873349,CH1,POWER,3.30
1765904873354,CH1,POWER,3.30
1765904873360,CH1,POWER,3.30
1765904873364,CH1,POWER,3.30
1765904873368,CH1,POWER,3.30
1765904873374,CH1,POWER,3.30
1765904873379,CH1,POWER,3.30
1765904873383,CH1,POWER,3.70
1765904873385,CH1,POWER,3.70
1765904873388,CH1,POWER,3.70
1765904873416,CH1,POWER,3.70
1765904873421,CH1,POWER,3.70
1765904873426,CH1,POWER,3.70
1765904873432,CH1,POWER,3.70
1765904873436,CH1,POWER,3.70
1765904873441,CH1,POWER,3.70
1765904873446,CH1,POWER,3.70
1765904873452,CH1,POWER,3.70
1765904873456,CH1,POWER,3.70
1765904873464,CH1,POWER,3.70
1765904873469,CH1,POWER,3.70
1765904873475,CH1,POWER,3.70
1765904873480,CH1,POWER,3.70
1765904873485,CH1,POWER,3.70
1765904873490,CH1,POWER,3.70
1765904873495,CH1,POWER,3.70
1765904873500,CH1,POWER,3.70
1765904873505,CH1,POWER,3.70
1765904873510,CH1,POWER,3.70
1765904873515,CH1,POWER,3.70
1765904873520,CH1,POWER,3.70
1765904873525,CH1,POWER,3.70
1765904873530,CH1,POWER,3.70
1765904873535,CH1,POWER,3.70
1765904873540,CH1,POWER,3.70
1765904873546,CH1,POWER,3.70
1765904873554,CH1,POWER,3.70
1765904873559,CH1,POWER,3.70
1765904873565,CH1,POWER,3.70
1765904873570,CH1,POWER,3.70
1765904873575,CH1,POWER,3.70
1765904873581,CH1,POWER,3.70
1765904873586,CH1,POWER,3.70
1765904873594,CH1,POWER,3.70
1765904873600,CH1,POWER,3.70
1765904873605,CH1,POWER,3.70
1765904873610,CH1,POWER,3.70
1765904873615,CH1,POWER,3.70
1765904873621,CH1,POWER,3.70
1765904873626,CH1,POWER,3.70
1765904873631,CH1,POWER,3.70
1765904873636,CH1,POWER,3.70
1765904873644,CH1,POWER,3.70
1765904873649,CH1,POWER,3.70
1765904873656,CH1,POWER,3.70
1765904873661,CH1,POWER,3.70
1765904873666,CH1,POWER,3.70
1765904873674,CH1,POWER,3.70
1765904873679,CH1,POWER,3.70
1765904873686,CH1,POWER,3.70
1765904873691,CH1,POWER,3.70
1765904873696,CH1,POWER,3.70
1765904873704,CH1,POWER,3.70
1765904873709,CH1,POWER,3.70
1765904873716,CH1,POWER,3.70
1765904873722,CH1,POWER,3.70
1765904873726,CH1,POWER,3.70
1765904873731,CH1,POWER,3.70
1765904873736,CH1,POWER,3.70
1765904873741,CH1,POWER,3.70
1765904873746,CH1,POWER,3.70
1765904873751,CH1,POWER,3.70
1765904873756,CH1,POWER,3.70
1765904873764,CH1,POWER,3.70
1765904873769,CH1,POWER,3.70
1765904873775,CH1,POWER,3.70
1765904873778,CH1,POWER,3.30
1765904873804,CH1,POWER,3.30
1765904873808,CH1,POWER,3.30
1765904873813,CH1,POWER,3.30
1765904873818,CH1,POWER,3.30
1765904873823,CH1,POWER,3.30
1765904873828,CH1,POWER,3.30
1765904873836,CH1,POWER,3.30
1765904873841,CH1,POWER,3.30
1765904873848,CH1,POWER,3.30
1765904873854,CH1,POWER,3.30
1765904873858,CH1,POWER,3.30
1765904873864,CH1,POWER,3.30
1765904873868,CH1,POWER,3.30
1765904873873,CH1,POWER,3.30
1765904873878,CH1,POWER,3.30
1765904873882,CH1,POWER,3.30
1765904873888,CH1,POWER,3.30
1765904873893,CH1,POWER,3.30
1765904873898,CH1,POWER,3.30
1765904873902,CH1,POWER,3.30
1765904873907,CH1,POWER,3.30
1765904873912,CH1,POWER,3.30
1765904873918,CH1,POWER,3.30
1765904873926,CH1,POWER,3.30
1765904873931,CH1,POWER,3.30
1765904873938,CH1,POWER,3.30
1765904873943,CH1,POWER,3.30
1765904873948,CH1,POWER,3.30
1765904873953,CH1,POWER,3.30
1765904873958,CH1,POWER,3.30
1765904873963,CH1,POWER,3.30
1765904873968,CH1,POWER,3.30
1765904873976,CH1,POWER,3.30
1765904873981,CH1,POWER,3.30
1765904873988,CH1,POWER,3.30
1765904873993,CH1,POWER,3.30
1765904873998,CH1,POWER,3.30
1765904874003,CH1,POWER,3.30
1765904874008,CH1,POWER,3.30
1765904874014,CH1,POWER,3.30
1765904874018,CH1,POWER,3.30
1765904874023,CH1,POWER,3.30
1765904874028,CH1,POWER,3.30
1765904874033,CH1,POWER,3.30
1765904874038,CH1,POWER,3.30
1765904874043,CH1,POWER,3.30
1765904874048,CH1,POWER,3.30
1765904874053,CH1,POWER,3.30
1765904874058,CH1,POWER,3.30
1765904874063,CH1,POWER,3.30
1765904874068,CH1,POWER,3.30
1765904874074,CH1,POWER,3.30
1765904874078,CH1,POWER,3.30
1765904874083,CH1,POWER,3.30
1765904874088,CH1,POWER,3.30
1765904874093,CH1,POWER,3.30
1765904874098,CH1,POWER,3.30
1765904874103,CH1,POWER,3.30
1765904874108,CH1,POWER,3.30
1765904874114,CH1,POWER,3.30
1765904874118,CH1,POWER,3.30
1765904874124,CH1,POWER,3.30
1765904874128,CH1,POWER,3.30
1765904874136,CH1,POWER,3.30
1765904874141,CH1,POWER,3.30
1765904874148,CH1,POWER,3.30
1765904874153,CH1,POWER,3.30
1765904874158,CH1,POWER,3.30
1765904874163,CH1,POWER,3.30
1765904874168,CH1,POWER,3.30
1765904874171,CH1,POWER,3.55
1765904874197,CH1,POWER,3.55
1765904874202,CH1,POWER,3.55
1765904874207,CH1,POWER,3.55
1765904874213,CH1,POWER,3.55
1765904874220,CH1,POWER,3.55
1765904874225,CH1,POWER,3.55
1765904874230,CH1,POWER,3.55
1765904874235,CH1,POWER,3.55
1765904874240,CH1,POWER,3.55
1765904874248,CH1,POWER,3.55
1765904874253,CH1,POWER,3.55
1765904874260,CH1,POWER,3.55
1765904874265,CH1,POWER,3.55
1765904874270,CH1,POWER,3.55
1765904874275,CH1,POWER,3.55
1765904874280,CH1,POWER,3.55
1765904874285,CH1,POWER,3.55
1765904874290,CH1,POWER,3.55
1765904874294,CH1,POWER,3.55
1765904874299,CH1,POWER,3.55
1765904874304,CH1,POWER,3.55
1765904874309,CH1,POWER,3.55
1765904874314,CH1,POWER,3.55
1765904874320,CH1,POWER,3.55
1765904874326,CH1,POWER,3.55
1765904874330,CH1,POWER,3.55
1765904874335,CH1,POWER,3.55
1765904874340,CH1,POWER,3.55
1765904874345,CH1,POWER,3.55
1765904874350,CH1,POWER,3.55
1765904874355,CH1,POWER,3.55
1765904874360,CH1,POWER,3.55
1765904874365,CH1,POWER,3.55
1765904874370,CH1,POWER,3.55
1765904874375,CH1,POWER,3.55
1765904874380,CH1,POWER,3.55
1765904874384,CH1,POWER,3.55
1765904874389,CH1,POWER,3.55
1765904874395,CH1,POWER,3.55
1765904874400,CH1,POWER,3.55
1765904874405,CH1,POWER,3.55
1765904874410,CH1,POWER,3.55
1765904874415,CH1,POWER,3.55
1765904874420,CH1,POWER,3.55
1765904874425,CH1,POWER,3.55
1765904874430,CH1,POWER,3.55
1765904874435,CH1,POWER,3.55
1765904874440,CH1,POWER,3.55
1765904874445,CH1,POWER,3.55
1765904874450,CH1,POWER,3.55
1765904874455,CH1,POWER,3.55
1765904874460,CH1,POWER,3.55
1765904874465,CH1,POWER,3.55
1765904874470,CH1,POWER,3.55
1765904874475,CH1,POWER,3.55
1765904874480,CH1,POWER,3.55
1765904874484,CH1,POWER,3.55
1765904874490,CH1,POWER,3.55
1765904874494,CH1,POWER,3.55
1765904874499,CH1,POWER,3.55
1765904874505,CH1,POWER,3.55
1765904874510,CH1,POWER,3.55
1765904874515,CH1,POWER,3.55
1765904874520,CH1,POWER,3.55
1765904874525,CH1,POWER,3.55
1765904874530,CH1,POWER,3.55
1765904874535,CH1,POWER,3.55
1765904874540,CH1,POWER,3.55
1765904874545,CH1,POWER,3.55
1765904874550,CH1,POWER,3.55
1765904874555,CH1,POWER,3.55
1765904874560,CH1,POWER,3.55
1765904874563,CH1,POWER,3.55
1765904874591,CH1,POWER,3.55
1765904874596,CH1,POWER,3.55
1765904874601,CH1,POWER,3.55
1765904874607,CH1,POWER,3.55
1765904874612,CH1,POWER,3.55
1765904874617,CH1,POWER,3.55
1765904874622,CH1,POWER,3.55
1765904874627,CH1,POWER,3.55
1765904874632,CH1,POWER,3.55
1765904874640,CH1,POWER,3.55
1765904874645,CH1,POWER,3.55
1765904874652,CH1,POWER,3.55
1765904874657,CH1,POWER,3.55
1765904874662,CH1,POWER,3.55
1765904874670,CH1,POWER,3.55
1765904874675,CH1,POWER,3.55
1765904874682,CH1,POWER,3.55
1765904874687,CH1,POWER,3.55
1765904874692,CH1,POWER,3.55
1765904874700,CH1,POWER,3.55
1765904874705,CH1,POWER,3.55
1765904874712,CH1,POWER,3.55
1765904874717,CH1,POWER,3.55
1765904874722,CH1,POWER,3.55
1765904874730,CH1,POWER,3.55
1765904874735,CH1,POWER,3.55
1765904874742,CH1,POWER,3.55
1765904874747,CH1,POWER,3.55
1765904874752,CH1,POWER,3.55
1765904874757,CH1,POWER,3.55
1765904874762,CH1,POWER,3.55
1765904874767,CH1,POWER,3.55
1765904874772,CH1,POWER,3.55
1765904874776,CH1,POWER,3.55
1765904874782,CH1,POWER,3.55
1765904874790,CH1,POWER,3.55
1765904874795,CH1,POWER,3.55
1765904874801,CH1,POWER,3.55
1765904874806,CH1,POWER,3.55
1765904874811,CH1,POWER,3.55
1765904874816,CH1,POWER,3.55
1765904874821,CH1,POWER,3.55
1765904874826,CH1,POWER,3.55
1765904874831,CH1,POWER,3.55
1765904874836,CH1,POWER,3.55
1765904874841,CH1,POWER,3.55
1765904874846,CH1,POWER,3.55
1765904874851,CH1,POWER,3.55
1765904874856,CH1,POWER,3.55
1765904874861,CH1,POWER,3.55
1765904874867,CH1,POWER,3.55
1765904874872,CH1,POWER,3.55
1765904874876,CH1,POWER,3.55
1765904874882,CH1,POWER,3.55
1765904874890,CH1,POWER,3.55
1765904874895,CH1,POWER,3.55
1765904874902,CH1,POWER,3.55
1765904874907,CH1,POWER,3.55
1765904874912,CH1,POWER,3.55
1765904874917,CH1,POWER,3.55
1765904874922,CH1,POWER,3.55
1765904874930,CH1,POWER,3.55
1765904874935,CH1,POWER,3.55
1765904874942,CH1,POWER,3.55
1765904874947,CH1,POWER,3.55
1765904874952,CH1,POWER,3.55
1765904874955,CH1,POWER,3.35
1765904874981,CH1,POWER,3.35
1765904874986,CH1,POWER,3.35
1765904874991,CH1,POWER,3.35
1765904874996,CH1,POWER,3.35
1765904875001,CH1,POWER,3.35
1765904875006,CH1,POWER,3.35
1765904875011,CH1,POWER,3.35
1765904875016,CH1,POWER,3.35
1765904875021,CH1,POWER,3.35
1765904875026,CH1,POWER,3.35
1765904875034,CH1,POWER,3.35
1765904875039,CH1,POWER,3.35
1765904875044,CH1,POWER,3.35
1765904875052,CH1,POWER,3.35
1765904875057,CH1,POWER,3.35
1765904875064,CH1,POWER,3.35
1765904875069,CH1,POWER,3.35
1765904875074,CH1,POWER,3.35
1765904875082,CH1,POWER,3.35
1765904875087,CH1,POWER,3.35
1765904875093,CH1,POWER,3.35
1765904875099,CH1,POWER,3.35
1765904875104,CH1,POWER,3.35
1765904875109,CH1,POWER,3.35
1765904875114,CH1,POWER,3.35
1765904875119,CH1,POWER,3.35
1765904875124,CH1,POWER,3.35
1765904875129,CH1,POWER,3.35
1765904875134,CH1,POWER,3.35
1765904875139,CH1,POWER,3.35
1765904875144,CH1,POWER,3.35
1765904875149,CH1,POWER,3.35
1765904875154,CH1,POWER,3.35
1765904875159,CH1,POWER,3.35
1765904875164,CH1,POWER,3.35
1765904875172,CH1,POWER,3.35
1765904875177,CH1,POWER,3.35
1765904875184,CH1,POWER,3.35
1765904875189,CH1,POWER,3.35
1765904875194,CH1,POWER,3.35
1765904875199,CH1,POWER,3.35
1765904875204,CH1,POWER,3.35
1765904875209,CH1,POWER,3.35
1765904875214,CH1,POWER,3.35
1765904875222,CH1,POWER,3.35
1765904875226,CH1,POWER,3.35
1765904875231,CH1,POWER,3.35
1765904875236,CH1,POWER,3.35
1765904875241,CH1,POWER,3.35
1765904875247,CH1,POWER,3.35
1765904875254,CH1,POWER,3.35
1765904875259,CH1,POWER,3.35
1765904875264,CH1,POWER,3.35
1765904875269,CH1,POWER,3.35
1765904875274,CH1,POWER,3.35
1765904875279,CH1,POWER,3.35
1765904875284,CH1,POWER,3.35
1765904875289,CH1,POWER,3.35
1765904875294,CH1,POWER,3.35
1765904875299,CH1,POWER,3.35
1765904875304,CH1,POWER,3.35
1765904875309,CH1,POWER,3.35
1765904875314,CH1,POWER,3.35
1765904875319,CH1,POWER,3.35
1765904875324,CH1,POWER,3.35
1765904875332,CH1,POWER,3.35
1765904875337,CH1,POWER,3.35
1765904875342,CH1,POWER,3.35
1765904875345,CH1,POWER,3.60
1765904875347,CH1,POWER,3.60
1765904875373,CH1,POWER,3.60
1765904875379,CH1,POWER,3.60
1765904875386,CH1,POWER,3.60
1765904875391,CH1,POWER,3.60
1765904875396,CH1,POWER,3.60
1765904875401,CH1,POWER,3.60
1765904875406,CH1,POWER,3.60
1765904875411,CH1,POWER,3.60
1765904875416,CH1,POWER,3.60
1765904875421,CH1,POWER,3.60
1765904875426,CH1,POWER,3.60
1765904875434,CH1,POWER,3.60
1765904875439,CH1,POWER,3.60
1765904875446,CH1,POWER,3.60
1765904875451,CH1,POWER,3.60
1765904875456,CH1,POWER,3.60
1765904875464,CH1,POWER,3.60
1765904875469,CH1,POWER,3.60
1765904875475,CH1,POWER,3.60
1765904875480,CH1,POWER,3.60
1765904875485,CH1,POWER,3.60
1765904875490,CH1,POWER,3.60
1765904875495,CH1,POWER,3.60
1765904875500,CH1,POWER,3.60
1765904875505,CH1,POWER,3.60
1765904875511,CH1,POWER,3.60
1765904875516,CH1,POWER,3.60
1765904875521,CH1,POWER,3.60
1765904875526,CH1,POWER,3.60
1765904875531,CH1,POWER,3.60
1765904875536,CH1,POWER,3.60
1765904875541,CH1,POWER,3.60
1765904875546,CH1,POWER,3.60
1765904875551,CH1,POWER,3.60
1765904875556,CH1,POWER,3.60
1765904875561,CH1,POWER,3.60
1765904875566,CH1,POWER,3.60
1765904875571,CH1,POWER,3.60
1765904875576,CH1,POWER,3.60
1765904875581,CH1,POWER,3.60
1765904875586,CH1,POWER,3.60
1765904875591,CH1,POWER,3.60
1765904875596,CH1,POWER,3.60
1765904875604,CH1,POWER,3.60
1765904875609,CH1,POWER,3.60
1765904875616,CH1,POWER,3.60
1765904875621,CH1,POWER,3.60
1765904875626,CH1,POWER,3.60
1765904875631,CH1,POWER,3.60
1765904875636,CH1,POWER,3.60
1765904875641,CH1,POWER,3.60
1765904875646,CH1,POWER,3.60
1765904875654,CH1,POWER,3.60
1765904875659,CH1,POWER,3.60
1765904875666,CH1,POWER,3.60
1765904875671,CH1,POWER,3.60
1765904875676,CH1,POWER,3.60
1765904875681,CH1,POWER,3.60
1765904875686,CH1,POWER,3.60
1765904875691,CH1,POWER,3.60
1765904875696,CH1,POWER,3.60
1765904875701,CH1,POWER,3.60
1765904875706,CH1,POWER,3.60
1765904875711,CH1,POWER,3.60
1765904875716,CH1,POWER,3.60
1765904875721,CH1,POWER,3.60
1765904875726,CH1,POWER,3.60
1765904875734,CH1,POWER,3.60
1765904875736,CH1,POWER,3.30
1765904875739,CH1,POWER,3.30
1765904875765,CH1,POWER,3.30
1765904875770,CH1,POWER,3.30
1765904875775,CH1,POWER,3.30
1765904875780,CH1,POWER,3.30
1765904875785,CH1,POWER,3.30
1765904875790,CH1,POWER,3.30
1765904875798,CH1,POWER,3.30
1765904875803,CH1,POWER,3.30
1765904875808,CH1,POWER,3.30
1765904875813,CH1,POWER,3.30
1765904875818,CH1,POWER,3.30
1765904875823,CH1,POWER,3.30
1765904875828,CH1,POWER,3.30
1765904875833,CH1,POWER,3.30
1765904875838,CH1,POWER,3.30
1765904875846,CH1,POWER,3.30
1765904875851,CH1,POWER,3.30
1765904875858,CH1,POWER,3.30
1765904875863,CH1,POWER,3.30
1765904875868,CH1,POWER,3.30
1765904875876,CH1,POWER,3.30
1765904875880,CH1,POWER,3.30
1765904875885,CH1,POWER,3.30
1765904875891,CH1,POWER,3.30
1765904875898,CH1,POWER,3.30
1765904875903,CH1,POWER,3.30
1765904875908,CH1,POWER,3.30
1765904875913,CH1,POWER,3.30
1765904875918,CH1,POWER,3.30
1765904875923,CH1,POWER,3.30
1765904875928,CH1,POWER,3.30
1765904875936,CH1,POWER,3.30
1765904875941,CH1,POWER,3.30
1765904875948,CH1,POWER,3.30
1765904875956,CH1,POWER,3.30
1765904875961,CH1,POWER,3.30
1765904875968,CH1,POWER,3.30
1765904875973,CH1,POWER,3.30
1765904875978,CH1,POWER,3.30
1765904875983,CH1,POWER,3.30
1765904875988,CH1,POWER,3.30
1765904875993,CH1,POWER,3.30
1765904875998,CH1,POWER,3.30
1765904876006,CH1,POWER,3.30
1765904876011,CH1,POWER,3.30
1765904876018,CH1,POWER,3.30
1765904876026,CH1,POWER,3.30
1765904876031,CH1,POWER,3.30
1765904876038,CH1,POWER,3.30
1765904876043,CH1,POWER,3.30
1765904876048,CH1,POWER,3.30
1765904876056,CH1,POWER,3.30
1765904876061,CH1,POWER,3.30
1765904876068,CH1,POWER,3.30
1765904876073,CH1,POWER,3.30
1765904876078,CH1,POWER,3.30
1765904876085,CH1,POWER,3.30
1765904876090,CH1,POWER,3.30
1765904876096,CH1,POWER,3.30
1765904876101,CH1,POWER,3.30
1765904876108,CH1,POWER,3.30
1765904876113,CH1,POWER,3.30
1765904876118,CH1,POWER,3.30
1765904876123,CH1,POWER,3.30
1765904876126,CH1,POWER,3.70
1765904876128,CH1,POWER,3.70
1765904876131,CH1,POWER,3.70
1765904876157,CH1,POWER,3.70
1765904876162,CH1,POWER,3.70
1765904876167,CH1,POWER,3.70
1765904876172,CH1,POWER,3.70
1765904876177,CH1,POWER,3.70
1765904876182,CH1,POWER,3.70
1765904876190,CH1,POWER,3.70
1765904876195,CH1,POWER,3.70
1765904876200,CH1,POWER,3.70
1765904876205,CH1,POWER,3.70
1765904876210,CH1,POWER,3.70
1765904876215,CH1,POWER,3.70
1765904876220,CH1,POWER,3.70
1765904876228,CH1,POWER,3.70
1765904876233,CH1,POWER,3.70
1765904876240,CH1,POWER,3.70
1765904876248,CH1,POWER,3.70
1765904876253,CH1,POWER,3.70
1765904876260,CH1,POWER,3.70
1765904876268,CH1,POWER,3.70
1765904876273,CH1,POWER,3.70
1765904876280,CH1,POWER,3.70
1765904876285,CH1,POWER,3.70
1765904876290,CH1,POWER,3.70
1765904876295,CH1,POWER,3.70
1765904876300,CH1,POWER,3.70
1765904876305,CH1,POWER,3.70
1765904876310,CH1,POWER,3.70
1765904876318,CH1,POWER,3.70
1765904876323,CH1,POWER,3.70
1765904876330,CH1,POWER,3.70
1765904876335,CH1,POWER,3.70
1765904876340,CH1,POWER,3.70
1765904876345,CH1,POWER,3.70
1765904876350,CH1,POWER,3.70
1765904876355,CH1,POWER,3.70
1765904876360,CH1,POWER,3.70
1765904876365,CH1,POWER,3.70
1765904876370,CH1,POWER,3.70
1765904876375,CH1,POWER,3.70
1765904876380,CH1,POWER,3.70
1765904876388,CH1,POWER,3.70
1765904876393,CH1,POWER,3.70
1765904876399,CH1,POWER,3.70
1765904876404,CH1,POWER,3.70
1765904876409,CH1,POWER,3.70
1765904876415,CH1,POWER,3.70
1765904876420,CH1,POWER,3.70
1765904876428,CH1,POWER,3.70
1765904876433,CH1,POWER,3.70
1765904876440,CH1,POWER,3.70
1765904876448,CH1,POWER,3.70
1765904876453,CH1,POWER,3.70
1765904876460,CH1,POWER,3.70
1765904876465,CH1,POWER,3.70
1765904876470,CH1,POWER,3.70
1765904876475,CH1,POWER,3.70
1765904876480,CH1,POWER,3.70
1765904876485,CH1,POWER,3.70
1765904876490,CH1,POWER,3.70
1765904876495,CH1,POWER,3.70
1765904876499,CH1,POWER,3.70
1765904876504,CH1,POWER,3.70
1765904876509,CH1,POWER,3.70
1765904876514,CH1,POWER,3.70
1765904876519,CH1,POWER,3.70
1765904876521,CH1,POWER,3.35
1765904876523,CH1,POWER,3.35
1765904876551,CH1,POWER,3.35
1765904876556,CH1,POWER,3.35
1765904876561,CH1,POWER,3.35
1765904876566,CH1,POWER,3.35
1765904876571,CH1,POWER,3.35
1765904876576,CH1,POWER,3.35
1765904876581,CH1,POWER,3.35
1765904876587,CH1,POWER,3.35
1765904876592,CH1,POWER,3.35
1765904876600,CH1,POWER,3.35
1765904876605,CH1,POWER,3.35
1765904876612,CH1,POWER,3.35
1765904876620,CH1,POWER,3.35
1765904876625,CH1,POWER,3.35
1765904876632,CH1,POWER,3.35
1765904876637,CH1,POWER,3.35
1765904876642,CH1,POWER,3.35
1765904876647,CH1,POWER,3.35
1765904876652,CH1,POWER,3.35
1765904876657,CH1,POWER,3.35
1765904876662,CH1,POWER,3.35
1765904876670,CH1,POWER,3.35
1765904876675,CH1,POWER,3.35
1765904876682,CH1,POWER,3.35
1765904876687,CH1,POWER,3.35
1765904876692,CH1,POWER,3.35
1765904876697,CH1,POWER,3.35
1765904876702,CH1,POWER,3.35
1765904876707,CH1,POWER,3.35
1765904876712,CH1,POWER,3.35
1765904876719,CH1,POWER,3.35
1765904876724,CH1,POWER,3.35
1765904876729,CH1,POWER,3.35
1765904876734,CH1,POWER,3.35
1765904876739,CH1,POWER,3.35
1765904876744,CH1,POWER,3.35
1765904876752,CH1,POWER,3.35
1765904876757,CH1,POWER,3.35
1765904876762,CH1,POWER,3.35
1765904876767,CH1,POWER,3.35
1765904876772,CH1,POWER,3.35
1765904876780,CH1,POWER,3.35
1765904876785,CH1,POWER,3.35
1765904876792,CH1,POWER,3.35
1765904876797,CH1,POWER,3.35
1765904876802,CH1,POWER,3.35
1765904876810,CH1,POWER,3.35
1765904876815,CH1,POWER,3.35
1765904876822,CH1,POWER,3.35
1765904876827,CH1,POWER,3.35
1765904876832,CH1,POWER,3.35
1765904876837,CH1,POWER,3.35
1765904876842,CH1,POWER,3.35
1765904876847,CH1,POWER,3.35
1765904876852,CH1,POWER,3.35
1765904876860,CH1,POWER,3.35
1765904876864,CH1,POWER,3.35
1765904876869,CH1,POWER,3.35
1765904876873,CH1,POWER,3.35
1765904876880,CH1,POWER,3.35
1765904876885,CH1,POWER,3.35
1765904876892,CH1,POWER,3.35
1765904876897,CH1,POWER,3.35
1765904876902,CH1,POWER,3.35
1765904876905,CH1,POWER,3.00
1765904876931,CH1,POWER,3.00
1765904876936,CH1,POWER,3.00
1765904876941,CH1,POWER,3.00
1765904876947,CH1,POWER,3.00
1765904876954,CH1,POWER,3.00
1765904876959,CH1,POWER,3.00
1765904876964,CH1,POWER,3.00
1765904876972,CH1,POWER,3.00
1765904876976,CH1,POWER,3.00
1765904876981,CH1,POWER,3.00
1765904876986,CH1,POWER,3.00
1765904876994,CH1,POWER,3.00
1765904876999,CH1,POWER,3.00
1765904877004,CH1,POWER,3.00
1765904877009,CH1,POWER,3.00
1765904877014,CH1,POWER,3.00
1765904877022,CH1,POWER,3.00
1765904877027,CH1,POWER,3.00
1765904877034,CH1,POWER,3.00
1765904877039,CH1,POWER,3.00
1765904877044,CH1,POWER,3.00
1765904877049,CH1,POWER,3.00
1765904877054,CH1,POWER,3.00
1765904877059,CH1,POWER,3.00
1765904877064,CH1,POWER,3.00
1765904877069,CH1,POWER,3.00
1765904877074,CH1,POWER,3.00
1765904877082,CH1,POWER,3.00
1765904877087,CH1,POWER,3.00
1765904877094,CH1,POWER,3.00
1765904877099,CH1,POWER,3.00
1765904877104,CH1,POWER,3.00
1765904877109,CH1,POWER,3.00
1765904877114,CH1,POWER,3.00
1765904877119,CH1,POWER,3.00
1765904877124,CH1,POWER,3.00
1765904877128,CH1,POWER,3.00
1765904877133,CH1,POWER,3.00
1765904877139,CH1,POWER,3.00
1765904877144,CH1,POWER,3.00
1765904877149,CH1,POWER,3.00
1765904877154,CH1,POWER,3.00
1765904877162,CH1,POWER,3.00
1765904877167,CH1,POWER,3.00
1765904877174,CH1,POWER,3.00
1765904877179,CH1,POWER,3.00
1765904877184,CH1,POWER,3.00
1765904877189,CH1,POWER,3.00
1765904877194,CH1,POWER,3.00
1765904877199,CH1,POWER,3.00
1765904877204,CH1,POWER,3.00
1765904877212,CH1,POWER,3.00
1765904877217,CH1,POWER,3.00
1765904877224,CH1,POWER,3.00
1765904877232,CH1,POWER,3.00
1765904877237,CH1,POWER,3.00
1765904877244,CH1,POWER,3.00
1765904877249,CH1,POWER,3.00
1765904877254,CH1,POWER,3.00
1765904877259,CH1,POWER,3.00
1765904877264,CH1,POWER,3.00
1765904877269,CH1,POWER,3.00
1765904877274,CH1,POWER,3.00
1765904877279,CH1,POWER,3.00
1765904877284,CH1,POWER,3.00
1765904877289,CH1,POWER,3.00
1765904877293,CH1,POWER,3.00
1765904877297,CH1,POWER,3.45
1765904877323,CH1,POWER,3.45
1765904877328,CH1,POWER,3.45
1765904877333,CH1,POWER,3.45
1765904877338,CH1,POWER,3.45
1765904877343,CH1,POWER,3.45
1765904877348,CH1,POWER,3.45
1765904877356,CH1,POWER,3.45
1765904877361,CH1,POWER,3.45
1765904877366,CH1,POWER,3.45
1765904877374,CH1,POWER,3.45
1765904877379,CH1,POWER,3.45
1765904877386,CH1,POWER,3.45
1765904877391,CH1,POWER,3.45
1765904877396,CH1,POWER,3.45
1765904877401,CH1,POWER,3.45
1765904877406,CH1,POWER,3.45
1765904877414,CH1,POWER,3.45
1765904877419,CH1,POWER,3.45
1765904877426,CH1,POWER,3.45
1765904877431,CH1,POWER,3.45
1765904877436,CH1,POWER,3.45
1765904877441,CH1,POWER,3.45
1765904877445,CH1,POWER,3.45
1765904877450,CH1,POWER,3.45
1765904877454,CH1,POWER,3.45
1765904877460,CH1,POWER,3.45
1765904877466,CH1,POWER,3.45
1765904877471,CH1,POWER,3.45
1765904877476,CH1,POWER,3.45
1765904877481,CH1,POWER,3.45
1765904877486,CH1,POWER,3.45
1765904877491,CH1,POWER,3.45
1765904877496,CH1,POWER,3.45
1765904877503,CH1,POWER,3.45
1765904877509,CH1,POWER,3.45
1765904877514,CH1,POWER,3.45
1765904877519,CH1,POWER,3.45
1765904877525,CH1,POWER,3.45
1765904877530,CH1,POWER,3.45
1765904877536,CH1,POWER,3.45
1765904877541,CH1,POWER,3.45
1765904877546,CH1,POWER,3.45
1765904877551,CH1,POWER,3.45
1765904877555,CH1,POWER,3.45
1765904877560,CH1,POWER,3.45
1765904877564,CH1,POWER,3.45
1765904877570,CH1,POWER,3.45
1765904877576,CH1,POWER,3.45
1765904877581,CH1,POWER,3.45
1765904877586,CH1,POWER,3.45
1765904877591,CH1,POWER,3.45
1765904877596,CH1,POWER,3.45
1765904877601,CH1,POWER,3.45
1765904877606,CH1,POWER,3.45
1765904877613,CH1,POWER,3.45
1765904877618,CH1,POWER,3.45
1765904877622,CH1,POWER,3.45
1765904877626,CH1,POWER,3.45
1765904877635,CH1,POWER,3.45
1765904877640,CH1,POWER,3.45
1765904877645,CH1,POWER,3.45
1765904877651,CH1,POWER,3.45
1765904877655,CH1,POWER,3.45
1765904877660,CH1,POWER,3.45
1765904877665,CH1,POWER,3.45
1765904877670,CH1,POWER,3.45
1765904877676,CH1,POWER,3.45
1765904877681,CH1,POWER,3.45
1765904877686,CH1,POWER,3.45
1765904877688,CH1,POWER,3.65
1765904877715,CH1,POWER,3.65
1765904877720,CH1,POWER,3.65
1765904877724,CH1,POWER,3.65
1765904877731,CH1,POWER,3.65
1765904877738,CH1,POWER,3.65
1765904877743,CH1,POWER,3.65
1765904877748,CH1,POWER,3.65
1765904877753,CH1,POWER,3.65
1765904877758,CH1,POWER,3.65
1765904877763,CH1,POWER,3.65
1765904877767,CH1,POWER,3.65
1765904877772,CH1,POWER,3.65
1765904877777,CH1,POWER,3.65
1765904877783,CH1,POWER,3.65
1765904877788,CH1,POWER,3.65
1765904877793,CH1,POWER,3.65
1765904877797,CH1,POWER,3.65
1765904877806,CH1,POWER,3.65
1765904877811,CH1,POWER,3.65
1765904877818,CH1,POWER,3.65
1765904877823,CH1,POWER,3.65
1765904877828,CH1,POWER,3.65
1765904877833,CH1,POWER,3.65
1765904877838,CH1,POWER,3.65
1765904877843,CH1,POWER,3.65
1765904877848,CH1,POWER,3.65
1765904877856,CH1,POWER,3.65
1765904877861,CH1,POWER,3.65
1765904877868,CH1,POWER,3.65
1765904877873,CH1,POWER,3.65
1765904877878,CH1,POWER,3.65
1765904877883,CH1,POWER,3.65
1765904877888,CH1,POWER,3.65
1765904877893,CH1,POWER,3.65
1765904877898,CH1,POWER,3.65
1765904877906,CH1,POWER,3.65
1765904877911,CH1,POWER,3.65
1765904877918,CH1,POWER,3.65
1765904877923,CH1,POWER,3.65
1765904877928,CH1,POWER,3.65
1765904877933,CH1,POWER,3.65
1765904877938,CH1,POWER,3.65
1765904877943,CH1,POWER,3.65
1765904877947,CH1,POWER,3.65
1765904877953,CH1,POWER,3.65
1765904877958,CH1,POWER,3.65
1765904877963,CH1,POWER,3.65
1765904877968,CH1,POWER,3.65
1765904877973,CH1,POWER,3.65
1765904877977,CH1,POWER,3.65
1765904877981,CH1,POWER,3.65
1765904877987,CH1,POWER,3.65
1765904877992,CH1,POWER,3.65
1765904877997,CH1,POWER,3.65
1765904878001,CH1,POWER,3.65
1765904878008,CH1,POWER,3.65
1765904878016,CH1,POWER,3.65
1765904878021,CH1,POWER,3.65
1765904878028,CH1,POWER,3.65
1765904878033,CH1,POWER,3.65
1765904878038,CH1,POWER,3.65
1765904878043,CH1,POWER,3.65
1765904878048,CH1,POWER,3.65
1765904878053,CH1,POWER,3.65
1765904878058,CH1,POWER,3.65
1765904878066,CH1,POWER,3.65
1765904878071,CH1,POWER,3.65
1765904878076,CH1,POWER,3.65
1765904878078,CH1,POWER,3.70
1765904878081,CH1,POWER,3.70
1765904878108,CH1,POWER,3.70
1765904878112,CH1,POWER,3.70
1765904878120,CH1,POWER,3.70
1765904878125,CH1,POWER,3.70
1765904878129,CH1,POWER,3.70
1765904878133,CH1,POWER,3.70
1765904878138,CH1,POWER,3.70
1765904878143,CH1,POWER,3.70
1765904878150,CH1,POWER,3.70
1765904878155,CH1,POWER,3.70
1765904878159,CH1,POWER,3.70
1765904878165,CH1,POWER,3.70
1765904878169,CH1,POWER,3.70
1765904878173,CH1,POWER,3.70
1765904878179,CH1,POWER,3.70
1765904878185,CH1,POWER,3.70
1765904878189,CH1,POWER,3.70
1765904878194,CH1,POWER,3.70
1765904878199,CH1,POWER,3.70
1765904878204,CH1,POWER,3.70
1765904878210,CH1,POWER,3.70
1765904878215,CH1,POWER,3.70
1765904878219,CH1,POWER,3.70
1765904878224,CH1,POWER,3.70
1765904878228,CH1,POWER,3.70
1765904878232,CH1,POWER,3.70
1765904878236,CH1,POWER,3.70
1765904878242,CH1,POWER,3.70
1765904878250,CH1,POWER,3.70
1765904878255,CH1,POWER,3.70
1765904878259,CH1,POWER,3.70
1765904878265,CH1,POWER,3.70
1765904878270,CH1,POWER,3.70
1765904878275,CH1,POWER,3.70
1765904878279,CH1,POWER,3.70
1765904878285,CH1,POWER,3.70
1765904878289,CH1,POWER,3.70
1765904878295,CH1,POWER,3.70
1765904878300,CH1,POWER,3.70
1765904878305,CH1,POWER,3.70
1765904878309,CH1,POWER,3.70
1765904878315,CH1,POWER,3.70
1765904878319,CH1,POWER,3.70
1765904878325,CH1,POWER,3.70
1765904878329,CH1,POWER,3.70
1765904878334,CH1,POWER,3.70
1765904878339,CH1,POWER,3.70
1765904878343,CH1,POWER,3.70
1765904878349,CH1,POWER,3.70
1765904878354,CH1,POWER,3.70
1765904878358,CH1,POWER,3.70
1765904878363,CH1,POWER,3.70
1765904878370,CH1,POWER,3.70
1765904878375,CH1,POWER,3.70
1765904878380,CH1,POWER,3.70
1765904878385,CH1,POWER,3.70
1765904878389,CH1,POWER,3.70
1765904878395,CH1,POWER,3.70
1765904878399,CH1,POWER,3.70
1765904878408,CH1,POWER,3.70
1765904878413,CH1,POWER,3.70
1765904878419,CH1,POWER,3.70
1765904878428,CH1,POWER,3.70
1765904878433,CH1,POWER,3.70
1765904878440,CH1,POWER,3.70
1765904878445,CH1,POWER,3.70
1765904878450,CH1,POWER,3.70
1765904878455,CH1,POWER,3.70
1765904878460,CH1,POWER,3.70
1765904878465,CH1,POWER,3.70
1765904878469,CH1,POWER,3.70
1765904878472,CH1,POWER,3.50
1765904878498,CH1,POWER,3.50
1765904878503,CH1,POWER,3.50
1765904878510,CH1,POWER,3.50
1765904878515,CH1,POWER,3.50
1765904878521,CH1,POWER,3.50
1765904878530,CH1,POWER,3.50
1765904878535,CH1,POWER,3.50
1765904878542,CH1,POWER,3.50
1765904878547,CH1,POWER,3.50
1765904878552,CH1,POWER,3.50
1765904878557,CH1,POWER,3.50
1765904878562,CH1,POWER,3.50
1765904878570,CH1,POWER,3.50
1765904878575,CH1,POWER,3.50
1765904878582,CH1,POWER,3.50
1765904878587,CH1,POWER,3.50
1765904878592,CH1,POWER,3.50
1765904878597,CH1,POWER,3.50
1765904878601,CH1,POWER,3.50
1765904878610,CH1,POWER,3.50
1765904878614,CH1,POWER,3.50
1765904878622,CH1,POWER,3.50
1765904878627,CH1,POWER,3.50
1765904878631,CH1,POWER,3.50
1765904878639,CH1,POWER,3.50
1765904878646,CH1,POWER,3.50
1765904878651,CH1,POWER,3.50
1765904878656,CH1,POWER,3.50
1765904878661,CH1,POWER,3.50
1765904878665,CH1,POWER,3.50
1765904878671,CH1,POWER,3.50
1765904878680,CH1,POWER,3.50
1765904878685,CH1,POWER,3.50
1765904878691,CH1,POWER,3.50
1765904878700,CH1,POWER,3.50
1765904878705,CH1,POWER,3.50
1765904878712,CH1,POWER,3.50
1765904878717,CH1,POWER,3.50
1765904878722,CH1,POWER,3.50
1765904878727,CH1,POWER,3.50
1765904878732,CH1,POWER,3.50
1765904878737,CH1,POWER,3.50
1765904878741,CH1,POWER,3.50
1765904878750,CH1,POWER,3.50
1765904878755,CH1,POWER,3.50
1765904878761,CH1,POWER,3.50
1765904878765,CH1,POWER,3.50
1765904878771,CH1,POWER,3.50
1765904878776,CH1,POWER,3.50
1765904878781,CH1,POWER,3.50
1765904878785,CH1,POWER,3.50
1765904878792,CH1,POWER,3.50
1765904878797,CH1,POWER,3.50
1765904878801,CH1,POWER,3.50
1765904878806,CH1,POWER,3.50
1765904878810,CH1,POWER,3.50
1765904878815,CH1,POWER,3.50
1765904878821,CH1,POWER,3.50
1765904878830,CH1,POWER,3.50
1765904878835,CH1,POWER,3.50
1765904878842,CH1,POWER,3.50
1765904878847,CH1,POWER,3.50
1765904878852,CH1,POWER,3.50
1765904878856,CH1,POWER,3.70
1765904878884,CH1,POWER,3.70
1765904878889,CH1,POWER,3.70
1765904878893,CH1,POWER,3.70
1765904878902,CH1,POWER,3.70
1765904878906,CH1,POWER,3.70
1765904878913,CH1,POWER,3.70
1765904878918,CH1,POWER,3.70
1765904878923,CH1,POWER,3.70
1765904878927,CH1,POWER,3.70
1765904878933,CH1,POWER,3.70
1765904878939,CH1,POWER,3.70
1765904878944,CH1,POWER,3.70
1765904878949,CH1,POWER,3.70
1765904878953,CH1,POWER,3.70
1765904878958,CH1,POWER,3.70
1765904878962,CH1,POWER,3.70
1765904878967,CH1,POWER,3.70
1765904878974,CH1,POWER,3.70
1765904878979,CH1,POWER,3.70
1765904878984,CH1,POWER,3.70
1765904878989,CH1,POWER,3.70
1765904878994,CH1,POWER,3.70
1765904878999,CH1,POWER,3.70
1765904879003,CH1,POWER,3.70
1765904879008,CH1,POWER,3.70
1765904879012,CH1,POWER,3.70
1765904879019,CH1,POWER,3.70
1765904879024,CH1,POWER,3.70
1765904879029,CH1,POWER,3.70
1765904879033,CH1,POWER,3.70
1765904879039,CH1,POWER,3.70
1765904879043,CH1,POWER,3.70
1765904879048,CH1,POWER,3.70
1765904879052,CH1,POWER,3.70
1765904879059,CH1,POWER,3.70
1765904879064,CH1,POWER,3.70
1765904879069,CH1,POWER,3.70
1765904879073,CH1,POWER,3.70
1765904879079,CH1,POWER,3.70
1765904879083,CH1,POWER,3.70
1765904879092,CH1,POWER,3.70
1765904879096,CH1,POWER,3.70
1765904879103,CH1,POWER,3.70
1765904879107,CH1,POWER,3.70
1765904879114,CH1,POWER,3.70
1765904879119,CH1,POWER,3.70
1765904879123,CH1,POWER,3.70
1765904879131,CH1,POWER,3.70
1765904879138,CH1,POWER,3.70
1765904879143,CH1,POWER,3.70
1765904879148,CH1,POWER,3.70
1765904879152,CH1,POWER,3.70
1765904879156,CH1,POWER,3.70
1765904879162,CH1,POWER,3.70
1765904879167,CH1,POWER,3.70
1765904879173,CH1,POWER,3.70
1765904879177,CH1,POWER,3.70
1765904879183,CH1,POWER,3.70
1765904879188,CH1,POWER,3.70
1765904879192,CH1,POWER,3.70
1765904879198,CH1,POWER,3.70
1765904879202,CH1,POWER,3.70
1765904879209,CH1,POWER,3.70
1765904879214,CH1,POWER,3.70
1765904879219,CH1,POWER,3.70
1765904879223,CH1,POWER,3.70
1765904879228,CH1,POWER,3.70
1765904879232,CH1,POWER,3.70
1765904879238,CH1,POWER,3.70
1765904879242,CH1,POWER,3.70
1765904879245,CH1,POWER,3.30
1765904879247,CH1,POWER,3.30
1765904879275,CH1,POWER,3.30
1765904879280,CH1,POWER,3.30
1765904879284,CH1,POWER,3.30
1765904879288,CH1,POWER,3.30
1765904879295,CH1,POWER,3.30
1765904879300,CH1,POWER,3.30
1765904879304,CH1,POWER,3.30
1765904879311,CH1,POWER,3.30
1765904879316,CH1,POWER,3.30
1765904879321,CH1,POWER,3.30
1765904879325,CH1,POWER,3.30
1765904879334,CH1,POWER,3.30
1765904879338,CH1,POWER,3.30
1765904879346,CH1,POWER,3.30
1765904879351,CH1,POWER,3.30
1765904879355,CH1,POWER,3.30
1765904879364,CH1,POWER,3.30
1765904879369,CH1,POWER,3.30
1765904879375,CH1,POWER,3.30
1765904879384,CH1,POWER,3.30
1765904879389,CH1,POWER,3.30
1765904879396,CH1,POWER,3.30
1765904879401,CH1,POWER,3.30
1765904879406,CH1,POWER,3.30
1765904879411,CH1,POWER,3.30
1765904879416,CH1,POWER,3.30
1765904879421,CH1,POWER,3.30
1765904879425,CH1,POWER,3.30
1765904879434,CH1,POWER,3.30
1765904879439,CH1,POWER,3.30
1765904879445,CH1,POWER,3.30
1765904879454,CH1,POWER,3.30
1765904879458,CH1,POWER,3.30
1765904879466,CH1,POWER,3.30
1765904879471,CH1,POWER,3.30
1765904879476,CH1,POWER,3.30
1765904879481,CH1,POWER,3.30
1765904879486,CH1,POWER,3.30
1765904879491,CH1,POWER,3.30
1765904879495,CH1,POWER,3.30
1765904879504,CH1,POWER,3.30
1765904879509,CH1,POWER,3.30
1765904879515,CH1,POWER,3.30
1765904879524,CH1,POWER,3.30
1765904879529,CH1,POWER,3.30
1765904879536,CH1,POWER,3.30
1765904879541,CH1,POWER,3.30
1765904879546,CH1,POWER,3.30
1765904879551,CH1,POWER,3.30
1765904879555,CH1,POWER,3.30
1765904879564,CH1,POWER,3.30
1765904879569,CH1,POWER,3.30
1765904879576,CH1,POWER,3.30
1765904879581,CH1,POWER,3.30
1765904879586,CH1,POWER,3.30
1765904879591,CH1,POWER,3.30
1765904879595,CH1,POWER,3.30
1765904879600,CH1,POWER,3.30
1765904879604,CH1,POWER,3.30
1765904879610,CH1,POWER,3.30
1765904879614,CH1,POWER,3.30
1765904879619,CH1,POWER,3.30
1765904879625,CH1,POWER,3.30
1765904879631,CH1,POWER,3.30
1765904879634,CH1,POWER,3.65
1765904879636,CH1,POWER,3.65
1765904879639,CH1,POWER,3.65
1765904879664,CH1,POWER,3.65
1765904879670,CH1,POWER,3.65
1765904879674,CH1,POWER,3.65
1765904879679,CH1,POWER,3.65
1765904879686,CH1,POWER,3.65
1765904879691,CH1,POWER,3.65
1765904879698,CH1,POWER,3.65
1765904879703,CH1,POWER,3.65
1765904879708,CH1,POWER,3.65
1765904879713,CH1,POWER,3.65
1765904879717,CH1,POWER,3.65
1765904879726,CH1,POWER,3.65
1765904879730,CH1,POWER,3.65
1765904879738,CH1,POWER,3.65
1765904879743,CH1,POWER,3.65
1765904879748,CH1,POWER,3.65
1765904879753,CH1,POWER,3.65
1765904879758,CH1,POWER,3.65
1765904879763,CH1,POWER,3.65
1765904879767,CH1,POWER,3.65
1765904879773,CH1,POWER,3.65
1765904879777,CH1,POWER,3.65
1765904879785,CH1,POWER,3.65
1765904879792,CH1,POWER,3.65
1765904879796,CH1,POWER,3.65
1765904879801,CH1,POWER,3.65
1765904879807,CH1,POWER,3.65
1765904879815,CH1,POWER,3.65
1765904879821,CH1,POWER,3.65
1765904879826,CH1,POWER,3.65
1765904879833,CH1,POWER,3.65
1765904879838,CH1,POWER,3.65
1765904879843,CH1,POWER,3.65
1765904879847,CH1,POWER,3.65
1765904879851,CH1,POWER,3.65
1765904879858,CH1,POWER,3.65
1765904879863,CH1,POWER,3.65
1765904879867,CH1,POWER,3.65
1765904879872,CH1,POWER,3.65
1765904879876,CH1,POWER,3.65
1765904879881,CH1,POWER,3.65
1765904879887,CH1,POWER,3.65
1765904879893,CH1,POWER,3.65
1765904879897,CH1,POWER,3.65
1765904879901,CH1,POWER,3.65
1765904879906,CH1,POWER,3.65
1765904879910,CH1,POWER,3.65
1765904879916,CH1,POWER,3.65
1765904879923,CH1,POWER,3.65
1765904879927,CH1,POWER,3.65
1765904879936,CH1,POWER,3.65
1765904879940,CH1,POWER,3.65
1765904879946,CH1,POWER,3.65
1765904879951,CH1,POWER,3.65
1765904879956,CH1,POWER,3.65
1765904879963,CH1,POWER,3.65
1765904879967,CH1,POWER,3.65
1765904879973,CH1,POWER,3.65
1765904879977,CH1,POWER,3.65
1765904879981,CH1,POWER,3.65
1765904879986,CH1,POWER,3.65
1765904879991,CH1,POWER,3.65
1765904879997,CH1,POWER,3.65
1765904880003,CH1,POWER,3.65
1765904880007,CH1,POWER,3.65
1765904880011,CH1,POWER,3.65
1765904880017,CH1,POWER,3.65
1765904880021,CH1,POWER,3.65
1765904880026,CH1,POWER,3.65
1765904880030,CH1,POWER,3.65
1765904880056,CH1,POWER,3.65
1765904880061,CH1,POWER,3.65
1765904880066,CH1,POWER,3.65
1765904880070,CH1,POWER,3.65
1765904880075,CH1,POWER,3.65
1765904880079,CH1,POWER,3.65
1765904880087,CH1,POWER,3.65
1765904880093,CH1,POWER,3.65
1765904880099,CH1,POWER,3.65
1765904880103,CH1,POWER,3.65
1765904880108,CH1,POWER,3.65
1765904880115,CH1,POWER,3.65
1765904880119,CH1,POWER,3.65
1765904880125,CH1,POWER,3.65
1765904880129,CH1,POWER,3.65
1765904880135,CH1,POWER,3.65
1765904880139,CH1,POWER,3.65
1765904880144,CH1,POWER,3.65
1765904880148,CH1,POWER,3.65
1765904880153,CH1,POWER,3.65
1765904880159,CH1,POWER,3.65
1765904880167,CH1,POWER,3.65
1765904880172,CH1,POWER,3.65
1765904880177,CH1,POWER,3.65
1765904880181,CH1,POWER,3.65
1765904880188,CH1,POWER,3.65
1765904880192,CH1,POWER,3.65
1765904880199,CH1,POWER,3.65
1765904880205,CH1,POWER,3.65
1765904880209,CH1,POWER,3.65
1765904880217,CH1,POWER,3.65
1765904880223,CH1,POWER,3.65
1765904880229,CH1,POWER,3.65
1765904880233,CH1,POWER,3.65
1765904880239,CH1,POWER,3.65
1765904880243,CH1,POWER,3.65
1765904880249,CH1,POWER,3.65
1765904880255,CH1,POWER,3.65
1765904880259,CH1,POWER,3.65
1765904880265,CH1,POWER,3.65
1765904880269,CH1,POWER,3.65
1765904880277,CH1,POWER,3.65
1765904880283,CH1,POWER,3.65
1765904880289,CH1,POWER,3.65
1765904880295,CH1,POWER,3.65
1765904880299,CH1,POWER,3.65
1765904880305,CH1,POWER,3.65
1765904880309,CH1,POWER,3.65
1765904880313,CH1,POWER,3.65
1765904880319,CH1,POWER,3.65
1765904880323,CH1,POWER,3.65
1765904880328,CH1,POWER,3.65
1765904880335,CH1,POWER,3.65
1765904880339,CH1,POWER,3.65
1765904880345,CH1,POWER,3.65
1765904880349,CH1,POWER,3.65
1765904880355,CH1,POWER,3.65
1765904880359,CH1,POWER,3.65
1765904880365,CH1,POWER,3.65
1765904880369,CH1,POWER,3.65
1765904880375,CH1,POWER,3.65
1765904880379,CH1,POWER,3.65
1765904880385,CH1,POWER,3.65
1765904880389,CH1,POWER,3.65
1765904880393,CH1,POWER,3.65
1765904880399,CH1,POWER,3.65
1765904880405,CH1,POWER,3.65
1765904880409,CH1,POWER,3.65
1765904880415,CH1,POWER,3.65
1765904880419,CH1,POWER,3.65
1765904880424,CH1,POWER,3.65
1765904880451,CH1,POWER,3.65
1765904880457,CH1,POWER,3.65
1765904880461,CH1,POWER,3.65
1765904880465,CH1,POWER,3.65
1765904880470,CH1,POWER,3.65
1765904880477,CH1,POWER,3.65
1765904880481,CH1,POWER,3.65
1765904880487,CH1,POWER,3.65
1765904880491,CH1,POWER,3.65
1765904880499,CH1,POWER,3.65
1765904880504,CH1,POWER,3.65
1765904880511,CH1,POWER,3.65
1765904880517,CH1,POWER,3.65
1765904880521,CH1,POWER,3.65
1765904880527,CH1,POWER,3.65
1765904880531,CH1,POWER,3.65
1765904880536,CH1,POWER,3.65
1765904880540,CH1,POWER,3.65
1765904880547,CH1,POWER,3.65
1765904880551,CH1,POWER,3.65
1765904880559,CH1,POWER,3.65
1765904880563,CH1,POWER,3.65
1765904880568,CH1,POWER,3.65
1765904880573,CH1,POWER,3.65
1765904880581,CH1,POWER,3.65
1765904880587,CH1,POWER,3.65
1765904880591,CH1,POWER,3.65
1765904880599,CH1,POWER,3.65
1765904880605,CH1,POWER,3.65
1765904880611,CH1,POWER,3.65
1765904880615,CH1,POWER,3.65
1765904880621,CH1,POWER,3.65
1765904880625,CH1,POWER,3.65
1765904880630,CH1,POWER,3.65
1765904880634,CH1,POWER,3.65
1765904880640,CH1,POWER,3.65
1765904880646,CH1,POWER,3.65
1765904880650,CH1,POWER,3.65
1765904880656,CH1,POWER,3.65
1765904880660,CH1,POWER,3.65
1765904880667,CH1,POWER,3.65
1765904880671,CH1,POWER,3.65
1765904880677,CH1,POWER,3.65
1765904880681,CH1,POWER,3.65
1765904880687,CH1,POWER,3.65
1765904880691,CH1,POWER,3.65
1765904880695,CH1,POWER,3.65
1765904880701,CH1,POWER,3.65
1765904880705,CH1,POWER,3.65
1765904880711,CH1,POWER,3.65
1765904880715,CH1,POWER,3.65
1765904880720,CH1,POWER,3.65
1765904880727,CH1,POWER,3.65
1765904880731,CH1,POWER,3.65
1765904880737,CH1,POWER,3.65
1765904880741,CH1,POWER,3.65
1765904880745,CH1,POWER,3.65
1765904880751,CH1,POWER,3.65
1765904880757,CH1,POWER,3.65
1765904880761,CH1,POWER,3.65
1765904880765,CH1,POWER,3.65
1765904880770,CH1,POWER,3.65
1765904880777,CH1,POWER,3.65
1765904880781,CH1,POWER,3.65
1765904880787,CH1,POWER,3.65
1765904880791,CH1,POWER,3.65
1765904880799,CH1,POWER,3.65
1765904880804,CH1,POWER,3.65
1765904880832,CH1,POWER,3.60
1765904880837,CH1,POWER,3.60
1765904880842,CH1,POWER,3.60
1765904880847,CH1,POWER,3.60
1765904880852,CH1,POWER,3.60
1765904880859,CH1,POWER,3.60
1765904880864,CH1,POWER,3.60
1765904880869,CH1,POWER,3.60
1765904880873,CH1,POWER,3.60
1765904880879,CH1,POWER,3.60
1765904880883,CH1,POWER,3.60
1765904880887,CH1,POWER,3.60
1765904880893,CH1,POWER,3.60
1765904880899,CH1,POWER,3.60
1765904880903,CH1,POWER,3.60
1765904880907,CH1,POWER,3.60
1765904880912,CH1,POWER,3.60
1765904880919,CH1,POWER,3.60
1765904880923,CH1,POWER,3.60
1765904880929,CH1,POWER,3.60
1765904880933,CH1,POWER,3.60
1765904880937,CH1,POWER,3.60
1765904880943,CH1,POWER,3.60
1765904880949,CH1,POWER,3.60
1765904880953,CH1,POWER,3.60
1765904880959,CH1,POWER,3.60
1765904880963,CH1,POWER,3.60
1765904880967,CH1,POWER,3.60
1765904880973,CH1,POWER,3.60
1765904880981,CH1,POWER,3.60
1765904880986,CH1,POWER,3.60
1765904880993,CH1,POWER,3.60
1765904880997,CH1,POWER,3.60
1765904881002,CH1,POWER,3.60
1765904881007,CH1,POWER,3.60
1765904881013,CH1,POWER,3.60
1765904881019,CH1,POWER,3.60
1765904881023,CH1,POWER,3.60
1765904881029,CH1,POWER,3.60
1765904881033,CH1,POWER,3.60
1765904881037,CH1,POWER,3.60
1765904881042,CH1,POWER,3.60
1765904881047,CH1,POWER,3.60
1765904881053,CH1,POWER,3.60
1765904881059,CH1,POWER,3.60
1765904881063,CH1,POWER,3.60
1765904881067,CH1,POWER,3.60
1765904881072,CH1,POWER,3.60
1765904881076,CH1,POWER,3.60
1765904881080,CH1,POWER,3.60
1765904881084,CH1,POWER,3.60
1765904881091,CH1,POWER,3.60
1765904881096,CH1,POWER,3.60
1765904881102,CH1,POWER,3.60
1765904881107,CH1,POWER,3.60
1765904881112,CH1,POWER,3.60
1765904881117,CH1,POWER,3.60
1765904881123,CH1,POWER,3.60
1765904881127,CH1,POWER,3.60
1765904881133,CH1,POWER,3.60
1765904881137,CH1,POWER,3.60
1765904881143,CH1,POWER,3.60
1765904881149,CH1,POWER,3.60
1765904881153,CH1,POWER,3.60
1765904881159,CH1,POWER,3.60
1765904881163,CH1,POWER,3.60
1765904881167,CH1,POWER,3.60
1765904881173,CH1,POWER,3.60
1765904881177,CH1,POWER,3.60
1765904881183,CH1,POWER,3.60
1765904881189,CH1,POWER,3.60
1765904881193,CH1,POWER,3.60
1765904881197,CH1,POWER,3.30
1765904881224,CH1,POWER,3.30
1765904881228,CH1,POWER,3.30
1765904881235,CH1,POWER,3.30
1765904881239,CH1,POWER,3.30
1765904881244,CH1,POWER,3.30
1765904881251,CH1,POWER,3.30
1765904881255,CH1,POWER,3.30
1765904881259,CH1,POWER,3.30
1765904881264,CH1,POWER,3.30
1765904881268,CH1,POWER,3.30
1765904881272,CH1,POWER,3.30
1765904881276,CH1,POWER,3.30
1765904881281,CH1,POWER,3.30
1765904881285,CH1,POWER,3.30
1765904881289,CH1,POWER,3.30
1765904881294,CH1,POWER,3.30
1765904881299,CH1,POWER,3.30
1765904881305,CH1,POWER,3.30
1765904881309,CH1,POWER,3.30
1765904881314,CH1,POWER,3.30
1765904881321,CH1,POWER,3.30
1765904881325,CH1,POWER,3.30
1765904881331,CH1,POWER,3.30
1765904881335,CH1,POWER,3.30
1765904881339,CH1,POWER,3.30
1765904881344,CH1,POWER,3.30
1765904881349,CH1,POWER,3.30
1765904881354,CH1,POWER,3.30
1765904881359,CH1,POWER,3.30
1765904881365,CH1,POWER,3.30
1765904881369,CH1,POWER,3.30
1765904881374,CH1,POWER,3.30
1765904881381,CH1,POWER,3.30
1765904881385,CH1,POWER,3.30
1765904881391,CH1,POWER,3.30
1765904881395,CH1,POWER,3.30
1765904881403,CH1,POWER,3.30
1765904881407,CH1,POWER,3.30
1765904881413,CH1,POWER,3.30
1765904881418,CH1,POWER,3.30
1765904881422,CH1,POWER,3.30
1765904881426,CH1,POWER,3.30
1765904881431,CH1,POWER,3.30
1765904881435,CH1,POWER,3.30
1765904881441,CH1,POWER,3.30
1765904881445,CH1,POWER,3.30
1765904881451,CH1,POWER,3.30
1765904881455,CH1,POWER,3.30
1765904881463,CH1,POWER,3.30
1765904881468,CH1,POWER,3.30
1765904881472,CH1,POWER,3.30
1765904881477,CH1,POWER,3.30
1765904881483,CH1,POWER,3.30
1765904881488,CH1,POWER,3.30
1765904881495,CH1,POWER,3.30
1765904881503,CH1,POWER,3.30
1765904881508,CH1,POWER,3.30
1765904881515,CH1,POWER,3.30
1765904881521,CH1,POWER,3.30
1765904881525,CH1,POWER,3.30
1765904881531,CH1,POWER,3.30
1765904881535,CH1,POWER,3.30
1765904881539,CH1,POWER,3.30
1765904881545,CH1,POWER,3.30
1765904881549,CH1,POWER,3.30
1765904881554,CH1,POWER,3.30
1765904881559,CH1,POWER,3.30
1765904881564,CH1,POWER,3.30
1765904881569,CH1,POWER,3.30
1765904881575,CH1,POWER,3.30
1765904881581,CH1,POWER,3.30
1765904881585,CH1,POWER,3.30
1765904881589,CH1,POWER,3.30
1765904881617,CH1,POWER,3.70
1765904881623,CH1,POWER,3.70
1765904881627,CH1,POWER,3.70
1765904881631,CH1,POWER,3.70
1765904881636,CH1,POWER,3.70
1765904881640,CH1,POWER,3.70
1765904881647,CH1,POWER,3.70
1765904881653,CH1,POWER,3.70
1765904881657,CH1,POWER,3.70
1765904881663,CH1,POWER,3.70
1765904881667,CH1,POWER,3.70
1765904881671,CH1,POWER,3.70
1765904881677,CH1,POWER,3.70
1765904881683,CH1,POWER,3.70
1765904881687,CH1,POWER,3.70
1765904881691,CH1,POWER,3.70
1765904881696,CH1,POWER,3.70
1765904881701,CH1,POWER,3.70
1765904881707,CH1,POWER,3.70
1765904881711,CH1,POWER,3.70
1765904881716,CH1,POWER,3.70
1765904881723,CH1,POWER,3.70
1765904881727,CH1,POWER,3.70
1765904881733,CH1,POWER,3.70
1765904881737,CH1,POWER,3.70
1765904881741,CH1,POWER,3.70
1765904881746,CH1,POWER,3.70
1765904881753,CH1,POWER,3.70
1765904881757,CH1,POWER,3.70
1765904881763,CH1,POWER,3.70
1765904881767,CH1,POWER,3.70
1765904881771,CH1,POWER,3.70
1765904881777,CH1,POWER,3.70
1765904881781,CH1,POWER,3.70
1765904881787,CH1,POWER,3.70
1765904881791,CH1,POWER,3.70
1765904881797,CH1,POWER,3.70
1765904881801,CH1,POWER,3.70
1765904881806,CH1,POWER,3.70
1765904881810,CH1,POWER,3.70
1765904881816,CH1,POWER,3.70
1765904881820,CH1,POWER,3.70
1765904881824,CH1,POWER,3.70
1765904881830,CH1,POWER,3.70
1765904881837,CH1,POWER,3.70
1765904881843,CH1,POWER,3.70
1765904881847,CH1,POWER,3.70
1765904881855,CH1,POWER,3.70
1765904881860,CH1,POWER,3.70
1765904881867,CH1,POWER,3.70
1765904881871,CH1,POWER,3.70
1765904881876,CH1,POWER,3.70
1765904881883,CH1,POWER,3.70
1765904881887,CH1,POWER,3.70
1765904881891,CH1,POWER,3.70
1765904881897,CH1,POWER,3.70
1765904881903,CH1,POWER,3.70
1765904881907,CH1,POWER,3.70
1765904881911,CH1,POWER,3.70
1765904881917,CH1,POWER,3.70
1765904881923,CH1,POWER,3.70
1765904881927,CH1,POWER,3.70
1765904881933,CH1,POWER,3.70
1765904881937,CH1,POWER,3.70
1765904881941,CH1,POWER,3.70
1765904881946,CH1,POWER,3.70
1765904881950,CH1,POWER,3.70
1765904881957,CH1,POWER,3.70
1765904881961,CH1,POWER,3.70
1765904881966,CH1,POWER,3.70
1765904881973,CH1,POWER,3.70
1765904881977,CH1,POWER,3.70
1765904881982,CH1,POWER,3.70
1765904882009,CH1,POWER,3.70
1765904882015,CH1,POWER,3.70
1765904882019,CH1,POWER,3.70
1765904882023,CH1,POWER,3.70
1765904882029,CH1,POWER,3.70
1765904882035,CH1,POWER,3.70
1765904882039,CH1,POWER,3.70
1765904882045,CH1,POWER,3.70
1765904882049,CH1,POWER,3.70
1765904882053,CH1,POWER,3.70
1765904882059,CH1,POWER,3.70
1765904882065,CH1,POWER,3.70
1765904882069,CH1,POWER,3.70
1765904882075,CH1,POWER,3.70
1765904882079,CH1,POWER,3.70
1765904882083,CH1,POWER,3.70
1765904882089,CH1,POWER,3.70
1765904882095,CH1,POWER,3.70
1765904882099,CH1,POWER,3.70
1765904882103,CH1,POWER,3.70
1765904882109,CH1,POWER,3.70
1765904882115,CH1,POWER,3.70
1765904882119,CH1,POWER,3.70
1765904882125,CH1,POWER,3.70
1765904882129,CH1,POWER,3.70
1765904882133,CH1,POWER,3.70
1765904882138,CH1,POWER,3.70
1765904882142,CH1,POWER,3.70
1765904882146,CH1,POWER,3.70
1765904882150,CH1,POWER,3.70
1765904882155,CH1,POWER,3.70
1765904882159,CH1,POWER,3.70
1765904882163,CH1,POWER,3.70
1765904882169,CH1,POWER,3.70
1765904882173,CH1,POWER,3.70
1765904882179,CH1,POWER,3.70
1765904882183,CH1,POWER,3.70
1765904882189,CH1,POWER,3.70
1765904882193,CH1,POWER,3.70
1765904882199,CH1,POWER,3.70
1765904882203,CH1,POWER,3.70
1765904882209,CH1,POWER,3.70
1765904882215,CH1,POWER,3.70
1765904882219,CH1,POWER,3.70
1765904882223,CH1,POWER,3.70
1765904882229,CH1,POWER,3.70
1765904882235,CH1,POWER,3.70
1765904882239,CH1,POWER,3.70
1765904882247,CH1,POWER,3.70
1765904882251,CH1,POWER,3.70
1765904882256,CH1,POWER,3.70
1765904882260,CH1,POWER,3.70
1765904882267,CH1,POWER,3.70
1765904882272,CH1,POWER,3.70
1765904882278,CH1,POWER,3.70
1765904882283,CH1,POWER,3.70
1765904882289,CH1,POWER,3.70
1765904882293,CH1,POWER,3.70
1765904882299,CH1,POWER,3.70
1765904882305,CH1,POWER,3.70
1765904882309,CH1,POWER,3.70
1765904882313,CH1,POWER,3.70
1765904882318,CH1,POWER,3.70
1765904882323,CH1,POWER,3.70
1765904882329,CH1,POWER,3.70
1765904882333,CH1,POWER,3.70
1765904882338,CH1,POWER,3.70
1765904882344,CH1,POWER,3.70
1765904882349,CH1,POWER,3.70
1765904882355,CH1,POWER,3.70
1765904882359,CH1,POWER,3.70
1765904882367,CH1,POWER,3.70
1765904882372,CH1,POWER,3.70
1765904882400,CH1,POWER,3.70
1765904882405,CH1,POWER,3.70
1765904882410,CH1,POWER,3.70
1765904882414,CH1,POWER,3.70
1765904882418,CH1,POWER,3.70
1765904882422,CH1,POWER,3.70
1765904882429,CH1,POWER,3.70
1765904882434,CH1,POWER,3.70
1765904882441,CH1,POWER,3.70
1765904882445,CH1,POWER,3.70
1765904882450,CH1,POWER,3.70
1765904882454,CH1,POWER,3.70
1765904882460,CH1,POWER,3.70
1765904882465,CH1,POWER,3.70
1765904882471,CH1,POWER,3.70
1765904882477,CH1,POWER,3.70
1765904882481,CH1,POWER,3.70
1765904882487,CH1,POWER,3.70
1765904882491,CH1,POWER,3.70
1765904882499,CH1,POWER,3.70
1765904882504,CH1,POWER,3.70
1765904882511,CH1,POWER,3.70
1765904882517,CH1,POWER,3.70
1765904882521,CH1,POWER,3.70
1765904882527,CH1,POWER,3.70
1765904882531,CH1,POWER,3.70
1765904882535,CH1,POWER,3.70
1765904882541,CH1,POWER,3.70
1765904882545,CH1,POWER,3.70
1765904882550,CH1,POWER,3.70
1765904882554,CH1,POWER,3.70
1765904882558,CH1,POWER,3.70
1765904882564,CH1,POWER,3.70
1765904882568,CH1,POWER,3.70
1765904882573,CH1,POWER,3.70
1765904882579,CH1,POWER,3.70
1765904882583,CH1,POWER,3.70
1765904882589,CH1,POWER,3.70
1765904882594,CH1,POWER,3.70
1765904882601,CH1,POWER,3.70
1765904882607,CH1,POWER,3.70
1765904882611,CH1,POWER,3.70
1765904882617,CH1,POWER,3.70
1765904882621,CH1,POWER,3.70
1765904882629,CH1,POWER,3.70
1765904882635,CH1,POWER,3.70
1765904882640,CH1,POWER,3.70
1765904882644,CH1,POWER,3.70
1765904882648,CH1,POWER,3.70
1765904882654,CH1,POWER,3.70
1765904882658,CH1,POWER,3.70
1765904882663,CH1,POWER,3.70
1765904882668,CH1,POWER,3.70
1765904882673,CH1,POWER,3.70
1765904882678,CH1,POWER,3.70
1765904882682,CH1,POWER,3.70
1765904882689,CH1,POWER,3.70
1765904882694,CH1,POWER,3.70
1765904882700,CH1,POWER,3.70
1765904882707,CH1,POWER,3.70
1765904882711,CH1,POWER,3.70
1765904882717,CH1,POWER,3.70
1765904882721,CH1,POWER,3.70
1765904882725,CH1,POWER,3.70
1765904882731,CH1,POWER,3.70
1765904882736,CH1,POWER,3.70
1765904882741,CH1,POWER,3.70
1765904882745,CH1,POWER,3.70
1765904882751,CH1,POWER,3.70
1765904882757,CH1,POWER,3.70
1765904882761,CH1,POWER,3.70
1765904882764,CH1,POWER,3.70
1765904882790,CH1,POWER,3.70
1765904882795,CH1,POWER,3.70
1765904882800,CH1,POWER,3.70
1765904882804,CH1,POWER,3.70
1765904882809,CH1,POWER,3.70
1765904882813,CH1,POWER,3.70
1765904882821,CH1,POWER,3.70
1765904882826,CH1,POWER,3.70
1765904882833,CH1,POWER,3.70
1765904882839,CH1,POWER,3.70
1765904882843,CH1,POWER,3.70
1765904882847,CH1,POWER,3.70
1765904882853,CH1,POWER,3.70
1765904882859,CH1,POWER,3.70
1765904882863,CH1,POWER,3.70
1765904882869,CH1,POWER,3.70
1765904882873,CH1,POWER,3.70
1765904882877,CH1,POWER,3.70
1765904882883,CH1,POWER,3.70
1765904882887,CH1,POWER,3.70
1765904882893,CH1,POWER,3.70
1765904882899,CH1,POWER,3.70
1765904882903,CH1,POWER,3.70
1765904882907,CH1,POWER,3.70
1765904882913,CH1,POWER,3.70
1765904882919,CH1,POWER,3.70
1765904882923,CH1,POWER,3.70
1765904882927,CH1,POWER,3.70
1765904882933,CH1,POWER,3.70
1765904882939,CH1,POWER,3.70
1765904882943,CH1,POWER,3.70
1765904882949,CH1,POWER,3.70
1765904882953,CH1,POWER,3.70
1765904882957,CH1,POWER,3.70
1765904882963,CH1,POWER,3.70
1765904882969,CH1,POWER,3.70
1765904882973,CH1,POWER,3.70
1765904882979,CH1,POWER,3.70
1765904882983,CH1,POWER,3.70
1765904882987,CH1,POWER,3.70
1765904882992,CH1,POWER,3.70
1765904882997,CH1,POWER,3.70
1765904883002,CH1,POWER,3.70
1765904883006,CH1,POWER,3.70
1765904883012,CH1,POWER,3.70
1765904883017,CH1,POWER,3.70
1765904883023,CH1,POWER,3.70
1765904883029,CH1,POWER,3.70
1765904883033,CH1,POWER,3.70
1765904883039,CH1,POWER,3.70
1765904883043,CH1,POWER,3.70
1765904883049,CH1,POWER,3.70
1765904883053,CH1,POWER,3.70
1765904883057,CH1,POWER,3.70
1765904883062,CH1,POWER,3.70
1765904883066,CH1,POWER,3.70
1765904883073,CH1,POWER,3.70
1765904883079,CH1,POWER,3.70
1765904883083,CH1,POWER,3.70
1765904883089,CH1,POWER,3.70
1765904883093,CH1,POWER,3.70
1765904883097,CH1,POWER,3.70
1765904883103,CH1,POWER,3.70
1765904883108,CH1,POWER,3.70
1765904883113,CH1,POWER,3.70
1765904883117,CH1,POWER,3.70
1765904883123,CH1,POWER,3.70
1765904883127,CH1,POWER,3.70
1765904883133,CH1,POWER,3.70
1765904883141,CH1,POWER,3.70
1765904883146,CH1,POWER,3.70
1765904883172,CH1,POWER,3.60
1765904883176,CH1,POWER,3.60
1765904883183,CH1,POWER,3.60
1765904883187,CH1,POWER,3.60
1765904883192,CH1,POWER,3.60
1765904883197,CH1,POWER,3.60
1765904883205,CH1,POWER,3.60
1765904883211,CH1,POWER,3.60
1765904883215,CH1,POWER,3.60
1765904883221,CH1,POWER,3.60
1765904883225,CH1,POWER,3.60
1765904883229,CH1,POWER,3.60
1765904883235,CH1,POWER,3.60
1765904883239,CH1,POWER,3.60
1765904883245,CH1,POWER,3.60
1765904883251,CH1,POWER,3.60
1765904883255,CH1,POWER,3.60
1765904883263,CH1,POWER,3.60
1765904883269,CH1,POWER,3.60
1765904883274,CH1,POWER,3.60
1765904883278,CH1,POWER,3.60
1765904883285,CH1,POWER,3.60
1765904883293,CH1,POWER,3.60
1765904883298,CH1,POWER,3.60
1765904883302,CH1,POWER,3.60
1765904883307,CH1,POWER,3.60
1765904883313,CH1,POWER,3.60
1765904883318,CH1,POWER,3.60
1765904883325,CH1,POWER,3.60
1765904883333,CH1,POWER,3.60
1765904883338,CH1,POWER,3.60
1765904883345,CH1,POWER,3.60
1765904883351,CH1,POWER,3.60
1765904883355,CH1,POWER,3.60
1765904883361,CH1,POWER,3.60
1765904883365,CH1,POWER,3.60
1765904883371,CH1,POWER,3.60
1765904883375,CH1,POWER,3.60
1765904883379,CH1,POWER,3.60
1765904883384,CH1,POWER,3.60
1765904883388,CH1,POWER,3.60
1765904883394,CH1,POWER,3.60
1765904883399,CH1,POWER,3.60
1765904883405,CH1,POWER,3.60
1765904883411,CH1,POWER,3.60
1765904883415,CH1,POWER,3.60
1765904883420,CH1,POWER,3.60
1765904883425,CH1,POWER,3.60
1765904883431,CH1,POWER,3.60
1765904883435,CH1,POWER,3.60
1765904883441,CH1,POWER,3.60
1765904883445,CH1,POWER,3.60
1765904883451,CH1,POWER,3.60
1765904883455,CH1,POWER,3.60
1765904883459,CH1,POWER,3.60
1765904883464,CH1,POWER,3.60
1765904883469,CH1,POWER,3.60
1765904883475,CH1,POWER,3.60
1765904883480,CH1,POWER,3.60
1765904883485,CH1,POWER,3.60
1765904883489,CH1,POWER,3.60
1765904883495,CH1,POWER,3.60
1765904883501,CH1,POWER,3.60
1765904883505,CH1,POWER,3.60
1765904883511,CH1,POWER,3.60
1765904883515,CH1,POWER,3.60
1765904883523,CH1,POWER,3.60
1765904883529,CH1,POWER,3.30
1765904883556,CH1,POWER,3.30
1765904883561,CH1,POWER,3.30
1765904883566,CH1,POWER,3.30
1765904883570,CH1,POWER,3.30
1765904883576,CH1,POWER,3.30
1765904883581,CH1,POWER,3.30
1765904883587,CH1,POWER,3.30
1765904883593,CH1,POWER,3.30
1765904883597,CH1,POWER,3.30
1765904883603,CH1,POWER,3.30
1765904883607,CH1,POWER,3.30
1765904883613,CH1,POWER,3.30
1765904883617,CH1,POWER,3.30
1765904883622,CH1,POWER,3.30
1765904883627,CH1,POWER,3.30
1765904883633,CH1,POWER,3.30
1765904883637,CH1,POWER,3.30
1765904883645,CH1,POWER,3.30
1765904883650,CH1,POWER,3.30
1765904883657,CH1,POWER,3.30
1765904883663,CH1,POWER,3.30
1765904883667,CH1,POWER,3.30
1765904883673,CH1,POWER,3.30
1765904883677,CH1,POWER,3.30
1765904883683,CH1,POWER,3.30
1765904883687,CH1,POWER,3.30
1765904883691,CH1,POWER,3.30
1765904883696,CH1,POWER,3.30
1765904883703,CH1,POWER,3.30
1765904883707,CH1,POWER,3.30
1765904883715,CH1,POWER,3.30
1765904883720,CH1,POWER,3.30
1765904883727,CH1,POWER,3.30
1765904883733,CH1,POWER,3.30
1765904883737,CH1,POWER,3.30
1765904883743,CH1,POWER,3.30
1765904883748,CH1,POWER,3.30
1765904883754,CH1,POWER,3.30
1765904883759,CH1,POWER,3.30
1765904883767,CH1,POWER,3.30
1765904883775,CH1,POWER,3.30
1765904883780,CH1,POWER,3.30
1765904883787,CH1,POWER,3.30
1765904883793,CH1,POWER,3.30
1765904883797,CH1,POWER,3.30
1765904883803,CH1,POWER,3.30
1765904883807,CH1,POWER,3.30
1765904883811,CH1,POWER,3.30
1765904883816,CH1,POWER,3.30
1765904883821,CH1,POWER,3.30
1765904883826,CH1,POWER,3.30
1765904883830,CH1,POWER,3.30
1765904883837,CH1,POWER,3.30
1765904883845,CH1,POWER,3.30
1765904883850,CH1,POWER,3.30
1765904883857,CH1,POWER,3.30
1765904883863,CH1,POWER,3.30
1765904883867,CH1,POWER,3.30
1765904883875,CH1,POWER,3.30
1765904883880,CH1,POWER,3.30
1765904883887,CH1,POWER,3.30
1765904883893,CH1,POWER,3.30
1765904883897,CH1,POWER,3.30
1765904883903,CH1,POWER,3.30
1765904883907,CH1,POWER,3.30
1765904883912,CH1,POWER,3.70
1765904883939,CH1,POWER,3.70
1765904883945,CH1,POWER,3.70
1765904883949,CH1,POWER,3.70
1765904883955,CH1,POWER,3.70
1765904883959,CH1,POWER,3.70
1765904883964,CH1,POWER,3.70
1765904883969,CH1,POWER,3.70
1765904883975,CH1,POWER,3.70
1765904883979,CH1,POWER,3.70
1765904883985,CH1,POWER,3.70
1765904883989,CH1,POWER,3.70
1765904883994,CH1,POWER,3.70
1765904883999,CH1,POWER,3.70
1765904884005,CH1,POWER,3.70
1765904884009,CH1,POWER,3.70
1765904884014,CH1,POWER,3.70
1765904884019,CH1,POWER,3.70
1765904884025,CH1,POWER,3.70
1765904884029,CH1,POWER,3.70
1765904884035,CH1,POWER,3.70
1765904884039,CH1,POWER,3.70
1765904884045,CH1,POWER,3.70
1765904884049,CH1,POWER,3.70
1765904884055,CH1,POWER,3.70
1765904884059,CH1,POWER,3.70
1765904884065,CH1,POWER,3.70
1765904884069,CH1,POWER,3.70
1765904884077,CH1,POWER,3.70
1765904884082,CH1,POWER,3.70
1765904884089,CH1,POWER,3.70
1765904884095,CH1,POWER,3.70
1765904884099,CH1,POWER,3.70
1765904884105,CH1,POWER,3.70
1765904884109,CH1,POWER,3.70
1765904884114,CH1,POWER,3.70
1765904884119,CH1,POWER,3.70
1765904884124,CH1,POWER,3.70
1765904884129,CH1,POWER,3.70
1765904884137,CH1,POWER,3.70
1765904884142,CH1,POWER,3.70
1765904884149,CH1,POWER,3.70
1765904884155,CH1,POWER,3.70
1765904884159,CH1,POWER,3.70
1765904884163,CH1,POWER,3.70
1765904884168,CH1,POWER,3.70
1765904884173,CH1,POWER,3.70
1765904884179,CH1,POWER,3.70
1765904884185,CH1,POWER,3.70
1765904884189,CH1,POWER,3.70
1765904884195,CH1,POWER,3.70
1765904884199,CH1,POWER,3.70
1765904884207,CH1,POWER,3.70
1765904884212,CH1,POWER,3.70
1765904884219,CH1,POWER,3.70
1765904884224,CH1,POWER,3.70
1765904884229,CH1,POWER,3.70
1765904884237,CH1,POWER,3.70
1765904884243,CH1,POWER,3.70
1765904884248,CH1,POWER,3.70
1765904884255,CH1,POWER,3.70
1765904884259,CH1,POWER,3.70
1765904884265,CH1,POWER,3.70
1765904884269,CH1,POWER,3.70
1765904884275,CH1,POWER,3.70
1765904884279,CH1,POWER,3.70
1765904884285,CH1,POWER,3.70
1765904884289,CH1,POWER,3.70
1765904884297,CH1,POWER,3.70
1765904884301,CH1,POWER,3.60
1765904884303,CH1,POWER,3.60
1765904884331,CH1,POWER,3.60
1765904884337,CH1,POWER,3.60
1765904884341,CH1,POWER,3.60
1765904884347,CH1,POWER,3.60
1765904884351,CH1,POWER,3.60
1765904884357,CH1,POWER,3.60
1765904884361,CH1,POWER,3.60
1765904884366,CH1,POWER,3.60
1765904884371,CH1,POWER,3.60
1765904884379,CH1,POWER,3.60
1765904884384,CH1,POWER,3.60
1765904884390,CH1,POWER,3.60
1765904884395,CH1,POWER,3.60
1765904884401,CH1,POWER,3.60
1765904884409,CH1,POWER,3.60
1765904884414,CH1,POWER,3.60
1765904884421,CH1,POWER,3.60
1765904884427,CH1,POWER,3.60
1765904884431,CH1,POWER,3.60
1765904884437,CH1,POWER,3.60
1765904884441,CH1,POWER,3.60
1765904884446,CH1,POWER,3.60
1765904884451,CH1,POWER,3.60
1765904884456,CH1,POWER,3.60
1765904884461,CH1,POWER,3.60
1765904884469,CH1,POWER,3.60
1765904884474,CH1,POWER,3.60
1765904884481,CH1,POWER,3.60
1765904884487,CH1,POWER,3.60
1765904884491,CH1,POWER,3.60
1765904884497,CH1,POWER,3.60
1765904884501,CH1,POWER,3.60
1765904884506,CH1,POWER,3.60
1765904884511,CH1,POWER,3.60
1765904884517,CH1,POWER,3.60
1765904884521,CH1,POWER,3.60
1765904884527,CH1,POWER,3.60
1765904884531,CH1,POWER,3.60
1765904884537,CH1,POWER,3.60
1765904884541,CH1,POWER,3.60
1765904884546,CH1,POWER,3.60
1765904884551,CH1,POWER,3.60
1765904884557,CH1,POWER,3.60
1765904884561,CH1,POWER,3.60
1765904884567,CH1,POWER,3.60
1765904884571,CH1,POWER,3.60
1765904884577,CH1,POWER,3.60
1765904884581,CH1,POWER,3.60
1765904884586,CH1,POWER,3.60
1765904884591,CH1,POWER,3.60
1765904884597,CH1,POWER,3.60
1765904884601,CH1,POWER,3.60
1765904884607,CH1,POWER,3.60
1765904884611,CH1,POWER,3.60
1765904884617,CH1,POWER,3.60
1765904884621,CH1,POWER,3.60
1765904884626,CH1,POWER,3.60
1765904884631,CH1,POWER,3.60
1765904884637,CH1,POWER,3.60
1765904884641,CH1,POWER,3.60
1765904884647,CH1,POWER,3.60
1765904884651,CH1,POWER,3.60
1765904884657,CH1,POWER,3.60
1765904884661,CH1,POWER,3.60
1765904884666,CH1,POWER,3.60
1765904884671,CH1,POWER,3.60
1765904884679,CH1,POWER,3.60
1765904884684,CH1,POWER,3.60
1765904884690,CH1,POWER,3.60
1765904884694,CH1,POWER,3.30
1765904884722,CH1,POWER,3.30
1765904884727,CH1,POWER,3.30
1765904884732,CH1,POWER,3.30
1765904884739,CH1,POWER,3.30
1765904884743,CH1,POWER,3.30
1765904884748,CH1,POWER,3.30
1765904884753,CH1,POWER,3.30
1765904884761,CH1,POWER,3.30
1765904884766,CH1,POWER,3.30
1765904884772,CH1,POWER,3.30
1765904884777,CH1,POWER,3.30
1765904884783,CH1,POWER,3.30
1765904884789,CH1,POWER,3.30
1765904884793,CH1,POWER,3.30
1765904884798,CH1,POWER,3.30
1765904884803,CH1,POWER,3.30
1765904884811,CH1,POWER,3.30
1765904884816,CH1,POWER,3.30
1765904884822,CH1,POWER,3.30
1765904884827,CH1,POWER,3.30
1765904884833,CH1,POWER,3.30
1765904884839,CH1,POWER,3.30
1765904884843,CH1,POWER,3.30
1765904884849,CH1,POWER,3.30
1765904884853,CH1,POWER,3.30
1765904884859,CH1,POWER,3.30
1765904884863,CH1,POWER,3.30
1765904884869,CH1,POWER,3.30
1765904884873,CH1,POWER,3.30
1765904884879,CH1,POWER,3.30
1765904884883,CH1,POWER,3.30
1765904884891,CH1,POWER,3.30
1765904884897,CH1,POWER,3.30
1765904884902,CH1,POWER,3.30
1765904884909,CH1,POWER,3.30
1765904884913,CH1,POWER,3.30
1765904884921,CH1,POWER,3.30
1765904884926,CH1,POWER,3.30
1765904884933,CH1,POWER,3.30
1765904884938,CH1,POWER,3.30
1765904884943,CH1,POWER,3.30
1765904884948,CH1,POWER,3.30
1765904884953,CH1,POWER,3.30
1765904884961,CH1,POWER,3.30
1765904884966,CH1,POWER,3.30
1765904884973,CH1,POWER,3.30
1765904884978,CH1,POWER,3.30
1765904884983,CH1,POWER,3.30
1765904884988,CH1,POWER,3.30
1765904884993,CH1,POWER,3.30
1765904884999,CH1,POWER,3.30
1765904885003,CH1,POWER,3.30
1765904885009,CH1,POWER,3.30
1765904885013,CH1,POWER,3.30
1765904885021,CH1,POWER,3.30
1765904885026,CH1,POWER,3.30
1765904885033,CH1,POWER,3.30
1765904885039,CH1,POWER,3.30
1765904885043,CH1,POWER,3.30
1765904885049,CH1,POWER,3.30
1765904885053,CH1,POWER,3.30
1765904885058,CH1,POWER,3.30
1765904885063,CH1,POWER,3.30
1765904885069,CH1,POWER,3.30
1765904885073,CH1,POWER,3.30
1765904885078,CH1,POWER,3.55
1765904885105,CH1,POWER,3.55
1765904885110,CH1,POWER,3.55
1765904885115,CH1,POWER,3.55
1765904885121,CH1,POWER,3.55
1765904885125,CH1,POWER,3.55
1765904885131,CH1,POWER,3.55
1765904885135,CH1,POWER,3.55
1765904885139,CH1,POWER,3.55
1765904885144,CH1,POWER,3.55
1765904885149,CH1,POWER,3.55
1765904885154,CH1,POWER,3.55
1765904885158,CH1,POWER,3.55
1765904885165,CH1,POWER,3.55
1765904885169,CH1,POWER,3.55
1765904885174,CH1,POWER,3.55
1765904885179,CH1,POWER,3.55
1765904885185,CH1,POWER,3.55
1765904885191,CH1,POWER,3.55
1765904885195,CH1,POWER,3.55
1765904885201,CH1,POWER,3.55
1765904885205,CH1,POWER,3.55
1765904885210,CH1,POWER,3.55
1765904885215,CH1,POWER,3.55
1765904885221,CH1,POWER,3.55
1765904885225,CH1,POWER,3.55
1765904885229,CH1,POWER,3.55
1765904885235,CH1,POWER,3.55
1765904885240,CH1,POWER,3.55
1765904885245,CH1,POWER,3.55
1765904885250,CH1,POWER,3.55
1765904885255,CH1,POWER,3.55
1765904885261,CH1,POWER,3.55
1765904885265,CH1,POWER,3.55
1765904885273,CH1,POWER,3.55
1765904885278,CH1,POWER,3.55
1765904885285,CH1,POWER,3.55
1765904885291,CH1,POWER,3.55
1765904885295,CH1,POWER,3.55
1765904885301,CH1,POWER,3.55
1765904885305,CH1,POWER,3.55
1765904885310,CH1,POWER,3.55
1765904885315,CH1,POWER,3.55
1765904885321,CH1,POWER,3.55
1765904885325,CH1,POWER,3.55
1765904885331,CH1,POWER,3.55
1765904885335,CH1,POWER,3.55
1765904885340,CH1,POWER,3.55
1765904885345,CH1,POWER,3.55
1765904885350,CH1,POWER,3.55
1765904885355,CH1,POWER,3.55
1765904885360,CH1,POWER,3.55
1765904885365,CH1,POWER,3.55
1765904885369,CH1,POWER,3.55
1765904885375,CH1,POWER,3.55
1765904885381,CH1,POWER,3.55
1765904885385,CH1,POWER,3.55
1765904885391,CH1,POWER,3.55
1765904885395,CH1,POWER,3.55
1765904885400,CH1,POWER,3.55
1765904885405,CH1,POWER,3.55
1765904885411,CH1,POWER,3.55
1765904885415,CH1,POWER,3.55
1765904885423,CH1,POWER,3.55
1765904885428,CH1,POWER,3.55
1765904885435,CH1,POWER,3.55
1765904885441,CH1,POWER,3.55
1765904885445,CH1,POWER,3.55
1765904885451,CH1,POWER,3.55
1765904885455,CH1,POWER,3.55
1765904885460,CH1,POWER,3.55
1765904885465,CH1,POWER,3.55
1765904885468,CH1,POWER,3.60
1765904885494,CH1,POWER,3.60
1765904885499,CH1,POWER,3.60
1765904885504,CH1,POWER,3.60
1765904885510,CH1,POWER,3.60
1765904885517,CH1,POWER,3.60
1765904885522,CH1,POWER,3.60
1765904885527,CH1,POWER,3.60
1765904885532,CH1,POWER,3.60
1765904885537,CH1,POWER,3.60
1765904885543,CH1,POWER,3.60
1765904885547,CH1,POWER,3.60
1765904885553,CH1,POWER,3.60
1765904885557,CH1,POWER,3.60
1765904885565,CH1,POWER,3.60
1765904885571,CH1,POWER,3.60
1765904885576,CH1,POWER,3.60
1765904885583,CH1,POWER,3.60
1765904885587,CH1,POWER,3.60
1765904885595,CH1,POWER,3.60
1765904885600,CH1,POWER,3.60
1765904885606,CH1,POWER,3.60
1765904885611,CH1,POWER,3.60
1765904885617,CH1,POWER,3.60
1765904885623,CH1,POWER,3.60
1765904885627,CH1,POWER,3.60
1765904885632,CH1,POWER,3.60
1765904885637,CH1,POWER,3.60
1765904885645,CH1,POWER,3.60
1765904885650,CH1,POWER,3.60
1765904885657,CH1,POWER,3.60
1765904885662,CH1,POWER,3.60
1765904885667,CH1,POWER,3.60
1765904885675,CH1,POWER,3.60
1765904885681,CH1,POWER,3.60
1765904885686,CH1,POWER,3.60
1765904885693,CH1,POWER,3.60
1765904885697,CH1,POWER,3.60
1765904885705,CH1,POWER,3.60
1765904885710,CH1,POWER,3.60
1765904885717,CH1,POWER,3.60
1765904885725,CH1,POWER,3.60
1765904885730,CH1,POWER,3.60
1765904885737,CH1,POWER,3.60
1765904885743,CH1,POWER,3.60
1765904885747,CH1,POWER,3.60
1765904885753,CH1,POWER,3.60
1765904885757,CH1,POWER,3.60
1765904885762,CH1,POWER,3.60
1765904885767,CH1,POWER,3.60
1765904885773,CH1,POWER,3.60
1765904885777,CH1,POWER,3.60
1765904885783,CH1,POWER,3.60
1765904885787,CH1,POWER,3.60
1765904885793,CH1,POWER,3.60
1765904885797,CH1,POWER,3.60
1765904885802,CH1,POWER,3.60
1765904885807,CH1,POWER,3.60
1765904885815,CH1,POWER,3.60
1765904885820,CH1,POWER,3.60
1765904885827,CH1,POWER,3.60
1765904885833,CH1,POWER,3.60
1765904885837,CH1,POWER,3.60
1765904885842,CH1,POWER,3.60
1765904885847,CH1,POWER,3.60
1765904885849,CH1,POWER,3.65
1765904885876,CH1,POWER,3.65
1765904885881,CH1,POWER,3.65
1765904885886,CH1,POWER,3.65
1765904885892,CH1,POWER,3.65
1765904885899,CH1,POWER,3.65
1765904885905,CH1,POWER,3.65
1765904885909,CH1,POWER,3.65
1765904885914,CH1,POWER,3.65
1765904885919,CH1,POWER,3.65
1765904885925,CH1,POWER,3.65
1765904885929,CH1,POWER,3.65
1765904885937,CH1,POWER,3.65
1765904885942,CH1,POWER,3.65
1765904885948,CH1,POWER,3.65
1765904885955,CH1,POWER,3.65
1765904885959,CH1,POWER,3.65
1765904885964,CH1,POWER,3.65
1765904885969,CH1,POWER,3.65
1765904885975,CH1,POWER,3.65
1765904885979,CH1,POWER,3.65
1765904885984,CH1,POWER,3.65
1765904885989,CH1,POWER,3.65
1765904885997,CH1,POWER,3.65
1765904886002,CH1,POWER,3.65
1765904886009,CH1,POWER,3.65
1765904886015,CH1,POWER,3.65
1765904886019,CH1,POWER,3.65
1765904886025,CH1,POWER,3.65
1765904886029,CH1,POWER,3.65
1765904886034,CH1,POWER,3.65
1765904886039,CH1,POWER,3.65
1765904886045,CH1,POWER,3.65
1765904886049,CH1,POWER,3.65
1765904886055,CH1,POWER,3.65
1765904886059,CH1,POWER,3.65
1765904886064,CH1,POWER,3.65
1765904886069,CH1,POWER,3.65
1765904886075,CH1,POWER,3.65
1765904886079,CH1,POWER,3.65
1765904886085,CH1,POWER,3.65
1765904886089,CH1,POWER,3.65
1765904886094,CH1,POWER,3.65
1765904886099,CH1,POWER,3.65
1765904886105,CH1,POWER,3.65
1765904886109,CH1,POWER,3.65
1765904886114,CH1,POWER,3.65
1765904886119,CH1,POWER,3.65
1765904886127,CH1,POWER,3.65
1765904886132,CH1,POWER,3.65
1765904886139,CH1,POWER,3.65
1765904886145,CH1,POWER,3.65
1765904886149,CH1,POWER,3.65
1765904886157,CH1,POWER,3.65
1765904886162,CH1,POWER,3.65
1765904886169,CH1,POWER,3.65
1765904886174,CH1,POWER,3.65
1765904886179,CH1,POWER,3.65
1765904886185,CH1,POWER,3.65
1765904886189,CH1,POWER,3.65
1765904886194,CH1,POWER,3.65
1765904886199,CH1,POWER,3.65
1765904886205,CH1,POWER,3.65
1765904886209,CH1,POWER,3.65
1765904886213,CH1,POWER,3.65
1765904886218,CH1,POWER,3.65
1765904886223,CH1,POWER,3.65
1765904886229,CH1,POWER,3.65
1765904886235,CH1,POWER,3.65
1765904886239,CH1,POWER,3.65
1765904886242,CH1,POWER,3.55
1765904886268,CH1,POWER,3.55
1765904886273,CH1,POWER,3.55
1765904886278,CH1,POWER,3.55
1765904886283,CH1,POWER,3.55
1765904886288,CH1,POWER,3.55
1765904886293,CH1,POWER,3.55
1765904886301,CH1,POWER,3.55
1765904886305,CH1,POWER,3.55
1765904886311,CH1,POWER,3.55
1765904886319,CH1,POWER,3.55
1765904886324,CH1,POWER,3.55
1765904886330,CH1,POWER,3.55
1765904886335,CH1,POWER,3.55
1765904886340,CH1,POWER,3.55
1765904886345,CH1,POWER,3.55
1765904886351,CH1,POWER,3.55
1765904886357,CH1,POWER,3.55
1765904886361,CH1,POWER,3.55
1765904886367,CH1,POWER,3.55
1765904886371,CH1,POWER,3.55
1765904886376,CH1,POWER,3.55
1765904886381,CH1,POWER,3.55
1765904886386,CH1,POWER,3.55
1765904886391,CH1,POWER,3.55
1765904886396,CH1,POWER,3.55
1765904886401,CH1,POWER,3.55
1765904886409,CH1,POWER,3.55
1765904886414,CH1,POWER,3.55
1765904886420,CH1,POWER,3.55
1765904886425,CH1,POWER,3.55
1765904886430,CH1,POWER,3.55
1765904886435,CH1,POWER,3.55
1765904886441,CH1,POWER,3.55
1765904886449,CH1,POWER,3.55
1765904886453,CH1,POWER,3.55
1765904886459,CH1,POWER,3.55
1765904886463,CH1,POWER,3.55
1765904886471,CH1,POWER,3.55
1765904886476,CH1,POWER,3.55
1765904886481,CH1,POWER,3.55
1765904886486,CH1,POWER,3.55
1765904886491,CH1,POWER,3.55
1765904886497,CH1,POWER,3.55
1765904886501,CH1,POWER,3.55
1765904886507,CH1,POWER,3.55
1765904886511,CH1,POWER,3.55
1765904886516,CH1,POWER,3.55
1765904886521,CH1,POWER,3.55
1765904886527,CH1,POWER,3.55
1765904886531,CH1,POWER,3.55
1765904886539,CH1,POWER,3.55
1765904886544,CH1,POWER,3.55
1765904886551,CH1,POWER,3.55
1765904886557,CH1,POWER,3.55
1765904886561,CH1,POWER,3.55
1765904886566,CH1,POWER,3.55
1765904886571,CH1,POWER,3.55
1765904886576,CH1,POWER,3.55
1765904886581,CH1,POWER,3.55
1765904886589,CH1,POWER,3.55
1765904886593,CH1,POWER,3.55
1765904886599,CH1,POWER,3.55
1765904886604,CH1,POWER,3.55
1765904886611,CH1,POWER,3.55
1765904886616,CH1,POWER,3.55
1765904886621,CH1,POWER,3.55
1765904886626,CH1,POWER,3.55
1765904886629,CH1,POWER,3.40
1765904886632,CH1,POWER,3.40
1765904886634,CH1,POWER,3.40
1765904886662,CH1,POWER,3.40
1765904886667,CH1,POWER,3.40
1765904886672,CH1,POWER,3.40
1765904886678,CH1,POWER,3.40
1765904886683,CH1,POWER,3.40
1765904886691,CH1,POWER,3.40
1765904886697,CH1,POWER,3.40
1765904886703,CH1,POWER,3.40
1765904886709,CH1,POWER,3.40
1765904886713,CH1,POWER,3.40
1765904886718,CH1,POWER,3.40
1765904886723,CH1,POWER,3.40
1765904886731,CH1,POWER,3.40
1765904886736,CH1,POWER,3.40
1765904886743,CH1,POWER,3.40
1765904886749,CH1,POWER,3.40
1765904886753,CH1,POWER,3.40
1765904886758,CH1,POWER,3.40
1765904886763,CH1,POWER,3.40
1765904886768,CH1,POWER,3.40
1765904886773,CH1,POWER,3.40
1765904886779,CH1,POWER,3.40
1765904886783,CH1,POWER,3.40
1765904886788,CH1,POWER,3.40
1765904886793,CH1,POWER,3.40
1765904886798,CH1,POWER,3.40
1765904886803,CH1,POWER,3.40
1765904886811,CH1,POWER,3.40
1765904886816,CH1,POWER,3.40
1765904886823,CH1,POWER,3.40
1765904886828,CH1,POWER,3.40
1765904886833,CH1,POWER,3.40
1765904886838,CH1,POWER,3.40
1765904886843,CH1,POWER,3.40
1765904886851,CH1,POWER,3.40
1765904886856,CH1,POWER,3.40
1765904886863,CH1,POWER,3.40
1765904886868,CH1,POWER,3.40
1765904886873,CH1,POWER,3.40
1765904886879,CH1,POWER,3.40
1765904886883,CH1,POWER,3.40
1765904886891,CH1,POWER,3.40
1765904886896,CH1,POWER,3.40
1765904886903,CH1,POWER,3.40
1765904886909,CH1,POWER,3.40
1765904886913,CH1,POWER,3.40
1765904886919,CH1,POWER,3.40
1765904886923,CH1,POWER,3.40
1765904886928,CH1,POWER,3.40
1765904886933,CH1,POWER,3.40
1765904886939,CH1,POWER,3.40
1765904886943,CH1,POWER,3.40
1765904886951,CH1,POWER,3.40
1765904886956,CH1,POWER,3.40
1765904886963,CH1,POWER,3.40
1765904886969,CH1,POWER,3.40
1765904886973,CH1,POWER,3.40
1765904886981,CH1,POWER,3.40
1765904886986,CH1,POWER,3.40
1765904886993,CH1,POWER,3.40
1765904886998,CH1,POWER,3.40
1765904887003,CH1,POWER,3.40
1765904887011,CH1,POWER,3.40
1765904887014,CH1,POWER,3.60
1765904887017,CH1,POWER,3.60
1765904887045,CH1,POWER,3.60
1765904887050,CH1,POWER,3.60
1765904887055,CH1,POWER,3.60
1765904887063,CH1,POWER,3.60
1765904887068,CH1,POWER,3.60
1765904887075,CH1,POWER,3.60
1765904887080,CH1,POWER,3.60
1765904887085,CH1,POWER,3.60
1765904887093,CH1,POWER,3.60
1765904887098,CH1,POWER,3.60
1765904887105,CH1,POWER,3.60
1765904887110,CH1,POWER,3.60
1765904887115,CH1,POWER,3.60
1765904887120,CH1,POWER,3.60
1765904887125,CH1,POWER,3.60
1765904887133,CH1,POWER,3.60
1765904887138,CH1,POWER,3.60
1765904887145,CH1,POWER,3.60
1765904887150,CH1,POWER,3.60
1765904887155,CH1,POWER,3.60
1765904887163,CH1,POWER,3.60
1765904887168,CH1,POWER,3.60
1765904887175,CH1,POWER,3.60
1765904887183,CH1,POWER,3.60
1765904887189,CH1,POWER,3.60
1765904887194,CH1,POWER,3.60
1765904887199,CH1,POWER,3.60
1765904887205,CH1,POWER,3.60
1765904887210,CH1,POWER,3.60
1765904887215,CH1,POWER,3.60
1765904887223,CH1,POWER,3.60
1765904887228,CH1,POWER,3.60
1765904887235,CH1,POWER,3.60
1765904887240,CH1,POWER,3.60
1765904887245,CH1,POWER,3.60
1765904887253,CH1,POWER,3.60
1765904887258,CH1,POWER,3.60
1765904887265,CH1,POWER,3.60
1765904887270,CH1,POWER,3.60
1765904887275,CH1,POWER,3.60
1765904887280,CH1,POWER,3.60
1765904887285,CH1,POWER,3.60
1765904887290,CH1,POWER,3.60
1765904887295,CH1,POWER,3.60
1765904887300,CH1,POWER,3.60
1765904887305,CH1,POWER,3.60
1765904887310,CH1,POWER,3.60
1765904887315,CH1,POWER,3.60
1765904887320,CH1,POWER,3.60
1765904887325,CH1,POWER,3.60
1765904887330,CH1,POWER,3.60
1765904887335,CH1,POWER,3.60
1765904887343,CH1,POWER,3.60
1765904887348,CH1,POWER,3.60
1765904887355,CH1,POWER,3.60
1765904887360,CH1,POWER,3.60
1765904887365,CH1,POWER,3.60
1765904887370,CH1,POWER,3.60
1765904887375,CH1,POWER,3.60
1765904887380,CH1,POWER,3.60
1765904887385,CH1,POWER,3.60
1765904887390,CH1,POWER,3.60
1765904887395,CH1,POWER,3.60
1765904887401,CH1,POWER,3.60
1765904887404,CH1,POWER,3.25
1765904887407,CH1,POWER,3.25
1765904887409,CH1,POWER,3.25
1765904887437,CH1,POWER,3.25
1765904887442,CH1,POWER,3.25
1765904887447,CH1,POWER,3.25
1765904887452,CH1,POWER,3.25
1765904887457,CH1,POWER,3.25
1765904887462,CH1,POWER,3.25
1765904887467,CH1,POWER,3.25
1765904887472,CH1,POWER,3.25
1765904887477,CH1,POWER,3.25
1765904887485,CH1,POWER,3.25
1765904887490,CH1,POWER,3.25
1765904887497,CH1,POWER,3.25
1765904887502,CH1,POWER,3.25
1765904887507,CH1,POWER,3.25
1765904887512,CH1,POWER,3.25
1765904887517,CH1,POWER,3.25
1765904887525,CH1,POWER,3.25
1765904887530,CH1,POWER,3.25
1765904887537,CH1,POWER,3.25
1765904887542,CH1,POWER,3.25
1765904887547,CH1,POWER,3.25
1765904887552,CH1,POWER,3.25
1765904887557,CH1,POWER,3.25
1765904887565,CH1,POWER,3.25
1765904887570,CH1,POWER,3.25
1765904887577,CH1,POWER,3.25
1765904887582,CH1,POWER,3.25
1765904887587,CH1,POWER,3.25
1765904887592,CH1,POWER,3.25
1765904887597,CH1,POWER,3.25
1765904887604,CH1,POWER,3.25
1765904887609,CH1,POWER,3.25
1765904887614,CH1,POWER,3.25
1765904887620,CH1,POWER,3.25
1765904887627,CH1,POWER,3.25
1765904887632,CH1,POWER,3.25
1765904887637,CH1,POWER,3.25
1765904887642,CH1,POWER,3.25
1765904887647,CH1,POWER,3.25
1765904887652,CH1,POWER,3.25
1765904887657,CH1,POWER,3.25
1765904887665,CH1,POWER,3.25
1765904887670,CH1,POWER,3.25
1765904887677,CH1,POWER,3.25
1765904887682,CH1,POWER,3.25
1765904887687,CH1,POWER,3.25
1765904887695,CH1,POWER,3.25
1765904887699,CH1,POWER,3.25
1765904887704,CH1,POWER,3.25
1765904887710,CH1,POWER,3.25
1765904887717,CH1,POWER,3.25
1765904887722,CH1,POWER,3.25
1765904887727,CH1,POWER,3.25
1765904887732,CH1,POWER,3.25
1765904887737,CH1,POWER,3.25
1765904887742,CH1,POWER,3.25
1765904887747,CH1,POWER,3.25
1765904887755,CH1,POWER,3.25
1765904887760,CH1,POWER,3.25
1765904887767,CH1,POWER,3.25
1765904887772,CH1,POWER,3.25
1765904887777,CH1,POWER,3.25
1765904887782,CH1,POWER,3.25
1765904887787,CH1,POWER,3.25
1765904887791,CH1,POWER,3.25
1765904887796,CH1,POWER,3.25
1765904887799,CH1,POWER,3.05
1765904887826,CH1,POWER,3.05
1765904887831,CH1,POWER,3.05
1765904887836,CH1,POWER,3.05
1765904887842,CH1,POWER,3.05
1765904887849,CH1,POWER,3.05
1765904887854,CH1,POWER,3.05
1765904887859,CH1,POWER,3.05
1765904887864,CH1,POWER,3.05
1765904887869,CH1,POWER,3.05
1765904887874,CH1,POWER,3.05
1765904887879,CH1,POWER,3.05
1765904887887,CH1,POWER,3.05
1765904887892,CH1,POWER,3.05
1765904887899,CH1,POWER,3.05
1765904887907,CH1,POWER,3.05
1765904887912,CH1,POWER,3.05
1765904887919,CH1,POWER,3.05
1765904887924,CH1,POWER,3.05
1765904887929,CH1,POWER,3.05
1765904887934,CH1,POWER,3.05
1765904887939,CH1,POWER,3.05
1765904887947,CH1,POWER,3.05
1765904887952,CH1,POWER,3.05
1765904887959,CH1,POWER,3.05
1765904887964,CH1,POWER,3.05
1765904887969,CH1,POWER,3.05
1765904887974,CH1,POWER,3.05
1765904887979,CH1,POWER,3.05
1765904887984,CH1,POWER,3.05
1765904887989,CH1,POWER,3.05
1765904887997,CH1,POWER,3.05
1765904888002,CH1,POWER,3.05
1765904888009,CH1,POWER,3.05
1765904888014,CH1,POWER,3.05
1765904888019,CH1,POWER,3.05
1765904888024,CH1,POWER,3.05
1765904888029,CH1,POWER,3.05
1765904888034,CH1,POWER,3.05
1765904888039,CH1,POWER,3.05
1765904888044,CH1,POWER,3.05
1765904888049,CH1,POWER,3.05
1765904888057,CH1,POWER,3.05
1765904888062,CH1,POWER,3.05
1765904888069,CH1,POWER,3.05
1765904888074,CH1,POWER,3.05
1765904888079,CH1,POWER,3.05
1765904888084,CH1,POWER,3.05
1765904888089,CH1,POWER,3.05
1765904888094,CH1,POWER,3.05
1765904888099,CH1,POWER,3.05
1765904888107,CH1,POWER,3.05
1765904888113,CH1,POWER,3.05
1765904888118,CH1,POWER,3.05
1765904888124,CH1,POWER,3.05
1765904888129,CH1,POWER,3.05
1765904888134,CH1,POWER,3.05
1765904888139,CH1,POWER,3.05
1765904888144,CH1,POWER,3.05
1765904888149,CH1,POWER,3.05
1765904888154,CH1,POWER,3.05
1765904888159,CH1,POWER,3.05
1765904888164,CH1,POWER,3.05
1765904888169,CH1,POWER,3.05
1765904888173,CH1,POWER,3.05
1765904888178,CH1,POWER,3.05
1765904888182,CH1,POWER,3.00
1765904888210,CH1,POWER,3.00
1765904888215,CH1,POWER,3.00
1765904888220,CH1,POWER,3.00
1765904888225,CH1,POWER,3.00
1765904888230,CH1,POWER,3.00
1765904888236,CH1,POWER,3.00
1765904888241,CH1,POWER,3.00
1765904888246,CH1,POWER,3.00
1765904888251,CH1,POWER,3.00
1765904888256,CH1,POWER,3.00
1765904888261,CH1,POWER,3.00
1765904888269,CH1,POWER,3.00
1765904888274,CH1,POWER,3.00
1765904888280,CH1,POWER,3.00
1765904888285,CH1,POWER,3.00
1765904888290,CH1,POWER,3.00
1765904888295,CH1,POWER,3.00
1765904888301,CH1,POWER,3.00
1765904888306,CH1,POWER,3.00
1765904888311,CH1,POWER,3.00
1765904888319,CH1,POWER,3.00
1765904888324,CH1,POWER,3.00
1765904888331,CH1,POWER,3.00
1765904888339,CH1,POWER,3.00
1765904888344,CH1,POWER,3.00
1765904888351,CH1,POWER,3.00
1765904888356,CH1,POWER,3.00
1765904888361,CH1,POWER,3.00
1765904888369,CH1,POWER,3.00
1765904888375,CH1,POWER,3.00
1765904888380,CH1,POWER,3.00
1765904888385,CH1,POWER,3.00
1765904888390,CH1,POWER,3.00
1765904888396,CH1,POWER,3.00
1765904888401,CH1,POWER,3.00
1765904888409,CH1,POWER,3.00
1765904888414,CH1,POWER,3.00
1765904888420,CH1,POWER,3.00
1765904888425,CH1,POWER,3.00
1765904888430,CH1,POWER,3.00
1765904888436,CH1,POWER,3.00
1765904888441,CH1,POWER,3.00
1765904888446,CH1,POWER,3.00
1765904888451,CH1,POWER,3.00
1765904888459,CH1,POWER,3.00
1765904888464,CH1,POWER,3.00
1765904888471,CH1,POWER,3.00
1765904888476,CH1,POWER,3.00
1765904888481,CH1,POWER,3.00
1765904888486,CH1,POWER,3.00
1765904888491,CH1,POWER,3.00
1765904888496,CH1,POWER,3.00
1765904888501,CH1,POWER,3.00
1765904888506,CH1,POWER,3.00
1765904888511,CH1,POWER,3.00
1765904888519,CH1,POWER,3.00
1765904888525,CH1,POWER,3.00
1765904888530,CH1,POWER,3.00
1765904888536,CH1,POWER,3.00
1765904888541,CH1,POWER,3.00
1765904888546,CH1,POWER,3.00
1765904888551,CH1,POWER,3.00
1765904888556,CH1,POWER,3.00
1765904888561,CH1,POWER,3.00
1765904888569,CH1,POWER,3.00
1765904888571,CH1,POWER,3.20
1765904888574,CH1,POWER,3.20
1765904888600,CH1,POWER,3.20
1765904888605,CH1,POWER,3.20
1765904888610,CH1,POWER,3.20
1765904888616,CH1,POWER,3.20
1765904888623,CH1,POWER,3.20
1765904888631,CH1,POWER,3.20
1765904888636,CH1,POWER,3.20
1765904888643,CH1,POWER,3.20
1765904888648,CH1,POWER,3.20
1765904888653,CH1,POWER,3.20
1765904888658,CH1,POWER,3.20
1765904888663,CH1,POWER,3.20
1765904888668,CH1,POWER,3.20
1765904888673,CH1,POWER,3.20
1765904888678,CH1,POWER,3.20
1765904888683,CH1,POWER,3.20
1765904888691,CH1,POWER,3.20
1765904888696,CH1,POWER,3.20
1765904888703,CH1,POWER,3.20
1765904888707,CH1,POWER,3.20
1765904888712,CH1,POWER,3.20
1765904888718,CH1,POWER,3.20
1765904888723,CH1,POWER,3.20
1765904888731,CH1,POWER,3.20
1765904888737,CH1,POWER,3.20
1765904888742,CH1,POWER,3.20
1765904888747,CH1,POWER,3.20
1765904888753,CH1,POWER,3.20
1765904888758,CH1,POWER,3.20
1765904888763,CH1,POWER,3.20
1765904888771,CH1,POWER,3.20
1765904888776,CH1,POWER,3.20
1765904888783,CH1,POWER,3.20
1765904888788,CH1,POWER,3.20
1765904888793,CH1,POWER,3.20
1765904888801,CH1,POWER,3.20
1765904888806,CH1,POWER,3.20
1765904888813,CH1,POWER,3.20
1765904888818,CH1,POWER,3.20
1765904888823,CH1,POWER,3.20
1765904888828,CH1,POWER,3.20
1765904888833,CH1,POWER,3.20
1765904888841,CH1,POWER,3.20
1765904888846,CH1,POWER,3.20
1765904888853,CH1,POWER,3.20
1765904888858,CH1,POWER,3.20
1765904888863,CH1,POWER,3.20
1765904888868,CH1,POWER,3.20
1765904888873,CH1,POWER,3.20
1765904888878,CH1,POWER,3.20
1765904888883,CH1,POWER,3.20
1765904888888,CH1,POWER,3.20
1765904888893,CH1,POWER,3.20
1765904888898,CH1,POWER,3.20
1765904888903,CH1,POWER,3.20
1765904888908,CH1,POWER,3.20
1765904888913,CH1,POWER,3.20
1765904888921,CH1,POWER,3.20
1765904888926,CH1,POWER,3.20
1765904888933,CH1,POWER,3.20
1765904888938,CH1,POWER,3.20
1765904888943,CH1,POWER,3.20
1765904888951,CH1,POWER,3.20
1765904888953,CH1,POWER,3.25
1765904888956,CH1,POWER,3.25
1765904888983,CH1,POWER,3.25
1765904888988,CH1,POWER,3.25
1765904888995,CH1,POWER,3.25
1765904889000,CH1,POWER,3.25
1765904889005,CH1,POWER,3.25
1765904889013,CH1,POWER,3.25
1765904889018,CH1,POWER,3.25
1765904889025,CH1,POWER,3.25
1765904889030,CH1,POWER,3.25
1765904889035,CH1,POWER,3.25
1765904889040,CH1,POWER,3.25
1765904889045,CH1,POWER,3.25
1765904889050,CH1,POWER,3.25
1765904889055,CH1,POWER,3.25
1765904889063,CH1,POWER,3.25
1765904889068,CH1,POWER,3.25
1765904889074,CH1,POWER,3.25
1765904889079,CH1,POWER,3.25
1765904889084,CH1,POWER,3.25
1765904889089,CH1,POWER,3.25
1765904889094,CH1,POWER,3.25
1765904889099,CH1,POWER,3.25
1765904889105,CH1,POWER,3.25
1765904889110,CH1,POWER,3.25
1765904889115,CH1,POWER,3.25
1765904889123,CH1,POWER,3.25
1765904889128,CH1,POWER,3.25
1765904889134,CH1,POWER,3.25
1765904889139,CH1,POWER,3.25
1765904889144,CH1,POWER,3.25
1765904889149,CH1,POWER,3.25
1765904889154,CH1,POWER,3.25
1765904889160,CH1,POWER,3.25
1765904889165,CH1,POWER,3.25
1765904889173,CH1,POWER,3.25
1765904889179,CH1,POWER,3.25
1765904889184,CH1,POWER,3.25
1765904889189,CH1,POWER,3.25
1765904889195,CH1,POWER,3.25
1765904889200,CH1,POWER,3.25
1765904889205,CH1,POWER,3.25
1765904889210,CH1,POWER,3.25
1765904889215,CH1,POWER,3.25
1765904889223,CH1,POWER,3.25
1765904889229,CH1,POWER,3.25
1765904889234,CH1,POWER,3.25
1765904889240,CH1,POWER,3.25
1765904889245,CH1,POWER,3.25
1765904889250,CH1,POWER,3.25
1765904889255,CH1,POWER,3.25
1765904889263,CH1,POWER,3.25
1765904889268,CH1,POWER,3.25
1765904889274,CH1,POWER,3.25
1765904889279,CH1,POWER,3.25
1765904889284,CH1,POWER,3.25
1765904889289,CH1,POWER,3.25
1765904889294,CH1,POWER,3.25
1765904889300,CH1,POWER,3.25
1765904889305,CH1,POWER,3.25
1765904889310,CH1,POWER,3.25
1765904889315,CH1,POWER,3.25
1765904889323,CH1,POWER,3.25
1765904889329,CH1,POWER,3.25
1765904889334,CH1,POWER,3.25
1765904889337,CH1,POWER,3.70
1765904889364,CH1,POWER,3.70
1765904889369,CH1,POWER,3.70
1765904889374,CH1,POWER,3.70
1765904889379,CH1,POWER,3.70
1765904889387,CH1,POWER,3.70
1765904889392,CH1,POWER,3.70
1765904889397,CH1,POWER,3.70
1765904889405,CH1,POWER,3.70
1765904889410,CH1,POWER,3.70
1765904889417,CH1,POWER,3.70
1765904889422,CH1,POWER,3.70
1765904889427,CH1,POWER,3.70
1765904889435,CH1,POWER,3.70
1765904889440,CH1,POWER,3.70
1765904889446,CH1,POWER,3.70
1765904889450,CH1,POWER,3.70
1765904889457,CH1,POWER,3.70
1765904889462,CH1,POWER,3.70
1765904889467,CH1,POWER,3.70
1765904889475,CH1,POWER,3.70
1765904889480,CH1,POWER,3.70
1765904889487,CH1,POWER,3.70
1765904889492,CH1,POWER,3.70
1765904889497,CH1,POWER,3.70
1765904889505,CH1,POWER,3.70
1765904889510,CH1,POWER,3.70
1765904889516,CH1,POWER,3.70
1765904889521,CH1,POWER,3.70
1765904889526,CH1,POWER,3.70
1765904889531,CH1,POWER,3.70
1765904889537,CH1,POWER,3.70
1765904889541,CH1,POWER,3.70
1765904889547,CH1,POWER,3.70
1765904889552,CH1,POWER,3.70
1765904889557,CH1,POWER,3.70
1765904889561,CH1,POWER,3.70
1765904889567,CH1,POWER,3.70
1765904889575,CH1,POWER,3.70
1765904889580,CH1,POWER,3.70
1765904889587,CH1,POWER,3.70
1765904889595,CH1,POWER,3.70
1765904889600,CH1,POWER,3.70
1765904889607,CH1,POWER,3.70
1765904889615,CH1,POWER,3.70
1765904889620,CH1,POWER,3.70
1765904889626,CH1,POWER,3.70
1765904889631,CH1,POWER,3.70
1765904889636,CH1,POWER,3.70
1765904889640,CH1,POWER,3.70
1765904889647,CH1,POWER,3.70
1765904889652,CH1,POWER,3.70
1765904889657,CH1,POWER,3.70
1765904889662,CH1,POWER,3.70
1765904889667,CH1,POWER,3.70
1765904889672,CH1,POWER,3.70
1765904889677,CH1,POWER,3.70
1765904889685,CH1,POWER,3.70
1765904889690,CH1,POWER,3.70
1765904889696,CH1,POWER,3.70
1765904889701,CH1,POWER,3.70
1765904889706,CH1,POWER,3.70
1765904889711,CH1,POWER,3.70
1765904889716,CH1,POWER,3.70
1765904889721,CH1,POWER,3.70
1765904889726,CH1,POWER,3.70
1765904889730,CH1,POWER,3.70
1765904889758,CH1,POWER,3.70
1765904889763,CH1,POWER,3.70
1765904889768,CH1,POWER,3.70
1765904889774,CH1,POWER,3.70
1765904889779,CH1,POWER,3.70
1765904889787,CH1,POWER,3.70
1765904889792,CH1,POWER,3.70
1765904889798,CH1,POWER,3.70
1765904889803,CH1,POWER,3.70
1765904889808,CH1,POWER,3.70
1765904889813,CH1,POWER,3.70
1765904889819,CH1,POWER,3.70
1765904889824,CH1,POWER,3.70
1765904889829,CH1,POWER,3.70
1765904889834,CH1,POWER,3.70
1765904889839,CH1,POWER,3.70
1765904889847,CH1,POWER,3.70
1765904889852,CH1,POWER,3.70
1765904889859,CH1,POWER,3.70
1765904889864,CH1,POWER,3.70
1765904889869,CH1,POWER,3.70
1765904889874,CH1,POWER,3.70
1765904889879,CH1,POWER,3.70
1765904889884,CH1,POWER,3.70
1765904889888,CH1,POWER,3.70
1765904889893,CH1,POWER,3.70
1765904889898,CH1,POWER,3.70
1765904889903,CH1,POWER,3.70
1765904889907,CH1,POWER,3.70
1765904889912,CH1,POWER,3.70
1765904889919,CH1,POWER,3.70
1765904889924,CH1,POWER,3.70
1765904889929,CH1,POWER,3.70
1765904889937,CH1,POWER,3.70
1765904889942,CH1,POWER,3.70
1765904889948,CH1,POWER,3.70
1765904889953,CH1,POWER,3.70
1765904889957,CH1,POWER,3.70
1765904889962,CH1,POWER,3.70
1765904889969,CH1,POWER,3.70
1765904889974,CH1,POWER,3.70
1765904889979,CH1,POWER,3.70
1765904889984,CH1,POWER,3.70
1765904889989,CH1,POWER,3.70
1765904889994,CH1,POWER,3.70
1765904889999,CH1,POWER,3.70
1765904890004,CH1,POWER,3.70
1765904890009,CH1,POWER,3.70
1765904890017,CH1,POWER,3.70
1765904890023,CH1,POWER,3.70
1765904890028,CH1,POWER,3.70
1765904890033,CH1,POWER,3.70
1765904890038,CH1,POWER,3.70
1765904890042,CH1,POWER,3.70
1765904890049,CH1,POWER,3.70
1765904890054,CH1,POWER,3.70
1765904890059,CH1,POWER,3.70
1765904890067,CH1,POWER,3.70
1765904890072,CH1,POWER,3.70
1765904890078,CH1,POWER,3.70
1765904890083,CH1,POWER,3.70
1765904890088,CH1,POWER,3.70
1765904890093,CH1,POWER,3.70
1765904890099,CH1,POWER,3.70
1765904890104,CH1,POWER,3.70
1765904890108,CH1,POWER,3.70
1765904890113,CH1,POWER,3.70
1765904890118,CH1,POWER,3.70
1765904890120,CH1,POWER,3.60
1765904890123,CH1,POWER,3.60
1765904890151,CH1,POWER,3.60
1765904890156,CH1,POWER,3.60
1765904890161,CH1,POWER,3.60
1765904890169,CH1,POWER,3.60
1765904890174,CH1,POWER,3.60
1765904890179,CH1,POWER,3.60
1765904890185,CH1,POWER,3.60
1765904890190,CH1,POWER,3.60
1765904890195,CH1,POWER,3.60
1765904890200,CH1,POWER,3.60
1765904890205,CH1,POWER,3.60
1765904890210,CH1,POWER,3.60
1765904890215,CH1,POWER,3.60
1765904890221,CH1,POWER,3.60
1765904890226,CH1,POWER,3.60
1765904890230,CH1,POWER,3.60
1765904890237,CH1,POWER,3.60
1765904890242,CH1,POWER,3.60
1765904890249,CH1,POWER,3.60
1765904890253,CH1,POWER,3.60
1765904890258,CH1,POWER,3.60
1765904890263,CH1,POWER,3.60
1765904890268,CH1,POWER,3.60
1765904890274,CH1,POWER,3.60
1765904890281,CH1,POWER,3.60
1765904890286,CH1,POWER,3.60
1765904890291,CH1,POWER,3.60
1765904890296,CH1,POWER,3.60
1765904890301,CH1,POWER,3.60
1765904890306,CH1,POWER,3.60
1765904890311,CH1,POWER,3.60
1765904890316,CH1,POWER,3.60
1765904890321,CH1,POWER,3.60
1765904890326,CH1,POWER,3.60
1765904890331,CH1,POWER,3.60
1765904890336,CH1,POWER,3.60
1765904890340,CH1,POWER,3.60
1765904890346,CH1,POWER,3.60
1765904890350,CH1,POWER,3.60
1765904890354,CH1,POWER,3.60
1765904890361,CH1,POWER,3.60
1765904890366,CH1,POWER,3.60
1765904890370,CH1,POWER,3.60
1765904890375,CH1,POWER,3.60
1765904890380,CH1,POWER,3.60
1765904890384,CH1,POWER,3.60
1765904890391,CH1,POWER,3.60
1765904890396,CH1,POWER,3.60
1765904890400,CH1,POWER,3.60
1765904890406,CH1,POWER,3.60
1765904890411,CH1,POWER,3.60
1765904890416,CH1,POWER,3.60
1765904890421,CH1,POWER,3.60
1765904890426,CH1,POWER,3.60
1765904890431,CH1,POWER,3.60
1765904890436,CH1,POWER,3.60
1765904890440,CH1,POWER,3.60
1765904890445,CH1,POWER,3.60
1765904890450,CH1,POWER,3.60
1765904890455,CH1,POWER,3.60
1765904890460,CH1,POWER,3.60
1765904890464,CH1,POWER,3.60
1765904890470,CH1,POWER,3.60
1765904890475,CH1,POWER,3.60
1765904890479,CH1,POWER,3.60
1765904890486,CH1,POWER,3.60
1765904890491,CH1,POWER,3.60
1765904890496,CH1,POWER,3.60
1765904890500,CH1,POWER,3.60
1765904890505,CH1,POWER,3.60
1765904890509,CH1,POWER,3.60
1765904890513,CH1,POWER,3.60
1765904890539,CH1,POWER,3.60
1765904890544,CH1,POWER,3.60
1765904890550,CH1,POWER,3.60
1765904890556,CH1,POWER,3.60
1765904890563,CH1,POWER,3.60
1765904890568,CH1,POWER,3.60
1765904890572,CH1,POWER,3.60
1765904890581,CH1,POWER,3.60
1765904890586,CH1,POWER,3.60
1765904890593,CH1,POWER,3.60
1765904890598,CH1,POWER,3.60
1765904890602,CH1,POWER,3.60
1765904890611,CH1,POWER,3.60
1765904890616,CH1,POWER,3.60
1765904890623,CH1,POWER,3.60
1765904890628,CH1,POWER,3.60
1765904890633,CH1,POWER,3.60
1765904890638,CH1,POWER,3.60
1765904890642,CH1,POWER,3.60
1765904890647,CH1,POWER,3.60
1765904890653,CH1,POWER,3.60
1765904890658,CH1,POWER,3.60
1765904890663,CH1,POWER,3.60
1765904890668,CH1,POWER,3.60
1765904890672,CH1,POWER,3.60
1765904890678,CH1,POWER,3.60
1765904890682,CH1,POWER,3.60
1765904890686,CH1,POWER,3.60
1765904890693,CH1,POWER,3.60
1765904890698,CH1,POWER,3.60
1765904890703,CH1,POWER,3.60
1765904890708,CH1,POWER,3.60
1765904890712,CH1,POWER,3.60
1765904890717,CH1,POWER,3.60
1765904890722,CH1,POWER,3.60
1765904890727,CH1,POWER,3.60
1765904890731,CH1,POWER,3.60
1765904890735,CH1,POWER,3.60
1765904890743,CH1,POWER,3.60
1765904890748,CH1,POWER,3.60
1765904890753,CH1,POWER,3.60
1765904890760,CH1,POWER,3.60
1765904890765,CH1,POWER,3.60
1765904890770,CH1,POWER,3.60
1765904890774,CH1,POWER,3.60
1765904890783,CH1,POWER,3.60
1765904890788,CH1,POWER,3.60
1765904890792,CH1,POWER,3.60
1765904890797,CH1,POWER,3.60
1765904890802,CH1,POWER,3.60
1765904890808,CH1,POWER,3.60
1765904890813,CH1,POWER,3.60
1765904890818,CH1,POWER,3.60
1765904890823,CH1,POWER,3.60
1765904890828,CH1,POWER,3.60
1765904890833,CH1,POWER,3.60
1765904890841,CH1,POWER,3.60
1765904890846,CH1,POWER,3.60
1765904890853,CH1,POWER,3.60
1765904890858,CH1,POWER,3.60
1765904890862,CH1,POWER,3.60
1765904890867,CH1,POWER,3.60
1765904890871,CH1,POWER,3.60
1765904890875,CH1,POWER,3.60
1765904890880,CH1,POWER,3.60
1765904890884,CH1,POWER,3.60
1765904890893,CH1,POWER,3.60
1765904890898,CH1,POWER,3.60
1765904890902,CH1,POWER,3.60
1765904890905,CH1,POWER,3.30
1765904890907,CH1,POWER,3.30
1765904890935,CH1,POWER,3.30
1765904890940,CH1,POWER,3.30
1765904890945,CH1,POWER,3.30
1765904890953,CH1,POWER,3.30
1765904890958,CH1,POWER,3.30
1765904890965,CH1,POWER,3.30
1765904890970,CH1,POWER,3.30
1765904890974,CH1,POWER,3.30
1765904890980,CH1,POWER,3.30
1765904890985,CH1,POWER,3.30
1765904890990,CH1,POWER,3.30
1765904890994,CH1,POWER,3.30
1765904890998,CH1,POWER,3.30
1765904891005,CH1,POWER,3.30
1765904891010,CH1,POWER,3.30
1765904891015,CH1,POWER,3.30
1765904891020,CH1,POWER,3.30
1765904891025,CH1,POWER,3.30
1765904891030,CH1,POWER,3.30
1765904891034,CH1,POWER,3.30
1765904891040,CH1,POWER,3.30
1765904891045,CH1,POWER,3.30
1765904891050,CH1,POWER,3.30
1765904891054,CH1,POWER,3.30
1765904891060,CH1,POWER,3.30
1765904891064,CH1,POWER,3.30
1765904891069,CH1,POWER,3.30
1765904891073,CH1,POWER,3.30
1765904891077,CH1,POWER,3.30
1765904891084,CH1,POWER,3.30
1765904891088,CH1,POWER,3.30
1765904891095,CH1,POWER,3.30
1765904891100,CH1,POWER,3.30
1765904891104,CH1,POWER,3.30
1765904891108,CH1,POWER,3.30
1765904891114,CH1,POWER,3.30
1765904891118,CH1,POWER,3.30
1765904891124,CH1,POWER,3.30
1765904891133,CH1,POWER,3.30
1765904891138,CH1,POWER,3.30
1765904891145,CH1,POWER,3.30
1765904891150,CH1,POWER,3.30
1765904891155,CH1,POWER,3.30
1765904891160,CH1,POWER,3.30
1765904891165,CH1,POWER,3.30
1765904891170,CH1,POWER,3.30
1765904891174,CH1,POWER,3.30
1765904891178,CH1,POWER,3.30
1765904891185,CH1,POWER,3.30
1765904891190,CH1,POWER,3.30
1765904891195,CH1,POWER,3.30
1765904891200,CH1,POWER,3.30
1765904891204,CH1,POWER,3.30
1765904891213,CH1,POWER,3.30
1765904891218,CH1,POWER,3.30
1765904891224,CH1,POWER,3.30
1765904891229,CH1,POWER,3.30
1765904891233,CH1,POWER,3.30
1765904891240,CH1,POWER,3.30
1765904891244,CH1,POWER,3.30
1765904891252,CH1,POWER,3.30
1765904891259,CH1,POWER,3.30
1765904891263,CH1,POWER,3.30
1765904891268,CH1,POWER,3.30
1765904891275,CH1,POWER,3.30
1765904891280,CH1,POWER,3.30
1765904891284,CH1,POWER,3.30
1765904891289,CH1,POWER,3.70
1765904891317,CH1,POWER,3.70
1765904891322,CH1,POWER,3.70
1765904891326,CH1,POWER,3.70
1765904891335,CH1,POWER,3.70
1765904891340,CH1,POWER,3.70
1765904891346,CH1,POWER,3.70
1765904891354,CH1,POWER,3.70
1765904891361,CH1,POWER,3.70
1765904891365,CH1,POWER,3.70
1765904891372,CH1,POWER,3.70
1765904891377,CH1,POWER,3.70
1765904891382,CH1,POWER,3.70
1765904891386,CH1,POWER,3.70
1765904891392,CH1,POWER,3.70
1765904891396,CH1,POWER,3.70
1765904891405,CH1,POWER,3.70
1765904891410,CH1,POWER,3.70
1765904891416,CH1,POWER,3.70
1765904891425,CH1,POWER,3.70
1765904891430,CH1,POWER,3.70
1765904891437,CH1,POWER,3.70
1765904891442,CH1,POWER,3.70
1765904891447,CH1,POWER,3.70
1765904891452,CH1,POWER,3.70
1765904891457,CH1,POWER,3.70
1765904891462,CH1,POWER,3.70
1765904891466,CH1,POWER,3.70
1765904891470,CH1,POWER,3.70
1765904891476,CH1,POWER,3.70
1765904891480,CH1,POWER,3.70
1765904891486,CH1,POWER,3.70
1765904891490,CH1,POWER,3.70
1765904891497,CH1,POWER,3.70
1765904891502,CH1,POWER,3.70
1765904891506,CH1,POWER,3.70
1765904891512,CH1,POWER,3.70
1765904891517,CH1,POWER,3.70
1765904891522,CH1,POWER,3.70
1765904891527,CH1,POWER,3.70
1765904891532,CH1,POWER,3.70
1765904891536,CH1,POWER,3.70
1765904891545,CH1,POWER,3.70
1765904891550,CH1,POWER,3.70
1765904891556,CH1,POWER,3.70
1765904891565,CH1,POWER,3.70
1765904891569,CH1,POWER,3.70
1765904891577,CH1,POWER,3.70
1765904891582,CH1,POWER,3.70
1765904891587,CH1,POWER,3.70
1765904891592,CH1,POWER,3.70
1765904891597,CH1,POWER,3.70
1765904891602,CH1,POWER,3.70
1765904891606,CH1,POWER,3.70
1765904891615,CH1,POWER,3.70
1765904891619,CH1,POWER,3.70
1765904891623,CH1,POWER,3.70
1765904891628,CH1,POWER,3.70
1765904891633,CH1,POWER,3.70
1765904891638,CH1,POWER,3.70
1765904891644,CH1,POWER,3.70
1765904891648,CH1,POWER,3.70
1765904891654,CH1,POWER,3.70
1765904891658,CH1,POWER,3.70
1765904891665,CH1,POWER,3.70
1765904891670,CH1,POWER,3.70
1765904891696,CH1,POWER,3.65
1765904891701,CH1,POWER,3.65
1765904891705,CH1,POWER,3.65
1765904891711,CH1,POWER,3.65
1765904891718,CH1,POWER,3.65
1765904891723,CH1,POWER,3.65
1765904891727,CH1,POWER,3.65
1765904891732,CH1,POWER,3.65
1765904891738,CH1,POWER,3.65
1765904891742,CH1,POWER,3.65
1765904891749,CH1,POWER,3.65
1765904891754,CH1,POWER,3.65
1765904891758,CH1,POWER,3.65
1765904891762,CH1,POWER,3.65
1765904891769,CH1,POWER,3.65
1765904891774,CH1,POWER,3.65
1765904891779,CH1,POWER,3.65
1765904891784,CH1,POWER,3.65
1765904891788,CH1,POWER,3.65
1765904891797,CH1,POWER,3.65
1765904891801,CH1,POWER,3.65
1765904891809,CH1,POWER,3.65
1765904891814,CH1,POWER,3.65
1765904891819,CH1,POWER,3.65
1765904891824,CH1,POWER,3.65
1765904891828,CH1,POWER,3.65
1765904891833,CH1,POWER,3.65
1765904891837,CH1,POWER,3.65
1765904891842,CH1,POWER,3.65
1765904891849,CH1,POWER,3.65
1765904891854,CH1,POWER,3.65
1765904891859,CH1,POWER,3.65
1765904891864,CH1,POWER,3.65
1765904891868,CH1,POWER,3.65
1765904891874,CH1,POWER,3.65
1765904891878,CH1,POWER,3.65
1765904891882,CH1,POWER,3.65
1765904891888,CH1,POWER,3.65
1765904891893,CH1,POWER,3.65
1765904891897,CH1,POWER,3.65
1765904891902,CH1,POWER,3.65
1765904891908,CH1,POWER,3.65
1765904891914,CH1,POWER,3.65
1765904891918,CH1,POWER,3.65
1765904891923,CH1,POWER,3.65
1765904891927,CH1,POWER,3.65
1765904891932,CH1,POWER,3.65
1765904891937,CH1,POWER,3.65
1765904891943,CH1,POWER,3.65
1765904891947,CH1,POWER,3.65
1765904891954,CH1,POWER,3.65
1765904891958,CH1,POWER,3.65
1765904891964,CH1,POWER,3.65
1765904891969,CH1,POWER,3.65
1765904891974,CH1,POWER,3.65
1765904891978,CH1,POWER,3.65
1765904891987,CH1,POWER,3.65
1765904891992,CH1,POWER,3.65
1765904891999,CH1,POWER,3.65
1765904892004,CH1,POWER,3.65
1765904892009,CH1,POWER,3.65
1765904892014,CH1,POWER,3.65
1765904892018,CH1,POWER,3.65
1765904892026,CH1,POWER,3.65
1765904892031,CH1,POWER,3.65
1765904892039,CH1,POWER,3.65
1765904892044,CH1,POWER,3.65
1765904892048,CH1,POWER,3.65
1765904892054,CH1,POWER,3.65
1765904892059,CH1,POWER,3.65
1765904892062,CH1,POWER,3.50
1765904892091,CH1,POWER,3.50
1765904892096,CH1,POWER,3.50
1765904892100,CH1,POWER,3.50
1765904892106,CH1,POWER,3.50
1765904892111,CH1,POWER,3.50
1765904892116,CH1,POWER,3.50
1765904892120,CH1,POWER,3.50
1765904892128,CH1,POWER,3.50
1765904892133,CH1,POWER,3.50
1765904892137,CH1,POWER,3.50
1765904892142,CH1,POWER,3.50
1765904892148,CH1,POWER,3.50
1765904892152,CH1,POWER,3.50
1765904892158,CH1,POWER,3.50
1765904892164,CH1,POWER,3.50
1765904892171,CH1,POWER,3.50
1765904892176,CH1,POWER,3.50
1765904892180,CH1,POWER,3.50
1765904892184,CH1,POWER,3.50
1765904892191,CH1,POWER,3.50
1765904892196,CH1,POWER,3.50
1765904892200,CH1,POWER,3.50
1765904892206,CH1,POWER,3.50
1765904892210,CH1,POWER,3.50
1765904892214,CH1,POWER,3.50
1765904892220,CH1,POWER,3.50
1765904892226,CH1,POWER,3.50
1765904892230,CH1,POWER,3.50
1765904892238,CH1,POWER,3.50
1765904892243,CH1,POWER,3.50
1765904892250,CH1,POWER,3.50
1765904892255,CH1,POWER,3.50
1765904892259,CH1,POWER,3.50
1765904892264,CH1,POWER,3.50
1765904892271,CH1,POWER,3.50
1765904892276,CH1,POWER,3.50
1765904892281,CH1,POWER,3.50
1765904892286,CH1,POWER,3.50
1765904892290,CH1,POWER,3.50
1765904892296,CH1,POWER,3.50
1765904892300,CH1,POWER,3.50
1765904892306,CH1,POWER,3.50
1765904892310,CH1,POWER,3.50
1765904892315,CH1,POWER,3.50
1765904892320,CH1,POWER,3.50
1765904892324,CH1,POWER,3.50
1765904892330,CH1,POWER,3.50
1765904892336,CH1,POWER,3.50
1765904892340,CH1,POWER,3.50
1765904892344,CH1,POWER,3.50
1765904892349,CH1,POWER,3.50
1765904892354,CH1,POWER,3.50
1765904892361,CH1,POWER,3.50
1765904892366,CH1,POWER,3.50
1765904892370,CH1,POWER,3.50
1765904892376,CH1,POWER,3.50
1765904892381,CH1,POWER,3.50
1765904892386,CH1,POWER,3.50
1765904892390,CH1,POWER,3.50
1765904892394,CH1,POWER,3.50
1765904892400,CH1,POWER,3.50
1765904892406,CH1,POWER,3.50
1765904892410,CH1,POWER,3.50
1765904892414,CH1,POWER,3.50
1765904892421,CH1,POWER,3.50
1765904892426,CH1,POWER,3.50
1765904892431,CH1,POWER,3.50
1765904892436,CH1,POWER,3.50
1765904892440,CH1,POWER,3.50
1765904892444,CH1,POWER,3.50
1765904892450,CH1,POWER,3.50
1765904892453,CH1,POWER,3.65
1765904892480,CH1,POWER,3.65
1765904892485,CH1,POWER,3.65
1765904892489,CH1,POWER,3.65
1765904892496,CH1,POWER,3.65
1765904892502,CH1,POWER,3.65
1765904892508,CH1,POWER,3.65
1765904892512,CH1,POWER,3.65
1765904892516,CH1,POWER,3.65
1765904892523,CH1,POWER,3.65
1765904892528,CH1,POWER,3.65
1765904892532,CH1,POWER,3.65
1765904892540,CH1,POWER,3.65
1765904892546,CH1,POWER,3.65
1765904892552,CH1,POWER,3.65
1765904892558,CH1,POWER,3.65
1765904892562,CH1,POWER,3.65
1765904892567,CH1,POWER,3.65
1765904892571,CH1,POWER,3.65
1765904892575,CH1,POWER,3.65
1765904892581,CH1,POWER,3.65
1765904892585,CH1,POWER,3.65
1765904892591,CH1,POWER,3.65
1765904892595,CH1,POWER,3.65
1765904892601,CH1,POWER,3.65
1765904892608,CH1,POWER,3.65
1765904892612,CH1,POWER,3.65
1765904892618,CH1,POWER,3.65
1765904892622,CH1,POWER,3.65
1765904892626,CH1,POWER,3.65
1765904892633,CH1,POWER,3.65
1765904892638,CH1,POWER,3.65
1765904892642,CH1,POWER,3.65
1765904892646,CH1,POWER,3.65
1765904892652,CH1,POWER,3.65
1765904892658,CH1,POWER,3.65
1765904892662,CH1,POWER,3.65
1765904892668,CH1,POWER,3.65
1765904892672,CH1,POWER,3.65
1765904892681,CH1,POWER,3.65
1765904892685,CH1,POWER,3.65
1765904892693,CH1,POWER,3.65
1765904892698,CH1,POWER,3.65
1765904892702,CH1,POWER,3.65
1765904892710,CH1,POWER,3.65
1765904892716,CH1,POWER,3.65
1765904892722,CH1,POWER,3.65
1765904892728,CH1,POWER,3.65
1765904892732,CH1,POWER,3.65
1765904892737,CH1,POWER,3.65
1765904892741,CH1,POWER,3.65
1765904892746,CH1,POWER,3.65
1765904892751,CH1,POWER,3.65
1765904892758,CH1,POWER,3.65
1765904892762,CH1,POWER,3.65
1765904892770,CH1,POWER,3.65
1765904892775,CH1,POWER,3.65
1765904892782,CH1,POWER,3.65
1765904892786,CH1,POWER,3.65
1765904892791,CH1,POWER,3.65
1765904892796,CH1,POWER,3.65
1765904892802,CH1,POWER,3.65
1765904892808,CH1,POWER,3.65
1765904892812,CH1,POWER,3.65
1765904892820,CH1,POWER,3.65
1765904892826,CH1,POWER,3.65
1765904892832,CH1,POWER,3.65
1765904892837,CH1,POWER,3.65
1765904892840,CH1,POWER,3.30
1765904892843,CH1,POWER,3.30
1765904892845,CH1,POWER,3.30
1765904892871,CH1,POWER,3.30
1765904892876,CH1,POWER,3.30
1765904892881,CH1,POWER,3.30
1765904892887,CH1,POWER,3.30
1765904892894,CH1,POWER,3.30
1765904892902,CH1,POWER,3.30
1765904892907,CH1,POWER,3.30
1765904892911,CH1,POWER,3.30
1765904892916,CH1,POWER,3.30
1765904892921,CH1,POWER,3.30
1765904892925,CH1,POWER,3.30
1765904892932,CH1,POWER,3.30
1765904892938,CH1,POWER,3.30
1765904892943,CH1,POWER,3.30
1765904892950,CH1,POWER,3.30
1765904892954,CH1,POWER,3.30
1765904892962,CH1,POWER,3.30
1765904892967,CH1,POWER,3.30
1765904892974,CH1,POWER,3.30
1765904892980,CH1,POWER,3.30
1765904892984,CH1,POWER,3.30
1765904892990,CH1,POWER,3.30
1765904892994,CH1,POWER,3.30
1765904892998,CH1,POWER,3.30
1765904893004,CH1,POWER,3.30
1765904893010,CH1,POWER,3.30
1765904893014,CH1,POWER,3.30
1765904893022,CH1,POWER,3.30
1765904893028,CH1,POWER,3.30
1765904893034,CH1,POWER,3.30
1765904893038,CH1,POWER,3.30
1765904893044,CH1,POWER,3.30
1765904893048,CH1,POWER,3.30
1765904893054,CH1,POWER,3.30
1765904893060,CH1,POWER,3.30
1765904893064,CH1,POWER,3.30
1765904893070,CH1,POWER,3.30
1765904893074,CH1,POWER,3.30
1765904893082,CH1,POWER,3.30
1765904893087,CH1,POWER,3.30
1765904893093,CH1,POWER,3.30
1765904893100,CH1,POWER,3.30
1765904893105,CH1,POWER,3.30
1765904893110,CH1,POWER,3.30
1765904893114,CH1,POWER,3.30
1765904893120,CH1,POWER,3.30
1765904893124,CH1,POWER,3.30
1765904893132,CH1,POWER,3.30
1765904893138,CH1,POWER,3.30
1765904893144,CH1,POWER,3.30
1765904893149,CH1,POWER,3.30
1765904893153,CH1,POWER,3.30
1765904893159,CH1,POWER,3.30
1765904893163,CH1,POWER,3.30
1765904893167,CH1,POWER,3.30
1765904893173,CH1,POWER,3.30
1765904893178,CH1,POWER,3.30
1765904893183,CH1,POWER,3.30
1765904893188,CH1,POWER,3.30
1765904893194,CH1,POWER,3.30
1765904893202,CH1,POWER,3.30
1765904893207,CH1,POWER,3.30
1765904893214,CH1,POWER,3.30
1765904893222,CH1,POWER,3.30
1765904893226,CH1,POWER,3.30
1765904893229,CH1,POWER,3.70
1765904893257,CH1,POWER,3.70
1765904893262,CH1,POWER,3.70
1765904893266,CH1,POWER,3.70
1765904893274,CH1,POWER,3.70
1765904893279,CH1,POWER,3.70
1765904893286,CH1,POWER,3.70
1765904893292,CH1,POWER,3.70
1765904893296,CH1,POWER,3.70
1765904893302,CH1,POWER,3.70
1765904893306,CH1,POWER,3.70
1765904893310,CH1,POWER,3.70
1765904893315,CH1,POWER,3.70
1765904893322,CH1,POWER,3.70
1765904893326,CH1,POWER,3.70
1765904893332,CH1,POWER,3.70
1765904893336,CH1,POWER,3.70
1765904893344,CH1,POWER,3.70
1765904893349,CH1,POWER,3.70
1765904893355,CH1,POWER,3.70
1765904893360,CH1,POWER,3.70
1765904893366,CH1,POWER,3.70
1765904893372,CH1,POWER,3.70
1765904893376,CH1,POWER,3.70
1765904893384,CH1,POWER,3.70
1765904893390,CH1,POWER,3.70
1765904893396,CH1,POWER,3.70
1765904893401,CH1,POWER,3.70
1765904893405,CH1,POWER,3.70
1765904893409,CH1,POWER,3.70
1765904893416,CH1,POWER,3.70
1765904893422,CH1,POWER,3.70
1765904893426,CH1,POWER,3.70
1765904893432,CH1,POWER,3.70
1765904893436,CH1,POWER,3.70
1765904893444,CH1,POWER,3.70
1765904893449,CH1,POWER,3.70
1765904893453,CH1,POWER,3.70
1765904893459,CH1,POWER,3.70
1765904893463,CH1,POWER,3.70
1765904893467,CH1,POWER,3.70
1765904893473,CH1,POWER,3.70
1765904893479,CH1,POWER,3.70
1765904893487,CH1,POWER,3.70
1765904893492,CH1,POWER,3.70
1765904893496,CH1,POWER,3.70
1765904893502,CH1,POWER,3.70
1765904893506,CH1,POWER,3.70
1765904893510,CH1,POWER,3.70
1765904893516,CH1,POWER,3.70
1765904893520,CH1,POWER,3.70
1765904893525,CH1,POWER,3.70
1765904893532,CH1,POWER,3.70
1765904893536,CH1,POWER,3.70
1765904893542,CH1,POWER,3.70
1765904893546,CH1,POWER,3.70
1765904893550,CH1,POWER,3.70
1765904893555,CH1,POWER,3.70
1765904893559,CH1,POWER,3.70
1765904893563,CH1,POWER,3.70
1765904893568,CH1,POWER,3.70
1765904893574,CH1,POWER,3.70
1765904893578,CH1,POWER,3.70
1765904893584,CH1,POWER,3.70
1765904893589,CH1,POWER,3.70
1765904893593,CH1,POWER,3.70
1765904893599,CH1,POWER,3.70
1765904893606,CH1,POWER,3.70
1765904893611,CH1,POWER,3.60
1765904893638,CH1,POWER,3.60
1765904893644,CH1,POWER,3.60
1765904893648,CH1,POWER,3.60
1765904893652,CH1,POWER,3.60
1765904893657,CH1,POWER,3.60
1765904893661,CH1,POWER,3.60
1765904893668,CH1,POWER,3.60
1765904893676,CH1,POWER,3.60
1765904893681,CH1,POWER,3.60
1765904893688,CH1,POWER,3.60
1765904893696,CH1,POWER,3.60
1765904893701,CH1,POWER,3.60
1765904893708,CH1,POWER,3.60
1765904893714,CH1,POWER,3.60
1765904893718,CH1,POWER,3.60
1765904893722,CH1,POWER,3.60
1765904893728,CH1,POWER,3.60
1765904893734,CH1,POWER,3.60
1765904893738,CH1,POWER,3.60
1765904893743,CH1,POWER,3.60
1765904893747,CH1,POWER,3.60
1765904893752,CH1,POWER,3.60
1765904893757,CH1,POWER,3.60
1765904893764,CH1,POWER,3.60
1765904893768,CH1,POWER,3.60
1765904893776,CH1,POWER,3.60
1765904893781,CH1,POWER,3.60
1765904893788,CH1,POWER,3.60
1765904893794,CH1,POWER,3.60
1765904893798,CH1,POWER,3.60
1765904893804,CH1,POWER,3.60
1765904893808,CH1,POWER,3.60
1765904893814,CH1,POWER,3.60
1765904893818,CH1,POWER,3.60
1765904893826,CH1,POWER,3.60
1765904893831,CH1,POWER,3.60
1765904893838,CH1,POWER,3.60
1765904893842,CH1,POWER,3.60
1765904893847,CH1,POWER,3.60
1765904893852,CH1,POWER,3.60
1765904893857,CH1,POWER,3.60
1765904893862,CH1,POWER,3.60
1765904893868,CH1,POWER,3.60
1765904893874,CH1,POWER,3.60
1765904893878,CH1,POWER,3.60
1765904893882,CH1,POWER,3.60
1765904893887,CH1,POWER,3.60
1765904893891,CH1,POWER,3.60
1765904893897,CH1,POWER,3.60
1765904893901,CH1,POWER,3.60
1765904893908,CH1,POWER,3.60
1765904893916,CH1,POWER,3.60
1765904893921,CH1,POWER,3.60
1765904893928,CH1,POWER,3.60
1765904893934,CH1,POWER,3.60
1765904893938,CH1,POWER,3.60
1765904893944,CH1,POWER,3.60
1765904893948,CH1,POWER,3.60
1765904893952,CH1,POWER,3.60
1765904893957,CH1,POWER,3.60
1765904893964,CH1,POWER,3.60
1765904893968,CH1,POWER,3.60
1765904893974,CH1,POWER,3.60
1765904893978,CH1,POWER,3.60
1765904893982,CH1,POWER,3.60
1765904893987,CH1,POWER,3.60
1765904893994,CH1,POWER,3.60
1765904893998,CH1,POWER,3.60
1765904894001,CH1,POWER,3.40
1765904894026,CH1,POWER,3.40
1765904894031,CH1,POWER,3.40
1765904894038,CH1,POWER,3.40
1765904894044,CH1,POWER,3.40
1765904894049,CH1,POWER,3.40
1765904894054,CH1,POWER,3.40
1765904894060,CH1,POWER,3.40
1765904894068,CH1,POWER,3.40
1765904894073,CH1,POWER,3.40
1765904894080,CH1,POWER,3.40
1765904894088,CH1,POWER,3.40
1765904894093,CH1,POWER,3.40
1765904894100,CH1,POWER,3.40
1765904894106,CH1,POWER,3.40
1765904894110,CH1,POWER,3.40
1765904894114,CH1,POWER,3.40
1765904894120,CH1,POWER,3.40
1765904894126,CH1,POWER,3.40
1765904894130,CH1,POWER,3.40
1765904894136,CH1,POWER,3.40
1765904894140,CH1,POWER,3.40
1765904894148,CH1,POWER,3.40
1765904894152,CH1,POWER,3.40
1765904894157,CH1,POWER,3.40
1765904894162,CH1,POWER,3.40
1765904894167,CH1,POWER,3.40
1765904894172,CH1,POWER,3.40
1765904894180,CH1,POWER,3.40
1765904894186,CH1,POWER,3.40
1765904894190,CH1,POWER,3.40
1765904894194,CH1,POWER,3.40
1765904894199,CH1,POWER,3.40
1765904894204,CH1,POWER,3.40
1765904894209,CH1,POWER,3.40
1765904894214,CH1,POWER,3.40
1765904894219,CH1,POWER,3.40
1765904894223,CH1,POWER,3.40
1765904894227,CH1,POWER,3.40
1765904894231,CH1,POWER,3.40
1765904894237,CH1,POWER,3.40
1765904894241,CH1,POWER,3.40
1765904894247,CH1,POWER,3.40
1765904894251,CH1,POWER,3.40
1765904894257,CH1,POWER,3.40
1765904894262,CH1,POWER,3.40
1765904894270,CH1,POWER,3.40
1765904894274,CH1,POWER,3.40
1765904894280,CH1,POWER,3.40
1765904894286,CH1,POWER,3.40
1765904894290,CH1,POWER,3.40
1765904894296,CH1,POWER,3.40
1765904894300,CH1,POWER,3.40
1765904894304,CH1,POWER,3.40
1765904894309,CH1,POWER,3.40
1765904894313,CH1,POWER,3.40
1765904894320,CH1,POWER,3.40
1765904894324,CH1,POWER,3.40
1765904894330,CH1,POWER,3.40
1765904894334,CH1,POWER,3.40
1765904894340,CH1,POWER,3.40
1765904894344,CH1,POWER,3.40
1765904894349,CH1,POWER,3.40
1765904894353,CH1,POWER,3.40
1765904894360,CH1,POWER,3.40
1765904894366,CH1,POWER,3.40
1765904894370,CH1,POWER,3.40
1765904894374,CH1,POWER,3.40
1765904894379,CH1,POWER,3.40
1765904894386,CH1,POWER,3.40
1765904894390,CH1,POWER,3.40
1765904894394,CH1,POWER,3.40
1765904894421,CH1,POWER,3.60
1765904894426,CH1,POWER,3.60
1765904894431,CH1,POWER,3.60
1765904894435,CH1,POWER,3.60
1765904894441,CH1,POWER,3.60
1765904894445,CH1,POWER,3.60
1765904894451,CH1,POWER,3.60
1765904894456,CH1,POWER,3.60
1765904894461,CH1,POWER,3.60
1765904894465,CH1,POWER,3.60
1765904894472,CH1,POWER,3.60
1765904894476,CH1,POWER,3.60
1765904894482,CH1,POWER,3.60
1765904894486,CH1,POWER,3.60
1765904894492,CH1,POWER,3.60
1765904894496,CH1,POWER,3.60
1765904894501,CH1,POWER,3.60
1765904894505,CH1,POWER,3.60
1765904894511,CH1,POWER,3.60
1765904894516,CH1,POWER,3.60
1765904894522,CH1,POWER,3.60
1765904894528,CH1,POWER,3.60
1765904894532,CH1,POWER,3.60
1765904894536,CH1,POWER,3.60
1765904894541,CH1,POWER,3.60
1765904894546,CH1,POWER,3.60
1765904894551,CH1,POWER,3.60
1765904894556,CH1,POWER,3.60
1765904894562,CH1,POWER,3.60
1765904894568,CH1,POWER,3.60
1765904894572,CH1,POWER,3.60
1765904894578,CH1,POWER,3.60
1765904894582,CH1,POWER,3.60
1765904894586,CH1,POWER,3.60
1765904894592,CH1,POWER,3.60
1765904894598,CH1,POWER,3.60
1765904894602,CH1,POWER,3.60
1765904894606,CH1,POWER,3.60
1765904894612,CH1,POWER,3.60
1765904894616,CH1,POWER,3.60
1765904894622,CH1,POWER,3.60
1765904894628,CH1,POWER,3.60
1765904894632,CH1,POWER,3.60
1765904894636,CH1,POWER,3.60
1765904894641,CH1,POWER,3.60
1765904894646,CH1,POWER,3.60
1765904894651,CH1,POWER,3.60
1765904894656,CH1,POWER,3.60
1765904894662,CH1,POWER,3.60
1765904894668,CH1,POWER,3.60
1765904894672,CH1,POWER,3.60
1765904894676,CH1,POWER,3.60
1765904894681,CH1,POWER,3.60
1765904894685,CH1,POWER,3.60
1765904894691,CH1,POWER,3.60
1765904894696,CH1,POWER,3.60
1765904894701,CH1,POWER,3.60
1765904894705,CH1,POWER,3.60
1765904894712,CH1,POWER,3.60
1765904894716,CH1,POWER,3.60
1765904894722,CH1,POWER,3.60
1765904894728,CH1,POWER,3.60
1765904894732,CH1,POWER,3.60
1765904894736,CH1,POWER,3.60
1765904894742,CH1,POWER,3.60
1765904894746,CH1,POWER,3.60
1765904894752,CH1,POWER,3.60
1765904894756,CH1,POWER,3.60
1765904894761,CH1,POWER,3.60
1765904894766,CH1,POWER,3.60
1765904894772,CH1,POWER,3.60
1765904894776,CH1,POWER,3.60
1765904894781,CH1,POWER,3.60
1765904894784,CH1,POWER,3.60
1765904894786,CH1,POWER,3.60
1765904894814,CH1,POWER,3.60
1765904894820,CH1,POWER,3.60
1765904894824,CH1,POWER,3.60
1765904894832,CH1,POWER,3.60
1765904894837,CH1,POWER,3.60
1765904894844,CH1,POWER,3.60
1765904894848,CH1,POWER,3.60
1765904894853,CH1,POWER,3.60
1765904894857,CH1,POWER,3.60
1765904894864,CH1,POWER,3.60
1765904894870,CH1,POWER,3.60
1765904894874,CH1,POWER,3.60
1765904894880,CH1,POWER,3.60
1765904894884,CH1,POWER,3.60
1765904894888,CH1,POWER,3.60
1765904894893,CH1,POWER,3.60
1765904894897,CH1,POWER,3.60
1765904894903,CH1,POWER,3.60
1765904894907,CH1,POWER,3.60
1765904894913,CH1,POWER,3.60
1765904894917,CH1,POWER,3.60
1765904894923,CH1,POWER,3.60
1765904894928,CH1,POWER,3.60
1765904894933,CH1,POWER,3.60
1765904894937,CH1,POWER,3.60
1765904894944,CH1,POWER,3.60
1765904894950,CH1,POWER,3.60
1765904894954,CH1,POWER,3.60
1765904894958,CH1,POWER,3.60
1765904894964,CH1,POWER,3.60
1765904894968,CH1,POWER,3.60
1765904894973,CH1,POWER,3.60
1765904894977,CH1,POWER,3.60
1765904894981,CH1,POWER,3.60
1765904894986,CH1,POWER,3.60
1765904894994,CH1,POWER,3.60
1765904895000,CH1,POWER,3.60
1765904895004,CH1,POWER,3.60
1765904895008,CH1,POWER,3.60
1765904895014,CH1,POWER,3.60
1765904895018,CH1,POWER,3.60
1765904895024,CH1,POWER,3.60
1765904895028,CH1,POWER,3.60
1765904895033,CH1,POWER,3.60
1765904895040,CH1,POWER,3.60
1765904895044,CH1,POWER,3.60
1765904895050,CH1,POWER,3.60
1765904895054,CH1,POWER,3.60
1765904895062,CH1,POWER,3.60
1765904895067,CH1,POWER,3.60
1765904895074,CH1,POWER,3.60
1765904895080,CH1,POWER,3.60
1765904895084,CH1,POWER,3.60
1765904895090,CH1,POWER,3.60
1765904895094,CH1,POWER,3.60
1765904895098,CH1,POWER,3.60
1765904895103,CH1,POWER,3.60
1765904895107,CH1,POWER,3.60
1765904895114,CH1,POWER,3.60
1765904895118,CH1,POWER,3.60
1765904895123,CH1,POWER,3.60
1765904895127,CH1,POWER,3.60
1765904895133,CH1,POWER,3.60
1765904895138,CH1,POWER,3.60
1765904895143,CH1,POWER,3.60
1765904895148,CH1,POWER,3.60
1765904895154,CH1,POWER,3.60
1765904895160,CH1,POWER,3.60
1765904895164,CH1,POWER,3.60
1765904895168,CH1,POWER,3.60
1765904895174,CH1,POWER,3.60
1765904895177,CH1,POWER,3.30
1765904895203,CH1,POWER,3.30
1765904895208,CH1,POWER,3.30
1765904895216,CH1,POWER,3.30
1765904895220,CH1,POWER,3.30
1765904895225,CH1,POWER,3.30
1765904895229,CH1,POWER,3.30
1765904895236,CH1,POWER,3.30
1765904895242,CH1,POWER,3.30
1765904895246,CH1,POWER,3.30
1765904895250,CH1,POWER,3.30
1765904895255,CH1,POWER,3.30
1765904895260,CH1,POWER,3.30
1765904895265,CH1,POWER,3.30
1765904895270,CH1,POWER,3.30
1765904895276,CH1,POWER,3.30
1765904895280,CH1,POWER,3.30
1765904895286,CH1,POWER,3.30
1765904895290,CH1,POWER,3.30
1765904895295,CH1,POWER,3.30
1765904895299,CH1,POWER,3.30
1765904895305,CH1,POWER,3.30
1765904895310,CH1,POWER,3.30
1765904895315,CH1,POWER,3.30
1765904895320,CH1,POWER,3.30
1765904895325,CH1,POWER,3.30
1765904895329,CH1,POWER,3.30
1765904895336,CH1,POWER,3.30
1765904895340,CH1,POWER,3.30
1765904895345,CH1,POWER,3.30
1765904895349,CH1,POWER,3.30
1765904895356,CH1,POWER,3.30
1765904895362,CH1,POWER,3.30
1765904895366,CH1,POWER,3.30
1765904895372,CH1,POWER,3.30
1765904895376,CH1,POWER,3.30
1765904895380,CH1,POWER,3.30
1765904895385,CH1,POWER,3.30
1765904895390,CH1,POWER,3.30
1765904895396,CH1,POWER,3.30
1765904895402,CH1,POWER,3.30
1765904895406,CH1,POWER,3.30
1765904895410,CH1,POWER,3.30
1765904895415,CH1,POWER,3.30
1765904895419,CH1,POWER,3.30
1765904895425,CH1,POWER,3.30
1765904895430,CH1,POWER,3.30
1765904895435,CH1,POWER,3.30
1765904895439,CH1,POWER,3.30
1765904895445,CH1,POWER,3.30
1765904895450,CH1,POWER,3.30
1765904895456,CH1,POWER,3.30
1765904895462,CH1,POWER,3.30
1765904895466,CH1,POWER,3.30
1765904895472,CH1,POWER,3.30
1765904895476,CH1,POWER,3.30
1765904895480,CH1,POWER,3.30
1765904895485,CH1,POWER,3.30
1765904895490,CH1,POWER,3.30
1765904895495,CH1,POWER,3.30
1765904895499,CH1,POWER,3.30
1765904895505,CH1,POWER,3.30
1765904895510,CH1,POWER,3.30
1765904895516,CH1,POWER,3.30
1765904895522,CH1,POWER,3.30
1765904895526,CH1,POWER,3.30
1765904895532,CH1,POWER,3.30
1765904895538,CH1,POWER,3.30
1765904895543,CH1,POWER,3.30
1765904895549,CH1,POWER,3.30
1765904895556,CH1,POWER,3.30
1765904895564,CH1,POWER,3.30
1765904895567,CH1,POWER,3.70
1765904895570,CH1,POWER,3.70
1765904895597,CH1,POWER,3.70
1765904895602,CH1,POWER,3.70
1765904895607,CH1,POWER,3.70
1765904895614,CH1,POWER,3.70
1765904895618,CH1,POWER,3.70
1765904895624,CH1,POWER,3.70
1765904895628,CH1,POWER,3.70
1765904895634,CH1,POWER,3.70
1765904895638,CH1,POWER,3.70
1765904895643,CH1,POWER,3.70
1765904895648,CH1,POWER,3.70
1765904895656,CH1,POWER,3.70
1765904895661,CH1,POWER,3.70
1765904895668,CH1,POWER,3.70
1765904895672,CH1,POWER,3.70
1765904895677,CH1,POWER,3.70
1765904895682,CH1,POWER,3.70
1765904895687,CH1,POWER,3.70
1765904895692,CH1,POWER,3.70
1765904895698,CH1,POWER,3.70
1765904895704,CH1,POWER,3.70
1765904895708,CH1,POWER,3.70
1765904895712,CH1,POWER,3.70
1765904895718,CH1,POWER,3.70
1765904895724,CH1,POWER,3.70
1765904895728,CH1,POWER,3.70
1765904895734,CH1,POWER,3.70
1765904895738,CH1,POWER,3.70
1765904895746,CH1,POWER,3.70
1765904895751,CH1,POWER,3.70
1765904895755,CH1,POWER,3.70
1765904895761,CH1,POWER,3.70
1765904895768,CH1,POWER,3.70
1765904895774,CH1,POWER,3.70
1765904895778,CH1,POWER,3.70
1765904895784,CH1,POWER,3.70
1765904895788,CH1,POWER,3.70
1765904895792,CH1,POWER,3.70
1765904895798,CH1,POWER,3.70
1765904895802,CH1,POWER,3.70
1765904895807,CH1,POWER,3.70
1765904895811,CH1,POWER,3.70
1765904895817,CH1,POWER,3.70
1765904895821,CH1,POWER,3.70
1765904895828,CH1,POWER,3.70
1765904895834,CH1,POWER,3.70
1765904895838,CH1,POWER,3.70
1765904895846,CH1,POWER,3.70
1765904895851,CH1,POWER,3.70
1765904895858,CH1,POWER,3.70
1765904895864,CH1,POWER,3.70
1765904895868,CH1,POWER,3.70
1765904895876,CH1,POWER,3.70
1765904895881,CH1,POWER,3.70
1765904895888,CH1,POWER,3.70
1765904895896,CH1,POWER,3.70
1765904895901,CH1,POWER,3.70
1765904895908,CH1,POWER,3.70
1765904895914,CH1,POWER,3.70
1765904895918,CH1,POWER,3.70
1765904895924,CH1,POWER,3.70
1765904895928,CH1,POWER,3.70
1765904895936,CH1,POWER,3.70
1765904895941,CH1,POWER,3.70
1765904895948,CH1,POWER,3.70
1765904895954,CH1,POWER,3.70
1765904895958,CH1,POWER,3.70
1765904895962,CH1,POWER,3.70
1765904895989,CH1,POWER,3.70
1765904895994,CH1,POWER,3.70
1765904895999,CH1,POWER,3.70
1765904896003,CH1,POWER,3.70
1765904896010,CH1,POWER,3.70
1765904896014,CH1,POWER,3.70
1765904896019,CH1,POWER,3.70
1765904896023,CH1,POWER,3.70
1765904896030,CH1,POWER,3.70
1765904896036,CH1,POWER,3.70
1765904896040,CH1,POWER,3.70
1765904896044,CH1,POWER,3.70
1765904896050,CH1,POWER,3.70
1765904896056,CH1,POWER,3.70
1765904896060,CH1,POWER,3.70
1765904896064,CH1,POWER,3.70
1765904896070,CH1,POWER,3.70
1765904896076,CH1,POWER,3.70
1765904896080,CH1,POWER,3.70
1765904896086,CH1,POWER,3.70
1765904896090,CH1,POWER,3.70
1765904896096,CH1,POWER,3.70
1765904896100,CH1,POWER,3.70
1765904896108,CH1,POWER,3.70
1765904896113,CH1,POWER,3.70
1765904896120,CH1,POWER,3.70
1765904896125,CH1,POWER,3.70
1765904896130,CH1,POWER,3.70
1765904896135,CH1,POWER,3.70
1765904896140,CH1,POWER,3.70
1765904896146,CH1,POWER,3.70
1765904896150,CH1,POWER,3.70
1765904896154,CH1,POWER,3.70
1765904896159,CH1,POWER,3.70
1765904896163,CH1,POWER,3.70
1765904896167,CH1,POWER,3.70
1765904896171,CH1,POWER,3.70
1765904896177,CH1,POWER,3.70
1765904896182,CH1,POWER,3.70
1765904896188,CH1,POWER,3.70
1765904896192,CH1,POWER,3.70
1765904896197,CH1,POWER,3.70
1765904896201,CH1,POWER,3.70
1765904896208,CH1,POWER,3.70
1765904896212,CH1,POWER,3.70
1765904896218,CH1,POWER,3.70
1765904896223,CH1,POWER,3.70
1765904896227,CH1,POWER,3.70
1765904896231,CH1,POWER,3.70
1765904896238,CH1,POWER,3.70
1765904896244,CH1,POWER,3.70
1765904896249,CH1,POWER,3.70
1765904896253,CH1,POWER,3.70
1765904896260,CH1,POWER,3.70
1765904896264,CH1,POWER,3.70
1765904896270,CH1,POWER,3.70
1765904896274,CH1,POWER,3.70
1765904896279,CH1,POWER,3.70
1765904896284,CH1,POWER,3.70
1765904896289,CH1,POWER,3.70
1765904896294,CH1,POWER,3.70
1765904896300,CH1,POWER,3.70
1765904896304,CH1,POWER,3.70
1765904896310,CH1,POWER,3.70
1765904896318,CH1,POWER,3.70
1765904896323,CH1,POWER,3.70
1765904896330,CH1,POWER,3.70
1765904896338,CH1,POWER,3.70
1765904896343,CH1,POWER,3.70
1765904896347,CH1,POWER,3.70
1765904896352,CH1,POWER,3.70
1765904896358,CH1,POWER,3.70
1765904896360,CH1,POWER,3.35
1765904896363,CH1,POWER,3.35
1765904896389,CH1,POWER,3.35
1765904896394,CH1,POWER,3.35
1765904896399,CH1,POWER,3.35
1765904896405,CH1,POWER,3.35
1765904896411,CH1,POWER,3.35
1765904896418,CH1,POWER,3.35
1765904896422,CH1,POWER,3.35
1765904896426,CH1,POWER,3.35
1765904896431,CH1,POWER,3.35
1765904896436,CH1,POWER,3.35
1765904896442,CH1,POWER,3.35
1765904896448,CH1,POWER,3.35
1765904896452,CH1,POWER,3.35
1765904896458,CH1,POWER,3.35
1765904896462,CH1,POWER,3.35
1765904896466,CH1,POWER,3.35
1765904896472,CH1,POWER,3.35
1765904896478,CH1,POWER,3.35
1765904896482,CH1,POWER,3.35
1765904896490,CH1,POWER,3.35
1765904896495,CH1,POWER,3.35
1765904896502,CH1,POWER,3.35
1765904896506,CH1,POWER,3.35
1765904896511,CH1,POWER,3.35
1765904896515,CH1,POWER,3.35
1765904896519,CH1,POWER,3.35
1765904896525,CH1,POWER,3.35
1765904896531,CH1,POWER,3.35
1765904896536,CH1,POWER,3.35
1765904896541,CH1,POWER,3.35
1765904896545,CH1,POWER,3.35
1765904896552,CH1,POWER,3.35
1765904896558,CH1,POWER,3.35
1765904896562,CH1,POWER,3.35
1765904896568,CH1,POWER,3.35
1765904896572,CH1,POWER,3.35
1765904896578,CH1,POWER,3.35
1765904896582,CH1,POWER,3.35
1765904896590,CH1,POWER,3.35
1765904896595,CH1,POWER,3.35
1765904896599,CH1,POWER,3.35
1765904896604,CH1,POWER,3.35
1765904896610,CH1,POWER,3.35
1765904896615,CH1,POWER,3.35
1765904896621,CH1,POWER,3.35
1765904896628,CH1,POWER,3.35
1765904896632,CH1,POWER,3.35
1765904896636,CH1,POWER,3.35
1765904896641,CH1,POWER,3.35
1765904896648,CH1,POWER,3.35
1765904896652,CH1,POWER,3.35
1765904896657,CH1,POWER,3.35
1765904896662,CH1,POWER,3.35
1765904896668,CH1,POWER,3.35
1765904896672,CH1,POWER,3.35
1765904896678,CH1,POWER,3.35
1765904896684,CH1,POWER,3.35
1765904896689,CH1,POWER,3.35
1765904896693,CH1,POWER,3.35
1765904896698,CH1,POWER,3.35
1765904896702,CH1,POWER,3.35
1765904896706,CH1,POWER,3.35
1765904896712,CH1,POWER,3.35
1765904896718,CH1,POWER,3.35
1765904896722,CH1,POWER,3.35
1765904896727,CH1,POWER,3.35
1765904896732,CH1,POWER,3.35
1765904896738,CH1,POWER,3.35
1765904896742,CH1,POWER,3.35
1765904896748,CH1,POWER,3.35
1765904896751,CH1,POWER,3.70
1765904896754,CH1,POWER,3.70
1765904896756,CH1,POWER,3.70
1765904896784,CH1,POWER,3.70
1765904896790,CH1,POWER,3.70
1765904896794,CH1,POWER,3.70
1765904896802,CH1,POWER,3.70
1765904896807,CH1,POWER,3.70
1765904896814,CH1,POWER,3.70
1765904896822,CH1,POWER,3.70
1765904896827,CH1,POWER,3.70
1765904896834,CH1,POWER,3.70
1765904896840,CH1,POWER,3.70
1765904896844,CH1,POWER,3.70
1765904896850,CH1,POWER,3.70
1765904896854,CH1,POWER,3.70
1765904896860,CH1,POWER,3.70
1765904896864,CH1,POWER,3.70
1765904896870,CH1,POWER,3.70
1765904896874,CH1,POWER,3.70
1765904896882,CH1,POWER,3.70
1765904896887,CH1,POWER,3.70
1765904896894,CH1,POWER,3.70
1765904896900,CH1,POWER,3.70
1765904896904,CH1,POWER,3.70
1765904896910,CH1,POWER,3.70
1765904896914,CH1,POWER,3.70
1765904896919,CH1,POWER,3.70
1765904896924,CH1,POWER,3.70
1765904896930,CH1,POWER,3.70
1765904896934,CH1,POWER,3.70
1765904896942,CH1,POWER,3.70
1765904896947,CH1,POWER,3.70
1765904896954,CH1,POWER,3.70
1765904896960,CH1,POWER,3.70
1765904896964,CH1,POWER,3.70
1765904896970,CH1,POWER,3.70
1765904896974,CH1,POWER,3.70
1765904896979,CH1,POWER,3.70
1765904896984,CH1,POWER,3.70
1765904896990,CH1,POWER,3.70
1765904896994,CH1,POWER,3.70
1765904897002,CH1,POWER,3.70
1765904897007,CH1,POWER,3.70
1765904897014,CH1,POWER,3.70
1765904897020,CH1,POWER,3.70
1765904897024,CH1,POWER,3.70
1765904897030,CH1,POWER,3.70
1765904897034,CH1,POWER,3.70
1765904897039,CH1,POWER,3.70
1765904897044,CH1,POWER,3.70
1765904897052,CH1,POWER,3.70
1765904897057,CH1,POWER,3.70
1765904897063,CH1,POWER,3.70
1765904897068,CH1,POWER,3.70
1765904897074,CH1,POWER,3.70
1765904897080,CH1,POWER,3.70
1765904897084,CH1,POWER,3.70
1765904897089,CH1,POWER,3.70
1765904897094,CH1,POWER,3.70
1765904897100,CH1,POWER,3.70
1765904897104,CH1,POWER,3.70
1765904897110,CH1,POWER,3.70
1765904897114,CH1,POWER,3.70
1765904897119,CH1,POWER,3.70
1765904897124,CH1,POWER,3.70
1765904897132,CH1,POWER,3.70
1765904897136,CH1,POWER,3.70
1765904897163,CH1,POWER,3.30
1765904897167,CH1,POWER,3.30
1765904897171,CH1,POWER,3.30
1765904897176,CH1,POWER,3.30
1765904897182,CH1,POWER,3.30
1765904897186,CH1,POWER,3.30
1765904897194,CH1,POWER,3.30
1765904897199,CH1,POWER,3.30
1765904897206,CH1,POWER,3.30
1765904897212,CH1,POWER,3.30
1765904897216,CH1,POWER,3.30
1765904897221,CH1,POWER,3.30
1765904897226,CH1,POWER,3.30
1765904897234,CH1,POWER,3.30
1765904897239,CH1,POWER,3.30
1765904897246,CH1,POWER,3.30
1765904897252,CH1,POWER,3.30
1765904897256,CH1,POWER,3.30
1765904897264,CH1,POWER,3.30
1765904897269,CH1,POWER,3.30
1765904897276,CH1,POWER,3.30
1765904897282,CH1,POWER,3.30
1765904897286,CH1,POWER,3.30
1765904897292,CH1,POWER,3.30
1765904897296,CH1,POWER,3.30
1765904897301,CH1,POWER,3.30
1765904897306,CH1,POWER,3.30
1765904897314,CH1,POWER,3.30
1765904897319,CH1,POWER,3.30
1765904897326,CH1,POWER,3.30
1765904897334,CH1,POWER,3.30
1765904897339,CH1,POWER,3.30
1765904897346,CH1,POWER,3.30
1765904897352,CH1,POWER,3.30
1765904897356,CH1,POWER,3.30
1765904897362,CH1,POWER,3.30
1765904897366,CH1,POWER,3.30
1765904897371,CH1,POWER,3.30
1765904897376,CH1,POWER,3.30
1765904897382,CH1,POWER,3.30
1765904897386,CH1,POWER,3.30
1765904897391,CH1,POWER,3.30
1765904897396,CH1,POWER,3.30
1765904897402,CH1,POWER,3.30
1765904897406,CH1,POWER,3.30
1765904897411,CH1,POWER,3.30
1765904897416,CH1,POWER,3.30
1765904897422,CH1,POWER,3.30
1765904897426,CH1,POWER,3.30
1765904897432,CH1,POWER,3.30
1765904897436,CH1,POWER,3.30
1765904897442,CH1,POWER,3.30
1765904897446,CH1,POWER,3.30
1765904897451,CH1,POWER,3.30
1765904897456,CH1,POWER,3.30
1765904897464,CH1,POWER,3.30
1765904897470,CH1,POWER,3.30
1765904897475,CH1,POWER,3.30
1765904897480,CH1,POWER,3.30
1765904897485,CH1,POWER,3.30
1765904897490,CH1,POWER,3.30
1765904897495,CH1,POWER,3.30
1765904897500,CH1,POWER,3.30
1765904897505,CH1,POWER,3.30
1765904897511,CH1,POWER,3.30
1765904897516,CH1,POWER,3.30
1765904897546,CH1,POWER,3.60
1765904897551,CH1,POWER,3.60
1765904897558,CH1,POWER,3.60
1765904897564,CH1,POWER,3.60
1765904897568,CH1,POWER,3.60
1765904897574,CH1,POWER,3.60
1765904897578,CH1,POWER,3.60
1765904897583,CH1,POWER,3.60
1765904897588,CH1,POWER,3.60
1765904897594,CH1,POWER,3.60
1765904897598,CH1,POWER,3.60
1765904897606,CH1,POWER,3.60
1765904897611,CH1,POWER,3.60
1765904897618,CH1,POWER,3.60
1765904897624,CH1,POWER,3.60
1765904897628,CH1,POWER,3.60
1765904897634,CH1,POWER,3.60
1765904897638,CH1,POWER,3.60
1765904897643,CH1,POWER,3.60
1765904897648,CH1,POWER,3.60
1765904897656,CH1,POWER,3.60
1765904897661,CH1,POWER,3.60
1765904897667,CH1,POWER,3.60
1765904897672,CH1,POWER,3.60
1765904897678,CH1,POWER,3.60
1765904897684,CH1,POWER,3.60
1765904897688,CH1,POWER,3.60
1765904897694,CH1,POWER,3.60
1765904897698,CH1,POWER,3.60
1765904897706,CH1,POWER,3.60
1765904897711,CH1,POWER,3.60
1765904897718,CH1,POWER,3.60
1765904897724,CH1,POWER,3.60
1765904897728,CH1,POWER,3.60
1765904897734,CH1,POWER,3.60
1765904897738,CH1,POWER,3.60
1765904897743,CH1,POWER,3.60
1765904897748,CH1,POWER,3.60
1765904897754,CH1,POWER,3.60
1765904897758,CH1,POWER,3.60
1765904897764,CH1,POWER,3.60
1765904897768,CH1,POWER,3.60
1765904897776,CH1,POWER,3.60
1765904897781,CH1,POWER,3.60
1765904897788,CH1,POWER,3.60
1765904897794,CH1,POWER,3.60
1765904897798,CH1,POWER,3.60
1765904897804,CH1,POWER,3.60
1765904897808,CH1,POWER,3.60
1765904897813,CH1,POWER,3.60
1765904897818,CH1,POWER,3.60
1765904897824,CH1,POWER,3.60
1765904897828,CH1,POWER,3.60
1765904897836,CH1,POWER,3.60
1765904897841,CH1,POWER,3.60
1765904897848,CH1,POWER,3.60
1765904897854,CH1,POWER,3.60
1765904897858,CH1,POWER,3.60
1765904897864,CH1,POWER,3.60
1765904897868,CH1,POWER,3.60
1765904897873,CH1,POWER,3.60
1765904897878,CH1,POWER,3.60
1765904897884,CH1,POWER,3.60
1765904897888,CH1,POWER,3.60
1765904897894,CH1,POWER,3.60
1765904897898,CH1,POWER,3.60
1765904897903,CH1,POWER,3.60
1765904897906,CH1,POWER,3.70
1765904897909,CH1,POWER,3.70
1765904897912,CH1,POWER,3.70
1765904897939,CH1,POWER,3.70
1765904897944,CH1,POWER,3.70
1765904897949,CH1,POWER,3.70
1765904897955,CH1,POWER,3.70
1765904897960,CH1,POWER,3.70
1765904897965,CH1,POWER,3.70
1765904897970,CH1,POWER,3.70
1765904897976,CH1,POWER,3.70
1765904897980,CH1,POWER,3.70
1765904897986,CH1,POWER,3.70
1765904897990,CH1,POWER,3.70
1765904897998,CH1,POWER,3.70
1765904898003,CH1,POWER,3.70
1765904898010,CH1,POWER,3.70
1765904898016,CH1,POWER,3.70
1765904898020,CH1,POWER,3.70
1765904898026,CH1,POWER,3.70
1765904898030,CH1,POWER,3.70
1765904898035,CH1,POWER,3.70
1765904898040,CH1,POWER,3.70
1765904898048,CH1,POWER,3.70
1765904898053,CH1,POWER,3.70
1765904898060,CH1,POWER,3.70
1765904898065,CH1,POWER,3.70
1765904898070,CH1,POWER,3.70
1765904898075,CH1,POWER,3.70
1765904898080,CH1,POWER,3.70
1765904898088,CH1,POWER,3.70
1765904898093,CH1,POWER,3.70
1765904898100,CH1,POWER,3.70
1765904898105,CH1,POWER,3.70
1765904898110,CH1,POWER,3.70
1765904898118,CH1,POWER,3.70
1765904898123,CH1,POWER,3.70
1765904898130,CH1,POWER,3.70
1765904898136,CH1,POWER,3.70
1765904898140,CH1,POWER,3.70
1765904898146,CH1,POWER,3.70
1765904898150,CH1,POWER,3.70
1765904898155,CH1,POWER,3.70
1765904898160,CH1,POWER,3.70
1765904898165,CH1,POWER,3.70
1765904898170,CH1,POWER,3.70
1765904898178,CH1,POWER,3.70
1765904898183,CH1,POWER,3.70
1765904898190,CH1,POWER,3.70
1765904898196,CH1,POWER,3.70
1765904898200,CH1,POWER,3.70
1765904898206,CH1,POWER,3.70
1765904898210,CH1,POWER,3.70
1765904898215,CH1,POWER,3.70
1765904898220,CH1,POWER,3.70
1765904898226,CH1,POWER,3.70
1765904898230,CH1,POWER,3.70
1765904898236,CH1,POWER,3.70
1765904898240,CH1,POWER,3.70
1765904898245,CH1,POWER,3.70
1765904898250,CH1,POWER,3.70
1765904898256,CH1,POWER,3.70
1765904898260,CH1,POWER,3.70
1765904898266,CH1,POWER,3.70
1765904898270,CH1,POWER,3.70
1765904898278,CH1,POWER,3.70
1765904898284,CH1,POWER,3.70
1765904898289,CH1,POWER,3.70
1765904898293,CH1,POWER,3.70
1765904898297,CH1,POWER,3.30
1765904898300,CH1,POWER,3.30
1765904898303,CH1,POWER,3.30
1765904898329,CH1,POWER,3.30
1765904898334,CH1,POWER,3.30
1765904898339,CH1,POWER,3.30
1765904898345,CH1,POWER,3.30
1765904898351,CH1,POWER,3.30
1765904898356,CH1,POWER,3.30
1765904898362,CH1,POWER,3.30
1765904898368,CH1,POWER,3.30
1765904898372,CH1,POWER,3.30
1765904898377,CH1,POWER,3.30
1765904898382,CH1,POWER,3.30
1765904898390,CH1,POWER,3.30
1765904898395,CH1,POWER,3.30
1765904898402,CH1,POWER,3.30
1765904898407,CH1,POWER,3.30
1765904898412,CH1,POWER,3.30
1765904898417,CH1,POWER,3.30
1765904898422,CH1,POWER,3.30
1765904898430,CH1,POWER,3.30
1765904898435,CH1,POWER,3.30
1765904898441,CH1,POWER,3.30
1765904898446,CH1,POWER,3.30
1765904898451,CH1,POWER,3.30
1765904898456,CH1,POWER,3.30
1765904898462,CH1,POWER,3.30
1765904898468,CH1,POWER,3.30
1765904898472,CH1,POWER,3.30
1765904898478,CH1,POWER,3.30
1765904898482,CH1,POWER,3.30
1765904898487,CH1,POWER,3.30
1765904898492,CH1,POWER,3.30
1765904898498,CH1,POWER,3.30
1765904898502,CH1,POWER,3.30
1765904898508,CH1,POWER,3.30
1765904898512,CH1,POWER,3.30
1765904898520,CH1,POWER,3.30
1765904898525,CH1,POWER,3.30
1765904898532,CH1,POWER,3.30
1765904898538,CH1,POWER,3.30
1765904898542,CH1,POWER,3.30
1765904898548,CH1,POWER,3.30
1765904898552,CH1,POWER,3.30
1765904898557,CH1,POWER,3.30
1765904898562,CH1,POWER,3.30
1765904898568,CH1,POWER,3.30
1765904898572,CH1,POWER,3.30
1765904898578,CH1,POWER,3.30
1765904898582,CH1,POWER,3.30
1765904898587,CH1,POWER,3.30
1765904898592,CH1,POWER,3.30
1765904898598,CH1,POWER,3.30
1765904898602,CH1,POWER,3.30
1765904898608,CH1,POWER,3.30
1765904898612,CH1,POWER,3.30
1765904898617,CH1,POWER,3.30
1765904898622,CH1,POWER,3.30
1765904898630,CH1,POWER,3.30
1765904898635,CH1,POWER,3.30
1765904898642,CH1,POWER,3.30
1765904898647,CH1,POWER,3.30
1765904898652,CH1,POWER,3.30
1765904898657,CH1,POWER,3.30
1765904898662,CH1,POWER,3.30
1765904898668,CH1,POWER,3.30
1765904898672,CH1,POWER,3.30
1765904898680,CH1,POWER,3.30
1765904898685,CH1,POWER,3.30
1765904898690,CH1,POWER,3.70
1765904898692,CH1,POWER,3.70
1765904898695,CH1,POWER,3.70
1765904898721,CH1,POWER,3.70
1765904898726,CH1,POWER,3.70
1765904898734,CH1,POWER,3.70
1765904898740,CH1,POWER,3.70
1765904898744,CH1,POWER,3.70
1765904898750,CH1,POWER,3.70
1765904898754,CH1,POWER,3.70
1765904898760,CH1,POWER,3.70
1765904898764,CH1,POWER,3.70
1765904898772,CH1,POWER,3.70
1765904898777,CH1,POWER,3.70
1765904898784,CH1,POWER,3.70
1765904898790,CH1,POWER,3.70
1765904898794,CH1,POWER,3.70
1765904898800,CH1,POWER,3.70
1765904898804,CH1,POWER,3.70
1765904898809,CH1,POWER,3.70
1765904898814,CH1,POWER,3.70
1765904898820,CH1,POWER,3.70
1765904898824,CH1,POWER,3.70
1765904898829,CH1,POWER,3.70
1765904898834,CH1,POWER,3.70
1765904898839,CH1,POWER,3.70
1765904898844,CH1,POWER,3.70
1765904898848,CH1,POWER,3.70
1765904898853,CH1,POWER,3.70
1765904898857,CH1,POWER,3.70
1765904898863,CH1,POWER,3.70
1765904898868,CH1,POWER,3.70
1765904898873,CH1,POWER,3.70
1765904898878,CH1,POWER,3.70
1765904898884,CH1,POWER,3.70
1765904898890,CH1,POWER,3.70
1765904898894,CH1,POWER,3.70
1765904898899,CH1,POWER,3.70
1765904898904,CH1,POWER,3.70
1765904898909,CH1,POWER,3.70
1765904898914,CH1,POWER,3.70
1765904898919,CH1,POWER,3.70
1765904898924,CH1,POWER,3.70
1765904898928,CH1,POWER,3.70
1765904898934,CH1,POWER,3.70
1765904898940,CH1,POWER,3.70
1765904898944,CH1,POWER,3.70
1765904898949,CH1,POWER,3.70
1765904898954,CH1,POWER,3.70
1765904898960,CH1,POWER,3.70
1765904898964,CH1,POWER,3.70
1765904898968,CH1,POWER,3.70
1765904898973,CH1,POWER,3.70
1765904898977,CH1,POWER,3.70
1765904898981,CH1,POWER,3.70
1765904898986,CH1,POWER,3.70
1765904898991,CH1,POWER,3.70
1765904898997,CH1,POWER,3.70
1765904899004,CH1,POWER,3.70
1765904899009,CH1,POWER,3.70
1765904899014,CH1,POWER,3.70
1765904899019,CH1,POWER,3.70
1765904899024,CH1,POWER,3.70
1765904899028,CH1,POWER,3.70
1765904899033,CH1,POWER,3.70
1765904899037,CH1,POWER,3.70
1765904899044,CH1,POWER,3.70
1765904899048,CH1,POWER,3.70
1765904899053,CH1,POWER,3.70
1765904899058,CH1,POWER,3.70
1765904899063,CH1,POWER,3.70
1765904899068,CH1,POWER,3.70
1765904899073,CH1,POWER,3.70
1765904899078,CH1,POWER,3.70
1765904899083,CH1,POWER,3.70
1765904899087,CH1,POWER,3.30
1765904899113,CH1,POWER,3.30
1765904899118,CH1,POWER,3.30
1765904899123,CH1,POWER,3.30
1765904899127,CH1,POWER,3.30
1765904899134,CH1,POWER,3.30
1765904899139,CH1,POWER,3.30
1765904899146,CH1,POWER,3.30
1765904899151,CH1,POWER,3.30
1765904899156,CH1,POWER,3.30
1765904899161,CH1,POWER,3.30
1765904899166,CH1,POWER,3.30
1765904899170,CH1,POWER,3.30
1765904899176,CH1,POWER,3.30
1765904899182,CH1,POWER,3.30
1765904899186,CH1,POWER,3.30
1765904899194,CH1,POWER,3.30
1765904899199,CH1,POWER,3.30
1765904899206,CH1,POWER,3.30
1765904899212,CH1,POWER,3.30
1765904899216,CH1,POWER,3.30
1765904899222,CH1,POWER,3.30
1765904899226,CH1,POWER,3.30
1765904899234,CH1,POWER,3.30
1765904899239,CH1,POWER,3.30
1765904899245,CH1,POWER,3.30
1765904899249,CH1,POWER,3.30
1765904899253,CH1,POWER,3.30
1765904899258,CH1,POWER,3.30
1765904899263,CH1,POWER,3.30
1765904899268,CH1,POWER,3.30
1765904899276,CH1,POWER,3.30
1765904899281,CH1,POWER,3.30
1765904899286,CH1,POWER,3.30
1765904899292,CH1,POWER,3.30
1765904899296,CH1,POWER,3.30
1765904899304,CH1,POWER,3.30
1765904899309,CH1,POWER,3.30
1765904899316,CH1,POWER,3.30
1765904899322,CH1,POWER,3.30
1765904899326,CH1,POWER,3.30
1765904899332,CH1,POWER,3.30
1765904899336,CH1,POWER,3.30
1765904899341,CH1,POWER,3.30
1765904899346,CH1,POWER,3.30
1765904899352,CH1,POWER,3.30
1765904899356,CH1,POWER,3.30
1765904899361,CH1,POWER,3.30
1765904899366,CH1,POWER,3.30
1765904899374,CH1,POWER,3.30
1765904899379,CH1,POWER,3.30
1765904899386,CH1,POWER,3.30
1765904899392,CH1,POWER,3.30
1765904899396,CH1,POWER,3.30
1765904899401,CH1,POWER,3.30
1765904899406,CH1,POWER,3.30
1765904899411,CH1,POWER,3.30
1765904899416,CH1,POWER,3.30
1765904899422,CH1,POWER,3.30
1765904899426,CH1,POWER,3.30
1765904899434,CH1,POWER,3.30
1765904899439,CH1,POWER,3.30
1765904899446,CH1,POWER,3.30
1765904899452,CH1,POWER,3.30
1765904899456,CH1,POWER,3.30
1765904899461,CH1,POWER,3.30
1765904899466,CH1,POWER,3.30
1765904899471,CH1,POWER,3.30
1765904899475,CH1,POWER,3.10
1765904899477,CH1,POWER,3.10
1765904899480,CH1,POWER,3.10
1765904899507,CH1,POWER,3.10
1765904899512,CH1,POWER,3.10
1765904899517,CH1,POWER,3.10
1765904899523,CH1,POWER,3.10
1765904899528,CH1,POWER,3.10
1765904899533,CH1,POWER,3.10
1765904899538,CH1,POWER,3.10
1765904899544,CH1,POWER,3.10
1765904899548,CH1,POWER,3.10
1765904899556,CH1,POWER,3.10
1765904899561,CH1,POWER,3.10
1765904899568,CH1,POWER,3.10
1765904899574,CH1,POWER,3.10
1765904899578,CH1,POWER,3.10
1765904899586,CH1,POWER,3.10
1765904899591,CH1,POWER,3.10
1765904899598,CH1,POWER,3.10
1765904899603,CH1,POWER,3.10
1765904899608,CH1,POWER,3.10
1765904899616,CH1,POWER,3.10
1765904899621,CH1,POWER,3.10
1765904899628,CH1,POWER,3.10
1765904899633,CH1,POWER,3.10
1765904899638,CH1,POWER,3.10
1765904899643,CH1,POWER,3.10
1765904899648,CH1,POWER,3.10
1765904899653,CH1,POWER,3.10
1765904899658,CH1,POWER,3.10
1765904899663,CH1,POWER,3.10
1765904899668,CH1,POWER,3.10
1765904899676,CH1,POWER,3.10
1765904899681,CH1,POWER,3.10
1765904899688,CH1,POWER,3.10
1765904899693,CH1,POWER,3.10
1765904899698,CH1,POWER,3.10
1765904899703,CH1,POWER,3.10
1765904899708,CH1,POWER,3.10
1765904899716,CH1,POWER,3.10
1765904899721,CH1,POWER,3.10
1765904899728,CH1,POWER,3.10
1765904899733,CH1,POWER,3.10
1765904899738,CH1,POWER,3.10
1765904899743,CH1,POWER,3.10
1765904899748,CH1,POWER,3.10
1765904899756,CH1,POWER,3.10
1765904899762,CH1,POWER,3.10
1765904899767,CH1,POWER,3.10
1765904899772,CH1,POWER,3.10
1765904899777,CH1,POWER,3.10
1765904899783,CH1,POWER,3.10
1765904899788,CH1,POWER,3.10
1765904899796,CH1,POWER,3.10
1765904899800,CH1,POWER,3.10
1765904899808,CH1,POWER,3.10
1765904899813,CH1,POWER,3.10
1765904899818,CH1,POWER,3.10
1765904899823,CH1,POWER,3.10
1765904899828,CH1,POWER,3.10
1765904899833,CH1,POWER,3.10
1765904899838,CH1,POWER,3.10
1765904899846,CH1,POWER,3.10
1765904899851,CH1,POWER,3.10
1765904899857,CH1,POWER,3.10
1765904899860,CH1,POWER,3.65
1765904899863,CH1,POWER,3.65
1765904899890,CH1,POWER,3.65
1765904899895,CH1,POWER,3.65
1765904899900,CH1,POWER,3.65
1765904899905,CH1,POWER,3.65
1765904899910,CH1,POWER,3.65
1765904899918,CH1,POWER,3.65
1765904899923,CH1,POWER,3.65
1765904899930,CH1,POWER,3.65
1765904899935,CH1,POWER,3.65
1765904899940,CH1,POWER,3.65
1765904899948,CH1,POWER,3.65
1765904899953,CH1,POWER,3.65
1765904899960,CH1,POWER,3.65
1765904899965,CH1,POWER,3.65
1765904899970,CH1,POWER,3.65
1765904899978,CH1,POWER,3.65
1765904899983,CH1,POWER,3.65
1765904899990,CH1,POWER,3.65
1765904899995,CH1,POWER,3.65
1765904900000,CH1,POWER,3.65
1765904900008,CH1,POWER,3.65
1765904900013,CH1,POWER,3.65
1765904900020,CH1,POWER,3.65
1765904900025,CH1,POWER,3.65
1765904900030,CH1,POWER,3.65
1765904900038,CH1,POWER,3.65
1765904900042,CH1,POWER,3.65
1765904900047,CH1,POWER,3.65
1765904900052,CH1,POWER,3.65
1765904900057,CH1,POWER,3.65
1765904900062,CH1,POWER,3.65
1765904900067,CH1,POWER,3.65
1765904900072,CH1,POWER,3.65
1765904900077,CH1,POWER,3.65
1765904900082,CH1,POWER,3.65
1765904900090,CH1,POWER,3.65
1765904900095,CH1,POWER,3.65
1765904900100,CH1,POWER,3.65
1765904900105,CH1,POWER,3.65
1765904900110,CH1,POWER,3.65
1765904900118,CH1,POWER,3.65
1765904900122,CH1,POWER,3.65
1765904900127,CH1,POWER,3.65
1765904900132,CH1,POWER,3.65
1765904900140,CH1,POWER,3.65
1765904900145,CH1,POWER,3.65
1765904900150,CH1,POWER,3.65
1765904900155,CH1,POWER,3.65
1765904900160,CH1,POWER,3.65
1765904900165,CH1,POWER,3.65
1765904900170,CH1,POWER,3.65
1765904900175,CH1,POWER,3.65
1765904900180,CH1,POWER,3.65
1765904900185,CH1,POWER,3.65
1765904900190,CH1,POWER,3.65
1765904900195,CH1,POWER,3.65
1765904900200,CH1,POWER,3.65
1765904900208,CH1,POWER,3.65
1765904900214,CH1,POWER,3.65
1765904900219,CH1,POWER,3.65
1765904900224,CH1,POWER,3.65
1765904900230,CH1,POWER,3.65
1765904900235,CH1,POWER,3.65
1765904900240,CH1,POWER,3.65
1765904900245,CH1,POWER,3.65
1765904900250,CH1,POWER,3.65
1765904900252,CH1,POWER,3.60
1765904900279,CH1,POWER,3.60
1765904900284,CH1,POWER,3.60
1765904900289,CH1,POWER,3.60
1765904900295,CH1,POWER,3.60
1765904900302,CH1,POWER,3.60
1765904900307,CH1,POWER,3.60
1765904900312,CH1,POWER,3.60
1765904900317,CH1,POWER,3.60
1765904900322,CH1,POWER,3.60
1765904900327,CH1,POWER,3.60
1765904900332,CH1,POWER,3.60
1765904900340,CH1,POWER,3.60
1765904900345,CH1,POWER,3.60
1765904900352,CH1,POWER,3.60
1765904900360,CH1,POWER,3.60
1765904900365,CH1,POWER,3.60
1765904900372,CH1,POWER,3.60
1765904900377,CH1,POWER,3.60
1765904900382,CH1,POWER,3.60
1765904900387,CH1,POWER,3.60
1765904900392,CH1,POWER,3.60
1765904900397,CH1,POWER,3.60
1765904900402,CH1,POWER,3.60
1765904900410,CH1,POWER,3.60
1765904900415,CH1,POWER,3.60
1765904900422,CH1,POWER,3.60
1765904900427,CH1,POWER,3.60
1765904900432,CH1,POWER,3.60
1765904900440,CH1,POWER,3.60
1765904900445,CH1,POWER,3.60
1765904900452,CH1,POWER,3.60
1765904900460,CH1,POWER,3.60
1765904900465,CH1,POWER,3.60
1765904900472,CH1,POWER,3.60
1765904900477,CH1,POWER,3.60
1765904900482,CH1,POWER,3.60
1765904900487,CH1,POWER,3.60
1765904900492,CH1,POWER,3.60
1765904900500,CH1,POWER,3.60
1765904900505,CH1,POWER,3.60
1765904900512,CH1,POWER,3.60
1765904900517,CH1,POWER,3.60
1765904900522,CH1,POWER,3.60
1765904900530,CH1,POWER,3.60
1765904900535,CH1,POWER,3.60
1765904900542,CH1,POWER,3.60
1765904900547,CH1,POWER,3.60
1765904900552,CH1,POWER,3.60
1765904900560,CH1,POWER,3.60
1765904900564,CH1,POWER,3.60
1765904900569,CH1,POWER,3.60
1765904900575,CH1,POWER,3.60
1765904900579,CH1,POWER,3.60
1765904900584,CH1,POWER,3.60
1765904900592,CH1,POWER,3.60
1765904900596,CH1,POWER,3.60
1765904900601,CH1,POWER,3.60
1765904900607,CH1,POWER,3.60
1765904900612,CH1,POWER,3.60
1765904900617,CH1,POWER,3.60
1765904900622,CH1,POWER,3.60
1765904900627,CH1,POWER,3.60
1765904900632,CH1,POWER,3.60
1765904900636,CH1,POWER,3.60
1765904900664,CH1,POWER,3.60
1765904900669,CH1,POWER,3.60
1765904900674,CH1,POWER,3.60
1765904900679,CH1,POWER,3.60
1765904900684,CH1,POWER,3.60
1765904900692,CH1,POWER,3.60
1765904900696,CH1,POWER,3.60
1765904900701,CH1,POWER,3.60
1765904900706,CH1,POWER,3.60
1765904900714,CH1,POWER,3.60
1765904900719,CH1,POWER,3.60
1765904900724,CH1,POWER,3.60
1765904900729,CH1,POWER,3.60
1765904900734,CH1,POWER,3.60
1765904900738,CH1,POWER,3.60
1765904900744,CH1,POWER,3.60
1765904900749,CH1,POWER,3.60
1765904900754,CH1,POWER,3.60
1765904900762,CH1,POWER,3.60
1765904900767,CH1,POWER,3.60
1765904900774,CH1,POWER,3.60
1765904900779,CH1,POWER,3.60
1765904900784,CH1,POWER,3.60
1765904900792,CH1,POWER,3.60
1765904900797,CH1,POWER,3.60
1765904900804,CH1,POWER,3.60
1765904900809,CH1,POWER,3.60
1765904900814,CH1,POWER,3.60
1765904900822,CH1,POWER,3.60
1765904900826,CH1,POWER,3.60
1765904900831,CH1,POWER,3.60
1765904900837,CH1,POWER,3.60
1765904900844,CH1,POWER,3.60
1765904900849,CH1,POWER,3.60
1765904900854,CH1,POWER,3.60
1765904900859,CH1,POWER,3.60
1765904900864,CH1,POWER,3.60
1765904900869,CH1,POWER,3.60
1765904900874,CH1,POWER,3.60
1765904900882,CH1,POWER,3.60
1765904900887,CH1,POWER,3.60
1765904900894,CH1,POWER,3.60
1765904900902,CH1,POWER,3.60
1765904900907,CH1,POWER,3.60
1765904900914,CH1,POWER,3.60
1765904900919,CH1,POWER,3.60
1765904900924,CH1,POWER,3.60
1765904900932,CH1,POWER,3.60
1765904900937,CH1,POWER,3.60
1765904900944,CH1,POWER,3.60
1765904900949,CH1,POWER,3.60
1765904900954,CH1,POWER,3.60
1765904900959,CH1,POWER,3.60
1765904900964,CH1,POWER,3.60
1765904900969,CH1,POWER,3.60
1765904900974,CH1,POWER,3.60
1765904900979,CH1,POWER,3.60
1765904900984,CH1,POWER,3.60
1765904900989,CH1,POWER,3.60
1765904900994,CH1,POWER,3.60
1765904900999,CH1,POWER,3.60
1765904901004,CH1,POWER,3.60
1765904901012,CH1,POWER,3.60
1765904901017,CH1,POWER,3.60
1765904901022,CH1,POWER,3.60
1765904901025,CH1,POWER,3.45
1765904901028,CH1,POWER,3.45
1765904901056,CH1,POWER,3.45
1765904901061,CH1,POWER,3.45
1765904901066,CH1,POWER,3.45
1765904901074,CH1,POWER,3.45
1765904901079,CH1,POWER,3.45
1765904901086,CH1,POWER,3.45
1765904901091,CH1,POWER,3.45
1765904901096,CH1,POWER,3.45
1765904901104,CH1,POWER,3.45
1765904901110,CH1,POWER,3.45
1765904901115,CH1,POWER,3.45
1765904901120,CH1,POWER,3.45
1765904901126,CH1,POWER,3.45
1765904901131,CH1,POWER,3.45
1765904901136,CH1,POWER,3.45
1765904901144,CH1,POWER,3.45
1765904901149,CH1,POWER,3.45
1765904901156,CH1,POWER,3.45
1765904901161,CH1,POWER,3.45
1765904901166,CH1,POWER,3.45
1765904901171,CH1,POWER,3.45
1765904901176,CH1,POWER,3.45
1765904901184,CH1,POWER,3.45
1765904901189,CH1,POWER,3.45
1765904901196,CH1,POWER,3.45
1765904901201,CH1,POWER,3.45
1765904901206,CH1,POWER,3.45
1765904901211,CH1,POWER,3.45
1765904901216,CH1,POWER,3.45
1765904901221,CH1,POWER,3.45
1765904901226,CH1,POWER,3.45
1765904901234,CH1,POWER,3.45
1765904901239,CH1,POWER,3.45
1765904901245,CH1,POWER,3.45
1765904901250,CH1,POWER,3.45
1765904901256,CH1,POWER,3.45
1765904901261,CH1,POWER,3.45
1765904901266,CH1,POWER,3.45
1765904901271,CH1,POWER,3.45
1765904901276,CH1,POWER,3.45
1765904901281,CH1,POWER,3.45
1765904901286,CH1,POWER,3.45
1765904901294,CH1,POWER,3.45
1765904901298,CH1,POWER,3.45
1765904901303,CH1,POWER,3.45
1765904901309,CH1,POWER,3.45
1765904901316,CH1,POWER,3.45
1765904901321,CH1,POWER,3.45
1765904901326,CH1,POWER,3.45
1765904901331,CH1,POWER,3.45
1765904901336,CH1,POWER,3.45
1765904901341,CH1,POWER,3.45
1765904901346,CH1,POWER,3.45
1765904901353,CH1,POWER,3.45
1765904901358,CH1,POWER,3.45
1765904901363,CH1,POWER,3.45
1765904901368,CH1,POWER,3.45
1765904901373,CH1,POWER,3.45
1765904901378,CH1,POWER,3.45
1765904901386,CH1,POWER,3.45
1765904901391,CH1,POWER,3.45
1765904901396,CH1,POWER,3.45
1765904901404,CH1,POWER,3.45
1765904901407,CH1,POWER,3.70
1765904901409,CH1,POWER,3.70
1765904901437,CH1,POWER,3.70
1765904901442,CH1,POWER,3.70
1765904901447,CH1,POWER,3.70
1765904901453,CH1,POWER,3.70
1765904901458,CH1,POWER,3.70
1765904901466,CH1,POWER,3.70
1765904901471,CH1,POWER,3.70
1765904901475,CH1,POWER,3.70
1765904901480,CH1,POWER,3.70
1765904901488,CH1,POWER,3.70
1765904901493,CH1,POWER,3.70
1765904901498,CH1,POWER,3.70
1765904901503,CH1,POWER,3.70
1765904901508,CH1,POWER,3.70
1765904901516,CH1,POWER,3.70
1765904901521,CH1,POWER,3.70
1765904901527,CH1,POWER,3.70
1765904901532,CH1,POWER,3.70
1765904901537,CH1,POWER,3.70
1765904901543,CH1,POWER,3.70
1765904901548,CH1,POWER,3.70
1765904901553,CH1,POWER,3.70
1765904901558,CH1,POWER,3.70
1765904901565,CH1,POWER,3.70
1765904901570,CH1,POWER,3.70
1765904901575,CH1,POWER,3.70
1765904901580,CH1,POWER,3.70
1765904901587,CH1,POWER,3.70
1765904901592,CH1,POWER,3.70
1765904901597,CH1,POWER,3.70
1765904901603,CH1,POWER,3.70
1765904901608,CH1,POWER,3.70
1765904901613,CH1,POWER,3.70
1765904901618,CH1,POWER,3.70
1765904901623,CH1,POWER,3.70
1765904901628,CH1,POWER,3.70
1765904901635,CH1,POWER,3.70
1765904901640,CH1,POWER,3.70
1765904901645,CH1,POWER,3.70
1765904901650,CH1,POWER,3.70
1765904901655,CH1,POWER,3.70
1765904901660,CH1,POWER,3.70
1765904901665,CH1,POWER,3.70
1765904901670,CH1,POWER,3.70
1765904901678,CH1,POWER,3.70
1765904901683,CH1,POWER,3.70
1765904901688,CH1,POWER,3.70
1765904901693,CH1,POWER,3.70
1765904901698,CH1,POWER,3.70
1765904901703,CH1,POWER,3.70
1765904901708,CH1,POWER,3.70
1765904901716,CH1,POWER,3.70
1765904901721,CH1,POWER,3.70
1765904901728,CH1,POWER,3.70
1765904901733,CH1,POWER,3.70
1765904901738,CH1,POWER,3.70
1765904901746,CH1,POWER,3.70
1765904901751,CH1,POWER,3.70
1765904901757,CH1,POWER,3.70
1765904901762,CH1,POWER,3.70
1765904901767,CH1,POWER,3.70
1765904901772,CH1,POWER,3.70
1765904901777,CH1,POWER,3.70
1765904901782,CH1,POWER,3.70
1765904901788,CH1,POWER,3.70
1765904901792,CH1,POWER,3.70
1765904901820,CH1,POWER,3.30
1765904901825,CH1,POWER,3.30
1765904901830,CH1,POWER,3.30
1765904901838,CH1,POWER,3.30
1765904901843,CH1,POWER,3.30
1765904901850,CH1,POWER,3.30
1765904901855,CH1,POWER,3.30
1765904901860,CH1,POWER,3.30
1765904901867,CH1,POWER,3.30
1765904901872,CH1,POWER,3.30
1765904901877,CH1,POWER,3.30
1765904901882,CH1,POWER,3.30
1765904901886,CH1,POWER,3.30
1765904901891,CH1,POWER,3.30
1765904901898,CH1,POWER,3.30
1765904901903,CH1,POWER,3.30
1765904901910,CH1,POWER,3.30
1765904901915,CH1,POWER,3.30
1765904901920,CH1,POWER,3.30
1765904901925,CH1,POWER,3.30
1765904901930,CH1,POWER,3.30
1765904901935,CH1,POWER,3.30
1765904901940,CH1,POWER,3.30
1765904901945,CH1,POWER,3.30
1765904901950,CH1,POWER,3.30
1765904901958,CH1,POWER,3.30
1765904901963,CH1,POWER,3.30
1765904901970,CH1,POWER,3.30
1765904901975,CH1,POWER,3.30
1765904901980,CH1,POWER,3.30
1765904901985,CH1,POWER,3.30
1765904901990,CH1,POWER,3.30
1765904901995,CH1,POWER,3.30
1765904902000,CH1,POWER,3.30
1765904902007,CH1,POWER,3.30
1765904902012,CH1,POWER,3.30
1765904902017,CH1,POWER,3.30
1765904902023,CH1,POWER,3.30
1765904902029,CH1,POWER,3.30
1765904902034,CH1,POWER,3.30
1765904902039,CH1,POWER,3.30
1765904902044,CH1,POWER,3.30
1765904902049,CH1,POWER,3.30
1765904902054,CH1,POWER,3.30
1765904902059,CH1,POWER,3.30
1765904902065,CH1,POWER,3.30
1765904902070,CH1,POWER,3.30
1765904902075,CH1,POWER,3.30
1765904902080,CH1,POWER,3.30
1765904902085,CH1,POWER,3.30
1765904902090,CH1,POWER,3.30
1765904902094,CH1,POWER,3.30
1765904902098,CH1,POWER,3.30
1765904902103,CH1,POWER,3.30
1765904902110,CH1,POWER,3.30
1765904902115,CH1,POWER,3.30
1765904902120,CH1,POWER,3.30
1765904902125,CH1,POWER,3.30
1765904902130,CH1,POWER,3.30
1765904902135,CH1,POWER,3.30
1765904902140,CH1,POWER,3.30
1765904902148,CH1,POWER,3.30
1765904902153,CH1,POWER,3.30
1765904902160,CH1,POWER,3.30
1765904902165,CH1,POWER,3.30
1765904902170,CH1,POWER,3.30
1765904902175,CH1,POWER,3.30
1765904902179,CH1,POWER,3.30
1765904902182,CH1,POWER,3.60
1765904902185,CH1,POWER,3.60
1765904902212,CH1,POWER,3.60
1765904902217,CH1,POWER,3.60
1765904902222,CH1,POWER,3.60
1765904902229,CH1,POWER,3.60
1765904902233,CH1,POWER,3.60
1765904902239,CH1,POWER,3.60
1765904902244,CH1,POWER,3.60
1765904902252,CH1,POWER,3.60
1765904902257,CH1,POWER,3.60
1765904902261,CH1,POWER,3.60
1765904902266,CH1,POWER,3.60
1765904902271,CH1,POWER,3.60
1765904902276,CH1,POWER,3.60
1765904902281,CH1,POWER,3.60
1765904902286,CH1,POWER,3.60
1765904902292,CH1,POWER,3.60
1765904902297,CH1,POWER,3.60
1765904902302,CH1,POWER,3.60
1765904902307,CH1,POWER,3.60
1765904902311,CH1,POWER,3.60
1765904902316,CH1,POWER,3.60
1765904902322,CH1,POWER,3.60
1765904902327,CH1,POWER,3.60
1765904902332,CH1,POWER,3.60
1765904902340,CH1,POWER,3.60
1765904902345,CH1,POWER,3.60
1765904902351,CH1,POWER,3.60
1765904902356,CH1,POWER,3.60
1765904902360,CH1,POWER,3.60
1765904902365,CH1,POWER,3.60
1765904902371,CH1,POWER,3.60
1765904902376,CH1,POWER,3.60
1765904902381,CH1,POWER,3.60
1765904902386,CH1,POWER,3.60
1765904902392,CH1,POWER,3.60
1765904902397,CH1,POWER,3.60
1765904902402,CH1,POWER,3.60
1765904902410,CH1,POWER,3.60
1765904902415,CH1,POWER,3.60
1765904902421,CH1,POWER,3.60
1765904902426,CH1,POWER,3.60
1765904902431,CH1,POWER,3.60
1765904902436,CH1,POWER,3.60
1765904902442,CH1,POWER,3.60
1765904902447,CH1,POWER,3.60
1765904902451,CH1,POWER,3.60
1765904902456,CH1,POWER,3.60
1765904902461,CH1,POWER,3.60
1765904902466,CH1,POWER,3.60
1765904902470,CH1,POWER,3.60
1765904902475,CH1,POWER,3.60
1765904902482,CH1,POWER,3.60
1765904902487,CH1,POWER,3.60
1765904902492,CH1,POWER,3.60
1765904902497,CH1,POWER,3.60
1765904902502,CH1,POWER,3.60
1765904902507,CH1,POWER,3.60
1765904902512,CH1,POWER,3.60
1765904902519,CH1,POWER,3.60
1765904902523,CH1,POWER,3.60
1765904902530,CH1,POWER,3.60
1765904902535,CH1,POWER,3.60
1765904902542,CH1,POWER,3.60
1765904902547,CH1,POWER,3.60
1765904902552,CH1,POWER,3.60
1765904902557,CH1,POWER,3.60
1765904902561,CH1,POWER,3.60
1765904902566,CH1,POWER,3.60
1765904902571,CH1,POWER,3.60
1765904902575,CH1,POWER,3.70
1765904902603,CH1,POWER,3.70
1765904902608,CH1,POWER,3.70
1765904902612,CH1,POWER,3.70
1765904902618,CH1,POWER,3.70
1765904902623,CH1,POWER,3.70
1765904902628,CH1,POWER,3.70
1765904902633,CH1,POWER,3.70
1765904902637,CH1,POWER,3.70
1765904902644,CH1,POWER,3.70
1765904902649,CH1,POWER,3.70
1765904902654,CH1,POWER,3.70
1765904902662,CH1,POWER,3.70
1765904902667,CH1,POWER,3.70
1765904902674,CH1,POWER,3.70
1765904902679,CH1,POWER,3.70
1765904902684,CH1,POWER,3.70
1765904902692,CH1,POWER,3.70
1765904902697,CH1,POWER,3.70
1765904902703,CH1,POWER,3.70
1765904902708,CH1,POWER,3.70
1765904902713,CH1,POWER,3.70
1765904902718,CH1,POWER,3.70
1765904902723,CH1,POWER,3.70
1765904902729,CH1,POWER,3.70
1765904902734,CH1,POWER,3.70
1765904902739,CH1,POWER,3.70
1765904902743,CH1,POWER,3.70
1765904902748,CH1,POWER,3.70
1765904902753,CH1,POWER,3.70
1765904902759,CH1,POWER,3.70
1765904902764,CH1,POWER,3.70
1765904902772,CH1,POWER,3.70
1765904902778,CH1,POWER,3.70
1765904902783,CH1,POWER,3.70
1765904902788,CH1,POWER,3.70
1765904902793,CH1,POWER,3.70
1765904902799,CH1,POWER,3.70
1765904902804,CH1,POWER,3.70
1765904902812,CH1,POWER,3.70
1765904902817,CH1,POWER,3.70
1765904902824,CH1,POWER,3.70
1765904902829,CH1,POWER,3.70
1765904902834,CH1,POWER,3.70
1765904902839,CH1,POWER,3.70
1765904902844,CH1,POWER,3.70
1765904902849,CH1,POWER,3.70
1765904902854,CH1,POWER,3.70
1765904902862,CH1,POWER,3.70
1765904902867,CH1,POWER,3.70
1765904902873,CH1,POWER,3.70
1765904902878,CH1,POWER,3.70
1765904902882,CH1,POWER,3.70
1765904902888,CH1,POWER,3.70
1765904902894,CH1,POWER,3.70
1765904902899,CH1,POWER,3.70
1765904902904,CH1,POWER,3.70
1765904902912,CH1,POWER,3.70
1765904902917,CH1,POWER,3.70
1765904902924,CH1,POWER,3.70
1765904902929,CH1,POWER,3.70
1765904902934,CH1,POWER,3.70
1765904902942,CH1,POWER,3.70
1765904902947,CH1,POWER,3.70
1765904902954,CH1,POWER,3.70
1765904902956,CH1,POWER,3.30
1765904902983,CH1,POWER,3.30
1765904902988,CH1,POWER,3.30
1765904902993,CH1,POWER,3.30
1765904902999,CH1,POWER,3.30
1765904903005,CH1,POWER,3.30
1765904903010,CH1,POWER,3.30
1765904903015,CH1,POWER,3.30
1765904903021,CH1,POWER,3.30
1765904903025,CH1,POWER,3.30
1765904903029,CH1,POWER,3.30
1765904903035,CH1,POWER,3.30
1765904903040,CH1,POWER,3.30
1765904903046,CH1,POWER,3.30
1765904903051,CH1,POWER,3.30
1765904903056,CH1,POWER,3.30
1765904903064,CH1,POWER,3.30
1765904903069,CH1,POWER,3.30
1765904903075,CH1,POWER,3.30
1765904903084,CH1,POWER,3.30
1765904903089,CH1,POWER,3.30
1765904903096,CH1,POWER,3.30
1765904903101,CH1,POWER,3.30
1765904903106,CH1,POWER,3.30
1765904903111,CH1,POWER,3.30
1765904903115,CH1,POWER,3.30
1765904903119,CH1,POWER,3.30
1765904903124,CH1,POWER,3.30
1765904903130,CH1,POWER,3.30
1765904903136,CH1,POWER,3.30
1765904903141,CH1,POWER,3.30
1765904903146,CH1,POWER,3.30
1765904903151,CH1,POWER,3.30
1765904903156,CH1,POWER,3.30
1765904903161,CH1,POWER,3.30
1765904903165,CH1,POWER,3.30
1765904903174,CH1,POWER,3.30
1765904903179,CH1,POWER,3.30
1765904903186,CH1,POWER,3.30
1765904903191,CH1,POWER,3.30
1765904903196,CH1,POWER,3.30
1765904903204,CH1,POWER,3.30
1765904903209,CH1,POWER,3.30
1765904903216,CH1,POWER,3.30
1765904903221,CH1,POWER,3.30
1765904903225,CH1,POWER,3.30
1765904903230,CH1,POWER,3.30
1765904903235,CH1,POWER,3.30
1765904903240,CH1,POWER,3.30
1765904903245,CH1,POWER,3.30
1765904903249,CH1,POWER,3.30
1765904903255,CH1,POWER,3.30
1765904903260,CH1,POWER,3.30
1765904903265,CH1,POWER,3.30
1765904903271,CH1,POWER,3.30
1765904903276,CH1,POWER,3.30
1765904903281,CH1,POWER,3.30
1765904903286,CH1,POWER,3.30
1765904903291,CH1,POWER,3.30
1765904903295,CH1,POWER,3.30
1765904903304,CH1,POWER,3.30
1765904903309,CH1,POWER,3.30
1765904903314,CH1,POWER,3.30
1765904903321,CH1,POWER,3.30
1765904903326,CH1,POWER,3.30
1765904903331,CH1,POWER,3.30
1765904903336,CH1,POWER,3.30
1765904903365,CH1,POWER,3.60
1765904903370,CH1,POWER,3.60
1765904903375,CH1,POWER,3.60
1765904903381,CH1,POWER,3.60
1765904903388,CH1,POWER,3.60
1765904903396,CH1,POWER,3.60
1765904903401,CH1,POWER,3.60
1765904903408,CH1,POWER,3.60
1765904903413,CH1,POWER,3.60
1765904903418,CH1,POWER,3.60
1765904903423,CH1,POWER,3.60
1765904903428,CH1,POWER,3.60
1765904903433,CH1,POWER,3.60
1765904903437,CH1,POWER,3.60
1765904903446,CH1,POWER,3.60
1765904903451,CH1,POWER,3.60
1765904903457,CH1,POWER,3.60
1765904903466,CH1,POWER,3.60
1765904903471,CH1,POWER,3.60
1765904903477,CH1,POWER,3.60
1765904903486,CH1,POWER,3.60
1765904903491,CH1,POWER,3.60
1765904903498,CH1,POWER,3.60
1765904903506,CH1,POWER,3.60
1765904903511,CH1,POWER,3.60
1765904903517,CH1,POWER,3.60
1765904903526,CH1,POWER,3.60
1765904903531,CH1,POWER,3.60
1765904903538,CH1,POWER,3.60
1765904903543,CH1,POWER,3.60
1765904903548,CH1,POWER,3.60
1765904903553,CH1,POWER,3.60
1765904903558,CH1,POWER,3.60
1765904903563,CH1,POWER,3.60
1765904903567,CH1,POWER,3.60
1765904903573,CH1,POWER,3.60
1765904903578,CH1,POWER,3.60
1765904903583,CH1,POWER,3.60
1765904903587,CH1,POWER,3.60
1765904903596,CH1,POWER,3.60
1765904903601,CH1,POWER,3.60
1765904903608,CH1,POWER,3.60
1765904903613,CH1,POWER,3.60
1765904903618,CH1,POWER,3.60
1765904903623,CH1,POWER,3.60
1765904903628,CH1,POWER,3.60
1765904903633,CH1,POWER,3.60
1765904903637,CH1,POWER,3.60
1765904903646,CH1,POWER,3.60
1765904903651,CH1,POWER,3.60
1765904903657,CH1,POWER,3.60
1765904903666,CH1,POWER,3.60
1765904903671,CH1,POWER,3.60
1765904903678,CH1,POWER,3.60
1765904903683,CH1,POWER,3.60
1765904903688,CH1,POWER,3.60
1765904903693,CH1,POWER,3.60
1765904903698,CH1,POWER,3.60
1765904903703,CH1,POWER,3.60
1765904903707,CH1,POWER,3.60
1765904903716,CH1,POWER,3.60
1765904903719,CH1,POWER,3.30
1765904903721,CH1,POWER,3.30
1765904903749,CH1,POWER,3.30
1765904903754,CH1,POWER,3.30
1765904903758,CH1,POWER,3.30
1765904903765,CH1,POWER,3.30
1765904903770,CH1,POWER,3.30
1765904903775,CH1,POWER,3.30
1765904903779,CH1,POWER,3.30
1765904903788,CH1,POWER,3.30
1765904903793,CH1,POWER,3.30
1765904903800,CH1,POWER,3.30
1765904903805,CH1,POWER,3.30
1765904903810,CH1,POWER,3.30
1765904903815,CH1,POWER,3.30
1765904903819,CH1,POWER,3.30
1765904903828,CH1,POWER,3.30
1765904903833,CH1,POWER,3.30
1765904903840,CH1,POWER,3.30
1765904903845,CH1,POWER,3.30
1765904903849,CH1,POWER,3.30
1765904903857,CH1,POWER,3.30
1765904903863,CH1,POWER,3.30
1765904903870,CH1,POWER,3.30
1765904903875,CH1,POWER,3.30
1765904903879,CH1,POWER,3.30
1765904903884,CH1,POWER,3.30
1765904903888,CH1,POWER,3.30
1765904903892,CH1,POWER,3.30
1765904903898,CH1,POWER,3.30
1765904903904,CH1,POWER,3.30
1765904903908,CH1,POWER,3.30
1765904903912,CH1,POWER,3.30
1765904903918,CH1,POWER,3.30
1765904903922,CH1,POWER,3.30
1765904903929,CH1,POWER,3.30
1765904903934,CH1,POWER,3.30
1765904903938,CH1,POWER,3.30
1765904903945,CH1,POWER,3.30
1765904903950,CH1,POWER,3.30
1765904903955,CH1,POWER,3.30
1765904903960,CH1,POWER,3.30
1765904903965,CH1,POWER,3.30
1765904903969,CH1,POWER,3.30
1765904903978,CH1,POWER,3.30
1765904903983,CH1,POWER,3.30
1765904903989,CH1,POWER,3.30
1765904903998,CH1,POWER,3.30
1765904904003,CH1,POWER,3.30
1765904904010,CH1,POWER,3.30
1765904904015,CH1,POWER,3.30
1765904904020,CH1,POWER,3.30
1765904904025,CH1,POWER,3.30
1765904904029,CH1,POWER,3.30
1765904904038,CH1,POWER,3.30
1765904904043,CH1,POWER,3.30
1765904904050,CH1,POWER,3.30
1765904904055,CH1,POWER,3.30
1765904904060,CH1,POWER,3.30
1765904904065,CH1,POWER,3.30
1765904904070,CH1,POWER,3.30
1765904904075,CH1,POWER,3.30
1765904904079,CH1,POWER,3.30
1765904904088,CH1,POWER,3.30
1765904904092,CH1,POWER,3.30
1765904904099,CH1,POWER,3.30
1765904904104,CH1,POWER,3.30
1765904904108,CH1,POWER,3.30
1765904904112,CH1,POWER,3.55
1765904904114,CH1,POWER,3.55
1765904904142,CH1,POWER,3.55
1765904904147,CH1,POWER,3.55
1765904904151,CH1,POWER,3.55
1765904904160,CH1,POWER,3.55
1765904904165,CH1,POWER,3.55
1765904904172,CH1,POWER,3.55
1765904904177,CH1,POWER,3.55
1765904904181,CH1,POWER,3.55
1765904904186,CH1,POWER,3.55
1765904904190,CH1,POWER,3.55
1765904904197,CH1,POWER,3.55
1765904904202,CH1,POWER,3.55
1765904904207,CH1,POWER,3.55
1765904904211,CH1,POWER,3.55
1765904904220,CH1,POWER,3.55
1765904904225,CH1,POWER,3.55
1765904904232,CH1,POWER,3.55
1765904904237,CH1,POWER,3.55
1765904904242,CH1,POWER,3.55
1765904904247,CH1,POWER,3.55
1765904904252,CH1,POWER,3.55
1765904904257,CH1,POWER,3.55
1765904904261,CH1,POWER,3.55
1765904904270,CH1,POWER,3.55
1765904904275,CH1,POWER,3.55
1765904904281,CH1,POWER,3.55
1765904904290,CH1,POWER,3.55
1765904904295,CH1,POWER,3.55
1765904904302,CH1,POWER,3.55
1765904904307,CH1,POWER,3.55
1765904904312,CH1,POWER,3.55
1765904904317,CH1,POWER,3.55
1765904904321,CH1,POWER,3.55
1765904904329,CH1,POWER,3.55
1765904904336,CH1,POWER,3.55
1765904904341,CH1,POWER,3.55
1765904904345,CH1,POWER,3.55
1765904904351,CH1,POWER,3.55
1765904904356,CH1,POWER,3.55
1765904904360,CH1,POWER,3.55
1765904904367,CH1,POWER,3.55
1765904904372,CH1,POWER,3.55
1765904904377,CH1,POWER,3.55
1765904904382,CH1,POWER,3.55
1765904904387,CH1,POWER,3.55
1765904904391,CH1,POWER,3.55
1765904904400,CH1,POWER,3.55
1765904904405,CH1,POWER,3.55
1765904904411,CH1,POWER,3.55
1765904904420,CH1,POWER,3.55
1765904904425,CH1,POWER,3.55
1765904904431,CH1,POWER,3.55
1765904904440,CH1,POWER,3.55
1765904904445,CH1,POWER,3.55
1765904904451,CH1,POWER,3.55
1765904904460,CH1,POWER,3.55
1765904904465,CH1,POWER,3.55
1765904904472,CH1,POWER,3.55
1765904904477,CH1,POWER,3.55
1765904904482,CH1,POWER,3.55
1765904904487,CH1,POWER,3.55
1765904904491,CH1,POWER,3.55
1765904904496,CH1,POWER,3.55
1765904904524,CH1,POWER,3.55
1765904904529,CH1,POWER,3.55
1765904904533,CH1,POWER,3.55
1765904904542,CH1,POWER,3.55
1765904904547,CH1,POWER,3.55
1765904904554,CH1,POWER,3.55
1765904904559,CH1,POWER,3.55
1765904904563,CH1,POWER,3.55
1765904904572,CH1,POWER,3.55
1765904904577,CH1,POWER,3.55
1765904904584,CH1,POWER,3.55
1765904904589,CH1,POWER,3.55
1765904904593,CH1,POWER,3.55
1765904904602,CH1,POWER,3.55
1765904904606,CH1,POWER,3.55
1765904904613,CH1,POWER,3.55
1765904904617,CH1,POWER,3.55
1765904904624,CH1,POWER,3.55
1765904904629,CH1,POWER,3.55
1765904904633,CH1,POWER,3.55
1765904904642,CH1,POWER,3.55
1765904904647,CH1,POWER,3.55
1765904904653,CH1,POWER,3.55
1765904904662,CH1,POWER,3.55
1765904904667,CH1,POWER,3.55
1765904904674,CH1,POWER,3.55
1765904904679,CH1,POWER,3.55
1765904904684,CH1,POWER,3.55
1765904904689,CH1,POWER,3.55
1765904904693,CH1,POWER,3.55
1765904904702,CH1,POWER,3.55
1765904904707,CH1,POWER,3.55
1765904904714,CH1,POWER,3.55
1765904904719,CH1,POWER,3.55
1765904904724,CH1,POWER,3.55
1765904904729,CH1,POWER,3.55
1765904904734,CH1,POWER,3.55
1765904904739,CH1,POWER,3.55
1765904904743,CH1,POWER,3.55
1765904904752,CH1,POWER,3.55
1765904904757,CH1,POWER,3.55
1765904904763,CH1,POWER,3.55
1765904904772,CH1,POWER,3.55
1765904904777,CH1,POWER,3.55
1765904904783,CH1,POWER,3.55
1765904904792,CH1,POWER,3.55
1765904904797,CH1,POWER,3.55
1765904904803,CH1,POWER,3.55
1765904904812,CH1,POWER,3.55
1765904904817,CH1,POWER,3.55
1765904904823,CH1,POWER,3.55
1765904904829,CH1,POWER,3.55
1765904904834,CH1,POWER,3.55
1765904904839,CH1,POWER,3.55
1765904904843,CH1,POWER,3.55
1765904904852,CH1,POWER,3.55
1765904904857,CH1,POWER,3.55
1765904904864,CH1,POWER,3.55
1765904904869,CH1,POWER,3.55
1765904904874,CH1,POWER,3.55
1765904904879,CH1,POWER,3.55
1765904904882,CH1,POWER,3.70
1765904904884,CH1,POWER,3.70
1765904904887,CH1,POWER,3.70
1765904904913,CH1,POWER,3.70
1765904904918,CH1,POWER,3.70
1765904904923,CH1,POWER,3.70
1765904904928,CH1,POWER,3.70
1765904904932,CH1,POWER,3.70
1765904904938,CH1,POWER,3.70
1765904904945,CH1,POWER,3.70
1765904904949,CH1,POWER,3.70
1765904904955,CH1,POWER,3.70
1765904904959,CH1,POWER,3.70
1765904904965,CH1,POWER,3.70
1765904904974,CH1,POWER,3.70
1765904904979,CH1,POWER,3.70
1765904904986,CH1,POWER,3.70
1765904904991,CH1,POWER,3.70
1765904904996,CH1,POWER,3.70
1765904905001,CH1,POWER,3.70
1765904905005,CH1,POWER,3.70
1765904905014,CH1,POWER,3.70
1765904905019,CH1,POWER,3.70
1765904905026,CH1,POWER,3.70
1765904905031,CH1,POWER,3.70
1765904905036,CH1,POWER,3.70
1765904905041,CH1,POWER,3.70
1765904905045,CH1,POWER,3.70
1765904905054,CH1,POWER,3.70
1765904905058,CH1,POWER,3.70
1765904905065,CH1,POWER,3.70
1765904905071,CH1,POWER,3.70
1765904905076,CH1,POWER,3.70
1765904905081,CH1,POWER,3.70
1765904905085,CH1,POWER,3.70
1765904905094,CH1,POWER,3.70
1765904905098,CH1,POWER,3.70
1765904905105,CH1,POWER,3.70
1765904905111,CH1,POWER,3.70
1765904905116,CH1,POWER,3.70
1765904905121,CH1,POWER,3.70
1765904905125,CH1,POWER,3.70
1765904905131,CH1,POWER,3.70
1765904905135,CH1,POWER,3.70
1765904905144,CH1,POWER,3.70
1765904905148,CH1,POWER,3.70
1765904905155,CH1,POWER,3.70
1765904905159,CH1,POWER,3.70
1765904905164,CH1,POWER,3.70
1765904905171,CH1,POWER,3.70
1765904905175,CH1,POWER,3.70
1765904905179,CH1,POWER,3.70
1765904905185,CH1,POWER,3.70
1765904905191,CH1,POWER,3.70
1765904905195,CH1,POWER,3.70
1765904905199,CH1,POWER,3.70
1765904905205,CH1,POWER,3.70
1765904905211,CH1,POWER,3.70
1765904905215,CH1,POWER,3.70
1765904905221,CH1,POWER,3.70
1765904905225,CH1,POWER,3.70
1765904905231,CH1,POWER,3.70
1765904905235,CH1,POWER,3.70
1765904905239,CH1,POWER,3.70
1765904905245,CH1,POWER,3.70
1765904905251,CH1,POWER,3.70
1765904905255,CH1,POWER,3.70
1765904905263,CH1,POWER,3.70
1765904905268,CH1,POWER,3.70
1765904905275,CH1,POWER,3.70
1765904905279,CH1,POWER,3.70
1765904905306,CH1,POWER,3.70
1765904905312,CH1,POWER,3.70
1765904905316,CH1,POWER,3.70
1765904905320,CH1,POWER,3.70
1765904905327,CH1,POWER,3.70
1765904905331,CH1,POWER,3.70
1765904905337,CH1,POWER,3.70
1765904905343,CH1,POWER,3.70
1765904905347,CH1,POWER,3.70
1765904905353,CH1,POWER,3.70
1765904905357,CH1,POWER,3.70
1765904905363,CH1,POWER,3.70
1765904905367,CH1,POWER,3.70
1765904905372,CH1,POWER,3.70
1765904905376,CH1,POWER,3.70
1765904905380,CH1,POWER,3.70
1765904905387,CH1,POWER,3.70
1765904905393,CH1,POWER,3.70
1765904905397,CH1,POWER,3.70
1765904905403,CH1,POWER,3.70
1765904905407,CH1,POWER,3.70
1765904905411,CH1,POWER,3.70
1765904905417,CH1,POWER,3.70
1765904905426,CH1,POWER,3.70
1765904905430,CH1,POWER,3.70
1765904905438,CH1,POWER,3.70
1765904905443,CH1,POWER,3.70
1765904905447,CH1,POWER,3.70
1765904905453,CH1,POWER,3.70
1765904905457,CH1,POWER,3.70
1765904905465,CH1,POWER,3.70
1765904905472,CH1,POWER,3.70
1765904905476,CH1,POWER,3.70
1765904905483,CH1,POWER,3.70
1765904905487,CH1,POWER,3.70
1765904905493,CH1,POWER,3.70
1765904905497,CH1,POWER,3.70
1765904905501,CH1,POWER,3.70
1765904905507,CH1,POWER,3.70
1765904905513,CH1,POWER,3.70
1765904905517,CH1,POWER,3.70
1765904905523,CH1,POWER,3.70
1765904905527,CH1,POWER,3.70
1765904905533,CH1,POWER,3.70
1765904905537,CH1,POWER,3.70
1765904905542,CH1,POWER,3.70
1765904905546,CH1,POWER,3.70
1765904905553,CH1,POWER,3.70
1765904905557,CH1,POWER,3.70
1765904905563,CH1,POWER,3.70
1765904905567,CH1,POWER,3.70
1765904905576,CH1,POWER,3.70
1765904905580,CH1,POWER,3.70
1765904905588,CH1,POWER,3.70
1765904905593,CH1,POWER,3.70
1765904905597,CH1,POWER,3.70
1765904905603,CH1,POWER,3.70
1765904905607,CH1,POWER,3.70
1765904905611,CH1,POWER,3.70
1765904905616,CH1,POWER,3.70
1765904905621,CH1,POWER,3.70
1765904905627,CH1,POWER,3.70
1765904905633,CH1,POWER,3.70
1765904905637,CH1,POWER,3.70
1765904905641,CH1,POWER,3.70
1765904905647,CH1,POWER,3.70
1765904905653,CH1,POWER,3.70
1765904905657,CH1,POWER,3.70
1765904905661,CH1,POWER,3.70
1765904905666,CH1,POWER,3.70
1765904905673,CH1,POWER,3.70
1765904905676,CH1,POWER,3.30
1765904905678,CH1,POWER,3.30
1765904905681,CH1,POWER,3.30
1765904905709,CH1,POWER,3.30
1765904905713,CH1,POWER,3.30
1765904905719,CH1,POWER,3.30
1765904905725,CH1,POWER,3.30
1765904905729,CH1,POWER,3.30
1765904905737,CH1,POWER,3.30
1765904905741,CH1,POWER,3.30
1765904905749,CH1,POWER,3.30
1765904905754,CH1,POWER,3.30
1765904905758,CH1,POWER,3.30
1765904905762,CH1,POWER,3.30
1765904905768,CH1,POWER,3.30
1765904905772,CH1,POWER,3.30
1765904905778,CH1,POWER,3.30
1765904905785,CH1,POWER,3.30
1765904905789,CH1,POWER,3.30
1765904905798,CH1,POWER,3.30
1765904905802,CH1,POWER,3.30
1765904905810,CH1,POWER,3.30
1765904905815,CH1,POWER,3.30
1765904905820,CH1,POWER,3.30
1765904905825,CH1,POWER,3.30
1765904905829,CH1,POWER,3.30
1765904905837,CH1,POWER,3.30
1765904905841,CH1,POWER,3.30
1765904905847,CH1,POWER,3.30
1765904905852,CH1,POWER,3.30
1765904905859,CH1,POWER,3.30
1765904905865,CH1,POWER,3.30
1765904905869,CH1,POWER,3.30
1765904905875,CH1,POWER,3.30
1765904905879,CH1,POWER,3.30
1765904905883,CH1,POWER,3.30
1765904905889,CH1,POWER,3.30
1765904905893,CH1,POWER,3.30
1765904905898,CH1,POWER,3.30
1765904905903,CH1,POWER,3.30
1765904905908,CH1,POWER,3.30
1765904905913,CH1,POWER,3.30
1765904905919,CH1,POWER,3.30
1765904905923,CH1,POWER,3.30
1765904905928,CH1,POWER,3.30
1765904905935,CH1,POWER,3.30
1765904905939,CH1,POWER,3.30
1765904905945,CH1,POWER,3.30
1765904905949,CH1,POWER,3.30
1765904905955,CH1,POWER,3.30
1765904905959,CH1,POWER,3.30
1765904905965,CH1,POWER,3.30
1765904905969,CH1,POWER,3.30
1765904905975,CH1,POWER,3.30
1765904905979,CH1,POWER,3.30
1765904905983,CH1,POWER,3.30
1765904905989,CH1,POWER,3.30
1765904905995,CH1,POWER,3.30
1765904905999,CH1,POWER,3.30
1765904906003,CH1,POWER,3.30
1765904906009,CH1,POWER,3.30
1765904906015,CH1,POWER,3.30
1765904906019,CH1,POWER,3.30
1765904906025,CH1,POWER,3.30
1765904906029,CH1,POWER,3.30
1765904906035,CH1,POWER,3.30
1765904906039,CH1,POWER,3.30
1765904906043,CH1,POWER,3.30
1765904906049,CH1,POWER,3.30
1765904906055,CH1,POWER,3.30
1765904906059,CH1,POWER,3.30
1765904906063,CH1,POWER,3.30
1765904906067,CH1,POWER,3.70
1765904906070,CH1,POWER,3.70
1765904906072,CH1,POWER,3.70
1765904906098,CH1,POWER,3.70
1765904906103,CH1,POWER,3.70
1765904906108,CH1,POWER,3.70
1765904906114,CH1,POWER,3.70
1765904906118,CH1,POWER,3.70
1765904906123,CH1,POWER,3.70
1765904906131,CH1,POWER,3.70
1765904906137,CH1,POWER,3.70
1765904906141,CH1,POWER,3.70
1765904906145,CH1,POWER,3.70
1765904906151,CH1,POWER,3.70
1765904906155,CH1,POWER,3.70
1765904906161,CH1,POWER,3.70
1765904906169,CH1,POWER,3.70
1765904906175,CH1,POWER,3.70
1765904906180,CH1,POWER,3.70
1765904906185,CH1,POWER,3.70
1765904906191,CH1,POWER,3.70
1765904906197,CH1,POWER,3.70
1765904906201,CH1,POWER,3.70
1765904906205,CH1,POWER,3.70
1765904906211,CH1,POWER,3.70
1765904906215,CH1,POWER,3.70
1765904906221,CH1,POWER,3.70
1765904906225,CH1,POWER,3.70
1765904906231,CH1,POWER,3.70
1765904906239,CH1,POWER,3.70
1765904906244,CH1,POWER,3.70
1765904906251,CH1,POWER,3.70
1765904906257,CH1,POWER,3.70
1765904906261,CH1,POWER,3.70
1765904906267,CH1,POWER,3.70
1765904906273,CH1,POWER,3.70
1765904906281,CH1,POWER,3.70
1765904906287,CH1,POWER,3.70
1765904906291,CH1,POWER,3.70
1765904906297,CH1,POWER,3.70
1765904906301,CH1,POWER,3.70
1765904906309,CH1,POWER,3.70
1765904906314,CH1,POWER,3.70
1765904906321,CH1,POWER,3.70
1765904906329,CH1,POWER,3.70
1765904906334,CH1,POWER,3.70
1765904906341,CH1,POWER,3.70
1765904906345,CH1,POWER,3.70
1765904906351,CH1,POWER,3.70
1765904906357,CH1,POWER,3.70
1765904906361,CH1,POWER,3.70
1765904906367,CH1,POWER,3.70
1765904906371,CH1,POWER,3.70
1765904906375,CH1,POWER,3.70
1765904906380,CH1,POWER,3.70
1765904906387,CH1,POWER,3.70
1765904906391,CH1,POWER,3.70
1765904906397,CH1,POWER,3.70
1765904906401,CH1,POWER,3.70
1765904906405,CH1,POWER,3.70
1765904906411,CH1,POWER,3.70
1765904906419,CH1,POWER,3.70
1765904906424,CH1,POWER,3.70
1765904906431,CH1,POWER,3.70
1765904906437,CH1,POWER,3.70
1765904906441,CH1,POWER,3.70
1765904906447,CH1,POWER,3.70
1765904906451,CH1,POWER,3.70
1765904906455,CH1,POWER,3.50
1765904906483,CH1,POWER,3.50
1765904906489,CH1,POWER,3.50
1765904906493,CH1,POWER,3.50
1765904906497,CH1,POWER,3.50
1765904906502,CH1,POWER,3.50
1765904906507,CH1,POWER,3.50
1765904906513,CH1,POWER,3.50
1765904906517,CH1,POWER,3.50
1765904906522,CH1,POWER,3.50
1765904906526,CH1,POWER,3.50
1765904906530,CH1,POWER,3.50
1765904906534,CH1,POWER,3.50
1765904906540,CH1,POWER,3.50
1765904906545,CH1,POWER,3.50
1765904906550,CH1,POWER,3.50
1765904906554,CH1,POWER,3.50
1765904906559,CH1,POWER,3.50
1765904906563,CH1,POWER,3.50
1765904906571,CH1,POWER,3.50
1765904906575,CH1,POWER,3.50
1765904906580,CH1,POWER,3.50
1765904906586,CH1,POWER,3.50
1765904906593,CH1,POWER,3.50
1765904906599,CH1,POWER,3.50
1765904906603,CH1,POWER,3.50
1765904906609,CH1,POWER,3.50
1765904906613,CH1,POWER,3.50
1765904906617,CH1,POWER,3.50
1765904906622,CH1,POWER,3.50
1765904906629,CH1,POWER,3.50
1765904906633,CH1,POWER,3.50
1765904906639,CH1,POWER,3.50
1765904906643,CH1,POWER,3.50
1765904906649,CH1,POWER,3.50
1765904906653,CH1,POWER,3.50
1765904906657,CH1,POWER,3.50
1765904906663,CH1,POWER,3.50
1765904906669,CH1,POWER,3.50
1765904906673,CH1,POWER,3.50
1765904906677,CH1,POWER,3.50
1765904906682,CH1,POWER,3.50
1765904906689,CH1,POWER,3.50
1765904906693,CH1,POWER,3.50
1765904906699,CH1,POWER,3.50
1765904906703,CH1,POWER,3.50
1765904906709,CH1,POWER,3.50
1765904906713,CH1,POWER,3.50
1765904906719,CH1,POWER,3.50
1765904906723,CH1,POWER,3.50
1765904906731,CH1,POWER,3.50
1765904906737,CH1,POWER,3.50
1765904906742,CH1,POWER,3.50
1765904906747,CH1,POWER,3.50
1765904906753,CH1,POWER,3.50
1765904906759,CH1,POWER,3.50
1765904906763,CH1,POWER,3.50
1765904906769,CH1,POWER,3.50
1765904906773,CH1,POWER,3.50
1765904906779,CH1,POWER,3.50
1765904906783,CH1,POWER,3.50
1765904906787,CH1,POWER,3.50
1765904906793,CH1,POWER,3.50
1765904906799,CH1,POWER,3.50
1765904906803,CH1,POWER,3.50
1765904906807,CH1,POWER,3.50
1765904906812,CH1,POWER,3.50
1765904906817,CH1,POWER,3.50
1765904906823,CH1,POWER,3.50
1765904906827,CH1,POWER,3.50
1765904906832,CH1,POWER,3.50
1765904906836,CH1,POWER,3.50
1765904906842,CH1,POWER,3.50
1765904906846,CH1,POWER,3.50
1765904906850,CH1,POWER,3.55
1765904906852,CH1,POWER,3.55
1765904906855,CH1,POWER,3.55
1765904906857,CH1,POWER,3.55
1765904906884,CH1,POWER,3.55
1765904906889,CH1,POWER,3.55
1765904906894,CH1,POWER,3.55
1765904906901,CH1,POWER,3.55
1765904906905,CH1,POWER,3.55
1765904906909,CH1,POWER,3.55
1765904906915,CH1,POWER,3.55
1765904906921,CH1,POWER,3.55
1765904906925,CH1,POWER,3.55
1765904906933,CH1,POWER,3.55
1765904906938,CH1,POWER,3.55
1765904906944,CH1,POWER,3.55
1765904906948,CH1,POWER,3.55
1765904906955,CH1,POWER,3.55
1765904906959,CH1,POWER,3.55
1765904906965,CH1,POWER,3.55
1765904906969,CH1,POWER,3.55
1765904906975,CH1,POWER,3.55
1765904906981,CH1,POWER,3.55
1765904906985,CH1,POWER,3.55
1765904906991,CH1,POWER,3.55
1765904906995,CH1,POWER,3.55
1765904906999,CH1,POWER,3.55
1765904907004,CH1,POWER,3.55
1765904907009,CH1,POWER,3.55
1765904907014,CH1,POWER,3.55
1765904907018,CH1,POWER,3.55
1765904907022,CH1,POWER,3.55
1765904907027,CH1,POWER,3.55
1765904907035,CH1,POWER,3.55
1765904907041,CH1,POWER,3.55
1765904907045,CH1,POWER,3.55
1765904907049,CH1,POWER,3.55
1765904907055,CH1,POWER,3.55
1765904907063,CH1,POWER,3.55
1765904907069,CH1,POWER,3.55
1765904907074,CH1,POWER,3.55
1765904907081,CH1,POWER,3.55
1765904907085,CH1,POWER,3.55
1765904907093,CH1,POWER,3.55
1765904907098,CH1,POWER,3.55
1765904907105,CH1,POWER,3.55
1765904907111,CH1,POWER,3.55
1765904907115,CH1,POWER,3.55
1765904907121,CH1,POWER,3.55
1765904907125,CH1,POWER,3.55
1765904907129,CH1,POWER,3.55
1765904907135,CH1,POWER,3.55
1765904907141,CH1,POWER,3.55
1765904907145,CH1,POWER,3.55
1765904907149,CH1,POWER,3.55
1765904907155,CH1,POWER,3.55
1765904907161,CH1,POWER,3.55
1765904907165,CH1,POWER,3.55
1765904907171,CH1,POWER,3.55
1765904907175,CH1,POWER,3.55
1765904907179,CH1,POWER,3.55
1765904907185,CH1,POWER,3.55
1765904907189,CH1,POWER,3.55
1765904907194,CH1,POWER,3.55
1765904907198,CH1,POWER,3.55
1765904907202,CH1,POWER,3.55
1765904907207,CH1,POWER,3.55
1765904907213,CH1,POWER,3.55
1765904907218,CH1,POWER,3.55
1765904907225,CH1,POWER,3.55
1765904907229,CH1,POWER,3.55
1765904907234,CH1,POWER,3.55
1765904907238,CH1,POWER,3.55
1765904907242,CH1,POWER,3.55
1765904907245,CH1,POWER,3.55
1765904907248,CH1,POWER,3.55
1765904907274,CH1,POWER,3.55
1765904907279,CH1,POWER,3.55
1765904907284,CH1,POWER,3.55
1765904907288,CH1,POWER,3.55
1765904907293,CH1,POWER,3.55
1765904907297,CH1,POWER,3.55
1765904907301,CH1,POWER,3.55
1765904907307,CH1,POWER,3.55
1765904907311,CH1,POWER,3.55
1765904907317,CH1,POWER,3.55
1765904907321,CH1,POWER,3.55
1765904907326,CH1,POWER,3.55
1765904907330,CH1,POWER,3.55
1765904907337,CH1,POWER,3.55
1765904907341,CH1,POWER,3.55
1765904907347,CH1,POWER,3.55
1765904907351,CH1,POWER,3.55
1765904907357,CH1,POWER,3.55
1765904907361,CH1,POWER,3.55
1765904907366,CH1,POWER,3.55
1765904907370,CH1,POWER,3.55
1765904907374,CH1,POWER,3.55
1765904907378,CH1,POWER,3.55
1765904907383,CH1,POWER,3.55
1765904907387,CH1,POWER,3.55
1765904907391,CH1,POWER,3.55
1765904907397,CH1,POWER,3.55
1765904907403,CH1,POWER,3.55
1765904907407,CH1,POWER,3.55
1765904907411,CH1,POWER,3.55
1765904907417,CH1,POWER,3.55
1765904907423,CH1,POWER,3.55
1765904907427,CH1,POWER,3.55
1765904907433,CH1,POWER,3.55
1765904907437,CH1,POWER,3.55
1765904907445,CH1,POWER,3.55
1765904907450,CH1,POWER,3.55
1765904907457,CH1,POWER,3.55
1765904907463,CH1,POWER,3.55
1765904907467,CH1,POWER,3.55
1765904907471,CH1,POWER,3.55
1765904907477,CH1,POWER,3.55
1765904907483,CH1,POWER,3.55
1765904907487,CH1,POWER,3.55
1765904907491,CH1,POWER,3.55
1765904907497,CH1,POWER,3.55
1765904907503,CH1,POWER,3.55
1765904907507,CH1,POWER,3.55
1765904907513,CH1,POWER,3.55
1765904907517,CH1,POWER,3.55
1765904907521,CH1,POWER,3.55
1765904907527,CH1,POWER,3.55
1765904907531,CH1,POWER,3.55
1765904907536,CH1,POWER,3.55
1765904907540,CH1,POWER,3.55
1765904907544,CH1,POWER,3.55
1765904907548,CH1,POWER,3.55
1765904907554,CH1,POWER,3.55
1765904907559,CH1,POWER,3.55
1765904907564,CH1,POWER,3.55
1765904907568,CH1,POWER,3.55
1765904907575,CH1,POWER,3.55
1765904907579,CH1,POWER,3.55
1765904907587,CH1,POWER,3.55
1765904907593,CH1,POWER,3.55
1765904907597,CH1,POWER,3.55
1765904907603,CH1,POWER,3.55
1765904907607,CH1,POWER,3.55
1765904907613,CH1,POWER,3.55
1765904907617,CH1,POWER,3.55
1765904907621,CH1,POWER,3.55
1765904907626,CH1,POWER,3.55
1765904907630,CH1,POWER,3.55
1765904907637,CH1,POWER,3.55
1765904907640,CH1,POWER,3.45
1765904907666,CH1,POWER,3.45
1765904907671,CH1,POWER,3.45
1765904907676,CH1,POWER,3.45
1765904907680,CH1,POWER,3.45
1765904907686,CH1,POWER,3.45
1765904907690,CH1,POWER,3.45
1765904907696,CH1,POWER,3.45
1765904907700,CH1,POWER,3.45
1765904907706,CH1,POWER,3.45
1765904907710,CH1,POWER,3.45
1765904907717,CH1,POWER,3.45
1765904907721,CH1,POWER,3.45
1765904907726,CH1,POWER,3.45
1765904907730,CH1,POWER,3.45
1765904907736,CH1,POWER,3.45
1765904907741,CH1,POWER,3.45
1765904907749,CH1,POWER,3.45
1765904907755,CH1,POWER,3.45
1765904907759,CH1,POWER,3.45
1765904907765,CH1,POWER,3.45
1765904907769,CH1,POWER,3.45
1765904907775,CH1,POWER,3.45
1765904907779,CH1,POWER,3.45
1765904907783,CH1,POWER,3.45
1765904907788,CH1,POWER,3.45
1765904907792,CH1,POWER,3.45
1765904907798,CH1,POWER,3.45
1765904907803,CH1,POWER,3.45
1765904907809,CH1,POWER,3.45
1765904907815,CH1,POWER,3.45
1765904907819,CH1,POWER,3.45
1765904907823,CH1,POWER,3.45
1765904907829,CH1,POWER,3.45
1765904907833,CH1,POWER,3.45
1765904907838,CH1,POWER,3.45
1765904907842,CH1,POWER,3.45
1765904907849,CH1,POWER,3.45
1765904907853,CH1,POWER,3.45
1765904907859,CH1,POWER,3.45
1765904907865,CH1,POWER,3.45
1765904907869,CH1,POWER,3.45
1765904907873,CH1,POWER,3.45
1765904907878,CH1,POWER,3.45
1765904907882,CH1,POWER,3.45
1765904907889,CH1,POWER,3.45
1765904907893,CH1,POWER,3.45
1765904907898,CH1,POWER,3.45
1765904907902,CH1,POWER,3.45
1765904907908,CH1,POWER,3.45
1765904907913,CH1,POWER,3.45
1765904907919,CH1,POWER,3.45
1765904907923,CH1,POWER,3.45
1765904907928,CH1,POWER,3.45
1765904907933,CH1,POWER,3.45
1765904907938,CH1,POWER,3.45
1765904907942,CH1,POWER,3.45
1765904907949,CH1,POWER,3.45
1765904907955,CH1,POWER,3.45
1765904907959,CH1,POWER,3.45
1765904907965,CH1,POWER,3.45
1765904907969,CH1,POWER,3.45
1765904907973,CH1,POWER,3.45
1765904907979,CH1,POWER,3.45
1765904907985,CH1,POWER,3.45
1765904907989,CH1,POWER,3.45
1765904907993,CH1,POWER,3.45
1765904907998,CH1,POWER,3.45
1765904908003,CH1,POWER,3.45
1765904908009,CH1,POWER,3.45
1765904908015,CH1,POWER,3.45
1765904908019,CH1,POWER,3.45
1765904908023,CH1,POWER,3.45
1765904908028,CH1,POWER,3.45
1765904908032,CH1,POWER,3.45
1765904908036,CH1,POWER,3.60
1765904908039,CH1,POWER,3.60
1765904908041,CH1,POWER,3.60
1765904908044,CH1,POWER,3.60
1765904908071,CH1,POWER,3.60
1765904908077,CH1,POWER,3.60
1765904908081,CH1,POWER,3.60
1765904908085,CH1,POWER,3.60
1765904908091,CH1,POWER,3.60
1765904908097,CH1,POWER,3.60
1765904908101,CH1,POWER,3.60
1765904908107,CH1,POWER,3.60
1765904908111,CH1,POWER,3.60
1765904908117,CH1,POWER,3.60
1765904908121,CH1,POWER,3.60
1765904908125,CH1,POWER,3.60
1765904908130,CH1,POWER,3.60
1765904908135,CH1,POWER,3.60
1765904908140,CH1,POWER,3.60
1765904908144,CH1,POWER,3.60
1765904908148,CH1,POWER,3.60
1765904908152,CH1,POWER,3.60
1765904908159,CH1,POWER,3.60
1765904908163,CH1,POWER,3.60
1765904908168,CH1,POWER,3.60
1765904908172,CH1,POWER,3.60
1765904908179,CH1,POWER,3.60
1765904908184,CH1,POWER,3.60
1765904908190,CH1,POWER,3.60
1765904908195,CH1,POWER,3.60
1765904908201,CH1,POWER,3.60
1765904908205,CH1,POWER,3.60
1765904908211,CH1,POWER,3.60
1765904908217,CH1,POWER,3.60
1765904908221,CH1,POWER,3.60
1765904908227,CH1,POWER,3.60
1765904908231,CH1,POWER,3.60
1765904908237,CH1,POWER,3.60
1765904908241,CH1,POWER,3.60
1765904908249,CH1,POWER,3.60
1765904908254,CH1,POWER,3.60
1765904908261,CH1,POWER,3.60
1765904908265,CH1,POWER,3.60
1765904908270,CH1,POWER,3.60
1765904908275,CH1,POWER,3.60
1765904908280,CH1,POWER,3.60
1765904908285,CH1,POWER,3.60
1765904908291,CH1,POWER,3.60
1765904908297,CH1,POWER,3.60
1765904908301,CH1,POWER,3.60
1765904908307,CH1,POWER,3.60
1765904908311,CH1,POWER,3.60
1765904908317,CH1,POWER,3.60
1765904908321,CH1,POWER,3.60
1765904908325,CH1,POWER,3.60
1765904908331,CH1,POWER,3.60
1765904908335,CH1,POWER,3.60
1765904908340,CH1,POWER,3.60
1765904908344,CH1,POWER,3.60
1765904908350,CH1,POWER,3.60
1765904908355,CH1,POWER,3.60
1765904908361,CH1,POWER,3.60
1765904908367,CH1,POWER,3.60
1765904908371,CH1,POWER,3.60
1765904908377,CH1,POWER,3.60
1765904908381,CH1,POWER,3.60
1765904908387,CH1,POWER,3.60
1765904908391,CH1,POWER,3.60
1765904908395,CH1,POWER,3.60
1765904908400,CH1,POWER,3.60
1765904908404,CH1,POWER,3.60
1765904908411,CH1,POWER,3.60
1765904908415,CH1,POWER,3.60
1765904908420,CH1,POWER,3.60
1765904908424,CH1,POWER,3.60
1765904908429,CH1,POWER,3.50
1765904908432,CH1,POWER,3.50
1765904908434,CH1,POWER,3.50
1765904908460,CH1,POWER,3.50
1765904908464,CH1,POWER,3.50
1765904908469,CH1,POWER,3.50
1765904908473,CH1,POWER,3.50
1765904908477,CH1,POWER,3.50
1765904908483,CH1,POWER,3.50
1765904908487,CH1,POWER,3.50
1765904908493,CH1,POWER,3.50
1765904908499,CH1,POWER,3.50
1765904908503,CH1,POWER,3.50
1765904908509,CH1,POWER,3.50
1765904908513,CH1,POWER,3.50
1765904908519,CH1,POWER,3.50
1765904908523,CH1,POWER,3.50
1765904908527,CH1,POWER,3.50
1765904908533,CH1,POWER,3.50
1765904908539,CH1,POWER,3.50
1765904908543,CH1,POWER,3.50
1765904908551,CH1,POWER,3.50
1765904908555,CH1,POWER,3.50
1765904908560,CH1,POWER,3.50
1765904908565,CH1,POWER,3.50
1765904908573,CH1,POWER,3.50
1765904908577,CH1,POWER,3.50
1765904908583,CH1,POWER,3.50
1765904908589,CH1,POWER,3.50
1765904908593,CH1,POWER,3.50
1765904908597,CH1,POWER,3.50
1765904908603,CH1,POWER,3.50
1765904908609,CH1,POWER,3.50
1765904908613,CH1,POWER,3.50
1765904908621,CH1,POWER,3.50
1765904908626,CH1,POWER,3.50
1765904908633,CH1,POWER,3.50
1765904908641,CH1,POWER,3.50
1765904908646,CH1,POWER,3.50
1765904908650,CH1,POWER,3.50
1765904908655,CH1,POWER,3.50
1765904908660,CH1,POWER,3.50
1765904908665,CH1,POWER,3.50
1765904908671,CH1,POWER,3.50
1765904908675,CH1,POWER,3.50
1765904908683,CH1,POWER,3.50
1765904908687,CH1,POWER,3.50
1765904908692,CH1,POWER,3.50
1765904908697,CH1,POWER,3.50
1765904908702,CH1,POWER,3.50
1765904908707,CH1,POWER,3.50
1765904908713,CH1,POWER,3.50
1765904908721,CH1,POWER,3.50
1765904908725,CH1,POWER,3.50
1765904908733,CH1,POWER,3.50
1765904908739,CH1,POWER,3.50
1765904908743,CH1,POWER,3.50
1765904908749,CH1,POWER,3.50
1765904908753,CH1,POWER,3.50
1765904908759,CH1,POWER,3.50
1765904908763,CH1,POWER,3.50
1765904908768,CH1,POWER,3.50
1765904908773,CH1,POWER,3.50
1765904908777,CH1,POWER,3.50
1765904908783,CH1,POWER,3.50
1765904908789,CH1,POWER,3.50
1765904908793,CH1,POWER,3.50
1765904908797,CH1,POWER,3.50
1765904908802,CH1,POWER,3.50
1765904908807,CH1,POWER,3.50
1765904908812,CH1,POWER,3.50
1765904908816,CH1,POWER,3.50
1765904908820,CH1,POWER,3.50
1765904908825,CH1,POWER,3.50
1765904908830,CH1,POWER,3.50
1765904908832,CH1,POWER,3.70
1765904908835,CH1,POWER,3.70
1765904908837,CH1,POWER,3.70
1765904908865,CH1,POWER,3.70
1765904908871,CH1,POWER,3.70
1765904908875,CH1,POWER,3.70
1765904908883,CH1,POWER,3.70
1765904908888,CH1,POWER,3.70
1765904908895,CH1,POWER,3.70
1765904908903,CH1,POWER,3.70
1765904908909,CH1,POWER,3.70
1765904908915,CH1,POWER,3.70
1765904908921,CH1,POWER,3.70
1765904908925,CH1,POWER,3.70
1765904908930,CH1,POWER,3.70
1765904908935,CH1,POWER,3.70
1765904908940,CH1,POWER,3.70
1765904908945,CH1,POWER,3.70
1765904908949,CH1,POWER,3.70
1765904908954,CH1,POWER,3.70
1765904908959,CH1,POWER,3.70
1765904908965,CH1,POWER,3.70
1765904908969,CH1,POWER,3.70
1765904908974,CH1,POWER,3.70
1765904908978,CH1,POWER,3.70
1765904908985,CH1,POWER,3.70
1765904908989,CH1,POWER,3.70
1765904908995,CH1,POWER,3.70
1765904909001,CH1,POWER,3.70
1765904909005,CH1,POWER,3.70
1765904909013,CH1,POWER,3.70
1765904909018,CH1,POWER,3.70
1765904909025,CH1,POWER,3.70
1765904909031,CH1,POWER,3.70
1765904909035,CH1,POWER,3.70
1765904909040,CH1,POWER,3.70
1765904909045,CH1,POWER,3.70
1765904909050,CH1,POWER,3.70
1765904909055,CH1,POWER,3.70
1765904909063,CH1,POWER,3.70
1765904909068,CH1,POWER,3.70
1765904909075,CH1,POWER,3.70
1765904909081,CH1,POWER,3.70
1765904909085,CH1,POWER,3.70
1765904909090,CH1,POWER,3.70
1765904909095,CH1,POWER,3.70
1765904909103,CH1,POWER,3.70
1765904909107,CH1,POWER,3.70
1765904909115,CH1,POWER,3.70
1765904909121,CH1,POWER,3.70
1765904909125,CH1,POWER,3.70
1765904909130,CH1,POWER,3.70
1765904909135,CH1,POWER,3.70
1765904909143,CH1,POWER,3.70
1765904909148,CH1,POWER,3.70
1765904909155,CH1,POWER,3.70
1765904909161,CH1,POWER,3.70
1765904909165,CH1,POWER,3.70
1765904909169,CH1,POWER,3.70
1765904909175,CH1,POWER,3.70
1765904909181,CH1,POWER,3.70
1765904909185,CH1,POWER,3.70
1765904909191,CH1,POWER,3.70
1765904909195,CH1,POWER,3.70
1765904909201,CH1,POWER,3.70
1765904909205,CH1,POWER,3.70
1765904909211,CH1,POWER,3.70
1765904909215,CH1,POWER,3.70
1765904909244,CH1,POWER,3.30
1765904909249,CH1,POWER,3.30
1765904909254,CH1,POWER,3.30
1765904909259,CH1,POWER,3.30
1765904909264,CH1,POWER,3.30
1765904909269,CH1,POWER,3.30
1765904909277,CH1,POWER,3.30
1765904909283,CH1,POWER,3.30
1765904909287,CH1,POWER,3.30
1765904909295,CH1,POWER,3.30
1765904909299,CH1,POWER,3.30
1765904909304,CH1,POWER,3.30
1765904909308,CH1,POWER,3.30
1765904909313,CH1,POWER,3.30
1765904909317,CH1,POWER,3.30
1765904909325,CH1,POWER,3.30
1765904909330,CH1,POWER,3.30
1765904909337,CH1,POWER,3.30
1765904909345,CH1,POWER,3.30
1765904909350,CH1,POWER,3.30
1765904909356,CH1,POWER,3.30
1765904909363,CH1,POWER,3.30
1765904909367,CH1,POWER,3.30
1765904909371,CH1,POWER,3.30
1765904909376,CH1,POWER,3.30
1765904909381,CH1,POWER,3.30
1765904909386,CH1,POWER,3.30
1765904909390,CH1,POWER,3.30
1765904909397,CH1,POWER,3.30
1765904909403,CH1,POWER,3.30
1765904909407,CH1,POWER,3.30
1765904909411,CH1,POWER,3.30
1765904909416,CH1,POWER,3.30
1765904909420,CH1,POWER,3.30
1765904909427,CH1,POWER,3.30
1765904909433,CH1,POWER,3.30
1765904909437,CH1,POWER,3.30
1765904909445,CH1,POWER,3.30
1765904909450,CH1,POWER,3.30
1765904909457,CH1,POWER,3.30
1765904909463,CH1,POWER,3.30
1765904909467,CH1,POWER,3.30
1765904909472,CH1,POWER,3.30
1765904909477,CH1,POWER,3.30
1765904909485,CH1,POWER,3.30
1765904909489,CH1,POWER,3.30
1765904909494,CH1,POWER,3.30
1765904909498,CH1,POWER,3.30
1765904909505,CH1,POWER,3.30
1765904909510,CH1,POWER,3.30
1765904909517,CH1,POWER,3.30
1765904909522,CH1,POWER,3.30
1765904909527,CH1,POWER,3.30
1765904909533,CH1,POWER,3.30
1765904909537,CH1,POWER,3.30
1765904909545,CH1,POWER,3.30
1765904909550,CH1,POWER,3.30
1765904909554,CH1,POWER,3.30
1765904909559,CH1,POWER,3.30
1765904909567,CH1,POWER,3.30
1765904909575,CH1,POWER,3.30
1765904909580,CH1,POWER,3.30
1765904909584,CH1,POWER,3.30
1765904909589,CH1,POWER,3.30
1765904909594,CH1,POWER,3.30
1765904909598,CH1,POWER,3.30
1765904909603,CH1,POWER,3.30
1765904909606,CH1,POWER,3.65
1765904909608,CH1,POWER,3.65
1765904909611,CH1,POWER,3.65
1765904909638,CH1,POWER,3.65
1765904909643,CH1,POWER,3.65
1765904909648,CH1,POWER,3.65
1765904909652,CH1,POWER,3.65
1765904909656,CH1,POWER,3.65
1765904909660,CH1,POWER,3.65
1765904909666,CH1,POWER,3.65
1765904909672,CH1,POWER,3.65
1765904909678,CH1,POWER,3.65
1765904909685,CH1,POWER,3.65
1765904909689,CH1,POWER,3.65
1765904909693,CH1,POWER,3.65
1765904909698,CH1,POWER,3.65
1765904909702,CH1,POWER,3.65
1765904909706,CH1,POWER,3.65
1765904909711,CH1,POWER,3.65
1765904909716,CH1,POWER,3.65
1765904909721,CH1,POWER,3.65
1765904909726,CH1,POWER,3.65
1765904909732,CH1,POWER,3.65
1765904909736,CH1,POWER,3.65
1765904909741,CH1,POWER,3.65
1765904909747,CH1,POWER,3.65
1765904909752,CH1,POWER,3.65
1765904909759,CH1,POWER,3.65
1765904909765,CH1,POWER,3.65
1765904909769,CH1,POWER,3.65
1765904909775,CH1,POWER,3.65
1765904909779,CH1,POWER,3.65
1765904909784,CH1,POWER,3.65
1765904909789,CH1,POWER,3.65
1765904909795,CH1,POWER,3.65
1765904909799,CH1,POWER,3.65
1765904909805,CH1,POWER,3.65
1765904909809,CH1,POWER,3.65
1765904909814,CH1,POWER,3.65
1765904909819,CH1,POWER,3.65
1765904909823,CH1,POWER,3.65
1765904909828,CH1,POWER,3.65
1765904909832,CH1,POWER,3.65
1765904909839,CH1,POWER,3.65
1765904909844,CH1,POWER,3.65
1765904909849,CH1,POWER,3.65
1765904909854,CH1,POWER,3.65
1765904909859,CH1,POWER,3.65
1765904909864,CH1,POWER,3.65
1765904909869,CH1,POWER,3.65
1765904909875,CH1,POWER,3.65
1765904909879,CH1,POWER,3.65
1765904909884,CH1,POWER,3.65
1765904909889,CH1,POWER,3.65
1765904909895,CH1,POWER,3.65
1765904909899,CH1,POWER,3.65
1765904909904,CH1,POWER,3.65
1765904909909,CH1,POWER,3.65
1765904909913,CH1,POWER,3.65
1765904909919,CH1,POWER,3.65
1765904909925,CH1,POWER,3.65
1765904909929,CH1,POWER,3.65
1765904909933,CH1,POWER,3.65
1765904909938,CH1,POWER,3.65
1765904909943,CH1,POWER,3.65
1765904909949,CH1,POWER,3.65
1765904909955,CH1,POWER,3.65
1765904909959,CH1,POWER,3.65
1765904909965,CH1,POWER,3.65
1765904909969,CH1,POWER,3.65
1765904909974,CH1,POWER,3.65
1765904909979,CH1,POWER,3.65
1765904909987,CH1,POWER,3.65
1765904909992,CH1,POWER,3.65
1765904909996,CH1,POWER,3.15
1765904909999,CH1,POWER,3.15
1765904910001,CH1,POWER,3.15
1765904910028,CH1,POWER,3.15
1765904910033,CH1,POWER,3.15
1765904910038,CH1,POWER,3.15
1765904910042,CH1,POWER,3.15
1765904910049,CH1,POWER,3.15
1765904910054,CH1,POWER,3.15
1765904910061,CH1,POWER,3.15
1765904910066,CH1,POWER,3.15
1765904910071,CH1,POWER,3.15
1765904910076,CH1,POWER,3.15
1765904910081,CH1,POWER,3.15
1765904910085,CH1,POWER,3.15
1765904910090,CH1,POWER,3.15
1765904910094,CH1,POWER,3.15
1765904910101,CH1,POWER,3.15
1765904910105,CH1,POWER,3.15
1765904910111,CH1,POWER,3.15
1765904910117,CH1,POWER,3.15
1765904910121,CH1,POWER,3.15
1765904910126,CH1,POWER,3.15
1765904910131,CH1,POWER,3.15
1765904910135,CH1,POWER,3.15
1765904910140,CH1,POWER,3.15
1765904910147,CH1,POWER,3.15
1765904910151,CH1,POWER,3.15
1765904910156,CH1,POWER,3.15
1765904910161,CH1,POWER,3.15
1765904910169,CH1,POWER,3.15
1765904910175,CH1,POWER,3.15
1765904910180,CH1,POWER,3.15
1765904910185,CH1,POWER,3.15
1765904910191,CH1,POWER,3.15
1765904910197,CH1,POWER,3.15
1765904910201,CH1,POWER,3.15
1765904910207,CH1,POWER,3.15
1765904910211,CH1,POWER,3.15
1765904910216,CH1,POWER,3.15
1765904910221,CH1,POWER,3.15
1765904910229,CH1,POWER,3.15
1765904910234,CH1,POWER,3.15
1765904910241,CH1,POWER,3.15
1765904910246,CH1,POWER,3.15
1765904910251,CH1,POWER,3.15
1765904910256,CH1,POWER,3.15
1765904910261,CH1,POWER,3.15
1765904910267,CH1,POWER,3.15
1765904910271,CH1,POWER,3.15
1765904910279,CH1,POWER,3.15
1765904910284,CH1,POWER,3.15
1765904910291,CH1,POWER,3.15
1765904910297,CH1,POWER,3.15
1765904910301,CH1,POWER,3.15
1765904910307,CH1,POWER,3.15
1765904910311,CH1,POWER,3.15
1765904910316,CH1,POWER,3.15
1765904910321,CH1,POWER,3.15
1765904910327,CH1,POWER,3.15
1765904910331,CH1,POWER,3.15
1765904910337,CH1,POWER,3.15
1765904910341,CH1,POWER,3.15
1765904910346,CH1,POWER,3.15
1765904910351,CH1,POWER,3.15
1765904910357,CH1,POWER,3.15
1765904910361,CH1,POWER,3.15
1765904910365,CH1,POWER,3.15
1765904910370,CH1,POWER,3.15
1765904910375,CH1,POWER,3.15
1765904910381,CH1,POWER,3.15
1765904910387,CH1,POWER,3.15
1765904910391,CH1,POWER,3.15
1765904910395,CH1,POWER,2.95
1765904910422,CH1,POWER,2.95
1765904910427,CH1,POWER,2.95
1765904910432,CH1,POWER,2.95
1765904910437,CH1,POWER,2.95
1765904910442,CH1,POWER,2.95
1765904910447,CH1,POWER,2.95
1765904910452,CH1,POWER,2.95
1765904910457,CH1,POWER,2.95
1765904910462,CH1,POWER,2.95
1765904910467,CH1,POWER,2.95
1765904910472,CH1,POWER,2.95
1765904910476,CH1,POWER,2.95
1765904910483,CH1,POWER,2.95
1765904910489,CH1,POWER,2.95
1765904910493,CH1,POWER,2.95
1765904910498,CH1,POWER,2.95
1765904910503,CH1,POWER,2.95
1765904910511,CH1,POWER,2.95
1765904910515,CH1,POWER,2.95
1765904910521,CH1,POWER,2.95
1765904910526,CH1,POWER,2.95
1765904910533,CH1,POWER,2.95
1765904910538,CH1,POWER,2.95
1765904910543,CH1,POWER,2.95
1765904910548,CH1,POWER,2.95
1765904910553,CH1,POWER,2.95
1765904910558,CH1,POWER,2.95
1765904910563,CH1,POWER,2.95
1765904910568,CH1,POWER,2.95
1765904910573,CH1,POWER,2.95
1765904910579,CH1,POWER,2.95
1765904910583,CH1,POWER,2.95
1765904910589,CH1,POWER,2.95
1765904910593,CH1,POWER,2.95
1765904910599,CH1,POWER,2.95
1765904910603,CH1,POWER,2.95
1765904910608,CH1,POWER,2.95
1765904910613,CH1,POWER,2.95
1765904910618,CH1,POWER,2.95
1765904910623,CH1,POWER,2.95
1765904910631,CH1,POWER,2.95
1765904910636,CH1,POWER,2.95
1765904910642,CH1,POWER,2.95
1765904910647,CH1,POWER,2.95
1765904910653,CH1,POWER,2.95
1765904910659,CH1,POWER,2.95
1765904910663,CH1,POWER,2.95
1765904910667,CH1,POWER,2.95
1765904910673,CH1,POWER,2.95
1765904910679,CH1,POWER,2.95
1765904910683,CH1,POWER,2.95
1765904910688,CH1,POWER,2.95
1765904910693,CH1,POWER,2.95
1765904910698,CH1,POWER,2.95
1765904910703,CH1,POWER,2.95
1765904910709,CH1,POWER,2.95
1765904910713,CH1,POWER,2.95
1765904910718,CH1,POWER,2.95
1765904910723,CH1,POWER,2.95
1765904910728,CH1,POWER,2.95
1765904910733,CH1,POWER,2.95
1765904910741,CH1,POWER,2.95
1765904910746,CH1,POWER,2.95
1765904910752,CH1,POWER,2.95
1765904910757,CH1,POWER,2.95
1765904910763,CH1,POWER,2.95
1765904910769,CH1,POWER,2.95
1765904910773,CH1,POWER,2.95
1765904910781,CH1,POWER,2.95
1765904910786,CH1,POWER,2.95
1765904910812,CH1,POWER,2.95
1765904910817,CH1,POWER,2.95
1765904910822,CH1,POWER,2.95
1765904910827,CH1,POWER,2.95
1765904910832,CH1,POWER,2.95
1765904910837,CH1,POWER,2.95
1765904910842,CH1,POWER,2.95
1765904910847,CH1,POWER,2.95
1765904910852,CH1,POWER,2.95
1765904910857,CH1,POWER,2.95
1765904910862,CH1,POWER,2.95
1765904910867,CH1,POWER,2.95
1765904910872,CH1,POWER,2.95
1765904910878,CH1,POWER,2.95
1765904910885,CH1,POWER,2.95
1765904910893,CH1,POWER,2.95
1765904910899,CH1,POWER,2.95
1765904910904,CH1,POWER,2.95
1765904910909,CH1,POWER,2.95
1765904910915,CH1,POWER,2.95
1765904910923,CH1,POWER,2.95
1765904910928,CH1,POWER,2.95
1765904910934,CH1,POWER,2.95
1765904910939,CH1,POWER,2.95
1765904910944,CH1,POWER,2.95
1765904910950,CH1,POWER,2.95
1765904910955,CH1,POWER,2.95
1765904910963,CH1,POWER,2.95
1765904910969,CH1,POWER,2.95
1765904910974,CH1,POWER,2.95
1765904910981,CH1,POWER,2.95
1765904910985,CH1,POWER,2.95
1765904910993,CH1,POWER,2.95
1765904910998,CH1,POWER,2.95
1765904911004,CH1,POWER,2.95
1765904911009,CH1,POWER,2.95
1765904911014,CH1,POWER,2.95
1765904911019,CH1,POWER,2.95
1765904911024,CH1,POWER,2.95
1765904911031,CH1,POWER,2.95
1765904911035,CH1,POWER,2.95
1765904911041,CH1,POWER,2.95
1765904911045,CH1,POWER,2.95
1765904911051,CH1,POWER,2.95
1765904911055,CH1,POWER,2.95
1765904911060,CH1,POWER,2.95
1765904911065,CH1,POWER,2.95
1765904911071,CH1,POWER,2.95
1765904911075,CH1,POWER,2.95
1765904911080,CH1,POWER,2.95
1765904911085,CH1,POWER,2.95
1765904911090,CH1,POWER,2.95
1765904911095,CH1,POWER,2.95
1765904911101,CH1,POWER,2.95
1765904911105,CH1,POWER,2.95
1765904911113,CH1,POWER,2.95
1765904911118,CH1,POWER,2.95
1765904911125,CH1,POWER,2.95
1765904911131,CH1,POWER,2.95
1765904911135,CH1,POWER,2.95
1765904911140,CH1,POWER,2.95
1765904911145,CH1,POWER,2.95
1765904911150,CH1,POWER,2.95
1765904911155,CH1,POWER,2.95
1765904911163,CH1,POWER,2.95
1765904911168,CH1,POWER,2.95
1765904911174,CH1,POWER,2.95
1765904911178,CH1,POWER,3.25
1765904911205,CH1,POWER,3.25
1765904911210,CH1,POWER,3.25
1765904911217,CH1,POWER,3.25
1765904911223,CH1,POWER,3.25
1765904911227,CH1,POWER,3.25
1765904911233,CH1,POWER,3.25
1765904911237,CH1,POWER,3.25
1765904911242,CH1,POWER,3.25
1765904911247,CH1,POWER,3.25
1765904911253,CH1,POWER,3.25
1765904911257,CH1,POWER,3.25
1765904911262,CH1,POWER,3.25
1765904911267,CH1,POWER,3.25
1765904911271,CH1,POWER,3.25
1765904911277,CH1,POWER,3.25
1765904911281,CH1,POWER,3.25
1765904911286,CH1,POWER,3.25
1765904911290,CH1,POWER,3.25
1765904911297,CH1,POWER,3.25
1765904911302,CH1,POWER,3.25
1765904911307,CH1,POWER,3.25
1765904911312,CH1,POWER,3.25
1765904911317,CH1,POWER,3.25
1765904911323,CH1,POWER,3.25
1765904911327,CH1,POWER,3.25
1765904911332,CH1,POWER,3.25
1765904911337,CH1,POWER,3.25
1765904911341,CH1,POWER,3.25
1765904911346,CH1,POWER,3.25
1765904911351,CH1,POWER,3.25
1765904911357,CH1,POWER,3.25
1765904911362,CH1,POWER,3.25
1765904911367,CH1,POWER,3.25
1765904911375,CH1,POWER,3.25
1765904911381,CH1,POWER,3.25
1765904911386,CH1,POWER,3.25
1765904911392,CH1,POWER,3.25
1765904911397,CH1,POWER,3.25
1765904911402,CH1,POWER,3.25
1765904911407,CH1,POWER,3.25
1765904911412,CH1,POWER,3.25
1765904911417,CH1,POWER,3.25
1765904911421,CH1,POWER,3.25
1765904911426,CH1,POWER,3.25
1765904911431,CH1,POWER,3.25
1765904911436,CH1,POWER,3.25
1765904911442,CH1,POWER,3.25
1765904911447,CH1,POWER,3.25
1765904911452,CH1,POWER,3.25
1765904911457,CH1,POWER,3.25
1765904911465,CH1,POWER,3.25
1765904911470,CH1,POWER,3.25
1765904911477,CH1,POWER,3.25
1765904911482,CH1,POWER,3.25
1765904911487,CH1,POWER,3.25
1765904911492,CH1,POWER,3.25
1765904911497,CH1,POWER,3.25
1765904911502,CH1,POWER,3.25
1765904911507,CH1,POWER,3.25
1765904911512,CH1,POWER,3.25
1765904911517,CH1,POWER,3.25
1765904911525,CH1,POWER,3.25
1765904911530,CH1,POWER,3.25
1765904911537,CH1,POWER,3.25
1765904911542,CH1,POWER,3.25
1765904911547,CH1,POWER,3.25
1765904911552,CH1,POWER,3.25
1765904911557,CH1,POWER,3.25
1765904911562,CH1,POWER,3.25
1765904911565,CH1,POWER,3.70
1765904911567,CH1,POWER,3.70
1765904911570,CH1,POWER,3.70
1765904911596,CH1,POWER,3.70
1765904911601,CH1,POWER,3.70
1765904911606,CH1,POWER,3.70
1765904911611,CH1,POWER,3.70
1765904911616,CH1,POWER,3.70
1765904911621,CH1,POWER,3.70
1765904911626,CH1,POWER,3.70
1765904911631,CH1,POWER,3.70
1765904911636,CH1,POWER,3.70
1765904911640,CH1,POWER,3.70
1765904911646,CH1,POWER,3.70
1765904911650,CH1,POWER,3.70
1765904911654,CH1,POWER,3.70
1765904911659,CH1,POWER,3.70
1765904911664,CH1,POWER,3.70
1765904911669,CH1,POWER,3.70
1765904911673,CH1,POWER,3.70
1765904911678,CH1,POWER,3.70
1765904911683,CH1,POWER,3.70
1765904911688,CH1,POWER,3.70
1765904911694,CH1,POWER,3.70
1765904911699,CH1,POWER,3.70
1765904911704,CH1,POWER,3.70
1765904911709,CH1,POWER,3.70
1765904911714,CH1,POWER,3.70
1765904911719,CH1,POWER,3.70
1765904911723,CH1,POWER,3.70
1765904911728,CH1,POWER,3.70
1765904911733,CH1,POWER,3.70
1765904911738,CH1,POWER,3.70
1765904911743,CH1,POWER,3.70
1765904911748,CH1,POWER,3.70
1765904911753,CH1,POWER,3.70
1765904911758,CH1,POWER,3.70
1765904911763,CH1,POWER,3.70
1765904911768,CH1,POWER,3.70
1765904911772,CH1,POWER,3.70
1765904911776,CH1,POWER,3.70
1765904911780,CH1,POWER,3.70
1765904911786,CH1,POWER,3.70
1765904911791,CH1,POWER,3.70
1765904911796,CH1,POWER,3.70
1765904911801,CH1,POWER,3.70
1765904911806,CH1,POWER,3.70
1765904911811,CH1,POWER,3.70
1765904911816,CH1,POWER,3.70
1765904911820,CH1,POWER,3.70
1765904911827,CH1,POWER,3.70
1765904911832,CH1,POWER,3.70
1765904911839,CH1,POWER,3.70
1765904911844,CH1,POWER,3.70
1765904911849,CH1,POWER,3.70
1765904911854,CH1,POWER,3.70
1765904911859,CH1,POWER,3.70
1765904911863,CH1,POWER,3.70
1765904911868,CH1,POWER,3.70
1765904911872,CH1,POWER,3.70
1765904911879,CH1,POWER,3.70
1765904911883,CH1,POWER,3.70
1765904911888,CH1,POWER,3.70
1765904911893,CH1,POWER,3.70
1765904911899,CH1,POWER,3.70
1765904911905,CH1,POWER,3.70
1765904911909,CH1,POWER,3.70
1765904911913,CH1,POWER,3.70
1765904911918,CH1,POWER,3.70
1765904911923,CH1,POWER,3.70
1765904911928,CH1,POWER,3.70
1765904911933,CH1,POWER,3.70
1765904911938,CH1,POWER,3.70
1765904911943,CH1,POWER,3.70
1765904911948,CH1,POWER,3.70
1765904911953,CH1,POWER,3.70
1765904911959,CH1,POWER,3.70
1765904911962,CH1,POWER,3.70
1765904911988,CH1,POWER,3.70
1765904911993,CH1,POWER,3.70
1765904911998,CH1,POWER,3.70
1765904912002,CH1,POWER,3.70
1765904912009,CH1,POWER,3.70
1765904912014,CH1,POWER,3.70
1765904912021,CH1,POWER,3.70
1765904912026,CH1,POWER,3.70
1765904912031,CH1,POWER,3.70
1765904912036,CH1,POWER,3.70
1765904912041,CH1,POWER,3.70
1765904912049,CH1,POWER,3.70
1765904912054,CH1,POWER,3.70
1765904912061,CH1,POWER,3.70
1765904912066,CH1,POWER,3.70
1765904912071,CH1,POWER,3.70
1765904912076,CH1,POWER,3.70
1765904912081,CH1,POWER,3.70
1765904912089,CH1,POWER,3.70
1765904912094,CH1,POWER,3.70
1765904912101,CH1,POWER,3.70
1765904912106,CH1,POWER,3.70
1765904912111,CH1,POWER,3.70
1765904912116,CH1,POWER,3.70
1765904912121,CH1,POWER,3.70
1765904912125,CH1,POWER,3.70
1765904912130,CH1,POWER,3.70
1765904912134,CH1,POWER,3.70
1765904912141,CH1,POWER,3.70
1765904912146,CH1,POWER,3.70
1765904912151,CH1,POWER,3.70
1765904912156,CH1,POWER,3.70
1765904912161,CH1,POWER,3.70
1765904912165,CH1,POWER,3.70
1765904912171,CH1,POWER,3.70
1765904912175,CH1,POWER,3.70
1765904912181,CH1,POWER,3.70
1765904912185,CH1,POWER,3.70
1765904912191,CH1,POWER,3.70
1765904912195,CH1,POWER,3.70
1765904912201,CH1,POWER,3.70
1765904912209,CH1,POWER,3.70
1765904912215,CH1,POWER,3.70
1765904912221,CH1,POWER,3.70
1765904912229,CH1,POWER,3.70
1765904912234,CH1,POWER,3.70
1765904912240,CH1,POWER,3.70
1765904912245,CH1,POWER,3.70
1765904912250,CH1,POWER,3.70
1765904912255,CH1,POWER,3.70
1765904912260,CH1,POWER,3.70
1765904912266,CH1,POWER,3.70
1765904912271,CH1,POWER,3.70
1765904912276,CH1,POWER,3.70
1765904912281,CH1,POWER,3.70
1765904912285,CH1,POWER,3.70
1765904912291,CH1,POWER,3.70
1765904912296,CH1,POWER,3.70
1765904912301,CH1,POWER,3.70
1765904912305,CH1,POWER,3.70
1765904912311,CH1,POWER,3.70
1765904912315,CH1,POWER,3.70
1765904912320,CH1,POWER,3.70
1765904912324,CH1,POWER,3.70
1765904912331,CH1,POWER,3.70
1765904912336,CH1,POWER,3.70
1765904912341,CH1,POWER,3.70
1765904912346,CH1,POWER,3.70
1765904912351,CH1,POWER,3.70
1765904912353,CH1,POWER,3.30
1765904912379,CH1,POWER,3.30
1765904912384,CH1,POWER,3.30
1765904912391,CH1,POWER,3.30
1765904912396,CH1,POWER,3.30
1765904912403,CH1,POWER,3.30
1765904912408,CH1,POWER,3.30
1765904912413,CH1,POWER,3.30
1765904912417,CH1,POWER,3.30
1765904912422,CH1,POWER,3.30
1765904912427,CH1,POWER,3.30
1765904912433,CH1,POWER,3.30
1765904912438,CH1,POWER,3.30
1765904912443,CH1,POWER,3.30
1765904912447,CH1,POWER,3.30
1765904912452,CH1,POWER,3.30
1765904912457,CH1,POWER,3.30
1765904912462,CH1,POWER,3.30
1765904912467,CH1,POWER,3.30
1765904912472,CH1,POWER,3.30
1765904912476,CH1,POWER,3.30
1765904912483,CH1,POWER,3.30
1765904912487,CH1,POWER,3.30
1765904912492,CH1,POWER,3.30
1765904912496,CH1,POWER,3.30
1765904912503,CH1,POWER,3.30
1765904912508,CH1,POWER,3.30
1765904912513,CH1,POWER,3.30
1765904912517,CH1,POWER,3.30
1765904912522,CH1,POWER,3.30
1765904912527,CH1,POWER,3.30
1765904912533,CH1,POWER,3.30
1765904912538,CH1,POWER,3.30
1765904912543,CH1,POWER,3.30
1765904912548,CH1,POWER,3.30
1765904912553,CH1,POWER,3.30
1765904912558,CH1,POWER,3.30
1765904912563,CH1,POWER,3.30
1765904912568,CH1,POWER,3.30
1765904912573,CH1,POWER,3.30
1765904912581,CH1,POWER,3.30
1765904912585,CH1,POWER,3.30
1765904912590,CH1,POWER,3.30
1765904912596,CH1,POWER,3.30
1765904912603,CH1,POWER,3.30
1765904912611,CH1,POWER,3.30
1765904912616,CH1,POWER,3.30
1765904912623,CH1,POWER,3.30
1765904912628,CH1,POWER,3.30
1765904912633,CH1,POWER,3.30
1765904912638,CH1,POWER,3.30
1765904912643,CH1,POWER,3.30
1765904912648,CH1,POWER,3.30
1765904912653,CH1,POWER,3.30
1765904912658,CH1,POWER,3.30
1765904912663,CH1,POWER,3.30
1765904912668,CH1,POWER,3.30
1765904912673,CH1,POWER,3.30
1765904912681,CH1,POWER,3.30
1765904912686,CH1,POWER,3.30
1765904912693,CH1,POWER,3.30
1765904912698,CH1,POWER,3.30
1765904912703,CH1,POWER,3.30
1765904912708,CH1,POWER,3.30
1765904912713,CH1,POWER,3.30
1765904912718,CH1,POWER,3.30
1765904912723,CH1,POWER,3.30
1765904912728,CH1,POWER,3.30
1765904912733,CH1,POWER,3.30
1765904912737,CH1,POWER,3.70
1765904912765,CH1,POWER,3.70
1765904912770,CH1,POWER,3.70
1765904912775,CH1,POWER,3.70
1765904912783,CH1,POWER,3.70
1765904912787,CH1,POWER,3.70
1765904912792,CH1,POWER,3.70
1765904912798,CH1,POWER,3.70
1765904912805,CH1,POWER,3.70
1765904912810,CH1,POWER,3.70
1765904912815,CH1,POWER,3.70
1765904912820,CH1,POWER,3.70
1765904912825,CH1,POWER,3.70
1765904912829,CH1,POWER,3.70
1765904912835,CH1,POWER,3.70
1765904912840,CH1,POWER,3.70
1765904912845,CH1,POWER,3.70
1765904912850,CH1,POWER,3.70
1765904912855,CH1,POWER,3.70
1765904912860,CH1,POWER,3.70
1765904912865,CH1,POWER,3.70
1765904912870,CH1,POWER,3.70
1765904912875,CH1,POWER,3.70
1765904912880,CH1,POWER,3.70
1765904912885,CH1,POWER,3.70
1765904912889,CH1,POWER,3.70
1765904912895,CH1,POWER,3.70
1765904912900,CH1,POWER,3.70
1765904912905,CH1,POWER,3.70
1765904912910,CH1,POWER,3.70
1765904912915,CH1,POWER,3.70
1765904912920,CH1,POWER,3.70
1765904912925,CH1,POWER,3.70
1765904912930,CH1,POWER,3.70
1765904912935,CH1,POWER,3.70
1765904912943,CH1,POWER,3.70
1765904912948,CH1,POWER,3.70
1765904912955,CH1,POWER,3.70
1765904912960,CH1,POWER,3.70
1765904912965,CH1,POWER,3.70
1765904912973,CH1,POWER,3.70
1765904912978,CH1,POWER,3.70
1765904912985,CH1,POWER,3.70
1765904912990,CH1,POWER,3.70
1765904912995,CH1,POWER,3.70
1765904913003,CH1,POWER,3.70
1765904913008,CH1,POWER,3.70
1765904913015,CH1,POWER,3.70
1765904913020,CH1,POWER,3.70
1765904913025,CH1,POWER,3.70
1765904913030,CH1,POWER,3.70
1765904913035,CH1,POWER,3.70
1765904913040,CH1,POWER,3.70
1765904913045,CH1,POWER,3.70
1765904913050,CH1,POWER,3.70
1765904913055,CH1,POWER,3.70
1765904913063,CH1,POWER,3.70
1765904913068,CH1,POWER,3.70
1765904913075,CH1,POWER,3.70
1765904913080,CH1,POWER,3.70
1765904913085,CH1,POWER,3.70
1765904913093,CH1,POWER,3.70
1765904913098,CH1,POWER,3.70
1765904913105,CH1,POWER,3.70
1765904913110,CH1,POWER,3.70
1765904913113,CH1,POWER,3.65
1765904913116,CH1,POWER,3.65
1765904913118,CH1,POWER,3.65
1765904913146,CH1,POWER,3.65
1765904913151,CH1,POWER,3.65
1765904913156,CH1,POWER,3.65
1765904913162,CH1,POWER,3.65
1765904913167,CH1,POWER,3.65
1765904913171,CH1,POWER,3.65
1765904913176,CH1,POWER,3.65
1765904913180,CH1,POWER,3.65
1765904913187,CH1,POWER,3.65
1765904913192,CH1,POWER,3.65
1765904913197,CH1,POWER,3.65
1765904913202,CH1,POWER,3.65
1765904913207,CH1,POWER,3.65
1765904913212,CH1,POWER,3.65
1765904913217,CH1,POWER,3.65
1765904913222,CH1,POWER,3.65
1765904913227,CH1,POWER,3.65
1765904913231,CH1,POWER,3.65
1765904913237,CH1,POWER,3.65
1765904913245,CH1,POWER,3.65
1765904913250,CH1,POWER,3.65
1765904913257,CH1,POWER,3.65
1765904913262,CH1,POWER,3.65
1765904913267,CH1,POWER,3.65
1765904913275,CH1,POWER,3.65
1765904913280,CH1,POWER,3.65
1765904913286,CH1,POWER,3.65
1765904913291,CH1,POWER,3.65
1765904913296,CH1,POWER,3.65
1765904913302,CH1,POWER,3.65
1765904913307,CH1,POWER,3.65
1765904913315,CH1,POWER,3.65
1765904913320,CH1,POWER,3.65
1765904913326,CH1,POWER,3.65
1765904913331,CH1,POWER,3.65
1765904913337,CH1,POWER,3.65
1765904913342,CH1,POWER,3.65
1765904913347,CH1,POWER,3.65
1765904913352,CH1,POWER,3.65
1765904913357,CH1,POWER,3.65
1765904913362,CH1,POWER,3.65
1765904913367,CH1,POWER,3.65
1765904913372,CH1,POWER,3.65
1765904913377,CH1,POWER,3.65
1765904913385,CH1,POWER,3.65
1765904913391,CH1,POWER,3.65
1765904913397,CH1,POWER,3.65
1765904913402,CH1,POWER,3.65
1765904913407,CH1,POWER,3.65
1765904913415,CH1,POWER,3.65
1765904913420,CH1,POWER,3.65
1765904913427,CH1,POWER,3.65
1765904913432,CH1,POWER,3.65
1765904913437,CH1,POWER,3.65
1765904913445,CH1,POWER,3.65
1765904913450,CH1,POWER,3.65
1765904913457,CH1,POWER,3.65
1765904913462,CH1,POWER,3.65
1765904913467,CH1,POWER,3.65
1765904913475,CH1,POWER,3.65
1765904913480,CH1,POWER,3.65
1765904913487,CH1,POWER,3.65
1765904913492,CH1,POWER,3.65
1765904913497,CH1,POWER,3.65
1765904913505,CH1,POWER,3.65
1765904913507,CH1,POWER,3.55
1765904913510,CH1,POWER,3.55
1765904913536,CH1,POWER,3.55
1765904913541,CH1,POWER,3.55
1765904913546,CH1,POWER,3.55
1765904913552,CH1,POWER,3.55
1765904913559,CH1,POWER,3.55
1765904913564,CH1,POWER,3.55
1765904913569,CH1,POWER,3.55
1765904913574,CH1,POWER,3.55
1765904913579,CH1,POWER,3.55
1765904913584,CH1,POWER,3.55
1765904913589,CH1,POWER,3.55
1765904913597,CH1,POWER,3.55
1765904913602,CH1,POWER,3.55
1765904913609,CH1,POWER,3.55
1765904913614,CH1,POWER,3.55
1765904913619,CH1,POWER,3.55
1765904913627,CH1,POWER,3.55
1765904913632,CH1,POWER,3.55
1765904913639,CH1,POWER,3.55
1765904913644,CH1,POWER,3.55
1765904913649,CH1,POWER,3.55
1765904913654,CH1,POWER,3.55
1765904913659,CH1,POWER,3.55
1765904913664,CH1,POWER,3.55
1765904913669,CH1,POWER,3.55
1765904913674,CH1,POWER,3.55
1765904913679,CH1,POWER,3.55
1765904913687,CH1,POWER,3.55
1765904913692,CH1,POWER,3.55
1765904913699,CH1,POWER,3.55
1765904913704,CH1,POWER,3.55
1765904913709,CH1,POWER,3.55
1765904913714,CH1,POWER,3.55
1765904913719,CH1,POWER,3.55
1765904913724,CH1,POWER,3.55
1765904913729,CH1,POWER,3.55
1765904913737,CH1,POWER,3.55
1765904913742,CH1,POWER,3.55
1765904913749,CH1,POWER,3.55
1765904913754,CH1,POWER,3.55
1765904913759,CH1,POWER,3.55
1765904913767,CH1,POWER,3.55
1765904913773,CH1,POWER,3.55
1765904913779,CH1,POWER,3.55
1765904913783,CH1,POWER,3.55
1765904913788,CH1,POWER,3.55
1765904913792,CH1,POWER,3.55
1765904913799,CH1,POWER,3.55
1765904913803,CH1,POWER,3.55
1765904913808,CH1,POWER,3.55
1765904913814,CH1,POWER,3.55
1765904913819,CH1,POWER,3.55
1765904913824,CH1,POWER,3.55
1765904913829,CH1,POWER,3.55
1765904913834,CH1,POWER,3.55
1765904913839,CH1,POWER,3.55
1765904913847,CH1,POWER,3.55
1765904913852,CH1,POWER,3.55
1765904913859,CH1,POWER,3.55
1765904913864,CH1,POWER,3.55
1765904913869,CH1,POWER,3.55
1765904913874,CH1,POWER,3.55
1765904913879,CH1,POWER,3.55
1765904913884,CH1,POWER,3.55
1765904913889,CH1,POWER,3.55
1765904913893,CH1,POWER,3.70
1765904913921,CH1,POWER,3.70
1765904913926,CH1,POWER,3.70
1765904913931,CH1,POWER,3.70
1765904913936,CH1,POWER,3.70
1765904913941,CH1,POWER,3.70
1765904913949,CH1,POWER,3.70
1765904913954,CH1,POWER,3.70
1765904913961,CH1,POWER,3.70
1765904913969,CH1,POWER,3.70
1765904913974,CH1,POWER,3.70
1765904913981,CH1,POWER,3.70
1765904913986,CH1,POWER,3.70
1765904913991,CH1,POWER,3.70
1765904913999,CH1,POWER,3.70
1765904914004,CH1,POWER,3.70
1765904914010,CH1,POWER,3.70
1765904914015,CH1,POWER,3.70
1765904914021,CH1,POWER,3.70
1765904914026,CH1,POWER,3.70
1765904914031,CH1,POWER,3.70
1765904914036,CH1,POWER,3.70
1765904914041,CH1,POWER,3.70
1765904914046,CH1,POWER,3.70
1765904914051,CH1,POWER,3.70
1765904914059,CH1,POWER,3.70
1765904914064,CH1,POWER,3.70
1765904914071,CH1,POWER,3.70
1765904914076,CH1,POWER,3.70
1765904914081,CH1,POWER,3.70
1765904914086,CH1,POWER,3.70
1765904914091,CH1,POWER,3.70
1765904914099,CH1,POWER,3.70
1765904914104,CH1,POWER,3.70
1765904914111,CH1,POWER,3.70
1765904914116,CH1,POWER,3.70
1765904914121,CH1,POWER,3.70
1765904914129,CH1,POWER,3.70
1765904914134,CH1,POWER,3.70
1765904914141,CH1,POWER,3.70
1765904914146,CH1,POWER,3.70
1765904914151,CH1,POWER,3.70
1765904914159,CH1,POWER,3.70
1765904914164,CH1,POWER,3.70
1765904914170,CH1,POWER,3.70
1765904914176,CH1,POWER,3.70
1765904914181,CH1,POWER,3.70
1765904914189,CH1,POWER,3.70
1765904914194,CH1,POWER,3.70
1765904914201,CH1,POWER,3.70
1765904914209,CH1,POWER,3.70
1765904914214,CH1,POWER,3.70
1765904914221,CH1,POWER,3.70
1765904914226,CH1,POWER,3.70
1765904914231,CH1,POWER,3.70
1765904914239,CH1,POWER,3.70
1765904914244,CH1,POWER,3.70
1765904914251,CH1,POWER,3.70
1765904914256,CH1,POWER,3.70
1765904914261,CH1,POWER,3.70
1765904914266,CH1,POWER,3.70
1765904914271,CH1,POWER,3.70
1765904914276,CH1,POWER,3.70
1765904914280,CH1,POWER,3.70
1765904914283,CH1,POWER,3.30
1765904914309,CH1,POWER,3.30
1765904914314,CH1,POWER,3.30
1765904914321,CH1,POWER,3.30
1765904914327,CH1,POWER,3.30
1765904914332,CH1,POWER,3.30
1765904914337,CH1,POWER,3.30
1765904914342,CH1,POWER,3.30
1765904914347,CH1,POWER,3.30
1765904914353,CH1,POWER,3.30
1765904914361,CH1,POWER,3.30
1765904914366,CH1,POWER,3.30
1765904914372,CH1,POWER,3.30
1765904914377,CH1,POWER,3.30
1765904914383,CH1,POWER,3.30
1765904914388,CH1,POWER,3.30
1765904914393,CH1,POWER,3.30
1765904914401,CH1,POWER,3.30
1765904914406,CH1,POWER,3.30
1765904914412,CH1,POWER,3.30
1765904914417,CH1,POWER,3.30
1765904914423,CH1,POWER,3.30
1765904914428,CH1,POWER,3.30
1765904914433,CH1,POWER,3.30
1765904914441,CH1,POWER,3.30
1765904914446,CH1,POWER,3.30
1765904914452,CH1,POWER,3.30
1765904914457,CH1,POWER,3.30
1765904914462,CH1,POWER,3.30
1765904914467,CH1,POWER,3.30
1765904914472,CH1,POWER,3.30
1765904914478,CH1,POWER,3.30
1765904914483,CH1,POWER,3.30
1765904914488,CH1,POWER,3.30
1765904914493,CH1,POWER,3.30
1765904914501,CH1,POWER,3.30
1765904914506,CH1,POWER,3.30
1765904914513,CH1,POWER,3.30
1765904914518,CH1,POWER,3.30
1765904914523,CH1,POWER,3.30
1765904914528,CH1,POWER,3.30
1765904914533,CH1,POWER,3.30
1765904914538,CH1,POWER,3.30
1765904914543,CH1,POWER,3.30
1765904914551,CH1,POWER,3.30
1765904914556,CH1,POWER,3.30
1765904914563,CH1,POWER,3.30
1765904914568,CH1,POWER,3.30
1765904914573,CH1,POWER,3.30
1765904914578,CH1,POWER,3.30
1765904914583,CH1,POWER,3.30
1765904914588,CH1,POWER,3.30
1765904914593,CH1,POWER,3.30
1765904914601,CH1,POWER,3.30
1765904914606,CH1,POWER,3.30
1765904914612,CH1,POWER,3.30
1765904914617,CH1,POWER,3.30
1765904914622,CH1,POWER,3.30
1765904914628,CH1,POWER,3.30
1765904914633,CH1,POWER,3.30
1765904914638,CH1,POWER,3.30
1765904914643,CH1,POWER,3.30
1765904914648,CH1,POWER,3.30
1765904914653,CH1,POWER,3.30
1765904914661,CH1,POWER,3.30
1765904914664,CH1,POWER,3.60
1765904914667,CH1,POWER,3.60
1765904914695,CH1,POWER,3.60
1765904914700,CH1,POWER,3.60
1765904914705,CH1,POWER,3.60
1765904914710,CH1,POWER,3.60
1765904914715,CH1,POWER,3.60
1765904914723,CH1,POWER,3.60
1765904914728,CH1,POWER,3.60
1765904914735,CH1,POWER,3.60
1765904914743,CH1,POWER,3.60
1765904914748,CH1,POWER,3.60
1765904914755,CH1,POWER,3.60
1765904914760,CH1,POWER,3.60
1765904914765,CH1,POWER,3.60
1765904914773,CH1,POWER,3.60
1765904914778,CH1,POWER,3.60
1765904914785,CH1,POWER,3.60
1765904914790,CH1,POWER,3.60
1765904914794,CH1,POWER,3.60
1765904914798,CH1,POWER,3.60
1765904914805,CH1,POWER,3.60
1765904914813,CH1,POWER,3.60
1765904914818,CH1,POWER,3.60
1765904914825,CH1,POWER,3.60
1765904914830,CH1,POWER,3.60
1765904914835,CH1,POWER,3.60
1765904914839,CH1,POWER,3.60
1765904914844,CH1,POWER,3.60
1765904914850,CH1,POWER,3.60
1765904914855,CH1,POWER,3.60
1765904914862,CH1,POWER,3.60
1765904914867,CH1,POWER,3.60
1765904914872,CH1,POWER,3.60
1765904914877,CH1,POWER,3.60
1765904914882,CH1,POWER,3.60
1765904914887,CH1,POWER,3.60
1765904914895,CH1,POWER,3.60
1765904914900,CH1,POWER,3.60
1765904914905,CH1,POWER,3.60
1765904914913,CH1,POWER,3.60
1765904914918,CH1,POWER,3.60
1765904914924,CH1,POWER,3.60
1765904914929,CH1,POWER,3.60
1765904914935,CH1,POWER,3.60
1765904914940,CH1,POWER,3.60
1765904914945,CH1,POWER,3.60
1765904914953,CH1,POWER,3.60
1765904914958,CH1,POWER,3.60
1765904914965,CH1,POWER,3.60
1765904914973,CH1,POWER,3.60
1765904914978,CH1,POWER,3.60
1765904914985,CH1,POWER,3.60
1765904914989,CH1,POWER,3.60
1765904914994,CH1,POWER,3.60
1765904915000,CH1,POWER,3.60
1765904915005,CH1,POWER,3.60
1765904915010,CH1,POWER,3.60
1765904915014,CH1,POWER,3.60
1765904915018,CH1,POWER,3.60
1765904915025,CH1,POWER,3.60
1765904915030,CH1,POWER,3.60
1765904915034,CH1,POWER,3.60
1765904915039,CH1,POWER,3.60
1765904915043,CH1,POWER,3.60
1765904915048,CH1,POWER,3.60
1765904915053,CH1,POWER,3.60
1765904915056,CH1,POWER,3.60
1765904915058,CH1,POWER,3.60
1765904915086,CH1,POWER,3.60
1765904915091,CH1,POWER,3.60
1765904915095,CH1,POWER,3.60
1765904915100,CH1,POWER,3.60
1765904915107,CH1,POWER,3.60
1765904915112,CH1,POWER,3.60
1765904915117,CH1,POWER,3.60
1765904915122,CH1,POWER,3.60
1765904915127,CH1,POWER,3.60
1765904915132,CH1,POWER,3.60
1765904915137,CH1,POWER,3.60
1765904915142,CH1,POWER,3.60
1765904915147,CH1,POWER,3.60
1765904915152,CH1,POWER,3.60
1765904915157,CH1,POWER,3.60
1765904915162,CH1,POWER,3.60
1765904915167,CH1,POWER,3.60
1765904915172,CH1,POWER,3.60
1765904915177,CH1,POWER,3.60
1765904915182,CH1,POWER,3.60
1765904915187,CH1,POWER,3.60
1765904915192,CH1,POWER,3.60
1765904915197,CH1,POWER,3.60
1765904915202,CH1,POWER,3.60
1765904915207,CH1,POWER,3.60
1765904915212,CH1,POWER,3.60
1765904915217,CH1,POWER,3.60
1765904915222,CH1,POWER,3.60
1765904915226,CH1,POWER,3.60
1765904915231,CH1,POWER,3.60
1765904915235,CH1,POWER,3.60
1765904915240,CH1,POWER,3.60
1765904915247,CH1,POWER,3.60
1765904915252,CH1,POWER,3.60
1765904915256,CH1,POWER,3.60
1765904915262,CH1,POWER,3.60
1765904915267,CH1,POWER,3.60
1765904915274,CH1,POWER,3.60
1765904915279,CH1,POWER,3.60
1765904915283,CH1,POWER,3.60
1765904915288,CH1,POWER,3.60
1765904915295,CH1,POWER,3.60
1765904915299,CH1,POWER,3.60
1765904915307,CH1,POWER,3.60
1765904915312,CH1,POWER,3.60
1765904915317,CH1,POWER,3.60
1765904915322,CH1,POWER,3.60
1765904915326,CH1,POWER,3.60
1765904915331,CH1,POWER,3.60
1765904915335,CH1,POWER,3.60
1765904915341,CH1,POWER,3.60
1765904915346,CH1,POWER,3.60
1765904915351,CH1,POWER,3.60
1765904915357,CH1,POWER,3.60
1765904915362,CH1,POWER,3.60
1765904915366,CH1,POWER,3.60
1765904915371,CH1,POWER,3.60
1765904915375,CH1,POWER,3.60
1765904915379,CH1,POWER,3.60
1765904915384,CH1,POWER,3.60
1765904915390,CH1,POWER,3.60
1765904915397,CH1,POWER,3.60
1765904915405,CH1,POWER,3.60
1765904915410,CH1,POWER,3.60
1765904915417,CH1,POWER,3.60
1765904915422,CH1,POWER,3.60
1765904915427,CH1,POWER,3.60
1765904915432,CH1,POWER,3.60
1765904915436,CH1,POWER,3.60
1765904915441,CH1,POWER,3.60
1765904915445,CH1,POWER,3.60
1765904915449,CH1,POWER,3.55
1765904915451,CH1,POWER,3.55
1765904915479,CH1,POWER,3.55
1765904915484,CH1,POWER,3.55
1765904915489,CH1,POWER,3.55
1765904915497,CH1,POWER,3.55
1765904915502,CH1,POWER,3.55
1765904915509,CH1,POWER,3.55
1765904915514,CH1,POWER,3.55
1765904915519,CH1,POWER,3.55
1765904915524,CH1,POWER,3.55
1765904915529,CH1,POWER,3.55
1765904915534,CH1,POWER,3.55
1765904915538,CH1,POWER,3.55
1765904915543,CH1,POWER,3.55
1765904915547,CH1,POWER,3.55
1765904915552,CH1,POWER,3.55
1765904915559,CH1,POWER,3.55
1765904915564,CH1,POWER,3.55
1765904915569,CH1,POWER,3.55
1765904915574,CH1,POWER,3.55
1765904915578,CH1,POWER,3.55
1765904915583,CH1,POWER,3.55
1765904915587,CH1,POWER,3.55
1765904915592,CH1,POWER,3.55
1765904915598,CH1,POWER,3.55
1765904915603,CH1,POWER,3.55
1765904915607,CH1,POWER,3.55
1765904915612,CH1,POWER,3.55
1765904915619,CH1,POWER,3.55
1765904915624,CH1,POWER,3.55
1765904915629,CH1,POWER,3.55
1765904915634,CH1,POWER,3.55
1765904915639,CH1,POWER,3.55
1765904915644,CH1,POWER,3.55
1765904915648,CH1,POWER,3.55
1765904915653,CH1,POWER,3.55
1765904915658,CH1,POWER,3.55
1765904915663,CH1,POWER,3.55
1765904915668,CH1,POWER,3.55
1765904915673,CH1,POWER,3.55
1765904915678,CH1,POWER,3.55
1765904915683,CH1,POWER,3.55
1765904915688,CH1,POWER,3.55
1765904915693,CH1,POWER,3.55
1765904915697,CH1,POWER,3.55
1765904915702,CH1,POWER,3.55
1765904915709,CH1,POWER,3.55
1765904915714,CH1,POWER,3.55
1765904915719,CH1,POWER,3.55
1765904915724,CH1,POWER,3.55
1765904915728,CH1,POWER,3.55
1765904915734,CH1,POWER,3.55
1765904915738,CH1,POWER,3.55
1765904915743,CH1,POWER,3.55
1765904915747,CH1,POWER,3.55
1765904915753,CH1,POWER,3.55
1765904915759,CH1,POWER,3.55
1765904915764,CH1,POWER,3.55
1765904915768,CH1,POWER,3.55
1765904915774,CH1,POWER,3.55
1765904915779,CH1,POWER,3.55
1765904915784,CH1,POWER,3.55
1765904915789,CH1,POWER,3.55
1765904915794,CH1,POWER,3.55
1765904915798,CH1,POWER,3.55
1765904915804,CH1,POWER,3.55
1765904915809,CH1,POWER,3.55
1765904915814,CH1,POWER,3.55
1765904915819,CH1,POWER,3.55
1765904915824,CH1,POWER,3.55
1765904915828,CH1,POWER,3.55
1765904915833,CH1,POWER,3.55
1765904915836,CH1,POWER,3.55
1765904915839,CH1,POWER,3.55
1765904915841,CH1,POWER,3.55
1765904915868,CH1,POWER,3.55
1765904915873,CH1,POWER,3.55
1765904915878,CH1,POWER,3.55
1765904915884,CH1,POWER,3.55
1765904915890,CH1,POWER,3.55
1765904915899,CH1,POWER,3.55
1765904915904,CH1,POWER,3.55
1765904915910,CH1,POWER,3.55
1765904915915,CH1,POWER,3.55
1765904915920,CH1,POWER,3.55
1765904915925,CH1,POWER,3.55
1765904915931,CH1,POWER,3.55
1765904915936,CH1,POWER,3.55
1765904915941,CH1,POWER,3.55
1765904915946,CH1,POWER,3.55
1765904915951,CH1,POWER,3.55
1765904915956,CH1,POWER,3.55
1765904915961,CH1,POWER,3.55
1765904915966,CH1,POWER,3.55
1765904915971,CH1,POWER,3.55
1765904915976,CH1,POWER,3.55
1765904915981,CH1,POWER,3.55
1765904915986,CH1,POWER,3.55
1765904915990,CH1,POWER,3.55
1765904915995,CH1,POWER,3.55
1765904916000,CH1,POWER,3.55
1765904916005,CH1,POWER,3.55
1765904916011,CH1,POWER,3.55
1765904916016,CH1,POWER,3.55
1765904916020,CH1,POWER,3.55
1765904916025,CH1,POWER,3.55
1765904916029,CH1,POWER,3.55
1765904916036,CH1,POWER,3.55
1765904916041,CH1,POWER,3.55
1765904916046,CH1,POWER,3.55
1765904916050,CH1,POWER,3.55
1765904916055,CH1,POWER,3.55
1765904916060,CH1,POWER,3.55
1765904916065,CH1,POWER,3.55
1765904916070,CH1,POWER,3.55
1765904916074,CH1,POWER,3.55
1765904916080,CH1,POWER,3.55
1765904916084,CH1,POWER,3.55
1765904916091,CH1,POWER,3.55
1765904916096,CH1,POWER,3.55
1765904916100,CH1,POWER,3.55
1765904916105,CH1,POWER,3.55
1765904916110,CH1,POWER,3.55
1765904916114,CH1,POWER,3.55
1765904916119,CH1,POWER,3.55
1765904916124,CH1,POWER,3.55
1765904916129,CH1,POWER,3.55
1765904916136,CH1,POWER,3.55
1765904916141,CH1,POWER,3.55
1765904916146,CH1,POWER,3.55
1765904916150,CH1,POWER,3.55
1765904916154,CH1,POWER,3.55
1765904916160,CH1,POWER,3.55
1765904916165,CH1,POWER,3.55
1765904916170,CH1,POWER,3.55
1765904916175,CH1,POWER,3.55
1765904916180,CH1,POWER,3.55
1765904916184,CH1,POWER,3.55
1765904916191,CH1,POWER,3.55
1765904916196,CH1,POWER,3.55
1765904916200,CH1,POWER,3.55
1765904916206,CH1,POWER,3.55
1765904916211,CH1,POWER,3.55
1765904916216,CH1,POWER,3.55
1765904916221,CH1,POWER,3.55
1765904916224,CH1,POWER,3.30
1765904916252,CH1,POWER,3.30
1765904916257,CH1,POWER,3.30
1765904916261,CH1,POWER,3.30
1765904916266,CH1,POWER,3.30
1765904916272,CH1,POWER,3.30
1765904916276,CH1,POWER,3.30
1765904916283,CH1,POWER,3.30
1765904916288,CH1,POWER,3.30
1765904916292,CH1,POWER,3.30
1765904916296,CH1,POWER,3.30
1765904916302,CH1,POWER,3.30
1765904916306,CH1,POWER,3.30
1765904916313,CH1,POWER,3.30
1765904916318,CH1,POWER,3.30
1765904916322,CH1,POWER,3.30
1765904916326,CH1,POWER,3.30
1765904916333,CH1,POWER,3.30
1765904916338,CH1,POWER,3.30
1765904916343,CH1,POWER,3.30
1765904916348,CH1,POWER,3.30
1765904916353,CH1,POWER,3.30
1765904916358,CH1,POWER,3.30
1765904916362,CH1,POWER,3.30
1765904916366,CH1,POWER,3.30
1765904916372,CH1,POWER,3.30
1765904916377,CH1,POWER,3.30
1765904916382,CH1,POWER,3.30
1765904916386,CH1,POWER,3.30
1765904916392,CH1,POWER,3.30
1765904916397,CH1,POWER,3.30
1765904916401,CH1,POWER,3.30
1765904916407,CH1,POWER,3.30
1765904916411,CH1,POWER,3.30
1765904916418,CH1,POWER,3.30
1765904916423,CH1,POWER,3.30
1765904916428,CH1,POWER,3.30
1765904916433,CH1,POWER,3.30
1765904916438,CH1,POWER,3.30
1765904916443,CH1,POWER,3.30
1765904916448,CH1,POWER,3.30
1765904916452,CH1,POWER,3.30
1765904916458,CH1,POWER,3.30
1765904916463,CH1,POWER,3.30
1765904916470,CH1,POWER,3.30
1765904916475,CH1,POWER,3.30
1765904916479,CH1,POWER,3.30
1765904916486,CH1,POWER,3.30
1765904916492,CH1,POWER,3.30
1765904916498,CH1,POWER,3.30
1765904916502,CH1,POWER,3.30
1765904916508,CH1,POWER,3.30
1765904916513,CH1,POWER,3.30
1765904916518,CH1,POWER,3.30
1765904916523,CH1,POWER,3.30
1765904916528,CH1,POWER,3.30
1765904916532,CH1,POWER,3.30
1765904916538,CH1,POWER,3.30
1765904916542,CH1,POWER,3.30
1765904916551,CH1,POWER,3.30
1765904916556,CH1,POWER,3.30
1765904916562,CH1,POWER,3.30
1765904916567,CH1,POWER,3.30
1765904916572,CH1,POWER,3.30
1765904916578,CH1,POWER,3.30
1765904916583,CH1,POWER,3.30
1765904916588,CH1,POWER,3.30
1765904916593,CH1,POWER,3.30
1765904916598,CH1,POWER,3.30
1765904916602,CH1,POWER,3.30
1765904916606,CH1,POWER,3.30
1765904916613,CH1,POWER,3.30
1765904916615,CH1,POWER,3.00
1765904916642,CH1,POWER,3.00
1765904916646,CH1,POWER,3.00
1765904916654,CH1,POWER,3.00
1765904916663,CH1,POWER,3.00
1765904916668,CH1,POWER,3.00
1765904916675,CH1,POWER,3.00
1765904916680,CH1,POWER,3.00
1765904916685,CH1,POWER,3.00
1765904916690,CH1,POWER,3.00
1765904916694,CH1,POWER,3.00
1765904916703,CH1,POWER,3.00
1765904916708,CH1,POWER,3.00
1765904916714,CH1,POWER,3.00
1765904916719,CH1,POWER,3.00
1765904916724,CH1,POWER,3.00
1765904916728,CH1,POWER,3.00
1765904916734,CH1,POWER,3.00
1765904916739,CH1,POWER,3.00
1765904916743,CH1,POWER,3.00
1765904916748,CH1,POWER,3.00
1765904916755,CH1,POWER,3.00
1765904916760,CH1,POWER,3.00
1765904916765,CH1,POWER,3.00
1765904916770,CH1,POWER,3.00
1765904916775,CH1,POWER,3.00
1765904916780,CH1,POWER,3.00
1765904916784,CH1,POWER,3.00
1765904916788,CH1,POWER,3.00
1765904916795,CH1,POWER,3.00
1765904916800,CH1,POWER,3.00
1765904916805,CH1,POWER,3.00
1765904916810,CH1,POWER,3.00
1765904916814,CH1,POWER,3.00
1765904916819,CH1,POWER,3.00
1765904916823,CH1,POWER,3.00
1765904916827,CH1,POWER,3.00
1765904916833,CH1,POWER,3.00
1765904916837,CH1,POWER,3.00
1765904916845,CH1,POWER,3.00
1765904916850,CH1,POWER,3.00
1765904916854,CH1,POWER,3.00
1765904916858,CH1,POWER,3.00
1765904916864,CH1,POWER,3.00
1765904916870,CH1,POWER,3.00
1765904916875,CH1,POWER,3.00
1765904916880,CH1,POWER,3.00
1765904916884,CH1,POWER,3.00
1765904916890,CH1,POWER,3.00
1765904916894,CH1,POWER,3.00
1765904916900,CH1,POWER,3.00
1765904916905,CH1,POWER,3.00
1765904916910,CH1,POWER,3.00
1765904916914,CH1,POWER,3.00
1765904916920,CH1,POWER,3.00
1765904916924,CH1,POWER,3.00
1765904916928,CH1,POWER,3.00
1765904916934,CH1,POWER,3.00
1765904916938,CH1,POWER,3.00
1765904916945,CH1,POWER,3.00
1765904916950,CH1,POWER,3.00
1765904916954,CH1,POWER,3.00
1765904916963,CH1,POWER,3.00
1765904916967,CH1,POWER,3.00
1765904916975,CH1,POWER,3.00
1765904916980,CH1,POWER,3.00
1765904916985,CH1,POWER,3.00
1765904916990,CH1,POWER,3.00
1765904916995,CH1,POWER,3.00
1765904917000,CH1,POWER,3.00
1765904917004,CH1,POWER,3.00
1765904917009,CH1,POWER,3.00
1765904917037,CH1,POWER,3.10
1765904917042,CH1,POWER,3.10
1765904917046,CH1,POWER,3.10
1765904917051,CH1,POWER,3.10
1765904917056,CH1,POWER,3.10
1765904917060,CH1,POWER,3.10
1765904917067,CH1,POWER,3.10
1765904917072,CH1,POWER,3.10
1765904917076,CH1,POWER,3.10
1765904917082,CH1,POWER,3.10
1765904917086,CH1,POWER,3.10
1765904917090,CH1,POWER,3.10
1765904917097,CH1,POWER,3.10
1765904917102,CH1,POWER,3.10
1765904917106,CH1,POWER,3.10
1765904917110,CH1,POWER,3.10
1765904917117,CH1,POWER,3.10
1765904917122,CH1,POWER,3.10
1765904917127,CH1,POWER,3.10
1765904917132,CH1,POWER,3.10
1765904917136,CH1,POWER,3.10
1765904917141,CH1,POWER,3.10
1765904917145,CH1,POWER,3.10
1765904917151,CH1,POWER,3.10
1765904917155,CH1,POWER,3.10
1765904917159,CH1,POWER,3.10
1765904917165,CH1,POWER,3.10
1765904917169,CH1,POWER,3.10
1765904917175,CH1,POWER,3.10
1765904917180,CH1,POWER,3.10
1765904917186,CH1,POWER,3.10
1765904917192,CH1,POWER,3.10
1765904917196,CH1,POWER,3.10
1765904917202,CH1,POWER,3.10
1765904917206,CH1,POWER,3.10
1765904917212,CH1,POWER,3.10
1765904917216,CH1,POWER,3.10
1765904917220,CH1,POWER,3.10
1765904917226,CH1,POWER,3.10
1765904917230,CH1,POWER,3.10
1765904917236,CH1,POWER,3.10
1765904917241,CH1,POWER,3.10
1765904917245,CH1,POWER,3.10
1765904917250,CH1,POWER,3.10
1765904917256,CH1,POWER,3.10
1765904917261,CH1,POWER,3.10
1765904917266,CH1,POWER,3.10
1765904917270,CH1,POWER,3.10
1765904917276,CH1,POWER,3.10
1765904917280,CH1,POWER,3.10
1765904917286,CH1,POWER,3.10
1765904917290,CH1,POWER,3.10
1765904917296,CH1,POWER,3.10
1765904917300,CH1,POWER,3.10
1765904917305,CH1,POWER,3.10
1765904917310,CH1,POWER,3.10
1765904917316,CH1,POWER,3.10
1765904917325,CH1,POWER,3.10
1765904917330,CH1,POWER,3.10
1765904917337,CH1,POWER,3.10
1765904917342,CH1,POWER,3.10
1765904917346,CH1,POWER,3.10
1765904917350,CH1,POWER,3.10
1765904917356,CH1,POWER,3.10
1765904917365,CH1,POWER,3.10
1765904917369,CH1,POWER,3.10
1765904917377,CH1,POWER,3.10
1765904917382,CH1,POWER,3.10
1765904917387,CH1,POWER,3.10
1765904917392,CH1,POWER,3.10
1765904917397,CH1,POWER,3.10
1765904917399,CH1,POWER,3.55
1765904917426,CH1,POWER,3.55
1765904917430,CH1,POWER,3.55
1765904917437,CH1,POWER,3.55
1765904917442,CH1,POWER,3.55
1765904917448,CH1,POWER,3.55
1765904917457,CH1,POWER,3.55
1765904917461,CH1,POWER,3.55
1765904917468,CH1,POWER,3.55
1765904917472,CH1,POWER,3.55
1765904917479,CH1,POWER,3.55
1765904917484,CH1,POWER,3.55
1765904917489,CH1,POWER,3.55
1765904917494,CH1,POWER,3.55
1765904917499,CH1,POWER,3.55
1765904917504,CH1,POWER,3.55
1765904917508,CH1,POWER,3.55
1765904917514,CH1,POWER,3.55
1765904917518,CH1,POWER,3.55
1765904917527,CH1,POWER,3.55
1765904917532,CH1,POWER,3.55
1765904917538,CH1,POWER,3.55
1765904917543,CH1,POWER,3.55
1765904917547,CH1,POWER,3.55
1765904917552,CH1,POWER,3.55
1765904917558,CH1,POWER,3.55
1765904917562,CH1,POWER,3.55
1765904917568,CH1,POWER,3.55
1765904917572,CH1,POWER,3.55
1765904917577,CH1,POWER,3.55
1765904917584,CH1,POWER,3.55
1765904917589,CH1,POWER,3.55
1765904917594,CH1,POWER,3.55
1765904917599,CH1,POWER,3.55
1765904917604,CH1,POWER,3.55
1765904917608,CH1,POWER,3.55
1765904917617,CH1,POWER,3.55
1765904917622,CH1,POWER,3.55
1765904917628,CH1,POWER,3.55
1765904917634,CH1,POWER,3.55
1765904917638,CH1,POWER,3.55
1765904917642,CH1,POWER,3.55
1765904917648,CH1,POWER,3.55
1765904917654,CH1,POWER,3.55
1765904917659,CH1,POWER,3.55
1765904917664,CH1,POWER,3.55
1765904917668,CH1,POWER,3.55
1765904917677,CH1,POWER,3.55
1765904917682,CH1,POWER,3.55
1765904917689,CH1,POWER,3.55
1765904917694,CH1,POWER,3.55
1765904917698,CH1,POWER,3.55
1765904917702,CH1,POWER,3.55
1765904917709,CH1,POWER,3.55
1765904917714,CH1,POWER,3.55
1765904917718,CH1,POWER,3.55
1765904917723,CH1,POWER,3.55
1765904917728,CH1,POWER,3.55
1765904917732,CH1,POWER,3.55
1765904917738,CH1,POWER,3.55
1765904917742,CH1,POWER,3.55
1765904917748,CH1,POWER,3.55
1765904917754,CH1,POWER,3.55
1765904917759,CH1,POWER,3.55
1765904917764,CH1,POWER,3.55
1765904917768,CH1,POWER,3.55
1765904917777,CH1,POWER,3.55
1765904917782,CH1,POWER,3.55
1765904917787,CH1,POWER,3.55
1765904917789,CH1,POWER,3.50
1765904917792,CH1,POWER,3.50
1765904917820,CH1,POWER,3.50
1765904917824,CH1,POWER,3.50
1765904917829,CH1,POWER,3.50
1765904917836,CH1,POWER,3.50
1765904917840,CH1,POWER,3.50
1765904917846,CH1,POWER,3.50
1765904917850,CH1,POWER,3.50
1765904917856,CH1,POWER,3.50
1765904917860,CH1,POWER,3.50
1765904917864,CH1,POWER,3.50
1765904917870,CH1,POWER,3.50
1765904917878,CH1,POWER,3.50
1765904917884,CH1,POWER,3.50
1765904917890,CH1,POWER,3.50
1765904917897,CH1,POWER,3.50
1765904917901,CH1,POWER,3.50
1765904917908,CH1,POWER,3.50
1765904917912,CH1,POWER,3.50
1765904917921,CH1,POWER,3.50
1765904917926,CH1,POWER,3.50
1765904917930,CH1,POWER,3.50
1765904917938,CH1,POWER,3.50
1765904917942,CH1,POWER,3.50
1765904917947,CH1,POWER,3.50
1765904917952,CH1,POWER,3.50
1765904917957,CH1,POWER,3.50
1765904917962,CH1,POWER,3.50
1765904917971,CH1,POWER,3.50
1765904917976,CH1,POWER,3.50
1765904917980,CH1,POWER,3.50
1765904917986,CH1,POWER,3.50
1765904917990,CH1,POWER,3.50
1765904917994,CH1,POWER,3.50
1765904918000,CH1,POWER,3.50
1765904918006,CH1,POWER,3.50
1765904918010,CH1,POWER,3.50
1765904918014,CH1,POWER,3.50
1765904918019,CH1,POWER,3.50
1765904918026,CH1,POWER,3.50
1765904918030,CH1,POWER,3.50
1765904918036,CH1,POWER,3.50
1765904918040,CH1,POWER,3.50
1765904918048,CH1,POWER,3.50
1765904918054,CH1,POWER,3.50
1765904918060,CH1,POWER,3.50
1765904918064,CH1,POWER,3.50
1765904918071,CH1,POWER,3.50
1765904918076,CH1,POWER,3.50
1765904918080,CH1,POWER,3.50
1765904918088,CH1,POWER,3.50
1765904918094,CH1,POWER,3.50
1765904918100,CH1,POWER,3.50
1765904918109,CH1,POWER,3.50
1765904918113,CH1,POWER,3.50
1765904918120,CH1,POWER,3.50
1765904918128,CH1,POWER,3.50
1765904918134,CH1,POWER,3.50
1765904918140,CH1,POWER,3.50
1765904918145,CH1,POWER,3.50
1765904918149,CH1,POWER,3.50
1765904918153,CH1,POWER,3.50
1765904918160,CH1,POWER,3.50
1765904918166,CH1,POWER,3.50
1765904918170,CH1,POWER,3.50
1765904918174,CH1,POWER,3.50
1765904918180,CH1,POWER,3.50
1765904918183,CH1,POWER,3.60
1765904918209,CH1,POWER,3.60
1765904918214,CH1,POWER,3.60
1765904918219,CH1,POWER,3.60
1765904918224,CH1,POWER,3.60
1765904918230,CH1,POWER,3.60
1765904918236,CH1,POWER,3.60
1765904918241,CH1,POWER,3.60
1765904918248,CH1,POWER,3.60
1765904918252,CH1,POWER,3.60
1765904918260,CH1,POWER,3.60
1765904918265,CH1,POWER,3.60
1765904918272,CH1,POWER,3.60
1765904918278,CH1,POWER,3.60
1765904918282,CH1,POWER,3.60
1765904918288,CH1,POWER,3.60
1765904918292,CH1,POWER,3.60
1765904918298,CH1,POWER,3.60
1765904918302,CH1,POWER,3.60
1765904918310,CH1,POWER,3.60
1765904918314,CH1,POWER,3.60
1765904918322,CH1,POWER,3.60
1765904918328,CH1,POWER,3.60
1765904918332,CH1,POWER,3.60
1765904918338,CH1,POWER,3.60
1765904918342,CH1,POWER,3.60
1765904918350,CH1,POWER,3.60
1765904918354,CH1,POWER,3.60
1765904918360,CH1,POWER,3.60
1765904918365,CH1,POWER,3.60
1765904918371,CH1,POWER,3.60
1765904918376,CH1,POWER,3.60
1765904918382,CH1,POWER,3.60
1765904918388,CH1,POWER,3.60
1765904918392,CH1,POWER,3.60
1765904918398,CH1,POWER,3.60
1765904918402,CH1,POWER,3.60
1765904918406,CH1,POWER,3.60
1765904918412,CH1,POWER,3.60
1765904918416,CH1,POWER,3.60
1765904918421,CH1,POWER,3.60
1765904918426,CH1,POWER,3.60
1765904918432,CH1,POWER,3.60
1765904918440,CH1,POWER,3.60
1765904918445,CH1,POWER,3.60
1765904918451,CH1,POWER,3.60
1765904918456,CH1,POWER,3.60
1765904918462,CH1,POWER,3.60
1765904918468,CH1,POWER,3.60
1765904918472,CH1,POWER,3.60
1765904918478,CH1,POWER,3.60
1765904918482,CH1,POWER,3.60
1765904918486,CH1,POWER,3.60
1765904918493,CH1,POWER,3.60
1765904918498,CH1,POWER,3.60
1765904918502,CH1,POWER,3.60
1765904918510,CH1,POWER,3.60
1765904918516,CH1,POWER,3.60
1765904918522,CH1,POWER,3.60
1765904918527,CH1,POWER,3.60
1765904918531,CH1,POWER,3.60
1765904918535,CH1,POWER,3.60
1765904918539,CH1,POWER,3.60
1765904918544,CH1,POWER,3.60
1765904918550,CH1,POWER,3.60
1765904918556,CH1,POWER,3.60
1765904918562,CH1,POWER,3.60
1765904918567,CH1,POWER,3.60
1765904918570,CH1,POWER,3.30
1765904918573,CH1,POWER,3.30
1765904918576,CH1,POWER,3.30
1765904918602,CH1,POWER,3.30
1765904918606,CH1,POWER,3.30
1765904918611,CH1,POWER,3.30
1765904918617,CH1,POWER,3.30
1765904918624,CH1,POWER,3.30
1765904918628,CH1,POWER,3.30
1765904918634,CH1,POWER,3.30
1765904918640,CH1,POWER,3.30
1765904918645,CH1,POWER,3.30
1765904918650,CH1,POWER,3.30
1765904918654,CH1,POWER,3.30
1765904918660,CH1,POWER,3.30
1765904918664,CH1,POWER,3.30
1765904918672,CH1,POWER,3.30
1765904918678,CH1,POWER,3.30
1765904918684,CH1,POWER,3.30
1765904918688,CH1,POWER,3.30
1765904918693,CH1,POWER,3.30
1765904918698,CH1,POWER,3.30
1765904918703,CH1,POWER,3.30
1765904918708,CH1,POWER,3.30
1765904918714,CH1,POWER,3.30
1765904918718,CH1,POWER,3.30
1765904918723,CH1,POWER,3.30
1765904918730,CH1,POWER,3.30
1765904918735,CH1,POWER,3.30
1765904918740,CH1,POWER,3.30
1765904918744,CH1,POWER,3.30
1765904918748,CH1,POWER,3.30
1765904918753,CH1,POWER,3.30
1765904918758,CH1,POWER,3.30
1765904918764,CH1,POWER,3.30
1765904918768,CH1,POWER,3.30
1765904918773,CH1,POWER,3.30
1765904918777,CH1,POWER,3.30
1765904918784,CH1,POWER,3.30
1765904918788,CH1,POWER,3.30
1765904918793,CH1,POWER,3.30
1765904918800,CH1,POWER,3.30
1765904918804,CH1,POWER,3.30
1765904918810,CH1,POWER,3.30
1765904918814,CH1,POWER,3.30
1765904918818,CH1,POWER,3.30
1765904918824,CH1,POWER,3.30
1765904918828,CH1,POWER,3.30
1765904918834,CH1,POWER,3.30
1765904918840,CH1,POWER,3.30
1765904918844,CH1,POWER,3.30
1765904918850,CH1,POWER,3.30
1765904918854,CH1,POWER,3.30
1765904918862,CH1,POWER,3.30
1765904918867,CH1,POWER,3.30
1765904918874,CH1,POWER,3.30
1765904918882,CH1,POWER,3.30
1765904918887,CH1,POWER,3.30
1765904918894,CH1,POWER,3.30
1765904918898,CH1,POWER,3.30
1765904918903,CH1,POWER,3.30
1765904918910,CH1,POWER,3.30
1765904918914,CH1,POWER,3.30
1765904918920,CH1,POWER,3.30
1765904918924,CH1,POWER,3.30
1765904918930,CH1,POWER,3.30
1765904918934,CH1,POWER,3.30
1765904918940,CH1,POWER,3.30
1765904918944,CH1,POWER,3.30
1765904918950,CH1,POWER,3.30
1765904918954,CH1,POWER,3.30
1765904918958,CH1,POWER,3.30
1765904918963,CH1,POWER,3.30
1765904918969,CH1,POWER,3.75
1765904918996,CH1,POWER,3.75
1765904919002,CH1,POWER,3.75
1765904919006,CH1,POWER,3.75
1765904919012,CH1,POWER,3.75
1765904919016,CH1,POWER,3.75
1765904919022,CH1,POWER,3.75
1765904919026,CH1,POWER,3.75
1765904919030,CH1,POWER,3.75
1765904919036,CH1,POWER,3.75
1765904919040,CH1,POWER,3.75
1765904919045,CH1,POWER,3.75
1765904919052,CH1,POWER,3.75
1765904919056,CH1,POWER,3.75
1765904919060,CH1,POWER,3.75
1765904919066,CH1,POWER,3.75
1765904919070,CH1,POWER,3.75
1765904919076,CH1,POWER,3.75
1765904919080,CH1,POWER,3.75
1765904919086,CH1,POWER,3.75
1765904919090,CH1,POWER,3.75
1765904919096,CH1,POWER,3.75
1765904919104,CH1,POWER,3.75
1765904919109,CH1,POWER,3.75
1765904919113,CH1,POWER,3.75
1765904919118,CH1,POWER,3.75
1765904919126,CH1,POWER,3.75
1765904919130,CH1,POWER,3.75
1765904919135,CH1,POWER,3.75
1765904919140,CH1,POWER,3.75
1765904919146,CH1,POWER,3.75
1765904919152,CH1,POWER,3.75
1765904919156,CH1,POWER,3.75
1765904919162,CH1,POWER,3.75
1765904919166,CH1,POWER,3.75
1765904919174,CH1,POWER,3.75
1765904919179,CH1,POWER,3.75
1765904919186,CH1,POWER,3.75
1765904919192,CH1,POWER,3.75
1765904919196,CH1,POWER,3.75
1765904919202,CH1,POWER,3.75
1765904919206,CH1,POWER,3.75
1765904919210,CH1,POWER,3.75
1765904919216,CH1,POWER,3.75
1765904919220,CH1,POWER,3.75
1765904919225,CH1,POWER,3.75
1765904919229,CH1,POWER,3.75
1765904919233,CH1,POWER,3.75
1765904919238,CH1,POWER,3.75
1765904919246,CH1,POWER,3.75
1765904919252,CH1,POWER,3.75
1765904919256,CH1,POWER,3.75
1765904919260,CH1,POWER,3.75
1765904919266,CH1,POWER,3.75
1765904919272,CH1,POWER,3.75
1765904919276,CH1,POWER,3.75
1765904919282,CH1,POWER,3.75
1765904919286,CH1,POWER,3.75
1765904919292,CH1,POWER,3.75
1765904919296,CH1,POWER,3.75
1765904919302,CH1,POWER,3.75
1765904919306,CH1,POWER,3.75
1765904919312,CH1,POWER,3.75
1765904919316,CH1,POWER,3.75
1765904919322,CH1,POWER,3.75
1765904919326,CH1,POWER,3.75
1765904919332,CH1,POWER,3.75
1765904919336,CH1,POWER,3.75
1765904919340,CH1,POWER,3.75
1765904919345,CH1,POWER,3.75
1765904919350,CH1,POWER,3.75
1765904919356,CH1,POWER,3.75
1765904919359,CH1,POWER,3.65
1765904919385,CH1,POWER,3.65
1765904919390,CH1,POWER,3.65
1765904919395,CH1,POWER,3.65
1765904919401,CH1,POWER,3.65
1765904919407,CH1,POWER,3.65
1765904919412,CH1,POWER,3.65
1765904919418,CH1,POWER,3.65
1765904919424,CH1,POWER,3.65
1765904919428,CH1,POWER,3.65
1765904919432,CH1,POWER,3.65
1765904919438,CH1,POWER,3.65
1765904919442,CH1,POWER,3.65
1765904919448,CH1,POWER,3.65
1765904919456,CH1,POWER,3.65
1765904919460,CH1,POWER,3.65
1765904919465,CH1,POWER,3.65
1765904919471,CH1,POWER,3.65
1765904919475,CH1,POWER,3.65
1765904919480,CH1,POWER,3.65
1765904919488,CH1,POWER,3.65
1765904919492,CH1,POWER,3.65
1765904919497,CH1,POWER,3.65
1765904919501,CH1,POWER,3.65
1765904919507,CH1,POWER,3.65
1765904919511,CH1,POWER,3.65
1765904919517,CH1,POWER,3.65
1765904919521,CH1,POWER,3.65
1765904919528,CH1,POWER,3.65
1765904919536,CH1,POWER,3.65
1765904919541,CH1,POWER,3.65
1765904919548,CH1,POWER,3.65
1765904919554,CH1,POWER,3.65
1765904919558,CH1,POWER,3.65
1765904919564,CH1,POWER,3.65
1765904919568,CH1,POWER,3.65
1765904919574,CH1,POWER,3.65
1765904919578,CH1,POWER,3.65
1765904919584,CH1,POWER,3.65
1765904919588,CH1,POWER,3.65
1765904919592,CH1,POWER,3.65
1765904919598,CH1,POWER,3.65
1765904919604,CH1,POWER,3.65
1765904919608,CH1,POWER,3.65
1765904919612,CH1,POWER,3.65
1765904919618,CH1,POWER,3.65
1765904919624,CH1,POWER,3.65
1765904919628,CH1,POWER,3.65
1765904919634,CH1,POWER,3.65
1765904919638,CH1,POWER,3.65
1765904919644,CH1,POWER,3.65
1765904919648,CH1,POWER,3.65
1765904919654,CH1,POWER,3.65
1765904919658,CH1,POWER,3.65
1765904919662,CH1,POWER,3.65
1765904919668,CH1,POWER,3.65
1765904919674,CH1,POWER,3.65
1765904919678,CH1,POWER,3.65
1765904919682,CH1,POWER,3.65
1765904919688,CH1,POWER,3.65
1765904919694,CH1,POWER,3.65
1765904919698,CH1,POWER,3.65
1765904919702,CH1,POWER,3.65
1765904919708,CH1,POWER,3.65
1765904919714,CH1,POWER,3.65
1765904919718,CH1,POWER,3.65
1765904919722,CH1,POWER,3.65
1765904919727,CH1,POWER,3.65
1765904919732,CH1,POWER,3.65
1765904919737,CH1,POWER,3.65
1765904919744,CH1,POWER,3.65
1765904919748,CH1,POWER,3.30
1765904919750,CH1,POWER,3.30
1765904919753,CH1,POWER,3.30
1765904919780,CH1,POWER,3.30
1765904919786,CH1,POWER,3.30
1765904919790,CH1,POWER,3.30
1765904919794,CH1,POWER,3.30
1765904919800,CH1,POWER,3.30
1765904919804,CH1,POWER,3.30
1765904919810,CH1,POWER,3.30
1765904919814,CH1,POWER,3.30
1765904919819,CH1,POWER,3.30
1765904919824,CH1,POWER,3.30
1765904919829,CH1,POWER,3.30
1765904919834,CH1,POWER,3.30
1765904919840,CH1,POWER,3.30
1765904919844,CH1,POWER,3.30
1765904919849,CH1,POWER,3.30
1765904919854,CH1,POWER,3.30
1765904919859,CH1,POWER,3.30
1765904919864,CH1,POWER,3.30
1765904919870,CH1,POWER,3.30
1765904919876,CH1,POWER,3.30
1765904919880,CH1,POWER,3.30
1765904919884,CH1,POWER,3.30
1765904919889,CH1,POWER,3.30
1765904919894,CH1,POWER,3.30
1765904919900,CH1,POWER,3.30
1765904919908,CH1,POWER,3.30
1765904919913,CH1,POWER,3.30
1765904919920,CH1,POWER,3.30
1765904919926,CH1,POWER,3.30
1765904919930,CH1,POWER,3.30
1765904919936,CH1,POWER,3.30
1765904919940,CH1,POWER,3.30
1765904919944,CH1,POWER,3.30
1765904919949,CH1,POWER,3.30
1765904919953,CH1,POWER,3.30
1765904919960,CH1,POWER,3.30
1765904919964,CH1,POWER,3.30
1765904919969,CH1,POWER,3.30
1765904919973,CH1,POWER,3.30
1765904919977,CH1,POWER,3.30
1765904919982,CH1,POWER,3.30
1765904919987,CH1,POWER,3.30
1765904919992,CH1,POWER,3.30
1765904919997,CH1,POWER,3.30
1765904920001,CH1,POWER,3.30
1765904920006,CH1,POWER,3.30
1765904920010,CH1,POWER,3.30
1765904920014,CH1,POWER,3.30
1765904920020,CH1,POWER,3.30
1765904920026,CH1,POWER,3.30
1765904920030,CH1,POWER,3.30
1765904920034,CH1,POWER,3.30
1765904920040,CH1,POWER,3.30
1765904920046,CH1,POWER,3.30
1765904920050,CH1,POWER,3.30
1765904920054,CH1,POWER,3.30
1765904920059,CH1,POWER,3.30
1765904920063,CH1,POWER,3.30
1765904920067,CH1,POWER,3.30
1765904920071,CH1,POWER,3.30
1765904920078,CH1,POWER,3.30
1765904920082,CH1,POWER,3.30
1765904920087,CH1,POWER,3.30
1765904920092,CH1,POWER,3.30
1765904920098,CH1,POWER,3.30
1765904920104,CH1,POWER,3.30
1765904920110,CH1,POWER,3.30
1765904920116,CH1,POWER,3.30
1765904920120,CH1,POWER,3.30
1765904920126,CH1,POWER,3.30
1765904920130,CH1,POWER,3.30
1765904920138,CH1,POWER,3.30
1765904920143,CH1,POWER,3.30
1765904920171,CH1,POWER,3.70
1765904920176,CH1,POWER,3.70
1765904920181,CH1,POWER,3.70
1765904920185,CH1,POWER,3.70
1765904920192,CH1,POWER,3.70
1765904920196,CH1,POWER,3.70
1765904920201,CH1,POWER,3.70
1765904920206,CH1,POWER,3.70
1765904920212,CH1,POWER,3.70
1765904920216,CH1,POWER,3.70
1765904920221,CH1,POWER,3.70
1765904920225,CH1,POWER,3.70
1765904920229,CH1,POWER,3.70
1765904920233,CH1,POWER,3.70
1765904920239,CH1,POWER,3.70
1765904920244,CH1,POWER,3.70
1765904920249,CH1,POWER,3.70
1765904920253,CH1,POWER,3.70
1765904920260,CH1,POWER,3.70
1765904920264,CH1,POWER,3.70
1765904920272,CH1,POWER,3.70
1765904920278,CH1,POWER,3.70
1765904920282,CH1,POWER,3.70
1765904920286,CH1,POWER,3.70
1765904920292,CH1,POWER,3.70
1765904920296,CH1,POWER,3.70
1765904920302,CH1,POWER,3.70
1765904920306,CH1,POWER,3.70
1765904920312,CH1,POWER,3.70
1765904920316,CH1,POWER,3.70
1765904920322,CH1,POWER,3.70
1765904920326,CH1,POWER,3.70
1765904920331,CH1,POWER,3.70
1765904920335,CH1,POWER,3.70
1765904920339,CH1,POWER,3.70
1765904920344,CH1,POWER,3.70
1765904920350,CH1,POWER,3.70
1765904920355,CH1,POWER,3.70
1765904920359,CH1,POWER,3.70
1765904920365,CH1,POWER,3.70
1765904920372,CH1,POWER,3.70
1765904920378,CH1,POWER,3.70
1765904920382,CH1,POWER,3.70
1765904920388,CH1,POWER,3.70
1765904920392,CH1,POWER,3.70
1765904920400,CH1,POWER,3.70
1765904920405,CH1,POWER,3.70
1765904920412,CH1,POWER,3.70
1765904920418,CH1,POWER,3.70
1765904920422,CH1,POWER,3.70
1765904920428,CH1,POWER,3.70
1765904920432,CH1,POWER,3.70
1765904920436,CH1,POWER,3.70
1765904920442,CH1,POWER,3.70
1765904920446,CH1,POWER,3.70
1765904920452,CH1,POWER,3.70
1765904920456,CH1,POWER,3.70
1765904920461,CH1,POWER,3.70
1765904920465,CH1,POWER,3.70
1765904920472,CH1,POWER,3.70
1765904920478,CH1,POWER,3.70
1765904920482,CH1,POWER,3.70
1765904920486,CH1,POWER,3.70
1765904920491,CH1,POWER,3.70
1765904920496,CH1,POWER,3.70
1765904920501,CH1,POWER,3.70
1765904920505,CH1,POWER,3.70
1765904920511,CH1,POWER,3.70
1765904920516,CH1,POWER,3.70
1765904920521,CH1,POWER,3.70
1765904920525,CH1,POWER,3.70
1765904920532,CH1,POWER,3.70
1765904920536,CH1,POWER,3.70
1765904920564,CH1,POWER,3.30
1765904920570,CH1,POWER,3.30
1765904920574,CH1,POWER,3.30
1765904920578,CH1,POWER,3.30
1765904920583,CH1,POWER,3.30
1765904920590,CH1,POWER,3.30
1765904920594,CH1,POWER,3.30
1765904920600,CH1,POWER,3.30
1765904920604,CH1,POWER,3.30
1765904920610,CH1,POWER,3.30
1765904920614,CH1,POWER,3.30
1765904920618,CH1,POWER,3.30
1765904920623,CH1,POWER,3.30
1765904920627,CH1,POWER,3.30
1765904920631,CH1,POWER,3.30
1765904920636,CH1,POWER,3.30
1765904920642,CH1,POWER,3.30
1765904920647,CH1,POWER,3.30
1765904920654,CH1,POWER,3.30
1765904920660,CH1,POWER,3.30
1765904920664,CH1,POWER,3.30
1765904920672,CH1,POWER,3.30
1765904920676,CH1,POWER,3.30
1765904920684,CH1,POWER,3.30
1765904920690,CH1,POWER,3.30
1765904920694,CH1,POWER,3.30
1765904920698,CH1,POWER,3.30
1765904920704,CH1,POWER,3.30
1765904920710,CH1,POWER,3.30
1765904920714,CH1,POWER,3.30
1765904920718,CH1,POWER,3.30
1765904920724,CH1,POWER,3.30
1765904920730,CH1,POWER,3.30
1765904920734,CH1,POWER,3.30
1765904920738,CH1,POWER,3.30
1765904920744,CH1,POWER,3.30
1765904920748,CH1,POWER,3.30
1765904920754,CH1,POWER,3.30
1765904920760,CH1,POWER,3.30
1765904920764,CH1,POWER,3.30
1765904920768,CH1,POWER,3.30
1765904920774,CH1,POWER,3.30
1765904920780,CH1,POWER,3.30
1765904920784,CH1,POWER,3.30
1765904920790,CH1,POWER,3.30
1765904920794,CH1,POWER,3.30
1765904920798,CH1,POWER,3.30
1765904920804,CH1,POWER,3.30
1765904920808,CH1,POWER,3.30
1765904920814,CH1,POWER,3.30
1765904920822,CH1,POWER,3.30
1765904920827,CH1,POWER,3.30
1765904920831,CH1,POWER,3.30
1765904920836,CH1,POWER,3.30
1765904920842,CH1,POWER,3.30
1765904920846,CH1,POWER,3.30
1765904920851,CH1,POWER,3.30
1765904920855,CH1,POWER,3.30
1765904920860,CH1,POWER,3.30
1765904920864,CH1,POWER,3.30
1765904920868,CH1,POWER,3.30
1765904920874,CH1,POWER,3.30
1765904920880,CH1,POWER,3.30
1765904920884,CH1,POWER,3.30
1765904920890,CH1,POWER,3.30
1765904920894,CH1,POWER,3.30
1765904920898,CH1,POWER,3.30
1765904920904,CH1,POWER,3.30
1765904920910,CH1,POWER,3.30
1765904920914,CH1,POWER,3.30
1765904920920,CH1,POWER,3.30
1765904920924,CH1,POWER,3.30
1765904920928,CH1,POWER,3.60
1765904920955,CH1,POWER,3.60
1765904920960,CH1,POWER,3.60
1765904920965,CH1,POWER,3.60
1765904920972,CH1,POWER,3.60
1765904920976,CH1,POWER,3.60
1765904920982,CH1,POWER,3.60
1765904920986,CH1,POWER,3.60
1765904920994,CH1,POWER,3.60
1765904920999,CH1,POWER,3.60
1765904921006,CH1,POWER,3.60
1765904921012,CH1,POWER,3.60
1765904921016,CH1,POWER,3.60
1765904921022,CH1,POWER,3.60
1765904921026,CH1,POWER,3.60
1765904921030,CH1,POWER,3.60
1765904921036,CH1,POWER,3.60
1765904921042,CH1,POWER,3.60
1765904921046,CH1,POWER,3.60
1765904921050,CH1,POWER,3.60
1765904921056,CH1,POWER,3.60
1765904921062,CH1,POWER,3.60
1765904921066,CH1,POWER,3.60
1765904921072,CH1,POWER,3.60
1765904921076,CH1,POWER,3.60
1765904921080,CH1,POWER,3.60
1765904921085,CH1,POWER,3.60
1765904921089,CH1,POWER,3.60
1765904921096,CH1,POWER,3.60
1765904921100,CH1,POWER,3.60
1765904921105,CH1,POWER,3.60
1765904921109,CH1,POWER,3.60
1765904921116,CH1,POWER,3.60
1765904921122,CH1,POWER,3.60
1765904921126,CH1,POWER,3.60
1765904921132,CH1,POWER,3.60
1765904921136,CH1,POWER,3.60
1765904921140,CH1,POWER,3.60
1765904921145,CH1,POWER,3.60
1765904921150,CH1,POWER,3.60
1765904921155,CH1,POWER,3.60
1765904921159,CH1,POWER,3.60
1765904921165,CH1,POWER,3.60
1765904921169,CH1,POWER,3.60
1765904921173,CH1,POWER,3.60
1765904921177,CH1,POWER,3.60
1765904921184,CH1,POWER,3.60
1765904921188,CH1,POWER,3.60
1765904921193,CH1,POWER,3.60
1765904921197,CH1,POWER,3.60
1765904921202,CH1,POWER,3.60
1765904921206,CH1,POWER,3.60
1765904921210,CH1,POWER,3.60
1765904921215,CH1,POWER,3.60
1765904921220,CH1,POWER,3.60
1765904921226,CH1,POWER,3.60
1765904921230,CH1,POWER,3.60
1765904921236,CH1,POWER,3.60
1765904921242,CH1,POWER,3.60
1765904921246,CH1,POWER,3.60
1765904921252,CH1,POWER,3.60
1765904921256,CH1,POWER,3.60
1765904921262,CH1,POWER,3.60
1765904921266,CH1,POWER,3.60
1765904921274,CH1,POWER,3.60
1765904921280,CH1,POWER,3.60
1765904921286,CH1,POWER,3.60
1765904921292,CH1,POWER,3.60
1765904921296,CH1,POWER,3.60
1765904921304,CH1,POWER,3.60
1765904921308,CH1,POWER,3.60
1765904921313,CH1,POWER,3.60
1765904921317,CH1,POWER,3.60
1765904921320,CH1,POWER,3.70
1765904921348,CH1,POWER,3.70
1765904921354,CH1,POWER,3.70
1765904921358,CH1,POWER,3.70
1765904921366,CH1,POWER,3.70
1765904921371,CH1,POWER,3.70
1765904921378,CH1,POWER,3.70
1765904921386,CH1,POWER,3.70
1765904921392,CH1,POWER,3.70
1765904921398,CH1,POWER,3.70
1765904921404,CH1,POWER,3.70
1765904921408,CH1,POWER,3.70
1765904921413,CH1,POWER,3.70
1765904921418,CH1,POWER,3.70
1765904921424,CH1,POWER,3.70
1765904921428,CH1,POWER,3.70
1765904921434,CH1,POWER,3.70
1765904921438,CH1,POWER,3.70
1765904921443,CH1,POWER,3.70
1765904921448,CH1,POWER,3.70
1765904921454,CH1,POWER,3.70
1765904921458,CH1,POWER,3.70
1765904921463,CH1,POWER,3.70
1765904921468,CH1,POWER,3.70
1765904921474,CH1,POWER,3.70
1765904921478,CH1,POWER,3.70
1765904921484,CH1,POWER,3.70
1765904921488,CH1,POWER,3.70
1765904921496,CH1,POWER,3.70
1765904921501,CH1,POWER,3.70
1765904921508,CH1,POWER,3.70
1765904921514,CH1,POWER,3.70
1765904921518,CH1,POWER,3.70
1765904921526,CH1,POWER,3.70
1765904921531,CH1,POWER,3.70
1765904921538,CH1,POWER,3.70
1765904921546,CH1,POWER,3.70
1765904921551,CH1,POWER,3.70
1765904921558,CH1,POWER,3.70
1765904921564,CH1,POWER,3.70
1765904921568,CH1,POWER,3.70
1765904921574,CH1,POWER,3.70
1765904921578,CH1,POWER,3.70
1765904921582,CH1,POWER,3.70
1765904921588,CH1,POWER,3.70
1765904921593,CH1,POWER,3.70
1765904921598,CH1,POWER,3.70
1765904921602,CH1,POWER,3.70
1765904921608,CH1,POWER,3.70
1765904921614,CH1,POWER,3.70
1765904921618,CH1,POWER,3.70
1765904921622,CH1,POWER,3.70
1765904921628,CH1,POWER,3.70
1765904921634,CH1,POWER,3.70
1765904921638,CH1,POWER,3.70
1765904921644,CH1,POWER,3.70
1765904921648,CH1,POWER,3.70
1765904921654,CH1,POWER,3.70
1765904921658,CH1,POWER,3.70
1765904921662,CH1,POWER,3.70
1765904921667,CH1,POWER,3.70
1765904921671,CH1,POWER,3.70
1765904921677,CH1,POWER,3.70
1765904921682,CH1,POWER,3.70
1765904921688,CH1,POWER,3.70
1765904921694,CH1,POWER,3.70
1765904921698,CH1,POWER,3.70
1765904921701,CH1,POWER,3.30
1765904921727,CH1,POWER,3.30
1765904921732,CH1,POWER,3.30
1765904921737,CH1,POWER,3.30
1765904921743,CH1,POWER,3.30
1765904921750,CH1,POWER,3.30
1765904921756,CH1,POWER,3.30
1765904921760,CH1,POWER,3.30
1765904921768,CH1,POWER,3.30
1765904921773,CH1,POWER,3.30
1765904921780,CH1,POWER,3.30
1765904921786,CH1,POWER,3.30
1765904921790,CH1,POWER,3.30
1765904921796,CH1,POWER,3.30
1765904921800,CH1,POWER,3.30
1765904921805,CH1,POWER,3.30
1765904921810,CH1,POWER,3.30
1765904921818,CH1,POWER,3.30
1765904921824,CH1,POWER,3.30
1765904921829,CH1,POWER,3.30
1765904921834,CH1,POWER,3.30
1765904921840,CH1,POWER,3.30
1765904921848,CH1,POWER,3.30
1765904921853,CH1,POWER,3.30
1765904921857,CH1,POWER,3.30
1765904921862,CH1,POWER,3.30
1765904921868,CH1,POWER,3.30
1765904921873,CH1,POWER,3.30
1765904921880,CH1,POWER,3.30
1765904921886,CH1,POWER,3.30
1765904921890,CH1,POWER,3.30
1765904921895,CH1,POWER,3.30
1765904921900,CH1,POWER,3.30
1765904921905,CH1,POWER,3.30
1765904921910,CH1,POWER,3.30
1765904921916,CH1,POWER,3.30
1765904921920,CH1,POWER,3.30
1765904921926,CH1,POWER,3.30
1765904921930,CH1,POWER,3.30
1765904921935,CH1,POWER,3.30
1765904921940,CH1,POWER,3.30
1765904921946,CH1,POWER,3.30
1765904921950,CH1,POWER,3.30
1765904921955,CH1,POWER,3.30
1765904921960,CH1,POWER,3.30
1765904921968,CH1,POWER,3.30
1765904921973,CH1,POWER,3.30
1765904921980,CH1,POWER,3.30
1765904921988,CH1,POWER,3.30
1765904921993,CH1,POWER,3.30
1765904921997,CH1,POWER,3.30
1765904922002,CH1,POWER,3.30
1765904922008,CH1,POWER,3.30
1765904922013,CH1,POWER,3.30
1765904922017,CH1,POWER,3.30
1765904922023,CH1,POWER,3.30
1765904922030,CH1,POWER,3.30
1765904922035,CH1,POWER,3.30
1765904922040,CH1,POWER,3.30
1765904922045,CH1,POWER,3.30
1765904922050,CH1,POWER,3.30
1765904922058,CH1,POWER,3.30
1765904922063,CH1,POWER,3.30
1765904922067,CH1,POWER,3.30
1765904922072,CH1,POWER,3.30
1765904922078,CH1,POWER,3.30
1765904922082,CH1,POWER,3.30
1765904922086,CH1,POWER,3.70
1765904922089,CH1,POWER,3.70
1765904922091,CH1,POWER,3.70
1765904922094,CH1,POWER,3.70
1765904922121,CH1,POWER,3.70
1765904922126,CH1,POWER,3.70
1765904922131,CH1,POWER,3.70
1765904922138,CH1,POWER,3.70
1765904922142,CH1,POWER,3.70
1765904922147,CH1,POWER,3.70
1765904922152,CH1,POWER,3.70
1765904922160,CH1,POWER,3.70
1765904922165,CH1,POWER,3.70
1765904922172,CH1,POWER,3.70
1765904922178,CH1,POWER,3.70
1765904922182,CH1,POWER,3.70
1765904922187,CH1,POWER,3.70
1765904922192,CH1,POWER,3.70
1765904922198,CH1,POWER,3.70
1765904922202,CH1,POWER,3.70
1765904922208,CH1,POWER,3.70
1765904922212,CH1,POWER,3.70
1765904922220,CH1,POWER,3.70
1765904922225,CH1,POWER,3.70
1765904922232,CH1,POWER,3.70
1765904922240,CH1,POWER,3.70
1765904922245,CH1,POWER,3.70
1765904922249,CH1,POWER,3.70
1765904922254,CH1,POWER,3.70
1765904922260,CH1,POWER,3.70
1765904922265,CH1,POWER,3.70
1765904922272,CH1,POWER,3.70
1765904922280,CH1,POWER,3.70
1765904922286,CH1,POWER,3.70
1765904922291,CH1,POWER,3.70
1765904922296,CH1,POWER,3.70
1765904922302,CH1,POWER,3.70
1765904922308,CH1,POWER,3.70
1765904922312,CH1,POWER,3.70
1765904922320,CH1,POWER,3.70
1765904922325,CH1,POWER,3.70
1765904922332,CH1,POWER,3.70
1765904922338,CH1,POWER,3.70
1765904922342,CH1,POWER,3.70
1765904922348,CH1,POWER,3.70
1765904922352,CH1,POWER,3.70
1765904922357,CH1,POWER,3.70
1765904922362,CH1,POWER,3.70
1765904922366,CH1,POWER,3.70
1765904922371,CH1,POWER,3.70
1765904922375,CH1,POWER,3.70
1765904922382,CH1,POWER,3.70
1765904922386,CH1,POWER,3.70
1765904922392,CH1,POWER,3.70
1765904922398,CH1,POWER,3.70
1765904922402,CH1,POWER,3.70
1765904922407,CH1,POWER,3.70
1765904922412,CH1,POWER,3.70
1765904922416,CH1,POWER,3.70
1765904922421,CH1,POWER,3.70
1765904922425,CH1,POWER,3.70
1765904922432,CH1,POWER,3.70
1765904922436,CH1,POWER,3.70
1765904922442,CH1,POWER,3.70
1765904922450,CH1,POWER,3.70
1765904922455,CH1,POWER,3.70
1765904922462,CH1,POWER,3.70
1765904922470,CH1,POWER,3.70
1765904922475,CH1,POWER,3.70
1765904922501,CH1,POWER,3.25
1765904922506,CH1,POWER,3.25
1765904922511,CH1,POWER,3.25
1765904922517,CH1,POWER,3.25
1765904922521,CH1,POWER,3.25
1765904922526,CH1,POWER,3.25
1765904922531,CH1,POWER,3.25
1765904922536,CH1,POWER,3.25
1765904922541,CH1,POWER,3.25
1765904922545,CH1,POWER,3.25
1765904922551,CH1,POWER,3.25
1765904922556,CH1,POWER,3.25
1765904922562,CH1,POWER,3.25
1765904922566,CH1,POWER,3.25
1765904922574,CH1,POWER,3.25
1765904922580,CH1,POWER,3.25
1765904922584,CH1,POWER,3.25
1765904922592,CH1,POWER,3.25
1765904922597,CH1,POWER,3.25
1765904922604,CH1,POWER,3.25
1765904922612,CH1,POWER,3.25
1765904922617,CH1,POWER,3.25
1765904922624,CH1,POWER,3.25
1765904922629,CH1,POWER,3.25
1765904922634,CH1,POWER,3.25
1765904922639,CH1,POWER,3.25
1765904922644,CH1,POWER,3.25
1765904922650,CH1,POWER,3.25
1765904922654,CH1,POWER,3.25
1765904922658,CH1,POWER,3.25
1765904922663,CH1,POWER,3.25
1765904922668,CH1,POWER,3.25
1765904922673,CH1,POWER,3.25
1765904922678,CH1,POWER,3.25
1765904922683,CH1,POWER,3.25
1765904922687,CH1,POWER,3.25
1765904922691,CH1,POWER,3.25
1765904922696,CH1,POWER,3.25
1765904922702,CH1,POWER,3.25
1765904922707,CH1,POWER,3.25
1765904922714,CH1,POWER,3.25
1765904922720,CH1,POWER,3.25
1765904922724,CH1,POWER,3.25
1765904922729,CH1,POWER,3.25
1765904922734,CH1,POWER,3.25
1765904922739,CH1,POWER,3.25
1765904922744,CH1,POWER,3.25
1765904922750,CH1,POWER,3.25
1765904922754,CH1,POWER,3.25
1765904922759,CH1,POWER,3.25
1765904922764,CH1,POWER,3.25
1765904922769,CH1,POWER,3.25
1765904922774,CH1,POWER,3.25
1765904922780,CH1,POWER,3.25
1765904922784,CH1,POWER,3.25
1765904922790,CH1,POWER,3.25
1765904922794,CH1,POWER,3.25
1765904922802,CH1,POWER,3.25
1765904922808,CH1,POWER,3.25
1765904922813,CH1,POWER,3.25
1765904922818,CH1,POWER,3.25
1765904922823,CH1,POWER,3.25
1765904922827,CH1,POWER,3.25
1765904922833,CH1,POWER,3.25
1765904922838,CH1,POWER,3.25
1765904922844,CH1,POWER,3.25
1765904922850,CH1,POWER,3.25
1765904922854,CH1,POWER,3.25
1765904922862,CH1,POWER,3.25
1765904922866,CH1,POWER,3.25
1765904922868,CH1,POWER,3.25
1765904922896,CH1,POWER,3.25
1765904922902,CH1,POWER,3.25
1765904922906,CH1,POWER,3.25
1765904922914,CH1,POWER,3.25
1765904922919,CH1,POWER,3.25
1765904922923,CH1,POWER,3.25
1765904922928,CH1,POWER,3.25
1765904922933,CH1,POWER,3.25
1765904922938,CH1,POWER,3.25
1765904922946,CH1,POWER,3.25
1765904922952,CH1,POWER,3.25
1765904922956,CH1,POWER,3.25
1765904922962,CH1,POWER,3.25
1765904922966,CH1,POWER,3.25
1765904922974,CH1,POWER,3.25
1765904922979,CH1,POWER,3.25
1765904922986,CH1,POWER,3.25
1765904922992,CH1,POWER,3.25
1765904922996,CH1,POWER,3.25
1765904923002,CH1,POWER,3.25
1765904923006,CH1,POWER,3.25
1765904923011,CH1,POWER,3.25
1765904923016,CH1,POWER,3.25
1765904923022,CH1,POWER,3.25
1765904923026,CH1,POWER,3.25
1765904923032,CH1,POWER,3.25
1765904923036,CH1,POWER,3.25
1765904923041,CH1,POWER,3.25
1765904923046,CH1,POWER,3.25
1765904923052,CH1,POWER,3.25
1765904923056,CH1,POWER,3.25
1765904923064,CH1,POWER,3.25
1765904923069,CH1,POWER,3.25
1765904923076,CH1,POWER,3.25
1765904923082,CH1,POWER,3.25
1765904923086,CH1,POWER,3.25
1765904923091,CH1,POWER,3.25
1765904923096,CH1,POWER,3.25
1765904923101,CH1,POWER,3.25
1765904923106,CH1,POWER,3.25
1765904923114,CH1,POWER,3.25
1765904923118,CH1,POWER,3.25
1765904923123,CH1,POWER,3.25
1765904923128,CH1,POWER,3.25
1765904923136,CH1,POWER,3.25
1765904923142,CH1,POWER,3.25
1765904923146,CH1,POWER,3.25
1765904923151,CH1,POWER,3.25
1765904923156,CH1,POWER,3.25
1765904923162,CH1,POWER,3.25
1765904923166,CH1,POWER,3.25
1765904923172,CH1,POWER,3.25
1765904923176,CH1,POWER,3.25
1765904923182,CH1,POWER,3.25
1765904923186,CH1,POWER,3.25
1765904923192,CH1,POWER,3.25
1765904923196,CH1,POWER,3.25
1765904923201,CH1,POWER,3.25
1765904923206,CH1,POWER,3.25
1765904923212,CH1,POWER,3.25
1765904923216,CH1,POWER,3.25
1765904923222,CH1,POWER,3.25
1765904923226,CH1,POWER,3.25
1765904923231,CH1,POWER,3.25
1765904923236,CH1,POWER,3.25
1765904923242,CH1,POWER,3.25
1765904923246,CH1,POWER,3.25
1765904923250,CH1,POWER,3.25
1765904923255,CH1,POWER,3.25
1765904923259,CH1,POWER,3.50
1765904923286,CH1,POWER,3.50
1765904923291,CH1,POWER,3.50
1765904923298,CH1,POWER,3.50
1765904923304,CH1,POWER,3.50
1765904923308,CH1,POWER,3.50
1765904923314,CH1,POWER,3.50
1765904923318,CH1,POWER,3.50
1765904923323,CH1,POWER,3.50
1765904923328,CH1,POWER,3.50
1765904923334,CH1,POWER,3.50
1765904923338,CH1,POWER,3.50
1765904923344,CH1,POWER,3.50
1765904923348,CH1,POWER,3.50
1765904923352,CH1,POWER,3.50
1765904923357,CH1,POWER,3.50
1765904923362,CH1,POWER,3.50
1765904923368,CH1,POWER,3.50
1765904923372,CH1,POWER,3.50
1765904923377,CH1,POWER,3.50
1765904923383,CH1,POWER,3.50
1765904923388,CH1,POWER,3.50
1765904923393,CH1,POWER,3.50
1765904923398,CH1,POWER,3.50
1765904923406,CH1,POWER,3.50
1765904923411,CH1,POWER,3.50
1765904923417,CH1,POWER,3.50
1765904923422,CH1,POWER,3.50
1765904923428,CH1,POWER,3.50
1765904923434,CH1,POWER,3.50
1765904923438,CH1,POWER,3.50
1765904923443,CH1,POWER,3.50
1765904923448,CH1,POWER,3.50
