round,load,period,start_time,id,channelId,exp_duration,end_time,experiment
3,15,0.2,1765568064721,265,CH1,80022,1765568144743,stress-ng
1765568064725,CH1,POWER,2.55
1765568064731,CH1,POWER,2.55
1765568064736,CH1,POWER,2.55
1765568064741,CH1,POWER,2.55
1765568064745,CH1,POWER,2.55
1765568064751,CH1,POWER,2.55
1765568064755,CH1,POWER,2.55
1765568064761,CH1,POWER,2.55
1765568064765,CH1,POWER,2.55
1765568064770,CH1,POWER,2.55
1765568064775,CH1,POWER,2.55
1765568064780,CH1,POWER,2.55
1765568064786,CH1,POWER,2.55
1765568064791,CH1,POWER,2.55
1765568064795,CH1,POWER,2.55
1765568064801,CH1,POWER,2.55
1765568064805,CH1,POWER,2.55
1765568064811,CH1,POWER,2.55
1765568064815,CH1,POWER,2.55
1765568064821,CH1,POWER,2.55
1765568064825,CH1,POWER,2.55
1765568064831,CH1,POWER,2.55
1765568064836,CH1,POWER,2.55
1765568064841,CH1,POWER,2.55
1765568064845,CH1,POWER,2.55
1765568064851,CH1,POWER,2.55
1765568064856,CH1,POWER,2.55
1765568064861,CH1,POWER,2.55
1765568064866,CH1,POWER,2.55
1765568064871,CH1,POWER,2.55
1765568064876,CH1,POWER,2.55
1765568064881,CH1,POWER,2.55
1765568064889,CH1,POWER,2.55
1765568064894,CH1,POWER,2.55
1765568064901,CH1,POWER,2.55
1765568064906,CH1,POWER,2.55
1765568064911,CH1,POWER,2.55
1765568064915,CH1,POWER,2.55
1765568064920,CH1,POWER,2.55
1765568064925,CH1,POWER,2.55
1765568064953,CH1,POWER,3.20
1765568064958,CH1,POWER,3.20
1765568064963,CH1,POWER,3.20
1765568064967,CH1,POWER,3.20
1765568064972,CH1,POWER,3.20
1765568064978,CH1,POWER,3.20
1765568064983,CH1,POWER,3.20
1765568064991,CH1,POWER,3.20
1765568064997,CH1,POWER,3.20
1765568065002,CH1,POWER,3.20
1765568065007,CH1,POWER,3.20
1765568065012,CH1,POWER,3.20
1765568065018,CH1,POWER,3.20
1765568065023,CH1,POWER,3.20
1765568065028,CH1,POWER,3.20
1765568065033,CH1,POWER,3.20
1765568065037,CH1,POWER,3.20
1765568065042,CH1,POWER,3.20
1765568065047,CH1,POWER,3.20
1765568065052,CH1,POWER,3.20
1765568065057,CH1,POWER,3.20
1765568065063,CH1,POWER,3.20
1765568065067,CH1,POWER,3.20
1765568065073,CH1,POWER,3.20
1765568065077,CH1,POWER,3.20
1765568065083,CH1,POWER,3.20
1765568065088,CH1,POWER,3.20
1765568065093,CH1,POWER,3.20
1765568065098,CH1,POWER,3.20
1765568065103,CH1,POWER,3.20
1765568065108,CH1,POWER,3.20
1765568065113,CH1,POWER,3.20
1765568065121,CH1,POWER,3.20
1765568065125,CH1,POWER,3.20
1765568065130,CH1,POWER,3.20
1765568065135,CH1,POWER,3.20
1765568065140,CH1,POWER,3.20
1765568065145,CH1,POWER,3.20
1765568065151,CH1,POWER,3.20
1765568065156,CH1,POWER,3.20
1765568065163,CH1,POWER,3.20
1765568065168,CH1,POWER,3.20
1765568065173,CH1,POWER,3.20
1765568065178,CH1,POWER,3.20
1765568065183,CH1,POWER,3.20
1765568065188,CH1,POWER,3.20
1765568065193,CH1,POWER,3.20
1765568065198,CH1,POWER,3.20
1765568065203,CH1,POWER,3.20
1765568065208,CH1,POWER,3.20
1765568065213,CH1,POWER,3.20
1765568065218,CH1,POWER,3.20
1765568065223,CH1,POWER,3.20
1765568065227,CH1,POWER,3.20
1765568065233,CH1,POWER,3.20
1765568065237,CH1,POWER,3.20
1765568065243,CH1,POWER,3.20
1765568065248,CH1,POWER,3.20
1765568065253,CH1,POWER,3.20
1765568065258,CH1,POWER,3.20
1765568065263,CH1,POWER,3.20
1765568065268,CH1,POWER,3.20
1765568065273,CH1,POWER,3.20
1765568065278,CH1,POWER,3.20
1765568065283,CH1,POWER,3.20
1765568065288,CH1,POWER,3.20
1765568065293,CH1,POWER,3.20
1765568065297,CH1,POWER,3.20
1765568065302,CH1,POWER,3.20
1765568065308,CH1,POWER,3.20
1765568065313,CH1,POWER,3.20
1765568065315,CH1,POWER,3.35
1765568065342,CH1,POWER,3.35
1765568065347,CH1,POWER,3.35
1765568065352,CH1,POWER,3.35
1765568065357,CH1,POWER,3.35
1765568065363,CH1,POWER,3.35
1765568065368,CH1,POWER,3.35
1765568065374,CH1,POWER,3.35
1765568065380,CH1,POWER,3.35
1765568065385,CH1,POWER,3.35
1765568065390,CH1,POWER,3.35
1765568065395,CH1,POWER,3.35
1765568065403,CH1,POWER,3.35
1765568065408,CH1,POWER,3.35
1765568065415,CH1,POWER,3.35
1765568065423,CH1,POWER,3.35
1765568065429,CH1,POWER,3.35
1765568065434,CH1,POWER,3.35
1765568065439,CH1,POWER,3.35
1765568065445,CH1,POWER,3.35
1765568065449,CH1,POWER,3.35
1765568065455,CH1,POWER,3.35
1765568065460,CH1,POWER,3.35
1765568065465,CH1,POWER,3.35
1765568065473,CH1,POWER,3.35
1765568065477,CH1,POWER,3.35
1765568065482,CH1,POWER,3.35
1765568065488,CH1,POWER,3.35
1765568065495,CH1,POWER,3.35
1765568065500,CH1,POWER,3.35
1765568065505,CH1,POWER,3.35
1765568065513,CH1,POWER,3.35
1765568065518,CH1,POWER,3.35
1765568065525,CH1,POWER,3.35
1765568065530,CH1,POWER,3.35
1765568065535,CH1,POWER,3.35
1765568065543,CH1,POWER,3.35
1765568065547,CH1,POWER,3.35
1765568065552,CH1,POWER,3.35
1765568065556,CH1,POWER,3.35
1765568065562,CH1,POWER,3.35
1765568065568,CH1,POWER,3.35
1765568065575,CH1,POWER,3.35
1765568065580,CH1,POWER,3.35
1765568065585,CH1,POWER,3.35
1765568065590,CH1,POWER,3.35
1765568065595,CH1,POWER,3.35
1765568065599,CH1,POWER,3.35
1765568065604,CH1,POWER,3.35
1765568065608,CH1,POWER,3.35
1765568065615,CH1,POWER,3.35
1765568065623,CH1,POWER,3.35
1765568065628,CH1,POWER,3.35
1765568065635,CH1,POWER,3.35
1765568065643,CH1,POWER,3.35
1765568065648,CH1,POWER,3.35
1765568065655,CH1,POWER,3.35
1765568065660,CH1,POWER,3.35
1765568065665,CH1,POWER,3.35
1765568065670,CH1,POWER,3.35
1765568065675,CH1,POWER,3.35
1765568065679,CH1,POWER,3.35
1765568065684,CH1,POWER,3.35
1765568065688,CH1,POWER,3.35
1765568065694,CH1,POWER,3.35
1765568065696,CH1,POWER,3.55
1765568065699,CH1,POWER,3.55
1765568065727,CH1,POWER,3.55
1765568065732,CH1,POWER,3.55
1765568065737,CH1,POWER,3.55
1765568065741,CH1,POWER,3.55
1765568065746,CH1,POWER,3.55
1765568065751,CH1,POWER,3.55
1765568065757,CH1,POWER,3.55
1765568065762,CH1,POWER,3.55
1765568065767,CH1,POWER,3.55
1765568065771,CH1,POWER,3.55
1765568065777,CH1,POWER,3.55
1765568065782,CH1,POWER,3.55
1765568065787,CH1,POWER,3.55
1765568065791,CH1,POWER,3.55
1765568065797,CH1,POWER,3.55
1765568065802,CH1,POWER,3.55
1765568065807,CH1,POWER,3.55
1765568065815,CH1,POWER,3.55
1765568065820,CH1,POWER,3.55
1765568065826,CH1,POWER,3.55
1765568065831,CH1,POWER,3.55
1765568065837,CH1,POWER,3.55
1765568065842,CH1,POWER,3.55
1765568065847,CH1,POWER,3.55
1765568065855,CH1,POWER,3.55
1765568065859,CH1,POWER,3.55
1765568065864,CH1,POWER,3.55
1765568065870,CH1,POWER,3.55
1765568065877,CH1,POWER,3.55
1765568065882,CH1,POWER,3.55
1765568065887,CH1,POWER,3.55
1765568065892,CH1,POWER,3.55
1765568065897,CH1,POWER,3.55
1765568065905,CH1,POWER,3.55
1765568065911,CH1,POWER,3.55
1765568065917,CH1,POWER,3.55
1765568065921,CH1,POWER,3.55
1765568065927,CH1,POWER,3.55
1765568065932,CH1,POWER,3.55
1765568065937,CH1,POWER,3.55
1765568065945,CH1,POWER,3.55
1765568065950,CH1,POWER,3.55
1765568065957,CH1,POWER,3.55
1765568065965,CH1,POWER,3.55
1765568065971,CH1,POWER,3.55
1765568065977,CH1,POWER,3.55
1765568065982,CH1,POWER,3.55
1765568065987,CH1,POWER,3.55
1765568065992,CH1,POWER,3.55
1765568065997,CH1,POWER,3.55
1765568066002,CH1,POWER,3.55
1765568066007,CH1,POWER,3.55
1765568066015,CH1,POWER,3.55
1765568066018,CH1,POWER,3.55
1765568066024,CH1,POWER,3.55
1765568066029,CH1,POWER,3.55
1765568066037,CH1,POWER,3.55
1765568066045,CH1,POWER,3.55
1765568066050,CH1,POWER,3.55
1765568066057,CH1,POWER,3.55
1765568066065,CH1,POWER,3.55
1765568066070,CH1,POWER,3.55
1765568066077,CH1,POWER,3.55
1765568066082,CH1,POWER,3.55
1765568066085,CH1,POWER,3.25
1765568066088,CH1,POWER,3.25
1765568066090,CH1,POWER,3.25
1765568066118,CH1,POWER,3.25
1765568066123,CH1,POWER,3.25
1765568066129,CH1,POWER,3.25
1765568066134,CH1,POWER,3.25
1765568066139,CH1,POWER,3.25
1765568066147,CH1,POWER,3.25
1765568066153,CH1,POWER,3.25
1765568066158,CH1,POWER,3.25
1765568066163,CH1,POWER,3.25
1765568066168,CH1,POWER,3.25
1765568066173,CH1,POWER,3.25
1765568066178,CH1,POWER,3.25
1765568066182,CH1,POWER,3.25
1765568066188,CH1,POWER,3.25
1765568066192,CH1,POWER,3.25
1765568066199,CH1,POWER,3.25
1765568066203,CH1,POWER,3.25
1765568066209,CH1,POWER,3.25
1765568066214,CH1,POWER,3.25
1765568066219,CH1,POWER,3.25
1765568066224,CH1,POWER,3.25
1765568066229,CH1,POWER,3.25
1765568066237,CH1,POWER,3.25
1765568066243,CH1,POWER,3.25
1765568066248,CH1,POWER,3.25
1765568066253,CH1,POWER,3.25
1765568066258,CH1,POWER,3.25
1765568066262,CH1,POWER,3.25
1765568066268,CH1,POWER,3.25
1765568066274,CH1,POWER,3.25
1765568066279,CH1,POWER,3.25
1765568066287,CH1,POWER,3.25
1765568066292,CH1,POWER,3.25
1765568066299,CH1,POWER,3.25
1765568066304,CH1,POWER,3.25
1765568066309,CH1,POWER,3.25
1765568066314,CH1,POWER,3.25
1765568066319,CH1,POWER,3.25
1765568066324,CH1,POWER,3.25
1765568066329,CH1,POWER,3.25
1765568066333,CH1,POWER,3.25
1765568066338,CH1,POWER,3.25
1765568066343,CH1,POWER,3.25
1765568066349,CH1,POWER,3.25
1765568066354,CH1,POWER,3.25
1765568066359,CH1,POWER,3.25
1765568066364,CH1,POWER,3.25
1765568066369,CH1,POWER,3.25
1765568066377,CH1,POWER,3.25
1765568066383,CH1,POWER,3.25
1765568066388,CH1,POWER,3.25
1765568066393,CH1,POWER,3.25
1765568066399,CH1,POWER,3.25
1765568066407,CH1,POWER,3.25
1765568066412,CH1,POWER,3.25
1765568066419,CH1,POWER,3.25
1765568066427,CH1,POWER,3.25
1765568066432,CH1,POWER,3.25
1765568066439,CH1,POWER,3.25
1765568066444,CH1,POWER,3.25
1765568066449,CH1,POWER,3.25
1765568066454,CH1,POWER,3.25
1765568066459,CH1,POWER,3.25
1765568066467,CH1,POWER,3.25
1765568066471,CH1,POWER,3.25
1765568066498,CH1,POWER,3.25
1765568066503,CH1,POWER,3.25
1765568066508,CH1,POWER,3.25
1765568066513,CH1,POWER,3.25
1765568066518,CH1,POWER,3.25
1765568066524,CH1,POWER,3.25
1765568066528,CH1,POWER,3.25
1765568066532,CH1,POWER,3.25
1765568066538,CH1,POWER,3.25
1765568066543,CH1,POWER,3.25
1765568066551,CH1,POWER,3.25
1765568066556,CH1,POWER,3.25
1765568066561,CH1,POWER,3.25
1765568066566,CH1,POWER,3.25
1765568066571,CH1,POWER,3.25
1765568066575,CH1,POWER,3.25
1765568066581,CH1,POWER,3.25
1765568066589,CH1,POWER,3.25
1765568066594,CH1,POWER,3.25
1765568066601,CH1,POWER,3.25
1765568066609,CH1,POWER,3.25
1765568066614,CH1,POWER,3.25
1765568066619,CH1,POWER,3.25
1765568066624,CH1,POWER,3.25
1765568066628,CH1,POWER,3.25
1765568066632,CH1,POWER,3.25
1765568066638,CH1,POWER,3.25
1765568066643,CH1,POWER,3.25
1765568066648,CH1,POWER,3.25
1765568066652,CH1,POWER,3.25
1765568066658,CH1,POWER,3.25
1765568066663,CH1,POWER,3.25
1765568066670,CH1,POWER,3.25
1765568066675,CH1,POWER,3.25
1765568066680,CH1,POWER,3.25
1765568066686,CH1,POWER,3.25
1765568066691,CH1,POWER,3.25
1765568066696,CH1,POWER,3.25
1765568066701,CH1,POWER,3.25
1765568066706,CH1,POWER,3.25
1765568066711,CH1,POWER,3.25
1765568066718,CH1,POWER,3.25
1765568066723,CH1,POWER,3.25
1765568066728,CH1,POWER,3.25
1765568066733,CH1,POWER,3.25
1765568066740,CH1,POWER,3.25
1765568066745,CH1,POWER,3.25
1765568066750,CH1,POWER,3.25
1765568066755,CH1,POWER,3.25
1765568066761,CH1,POWER,3.25
1765568066766,CH1,POWER,3.25
1765568066771,CH1,POWER,3.25
1765568066775,CH1,POWER,3.25
1765568066781,CH1,POWER,3.25
1765568066786,CH1,POWER,3.25
1765568066791,CH1,POWER,3.25
1765568066795,CH1,POWER,3.25
1765568066800,CH1,POWER,3.25
1765568066805,CH1,POWER,3.25
1765568066810,CH1,POWER,3.25
1765568066815,CH1,POWER,3.25
1765568066821,CH1,POWER,3.25
1765568066826,CH1,POWER,3.25
1765568066831,CH1,POWER,3.25
1765568066835,CH1,POWER,3.25
1765568066840,CH1,POWER,3.25
1765568066845,CH1,POWER,3.25
1765568066850,CH1,POWER,3.25
1765568066855,CH1,POWER,3.25
1765568066858,CH1,POWER,3.25
1765568066861,CH1,POWER,3.25
1765568066863,CH1,POWER,3.25
1765568066889,CH1,POWER,3.25
1765568066894,CH1,POWER,3.25
1765568066901,CH1,POWER,3.25
1765568066907,CH1,POWER,3.25
1765568066912,CH1,POWER,3.25
1765568066917,CH1,POWER,3.25
1765568066922,CH1,POWER,3.25
1765568066928,CH1,POWER,3.25
1765568066933,CH1,POWER,3.25
1765568066940,CH1,POWER,3.25
1765568066945,CH1,POWER,3.25
1765568066953,CH1,POWER,3.25
1765568066958,CH1,POWER,3.25
1765568066963,CH1,POWER,3.25
1765568066968,CH1,POWER,3.25
1765568066973,CH1,POWER,3.25
1765568066981,CH1,POWER,3.25
1765568066986,CH1,POWER,3.25
1765568066993,CH1,POWER,3.25
1765568066998,CH1,POWER,3.25
1765568067003,CH1,POWER,3.25
1765568067008,CH1,POWER,3.25
1765568067013,CH1,POWER,3.25
1765568067017,CH1,POWER,3.25
1765568067022,CH1,POWER,3.25
1765568067026,CH1,POWER,3.25
1765568067032,CH1,POWER,3.25
1765568067038,CH1,POWER,3.25
1765568067043,CH1,POWER,3.25
1765568067048,CH1,POWER,3.25
1765568067053,CH1,POWER,3.25
1765568067058,CH1,POWER,3.25
1765568067063,CH1,POWER,3.25
1765568067070,CH1,POWER,3.25
1765568067075,CH1,POWER,3.25
1765568067080,CH1,POWER,3.25
1765568067084,CH1,POWER,3.25
1765568067091,CH1,POWER,3.25
1765568067096,CH1,POWER,3.25
1765568067103,CH1,POWER,3.25
1765568067107,CH1,POWER,3.25
1765568067112,CH1,POWER,3.25
1765568067118,CH1,POWER,3.25
1765568067123,CH1,POWER,3.25
1765568067128,CH1,POWER,3.25
1765568067133,CH1,POWER,3.25
1765568067137,CH1,POWER,3.25
1765568067142,CH1,POWER,3.25
1765568067147,CH1,POWER,3.25
1765568067153,CH1,POWER,3.25
1765568067158,CH1,POWER,3.25
1765568067163,CH1,POWER,3.25
1765568067167,CH1,POWER,3.25
1765568067173,CH1,POWER,3.25
1765568067178,CH1,POWER,3.25
1765568067183,CH1,POWER,3.25
1765568067187,CH1,POWER,3.25
1765568067192,CH1,POWER,3.25
1765568067196,CH1,POWER,3.25
1765568067202,CH1,POWER,3.25
1765568067207,CH1,POWER,3.25
1765568067212,CH1,POWER,3.25
1765568067215,CH1,POWER,3.25
1765568067219,CH1,POWER,3.25
1765568067223,CH1,POWER,3.25
1765568067228,CH1,POWER,3.25
1765568067233,CH1,POWER,3.25
1765568067238,CH1,POWER,3.25
1765568067242,CH1,POWER,3.25
1765568067247,CH1,POWER,3.25
1765568067251,CH1,POWER,3.25
1765568067254,CH1,POWER,3.25
1765568067256,CH1,POWER,3.25
1765568067284,CH1,POWER,3.25
1765568067289,CH1,POWER,3.25
1765568067294,CH1,POWER,3.25
1765568067299,CH1,POWER,3.25
1765568067305,CH1,POWER,3.25
1765568067309,CH1,POWER,3.25
1765568067314,CH1,POWER,3.25
1765568067319,CH1,POWER,3.25
1765568067324,CH1,POWER,3.25
1765568067330,CH1,POWER,3.25
1765568067335,CH1,POWER,3.25
1765568067340,CH1,POWER,3.25
1765568067345,CH1,POWER,3.25
1765568067353,CH1,POWER,3.25
1765568067358,CH1,POWER,3.25
1765568067365,CH1,POWER,3.25
1765568067373,CH1,POWER,3.25
1765568067378,CH1,POWER,3.25
1765568067384,CH1,POWER,3.25
1765568067389,CH1,POWER,3.25
1765568067394,CH1,POWER,3.25
1765568067399,CH1,POWER,3.25
1765568067403,CH1,POWER,3.25
1765568067408,CH1,POWER,3.25
1765568067415,CH1,POWER,3.25
1765568067423,CH1,POWER,3.25
1765568067428,CH1,POWER,3.25
1765568067435,CH1,POWER,3.25
1765568067440,CH1,POWER,3.25
1765568067445,CH1,POWER,3.25
1765568067450,CH1,POWER,3.25
1765568067455,CH1,POWER,3.25
1765568067463,CH1,POWER,3.25
1765568067468,CH1,POWER,3.25
1765568067475,CH1,POWER,3.25
1765568067480,CH1,POWER,3.25
1765568067485,CH1,POWER,3.25
1765568067490,CH1,POWER,3.25
1765568067494,CH1,POWER,3.25
1765568067499,CH1,POWER,3.25
1765568067505,CH1,POWER,3.25
1765568067509,CH1,POWER,3.25
1765568067513,CH1,POWER,3.25
1765568067518,CH1,POWER,3.25
1765568067525,CH1,POWER,3.25
1765568067530,CH1,POWER,3.25
1765568067535,CH1,POWER,3.25
1765568067543,CH1,POWER,3.25
1765568067548,CH1,POWER,3.25
1765568067554,CH1,POWER,3.25
1765568067559,CH1,POWER,3.25
1765568067564,CH1,POWER,3.25
1765568067569,CH1,POWER,3.25
1765568067575,CH1,POWER,3.25
1765568067580,CH1,POWER,3.25
1765568067585,CH1,POWER,3.25
1765568067590,CH1,POWER,3.25
1765568067595,CH1,POWER,3.25
1765568067602,CH1,POWER,3.25
1765568067607,CH1,POWER,3.25
1765568067612,CH1,POWER,3.25
1765568067617,CH1,POWER,3.25
1765568067625,CH1,POWER,3.25
1765568067630,CH1,POWER,3.25
1765568067635,CH1,POWER,3.25
1765568067640,CH1,POWER,3.25
1765568067644,CH1,POWER,3.25
1765568067648,CH1,POWER,3.25
1765568067676,CH1,POWER,3.55
1765568067681,CH1,POWER,3.55
1765568067685,CH1,POWER,3.55
1765568067690,CH1,POWER,3.55
1765568067697,CH1,POWER,3.55
1765568067702,CH1,POWER,3.55
1765568067707,CH1,POWER,3.55
1765568067712,CH1,POWER,3.55
1765568067716,CH1,POWER,3.55
1765568067720,CH1,POWER,3.55
1765568067726,CH1,POWER,3.55
1765568067731,CH1,POWER,3.55
1765568067737,CH1,POWER,3.55
1765568067742,CH1,POWER,3.55
1765568067747,CH1,POWER,3.55
1765568067752,CH1,POWER,3.55
1765568067756,CH1,POWER,3.55
1765568067761,CH1,POWER,3.55
1765568067766,CH1,POWER,3.55
1765568067771,CH1,POWER,3.55
1765568067777,CH1,POWER,3.55
1765568067782,CH1,POWER,3.55
1765568067787,CH1,POWER,3.55
1765568067792,CH1,POWER,3.55
1765568067797,CH1,POWER,3.55
1765568067802,CH1,POWER,3.55
1765568067806,CH1,POWER,3.55
1765568067811,CH1,POWER,3.55
1765568067816,CH1,POWER,3.55
1765568067820,CH1,POWER,3.55
1765568067826,CH1,POWER,3.55
1765568067831,CH1,POWER,3.55
1765568067837,CH1,POWER,3.55
1765568067844,CH1,POWER,3.55
1765568067849,CH1,POWER,3.55
1765568067854,CH1,POWER,3.55
1765568067858,CH1,POWER,3.55
1765568067865,CH1,POWER,3.55
1765568067870,CH1,POWER,3.55
1765568067876,CH1,POWER,3.55
1765568067881,CH1,POWER,3.55
1765568067886,CH1,POWER,3.55
1765568067891,CH1,POWER,3.55
1765568067896,CH1,POWER,3.55
1765568067901,CH1,POWER,3.55
1765568067907,CH1,POWER,3.55
1765568067912,CH1,POWER,3.55
1765568067916,CH1,POWER,3.55
1765568067921,CH1,POWER,3.55
1765568067927,CH1,POWER,3.55
1765568067932,CH1,POWER,3.55
1765568067937,CH1,POWER,3.55
1765568067942,CH1,POWER,3.55
1765568067947,CH1,POWER,3.55
1765568067952,CH1,POWER,3.55
1765568067956,CH1,POWER,3.55
1765568067961,CH1,POWER,3.55
1765568067965,CH1,POWER,3.55
1765568067970,CH1,POWER,3.55
1765568067975,CH1,POWER,3.55
1765568067980,CH1,POWER,3.55
1765568067987,CH1,POWER,3.55
1765568067995,CH1,POWER,3.55
1765568068000,CH1,POWER,3.55
1765568068007,CH1,POWER,3.55
1765568068012,CH1,POWER,3.55
1765568068017,CH1,POWER,3.55
1765568068022,CH1,POWER,3.55
1765568068027,CH1,POWER,3.55
1765568068032,CH1,POWER,3.55
1765568068037,CH1,POWER,3.55
1765568068039,CH1,POWER,3.50
1765568068041,CH1,POWER,3.50
1765568068069,CH1,POWER,3.50
1765568068074,CH1,POWER,3.50
1765568068079,CH1,POWER,3.50
1765568068084,CH1,POWER,3.50
1765568068088,CH1,POWER,3.50
1765568068093,CH1,POWER,3.50
1765568068097,CH1,POWER,3.50
1765568068102,CH1,POWER,3.50
1765568068108,CH1,POWER,3.50
1765568068113,CH1,POWER,3.50
1765568068118,CH1,POWER,3.50
1765568068123,CH1,POWER,3.50
1765568068128,CH1,POWER,3.50
1765568068133,CH1,POWER,3.50
1765568068139,CH1,POWER,3.50
1765568068147,CH1,POWER,3.50
1765568068152,CH1,POWER,3.50
1765568068159,CH1,POWER,3.50
1765568068167,CH1,POWER,3.50
1765568068172,CH1,POWER,3.50
1765568068179,CH1,POWER,3.50
1765568068184,CH1,POWER,3.50
1765568068189,CH1,POWER,3.50
1765568068194,CH1,POWER,3.50
1765568068198,CH1,POWER,3.50
1765568068203,CH1,POWER,3.50
1765568068208,CH1,POWER,3.50
1765568068213,CH1,POWER,3.50
1765568068217,CH1,POWER,3.50
1765568068222,CH1,POWER,3.50
1765568068228,CH1,POWER,3.50
1765568068233,CH1,POWER,3.50
1765568068238,CH1,POWER,3.50
1765568068242,CH1,POWER,3.50
1765568068249,CH1,POWER,3.50
1765568068254,CH1,POWER,3.50
1765568068258,CH1,POWER,3.50
1765568068262,CH1,POWER,3.50
1765568068268,CH1,POWER,3.50
1765568068274,CH1,POWER,3.50
1765568068278,CH1,POWER,3.50
1765568068283,CH1,POWER,3.50
1765568068288,CH1,POWER,3.50
1765568068292,CH1,POWER,3.50
1765568068298,CH1,POWER,3.50
1765568068303,CH1,POWER,3.50
1765568068307,CH1,POWER,3.50
1765568068312,CH1,POWER,3.50
1765568068319,CH1,POWER,3.50
1765568068324,CH1,POWER,3.50
1765568068329,CH1,POWER,3.50
1765568068337,CH1,POWER,3.50
1765568068342,CH1,POWER,3.50
1765568068349,CH1,POWER,3.50
1765568068354,CH1,POWER,3.50
1765568068358,CH1,POWER,3.50
1765568068363,CH1,POWER,3.50
1765568068368,CH1,POWER,3.50
1765568068373,CH1,POWER,3.50
1765568068378,CH1,POWER,3.50
1765568068383,CH1,POWER,3.50
1765568068387,CH1,POWER,3.50
1765568068392,CH1,POWER,3.50
1765568068399,CH1,POWER,3.50
1765568068406,CH1,POWER,3.50
1765568068412,CH1,POWER,3.50
1765568068418,CH1,POWER,3.50
1765568068422,CH1,POWER,3.50
1765568068428,CH1,POWER,3.50
1765568068432,CH1,POWER,3.50
1765568068460,CH1,POWER,3.25
1765568068465,CH1,POWER,3.25
1765568068469,CH1,POWER,3.25
1765568068474,CH1,POWER,3.25
1765568068480,CH1,POWER,3.25
1765568068485,CH1,POWER,3.25
1765568068489,CH1,POWER,3.25
1765568068493,CH1,POWER,3.25
1765568068498,CH1,POWER,3.25
1765568068502,CH1,POWER,3.25
1765568068509,CH1,POWER,3.25
1765568068513,CH1,POWER,3.25
1765568068517,CH1,POWER,3.25
1765568068522,CH1,POWER,3.25
1765568068529,CH1,POWER,3.25
1765568068533,CH1,POWER,3.25
1765568068538,CH1,POWER,3.25
1765568068542,CH1,POWER,3.25
1765568068549,CH1,POWER,3.25
1765568068554,CH1,POWER,3.25
1765568068561,CH1,POWER,3.25
1765568068566,CH1,POWER,3.25
1765568068570,CH1,POWER,3.25
1765568068575,CH1,POWER,3.25
1765568068580,CH1,POWER,3.25
1765568068586,CH1,POWER,3.25
1765568068591,CH1,POWER,3.25
1765568068596,CH1,POWER,3.25
1765568068600,CH1,POWER,3.25
1765568068605,CH1,POWER,3.25
1765568068609,CH1,POWER,3.25
1765568068614,CH1,POWER,3.25
1765568068620,CH1,POWER,3.25
1765568068625,CH1,POWER,3.25
1765568068629,CH1,POWER,3.25
1765568068633,CH1,POWER,3.25
1765568068641,CH1,POWER,3.25
1765568068646,CH1,POWER,3.25
1765568068650,CH1,POWER,3.25
1765568068654,CH1,POWER,3.25
1765568068660,CH1,POWER,3.25
1765568068664,CH1,POWER,3.25
1765568068670,CH1,POWER,3.25
1765568068675,CH1,POWER,3.25
1765568068679,CH1,POWER,3.25
1765568068685,CH1,POWER,3.25
1765568068691,CH1,POWER,3.25
1765568068696,CH1,POWER,3.25
1765568068701,CH1,POWER,3.25
1765568068706,CH1,POWER,3.25
1765568068710,CH1,POWER,3.25
1765568068715,CH1,POWER,3.25
1765568068720,CH1,POWER,3.25
1765568068724,CH1,POWER,3.25
1765568068731,CH1,POWER,3.25
1765568068736,CH1,POWER,3.25
1765568068741,CH1,POWER,3.25
1765568068746,CH1,POWER,3.25
1765568068750,CH1,POWER,3.25
1765568068756,CH1,POWER,3.25
1765568068760,CH1,POWER,3.25
1765568068764,CH1,POWER,3.25
1765568068771,CH1,POWER,3.25
1765568068779,CH1,POWER,3.25
1765568068784,CH1,POWER,3.25
1765568068791,CH1,POWER,3.25
1765568068796,CH1,POWER,3.25
1765568068800,CH1,POWER,3.25
1765568068805,CH1,POWER,3.25
1765568068810,CH1,POWER,3.25
1765568068814,CH1,POWER,3.25
1765568068821,CH1,POWER,3.25
1765568068824,CH1,POWER,3.25
1765568068853,CH1,POWER,3.25
1765568068858,CH1,POWER,3.25
1765568068862,CH1,POWER,3.25
1765568068867,CH1,POWER,3.25
1765568068873,CH1,POWER,3.25
1765568068878,CH1,POWER,3.25
1765568068883,CH1,POWER,3.25
1765568068888,CH1,POWER,3.25
1765568068892,CH1,POWER,3.25
1765568068901,CH1,POWER,3.25
1765568068906,CH1,POWER,3.25
1765568068912,CH1,POWER,3.25
1765568068918,CH1,POWER,3.25
1765568068922,CH1,POWER,3.25
1765568068928,CH1,POWER,3.25
1765568068933,CH1,POWER,3.25
1765568068938,CH1,POWER,3.25
1765568068943,CH1,POWER,3.25
1765568068948,CH1,POWER,3.25
1765568068952,CH1,POWER,3.25
1765568068958,CH1,POWER,3.25
1765568068963,CH1,POWER,3.25
1765568068968,CH1,POWER,3.25
1765568068973,CH1,POWER,3.25
1765568068978,CH1,POWER,3.25
1765568068982,CH1,POWER,3.25
1765568068987,CH1,POWER,3.25
1765568068993,CH1,POWER,3.25
1765568068998,CH1,POWER,3.25
1765568069003,CH1,POWER,3.25
1765568069008,CH1,POWER,3.25
1765568069013,CH1,POWER,3.25
1765568069018,CH1,POWER,3.25
1765568069022,CH1,POWER,3.25
1765568069026,CH1,POWER,3.25
1765568069032,CH1,POWER,3.25
1765568069036,CH1,POWER,3.25
1765568069043,CH1,POWER,3.25
1765568069051,CH1,POWER,3.25
1765568069057,CH1,POWER,3.25
1765568069062,CH1,POWER,3.25
1765568069067,CH1,POWER,3.25
1765568069071,CH1,POWER,3.25
1765568069075,CH1,POWER,3.25
1765568069082,CH1,POWER,3.25
1765568069086,CH1,POWER,3.25
1765568069093,CH1,POWER,3.25
1765568069098,CH1,POWER,3.25
1765568069102,CH1,POWER,3.25
1765568069108,CH1,POWER,3.25
1765568069113,CH1,POWER,3.25
1765568069118,CH1,POWER,3.25
1765568069122,CH1,POWER,3.25
1765568069131,CH1,POWER,3.25
1765568069136,CH1,POWER,3.25
1765568069142,CH1,POWER,3.25
1765568069147,CH1,POWER,3.25
1765568069151,CH1,POWER,3.25
1765568069156,CH1,POWER,3.25
1765568069161,CH1,POWER,3.25
1765568069165,CH1,POWER,3.25
1765568069169,CH1,POWER,3.25
1765568069174,CH1,POWER,3.25
1765568069179,CH1,POWER,3.25
1765568069184,CH1,POWER,3.25
1765568069191,CH1,POWER,3.25
1765568069197,CH1,POWER,3.25
1765568069202,CH1,POWER,3.25
1765568069206,CH1,POWER,3.25
1765568069213,CH1,POWER,3.25
1765568069218,CH1,POWER,3.25
1765568069220,CH1,POWER,3.40
1765568069223,CH1,POWER,3.40
1765568069225,CH1,POWER,3.40
1765568069252,CH1,POWER,3.40
1765568069256,CH1,POWER,3.40
1765568069263,CH1,POWER,3.40
1765568069267,CH1,POWER,3.40
1765568069272,CH1,POWER,3.40
1765568069276,CH1,POWER,3.40
1765568069283,CH1,POWER,3.40
1765568069287,CH1,POWER,3.40
1765568069291,CH1,POWER,3.40
1765568069295,CH1,POWER,3.40
1765568069300,CH1,POWER,3.40
1765568069305,CH1,POWER,3.40
1765568069310,CH1,POWER,3.40
1765568069315,CH1,POWER,3.40
1765568069320,CH1,POWER,3.40
1765568069325,CH1,POWER,3.40
1765568069333,CH1,POWER,3.40
1765568069339,CH1,POWER,3.40
1765568069344,CH1,POWER,3.40
1765568069348,CH1,POWER,3.40
1765568069355,CH1,POWER,3.40
1765568069360,CH1,POWER,3.40
1765568069364,CH1,POWER,3.40
1765568069369,CH1,POWER,3.40
1765568069374,CH1,POWER,3.40
1765568069379,CH1,POWER,3.40
1765568069384,CH1,POWER,3.40
1765568069389,CH1,POWER,3.40
1765568069393,CH1,POWER,3.40
1765568069400,CH1,POWER,3.40
1765568069404,CH1,POWER,3.40
1765568069413,CH1,POWER,3.40
1765568069417,CH1,POWER,3.40
1765568069424,CH1,POWER,3.40
1765568069428,CH1,POWER,3.40
1765568069435,CH1,POWER,3.40
1765568069440,CH1,POWER,3.40
1765568069445,CH1,POWER,3.40
1765568069450,CH1,POWER,3.40
1765568069455,CH1,POWER,3.40
1765568069460,CH1,POWER,3.40
1765568069464,CH1,POWER,3.40
1765568069468,CH1,POWER,3.40
1765568069475,CH1,POWER,3.40
1765568069480,CH1,POWER,3.40
1765568069485,CH1,POWER,3.40
1765568069490,CH1,POWER,3.40
1765568069495,CH1,POWER,3.40
1765568069500,CH1,POWER,3.40
1765568069504,CH1,POWER,3.40
1765568069508,CH1,POWER,3.40
1765568069514,CH1,POWER,3.40
1765568069518,CH1,POWER,3.40
1765568069525,CH1,POWER,3.40
1765568069530,CH1,POWER,3.40
1765568069535,CH1,POWER,3.40
1765568069540,CH1,POWER,3.40
1765568069544,CH1,POWER,3.40
1765568069548,CH1,POWER,3.40
1765568069554,CH1,POWER,3.40
1765568069558,CH1,POWER,3.40
1765568069565,CH1,POWER,3.40
1765568069570,CH1,POWER,3.40
1765568069575,CH1,POWER,3.40
1765568069580,CH1,POWER,3.40
1765568069585,CH1,POWER,3.40
1765568069590,CH1,POWER,3.40
1765568069594,CH1,POWER,3.40
1765568069601,CH1,POWER,3.40
1765568069606,CH1,POWER,3.40
1765568069612,CH1,POWER,3.40
1765568069616,CH1,POWER,3.55
1765568069618,CH1,POWER,3.55
1765568069645,CH1,POWER,3.55
1765568069652,CH1,POWER,3.55
1765568069657,CH1,POWER,3.55
1765568069662,CH1,POWER,3.55
1765568069666,CH1,POWER,3.55
1765568069670,CH1,POWER,3.55
1765568069676,CH1,POWER,3.55
1765568069680,CH1,POWER,3.55
1765568069686,CH1,POWER,3.55
1765568069694,CH1,POWER,3.55
1765568069698,CH1,POWER,3.55
1765568069705,CH1,POWER,3.55
1765568069710,CH1,POWER,3.55
1765568069717,CH1,POWER,3.55
1765568069722,CH1,POWER,3.55
1765568069726,CH1,POWER,3.55
1765568069730,CH1,POWER,3.55
1765568069736,CH1,POWER,3.55
1765568069741,CH1,POWER,3.55
1765568069745,CH1,POWER,3.55
1765568069750,CH1,POWER,3.55
1765568069756,CH1,POWER,3.55
1765568069760,CH1,POWER,3.55
1765568069766,CH1,POWER,3.55
1765568069772,CH1,POWER,3.55
1765568069776,CH1,POWER,3.55
1765568069780,CH1,POWER,3.55
1765568069786,CH1,POWER,3.55
1765568069795,CH1,POWER,3.55
1765568069799,CH1,POWER,3.55
1765568069803,CH1,POWER,3.55
1765568069807,CH1,POWER,3.55
1765568069812,CH1,POWER,3.55
1765568069816,CH1,POWER,3.55
1765568069824,CH1,POWER,3.55
1765568069829,CH1,POWER,3.55
1765568069833,CH1,POWER,3.55
1765568069837,CH1,POWER,3.55
1765568069843,CH1,POWER,3.55
1765568069848,CH1,POWER,3.55
1765568069857,CH1,POWER,3.55
1765568069862,CH1,POWER,3.55
1765568069867,CH1,POWER,3.55
1765568069872,CH1,POWER,3.55
1765568069876,CH1,POWER,3.55
1765568069884,CH1,POWER,3.55
1765568069891,CH1,POWER,3.55
1765568069896,CH1,POWER,3.55
1765568069900,CH1,POWER,3.55
1765568069907,CH1,POWER,3.55
1765568069912,CH1,POWER,3.55
1765568069917,CH1,POWER,3.55
1765568069922,CH1,POWER,3.55
1765568069926,CH1,POWER,3.55
1765568069930,CH1,POWER,3.55
1765568069936,CH1,POWER,3.55
1765568069943,CH1,POWER,3.55
1765568069948,CH1,POWER,3.55
1765568069954,CH1,POWER,3.55
1765568069959,CH1,POWER,3.55
1765568069963,CH1,POWER,3.55
1765568069967,CH1,POWER,3.55
1765568069972,CH1,POWER,3.55
1765568069976,CH1,POWER,3.55
1765568069980,CH1,POWER,3.55
1765568069986,CH1,POWER,3.55
1765568069990,CH1,POWER,3.55
1765568069996,CH1,POWER,3.55
1765568070000,CH1,POWER,3.55
1765568070006,CH1,POWER,3.55
1765568070011,CH1,POWER,3.30
1765568070039,CH1,POWER,3.30
1765568070044,CH1,POWER,3.30
1765568070049,CH1,POWER,3.30
1765568070054,CH1,POWER,3.30
1765568070058,CH1,POWER,3.30
1765568070062,CH1,POWER,3.30
1765568070068,CH1,POWER,3.30
1765568070074,CH1,POWER,3.30
1765568070078,CH1,POWER,3.30
1765568070086,CH1,POWER,3.30
1765568070091,CH1,POWER,3.30
1765568070095,CH1,POWER,3.30
1765568070099,CH1,POWER,3.30
1765568070105,CH1,POWER,3.30
1765568070111,CH1,POWER,3.30
1765568070117,CH1,POWER,3.30
1765568070122,CH1,POWER,3.30
1765568070129,CH1,POWER,3.30
1765568070134,CH1,POWER,3.30
1765568070138,CH1,POWER,3.30
1765568070142,CH1,POWER,3.30
1765568070148,CH1,POWER,3.30
1765568070152,CH1,POWER,3.30
1765568070159,CH1,POWER,3.30
1765568070164,CH1,POWER,3.30
1765568070168,CH1,POWER,3.30
1765568070172,CH1,POWER,3.30
1765568070178,CH1,POWER,3.30
1765568070184,CH1,POWER,3.30
1765568070188,CH1,POWER,3.30
1765568070197,CH1,POWER,3.30
1765568070201,CH1,POWER,3.30
1765568070209,CH1,POWER,3.30
1765568070214,CH1,POWER,3.30
1765568070218,CH1,POWER,3.30
1765568070224,CH1,POWER,3.30
1765568070228,CH1,POWER,3.30
1765568070232,CH1,POWER,3.30
1765568070239,CH1,POWER,3.30
1765568070244,CH1,POWER,3.30
1765568070248,CH1,POWER,3.30
1765568070252,CH1,POWER,3.30
1765568070258,CH1,POWER,3.30
1765568070262,CH1,POWER,3.30
1765568070268,CH1,POWER,3.30
1765568070274,CH1,POWER,3.30
1765568070278,CH1,POWER,3.30
1765568070282,CH1,POWER,3.30
1765568070288,CH1,POWER,3.30
1765568070292,CH1,POWER,3.30
1765568070298,CH1,POWER,3.30
1765568070304,CH1,POWER,3.30
1765568070308,CH1,POWER,3.30
1765568070312,CH1,POWER,3.30
1765568070318,CH1,POWER,3.30
1765568070326,CH1,POWER,3.30
1765568070330,CH1,POWER,3.30
1765568070335,CH1,POWER,3.30
1765568070342,CH1,POWER,3.30
1765568070348,CH1,POWER,3.30
1765568070357,CH1,POWER,3.30
1765568070361,CH1,POWER,3.30
1765568070368,CH1,POWER,3.30
1765568070374,CH1,POWER,3.30
1765568070378,CH1,POWER,3.30
1765568070384,CH1,POWER,3.30
1765568070389,CH1,POWER,3.30
1765568070394,CH1,POWER,3.30
1765568070398,CH1,POWER,3.30
1765568070402,CH1,POWER,3.40
1765568070429,CH1,POWER,3.40
1765568070434,CH1,POWER,3.40
1765568070439,CH1,POWER,3.40
1765568070443,CH1,POWER,3.40
1765568070447,CH1,POWER,3.40
1765568070452,CH1,POWER,3.40
1765568070457,CH1,POWER,3.40
1765568070462,CH1,POWER,3.40
1765568070470,CH1,POWER,3.40
1765568070476,CH1,POWER,3.40
1765568070480,CH1,POWER,3.40
1765568070486,CH1,POWER,3.40
1765568070490,CH1,POWER,3.40
1765568070496,CH1,POWER,3.40
1765568070500,CH1,POWER,3.40
1765568070508,CH1,POWER,3.40
1765568070515,CH1,POWER,3.40
1765568070519,CH1,POWER,3.40
1765568070524,CH1,POWER,3.40
1765568070529,CH1,POWER,3.40
1765568070535,CH1,POWER,3.40
1765568070539,CH1,POWER,3.40
1765568070543,CH1,POWER,3.40
1765568070549,CH1,POWER,3.40
1765568070553,CH1,POWER,3.40
1765568070559,CH1,POWER,3.40
1765568070565,CH1,POWER,3.40
1765568070569,CH1,POWER,3.40
1765568070574,CH1,POWER,3.40
1765568070580,CH1,POWER,3.40
1765568070586,CH1,POWER,3.40
1765568070590,CH1,POWER,3.40
1765568070594,CH1,POWER,3.40
1765568070600,CH1,POWER,3.40
1765568070605,CH1,POWER,3.40
1765568070609,CH1,POWER,3.40
1765568070613,CH1,POWER,3.40
1765568070619,CH1,POWER,3.40
1765568070624,CH1,POWER,3.40
1765568070630,CH1,POWER,3.40
1765568070634,CH1,POWER,3.40
1765568070640,CH1,POWER,3.40
1765568070646,CH1,POWER,3.40
1765568070650,CH1,POWER,3.40
1765568070654,CH1,POWER,3.40
1765568070660,CH1,POWER,3.40
1765568070664,CH1,POWER,3.40
1765568070669,CH1,POWER,3.40
1765568070674,CH1,POWER,3.40
1765568070680,CH1,POWER,3.40
1765568070689,CH1,POWER,3.40
1765568070693,CH1,POWER,3.40
1765568070700,CH1,POWER,3.40
1765568070706,CH1,POWER,3.40
1765568070711,CH1,POWER,3.40
1765568070716,CH1,POWER,3.40
1765568070721,CH1,POWER,3.40
1765568070726,CH1,POWER,3.40
1765568070731,CH1,POWER,3.40
1765568070736,CH1,POWER,3.40
1765568070740,CH1,POWER,3.40
1765568070746,CH1,POWER,3.40
1765568070751,CH1,POWER,3.40
1765568070756,CH1,POWER,3.40
1765568070760,CH1,POWER,3.40
1765568070764,CH1,POWER,3.40
1765568070770,CH1,POWER,3.40
1765568070774,CH1,POWER,3.40
1765568070779,CH1,POWER,3.40
1765568070784,CH1,POWER,3.40
1765568070791,CH1,POWER,3.40
1765568070796,CH1,POWER,3.40
1765568070800,CH1,POWER,3.50
1765568070802,CH1,POWER,3.50
1765568070805,CH1,POWER,3.50
1765568070832,CH1,POWER,3.50
1765568070836,CH1,POWER,3.50
1765568070842,CH1,POWER,3.50
1765568070846,CH1,POWER,3.50
1765568070851,CH1,POWER,3.50
1765568070858,CH1,POWER,3.50
1765568070863,CH1,POWER,3.50
1765568070868,CH1,POWER,3.50
1765568070872,CH1,POWER,3.50
1765568070878,CH1,POWER,3.50
1765568070882,CH1,POWER,3.50
1765568070886,CH1,POWER,3.50
1765568070892,CH1,POWER,3.50
1765568070896,CH1,POWER,3.50
1765568070902,CH1,POWER,3.50
1765568070907,CH1,POWER,3.50
1765568070911,CH1,POWER,3.50
1765568070915,CH1,POWER,3.50
1765568070919,CH1,POWER,3.50
1765568070923,CH1,POWER,3.50
1765568070928,CH1,POWER,3.50
1765568070932,CH1,POWER,3.50
1765568070936,CH1,POWER,3.50
1765568070942,CH1,POWER,3.50
1765568070950,CH1,POWER,3.50
1765568070956,CH1,POWER,3.50
1765568070962,CH1,POWER,3.50
1765568070968,CH1,POWER,3.50
1765568070972,CH1,POWER,3.50
1765568070978,CH1,POWER,3.50
1765568070982,CH1,POWER,3.50
1765568070987,CH1,POWER,3.50
1765568070991,CH1,POWER,3.50
1765568070995,CH1,POWER,3.50
1765568070999,CH1,POWER,3.50
1765568071004,CH1,POWER,3.50
1765568071010,CH1,POWER,3.50
1765568071016,CH1,POWER,3.50
1765568071022,CH1,POWER,3.50
1765568071028,CH1,POWER,3.50
1765568071032,CH1,POWER,3.50
1765568071038,CH1,POWER,3.50
1765568071042,CH1,POWER,3.50
1765568071048,CH1,POWER,3.50
1765568071052,CH1,POWER,3.50
1765568071058,CH1,POWER,3.50
1765568071062,CH1,POWER,3.50
1765568071066,CH1,POWER,3.50
1765568071072,CH1,POWER,3.50
1765568071078,CH1,POWER,3.50
1765568071083,CH1,POWER,3.50
1765568071088,CH1,POWER,3.50
1765568071092,CH1,POWER,3.50
1765568071096,CH1,POWER,3.50
1765568071101,CH1,POWER,3.50
1765568071108,CH1,POWER,3.50
1765568071112,CH1,POWER,3.50
1765568071118,CH1,POWER,3.50
1765568071122,CH1,POWER,3.50
1765568071126,CH1,POWER,3.50
1765568071132,CH1,POWER,3.50
1765568071136,CH1,POWER,3.50
1765568071143,CH1,POWER,3.50
1765568071148,CH1,POWER,3.50
1765568071153,CH1,POWER,3.50
1765568071158,CH1,POWER,3.50
1765568071162,CH1,POWER,3.50
1765568071170,CH1,POWER,3.50
1765568071175,CH1,POWER,3.50
1765568071179,CH1,POWER,3.50
1765568071183,CH1,POWER,3.50
1765568071190,CH1,POWER,3.50
1765568071195,CH1,POWER,3.50
1765568071223,CH1,POWER,3.25
1765568071228,CH1,POWER,3.25
1765568071233,CH1,POWER,3.25
1765568071237,CH1,POWER,3.25
1765568071241,CH1,POWER,3.25
1765568071246,CH1,POWER,3.25
1765568071254,CH1,POWER,3.25
1765568071260,CH1,POWER,3.25
1765568071264,CH1,POWER,3.25
1765568071268,CH1,POWER,3.25
1765568071274,CH1,POWER,3.25
1765568071278,CH1,POWER,3.25
1765568071284,CH1,POWER,3.25
1765568071290,CH1,POWER,3.25
1765568071294,CH1,POWER,3.25
1765568071298,CH1,POWER,3.25
1765568071305,CH1,POWER,3.25
1765568071310,CH1,POWER,3.25
1765568071314,CH1,POWER,3.25
1765568071320,CH1,POWER,3.25
1765568071324,CH1,POWER,3.25
1765568071328,CH1,POWER,3.25
1765568071334,CH1,POWER,3.25
1765568071338,CH1,POWER,3.25
1765568071344,CH1,POWER,3.25
1765568071350,CH1,POWER,3.25
1765568071354,CH1,POWER,3.25
1765568071360,CH1,POWER,3.25
1765568071364,CH1,POWER,3.25
1765568071370,CH1,POWER,3.25
1765568071374,CH1,POWER,3.25
1765568071378,CH1,POWER,3.25
1765568071384,CH1,POWER,3.25
1765568071390,CH1,POWER,3.25
1765568071394,CH1,POWER,3.25
1765568071398,CH1,POWER,3.25
1765568071404,CH1,POWER,3.25
1765568071410,CH1,POWER,3.25
1765568071414,CH1,POWER,3.25
1765568071418,CH1,POWER,3.25
1765568071424,CH1,POWER,3.25
1765568071428,CH1,POWER,3.25
1765568071434,CH1,POWER,3.25
1765568071440,CH1,POWER,3.25
1765568071444,CH1,POWER,3.25
1765568071448,CH1,POWER,3.25
1765568071454,CH1,POWER,3.25
1765568071460,CH1,POWER,3.25
1765568071464,CH1,POWER,3.25
1765568071470,CH1,POWER,3.25
1765568071474,CH1,POWER,3.25
1765568071478,CH1,POWER,3.25
1765568071483,CH1,POWER,3.25
1765568071490,CH1,POWER,3.25
1765568071494,CH1,POWER,3.25
1765568071500,CH1,POWER,3.25
1765568071504,CH1,POWER,3.25
1765568071509,CH1,POWER,3.25
1765568071513,CH1,POWER,3.25
1765568071520,CH1,POWER,3.25
1765568071524,CH1,POWER,3.25
1765568071530,CH1,POWER,3.25
1765568071534,CH1,POWER,3.25
1765568071538,CH1,POWER,3.25
1765568071543,CH1,POWER,3.25
1765568071550,CH1,POWER,3.25
1765568071554,CH1,POWER,3.25
1765568071560,CH1,POWER,3.25
1765568071564,CH1,POWER,3.25
1765568071570,CH1,POWER,3.25
1765568071574,CH1,POWER,3.25
1765568071582,CH1,POWER,3.25
1765568071584,CH1,POWER,3.25
1765568071587,CH1,POWER,3.25
1765568071613,CH1,POWER,3.25
1765568071618,CH1,POWER,3.25
1765568071623,CH1,POWER,3.25
1765568071627,CH1,POWER,3.25
1765568071632,CH1,POWER,3.25
1765568071636,CH1,POWER,3.25
1765568071644,CH1,POWER,3.25
1765568071649,CH1,POWER,3.25
1765568071656,CH1,POWER,3.25
1765568071660,CH1,POWER,3.25
1765568071665,CH1,POWER,3.25
1765568071669,CH1,POWER,3.25
1765568071675,CH1,POWER,3.25
1765568071679,CH1,POWER,3.25
1765568071683,CH1,POWER,3.25
1765568071687,CH1,POWER,3.25
1765568071692,CH1,POWER,3.25
1765568071696,CH1,POWER,3.25
1765568071700,CH1,POWER,3.25
1765568071705,CH1,POWER,3.25
1765568071712,CH1,POWER,3.25
1765568071716,CH1,POWER,3.25
1765568071722,CH1,POWER,3.25
1765568071726,CH1,POWER,3.25
1765568071732,CH1,POWER,3.25
1765568071736,CH1,POWER,3.25
1765568071740,CH1,POWER,3.25
1765568071745,CH1,POWER,3.25
1765568071750,CH1,POWER,3.25
1765568071755,CH1,POWER,3.25
1765568071760,CH1,POWER,3.25
1765568071766,CH1,POWER,3.25
1765568071774,CH1,POWER,3.25
1765568071778,CH1,POWER,3.25
1765568071786,CH1,POWER,3.25
1765568071792,CH1,POWER,3.25
1765568071796,CH1,POWER,3.25
1765568071802,CH1,POWER,3.25
1765568071806,CH1,POWER,3.25
1765568071810,CH1,POWER,3.25
1765568071815,CH1,POWER,3.25
1765568071819,CH1,POWER,3.25
1765568071823,CH1,POWER,3.25
1765568071828,CH1,POWER,3.25
1765568071834,CH1,POWER,3.25
1765568071839,CH1,POWER,3.25
1765568071846,CH1,POWER,3.25
1765568071850,CH1,POWER,3.25
1765568071856,CH1,POWER,3.25
1765568071862,CH1,POWER,3.25
1765568071866,CH1,POWER,3.25
1765568071870,CH1,POWER,3.25
1765568071876,CH1,POWER,3.25
1765568071882,CH1,POWER,3.25
1765568071886,CH1,POWER,3.25
1765568071892,CH1,POWER,3.25
1765568071896,CH1,POWER,3.25
1765568071902,CH1,POWER,3.25
1765568071906,CH1,POWER,3.25
1765568071910,CH1,POWER,3.25
1765568071916,CH1,POWER,3.25
1765568071922,CH1,POWER,3.25
1765568071926,CH1,POWER,3.25
1765568071930,CH1,POWER,3.25
1765568071936,CH1,POWER,3.25
1765568071940,CH1,POWER,3.25
1765568071945,CH1,POWER,3.25
1765568071949,CH1,POWER,3.25
1765568071953,CH1,POWER,3.25
1765568071958,CH1,POWER,3.25
1765568071964,CH1,POWER,3.25
1765568071969,CH1,POWER,3.25
1765568071974,CH1,POWER,3.25
1765568071977,CH1,POWER,3.25
1765568071979,CH1,POWER,3.25
1765568072005,CH1,POWER,3.25
1765568072010,CH1,POWER,3.25
1765568072015,CH1,POWER,3.25
1765568072019,CH1,POWER,3.25
1765568072024,CH1,POWER,3.25
1765568072028,CH1,POWER,3.25
1765568072032,CH1,POWER,3.25
1765568072038,CH1,POWER,3.25
1765568072044,CH1,POWER,3.25
1765568072048,CH1,POWER,3.25
1765568072054,CH1,POWER,3.25
1765568072058,CH1,POWER,3.25
1765568072062,CH1,POWER,3.25
1765568072068,CH1,POWER,3.25
1765568072074,CH1,POWER,3.25
1765568072078,CH1,POWER,3.25
1765568072082,CH1,POWER,3.25
1765568072088,CH1,POWER,3.25
1765568072094,CH1,POWER,3.25
1765568072098,CH1,POWER,3.25
1765568072104,CH1,POWER,3.25
1765568072108,CH1,POWER,3.25
1765568072112,CH1,POWER,3.25
1765568072117,CH1,POWER,3.25
1765568072122,CH1,POWER,3.25
1765568072128,CH1,POWER,3.25
1765568072134,CH1,POWER,3.25
1765568072138,CH1,POWER,3.25
1765568072142,CH1,POWER,3.25
1765568072148,CH1,POWER,3.25
1765568072154,CH1,POWER,3.25
1765568072158,CH1,POWER,3.25
1765568072162,CH1,POWER,3.25
1765568072167,CH1,POWER,3.25
1765568072171,CH1,POWER,3.25
1765568072175,CH1,POWER,3.25
1765568072179,CH1,POWER,3.25
1765568072184,CH1,POWER,3.25
1765568072188,CH1,POWER,3.25
1765568072194,CH1,POWER,3.25
1765568072198,CH1,POWER,3.25
1765568072204,CH1,POWER,3.25
1765568072208,CH1,POWER,3.25
1765568072212,CH1,POWER,3.25
1765568072217,CH1,POWER,3.25
1765568072221,CH1,POWER,3.25
1765568072225,CH1,POWER,3.25
1765568072230,CH1,POWER,3.25
1765568072236,CH1,POWER,3.25
1765568072241,CH1,POWER,3.25
1765568072248,CH1,POWER,3.25
1765568072252,CH1,POWER,3.25
1765568072257,CH1,POWER,3.25
1765568072261,CH1,POWER,3.25
1765568072265,CH1,POWER,3.25
1765568072270,CH1,POWER,3.25
1765568072276,CH1,POWER,3.25
1765568072280,CH1,POWER,3.25
1765568072286,CH1,POWER,3.25
1765568072290,CH1,POWER,3.25
1765568072296,CH1,POWER,3.25
1765568072300,CH1,POWER,3.25
1765568072306,CH1,POWER,3.25
1765568072311,CH1,POWER,3.25
1765568072318,CH1,POWER,3.25
1765568072322,CH1,POWER,3.25
1765568072327,CH1,POWER,3.25
1765568072331,CH1,POWER,3.25
1765568072335,CH1,POWER,3.25
1765568072340,CH1,POWER,3.25
1765568072346,CH1,POWER,3.25
1765568072351,CH1,POWER,3.25
1765568072358,CH1,POWER,3.25
1765568072362,CH1,POWER,3.25
1765568072368,CH1,POWER,3.25
1765568072372,CH1,POWER,3.25
1765568072399,CH1,POWER,3.25
1765568072404,CH1,POWER,3.25
1765568072409,CH1,POWER,3.25
1765568072413,CH1,POWER,3.25
1765568072417,CH1,POWER,3.25
1765568072422,CH1,POWER,3.25
1765568072428,CH1,POWER,3.25
1765568072432,CH1,POWER,3.25
1765568072437,CH1,POWER,3.25
1765568072441,CH1,POWER,3.25
1765568072446,CH1,POWER,3.25
1765568072450,CH1,POWER,3.25
1765568072454,CH1,POWER,3.25
1765568072460,CH1,POWER,3.25
1765568072466,CH1,POWER,3.25
1765568072470,CH1,POWER,3.25
1765568072476,CH1,POWER,3.25
1765568072480,CH1,POWER,3.25
1765568072484,CH1,POWER,3.25
1765568072490,CH1,POWER,3.25
1765568072496,CH1,POWER,3.25
1765568072500,CH1,POWER,3.25
1765568072504,CH1,POWER,3.25
1765568072510,CH1,POWER,3.25
1765568072516,CH1,POWER,3.25
1765568072520,CH1,POWER,3.25
1765568072524,CH1,POWER,3.25
1765568072530,CH1,POWER,3.25
1765568072536,CH1,POWER,3.25
1765568072540,CH1,POWER,3.25
1765568072544,CH1,POWER,3.25
1765568072550,CH1,POWER,3.25
1765568072556,CH1,POWER,3.25
1765568072560,CH1,POWER,3.25
1765568072566,CH1,POWER,3.25
1765568072570,CH1,POWER,3.25
1765568072576,CH1,POWER,3.25
1765568072580,CH1,POWER,3.25
1765568072584,CH1,POWER,3.25
1765568072590,CH1,POWER,3.25
1765568072596,CH1,POWER,3.25
1765568072600,CH1,POWER,3.25
1765568072604,CH1,POWER,3.25
1765568072610,CH1,POWER,3.25
1765568072614,CH1,POWER,3.25
1765568072620,CH1,POWER,3.25
1765568072625,CH1,POWER,3.25
1765568072630,CH1,POWER,3.25
1765568072634,CH1,POWER,3.25
1765568072640,CH1,POWER,3.25
1765568072648,CH1,POWER,3.25
1765568072652,CH1,POWER,3.25
1765568072660,CH1,POWER,3.25
1765568072664,CH1,POWER,3.25
1765568072669,CH1,POWER,3.25
1765568072673,CH1,POWER,3.25
1765568072680,CH1,POWER,3.25
1765568072686,CH1,POWER,3.25
1765568072690,CH1,POWER,3.25
1765568072696,CH1,POWER,3.25
1765568072700,CH1,POWER,3.25
1765568072704,CH1,POWER,3.25
1765568072709,CH1,POWER,3.25
1765568072713,CH1,POWER,3.25
1765568072720,CH1,POWER,3.25
1765568072724,CH1,POWER,3.25
1765568072729,CH1,POWER,3.25
1765568072736,CH1,POWER,3.25
1765568072740,CH1,POWER,3.25
1765568072748,CH1,POWER,3.25
1765568072752,CH1,POWER,3.25
1765568072758,CH1,POWER,3.25
1765568072762,CH1,POWER,3.25
1765568072767,CH1,POWER,3.25
1765568072769,CH1,POWER,3.60
1765568072772,CH1,POWER,3.60
1765568072774,CH1,POWER,3.60
1765568072802,CH1,POWER,3.60
1765568072808,CH1,POWER,3.60
1765568072812,CH1,POWER,3.60
1765568072816,CH1,POWER,3.60
1765568072821,CH1,POWER,3.60
1765568072826,CH1,POWER,3.60
1765568072832,CH1,POWER,3.60
1765568072840,CH1,POWER,3.60
1765568072844,CH1,POWER,3.60
1765568072850,CH1,POWER,3.60
1765568072855,CH1,POWER,3.60
1765568072859,CH1,POWER,3.60
1765568072864,CH1,POWER,3.60
1765568072870,CH1,POWER,3.60
1765568072874,CH1,POWER,3.60
1765568072879,CH1,POWER,3.60
1765568072883,CH1,POWER,3.60
1765568072890,CH1,POWER,3.60
1765568072894,CH1,POWER,3.60
1765568072902,CH1,POWER,3.60
1765568072908,CH1,POWER,3.60
1765568072912,CH1,POWER,3.60
1765568072918,CH1,POWER,3.60
1765568072922,CH1,POWER,3.60
1765568072926,CH1,POWER,3.60
1765568072931,CH1,POWER,3.60
1765568072935,CH1,POWER,3.60
1765568072939,CH1,POWER,3.60
1765568072943,CH1,POWER,3.60
1765568072950,CH1,POWER,3.60
1765568072955,CH1,POWER,3.60
1765568072962,CH1,POWER,3.60
1765568072968,CH1,POWER,3.60
1765568072972,CH1,POWER,3.60
1765568072978,CH1,POWER,3.60
1765568072982,CH1,POWER,3.60
1765568072986,CH1,POWER,3.60
1765568072992,CH1,POWER,3.60
1765568072998,CH1,POWER,3.60
1765568073002,CH1,POWER,3.60
1765568073008,CH1,POWER,3.60
1765568073012,CH1,POWER,3.60
1765568073018,CH1,POWER,3.60
1765568073022,CH1,POWER,3.60
1765568073028,CH1,POWER,3.60
1765568073032,CH1,POWER,3.60
1765568073040,CH1,POWER,3.60
1765568073045,CH1,POWER,3.60
1765568073052,CH1,POWER,3.60
1765568073056,CH1,POWER,3.60
1765568073061,CH1,POWER,3.60
1765568073065,CH1,POWER,3.60
1765568073072,CH1,POWER,3.60
1765568073076,CH1,POWER,3.60
1765568073082,CH1,POWER,3.60
1765568073088,CH1,POWER,3.60
1765568073092,CH1,POWER,3.60
1765568073096,CH1,POWER,3.60
1765568073102,CH1,POWER,3.60
1765568073108,CH1,POWER,3.60
1765568073112,CH1,POWER,3.60
1765568073116,CH1,POWER,3.60
1765568073122,CH1,POWER,3.60
1765568073128,CH1,POWER,3.60
1765568073132,CH1,POWER,3.60
1765568073138,CH1,POWER,3.60
1765568073142,CH1,POWER,3.60
1765568073146,CH1,POWER,3.60
1765568073151,CH1,POWER,3.60
1765568073155,CH1,POWER,3.60
1765568073161,CH1,POWER,3.60
1765568073164,CH1,POWER,3.55
1765568073167,CH1,POWER,3.55
1765568073194,CH1,POWER,3.55
1765568073200,CH1,POWER,3.55
1765568073204,CH1,POWER,3.55
1765568073212,CH1,POWER,3.55
1765568073217,CH1,POWER,3.55
1765568073224,CH1,POWER,3.55
1765568073228,CH1,POWER,3.55
1765568073234,CH1,POWER,3.55
1765568073238,CH1,POWER,3.55
1765568073244,CH1,POWER,3.55
1765568073248,CH1,POWER,3.55
1765568073254,CH1,POWER,3.55
1765568073258,CH1,POWER,3.55
1765568073264,CH1,POWER,3.55
1765568073268,CH1,POWER,3.55
1765568073274,CH1,POWER,3.55
1765568073280,CH1,POWER,3.55
1765568073284,CH1,POWER,3.55
1765568073288,CH1,POWER,3.55
1765568073294,CH1,POWER,3.55
1765568073302,CH1,POWER,3.55
1765568073307,CH1,POWER,3.55
1765568073311,CH1,POWER,3.55
1765568073316,CH1,POWER,3.55
1765568073322,CH1,POWER,3.55
1765568073326,CH1,POWER,3.55
1765568073332,CH1,POWER,3.55
1765568073336,CH1,POWER,3.55
1765568073342,CH1,POWER,3.55
1765568073348,CH1,POWER,3.55
1765568073354,CH1,POWER,3.55
1765568073360,CH1,POWER,3.55
1765568073364,CH1,POWER,3.55
1765568073368,CH1,POWER,3.55
1765568073373,CH1,POWER,3.55
1765568073377,CH1,POWER,3.55
1765568073381,CH1,POWER,3.55
1765568073385,CH1,POWER,3.55
1765568073390,CH1,POWER,3.55
1765568073394,CH1,POWER,3.55
1765568073398,CH1,POWER,3.55
1765568073403,CH1,POWER,3.55
1765568073407,CH1,POWER,3.55
1765568073411,CH1,POWER,3.55
1765568073415,CH1,POWER,3.55
1765568073420,CH1,POWER,3.55
1765568073424,CH1,POWER,3.55
1765568073430,CH1,POWER,3.55
1765568073434,CH1,POWER,3.55
1765568073438,CH1,POWER,3.55
1765568073443,CH1,POWER,3.55
1765568073448,CH1,POWER,3.55
1765568073454,CH1,POWER,3.55
1765568073460,CH1,POWER,3.55
1765568073464,CH1,POWER,3.55
1765568073468,CH1,POWER,3.55
1765568073474,CH1,POWER,3.55
1765568073480,CH1,POWER,3.55
1765568073484,CH1,POWER,3.55
1765568073488,CH1,POWER,3.55
1765568073493,CH1,POWER,3.55
1765568073497,CH1,POWER,3.55
1765568073504,CH1,POWER,3.55
1765568073508,CH1,POWER,3.55
1765568073513,CH1,POWER,3.55
1765568073517,CH1,POWER,3.55
1765568073521,CH1,POWER,3.55
1765568073526,CH1,POWER,3.55
1765568073532,CH1,POWER,3.55
1765568073536,CH1,POWER,3.55
1765568073544,CH1,POWER,3.55
1765568073548,CH1,POWER,3.55
1765568073553,CH1,POWER,3.55
1765568073557,CH1,POWER,3.55
1765568073561,CH1,POWER,3.55
1765568073565,CH1,POWER,3.25
1765568073567,CH1,POWER,3.25
1765568073593,CH1,POWER,3.25
1765568073599,CH1,POWER,3.25
1765568073606,CH1,POWER,3.25
1765568073610,CH1,POWER,3.25
1765568073615,CH1,POWER,3.25
1765568073619,CH1,POWER,3.25
1765568073625,CH1,POWER,3.25
1765568073630,CH1,POWER,3.25
1765568073636,CH1,POWER,3.25
1765568073642,CH1,POWER,3.25
1765568073646,CH1,POWER,3.25
1765568073652,CH1,POWER,3.25
1765568073656,CH1,POWER,3.25
1765568073660,CH1,POWER,3.25
1765568073666,CH1,POWER,3.25
1765568073672,CH1,POWER,3.25
1765568073676,CH1,POWER,3.25
1765568073680,CH1,POWER,3.25
1765568073685,CH1,POWER,3.25
1765568073689,CH1,POWER,3.25
1765568073693,CH1,POWER,3.25
1765568073699,CH1,POWER,3.25
1765568073706,CH1,POWER,3.25
1765568073710,CH1,POWER,3.25
1765568073715,CH1,POWER,3.25
1765568073719,CH1,POWER,3.25
1765568073723,CH1,POWER,3.25
1765568073728,CH1,POWER,3.25
1765568073734,CH1,POWER,3.25
1765568073739,CH1,POWER,3.25
1765568073746,CH1,POWER,3.25
1765568073754,CH1,POWER,3.25
1765568073759,CH1,POWER,3.25
1765568073763,CH1,POWER,3.25
1765568073768,CH1,POWER,3.25
1765568073774,CH1,POWER,3.25
1765568073780,CH1,POWER,3.25
1765568073785,CH1,POWER,3.25
1765568073789,CH1,POWER,3.25
1765568073795,CH1,POWER,3.25
1765568073799,CH1,POWER,3.25
1765568073803,CH1,POWER,3.25
1765568073809,CH1,POWER,3.25
1765568073815,CH1,POWER,3.25
1765568073819,CH1,POWER,3.25
1765568073826,CH1,POWER,3.25
1765568073830,CH1,POWER,3.25
1765568073836,CH1,POWER,3.25
1765568073840,CH1,POWER,3.25
1765568073846,CH1,POWER,3.25
1765568073852,CH1,POWER,3.25
1765568073856,CH1,POWER,3.25
1765568073861,CH1,POWER,3.25
1765568073866,CH1,POWER,3.25
1765568073870,CH1,POWER,3.25
1765568073875,CH1,POWER,3.25
1765568073879,CH1,POWER,3.25
1765568073883,CH1,POWER,3.25
1765568073887,CH1,POWER,3.25
1765568073891,CH1,POWER,3.25
1765568073896,CH1,POWER,3.25
1765568073900,CH1,POWER,3.25
1765568073906,CH1,POWER,3.25
1765568073914,CH1,POWER,3.25
1765568073920,CH1,POWER,3.25
1765568073926,CH1,POWER,3.25
1765568073930,CH1,POWER,3.25
1765568073935,CH1,POWER,3.25
1765568073939,CH1,POWER,3.25
1765568073943,CH1,POWER,3.25
1765568073947,CH1,POWER,3.25
1765568073953,CH1,POWER,3.25
1765568073959,CH1,POWER,3.25
1765568073985,CH1,POWER,3.35
1765568073991,CH1,POWER,3.35
1765568073998,CH1,POWER,3.35
1765568074002,CH1,POWER,3.35
1765568074007,CH1,POWER,3.35
1765568074011,CH1,POWER,3.35
1765568074017,CH1,POWER,3.35
1765568074022,CH1,POWER,3.35
1765568074028,CH1,POWER,3.35
1765568074034,CH1,POWER,3.35
1765568074038,CH1,POWER,3.35
1765568074042,CH1,POWER,3.35
1765568074048,CH1,POWER,3.35
1765568074056,CH1,POWER,3.35
1765568074061,CH1,POWER,3.35
1765568074065,CH1,POWER,3.35
1765568074070,CH1,POWER,3.35
1765568074076,CH1,POWER,3.35
1765568074081,CH1,POWER,3.35
1765568074088,CH1,POWER,3.35
1765568074094,CH1,POWER,3.35
1765568074098,CH1,POWER,3.35
1765568074106,CH1,POWER,3.35
1765568074111,CH1,POWER,3.35
1765568074118,CH1,POWER,3.35
1765568074122,CH1,POWER,3.35
1765568074127,CH1,POWER,3.35
1765568074131,CH1,POWER,3.35
1765568074135,CH1,POWER,3.35
1765568074140,CH1,POWER,3.35
1765568074146,CH1,POWER,3.35
1765568074151,CH1,POWER,3.35
1765568074158,CH1,POWER,3.35
1765568074166,CH1,POWER,3.35
1765568074170,CH1,POWER,3.35
1765568074175,CH1,POWER,3.35
1765568074180,CH1,POWER,3.35
1765568074186,CH1,POWER,3.35
1765568074191,CH1,POWER,3.35
1765568074198,CH1,POWER,3.35
1765568074202,CH1,POWER,3.35
1765568074207,CH1,POWER,3.35
1765568074211,CH1,POWER,3.35
1765568074218,CH1,POWER,3.35
1765568074224,CH1,POWER,3.35
1765568074228,CH1,POWER,3.35
1765568074236,CH1,POWER,3.35
1765568074240,CH1,POWER,3.35
1765568074245,CH1,POWER,3.35
1765568074249,CH1,POWER,3.35
1765568074254,CH1,POWER,3.35
1765568074258,CH1,POWER,3.35
1765568074262,CH1,POWER,3.35
1765568074267,CH1,POWER,3.35
1765568074272,CH1,POWER,3.35
1765568074278,CH1,POWER,3.35
1765568074284,CH1,POWER,3.35
1765568074288,CH1,POWER,3.35
1765568074296,CH1,POWER,3.35
1765568074302,CH1,POWER,3.35
1765568074307,CH1,POWER,3.35
1765568074311,CH1,POWER,3.35
1765568074317,CH1,POWER,3.35
1765568074321,CH1,POWER,3.35
1765568074327,CH1,POWER,3.35
1765568074332,CH1,POWER,3.35
1765568074338,CH1,POWER,3.35
1765568074344,CH1,POWER,3.35
1765568074348,CH1,POWER,3.35
1765568074351,CH1,POWER,3.65
1765568074377,CH1,POWER,3.65
1765568074382,CH1,POWER,3.65
1765568074387,CH1,POWER,3.65
1765568074391,CH1,POWER,3.65
1765568074398,CH1,POWER,3.65
1765568074403,CH1,POWER,3.65
1765568074409,CH1,POWER,3.65
1765568074413,CH1,POWER,3.65
1765568074420,CH1,POWER,3.65
1765568074428,CH1,POWER,3.65
1765568074432,CH1,POWER,3.65
1765568074438,CH1,POWER,3.65
1765568074442,CH1,POWER,3.65
1765568074448,CH1,POWER,3.65
1765568074453,CH1,POWER,3.65
1765568074457,CH1,POWER,3.65
1765568074461,CH1,POWER,3.65
1765568074467,CH1,POWER,3.65
1765568074472,CH1,POWER,3.65
1765568074478,CH1,POWER,3.65
1765568074483,CH1,POWER,3.65
1765568074487,CH1,POWER,3.65
1765568074492,CH1,POWER,3.65
1765568074497,CH1,POWER,3.65
1765568074503,CH1,POWER,3.65
1765568074510,CH1,POWER,3.65
1765568074514,CH1,POWER,3.65
1765568074519,CH1,POWER,3.65
1765568074524,CH1,POWER,3.65
1765568074530,CH1,POWER,3.65
1765568074535,CH1,POWER,3.65
1765568074540,CH1,POWER,3.65
1765568074545,CH1,POWER,3.65
1765568074550,CH1,POWER,3.65
1765568074558,CH1,POWER,3.65
1765568074564,CH1,POWER,3.65
1765568074569,CH1,POWER,3.65
1765568074576,CH1,POWER,3.65
1765568074580,CH1,POWER,3.65
1765568074588,CH1,POWER,3.65
1765568074592,CH1,POWER,3.65
1765568074600,CH1,POWER,3.65
1765568074606,CH1,POWER,3.65
1765568074610,CH1,POWER,3.65
1765568074616,CH1,POWER,3.65
1765568074620,CH1,POWER,3.65
1765568074625,CH1,POWER,3.65
1765568074630,CH1,POWER,3.65
1765568074635,CH1,POWER,3.65
1765568074640,CH1,POWER,3.65
1765568074644,CH1,POWER,3.65
1765568074650,CH1,POWER,3.65
1765568074656,CH1,POWER,3.65
1765568074660,CH1,POWER,3.65
1765568074668,CH1,POWER,3.65
1765568074672,CH1,POWER,3.65
1765568074677,CH1,POWER,3.65
1765568074682,CH1,POWER,3.65
1765568074690,CH1,POWER,3.65
1765568074696,CH1,POWER,3.65
1765568074700,CH1,POWER,3.65
1765568074706,CH1,POWER,3.65
1765568074710,CH1,POWER,3.65
1765568074718,CH1,POWER,3.65
1765568074723,CH1,POWER,3.65
1765568074730,CH1,POWER,3.65
1765568074736,CH1,POWER,3.65
1765568074738,CH1,POWER,3.70
1765568074741,CH1,POWER,3.70
1765568074743,CH1,POWER,3.70
1765568074769,CH1,POWER,3.70
1765568074774,CH1,POWER,3.70
1765568074779,CH1,POWER,3.70
1765568074785,CH1,POWER,3.70
1765568074792,CH1,POWER,3.70
1765568074796,CH1,POWER,3.70
1765568074802,CH1,POWER,3.70
1765568074808,CH1,POWER,3.70
1765568074812,CH1,POWER,3.70
1765568074820,CH1,POWER,3.70
1765568074825,CH1,POWER,3.70
1765568074832,CH1,POWER,3.70
1765568074838,CH1,POWER,3.70
1765568074842,CH1,POWER,3.70
1765568074848,CH1,POWER,3.70
1765568074852,CH1,POWER,3.70
1765568074857,CH1,POWER,3.70
1765568074862,CH1,POWER,3.70
1765568074868,CH1,POWER,3.70
1765568074872,CH1,POWER,3.70
1765568074878,CH1,POWER,3.70
1765568074882,CH1,POWER,3.70
1765568074887,CH1,POWER,3.70
1765568074892,CH1,POWER,3.70
1765568074900,CH1,POWER,3.70
1765568074905,CH1,POWER,3.70
1765568074909,CH1,POWER,3.70
1765568074914,CH1,POWER,3.70
1765568074920,CH1,POWER,3.70
1765568074926,CH1,POWER,3.70
1765568074931,CH1,POWER,3.70
1765568074935,CH1,POWER,3.70
1765568074941,CH1,POWER,3.70
1765568074948,CH1,POWER,3.70
1765568074952,CH1,POWER,3.70
1765568074957,CH1,POWER,3.70
1765568074962,CH1,POWER,3.70
1765568074970,CH1,POWER,3.70
1765568074975,CH1,POWER,3.70
1765568074979,CH1,POWER,3.70
1765568074985,CH1,POWER,3.70
1765568074989,CH1,POWER,3.70
1765568074994,CH1,POWER,3.70
1765568074999,CH1,POWER,3.70
1765568075004,CH1,POWER,3.70
1765568075010,CH1,POWER,3.70
1765568075015,CH1,POWER,3.70
1765568075019,CH1,POWER,3.70
1765568075025,CH1,POWER,3.70
1765568075031,CH1,POWER,3.70
1765568075035,CH1,POWER,3.70
1765568075042,CH1,POWER,3.70
1765568075046,CH1,POWER,3.70
1765568075051,CH1,POWER,3.70
1765568075058,CH1,POWER,3.70
1765568075062,CH1,POWER,3.70
1765568075070,CH1,POWER,3.70
1765568075075,CH1,POWER,3.70
1765568075082,CH1,POWER,3.70
1765568075087,CH1,POWER,3.70
1765568075092,CH1,POWER,3.70
1765568075100,CH1,POWER,3.70
1765568075105,CH1,POWER,3.70
1765568075112,CH1,POWER,3.70
1765568075120,CH1,POWER,3.70
1765568075125,CH1,POWER,3.70
1765568075152,CH1,POWER,2.75
1765568075158,CH1,POWER,2.75
1765568075163,CH1,POWER,2.75
1765568075167,CH1,POWER,2.75
1765568075174,CH1,POWER,2.75
1765568075182,CH1,POWER,2.75
1765568075187,CH1,POWER,2.75
1765568075191,CH1,POWER,2.75
1765568075196,CH1,POWER,2.75
1765568075202,CH1,POWER,2.75
1765568075207,CH1,POWER,2.75
1765568075214,CH1,POWER,2.75
1765568075222,CH1,POWER,2.75
1765568075227,CH1,POWER,2.75
1765568075234,CH1,POWER,2.75
1765568075240,CH1,POWER,2.75
1765568075244,CH1,POWER,2.75
1765568075252,CH1,POWER,2.75
1765568075256,CH1,POWER,2.75
1765568075261,CH1,POWER,2.75
1765568075265,CH1,POWER,2.75
1765568075269,CH1,POWER,2.75
1765568075274,CH1,POWER,2.75
1765568075278,CH1,POWER,2.75
1765568075284,CH1,POWER,2.75
1765568075292,CH1,POWER,2.75
1765568075298,CH1,POWER,2.75
1765568075303,CH1,POWER,2.75
1765568075307,CH1,POWER,2.75
1765568075314,CH1,POWER,2.75
1765568075320,CH1,POWER,2.75
1765568075324,CH1,POWER,2.75
1765568075330,CH1,POWER,2.75
1765568075334,CH1,POWER,2.75
1765568075342,CH1,POWER,2.75
1765568075346,CH1,POWER,2.75
1765568075351,CH1,POWER,2.75
1765568075357,CH1,POWER,2.75
1765568075363,CH1,POWER,2.75
1765568075368,CH1,POWER,2.75
1765568075374,CH1,POWER,2.75
1765568075380,CH1,POWER,2.75
1765568075384,CH1,POWER,2.75
1765568075392,CH1,POWER,2.75
1765568075398,CH1,POWER,2.75
1765568075403,CH1,POWER,2.75
1765568075410,CH1,POWER,2.75
1765568075414,CH1,POWER,2.75
1765568075418,CH1,POWER,2.75
1765568075423,CH1,POWER,2.75
1765568075427,CH1,POWER,2.75
1765568075434,CH1,POWER,2.75
1765568075439,CH1,POWER,2.75
1765568075444,CH1,POWER,2.75
1765568075449,CH1,POWER,2.75
1765568075454,CH1,POWER,2.75
1765568075460,CH1,POWER,2.75
1765568075464,CH1,POWER,2.75
1765568075472,CH1,POWER,2.75
1765568075477,CH1,POWER,2.75
1765568075484,CH1,POWER,2.75
1765568075490,CH1,POWER,2.75
1765568075494,CH1,POWER,2.75
1765568075499,CH1,POWER,2.75
1765568075504,CH1,POWER,2.75
1765568075508,CH1,POWER,2.95
1765568075536,CH1,POWER,2.95
1765568075542,CH1,POWER,2.95
1765568075546,CH1,POWER,2.95
1765568075554,CH1,POWER,2.95
1765568075560,CH1,POWER,2.95
1765568075565,CH1,POWER,2.95
1765568075569,CH1,POWER,2.95
1765568075576,CH1,POWER,2.95
1765568075580,CH1,POWER,2.95
1765568075585,CH1,POWER,2.95
1765568075590,CH1,POWER,2.95
1765568075595,CH1,POWER,2.95
1765568075600,CH1,POWER,2.95
1765568075605,CH1,POWER,2.95
1765568075612,CH1,POWER,2.95
1765568075616,CH1,POWER,2.95
1765568075620,CH1,POWER,2.95
1765568075625,CH1,POWER,2.95
1765568075630,CH1,POWER,2.95
1765568075635,CH1,POWER,2.95
1765568075640,CH1,POWER,2.95
1765568075646,CH1,POWER,2.95
1765568075654,CH1,POWER,2.95
1765568075659,CH1,POWER,2.95
1765568075666,CH1,POWER,2.95
1765568075671,CH1,POWER,2.95
1765568075676,CH1,POWER,2.95
1765568075681,CH1,POWER,2.95
1765568075686,CH1,POWER,2.95
1765568075694,CH1,POWER,2.95
1765568075699,CH1,POWER,2.95
1765568075706,CH1,POWER,2.95
1765568075711,CH1,POWER,2.95
1765568075716,CH1,POWER,2.95
1765568075721,CH1,POWER,2.95
1765568075726,CH1,POWER,2.95
1765568075734,CH1,POWER,2.95
1765568075739,CH1,POWER,2.95
1765568075743,CH1,POWER,2.95
1765568075748,CH1,POWER,2.95
1765568075754,CH1,POWER,2.95
1765568075759,CH1,POWER,2.95
1765568075766,CH1,POWER,2.95
1765568075772,CH1,POWER,2.95
1765568075776,CH1,POWER,2.95
1765568075784,CH1,POWER,2.95
1765568075788,CH1,POWER,2.95
1765568075793,CH1,POWER,2.95
1765568075799,CH1,POWER,2.95
1765568075806,CH1,POWER,2.95
1765568075810,CH1,POWER,2.95
1765568075816,CH1,POWER,2.95
1765568075824,CH1,POWER,2.95
1765568075829,CH1,POWER,2.95
1765568075836,CH1,POWER,2.95
1765568075842,CH1,POWER,2.95
1765568075846,CH1,POWER,2.95
1765568075852,CH1,POWER,2.95
1765568075856,CH1,POWER,2.95
1765568075860,CH1,POWER,2.95
1765568075865,CH1,POWER,2.95
1765568075869,CH1,POWER,2.95
1765568075876,CH1,POWER,2.95
1765568075882,CH1,POWER,2.95
1765568075886,CH1,POWER,2.95
1765568075890,CH1,POWER,2.95
1765568075894,CH1,POWER,3.20
1765568075896,CH1,POWER,3.20
1765568075899,CH1,POWER,3.20
1765568075925,CH1,POWER,3.20
1765568075930,CH1,POWER,3.20
1765568075935,CH1,POWER,3.20
1765568075941,CH1,POWER,3.20
1765568075947,CH1,POWER,3.20
1765568075952,CH1,POWER,3.20
1765568075958,CH1,POWER,3.20
1765568075963,CH1,POWER,3.20
1765568075968,CH1,POWER,3.20
1765568075973,CH1,POWER,3.20
1765568075978,CH1,POWER,3.20
1765568075983,CH1,POWER,3.20
1765568075988,CH1,POWER,3.20
1765568075996,CH1,POWER,3.20
1765568076001,CH1,POWER,3.20
1765568076008,CH1,POWER,3.20
1765568076016,CH1,POWER,3.20
1765568076021,CH1,POWER,3.20
1765568076028,CH1,POWER,3.20
1765568076033,CH1,POWER,3.20
1765568076038,CH1,POWER,3.20
1765568076043,CH1,POWER,3.20
1765568076048,CH1,POWER,3.20
1765568076056,CH1,POWER,3.20
1765568076061,CH1,POWER,3.20
1765568076068,CH1,POWER,3.20
1765568076073,CH1,POWER,3.20
1765568076078,CH1,POWER,3.20
1765568076082,CH1,POWER,3.20
1765568076087,CH1,POWER,3.20
1765568076094,CH1,POWER,3.20
1765568076098,CH1,POWER,3.20
1765568076102,CH1,POWER,3.20
1765568076108,CH1,POWER,3.20
1765568076116,CH1,POWER,3.20
1765568076121,CH1,POWER,3.20
1765568076128,CH1,POWER,3.20
1765568076133,CH1,POWER,3.20
1765568076138,CH1,POWER,3.20
1765568076142,CH1,POWER,3.20
1765568076148,CH1,POWER,3.20
1765568076153,CH1,POWER,3.20
1765568076158,CH1,POWER,3.20
1765568076163,CH1,POWER,3.20
1765568076168,CH1,POWER,3.20
1765568076176,CH1,POWER,3.20
1765568076181,CH1,POWER,3.20
1765568076188,CH1,POWER,3.20
1765568076193,CH1,POWER,3.20
1765568076198,CH1,POWER,3.20
1765568076202,CH1,POWER,3.20
1765568076207,CH1,POWER,3.20
1765568076214,CH1,POWER,3.20
1765568076218,CH1,POWER,3.20
1765568076222,CH1,POWER,3.20
1765568076227,CH1,POWER,3.20
1765568076231,CH1,POWER,3.20
1765568076235,CH1,POWER,3.20
1765568076240,CH1,POWER,3.20
1765568076245,CH1,POWER,3.20
1765568076250,CH1,POWER,3.20
1765568076256,CH1,POWER,3.20
1765568076260,CH1,POWER,3.20
1765568076265,CH1,POWER,3.20
1765568076269,CH1,POWER,3.20
1765568076276,CH1,POWER,3.20
1765568076280,CH1,POWER,3.20
1765568076286,CH1,POWER,3.20
1765568076289,CH1,POWER,3.50
1765568076291,CH1,POWER,3.50
1765568076317,CH1,POWER,3.50
1765568076322,CH1,POWER,3.50
1765568076327,CH1,POWER,3.50
1765568076331,CH1,POWER,3.50
1765568076337,CH1,POWER,3.50
1765568076342,CH1,POWER,3.50
1765568076348,CH1,POWER,3.50
1765568076353,CH1,POWER,3.50
1765568076357,CH1,POWER,3.50
1765568076362,CH1,POWER,3.50
1765568076368,CH1,POWER,3.50
1765568076373,CH1,POWER,3.50
1765568076380,CH1,POWER,3.50
1765568076388,CH1,POWER,3.50
1765568076393,CH1,POWER,3.50
1765568076399,CH1,POWER,3.50
1765568076404,CH1,POWER,3.50
1765568076409,CH1,POWER,3.50
1765568076414,CH1,POWER,3.50
1765568076420,CH1,POWER,3.50
1765568076425,CH1,POWER,3.50
1765568076430,CH1,POWER,3.50
1765568076435,CH1,POWER,3.50
1765568076440,CH1,POWER,3.50
1765568076445,CH1,POWER,3.50
1765568076450,CH1,POWER,3.50
1765568076455,CH1,POWER,3.50
1765568076460,CH1,POWER,3.50
1765568076465,CH1,POWER,3.50
1765568076470,CH1,POWER,3.50
1765568076474,CH1,POWER,3.50
1765568076480,CH1,POWER,3.50
1765568076485,CH1,POWER,3.50
1765568076490,CH1,POWER,3.50
1765568076495,CH1,POWER,3.50
1765568076500,CH1,POWER,3.50
1765568076504,CH1,POWER,3.50
1765568076509,CH1,POWER,3.50
1765568076513,CH1,POWER,3.50
1765568076519,CH1,POWER,3.50
1765568076524,CH1,POWER,3.50
1765568076530,CH1,POWER,3.50
1765568076535,CH1,POWER,3.50
1765568076540,CH1,POWER,3.50
1765568076545,CH1,POWER,3.50
1765568076550,CH1,POWER,3.50
1765568076554,CH1,POWER,3.50
1765568076560,CH1,POWER,3.50
1765568076565,CH1,POWER,3.50
1765568076570,CH1,POWER,3.50
1765568076575,CH1,POWER,3.50
1765568076580,CH1,POWER,3.50
1765568076584,CH1,POWER,3.50
1765568076590,CH1,POWER,3.50
1765568076594,CH1,POWER,3.50
1765568076600,CH1,POWER,3.50
1765568076605,CH1,POWER,3.50
1765568076610,CH1,POWER,3.50
1765568076614,CH1,POWER,3.50
1765568076620,CH1,POWER,3.50
1765568076625,CH1,POWER,3.50
1765568076630,CH1,POWER,3.50
1765568076634,CH1,POWER,3.50
1765568076640,CH1,POWER,3.50
1765568076645,CH1,POWER,3.50
1765568076650,CH1,POWER,3.50
1765568076655,CH1,POWER,3.50
1765568076660,CH1,POWER,3.50
1765568076668,CH1,POWER,3.50
1765568076674,CH1,POWER,3.50
1765568076679,CH1,POWER,3.50
1765568076681,CH1,POWER,3.60
1765568076684,CH1,POWER,3.60
1765568076712,CH1,POWER,3.60
1765568076717,CH1,POWER,3.60
1765568076722,CH1,POWER,3.60
1765568076726,CH1,POWER,3.60
1765568076731,CH1,POWER,3.60
1765568076736,CH1,POWER,3.60
1765568076742,CH1,POWER,3.60
1765568076746,CH1,POWER,3.60
1765568076752,CH1,POWER,3.60
1765568076756,CH1,POWER,3.60
1765568076762,CH1,POWER,3.60
1765568076766,CH1,POWER,3.60
1765568076772,CH1,POWER,3.60
1765568076777,CH1,POWER,3.60
1765568076782,CH1,POWER,3.60
1765568076787,CH1,POWER,3.60
1765568076792,CH1,POWER,3.60
1765568076797,CH1,POWER,3.60
1765568076802,CH1,POWER,3.60
1765568076806,CH1,POWER,3.60
1765568076812,CH1,POWER,3.60
1765568076817,CH1,POWER,3.60
1765568076822,CH1,POWER,3.60
1765568076827,CH1,POWER,3.60
1765568076832,CH1,POWER,3.60
1765568076837,CH1,POWER,3.60
1765568076842,CH1,POWER,3.60
1765568076847,CH1,POWER,3.60
1765568076852,CH1,POWER,3.60
1765568076857,CH1,POWER,3.60
1765568076862,CH1,POWER,3.60
1765568076866,CH1,POWER,3.60
1765568076872,CH1,POWER,3.60
1765568076876,CH1,POWER,3.60
1765568076882,CH1,POWER,3.60
1765568076887,CH1,POWER,3.60
1765568076892,CH1,POWER,3.60
1765568076897,CH1,POWER,3.60
1765568076902,CH1,POWER,3.60
1765568076906,CH1,POWER,3.60
1765568076912,CH1,POWER,3.60
1765568076916,CH1,POWER,3.60
1765568076922,CH1,POWER,3.60
1765568076927,CH1,POWER,3.60
1765568076932,CH1,POWER,3.60
1765568076937,CH1,POWER,3.60
1765568076942,CH1,POWER,3.60
1765568076946,CH1,POWER,3.60
1765568076951,CH1,POWER,3.60
1765568076955,CH1,POWER,3.60
1765568076962,CH1,POWER,3.60
1765568076967,CH1,POWER,3.60
1765568076972,CH1,POWER,3.60
1765568076977,CH1,POWER,3.60
1765568076982,CH1,POWER,3.60
1765568076986,CH1,POWER,3.60
1765568076992,CH1,POWER,3.60
1765568076996,CH1,POWER,3.60
1765568077002,CH1,POWER,3.60
1765568077007,CH1,POWER,3.60
1765568077012,CH1,POWER,3.60
1765568077017,CH1,POWER,3.60
1765568077022,CH1,POWER,3.60
1765568077027,CH1,POWER,3.60
1765568077032,CH1,POWER,3.60
1765568077037,CH1,POWER,3.60
1765568077042,CH1,POWER,3.60
1765568077047,CH1,POWER,3.60
1765568077052,CH1,POWER,3.60
1765568077056,CH1,POWER,3.60
1765568077062,CH1,POWER,3.60
1765568077067,CH1,POWER,3.60
1765568077071,CH1,POWER,3.70
1765568077074,CH1,POWER,3.70
1765568077076,CH1,POWER,3.70
1765568077104,CH1,POWER,3.70
1765568077109,CH1,POWER,3.70
1765568077114,CH1,POWER,3.70
1765568077120,CH1,POWER,3.70
1765568077124,CH1,POWER,3.70
1765568077130,CH1,POWER,3.70
1765568077134,CH1,POWER,3.70
1765568077138,CH1,POWER,3.70
1765568077143,CH1,POWER,3.70
1765568077150,CH1,POWER,3.70
1765568077154,CH1,POWER,3.70
1765568077158,CH1,POWER,3.70
1765568077163,CH1,POWER,3.70
1765568077167,CH1,POWER,3.70
1765568077171,CH1,POWER,3.70
1765568077175,CH1,POWER,3.70
1765568077179,CH1,POWER,3.70
1765568077184,CH1,POWER,3.70
1765568077189,CH1,POWER,3.70
1765568077194,CH1,POWER,3.70
1765568077199,CH1,POWER,3.70
1765568077204,CH1,POWER,3.70
1765568077209,CH1,POWER,3.70
1765568077214,CH1,POWER,3.70
1765568077219,CH1,POWER,3.70
1765568077224,CH1,POWER,3.70
1765568077232,CH1,POWER,3.70
1765568077236,CH1,POWER,3.70
1765568077241,CH1,POWER,3.70
1765568077245,CH1,POWER,3.70
1765568077252,CH1,POWER,3.70
1765568077258,CH1,POWER,3.70
1765568077263,CH1,POWER,3.70
1765568077268,CH1,POWER,3.70
1765568077274,CH1,POWER,3.70
1765568077279,CH1,POWER,3.70
1765568077284,CH1,POWER,3.70
1765568077288,CH1,POWER,3.70
1765568077293,CH1,POWER,3.70
1765568077298,CH1,POWER,3.70
1765568077303,CH1,POWER,3.70
1765568077307,CH1,POWER,3.70
1765568077311,CH1,POWER,3.70
1765568077317,CH1,POWER,3.70
1765568077321,CH1,POWER,3.70
1765568077327,CH1,POWER,3.70
1765568077334,CH1,POWER,3.70
1765568077340,CH1,POWER,3.70
1765568077344,CH1,POWER,3.70
1765568077348,CH1,POWER,3.70
1765568077353,CH1,POWER,3.70
1765568077357,CH1,POWER,3.70
1765568077364,CH1,POWER,3.70
1765568077372,CH1,POWER,3.70
1765568077377,CH1,POWER,3.70
1765568077381,CH1,POWER,3.70
1765568077386,CH1,POWER,3.70
1765568077392,CH1,POWER,3.70
1765568077397,CH1,POWER,3.70
1765568077404,CH1,POWER,3.70
1765568077409,CH1,POWER,3.70
1765568077414,CH1,POWER,3.70
1765568077418,CH1,POWER,3.70
1765568077424,CH1,POWER,3.70
1765568077429,CH1,POWER,3.70
1765568077434,CH1,POWER,3.70
1765568077439,CH1,POWER,3.70
1765568077444,CH1,POWER,3.70
1765568077452,CH1,POWER,3.70
1765568077457,CH1,POWER,3.70
1765568077461,CH1,POWER,3.70
1765568077466,CH1,POWER,3.70
1765568077468,CH1,POWER,3.25
1765568077496,CH1,POWER,3.25
1765568077501,CH1,POWER,3.25
1765568077506,CH1,POWER,3.25
1765568077510,CH1,POWER,3.25
1765568077516,CH1,POWER,3.25
1765568077524,CH1,POWER,3.25
1765568077529,CH1,POWER,3.25
1765568077536,CH1,POWER,3.25
1765568077541,CH1,POWER,3.25
1765568077546,CH1,POWER,3.25
1765568077551,CH1,POWER,3.25
1765568077556,CH1,POWER,3.25
1765568077561,CH1,POWER,3.25
1765568077566,CH1,POWER,3.25
1765568077571,CH1,POWER,3.25
1765568077576,CH1,POWER,3.25
1765568077580,CH1,POWER,3.25
1765568077586,CH1,POWER,3.25
1765568077590,CH1,POWER,3.25
1765568077596,CH1,POWER,3.25
1765568077600,CH1,POWER,3.25
1765568077606,CH1,POWER,3.25
1765568077611,CH1,POWER,3.25
1765568077616,CH1,POWER,3.25
1765568077620,CH1,POWER,3.25
1765568077625,CH1,POWER,3.25
1765568077631,CH1,POWER,3.25
1765568077636,CH1,POWER,3.25
1765568077641,CH1,POWER,3.25
1765568077646,CH1,POWER,3.25
1765568077654,CH1,POWER,3.25
1765568077659,CH1,POWER,3.25
1765568077665,CH1,POWER,3.25
1765568077670,CH1,POWER,3.25
1765568077675,CH1,POWER,3.25
1765568077680,CH1,POWER,3.25
1765568077686,CH1,POWER,3.25
1765568077691,CH1,POWER,3.25
1765568077696,CH1,POWER,3.25
1765568077701,CH1,POWER,3.25
1765568077706,CH1,POWER,3.25
1765568077711,CH1,POWER,3.25
1765568077716,CH1,POWER,3.25
1765568077721,CH1,POWER,3.25
1765568077726,CH1,POWER,3.25
1765568077730,CH1,POWER,3.25
1765568077735,CH1,POWER,3.25
1765568077740,CH1,POWER,3.25
1765568077745,CH1,POWER,3.25
1765568077750,CH1,POWER,3.25
1765568077755,CH1,POWER,3.25
1765568077759,CH1,POWER,3.25
1765568077763,CH1,POWER,3.25
1765568077769,CH1,POWER,3.25
1765568077773,CH1,POWER,3.25
1765568077779,CH1,POWER,3.25
1765568077786,CH1,POWER,3.25
1765568077794,CH1,POWER,3.25
1765568077799,CH1,POWER,3.25
1765568077803,CH1,POWER,3.25
1765568077808,CH1,POWER,3.25
1765568077813,CH1,POWER,3.25
1765568077818,CH1,POWER,3.25
1765568077823,CH1,POWER,3.25
1765568077827,CH1,POWER,3.25
1765568077834,CH1,POWER,3.25
1765568077839,CH1,POWER,3.25
1765568077845,CH1,POWER,3.25
1765568077847,CH1,POWER,3.25
1765568077850,CH1,POWER,3.25
1765568077878,CH1,POWER,3.25
1765568077883,CH1,POWER,3.25
1765568077888,CH1,POWER,3.25
1765568077892,CH1,POWER,3.25
1765568077897,CH1,POWER,3.25
1765568077902,CH1,POWER,3.25
1765568077908,CH1,POWER,3.25
1765568077912,CH1,POWER,3.25
1765568077917,CH1,POWER,3.25
1765568077922,CH1,POWER,3.25
1765568077928,CH1,POWER,3.25
1765568077933,CH1,POWER,3.25
1765568077938,CH1,POWER,3.25
1765568077943,CH1,POWER,3.25
1765568077948,CH1,POWER,3.25
1765568077953,CH1,POWER,3.25
1765568077958,CH1,POWER,3.25
1765568077962,CH1,POWER,3.25
1765568077968,CH1,POWER,3.25
1765568077973,CH1,POWER,3.25
1765568077978,CH1,POWER,3.25
1765568077982,CH1,POWER,3.25
1765568077987,CH1,POWER,3.25
1765568077992,CH1,POWER,3.25
1765568077998,CH1,POWER,3.25
1765568078002,CH1,POWER,3.25
1765568078007,CH1,POWER,3.25
1765568078013,CH1,POWER,3.25
1765568078018,CH1,POWER,3.25
1765568078023,CH1,POWER,3.25
1765568078028,CH1,POWER,3.25
1765568078036,CH1,POWER,3.25
1765568078041,CH1,POWER,3.25
1765568078045,CH1,POWER,3.25
1765568078050,CH1,POWER,3.25
1765568078055,CH1,POWER,3.25
1765568078059,CH1,POWER,3.25
1765568078065,CH1,POWER,3.25
1765568078071,CH1,POWER,3.25
1765568078077,CH1,POWER,3.25
1765568078083,CH1,POWER,3.25
1765568078088,CH1,POWER,3.25
1765568078092,CH1,POWER,3.25
1765568078098,CH1,POWER,3.25
1765568078103,CH1,POWER,3.25
1765568078108,CH1,POWER,3.25
1765568078113,CH1,POWER,3.25
1765568078118,CH1,POWER,3.25
1765568078122,CH1,POWER,3.25
1765568078127,CH1,POWER,3.25
1765568078133,CH1,POWER,3.25
1765568078138,CH1,POWER,3.25
1765568078143,CH1,POWER,3.25
1765568078148,CH1,POWER,3.25
1765568078156,CH1,POWER,3.25
1765568078161,CH1,POWER,3.25
1765568078168,CH1,POWER,3.25
1765568078172,CH1,POWER,3.25
1765568078178,CH1,POWER,3.25
1765568078183,CH1,POWER,3.25
1765568078188,CH1,POWER,3.25
1765568078192,CH1,POWER,3.25
1765568078198,CH1,POWER,3.25
1765568078203,CH1,POWER,3.25
1765568078208,CH1,POWER,3.25
1765568078216,CH1,POWER,3.25
1765568078221,CH1,POWER,3.25
1765568078228,CH1,POWER,3.25
1765568078236,CH1,POWER,3.25
1765568078241,CH1,POWER,3.25
1765568078267,CH1,POWER,3.25
1765568078272,CH1,POWER,3.25
1765568078277,CH1,POWER,3.25
1765568078283,CH1,POWER,3.25
1765568078289,CH1,POWER,3.25
1765568078294,CH1,POWER,3.25
1765568078300,CH1,POWER,3.25
1765568078305,CH1,POWER,3.25
1765568078310,CH1,POWER,3.25
1765568078318,CH1,POWER,3.25
1765568078322,CH1,POWER,3.25
1765568078327,CH1,POWER,3.25
1765568078331,CH1,POWER,3.25
1765568078337,CH1,POWER,3.25
1765568078343,CH1,POWER,3.25
1765568078349,CH1,POWER,3.25
1765568078354,CH1,POWER,3.25
1765568078360,CH1,POWER,3.25
1765568078368,CH1,POWER,3.25
1765568078373,CH1,POWER,3.25
1765568078380,CH1,POWER,3.25
1765568078388,CH1,POWER,3.25
1765568078393,CH1,POWER,3.25
1765568078400,CH1,POWER,3.25
1765568078405,CH1,POWER,3.25
1765568078410,CH1,POWER,3.25
1765568078415,CH1,POWER,3.25
1765568078420,CH1,POWER,3.25
1765568078424,CH1,POWER,3.25
1765568078430,CH1,POWER,3.25
1765568078434,CH1,POWER,3.25
1765568078439,CH1,POWER,3.25
1765568078444,CH1,POWER,3.25
1765568078450,CH1,POWER,3.25
1765568078455,CH1,POWER,3.25
1765568078460,CH1,POWER,3.25
1765568078464,CH1,POWER,3.25
1765568078469,CH1,POWER,3.25
1765568078473,CH1,POWER,3.25
1765568078477,CH1,POWER,3.25
1765568078482,CH1,POWER,3.25
1765568078487,CH1,POWER,3.25
1765568078492,CH1,POWER,3.25
1765568078497,CH1,POWER,3.25
1765568078503,CH1,POWER,3.25
1765568078507,CH1,POWER,3.25
1765568078512,CH1,POWER,3.25
1765568078518,CH1,POWER,3.25
1765568078523,CH1,POWER,3.25
1765568078530,CH1,POWER,3.25
1765568078535,CH1,POWER,3.25
1765568078540,CH1,POWER,3.25
1765568078545,CH1,POWER,3.25
1765568078550,CH1,POWER,3.25
1765568078554,CH1,POWER,3.25
1765568078559,CH1,POWER,3.25
1765568078564,CH1,POWER,3.25
1765568078569,CH1,POWER,3.25
1765568078574,CH1,POWER,3.25
1765568078580,CH1,POWER,3.25
1765568078585,CH1,POWER,3.25
1765568078590,CH1,POWER,3.25
1765568078594,CH1,POWER,3.25
1765568078599,CH1,POWER,3.25
1765568078603,CH1,POWER,3.25
1765568078610,CH1,POWER,3.25
1765568078615,CH1,POWER,3.25
1765568078620,CH1,POWER,3.25
1765568078625,CH1,POWER,3.25
1765568078628,CH1,POWER,3.70
1765568078630,CH1,POWER,3.70
1765568078633,CH1,POWER,3.70
1765568078659,CH1,POWER,3.70
1765568078664,CH1,POWER,3.70
1765568078670,CH1,POWER,3.70
1765568078674,CH1,POWER,3.70
1765568078679,CH1,POWER,3.70
1765568078683,CH1,POWER,3.70
1765568078690,CH1,POWER,3.70
1765568078695,CH1,POWER,3.70
1765568078702,CH1,POWER,3.70
1765568078707,CH1,POWER,3.70
1765568078712,CH1,POWER,3.70
1765568078717,CH1,POWER,3.70
1765568078722,CH1,POWER,3.70
1765568078730,CH1,POWER,3.70
1765568078735,CH1,POWER,3.70
1765568078742,CH1,POWER,3.70
1765568078747,CH1,POWER,3.70
1765568078752,CH1,POWER,3.70
1765568078757,CH1,POWER,3.70
1765568078762,CH1,POWER,3.70
1765568078770,CH1,POWER,3.70
1765568078776,CH1,POWER,3.70
1765568078781,CH1,POWER,3.70
1765568078786,CH1,POWER,3.70
1765568078791,CH1,POWER,3.70
1765568078796,CH1,POWER,3.70
1765568078802,CH1,POWER,3.70
1765568078807,CH1,POWER,3.70
1765568078812,CH1,POWER,3.70
1765568078817,CH1,POWER,3.70
1765568078822,CH1,POWER,3.70
1765568078830,CH1,POWER,3.70
1765568078835,CH1,POWER,3.70
1765568078842,CH1,POWER,3.70
1765568078847,CH1,POWER,3.70
1765568078852,CH1,POWER,3.70
1765568078856,CH1,POWER,3.70
1765568078861,CH1,POWER,3.70
1765568078865,CH1,POWER,3.70
1765568078871,CH1,POWER,3.70
1765568078876,CH1,POWER,3.70
1765568078881,CH1,POWER,3.70
1765568078886,CH1,POWER,3.70
1765568078892,CH1,POWER,3.70
1765568078900,CH1,POWER,3.70
1765568078906,CH1,POWER,3.70
1765568078911,CH1,POWER,3.70
1765568078916,CH1,POWER,3.70
1765568078921,CH1,POWER,3.70
1765568078926,CH1,POWER,3.70
1765568078931,CH1,POWER,3.70
1765568078935,CH1,POWER,3.70
1765568078942,CH1,POWER,3.70
1765568078947,CH1,POWER,3.70
1765568078952,CH1,POWER,3.70
1765568078957,CH1,POWER,3.70
1765568078962,CH1,POWER,3.70
1765568078967,CH1,POWER,3.70
1765568078972,CH1,POWER,3.70
1765568078977,CH1,POWER,3.70
1765568078982,CH1,POWER,3.70
1765568078990,CH1,POWER,3.70
1765568078995,CH1,POWER,3.70
1765568079002,CH1,POWER,3.70
1765568079007,CH1,POWER,3.70
1765568079012,CH1,POWER,3.70
1765568079017,CH1,POWER,3.70
1765568079020,CH1,POWER,3.25
1765568079022,CH1,POWER,3.25
1765568079025,CH1,POWER,3.25
1765568079051,CH1,POWER,3.25
1765568079056,CH1,POWER,3.25
1765568079061,CH1,POWER,3.25
1765568079065,CH1,POWER,3.25
1765568079072,CH1,POWER,3.25
1765568079076,CH1,POWER,3.25
1765568079081,CH1,POWER,3.25
1765568079085,CH1,POWER,3.25
1765568079091,CH1,POWER,3.25
1765568079097,CH1,POWER,3.25
1765568079103,CH1,POWER,3.25
1765568079108,CH1,POWER,3.25
1765568079114,CH1,POWER,3.25
1765568079119,CH1,POWER,3.25
1765568079124,CH1,POWER,3.25
1765568079132,CH1,POWER,3.25
1765568079138,CH1,POWER,3.25
1765568079143,CH1,POWER,3.25
1765568079148,CH1,POWER,3.25
1765568079153,CH1,POWER,3.25
1765568079159,CH1,POWER,3.25
1765568079164,CH1,POWER,3.25
1765568079168,CH1,POWER,3.25
1765568079174,CH1,POWER,3.25
1765568079182,CH1,POWER,3.25
1765568079187,CH1,POWER,3.25
1765568079194,CH1,POWER,3.25
1765568079199,CH1,POWER,3.25
1765568079204,CH1,POWER,3.25
1765568079212,CH1,POWER,3.25
1765568079218,CH1,POWER,3.25
1765568079223,CH1,POWER,3.25
1765568079228,CH1,POWER,3.25
1765568079233,CH1,POWER,3.25
1765568079238,CH1,POWER,3.25
1765568079243,CH1,POWER,3.25
1765568079249,CH1,POWER,3.25
1765568079254,CH1,POWER,3.25
1765568079262,CH1,POWER,3.25
1765568079267,CH1,POWER,3.25
1765568079273,CH1,POWER,3.25
1765568079277,CH1,POWER,3.25
1765568079283,CH1,POWER,3.25
1765568079288,CH1,POWER,3.25
1765568079293,CH1,POWER,3.25
1765568079298,CH1,POWER,3.25
1765568079304,CH1,POWER,3.25
1765568079309,CH1,POWER,3.25
1765568079314,CH1,POWER,3.25
1765568079318,CH1,POWER,3.25
1765568079324,CH1,POWER,3.25
1765568079328,CH1,POWER,3.25
1765568079333,CH1,POWER,3.25
1765568079338,CH1,POWER,3.25
1765568079343,CH1,POWER,3.25
1765568079348,CH1,POWER,3.25
1765568079353,CH1,POWER,3.25
1765568079357,CH1,POWER,3.25
1765568079364,CH1,POWER,3.25
1765568079372,CH1,POWER,3.25
1765568079377,CH1,POWER,3.25
1765568079384,CH1,POWER,3.25
1765568079389,CH1,POWER,3.25
1765568079394,CH1,POWER,3.25
1765568079399,CH1,POWER,3.25
1765568079404,CH1,POWER,3.25
1765568079408,CH1,POWER,3.25
1765568079414,CH1,POWER,3.25
1765568079418,CH1,POWER,3.25
1765568079421,CH1,POWER,3.25
1765568079424,CH1,POWER,3.25
1765568079426,CH1,POWER,3.25
1765568079453,CH1,POWER,3.25
1765568079458,CH1,POWER,3.25
1765568079463,CH1,POWER,3.25
1765568079468,CH1,POWER,3.25
1765568079473,CH1,POWER,3.25
1765568079479,CH1,POWER,3.25
1765568079483,CH1,POWER,3.25
1765568079488,CH1,POWER,3.25
1765568079494,CH1,POWER,3.25
1765568079499,CH1,POWER,3.25
1765568079506,CH1,POWER,3.25
1765568079514,CH1,POWER,3.25
1765568079519,CH1,POWER,3.25
1765568079526,CH1,POWER,3.25
1765568079534,CH1,POWER,3.25
1765568079539,CH1,POWER,3.25
1765568079546,CH1,POWER,3.25
1765568079554,CH1,POWER,3.25
1765568079559,CH1,POWER,3.25
1765568079566,CH1,POWER,3.25
1765568079571,CH1,POWER,3.25
1765568079576,CH1,POWER,3.25
1765568079584,CH1,POWER,3.25
1765568079590,CH1,POWER,3.25
1765568079595,CH1,POWER,3.25
1765568079599,CH1,POWER,3.25
1765568079606,CH1,POWER,3.25
1765568079611,CH1,POWER,3.25
1765568079616,CH1,POWER,3.25
1765568079620,CH1,POWER,3.25
1765568079626,CH1,POWER,3.25
1765568079631,CH1,POWER,3.25
1765568079636,CH1,POWER,3.25
1765568079641,CH1,POWER,3.25
1765568079646,CH1,POWER,3.25
1765568079651,CH1,POWER,3.25
1765568079656,CH1,POWER,3.25
1765568079660,CH1,POWER,3.25
1765568079665,CH1,POWER,3.25
1765568079670,CH1,POWER,3.25
1765568079675,CH1,POWER,3.25
1765568079680,CH1,POWER,3.25
1765568079686,CH1,POWER,3.25
1765568079694,CH1,POWER,3.25
1765568079699,CH1,POWER,3.25
1765568079706,CH1,POWER,3.25
1765568079714,CH1,POWER,3.25
1765568079720,CH1,POWER,3.25
1765568079725,CH1,POWER,3.25
1765568079730,CH1,POWER,3.25
1765568079736,CH1,POWER,3.25
1765568079741,CH1,POWER,3.25
1765568079746,CH1,POWER,3.25
1765568079754,CH1,POWER,3.25
1765568079759,CH1,POWER,3.25
1765568079766,CH1,POWER,3.25
1765568079774,CH1,POWER,3.25
1765568079779,CH1,POWER,3.25
1765568079786,CH1,POWER,3.25
1765568079791,CH1,POWER,3.25
1765568079796,CH1,POWER,3.25
1765568079801,CH1,POWER,3.25
1765568079806,CH1,POWER,3.25
1765568079814,CH1,POWER,3.25
1765568079817,CH1,POWER,3.25
1765568079820,CH1,POWER,3.25
1765568079848,CH1,POWER,3.25
1765568079856,CH1,POWER,3.25
1765568079861,CH1,POWER,3.25
1765568079868,CH1,POWER,3.25
1765568079873,CH1,POWER,3.25
1765568079878,CH1,POWER,3.25
1765568079883,CH1,POWER,3.25
1765568079888,CH1,POWER,3.25
1765568079893,CH1,POWER,3.25
1765568079898,CH1,POWER,3.25
1765568079902,CH1,POWER,3.25
1765568079908,CH1,POWER,3.25
1765568079913,CH1,POWER,3.25
1765568079918,CH1,POWER,3.25
1765568079923,CH1,POWER,3.25
1765568079928,CH1,POWER,3.25
1765568079933,CH1,POWER,3.25
1765568079938,CH1,POWER,3.25
1765568079942,CH1,POWER,3.25
1765568079947,CH1,POWER,3.25
1765568079952,CH1,POWER,3.25
1765568079956,CH1,POWER,3.25
1765568079961,CH1,POWER,3.25
1765568079968,CH1,POWER,3.25
1765568079973,CH1,POWER,3.25
1765568079978,CH1,POWER,3.25
1765568079983,CH1,POWER,3.25
1765568079988,CH1,POWER,3.25
1765568079993,CH1,POWER,3.25
1765568079998,CH1,POWER,3.25
1765568080003,CH1,POWER,3.25
1765568080008,CH1,POWER,3.25
1765568080013,CH1,POWER,3.25
1765568080018,CH1,POWER,3.25
1765568080023,CH1,POWER,3.25
1765568080028,CH1,POWER,3.25
1765568080036,CH1,POWER,3.25
1765568080041,CH1,POWER,3.25
1765568080048,CH1,POWER,3.25
1765568080052,CH1,POWER,3.25
1765568080058,CH1,POWER,3.25
1765568080066,CH1,POWER,3.25
1765568080071,CH1,POWER,3.25
1765568080078,CH1,POWER,3.25
1765568080082,CH1,POWER,3.25
1765568080087,CH1,POWER,3.25
1765568080092,CH1,POWER,3.25
1765568080097,CH1,POWER,3.25
1765568080102,CH1,POWER,3.25
1765568080107,CH1,POWER,3.25
1765568080112,CH1,POWER,3.25
1765568080117,CH1,POWER,3.25
1765568080122,CH1,POWER,3.25
1765568080128,CH1,POWER,3.25
1765568080136,CH1,POWER,3.25
1765568080142,CH1,POWER,3.25
1765568080147,CH1,POWER,3.25
1765568080152,CH1,POWER,3.25
1765568080158,CH1,POWER,3.25
1765568080163,CH1,POWER,3.25
1765568080168,CH1,POWER,3.25
1765568080173,CH1,POWER,3.25
1765568080178,CH1,POWER,3.25
1765568080183,CH1,POWER,3.25
1765568080188,CH1,POWER,3.25
1765568080192,CH1,POWER,3.25
1765568080197,CH1,POWER,3.25
1765568080202,CH1,POWER,3.70
1765568080230,CH1,POWER,3.70
1765568080235,CH1,POWER,3.70
1765568080239,CH1,POWER,3.70
1765568080244,CH1,POWER,3.70
1765568080249,CH1,POWER,3.70
1765568080254,CH1,POWER,3.70
1765568080259,CH1,POWER,3.70
1765568080264,CH1,POWER,3.70
1765568080270,CH1,POWER,3.70
1765568080278,CH1,POWER,3.70
1765568080283,CH1,POWER,3.70
1765568080289,CH1,POWER,3.70
1765568080294,CH1,POWER,3.70
1765568080299,CH1,POWER,3.70
1765568080304,CH1,POWER,3.70
1765568080309,CH1,POWER,3.70
1765568080314,CH1,POWER,3.70
1765568080319,CH1,POWER,3.70
1765568080323,CH1,POWER,3.70
1765568080330,CH1,POWER,3.70
1765568080335,CH1,POWER,3.70
1765568080339,CH1,POWER,3.70
1765568080344,CH1,POWER,3.70
1765568080350,CH1,POWER,3.70
1765568080355,CH1,POWER,3.70
1765568080360,CH1,POWER,3.70
1765568080365,CH1,POWER,3.70
1765568080370,CH1,POWER,3.70
1765568080374,CH1,POWER,3.70
1765568080379,CH1,POWER,3.70
1765568080383,CH1,POWER,3.70
1765568080390,CH1,POWER,3.70
1765568080395,CH1,POWER,3.70
1765568080400,CH1,POWER,3.70
1765568080405,CH1,POWER,3.70
1765568080410,CH1,POWER,3.70
1765568080415,CH1,POWER,3.70
1765568080420,CH1,POWER,3.70
1765568080424,CH1,POWER,3.70
1765568080430,CH1,POWER,3.70
1765568080435,CH1,POWER,3.70
1765568080440,CH1,POWER,3.70
1765568080445,CH1,POWER,3.70
1765568080450,CH1,POWER,3.70
1765568080458,CH1,POWER,3.70
1765568080463,CH1,POWER,3.70
1765568080470,CH1,POWER,3.70
1765568080475,CH1,POWER,3.70
1765568080480,CH1,POWER,3.70
1765568080485,CH1,POWER,3.70
1765568080490,CH1,POWER,3.70
1765568080494,CH1,POWER,3.70
1765568080499,CH1,POWER,3.70
1765568080504,CH1,POWER,3.70
1765568080510,CH1,POWER,3.70
1765568080515,CH1,POWER,3.70
1765568080520,CH1,POWER,3.70
1765568080525,CH1,POWER,3.70
1765568080529,CH1,POWER,3.70
1765568080533,CH1,POWER,3.70
1765568080540,CH1,POWER,3.70
1765568080545,CH1,POWER,3.70
1765568080550,CH1,POWER,3.70
1765568080558,CH1,POWER,3.70
1765568080562,CH1,POWER,3.70
1765568080567,CH1,POWER,3.70
1765568080571,CH1,POWER,3.70
1765568080578,CH1,POWER,3.70
1765568080582,CH1,POWER,3.70
1765568080587,CH1,POWER,3.70
1765568080590,CH1,POWER,3.55
1765568080593,CH1,POWER,3.55
1765568080619,CH1,POWER,3.55
1765568080624,CH1,POWER,3.55
1765568080632,CH1,POWER,3.55
1765568080640,CH1,POWER,3.55
1765568080645,CH1,POWER,3.55
1765568080652,CH1,POWER,3.55
1765568080657,CH1,POWER,3.55
1765568080662,CH1,POWER,3.55
1765568080667,CH1,POWER,3.55
1765568080672,CH1,POWER,3.55
1765568080677,CH1,POWER,3.55
1765568080682,CH1,POWER,3.55
1765568080686,CH1,POWER,3.55
1765568080691,CH1,POWER,3.55
1765568080694,CH1,POWER,3.55
1765568080699,CH1,POWER,3.55
1765568080704,CH1,POWER,3.55
1765568080709,CH1,POWER,3.55
1765568080715,CH1,POWER,3.55
1765568080722,CH1,POWER,3.55
1765568080727,CH1,POWER,3.55
1765568080732,CH1,POWER,3.55
1765568080736,CH1,POWER,3.55
1765568080741,CH1,POWER,3.55
1765568080744,CH1,POWER,3.55
1765568080749,CH1,POWER,3.55
1765568080753,CH1,POWER,3.55
1765568080760,CH1,POWER,3.55
1765568080765,CH1,POWER,3.55
1765568080772,CH1,POWER,3.55
1765568080777,CH1,POWER,3.55
1765568080782,CH1,POWER,3.55
1765568080790,CH1,POWER,3.55
1765568080795,CH1,POWER,3.55
1765568080802,CH1,POWER,3.55
1765568080807,CH1,POWER,3.55
1765568080812,CH1,POWER,3.55
1765568080817,CH1,POWER,3.55
1765568080821,CH1,POWER,3.55
1765568080826,CH1,POWER,3.55
1765568080830,CH1,POWER,3.55
1765568080835,CH1,POWER,3.55
1765568080841,CH1,POWER,3.55
1765568080846,CH1,POWER,3.55
1765568080851,CH1,POWER,3.55
1765568080856,CH1,POWER,3.55
1765568080861,CH1,POWER,3.55
1765568080865,CH1,POWER,3.55
1765568080872,CH1,POWER,3.55
1765568080880,CH1,POWER,3.55
1765568080886,CH1,POWER,3.55
1765568080891,CH1,POWER,3.55
1765568080895,CH1,POWER,3.55
1765568080902,CH1,POWER,3.55
1765568080907,CH1,POWER,3.55
1765568080911,CH1,POWER,3.55
1765568080916,CH1,POWER,3.55
1765568080922,CH1,POWER,3.55
1765568080927,CH1,POWER,3.55
1765568080932,CH1,POWER,3.55
1765568080937,CH1,POWER,3.55
1765568080942,CH1,POWER,3.55
1765568080947,CH1,POWER,3.55
1765568080952,CH1,POWER,3.55
1765568080958,CH1,POWER,3.55
1765568080962,CH1,POWER,3.55
1765568080967,CH1,POWER,3.55
1765568080972,CH1,POWER,3.55
1765568081001,CH1,POWER,3.10
1765568081006,CH1,POWER,3.10
1765568081011,CH1,POWER,3.10
1765568081016,CH1,POWER,3.10
1765568081021,CH1,POWER,3.10
1765568081025,CH1,POWER,3.10
1765568081032,CH1,POWER,3.10
1765568081037,CH1,POWER,3.10
1765568081043,CH1,POWER,3.10
1765568081048,CH1,POWER,3.10
1765568081053,CH1,POWER,3.10
1765568081058,CH1,POWER,3.10
1765568081063,CH1,POWER,3.10
1765568081067,CH1,POWER,3.10
1765568081073,CH1,POWER,3.10
1765568081078,CH1,POWER,3.10
1765568081082,CH1,POWER,3.10
1765568081087,CH1,POWER,3.10
1765568081093,CH1,POWER,3.10
1765568081098,CH1,POWER,3.10
1765568081104,CH1,POWER,3.10
1765568081109,CH1,POWER,3.10
1765568081114,CH1,POWER,3.10
1765568081119,CH1,POWER,3.10
1765568081124,CH1,POWER,3.10
1765568081129,CH1,POWER,3.10
1765568081133,CH1,POWER,3.10
1765568081139,CH1,POWER,3.10
1765568081144,CH1,POWER,3.10
1765568081149,CH1,POWER,3.10
1765568081154,CH1,POWER,3.10
1765568081159,CH1,POWER,3.10
1765568081163,CH1,POWER,3.10
1765568081167,CH1,POWER,3.10
1765568081173,CH1,POWER,3.10
1765568081177,CH1,POWER,3.10
1765568081184,CH1,POWER,3.10
1765568081189,CH1,POWER,3.10
1765568081193,CH1,POWER,3.10
1765568081198,CH1,POWER,3.10
1765568081204,CH1,POWER,3.10
1765568081209,CH1,POWER,3.10
1765568081214,CH1,POWER,3.10
1765568081219,CH1,POWER,3.10
1765568081223,CH1,POWER,3.10
1765568081227,CH1,POWER,3.10
1765568081233,CH1,POWER,3.10
1765568081238,CH1,POWER,3.10
1765568081243,CH1,POWER,3.10
1765568081249,CH1,POWER,3.10
1765568081254,CH1,POWER,3.10
1765568081259,CH1,POWER,3.10
1765568081263,CH1,POWER,3.10
1765568081267,CH1,POWER,3.10
1765568081273,CH1,POWER,3.10
1765568081278,CH1,POWER,3.10
1765568081283,CH1,POWER,3.10
1765568081287,CH1,POWER,3.10
1765568081293,CH1,POWER,3.10
1765568081298,CH1,POWER,3.10
1765568081302,CH1,POWER,3.10
1765568081306,CH1,POWER,3.10
1765568081310,CH1,POWER,3.10
1765568081314,CH1,POWER,3.10
1765568081323,CH1,POWER,3.10
1765568081328,CH1,POWER,3.10
1765568081334,CH1,POWER,3.10
1765568081339,CH1,POWER,3.10
1765568081343,CH1,POWER,3.10
1765568081347,CH1,POWER,3.10
1765568081354,CH1,POWER,3.10
1765568081359,CH1,POWER,3.10
1765568081362,CH1,POWER,2.80
1765568081364,CH1,POWER,2.80
1765568081367,CH1,POWER,2.80
1765568081393,CH1,POWER,2.80
1765568081398,CH1,POWER,2.80
1765568081402,CH1,POWER,2.80
1765568081408,CH1,POWER,2.80
1765568081413,CH1,POWER,2.80
1765568081417,CH1,POWER,2.80
1765568081424,CH1,POWER,2.80
1765568081429,CH1,POWER,2.80
1765568081436,CH1,POWER,2.80
1765568081441,CH1,POWER,2.80
1765568081445,CH1,POWER,2.80
1765568081451,CH1,POWER,2.80
1765568081456,CH1,POWER,2.80
1765568081461,CH1,POWER,2.80
1765568081465,CH1,POWER,2.80
1765568081469,CH1,POWER,2.80
1765568081476,CH1,POWER,2.80
1765568081481,CH1,POWER,2.80
1765568081485,CH1,POWER,2.80
1765568081489,CH1,POWER,2.80
1765568081495,CH1,POWER,2.80
1765568081499,CH1,POWER,2.80
1765568081504,CH1,POWER,2.80
1765568081508,CH1,POWER,2.80
1765568081516,CH1,POWER,2.80
1765568081524,CH1,POWER,2.80
1765568081529,CH1,POWER,2.80
1765568081535,CH1,POWER,2.80
1765568081540,CH1,POWER,2.80
1765568081544,CH1,POWER,2.80
1765568081550,CH1,POWER,2.80
1765568081555,CH1,POWER,2.80
1765568081559,CH1,POWER,2.80
1765568081566,CH1,POWER,2.80
1765568081571,CH1,POWER,2.80
1765568081575,CH1,POWER,2.80
1765568081580,CH1,POWER,2.80
1765568081585,CH1,POWER,2.80
1765568081589,CH1,POWER,2.80
1765568081594,CH1,POWER,2.80
1765568081599,CH1,POWER,2.80
1765568081606,CH1,POWER,2.80
1765568081611,CH1,POWER,2.80
1765568081615,CH1,POWER,2.80
1765568081620,CH1,POWER,2.80
1765568081625,CH1,POWER,2.80
1765568081631,CH1,POWER,2.80
1765568081636,CH1,POWER,2.80
1765568081641,CH1,POWER,2.80
1765568081645,CH1,POWER,2.80
1765568081651,CH1,POWER,2.80
1765568081656,CH1,POWER,2.80
1765568081661,CH1,POWER,2.80
1765568081665,CH1,POWER,2.80
1765568081670,CH1,POWER,2.80
1765568081674,CH1,POWER,2.80
1765568081679,CH1,POWER,2.80
1765568081685,CH1,POWER,2.80
1765568081691,CH1,POWER,2.80
1765568081695,CH1,POWER,2.80
1765568081700,CH1,POWER,2.80
1765568081704,CH1,POWER,2.80
1765568081709,CH1,POWER,2.80
1765568081715,CH1,POWER,2.80
1765568081720,CH1,POWER,2.80
1765568081724,CH1,POWER,2.80
1765568081729,CH1,POWER,2.80
1765568081736,CH1,POWER,2.80
1765568081741,CH1,POWER,2.80
1765568081746,CH1,POWER,2.80
1765568081751,CH1,POWER,2.80
1765568081756,CH1,POWER,2.80
1765568081759,CH1,POWER,3.25
1765568081787,CH1,POWER,3.25
1765568081792,CH1,POWER,3.25
1765568081796,CH1,POWER,3.25
1765568081801,CH1,POWER,3.25
1765568081807,CH1,POWER,3.25
1765568081812,CH1,POWER,3.25
1765568081817,CH1,POWER,3.25
1765568081821,CH1,POWER,3.25
1765568081828,CH1,POWER,3.25
1765568081835,CH1,POWER,3.25
1765568081840,CH1,POWER,3.25
1765568081848,CH1,POWER,3.25
1765568081853,CH1,POWER,3.25
1765568081857,CH1,POWER,3.25
1765568081865,CH1,POWER,3.25
1765568081872,CH1,POWER,3.25
1765568081876,CH1,POWER,3.25
1765568081883,CH1,POWER,3.25
1765568081887,CH1,POWER,3.25
1765568081895,CH1,POWER,3.25
1765568081901,CH1,POWER,3.25
1765568081908,CH1,POWER,3.25
1765568081913,CH1,POWER,3.25
1765568081917,CH1,POWER,3.25
1765568081921,CH1,POWER,3.25
1765568081927,CH1,POWER,3.25
1765568081936,CH1,POWER,3.25
1765568081941,CH1,POWER,3.25
1765568081948,CH1,POWER,3.25
1765568081953,CH1,POWER,3.25
1765568081958,CH1,POWER,3.25
1765568081963,CH1,POWER,3.25
1765568081968,CH1,POWER,3.25
1765568081973,CH1,POWER,3.25
1765568081977,CH1,POWER,3.25
1765568081981,CH1,POWER,3.25
1765568081988,CH1,POWER,3.25
1765568081993,CH1,POWER,3.25
1765568081997,CH1,POWER,3.25
1765568082001,CH1,POWER,3.25
1765568082008,CH1,POWER,3.25
1765568082013,CH1,POWER,3.25
1765568082018,CH1,POWER,3.25
1765568082025,CH1,POWER,3.25
1765568082031,CH1,POWER,3.25
1765568082038,CH1,POWER,3.25
1765568082043,CH1,POWER,3.25
1765568082048,CH1,POWER,3.25
1765568082053,CH1,POWER,3.25
1765568082057,CH1,POWER,3.25
1765568082061,CH1,POWER,3.25
1765568082067,CH1,POWER,3.25
1765568082071,CH1,POWER,3.25
1765568082078,CH1,POWER,3.25
1765568082083,CH1,POWER,3.25
1765568082087,CH1,POWER,3.25
1765568082091,CH1,POWER,3.25
1765568082098,CH1,POWER,3.25
1765568082103,CH1,POWER,3.25
1765568082107,CH1,POWER,3.25
1765568082113,CH1,POWER,3.25
1765568082118,CH1,POWER,3.25
1765568082123,CH1,POWER,3.25
1765568082128,CH1,POWER,3.25
1765568082133,CH1,POWER,3.25
1765568082137,CH1,POWER,3.25
1765568082143,CH1,POWER,3.25
1765568082148,CH1,POWER,3.25
1765568082153,CH1,POWER,3.25
1765568082156,CH1,POWER,3.30
1765568082158,CH1,POWER,3.30
1765568082161,CH1,POWER,3.30
1765568082187,CH1,POWER,3.30
1765568082192,CH1,POWER,3.30
1765568082196,CH1,POWER,3.30
1765568082201,CH1,POWER,3.30
1765568082207,CH1,POWER,3.30
1765568082212,CH1,POWER,3.30
1765568082217,CH1,POWER,3.30
1765568082221,CH1,POWER,3.30
1765568082227,CH1,POWER,3.30
1765568082231,CH1,POWER,3.30
1765568082239,CH1,POWER,3.30
1765568082248,CH1,POWER,3.30
1765568082253,CH1,POWER,3.30
1765568082260,CH1,POWER,3.30
1765568082265,CH1,POWER,3.30
1765568082269,CH1,POWER,3.30
1765568082277,CH1,POWER,3.30
1765568082283,CH1,POWER,3.30
1765568082289,CH1,POWER,3.30
1765568082294,CH1,POWER,3.30
1765568082298,CH1,POWER,3.30
1765568082305,CH1,POWER,3.30
1765568082310,CH1,POWER,3.30
1765568082315,CH1,POWER,3.30
1765568082319,CH1,POWER,3.30
1765568082324,CH1,POWER,3.30
1765568082328,CH1,POWER,3.30
1765568082333,CH1,POWER,3.30
1765568082339,CH1,POWER,3.30
1765568082348,CH1,POWER,3.30
1765568082353,CH1,POWER,3.30
1765568082359,CH1,POWER,3.30
1765568082367,CH1,POWER,3.30
1765568082371,CH1,POWER,3.30
1765568082377,CH1,POWER,3.30
1765568082381,CH1,POWER,3.30
1765568082387,CH1,POWER,3.30
1765568082392,CH1,POWER,3.30
1765568082396,CH1,POWER,3.30
1765568082400,CH1,POWER,3.30
1765568082405,CH1,POWER,3.30
1765568082410,CH1,POWER,3.30
1765568082415,CH1,POWER,3.30
1765568082420,CH1,POWER,3.30
1765568082425,CH1,POWER,3.30
1765568082429,CH1,POWER,3.30
1765568082433,CH1,POWER,3.30
1765568082439,CH1,POWER,3.30
1765568082443,CH1,POWER,3.30
1765568082449,CH1,POWER,3.30
1765568082453,CH1,POWER,3.30
1765568082460,CH1,POWER,3.30
1765568082465,CH1,POWER,3.30
1765568082470,CH1,POWER,3.30
1765568082475,CH1,POWER,3.30
1765568082479,CH1,POWER,3.30
1765568082488,CH1,POWER,3.30
1765568082493,CH1,POWER,3.30
1765568082500,CH1,POWER,3.30
1765568082505,CH1,POWER,3.30
1765568082510,CH1,POWER,3.30
1765568082515,CH1,POWER,3.30
1765568082519,CH1,POWER,3.30
1765568082525,CH1,POWER,3.30
1765568082529,CH1,POWER,3.30
1765568082533,CH1,POWER,3.30
1765568082540,CH1,POWER,3.30
1765568082545,CH1,POWER,3.30
1765568082550,CH1,POWER,3.30
1765568082555,CH1,POWER,3.30
1765568082559,CH1,POWER,3.50
1765568082561,CH1,POWER,3.50
1765568082563,CH1,POWER,3.50
1765568082592,CH1,POWER,3.50
1765568082597,CH1,POWER,3.50
1765568082601,CH1,POWER,3.50
1765568082607,CH1,POWER,3.50
1765568082612,CH1,POWER,3.50
1765568082617,CH1,POWER,3.50
1765568082622,CH1,POWER,3.50
1765568082627,CH1,POWER,3.50
1765568082631,CH1,POWER,3.50
1765568082637,CH1,POWER,3.50
1765568082642,CH1,POWER,3.50
1765568082647,CH1,POWER,3.50
1765568082651,CH1,POWER,3.50
1765568082656,CH1,POWER,3.50
1765568082661,CH1,POWER,3.50
1765568082665,CH1,POWER,3.50
1765568082671,CH1,POWER,3.50
1765568082680,CH1,POWER,3.50
1765568082684,CH1,POWER,3.50
1765568082691,CH1,POWER,3.50
1765568082695,CH1,POWER,3.50
1765568082700,CH1,POWER,3.50
1765568082704,CH1,POWER,3.50
1765568082709,CH1,POWER,3.50
1765568082714,CH1,POWER,3.50
1765568082718,CH1,POWER,3.50
1765568082722,CH1,POWER,3.50
1765568082727,CH1,POWER,3.50
1765568082732,CH1,POWER,3.50
1765568082737,CH1,POWER,3.50
1765568082741,CH1,POWER,3.50
1765568082745,CH1,POWER,3.50
1765568082751,CH1,POWER,3.50
1765568082756,CH1,POWER,3.50
1765568082760,CH1,POWER,3.50
1765568082765,CH1,POWER,3.50
1765568082772,CH1,POWER,3.50
1765568082777,CH1,POWER,3.50
1765568082781,CH1,POWER,3.50
1765568082786,CH1,POWER,3.50
1765568082790,CH1,POWER,3.50
1765568082795,CH1,POWER,3.50
1765568082801,CH1,POWER,3.50
1765568082809,CH1,POWER,3.50
1765568082814,CH1,POWER,3.50
1765568082820,CH1,POWER,3.50
1765568082825,CH1,POWER,3.50
1765568082830,CH1,POWER,3.50
1765568082834,CH1,POWER,3.50
1765568082838,CH1,POWER,3.50
1765568082843,CH1,POWER,3.50
1765568082849,CH1,POWER,3.50
1765568082856,CH1,POWER,3.50
1765568082860,CH1,POWER,3.50
1765568082867,CH1,POWER,3.50
1765568082871,CH1,POWER,3.50
1765568082876,CH1,POWER,3.50
1765568082880,CH1,POWER,3.50
1765568082887,CH1,POWER,3.50
1765568082892,CH1,POWER,3.50
1765568082897,CH1,POWER,3.50
1765568082901,CH1,POWER,3.50
1765568082909,CH1,POWER,3.50
1765568082914,CH1,POWER,3.50
1765568082918,CH1,POWER,3.50
1765568082922,CH1,POWER,3.50
1765568082929,CH1,POWER,3.50
1765568082933,CH1,POWER,3.50
1765568082938,CH1,POWER,3.50
1765568082943,CH1,POWER,3.50
1765568082949,CH1,POWER,3.50
1765568082954,CH1,POWER,3.30
1765568082981,CH1,POWER,3.30
1765568082986,CH1,POWER,3.30
1765568082990,CH1,POWER,3.30
1765568082994,CH1,POWER,3.30
1765568082999,CH1,POWER,3.30
1765568083003,CH1,POWER,3.30
1765568083008,CH1,POWER,3.30
1765568083012,CH1,POWER,3.30
1765568083017,CH1,POWER,3.30
1765568083024,CH1,POWER,3.30
1765568083029,CH1,POWER,3.30
1765568083033,CH1,POWER,3.30
1765568083037,CH1,POWER,3.30
1765568083042,CH1,POWER,3.30
1765568083046,CH1,POWER,3.30
1765568083053,CH1,POWER,3.30
1765568083059,CH1,POWER,3.30
1765568083063,CH1,POWER,3.30
1765568083067,CH1,POWER,3.30
1765568083073,CH1,POWER,3.30
1765568083079,CH1,POWER,3.30
1765568083083,CH1,POWER,3.30
1765568083087,CH1,POWER,3.30
1765568083093,CH1,POWER,3.30
1765568083098,CH1,POWER,3.30
1765568083102,CH1,POWER,3.30
1765568083109,CH1,POWER,3.30
1765568083113,CH1,POWER,3.30
1765568083119,CH1,POWER,3.30
1765568083123,CH1,POWER,3.30
1765568083132,CH1,POWER,3.30
1765568083136,CH1,POWER,3.30
1765568083144,CH1,POWER,3.30
1765568083149,CH1,POWER,3.30
1765568083154,CH1,POWER,3.30
1765568083159,CH1,POWER,3.30
1765568083163,CH1,POWER,3.30
1765568083167,CH1,POWER,3.30
1765568083173,CH1,POWER,3.30
1765568083177,CH1,POWER,3.30
1765568083182,CH1,POWER,3.30
1765568083189,CH1,POWER,3.30
1765568083194,CH1,POWER,3.30
1765568083199,CH1,POWER,3.30
1765568083204,CH1,POWER,3.30
1765568083209,CH1,POWER,3.30
1765568083213,CH1,POWER,3.30
1765568083217,CH1,POWER,3.30
1765568083223,CH1,POWER,3.30
1765568083231,CH1,POWER,3.30
1765568083236,CH1,POWER,3.30
1765568083242,CH1,POWER,3.30
1765568083249,CH1,POWER,3.30
1765568083253,CH1,POWER,3.30
1765568083262,CH1,POWER,3.30
1765568083266,CH1,POWER,3.30
1765568083274,CH1,POWER,3.30
1765568083279,CH1,POWER,3.30
1765568083283,CH1,POWER,3.30
1765568083287,CH1,POWER,3.30
1765568083293,CH1,POWER,3.30
1765568083297,CH1,POWER,3.30
1765568083303,CH1,POWER,3.30
1765568083307,CH1,POWER,3.30
1765568083313,CH1,POWER,3.30
1765568083317,CH1,POWER,3.30
1765568083323,CH1,POWER,3.30
1765568083328,CH1,POWER,3.30
1765568083332,CH1,POWER,3.30
1765568083339,CH1,POWER,3.30
1765568083343,CH1,POWER,3.30
1765568083350,CH1,POWER,3.30
1765568083352,CH1,POWER,3.25
1765568083354,CH1,POWER,3.25
1765568083357,CH1,POWER,3.25
1765568083382,CH1,POWER,3.25
1765568083387,CH1,POWER,3.25
1765568083392,CH1,POWER,3.25
1765568083398,CH1,POWER,3.25
1765568083405,CH1,POWER,3.25
1765568083413,CH1,POWER,3.25
1765568083418,CH1,POWER,3.25
1765568083424,CH1,POWER,3.25
1765568083429,CH1,POWER,3.25
1765568083435,CH1,POWER,3.25
1765568083441,CH1,POWER,3.25
1765568083445,CH1,POWER,3.25
1765568083451,CH1,POWER,3.25
1765568083455,CH1,POWER,3.25
1765568083463,CH1,POWER,3.25
1765568083468,CH1,POWER,3.25
1765568083474,CH1,POWER,3.25
1765568083479,CH1,POWER,3.25
1765568083485,CH1,POWER,3.25
1765568083491,CH1,POWER,3.25
1765568083495,CH1,POWER,3.25
1765568083499,CH1,POWER,3.25
1765568083505,CH1,POWER,3.25
1765568083509,CH1,POWER,3.25
1765568083514,CH1,POWER,3.25
1765568083518,CH1,POWER,3.25
1765568083525,CH1,POWER,3.25
1765568083531,CH1,POWER,3.25
1765568083535,CH1,POWER,3.25
1765568083539,CH1,POWER,3.25
1765568083545,CH1,POWER,3.25
1765568083551,CH1,POWER,3.25
1765568083555,CH1,POWER,3.25
1765568083559,CH1,POWER,3.25
1765568083565,CH1,POWER,3.25
1765568083571,CH1,POWER,3.25
1765568083575,CH1,POWER,3.25
1765568083581,CH1,POWER,3.25
1765568083585,CH1,POWER,3.25
1765568083589,CH1,POWER,3.25
1765568083595,CH1,POWER,3.25
1765568083599,CH1,POWER,3.25
1765568083605,CH1,POWER,3.25
1765568083609,CH1,POWER,3.25
1765568083615,CH1,POWER,3.25
1765568083619,CH1,POWER,3.25
1765568083625,CH1,POWER,3.25
1765568083631,CH1,POWER,3.25
1765568083635,CH1,POWER,3.25
1765568083641,CH1,POWER,3.25
1765568083645,CH1,POWER,3.25
1765568083651,CH1,POWER,3.25
1765568083656,CH1,POWER,3.25
1765568083661,CH1,POWER,3.25
1765568083665,CH1,POWER,3.25
1765568083669,CH1,POWER,3.25
1765568083675,CH1,POWER,3.25
1765568083681,CH1,POWER,3.25
1765568083685,CH1,POWER,3.25
1765568083691,CH1,POWER,3.25
1765568083695,CH1,POWER,3.25
1765568083699,CH1,POWER,3.25
1765568083704,CH1,POWER,3.25
1765568083708,CH1,POWER,3.25
1765568083715,CH1,POWER,3.25
1765568083721,CH1,POWER,3.25
1765568083725,CH1,POWER,3.25
1765568083731,CH1,POWER,3.25
1765568083735,CH1,POWER,3.25
1765568083743,CH1,POWER,3.25
1765568083746,CH1,POWER,3.35
1765568083748,CH1,POWER,3.35
1765568083774,CH1,POWER,3.35
1765568083779,CH1,POWER,3.35
1765568083784,CH1,POWER,3.35
1765568083788,CH1,POWER,3.35
1765568083793,CH1,POWER,3.35
1765568083797,CH1,POWER,3.35
1765568083801,CH1,POWER,3.35
1765568083806,CH1,POWER,3.35
1765568083810,CH1,POWER,3.35
1765568083814,CH1,POWER,3.35
1765568083820,CH1,POWER,3.35
1765568083827,CH1,POWER,3.35
1765568083831,CH1,POWER,3.35
1765568083837,CH1,POWER,3.35
1765568083841,CH1,POWER,3.35
1765568083847,CH1,POWER,3.35
1765568083851,CH1,POWER,3.35
1765568083856,CH1,POWER,3.35
1765568083863,CH1,POWER,3.35
1765568083867,CH1,POWER,3.35
1765568083875,CH1,POWER,3.35
1765568083881,CH1,POWER,3.35
1765568083887,CH1,POWER,3.35
1765568083893,CH1,POWER,3.35
1765568083897,CH1,POWER,3.35
1765568083903,CH1,POWER,3.35
1765568083907,CH1,POWER,3.35
1765568083911,CH1,POWER,3.35
1765568083917,CH1,POWER,3.35
1765568083923,CH1,POWER,3.35
1765568083927,CH1,POWER,3.35
1765568083931,CH1,POWER,3.35
1765568083937,CH1,POWER,3.35
1765568083943,CH1,POWER,3.35
1765568083947,CH1,POWER,3.35
1765568083953,CH1,POWER,3.35
1765568083957,CH1,POWER,3.35
1765568083961,CH1,POWER,3.35
1765568083966,CH1,POWER,3.35
1765568083973,CH1,POWER,3.35
1765568083977,CH1,POWER,3.35
1765568083983,CH1,POWER,3.35
1765568083987,CH1,POWER,3.35
1765568083995,CH1,POWER,3.35
1765568084000,CH1,POWER,3.35
1765568084004,CH1,POWER,3.35
1765568084008,CH1,POWER,3.35
1765568084013,CH1,POWER,3.35
1765568084017,CH1,POWER,3.35
1765568084021,CH1,POWER,3.35
1765568084028,CH1,POWER,3.35
1765568084033,CH1,POWER,3.35
1765568084037,CH1,POWER,3.35
1765568084041,CH1,POWER,3.35
1765568084046,CH1,POWER,3.35
1765568084051,CH1,POWER,3.35
1765568084057,CH1,POWER,3.35
1765568084063,CH1,POWER,3.35
1765568084067,CH1,POWER,3.35
1765568084073,CH1,POWER,3.35
1765568084077,CH1,POWER,3.35
1765568084081,CH1,POWER,3.35
1765568084087,CH1,POWER,3.35
1765568084093,CH1,POWER,3.35
1765568084097,CH1,POWER,3.35
1765568084101,CH1,POWER,3.35
1765568084107,CH1,POWER,3.35
1765568084113,CH1,POWER,3.35
1765568084117,CH1,POWER,3.35
1765568084121,CH1,POWER,3.35
1765568084127,CH1,POWER,3.35
1765568084133,CH1,POWER,3.35
1765568084137,CH1,POWER,3.35
1765568084141,CH1,POWER,3.35
1765568084145,CH1,POWER,3.60
1765568084148,CH1,POWER,3.60
1765568084150,CH1,POWER,3.60
1765568084176,CH1,POWER,3.60
1765568084181,CH1,POWER,3.60
1765568084186,CH1,POWER,3.60
1765568084190,CH1,POWER,3.60
1765568084196,CH1,POWER,3.60
1765568084200,CH1,POWER,3.60
1765568084205,CH1,POWER,3.60
1765568084209,CH1,POWER,3.60
1765568084215,CH1,POWER,3.60
1765568084219,CH1,POWER,3.60
1765568084225,CH1,POWER,3.60
1765568084229,CH1,POWER,3.60
1765568084233,CH1,POWER,3.60
1765568084238,CH1,POWER,3.60
1765568084245,CH1,POWER,3.60
1765568084249,CH1,POWER,3.60
1765568084255,CH1,POWER,3.60
1765568084259,CH1,POWER,3.60
1765568084263,CH1,POWER,3.60
1765568084269,CH1,POWER,3.60
1765568084273,CH1,POWER,3.60
1765568084278,CH1,POWER,3.60
1765568084283,CH1,POWER,3.60
1765568084289,CH1,POWER,3.60
1765568084295,CH1,POWER,3.60
1765568084299,CH1,POWER,3.60
1765568084303,CH1,POWER,3.60
1765568084308,CH1,POWER,3.60
1765568084313,CH1,POWER,3.60
1765568084319,CH1,POWER,3.60
1765568084325,CH1,POWER,3.60
1765568084329,CH1,POWER,3.60
1765568084335,CH1,POWER,3.60
1765568084339,CH1,POWER,3.60
1765568084343,CH1,POWER,3.60
1765568084349,CH1,POWER,3.60
1765568084353,CH1,POWER,3.60
1765568084358,CH1,POWER,3.60
1765568084365,CH1,POWER,3.60
1765568084369,CH1,POWER,3.60
1765568084375,CH1,POWER,3.60
1765568084379,CH1,POWER,3.60
1765568084383,CH1,POWER,3.60
1765568084388,CH1,POWER,3.60
1765568084395,CH1,POWER,3.60
1765568084399,CH1,POWER,3.60
1765568084405,CH1,POWER,3.60
1765568084409,CH1,POWER,3.60
1765568084415,CH1,POWER,3.60
1765568084419,CH1,POWER,3.60
1765568084423,CH1,POWER,3.60
1765568084428,CH1,POWER,3.60
1765568084433,CH1,POWER,3.60
1765568084439,CH1,POWER,3.60
1765568084443,CH1,POWER,3.60
1765568084448,CH1,POWER,3.60
1765568084455,CH1,POWER,3.60
1765568084459,CH1,POWER,3.60
1765568084465,CH1,POWER,3.60
1765568084469,CH1,POWER,3.60
1765568084473,CH1,POWER,3.60
1765568084478,CH1,POWER,3.60
1765568084485,CH1,POWER,3.60
1765568084489,CH1,POWER,3.60
1765568084495,CH1,POWER,3.60
1765568084499,CH1,POWER,3.60
1765568084505,CH1,POWER,3.60
1765568084509,CH1,POWER,3.60
1765568084513,CH1,POWER,3.60
1765568084519,CH1,POWER,3.60
1765568084523,CH1,POWER,3.60
1765568084529,CH1,POWER,3.60
1765568084535,CH1,POWER,3.60
1765568084539,CH1,POWER,3.60
1765568084542,CH1,POWER,3.55
1765568084567,CH1,POWER,3.55
1765568084572,CH1,POWER,3.55
1765568084579,CH1,POWER,3.55
1765568084583,CH1,POWER,3.55
1765568084589,CH1,POWER,3.55
1765568084593,CH1,POWER,3.55
1765568084599,CH1,POWER,3.55
1765568084604,CH1,POWER,3.55
1765568084608,CH1,POWER,3.55
1765568084613,CH1,POWER,3.55
1765568084621,CH1,POWER,3.55
1765568084627,CH1,POWER,3.55
1765568084631,CH1,POWER,3.55
1765568084637,CH1,POWER,3.55
1765568084641,CH1,POWER,3.55
1765568084647,CH1,POWER,3.55
1765568084651,CH1,POWER,3.55
1765568084655,CH1,POWER,3.55
1765568084660,CH1,POWER,3.55
1765568084665,CH1,POWER,3.55
1765568084670,CH1,POWER,3.55
1765568084674,CH1,POWER,3.55
1765568084681,CH1,POWER,3.55
1765568084687,CH1,POWER,3.55
1765568084691,CH1,POWER,3.55
1765568084697,CH1,POWER,3.55
1765568084701,CH1,POWER,3.55
1765568084705,CH1,POWER,3.55
1765568084711,CH1,POWER,3.55
1765568084715,CH1,POWER,3.55
1765568084720,CH1,POWER,3.55
1765568084724,CH1,POWER,3.55
1765568084728,CH1,POWER,3.55
1765568084733,CH1,POWER,3.55
1765568084739,CH1,POWER,3.55
1765568084745,CH1,POWER,3.55
1765568084750,CH1,POWER,3.55
1765568084754,CH1,POWER,3.55
1765568084758,CH1,POWER,3.55
1765568084762,CH1,POWER,3.55
1765568084767,CH1,POWER,3.55
1765568084771,CH1,POWER,3.55
1765568084775,CH1,POWER,3.55
1765568084781,CH1,POWER,3.55
1765568084787,CH1,POWER,3.55
1765568084791,CH1,POWER,3.55
1765568084797,CH1,POWER,3.55
1765568084801,CH1,POWER,3.55
1765568084805,CH1,POWER,3.55
1765568084810,CH1,POWER,3.55
1765568084814,CH1,POWER,3.55
1765568084818,CH1,POWER,3.55
1765568084823,CH1,POWER,3.55
1765568084829,CH1,POWER,3.55
1765568084835,CH1,POWER,3.55
1765568084840,CH1,POWER,3.55
1765568084844,CH1,POWER,3.55
1765568084851,CH1,POWER,3.55
1765568084855,CH1,POWER,3.55
1765568084860,CH1,POWER,3.55
1765568084865,CH1,POWER,3.55
1765568084870,CH1,POWER,3.55
1765568084875,CH1,POWER,3.55
1765568084881,CH1,POWER,3.55
1765568084889,CH1,POWER,3.55
1765568084894,CH1,POWER,3.55
1765568084901,CH1,POWER,3.55
1765568084907,CH1,POWER,3.55
1765568084911,CH1,POWER,3.55
1765568084917,CH1,POWER,3.55
1765568084921,CH1,POWER,3.55
1765568084925,CH1,POWER,3.55
1765568084931,CH1,POWER,3.55
1765568084935,CH1,POWER,3.55
1765568084962,CH1,POWER,3.25
1765568084967,CH1,POWER,3.25
1765568084972,CH1,POWER,3.25
1765568084976,CH1,POWER,3.25
1765568084980,CH1,POWER,3.25
1765568084985,CH1,POWER,3.25
1765568084991,CH1,POWER,3.25
1765568084996,CH1,POWER,3.25
1765568085000,CH1,POWER,3.25
1765568085004,CH1,POWER,3.25
1765568085011,CH1,POWER,3.25
1765568085016,CH1,POWER,3.25
1765568085023,CH1,POWER,3.25
1765568085029,CH1,POWER,3.25
1765568085033,CH1,POWER,3.25
1765568085037,CH1,POWER,3.25
1765568085043,CH1,POWER,3.25
1765568085049,CH1,POWER,3.25
1765568085053,CH1,POWER,3.25
1765568085059,CH1,POWER,3.25
1765568085063,CH1,POWER,3.25
1765568085069,CH1,POWER,3.25
1765568085073,CH1,POWER,3.25
1765568085079,CH1,POWER,3.25
1765568085083,CH1,POWER,3.25
1765568085087,CH1,POWER,3.25
1765568085093,CH1,POWER,3.25
1765568085099,CH1,POWER,3.25
1765568085103,CH1,POWER,3.25
1765568085109,CH1,POWER,3.25
1765568085113,CH1,POWER,3.25
1765568085117,CH1,POWER,3.25
1765568085123,CH1,POWER,3.25
1765568085127,CH1,POWER,3.25
1765568085133,CH1,POWER,3.25
1765568085139,CH1,POWER,3.25
1765568085143,CH1,POWER,3.25
1765568085149,CH1,POWER,3.25
1765568085153,CH1,POWER,3.25
1765568085157,CH1,POWER,3.25
1765568085163,CH1,POWER,3.25
1765568085167,CH1,POWER,3.25
1765568085173,CH1,POWER,3.25
1765568085177,CH1,POWER,3.25
1765568085182,CH1,POWER,3.25
1765568085187,CH1,POWER,3.25
1765568085193,CH1,POWER,3.25
1765568085199,CH1,POWER,3.25
1765568085203,CH1,POWER,3.25
1765568085207,CH1,POWER,3.25
1765568085212,CH1,POWER,3.25
1765568085217,CH1,POWER,3.25
1765568085223,CH1,POWER,3.25
1765568085227,CH1,POWER,3.25
1765568085233,CH1,POWER,3.25
1765568085237,CH1,POWER,3.25
1765568085243,CH1,POWER,3.25
1765568085249,CH1,POWER,3.25
1765568085253,CH1,POWER,3.25
1765568085259,CH1,POWER,3.25
1765568085263,CH1,POWER,3.25
1765568085267,CH1,POWER,3.25
1765568085273,CH1,POWER,3.25
1765568085279,CH1,POWER,3.25
1765568085283,CH1,POWER,3.25
1765568085287,CH1,POWER,3.25
1765568085293,CH1,POWER,3.25
1765568085299,CH1,POWER,3.25
1765568085303,CH1,POWER,3.25
1765568085309,CH1,POWER,3.25
1765568085313,CH1,POWER,3.25
1765568085319,CH1,POWER,3.25
1765568085323,CH1,POWER,3.25
1765568085327,CH1,POWER,3.25
1765568085332,CH1,POWER,3.25
1765568085335,CH1,POWER,3.25
1765568085337,CH1,POWER,3.25
1765568085364,CH1,POWER,3.25
1765568085369,CH1,POWER,3.25
1765568085374,CH1,POWER,3.25
1765568085378,CH1,POWER,3.25
1765568085385,CH1,POWER,3.25
1765568085389,CH1,POWER,3.25
1765568085395,CH1,POWER,3.25
1765568085401,CH1,POWER,3.25
1765568085405,CH1,POWER,3.25
1765568085411,CH1,POWER,3.25
1765568085415,CH1,POWER,3.25
1765568085419,CH1,POWER,3.25
1765568085425,CH1,POWER,3.25
1765568085431,CH1,POWER,3.25
1765568085435,CH1,POWER,3.25
1765568085441,CH1,POWER,3.25
1765568085445,CH1,POWER,3.25
1765568085451,CH1,POWER,3.25
1765568085455,CH1,POWER,3.25
1765568085463,CH1,POWER,3.25
1765568085467,CH1,POWER,3.25
1765568085472,CH1,POWER,3.25
1765568085476,CH1,POWER,3.25
1765568085481,CH1,POWER,3.25
1765568085485,CH1,POWER,3.25
1765568085489,CH1,POWER,3.25
1765568085495,CH1,POWER,3.25
1765568085501,CH1,POWER,3.25
1765568085505,CH1,POWER,3.25
1765568085509,CH1,POWER,3.25
1765568085514,CH1,POWER,3.25
1765568085519,CH1,POWER,3.25
1765568085524,CH1,POWER,3.25
1765568085528,CH1,POWER,3.25
1765568085532,CH1,POWER,3.25
1765568085536,CH1,POWER,3.25
1765568085543,CH1,POWER,3.25
1765568085549,CH1,POWER,3.25
1765568085554,CH1,POWER,3.25
1765568085558,CH1,POWER,3.25
1765568085562,CH1,POWER,3.25
1765568085566,CH1,POWER,3.25
1765568085571,CH1,POWER,3.25
1765568085575,CH1,POWER,3.25
1765568085579,CH1,POWER,3.25
1765568085584,CH1,POWER,3.25
1765568085589,CH1,POWER,3.25
1765568085595,CH1,POWER,3.25
1765568085601,CH1,POWER,3.25
1765568085605,CH1,POWER,3.25
1765568085609,CH1,POWER,3.25
1765568085614,CH1,POWER,3.25
1765568085618,CH1,POWER,3.25
1765568085622,CH1,POWER,3.25
1765568085626,CH1,POWER,3.25
1765568085631,CH1,POWER,3.25
1765568085635,CH1,POWER,3.25
1765568085643,CH1,POWER,3.25
1765568085648,CH1,POWER,3.25
1765568085655,CH1,POWER,3.25
1765568085661,CH1,POWER,3.25
1765568085665,CH1,POWER,3.25
1765568085671,CH1,POWER,3.25
1765568085675,CH1,POWER,3.25
1765568085679,CH1,POWER,3.25
1765568085685,CH1,POWER,3.25
1765568085691,CH1,POWER,3.25
1765568085695,CH1,POWER,3.25
1765568085699,CH1,POWER,3.25
1765568085704,CH1,POWER,3.25
1765568085708,CH1,POWER,3.25
1765568085712,CH1,POWER,3.25
1765568085717,CH1,POWER,3.25
1765568085722,CH1,POWER,3.25
1765568085726,CH1,POWER,3.25
1765568085753,CH1,POWER,3.40
1765568085757,CH1,POWER,3.40
1765568085763,CH1,POWER,3.40
1765568085767,CH1,POWER,3.40
1765568085771,CH1,POWER,3.40
1765568085776,CH1,POWER,3.40
1765568085780,CH1,POWER,3.40
1765568085784,CH1,POWER,3.40
1765568085789,CH1,POWER,3.40
1765568085795,CH1,POWER,3.40
1765568085799,CH1,POWER,3.40
1765568085805,CH1,POWER,3.40
1765568085809,CH1,POWER,3.40
1765568085815,CH1,POWER,3.40
1765568085820,CH1,POWER,3.40
1765568085824,CH1,POWER,3.40
1765568085829,CH1,POWER,3.40
1765568085835,CH1,POWER,3.40
1765568085840,CH1,POWER,3.40
1765568085844,CH1,POWER,3.40
1765568085848,CH1,POWER,3.40
1765568085853,CH1,POWER,3.40
1765568085857,CH1,POWER,3.40
1765568085861,CH1,POWER,3.40
1765568085867,CH1,POWER,3.40
1765568085871,CH1,POWER,3.40
1765568085877,CH1,POWER,3.40
1765568085881,CH1,POWER,3.40
1765568085886,CH1,POWER,3.40
1765568085890,CH1,POWER,3.40
1765568085894,CH1,POWER,3.40
1765568085899,CH1,POWER,3.40
1765568085905,CH1,POWER,3.40
1765568085910,CH1,POWER,3.40
1765568085917,CH1,POWER,3.40
1765568085921,CH1,POWER,3.40
1765568085926,CH1,POWER,3.40
1765568085930,CH1,POWER,3.40
1765568085934,CH1,POWER,3.40
1765568085939,CH1,POWER,3.40
1765568085945,CH1,POWER,3.40
1765568085950,CH1,POWER,3.40
1765568085957,CH1,POWER,3.40
1765568085963,CH1,POWER,3.40
1765568085967,CH1,POWER,3.40
1765568085971,CH1,POWER,3.40
1765568085976,CH1,POWER,3.40
1765568085981,CH1,POWER,3.40
1765568085987,CH1,POWER,3.40
1765568085991,CH1,POWER,3.40
1765568085997,CH1,POWER,3.40
1765568086001,CH1,POWER,3.40
1765568086006,CH1,POWER,3.40
1765568086010,CH1,POWER,3.40
1765568086014,CH1,POWER,3.40
1765568086019,CH1,POWER,3.40
1765568086025,CH1,POWER,3.40
1765568086029,CH1,POWER,3.40
1765568086037,CH1,POWER,3.40
1765568086041,CH1,POWER,3.40
1765568086046,CH1,POWER,3.40
1765568086050,CH1,POWER,3.40
1765568086054,CH1,POWER,3.40
1765568086058,CH1,POWER,3.40
1765568086065,CH1,POWER,3.40
1765568086070,CH1,POWER,3.40
1765568086077,CH1,POWER,3.40
1765568086081,CH1,POWER,3.40
1765568086086,CH1,POWER,3.40
1765568086090,CH1,POWER,3.40
1765568086094,CH1,POWER,3.40
1765568086099,CH1,POWER,3.40
1765568086104,CH1,POWER,3.40
1765568086108,CH1,POWER,3.40
1765568086115,CH1,POWER,3.40
1765568086119,CH1,POWER,3.40
1765568086123,CH1,POWER,3.40
1765568086126,CH1,POWER,3.65
1765568086128,CH1,POWER,3.65
1765568086131,CH1,POWER,3.65
1765568086158,CH1,POWER,3.65
1765568086163,CH1,POWER,3.65
1765568086169,CH1,POWER,3.65
1765568086173,CH1,POWER,3.65
1765568086178,CH1,POWER,3.65
1765568086182,CH1,POWER,3.65
1765568086188,CH1,POWER,3.65
1765568086193,CH1,POWER,3.65
1765568086199,CH1,POWER,3.65
1765568086203,CH1,POWER,3.65
1765568086209,CH1,POWER,3.65
1765568086215,CH1,POWER,3.65
1765568086219,CH1,POWER,3.65
1765568086223,CH1,POWER,3.65
1765568086229,CH1,POWER,3.65
1765568086233,CH1,POWER,3.65
1765568086239,CH1,POWER,3.65
1765568086243,CH1,POWER,3.65
1765568086249,CH1,POWER,3.65
1765568086253,CH1,POWER,3.65
1765568086259,CH1,POWER,3.65
1765568086264,CH1,POWER,3.65
1765568086269,CH1,POWER,3.65
1765568086273,CH1,POWER,3.65
1765568086279,CH1,POWER,3.65
1765568086283,CH1,POWER,3.65
1765568086288,CH1,POWER,3.65
1765568086292,CH1,POWER,3.65
1765568086296,CH1,POWER,3.65
1765568086301,CH1,POWER,3.65
1765568086307,CH1,POWER,3.65
1765568086312,CH1,POWER,3.65
1765568086319,CH1,POWER,3.65
1765568086327,CH1,POWER,3.65
1765568086331,CH1,POWER,3.65
1765568086337,CH1,POWER,3.65
1765568086342,CH1,POWER,3.65
1765568086346,CH1,POWER,3.65
1765568086352,CH1,POWER,3.65
1765568086358,CH1,POWER,3.65
1765568086363,CH1,POWER,3.65
1765568086369,CH1,POWER,3.65
1765568086373,CH1,POWER,3.65
1765568086378,CH1,POWER,3.65
1765568086383,CH1,POWER,3.65
1765568086388,CH1,POWER,3.65
1765568086395,CH1,POWER,3.65
1765568086399,CH1,POWER,3.65
1765568086405,CH1,POWER,3.65
1765568086409,CH1,POWER,3.65
1765568086413,CH1,POWER,3.65
1765568086418,CH1,POWER,3.65
1765568086425,CH1,POWER,3.65
1765568086429,CH1,POWER,3.65
1765568086433,CH1,POWER,3.65
1765568086438,CH1,POWER,3.65
1765568086442,CH1,POWER,3.65
1765568086449,CH1,POWER,3.65
1765568086457,CH1,POWER,3.65
1765568086462,CH1,POWER,3.65
1765568086469,CH1,POWER,3.65
1765568086473,CH1,POWER,3.65
1765568086478,CH1,POWER,3.65
1765568086482,CH1,POWER,3.65
1765568086486,CH1,POWER,3.65
1765568086491,CH1,POWER,3.65
1765568086497,CH1,POWER,3.65
1765568086502,CH1,POWER,3.65
1765568086506,CH1,POWER,3.65
1765568086510,CH1,POWER,3.65
1765568086514,CH1,POWER,3.15
1765568086541,CH1,POWER,3.15
1765568086547,CH1,POWER,3.15
1765568086551,CH1,POWER,3.15
1765568086559,CH1,POWER,3.15
1765568086564,CH1,POWER,3.15
1765568086571,CH1,POWER,3.15
1765568086575,CH1,POWER,3.15
1765568086580,CH1,POWER,3.15
1765568086585,CH1,POWER,3.15
1765568086590,CH1,POWER,3.15
1765568086595,CH1,POWER,3.15
1765568086601,CH1,POWER,3.15
1765568086609,CH1,POWER,3.15
1765568086614,CH1,POWER,3.15
1765568086618,CH1,POWER,3.15
1765568086623,CH1,POWER,3.15
1765568086629,CH1,POWER,3.15
1765568086633,CH1,POWER,3.15
1765568086639,CH1,POWER,3.15
1765568086645,CH1,POWER,3.15
1765568086650,CH1,POWER,3.15
1765568086655,CH1,POWER,3.15
1765568086661,CH1,POWER,3.15
1765568086667,CH1,POWER,3.15
1765568086671,CH1,POWER,3.15
1765568086677,CH1,POWER,3.15
1765568086681,CH1,POWER,3.15
1765568086685,CH1,POWER,3.15
1765568086691,CH1,POWER,3.15
1765568086697,CH1,POWER,3.15
1765568086701,CH1,POWER,3.15
1765568086705,CH1,POWER,3.15
1765568086711,CH1,POWER,3.15
1765568086717,CH1,POWER,3.15
1765568086721,CH1,POWER,3.15
1765568086725,CH1,POWER,3.15
1765568086731,CH1,POWER,3.15
1765568086739,CH1,POWER,3.15
1765568086744,CH1,POWER,3.15
1765568086751,CH1,POWER,3.15
1765568086756,CH1,POWER,3.15
1765568086761,CH1,POWER,3.15
1765568086766,CH1,POWER,3.15
1765568086771,CH1,POWER,3.15
1765568086775,CH1,POWER,3.15
1765568086780,CH1,POWER,3.15
1765568086784,CH1,POWER,3.15
1765568086788,CH1,POWER,3.15
1765568086793,CH1,POWER,3.15
1765568086799,CH1,POWER,3.15
1765568086804,CH1,POWER,3.15
1765568086811,CH1,POWER,3.15
1765568086819,CH1,POWER,3.15
1765568086824,CH1,POWER,3.15
1765568086831,CH1,POWER,3.15
1765568086835,CH1,POWER,3.15
1765568086841,CH1,POWER,3.15
1765568086847,CH1,POWER,3.15
1765568086851,CH1,POWER,3.15
1765568086855,CH1,POWER,3.15
1765568086861,CH1,POWER,3.15
1765568086867,CH1,POWER,3.15
1765568086871,CH1,POWER,3.15
1765568086879,CH1,POWER,3.15
1765568086884,CH1,POWER,3.15
1765568086891,CH1,POWER,3.15
1765568086899,CH1,POWER,3.15
1765568086901,CH1,POWER,3.45
1765568086904,CH1,POWER,3.45
1765568086930,CH1,POWER,3.45
1765568086935,CH1,POWER,3.45
1765568086940,CH1,POWER,3.45
1765568086944,CH1,POWER,3.45
1765568086949,CH1,POWER,3.45
1765568086953,CH1,POWER,3.45
1765568086957,CH1,POWER,3.45
1765568086963,CH1,POWER,3.45
1765568086969,CH1,POWER,3.45
1765568086973,CH1,POWER,3.45
1765568086978,CH1,POWER,3.45
1765568086983,CH1,POWER,3.45
1765568086989,CH1,POWER,3.45
1765568086993,CH1,POWER,3.45
1765568087001,CH1,POWER,3.45
1765568087005,CH1,POWER,3.45
1765568087010,CH1,POWER,3.45
1765568087014,CH1,POWER,3.45
1765568087019,CH1,POWER,3.45
1765568087023,CH1,POWER,3.45
1765568087031,CH1,POWER,3.45
1765568087036,CH1,POWER,3.45
1765568087043,CH1,POWER,3.45
1765568087051,CH1,POWER,3.45
1765568087056,CH1,POWER,3.45
1765568087060,CH1,POWER,3.45
1765568087065,CH1,POWER,3.45
1765568087070,CH1,POWER,3.45
1765568087076,CH1,POWER,3.45
1765568087083,CH1,POWER,3.45
1765568087091,CH1,POWER,3.45
1765568087096,CH1,POWER,3.45
1765568087103,CH1,POWER,3.45
1765568087108,CH1,POWER,3.45
1765568087113,CH1,POWER,3.45
1765568087118,CH1,POWER,3.45
1765568087123,CH1,POWER,3.45
1765568087129,CH1,POWER,3.45
1765568087133,CH1,POWER,3.45
1765568087141,CH1,POWER,3.45
1765568087146,CH1,POWER,3.45
1765568087153,CH1,POWER,3.45
1765568087161,CH1,POWER,3.45
1765568087165,CH1,POWER,3.45
1765568087170,CH1,POWER,3.45
1765568087175,CH1,POWER,3.45
1765568087181,CH1,POWER,3.45
1765568087187,CH1,POWER,3.45
1765568087192,CH1,POWER,3.45
1765568087196,CH1,POWER,3.45
1765568087203,CH1,POWER,3.45
1765568087207,CH1,POWER,3.45
1765568087213,CH1,POWER,3.45
1765568087221,CH1,POWER,3.45
1765568087226,CH1,POWER,3.45
1765568087233,CH1,POWER,3.45
1765568087241,CH1,POWER,3.45
1765568087246,CH1,POWER,3.45
1765568087253,CH1,POWER,3.45
1765568087259,CH1,POWER,3.45
1765568087263,CH1,POWER,3.45
1765568087269,CH1,POWER,3.45
1765568087273,CH1,POWER,3.45
1765568087281,CH1,POWER,3.45
1765568087286,CH1,POWER,3.45
1765568087292,CH1,POWER,3.45
1765568087295,CH1,POWER,3.55
1765568087298,CH1,POWER,3.55
1765568087325,CH1,POWER,3.55
1765568087331,CH1,POWER,3.55
1765568087335,CH1,POWER,3.55
1765568087339,CH1,POWER,3.55
1765568087344,CH1,POWER,3.55
1765568087349,CH1,POWER,3.55
1765568087355,CH1,POWER,3.55
1765568087363,CH1,POWER,3.55
1765568087368,CH1,POWER,3.55
1765568087372,CH1,POWER,3.55
1765568087377,CH1,POWER,3.55
1765568087383,CH1,POWER,3.55
1765568087388,CH1,POWER,3.55
1765568087395,CH1,POWER,3.55
1765568087403,CH1,POWER,3.55
1765568087407,CH1,POWER,3.55
1765568087412,CH1,POWER,3.55
1765568087417,CH1,POWER,3.55
1765568087423,CH1,POWER,3.55
1765568087429,CH1,POWER,3.55
1765568087434,CH1,POWER,3.55
1765568087438,CH1,POWER,3.55
1765568087445,CH1,POWER,3.55
1765568087449,CH1,POWER,3.55
1765568087454,CH1,POWER,3.55
1765568087458,CH1,POWER,3.55
1765568087465,CH1,POWER,3.55
1765568087470,CH1,POWER,3.55
1765568087475,CH1,POWER,3.55
1765568087480,CH1,POWER,3.55
1765568087485,CH1,POWER,3.55
1765568087489,CH1,POWER,3.55
1765568087495,CH1,POWER,3.55
1765568087503,CH1,POWER,3.55
1765568087508,CH1,POWER,3.55
1765568087515,CH1,POWER,3.55
1765568087519,CH1,POWER,3.55
1765568087525,CH1,POWER,3.55
1765568087533,CH1,POWER,3.55
1765568087538,CH1,POWER,3.55
1765568087545,CH1,POWER,3.55
1765568087553,CH1,POWER,3.55
1765568087558,CH1,POWER,3.55
1765568087562,CH1,POWER,3.55
1765568087567,CH1,POWER,3.55
1765568087573,CH1,POWER,3.55
1765568087578,CH1,POWER,3.55
1765568087585,CH1,POWER,3.55
1765568087593,CH1,POWER,3.55
1765568087599,CH1,POWER,3.55
1765568087605,CH1,POWER,3.55
1765568087611,CH1,POWER,3.55
1765568087615,CH1,POWER,3.55
1765568087620,CH1,POWER,3.55
1765568087625,CH1,POWER,3.55
1765568087633,CH1,POWER,3.55
1765568087638,CH1,POWER,3.55
1765568087642,CH1,POWER,3.55
1765568087647,CH1,POWER,3.55
1765568087653,CH1,POWER,3.55
1765568087659,CH1,POWER,3.55
1765568087664,CH1,POWER,3.55
1765568087669,CH1,POWER,3.55
1765568087675,CH1,POWER,3.55
1765568087679,CH1,POWER,3.30
1765568087706,CH1,POWER,3.30
1765568087711,CH1,POWER,3.30
1765568087716,CH1,POWER,3.30
1765568087720,CH1,POWER,3.30
1765568087727,CH1,POWER,3.30
1765568087732,CH1,POWER,3.30
1765568087737,CH1,POWER,3.30
1765568087745,CH1,POWER,3.30
1765568087750,CH1,POWER,3.30
1765568087757,CH1,POWER,3.30
1765568087765,CH1,POWER,3.30
1765568087770,CH1,POWER,3.30
1765568087774,CH1,POWER,3.30
1765568087779,CH1,POWER,3.30
1765568087785,CH1,POWER,3.30
1765568087790,CH1,POWER,3.30
1765568087797,CH1,POWER,3.30
1765568087805,CH1,POWER,3.30
1765568087810,CH1,POWER,3.30
1765568087816,CH1,POWER,3.30
1765568087821,CH1,POWER,3.30
1765568087827,CH1,POWER,3.30
1765568087832,CH1,POWER,3.30
1765568087837,CH1,POWER,3.30
1765568087841,CH1,POWER,3.30
1765568087846,CH1,POWER,3.30
1765568087851,CH1,POWER,3.30
1765568087856,CH1,POWER,3.30
1765568087863,CH1,POWER,3.30
1765568087867,CH1,POWER,3.30
1765568087872,CH1,POWER,3.30
1765568087877,CH1,POWER,3.30
1765568087881,CH1,POWER,3.30
1765568087886,CH1,POWER,3.30
1765568087890,CH1,POWER,3.30
1765568087894,CH1,POWER,3.30
1765568087899,CH1,POWER,3.30
1765568087905,CH1,POWER,3.30
1765568087909,CH1,POWER,3.30
1765568087914,CH1,POWER,3.30
1765568087918,CH1,POWER,3.30
1765568087922,CH1,POWER,3.30
1765568087927,CH1,POWER,3.30
1765568087932,CH1,POWER,3.30
1765568087937,CH1,POWER,3.30
1765568087942,CH1,POWER,3.30
1765568087947,CH1,POWER,3.30
1765568087953,CH1,POWER,3.30
1765568087957,CH1,POWER,3.30
1765568087962,CH1,POWER,3.30
1765568087967,CH1,POWER,3.30
1765568087972,CH1,POWER,3.30
1765568087977,CH1,POWER,3.30
1765568087983,CH1,POWER,3.30
1765568087987,CH1,POWER,3.30
1765568087993,CH1,POWER,3.30
1765568087997,CH1,POWER,3.30
1765568088002,CH1,POWER,3.30
1765568088007,CH1,POWER,3.30
1765568088013,CH1,POWER,3.30
1765568088017,CH1,POWER,3.30
1765568088023,CH1,POWER,3.30
1765568088027,CH1,POWER,3.30
1765568088032,CH1,POWER,3.30
1765568088037,CH1,POWER,3.30
1765568088043,CH1,POWER,3.30
1765568088047,CH1,POWER,3.30
1765568088052,CH1,POWER,3.30
1765568088057,CH1,POWER,3.30
1765568088062,CH1,POWER,3.30
1765568088067,CH1,POWER,3.30
1765568088070,CH1,POWER,3.25
1765568088096,CH1,POWER,3.25
1765568088101,CH1,POWER,3.25
1765568088107,CH1,POWER,3.25
1765568088112,CH1,POWER,3.25
1765568088119,CH1,POWER,3.25
1765568088125,CH1,POWER,3.25
1765568088129,CH1,POWER,3.25
1765568088135,CH1,POWER,3.25
1765568088139,CH1,POWER,3.25
1765568088145,CH1,POWER,3.25
1765568088149,CH1,POWER,3.25
1765568088153,CH1,POWER,3.25
1765568088159,CH1,POWER,3.25
1765568088165,CH1,POWER,3.25
1765568088169,CH1,POWER,3.25
1765568088173,CH1,POWER,3.25
1765568088178,CH1,POWER,3.25
1765568088183,CH1,POWER,3.25
1765568088189,CH1,POWER,3.25
1765568088195,CH1,POWER,3.25
1765568088199,CH1,POWER,3.25
1765568088204,CH1,POWER,3.25
1765568088209,CH1,POWER,3.25
1765568088214,CH1,POWER,3.25
1765568088219,CH1,POWER,3.25
1765568088223,CH1,POWER,3.25
1765568088228,CH1,POWER,3.25
1765568088232,CH1,POWER,3.25
1765568088239,CH1,POWER,3.25
1765568088244,CH1,POWER,3.25
1765568088249,CH1,POWER,3.25
1765568088253,CH1,POWER,3.25
1765568088259,CH1,POWER,3.25
1765568088265,CH1,POWER,3.25
1765568088269,CH1,POWER,3.25
1765568088273,CH1,POWER,3.25
1765568088278,CH1,POWER,3.25
1765568088283,CH1,POWER,3.25
1765568088289,CH1,POWER,3.25
1765568088294,CH1,POWER,3.25
1765568088299,CH1,POWER,3.25
1765568088304,CH1,POWER,3.25
1765568088309,CH1,POWER,3.25
1765568088314,CH1,POWER,3.25
1765568088319,CH1,POWER,3.25
1765568088323,CH1,POWER,3.25
1765568088328,CH1,POWER,3.25
1765568088332,CH1,POWER,3.25
1765568088338,CH1,POWER,3.25
1765568088344,CH1,POWER,3.25
1765568088349,CH1,POWER,3.25
1765568088354,CH1,POWER,3.25
1765568088359,CH1,POWER,3.25
1765568088365,CH1,POWER,3.25
1765568088369,CH1,POWER,3.25
1765568088377,CH1,POWER,3.25
1765568088382,CH1,POWER,3.25
1765568088389,CH1,POWER,3.25
1765568088395,CH1,POWER,3.25
1765568088399,CH1,POWER,3.25
1765568088405,CH1,POWER,3.25
1765568088409,CH1,POWER,3.25
1765568088417,CH1,POWER,3.25
1765568088422,CH1,POWER,3.25
1765568088429,CH1,POWER,3.25
1765568088435,CH1,POWER,3.25
1765568088439,CH1,POWER,3.25
1765568088445,CH1,POWER,3.25
1765568088449,CH1,POWER,3.25
1765568088454,CH1,POWER,3.25
1765568088458,CH1,POWER,3.25
1765568088461,CH1,POWER,3.25
1765568088463,CH1,POWER,3.25
1765568088491,CH1,POWER,3.25
1765568088497,CH1,POWER,3.25
1765568088501,CH1,POWER,3.25
1765568088505,CH1,POWER,3.25
1765568088510,CH1,POWER,3.25
1765568088515,CH1,POWER,3.25
1765568088520,CH1,POWER,3.25
1765568088525,CH1,POWER,3.25
1765568088531,CH1,POWER,3.25
1765568088539,CH1,POWER,3.25
1765568088544,CH1,POWER,3.25
1765568088551,CH1,POWER,3.25
1765568088556,CH1,POWER,3.25
1765568088561,CH1,POWER,3.25
1765568088566,CH1,POWER,3.25
1765568088571,CH1,POWER,3.25
1765568088577,CH1,POWER,3.25
1765568088581,CH1,POWER,3.25
1765568088585,CH1,POWER,3.25
1765568088590,CH1,POWER,3.25
1765568088595,CH1,POWER,3.25
1765568088601,CH1,POWER,3.25
1765568088607,CH1,POWER,3.25
1765568088611,CH1,POWER,3.25
1765568088617,CH1,POWER,3.25
1765568088621,CH1,POWER,3.25
1765568088629,CH1,POWER,3.25
1765568088633,CH1,POWER,3.25
1765568088638,CH1,POWER,3.25
1765568088643,CH1,POWER,3.25
1765568088648,CH1,POWER,3.25
1765568088653,CH1,POWER,3.25
1765568088659,CH1,POWER,3.25
1765568088664,CH1,POWER,3.25
1765568088671,CH1,POWER,3.25
1765568088676,CH1,POWER,3.25
1765568088681,CH1,POWER,3.25
1765568088685,CH1,POWER,3.25
1765568088690,CH1,POWER,3.25
1765568088695,CH1,POWER,3.25
1765568088701,CH1,POWER,3.25
1765568088707,CH1,POWER,3.25
1765568088711,CH1,POWER,3.25
1765568088719,CH1,POWER,3.25
1765568088724,CH1,POWER,3.25
1765568088731,CH1,POWER,3.25
1765568088737,CH1,POWER,3.25
1765568088741,CH1,POWER,3.25
1765568088747,CH1,POWER,3.25
1765568088751,CH1,POWER,3.25
1765568088756,CH1,POWER,3.25
1765568088761,CH1,POWER,3.25
1765568088769,CH1,POWER,3.25
1765568088774,CH1,POWER,3.25
1765568088781,CH1,POWER,3.25
1765568088787,CH1,POWER,3.25
1765568088791,CH1,POWER,3.25
1765568088799,CH1,POWER,3.25
1765568088803,CH1,POWER,3.25
1765568088808,CH1,POWER,3.25
1765568088813,CH1,POWER,3.25
1765568088821,CH1,POWER,3.25
1765568088826,CH1,POWER,3.25
1765568088831,CH1,POWER,3.25
1765568088836,CH1,POWER,3.25
1765568088841,CH1,POWER,3.25
1765568088847,CH1,POWER,3.25
1765568088851,CH1,POWER,3.25
1765568088858,CH1,POWER,3.25
1765568088860,CH1,POWER,3.65
1765568088863,CH1,POWER,3.65
1765568088865,CH1,POWER,3.65
1765568088893,CH1,POWER,3.65
1765568088898,CH1,POWER,3.65
1765568088903,CH1,POWER,3.65
1765568088908,CH1,POWER,3.65
1765568088913,CH1,POWER,3.65
1765568088917,CH1,POWER,3.65
1765568088922,CH1,POWER,3.65
1765568088926,CH1,POWER,3.65
1765568088932,CH1,POWER,3.65
1765568088936,CH1,POWER,3.65
1765568088943,CH1,POWER,3.65
1765568088947,CH1,POWER,3.65
1765568088952,CH1,POWER,3.65
1765568088956,CH1,POWER,3.65
1765568088960,CH1,POWER,3.65
1765568088965,CH1,POWER,3.65
1765568088971,CH1,POWER,3.65
1765568088976,CH1,POWER,3.65
1765568088983,CH1,POWER,3.65
1765568088989,CH1,POWER,3.65
1765568088993,CH1,POWER,3.65
1765568088998,CH1,POWER,3.65
1765568089003,CH1,POWER,3.65
1765568089008,CH1,POWER,3.65
1765568089013,CH1,POWER,3.65
1765568089019,CH1,POWER,3.65
1765568089023,CH1,POWER,3.65
1765568089031,CH1,POWER,3.65
1765568089036,CH1,POWER,3.65
1765568089043,CH1,POWER,3.65
1765568089051,CH1,POWER,3.65
1765568089056,CH1,POWER,3.65
1765568089060,CH1,POWER,3.65
1765568089065,CH1,POWER,3.65
1765568089071,CH1,POWER,3.65
1765568089076,CH1,POWER,3.65
1765568089083,CH1,POWER,3.65
1765568089091,CH1,POWER,3.65
1765568089096,CH1,POWER,3.65
1765568089103,CH1,POWER,3.65
1765568089108,CH1,POWER,3.65
1765568089113,CH1,POWER,3.65
1765568089118,CH1,POWER,3.65
1765568089123,CH1,POWER,3.65
1765568089127,CH1,POWER,3.65
1765568089133,CH1,POWER,3.65
1765568089137,CH1,POWER,3.65
1765568089143,CH1,POWER,3.65
1765568089147,CH1,POWER,3.65
1765568089152,CH1,POWER,3.65
1765568089157,CH1,POWER,3.65
1765568089162,CH1,POWER,3.65
1765568089168,CH1,POWER,3.65
1765568089173,CH1,POWER,3.65
1765568089177,CH1,POWER,3.65
1765568089183,CH1,POWER,3.65
1765568089188,CH1,POWER,3.65
1765568089193,CH1,POWER,3.65
1765568089197,CH1,POWER,3.65
1765568089202,CH1,POWER,3.65
1765568089208,CH1,POWER,3.65
1765568089213,CH1,POWER,3.65
1765568089217,CH1,POWER,3.65
1765568089223,CH1,POWER,3.65
1765568089227,CH1,POWER,3.65
1765568089233,CH1,POWER,3.65
1765568089237,CH1,POWER,3.65
1765568089243,CH1,POWER,3.65
1765568089250,CH1,POWER,3.65
1765568089253,CH1,POWER,3.70
1765568089255,CH1,POWER,3.70
1765568089258,CH1,POWER,3.70
1765568089285,CH1,POWER,3.70
1765568089290,CH1,POWER,3.70
1765568089295,CH1,POWER,3.70
1765568089300,CH1,POWER,3.70
1765568089305,CH1,POWER,3.70
1765568089310,CH1,POWER,3.70
1765568089315,CH1,POWER,3.70
1765568089321,CH1,POWER,3.70
1765568089325,CH1,POWER,3.70
1765568089330,CH1,POWER,3.70
1765568089335,CH1,POWER,3.70
1765568089339,CH1,POWER,3.70
1765568089345,CH1,POWER,3.70
1765568089349,CH1,POWER,3.70
1765568089355,CH1,POWER,3.70
1765568089363,CH1,POWER,3.70
1765568089367,CH1,POWER,3.70
1765568089372,CH1,POWER,3.70
1765568089377,CH1,POWER,3.70
1765568089383,CH1,POWER,3.70
1765568089388,CH1,POWER,3.70
1765568089395,CH1,POWER,3.70
1765568089401,CH1,POWER,3.70
1765568089405,CH1,POWER,3.70
1765568089410,CH1,POWER,3.70
1765568089415,CH1,POWER,3.70
1765568089419,CH1,POWER,3.70
1765568089425,CH1,POWER,3.70
1765568089430,CH1,POWER,3.70
1765568089435,CH1,POWER,3.70
1765568089439,CH1,POWER,3.70
1765568089444,CH1,POWER,3.70
1765568089449,CH1,POWER,3.70
1765568089455,CH1,POWER,3.70
1765568089460,CH1,POWER,3.70
1765568089465,CH1,POWER,3.70
1765568089469,CH1,POWER,3.70
1765568089474,CH1,POWER,3.70
1765568089478,CH1,POWER,3.70
1765568089482,CH1,POWER,3.70
1765568089486,CH1,POWER,3.70
1765568089493,CH1,POWER,3.70
1765568089498,CH1,POWER,3.70
1765568089505,CH1,POWER,3.70
1765568089511,CH1,POWER,3.70
1765568089515,CH1,POWER,3.70
1765568089520,CH1,POWER,3.70
1765568089525,CH1,POWER,3.70
1765568089530,CH1,POWER,3.70
1765568089535,CH1,POWER,3.70
1765568089540,CH1,POWER,3.70
1765568089545,CH1,POWER,3.70
1765568089550,CH1,POWER,3.70
1765568089555,CH1,POWER,3.70
1765568089560,CH1,POWER,3.70
1765568089565,CH1,POWER,3.70
1765568089571,CH1,POWER,3.70
1765568089575,CH1,POWER,3.70
1765568089579,CH1,POWER,3.70
1765568089584,CH1,POWER,3.70
1765568089589,CH1,POWER,3.70
1765568089595,CH1,POWER,3.70
1765568089600,CH1,POWER,3.70
1765568089605,CH1,POWER,3.70
1765568089613,CH1,POWER,3.70
1765568089618,CH1,POWER,3.70
1765568089625,CH1,POWER,3.70
1765568089631,CH1,POWER,3.70
1765568089635,CH1,POWER,3.70
1765568089640,CH1,POWER,3.70
1765568089645,CH1,POWER,3.70
1765568089649,CH1,POWER,3.70
1765568089654,CH1,POWER,3.70
1765568089656,CH1,POWER,3.25
1765568089659,CH1,POWER,3.25
1765568089686,CH1,POWER,3.25
1765568089691,CH1,POWER,3.25
1765568089696,CH1,POWER,3.25
1765568089701,CH1,POWER,3.25
1765568089706,CH1,POWER,3.25
1765568089711,CH1,POWER,3.25
1765568089717,CH1,POWER,3.25
1765568089722,CH1,POWER,3.25
1765568089727,CH1,POWER,3.25
1765568089732,CH1,POWER,3.25
1765568089737,CH1,POWER,3.25
1765568089741,CH1,POWER,3.25
1765568089746,CH1,POWER,3.25
1765568089750,CH1,POWER,3.25
1765568089757,CH1,POWER,3.25
1765568089762,CH1,POWER,3.25
1765568089767,CH1,POWER,3.25
1765568089771,CH1,POWER,3.25
1765568089776,CH1,POWER,3.25
1765568089781,CH1,POWER,3.25
1765568089786,CH1,POWER,3.25
1765568089790,CH1,POWER,3.25
1765568089797,CH1,POWER,3.25
1765568089802,CH1,POWER,3.25
1765568089807,CH1,POWER,3.25
1765568089812,CH1,POWER,3.25
1765568089817,CH1,POWER,3.25
1765568089822,CH1,POWER,3.25
1765568089827,CH1,POWER,3.25
1765568089831,CH1,POWER,3.25
1765568089837,CH1,POWER,3.25
1765568089842,CH1,POWER,3.25
1765568089847,CH1,POWER,3.25
1765568089851,CH1,POWER,3.25
1765568089857,CH1,POWER,3.25
1765568089861,CH1,POWER,3.25
1765568089866,CH1,POWER,3.25
1765568089871,CH1,POWER,3.25
1765568089876,CH1,POWER,3.25
1765568089881,CH1,POWER,3.25
1765568089886,CH1,POWER,3.25
1765568089892,CH1,POWER,3.25
1765568089897,CH1,POWER,3.25
1765568089901,CH1,POWER,3.25
1765568089906,CH1,POWER,3.25
1765568089911,CH1,POWER,3.25
1765568089916,CH1,POWER,3.25
1765568089920,CH1,POWER,3.25
1765568089927,CH1,POWER,3.25
1765568089932,CH1,POWER,3.25
1765568089937,CH1,POWER,3.25
1765568089942,CH1,POWER,3.25
1765568089947,CH1,POWER,3.25
1765568089952,CH1,POWER,3.25
1765568089957,CH1,POWER,3.25
1765568089961,CH1,POWER,3.25
1765568089967,CH1,POWER,3.25
1765568089975,CH1,POWER,3.25
1765568089980,CH1,POWER,3.25
1765568089984,CH1,POWER,3.25
1765568089989,CH1,POWER,3.25
1765568089994,CH1,POWER,3.25
1765568089998,CH1,POWER,3.25
1765568090005,CH1,POWER,3.25
1765568090010,CH1,POWER,3.25
1765568090017,CH1,POWER,3.25
1765568090022,CH1,POWER,3.25
1765568090027,CH1,POWER,3.25
1765568090031,CH1,POWER,3.25
1765568090037,CH1,POWER,3.25
1765568090042,CH1,POWER,3.25
1765568090047,CH1,POWER,3.25
1765568090051,CH1,POWER,3.25
1765568090079,CH1,POWER,3.25
1765568090084,CH1,POWER,3.25
1765568090089,CH1,POWER,3.25
1765568090093,CH1,POWER,3.25
1765568090099,CH1,POWER,3.25
1765568090104,CH1,POWER,3.25
1765568090109,CH1,POWER,3.25
1765568090117,CH1,POWER,3.25
1765568090121,CH1,POWER,3.25
1765568090126,CH1,POWER,3.25
1765568090130,CH1,POWER,3.25
1765568090136,CH1,POWER,3.25
1765568090141,CH1,POWER,3.25
1765568090147,CH1,POWER,3.25
1765568090152,CH1,POWER,3.25
1765568090156,CH1,POWER,3.25
1765568090161,CH1,POWER,3.25
1765568090167,CH1,POWER,3.25
1765568090171,CH1,POWER,3.25
1765568090176,CH1,POWER,3.25
1765568090180,CH1,POWER,3.25
1765568090184,CH1,POWER,3.25
1765568090189,CH1,POWER,3.25
1765568090194,CH1,POWER,3.25
1765568090199,CH1,POWER,3.25
1765568090204,CH1,POWER,3.25
1765568090209,CH1,POWER,3.25
1765568090214,CH1,POWER,3.25
1765568090219,CH1,POWER,3.25
1765568090223,CH1,POWER,3.25
1765568090229,CH1,POWER,3.25
1765568090233,CH1,POWER,3.25
1765568090239,CH1,POWER,3.25
1765568090244,CH1,POWER,3.25
1765568090249,CH1,POWER,3.25
1765568090254,CH1,POWER,3.25
1765568090259,CH1,POWER,3.25
1765568090264,CH1,POWER,3.25
1765568090269,CH1,POWER,3.25
1765568090273,CH1,POWER,3.25
1765568090278,CH1,POWER,3.25
1765568090283,CH1,POWER,3.25
1765568090289,CH1,POWER,3.25
1765568090297,CH1,POWER,3.25
1765568090302,CH1,POWER,3.25
1765568090309,CH1,POWER,3.25
1765568090314,CH1,POWER,3.25
1765568090319,CH1,POWER,3.25
1765568090324,CH1,POWER,3.25
1765568090329,CH1,POWER,3.25
1765568090337,CH1,POWER,3.25
1765568090342,CH1,POWER,3.25
1765568090346,CH1,POWER,3.25
1765568090351,CH1,POWER,3.25
1765568090357,CH1,POWER,3.25
1765568090362,CH1,POWER,3.25
1765568090369,CH1,POWER,3.25
1765568090377,CH1,POWER,3.25
1765568090382,CH1,POWER,3.25
1765568090389,CH1,POWER,3.25
1765568090394,CH1,POWER,3.25
1765568090399,CH1,POWER,3.25
1765568090403,CH1,POWER,3.25
1765568090408,CH1,POWER,3.25
1765568090413,CH1,POWER,3.25
1765568090418,CH1,POWER,3.25
1765568090423,CH1,POWER,3.25
1765568090429,CH1,POWER,3.25
1765568090434,CH1,POWER,3.25
1765568090438,CH1,POWER,3.25
1765568090440,CH1,POWER,3.25
1765568090443,CH1,POWER,3.25
1765568090470,CH1,POWER,3.25
1765568090475,CH1,POWER,3.25
1765568090480,CH1,POWER,3.25
1765568090484,CH1,POWER,3.25
1765568090491,CH1,POWER,3.25
1765568090496,CH1,POWER,3.25
1765568090501,CH1,POWER,3.25
1765568090506,CH1,POWER,3.25
1765568090511,CH1,POWER,3.25
1765568090515,CH1,POWER,3.25
1765568090520,CH1,POWER,3.25
1765568090524,CH1,POWER,3.25
1765568090531,CH1,POWER,3.25
1765568090535,CH1,POWER,3.25
1765568090540,CH1,POWER,3.25
1765568090545,CH1,POWER,3.25
1765568090551,CH1,POWER,3.25
1765568090556,CH1,POWER,3.25
1765568090561,CH1,POWER,3.25
1765568090566,CH1,POWER,3.25
1765568090571,CH1,POWER,3.25
1765568090576,CH1,POWER,3.25
1765568090581,CH1,POWER,3.25
1765568090586,CH1,POWER,3.25
1765568090591,CH1,POWER,3.25
1765568090596,CH1,POWER,3.25
1765568090601,CH1,POWER,3.25
1765568090605,CH1,POWER,3.25
1765568090611,CH1,POWER,3.25
1765568090615,CH1,POWER,3.25
1765568090620,CH1,POWER,3.25
1765568090624,CH1,POWER,3.25
1765568090628,CH1,POWER,3.25
1765568090633,CH1,POWER,3.25
1765568090641,CH1,POWER,3.25
1765568090646,CH1,POWER,3.25
1765568090651,CH1,POWER,3.25
1765568090656,CH1,POWER,3.25
1765568090661,CH1,POWER,3.25
1765568090665,CH1,POWER,3.25
1765568090670,CH1,POWER,3.25
1765568090675,CH1,POWER,3.25
1765568090681,CH1,POWER,3.25
1765568090685,CH1,POWER,3.25
1765568090690,CH1,POWER,3.25
1765568090694,CH1,POWER,3.25
1765568090701,CH1,POWER,3.25
1765568090706,CH1,POWER,3.25
1765568090711,CH1,POWER,3.25
1765568090716,CH1,POWER,3.25
1765568090721,CH1,POWER,3.25
1765568090726,CH1,POWER,3.25
1765568090731,CH1,POWER,3.25
1765568090735,CH1,POWER,3.25
1765568090740,CH1,POWER,3.25
1765568090745,CH1,POWER,3.25
1765568090751,CH1,POWER,3.25
1765568090756,CH1,POWER,3.25
1765568090761,CH1,POWER,3.25
1765568090766,CH1,POWER,3.25
1765568090771,CH1,POWER,3.25
1765568090776,CH1,POWER,3.25
1765568090781,CH1,POWER,3.25
1765568090785,CH1,POWER,3.25
1765568090790,CH1,POWER,3.25
1765568090795,CH1,POWER,3.25
1765568090800,CH1,POWER,3.25
1765568090805,CH1,POWER,3.25
1765568090811,CH1,POWER,3.25
1765568090816,CH1,POWER,3.25
1765568090821,CH1,POWER,3.25
1765568090827,CH1,POWER,3.25
1765568090830,CH1,POWER,3.60
1765568090833,CH1,POWER,3.60
1765568090835,CH1,POWER,3.60
1765568090863,CH1,POWER,3.60
1765568090868,CH1,POWER,3.60
1765568090873,CH1,POWER,3.60
1765568090878,CH1,POWER,3.60
1765568090883,CH1,POWER,3.60
1765568090887,CH1,POWER,3.60
1765568090893,CH1,POWER,3.60
1765568090901,CH1,POWER,3.60
1765568090906,CH1,POWER,3.60
1765568090913,CH1,POWER,3.60
1765568090917,CH1,POWER,3.60
1765568090923,CH1,POWER,3.60
1765568090928,CH1,POWER,3.60
1765568090933,CH1,POWER,3.60
1765568090937,CH1,POWER,3.60
1765568090942,CH1,POWER,3.60
1765568090946,CH1,POWER,3.60
1765568090953,CH1,POWER,3.60
1765568090958,CH1,POWER,3.60
1765568090963,CH1,POWER,3.60
1765568090968,CH1,POWER,3.60
1765568090973,CH1,POWER,3.60
1765568090978,CH1,POWER,3.60
1765568090983,CH1,POWER,3.60
1765568090987,CH1,POWER,3.60
1765568090993,CH1,POWER,3.60
1765568090997,CH1,POWER,3.60
1765568091003,CH1,POWER,3.60
1765568091008,CH1,POWER,3.60
1765568091013,CH1,POWER,3.60
1765568091018,CH1,POWER,3.60
1765568091023,CH1,POWER,3.60
1765568091027,CH1,POWER,3.60
1765568091032,CH1,POWER,3.60
1765568091036,CH1,POWER,3.60
1765568091043,CH1,POWER,3.60
1765568091048,CH1,POWER,3.60
1765568091053,CH1,POWER,3.60
1765568091058,CH1,POWER,3.60
1765568091063,CH1,POWER,3.60
1765568091068,CH1,POWER,3.60
1765568091073,CH1,POWER,3.60
1765568091077,CH1,POWER,3.60
1765568091083,CH1,POWER,3.60
1765568091088,CH1,POWER,3.60
1765568091093,CH1,POWER,3.60
1765568091097,CH1,POWER,3.60
1765568091103,CH1,POWER,3.60
1765568091111,CH1,POWER,3.60
1765568091116,CH1,POWER,3.60
1765568091123,CH1,POWER,3.60
1765568091128,CH1,POWER,3.60
1765568091133,CH1,POWER,3.60
1765568091138,CH1,POWER,3.60
1765568091143,CH1,POWER,3.60
1765568091151,CH1,POWER,3.60
1765568091156,CH1,POWER,3.60
1765568091163,CH1,POWER,3.60
1765568091168,CH1,POWER,3.60
1765568091173,CH1,POWER,3.60
1765568091178,CH1,POWER,3.60
1765568091183,CH1,POWER,3.60
1765568091188,CH1,POWER,3.60
1765568091193,CH1,POWER,3.60
1765568091197,CH1,POWER,3.60
1765568091203,CH1,POWER,3.60
1765568091208,CH1,POWER,3.60
1765568091213,CH1,POWER,3.60
1765568091217,CH1,POWER,3.60
1765568091223,CH1,POWER,3.60
1765568091228,CH1,POWER,3.60
1765568091231,CH1,POWER,3.65
1765568091233,CH1,POWER,3.65
1765568091236,CH1,POWER,3.65
1765568091262,CH1,POWER,3.65
1765568091267,CH1,POWER,3.65
1765568091272,CH1,POWER,3.65
1765568091276,CH1,POWER,3.65
1765568091283,CH1,POWER,3.65
1765568091288,CH1,POWER,3.65
1765568091295,CH1,POWER,3.65
1765568091300,CH1,POWER,3.65
1765568091305,CH1,POWER,3.65
1765568091309,CH1,POWER,3.65
1765568091315,CH1,POWER,3.65
1765568091323,CH1,POWER,3.65
1765568091328,CH1,POWER,3.65
1765568091335,CH1,POWER,3.65
1765568091339,CH1,POWER,3.65
1765568091344,CH1,POWER,3.65
1765568091348,CH1,POWER,3.65
1765568091355,CH1,POWER,3.65
1765568091360,CH1,POWER,3.65
1765568091365,CH1,POWER,3.65
1765568091369,CH1,POWER,3.65
1765568091374,CH1,POWER,3.65
1765568091379,CH1,POWER,3.65
1765568091384,CH1,POWER,3.65
1765568091389,CH1,POWER,3.65
1765568091394,CH1,POWER,3.65
1765568091399,CH1,POWER,3.65
1765568091404,CH1,POWER,3.65
1765568091409,CH1,POWER,3.65
1765568091414,CH1,POWER,3.65
1765568091418,CH1,POWER,3.65
1765568091425,CH1,POWER,3.65
1765568091433,CH1,POWER,3.65
1765568091439,CH1,POWER,3.65
1765568091445,CH1,POWER,3.65
1765568091450,CH1,POWER,3.65
1765568091455,CH1,POWER,3.65
1765568091460,CH1,POWER,3.65
1765568091465,CH1,POWER,3.65
1765568091469,CH1,POWER,3.65
1765568091474,CH1,POWER,3.65
1765568091480,CH1,POWER,3.65
1765568091485,CH1,POWER,3.65
1765568091490,CH1,POWER,3.65
1765568091495,CH1,POWER,3.65
1765568091500,CH1,POWER,3.65
1765568091505,CH1,POWER,3.65
1765568091510,CH1,POWER,3.65
1765568091515,CH1,POWER,3.65
1765568091523,CH1,POWER,3.65
1765568091528,CH1,POWER,3.65
1765568091535,CH1,POWER,3.65
1765568091543,CH1,POWER,3.65
1765568091548,CH1,POWER,3.65
1765568091555,CH1,POWER,3.65
1765568091560,CH1,POWER,3.65
1765568091565,CH1,POWER,3.65
1765568091573,CH1,POWER,3.65
1765568091577,CH1,POWER,3.65
1765568091582,CH1,POWER,3.65
1765568091587,CH1,POWER,3.65
1765568091592,CH1,POWER,3.65
1765568091597,CH1,POWER,3.65
1765568091603,CH1,POWER,3.65
1765568091607,CH1,POWER,3.65
1765568091612,CH1,POWER,3.65
1765568091617,CH1,POWER,3.65
1765568091622,CH1,POWER,3.65
1765568091625,CH1,POWER,2.90
1765568091628,CH1,POWER,2.90
1765568091654,CH1,POWER,2.90
1765568091660,CH1,POWER,2.90
1765568091667,CH1,POWER,2.90
1765568091672,CH1,POWER,2.90
1765568091677,CH1,POWER,2.90
1765568091682,CH1,POWER,2.90
1765568091687,CH1,POWER,2.90
1765568091691,CH1,POWER,2.90
1765568091696,CH1,POWER,2.90
1765568091701,CH1,POWER,2.90
1765568091707,CH1,POWER,2.90
1765568091712,CH1,POWER,2.90
1765568091717,CH1,POWER,2.90
1765568091725,CH1,POWER,2.90
1765568091729,CH1,POWER,2.90
1765568091734,CH1,POWER,2.90
1765568091739,CH1,POWER,2.90
1765568091744,CH1,POWER,2.90
1765568091749,CH1,POWER,2.90
1765568091757,CH1,POWER,2.90
1765568091762,CH1,POWER,2.90
1765568091767,CH1,POWER,2.90
1765568091772,CH1,POWER,2.90
1765568091777,CH1,POWER,2.90
1765568091782,CH1,POWER,2.90
1765568091787,CH1,POWER,2.90
1765568091792,CH1,POWER,2.90
1765568091797,CH1,POWER,2.90
1765568091801,CH1,POWER,2.90
1765568091806,CH1,POWER,2.90
1765568091811,CH1,POWER,2.90
1765568091817,CH1,POWER,2.90
1765568091825,CH1,POWER,2.90
1765568091830,CH1,POWER,2.90
1765568091837,CH1,POWER,2.90
1765568091845,CH1,POWER,2.90
1765568091850,CH1,POWER,2.90
1765568091857,CH1,POWER,2.90
1765568091861,CH1,POWER,2.90
1765568091866,CH1,POWER,2.90
1765568091870,CH1,POWER,2.90
1765568091877,CH1,POWER,2.90
1765568091881,CH1,POWER,2.90
1765568091886,CH1,POWER,2.90
1765568091891,CH1,POWER,2.90
1765568091895,CH1,POWER,2.90
1765568091900,CH1,POWER,2.90
1765568091906,CH1,POWER,2.90
1765568091911,CH1,POWER,2.90
1765568091917,CH1,POWER,2.90
1765568091925,CH1,POWER,2.90
1765568091930,CH1,POWER,2.90
1765568091936,CH1,POWER,2.90
1765568091942,CH1,POWER,2.90
1765568091947,CH1,POWER,2.90
1765568091952,CH1,POWER,2.90
1765568091957,CH1,POWER,2.90
1765568091962,CH1,POWER,2.90
1765568091967,CH1,POWER,2.90
1765568091972,CH1,POWER,2.90
1765568091976,CH1,POWER,2.90
1765568091981,CH1,POWER,2.90
1765568091987,CH1,POWER,2.90
1765568091995,CH1,POWER,2.90
1765568092000,CH1,POWER,2.90
1765568092006,CH1,POWER,2.90
1765568092012,CH1,POWER,2.90
1765568092015,CH1,POWER,3.25
1765568092017,CH1,POWER,3.25
1765568092020,CH1,POWER,3.25
1765568092046,CH1,POWER,3.25
1765568092051,CH1,POWER,3.25
1765568092056,CH1,POWER,3.25
1765568092061,CH1,POWER,3.25
1765568092069,CH1,POWER,3.25
1765568092074,CH1,POWER,3.25
1765568092079,CH1,POWER,3.25
1765568092087,CH1,POWER,3.25
1765568092092,CH1,POWER,3.25
1765568092099,CH1,POWER,3.25
1765568092107,CH1,POWER,3.25
1765568092112,CH1,POWER,3.25
1765568092119,CH1,POWER,3.25
1765568092124,CH1,POWER,3.25
1765568092129,CH1,POWER,3.25
1765568092134,CH1,POWER,3.25
1765568092139,CH1,POWER,3.25
1765568092147,CH1,POWER,3.25
1765568092151,CH1,POWER,3.25
1765568092159,CH1,POWER,3.25
1765568092163,CH1,POWER,3.25
1765568092169,CH1,POWER,3.25
1765568092173,CH1,POWER,3.25
1765568092178,CH1,POWER,3.25
1765568092183,CH1,POWER,3.25
1765568092188,CH1,POWER,3.25
1765568092193,CH1,POWER,3.25
1765568092198,CH1,POWER,3.25
1765568092204,CH1,POWER,3.25
1765568092209,CH1,POWER,3.25
1765568092214,CH1,POWER,3.25
1765568092219,CH1,POWER,3.25
1765568092224,CH1,POWER,3.25
1765568092228,CH1,POWER,3.25
1765568092233,CH1,POWER,3.25
1765568092238,CH1,POWER,3.25
1765568092243,CH1,POWER,3.25
1765568092249,CH1,POWER,3.25
1765568092254,CH1,POWER,3.25
1765568092259,CH1,POWER,3.25
1765568092264,CH1,POWER,3.25
1765568092269,CH1,POWER,3.25
1765568092277,CH1,POWER,3.25
1765568092282,CH1,POWER,3.25
1765568092289,CH1,POWER,3.25
1765568092294,CH1,POWER,3.25
1765568092299,CH1,POWER,3.25
1765568092304,CH1,POWER,3.25
1765568092309,CH1,POWER,3.25
1765568092317,CH1,POWER,3.25
1765568092322,CH1,POWER,3.25
1765568092329,CH1,POWER,3.25
1765568092333,CH1,POWER,3.25
1765568092338,CH1,POWER,3.25
1765568092343,CH1,POWER,3.25
1765568092349,CH1,POWER,3.25
1765568092354,CH1,POWER,3.25
1765568092359,CH1,POWER,3.25
1765568092364,CH1,POWER,3.25
1765568092369,CH1,POWER,3.25
1765568092374,CH1,POWER,3.25
1765568092379,CH1,POWER,3.25
1765568092386,CH1,POWER,3.25
1765568092391,CH1,POWER,3.25
1765568092397,CH1,POWER,3.25
1765568092403,CH1,POWER,3.25
1765568092431,CH1,POWER,3.45
1765568092436,CH1,POWER,3.45
1765568092441,CH1,POWER,3.45
1765568092445,CH1,POWER,3.45
1765568092450,CH1,POWER,3.45
1765568092455,CH1,POWER,3.45
1765568092461,CH1,POWER,3.45
1765568092466,CH1,POWER,3.45
1765568092471,CH1,POWER,3.45
1765568092476,CH1,POWER,3.45
1765568092481,CH1,POWER,3.45
1765568092486,CH1,POWER,3.45
1765568092491,CH1,POWER,3.45
1765568092495,CH1,POWER,3.45
1765568092500,CH1,POWER,3.45
1765568092505,CH1,POWER,3.45
1765568092511,CH1,POWER,3.45
1765568092516,CH1,POWER,3.45
1765568092521,CH1,POWER,3.45
1765568092526,CH1,POWER,3.45
1765568092531,CH1,POWER,3.45
1765568092536,CH1,POWER,3.45
1765568092541,CH1,POWER,3.45
1765568092546,CH1,POWER,3.45
1765568092551,CH1,POWER,3.45
1765568092555,CH1,POWER,3.45
1765568092559,CH1,POWER,3.45
1765568092564,CH1,POWER,3.45
1765568092570,CH1,POWER,3.45
1765568092575,CH1,POWER,3.45
1765568092579,CH1,POWER,3.45
1765568092584,CH1,POWER,3.45
1765568092591,CH1,POWER,3.45
1765568092596,CH1,POWER,3.45
1765568092601,CH1,POWER,3.45
1765568092605,CH1,POWER,3.45
1765568092611,CH1,POWER,3.45
1765568092616,CH1,POWER,3.45
1765568092621,CH1,POWER,3.45
1765568092626,CH1,POWER,3.45
1765568092631,CH1,POWER,3.45
1765568092636,CH1,POWER,3.45
1765568092641,CH1,POWER,3.45
1765568092646,CH1,POWER,3.45
1765568092651,CH1,POWER,3.45
1765568092656,CH1,POWER,3.45
1765568092661,CH1,POWER,3.45
1765568092666,CH1,POWER,3.45
1765568092671,CH1,POWER,3.45
1765568092676,CH1,POWER,3.45
1765568092681,CH1,POWER,3.45
1765568092686,CH1,POWER,3.45
1765568092691,CH1,POWER,3.45
1765568092696,CH1,POWER,3.45
1765568092701,CH1,POWER,3.45
1765568092705,CH1,POWER,3.45
1765568092710,CH1,POWER,3.45
1765568092715,CH1,POWER,3.45
1765568092721,CH1,POWER,3.45
1765568092726,CH1,POWER,3.45
1765568092731,CH1,POWER,3.45
1765568092736,CH1,POWER,3.45
1765568092741,CH1,POWER,3.45
1765568092746,CH1,POWER,3.45
1765568092751,CH1,POWER,3.45
1765568092756,CH1,POWER,3.45
1765568092761,CH1,POWER,3.45
1765568092766,CH1,POWER,3.45
1765568092771,CH1,POWER,3.45
1765568092775,CH1,POWER,3.45
1765568092781,CH1,POWER,3.45
1765568092786,CH1,POWER,3.45
1765568092790,CH1,POWER,3.25
1765568092793,CH1,POWER,3.25
1765568092795,CH1,POWER,3.25
1765568092823,CH1,POWER,3.25
1765568092828,CH1,POWER,3.25
1765568092833,CH1,POWER,3.25
1765568092837,CH1,POWER,3.25
1765568092843,CH1,POWER,3.25
1765568092851,CH1,POWER,3.25
1765568092857,CH1,POWER,3.25
1765568092862,CH1,POWER,3.25
1765568092868,CH1,POWER,3.25
1765568092873,CH1,POWER,3.25
1765568092878,CH1,POWER,3.25
1765568092883,CH1,POWER,3.25
1765568092888,CH1,POWER,3.25
1765568092893,CH1,POWER,3.25
1765568092898,CH1,POWER,3.25
1765568092903,CH1,POWER,3.25
1765568092911,CH1,POWER,3.25
1765568092916,CH1,POWER,3.25
1765568092923,CH1,POWER,3.25
1765568092928,CH1,POWER,3.25
1765568092933,CH1,POWER,3.25
1765568092938,CH1,POWER,3.25
1765568092942,CH1,POWER,3.25
1765568092947,CH1,POWER,3.25
1765568092952,CH1,POWER,3.25
1765568092957,CH1,POWER,3.25
1765568092963,CH1,POWER,3.25
1765568092968,CH1,POWER,3.25
1765568092973,CH1,POWER,3.25
1765568092978,CH1,POWER,3.25
1765568092983,CH1,POWER,3.25
1765568092988,CH1,POWER,3.25
1765568092992,CH1,POWER,3.25
1765568092997,CH1,POWER,3.25
1765568093003,CH1,POWER,3.25
1765568093008,CH1,POWER,3.25
1765568093013,CH1,POWER,3.25
1765568093018,CH1,POWER,3.25
1765568093023,CH1,POWER,3.25
1765568093028,CH1,POWER,3.25
1765568093033,CH1,POWER,3.25
1765568093037,CH1,POWER,3.25
1765568093043,CH1,POWER,3.25
1765568093048,CH1,POWER,3.25
1765568093053,CH1,POWER,3.25
1765568093058,CH1,POWER,3.25
1765568093063,CH1,POWER,3.25
1765568093068,CH1,POWER,3.25
1765568093073,CH1,POWER,3.25
1765568093081,CH1,POWER,3.25
1765568093085,CH1,POWER,3.25
1765568093090,CH1,POWER,3.25
1765568093095,CH1,POWER,3.25
1765568093100,CH1,POWER,3.25
1765568093106,CH1,POWER,3.25
1765568093113,CH1,POWER,3.25
1765568093118,CH1,POWER,3.25
1765568093122,CH1,POWER,3.25
1765568093127,CH1,POWER,3.25
1765568093132,CH1,POWER,3.25
1765568093137,CH1,POWER,3.25
1765568093142,CH1,POWER,3.25
1765568093147,CH1,POWER,3.25
1765568093153,CH1,POWER,3.25
1765568093158,CH1,POWER,3.25
1765568093162,CH1,POWER,3.25
1765568093167,CH1,POWER,3.25
1765568093172,CH1,POWER,3.25
1765568093177,CH1,POWER,3.25
1765568093183,CH1,POWER,3.25
1765568093188,CH1,POWER,3.25
1765568093190,CH1,POWER,3.25
1765568093193,CH1,POWER,3.25
1765568093196,CH1,POWER,3.25
1765568093222,CH1,POWER,3.25
1765568093226,CH1,POWER,3.25
1765568093233,CH1,POWER,3.25
1765568093237,CH1,POWER,3.25
1765568093242,CH1,POWER,3.25
1765568093246,CH1,POWER,3.25
1765568093252,CH1,POWER,3.25
1765568093256,CH1,POWER,3.25
1765568093263,CH1,POWER,3.25
1765568093267,CH1,POWER,3.25
1765568093272,CH1,POWER,3.25
1765568093277,CH1,POWER,3.25
1765568093282,CH1,POWER,3.25
1765568093286,CH1,POWER,3.25
1765568093293,CH1,POWER,3.25
1765568093297,CH1,POWER,3.25
1765568093302,CH1,POWER,3.25
1765568093308,CH1,POWER,3.25
1765568093315,CH1,POWER,3.25
1765568093320,CH1,POWER,3.25
1765568093325,CH1,POWER,3.25
1765568093330,CH1,POWER,3.25
1765568093335,CH1,POWER,3.25
1765568093340,CH1,POWER,3.25
1765568093344,CH1,POWER,3.25
1765568093349,CH1,POWER,3.25
1765568093353,CH1,POWER,3.25
1765568093357,CH1,POWER,3.25
1765568093362,CH1,POWER,3.25
1765568093366,CH1,POWER,3.25
1765568093373,CH1,POWER,3.25
1765568093378,CH1,POWER,3.25
1765568093385,CH1,POWER,3.25
1765568093390,CH1,POWER,3.25
1765568093395,CH1,POWER,3.25
1765568093403,CH1,POWER,3.25
1765568093408,CH1,POWER,3.25
1765568093414,CH1,POWER,3.25
1765568093419,CH1,POWER,3.25
1765568093424,CH1,POWER,3.25
1765568093430,CH1,POWER,3.25
1765568093435,CH1,POWER,3.25
1765568093440,CH1,POWER,3.25
1765568093445,CH1,POWER,3.25
1765568093450,CH1,POWER,3.25
1765568093454,CH1,POWER,3.25
1765568093459,CH1,POWER,3.25
1765568093464,CH1,POWER,3.25
1765568093469,CH1,POWER,3.25
1765568093475,CH1,POWER,3.25
1765568093480,CH1,POWER,3.25
1765568093485,CH1,POWER,3.25
1765568093490,CH1,POWER,3.25
1765568093495,CH1,POWER,3.25
1765568093503,CH1,POWER,3.25
1765568093508,CH1,POWER,3.25
1765568093515,CH1,POWER,3.25
1765568093520,CH1,POWER,3.25
1765568093525,CH1,POWER,3.25
1765568093530,CH1,POWER,3.25
1765568093535,CH1,POWER,3.25
1765568093540,CH1,POWER,3.25
1765568093545,CH1,POWER,3.25
1765568093550,CH1,POWER,3.25
1765568093555,CH1,POWER,3.25
1765568093560,CH1,POWER,3.25
1765568093565,CH1,POWER,3.25
1765568093570,CH1,POWER,3.25
1765568093575,CH1,POWER,3.25
1765568093580,CH1,POWER,3.25
1765568093584,CH1,POWER,3.25
1765568093587,CH1,POWER,3.25
1765568093589,CH1,POWER,3.25
1765568093617,CH1,POWER,3.25
1765568093622,CH1,POWER,3.25
1765568093627,CH1,POWER,3.25
1765568093632,CH1,POWER,3.25
1765568093636,CH1,POWER,3.25
1765568093640,CH1,POWER,3.25
1765568093647,CH1,POWER,3.25
1765568093652,CH1,POWER,3.25
1765568093657,CH1,POWER,3.25
1765568093662,CH1,POWER,3.25
1765568093667,CH1,POWER,3.25
1765568093672,CH1,POWER,3.25
1765568093676,CH1,POWER,3.25
1765568093682,CH1,POWER,3.25
1765568093687,CH1,POWER,3.25
1765568093692,CH1,POWER,3.25
1765568093696,CH1,POWER,3.25
1765568093701,CH1,POWER,3.25
1765568093705,CH1,POWER,3.25
1765568093710,CH1,POWER,3.25
1765568093717,CH1,POWER,3.25
1765568093722,CH1,POWER,3.25
1765568093727,CH1,POWER,3.25
1765568093732,CH1,POWER,3.25
1765568093736,CH1,POWER,3.25
1765568093740,CH1,POWER,3.25
1765568093747,CH1,POWER,3.25
1765568093752,CH1,POWER,3.25
1765568093757,CH1,POWER,3.25
1765568093762,CH1,POWER,3.25
1765568093767,CH1,POWER,3.25
1765568093772,CH1,POWER,3.25
1765568093776,CH1,POWER,3.25
1765568093781,CH1,POWER,3.25
1765568093786,CH1,POWER,3.25
1765568093790,CH1,POWER,3.25
1765568093796,CH1,POWER,3.25
1765568093800,CH1,POWER,3.25
1765568093806,CH1,POWER,3.25
1765568093812,CH1,POWER,3.25
1765568093817,CH1,POWER,3.25
1765568093822,CH1,POWER,3.25
1765568093827,CH1,POWER,3.25
1765568093835,CH1,POWER,3.25
1765568093840,CH1,POWER,3.25
1765568093847,CH1,POWER,3.25
1765568093852,CH1,POWER,3.25
1765568093857,CH1,POWER,3.25
1765568093862,CH1,POWER,3.25
1765568093867,CH1,POWER,3.25
1765568093872,CH1,POWER,3.25
1765568093876,CH1,POWER,3.25
1765568093881,CH1,POWER,3.25
1765568093886,CH1,POWER,3.25
1765568093892,CH1,POWER,3.25
1765568093897,CH1,POWER,3.25
1765568093902,CH1,POWER,3.25
1765568093907,CH1,POWER,3.25
1765568093912,CH1,POWER,3.25
1765568093916,CH1,POWER,3.25
1765568093920,CH1,POWER,3.25
1765568093926,CH1,POWER,3.25
1765568093930,CH1,POWER,3.25
1765568093936,CH1,POWER,3.25
1765568093940,CH1,POWER,3.25
1765568093947,CH1,POWER,3.25
1765568093952,CH1,POWER,3.25
1765568093956,CH1,POWER,3.25
1765568093960,CH1,POWER,3.25
1765568093966,CH1,POWER,3.25
1765568093972,CH1,POWER,3.25
1765568093976,CH1,POWER,3.25
1765568093981,CH1,POWER,3.25
1765568094009,CH1,POWER,3.55
1765568094014,CH1,POWER,3.55
1765568094018,CH1,POWER,3.55
1765568094023,CH1,POWER,3.55
1765568094028,CH1,POWER,3.55
1765568094033,CH1,POWER,3.55
1765568094037,CH1,POWER,3.55
1765568094042,CH1,POWER,3.55
1765568094048,CH1,POWER,3.55
1765568094052,CH1,POWER,3.55
1765568094059,CH1,POWER,3.55
1765568094064,CH1,POWER,3.55
1765568094068,CH1,POWER,3.55
1765568094077,CH1,POWER,3.55
1765568094081,CH1,POWER,3.55
1765568094088,CH1,POWER,3.55
1765568094094,CH1,POWER,3.55
1765568094099,CH1,POWER,3.55
1765568094107,CH1,POWER,3.55
1765568094112,CH1,POWER,3.55
1765568094119,CH1,POWER,3.55
1765568094127,CH1,POWER,3.55
1765568094132,CH1,POWER,3.55
1765568094139,CH1,POWER,3.55
1765568094147,CH1,POWER,3.55
1765568094152,CH1,POWER,3.55
1765568094158,CH1,POWER,3.55
1765568094164,CH1,POWER,3.55
1765568094168,CH1,POWER,3.55
1765568094172,CH1,POWER,3.55
1765568094179,CH1,POWER,3.55
1765568094184,CH1,POWER,3.55
1765568094188,CH1,POWER,3.55
1765568094193,CH1,POWER,3.55
1765568094198,CH1,POWER,3.55
1765568094204,CH1,POWER,3.55
1765568094209,CH1,POWER,3.55
1765568094214,CH1,POWER,3.55
1765568094219,CH1,POWER,3.55
1765568094224,CH1,POWER,3.55
1765568094228,CH1,POWER,3.55
1765568094233,CH1,POWER,3.55
1765568094237,CH1,POWER,3.55
1765568094241,CH1,POWER,3.55
1765568094248,CH1,POWER,3.55
1765568094252,CH1,POWER,3.55
1765568094258,CH1,POWER,3.55
1765568094263,CH1,POWER,3.55
1765568094268,CH1,POWER,3.55
1765568094274,CH1,POWER,3.55
1765568094279,CH1,POWER,3.55
1765568094284,CH1,POWER,3.55
1765568094289,CH1,POWER,3.55
1765568094294,CH1,POWER,3.55
1765568094298,CH1,POWER,3.55
1765568094303,CH1,POWER,3.55
1765568094307,CH1,POWER,3.55
1765568094311,CH1,POWER,3.55
1765568094319,CH1,POWER,3.55
1765568094324,CH1,POWER,3.55
1765568094328,CH1,POWER,3.55
1765568094333,CH1,POWER,3.55
1765568094337,CH1,POWER,3.55
1765568094344,CH1,POWER,3.55
1765568094349,CH1,POWER,3.55
1765568094354,CH1,POWER,3.55
1765568094359,CH1,POWER,3.55
1765568094367,CH1,POWER,3.55
1765568094370,CH1,POWER,3.30
1765568094373,CH1,POWER,3.30
1765568094401,CH1,POWER,3.30
1765568094406,CH1,POWER,3.30
1765568094410,CH1,POWER,3.30
1765568094414,CH1,POWER,3.30
1765568094420,CH1,POWER,3.30
1765568094424,CH1,POWER,3.30
1765568094431,CH1,POWER,3.30
1765568094439,CH1,POWER,3.30
1765568094444,CH1,POWER,3.30
1765568094450,CH1,POWER,3.30
1765568094454,CH1,POWER,3.30
1765568094461,CH1,POWER,3.30
1765568094466,CH1,POWER,3.30
1765568094471,CH1,POWER,3.30
1765568094476,CH1,POWER,3.30
1765568094481,CH1,POWER,3.30
1765568094486,CH1,POWER,3.30
1765568094490,CH1,POWER,3.30
1765568094494,CH1,POWER,3.30
1765568094501,CH1,POWER,3.30
1765568094506,CH1,POWER,3.30
1765568094511,CH1,POWER,3.30
1765568094516,CH1,POWER,3.30
1765568094521,CH1,POWER,3.30
1765568094526,CH1,POWER,3.30
1765568094530,CH1,POWER,3.30
1765568094534,CH1,POWER,3.30
1765568094541,CH1,POWER,3.30
1765568094546,CH1,POWER,3.30
1765568094550,CH1,POWER,3.30
1765568094556,CH1,POWER,3.30
1765568094560,CH1,POWER,3.30
1765568094565,CH1,POWER,3.30
1765568094570,CH1,POWER,3.30
1765568094576,CH1,POWER,3.30
1765568094581,CH1,POWER,3.30
1765568094586,CH1,POWER,3.30
1765568094590,CH1,POWER,3.30
1765568094595,CH1,POWER,3.30
1765568094599,CH1,POWER,3.30
1765568094603,CH1,POWER,3.30
1765568094609,CH1,POWER,3.30
1765568094613,CH1,POWER,3.30
1765568094617,CH1,POWER,3.30
1765568094624,CH1,POWER,3.30
1765568094631,CH1,POWER,3.30
1765568094636,CH1,POWER,3.30
1765568094640,CH1,POWER,3.30
1765568094646,CH1,POWER,3.30
1765568094651,CH1,POWER,3.30
1765568094656,CH1,POWER,3.30
1765568094660,CH1,POWER,3.30
1765568094669,CH1,POWER,3.30
1765568094673,CH1,POWER,3.30
1765568094680,CH1,POWER,3.30
1765568094684,CH1,POWER,3.30
1765568094690,CH1,POWER,3.30
1765568094694,CH1,POWER,3.30
1765568094701,CH1,POWER,3.30
1765568094706,CH1,POWER,3.30
1765568094710,CH1,POWER,3.30
1765568094719,CH1,POWER,3.30
1765568094724,CH1,POWER,3.30
1765568094730,CH1,POWER,3.30
1765568094735,CH1,POWER,3.30
1765568094739,CH1,POWER,3.30
1765568094744,CH1,POWER,3.30
1765568094750,CH1,POWER,3.30
1765568094755,CH1,POWER,3.30
1765568094759,CH1,POWER,3.30
1765568094764,CH1,POWER,3.30
1765568094768,CH1,POWER,3.25
1765568094771,CH1,POWER,3.25
1765568094773,CH1,POWER,3.25
1765568094800,CH1,POWER,3.25
1765568094806,CH1,POWER,3.25
1765568094812,CH1,POWER,3.25
1765568094821,CH1,POWER,3.25
1765568094826,CH1,POWER,3.25
1765568094833,CH1,POWER,3.25
1765568094838,CH1,POWER,3.25
1765568094843,CH1,POWER,3.25
1765568094848,CH1,POWER,3.25
1765568094852,CH1,POWER,3.25
1765568094857,CH1,POWER,3.25
1765568094862,CH1,POWER,3.25
1765568094866,CH1,POWER,3.25
1765568094873,CH1,POWER,3.25
1765568094878,CH1,POWER,3.25
1765568094883,CH1,POWER,3.25
1765568094888,CH1,POWER,3.25
1765568094892,CH1,POWER,3.25
1765568094901,CH1,POWER,3.25
1765568094906,CH1,POWER,3.25
1765568094912,CH1,POWER,3.25
1765568094916,CH1,POWER,3.25
1765568094922,CH1,POWER,3.25
1765568094926,CH1,POWER,3.25
1765568094933,CH1,POWER,3.25
1765568094938,CH1,POWER,3.25
1765568094943,CH1,POWER,3.25
1765568094948,CH1,POWER,3.25
1765568094952,CH1,POWER,3.25
1765568094956,CH1,POWER,3.25
1765568094962,CH1,POWER,3.25
1765568094966,CH1,POWER,3.25
1765568094972,CH1,POWER,3.25
1765568094981,CH1,POWER,3.25
1765568094985,CH1,POWER,3.25
1765568094992,CH1,POWER,3.25
1765568094996,CH1,POWER,3.25
1765568095003,CH1,POWER,3.25
1765568095008,CH1,POWER,3.25
1765568095012,CH1,POWER,3.25
1765568095016,CH1,POWER,3.25
1765568095023,CH1,POWER,3.25
1765568095028,CH1,POWER,3.25
1765568095032,CH1,POWER,3.25
1765568095038,CH1,POWER,3.25
1765568095043,CH1,POWER,3.25
1765568095048,CH1,POWER,3.25
1765568095053,CH1,POWER,3.25
1765568095058,CH1,POWER,3.25
1765568095062,CH1,POWER,3.25
1765568095066,CH1,POWER,3.25
1765568095073,CH1,POWER,3.25
1765568095078,CH1,POWER,3.25
1765568095083,CH1,POWER,3.25
1765568095088,CH1,POWER,3.25
1765568095092,CH1,POWER,3.25
1765568095096,CH1,POWER,3.25
1765568095103,CH1,POWER,3.25
1765568095108,CH1,POWER,3.25
1765568095112,CH1,POWER,3.25
1765568095116,CH1,POWER,3.25
1765568095122,CH1,POWER,3.25
1765568095131,CH1,POWER,3.25
1765568095136,CH1,POWER,3.25
1765568095142,CH1,POWER,3.25
1765568095147,CH1,POWER,3.25
1765568095151,CH1,POWER,3.25
1765568095156,CH1,POWER,3.25
1765568095162,CH1,POWER,3.25
1765568095165,CH1,POWER,3.25
1765568095167,CH1,POWER,3.25
1765568095194,CH1,POWER,3.25
1765568095199,CH1,POWER,3.25
1765568095203,CH1,POWER,3.25
1765568095208,CH1,POWER,3.25
1765568095215,CH1,POWER,3.25
1765568095220,CH1,POWER,3.25
1765568095225,CH1,POWER,3.25
1765568095230,CH1,POWER,3.25
1765568095234,CH1,POWER,3.25
1765568095238,CH1,POWER,3.25
1765568095244,CH1,POWER,3.25
1765568095253,CH1,POWER,3.25
1765568095258,CH1,POWER,3.25
1765568095264,CH1,POWER,3.25
1765568095268,CH1,POWER,3.25
1765568095274,CH1,POWER,3.25
1765568095278,CH1,POWER,3.25
1765568095285,CH1,POWER,3.25
1765568095290,CH1,POWER,3.25
1765568095295,CH1,POWER,3.25
1765568095300,CH1,POWER,3.25
1765568095304,CH1,POWER,3.25
1765568095310,CH1,POWER,3.25
1765568095314,CH1,POWER,3.25
1765568095318,CH1,POWER,3.25
1765568095325,CH1,POWER,3.25
1765568095330,CH1,POWER,3.25
1765568095334,CH1,POWER,3.25
1765568095342,CH1,POWER,3.25
1765568095347,CH1,POWER,3.25
1765568095351,CH1,POWER,3.25
1765568095355,CH1,POWER,3.25
1765568095362,CH1,POWER,3.25
1765568095369,CH1,POWER,3.25
1765568095373,CH1,POWER,3.25
1765568095378,CH1,POWER,3.25
1765568095385,CH1,POWER,3.25
1765568095390,CH1,POWER,3.25
1765568095394,CH1,POWER,3.25
1765568095398,CH1,POWER,3.25
1765568095404,CH1,POWER,3.25
1765568095408,CH1,POWER,3.25
1765568095413,CH1,POWER,3.25
1765568095417,CH1,POWER,3.25
1765568095423,CH1,POWER,3.25
1765568095428,CH1,POWER,3.25
1765568095434,CH1,POWER,3.25
1765568095442,CH1,POWER,3.25
1765568095448,CH1,POWER,3.25
1765568095455,CH1,POWER,3.25
1765568095460,CH1,POWER,3.25
1765568095464,CH1,POWER,3.25
1765568095470,CH1,POWER,3.25
1765568095475,CH1,POWER,3.25
1765568095480,CH1,POWER,3.25
1765568095484,CH1,POWER,3.25
1765568095490,CH1,POWER,3.25
1765568095495,CH1,POWER,3.25
1765568095500,CH1,POWER,3.25
1765568095504,CH1,POWER,3.25
1765568095508,CH1,POWER,3.25
1765568095514,CH1,POWER,3.25
1765568095520,CH1,POWER,3.25
1765568095525,CH1,POWER,3.25
1765568095530,CH1,POWER,3.25
1765568095534,CH1,POWER,3.25
1765568095538,CH1,POWER,3.25
1765568095544,CH1,POWER,3.25
1765568095551,CH1,POWER,3.25
1765568095556,CH1,POWER,3.25
1765568095583,CH1,POWER,3.25
1765568095588,CH1,POWER,3.25
1765568095593,CH1,POWER,3.25
1765568095598,CH1,POWER,3.25
1765568095604,CH1,POWER,3.25
1765568095610,CH1,POWER,3.25
1765568095616,CH1,POWER,3.25
1765568095620,CH1,POWER,3.25
1765568095626,CH1,POWER,3.25
1765568095632,CH1,POWER,3.25
1765568095636,CH1,POWER,3.25
1765568095644,CH1,POWER,3.25
1765568095650,CH1,POWER,3.25
1765568095656,CH1,POWER,3.25
1765568095662,CH1,POWER,3.25
1765568095666,CH1,POWER,3.25
1765568095671,CH1,POWER,3.25
1765568095675,CH1,POWER,3.25
1765568095682,CH1,POWER,3.25
1765568095686,CH1,POWER,3.25
1765568095692,CH1,POWER,3.25
1765568095696,CH1,POWER,3.25
1765568095701,CH1,POWER,3.25
1765568095705,CH1,POWER,3.25
1765568095709,CH1,POWER,3.25
1765568095713,CH1,POWER,3.25
1765568095718,CH1,POWER,3.25
1765568095723,CH1,POWER,3.25
1765568095727,CH1,POWER,3.25
1765568095732,CH1,POWER,3.25
1765568095736,CH1,POWER,3.25
1765568095744,CH1,POWER,3.25
1765568095748,CH1,POWER,3.25
1765568095755,CH1,POWER,3.25
1765568095759,CH1,POWER,3.25
1765568095766,CH1,POWER,3.25
1765568095772,CH1,POWER,3.25
1765568095776,CH1,POWER,3.25
1765568095782,CH1,POWER,3.25
1765568095786,CH1,POWER,3.25
1765568095792,CH1,POWER,3.25
1765568095796,CH1,POWER,3.25
1765568095800,CH1,POWER,3.25
1765568095806,CH1,POWER,3.25
1765568095810,CH1,POWER,3.25
1765568095816,CH1,POWER,3.25
1765568095820,CH1,POWER,3.25
1765568095826,CH1,POWER,3.25
1765568095831,CH1,POWER,3.25
1765568095835,CH1,POWER,3.25
1765568095840,CH1,POWER,3.25
1765568095846,CH1,POWER,3.25
1765568095850,CH1,POWER,3.25
1765568095856,CH1,POWER,3.25
1765568095865,CH1,POWER,3.25
1765568095869,CH1,POWER,3.25
1765568095874,CH1,POWER,3.25
1765568095878,CH1,POWER,3.25
1765568095885,CH1,POWER,3.25
1765568095889,CH1,POWER,3.25
1765568095893,CH1,POWER,3.25
1765568095897,CH1,POWER,3.25
1765568095902,CH1,POWER,3.25
1765568095906,CH1,POWER,3.25
1765568095911,CH1,POWER,3.25
1765568095915,CH1,POWER,3.25
1765568095922,CH1,POWER,3.25
1765568095926,CH1,POWER,3.25
1765568095932,CH1,POWER,3.25
1765568095936,CH1,POWER,3.25
1765568095940,CH1,POWER,3.25
1765568095946,CH1,POWER,3.25
1765568095950,CH1,POWER,3.40
1765568095975,CH1,POWER,3.40
1765568095980,CH1,POWER,3.40
1765568095986,CH1,POWER,3.40
1765568095991,CH1,POWER,3.40
1765568095995,CH1,POWER,3.40
1765568096000,CH1,POWER,3.40
1765568096006,CH1,POWER,3.40
1765568096011,CH1,POWER,3.40
1765568096017,CH1,POWER,3.40
1765568096022,CH1,POWER,3.40
1765568096028,CH1,POWER,3.40
1765568096032,CH1,POWER,3.40
1765568096038,CH1,POWER,3.40
1765568096042,CH1,POWER,3.40
1765568096047,CH1,POWER,3.40
1765568096054,CH1,POWER,3.40
1765568096059,CH1,POWER,3.40
1765568096064,CH1,POWER,3.40
1765568096068,CH1,POWER,3.40
1765568096072,CH1,POWER,3.40
1765568096078,CH1,POWER,3.40
1765568096082,CH1,POWER,3.40
1765568096088,CH1,POWER,3.40
1765568096094,CH1,POWER,3.40
1765568096098,CH1,POWER,3.40
1765568096102,CH1,POWER,3.40
1765568096108,CH1,POWER,3.40
1765568096114,CH1,POWER,3.40
1765568096118,CH1,POWER,3.40
1765568096123,CH1,POWER,3.40
1765568096127,CH1,POWER,3.40
1765568096134,CH1,POWER,3.40
1765568096138,CH1,POWER,3.40
1765568096144,CH1,POWER,3.40
1765568096148,CH1,POWER,3.40
1765568096154,CH1,POWER,3.40
1765568096158,CH1,POWER,3.40
1765568096162,CH1,POWER,3.40
1765568096168,CH1,POWER,3.40
1765568096172,CH1,POWER,3.40
1765568096178,CH1,POWER,3.40
1765568096182,CH1,POWER,3.40
1765568096188,CH1,POWER,3.40
1765568096192,CH1,POWER,3.40
1765568096198,CH1,POWER,3.40
1765568096202,CH1,POWER,3.40
1765568096208,CH1,POWER,3.40
1765568096212,CH1,POWER,3.40
1765568096218,CH1,POWER,3.40
1765568096222,CH1,POWER,3.40
1765568096228,CH1,POWER,3.40
1765568096234,CH1,POWER,3.40
1765568096239,CH1,POWER,3.40
1765568096244,CH1,POWER,3.40
1765568096249,CH1,POWER,3.40
1765568096254,CH1,POWER,3.40
1765568096258,CH1,POWER,3.40
1765568096262,CH1,POWER,3.40
1765568096268,CH1,POWER,3.40
1765568096274,CH1,POWER,3.40
1765568096278,CH1,POWER,3.40
1765568096284,CH1,POWER,3.40
1765568096288,CH1,POWER,3.40
1765568096292,CH1,POWER,3.40
1765568096298,CH1,POWER,3.40
1765568096302,CH1,POWER,3.40
1765568096308,CH1,POWER,3.40
1765568096314,CH1,POWER,3.40
1765568096318,CH1,POWER,3.40
1765568096322,CH1,POWER,3.40
1765568096328,CH1,POWER,3.40
1765568096335,CH1,POWER,3.40
1765568096338,CH1,POWER,3.55
1765568096340,CH1,POWER,3.55
1765568096343,CH1,POWER,3.55
1765568096370,CH1,POWER,3.55
1765568096376,CH1,POWER,3.55
1765568096380,CH1,POWER,3.55
1765568096384,CH1,POWER,3.55
1765568096390,CH1,POWER,3.55
1765568096398,CH1,POWER,3.55
1765568096404,CH1,POWER,3.55
1765568096409,CH1,POWER,3.55
1765568096413,CH1,POWER,3.55
1765568096417,CH1,POWER,3.55
1765568096423,CH1,POWER,3.55
1765568096427,CH1,POWER,3.55
1765568096431,CH1,POWER,3.55
1765568096436,CH1,POWER,3.55
1765568096440,CH1,POWER,3.55
1765568096448,CH1,POWER,3.55
1765568096454,CH1,POWER,3.55
1765568096459,CH1,POWER,3.55
1765568096463,CH1,POWER,3.55
1765568096470,CH1,POWER,3.55
1765568096474,CH1,POWER,3.55
1765568096480,CH1,POWER,3.55
1765568096484,CH1,POWER,3.55
1765568096490,CH1,POWER,3.55
1765568096496,CH1,POWER,3.55
1765568096500,CH1,POWER,3.55
1765568096508,CH1,POWER,3.55
1765568096513,CH1,POWER,3.55
1765568096520,CH1,POWER,3.55
1765568096524,CH1,POWER,3.55
1765568096529,CH1,POWER,3.55
1765568096536,CH1,POWER,3.55
1765568096540,CH1,POWER,3.55
1765568096546,CH1,POWER,3.55
1765568096550,CH1,POWER,3.55
1765568096556,CH1,POWER,3.55
1765568096560,CH1,POWER,3.55
1765568096564,CH1,POWER,3.55
1765568096570,CH1,POWER,3.55
1765568096576,CH1,POWER,3.55
1765568096580,CH1,POWER,3.55
1765568096586,CH1,POWER,3.55
1765568096590,CH1,POWER,3.55
1765568096594,CH1,POWER,3.55
1765568096600,CH1,POWER,3.55
1765568096604,CH1,POWER,3.55
1765568096610,CH1,POWER,3.55
1765568096616,CH1,POWER,3.55
1765568096620,CH1,POWER,3.55
1765568096626,CH1,POWER,3.55
1765568096630,CH1,POWER,3.55
1765568096634,CH1,POWER,3.55
1765568096640,CH1,POWER,3.55
1765568096644,CH1,POWER,3.55
1765568096650,CH1,POWER,3.55
1765568096656,CH1,POWER,3.55
1765568096660,CH1,POWER,3.55
1765568096666,CH1,POWER,3.55
1765568096670,CH1,POWER,3.55
1765568096678,CH1,POWER,3.55
1765568096683,CH1,POWER,3.55
1765568096690,CH1,POWER,3.55
1765568096694,CH1,POWER,3.55
1765568096699,CH1,POWER,3.55
1765568096706,CH1,POWER,3.55
1765568096710,CH1,POWER,3.55
1765568096716,CH1,POWER,3.55
1765568096720,CH1,POWER,3.55
1765568096728,CH1,POWER,3.55
1765568096733,CH1,POWER,3.55
1765568096759,CH1,POWER,3.40
1765568096764,CH1,POWER,3.40
1765568096769,CH1,POWER,3.40
1765568096775,CH1,POWER,3.40
1765568096779,CH1,POWER,3.40
1765568096783,CH1,POWER,3.40
1765568096788,CH1,POWER,3.40
1765568096792,CH1,POWER,3.40
1765568096796,CH1,POWER,3.40
1765568096802,CH1,POWER,3.40
1765568096808,CH1,POWER,3.40
1765568096812,CH1,POWER,3.40
1765568096816,CH1,POWER,3.40
1765568096821,CH1,POWER,3.40
1765568096828,CH1,POWER,3.40
1765568096832,CH1,POWER,3.40
1765568096838,CH1,POWER,3.40
1765568096842,CH1,POWER,3.40
1765568096846,CH1,POWER,3.40
1765568096851,CH1,POWER,3.40
1765568096855,CH1,POWER,3.40
1765568096862,CH1,POWER,3.40
1765568096868,CH1,POWER,3.40
1765568096872,CH1,POWER,3.40
1765568096876,CH1,POWER,3.40
1765568096881,CH1,POWER,3.40
1765568096885,CH1,POWER,3.40
1765568096892,CH1,POWER,3.40
1765568096898,CH1,POWER,3.40
1765568096902,CH1,POWER,3.40
1765568096906,CH1,POWER,3.40
1765568096912,CH1,POWER,3.40
1765568096916,CH1,POWER,3.40
1765568096922,CH1,POWER,3.40
1765568096928,CH1,POWER,3.40
1765568096932,CH1,POWER,3.40
1765568096936,CH1,POWER,3.40
1765568096942,CH1,POWER,3.40
1765568096946,CH1,POWER,3.40
1765568096951,CH1,POWER,3.40
1765568096956,CH1,POWER,3.40
1765568096961,CH1,POWER,3.40
1765568096966,CH1,POWER,3.40
1765568096972,CH1,POWER,3.40
1765568096976,CH1,POWER,3.40
1765568096982,CH1,POWER,3.40
1765568096988,CH1,POWER,3.40
1765568096992,CH1,POWER,3.40
1765568096996,CH1,POWER,3.40
1765568097002,CH1,POWER,3.40
1765568097006,CH1,POWER,3.40
1765568097011,CH1,POWER,3.40
1765568097018,CH1,POWER,3.40
1765568097022,CH1,POWER,3.40
1765568097028,CH1,POWER,3.40
1765568097032,CH1,POWER,3.40
1765568097036,CH1,POWER,3.40
1765568097042,CH1,POWER,3.40
1765568097046,CH1,POWER,3.40
1765568097052,CH1,POWER,3.40
1765568097058,CH1,POWER,3.40
1765568097062,CH1,POWER,3.40
1765568097066,CH1,POWER,3.40
1765568097071,CH1,POWER,3.40
1765568097078,CH1,POWER,3.40
1765568097082,CH1,POWER,3.40
1765568097090,CH1,POWER,3.40
1765568097095,CH1,POWER,3.40
1765568097101,CH1,POWER,3.40
1765568097106,CH1,POWER,3.40
1765568097112,CH1,POWER,3.40
1765568097118,CH1,POWER,3.40
1765568097122,CH1,POWER,3.40
1765568097128,CH1,POWER,3.40
1765568097130,CH1,POWER,2.95
1765568097133,CH1,POWER,2.95
1765568097136,CH1,POWER,2.95
1765568097163,CH1,POWER,2.95
1765568097170,CH1,POWER,2.95
1765568097174,CH1,POWER,2.95
1765568097178,CH1,POWER,2.95
1765568097183,CH1,POWER,2.95
1765568097187,CH1,POWER,2.95
1765568097191,CH1,POWER,2.95
1765568097195,CH1,POWER,2.95
1765568097200,CH1,POWER,2.95
1765568097204,CH1,POWER,2.95
1765568097212,CH1,POWER,2.95
1765568097218,CH1,POWER,2.95
1765568097223,CH1,POWER,2.95
1765568097227,CH1,POWER,2.95
1765568097231,CH1,POWER,2.95
1765568097235,CH1,POWER,2.95
1765568097241,CH1,POWER,2.95
1765568097246,CH1,POWER,2.95
1765568097254,CH1,POWER,2.95
1765568097260,CH1,POWER,2.95
1765568097264,CH1,POWER,2.95
1765568097270,CH1,POWER,2.95
1765568097274,CH1,POWER,2.95
1765568097282,CH1,POWER,2.95
1765568097286,CH1,POWER,2.95
1765568097292,CH1,POWER,2.95
1765568097297,CH1,POWER,2.95
1765568097301,CH1,POWER,2.95
1765568097305,CH1,POWER,2.95
1765568097310,CH1,POWER,2.95
1765568097314,CH1,POWER,2.95
1765568097318,CH1,POWER,2.95
1765568097324,CH1,POWER,2.95
1765568097328,CH1,POWER,2.95
1765568097333,CH1,POWER,2.95
1765568097337,CH1,POWER,2.95
1765568097341,CH1,POWER,2.95
1765568097347,CH1,POWER,2.95
1765568097351,CH1,POWER,2.95
1765568097355,CH1,POWER,2.95
1765568097362,CH1,POWER,2.95
1765568097366,CH1,POWER,2.95
1765568097371,CH1,POWER,2.95
1765568097376,CH1,POWER,2.95
1765568097382,CH1,POWER,2.95
1765568097387,CH1,POWER,2.95
1765568097391,CH1,POWER,2.95
1765568097395,CH1,POWER,2.95
1765568097400,CH1,POWER,2.95
1765568097404,CH1,POWER,2.95
1765568097410,CH1,POWER,2.95
1765568097414,CH1,POWER,2.95
1765568097418,CH1,POWER,2.95
1765568097423,CH1,POWER,2.95
1765568097427,CH1,POWER,2.95
1765568097434,CH1,POWER,2.95
1765568097440,CH1,POWER,2.95
1765568097444,CH1,POWER,2.95
1765568097448,CH1,POWER,2.95
1765568097454,CH1,POWER,2.95
1765568097460,CH1,POWER,2.95
1765568097464,CH1,POWER,2.95
1765568097468,CH1,POWER,2.95
1765568097474,CH1,POWER,2.95
1765568097480,CH1,POWER,2.95
1765568097484,CH1,POWER,2.95
1765568097488,CH1,POWER,2.95
1765568097494,CH1,POWER,2.95
1765568097500,CH1,POWER,2.95
1765568097504,CH1,POWER,2.95
1765568097508,CH1,POWER,2.95
1765568097513,CH1,POWER,2.95
1765568097517,CH1,POWER,2.95
1765568097521,CH1,POWER,2.95
1765568097525,CH1,POWER,2.95
1765568097532,CH1,POWER,2.95
1765568097536,CH1,POWER,2.95
1765568097539,CH1,POWER,2.90
1765568097566,CH1,POWER,2.90
1765568097572,CH1,POWER,2.90
1765568097576,CH1,POWER,2.90
1765568097580,CH1,POWER,2.90
1765568097585,CH1,POWER,2.90
1765568097590,CH1,POWER,2.90
1765568097596,CH1,POWER,2.90
1765568097600,CH1,POWER,2.90
1765568097605,CH1,POWER,2.90
1765568097609,CH1,POWER,2.90
1765568097613,CH1,POWER,2.90
1765568097618,CH1,POWER,2.90
1765568097624,CH1,POWER,2.90
1765568097630,CH1,POWER,2.90
1765568097635,CH1,POWER,2.90
1765568097639,CH1,POWER,2.90
1765568097646,CH1,POWER,2.90
1765568097650,CH1,POWER,2.90
1765568097655,CH1,POWER,2.90
1765568097659,CH1,POWER,2.90
1765568097666,CH1,POWER,2.90
1765568097672,CH1,POWER,2.90
1765568097676,CH1,POWER,2.90
1765568097682,CH1,POWER,2.90
1765568097686,CH1,POWER,2.90
1765568097690,CH1,POWER,2.90
1765568097696,CH1,POWER,2.90
1765568097702,CH1,POWER,2.90
1765568097706,CH1,POWER,2.90
1765568097710,CH1,POWER,2.90
1765568097716,CH1,POWER,2.90
1765568097720,CH1,POWER,2.90
1765568097726,CH1,POWER,2.90
1765568097732,CH1,POWER,2.90
1765568097736,CH1,POWER,2.90
1765568097740,CH1,POWER,2.90
1765568097746,CH1,POWER,2.90
1765568097752,CH1,POWER,2.90
1765568097756,CH1,POWER,2.90
1765568097762,CH1,POWER,2.90
1765568097766,CH1,POWER,2.90
1765568097770,CH1,POWER,2.90
1765568097776,CH1,POWER,2.90
1765568097780,CH1,POWER,2.90
1765568097786,CH1,POWER,2.90
1765568097792,CH1,POWER,2.90
1765568097796,CH1,POWER,2.90
1765568097802,CH1,POWER,2.90
1765568097806,CH1,POWER,2.90
1765568097812,CH1,POWER,2.90
1765568097816,CH1,POWER,2.90
1765568097822,CH1,POWER,2.90
1765568097826,CH1,POWER,2.90
1765568097830,CH1,POWER,2.90
1765568097836,CH1,POWER,2.90
1765568097840,CH1,POWER,2.90
1765568097846,CH1,POWER,2.90
1765568097852,CH1,POWER,2.90
1765568097856,CH1,POWER,2.90
1765568097860,CH1,POWER,2.90
1765568097865,CH1,POWER,2.90
1765568097870,CH1,POWER,2.90
1765568097876,CH1,POWER,2.90
1765568097882,CH1,POWER,2.90
1765568097886,CH1,POWER,2.90
1765568097890,CH1,POWER,2.90
1765568097896,CH1,POWER,2.90
1765568097900,CH1,POWER,2.90
1765568097906,CH1,POWER,2.90
1765568097910,CH1,POWER,2.90
1765568097916,CH1,POWER,2.90
1765568097922,CH1,POWER,2.90
1765568097926,CH1,POWER,2.90
1765568097929,CH1,POWER,3.10
1765568097954,CH1,POWER,3.10
1765568097958,CH1,POWER,3.10
1765568097964,CH1,POWER,3.10
1765568097968,CH1,POWER,3.10
1765568097972,CH1,POWER,3.10
1765568097977,CH1,POWER,3.10
1765568097981,CH1,POWER,3.10
1765568097985,CH1,POWER,3.10
1765568097989,CH1,POWER,3.10
1765568097994,CH1,POWER,3.10
1765568097998,CH1,POWER,3.10
1765568098004,CH1,POWER,3.10
1765568098008,CH1,POWER,3.10
1765568098014,CH1,POWER,3.10
1765568098018,CH1,POWER,3.10
1765568098022,CH1,POWER,3.10
1765568098028,CH1,POWER,3.10
1765568098034,CH1,POWER,3.10
1765568098038,CH1,POWER,3.10
1765568098044,CH1,POWER,3.10
1765568098048,CH1,POWER,3.10
1765568098056,CH1,POWER,3.10
1765568098061,CH1,POWER,3.10
1765568098068,CH1,POWER,3.10
1765568098074,CH1,POWER,3.10
1765568098078,CH1,POWER,3.10
1765568098084,CH1,POWER,3.10
1765568098088,CH1,POWER,3.10
1765568098092,CH1,POWER,3.10
1765568098098,CH1,POWER,3.10
1765568098102,CH1,POWER,3.10
1765568098107,CH1,POWER,3.10
1765568098111,CH1,POWER,3.10
1765568098118,CH1,POWER,3.10
1765568098124,CH1,POWER,3.10
1765568098128,CH1,POWER,3.10
1765568098134,CH1,POWER,3.10
1765568098138,CH1,POWER,3.10
1765568098142,CH1,POWER,3.10
1765568098147,CH1,POWER,3.10
1765568098151,CH1,POWER,3.10
1765568098155,CH1,POWER,3.10
1765568098159,CH1,POWER,3.10
1765568098166,CH1,POWER,3.10
1765568098170,CH1,POWER,3.10
1765568098175,CH1,POWER,3.10
1765568098180,CH1,POWER,3.10
1765568098185,CH1,POWER,3.10
1765568098189,CH1,POWER,3.10
1765568098196,CH1,POWER,3.10
1765568098200,CH1,POWER,3.10
1765568098205,CH1,POWER,3.10
1765568098209,CH1,POWER,3.10
1765568098216,CH1,POWER,3.10
1765568098220,CH1,POWER,3.10
1765568098226,CH1,POWER,3.10
1765568098230,CH1,POWER,3.10
1765568098236,CH1,POWER,3.10
1765568098240,CH1,POWER,3.10
1765568098246,CH1,POWER,3.10
1765568098250,CH1,POWER,3.10
1765568098258,CH1,POWER,3.10
1765568098262,CH1,POWER,3.10
1765568098268,CH1,POWER,3.10
1765568098274,CH1,POWER,3.10
1765568098278,CH1,POWER,3.10
1765568098284,CH1,POWER,3.10
1765568098288,CH1,POWER,3.10
1765568098292,CH1,POWER,3.10
1765568098298,CH1,POWER,3.10
1765568098304,CH1,POWER,3.10
1765568098308,CH1,POWER,3.10
1765568098312,CH1,POWER,3.10
1765568098318,CH1,POWER,3.10
1765568098324,CH1,POWER,3.10
1765568098328,CH1,POWER,3.10
1765568098334,CH1,POWER,3.10
1765568098336,CH1,POWER,3.60
1765568098339,CH1,POWER,3.60
1765568098341,CH1,POWER,3.60
1765568098367,CH1,POWER,3.60
1765568098372,CH1,POWER,3.60
1765568098377,CH1,POWER,3.60
1765568098381,CH1,POWER,3.60
1765568098386,CH1,POWER,3.60
1765568098390,CH1,POWER,3.60
1765568098394,CH1,POWER,3.60
1765568098400,CH1,POWER,3.60
1765568098406,CH1,POWER,3.60
1765568098410,CH1,POWER,3.60
1765568098416,CH1,POWER,3.60
1765568098420,CH1,POWER,3.60
1765568098424,CH1,POWER,3.60
1765568098430,CH1,POWER,3.60
1765568098438,CH1,POWER,3.60
1765568098443,CH1,POWER,3.60
1765568098450,CH1,POWER,3.60
1765568098454,CH1,POWER,3.60
1765568098459,CH1,POWER,3.60
1765568098463,CH1,POWER,3.60
1765568098467,CH1,POWER,3.60
1765568098473,CH1,POWER,3.60
1765568098477,CH1,POWER,3.60
1765568098481,CH1,POWER,3.60
1765568098488,CH1,POWER,3.60
1765568098492,CH1,POWER,3.60
1765568098497,CH1,POWER,3.60
1765568098501,CH1,POWER,3.60
1765568098506,CH1,POWER,3.60
1765568098510,CH1,POWER,3.60
1765568098518,CH1,POWER,3.60
1765568098523,CH1,POWER,3.60
1765568098530,CH1,POWER,3.60
1765568098534,CH1,POWER,3.60
1765568098539,CH1,POWER,3.60
1765568098543,CH1,POWER,3.60
1765568098547,CH1,POWER,3.60
1765568098552,CH1,POWER,3.60
1765568098558,CH1,POWER,3.60
1765568098564,CH1,POWER,3.60
1765568098570,CH1,POWER,3.60
1765568098574,CH1,POWER,3.60
1765568098579,CH1,POWER,3.60
1765568098583,CH1,POWER,3.60
1765568098589,CH1,POWER,3.60
1765568098594,CH1,POWER,3.60
1765568098599,CH1,POWER,3.60
1765568098604,CH1,POWER,3.60
1765568098610,CH1,POWER,3.60
1765568098616,CH1,POWER,3.60
1765568098620,CH1,POWER,3.60
1765568098624,CH1,POWER,3.60
1765568098630,CH1,POWER,3.60
1765568098636,CH1,POWER,3.60
1765568098640,CH1,POWER,3.60
1765568098644,CH1,POWER,3.60
1765568098650,CH1,POWER,3.60
1765568098656,CH1,POWER,3.60
1765568098660,CH1,POWER,3.60
1765568098668,CH1,POWER,3.60
1765568098673,CH1,POWER,3.60
1765568098680,CH1,POWER,3.60
1765568098684,CH1,POWER,3.60
1765568098690,CH1,POWER,3.60
1765568098694,CH1,POWER,3.60
1765568098700,CH1,POWER,3.60
1765568098706,CH1,POWER,3.60
1765568098710,CH1,POWER,3.60
1765568098716,CH1,POWER,3.60
1765568098720,CH1,POWER,3.60
1765568098724,CH1,POWER,3.60
1765568098729,CH1,POWER,3.60
1765568098733,CH1,POWER,3.60
1765568098740,CH1,POWER,3.60
1765568098743,CH1,POWER,3.25
1765568098768,CH1,POWER,3.25
1765568098773,CH1,POWER,3.25
1765568098780,CH1,POWER,3.25
1765568098786,CH1,POWER,3.25
1765568098791,CH1,POWER,3.25
1765568098795,CH1,POWER,3.25
1765568098801,CH1,POWER,3.25
1765568098805,CH1,POWER,3.25
1765568098811,CH1,POWER,3.25
1765568098815,CH1,POWER,3.25
1765568098819,CH1,POWER,3.25
1765568098823,CH1,POWER,3.25
1765568098830,CH1,POWER,3.25
1765568098834,CH1,POWER,3.25
1765568098839,CH1,POWER,3.25
1765568098844,CH1,POWER,3.25
1765568098850,CH1,POWER,3.25
1765568098855,CH1,POWER,3.25
1765568098859,CH1,POWER,3.25
1765568098865,CH1,POWER,3.25
1765568098872,CH1,POWER,3.25
1765568098878,CH1,POWER,3.25
1765568098882,CH1,POWER,3.25
1765568098886,CH1,POWER,3.25
1765568098891,CH1,POWER,3.25
1765568098896,CH1,POWER,3.25
1765568098902,CH1,POWER,3.25
1765568098906,CH1,POWER,3.25
1765568098911,CH1,POWER,3.25
1765568098915,CH1,POWER,3.25
1765568098919,CH1,POWER,3.25
1765568098923,CH1,POWER,3.25
1765568098929,CH1,POWER,3.25
1765568098934,CH1,POWER,3.25
1765568098939,CH1,POWER,3.25
1765568098943,CH1,POWER,3.25
1765568098948,CH1,POWER,3.25
1765568098952,CH1,POWER,3.25
1765568098956,CH1,POWER,3.25
1765568098962,CH1,POWER,3.25
1765568098968,CH1,POWER,3.25
1765568098972,CH1,POWER,3.25
1765568098980,CH1,POWER,3.25
1765568098984,CH1,POWER,3.25
1765568098990,CH1,POWER,3.25
1765568098994,CH1,POWER,3.25
1765568099000,CH1,POWER,3.25
1765568099005,CH1,POWER,3.25
1765568099009,CH1,POWER,3.25
1765568099013,CH1,POWER,3.25
1765568099019,CH1,POWER,3.25
1765568099023,CH1,POWER,3.25
1765568099030,CH1,POWER,3.25
1765568099034,CH1,POWER,3.25
1765568099040,CH1,POWER,3.25
1765568099045,CH1,POWER,3.25
1765568099049,CH1,POWER,3.25
1765568099054,CH1,POWER,3.25
1765568099060,CH1,POWER,3.25
1765568099065,CH1,POWER,3.25
1765568099071,CH1,POWER,3.25
1765568099075,CH1,POWER,3.25
1765568099081,CH1,POWER,3.25
1765568099088,CH1,POWER,3.25
1765568099092,CH1,POWER,3.25
1765568099098,CH1,POWER,3.25
1765568099102,CH1,POWER,3.25
1765568099108,CH1,POWER,3.25
1765568099112,CH1,POWER,3.25
1765568099116,CH1,POWER,3.25
1765568099121,CH1,POWER,3.25
1765568099125,CH1,POWER,3.25
1765568099129,CH1,POWER,3.25
1765568099134,CH1,POWER,3.25
1765568099139,CH1,POWER,3.25
1765568099142,CH1,POWER,3.25
1765568099144,CH1,POWER,3.25
1765568099147,CH1,POWER,3.25
1765568099174,CH1,POWER,3.25
1765568099180,CH1,POWER,3.25
1765568099184,CH1,POWER,3.25
1765568099190,CH1,POWER,3.25
1765568099194,CH1,POWER,3.25
1765568099200,CH1,POWER,3.25
1765568099204,CH1,POWER,3.25
1765568099209,CH1,POWER,3.25
1765568099214,CH1,POWER,3.25
1765568099220,CH1,POWER,3.25
1765568099224,CH1,POWER,3.25
1765568099229,CH1,POWER,3.25
1765568099234,CH1,POWER,3.25
1765568099240,CH1,POWER,3.25
1765568099244,CH1,POWER,3.25
1765568099250,CH1,POWER,3.25
1765568099254,CH1,POWER,3.25
1765568099262,CH1,POWER,3.25
1765568099267,CH1,POWER,3.25
1765568099271,CH1,POWER,3.25
1765568099276,CH1,POWER,3.25
1765568099282,CH1,POWER,3.25
1765568099287,CH1,POWER,3.25
1765568099291,CH1,POWER,3.25
1765568099295,CH1,POWER,3.25
1765568099302,CH1,POWER,3.25
1765568099306,CH1,POWER,3.25
1765568099312,CH1,POWER,3.25
1765568099317,CH1,POWER,3.25
1765568099324,CH1,POWER,3.25
1765568099330,CH1,POWER,3.25
1765568099334,CH1,POWER,3.25
1765568099340,CH1,POWER,3.25
1765568099344,CH1,POWER,3.25
1765568099350,CH1,POWER,3.25
1765568099354,CH1,POWER,3.25
1765568099360,CH1,POWER,3.25
1765568099364,CH1,POWER,3.25
1765568099372,CH1,POWER,3.25
1765568099377,CH1,POWER,3.25
1765568099384,CH1,POWER,3.25
1765568099390,CH1,POWER,3.25
1765568099394,CH1,POWER,3.25
1765568099398,CH1,POWER,3.25
1765568099404,CH1,POWER,3.25
1765568099408,CH1,POWER,3.25
1765568099413,CH1,POWER,3.25
1765568099420,CH1,POWER,3.25
1765568099424,CH1,POWER,3.25
1765568099430,CH1,POWER,3.25
1765568099434,CH1,POWER,3.25
1765568099442,CH1,POWER,3.25
1765568099448,CH1,POWER,3.25
1765568099453,CH1,POWER,3.25
1765568099457,CH1,POWER,3.25
1765568099461,CH1,POWER,3.25
1765568099466,CH1,POWER,3.25
1765568099471,CH1,POWER,3.25
1765568099476,CH1,POWER,3.25
1765568099482,CH1,POWER,3.25
1765568099486,CH1,POWER,3.25
1765568099491,CH1,POWER,3.25
1765568099495,CH1,POWER,3.25
1765568099501,CH1,POWER,3.25
1765568099506,CH1,POWER,3.25
1765568099512,CH1,POWER,3.25
1765568099517,CH1,POWER,3.25
1765568099521,CH1,POWER,3.25
1765568099526,CH1,POWER,3.25
1765568099532,CH1,POWER,3.25
1765568099537,CH1,POWER,3.25
1765568099542,CH1,POWER,3.25
1765568099544,CH1,POWER,3.25
1765568099547,CH1,POWER,3.25
1765568099572,CH1,POWER,3.25
1765568099577,CH1,POWER,3.25
1765568099584,CH1,POWER,3.25
1765568099589,CH1,POWER,3.25
1765568099596,CH1,POWER,3.25
1765568099604,CH1,POWER,3.25
1765568099609,CH1,POWER,3.25
1765568099613,CH1,POWER,3.25
1765568099618,CH1,POWER,3.25
1765568099624,CH1,POWER,3.25
1765568099629,CH1,POWER,3.25
1765568099636,CH1,POWER,3.25
1765568099640,CH1,POWER,3.25
1765568099645,CH1,POWER,3.25
1765568099649,CH1,POWER,3.25
1765568099655,CH1,POWER,3.25
1765568099660,CH1,POWER,3.25
1765568099666,CH1,POWER,3.25
1765568099670,CH1,POWER,3.25
1765568099676,CH1,POWER,3.25
1765568099684,CH1,POWER,3.25
1765568099689,CH1,POWER,3.25
1765568099693,CH1,POWER,3.25
1765568099698,CH1,POWER,3.25
1765568099703,CH1,POWER,3.25
1765568099708,CH1,POWER,3.25
1765568099713,CH1,POWER,3.25
1765568099719,CH1,POWER,3.25
1765568099726,CH1,POWER,3.25
1765568099731,CH1,POWER,3.25
1765568099736,CH1,POWER,3.25
1765568099741,CH1,POWER,3.25
1765568099746,CH1,POWER,3.25
1765568099752,CH1,POWER,3.25
1765568099756,CH1,POWER,3.25
1765568099762,CH1,POWER,3.25
1765568099766,CH1,POWER,3.25
1765568099771,CH1,POWER,3.25
1765568099776,CH1,POWER,3.25
1765568099782,CH1,POWER,3.25
1765568099786,CH1,POWER,3.25
1765568099794,CH1,POWER,3.25
1765568099799,CH1,POWER,3.25
1765568099806,CH1,POWER,3.25
1765568099812,CH1,POWER,3.25
1765568099816,CH1,POWER,3.25
1765568099824,CH1,POWER,3.25
1765568099829,CH1,POWER,3.25
1765568099836,CH1,POWER,3.25
1765568099842,CH1,POWER,3.25
1765568099846,CH1,POWER,3.25
1765568099852,CH1,POWER,3.25
1765568099856,CH1,POWER,3.25
1765568099861,CH1,POWER,3.25
1765568099866,CH1,POWER,3.25
1765568099870,CH1,POWER,3.25
1765568099875,CH1,POWER,3.25
1765568099879,CH1,POWER,3.25
1765568099883,CH1,POWER,3.25
1765568099888,CH1,POWER,3.25
1765568099894,CH1,POWER,3.25
1765568099899,CH1,POWER,3.25
1765568099906,CH1,POWER,3.25
1765568099914,CH1,POWER,3.25
1765568099919,CH1,POWER,3.25
1765568099926,CH1,POWER,3.25
1765568099931,CH1,POWER,3.25
1765568099934,CH1,POWER,3.70
1765568099936,CH1,POWER,3.70
1765568099939,CH1,POWER,3.70
1765568099965,CH1,POWER,3.70
1765568099970,CH1,POWER,3.70
1765568099978,CH1,POWER,3.70
1765568099982,CH1,POWER,3.70
1765568099987,CH1,POWER,3.70
1765568099991,CH1,POWER,3.70
1765568099998,CH1,POWER,3.70
1765568100002,CH1,POWER,3.70
1765568100008,CH1,POWER,3.70
1765568100016,CH1,POWER,3.70
1765568100020,CH1,POWER,3.70
1765568100026,CH1,POWER,3.70
1765568100030,CH1,POWER,3.70
1765568100036,CH1,POWER,3.70
1765568100040,CH1,POWER,3.70
1765568100048,CH1,POWER,3.70
1765568100056,CH1,POWER,3.70
1765568100062,CH1,POWER,3.70
1765568100067,CH1,POWER,3.70
1765568100074,CH1,POWER,3.70
1765568100078,CH1,POWER,3.70
1765568100086,CH1,POWER,3.70
1765568100090,CH1,POWER,3.70
1765568100095,CH1,POWER,3.70
1765568100099,CH1,POWER,3.70
1765568100104,CH1,POWER,3.70
1765568100108,CH1,POWER,3.70
1765568100114,CH1,POWER,3.70
1765568100118,CH1,POWER,3.70
1765568100122,CH1,POWER,3.70
1765568100128,CH1,POWER,3.70
1765568100136,CH1,POWER,3.70
1765568100140,CH1,POWER,3.70
1765568100148,CH1,POWER,3.70
1765568100154,CH1,POWER,3.70
1765568100158,CH1,POWER,3.70
1765568100163,CH1,POWER,3.70
1765568100168,CH1,POWER,3.70
1765568100174,CH1,POWER,3.70
1765568100178,CH1,POWER,3.70
1765568100184,CH1,POWER,3.70
1765568100188,CH1,POWER,3.70
1765568100196,CH1,POWER,3.70
1765568100201,CH1,POWER,3.70
1765568100208,CH1,POWER,3.70
1765568100214,CH1,POWER,3.70
1765568100218,CH1,POWER,3.70
1765568100226,CH1,POWER,3.70
1765568100232,CH1,POWER,3.70
1765568100237,CH1,POWER,3.70
1765568100241,CH1,POWER,3.70
1765568100248,CH1,POWER,3.70
1765568100252,CH1,POWER,3.70
1765568100258,CH1,POWER,3.70
1765568100266,CH1,POWER,3.70
1765568100271,CH1,POWER,3.70
1765568100275,CH1,POWER,3.70
1765568100280,CH1,POWER,3.70
1765568100286,CH1,POWER,3.70
1765568100291,CH1,POWER,3.70
1765568100295,CH1,POWER,3.70
1765568100300,CH1,POWER,3.70
1765568100306,CH1,POWER,3.70
1765568100311,CH1,POWER,3.70
1765568100318,CH1,POWER,3.70
1765568100322,CH1,POWER,3.65
1765568100350,CH1,POWER,3.65
1765568100356,CH1,POWER,3.65
1765568100360,CH1,POWER,3.65
1765568100366,CH1,POWER,3.65
1765568100370,CH1,POWER,3.65
1765568100375,CH1,POWER,3.65
1765568100380,CH1,POWER,3.65
1765568100384,CH1,POWER,3.65
1765568100389,CH1,POWER,3.65
1765568100393,CH1,POWER,3.65
1765568100399,CH1,POWER,3.65
1765568100404,CH1,POWER,3.65
1765568100410,CH1,POWER,3.65
1765568100418,CH1,POWER,3.65
1765568100423,CH1,POWER,3.65
1765568100427,CH1,POWER,3.65
1765568100433,CH1,POWER,3.65
1765568100440,CH1,POWER,3.65
1765568100445,CH1,POWER,3.65
1765568100450,CH1,POWER,3.65
1765568100456,CH1,POWER,3.65
1765568100460,CH1,POWER,3.65
1765568100464,CH1,POWER,3.65
1765568100469,CH1,POWER,3.65
1765568100473,CH1,POWER,3.65
1765568100480,CH1,POWER,3.65
1765568100484,CH1,POWER,3.65
1765568100489,CH1,POWER,3.65
1765568100493,CH1,POWER,3.65
1765568100500,CH1,POWER,3.65
1765568100508,CH1,POWER,3.65
1765568100513,CH1,POWER,3.65
1765568100520,CH1,POWER,3.65
1765568100526,CH1,POWER,3.65
1765568100530,CH1,POWER,3.65
1765568100536,CH1,POWER,3.65
1765568100540,CH1,POWER,3.65
1765568100545,CH1,POWER,3.65
1765568100550,CH1,POWER,3.65
1765568100556,CH1,POWER,3.65
1765568100560,CH1,POWER,3.65
1765568100566,CH1,POWER,3.65
1765568100570,CH1,POWER,3.65
1765568100575,CH1,POWER,3.65
1765568100580,CH1,POWER,3.65
1765568100588,CH1,POWER,3.65
1765568100593,CH1,POWER,3.65
1765568100597,CH1,POWER,3.65
1765568100602,CH1,POWER,3.65
1765568100608,CH1,POWER,3.65
1765568100614,CH1,POWER,3.65
1765568100619,CH1,POWER,3.65
1765568100623,CH1,POWER,3.65
1765568100630,CH1,POWER,3.65
1765568100634,CH1,POWER,3.65
1765568100639,CH1,POWER,3.65
1765568100643,CH1,POWER,3.65
1765568100650,CH1,POWER,3.65
1765568100655,CH1,POWER,3.65
1765568100660,CH1,POWER,3.65
1765568100665,CH1,POWER,3.65
1765568100670,CH1,POWER,3.65
1765568100678,CH1,POWER,3.65
1765568100683,CH1,POWER,3.65
1765568100690,CH1,POWER,3.65
1765568100694,CH1,POWER,3.65
1765568100700,CH1,POWER,3.65
1765568100705,CH1,POWER,3.65
1765568100710,CH1,POWER,3.65
1765568100714,CH1,POWER,3.45
1765568100741,CH1,POWER,3.45
1765568100746,CH1,POWER,3.45
1765568100751,CH1,POWER,3.45
1765568100756,CH1,POWER,3.45
1765568100761,CH1,POWER,3.45
1765568100766,CH1,POWER,3.45
1765568100771,CH1,POWER,3.45
1765568100778,CH1,POWER,3.45
1765568100782,CH1,POWER,3.45
1765568100786,CH1,POWER,3.45
1765568100792,CH1,POWER,3.45
1765568100798,CH1,POWER,3.45
1765568100802,CH1,POWER,3.45
1765568100807,CH1,POWER,3.45
1765568100812,CH1,POWER,3.45
1765568100820,CH1,POWER,3.45
1765568100825,CH1,POWER,3.45
1765568100832,CH1,POWER,3.45
1765568100837,CH1,POWER,3.45
1765568100842,CH1,POWER,3.45
1765568100850,CH1,POWER,3.45
1765568100855,CH1,POWER,3.45
1765568100862,CH1,POWER,3.45
1765568100868,CH1,POWER,3.45
1765568100872,CH1,POWER,3.45
1765568100877,CH1,POWER,3.45
1765568100882,CH1,POWER,3.45
1765568100887,CH1,POWER,3.45
1765568100892,CH1,POWER,3.45
1765568100898,CH1,POWER,3.45
1765568100902,CH1,POWER,3.45
1765568100910,CH1,POWER,3.45
1765568100915,CH1,POWER,3.45
1765568100922,CH1,POWER,3.45
1765568100930,CH1,POWER,3.45
1765568100935,CH1,POWER,3.45
1765568100941,CH1,POWER,3.45
1765568100946,CH1,POWER,3.45
1765568100952,CH1,POWER,3.45
1765568100958,CH1,POWER,3.45
1765568100962,CH1,POWER,3.45
1765568100967,CH1,POWER,3.45
1765568100972,CH1,POWER,3.45
1765568100980,CH1,POWER,3.45
1765568100985,CH1,POWER,3.45
1765568100992,CH1,POWER,3.45
1765568100997,CH1,POWER,3.45
1765568101002,CH1,POWER,3.45
1765568101007,CH1,POWER,3.45
1765568101012,CH1,POWER,3.45
1765568101020,CH1,POWER,3.45
1765568101025,CH1,POWER,3.45
1765568101032,CH1,POWER,3.45
1765568101040,CH1,POWER,3.45
1765568101045,CH1,POWER,3.45
1765568101052,CH1,POWER,3.45
1765568101058,CH1,POWER,3.45
1765568101062,CH1,POWER,3.45
1765568101067,CH1,POWER,3.45
1765568101072,CH1,POWER,3.45
1765568101077,CH1,POWER,3.45
1765568101082,CH1,POWER,3.45
1765568101087,CH1,POWER,3.45
1765568101092,CH1,POWER,3.45
1765568101100,CH1,POWER,3.45
1765568101103,CH1,POWER,3.25
1765568101105,CH1,POWER,3.25
1765568101131,CH1,POWER,3.25
1765568101136,CH1,POWER,3.25
1765568101141,CH1,POWER,3.25
1765568101146,CH1,POWER,3.25
1765568101151,CH1,POWER,3.25
1765568101156,CH1,POWER,3.25
1765568101162,CH1,POWER,3.25
1765568101167,CH1,POWER,3.25
1765568101174,CH1,POWER,3.25
1765568101180,CH1,POWER,3.25
1765568101184,CH1,POWER,3.25
1765568101190,CH1,POWER,3.25
1765568101194,CH1,POWER,3.25
1765568101199,CH1,POWER,3.25
1765568101204,CH1,POWER,3.25
1765568101212,CH1,POWER,3.25
1765568101217,CH1,POWER,3.25
1765568101221,CH1,POWER,3.25
1765568101226,CH1,POWER,3.25
1765568101232,CH1,POWER,3.25
1765568101236,CH1,POWER,3.25
1765568101241,CH1,POWER,3.25
1765568101247,CH1,POWER,3.25
1765568101251,CH1,POWER,3.25
1765568101256,CH1,POWER,3.25
1765568101262,CH1,POWER,3.25
1765568101268,CH1,POWER,3.25
1765568101273,CH1,POWER,3.25
1765568101277,CH1,POWER,3.25
1765568101284,CH1,POWER,3.25
1765568101292,CH1,POWER,3.25
1765568101297,CH1,POWER,3.25
1765568101304,CH1,POWER,3.25
1765568101309,CH1,POWER,3.25
1765568101314,CH1,POWER,3.25
1765568101319,CH1,POWER,3.25
1765568101324,CH1,POWER,3.25
1765568101332,CH1,POWER,3.25
1765568101337,CH1,POWER,3.25
1765568101343,CH1,POWER,3.25
1765568101348,CH1,POWER,3.25
1765568101354,CH1,POWER,3.25
1765568101360,CH1,POWER,3.25
1765568101364,CH1,POWER,3.25
1765568101368,CH1,POWER,3.25
1765568101373,CH1,POWER,3.25
1765568101378,CH1,POWER,3.25
1765568101383,CH1,POWER,3.25
1765568101390,CH1,POWER,3.25
1765568101394,CH1,POWER,3.25
1765568101399,CH1,POWER,3.25
1765568101404,CH1,POWER,3.25
1765568101408,CH1,POWER,3.25
1765568101413,CH1,POWER,3.25
1765568101417,CH1,POWER,3.25
1765568101424,CH1,POWER,3.25
1765568101429,CH1,POWER,3.25
1765568101434,CH1,POWER,3.25
1765568101439,CH1,POWER,3.25
1765568101444,CH1,POWER,3.25
1765568101452,CH1,POWER,3.25
1765568101457,CH1,POWER,3.25
1765568101464,CH1,POWER,3.25
1765568101472,CH1,POWER,3.25
1765568101478,CH1,POWER,3.25
1765568101483,CH1,POWER,3.25
1765568101487,CH1,POWER,3.25
1765568101491,CH1,POWER,3.25
1765568101494,CH1,POWER,3.25
1765568101497,CH1,POWER,3.25
1765568101523,CH1,POWER,3.25
1765568101528,CH1,POWER,3.25
1765568101533,CH1,POWER,3.25
1765568101539,CH1,POWER,3.25
1765568101546,CH1,POWER,3.25
1765568101551,CH1,POWER,3.25
1765568101556,CH1,POWER,3.25
1765568101561,CH1,POWER,3.25
1765568101566,CH1,POWER,3.25
1765568101574,CH1,POWER,3.25
1765568101579,CH1,POWER,3.25
1765568101586,CH1,POWER,3.25
1765568101591,CH1,POWER,3.25
1765568101596,CH1,POWER,3.25
1765568101602,CH1,POWER,3.25
1765568101606,CH1,POWER,3.25
1765568101614,CH1,POWER,3.25
1765568101619,CH1,POWER,3.25
1765568101626,CH1,POWER,3.25
1765568101632,CH1,POWER,3.25
1765568101636,CH1,POWER,3.25
1765568101641,CH1,POWER,3.25
1765568101646,CH1,POWER,3.25
1765568101651,CH1,POWER,3.25
1765568101656,CH1,POWER,3.25
1765568101661,CH1,POWER,3.25
1765568101666,CH1,POWER,3.25
1765568101674,CH1,POWER,3.25
1765568101679,CH1,POWER,3.25
1765568101685,CH1,POWER,3.25
1765568101692,CH1,POWER,3.25
1765568101696,CH1,POWER,3.25
1765568101700,CH1,POWER,3.25
1765568101705,CH1,POWER,3.25
1765568101709,CH1,POWER,3.25
1765568101716,CH1,POWER,3.25
1765568101721,CH1,POWER,3.25
1765568101726,CH1,POWER,3.25
1765568101731,CH1,POWER,3.25
1765568101736,CH1,POWER,3.25
1765568101744,CH1,POWER,3.25
1765568101749,CH1,POWER,3.25
1765568101755,CH1,POWER,3.25
1765568101760,CH1,POWER,3.25
1765568101766,CH1,POWER,3.25
1765568101771,CH1,POWER,3.25
1765568101776,CH1,POWER,3.25
1765568101781,CH1,POWER,3.25
1765568101786,CH1,POWER,3.25
1765568101790,CH1,POWER,3.25
1765568101796,CH1,POWER,3.25
1765568101800,CH1,POWER,3.25
1765568101806,CH1,POWER,3.25
1765568101811,CH1,POWER,3.25
1765568101816,CH1,POWER,3.25
1765568101820,CH1,POWER,3.25
1765568101826,CH1,POWER,3.25
1765568101831,CH1,POWER,3.25
1765568101836,CH1,POWER,3.25
1765568101840,CH1,POWER,3.25
1765568101846,CH1,POWER,3.25
1765568101851,CH1,POWER,3.25
1765568101856,CH1,POWER,3.25
1765568101861,CH1,POWER,3.25
1765568101866,CH1,POWER,3.25
1765568101871,CH1,POWER,3.25
1765568101876,CH1,POWER,3.25
1765568101881,CH1,POWER,3.25
1765568101886,CH1,POWER,3.25
1765568101888,CH1,POWER,3.25
1765568101891,CH1,POWER,3.25
1765568101918,CH1,POWER,3.25
1765568101923,CH1,POWER,3.25
1765568101928,CH1,POWER,3.25
1765568101932,CH1,POWER,3.25
1765568101937,CH1,POWER,3.25
1765568101942,CH1,POWER,3.25
1765568101948,CH1,POWER,3.25
1765568101952,CH1,POWER,3.25
1765568101958,CH1,POWER,3.25
1765568101962,CH1,POWER,3.25
1765568101968,CH1,POWER,3.25
1765568101972,CH1,POWER,3.25
1765568101978,CH1,POWER,3.25
1765568101982,CH1,POWER,3.25
1765568101988,CH1,POWER,3.25
1765568101992,CH1,POWER,3.25
1765568101998,CH1,POWER,3.25
1765568102002,CH1,POWER,3.25
1765568102008,CH1,POWER,3.25
1765568102012,CH1,POWER,3.25
1765568102018,CH1,POWER,3.25
1765568102022,CH1,POWER,3.25
1765568102028,CH1,POWER,3.25
1765568102036,CH1,POWER,3.25
1765568102041,CH1,POWER,3.25
1765568102045,CH1,POWER,3.25
1765568102050,CH1,POWER,3.25
1765568102056,CH1,POWER,3.25
1765568102062,CH1,POWER,3.25
1765568102067,CH1,POWER,3.25
1765568102072,CH1,POWER,3.25
1765568102077,CH1,POWER,3.25
1765568102081,CH1,POWER,3.25
1765568102088,CH1,POWER,3.25
1765568102096,CH1,POWER,3.25
1765568102101,CH1,POWER,3.25
1765568102105,CH1,POWER,3.25
1765568102110,CH1,POWER,3.25
1765568102118,CH1,POWER,3.25
1765568102123,CH1,POWER,3.25
1765568102128,CH1,POWER,3.25
1765568102133,CH1,POWER,3.25
1765568102138,CH1,POWER,3.25
1765568102143,CH1,POWER,3.25
1765568102148,CH1,POWER,3.25
1765568102152,CH1,POWER,3.25
1765568102158,CH1,POWER,3.25
1765568102162,CH1,POWER,3.25
1765568102168,CH1,POWER,3.25
1765568102173,CH1,POWER,3.25
1765568102178,CH1,POWER,3.25
1765568102183,CH1,POWER,3.25
1765568102188,CH1,POWER,3.25
1765568102193,CH1,POWER,3.25
1765568102198,CH1,POWER,3.25
1765568102202,CH1,POWER,3.25
1765568102208,CH1,POWER,3.25
1765568102213,CH1,POWER,3.25
1765568102218,CH1,POWER,3.25
1765568102223,CH1,POWER,3.25
1765568102228,CH1,POWER,3.25
1765568102233,CH1,POWER,3.25
1765568102238,CH1,POWER,3.25
1765568102242,CH1,POWER,3.25
1765568102248,CH1,POWER,3.25
1765568102253,CH1,POWER,3.25
1765568102258,CH1,POWER,3.25
1765568102263,CH1,POWER,3.25
1765568102268,CH1,POWER,3.25
1765568102272,CH1,POWER,3.25
1765568102278,CH1,POWER,3.25
1765568102280,CH1,POWER,3.45
1765568102307,CH1,POWER,3.45
1765568102312,CH1,POWER,3.45
1765568102317,CH1,POWER,3.45
1765568102321,CH1,POWER,3.45
1765568102327,CH1,POWER,3.45
1765568102332,CH1,POWER,3.45
1765568102338,CH1,POWER,3.45
1765568102343,CH1,POWER,3.45
1765568102347,CH1,POWER,3.45
1765568102352,CH1,POWER,3.45
1765568102358,CH1,POWER,3.45
1765568102363,CH1,POWER,3.45
1765568102370,CH1,POWER,3.45
1765568102375,CH1,POWER,3.45
1765568102380,CH1,POWER,3.45
1765568102384,CH1,POWER,3.45
1765568102390,CH1,POWER,3.45
1765568102394,CH1,POWER,3.45
1765568102400,CH1,POWER,3.45
1765568102404,CH1,POWER,3.45
1765568102410,CH1,POWER,3.45
1765568102416,CH1,POWER,3.45
1765568102420,CH1,POWER,3.45
1765568102428,CH1,POWER,3.45
1765568102433,CH1,POWER,3.45
1765568102440,CH1,POWER,3.45
1765568102445,CH1,POWER,3.45
1765568102450,CH1,POWER,3.45
1765568102454,CH1,POWER,3.45
1765568102460,CH1,POWER,3.45
1765568102465,CH1,POWER,3.45
1765568102470,CH1,POWER,3.45
1765568102478,CH1,POWER,3.45
1765568102482,CH1,POWER,3.45
1765568102490,CH1,POWER,3.45
1765568102495,CH1,POWER,3.45
1765568102500,CH1,POWER,3.45
1765568102505,CH1,POWER,3.45
1765568102510,CH1,POWER,3.45
1765568102515,CH1,POWER,3.45
1765568102520,CH1,POWER,3.45
1765568102528,CH1,POWER,3.45
1765568102533,CH1,POWER,3.45
1765568102540,CH1,POWER,3.45
1765568102548,CH1,POWER,3.45
1765568102553,CH1,POWER,3.45
1765568102559,CH1,POWER,3.45
1765568102564,CH1,POWER,3.45
1765568102570,CH1,POWER,3.45
1765568102574,CH1,POWER,3.45
1765568102579,CH1,POWER,3.45
1765568102585,CH1,POWER,3.45
1765568102590,CH1,POWER,3.45
1765568102595,CH1,POWER,3.45
1765568102600,CH1,POWER,3.45
1765568102608,CH1,POWER,3.45
1765568102613,CH1,POWER,3.45
1765568102620,CH1,POWER,3.45
1765568102625,CH1,POWER,3.45
1765568102630,CH1,POWER,3.45
1765568102635,CH1,POWER,3.45
1765568102640,CH1,POWER,3.45
1765568102644,CH1,POWER,3.45
1765568102650,CH1,POWER,3.45
1765568102655,CH1,POWER,3.45
1765568102660,CH1,POWER,3.45
1765568102664,CH1,POWER,3.45
1765568102668,CH1,POWER,3.30
1765568102670,CH1,POWER,3.30
1765568102673,CH1,POWER,3.30
1765568102699,CH1,POWER,3.30
1765568102704,CH1,POWER,3.30
1765568102709,CH1,POWER,3.30
1765568102715,CH1,POWER,3.30
1765568102722,CH1,POWER,3.30
1765568102727,CH1,POWER,3.30
1765568102732,CH1,POWER,3.30
1765568102737,CH1,POWER,3.30
1765568102742,CH1,POWER,3.30
1765568102747,CH1,POWER,3.30
1765568102752,CH1,POWER,3.30
1765568102757,CH1,POWER,3.30
1765568102762,CH1,POWER,3.30
1765568102767,CH1,POWER,3.30
1765568102772,CH1,POWER,3.30
1765568102776,CH1,POWER,3.30
1765568102782,CH1,POWER,3.30
1765568102786,CH1,POWER,3.30
1765568102792,CH1,POWER,3.30
1765568102797,CH1,POWER,3.30
1765568102802,CH1,POWER,3.30
1765568102807,CH1,POWER,3.30
1765568102812,CH1,POWER,3.30
1765568102816,CH1,POWER,3.30
1765568102822,CH1,POWER,3.30
1765568102827,CH1,POWER,3.30
1765568102832,CH1,POWER,3.30
1765568102840,CH1,POWER,3.30
1765568102844,CH1,POWER,3.30
1765568102849,CH1,POWER,3.30
1765568102853,CH1,POWER,3.30
1765568102857,CH1,POWER,3.30
1765568102862,CH1,POWER,3.30
1765568102866,CH1,POWER,3.30
1765568102872,CH1,POWER,3.30
1765568102876,CH1,POWER,3.30
1765568102882,CH1,POWER,3.30
1765568102887,CH1,POWER,3.30
1765568102892,CH1,POWER,3.30
1765568102897,CH1,POWER,3.30
1765568102902,CH1,POWER,3.30
1765568102907,CH1,POWER,3.30
1765568102912,CH1,POWER,3.30
1765568102917,CH1,POWER,3.30
1765568102922,CH1,POWER,3.30
1765568102927,CH1,POWER,3.30
1765568102932,CH1,POWER,3.30
1765568102937,CH1,POWER,3.30
1765568102942,CH1,POWER,3.30
1765568102947,CH1,POWER,3.30
1765568102952,CH1,POWER,3.30
1765568102956,CH1,POWER,3.30
1765568102962,CH1,POWER,3.30
1765568102967,CH1,POWER,3.30
1765568102972,CH1,POWER,3.30
1765568102977,CH1,POWER,3.30
1765568102982,CH1,POWER,3.30
1765568102987,CH1,POWER,3.30
1765568102992,CH1,POWER,3.30
1765568102997,CH1,POWER,3.30
1765568103002,CH1,POWER,3.30
1765568103007,CH1,POWER,3.30
1765568103012,CH1,POWER,3.30
1765568103017,CH1,POWER,3.30
1765568103022,CH1,POWER,3.30
1765568103026,CH1,POWER,3.30
1765568103032,CH1,POWER,3.30
1765568103040,CH1,POWER,3.30
1765568103045,CH1,POWER,3.30
1765568103052,CH1,POWER,3.30
1765568103056,CH1,POWER,2.90
1765568103084,CH1,POWER,2.90
1765568103089,CH1,POWER,2.90
1765568103094,CH1,POWER,2.90
1765568103099,CH1,POWER,2.90
1765568103104,CH1,POWER,2.90
1765568103112,CH1,POWER,2.90
1765568103117,CH1,POWER,2.90
1765568103124,CH1,POWER,2.90
1765568103129,CH1,POWER,2.90
1765568103134,CH1,POWER,2.90
1765568103142,CH1,POWER,2.90
1765568103147,CH1,POWER,2.90
1765568103153,CH1,POWER,2.90
1765568103157,CH1,POWER,2.90
1765568103164,CH1,POWER,2.90
1765568103172,CH1,POWER,2.90
1765568103177,CH1,POWER,2.90
1765568103184,CH1,POWER,2.90
1765568103189,CH1,POWER,2.90
1765568103194,CH1,POWER,2.90
1765568103202,CH1,POWER,2.90
1765568103206,CH1,POWER,2.90
1765568103211,CH1,POWER,2.90
1765568103217,CH1,POWER,2.90
1765568103224,CH1,POWER,2.90
1765568103229,CH1,POWER,2.90
1765568103234,CH1,POWER,2.90
1765568103239,CH1,POWER,2.90
1765568103244,CH1,POWER,2.90
1765568103248,CH1,POWER,2.90
1765568103253,CH1,POWER,2.90
1765568103257,CH1,POWER,2.90
1765568103264,CH1,POWER,2.90
1765568103269,CH1,POWER,2.90
1765568103274,CH1,POWER,2.90
1765568103282,CH1,POWER,2.90
1765568103288,CH1,POWER,2.90
1765568103293,CH1,POWER,2.90
1765568103298,CH1,POWER,2.90
1765568103303,CH1,POWER,2.90
1765568103308,CH1,POWER,2.90
1765568103314,CH1,POWER,2.90
1765568103319,CH1,POWER,2.90
1765568103324,CH1,POWER,2.90
1765568103329,CH1,POWER,2.90
1765568103334,CH1,POWER,2.90
1765568103342,CH1,POWER,2.90
1765568103348,CH1,POWER,2.90
1765568103353,CH1,POWER,2.90
1765568103358,CH1,POWER,2.90
1765568103364,CH1,POWER,2.90
1765568103368,CH1,POWER,2.90
1765568103373,CH1,POWER,2.90
1765568103377,CH1,POWER,2.90
1765568103384,CH1,POWER,2.90
1765568103389,CH1,POWER,2.90
1765568103394,CH1,POWER,2.90
1765568103399,CH1,POWER,2.90
1765568103404,CH1,POWER,2.90
1765568103408,CH1,POWER,2.90
1765568103414,CH1,POWER,2.90
1765568103418,CH1,POWER,2.90
1765568103423,CH1,POWER,2.90
1765568103428,CH1,POWER,2.90
1765568103433,CH1,POWER,2.90
1765568103438,CH1,POWER,2.90
1765568103443,CH1,POWER,2.90
1765568103447,CH1,POWER,2.90
1765568103450,CH1,POWER,2.90
1765568103453,CH1,POWER,3.25
1765568103455,CH1,POWER,3.25
1765568103458,CH1,POWER,3.25
1765568103486,CH1,POWER,3.25
1765568103491,CH1,POWER,3.25
1765568103496,CH1,POWER,3.25
1765568103500,CH1,POWER,3.25
1765568103505,CH1,POWER,3.25
1765568103509,CH1,POWER,3.25
1765568103516,CH1,POWER,3.25
1765568103521,CH1,POWER,3.25
1765568103526,CH1,POWER,3.25
1765568103530,CH1,POWER,3.25
1765568103536,CH1,POWER,3.25
1765568103540,CH1,POWER,3.25
1765568103546,CH1,POWER,3.25
1765568103554,CH1,POWER,3.25
1765568103559,CH1,POWER,3.25
1765568103566,CH1,POWER,3.25
1765568103574,CH1,POWER,3.25
1765568103579,CH1,POWER,3.25
1765568103586,CH1,POWER,3.25
1765568103591,CH1,POWER,3.25
1765568103596,CH1,POWER,3.25
1765568103601,CH1,POWER,3.25
1765568103606,CH1,POWER,3.25
1765568103610,CH1,POWER,3.25
1765568103616,CH1,POWER,3.25
1765568103620,CH1,POWER,3.25
1765568103625,CH1,POWER,3.25
1765568103631,CH1,POWER,3.25
1765568103636,CH1,POWER,3.25
1765568103644,CH1,POWER,3.25
1765568103648,CH1,POWER,3.25
1765568103653,CH1,POWER,3.25
1765568103657,CH1,POWER,3.25
1765568103664,CH1,POWER,3.25
1765568103668,CH1,POWER,3.25
1765568103676,CH1,POWER,3.25
1765568103681,CH1,POWER,3.25
1765568103686,CH1,POWER,3.25
1765568103691,CH1,POWER,3.25
1765568103696,CH1,POWER,3.25
1765568103700,CH1,POWER,3.25
1765568103705,CH1,POWER,3.25
1765568103709,CH1,POWER,3.25
1765568103716,CH1,POWER,3.25
1765568103720,CH1,POWER,3.25
1765568103726,CH1,POWER,3.25
1765568103731,CH1,POWER,3.25
1765568103736,CH1,POWER,3.25
1765568103741,CH1,POWER,3.25
1765568103746,CH1,POWER,3.25
1765568103754,CH1,POWER,3.25
1765568103759,CH1,POWER,3.25
1765568103766,CH1,POWER,3.25
1765568103774,CH1,POWER,3.25
1765568103779,CH1,POWER,3.25
1765568103786,CH1,POWER,3.25
1765568103794,CH1,POWER,3.25
1765568103799,CH1,POWER,3.25
1765568103806,CH1,POWER,3.25
1765568103811,CH1,POWER,3.25
1765568103816,CH1,POWER,3.25
1765568103821,CH1,POWER,3.25
1765568103826,CH1,POWER,3.25
1765568103830,CH1,POWER,3.25
1765568103835,CH1,POWER,3.25
1765568103841,CH1,POWER,3.25
1765568103846,CH1,POWER,3.25
1765568103850,CH1,POWER,3.25
1765568103878,CH1,POWER,3.25
1765568103883,CH1,POWER,3.25
1765568103888,CH1,POWER,3.25
1765568103896,CH1,POWER,3.25
1765568103902,CH1,POWER,3.25
1765568103907,CH1,POWER,3.25
1765568103913,CH1,POWER,3.25
1765568103918,CH1,POWER,3.25
1765568103923,CH1,POWER,3.25
1765568103928,CH1,POWER,3.25
1765568103932,CH1,POWER,3.25
1765568103937,CH1,POWER,3.25
1765568103942,CH1,POWER,3.25
1765568103948,CH1,POWER,3.25
1765568103956,CH1,POWER,3.25
1765568103962,CH1,POWER,3.25
1765568103967,CH1,POWER,3.25
1765568103973,CH1,POWER,3.25
1765568103978,CH1,POWER,3.25
1765568103986,CH1,POWER,3.25
1765568103990,CH1,POWER,3.25
1765568103998,CH1,POWER,3.25
1765568104003,CH1,POWER,3.25
1765568104008,CH1,POWER,3.25
1765568104013,CH1,POWER,3.25
1765568104018,CH1,POWER,3.25
1765568104022,CH1,POWER,3.25
1765568104028,CH1,POWER,3.25
1765568104033,CH1,POWER,3.25
1765568104038,CH1,POWER,3.25
1765568104042,CH1,POWER,3.25
1765568104047,CH1,POWER,3.25
1765568104051,CH1,POWER,3.25
1765568104058,CH1,POWER,3.25
1765568104066,CH1,POWER,3.25
1765568104071,CH1,POWER,3.25
1765568104078,CH1,POWER,3.25
1765568104083,CH1,POWER,3.25
1765568104088,CH1,POWER,3.25
1765568104093,CH1,POWER,3.25
1765568104098,CH1,POWER,3.25
1765568104103,CH1,POWER,3.25
1765568104108,CH1,POWER,3.25
1765568104116,CH1,POWER,3.25
1765568104122,CH1,POWER,3.25
1765568104127,CH1,POWER,3.25
1765568104133,CH1,POWER,3.25
1765568104138,CH1,POWER,3.25
1765568104146,CH1,POWER,3.25
1765568104151,CH1,POWER,3.25
1765568104158,CH1,POWER,3.25
1765568104163,CH1,POWER,3.25
1765568104168,CH1,POWER,3.25
1765568104173,CH1,POWER,3.25
1765568104178,CH1,POWER,3.25
1765568104183,CH1,POWER,3.25
1765568104188,CH1,POWER,3.25
1765568104195,CH1,POWER,3.25
1765568104200,CH1,POWER,3.25
1765568104206,CH1,POWER,3.25
1765568104212,CH1,POWER,3.25
1765568104217,CH1,POWER,3.25
1765568104222,CH1,POWER,3.25
1765568104228,CH1,POWER,3.25
1765568104231,CH1,POWER,3.25
1765568104257,CH1,POWER,3.25
1765568104262,CH1,POWER,3.25
1765568104267,CH1,POWER,3.25
1765568104273,CH1,POWER,3.25
1765568104279,CH1,POWER,3.25
1765568104284,CH1,POWER,3.25
1765568104290,CH1,POWER,3.25
1765568104295,CH1,POWER,3.25
1765568104300,CH1,POWER,3.25
1765568104308,CH1,POWER,3.25
1765568104314,CH1,POWER,3.25
1765568104318,CH1,POWER,3.25
1765568104322,CH1,POWER,3.25
1765568104327,CH1,POWER,3.25
1765568104333,CH1,POWER,3.25
1765568104339,CH1,POWER,3.25
1765568104343,CH1,POWER,3.25
1765568104350,CH1,POWER,3.25
1765568104358,CH1,POWER,3.25
1765568104363,CH1,POWER,3.25
1765568104369,CH1,POWER,3.25
1765568104374,CH1,POWER,3.25
1765568104380,CH1,POWER,3.25
1765568104385,CH1,POWER,3.25
1765568104390,CH1,POWER,3.25
1765568104395,CH1,POWER,3.25
1765568104400,CH1,POWER,3.25
1765568104405,CH1,POWER,3.25
1765568104410,CH1,POWER,3.25
1765568104418,CH1,POWER,3.25
1765568104423,CH1,POWER,3.25
1765568104430,CH1,POWER,3.25
1765568104435,CH1,POWER,3.25
1765568104440,CH1,POWER,3.25
1765568104444,CH1,POWER,3.25
1765568104449,CH1,POWER,3.25
1765568104454,CH1,POWER,3.25
1765568104459,CH1,POWER,3.25
1765568104463,CH1,POWER,3.25
1765568104470,CH1,POWER,3.25
1765568104474,CH1,POWER,3.25
1765568104479,CH1,POWER,3.25
1765568104484,CH1,POWER,3.25
1765568104490,CH1,POWER,3.25
1765568104498,CH1,POWER,3.25
1765568104503,CH1,POWER,3.25
1765568104510,CH1,POWER,3.25
1765568104518,CH1,POWER,3.25
1765568104523,CH1,POWER,3.25
1765568104530,CH1,POWER,3.25
1765568104535,CH1,POWER,3.25
1765568104540,CH1,POWER,3.25
1765568104544,CH1,POWER,3.25
1765568104550,CH1,POWER,3.25
1765568104554,CH1,POWER,3.25
1765568104559,CH1,POWER,3.25
1765568104564,CH1,POWER,3.25
1765568104570,CH1,POWER,3.25
1765568104575,CH1,POWER,3.25
1765568104580,CH1,POWER,3.25
1765568104585,CH1,POWER,3.25
1765568104590,CH1,POWER,3.25
1765568104595,CH1,POWER,3.25
1765568104600,CH1,POWER,3.25
1765568104604,CH1,POWER,3.25
1765568104609,CH1,POWER,3.25
1765568104613,CH1,POWER,3.25
1765568104618,CH1,POWER,3.25
1765568104621,CH1,POWER,3.25
1765568104623,CH1,POWER,3.25
1765568104651,CH1,POWER,3.25
1765568104656,CH1,POWER,3.25
1765568104661,CH1,POWER,3.25
1765568104667,CH1,POWER,3.25
1765568104672,CH1,POWER,3.25
1765568104680,CH1,POWER,3.25
1765568104686,CH1,POWER,3.25
1765568104691,CH1,POWER,3.25
1765568104695,CH1,POWER,3.25
1765568104702,CH1,POWER,3.25
1765568104706,CH1,POWER,3.25
1765568104711,CH1,POWER,3.25
1765568104715,CH1,POWER,3.25
1765568104721,CH1,POWER,3.25
1765568104726,CH1,POWER,3.25
1765568104731,CH1,POWER,3.25
1765568104735,CH1,POWER,3.25
1765568104742,CH1,POWER,3.25
1765568104747,CH1,POWER,3.25
1765568104752,CH1,POWER,3.25
1765568104756,CH1,POWER,3.25
1765568104761,CH1,POWER,3.25
1765568104766,CH1,POWER,3.25
1765568104771,CH1,POWER,3.25
1765568104776,CH1,POWER,3.25
1765568104782,CH1,POWER,3.25
1765568104790,CH1,POWER,3.25
1765568104795,CH1,POWER,3.25
1765568104802,CH1,POWER,3.25
1765568104807,CH1,POWER,3.25
1765568104812,CH1,POWER,3.25
1765568104817,CH1,POWER,3.25
1765568104822,CH1,POWER,3.25
1765568104830,CH1,POWER,3.25
1765568104835,CH1,POWER,3.25
1765568104842,CH1,POWER,3.25
1765568104847,CH1,POWER,3.25
1765568104852,CH1,POWER,3.25
1765568104857,CH1,POWER,3.25
1765568104862,CH1,POWER,3.25
1765568104866,CH1,POWER,3.25
1765568104871,CH1,POWER,3.25
1765568104875,CH1,POWER,3.25
1765568104879,CH1,POWER,3.25
1765568104885,CH1,POWER,3.25
1765568104889,CH1,POWER,3.25
1765568104893,CH1,POWER,3.25
1765568104900,CH1,POWER,3.25
1765568104905,CH1,POWER,3.25
1765568104912,CH1,POWER,3.25
1765568104917,CH1,POWER,3.25
1765568104922,CH1,POWER,3.25
1765568104929,CH1,POWER,3.25
1765568104934,CH1,POWER,3.25
1765568104939,CH1,POWER,3.25
1765568104943,CH1,POWER,3.25
1765568104950,CH1,POWER,3.25
1765568104956,CH1,POWER,3.25
1765568104961,CH1,POWER,3.25
1765568104967,CH1,POWER,3.25
1765568104972,CH1,POWER,3.25
1765568104980,CH1,POWER,3.25
1765568104985,CH1,POWER,3.25
1765568104991,CH1,POWER,3.25
1765568104996,CH1,POWER,3.25
1765568105002,CH1,POWER,3.25
1765568105007,CH1,POWER,3.25
1765568105011,CH1,POWER,3.65
1765568105013,CH1,POWER,3.65
1765568105016,CH1,POWER,3.65
1765568105044,CH1,POWER,3.65
1765568105049,CH1,POWER,3.65
1765568105054,CH1,POWER,3.65
1765568105058,CH1,POWER,3.65
1765568105063,CH1,POWER,3.65
1765568105067,CH1,POWER,3.65
1765568105073,CH1,POWER,3.65
1765568105078,CH1,POWER,3.65
1765568105083,CH1,POWER,3.65
1765568105087,CH1,POWER,3.65
1765568105094,CH1,POWER,3.65
1765568105098,CH1,POWER,3.65
1765568105104,CH1,POWER,3.65
1765568105112,CH1,POWER,3.65
1765568105117,CH1,POWER,3.65
1765568105124,CH1,POWER,3.65
1765568105129,CH1,POWER,3.65
1765568105134,CH1,POWER,3.65
1765568105139,CH1,POWER,3.65
1765568105144,CH1,POWER,3.65
1765568105152,CH1,POWER,3.65
1765568105157,CH1,POWER,3.65
1765568105163,CH1,POWER,3.65
1765568105168,CH1,POWER,3.65
1765568105173,CH1,POWER,3.65
1765568105178,CH1,POWER,3.65
1765568105183,CH1,POWER,3.65
1765568105188,CH1,POWER,3.65
1765568105194,CH1,POWER,3.65
1765568105202,CH1,POWER,3.65
1765568105207,CH1,POWER,3.65
1765568105214,CH1,POWER,3.65
1765568105219,CH1,POWER,3.65
1765568105224,CH1,POWER,3.65
1765568105232,CH1,POWER,3.65
1765568105236,CH1,POWER,3.65
1765568105241,CH1,POWER,3.65
1765568105246,CH1,POWER,3.65
1765568105253,CH1,POWER,3.65
1765568105258,CH1,POWER,3.65
1765568105263,CH1,POWER,3.65
1765568105268,CH1,POWER,3.65
1765568105273,CH1,POWER,3.65
1765568105277,CH1,POWER,3.65
1765568105283,CH1,POWER,3.65
1765568105288,CH1,POWER,3.65
1765568105294,CH1,POWER,3.65
1765568105299,CH1,POWER,3.65
1765568105303,CH1,POWER,3.65
1765568105308,CH1,POWER,3.65
1765568105314,CH1,POWER,3.65
1765568105319,CH1,POWER,3.65
1765568105324,CH1,POWER,3.65
1765568105332,CH1,POWER,3.65
1765568105336,CH1,POWER,3.65
1765568105340,CH1,POWER,3.65
1765568105345,CH1,POWER,3.65
1765568105352,CH1,POWER,3.65
1765568105356,CH1,POWER,3.65
1765568105364,CH1,POWER,3.65
1765568105369,CH1,POWER,3.65
1765568105374,CH1,POWER,3.65
1765568105379,CH1,POWER,3.65
1765568105384,CH1,POWER,3.65
1765568105392,CH1,POWER,3.65
1765568105397,CH1,POWER,3.65
1765568105401,CH1,POWER,3.50
1765568105404,CH1,POWER,3.50
1765568105406,CH1,POWER,3.50
1765568105433,CH1,POWER,3.50
1765568105438,CH1,POWER,3.50
1765568105443,CH1,POWER,3.50
1765568105449,CH1,POWER,3.50
1765568105455,CH1,POWER,3.50
1765568105460,CH1,POWER,3.50
1765568105466,CH1,POWER,3.50
1765568105474,CH1,POWER,3.50
1765568105480,CH1,POWER,3.50
1765568105485,CH1,POWER,3.50
1765568105490,CH1,POWER,3.50
1765568105496,CH1,POWER,3.50
1765568105501,CH1,POWER,3.50
1765568105505,CH1,POWER,3.50
1765568105510,CH1,POWER,3.50
1765568105515,CH1,POWER,3.50
1765568105520,CH1,POWER,3.50
1765568105526,CH1,POWER,3.50
1765568105531,CH1,POWER,3.50
1765568105536,CH1,POWER,3.50
1765568105541,CH1,POWER,3.50
1765568105545,CH1,POWER,3.50
1765568105550,CH1,POWER,3.50
1765568105555,CH1,POWER,3.50
1765568105561,CH1,POWER,3.50
1765568105566,CH1,POWER,3.50
1765568105571,CH1,POWER,3.50
1765568105575,CH1,POWER,3.50
1765568105579,CH1,POWER,3.50
1765568105585,CH1,POWER,3.50
1765568105590,CH1,POWER,3.50
1765568105595,CH1,POWER,3.50
1765568105600,CH1,POWER,3.50
1765568105604,CH1,POWER,3.50
1765568105609,CH1,POWER,3.50
1765568105615,CH1,POWER,3.50
1765568105620,CH1,POWER,3.50
1765568105624,CH1,POWER,3.50
1765568105629,CH1,POWER,3.50
1765568105636,CH1,POWER,3.50
1765568105641,CH1,POWER,3.50
1765568105646,CH1,POWER,3.50
1765568105651,CH1,POWER,3.50
1765568105655,CH1,POWER,3.50
1765568105660,CH1,POWER,3.50
1765568105664,CH1,POWER,3.50
1765568105669,CH1,POWER,3.50
1765568105675,CH1,POWER,3.50
1765568105681,CH1,POWER,3.50
1765568105686,CH1,POWER,3.50
1765568105691,CH1,POWER,3.50
1765568105695,CH1,POWER,3.50
1765568105700,CH1,POWER,3.50
1765568105704,CH1,POWER,3.50
1765568105709,CH1,POWER,3.50
1765568105715,CH1,POWER,3.50
1765568105720,CH1,POWER,3.50
1765568105725,CH1,POWER,3.50
1765568105730,CH1,POWER,3.50
1765568105734,CH1,POWER,3.50
1765568105739,CH1,POWER,3.50
1765568105745,CH1,POWER,3.50
1765568105750,CH1,POWER,3.50
1765568105754,CH1,POWER,3.50
1765568105759,CH1,POWER,3.50
1765568105766,CH1,POWER,3.50
1765568105774,CH1,POWER,3.50
1765568105779,CH1,POWER,3.50
1765568105786,CH1,POWER,3.50
1765568105791,CH1,POWER,3.50
1765568105796,CH1,POWER,3.50
1765568105802,CH1,POWER,3.50
1765568105804,CH1,POWER,3.25
1765568105807,CH1,POWER,3.25
1765568105809,CH1,POWER,3.25
1765568105837,CH1,POWER,3.25
1765568105842,CH1,POWER,3.25
1765568105846,CH1,POWER,3.25
1765568105851,CH1,POWER,3.25
1765568105858,CH1,POWER,3.25
1765568105863,CH1,POWER,3.25
1765568105868,CH1,POWER,3.25
1765568105873,CH1,POWER,3.25
1765568105878,CH1,POWER,3.25
1765568105883,CH1,POWER,3.25
1765568105887,CH1,POWER,3.25
1765568105892,CH1,POWER,3.25
1765568105897,CH1,POWER,3.25
1765568105902,CH1,POWER,3.25
1765568105908,CH1,POWER,3.25
1765568105916,CH1,POWER,3.25
1765568105921,CH1,POWER,3.25
1765568105928,CH1,POWER,3.25
1765568105936,CH1,POWER,3.25
1765568105941,CH1,POWER,3.25
1765568105948,CH1,POWER,3.25
1765568105953,CH1,POWER,3.25
1765568105958,CH1,POWER,3.25
1765568105963,CH1,POWER,3.25
1765568105968,CH1,POWER,3.25
1765568105973,CH1,POWER,3.25
1765568105977,CH1,POWER,3.25
1765568105982,CH1,POWER,3.25
1765568105987,CH1,POWER,3.25
1765568105992,CH1,POWER,3.25
1765568105998,CH1,POWER,3.25
1765568106003,CH1,POWER,3.25
1765568106007,CH1,POWER,3.25
1765568106012,CH1,POWER,3.25
1765568106017,CH1,POWER,3.25
1765568106022,CH1,POWER,3.25
1765568106028,CH1,POWER,3.25
1765568106033,CH1,POWER,3.25
1765568106037,CH1,POWER,3.25
1765568106042,CH1,POWER,3.25
1765568106048,CH1,POWER,3.25
1765568106053,CH1,POWER,3.25
1765568106057,CH1,POWER,3.25
1765568106061,CH1,POWER,3.25
1765568106068,CH1,POWER,3.25
1765568106073,CH1,POWER,3.25
1765568106077,CH1,POWER,3.25
1765568106082,CH1,POWER,3.25
1765568106086,CH1,POWER,3.25
1765568106090,CH1,POWER,3.25
1765568106095,CH1,POWER,3.25
1765568106100,CH1,POWER,3.25
1765568106104,CH1,POWER,3.25
1765568106109,CH1,POWER,3.25
1765568106116,CH1,POWER,3.25
1765568106120,CH1,POWER,3.25
1765568106125,CH1,POWER,3.25
1765568106129,CH1,POWER,3.25
1765568106136,CH1,POWER,3.25
1765568106142,CH1,POWER,3.25
1765568106147,CH1,POWER,3.25
1765568106151,CH1,POWER,3.25
1765568106158,CH1,POWER,3.25
1765568106165,CH1,POWER,3.25
1765568106170,CH1,POWER,3.25
1765568106178,CH1,POWER,3.25
1765568106183,CH1,POWER,3.25
1765568106188,CH1,POWER,3.25
1765568106196,CH1,POWER,3.25
1765568106201,CH1,POWER,3.25
1765568106227,CH1,POWER,3.25
1765568106232,CH1,POWER,3.25
1765568106237,CH1,POWER,3.25
1765568106242,CH1,POWER,3.25
1765568106246,CH1,POWER,3.25
1765568106250,CH1,POWER,3.25
1765568106255,CH1,POWER,3.25
1765568106259,CH1,POWER,3.25
1765568106263,CH1,POWER,3.25
1765568106270,CH1,POWER,3.25
1765568106275,CH1,POWER,3.25
1765568106280,CH1,POWER,3.25
1765568106285,CH1,POWER,3.25
1765568106290,CH1,POWER,3.25
1765568106295,CH1,POWER,3.25
1765568106299,CH1,POWER,3.25
1765568106303,CH1,POWER,3.25
1765568106310,CH1,POWER,3.25
1765568106315,CH1,POWER,3.25
1765568106320,CH1,POWER,3.25
1765568106325,CH1,POWER,3.25
1765568106329,CH1,POWER,3.25
1765568106333,CH1,POWER,3.25
1765568106339,CH1,POWER,3.25
1765568106344,CH1,POWER,3.25
1765568106350,CH1,POWER,3.25
1765568106355,CH1,POWER,3.25
1765568106360,CH1,POWER,3.25
1765568106365,CH1,POWER,3.25
1765568106369,CH1,POWER,3.25
1765568106375,CH1,POWER,3.25
1765568106380,CH1,POWER,3.25
1765568106388,CH1,POWER,3.25
1765568106393,CH1,POWER,3.25
1765568106399,CH1,POWER,3.25
1765568106404,CH1,POWER,3.25
1765568106408,CH1,POWER,3.25
1765568106413,CH1,POWER,3.25
1765568106419,CH1,POWER,3.25
1765568106424,CH1,POWER,3.25
1765568106429,CH1,POWER,3.25
1765568106435,CH1,POWER,3.25
1765568106439,CH1,POWER,3.25
1765568106443,CH1,POWER,3.25
1765568106450,CH1,POWER,3.25
1765568106455,CH1,POWER,3.25
1765568106459,CH1,POWER,3.25
1765568106464,CH1,POWER,3.25
1765568106469,CH1,POWER,3.25
1765568106474,CH1,POWER,3.25
1765568106479,CH1,POWER,3.25
1765568106485,CH1,POWER,3.25
1765568106489,CH1,POWER,3.25
1765568106493,CH1,POWER,3.25
1765568106500,CH1,POWER,3.25
1765568106505,CH1,POWER,3.25
1765568106509,CH1,POWER,3.25
1765568106513,CH1,POWER,3.25
1765568106520,CH1,POWER,3.25
1765568106525,CH1,POWER,3.25
1765568106529,CH1,POWER,3.25
1765568106535,CH1,POWER,3.25
1765568106540,CH1,POWER,3.25
1765568106545,CH1,POWER,3.25
1765568106550,CH1,POWER,3.25
1765568106555,CH1,POWER,3.25
1765568106559,CH1,POWER,3.25
1765568106565,CH1,POWER,3.25
1765568106569,CH1,POWER,3.25
1765568106573,CH1,POWER,3.25
1765568106580,CH1,POWER,3.25
1765568106585,CH1,POWER,3.25
1765568106589,CH1,POWER,3.25
1765568106593,CH1,POWER,3.25
1765568106597,CH1,POWER,3.25
1765568106600,CH1,POWER,3.25
1765568106602,CH1,POWER,3.25
1765568106629,CH1,POWER,3.25
1765568106634,CH1,POWER,3.25
1765568106638,CH1,POWER,3.25
1765568106643,CH1,POWER,3.25
1765568106650,CH1,POWER,3.25
1765568106655,CH1,POWER,3.25
1765568106662,CH1,POWER,3.25
1765568106667,CH1,POWER,3.25
1765568106672,CH1,POWER,3.25
1765568106677,CH1,POWER,3.25
1765568106682,CH1,POWER,3.25
1765568106690,CH1,POWER,3.25
1765568106694,CH1,POWER,3.25
1765568106699,CH1,POWER,3.25
1765568106704,CH1,POWER,3.25
1765568106708,CH1,POWER,3.25
1765568106712,CH1,POWER,3.25
1765568106717,CH1,POWER,3.25
1765568106722,CH1,POWER,3.25
1765568106727,CH1,POWER,3.25
1765568106731,CH1,POWER,3.25
1765568106740,CH1,POWER,3.25
1765568106745,CH1,POWER,3.25
1765568106752,CH1,POWER,3.25
1765568106757,CH1,POWER,3.25
1765568106762,CH1,POWER,3.25
1765568106767,CH1,POWER,3.25
1765568106772,CH1,POWER,3.25
1765568106777,CH1,POWER,3.25
1765568106781,CH1,POWER,3.25
1765568106789,CH1,POWER,3.25
1765568106796,CH1,POWER,3.25
1765568106801,CH1,POWER,3.25
1765568106805,CH1,POWER,3.25
1765568106811,CH1,POWER,3.25
1765568106815,CH1,POWER,3.25
1765568106821,CH1,POWER,3.25
1765568106826,CH1,POWER,3.25
1765568106830,CH1,POWER,3.25
1765568106835,CH1,POWER,3.25
1765568106841,CH1,POWER,3.25
1765568106847,CH1,POWER,3.25
1765568106851,CH1,POWER,3.25
1765568106859,CH1,POWER,3.25
1765568106864,CH1,POWER,3.25
1765568106868,CH1,POWER,3.25
1765568106873,CH1,POWER,3.25
1765568106880,CH1,POWER,3.25
1765568106884,CH1,POWER,3.25
1765568106889,CH1,POWER,3.25
1765568106893,CH1,POWER,3.25
1765568106900,CH1,POWER,3.25
1765568106905,CH1,POWER,3.25
1765568106912,CH1,POWER,3.25
1765568106917,CH1,POWER,3.25
1765568106922,CH1,POWER,3.25
1765568106927,CH1,POWER,3.25
1765568106932,CH1,POWER,3.25
1765568106937,CH1,POWER,3.25
1765568106942,CH1,POWER,3.25
1765568106947,CH1,POWER,3.25
1765568106951,CH1,POWER,3.25
1765568106957,CH1,POWER,3.25
1765568106961,CH1,POWER,3.25
1765568106967,CH1,POWER,3.25
1765568106971,CH1,POWER,3.25
1765568106975,CH1,POWER,3.25
1765568106981,CH1,POWER,3.25
1765568106987,CH1,POWER,3.25
1765568106992,CH1,POWER,3.25
1765568106995,CH1,POWER,3.70
1765568107023,CH1,POWER,3.70
1765568107028,CH1,POWER,3.70
1765568107032,CH1,POWER,3.70
1765568107036,CH1,POWER,3.70
1765568107040,CH1,POWER,3.70
1765568107045,CH1,POWER,3.70
1765568107053,CH1,POWER,3.70
1765568107059,CH1,POWER,3.70
1765568107063,CH1,POWER,3.70
1765568107069,CH1,POWER,3.70
1765568107074,CH1,POWER,3.70
1765568107079,CH1,POWER,3.70
1765568107084,CH1,POWER,3.70
1765568107089,CH1,POWER,3.70
1765568107093,CH1,POWER,3.70
1765568107099,CH1,POWER,3.70
1765568107104,CH1,POWER,3.70
1765568107109,CH1,POWER,3.70
1765568107114,CH1,POWER,3.70
1765568107119,CH1,POWER,3.70
1765568107123,CH1,POWER,3.70
1765568107127,CH1,POWER,3.70
1765568107134,CH1,POWER,3.70
1765568107139,CH1,POWER,3.70
1765568107144,CH1,POWER,3.70
1765568107149,CH1,POWER,3.70
1765568107154,CH1,POWER,3.70
1765568107159,CH1,POWER,3.70
1765568107163,CH1,POWER,3.70
1765568107167,CH1,POWER,3.70
1765568107173,CH1,POWER,3.70
1765568107177,CH1,POWER,3.70
1765568107184,CH1,POWER,3.70
1765568107191,CH1,POWER,3.70
1765568107197,CH1,POWER,3.70
1765568107203,CH1,POWER,3.70
1765568107208,CH1,POWER,3.70
1765568107212,CH1,POWER,3.70
1765568107216,CH1,POWER,3.70
1765568107221,CH1,POWER,3.70
1765568107226,CH1,POWER,3.70
1765568107230,CH1,POWER,3.70
1765568107234,CH1,POWER,3.70
1765568107240,CH1,POWER,3.70
1765568107246,CH1,POWER,3.70
1765568107250,CH1,POWER,3.70
1765568107254,CH1,POWER,3.70
1765568107259,CH1,POWER,3.70
1765568107264,CH1,POWER,3.70
1765568107269,CH1,POWER,3.70
1765568107274,CH1,POWER,3.70
1765568107282,CH1,POWER,3.70
1765568107287,CH1,POWER,3.70
1765568107294,CH1,POWER,3.70
1765568107299,CH1,POWER,3.70
1765568107304,CH1,POWER,3.70
1765568107311,CH1,POWER,3.70
1765568107318,CH1,POWER,3.70
1765568107322,CH1,POWER,3.70
1765568107329,CH1,POWER,3.70
1765568107333,CH1,POWER,3.70
1765568107342,CH1,POWER,3.70
1765568107347,CH1,POWER,3.70
1765568107353,CH1,POWER,3.70
1765568107357,CH1,POWER,3.70
1765568107363,CH1,POWER,3.70
1765568107367,CH1,POWER,3.70
1765568107374,CH1,POWER,3.70
1765568107379,CH1,POWER,3.70
1765568107382,CH1,POWER,3.25
1765568107384,CH1,POWER,3.25
1765568107387,CH1,POWER,3.25
1765568107413,CH1,POWER,3.25
1765568107418,CH1,POWER,3.25
1765568107422,CH1,POWER,3.25
1765568107426,CH1,POWER,3.25
1765568107432,CH1,POWER,3.25
1765568107436,CH1,POWER,3.25
1765568107441,CH1,POWER,3.25
1765568107446,CH1,POWER,3.25
1765568107451,CH1,POWER,3.25
1765568107455,CH1,POWER,3.25
1765568107461,CH1,POWER,3.25
1765568107465,CH1,POWER,3.25
1765568107474,CH1,POWER,3.25
1765568107479,CH1,POWER,3.25
1765568107485,CH1,POWER,3.25
1765568107494,CH1,POWER,3.25
1765568107498,CH1,POWER,3.25
1765568107504,CH1,POWER,3.25
1765568107508,CH1,POWER,3.25
1765568107512,CH1,POWER,3.25
1765568107516,CH1,POWER,3.25
1765568107521,CH1,POWER,3.25
1765568107525,CH1,POWER,3.25
1765568107534,CH1,POWER,3.25
1765568107538,CH1,POWER,3.25
1765568107545,CH1,POWER,3.25
1765568107550,CH1,POWER,3.25
1765568107554,CH1,POWER,3.25
1765568107558,CH1,POWER,3.25
1765568107562,CH1,POWER,3.25
1765568107566,CH1,POWER,3.25
1765568107571,CH1,POWER,3.25
1765568107576,CH1,POWER,3.25
1765568107581,CH1,POWER,3.25
1765568107585,CH1,POWER,3.25
1765568107589,CH1,POWER,3.25
1765568107596,CH1,POWER,3.25
1765568107601,CH1,POWER,3.25
1765568107606,CH1,POWER,3.25
1765568107611,CH1,POWER,3.25
1765568107615,CH1,POWER,3.25
1765568107619,CH1,POWER,3.25
1765568107625,CH1,POWER,3.25
1765568107629,CH1,POWER,3.25
1765568107636,CH1,POWER,3.25
1765568107641,CH1,POWER,3.25
1765568107646,CH1,POWER,3.25
1765568107651,CH1,POWER,3.25
1765568107656,CH1,POWER,3.25
1765568107661,CH1,POWER,3.25
1765568107665,CH1,POWER,3.25
1765568107670,CH1,POWER,3.25
1765568107674,CH1,POWER,3.25
1765568107678,CH1,POWER,3.25
1765568107682,CH1,POWER,3.25
1765568107687,CH1,POWER,3.25
1765568107693,CH1,POWER,3.25
1765568107698,CH1,POWER,3.25
1765568107702,CH1,POWER,3.25
1765568107706,CH1,POWER,3.25
1765568107713,CH1,POWER,3.25
1765568107717,CH1,POWER,3.25
1765568107725,CH1,POWER,3.25
1765568107731,CH1,POWER,3.25
1765568107736,CH1,POWER,3.25
1765568107741,CH1,POWER,3.25
1765568107745,CH1,POWER,3.25
1765568107754,CH1,POWER,3.25
1765568107758,CH1,POWER,3.25
1765568107763,CH1,POWER,3.25
1765568107767,CH1,POWER,3.25
1765568107774,CH1,POWER,3.25
1765568107778,CH1,POWER,3.25
1765568107805,CH1,POWER,3.25
1765568107810,CH1,POWER,3.25
1765568107814,CH1,POWER,3.25
1765568107818,CH1,POWER,3.25
1765568107823,CH1,POWER,3.25
1765568107827,CH1,POWER,3.25
1765568107833,CH1,POWER,3.25
1765568107838,CH1,POWER,3.25
1765568107843,CH1,POWER,3.25
1765568107847,CH1,POWER,3.25
1765568107856,CH1,POWER,3.25
1765568107861,CH1,POWER,3.25
1765568107868,CH1,POWER,3.25
1765568107873,CH1,POWER,3.25
1765568107877,CH1,POWER,3.25
1765568107881,CH1,POWER,3.25
1765568107886,CH1,POWER,3.25
1765568107893,CH1,POWER,3.25
1765568107898,CH1,POWER,3.25
1765568107903,CH1,POWER,3.25
1765568107908,CH1,POWER,3.25
1765568107913,CH1,POWER,3.25
1765568107917,CH1,POWER,3.25
1765568107921,CH1,POWER,3.25
1765568107927,CH1,POWER,3.25
1765568107933,CH1,POWER,3.25
1765568107938,CH1,POWER,3.25
1765568107943,CH1,POWER,3.25
1765568107947,CH1,POWER,3.25
1765568107956,CH1,POWER,3.25
1765568107960,CH1,POWER,3.25
1765568107967,CH1,POWER,3.25
1765568107971,CH1,POWER,3.25
1765568107977,CH1,POWER,3.25
1765568107983,CH1,POWER,3.25
1765568107987,CH1,POWER,3.25
1765568107995,CH1,POWER,3.25
1765568108000,CH1,POWER,3.25
1765568108007,CH1,POWER,3.25
1765568108015,CH1,POWER,3.25
1765568108019,CH1,POWER,3.25
1765568108025,CH1,POWER,3.25
1765568108029,CH1,POWER,3.25
1765568108035,CH1,POWER,3.25
1765568108039,CH1,POWER,3.25
1765568108045,CH1,POWER,3.25
1765568108049,CH1,POWER,3.25
1765568108055,CH1,POWER,3.25
1765568108059,CH1,POWER,3.25
1765568108065,CH1,POWER,3.25
1765568108069,CH1,POWER,3.25
1765568108075,CH1,POWER,3.25
1765568108079,CH1,POWER,3.25
1765568108085,CH1,POWER,3.25
1765568108089,CH1,POWER,3.25
1765568108095,CH1,POWER,3.25
1765568108099,CH1,POWER,3.25
1765568108105,CH1,POWER,3.25
1765568108109,CH1,POWER,3.25
1765568108115,CH1,POWER,3.25
1765568108119,CH1,POWER,3.25
1765568108125,CH1,POWER,3.25
1765568108129,CH1,POWER,3.25
1765568108135,CH1,POWER,3.25
1765568108139,CH1,POWER,3.25
1765568108145,CH1,POWER,3.25
1765568108149,CH1,POWER,3.25
1765568108155,CH1,POWER,3.25
1765568108159,CH1,POWER,3.25
1765568108164,CH1,POWER,3.25
1765568108167,CH1,POWER,3.25
1765568108169,CH1,POWER,3.25
1765568108171,CH1,POWER,3.25
1765568108198,CH1,POWER,3.25
1765568108202,CH1,POWER,3.25
1765568108206,CH1,POWER,3.25
1765568108210,CH1,POWER,3.25
1765568108215,CH1,POWER,3.25
1765568108219,CH1,POWER,3.25
1765568108223,CH1,POWER,3.25
1765568108229,CH1,POWER,3.25
1765568108233,CH1,POWER,3.25
1765568108239,CH1,POWER,3.25
1765568108247,CH1,POWER,3.25
1765568108251,CH1,POWER,3.25
1765568108259,CH1,POWER,3.25
1765568108263,CH1,POWER,3.25
1765568108269,CH1,POWER,3.25
1765568108273,CH1,POWER,3.25
1765568108279,CH1,POWER,3.25
1765568108288,CH1,POWER,3.25
1765568108293,CH1,POWER,3.25
1765568108299,CH1,POWER,3.25
1765568108303,CH1,POWER,3.25
1765568108308,CH1,POWER,3.25
1765568108313,CH1,POWER,3.25
1765568108319,CH1,POWER,3.25
1765568108323,CH1,POWER,3.25
1765568108330,CH1,POWER,3.25
1765568108335,CH1,POWER,3.25
1765568108339,CH1,POWER,3.25
1765568108347,CH1,POWER,3.25
1765568108353,CH1,POWER,3.25
1765568108359,CH1,POWER,3.25
1765568108365,CH1,POWER,3.25
1765568108369,CH1,POWER,3.25
1765568108373,CH1,POWER,3.25
1765568108379,CH1,POWER,3.25
1765568108383,CH1,POWER,3.25
1765568108389,CH1,POWER,3.25
1765568108395,CH1,POWER,3.25
1765568108399,CH1,POWER,3.25
1765568108403,CH1,POWER,3.25
1765568108409,CH1,POWER,3.25
1765568108415,CH1,POWER,3.25
1765568108419,CH1,POWER,3.25
1765568108425,CH1,POWER,3.25
1765568108429,CH1,POWER,3.25
1765568108433,CH1,POWER,3.25
1765568108439,CH1,POWER,3.25
1765568108443,CH1,POWER,3.25
1765568108449,CH1,POWER,3.25
1765568108453,CH1,POWER,3.25
1765568108459,CH1,POWER,3.25
1765568108465,CH1,POWER,3.25
1765568108469,CH1,POWER,3.25
1765568108473,CH1,POWER,3.25
1765568108479,CH1,POWER,3.25
1765568108485,CH1,POWER,3.25
1765568108489,CH1,POWER,3.25
1765568108495,CH1,POWER,3.25
1765568108499,CH1,POWER,3.25
1765568108503,CH1,POWER,3.25
1765568108509,CH1,POWER,3.25
1765568108513,CH1,POWER,3.25
1765568108519,CH1,POWER,3.25
1765568108525,CH1,POWER,3.25
1765568108529,CH1,POWER,3.25
1765568108533,CH1,POWER,3.25
1765568108539,CH1,POWER,3.25
1765568108545,CH1,POWER,3.25
1765568108549,CH1,POWER,3.25
1765568108553,CH1,POWER,3.25
1765568108559,CH1,POWER,3.25
1765568108565,CH1,POWER,3.25
1765568108568,CH1,POWER,3.15
1765568108571,CH1,POWER,3.15
1765568108573,CH1,POWER,3.15
1765568108601,CH1,POWER,3.15
1765568108605,CH1,POWER,3.15
1765568108610,CH1,POWER,3.15
1765568108615,CH1,POWER,3.15
1765568108620,CH1,POWER,3.15
1765568108627,CH1,POWER,3.15
1765568108632,CH1,POWER,3.15
1765568108637,CH1,POWER,3.15
1765568108641,CH1,POWER,3.15
1765568108645,CH1,POWER,3.15
1765568108651,CH1,POWER,3.15
1765568108655,CH1,POWER,3.15
1765568108661,CH1,POWER,3.15
1765568108665,CH1,POWER,3.15
1765568108671,CH1,POWER,3.15
1765568108677,CH1,POWER,3.15
1765568108681,CH1,POWER,3.15
1765568108685,CH1,POWER,3.15
1765568108692,CH1,POWER,3.15
1765568108697,CH1,POWER,3.15
1765568108701,CH1,POWER,3.15
1765568108705,CH1,POWER,3.15
1765568108710,CH1,POWER,3.15
1765568108715,CH1,POWER,3.15
1765568108721,CH1,POWER,3.15
1765568108729,CH1,POWER,3.15
1765568108733,CH1,POWER,3.15
1765568108739,CH1,POWER,3.15
1765568108744,CH1,POWER,3.15
1765568108750,CH1,POWER,3.15
1765568108755,CH1,POWER,3.15
1765568108761,CH1,POWER,3.15
1765568108765,CH1,POWER,3.15
1765568108771,CH1,POWER,3.15
1765568108777,CH1,POWER,3.15
1765568108781,CH1,POWER,3.15
1765568108785,CH1,POWER,3.15
1765568108791,CH1,POWER,3.15
1765568108797,CH1,POWER,3.15
1765568108801,CH1,POWER,3.15
1765568108807,CH1,POWER,3.15
1765568108811,CH1,POWER,3.15
1765568108816,CH1,POWER,3.15
1765568108820,CH1,POWER,3.15
1765568108827,CH1,POWER,3.15
1765568108831,CH1,POWER,3.15
1765568108837,CH1,POWER,3.15
1765568108841,CH1,POWER,3.15
1765568108847,CH1,POWER,3.15
1765568108851,CH1,POWER,3.15
1765568108855,CH1,POWER,3.15
1765568108861,CH1,POWER,3.15
1765568108867,CH1,POWER,3.15
1765568108871,CH1,POWER,3.15
1765568108877,CH1,POWER,3.15
1765568108881,CH1,POWER,3.15
1765568108889,CH1,POWER,3.15
1765568108895,CH1,POWER,3.15
1765568108900,CH1,POWER,3.15
1765568108905,CH1,POWER,3.15
1765568108912,CH1,POWER,3.15
1765568108917,CH1,POWER,3.15
1765568108921,CH1,POWER,3.15
1765568108925,CH1,POWER,3.15
1765568108932,CH1,POWER,3.15
1765568108937,CH1,POWER,3.15
1765568108941,CH1,POWER,3.15
1765568108945,CH1,POWER,3.15
1765568108951,CH1,POWER,3.15
1765568108955,CH1,POWER,3.15
1765568108960,CH1,POWER,3.15
1765568108967,CH1,POWER,3.15
1765568108971,CH1,POWER,2.60
1765568108974,CH1,POWER,2.60
1765568108999,CH1,POWER,2.60
1765568109005,CH1,POWER,2.60
1765568109011,CH1,POWER,2.60
1765568109015,CH1,POWER,2.60
1765568109020,CH1,POWER,2.60
1765568109025,CH1,POWER,2.60
1765568109030,CH1,POWER,2.60
1765568109036,CH1,POWER,2.60
1765568109043,CH1,POWER,2.60
1765568109047,CH1,POWER,2.60
1765568109053,CH1,POWER,2.60
1765568109059,CH1,POWER,2.60
1765568109063,CH1,POWER,2.60
1765568109069,CH1,POWER,2.60
1765568109073,CH1,POWER,2.60
1765568109079,CH1,POWER,2.60
1765568109083,CH1,POWER,2.60
1765568109087,CH1,POWER,2.60
1765568109093,CH1,POWER,2.60
1765568109099,CH1,POWER,2.60
1765568109103,CH1,POWER,2.60
1765568109107,CH1,POWER,2.60
1765568109113,CH1,POWER,2.60
1765568109119,CH1,POWER,2.60
1765568109123,CH1,POWER,2.60
1765568109129,CH1,POWER,2.60
1765568109133,CH1,POWER,2.60
1765568109137,CH1,POWER,2.60
1765568109143,CH1,POWER,2.60
1765568109149,CH1,POWER,2.60
1765568109154,CH1,POWER,2.60
1765568109159,CH1,POWER,2.60
1765568109163,CH1,POWER,2.60
1765568109167,CH1,POWER,2.60
1765568109173,CH1,POWER,2.60
1765568109177,CH1,POWER,2.60
1765568109182,CH1,POWER,2.60
1765568109186,CH1,POWER,2.60
1765568109190,CH1,POWER,2.60
1765568109195,CH1,POWER,2.60
1765568109200,CH1,POWER,2.60
1765568109205,CH1,POWER,2.60
1765568109210,CH1,POWER,2.60
1765568109215,CH1,POWER,2.60
1765568109223,CH1,POWER,2.60
1765568109229,CH1,POWER,2.60
1765568109233,CH1,POWER,2.60
1765568109237,CH1,POWER,2.60
1765568109243,CH1,POWER,2.60
1765568109249,CH1,POWER,2.60
1765568109253,CH1,POWER,2.60
1765568109257,CH1,POWER,2.60
1765568109263,CH1,POWER,2.60
1765568109267,CH1,POWER,2.60
1765568109272,CH1,POWER,2.60
1765568109277,CH1,POWER,2.60
1765568109282,CH1,POWER,2.60
1765568109287,CH1,POWER,2.60
1765568109292,CH1,POWER,2.60
1765568109297,CH1,POWER,2.60
1765568109303,CH1,POWER,2.60
1765568109311,CH1,POWER,2.60
1765568109316,CH1,POWER,2.60
1765568109322,CH1,POWER,2.60
1765568109327,CH1,POWER,2.60
1765568109332,CH1,POWER,2.60
1765568109337,CH1,POWER,2.60
1765568109343,CH1,POWER,2.60
1765568109347,CH1,POWER,2.60
1765568109352,CH1,POWER,2.60
1765568109356,CH1,POWER,2.60
1765568109362,CH1,POWER,2.60
1765568109366,CH1,POWER,2.60
1765568109392,CH1,POWER,3.25
1765568109397,CH1,POWER,3.25
1765568109402,CH1,POWER,3.25
1765568109406,CH1,POWER,3.25
1765568109411,CH1,POWER,3.25
1765568109415,CH1,POWER,3.25
1765568109419,CH1,POWER,3.25
1765568109424,CH1,POWER,3.25
1765568109429,CH1,POWER,3.25
1765568109435,CH1,POWER,3.25
1765568109441,CH1,POWER,3.25
1765568109445,CH1,POWER,3.25
1765568109449,CH1,POWER,3.25
1765568109455,CH1,POWER,3.25
1765568109461,CH1,POWER,3.25
1765568109465,CH1,POWER,3.25
1765568109469,CH1,POWER,3.25
1765568109475,CH1,POWER,3.25
1765568109481,CH1,POWER,3.25
1765568109485,CH1,POWER,3.25
1765568109489,CH1,POWER,3.25
1765568109494,CH1,POWER,3.25
1765568109499,CH1,POWER,3.25
1765568109505,CH1,POWER,3.25
1765568109511,CH1,POWER,3.25
1765568109515,CH1,POWER,3.25
1765568109519,CH1,POWER,3.25
1765568109525,CH1,POWER,3.25
1765568109531,CH1,POWER,3.25
1765568109535,CH1,POWER,3.25
1765568109541,CH1,POWER,3.25
1765568109545,CH1,POWER,3.25
1765568109551,CH1,POWER,3.25
1765568109555,CH1,POWER,3.25
1765568109559,CH1,POWER,3.25
1765568109564,CH1,POWER,3.25
1765568109569,CH1,POWER,3.25
1765568109575,CH1,POWER,3.25
1765568109579,CH1,POWER,3.25
1765568109584,CH1,POWER,3.25
1765568109589,CH1,POWER,3.25
1765568109595,CH1,POWER,3.25
1765568109601,CH1,POWER,3.25
1765568109605,CH1,POWER,3.25
1765568109611,CH1,POWER,3.25
1765568109615,CH1,POWER,3.25
1765568109621,CH1,POWER,3.25
1765568109625,CH1,POWER,3.25
1765568109629,CH1,POWER,3.25
1765568109634,CH1,POWER,3.25
1765568109639,CH1,POWER,3.25
1765568109645,CH1,POWER,3.25
1765568109651,CH1,POWER,3.25
1765568109655,CH1,POWER,3.25
1765568109663,CH1,POWER,3.25
1765568109668,CH1,POWER,3.25
1765568109672,CH1,POWER,3.25
1765568109677,CH1,POWER,3.25
1765568109682,CH1,POWER,3.25
1765568109686,CH1,POWER,3.25
1765568109693,CH1,POWER,3.25
1765568109697,CH1,POWER,3.25
1765568109702,CH1,POWER,3.25
1765568109708,CH1,POWER,3.25
1765568109712,CH1,POWER,3.25
1765568109717,CH1,POWER,3.25
1765568109725,CH1,POWER,3.25
1765568109733,CH1,POWER,3.25
1765568109738,CH1,POWER,3.25
1765568109744,CH1,POWER,3.25
1765568109749,CH1,POWER,3.25
1765568109755,CH1,POWER,3.25
1765568109758,CH1,POWER,3.25
1765568109784,CH1,POWER,3.25
1765568109789,CH1,POWER,3.25
1765568109794,CH1,POWER,3.25
1765568109798,CH1,POWER,3.25
1765568109803,CH1,POWER,3.25
1765568109807,CH1,POWER,3.25
1765568109811,CH1,POWER,3.25
1765568109817,CH1,POWER,3.25
1765568109823,CH1,POWER,3.25
1765568109827,CH1,POWER,3.25
1765568109835,CH1,POWER,3.25
1765568109839,CH1,POWER,3.25
1765568109844,CH1,POWER,3.25
1765568109848,CH1,POWER,3.25
1765568109853,CH1,POWER,3.25
1765568109857,CH1,POWER,3.25
1765568109861,CH1,POWER,3.25
1765568109867,CH1,POWER,3.25
1765568109871,CH1,POWER,3.25
1765568109877,CH1,POWER,3.25
1765568109883,CH1,POWER,3.25
1765568109887,CH1,POWER,3.25
1765568109891,CH1,POWER,3.25
1765568109897,CH1,POWER,3.25
1765568109901,CH1,POWER,3.25
1765568109907,CH1,POWER,3.25
1765568109911,CH1,POWER,3.25
1765568109916,CH1,POWER,3.25
1765568109923,CH1,POWER,3.25
1765568109927,CH1,POWER,3.25
1765568109933,CH1,POWER,3.25
1765568109937,CH1,POWER,3.25
1765568109943,CH1,POWER,3.25
1765568109947,CH1,POWER,3.25
1765568109953,CH1,POWER,3.25
1765568109957,CH1,POWER,3.25
1765568109963,CH1,POWER,3.25
1765568109967,CH1,POWER,3.25
1765568109971,CH1,POWER,3.25
1765568109976,CH1,POWER,3.25
1765568109981,CH1,POWER,3.25
1765568109986,CH1,POWER,3.25
1765568109991,CH1,POWER,3.25
1765568109997,CH1,POWER,3.25
1765568110001,CH1,POWER,3.25
1765568110007,CH1,POWER,3.25
1765568110011,CH1,POWER,3.25
1765568110017,CH1,POWER,3.25
1765568110025,CH1,POWER,3.25
1765568110029,CH1,POWER,3.25
1765568110034,CH1,POWER,3.25
1765568110038,CH1,POWER,3.25
1765568110045,CH1,POWER,3.25
1765568110050,CH1,POWER,3.25
1765568110054,CH1,POWER,3.25
1765568110058,CH1,POWER,3.25
1765568110063,CH1,POWER,3.25
1765568110067,CH1,POWER,3.25
1765568110071,CH1,POWER,3.25
1765568110077,CH1,POWER,3.25
1765568110081,CH1,POWER,3.25
1765568110087,CH1,POWER,3.25
1765568110091,CH1,POWER,3.25
1765568110097,CH1,POWER,3.25
1765568110103,CH1,POWER,3.25
1765568110107,CH1,POWER,3.25
1765568110111,CH1,POWER,3.25
1765568110117,CH1,POWER,3.25
1765568110121,CH1,POWER,3.25
1765568110127,CH1,POWER,3.25
1765568110131,CH1,POWER,3.25
1765568110137,CH1,POWER,3.25
1765568110143,CH1,POWER,3.25
1765568110147,CH1,POWER,3.25
1765568110150,CH1,POWER,3.30
1765568110176,CH1,POWER,3.30
1765568110181,CH1,POWER,3.30
1765568110187,CH1,POWER,3.30
1765568110191,CH1,POWER,3.30
1765568110196,CH1,POWER,3.30
1765568110202,CH1,POWER,3.30
1765568110209,CH1,POWER,3.30
1765568110215,CH1,POWER,3.30
1765568110219,CH1,POWER,3.30
1765568110223,CH1,POWER,3.30
1765568110229,CH1,POWER,3.30
1765568110233,CH1,POWER,3.30
1765568110239,CH1,POWER,3.30
1765568110243,CH1,POWER,3.30
1765568110249,CH1,POWER,3.30
1765568110255,CH1,POWER,3.30
1765568110259,CH1,POWER,3.30
1765568110265,CH1,POWER,3.30
1765568110269,CH1,POWER,3.30
1765568110273,CH1,POWER,3.30
1765568110279,CH1,POWER,3.30
1765568110287,CH1,POWER,3.30
1765568110292,CH1,POWER,3.30
1765568110299,CH1,POWER,3.30
1765568110305,CH1,POWER,3.30
1765568110309,CH1,POWER,3.30
1765568110313,CH1,POWER,3.30
1765568110319,CH1,POWER,3.30
1765568110325,CH1,POWER,3.30
1765568110329,CH1,POWER,3.30
1765568110333,CH1,POWER,3.30
1765568110338,CH1,POWER,3.30
1765568110343,CH1,POWER,3.30
1765568110349,CH1,POWER,3.30
1765568110355,CH1,POWER,3.30
1765568110359,CH1,POWER,3.30
1765568110363,CH1,POWER,3.30
1765568110369,CH1,POWER,3.30
1765568110375,CH1,POWER,3.30
1765568110379,CH1,POWER,3.30
1765568110383,CH1,POWER,3.30
1765568110389,CH1,POWER,3.30
1765568110393,CH1,POWER,3.30
1765568110399,CH1,POWER,3.30
1765568110403,CH1,POWER,3.30
1765568110409,CH1,POWER,3.30
1765568110413,CH1,POWER,3.30
1765568110418,CH1,POWER,3.30
1765568110423,CH1,POWER,3.30
1765568110429,CH1,POWER,3.30
1765568110433,CH1,POWER,3.30
1765568110439,CH1,POWER,3.30
1765568110443,CH1,POWER,3.30
1765568110448,CH1,POWER,3.30
1765568110453,CH1,POWER,3.30
1765568110459,CH1,POWER,3.30
1765568110465,CH1,POWER,3.30
1765568110469,CH1,POWER,3.30
1765568110473,CH1,POWER,3.30
1765568110479,CH1,POWER,3.30
1765568110485,CH1,POWER,3.30
1765568110489,CH1,POWER,3.30
1765568110495,CH1,POWER,3.30
1765568110499,CH1,POWER,3.30
1765568110503,CH1,POWER,3.30
1765568110509,CH1,POWER,3.30
1765568110515,CH1,POWER,3.30
1765568110519,CH1,POWER,3.30
1765568110523,CH1,POWER,3.30
1765568110529,CH1,POWER,3.30
1765568110535,CH1,POWER,3.30
1765568110539,CH1,POWER,3.30
1765568110542,CH1,POWER,3.30
1765568110568,CH1,POWER,3.30
1765568110573,CH1,POWER,3.30
1765568110578,CH1,POWER,3.30
1765568110582,CH1,POWER,3.30
1765568110587,CH1,POWER,3.30
1765568110591,CH1,POWER,3.30
1765568110595,CH1,POWER,3.30
1765568110600,CH1,POWER,3.30
1765568110605,CH1,POWER,3.30
1765568110611,CH1,POWER,3.30
1765568110617,CH1,POWER,3.30
1765568110621,CH1,POWER,3.30
1765568110625,CH1,POWER,3.30
1765568110631,CH1,POWER,3.30
1765568110637,CH1,POWER,3.30
1765568110641,CH1,POWER,3.30
1765568110647,CH1,POWER,3.30
1765568110651,CH1,POWER,3.30
1765568110655,CH1,POWER,3.30
1765568110661,CH1,POWER,3.30
1765568110667,CH1,POWER,3.30
1765568110671,CH1,POWER,3.30
1765568110675,CH1,POWER,3.30
1765568110681,CH1,POWER,3.30
1765568110687,CH1,POWER,3.30
1765568110691,CH1,POWER,3.30
1765568110697,CH1,POWER,3.30
1765568110701,CH1,POWER,3.30
1765568110705,CH1,POWER,3.30
1765568110711,CH1,POWER,3.30
1765568110717,CH1,POWER,3.30
1765568110721,CH1,POWER,3.30
1765568110725,CH1,POWER,3.30
1765568110731,CH1,POWER,3.30
1765568110737,CH1,POWER,3.30
1765568110741,CH1,POWER,3.30
1765568110747,CH1,POWER,3.30
1765568110751,CH1,POWER,3.30
1765568110757,CH1,POWER,3.30
1765568110761,CH1,POWER,3.30
1765568110765,CH1,POWER,3.30
1765568110771,CH1,POWER,3.30
1765568110777,CH1,POWER,3.30
1765568110781,CH1,POWER,3.30
1765568110787,CH1,POWER,3.30
1765568110791,CH1,POWER,3.30
1765568110797,CH1,POWER,3.30
1765568110801,CH1,POWER,3.30
1765568110805,CH1,POWER,3.30
1765568110810,CH1,POWER,3.30
1765568110814,CH1,POWER,3.30
1765568110818,CH1,POWER,3.30
1765568110822,CH1,POWER,3.30
1765568110827,CH1,POWER,3.30
1765568110831,CH1,POWER,3.30
1765568110835,CH1,POWER,3.30
1765568110841,CH1,POWER,3.30
1765568110845,CH1,POWER,3.30
1765568110850,CH1,POWER,3.30
1765568110855,CH1,POWER,3.30
1765568110860,CH1,POWER,3.30
1765568110864,CH1,POWER,3.30
1765568110868,CH1,POWER,3.30
1765568110874,CH1,POWER,3.30
1765568110881,CH1,POWER,3.30
1765568110889,CH1,POWER,3.30
1765568110894,CH1,POWER,3.30
1765568110898,CH1,POWER,3.30
1765568110902,CH1,POWER,3.30
1765568110907,CH1,POWER,3.30
1765568110911,CH1,POWER,3.30
1765568110917,CH1,POWER,3.30
1765568110921,CH1,POWER,3.30
1765568110927,CH1,POWER,3.30
1765568110931,CH1,POWER,3.30
1765568110935,CH1,POWER,3.30
1765568110962,CH1,POWER,3.55
1765568110967,CH1,POWER,3.55
1765568110972,CH1,POWER,3.55
1765568110976,CH1,POWER,3.55
1765568110983,CH1,POWER,3.55
1765568110987,CH1,POWER,3.55
1765568110992,CH1,POWER,3.55
1765568110996,CH1,POWER,3.55
1765568111003,CH1,POWER,3.55
1765568111009,CH1,POWER,3.55
1765568111013,CH1,POWER,3.55
1765568111019,CH1,POWER,3.55
1765568111023,CH1,POWER,3.55
1765568111029,CH1,POWER,3.55
1765568111033,CH1,POWER,3.55
1765568111037,CH1,POWER,3.55
1765568111042,CH1,POWER,3.55
1765568111046,CH1,POWER,3.55
1765568111050,CH1,POWER,3.55
1765568111054,CH1,POWER,3.55
1765568111059,CH1,POWER,3.55
1765568111063,CH1,POWER,3.55
1765568111067,CH1,POWER,3.55
1765568111073,CH1,POWER,3.55
1765568111081,CH1,POWER,3.55
1765568111086,CH1,POWER,3.55
1765568111090,CH1,POWER,3.55
1765568111095,CH1,POWER,3.55
1765568111101,CH1,POWER,3.55
1765568111105,CH1,POWER,3.55
1765568111110,CH1,POWER,3.55
1765568111114,CH1,POWER,3.55
1765568111119,CH1,POWER,3.55
1765568111123,CH1,POWER,3.55
1765568111127,CH1,POWER,3.55
1765568111132,CH1,POWER,3.55
1765568111137,CH1,POWER,3.55
1765568111143,CH1,POWER,3.55
1765568111149,CH1,POWER,3.55
1765568111153,CH1,POWER,3.55
1765568111157,CH1,POWER,3.55
1765568111162,CH1,POWER,3.55
1765568111166,CH1,POWER,3.55
1765568111170,CH1,POWER,3.55
1765568111174,CH1,POWER,3.55
1765568111179,CH1,POWER,3.55
1765568111183,CH1,POWER,3.55
1765568111187,CH1,POWER,3.55
1765568111192,CH1,POWER,3.55
1765568111196,CH1,POWER,3.55
1765568111200,CH1,POWER,3.55
1765568111204,CH1,POWER,3.55
1765568111209,CH1,POWER,3.55
1765568111213,CH1,POWER,3.55
1765568111219,CH1,POWER,3.55
1765568111223,CH1,POWER,3.55
1765568111227,CH1,POWER,3.55
1765568111233,CH1,POWER,3.55
1765568111239,CH1,POWER,3.55
1765568111243,CH1,POWER,3.55
1765568111247,CH1,POWER,3.55
1765568111253,CH1,POWER,3.55
1765568111259,CH1,POWER,3.55
1765568111263,CH1,POWER,3.55
1765568111267,CH1,POWER,3.55
1765568111273,CH1,POWER,3.55
1765568111277,CH1,POWER,3.55
1765568111283,CH1,POWER,3.55
1765568111287,CH1,POWER,3.55
1765568111292,CH1,POWER,3.55
1765568111297,CH1,POWER,3.55
1765568111303,CH1,POWER,3.55
1765568111307,CH1,POWER,3.55
1765568111312,CH1,POWER,3.55
1765568111316,CH1,POWER,3.55
1765568111320,CH1,POWER,3.55
1765568111325,CH1,POWER,3.55
1765568111331,CH1,POWER,3.55
1765568111335,CH1,POWER,3.65
1765568111337,CH1,POWER,3.65
1765568111365,CH1,POWER,3.65
1765568111371,CH1,POWER,3.65
1765568111375,CH1,POWER,3.65
1765568111379,CH1,POWER,3.65
1765568111384,CH1,POWER,3.65
1765568111389,CH1,POWER,3.65
1765568111395,CH1,POWER,3.65
1765568111399,CH1,POWER,3.65
1765568111404,CH1,POWER,3.65
1765568111408,CH1,POWER,3.65
1765568111412,CH1,POWER,3.65
1765568111418,CH1,POWER,3.65
1765568111424,CH1,POWER,3.65
1765568111428,CH1,POWER,3.65
1765568111435,CH1,POWER,3.65
1765568111439,CH1,POWER,3.65
1765568111444,CH1,POWER,3.65
1765568111448,CH1,POWER,3.65
1765568111452,CH1,POWER,3.65
1765568111457,CH1,POWER,3.65
1765568111463,CH1,POWER,3.65
1765568111467,CH1,POWER,3.65
1765568111473,CH1,POWER,3.65
1765568111479,CH1,POWER,3.65
1765568111484,CH1,POWER,3.65
1765568111489,CH1,POWER,3.65
1765568111495,CH1,POWER,3.65
1765568111499,CH1,POWER,3.65
1765568111505,CH1,POWER,3.65
1765568111513,CH1,POWER,3.65
1765568111518,CH1,POWER,3.65
1765568111525,CH1,POWER,3.65
1765568111531,CH1,POWER,3.65
1765568111535,CH1,POWER,3.65
1765568111539,CH1,POWER,3.65
1765568111544,CH1,POWER,3.65
1765568111549,CH1,POWER,3.65
1765568111555,CH1,POWER,3.65
1765568111561,CH1,POWER,3.65
1765568111565,CH1,POWER,3.65
1765568111569,CH1,POWER,3.65
1765568111575,CH1,POWER,3.65
1765568111581,CH1,POWER,3.65
1765568111585,CH1,POWER,3.65
1765568111589,CH1,POWER,3.65
1765568111594,CH1,POWER,3.65
1765568111598,CH1,POWER,3.65
1765568111604,CH1,POWER,3.65
1765568111609,CH1,POWER,3.65
1765568111615,CH1,POWER,3.65
1765568111621,CH1,POWER,3.65
1765568111625,CH1,POWER,3.65
1765568111631,CH1,POWER,3.65
1765568111635,CH1,POWER,3.65
1765568111643,CH1,POWER,3.65
1765568111649,CH1,POWER,3.65
1765568111654,CH1,POWER,3.65
1765568111658,CH1,POWER,3.65
1765568111665,CH1,POWER,3.65
1765568111669,CH1,POWER,3.65
1765568111674,CH1,POWER,3.65
1765568111678,CH1,POWER,3.65
1765568111682,CH1,POWER,3.65
1765568111687,CH1,POWER,3.65
1765568111693,CH1,POWER,3.65
1765568111698,CH1,POWER,3.65
1765568111702,CH1,POWER,3.65
1765568111706,CH1,POWER,3.65
1765568111711,CH1,POWER,3.65
1765568111715,CH1,POWER,3.65
1765568111723,CH1,POWER,3.65
1765568111728,CH1,POWER,3.25
1765568111754,CH1,POWER,3.25
1765568111759,CH1,POWER,3.25
1765568111765,CH1,POWER,3.25
1765568111769,CH1,POWER,3.25
1765568111774,CH1,POWER,3.25
1765568111778,CH1,POWER,3.25
1765568111783,CH1,POWER,3.25
1765568111787,CH1,POWER,3.25
1765568111795,CH1,POWER,3.25
1765568111800,CH1,POWER,3.25
1765568111807,CH1,POWER,3.25
1765568111815,CH1,POWER,3.25
1765568111820,CH1,POWER,3.25
1765568111824,CH1,POWER,3.25
1765568111829,CH1,POWER,3.25
1765568111834,CH1,POWER,3.25
1765568111838,CH1,POWER,3.25
1765568111844,CH1,POWER,3.25
1765568111850,CH1,POWER,3.25
1765568111854,CH1,POWER,3.25
1765568111859,CH1,POWER,3.25
1765568111865,CH1,POWER,3.25
1765568111870,CH1,POWER,3.25
1765568111874,CH1,POWER,3.25
1765568111878,CH1,POWER,3.25
1765568111883,CH1,POWER,3.25
1765568111887,CH1,POWER,3.25
1765568111891,CH1,POWER,3.25
1765568111897,CH1,POWER,3.25
1765568111902,CH1,POWER,3.25
1765568111907,CH1,POWER,3.25
1765568111911,CH1,POWER,3.25
1765568111917,CH1,POWER,3.25
1765568111921,CH1,POWER,3.25
1765568111927,CH1,POWER,3.25
1765568111935,CH1,POWER,3.25
1765568111940,CH1,POWER,3.25
1765568111947,CH1,POWER,3.25
1765568111955,CH1,POWER,3.25
1765568111960,CH1,POWER,3.25
1765568111964,CH1,POWER,3.25
1765568111969,CH1,POWER,3.25
1765568111975,CH1,POWER,3.25
1765568111979,CH1,POWER,3.25
1765568111987,CH1,POWER,3.25
1765568111993,CH1,POWER,3.25
1765568111997,CH1,POWER,3.25
1765568112005,CH1,POWER,3.25
1765568112010,CH1,POWER,3.25
1765568112017,CH1,POWER,3.25
1765568112025,CH1,POWER,3.25
1765568112031,CH1,POWER,3.25
1765568112037,CH1,POWER,3.25
1765568112043,CH1,POWER,3.25
1765568112047,CH1,POWER,3.25
1765568112051,CH1,POWER,3.25
1765568112057,CH1,POWER,3.25
1765568112063,CH1,POWER,3.25
1765568112067,CH1,POWER,3.25
1765568112071,CH1,POWER,3.25
1765568112076,CH1,POWER,3.25
1765568112081,CH1,POWER,3.25
1765568112087,CH1,POWER,3.25
1765568112093,CH1,POWER,3.25
1765568112097,CH1,POWER,3.25
1765568112101,CH1,POWER,3.25
1765568112107,CH1,POWER,3.25
1765568112110,CH1,POWER,3.25
1765568112136,CH1,POWER,3.25
1765568112141,CH1,POWER,3.25
1765568112149,CH1,POWER,3.25
1765568112155,CH1,POWER,3.25
1765568112159,CH1,POWER,3.25
1765568112167,CH1,POWER,3.25
1765568112172,CH1,POWER,3.25
1765568112179,CH1,POWER,3.25
1765568112183,CH1,POWER,3.25
1765568112189,CH1,POWER,3.25
1765568112197,CH1,POWER,3.25
1765568112202,CH1,POWER,3.25
1765568112209,CH1,POWER,3.25
1765568112217,CH1,POWER,3.25
1765568112222,CH1,POWER,3.25
1765568112229,CH1,POWER,3.25
1765568112233,CH1,POWER,3.25
1765568112239,CH1,POWER,3.25
1765568112245,CH1,POWER,3.25
1765568112249,CH1,POWER,3.25
1765568112255,CH1,POWER,3.25
1765568112259,CH1,POWER,3.25
1765568112263,CH1,POWER,3.25
1765568112268,CH1,POWER,3.25
1765568112272,CH1,POWER,3.25
1765568112276,CH1,POWER,3.25
1765568112281,CH1,POWER,3.25
1765568112287,CH1,POWER,3.25
1765568112292,CH1,POWER,3.25
1765568112300,CH1,POWER,3.25
1765568112307,CH1,POWER,3.25
1765568112311,CH1,POWER,3.25
1765568112317,CH1,POWER,3.25
1765568112322,CH1,POWER,3.25
1765568112326,CH1,POWER,3.25
1765568112331,CH1,POWER,3.25
1765568112336,CH1,POWER,3.25
1765568112342,CH1,POWER,3.25
1765568112349,CH1,POWER,3.25
1765568112353,CH1,POWER,3.25
1765568112359,CH1,POWER,3.25
1765568112367,CH1,POWER,3.25
1765568112372,CH1,POWER,3.25
1765568112379,CH1,POWER,3.25
1765568112387,CH1,POWER,3.25
1765568112392,CH1,POWER,3.25
1765568112396,CH1,POWER,3.25
1765568112401,CH1,POWER,3.25
1765568112407,CH1,POWER,3.25
1765568112412,CH1,POWER,3.25
1765568112419,CH1,POWER,3.25
1765568112425,CH1,POWER,3.25
1765568112429,CH1,POWER,3.25
1765568112437,CH1,POWER,3.25
1765568112442,CH1,POWER,3.25
1765568112449,CH1,POWER,3.25
1765568112455,CH1,POWER,3.25
1765568112459,CH1,POWER,3.25
1765568112465,CH1,POWER,3.25
1765568112469,CH1,POWER,3.25
1765568112474,CH1,POWER,3.25
1765568112479,CH1,POWER,3.25
1765568112485,CH1,POWER,3.25
1765568112489,CH1,POWER,3.25
1765568112495,CH1,POWER,3.25
1765568112498,CH1,POWER,3.25
1765568112501,CH1,POWER,3.25
1765568112504,CH1,POWER,3.25
1765568112531,CH1,POWER,3.25
1765568112537,CH1,POWER,3.25
1765568112541,CH1,POWER,3.25
1765568112547,CH1,POWER,3.25
1765568112551,CH1,POWER,3.25
1765568112555,CH1,POWER,3.25
1765568112561,CH1,POWER,3.25
1765568112567,CH1,POWER,3.25
1765568112571,CH1,POWER,3.25
1765568112579,CH1,POWER,3.25
1765568112584,CH1,POWER,3.25
1765568112591,CH1,POWER,3.25
1765568112597,CH1,POWER,3.25
1765568112601,CH1,POWER,3.25
1765568112609,CH1,POWER,3.25
1765568112614,CH1,POWER,3.25
1765568112621,CH1,POWER,3.25
1765568112627,CH1,POWER,3.25
1765568112631,CH1,POWER,3.25
1765568112639,CH1,POWER,3.25
1765568112644,CH1,POWER,3.25
1765568112648,CH1,POWER,3.25
1765568112653,CH1,POWER,3.25
1765568112658,CH1,POWER,3.25
1765568112663,CH1,POWER,3.25
1765568112669,CH1,POWER,3.25
1765568112674,CH1,POWER,3.25
1765568112681,CH1,POWER,3.25
1765568112689,CH1,POWER,3.25
1765568112694,CH1,POWER,3.25
1765568112701,CH1,POWER,3.25
1765568112705,CH1,POWER,3.25
1765568112710,CH1,POWER,3.25
1765568112715,CH1,POWER,3.25
1765568112721,CH1,POWER,3.25
1765568112727,CH1,POWER,3.25
1765568112731,CH1,POWER,3.25
1765568112736,CH1,POWER,3.25
1765568112741,CH1,POWER,3.25
1765568112745,CH1,POWER,3.25
1765568112750,CH1,POWER,3.25
1765568112755,CH1,POWER,3.25
1765568112761,CH1,POWER,3.25
1765568112765,CH1,POWER,3.25
1765568112770,CH1,POWER,3.25
1765568112774,CH1,POWER,3.25
1765568112778,CH1,POWER,3.25
1765568112783,CH1,POWER,3.25
1765568112791,CH1,POWER,3.25
1765568112795,CH1,POWER,3.25
1765568112800,CH1,POWER,3.25
1765568112804,CH1,POWER,3.25
1765568112811,CH1,POWER,3.25
1765568112816,CH1,POWER,3.25
1765568112821,CH1,POWER,3.25
1765568112826,CH1,POWER,3.25
1765568112831,CH1,POWER,3.25
1765568112835,CH1,POWER,3.25
1765568112840,CH1,POWER,3.25
1765568112845,CH1,POWER,3.25
1765568112850,CH1,POWER,3.25
1765568112855,CH1,POWER,3.25
1765568112860,CH1,POWER,3.25
1765568112867,CH1,POWER,3.25
1765568112871,CH1,POWER,3.25
1765568112877,CH1,POWER,3.25
1765568112881,CH1,POWER,3.25
1765568112887,CH1,POWER,3.25
1765568112891,CH1,POWER,3.25
1765568112894,CH1,POWER,3.70
1765568112920,CH1,POWER,3.70
1765568112925,CH1,POWER,3.70
1765568112930,CH1,POWER,3.70
1765568112935,CH1,POWER,3.70
1765568112943,CH1,POWER,3.70
1765568112949,CH1,POWER,3.70
1765568112953,CH1,POWER,3.70
1765568112958,CH1,POWER,3.70
1765568112963,CH1,POWER,3.70
1765568112969,CH1,POWER,3.70
1765568112973,CH1,POWER,3.70
1765568112979,CH1,POWER,3.70
1765568112983,CH1,POWER,3.70
1765568112988,CH1,POWER,3.70
1765568112993,CH1,POWER,3.70
1765568112998,CH1,POWER,3.70
1765568113003,CH1,POWER,3.70
1765568113007,CH1,POWER,3.70
1765568113012,CH1,POWER,3.70
1765568113016,CH1,POWER,3.70
1765568113023,CH1,POWER,3.70
1765568113028,CH1,POWER,3.70
1765568113033,CH1,POWER,3.70
1765568113038,CH1,POWER,3.70
1765568113043,CH1,POWER,3.70
1765568113049,CH1,POWER,3.70
1765568113053,CH1,POWER,3.70
1765568113059,CH1,POWER,3.70
1765568113063,CH1,POWER,3.70
1765568113068,CH1,POWER,3.70
1765568113073,CH1,POWER,3.70
1765568113079,CH1,POWER,3.70
1765568113083,CH1,POWER,3.70
1765568113089,CH1,POWER,3.70
1765568113093,CH1,POWER,3.70
1765568113098,CH1,POWER,3.70
1765568113103,CH1,POWER,3.70
1765568113107,CH1,POWER,3.70
1765568113112,CH1,POWER,3.70
1765568113117,CH1,POWER,3.70
1765568113122,CH1,POWER,3.70
1765568113127,CH1,POWER,3.70
1765568113133,CH1,POWER,3.70
1765568113139,CH1,POWER,3.70
1765568113143,CH1,POWER,3.70
1765568113151,CH1,POWER,3.70
1765568113156,CH1,POWER,3.70
1765568113163,CH1,POWER,3.70
1765568113167,CH1,POWER,3.70
1765568113173,CH1,POWER,3.70
1765568113177,CH1,POWER,3.70
1765568113182,CH1,POWER,3.70
1765568113187,CH1,POWER,3.70
1765568113193,CH1,POWER,3.70
1765568113199,CH1,POWER,3.70
1765568113203,CH1,POWER,3.70
1765568113209,CH1,POWER,3.70
1765568113213,CH1,POWER,3.70
1765568113221,CH1,POWER,3.70
1765568113225,CH1,POWER,3.70
1765568113231,CH1,POWER,3.70
1765568113235,CH1,POWER,3.70
1765568113243,CH1,POWER,3.70
1765568113249,CH1,POWER,3.70
1765568113253,CH1,POWER,3.70
1765568113258,CH1,POWER,3.70
1765568113263,CH1,POWER,3.70
1765568113271,CH1,POWER,3.70
1765568113276,CH1,POWER,3.70
1765568113281,CH1,POWER,3.30
1765568113284,CH1,POWER,3.30
1765568113286,CH1,POWER,3.30
1765568113312,CH1,POWER,3.30
1765568113317,CH1,POWER,3.30
1765568113323,CH1,POWER,3.30
1765568113327,CH1,POWER,3.30
1765568113333,CH1,POWER,3.30
1765568113337,CH1,POWER,3.30
1765568113343,CH1,POWER,3.30
1765568113349,CH1,POWER,3.30
1765568113354,CH1,POWER,3.30
1765568113359,CH1,POWER,3.30
1765568113364,CH1,POWER,3.30
1765568113369,CH1,POWER,3.30
1765568113374,CH1,POWER,3.30
1765568113378,CH1,POWER,3.30
1765568113385,CH1,POWER,3.30
1765568113389,CH1,POWER,3.30
1765568113395,CH1,POWER,3.30
1765568113401,CH1,POWER,3.30
1765568113405,CH1,POWER,3.30
1765568113413,CH1,POWER,3.30
1765568113418,CH1,POWER,3.30
1765568113425,CH1,POWER,3.30
1765568113431,CH1,POWER,3.30
1765568113435,CH1,POWER,3.30
1765568113441,CH1,POWER,3.30
1765568113445,CH1,POWER,3.30
1765568113450,CH1,POWER,3.30
1765568113455,CH1,POWER,3.30
1765568113463,CH1,POWER,3.30
1765568113468,CH1,POWER,3.30
1765568113472,CH1,POWER,3.30
1765568113477,CH1,POWER,3.30
1765568113482,CH1,POWER,3.30
1765568113488,CH1,POWER,3.30
1765568113495,CH1,POWER,3.30
1765568113501,CH1,POWER,3.30
1765568113505,CH1,POWER,3.30
1765568113511,CH1,POWER,3.30
1765568113515,CH1,POWER,3.30
1765568113520,CH1,POWER,3.30
1765568113525,CH1,POWER,3.30
1765568113531,CH1,POWER,3.30
1765568113535,CH1,POWER,3.30
1765568113540,CH1,POWER,3.30
1765568113545,CH1,POWER,3.30
1765568113550,CH1,POWER,3.30
1765568113555,CH1,POWER,3.30
1765568113560,CH1,POWER,3.30
1765568113565,CH1,POWER,3.30
1765568113569,CH1,POWER,3.30
1765568113575,CH1,POWER,3.30
1765568113580,CH1,POWER,3.30
1765568113585,CH1,POWER,3.30
1765568113590,CH1,POWER,3.30
1765568113595,CH1,POWER,3.30
1765568113601,CH1,POWER,3.30
1765568113605,CH1,POWER,3.30
1765568113610,CH1,POWER,3.30
1765568113615,CH1,POWER,3.30
1765568113620,CH1,POWER,3.30
1765568113625,CH1,POWER,3.30
1765568113630,CH1,POWER,3.30
1765568113635,CH1,POWER,3.30
1765568113640,CH1,POWER,3.30
1765568113645,CH1,POWER,3.30
1765568113653,CH1,POWER,3.30
1765568113657,CH1,POWER,3.30
1765568113662,CH1,POWER,3.30
1765568113666,CH1,POWER,3.30
1765568113672,CH1,POWER,3.30
1765568113675,CH1,POWER,3.25
1765568113677,CH1,POWER,3.25
1765568113703,CH1,POWER,3.25
1765568113709,CH1,POWER,3.25
1765568113717,CH1,POWER,3.25
1765568113723,CH1,POWER,3.25
1765568113727,CH1,POWER,3.25
1765568113732,CH1,POWER,3.25
1765568113737,CH1,POWER,3.25
1765568113742,CH1,POWER,3.25
1765568113747,CH1,POWER,3.25
1765568113755,CH1,POWER,3.25
1765568113760,CH1,POWER,3.25
1765568113764,CH1,POWER,3.25
1765568113768,CH1,POWER,3.25
1765568113775,CH1,POWER,3.25
1765568113781,CH1,POWER,3.25
1765568113786,CH1,POWER,3.25
1765568113790,CH1,POWER,3.25
1765568113797,CH1,POWER,3.25
1765568113801,CH1,POWER,3.25
1765568113806,CH1,POWER,3.25
1765568113811,CH1,POWER,3.25
1765568113816,CH1,POWER,3.25
1765568113820,CH1,POWER,3.25
1765568113827,CH1,POWER,3.25
1765568113833,CH1,POWER,3.25
1765568113837,CH1,POWER,3.25
1765568113841,CH1,POWER,3.25
1765568113846,CH1,POWER,3.25
1765568113851,CH1,POWER,3.25
1765568113856,CH1,POWER,3.25
1765568113861,CH1,POWER,3.25
1765568113866,CH1,POWER,3.25
1765568113870,CH1,POWER,3.25
1765568113877,CH1,POWER,3.25
1765568113882,CH1,POWER,3.25
1765568113887,CH1,POWER,3.25
1765568113892,CH1,POWER,3.25
1765568113897,CH1,POWER,3.25
1765568113901,CH1,POWER,3.25
1765568113906,CH1,POWER,3.25
1765568113910,CH1,POWER,3.25
1765568113917,CH1,POWER,3.25
1765568113921,CH1,POWER,3.25
1765568113926,CH1,POWER,3.25
1765568113931,CH1,POWER,3.25
1765568113937,CH1,POWER,3.25
1765568113943,CH1,POWER,3.25
1765568113947,CH1,POWER,3.25
1765568113951,CH1,POWER,3.25
1765568113956,CH1,POWER,3.25
1765568113961,CH1,POWER,3.25
1765568113966,CH1,POWER,3.25
1765568113971,CH1,POWER,3.25
1765568113977,CH1,POWER,3.25
1765568113981,CH1,POWER,3.25
1765568113986,CH1,POWER,3.25
1765568113993,CH1,POWER,3.25
1765568113997,CH1,POWER,3.25
1765568114002,CH1,POWER,3.25
1765568114007,CH1,POWER,3.25
1765568114015,CH1,POWER,3.25
1765568114020,CH1,POWER,3.25
1765568114026,CH1,POWER,3.25
1765568114031,CH1,POWER,3.25
1765568114037,CH1,POWER,3.25
1765568114043,CH1,POWER,3.25
1765568114047,CH1,POWER,3.25
1765568114053,CH1,POWER,3.25
1765568114057,CH1,POWER,3.25
1765568114063,CH1,POWER,3.25
1765568114067,CH1,POWER,3.25
1765568114096,CH1,POWER,3.25
1765568114101,CH1,POWER,3.25
1765568114106,CH1,POWER,3.25
1765568114112,CH1,POWER,3.25
1765568114116,CH1,POWER,3.25
1765568114120,CH1,POWER,3.25
1765568114125,CH1,POWER,3.25
1765568114129,CH1,POWER,3.25
1765568114134,CH1,POWER,3.25
1765568114139,CH1,POWER,3.25
1765568114145,CH1,POWER,3.25
1765568114149,CH1,POWER,3.25
1765568114155,CH1,POWER,3.25
1765568114159,CH1,POWER,3.25
1765568114164,CH1,POWER,3.25
1765568114169,CH1,POWER,3.25
1765568114173,CH1,POWER,3.25
1765568114178,CH1,POWER,3.25
1765568114182,CH1,POWER,3.25
1765568114189,CH1,POWER,3.25
1765568114194,CH1,POWER,3.25
1765568114199,CH1,POWER,3.25
1765568114205,CH1,POWER,3.25
1765568114209,CH1,POWER,3.25
1765568114214,CH1,POWER,3.25
1765568114219,CH1,POWER,3.25
1765568114224,CH1,POWER,3.25
1765568114229,CH1,POWER,3.25
1765568114233,CH1,POWER,3.25
1765568114238,CH1,POWER,3.25
1765568114243,CH1,POWER,3.25
1765568114249,CH1,POWER,3.25
1765568114255,CH1,POWER,3.25
1765568114259,CH1,POWER,3.25
1765568114263,CH1,POWER,3.25
1765568114268,CH1,POWER,3.25
1765568114273,CH1,POWER,3.25
1765568114279,CH1,POWER,3.25
1765568114285,CH1,POWER,3.25
1765568114289,CH1,POWER,3.25
1765568114297,CH1,POWER,3.25
1765568114301,CH1,POWER,3.25
1765568114306,CH1,POWER,3.25
1765568114310,CH1,POWER,3.25
1765568114317,CH1,POWER,3.25
1765568114322,CH1,POWER,3.25
1765568114329,CH1,POWER,3.25
1765568114334,CH1,POWER,3.25
1765568114339,CH1,POWER,3.25
1765568114344,CH1,POWER,3.25
1765568114349,CH1,POWER,3.25
1765568114357,CH1,POWER,3.25
1765568114362,CH1,POWER,3.25
1765568114369,CH1,POWER,3.25
1765568114374,CH1,POWER,3.25
1765568114379,CH1,POWER,3.25
1765568114384,CH1,POWER,3.25
1765568114389,CH1,POWER,3.25
1765568114393,CH1,POWER,3.25
1765568114399,CH1,POWER,3.25
1765568114403,CH1,POWER,3.25
1765568114409,CH1,POWER,3.25
1765568114413,CH1,POWER,3.25
1765568114419,CH1,POWER,3.25
1765568114423,CH1,POWER,3.25
1765568114429,CH1,POWER,3.25
1765568114434,CH1,POWER,3.25
1765568114439,CH1,POWER,3.25
1765568114443,CH1,POWER,3.25
1765568114448,CH1,POWER,3.25
1765568114454,CH1,POWER,3.25
1765568114459,CH1,POWER,3.25
1765568114462,CH1,POWER,3.25
1765568114488,CH1,POWER,3.25
1765568114493,CH1,POWER,3.25
1765568114498,CH1,POWER,3.25
1765568114503,CH1,POWER,3.25
1765568114509,CH1,POWER,3.25
1765568114514,CH1,POWER,3.25
1765568114518,CH1,POWER,3.25
1765568114523,CH1,POWER,3.25
1765568114529,CH1,POWER,3.25
1765568114534,CH1,POWER,3.25
1765568114541,CH1,POWER,3.25
1765568114547,CH1,POWER,3.25
1765568114551,CH1,POWER,3.25
1765568114555,CH1,POWER,3.25
1765568114560,CH1,POWER,3.25
1765568114564,CH1,POWER,3.25
1765568114570,CH1,POWER,3.25
1765568114574,CH1,POWER,3.25
1765568114581,CH1,POWER,3.25
1765568114585,CH1,POWER,3.25
1765568114590,CH1,POWER,3.25
1765568114595,CH1,POWER,3.25
1765568114600,CH1,POWER,3.25
1765568114606,CH1,POWER,3.25
1765568114611,CH1,POWER,3.25
1765568114615,CH1,POWER,3.25
1765568114620,CH1,POWER,3.25
1765568114626,CH1,POWER,3.25
1765568114631,CH1,POWER,3.25
1765568114635,CH1,POWER,3.25
1765568114640,CH1,POWER,3.25
1765568114644,CH1,POWER,3.25
1765568114651,CH1,POWER,3.25
1765568114655,CH1,POWER,3.25
1765568114660,CH1,POWER,3.25
1765568114665,CH1,POWER,3.25
1765568114670,CH1,POWER,3.25
1765568114674,CH1,POWER,3.25
1765568114678,CH1,POWER,3.25
1765568114684,CH1,POWER,3.25
1765568114691,CH1,POWER,3.25
1765568114696,CH1,POWER,3.25
1765568114701,CH1,POWER,3.25
1765568114705,CH1,POWER,3.25
1765568114710,CH1,POWER,3.25
1765568114717,CH1,POWER,3.25
1765568114721,CH1,POWER,3.25
1765568114725,CH1,POWER,3.25
1765568114730,CH1,POWER,3.25
1765568114735,CH1,POWER,3.25
1765568114741,CH1,POWER,3.25
1765568114747,CH1,POWER,3.25
1765568114751,CH1,POWER,3.25
1765568114759,CH1,POWER,3.25
1765568114764,CH1,POWER,3.25
1765568114771,CH1,POWER,3.25
1765568114776,CH1,POWER,3.25
1765568114781,CH1,POWER,3.25
1765568114786,CH1,POWER,3.25
1765568114791,CH1,POWER,3.25
1765568114796,CH1,POWER,3.25
1765568114801,CH1,POWER,3.25
1765568114805,CH1,POWER,3.25
1765568114811,CH1,POWER,3.25
1765568114815,CH1,POWER,3.25
1765568114821,CH1,POWER,3.25
1765568114826,CH1,POWER,3.25
1765568114831,CH1,POWER,3.25
1765568114839,CH1,POWER,3.25
1765568114843,CH1,POWER,3.25
1765568114848,CH1,POWER,3.25
1765568114852,CH1,POWER,3.25
1765568114855,CH1,POWER,3.25
1765568114882,CH1,POWER,3.25
1765568114887,CH1,POWER,3.25
1765568114892,CH1,POWER,3.25
1765568114896,CH1,POWER,3.25
1765568114903,CH1,POWER,3.25
1765568114908,CH1,POWER,3.25
1765568114913,CH1,POWER,3.25
1765568114918,CH1,POWER,3.25
1765568114923,CH1,POWER,3.25
1765568114928,CH1,POWER,3.25
1765568114933,CH1,POWER,3.25
1765568114937,CH1,POWER,3.25
1765568114942,CH1,POWER,3.25
1765568114946,CH1,POWER,3.25
1765568114953,CH1,POWER,3.25
1765568114958,CH1,POWER,3.25
1765568114963,CH1,POWER,3.25
1765568114968,CH1,POWER,3.25
1765568114973,CH1,POWER,3.25
1765568114977,CH1,POWER,3.25
1765568114982,CH1,POWER,3.25
1765568114986,CH1,POWER,3.25
1765568114990,CH1,POWER,3.25
1765568114994,CH1,POWER,3.25
1765568115001,CH1,POWER,3.25
1765568115006,CH1,POWER,3.25
1765568115013,CH1,POWER,3.25
1765568115019,CH1,POWER,3.25
1765568115023,CH1,POWER,3.25
1765568115027,CH1,POWER,3.25
1765568115032,CH1,POWER,3.25
1765568115037,CH1,POWER,3.25
1765568115043,CH1,POWER,3.25
1765568115048,CH1,POWER,3.25
1765568115053,CH1,POWER,3.25
1765568115058,CH1,POWER,3.25
1765568115063,CH1,POWER,3.25
1765568115067,CH1,POWER,3.25
1765568115072,CH1,POWER,3.25
1765568115077,CH1,POWER,3.25
1765568115083,CH1,POWER,3.25
1765568115088,CH1,POWER,3.25
1765568115093,CH1,POWER,3.25
1765568115097,CH1,POWER,3.25
1765568115102,CH1,POWER,3.25
1765568115107,CH1,POWER,3.25
1765568115113,CH1,POWER,3.25
1765568115117,CH1,POWER,3.25
1765568115123,CH1,POWER,3.25
1765568115127,CH1,POWER,3.25
1765568115132,CH1,POWER,3.25
1765568115137,CH1,POWER,3.25
1765568115142,CH1,POWER,3.25
1765568115147,CH1,POWER,3.25
1765568115153,CH1,POWER,3.25
1765568115161,CH1,POWER,3.25
1765568115166,CH1,POWER,3.25
1765568115173,CH1,POWER,3.25
1765568115178,CH1,POWER,3.25
1765568115183,CH1,POWER,3.25
1765568115188,CH1,POWER,3.25
1765568115193,CH1,POWER,3.25
1765568115197,CH1,POWER,3.25
1765568115202,CH1,POWER,3.25
1765568115207,CH1,POWER,3.25
1765568115213,CH1,POWER,3.25
1765568115218,CH1,POWER,3.25
1765568115223,CH1,POWER,3.25
1765568115228,CH1,POWER,3.25
1765568115233,CH1,POWER,3.25
1765568115238,CH1,POWER,3.25
1765568115243,CH1,POWER,3.25
1765568115247,CH1,POWER,3.25
1765568115274,CH1,POWER,3.25
1765568115279,CH1,POWER,3.25
1765568115284,CH1,POWER,3.25
1765568115288,CH1,POWER,3.25
1765568115294,CH1,POWER,3.25
1765568115299,CH1,POWER,3.25
1765568115305,CH1,POWER,3.25
1765568115310,CH1,POWER,3.25
1765568115315,CH1,POWER,3.25
1765568115319,CH1,POWER,3.25
1765568115325,CH1,POWER,3.25
1765568115330,CH1,POWER,3.25
1765568115335,CH1,POWER,3.25
1765568115340,CH1,POWER,3.25
1765568115345,CH1,POWER,3.25
1765568115353,CH1,POWER,3.25
1765568115358,CH1,POWER,3.25
1765568115362,CH1,POWER,3.25
1765568115367,CH1,POWER,3.25
1765568115373,CH1,POWER,3.25
1765568115378,CH1,POWER,3.25
1765568115385,CH1,POWER,3.25
1765568115393,CH1,POWER,3.25
1765568115398,CH1,POWER,3.25
1765568115404,CH1,POWER,3.25
1765568115409,CH1,POWER,3.25
1765568115414,CH1,POWER,3.25
1765568115419,CH1,POWER,3.25
1765568115425,CH1,POWER,3.25
1765568115430,CH1,POWER,3.25
1765568115435,CH1,POWER,3.25
1765568115439,CH1,POWER,3.25
1765568115445,CH1,POWER,3.25
1765568115450,CH1,POWER,3.25
1765568115455,CH1,POWER,3.25
1765568115460,CH1,POWER,3.25
1765568115465,CH1,POWER,3.25
1765568115469,CH1,POWER,3.25
1765568115475,CH1,POWER,3.25
1765568115480,CH1,POWER,3.25
1765568115485,CH1,POWER,3.25
1765568115489,CH1,POWER,3.25
1765568115494,CH1,POWER,3.25
1765568115499,CH1,POWER,3.25
1765568115505,CH1,POWER,3.25
1765568115510,CH1,POWER,3.25
1765568115515,CH1,POWER,3.25
1765568115519,CH1,POWER,3.25
1765568115525,CH1,POWER,3.25
1765568115529,CH1,POWER,3.25
1765568115535,CH1,POWER,3.25
1765568115539,CH1,POWER,3.25
1765568115545,CH1,POWER,3.25
1765568115549,CH1,POWER,3.25
1765568115554,CH1,POWER,3.25
1765568115559,CH1,POWER,3.25
1765568115565,CH1,POWER,3.25
1765568115570,CH1,POWER,3.25
1765568115575,CH1,POWER,3.25
1765568115580,CH1,POWER,3.25
1765568115585,CH1,POWER,3.25
1765568115589,CH1,POWER,3.25
1765568115595,CH1,POWER,3.25
1765568115600,CH1,POWER,3.25
1765568115605,CH1,POWER,3.25
1765568115609,CH1,POWER,3.25
1765568115614,CH1,POWER,3.25
1765568115619,CH1,POWER,3.25
1765568115625,CH1,POWER,3.25
1765568115629,CH1,POWER,3.25
1765568115635,CH1,POWER,3.25
1765568115637,CH1,POWER,3.30
1765568115663,CH1,POWER,3.30
1765568115668,CH1,POWER,3.30
1765568115675,CH1,POWER,3.30
1765568115680,CH1,POWER,3.30
1765568115687,CH1,POWER,3.30
1765568115692,CH1,POWER,3.30
1765568115697,CH1,POWER,3.30
1765568115702,CH1,POWER,3.30
1765568115707,CH1,POWER,3.30
1765568115712,CH1,POWER,3.30
1765568115717,CH1,POWER,3.30
1765568115722,CH1,POWER,3.30
1765568115727,CH1,POWER,3.30
1765568115731,CH1,POWER,3.30
1765568115737,CH1,POWER,3.30
1765568115742,CH1,POWER,3.30
1765568115747,CH1,POWER,3.30
1765568115752,CH1,POWER,3.30
1765568115757,CH1,POWER,3.30
1765568115762,CH1,POWER,3.30
1765568115767,CH1,POWER,3.30
1765568115772,CH1,POWER,3.30
1765568115777,CH1,POWER,3.30
1765568115782,CH1,POWER,3.30
1765568115787,CH1,POWER,3.30
1765568115792,CH1,POWER,3.30
1765568115797,CH1,POWER,3.30
1765568115805,CH1,POWER,3.30
1765568115810,CH1,POWER,3.30
1765568115817,CH1,POWER,3.30
1765568115821,CH1,POWER,3.30
1765568115827,CH1,POWER,3.30
1765568115831,CH1,POWER,3.30
1765568115836,CH1,POWER,3.30
1765568115841,CH1,POWER,3.30
1765568115847,CH1,POWER,3.30
1765568115852,CH1,POWER,3.30
1765568115857,CH1,POWER,3.30
1765568115862,CH1,POWER,3.30
1765568115867,CH1,POWER,3.30
1765568115871,CH1,POWER,3.30
1765568115877,CH1,POWER,3.30
1765568115882,CH1,POWER,3.30
1765568115887,CH1,POWER,3.30
1765568115891,CH1,POWER,3.30
1765568115897,CH1,POWER,3.30
1765568115902,CH1,POWER,3.30
1765568115907,CH1,POWER,3.30
1765568115912,CH1,POWER,3.30
1765568115917,CH1,POWER,3.30
1765568115922,CH1,POWER,3.30
1765568115927,CH1,POWER,3.30
1765568115931,CH1,POWER,3.30
1765568115936,CH1,POWER,3.30
1765568115941,CH1,POWER,3.30
1765568115947,CH1,POWER,3.30
1765568115951,CH1,POWER,3.30
1765568115956,CH1,POWER,3.30
1765568115961,CH1,POWER,3.30
1765568115967,CH1,POWER,3.30
1765568115971,CH1,POWER,3.30
1765568115976,CH1,POWER,3.30
1765568115981,CH1,POWER,3.30
1765568115987,CH1,POWER,3.30
1765568115991,CH1,POWER,3.30
1765568115996,CH1,POWER,3.30
1765568116001,CH1,POWER,3.30
1765568116007,CH1,POWER,3.30
1765568116011,CH1,POWER,3.30
1765568116017,CH1,POWER,3.30
1765568116021,CH1,POWER,3.30
1765568116026,CH1,POWER,3.30
1765568116029,CH1,POWER,3.30
1765568116031,CH1,POWER,3.40
1765568116059,CH1,POWER,3.40
1765568116064,CH1,POWER,3.40
1765568116069,CH1,POWER,3.40
1765568116074,CH1,POWER,3.40
1765568116079,CH1,POWER,3.40
1765568116084,CH1,POWER,3.40
1765568116089,CH1,POWER,3.40
1765568116097,CH1,POWER,3.40
1765568116102,CH1,POWER,3.40
1765568116109,CH1,POWER,3.40
1765568116114,CH1,POWER,3.40
1765568116119,CH1,POWER,3.40
1765568116124,CH1,POWER,3.40
1765568116129,CH1,POWER,3.40
1765568116133,CH1,POWER,3.40
1765568116138,CH1,POWER,3.40
1765568116143,CH1,POWER,3.40
1765568116149,CH1,POWER,3.40
1765568116154,CH1,POWER,3.40
1765568116159,CH1,POWER,3.40
1765568116164,CH1,POWER,3.40
1765568116169,CH1,POWER,3.40
1765568116173,CH1,POWER,3.40
1765568116179,CH1,POWER,3.40
1765568116183,CH1,POWER,3.40
1765568116189,CH1,POWER,3.40
1765568116194,CH1,POWER,3.40
1765568116199,CH1,POWER,3.40
1765568116203,CH1,POWER,3.40
1765568116208,CH1,POWER,3.40
1765568116213,CH1,POWER,3.40
1765568116219,CH1,POWER,3.40
1765568116224,CH1,POWER,3.40
1765568116229,CH1,POWER,3.40
1765568116233,CH1,POWER,3.40
1765568116239,CH1,POWER,3.40
1765568116244,CH1,POWER,3.40
1765568116249,CH1,POWER,3.40
1765568116254,CH1,POWER,3.40
1765568116259,CH1,POWER,3.40
1765568116264,CH1,POWER,3.40
1765568116269,CH1,POWER,3.40
1765568116274,CH1,POWER,3.40
1765568116279,CH1,POWER,3.40
1765568116284,CH1,POWER,3.40
1765568116289,CH1,POWER,3.40
1765568116293,CH1,POWER,3.40
1765568116299,CH1,POWER,3.40
1765568116304,CH1,POWER,3.40
1765568116309,CH1,POWER,3.40
1765568116317,CH1,POWER,3.40
1765568116322,CH1,POWER,3.40
1765568116329,CH1,POWER,3.40
1765568116337,CH1,POWER,3.40
1765568116342,CH1,POWER,3.40
1765568116349,CH1,POWER,3.40
1765568116354,CH1,POWER,3.40
1765568116359,CH1,POWER,3.40
1765568116364,CH1,POWER,3.40
1765568116369,CH1,POWER,3.40
1765568116374,CH1,POWER,3.40
1765568116379,CH1,POWER,3.40
1765568116384,CH1,POWER,3.40
1765568116389,CH1,POWER,3.40
1765568116394,CH1,POWER,3.40
1765568116399,CH1,POWER,3.40
1765568116407,CH1,POWER,3.40
1765568116412,CH1,POWER,3.40
1765568116440,CH1,POWER,3.25
1765568116445,CH1,POWER,3.25
1765568116450,CH1,POWER,3.25
1765568116454,CH1,POWER,3.25
1765568116461,CH1,POWER,3.25
1765568116469,CH1,POWER,3.25
1765568116474,CH1,POWER,3.25
1765568116481,CH1,POWER,3.25
1765568116489,CH1,POWER,3.25
1765568116494,CH1,POWER,3.25
1765568116501,CH1,POWER,3.25
1765568116506,CH1,POWER,3.25
1765568116511,CH1,POWER,3.25
1765568116516,CH1,POWER,3.25
1765568116521,CH1,POWER,3.25
1765568116526,CH1,POWER,3.25
1765568116531,CH1,POWER,3.25
1765568116536,CH1,POWER,3.25
1765568116541,CH1,POWER,3.25
1765568116546,CH1,POWER,3.25
1765568116551,CH1,POWER,3.25
1765568116556,CH1,POWER,3.25
1765568116561,CH1,POWER,3.25
1765568116565,CH1,POWER,3.25
1765568116570,CH1,POWER,3.25
1765568116574,CH1,POWER,3.25
1765568116578,CH1,POWER,3.25
1765568116583,CH1,POWER,3.25
1765568116591,CH1,POWER,3.25
1765568116596,CH1,POWER,3.25
1765568116601,CH1,POWER,3.25
1765568116605,CH1,POWER,3.25
1765568116611,CH1,POWER,3.25
1765568116616,CH1,POWER,3.25
1765568116621,CH1,POWER,3.25
1765568116629,CH1,POWER,3.25
1765568116634,CH1,POWER,3.25
1765568116640,CH1,POWER,3.25
1765568116646,CH1,POWER,3.25
1765568116651,CH1,POWER,3.25
1765568116655,CH1,POWER,3.25
1765568116660,CH1,POWER,3.25
1765568116665,CH1,POWER,3.25
1765568116670,CH1,POWER,3.25
1765568116674,CH1,POWER,3.25
1765568116681,CH1,POWER,3.25
1765568116686,CH1,POWER,3.25
1765568116691,CH1,POWER,3.25
1765568116696,CH1,POWER,3.25
1765568116701,CH1,POWER,3.25
1765568116705,CH1,POWER,3.25
1765568116709,CH1,POWER,3.25
1765568116714,CH1,POWER,3.25
1765568116718,CH1,POWER,3.25
1765568116723,CH1,POWER,3.25
1765568116729,CH1,POWER,3.25
1765568116735,CH1,POWER,3.25
1765568116741,CH1,POWER,3.25
1765568116746,CH1,POWER,3.25
1765568116751,CH1,POWER,3.25
1765568116758,CH1,POWER,3.25
1765568116763,CH1,POWER,3.25
1765568116768,CH1,POWER,3.25
1765568116773,CH1,POWER,3.25
1765568116778,CH1,POWER,3.25
1765568116782,CH1,POWER,3.25
1765568116789,CH1,POWER,3.25
1765568116793,CH1,POWER,3.25
1765568116798,CH1,POWER,3.25
1765568116804,CH1,POWER,3.25
1765568116830,CH1,POWER,3.25
1765568116835,CH1,POWER,3.25
1765568116840,CH1,POWER,3.25
1765568116846,CH1,POWER,3.25
1765568116853,CH1,POWER,3.25
1765568116858,CH1,POWER,3.25
1765568116863,CH1,POWER,3.25
1765568116868,CH1,POWER,3.25
1765568116873,CH1,POWER,3.25
1765568116880,CH1,POWER,3.25
1765568116885,CH1,POWER,3.25
1765568116890,CH1,POWER,3.25
1765568116894,CH1,POWER,3.25
1765568116901,CH1,POWER,3.25
1765568116906,CH1,POWER,3.25
1765568116913,CH1,POWER,3.25
1765568116921,CH1,POWER,3.25
1765568116926,CH1,POWER,3.25
1765568116933,CH1,POWER,3.25
1765568116938,CH1,POWER,3.25
1765568116943,CH1,POWER,3.25
1765568116948,CH1,POWER,3.25
1765568116953,CH1,POWER,3.25
1765568116958,CH1,POWER,3.25
1765568116963,CH1,POWER,3.25
1765568116971,CH1,POWER,3.25
1765568116975,CH1,POWER,3.25
1765568116980,CH1,POWER,3.25
1765568116985,CH1,POWER,3.25
1765568116993,CH1,POWER,3.25
1765568116997,CH1,POWER,3.25
1765568117003,CH1,POWER,3.25
1765568117008,CH1,POWER,3.25
1765568117013,CH1,POWER,3.25
1765568117018,CH1,POWER,3.25
1765568117023,CH1,POWER,3.25
1765568117028,CH1,POWER,3.25
1765568117033,CH1,POWER,3.25
1765568117038,CH1,POWER,3.25
1765568117043,CH1,POWER,3.25
1765568117051,CH1,POWER,3.25
1765568117056,CH1,POWER,3.25
1765568117063,CH1,POWER,3.25
1765568117067,CH1,POWER,3.25
1765568117072,CH1,POWER,3.25
1765568117077,CH1,POWER,3.25
1765568117083,CH1,POWER,3.25
1765568117091,CH1,POWER,3.25
1765568117096,CH1,POWER,3.25
1765568117103,CH1,POWER,3.25
1765568117108,CH1,POWER,3.25
1765568117113,CH1,POWER,3.25
1765568117121,CH1,POWER,3.25
1765568117126,CH1,POWER,3.25
1765568117132,CH1,POWER,3.25
1765568117137,CH1,POWER,3.25
1765568117142,CH1,POWER,3.25
1765568117147,CH1,POWER,3.25
1765568117153,CH1,POWER,3.25
1765568117158,CH1,POWER,3.25
1765568117163,CH1,POWER,3.25
1765568117169,CH1,POWER,3.25
1765568117174,CH1,POWER,3.25
1765568117178,CH1,POWER,3.25
1765568117183,CH1,POWER,3.25
1765568117187,CH1,POWER,3.25
1765568117215,CH1,POWER,3.25
1765568117220,CH1,POWER,3.25
1765568117225,CH1,POWER,3.25
1765568117232,CH1,POWER,3.25
1765568117237,CH1,POWER,3.25
1765568117244,CH1,POWER,3.25
1765568117249,CH1,POWER,3.25
1765568117255,CH1,POWER,3.25
1765568117260,CH1,POWER,3.25
1765568117265,CH1,POWER,3.25
1765568117270,CH1,POWER,3.25
1765568117275,CH1,POWER,3.25
1765568117279,CH1,POWER,3.25
1765568117284,CH1,POWER,3.25
1765568117290,CH1,POWER,3.25
1765568117295,CH1,POWER,3.25
1765568117300,CH1,POWER,3.25
1765568117305,CH1,POWER,3.25
1765568117310,CH1,POWER,3.25
1765568117315,CH1,POWER,3.25
1765568117319,CH1,POWER,3.25
1765568117324,CH1,POWER,3.25
1765568117330,CH1,POWER,3.25
1765568117335,CH1,POWER,3.25
1765568117340,CH1,POWER,3.25
1765568117345,CH1,POWER,3.25
1765568117349,CH1,POWER,3.25
1765568117354,CH1,POWER,3.25
1765568117360,CH1,POWER,3.25
1765568117365,CH1,POWER,3.25
1765568117370,CH1,POWER,3.25
1765568117375,CH1,POWER,3.25
1765568117382,CH1,POWER,3.25
1765568117387,CH1,POWER,3.25
1765568117392,CH1,POWER,3.25
1765568117396,CH1,POWER,3.25
1765568117403,CH1,POWER,3.25
1765568117408,CH1,POWER,3.25
1765568117415,CH1,POWER,3.25
1765568117423,CH1,POWER,3.25
1765568117428,CH1,POWER,3.25
1765568117435,CH1,POWER,3.25
1765568117440,CH1,POWER,3.25
1765568117445,CH1,POWER,3.25
1765568117450,CH1,POWER,3.25
1765568117455,CH1,POWER,3.25
1765568117463,CH1,POWER,3.25
1765568117469,CH1,POWER,3.25
1765568117475,CH1,POWER,3.25
1765568117480,CH1,POWER,3.25
1765568117485,CH1,POWER,3.25
1765568117490,CH1,POWER,3.25
1765568117495,CH1,POWER,3.25
1765568117503,CH1,POWER,3.25
1765568117508,CH1,POWER,3.25
1765568117514,CH1,POWER,3.25
1765568117519,CH1,POWER,3.25
1765568117525,CH1,POWER,3.25
1765568117530,CH1,POWER,3.25
1765568117535,CH1,POWER,3.25
1765568117543,CH1,POWER,3.25
1765568117548,CH1,POWER,3.25
1765568117555,CH1,POWER,3.25
1765568117561,CH1,POWER,3.25
1765568117564,CH1,POWER,3.25
1765568117567,CH1,POWER,3.25
1765568117569,CH1,POWER,3.25
1765568117597,CH1,POWER,3.25
1765568117602,CH1,POWER,3.25
1765568117607,CH1,POWER,3.25
1765568117615,CH1,POWER,3.25
1765568117620,CH1,POWER,3.25
1765568117626,CH1,POWER,3.25
1765568117631,CH1,POWER,3.25
1765568117637,CH1,POWER,3.25
1765568117645,CH1,POWER,3.25
1765568117650,CH1,POWER,3.25
1765568117657,CH1,POWER,3.25
1765568117665,CH1,POWER,3.25
1765568117670,CH1,POWER,3.25
1765568117677,CH1,POWER,3.25
1765568117682,CH1,POWER,3.25
1765568117687,CH1,POWER,3.25
1765568117692,CH1,POWER,3.25
1765568117697,CH1,POWER,3.25
1765568117702,CH1,POWER,3.25
1765568117707,CH1,POWER,3.25
1765568117711,CH1,POWER,3.25
1765568117717,CH1,POWER,3.25
1765568117722,CH1,POWER,3.25
1765568117727,CH1,POWER,3.25
1765568117732,CH1,POWER,3.25
1765568117737,CH1,POWER,3.25
1765568117745,CH1,POWER,3.25
1765568117750,CH1,POWER,3.25
1765568117757,CH1,POWER,3.25
1765568117762,CH1,POWER,3.25
1765568117767,CH1,POWER,3.25
1765568117772,CH1,POWER,3.25
1765568117777,CH1,POWER,3.25
1765568117785,CH1,POWER,3.25
1765568117790,CH1,POWER,3.25
1765568117797,CH1,POWER,3.25
1765568117801,CH1,POWER,3.25
1765568117806,CH1,POWER,3.25
1765568117811,CH1,POWER,3.25
1765568117817,CH1,POWER,3.25
1765568117825,CH1,POWER,3.25
1765568117830,CH1,POWER,3.25
1765568117837,CH1,POWER,3.25
1765568117845,CH1,POWER,3.25
1765568117850,CH1,POWER,3.25
1765568117857,CH1,POWER,3.25
1765568117862,CH1,POWER,3.25
1765568117867,CH1,POWER,3.25
1765568117872,CH1,POWER,3.25
1765568117877,CH1,POWER,3.25
1765568117882,CH1,POWER,3.25
1765568117887,CH1,POWER,3.25
1765568117891,CH1,POWER,3.25
1765568117896,CH1,POWER,3.25
1765568117900,CH1,POWER,3.25
1765568117906,CH1,POWER,3.25
1765568117911,CH1,POWER,3.25
1765568117916,CH1,POWER,3.25
1765568117921,CH1,POWER,3.25
1765568117927,CH1,POWER,3.25
1765568117931,CH1,POWER,3.25
1765568117936,CH1,POWER,3.25
1765568117939,CH1,POWER,3.25
1765568117944,CH1,POWER,3.25
1765568117949,CH1,POWER,3.25
1765568117976,CH1,POWER,3.75
1765568117981,CH1,POWER,3.75
1765568117986,CH1,POWER,3.75
1765568117991,CH1,POWER,3.75
1765568117996,CH1,POWER,3.75
1765568118001,CH1,POWER,3.75
1765568118006,CH1,POWER,3.75
1765568118012,CH1,POWER,3.75
1765568118019,CH1,POWER,3.75
1765568118024,CH1,POWER,3.75
1765568118029,CH1,POWER,3.75
1765568118033,CH1,POWER,3.75
1765568118039,CH1,POWER,3.75
1765568118044,CH1,POWER,3.75
1765568118049,CH1,POWER,3.75
1765568118053,CH1,POWER,3.75
1765568118058,CH1,POWER,3.75
1765568118063,CH1,POWER,3.75
1765568118068,CH1,POWER,3.75
1765568118073,CH1,POWER,3.75
1765568118079,CH1,POWER,3.75
1765568118084,CH1,POWER,3.75
1765568118089,CH1,POWER,3.75
1765568118094,CH1,POWER,3.75
1765568118098,CH1,POWER,3.75
1765568118103,CH1,POWER,3.75
1765568118108,CH1,POWER,3.75
1765568118113,CH1,POWER,3.75
1765568118119,CH1,POWER,3.75
1765568118127,CH1,POWER,3.75
1765568118132,CH1,POWER,3.75
1765568118136,CH1,POWER,3.75
1765568118141,CH1,POWER,3.75
1765568118147,CH1,POWER,3.75
1765568118152,CH1,POWER,3.75
1765568118159,CH1,POWER,3.75
1765568118164,CH1,POWER,3.75
1765568118169,CH1,POWER,3.75
1765568118174,CH1,POWER,3.75
1765568118179,CH1,POWER,3.75
1765568118184,CH1,POWER,3.75
1765568118188,CH1,POWER,3.75
1765568118193,CH1,POWER,3.75
1765568118198,CH1,POWER,3.75
1765568118203,CH1,POWER,3.75
1765568118208,CH1,POWER,3.75
1765568118212,CH1,POWER,3.75
1765568118218,CH1,POWER,3.75
1765568118222,CH1,POWER,3.75
1765568118229,CH1,POWER,3.75
1765568118234,CH1,POWER,3.75
1765568118238,CH1,POWER,3.75
1765568118243,CH1,POWER,3.75
1765568118249,CH1,POWER,3.75
1765568118254,CH1,POWER,3.75
1765568118259,CH1,POWER,3.75
1765568118264,CH1,POWER,3.75
1765568118269,CH1,POWER,3.75
1765568118274,CH1,POWER,3.75
1765568118279,CH1,POWER,3.75
1765568118283,CH1,POWER,3.75
1765568118288,CH1,POWER,3.75
1765568118292,CH1,POWER,3.75
1765568118299,CH1,POWER,3.75
1765568118304,CH1,POWER,3.75
1765568118308,CH1,POWER,3.75
1765568118313,CH1,POWER,3.75
1765568118318,CH1,POWER,3.75
1765568118323,CH1,POWER,3.75
1765568118329,CH1,POWER,3.75
1765568118332,CH1,POWER,3.30
1765568118360,CH1,POWER,3.30
1765568118365,CH1,POWER,3.30
1765568118369,CH1,POWER,3.30
1765568118374,CH1,POWER,3.30
1765568118380,CH1,POWER,3.30
1765568118385,CH1,POWER,3.30
1765568118390,CH1,POWER,3.30
1765568118394,CH1,POWER,3.30
1765568118401,CH1,POWER,3.30
1765568118406,CH1,POWER,3.30
1765568118411,CH1,POWER,3.30
1765568118419,CH1,POWER,3.30
1765568118424,CH1,POWER,3.30
1765568118428,CH1,POWER,3.30
1765568118432,CH1,POWER,3.30
1765568118439,CH1,POWER,3.30
1765568118443,CH1,POWER,3.30
1765568118448,CH1,POWER,3.30
1765568118452,CH1,POWER,3.30
1765568118458,CH1,POWER,3.30
1765568118463,CH1,POWER,3.30
1765568118471,CH1,POWER,3.30
1765568118476,CH1,POWER,3.30
1765568118481,CH1,POWER,3.30
1765568118485,CH1,POWER,3.30
1765568118490,CH1,POWER,3.30
1765568118496,CH1,POWER,3.30
1765568118501,CH1,POWER,3.30
1765568118506,CH1,POWER,3.30
1765568118511,CH1,POWER,3.30
1765568118516,CH1,POWER,3.30
1765568118521,CH1,POWER,3.30
1765568118529,CH1,POWER,3.30
1765568118534,CH1,POWER,3.30
1765568118541,CH1,POWER,3.30
1765568118549,CH1,POWER,3.30
1765568118554,CH1,POWER,3.30
1765568118561,CH1,POWER,3.30
1765568118566,CH1,POWER,3.30
1765568118570,CH1,POWER,3.30
1765568118575,CH1,POWER,3.30
1765568118581,CH1,POWER,3.30
1765568118586,CH1,POWER,3.30
1765568118591,CH1,POWER,3.30
1765568118596,CH1,POWER,3.30
1765568118601,CH1,POWER,3.30
1765568118606,CH1,POWER,3.30
1765568118610,CH1,POWER,3.30
1765568118615,CH1,POWER,3.30
1765568118621,CH1,POWER,3.30
1765568118626,CH1,POWER,3.30
1765568118631,CH1,POWER,3.30
1765568118636,CH1,POWER,3.30
1765568118641,CH1,POWER,3.30
1765568118646,CH1,POWER,3.30
1765568118650,CH1,POWER,3.30
1765568118655,CH1,POWER,3.30
1765568118660,CH1,POWER,3.30
1765568118663,CH1,POWER,3.30
1765568118667,CH1,POWER,3.30
1765568118672,CH1,POWER,3.30
1765568118679,CH1,POWER,3.30
1765568118685,CH1,POWER,3.30
1765568118690,CH1,POWER,3.30
1765568118695,CH1,POWER,3.30
1765568118700,CH1,POWER,3.30
1765568118703,CH1,POWER,3.30
1765568118708,CH1,POWER,3.30
1765568118713,CH1,POWER,3.30
1765568118718,CH1,POWER,3.30
1765568118721,CH1,POWER,3.30
1765568118723,CH1,POWER,3.30
1765568118749,CH1,POWER,3.30
1765568118754,CH1,POWER,3.30
1765568118758,CH1,POWER,3.30
1765568118763,CH1,POWER,3.30
1765568118770,CH1,POWER,3.30
1765568118775,CH1,POWER,3.30
1765568118780,CH1,POWER,3.30
1765568118785,CH1,POWER,3.30
1765568118791,CH1,POWER,3.30
1765568118796,CH1,POWER,3.30
1765568118802,CH1,POWER,3.30
1765568118808,CH1,POWER,3.30
1765568118813,CH1,POWER,3.30
1765568118821,CH1,POWER,3.30
1765568118826,CH1,POWER,3.30
1765568118833,CH1,POWER,3.30
1765568118838,CH1,POWER,3.30
1765568118843,CH1,POWER,3.30
1765568118848,CH1,POWER,3.30
1765568118853,CH1,POWER,3.30
1765568118858,CH1,POWER,3.30
1765568118862,CH1,POWER,3.30
1765568118866,CH1,POWER,3.30
1765568118872,CH1,POWER,3.30
1765568118877,CH1,POWER,3.30
1765568118883,CH1,POWER,3.30
1765568118888,CH1,POWER,3.30
1765568118893,CH1,POWER,3.30
1765568118898,CH1,POWER,3.30
1765568118903,CH1,POWER,3.30
1765568118908,CH1,POWER,3.30
1765568118912,CH1,POWER,3.30
1765568118917,CH1,POWER,3.30
1765568118922,CH1,POWER,3.30
1765568118926,CH1,POWER,3.30
1765568118932,CH1,POWER,3.30
1765568118936,CH1,POWER,3.30
1765568118942,CH1,POWER,3.30
1765568118947,CH1,POWER,3.30
1765568118952,CH1,POWER,3.30
1765568118956,CH1,POWER,3.30
1765568118963,CH1,POWER,3.30
1765568118968,CH1,POWER,3.30
1765568118972,CH1,POWER,3.30
1765568118977,CH1,POWER,3.30
1765568118982,CH1,POWER,3.30
1765568118985,CH1,POWER,3.30
1765568118990,CH1,POWER,3.30
1765568118994,CH1,POWER,3.30
1765568119001,CH1,POWER,3.30
1765568119006,CH1,POWER,3.30
1765568119012,CH1,POWER,3.30
1765568119018,CH1,POWER,3.30
1765568119022,CH1,POWER,3.30
1765568119027,CH1,POWER,3.30
1765568119031,CH1,POWER,3.30
1765568119036,CH1,POWER,3.30
1765568119043,CH1,POWER,3.30
1765568119048,CH1,POWER,3.30
1765568119053,CH1,POWER,3.30
1765568119061,CH1,POWER,3.30
1765568119066,CH1,POWER,3.30
1765568119073,CH1,POWER,3.30
1765568119078,CH1,POWER,3.30
1765568119083,CH1,POWER,3.30
1765568119088,CH1,POWER,3.30
1765568119093,CH1,POWER,3.30
1765568119098,CH1,POWER,3.30
1765568119102,CH1,POWER,3.30
1765568119107,CH1,POWER,3.30
1765568119112,CH1,POWER,3.30
1765568119116,CH1,POWER,3.30
1765568119120,CH1,POWER,3.25
1765568119123,CH1,POWER,3.25
1765568119125,CH1,POWER,3.25
1765568119151,CH1,POWER,3.25
1765568119156,CH1,POWER,3.25
1765568119163,CH1,POWER,3.25
1765568119168,CH1,POWER,3.25
1765568119174,CH1,POWER,3.25
1765568119183,CH1,POWER,3.25
1765568119188,CH1,POWER,3.25
1765568119195,CH1,POWER,3.25
1765568119200,CH1,POWER,3.25
1765568119204,CH1,POWER,3.25
1765568119208,CH1,POWER,3.25
1765568119214,CH1,POWER,3.25
1765568119220,CH1,POWER,3.25
1765568119224,CH1,POWER,3.25
1765568119228,CH1,POWER,3.25
1765568119235,CH1,POWER,3.25
1765568119240,CH1,POWER,3.25
1765568119245,CH1,POWER,3.25
1765568119250,CH1,POWER,3.25
1765568119255,CH1,POWER,3.25
1765568119263,CH1,POWER,3.25
1765568119268,CH1,POWER,3.25
1765568119274,CH1,POWER,3.25
1765568119280,CH1,POWER,3.25
1765568119285,CH1,POWER,3.25
1765568119290,CH1,POWER,3.25
1765568119295,CH1,POWER,3.25
1765568119303,CH1,POWER,3.25
1765568119308,CH1,POWER,3.25
1765568119315,CH1,POWER,3.25
1765568119320,CH1,POWER,3.25
1765568119325,CH1,POWER,3.25
1765568119330,CH1,POWER,3.25
1765568119334,CH1,POWER,3.25
1765568119343,CH1,POWER,3.25
1765568119348,CH1,POWER,3.25
1765568119354,CH1,POWER,3.25
1765568119359,CH1,POWER,3.25
1765568119363,CH1,POWER,3.25
1765568119368,CH1,POWER,3.25
1765568119375,CH1,POWER,3.25
1765568119380,CH1,POWER,3.25
1765568119385,CH1,POWER,3.25
1765568119390,CH1,POWER,3.25
1765568119394,CH1,POWER,3.25
1765568119400,CH1,POWER,3.25
1765568119405,CH1,POWER,3.25
1765568119410,CH1,POWER,3.25
1765568119415,CH1,POWER,3.25
1765568119420,CH1,POWER,3.25
1765568119424,CH1,POWER,3.25
1765568119433,CH1,POWER,3.25
1765568119438,CH1,POWER,3.25
1765568119445,CH1,POWER,3.25
1765568119453,CH1,POWER,3.25
1765568119457,CH1,POWER,3.25
1765568119461,CH1,POWER,3.25
1765568119466,CH1,POWER,3.25
1765568119473,CH1,POWER,3.25
1765568119478,CH1,POWER,3.25
1765568119484,CH1,POWER,3.25
1765568119492,CH1,POWER,3.25
1765568119496,CH1,POWER,3.25
1765568119505,CH1,POWER,3.25
1765568119507,CH1,POWER,3.25
1765568119534,CH1,POWER,3.25
1765568119539,CH1,POWER,3.25
1765568119543,CH1,POWER,3.25
1765568119548,CH1,POWER,3.25
1765568119554,CH1,POWER,3.25
1765568119559,CH1,POWER,3.25
1765568119564,CH1,POWER,3.25
1765568119569,CH1,POWER,3.25
1765568119573,CH1,POWER,3.25
1765568119578,CH1,POWER,3.25
1765568119585,CH1,POWER,3.25
1765568119590,CH1,POWER,3.25
1765568119596,CH1,POWER,3.25
1765568119601,CH1,POWER,3.25
1765568119605,CH1,POWER,3.25
1765568119609,CH1,POWER,3.25
1765568119616,CH1,POWER,3.25
1765568119621,CH1,POWER,3.25
1765568119626,CH1,POWER,3.25
1765568119630,CH1,POWER,3.25
1765568119637,CH1,POWER,3.25
1765568119642,CH1,POWER,3.25
1765568119646,CH1,POWER,3.25
1765568119651,CH1,POWER,3.25
1765568119655,CH1,POWER,3.25
1765568119662,CH1,POWER,3.25
1765568119666,CH1,POWER,3.25
1765568119671,CH1,POWER,3.25
1765568119676,CH1,POWER,3.25
1765568119680,CH1,POWER,3.25
1765568119687,CH1,POWER,3.25
1765568119692,CH1,POWER,3.25
1765568119696,CH1,POWER,3.25
1765568119700,CH1,POWER,3.25
1765568119707,CH1,POWER,3.25
1765568119712,CH1,POWER,3.25
1765568119717,CH1,POWER,3.25
1765568119722,CH1,POWER,3.25
1765568119726,CH1,POWER,3.25
1765568119735,CH1,POWER,3.25
1765568119740,CH1,POWER,3.25
1765568119747,CH1,POWER,3.25
1765568119752,CH1,POWER,3.25
1765568119757,CH1,POWER,3.25
1765568119762,CH1,POWER,3.25
1765568119767,CH1,POWER,3.25
1765568119772,CH1,POWER,3.25
1765568119776,CH1,POWER,3.25
1765568119780,CH1,POWER,3.25
1765568119787,CH1,POWER,3.25
1765568119795,CH1,POWER,3.25
1765568119800,CH1,POWER,3.25
1765568119806,CH1,POWER,3.25
1765568119812,CH1,POWER,3.25
1765568119816,CH1,POWER,3.25
1765568119820,CH1,POWER,3.25
1765568119826,CH1,POWER,3.25
1765568119830,CH1,POWER,3.25
1765568119837,CH1,POWER,3.25
1765568119842,CH1,POWER,3.25
1765568119846,CH1,POWER,3.25
1765568119852,CH1,POWER,3.25
1765568119857,CH1,POWER,3.25
1765568119862,CH1,POWER,3.25
1765568119867,CH1,POWER,3.25
1765568119872,CH1,POWER,3.25
1765568119876,CH1,POWER,3.25
1765568119881,CH1,POWER,3.25
1765568119886,CH1,POWER,3.25
1765568119891,CH1,POWER,3.25
1765568119896,CH1,POWER,3.25
1765568119900,CH1,POWER,3.25
1765568119905,CH1,POWER,3.25
1765568119907,CH1,POWER,3.25
1765568119910,CH1,POWER,3.25
1765568119936,CH1,POWER,3.25
1765568119941,CH1,POWER,3.25
1765568119945,CH1,POWER,3.25
1765568119950,CH1,POWER,3.25
1765568119959,CH1,POWER,3.25
1765568119964,CH1,POWER,3.25
1765568119969,CH1,POWER,3.25
1765568119974,CH1,POWER,3.25
1765568119979,CH1,POWER,3.25
1765568119984,CH1,POWER,3.25
1765568119988,CH1,POWER,3.25
1765568119994,CH1,POWER,3.25
1765568119999,CH1,POWER,3.25
1765568120004,CH1,POWER,3.25
1765568120009,CH1,POWER,3.25
1765568120014,CH1,POWER,3.25
1765568120018,CH1,POWER,3.25
1765568120023,CH1,POWER,3.25
1765568120027,CH1,POWER,3.25
1765568120034,CH1,POWER,3.25
1765568120038,CH1,POWER,3.25
1765568120042,CH1,POWER,3.25
1765568120049,CH1,POWER,3.25
1765568120054,CH1,POWER,3.25
1765568120058,CH1,POWER,3.25
1765568120063,CH1,POWER,3.25
1765568120068,CH1,POWER,3.25
1765568120072,CH1,POWER,3.25
1765568120079,CH1,POWER,3.25
1765568120084,CH1,POWER,3.25
1765568120088,CH1,POWER,3.25
1765568120092,CH1,POWER,3.25
1765568120098,CH1,POWER,3.25
1765568120102,CH1,POWER,3.25
1765568120108,CH1,POWER,3.25
1765568120117,CH1,POWER,3.25
1765568120121,CH1,POWER,3.25
1765568120128,CH1,POWER,3.25
1765568120132,CH1,POWER,3.25
1765568120138,CH1,POWER,3.25
1765568120146,CH1,POWER,3.25
1765568120153,CH1,POWER,3.25
1765568120157,CH1,POWER,3.25
1765568120164,CH1,POWER,3.25
1765568120168,CH1,POWER,3.25
1765568120177,CH1,POWER,3.25
1765568120182,CH1,POWER,3.25
1765568120189,CH1,POWER,3.25
1765568120194,CH1,POWER,3.25
1765568120198,CH1,POWER,3.25
1765568120202,CH1,POWER,3.25
1765568120208,CH1,POWER,3.25
1765568120214,CH1,POWER,3.25
1765568120218,CH1,POWER,3.25
1765568120224,CH1,POWER,3.25
1765568120228,CH1,POWER,3.25
1765568120232,CH1,POWER,3.25
1765568120239,CH1,POWER,3.25
1765568120244,CH1,POWER,3.25
1765568120249,CH1,POWER,3.25
1765568120254,CH1,POWER,3.25
1765568120258,CH1,POWER,3.25
1765568120267,CH1,POWER,3.25
1765568120272,CH1,POWER,3.25
1765568120278,CH1,POWER,3.25
1765568120283,CH1,POWER,3.25
1765568120288,CH1,POWER,3.25
1765568120292,CH1,POWER,3.30
1765568120320,CH1,POWER,3.30
1765568120325,CH1,POWER,3.30
1765568120329,CH1,POWER,3.30
1765568120333,CH1,POWER,3.30
1765568120341,CH1,POWER,3.30
1765568120346,CH1,POWER,3.30
1765568120351,CH1,POWER,3.30
1765568120356,CH1,POWER,3.30
1765568120360,CH1,POWER,3.30
1765568120365,CH1,POWER,3.30
1765568120369,CH1,POWER,3.30
1765568120373,CH1,POWER,3.30
1765568120377,CH1,POWER,3.30
1765568120383,CH1,POWER,3.30
1765568120387,CH1,POWER,3.30
1765568120391,CH1,POWER,3.30
1765568120397,CH1,POWER,3.30
1765568120401,CH1,POWER,3.30
1765568120406,CH1,POWER,3.30
1765568120410,CH1,POWER,3.30
1765568120416,CH1,POWER,3.30
1765568120421,CH1,POWER,3.30
1765568120426,CH1,POWER,3.30
1765568120431,CH1,POWER,3.30
1765568120436,CH1,POWER,3.30
1765568120440,CH1,POWER,3.30
1765568120444,CH1,POWER,3.30
1765568120451,CH1,POWER,3.30
1765568120456,CH1,POWER,3.30
1765568120460,CH1,POWER,3.30
1765568120468,CH1,POWER,3.30
1765568120474,CH1,POWER,3.30
1765568120480,CH1,POWER,3.30
1765568120486,CH1,POWER,3.30
1765568120491,CH1,POWER,3.30
1765568120496,CH1,POWER,3.30
1765568120500,CH1,POWER,3.30
1765568120504,CH1,POWER,3.30
1765568120510,CH1,POWER,3.30
1765568120518,CH1,POWER,3.30
1765568120523,CH1,POWER,3.30
1765568120527,CH1,POWER,3.30
1765568120531,CH1,POWER,3.30
1765568120536,CH1,POWER,3.30
1765568120540,CH1,POWER,3.30
1765568120545,CH1,POWER,3.30
1765568120549,CH1,POWER,3.30
1765568120553,CH1,POWER,3.30
1765568120561,CH1,POWER,3.30
1765568120566,CH1,POWER,3.30
1765568120570,CH1,POWER,3.30
1765568120575,CH1,POWER,3.30
1765568120580,CH1,POWER,3.30
1765568120584,CH1,POWER,3.30
1765568120589,CH1,POWER,3.30
1765568120596,CH1,POWER,3.30
1765568120600,CH1,POWER,3.30
1765568120609,CH1,POWER,3.30
1765568120613,CH1,POWER,3.30
1765568120617,CH1,POWER,3.30
1765568120621,CH1,POWER,3.30
1765568120626,CH1,POWER,3.30
1765568120631,CH1,POWER,3.30
1765568120636,CH1,POWER,3.30
1765568120640,CH1,POWER,3.30
1765568120645,CH1,POWER,3.30
1765568120650,CH1,POWER,3.30
1765568120654,CH1,POWER,3.30
1765568120661,CH1,POWER,3.30
1765568120666,CH1,POWER,3.30
1765568120670,CH1,POWER,3.30
1765568120677,CH1,POWER,3.30
1765568120680,CH1,POWER,3.30
1765568120682,CH1,POWER,3.30
1765568120685,CH1,POWER,3.30
1765568120713,CH1,POWER,3.30
1765568120718,CH1,POWER,3.30
1765568120722,CH1,POWER,3.30
1765568120726,CH1,POWER,3.30
1765568120731,CH1,POWER,3.30
1765568120735,CH1,POWER,3.30
1765568120741,CH1,POWER,3.30
1765568120746,CH1,POWER,3.30
1765568120752,CH1,POWER,3.30
1765568120761,CH1,POWER,3.30
1765568120765,CH1,POWER,3.30
1765568120772,CH1,POWER,3.30
1765568120776,CH1,POWER,3.30
1765568120782,CH1,POWER,3.30
1765568120788,CH1,POWER,3.30
1765568120792,CH1,POWER,3.30
1765568120796,CH1,POWER,3.30
1765568120802,CH1,POWER,3.30
1765568120808,CH1,POWER,3.30
1765568120812,CH1,POWER,3.30
1765568120816,CH1,POWER,3.30
1765568120821,CH1,POWER,3.30
1765568120826,CH1,POWER,3.30
1765568120833,CH1,POWER,3.30
1765568120838,CH1,POWER,3.30
1765568120842,CH1,POWER,3.30
1765568120848,CH1,POWER,3.30
1765568120853,CH1,POWER,3.30
1765568120858,CH1,POWER,3.30
1765568120862,CH1,POWER,3.30
1765568120868,CH1,POWER,3.30
1765568120872,CH1,POWER,3.30
1765568120878,CH1,POWER,3.30
1765568120882,CH1,POWER,3.30
1765568120888,CH1,POWER,3.30
1765568120892,CH1,POWER,3.30
1765568120896,CH1,POWER,3.30
1765568120901,CH1,POWER,3.30
1765568120908,CH1,POWER,3.30
1765568120912,CH1,POWER,3.30
1765568120918,CH1,POWER,3.30
1765568120922,CH1,POWER,3.30
1765568120930,CH1,POWER,3.30
1765568120934,CH1,POWER,3.30
1765568120941,CH1,POWER,3.30
1765568120945,CH1,POWER,3.30
1765568120952,CH1,POWER,3.30
1765568120956,CH1,POWER,3.30
1765568120963,CH1,POWER,3.30
1765568120968,CH1,POWER,3.30
1765568120973,CH1,POWER,3.30
1765568120978,CH1,POWER,3.30
1765568120982,CH1,POWER,3.30
1765568120987,CH1,POWER,3.30
1765568120991,CH1,POWER,3.30
1765568120995,CH1,POWER,3.30
1765568121002,CH1,POWER,3.30
1765568121006,CH1,POWER,3.30
1765568121012,CH1,POWER,3.30
1765568121016,CH1,POWER,3.30
1765568121021,CH1,POWER,3.30
1765568121026,CH1,POWER,3.30
1765568121032,CH1,POWER,3.30
1765568121041,CH1,POWER,3.30
1765568121045,CH1,POWER,3.30
1765568121052,CH1,POWER,3.30
1765568121056,CH1,POWER,3.30
1765568121062,CH1,POWER,3.30
1765568121066,CH1,POWER,3.30
1765568121073,CH1,POWER,3.30
1765568121078,CH1,POWER,3.30
1765568121080,CH1,POWER,3.30
1765568121083,CH1,POWER,3.30
1765568121085,CH1,POWER,3.30
1765568121111,CH1,POWER,3.30
1765568121116,CH1,POWER,3.30
1765568121122,CH1,POWER,3.30
1765568121127,CH1,POWER,3.30
1765568121131,CH1,POWER,3.30
1765568121137,CH1,POWER,3.30
1765568121144,CH1,POWER,3.30
1765568121150,CH1,POWER,3.30
1765568121154,CH1,POWER,3.30
1765568121158,CH1,POWER,3.30
1765568121164,CH1,POWER,3.30
1765568121168,CH1,POWER,3.30
1765568121174,CH1,POWER,3.30
1765568121178,CH1,POWER,3.30
1765568121184,CH1,POWER,3.30
1765568121190,CH1,POWER,3.30
1765568121194,CH1,POWER,3.30
1765568121198,CH1,POWER,3.30
1765568121204,CH1,POWER,3.30
1765568121210,CH1,POWER,3.30
1765568121214,CH1,POWER,3.30
1765568121218,CH1,POWER,3.30
1765568121223,CH1,POWER,3.30
1765568121227,CH1,POWER,3.30
1765568121231,CH1,POWER,3.30
1765568121235,CH1,POWER,3.30
1765568121240,CH1,POWER,3.30
1765568121244,CH1,POWER,3.30
1765568121250,CH1,POWER,3.30
1765568121254,CH1,POWER,3.30
1765568121260,CH1,POWER,3.30
1765568121264,CH1,POWER,3.30
1765568121268,CH1,POWER,3.30
1765568121274,CH1,POWER,3.30
1765568121278,CH1,POWER,3.30
1765568121284,CH1,POWER,3.30
1765568121288,CH1,POWER,3.30
1765568121293,CH1,POWER,3.30
1765568121300,CH1,POWER,3.30
1765568121304,CH1,POWER,3.30
1765568121310,CH1,POWER,3.30
1765568121314,CH1,POWER,3.30
1765568121322,CH1,POWER,3.30
1765568121326,CH1,POWER,3.30
1765568121332,CH1,POWER,3.30
1765568121336,CH1,POWER,3.30
1765568121342,CH1,POWER,3.30
1765568121347,CH1,POWER,3.30
1765568121353,CH1,POWER,3.30
1765568121358,CH1,POWER,3.30
1765568121364,CH1,POWER,3.30
1765568121368,CH1,POWER,3.30
1765568121374,CH1,POWER,3.30
1765568121378,CH1,POWER,3.30
1765568121384,CH1,POWER,3.30
1765568121388,CH1,POWER,3.30
1765568121394,CH1,POWER,3.30
1765568121402,CH1,POWER,3.30
1765568121407,CH1,POWER,3.30
1765568121412,CH1,POWER,3.30
1765568121416,CH1,POWER,3.30
1765568121423,CH1,POWER,3.30
1765568121427,CH1,POWER,3.30
1765568121434,CH1,POWER,3.30
1765568121440,CH1,POWER,3.30
1765568121445,CH1,POWER,3.30
1765568121450,CH1,POWER,3.30
1765568121454,CH1,POWER,3.30
1765568121460,CH1,POWER,3.30
1765568121464,CH1,POWER,3.30
1765568121468,CH1,POWER,3.30
1765568121474,CH1,POWER,3.30
1765568121478,CH1,POWER,3.25
1765568121503,CH1,POWER,3.25
1765568121508,CH1,POWER,3.25
1765568121513,CH1,POWER,3.25
1765568121517,CH1,POWER,3.25
1765568121522,CH1,POWER,3.25
1765568121526,CH1,POWER,3.25
1765568121530,CH1,POWER,3.25
1765568121536,CH1,POWER,3.25
1765568121542,CH1,POWER,3.25
1765568121546,CH1,POWER,3.25
1765568121552,CH1,POWER,3.25
1765568121556,CH1,POWER,3.25
1765568121562,CH1,POWER,3.25
1765568121566,CH1,POWER,3.25
1765568121570,CH1,POWER,3.25
1765568121576,CH1,POWER,3.25
1765568121582,CH1,POWER,3.25
1765568121586,CH1,POWER,3.25
1765568121592,CH1,POWER,3.25
1765568121596,CH1,POWER,3.25
1765568121602,CH1,POWER,3.25
1765568121606,CH1,POWER,3.25
1765568121610,CH1,POWER,3.25
1765568121615,CH1,POWER,3.25
1765568121620,CH1,POWER,3.25
1765568121626,CH1,POWER,3.25
1765568121632,CH1,POWER,3.25
1765568121636,CH1,POWER,3.25
1765568121640,CH1,POWER,3.25
1765568121646,CH1,POWER,3.25
1765568121652,CH1,POWER,3.25
1765568121656,CH1,POWER,3.25
1765568121662,CH1,POWER,3.25
1765568121666,CH1,POWER,3.25
1765568121670,CH1,POWER,3.25
1765568121676,CH1,POWER,3.25
1765568121680,CH1,POWER,3.25
1765568121685,CH1,POWER,3.25
1765568121690,CH1,POWER,3.25
1765568121695,CH1,POWER,3.25
1765568121699,CH1,POWER,3.25
1765568121706,CH1,POWER,3.25
1765568121712,CH1,POWER,3.25
1765568121716,CH1,POWER,3.25
1765568121720,CH1,POWER,3.25
1765568121725,CH1,POWER,3.25
1765568121732,CH1,POWER,3.25
1765568121736,CH1,POWER,3.25
1765568121742,CH1,POWER,3.25
1765568121746,CH1,POWER,3.25
1765568121754,CH1,POWER,3.25
1765568121759,CH1,POWER,3.25
1765568121766,CH1,POWER,3.25
1765568121770,CH1,POWER,3.25
1765568121776,CH1,POWER,3.25
1765568121780,CH1,POWER,3.25
1765568121786,CH1,POWER,3.25
1765568121790,CH1,POWER,3.25
1765568121795,CH1,POWER,3.25
1765568121799,CH1,POWER,3.25
1765568121805,CH1,POWER,3.25
1765568121809,CH1,POWER,3.25
1765568121813,CH1,POWER,3.25
1765568121819,CH1,POWER,3.25
1765568121826,CH1,POWER,3.25
1765568121834,CH1,POWER,3.25
1765568121838,CH1,POWER,3.25
1765568121844,CH1,POWER,3.25
1765568121849,CH1,POWER,3.25
1765568121855,CH1,POWER,3.25
1765568121860,CH1,POWER,3.25
1765568121865,CH1,POWER,3.25
1765568121870,CH1,POWER,3.25
1765568121897,CH1,POWER,3.25
1765568121902,CH1,POWER,3.25
1765568121907,CH1,POWER,3.25
1765568121911,CH1,POWER,3.25
1765568121915,CH1,POWER,3.25
1765568121920,CH1,POWER,3.25
1765568121925,CH1,POWER,3.25
1765568121929,CH1,POWER,3.25
1765568121935,CH1,POWER,3.25
1765568121939,CH1,POWER,3.25
1765568121944,CH1,POWER,3.25
1765568121948,CH1,POWER,3.25
1765568121954,CH1,POWER,3.25
1765568121958,CH1,POWER,3.25
1765568121962,CH1,POWER,3.25
1765568121968,CH1,POWER,3.25
1765568121972,CH1,POWER,3.25
1765568121978,CH1,POWER,3.25
1765568121982,CH1,POWER,3.25
1765568121988,CH1,POWER,3.25
1765568121994,CH1,POWER,3.25
1765568121998,CH1,POWER,3.25
1765568122004,CH1,POWER,3.25
1765568122008,CH1,POWER,3.25
1765568122012,CH1,POWER,3.25
1765568122017,CH1,POWER,3.25
1765568122022,CH1,POWER,3.25
1765568122028,CH1,POWER,3.25
1765568122034,CH1,POWER,3.25
1765568122038,CH1,POWER,3.25
1765568122046,CH1,POWER,3.25
1765568122050,CH1,POWER,3.25
1765568122055,CH1,POWER,3.25
1765568122060,CH1,POWER,3.25
1765568122065,CH1,POWER,3.25
1765568122071,CH1,POWER,3.25
1765568122078,CH1,POWER,3.25
1765568122084,CH1,POWER,3.25
1765568122088,CH1,POWER,3.25
1765568122094,CH1,POWER,3.25
1765568122098,CH1,POWER,3.25
1765568122104,CH1,POWER,3.25
1765568122108,CH1,POWER,3.25
1765568122112,CH1,POWER,3.25
1765568122117,CH1,POWER,3.25
1765568122121,CH1,POWER,3.25
1765568122125,CH1,POWER,3.25
1765568122131,CH1,POWER,3.25
1765568122135,CH1,POWER,3.25
1765568122139,CH1,POWER,3.25
1765568122146,CH1,POWER,3.25
1765568122152,CH1,POWER,3.25
1765568122157,CH1,POWER,3.25
1765568122161,CH1,POWER,3.25
1765568122167,CH1,POWER,3.25
1765568122171,CH1,POWER,3.25
1765568122175,CH1,POWER,3.25
1765568122179,CH1,POWER,3.25
1765568122184,CH1,POWER,3.25
1765568122188,CH1,POWER,3.25
1765568122194,CH1,POWER,3.25
1765568122198,CH1,POWER,3.25
1765568122204,CH1,POWER,3.25
1765568122208,CH1,POWER,3.25
1765568122214,CH1,POWER,3.25
1765568122218,CH1,POWER,3.25
1765568122224,CH1,POWER,3.25
1765568122228,CH1,POWER,3.25
1765568122232,CH1,POWER,3.25
1765568122238,CH1,POWER,3.25
1765568122242,CH1,POWER,3.25
1765568122247,CH1,POWER,3.25
1765568122251,CH1,POWER,3.25
1765568122255,CH1,POWER,3.25
1765568122259,CH1,POWER,3.25
1765568122263,CH1,POWER,3.65
1765568122290,CH1,POWER,3.65
1765568122296,CH1,POWER,3.65
1765568122300,CH1,POWER,3.65
1765568122304,CH1,POWER,3.65
1765568122309,CH1,POWER,3.65
1765568122314,CH1,POWER,3.65
1765568122320,CH1,POWER,3.65
1765568122324,CH1,POWER,3.65
1765568122330,CH1,POWER,3.65
1765568122336,CH1,POWER,3.65
1765568122340,CH1,POWER,3.65
1765568122344,CH1,POWER,3.65
1765568122350,CH1,POWER,3.65
1765568122356,CH1,POWER,3.65
1765568122360,CH1,POWER,3.65
1765568122364,CH1,POWER,3.65
1765568122370,CH1,POWER,3.65
1765568122374,CH1,POWER,3.65
1765568122380,CH1,POWER,3.65
1765568122384,CH1,POWER,3.65
1765568122390,CH1,POWER,3.65
1765568122394,CH1,POWER,3.65
1765568122400,CH1,POWER,3.65
1765568122406,CH1,POWER,3.65
1765568122410,CH1,POWER,3.65
1765568122414,CH1,POWER,3.65
1765568122420,CH1,POWER,3.65
1765568122426,CH1,POWER,3.65
1765568122430,CH1,POWER,3.65
1765568122436,CH1,POWER,3.65
1765568122440,CH1,POWER,3.65
1765568122446,CH1,POWER,3.65
1765568122450,CH1,POWER,3.65
1765568122454,CH1,POWER,3.65
1765568122459,CH1,POWER,3.65
1765568122464,CH1,POWER,3.65
1765568122470,CH1,POWER,3.65
1765568122476,CH1,POWER,3.65
1765568122480,CH1,POWER,3.65
1765568122484,CH1,POWER,3.65
1765568122490,CH1,POWER,3.65
1765568122496,CH1,POWER,3.65
1765568122500,CH1,POWER,3.65
1765568122506,CH1,POWER,3.65
1765568122510,CH1,POWER,3.65
1765568122514,CH1,POWER,3.65
1765568122520,CH1,POWER,3.65
1765568122526,CH1,POWER,3.65
1765568122530,CH1,POWER,3.65
1765568122536,CH1,POWER,3.65
1765568122540,CH1,POWER,3.65
1765568122544,CH1,POWER,3.65
1765568122550,CH1,POWER,3.65
1765568122554,CH1,POWER,3.65
1765568122560,CH1,POWER,3.65
1765568122566,CH1,POWER,3.65
1765568122570,CH1,POWER,3.65
1765568122574,CH1,POWER,3.65
1765568122580,CH1,POWER,3.65
1765568122586,CH1,POWER,3.65
1765568122590,CH1,POWER,3.65
1765568122594,CH1,POWER,3.65
1765568122599,CH1,POWER,3.65
1765568122603,CH1,POWER,3.65
1765568122607,CH1,POWER,3.65
1765568122611,CH1,POWER,3.65
1765568122616,CH1,POWER,3.65
1765568122620,CH1,POWER,3.65
1765568122624,CH1,POWER,3.65
1765568122629,CH1,POWER,3.65
1765568122633,CH1,POWER,3.65
1765568122640,CH1,POWER,3.65
1765568122646,CH1,POWER,3.65
1765568122650,CH1,POWER,3.65
1765568122654,CH1,POWER,3.50
1765568122681,CH1,POWER,3.50
1765568122686,CH1,POWER,3.50
1765568122691,CH1,POWER,3.50
1765568122695,CH1,POWER,3.50
1765568122699,CH1,POWER,3.50
1765568122705,CH1,POWER,3.50
1765568122709,CH1,POWER,3.50
1765568122713,CH1,POWER,3.50
1765568122718,CH1,POWER,3.50
1765568122722,CH1,POWER,3.50
1765568122726,CH1,POWER,3.50
1765568122732,CH1,POWER,3.50
1765568122736,CH1,POWER,3.50
1765568122741,CH1,POWER,3.50
1765568122745,CH1,POWER,3.50
1765568122749,CH1,POWER,3.50
1765568122753,CH1,POWER,3.50
1765568122760,CH1,POWER,3.50
1765568122765,CH1,POWER,3.50
1765568122772,CH1,POWER,3.50
1765568122776,CH1,POWER,3.50
1765568122781,CH1,POWER,3.50
1765568122785,CH1,POWER,3.50
1765568122789,CH1,POWER,3.50
1765568122794,CH1,POWER,3.50
1765568122800,CH1,POWER,3.50
1765568122805,CH1,POWER,3.50
1765568122812,CH1,POWER,3.50
1765568122818,CH1,POWER,3.50
1765568122822,CH1,POWER,3.50
1765568122826,CH1,POWER,3.50
1765568122831,CH1,POWER,3.50
1765568122836,CH1,POWER,3.50
1765568122842,CH1,POWER,3.50
1765568122848,CH1,POWER,3.50
1765568122852,CH1,POWER,3.50
1765568122856,CH1,POWER,3.50
1765568122862,CH1,POWER,3.50
1765568122868,CH1,POWER,3.50
1765568122872,CH1,POWER,3.50
1765568122876,CH1,POWER,3.50
1765568122882,CH1,POWER,3.50
1765568122890,CH1,POWER,3.50
1765568122895,CH1,POWER,3.50
1765568122902,CH1,POWER,3.50
1765568122908,CH1,POWER,3.50
1765568122912,CH1,POWER,3.50
1765568122918,CH1,POWER,3.50
1765568122922,CH1,POWER,3.50
1765568122930,CH1,POWER,3.50
1765568122935,CH1,POWER,3.50
1765568122942,CH1,POWER,3.50
1765568122946,CH1,POWER,3.50
1765568122951,CH1,POWER,3.50
1765568122956,CH1,POWER,3.50
1765568122962,CH1,POWER,3.50
1765568122968,CH1,POWER,3.50
1765568122972,CH1,POWER,3.50
1765568122978,CH1,POWER,3.50
1765568122982,CH1,POWER,3.50
1765568122986,CH1,POWER,3.50
1765568122992,CH1,POWER,3.50
1765568122998,CH1,POWER,3.50
1765568123002,CH1,POWER,3.50
1765568123006,CH1,POWER,3.50
1765568123012,CH1,POWER,3.50
1765568123018,CH1,POWER,3.50
1765568123022,CH1,POWER,3.50
1765568123028,CH1,POWER,3.50
1765568123032,CH1,POWER,3.50
1765568123038,CH1,POWER,3.50
1765568123042,CH1,POWER,3.50
1765568123046,CH1,POWER,3.50
1765568123073,CH1,POWER,3.35
1765568123078,CH1,POWER,3.35
1765568123083,CH1,POWER,3.35
1765568123090,CH1,POWER,3.35
1765568123094,CH1,POWER,3.35
1765568123098,CH1,POWER,3.35
1765568123104,CH1,POWER,3.35
1765568123110,CH1,POWER,3.35
1765568123114,CH1,POWER,3.35
1765568123120,CH1,POWER,3.35
1765568123124,CH1,POWER,3.35
1765568123130,CH1,POWER,3.35
1765568123134,CH1,POWER,3.35
1765568123140,CH1,POWER,3.35
1765568123144,CH1,POWER,3.35
1765568123148,CH1,POWER,3.35
1765568123154,CH1,POWER,3.35
1765568123160,CH1,POWER,3.35
1765568123164,CH1,POWER,3.35
1765568123168,CH1,POWER,3.35
1765568123174,CH1,POWER,3.35
1765568123178,CH1,POWER,3.35
1765568123184,CH1,POWER,3.35
1765568123188,CH1,POWER,3.35
1765568123194,CH1,POWER,3.35
1765568123198,CH1,POWER,3.35
1765568123204,CH1,POWER,3.35
1765568123212,CH1,POWER,3.35
1765568123217,CH1,POWER,3.35
1765568123221,CH1,POWER,3.35
1765568123226,CH1,POWER,3.35
1765568123232,CH1,POWER,3.35
1765568123237,CH1,POWER,3.35
1765568123244,CH1,POWER,3.35
1765568123250,CH1,POWER,3.35
1765568123254,CH1,POWER,3.35
1765568123258,CH1,POWER,3.35
1765568123264,CH1,POWER,3.35
1765568123270,CH1,POWER,3.35
1765568123274,CH1,POWER,3.35
1765568123280,CH1,POWER,3.35
1765568123284,CH1,POWER,3.35
1765568123290,CH1,POWER,3.35
1765568123294,CH1,POWER,3.35
1765568123298,CH1,POWER,3.35
1765568123304,CH1,POWER,3.35
1765568123308,CH1,POWER,3.35
1765568123314,CH1,POWER,3.35
1765568123320,CH1,POWER,3.35
1765568123324,CH1,POWER,3.35
1765568123330,CH1,POWER,3.35
1765568123334,CH1,POWER,3.35
1765568123338,CH1,POWER,3.35
1765568123343,CH1,POWER,3.35
1765568123347,CH1,POWER,3.35
1765568123351,CH1,POWER,3.35
1765568123355,CH1,POWER,3.35
1765568123360,CH1,POWER,3.35
1765568123364,CH1,POWER,3.35
1765568123368,CH1,POWER,3.35
1765568123374,CH1,POWER,3.35
1765568123380,CH1,POWER,3.35
1765568123384,CH1,POWER,3.35
1765568123388,CH1,POWER,3.35
1765568123394,CH1,POWER,3.35
1765568123398,CH1,POWER,3.35
1765568123403,CH1,POWER,3.35
1765568123407,CH1,POWER,3.35
1765568123414,CH1,POWER,3.35
1765568123418,CH1,POWER,3.35
1765568123424,CH1,POWER,3.35
1765568123428,CH1,POWER,3.35
1765568123434,CH1,POWER,3.35
1765568123436,CH1,POWER,3.25
1765568123439,CH1,POWER,3.25
1765568123466,CH1,POWER,3.25
1765568123472,CH1,POWER,3.25
1765568123476,CH1,POWER,3.25
1765568123480,CH1,POWER,3.25
1765568123486,CH1,POWER,3.25
1765568123492,CH1,POWER,3.25
1765568123496,CH1,POWER,3.25
1765568123500,CH1,POWER,3.25
1765568123505,CH1,POWER,3.25
1765568123509,CH1,POWER,3.25
1765568123516,CH1,POWER,3.25
1765568123520,CH1,POWER,3.25
1765568123525,CH1,POWER,3.25
1765568123529,CH1,POWER,3.25
1765568123536,CH1,POWER,3.25
1765568123540,CH1,POWER,3.25
1765568123546,CH1,POWER,3.25
1765568123552,CH1,POWER,3.25
1765568123556,CH1,POWER,3.25
1765568123560,CH1,POWER,3.25
1765568123566,CH1,POWER,3.25
1765568123570,CH1,POWER,3.25
1765568123575,CH1,POWER,3.25
1765568123579,CH1,POWER,3.25
1765568123583,CH1,POWER,3.25
1765568123587,CH1,POWER,3.25
1765568123592,CH1,POWER,3.25
1765568123596,CH1,POWER,3.25
1765568123602,CH1,POWER,3.25
1765568123606,CH1,POWER,3.25
1765568123612,CH1,POWER,3.25
1765568123616,CH1,POWER,3.25
1765568123622,CH1,POWER,3.25
1765568123626,CH1,POWER,3.25
1765568123630,CH1,POWER,3.25
1765568123635,CH1,POWER,3.25
1765568123640,CH1,POWER,3.25
1765568123646,CH1,POWER,3.25
1765568123652,CH1,POWER,3.25
1765568123656,CH1,POWER,3.25
1765568123664,CH1,POWER,3.25
1765568123669,CH1,POWER,3.25
1765568123676,CH1,POWER,3.25
1765568123680,CH1,POWER,3.25
1765568123685,CH1,POWER,3.25
1765568123690,CH1,POWER,3.25
1765568123696,CH1,POWER,3.25
1765568123702,CH1,POWER,3.25
1765568123706,CH1,POWER,3.25
1765568123712,CH1,POWER,3.25
1765568123716,CH1,POWER,3.25
1765568123724,CH1,POWER,3.25
1765568123730,CH1,POWER,3.25
1765568123735,CH1,POWER,3.25
1765568123739,CH1,POWER,3.25
1765568123746,CH1,POWER,3.25
1765568123750,CH1,POWER,3.25
1765568123755,CH1,POWER,3.25
1765568123760,CH1,POWER,3.25
1765568123765,CH1,POWER,3.25
1765568123769,CH1,POWER,3.25
1765568123775,CH1,POWER,3.25
1765568123780,CH1,POWER,3.25
1765568123785,CH1,POWER,3.25
1765568123789,CH1,POWER,3.25
1765568123795,CH1,POWER,3.25
1765568123800,CH1,POWER,3.25
1765568123806,CH1,POWER,3.25
1765568123812,CH1,POWER,3.25
1765568123816,CH1,POWER,3.25
1765568123820,CH1,POWER,3.25
1765568123826,CH1,POWER,3.25
1765568123831,CH1,POWER,3.25
1765568123858,CH1,POWER,3.25
1765568123864,CH1,POWER,3.25
1765568123868,CH1,POWER,3.25
1765568123874,CH1,POWER,3.25
1765568123878,CH1,POWER,3.25
1765568123882,CH1,POWER,3.25
1765568123888,CH1,POWER,3.25
1765568123892,CH1,POWER,3.25
1765568123898,CH1,POWER,3.25
1765568123904,CH1,POWER,3.25
1765568123908,CH1,POWER,3.25
1765568123912,CH1,POWER,3.25
1765568123917,CH1,POWER,3.25
1765568123922,CH1,POWER,3.25
1765568123928,CH1,POWER,3.25
1765568123932,CH1,POWER,3.25
1765568123937,CH1,POWER,3.25
1765568123941,CH1,POWER,3.25
1765568123945,CH1,POWER,3.25
1765568123949,CH1,POWER,3.25
1765568123955,CH1,POWER,3.25
1765568123960,CH1,POWER,3.25
1765568123965,CH1,POWER,3.25
1765568123969,CH1,POWER,3.25
1765568123976,CH1,POWER,3.25
1765568123980,CH1,POWER,3.25
1765568123985,CH1,POWER,3.25
1765568123990,CH1,POWER,3.25
1765568123996,CH1,POWER,3.25
1765568124000,CH1,POWER,3.25
1765568124005,CH1,POWER,3.25
1765568124009,CH1,POWER,3.25
1765568124014,CH1,POWER,3.25
1765568124018,CH1,POWER,3.25
1765568124022,CH1,POWER,3.25
1765568124028,CH1,POWER,3.25
1765568124032,CH1,POWER,3.25
1765568124038,CH1,POWER,3.25
1765568124044,CH1,POWER,3.25
1765568124048,CH1,POWER,3.25
1765568124052,CH1,POWER,3.25
1765568124057,CH1,POWER,3.25
1765568124062,CH1,POWER,3.25
1765568124068,CH1,POWER,3.25
1765568124073,CH1,POWER,3.25
1765568124078,CH1,POWER,3.25
1765568124084,CH1,POWER,3.25
1765568124088,CH1,POWER,3.25
1765568124094,CH1,POWER,3.25
1765568124098,CH1,POWER,3.25
1765568124106,CH1,POWER,3.25
1765568124111,CH1,POWER,3.25
1765568124115,CH1,POWER,3.25
1765568124120,CH1,POWER,3.25
1765568124126,CH1,POWER,3.25
1765568124131,CH1,POWER,3.25
1765568124135,CH1,POWER,3.25
1765568124139,CH1,POWER,3.25
1765568124144,CH1,POWER,3.25
1765568124148,CH1,POWER,3.25
1765568124152,CH1,POWER,3.25
1765568124158,CH1,POWER,3.25
1765568124164,CH1,POWER,3.25
1765568124168,CH1,POWER,3.25
1765568124174,CH1,POWER,3.25
1765568124178,CH1,POWER,3.25
1765568124184,CH1,POWER,3.25
1765568124188,CH1,POWER,3.25
1765568124194,CH1,POWER,3.25
1765568124198,CH1,POWER,3.25
1765568124206,CH1,POWER,3.25
1765568124211,CH1,POWER,3.25
1765568124218,CH1,POWER,3.25
1765568124220,CH1,POWER,3.25
1765568124223,CH1,POWER,3.25
1765568124250,CH1,POWER,3.25
1765568124256,CH1,POWER,3.25
1765568124260,CH1,POWER,3.25
1765568124268,CH1,POWER,3.25
1765568124273,CH1,POWER,3.25
1765568124277,CH1,POWER,3.25
1765568124282,CH1,POWER,3.25
1765568124290,CH1,POWER,3.25
1765568124296,CH1,POWER,3.25
1765568124300,CH1,POWER,3.25
1765568124304,CH1,POWER,3.25
1765568124310,CH1,POWER,3.25
1765568124315,CH1,POWER,3.25
1765568124320,CH1,POWER,3.25
1765568124324,CH1,POWER,3.25
1765568124330,CH1,POWER,3.25
1765568124334,CH1,POWER,3.25
1765568124339,CH1,POWER,3.25
1765568124345,CH1,POWER,3.25
1765568124350,CH1,POWER,3.25
1765568124355,CH1,POWER,3.25
1765568124360,CH1,POWER,3.25
1765568124366,CH1,POWER,3.25
1765568124370,CH1,POWER,3.25
1765568124376,CH1,POWER,3.25
1765568124380,CH1,POWER,3.25
1765568124386,CH1,POWER,3.25
1765568124390,CH1,POWER,3.25
1765568124394,CH1,POWER,3.25
1765568124399,CH1,POWER,3.25
1765568124403,CH1,POWER,3.25
1765568124409,CH1,POWER,3.25
1765568124414,CH1,POWER,3.25
1765568124420,CH1,POWER,3.25
1765568124426,CH1,POWER,3.25
1765568124430,CH1,POWER,3.25
1765568124434,CH1,POWER,3.25
1765568124440,CH1,POWER,3.25
1765568124444,CH1,POWER,3.25
1765568124449,CH1,POWER,3.25
1765568124453,CH1,POWER,3.25
1765568124460,CH1,POWER,3.25
1765568124466,CH1,POWER,3.25
1765568124470,CH1,POWER,3.25
1765568124478,CH1,POWER,3.25
1765568124483,CH1,POWER,3.25
1765568124490,CH1,POWER,3.25
1765568124498,CH1,POWER,3.25
1765568124503,CH1,POWER,3.25
1765568124507,CH1,POWER,3.25
1765568124512,CH1,POWER,3.25
1765568124518,CH1,POWER,3.25
1765568124522,CH1,POWER,3.25
1765568124527,CH1,POWER,3.25
1765568124531,CH1,POWER,3.25
1765568124538,CH1,POWER,3.25
1765568124544,CH1,POWER,3.25
1765568124549,CH1,POWER,3.25
1765568124554,CH1,POWER,3.25
1765568124559,CH1,POWER,3.25
1765568124563,CH1,POWER,3.25
1765568124567,CH1,POWER,3.25
1765568124571,CH1,POWER,3.25
1765568124576,CH1,POWER,3.25
1765568124580,CH1,POWER,3.25
1765568124584,CH1,POWER,3.25
1765568124590,CH1,POWER,3.25
1765568124594,CH1,POWER,3.25
1765568124600,CH1,POWER,3.25
1765568124606,CH1,POWER,3.25
1765568124610,CH1,POWER,3.25
1765568124613,CH1,POWER,2.55
1765568124639,CH1,POWER,2.55
1765568124645,CH1,POWER,2.55
1765568124652,CH1,POWER,2.55
1765568124658,CH1,POWER,2.55
1765568124662,CH1,POWER,2.55
1765568124668,CH1,POWER,2.55
1765568124673,CH1,POWER,2.55
1765568124680,CH1,POWER,2.55
1765568124686,CH1,POWER,2.55
1765568124691,CH1,POWER,2.55
1765568124696,CH1,POWER,2.55
1765568124702,CH1,POWER,2.55
1765568124706,CH1,POWER,2.55
1765568124711,CH1,POWER,2.55
1765568124715,CH1,POWER,2.55
1765568124719,CH1,POWER,2.55
1765568124724,CH1,POWER,2.55
1765568124730,CH1,POWER,2.55
1765568124735,CH1,POWER,2.55
1765568124742,CH1,POWER,2.55
1765568124750,CH1,POWER,2.55
1765568124755,CH1,POWER,2.55
1765568124759,CH1,POWER,2.55
1765568124765,CH1,POWER,2.55
1765568124771,CH1,POWER,2.55
1765568124776,CH1,POWER,2.55
1765568124781,CH1,POWER,2.55
1765568124785,CH1,POWER,2.55
1765568124792,CH1,POWER,2.55
1765568124798,CH1,POWER,2.55
1765568124802,CH1,POWER,2.55
1765568124810,CH1,POWER,2.55
1765568124814,CH1,POWER,2.55
1765568124820,CH1,POWER,2.55
1765568124825,CH1,POWER,2.55
1765568124832,CH1,POWER,2.55
1765568124840,CH1,POWER,2.55
1765568124845,CH1,POWER,2.55
1765568124852,CH1,POWER,2.55
1765568124860,CH1,POWER,2.55
1765568124865,CH1,POWER,2.55
1765568124869,CH1,POWER,2.55
1765568124874,CH1,POWER,2.55
1765568124880,CH1,POWER,2.55
1765568124886,CH1,POWER,2.55
1765568124891,CH1,POWER,2.55
1765568124895,CH1,POWER,2.55
1765568124902,CH1,POWER,2.55
1765568124906,CH1,POWER,2.55
1765568124911,CH1,POWER,2.55
1765568124915,CH1,POWER,2.55
1765568124919,CH1,POWER,2.55
1765568124924,CH1,POWER,2.55
1765568124930,CH1,POWER,2.55
1765568124935,CH1,POWER,2.55
1765568124942,CH1,POWER,2.55
1765568124948,CH1,POWER,2.55
1765568124952,CH1,POWER,2.55
1765568124958,CH1,POWER,2.55
1765568124962,CH1,POWER,2.55
1765568124967,CH1,POWER,2.55
1765568124972,CH1,POWER,2.55
1765568124978,CH1,POWER,2.55
1765568124982,CH1,POWER,2.55
1765568124987,CH1,POWER,2.55
1765568124992,CH1,POWER,2.55
1765568124997,CH1,POWER,2.55
1765568125000,CH1,POWER,2.75
1765568125003,CH1,POWER,2.75
1765568125005,CH1,POWER,2.75
1765568125031,CH1,POWER,2.75
1765568125037,CH1,POWER,2.75
1765568125044,CH1,POWER,2.75
1765568125048,CH1,POWER,2.75
1765568125053,CH1,POWER,2.75
1765568125058,CH1,POWER,2.75
1765568125063,CH1,POWER,2.75
1765568125067,CH1,POWER,2.75
1765568125073,CH1,POWER,2.75
1765568125078,CH1,POWER,2.75
1765568125083,CH1,POWER,2.75
1765568125087,CH1,POWER,2.75
1765568125091,CH1,POWER,2.75
1765568125096,CH1,POWER,2.75
1765568125102,CH1,POWER,2.75
1765568125107,CH1,POWER,2.75
1765568125114,CH1,POWER,2.75
1765568125120,CH1,POWER,2.75
1765568125124,CH1,POWER,2.75
1765568125132,CH1,POWER,2.75
1765568125137,CH1,POWER,2.75
1765568125141,CH1,POWER,2.75
1765568125146,CH1,POWER,2.75
1765568125154,CH1,POWER,2.75
1765568125160,CH1,POWER,2.75
1765568125164,CH1,POWER,2.75
1765568125169,CH1,POWER,2.75
1765568125174,CH1,POWER,2.75
1765568125182,CH1,POWER,2.75
1765568125187,CH1,POWER,2.75
1765568125191,CH1,POWER,2.75
1765568125196,CH1,POWER,2.75
1765568125202,CH1,POWER,2.75
1765568125208,CH1,POWER,2.75
1765568125213,CH1,POWER,2.75
1765568125217,CH1,POWER,2.75
1765568125223,CH1,POWER,2.75
1765568125227,CH1,POWER,2.75
1765568125231,CH1,POWER,2.75
1765568125235,CH1,POWER,2.75
1765568125241,CH1,POWER,2.75
1765568125246,CH1,POWER,2.75
1765568125254,CH1,POWER,2.75
1765568125260,CH1,POWER,2.75
1765568125264,CH1,POWER,2.75
1765568125270,CH1,POWER,2.75
1765568125274,CH1,POWER,2.75
1765568125279,CH1,POWER,2.75
1765568125284,CH1,POWER,2.75
1765568125290,CH1,POWER,2.75
1765568125294,CH1,POWER,2.75
1765568125298,CH1,POWER,2.75
1765568125304,CH1,POWER,2.75
1765568125310,CH1,POWER,2.75
1765568125314,CH1,POWER,2.75
1765568125319,CH1,POWER,2.75
1765568125324,CH1,POWER,2.75
1765568125328,CH1,POWER,2.75
1765568125334,CH1,POWER,2.75
1765568125338,CH1,POWER,2.75
1765568125344,CH1,POWER,2.75
1765568125350,CH1,POWER,2.75
1765568125354,CH1,POWER,2.75
1765568125362,CH1,POWER,2.75
1765568125367,CH1,POWER,2.75
1765568125374,CH1,POWER,2.75
1765568125382,CH1,POWER,2.75
1765568125387,CH1,POWER,2.75
1765568125394,CH1,POWER,2.75
1765568125397,CH1,POWER,2.95
1765568125423,CH1,POWER,2.95
1765568125428,CH1,POWER,2.95
1765568125433,CH1,POWER,2.95
1765568125437,CH1,POWER,2.95
1765568125443,CH1,POWER,2.95
1765568125448,CH1,POWER,2.95
1765568125453,CH1,POWER,2.95
1765568125458,CH1,POWER,2.95
1765568125463,CH1,POWER,2.95
1765568125469,CH1,POWER,2.95
1765568125476,CH1,POWER,2.95
1765568125480,CH1,POWER,2.95
1765568125485,CH1,POWER,2.95
1765568125489,CH1,POWER,2.95
1765568125493,CH1,POWER,2.95
1765568125499,CH1,POWER,2.95
1765568125506,CH1,POWER,2.95
1765568125512,CH1,POWER,2.95
1765568125516,CH1,POWER,2.95
1765568125520,CH1,POWER,2.95
1765568125526,CH1,POWER,2.95
1765568125532,CH1,POWER,2.95
1765568125536,CH1,POWER,2.95
1765568125541,CH1,POWER,2.95
1765568125546,CH1,POWER,2.95
1765568125554,CH1,POWER,2.95
1765568125559,CH1,POWER,2.95
1765568125566,CH1,POWER,2.95
1765568125571,CH1,POWER,2.95
1765568125576,CH1,POWER,2.95
1765568125581,CH1,POWER,2.95
1765568125586,CH1,POWER,2.95
1765568125594,CH1,POWER,2.95
1765568125599,CH1,POWER,2.95
1765568125605,CH1,POWER,2.95
1765568125610,CH1,POWER,2.95
1765568125616,CH1,POWER,2.95
1765568125624,CH1,POWER,2.95
1765568125629,CH1,POWER,2.95
1765568125636,CH1,POWER,2.95
1765568125642,CH1,POWER,2.95
1765568125646,CH1,POWER,2.95
1765568125651,CH1,POWER,2.95
1765568125656,CH1,POWER,2.95
1765568125661,CH1,POWER,2.95
1765568125666,CH1,POWER,2.95
1765568125672,CH1,POWER,2.95
1765568125676,CH1,POWER,2.95
1765568125681,CH1,POWER,2.95
1765568125686,CH1,POWER,2.95
1765568125694,CH1,POWER,2.95
1765568125698,CH1,POWER,2.95
1765568125703,CH1,POWER,2.95
1765568125707,CH1,POWER,2.95
1765568125714,CH1,POWER,2.95
1765568125719,CH1,POWER,2.95
1765568125726,CH1,POWER,2.95
1765568125730,CH1,POWER,2.95
1765568125736,CH1,POWER,2.95
1765568125742,CH1,POWER,2.95
1765568125746,CH1,POWER,2.95
1765568125754,CH1,POWER,2.95
1765568125760,CH1,POWER,2.95
1765568125765,CH1,POWER,2.95
1765568125769,CH1,POWER,2.95
1765568125776,CH1,POWER,2.95
1765568125780,CH1,POWER,2.95
1765568125784,CH1,POWER,3.00
1765568125787,CH1,POWER,3.00
1765568125789,CH1,POWER,3.00
1765568125815,CH1,POWER,3.00
1765568125820,CH1,POWER,3.00
1765568125825,CH1,POWER,3.00
1765568125830,CH1,POWER,3.00
1765568125835,CH1,POWER,3.00
1765568125840,CH1,POWER,3.00
1765568125846,CH1,POWER,3.00
1765568125851,CH1,POWER,3.00
1765568125858,CH1,POWER,3.00
1765568125864,CH1,POWER,3.00
1765568125868,CH1,POWER,3.00
1765568125873,CH1,POWER,3.00
1765568125878,CH1,POWER,3.00
1765568125883,CH1,POWER,3.00
1765568125888,CH1,POWER,3.00
1765568125894,CH1,POWER,3.00
1765568125898,CH1,POWER,3.00
1765568125906,CH1,POWER,3.00
1765568125911,CH1,POWER,3.00
1765568125918,CH1,POWER,3.00
1765568125924,CH1,POWER,3.00
1765568125928,CH1,POWER,3.00
1765568125933,CH1,POWER,3.00
1765568125938,CH1,POWER,3.00
1765568125943,CH1,POWER,3.00
1765568125948,CH1,POWER,3.00
1765568125954,CH1,POWER,3.00
1765568125958,CH1,POWER,3.00
1765568125964,CH1,POWER,3.00
1765568125968,CH1,POWER,3.00
1765568125973,CH1,POWER,3.00
1765568125978,CH1,POWER,3.00
1765568125983,CH1,POWER,3.00
1765568125988,CH1,POWER,3.00
1765568125992,CH1,POWER,3.00
1765568125998,CH1,POWER,3.00
1765568126003,CH1,POWER,3.00
1765568126008,CH1,POWER,3.00
1765568126013,CH1,POWER,3.00
1765568126018,CH1,POWER,3.00
1765568126024,CH1,POWER,3.00
1765568126028,CH1,POWER,3.00
1765568126034,CH1,POWER,3.00
1765568126038,CH1,POWER,3.00
1765568126043,CH1,POWER,3.00
1765568126048,CH1,POWER,3.00
1765568126053,CH1,POWER,3.00
1765568126058,CH1,POWER,3.00
1765568126063,CH1,POWER,3.00
1765568126068,CH1,POWER,3.00
1765568126073,CH1,POWER,3.00
1765568126078,CH1,POWER,3.00
1765568126084,CH1,POWER,3.00
1765568126088,CH1,POWER,3.00
1765568126094,CH1,POWER,3.00
1765568126098,CH1,POWER,3.00
1765568126103,CH1,POWER,3.00
1765568126108,CH1,POWER,3.00
1765568126114,CH1,POWER,3.00
1765568126118,CH1,POWER,3.00
1765568126126,CH1,POWER,3.00
1765568126131,CH1,POWER,3.00
1765568126138,CH1,POWER,3.00
1765568126144,CH1,POWER,3.00
1765568126148,CH1,POWER,3.00
1765568126154,CH1,POWER,3.00
1765568126158,CH1,POWER,3.00
1765568126163,CH1,POWER,3.00
1765568126168,CH1,POWER,3.00
1765568126173,CH1,POWER,3.00
1765568126178,CH1,POWER,3.00
1765568126185,CH1,POWER,3.00
1765568126187,CH1,POWER,3.25
1765568126190,CH1,POWER,3.25
1765568126192,CH1,POWER,3.25
1765568126219,CH1,POWER,3.25
1765568126224,CH1,POWER,3.25
1765568126230,CH1,POWER,3.25
1765568126238,CH1,POWER,3.25
1765568126244,CH1,POWER,3.25
1765568126249,CH1,POWER,3.25
1765568126254,CH1,POWER,3.25
1765568126260,CH1,POWER,3.25
1765568126266,CH1,POWER,3.25
1765568126270,CH1,POWER,3.25
1765568126278,CH1,POWER,3.25
1765568126283,CH1,POWER,3.25
1765568126290,CH1,POWER,3.25
1765568126296,CH1,POWER,3.25
1765568126300,CH1,POWER,3.25
1765568126305,CH1,POWER,3.25
1765568126310,CH1,POWER,3.25
1765568126315,CH1,POWER,3.25
1765568126320,CH1,POWER,3.25
1765568126325,CH1,POWER,3.25
1765568126330,CH1,POWER,3.25
1765568126338,CH1,POWER,3.25
1765568126343,CH1,POWER,3.25
1765568126347,CH1,POWER,3.25
1765568126353,CH1,POWER,3.25
1765568126360,CH1,POWER,3.25
1765568126365,CH1,POWER,3.25
1765568126370,CH1,POWER,3.25
1765568126375,CH1,POWER,3.25
1765568126380,CH1,POWER,3.25
1765568126384,CH1,POWER,3.25
1765568126389,CH1,POWER,3.25
1765568126394,CH1,POWER,3.25
1765568126399,CH1,POWER,3.25
1765568126403,CH1,POWER,3.25
1765568126410,CH1,POWER,3.25
1765568126416,CH1,POWER,3.25
1765568126420,CH1,POWER,3.25
1765568126428,CH1,POWER,3.25
1765568126433,CH1,POWER,3.25
1765568126440,CH1,POWER,3.25
1765568126446,CH1,POWER,3.25
1765568126450,CH1,POWER,3.25
1765568126455,CH1,POWER,3.25
1765568126460,CH1,POWER,3.25
1765568126465,CH1,POWER,3.25
1765568126470,CH1,POWER,3.25
1765568126475,CH1,POWER,3.25
1765568126480,CH1,POWER,3.25
1765568126488,CH1,POWER,3.25
1765568126493,CH1,POWER,3.25
1765568126500,CH1,POWER,3.25
1765568126508,CH1,POWER,3.25
1765568126513,CH1,POWER,3.25
1765568126520,CH1,POWER,3.25
1765568126525,CH1,POWER,3.25
1765568126530,CH1,POWER,3.25
1765568126535,CH1,POWER,3.25
1765568126540,CH1,POWER,3.25
1765568126548,CH1,POWER,3.25
1765568126553,CH1,POWER,3.25
1765568126559,CH1,POWER,3.25
1765568126564,CH1,POWER,3.25
1765568126570,CH1,POWER,3.25
1765568126573,CH1,POWER,3.25
1765568126599,CH1,POWER,3.25
1765568126604,CH1,POWER,3.25
1765568126609,CH1,POWER,3.25
1765568126613,CH1,POWER,3.25
1765568126620,CH1,POWER,3.25
1765568126624,CH1,POWER,3.25
1765568126632,CH1,POWER,3.25
1765568126638,CH1,POWER,3.25
1765568126642,CH1,POWER,3.25
1765568126650,CH1,POWER,3.25
1765568126655,CH1,POWER,3.25
1765568126662,CH1,POWER,3.25
1765568126668,CH1,POWER,3.25
1765568126672,CH1,POWER,3.25
1765568126680,CH1,POWER,3.25
1765568126685,CH1,POWER,3.25
1765568126692,CH1,POWER,3.25
1765568126700,CH1,POWER,3.25
1765568126705,CH1,POWER,3.25
1765568126711,CH1,POWER,3.25
1765568126717,CH1,POWER,3.25
1765568126722,CH1,POWER,3.25
1765568126727,CH1,POWER,3.25
1765568126732,CH1,POWER,3.25
1765568126737,CH1,POWER,3.25
1765568126742,CH1,POWER,3.25
1765568126746,CH1,POWER,3.25
1765568126752,CH1,POWER,3.25
1765568126757,CH1,POWER,3.25
1765568126762,CH1,POWER,3.25
1765568126766,CH1,POWER,3.25
1765568126772,CH1,POWER,3.25
1765568126778,CH1,POWER,3.25
1765568126782,CH1,POWER,3.25
1765568126790,CH1,POWER,3.25
1765568126795,CH1,POWER,3.25
1765568126802,CH1,POWER,3.25
1765568126810,CH1,POWER,3.25
1765568126815,CH1,POWER,3.25
1765568126822,CH1,POWER,3.25
1765568126827,CH1,POWER,3.25
1765568126832,CH1,POWER,3.25
1765568126838,CH1,POWER,3.25
1765568126842,CH1,POWER,3.25
1765568126847,CH1,POWER,3.25
1765568126852,CH1,POWER,3.25
1765568126857,CH1,POWER,3.25
1765568126862,CH1,POWER,3.25
1765568126870,CH1,POWER,3.25
1765568126875,CH1,POWER,3.25
1765568126882,CH1,POWER,3.25
1765568126890,CH1,POWER,3.25
1765568126895,CH1,POWER,3.25
1765568126902,CH1,POWER,3.25
1765568126907,CH1,POWER,3.25
1765568126912,CH1,POWER,3.25
1765568126917,CH1,POWER,3.25
1765568126922,CH1,POWER,3.25
1765568126927,CH1,POWER,3.25
1765568126932,CH1,POWER,3.25
1765568126936,CH1,POWER,3.25
1765568126942,CH1,POWER,3.25
1765568126947,CH1,POWER,3.25
1765568126952,CH1,POWER,3.25
1765568126955,CH1,POWER,3.30
1765568126981,CH1,POWER,3.30
1765568126986,CH1,POWER,3.30
1765568126991,CH1,POWER,3.30
1765568126995,CH1,POWER,3.30
1765568127000,CH1,POWER,3.30
1765568127004,CH1,POWER,3.30
1765568127008,CH1,POWER,3.30
1765568127013,CH1,POWER,3.30
1765568127017,CH1,POWER,3.30
1765568127021,CH1,POWER,3.30
1765568127025,CH1,POWER,3.30
1765568127032,CH1,POWER,3.30
1765568127038,CH1,POWER,3.30
1765568127043,CH1,POWER,3.30
1765568127047,CH1,POWER,3.30
1765568127054,CH1,POWER,3.30
1765568127060,CH1,POWER,3.30
1765568127064,CH1,POWER,3.30
1765568127072,CH1,POWER,3.30
1765568127077,CH1,POWER,3.30
1765568127081,CH1,POWER,3.30
1765568127086,CH1,POWER,3.30
1765568127092,CH1,POWER,3.30
1765568127097,CH1,POWER,3.30
1765568127104,CH1,POWER,3.30
1765568127110,CH1,POWER,3.30
1765568127114,CH1,POWER,3.30
1765568127118,CH1,POWER,3.30
1765568127124,CH1,POWER,3.30
1765568127129,CH1,POWER,3.30
1765568127134,CH1,POWER,3.30
1765568127139,CH1,POWER,3.30
1765568127144,CH1,POWER,3.30
1765568127148,CH1,POWER,3.30
1765568127154,CH1,POWER,3.30
1765568127158,CH1,POWER,3.30
1765568127164,CH1,POWER,3.30
1765568127168,CH1,POWER,3.30
1765568127174,CH1,POWER,3.30
1765568127179,CH1,POWER,3.30
1765568127184,CH1,POWER,3.30
1765568127189,CH1,POWER,3.30
1765568127194,CH1,POWER,3.30
1765568127198,CH1,POWER,3.30
1765568127204,CH1,POWER,3.30
1765568127209,CH1,POWER,3.30
1765568127214,CH1,POWER,3.30
1765568127218,CH1,POWER,3.30
1765568127224,CH1,POWER,3.30
1765568127228,CH1,POWER,3.30
1765568127234,CH1,POWER,3.30
1765568127238,CH1,POWER,3.30
1765568127244,CH1,POWER,3.30
1765568127249,CH1,POWER,3.30
1765568127254,CH1,POWER,3.30
1765568127258,CH1,POWER,3.30
1765568127264,CH1,POWER,3.30
1765568127269,CH1,POWER,3.30
1765568127274,CH1,POWER,3.30
1765568127279,CH1,POWER,3.30
1765568127284,CH1,POWER,3.30
1765568127290,CH1,POWER,3.30
1765568127294,CH1,POWER,3.30
1765568127298,CH1,POWER,3.30
1765568127303,CH1,POWER,3.30
1765568127308,CH1,POWER,3.30
1765568127314,CH1,POWER,3.30
1765568127322,CH1,POWER,3.30
1765568127327,CH1,POWER,3.30
1765568127331,CH1,POWER,3.30
1765568127336,CH1,POWER,3.30
1765568127344,CH1,POWER,3.30
1765568127347,CH1,POWER,3.70
1765568127373,CH1,POWER,3.70
1765568127378,CH1,POWER,3.70
1765568127383,CH1,POWER,3.70
1765568127387,CH1,POWER,3.70
1765568127391,CH1,POWER,3.70
1765568127396,CH1,POWER,3.70
1765568127400,CH1,POWER,3.70
1765568127406,CH1,POWER,3.70
1765568127414,CH1,POWER,3.70
1765568127419,CH1,POWER,3.70
1765568127426,CH1,POWER,3.70
1765568127431,CH1,POWER,3.70
1765568127436,CH1,POWER,3.70
1765568127440,CH1,POWER,3.70
1765568127446,CH1,POWER,3.70
1765568127451,CH1,POWER,3.70
1765568127456,CH1,POWER,3.70
1765568127461,CH1,POWER,3.70
1765568127466,CH1,POWER,3.70
1765568127470,CH1,POWER,3.70
1765568127475,CH1,POWER,3.70
1765568127479,CH1,POWER,3.70
1765568127483,CH1,POWER,3.70
1765568127487,CH1,POWER,3.70
1765568127493,CH1,POWER,3.70
1765568127498,CH1,POWER,3.70
1765568127503,CH1,POWER,3.70
1765568127507,CH1,POWER,3.70
1765568127512,CH1,POWER,3.70
1765568127516,CH1,POWER,3.70
1765568127521,CH1,POWER,3.70
1765568127526,CH1,POWER,3.70
1765568127531,CH1,POWER,3.70
1765568127536,CH1,POWER,3.70
1765568127540,CH1,POWER,3.70
1765568127546,CH1,POWER,3.70
1765568127550,CH1,POWER,3.70
1765568127556,CH1,POWER,3.70
1765568127564,CH1,POWER,3.70
1765568127569,CH1,POWER,3.70
1765568127575,CH1,POWER,3.70
1765568127579,CH1,POWER,3.70
1765568127585,CH1,POWER,3.70
1765568127590,CH1,POWER,3.70
1765568127595,CH1,POWER,3.70
1765568127599,CH1,POWER,3.70
1765568127605,CH1,POWER,3.70
1765568127610,CH1,POWER,3.70
1765568127615,CH1,POWER,3.70
1765568127619,CH1,POWER,3.70
1765568127626,CH1,POWER,3.70
1765568127631,CH1,POWER,3.70
1765568127636,CH1,POWER,3.70
1765568127641,CH1,POWER,3.70
1765568127646,CH1,POWER,3.70
1765568127650,CH1,POWER,3.70
1765568127656,CH1,POWER,3.70
1765568127660,CH1,POWER,3.70
1765568127666,CH1,POWER,3.70
1765568127671,CH1,POWER,3.70
1765568127676,CH1,POWER,3.70
1765568127681,CH1,POWER,3.70
1765568127686,CH1,POWER,3.70
1765568127691,CH1,POWER,3.70
1765568127696,CH1,POWER,3.70
1765568127700,CH1,POWER,3.70
1765568127706,CH1,POWER,3.70
1765568127711,CH1,POWER,3.70
1765568127716,CH1,POWER,3.70
1765568127721,CH1,POWER,3.70
1765568127726,CH1,POWER,3.70
1765568127732,CH1,POWER,3.70
1765568127734,CH1,POWER,3.70
1765568127736,CH1,POWER,3.70
1765568127739,CH1,POWER,3.70
1765568127765,CH1,POWER,3.70
1765568127770,CH1,POWER,3.70
1765568127775,CH1,POWER,3.70
1765568127780,CH1,POWER,3.70
1765568127786,CH1,POWER,3.70
1765568127790,CH1,POWER,3.70
1765568127795,CH1,POWER,3.70
1765568127800,CH1,POWER,3.70
1765568127805,CH1,POWER,3.70
1765568127809,CH1,POWER,3.70
1765568127815,CH1,POWER,3.70
1765568127821,CH1,POWER,3.70
1765568127828,CH1,POWER,3.70
1765568127836,CH1,POWER,3.70
1765568127841,CH1,POWER,3.70
1765568127848,CH1,POWER,3.70
1765568127853,CH1,POWER,3.70
1765568127858,CH1,POWER,3.70
1765568127866,CH1,POWER,3.70
1765568127870,CH1,POWER,3.70
1765568127875,CH1,POWER,3.70
1765568127879,CH1,POWER,3.70
1765568127883,CH1,POWER,3.70
1765568127888,CH1,POWER,3.70
1765568127892,CH1,POWER,3.70
1765568127897,CH1,POWER,3.70
1765568127902,CH1,POWER,3.70
1765568127908,CH1,POWER,3.70
1765568127912,CH1,POWER,3.70
1765568127917,CH1,POWER,3.70
1765568127921,CH1,POWER,3.70
1765568127925,CH1,POWER,3.70
1765568127929,CH1,POWER,3.70
1765568127933,CH1,POWER,3.70
1765568127938,CH1,POWER,3.70
1765568127943,CH1,POWER,3.70
1765568127948,CH1,POWER,3.70
1765568127952,CH1,POWER,3.70
1765568127958,CH1,POWER,3.70
1765568127963,CH1,POWER,3.70
1765568127968,CH1,POWER,3.70
1765568127972,CH1,POWER,3.70
1765568127977,CH1,POWER,3.70
1765568127982,CH1,POWER,3.70
1765568127988,CH1,POWER,3.70
1765568127992,CH1,POWER,3.70
1765568127998,CH1,POWER,3.70
1765568128002,CH1,POWER,3.70
1765568128008,CH1,POWER,3.70
1765568128013,CH1,POWER,3.70
1765568128018,CH1,POWER,3.70
1765568128023,CH1,POWER,3.70
1765568128028,CH1,POWER,3.70
1765568128033,CH1,POWER,3.70
1765568128038,CH1,POWER,3.70
1765568128042,CH1,POWER,3.70
1765568128048,CH1,POWER,3.70
1765568128052,CH1,POWER,3.70
1765568128058,CH1,POWER,3.70
1765568128062,CH1,POWER,3.70
1765568128068,CH1,POWER,3.70
1765568128072,CH1,POWER,3.70
1765568128077,CH1,POWER,3.70
1765568128081,CH1,POWER,3.70
1765568128088,CH1,POWER,3.70
1765568128093,CH1,POWER,3.70
1765568128098,CH1,POWER,3.70
1765568128103,CH1,POWER,3.70
1765568128108,CH1,POWER,3.70
1765568128114,CH1,POWER,3.70
1765568128118,CH1,POWER,3.70
1765568128126,CH1,POWER,3.70
1765568128131,CH1,POWER,3.70
1765568128157,CH1,POWER,3.30
1765568128162,CH1,POWER,3.30
1765568128167,CH1,POWER,3.30
1765568128171,CH1,POWER,3.30
1765568128177,CH1,POWER,3.30
1765568128182,CH1,POWER,3.30
1765568128188,CH1,POWER,3.30
1765568128193,CH1,POWER,3.30
1765568128200,CH1,POWER,3.30
1765568128205,CH1,POWER,3.30
1765568128210,CH1,POWER,3.30
1765568128218,CH1,POWER,3.30
1765568128224,CH1,POWER,3.30
1765568128229,CH1,POWER,3.30
1765568128233,CH1,POWER,3.30
1765568128237,CH1,POWER,3.30
1765568128241,CH1,POWER,3.30
1765568128248,CH1,POWER,3.30
1765568128253,CH1,POWER,3.30
1765568128259,CH1,POWER,3.30
1765568128264,CH1,POWER,3.30
1765568128270,CH1,POWER,3.30
1765568128278,CH1,POWER,3.30
1765568128283,CH1,POWER,3.30
1765568128287,CH1,POWER,3.30
1765568128292,CH1,POWER,3.30
1765568128298,CH1,POWER,3.30
1765568128302,CH1,POWER,3.30
1765568128308,CH1,POWER,3.30
1765568128314,CH1,POWER,3.30
1765568128320,CH1,POWER,3.30
1765568128325,CH1,POWER,3.30
1765568128330,CH1,POWER,3.30
1765568128335,CH1,POWER,3.30
1765568128340,CH1,POWER,3.30
1765568128345,CH1,POWER,3.30
1765568128350,CH1,POWER,3.30
1765568128354,CH1,POWER,3.30
1765568128359,CH1,POWER,3.30
1765568128365,CH1,POWER,3.30
1765568128370,CH1,POWER,3.30
1765568128375,CH1,POWER,3.30
1765568128380,CH1,POWER,3.30
1765568128384,CH1,POWER,3.30
1765568128390,CH1,POWER,3.30
1765568128395,CH1,POWER,3.30
1765568128400,CH1,POWER,3.30
1765568128408,CH1,POWER,3.30
1765568128413,CH1,POWER,3.30
1765568128420,CH1,POWER,3.30
1765568128428,CH1,POWER,3.30
1765568128433,CH1,POWER,3.30
1765568128440,CH1,POWER,3.30
1765568128445,CH1,POWER,3.30
1765568128450,CH1,POWER,3.30
1765568128455,CH1,POWER,3.30
1765568128460,CH1,POWER,3.30
1765568128464,CH1,POWER,3.30
1765568128469,CH1,POWER,3.30
1765568128473,CH1,POWER,3.30
1765568128480,CH1,POWER,3.30
1765568128485,CH1,POWER,3.30
1765568128490,CH1,POWER,3.30
1765568128495,CH1,POWER,3.30
1765568128500,CH1,POWER,3.30
1765568128505,CH1,POWER,3.30
1765568128510,CH1,POWER,3.30
1765568128514,CH1,POWER,3.30
1765568128519,CH1,POWER,3.30
1765568128522,CH1,POWER,3.25
1765568128525,CH1,POWER,3.25
1765568128552,CH1,POWER,3.25
1765568128560,CH1,POWER,3.25
1765568128565,CH1,POWER,3.25
1765568128569,CH1,POWER,3.25
1765568128574,CH1,POWER,3.25
1765568128580,CH1,POWER,3.25
1765568128586,CH1,POWER,3.25
1765568128591,CH1,POWER,3.25
1765568128595,CH1,POWER,3.25
1765568128602,CH1,POWER,3.25
1765568128607,CH1,POWER,3.25
1765568128612,CH1,POWER,3.25
1765568128616,CH1,POWER,3.25
1765568128622,CH1,POWER,3.25
1765568128627,CH1,POWER,3.25
1765568128632,CH1,POWER,3.25
1765568128637,CH1,POWER,3.25
1765568128642,CH1,POWER,3.25
1765568128646,CH1,POWER,3.25
1765568128652,CH1,POWER,3.25
1765568128660,CH1,POWER,3.25
1765568128665,CH1,POWER,3.25
1765568128671,CH1,POWER,3.25
1765568128676,CH1,POWER,3.25
1765568128682,CH1,POWER,3.25
1765568128687,CH1,POWER,3.25
1765568128692,CH1,POWER,3.25
1765568128697,CH1,POWER,3.25
1765568128702,CH1,POWER,3.25
1765568128707,CH1,POWER,3.25
1765568128712,CH1,POWER,3.25
1765568128716,CH1,POWER,3.25
1765568128721,CH1,POWER,3.25
1765568128725,CH1,POWER,3.25
1765568128731,CH1,POWER,3.25
1765568128735,CH1,POWER,3.25
1765568128742,CH1,POWER,3.25
1765568128747,CH1,POWER,3.25
1765568128752,CH1,POWER,3.25
1765568128756,CH1,POWER,3.25
1765568128762,CH1,POWER,3.25
1765568128767,CH1,POWER,3.25
1765568128772,CH1,POWER,3.25
1765568128777,CH1,POWER,3.25
1765568128782,CH1,POWER,3.25
1765568128790,CH1,POWER,3.25
1765568128795,CH1,POWER,3.25
1765568128802,CH1,POWER,3.25
1765568128807,CH1,POWER,3.25
1765568128812,CH1,POWER,3.25
1765568128817,CH1,POWER,3.25
1765568128822,CH1,POWER,3.25
1765568128826,CH1,POWER,3.25
1765568128832,CH1,POWER,3.25
1765568128837,CH1,POWER,3.25
1765568128842,CH1,POWER,3.25
1765568128847,CH1,POWER,3.25
1765568128852,CH1,POWER,3.25
1765568128857,CH1,POWER,3.25
1765568128862,CH1,POWER,3.25
1765568128867,CH1,POWER,3.25
1765568128872,CH1,POWER,3.25
1765568128877,CH1,POWER,3.25
1765568128882,CH1,POWER,3.25
1765568128887,CH1,POWER,3.25
1765568128892,CH1,POWER,3.25
1765568128897,CH1,POWER,3.25
1765568128902,CH1,POWER,3.25
1765568128910,CH1,POWER,3.25
1765568128915,CH1,POWER,3.25
1765568128941,CH1,POWER,3.25
1765568128946,CH1,POWER,3.25
1765568128951,CH1,POWER,3.25
1765568128955,CH1,POWER,3.25
1765568128962,CH1,POWER,3.25
1765568128966,CH1,POWER,3.25
1765568128974,CH1,POWER,3.25
1765568128979,CH1,POWER,3.25
1765568128984,CH1,POWER,3.25
1765568128989,CH1,POWER,3.25
1765568128994,CH1,POWER,3.25
1765568128998,CH1,POWER,3.25
1765568129004,CH1,POWER,3.25
1765568129008,CH1,POWER,3.25
1765568129013,CH1,POWER,3.25
1765568129018,CH1,POWER,3.25
1765568129023,CH1,POWER,3.25
1765568129027,CH1,POWER,3.25
1765568129031,CH1,POWER,3.25
1765568129036,CH1,POWER,3.25
1765568129041,CH1,POWER,3.25
1765568129047,CH1,POWER,3.25
1765568129054,CH1,POWER,3.25
1765568129059,CH1,POWER,3.25
1765568129064,CH1,POWER,3.25
1765568129072,CH1,POWER,3.25
1765568129077,CH1,POWER,3.25
1765568129084,CH1,POWER,3.25
1765568129089,CH1,POWER,3.25
1765568129094,CH1,POWER,3.25
1765568129102,CH1,POWER,3.25
1765568129106,CH1,POWER,3.25
1765568129111,CH1,POWER,3.25
1765568129117,CH1,POWER,3.25
1765568129124,CH1,POWER,3.25
1765568129129,CH1,POWER,3.25
1765568129134,CH1,POWER,3.25
1765568129139,CH1,POWER,3.25
1765568129144,CH1,POWER,3.25
1765568129152,CH1,POWER,3.25
1765568129157,CH1,POWER,3.25
1765568129164,CH1,POWER,3.25
1765568129172,CH1,POWER,3.25
1765568129176,CH1,POWER,3.25
1765568129184,CH1,POWER,3.25
1765568129189,CH1,POWER,3.25
1765568129194,CH1,POWER,3.25
1765568129202,CH1,POWER,3.25
1765568129207,CH1,POWER,3.25
1765568129214,CH1,POWER,3.25
1765568129219,CH1,POWER,3.25
1765568129224,CH1,POWER,3.25
1765568129232,CH1,POWER,3.25
1765568129238,CH1,POWER,3.25
1765568129243,CH1,POWER,3.25
1765568129248,CH1,POWER,3.25
1765568129254,CH1,POWER,3.25
1765568129258,CH1,POWER,3.25
1765568129263,CH1,POWER,3.25
1765568129267,CH1,POWER,3.25
1765568129273,CH1,POWER,3.25
1765568129277,CH1,POWER,3.25
1765568129284,CH1,POWER,3.25
1765568129288,CH1,POWER,3.25
1765568129294,CH1,POWER,3.25
1765568129298,CH1,POWER,3.25
1765568129326,CH1,POWER,3.25
1765568129331,CH1,POWER,3.25
1765568129336,CH1,POWER,3.25
1765568129344,CH1,POWER,3.25
1765568129349,CH1,POWER,3.25
1765568129356,CH1,POWER,3.25
1765568129360,CH1,POWER,3.25
1765568129365,CH1,POWER,3.25
1765568129371,CH1,POWER,3.25
1765568129376,CH1,POWER,3.25
1765568129381,CH1,POWER,3.25
1765568129386,CH1,POWER,3.25
1765568129391,CH1,POWER,3.25
1765568129396,CH1,POWER,3.25
1765568129400,CH1,POWER,3.25
1765568129406,CH1,POWER,3.25
1765568129410,CH1,POWER,3.25
1765568129416,CH1,POWER,3.25
1765568129424,CH1,POWER,3.25
1765568129429,CH1,POWER,3.25
1765568129436,CH1,POWER,3.25
1765568129444,CH1,POWER,3.25
1765568129449,CH1,POWER,3.25
1765568129456,CH1,POWER,3.25
1765568129461,CH1,POWER,3.25
1765568129466,CH1,POWER,3.25
1765568129474,CH1,POWER,3.25
1765568129479,CH1,POWER,3.25
1765568129486,CH1,POWER,3.25
1765568129490,CH1,POWER,3.25
1765568129495,CH1,POWER,3.25
1765568129499,CH1,POWER,3.25
1765568129506,CH1,POWER,3.25
1765568129511,CH1,POWER,3.25
1765568129516,CH1,POWER,3.25
1765568129521,CH1,POWER,3.25
1765568129526,CH1,POWER,3.25
1765568129531,CH1,POWER,3.25
1765568129536,CH1,POWER,3.25
1765568129540,CH1,POWER,3.25
1765568129546,CH1,POWER,3.25
1765568129550,CH1,POWER,3.25
1765568129556,CH1,POWER,3.25
1765568129560,CH1,POWER,3.25
1765568129566,CH1,POWER,3.25
1765568129571,CH1,POWER,3.25
1765568129576,CH1,POWER,3.25
1765568129580,CH1,POWER,3.25
1765568129586,CH1,POWER,3.25
1765568129594,CH1,POWER,3.25
1765568129598,CH1,POWER,3.25
1765568129603,CH1,POWER,3.25
1765568129607,CH1,POWER,3.25
1765568129613,CH1,POWER,3.25
1765568129618,CH1,POWER,3.25
1765568129626,CH1,POWER,3.25
1765568129634,CH1,POWER,3.25
1765568129639,CH1,POWER,3.25
1765568129643,CH1,POWER,3.25
1765568129649,CH1,POWER,3.25
1765568129653,CH1,POWER,3.25
1765568129657,CH1,POWER,3.25
1765568129661,CH1,POWER,3.25
1765568129665,CH1,POWER,3.25
1765568129670,CH1,POWER,3.25
1765568129676,CH1,POWER,3.25
1765568129684,CH1,POWER,3.25
1765568129686,CH1,POWER,3.30
1765568129689,CH1,POWER,3.30
1765568129715,CH1,POWER,3.30
1765568129720,CH1,POWER,3.30
1765568129725,CH1,POWER,3.30
1765568129729,CH1,POWER,3.30
1765568129736,CH1,POWER,3.30
1765568129740,CH1,POWER,3.30
1765568129745,CH1,POWER,3.30
1765568129749,CH1,POWER,3.30
1765568129755,CH1,POWER,3.30
1765568129760,CH1,POWER,3.30
1765568129768,CH1,POWER,3.30
1765568129773,CH1,POWER,3.30
1765568129778,CH1,POWER,3.30
1765568129782,CH1,POWER,3.30
1765568129788,CH1,POWER,3.30
1765568129793,CH1,POWER,3.30
1765568129798,CH1,POWER,3.30
1765568129802,CH1,POWER,3.30
1765568129807,CH1,POWER,3.30
1765568129811,CH1,POWER,3.30
1765568129817,CH1,POWER,3.30
1765568129822,CH1,POWER,3.30
1765568129828,CH1,POWER,3.30
1765568129833,CH1,POWER,3.30
1765568129838,CH1,POWER,3.30
1765568129843,CH1,POWER,3.30
1765568129848,CH1,POWER,3.30
1765568129853,CH1,POWER,3.30
1765568129858,CH1,POWER,3.30
1765568129865,CH1,POWER,3.30
1765568129870,CH1,POWER,3.30
1765568129878,CH1,POWER,3.30
1765568129883,CH1,POWER,3.30
1765568129888,CH1,POWER,3.30
1765568129893,CH1,POWER,3.30
1765568129898,CH1,POWER,3.30
1765568129906,CH1,POWER,3.30
1765568129911,CH1,POWER,3.30
1765568129918,CH1,POWER,3.30
1765568129923,CH1,POWER,3.30
1765568129928,CH1,POWER,3.30
1765568129933,CH1,POWER,3.30
1765568129938,CH1,POWER,3.30
1765568129943,CH1,POWER,3.30
1765568129948,CH1,POWER,3.30
1765568129955,CH1,POWER,3.30
1765568129960,CH1,POWER,3.30
1765568129965,CH1,POWER,3.30
1765568129969,CH1,POWER,3.30
1765568129976,CH1,POWER,3.30
1765568129981,CH1,POWER,3.30
1765568129988,CH1,POWER,3.30
1765568129992,CH1,POWER,3.30
1765568129997,CH1,POWER,3.30
1765568130003,CH1,POWER,3.30
1765568130008,CH1,POWER,3.30
1765568130016,CH1,POWER,3.30
1765568130021,CH1,POWER,3.30
1765568130025,CH1,POWER,3.30
1765568130030,CH1,POWER,3.30
1765568130035,CH1,POWER,3.30
1765568130040,CH1,POWER,3.30
1765568130046,CH1,POWER,3.30
1765568130051,CH1,POWER,3.30
1765568130058,CH1,POWER,3.30
1765568130066,CH1,POWER,3.30
1765568130071,CH1,POWER,3.30
1765568130076,CH1,POWER,3.30
1765568130079,CH1,POWER,3.55
1765568130081,CH1,POWER,3.55
1765568130107,CH1,POWER,3.55
1765568130112,CH1,POWER,3.55
1765568130117,CH1,POWER,3.55
1765568130123,CH1,POWER,3.55
1765568130127,CH1,POWER,3.55
1765568130133,CH1,POWER,3.55
1765568130137,CH1,POWER,3.55
1765568130143,CH1,POWER,3.55
1765568130149,CH1,POWER,3.55
1765568130154,CH1,POWER,3.55
1765568130159,CH1,POWER,3.55
1765568130165,CH1,POWER,3.55
1765568130170,CH1,POWER,3.55
1765568130178,CH1,POWER,3.55
1765568130183,CH1,POWER,3.55
1765568130189,CH1,POWER,3.55
1765568130194,CH1,POWER,3.55
1765568130199,CH1,POWER,3.55
1765568130204,CH1,POWER,3.55
1765568130209,CH1,POWER,3.55
1765568130214,CH1,POWER,3.55
1765568130219,CH1,POWER,3.55
1765568130224,CH1,POWER,3.55
1765568130229,CH1,POWER,3.55
1765568130233,CH1,POWER,3.55
1765568130240,CH1,POWER,3.55
1765568130248,CH1,POWER,3.55
1765568130253,CH1,POWER,3.55
1765568130260,CH1,POWER,3.55
1765568130268,CH1,POWER,3.55
1765568130273,CH1,POWER,3.55
1765568130280,CH1,POWER,3.55
1765568130285,CH1,POWER,3.55
1765568130290,CH1,POWER,3.55
1765568130295,CH1,POWER,3.55
1765568130300,CH1,POWER,3.55
1765568130308,CH1,POWER,3.55
1765568130313,CH1,POWER,3.55
1765568130319,CH1,POWER,3.55
1765568130324,CH1,POWER,3.55
1765568130330,CH1,POWER,3.55
1765568130335,CH1,POWER,3.55
1765568130340,CH1,POWER,3.55
1765568130345,CH1,POWER,3.55
1765568130350,CH1,POWER,3.55
1765568130355,CH1,POWER,3.55
1765568130360,CH1,POWER,3.55
1765568130368,CH1,POWER,3.55
1765568130373,CH1,POWER,3.55
1765568130380,CH1,POWER,3.55
1765568130385,CH1,POWER,3.55
1765568130390,CH1,POWER,3.55
1765568130395,CH1,POWER,3.55
1765568130400,CH1,POWER,3.55
1765568130404,CH1,POWER,3.55
1765568130409,CH1,POWER,3.55
1765568130413,CH1,POWER,3.55
1765568130419,CH1,POWER,3.55
1765568130424,CH1,POWER,3.55
1765568130430,CH1,POWER,3.55
1765568130435,CH1,POWER,3.55
1765568130440,CH1,POWER,3.55
1765568130445,CH1,POWER,3.55
1765568130450,CH1,POWER,3.55
1765568130458,CH1,POWER,3.55
1765568130463,CH1,POWER,3.55
1765568130491,CH1,POWER,3.40
1765568130496,CH1,POWER,3.40
1765568130501,CH1,POWER,3.40
1765568130505,CH1,POWER,3.40
1765568130512,CH1,POWER,3.40
1765568130516,CH1,POWER,3.40
1765568130521,CH1,POWER,3.40
1765568130525,CH1,POWER,3.40
1765568130532,CH1,POWER,3.40
1765568130537,CH1,POWER,3.40
1765568130542,CH1,POWER,3.40
1765568130547,CH1,POWER,3.40
1765568130552,CH1,POWER,3.40
1765568130557,CH1,POWER,3.40
1765568130561,CH1,POWER,3.40
1765568130566,CH1,POWER,3.40
1765568130571,CH1,POWER,3.40
1765568130576,CH1,POWER,3.40
1765568130582,CH1,POWER,3.40
1765568130587,CH1,POWER,3.40
1765568130592,CH1,POWER,3.40
1765568130596,CH1,POWER,3.40
1765568130602,CH1,POWER,3.40
1765568130607,CH1,POWER,3.40
1765568130612,CH1,POWER,3.40
1765568130617,CH1,POWER,3.40
1765568130622,CH1,POWER,3.40
1765568130627,CH1,POWER,3.40
1765568130632,CH1,POWER,3.40
1765568130637,CH1,POWER,3.40
1765568130642,CH1,POWER,3.40
1765568130647,CH1,POWER,3.40
1765568130652,CH1,POWER,3.40
1765568130657,CH1,POWER,3.40
1765568130662,CH1,POWER,3.40
1765568130666,CH1,POWER,3.40
1765568130670,CH1,POWER,3.40
1765568130675,CH1,POWER,3.40
1765568130681,CH1,POWER,3.40
1765568130686,CH1,POWER,3.40
1765568130692,CH1,POWER,3.40
1765568130697,CH1,POWER,3.40
1765568130702,CH1,POWER,3.40
1765568130707,CH1,POWER,3.40
1765568130712,CH1,POWER,3.40
1765568130717,CH1,POWER,3.40
1765568130721,CH1,POWER,3.40
1765568130726,CH1,POWER,3.40
1765568130731,CH1,POWER,3.40
1765568130735,CH1,POWER,3.40
1765568130742,CH1,POWER,3.40
1765568130747,CH1,POWER,3.40
1765568130751,CH1,POWER,3.40
1765568130755,CH1,POWER,3.40
1765568130762,CH1,POWER,3.40
1765568130766,CH1,POWER,3.40
1765568130771,CH1,POWER,3.40
1765568130775,CH1,POWER,3.40
1765568130782,CH1,POWER,3.40
1765568130787,CH1,POWER,3.40
1765568130791,CH1,POWER,3.40
1765568130795,CH1,POWER,3.40
1765568130802,CH1,POWER,3.40
1765568130807,CH1,POWER,3.40
1765568130811,CH1,POWER,3.40
1765568130816,CH1,POWER,3.40
1765568130821,CH1,POWER,3.40
1765568130825,CH1,POWER,3.40
1765568130832,CH1,POWER,3.40
1765568130837,CH1,POWER,3.40
1765568130841,CH1,POWER,3.40
1765568130846,CH1,POWER,3.40
1765568130851,CH1,POWER,3.40
1765568130853,CH1,POWER,2.90
1765568130855,CH1,POWER,2.90
1765568130883,CH1,POWER,2.90
1765568130888,CH1,POWER,2.90
1765568130892,CH1,POWER,2.90
1765568130897,CH1,POWER,2.90
1765568130904,CH1,POWER,2.90
1765568130909,CH1,POWER,2.90
1765568130914,CH1,POWER,2.90
1765568130919,CH1,POWER,2.90
1765568130924,CH1,POWER,2.90
1765568130929,CH1,POWER,2.90
1765568130934,CH1,POWER,2.90
1765568130939,CH1,POWER,2.90
1765568130944,CH1,POWER,2.90
1765568130952,CH1,POWER,2.90
1765568130957,CH1,POWER,2.90
1765568130963,CH1,POWER,2.90
1765568130968,CH1,POWER,2.90
1765568130973,CH1,POWER,2.90
1765568130978,CH1,POWER,2.90
1765568130984,CH1,POWER,2.90
1765568130992,CH1,POWER,2.90
1765568130997,CH1,POWER,2.90
1765568131004,CH1,POWER,2.90
1765568131009,CH1,POWER,2.90
1765568131014,CH1,POWER,2.90
1765568131022,CH1,POWER,2.90
1765568131027,CH1,POWER,2.90
1765568131034,CH1,POWER,2.90
1765568131039,CH1,POWER,2.90
1765568131044,CH1,POWER,2.90
1765568131049,CH1,POWER,2.90
1765568131054,CH1,POWER,2.90
1765568131062,CH1,POWER,2.90
1765568131067,CH1,POWER,2.90
1765568131073,CH1,POWER,2.90
1765568131078,CH1,POWER,2.90
1765568131084,CH1,POWER,2.90
1765568131089,CH1,POWER,2.90
1765568131094,CH1,POWER,2.90
1765568131099,CH1,POWER,2.90
1765568131104,CH1,POWER,2.90
1765568131109,CH1,POWER,2.90
1765568131114,CH1,POWER,2.90
1765568131119,CH1,POWER,2.90
1765568131124,CH1,POWER,2.90
1765568131131,CH1,POWER,2.90
1765568131136,CH1,POWER,2.90
1765568131140,CH1,POWER,2.90
1765568131145,CH1,POWER,2.90
1765568131152,CH1,POWER,2.90
1765568131157,CH1,POWER,2.90
1765568131164,CH1,POWER,2.90
1765568131168,CH1,POWER,2.90
1765568131173,CH1,POWER,2.90
1765568131179,CH1,POWER,2.90
1765568131184,CH1,POWER,2.90
1765568131189,CH1,POWER,2.90
1765568131194,CH1,POWER,2.90
1765568131199,CH1,POWER,2.90
1765568131203,CH1,POWER,2.90
1765568131208,CH1,POWER,2.90
1765568131213,CH1,POWER,2.90
1765568131218,CH1,POWER,2.90
1765568131224,CH1,POWER,2.90
1765568131232,CH1,POWER,2.90
1765568131237,CH1,POWER,2.90
1765568131241,CH1,POWER,2.80
1765568131244,CH1,POWER,2.80
1765568131246,CH1,POWER,2.80
1765568131273,CH1,POWER,2.80
1765568131278,CH1,POWER,2.80
1765568131283,CH1,POWER,2.80
1765568131288,CH1,POWER,2.80
1765568131292,CH1,POWER,2.80
1765568131297,CH1,POWER,2.80
1765568131304,CH1,POWER,2.80
1765568131310,CH1,POWER,2.80
1765568131315,CH1,POWER,2.80
1765568131320,CH1,POWER,2.80
1765568131326,CH1,POWER,2.80
1765568131331,CH1,POWER,2.80
1765568131335,CH1,POWER,2.80
1765568131340,CH1,POWER,2.80
1765568131345,CH1,POWER,2.80
1765568131351,CH1,POWER,2.80
1765568131356,CH1,POWER,2.80
1765568131364,CH1,POWER,2.80
1765568131368,CH1,POWER,2.80
1765568131373,CH1,POWER,2.80
1765568131378,CH1,POWER,2.80
1765568131386,CH1,POWER,2.80
1765568131391,CH1,POWER,2.80
1765568131396,CH1,POWER,2.80
1765568131404,CH1,POWER,2.80
1765568131409,CH1,POWER,2.80
1765568131413,CH1,POWER,2.80
1765568131418,CH1,POWER,2.80
1765568131424,CH1,POWER,2.80
1765568131429,CH1,POWER,2.80
1765568131435,CH1,POWER,2.80
1765568131441,CH1,POWER,2.80
1765568131446,CH1,POWER,2.80
1765568131451,CH1,POWER,2.80
1765568131455,CH1,POWER,2.80
1765568131460,CH1,POWER,2.80
1765568131465,CH1,POWER,2.80
1765568131470,CH1,POWER,2.80
1765568131476,CH1,POWER,2.80
1765568131481,CH1,POWER,2.80
1765568131485,CH1,POWER,2.80
1765568131490,CH1,POWER,2.80
1765568131495,CH1,POWER,2.80
1765568131500,CH1,POWER,2.80
1765568131504,CH1,POWER,2.80
1765568131509,CH1,POWER,2.80
1765568131515,CH1,POWER,2.80
1765568131520,CH1,POWER,2.80
1765568131526,CH1,POWER,2.80
1765568131531,CH1,POWER,2.80
1765568131535,CH1,POWER,2.80
1765568131540,CH1,POWER,2.80
1765568131546,CH1,POWER,2.80
1765568131554,CH1,POWER,2.80
1765568131560,CH1,POWER,2.80
1765568131564,CH1,POWER,2.80
1765568131568,CH1,POWER,2.80
1765568131572,CH1,POWER,2.80
1765568131576,CH1,POWER,2.80
1765568131581,CH1,POWER,2.80
1765568131586,CH1,POWER,2.80
1765568131591,CH1,POWER,2.80
1765568131596,CH1,POWER,2.80
1765568131601,CH1,POWER,2.80
1765568131605,CH1,POWER,2.80
1765568131609,CH1,POWER,2.80
1765568131615,CH1,POWER,2.80
1765568131619,CH1,POWER,2.80
1765568131626,CH1,POWER,2.80
1765568131631,CH1,POWER,2.80
1765568131635,CH1,POWER,3.25
1765568131637,CH1,POWER,3.25
1765568131639,CH1,POWER,3.25
1765568131667,CH1,POWER,3.25
1765568131672,CH1,POWER,3.25
1765568131676,CH1,POWER,3.25
1765568131681,CH1,POWER,3.25
1765568131688,CH1,POWER,3.25
1765568131696,CH1,POWER,3.25
1765568131701,CH1,POWER,3.25
1765568131708,CH1,POWER,3.25
1765568131716,CH1,POWER,3.25
1765568131721,CH1,POWER,3.25
1765568131727,CH1,POWER,3.25
1765568131732,CH1,POWER,3.25
1765568131737,CH1,POWER,3.25
1765568131741,CH1,POWER,3.25
1765568131747,CH1,POWER,3.25
1765568131751,CH1,POWER,3.25
1765568131757,CH1,POWER,3.25
1765568131762,CH1,POWER,3.25
1765568131766,CH1,POWER,3.25
1765568131771,CH1,POWER,3.25
1765568131777,CH1,POWER,3.25
1765568131783,CH1,POWER,3.25
1765568131788,CH1,POWER,3.25
1765568131793,CH1,POWER,3.25
1765568131797,CH1,POWER,3.25
1765568131802,CH1,POWER,3.25
1765568131807,CH1,POWER,3.25
1765568131812,CH1,POWER,3.25
1765568131816,CH1,POWER,3.25
1765568131820,CH1,POWER,3.25
1765568131828,CH1,POWER,3.25
1765568131833,CH1,POWER,3.25
1765568131837,CH1,POWER,3.25
1765568131842,CH1,POWER,3.25
1765568131848,CH1,POWER,3.25
1765568131853,CH1,POWER,3.25
1765568131858,CH1,POWER,3.25
1765568131863,CH1,POWER,3.25
1765568131868,CH1,POWER,3.25
1765568131876,CH1,POWER,3.25
1765568131881,CH1,POWER,3.25
1765568131888,CH1,POWER,3.25
1765568131893,CH1,POWER,3.25
1765568131898,CH1,POWER,3.25
1765568131903,CH1,POWER,3.25
1765568131908,CH1,POWER,3.25
1765568131913,CH1,POWER,3.25
1765568131917,CH1,POWER,3.25
1765568131924,CH1,POWER,3.25
1765568131930,CH1,POWER,3.25
1765568131934,CH1,POWER,3.25
1765568131939,CH1,POWER,3.25
1765568131945,CH1,POWER,3.25
1765568131950,CH1,POWER,3.25
1765568131955,CH1,POWER,3.25
1765568131961,CH1,POWER,3.25
1765568131967,CH1,POWER,3.25
1765568131972,CH1,POWER,3.25
1765568131977,CH1,POWER,3.25
1765568131981,CH1,POWER,3.25
1765568131987,CH1,POWER,3.25
1765568131992,CH1,POWER,3.25
1765568131996,CH1,POWER,3.25
1765568132001,CH1,POWER,3.25
1765568132007,CH1,POWER,3.25
1765568132012,CH1,POWER,3.25
1765568132016,CH1,POWER,3.25
1765568132021,CH1,POWER,3.25
1765568132028,CH1,POWER,3.25
1765568132031,CH1,POWER,3.65
1765568132059,CH1,POWER,3.65
1765568132064,CH1,POWER,3.65
1765568132068,CH1,POWER,3.65
1765568132072,CH1,POWER,3.65
1765568132080,CH1,POWER,3.65
1765568132085,CH1,POWER,3.65
1765568132090,CH1,POWER,3.65
1765568132095,CH1,POWER,3.65
1765568132099,CH1,POWER,3.65
1765568132104,CH1,POWER,3.65
1765568132108,CH1,POWER,3.65
1765568132113,CH1,POWER,3.65
1765568132120,CH1,POWER,3.65
1765568132128,CH1,POWER,3.65
1765568132133,CH1,POWER,3.65
1765568132139,CH1,POWER,3.65
1765568132144,CH1,POWER,3.65
1765568132150,CH1,POWER,3.65
1765568132155,CH1,POWER,3.65
1765568132159,CH1,POWER,3.65
1765568132165,CH1,POWER,3.65
1765568132170,CH1,POWER,3.65
1765568132175,CH1,POWER,3.65
1765568132180,CH1,POWER,3.65
1765568132185,CH1,POWER,3.65
1765568132189,CH1,POWER,3.65
1765568132198,CH1,POWER,3.65
1765568132204,CH1,POWER,3.65
1765568132209,CH1,POWER,3.65
1765568132215,CH1,POWER,3.65
1765568132219,CH1,POWER,3.65
1765568132228,CH1,POWER,3.65
1765568132233,CH1,POWER,3.65
1765568132240,CH1,POWER,3.65
1765568132245,CH1,POWER,3.65
1765568132250,CH1,POWER,3.65
1765568132255,CH1,POWER,3.65
1765568132259,CH1,POWER,3.65
1765568132263,CH1,POWER,3.65
1765568132270,CH1,POWER,3.65
1765568132275,CH1,POWER,3.65
1765568132280,CH1,POWER,3.65
1765568132288,CH1,POWER,3.65
1765568132293,CH1,POWER,3.65
1765568132300,CH1,POWER,3.65
1765568132305,CH1,POWER,3.65
1765568132309,CH1,POWER,3.65
1765568132315,CH1,POWER,3.65
1765568132320,CH1,POWER,3.65
1765568132325,CH1,POWER,3.65
1765568132330,CH1,POWER,3.65
1765568132335,CH1,POWER,3.65
1765568132339,CH1,POWER,3.65
1765568132345,CH1,POWER,3.65
1765568132350,CH1,POWER,3.65
1765568132355,CH1,POWER,3.65
1765568132359,CH1,POWER,3.65
1765568132364,CH1,POWER,3.65
1765568132368,CH1,POWER,3.65
1765568132373,CH1,POWER,3.65
1765568132380,CH1,POWER,3.65
1765568132385,CH1,POWER,3.65
1765568132390,CH1,POWER,3.65
1765568132395,CH1,POWER,3.65
1765568132399,CH1,POWER,3.65
1765568132403,CH1,POWER,3.65
1765568132409,CH1,POWER,3.65
1765568132413,CH1,POWER,3.65
1765568132419,CH1,POWER,3.65
1765568132422,CH1,POWER,3.25
1765568132449,CH1,POWER,3.25
1765568132454,CH1,POWER,3.25
1765568132458,CH1,POWER,3.25
1765568132462,CH1,POWER,3.25
1765568132468,CH1,POWER,3.25
1765568132472,CH1,POWER,3.25
1765568132477,CH1,POWER,3.25
1765568132482,CH1,POWER,3.25
1765568132487,CH1,POWER,3.25
1765568132492,CH1,POWER,3.25
1765568132497,CH1,POWER,3.25
1765568132502,CH1,POWER,3.25
1765568132507,CH1,POWER,3.25
1765568132511,CH1,POWER,3.25
1765568132515,CH1,POWER,3.25
1765568132521,CH1,POWER,3.25
1765568132525,CH1,POWER,3.25
1765568132531,CH1,POWER,3.25
1765568132540,CH1,POWER,3.25
1765568132545,CH1,POWER,3.25
1765568132551,CH1,POWER,3.25
1765568132555,CH1,POWER,3.25
1765568132561,CH1,POWER,3.25
1765568132567,CH1,POWER,3.25
1765568132572,CH1,POWER,3.25
1765568132577,CH1,POWER,3.25
1765568132581,CH1,POWER,3.25
1765568132587,CH1,POWER,3.25
1765568132591,CH1,POWER,3.25
1765568132599,CH1,POWER,3.25
1765568132603,CH1,POWER,3.25
1765568132609,CH1,POWER,3.25
1765568132616,CH1,POWER,3.25
1765568132620,CH1,POWER,3.25
1765568132627,CH1,POWER,3.25
1765568132632,CH1,POWER,3.25
1765568132639,CH1,POWER,3.25
1765568132645,CH1,POWER,3.25
1765568132652,CH1,POWER,3.25
1765568132657,CH1,POWER,3.25
1765568132662,CH1,POWER,3.25
1765568132667,CH1,POWER,3.25
1765568132671,CH1,POWER,3.25
1765568132679,CH1,POWER,3.25
1765568132683,CH1,POWER,3.25
1765568132692,CH1,POWER,3.25
1765568132697,CH1,POWER,3.25
1765568132702,CH1,POWER,3.25
1765568132707,CH1,POWER,3.25
1765568132711,CH1,POWER,3.25
1765568132720,CH1,POWER,3.25
1765568132724,CH1,POWER,3.25
1765568132731,CH1,POWER,3.25
1765568132735,CH1,POWER,3.25
1765568132742,CH1,POWER,3.25
1765568132747,CH1,POWER,3.25
1765568132751,CH1,POWER,3.25
1765568132760,CH1,POWER,3.25
1765568132765,CH1,POWER,3.25
1765568132771,CH1,POWER,3.25
1765568132775,CH1,POWER,3.25
1765568132781,CH1,POWER,3.25
1765568132785,CH1,POWER,3.25
1765568132790,CH1,POWER,3.25
1765568132797,CH1,POWER,3.25
1765568132802,CH1,POWER,3.25
1765568132831,CH1,POWER,3.25
1765568132837,CH1,POWER,3.25
1765568132844,CH1,POWER,3.25
1765568132849,CH1,POWER,3.25
1765568132853,CH1,POWER,3.25
1765568132857,CH1,POWER,3.25
1765568132864,CH1,POWER,3.25
1765568132869,CH1,POWER,3.25
1765568132874,CH1,POWER,3.25
1765568132879,CH1,POWER,3.25
1765568132884,CH1,POWER,3.25
1765568132889,CH1,POWER,3.25
1765568132893,CH1,POWER,3.25
1765568132897,CH1,POWER,3.25
1765568132904,CH1,POWER,3.25
1765568132909,CH1,POWER,3.25
1765568132913,CH1,POWER,3.25
1765568132917,CH1,POWER,3.25
1765568132923,CH1,POWER,3.25
1765568132932,CH1,POWER,3.25
1765568132937,CH1,POWER,3.25
1765568132943,CH1,POWER,3.25
1765568132948,CH1,POWER,3.25
1765568132952,CH1,POWER,3.25
1765568132959,CH1,POWER,3.25
1765568132963,CH1,POWER,3.25
1765568132968,CH1,POWER,3.25
1765568132972,CH1,POWER,3.25
1765568132979,CH1,POWER,3.25
1765568132983,CH1,POWER,3.25
1765568132992,CH1,POWER,3.25
1765568132996,CH1,POWER,3.25
1765568133003,CH1,POWER,3.25
1765568133007,CH1,POWER,3.25
1765568133014,CH1,POWER,3.25
1765568133019,CH1,POWER,3.25
1765568133024,CH1,POWER,3.25
1765568133029,CH1,POWER,3.25
1765568133033,CH1,POWER,3.25
1765568133037,CH1,POWER,3.25
1765568133044,CH1,POWER,3.25
1765568133049,CH1,POWER,3.25
1765568133053,CH1,POWER,3.25
1765568133057,CH1,POWER,3.25
1765568133064,CH1,POWER,3.25
1765568133069,CH1,POWER,3.25
1765568133073,CH1,POWER,3.25
1765568133079,CH1,POWER,3.25
1765568133083,CH1,POWER,3.25
1765568133087,CH1,POWER,3.25
1765568133093,CH1,POWER,3.25
1765568133097,CH1,POWER,3.25
1765568133104,CH1,POWER,3.25
1765568133109,CH1,POWER,3.25
1765568133114,CH1,POWER,3.25
1765568133119,CH1,POWER,3.25
1765568133123,CH1,POWER,3.25
1765568133131,CH1,POWER,3.25
1765568133137,CH1,POWER,3.25
1765568133144,CH1,POWER,3.25
1765568133149,CH1,POWER,3.25
1765568133153,CH1,POWER,3.25
1765568133157,CH1,POWER,3.25
1765568133162,CH1,POWER,3.25
1765568133169,CH1,POWER,3.25
1765568133173,CH1,POWER,3.25
1765568133177,CH1,POWER,3.25
1765568133183,CH1,POWER,3.25
1765568133187,CH1,POWER,3.25
1765568133194,CH1,POWER,3.25
1765568133198,CH1,POWER,3.25
1765568133224,CH1,POWER,3.25
1765568133229,CH1,POWER,3.25
1765568133235,CH1,POWER,3.25
1765568133239,CH1,POWER,3.25
1765568133246,CH1,POWER,3.25
1765568133251,CH1,POWER,3.25
1765568133256,CH1,POWER,3.25
1765568133261,CH1,POWER,3.25
1765568133266,CH1,POWER,3.25
1765568133271,CH1,POWER,3.25
1765568133275,CH1,POWER,3.25
1765568133279,CH1,POWER,3.25
1765568133285,CH1,POWER,3.25
1765568133289,CH1,POWER,3.25
1765568133294,CH1,POWER,3.25
1765568133299,CH1,POWER,3.25
1765568133305,CH1,POWER,3.25
1765568133314,CH1,POWER,3.25
1765568133318,CH1,POWER,3.25
1765568133325,CH1,POWER,3.25
1765568133329,CH1,POWER,3.25
1765568133335,CH1,POWER,3.25
1765568133339,CH1,POWER,3.25
1765568133345,CH1,POWER,3.25
1765568133349,CH1,POWER,3.25
1765568133355,CH1,POWER,3.25
1765568133361,CH1,POWER,3.25
1765568133365,CH1,POWER,3.25
1765568133369,CH1,POWER,3.25
1765568133375,CH1,POWER,3.25
1765568133384,CH1,POWER,3.25
1765568133388,CH1,POWER,3.25
1765568133395,CH1,POWER,3.25
1765568133399,CH1,POWER,3.25
1765568133406,CH1,POWER,3.25
1765568133411,CH1,POWER,3.25
1765568133415,CH1,POWER,3.25
1765568133419,CH1,POWER,3.25
1765568133425,CH1,POWER,3.25
1765568133430,CH1,POWER,3.25
1765568133434,CH1,POWER,3.25
1765568133439,CH1,POWER,3.25
1765568133446,CH1,POWER,3.25
1765568133451,CH1,POWER,3.25
1765568133456,CH1,POWER,3.25
1765568133461,CH1,POWER,3.25
1765568133465,CH1,POWER,3.25
1765568133473,CH1,POWER,3.25
1765568133477,CH1,POWER,3.25
1765568133484,CH1,POWER,3.25
1765568133488,CH1,POWER,3.25
1765568133495,CH1,POWER,3.25
1765568133499,CH1,POWER,3.25
1765568133506,CH1,POWER,3.25
1765568133511,CH1,POWER,3.25
1765568133515,CH1,POWER,3.25
1765568133519,CH1,POWER,3.25
1765568133525,CH1,POWER,3.25
1765568133531,CH1,POWER,3.25
1765568133535,CH1,POWER,3.25
1765568133539,CH1,POWER,3.25
1765568133545,CH1,POWER,3.25
1765568133551,CH1,POWER,3.25
1765568133555,CH1,POWER,3.25
1765568133559,CH1,POWER,3.25
1765568133565,CH1,POWER,3.25
1765568133571,CH1,POWER,3.25
1765568133575,CH1,POWER,3.25
1765568133580,CH1,POWER,3.25
1765568133584,CH1,POWER,3.25
1765568133588,CH1,POWER,3.25
1765568133592,CH1,POWER,3.25
1765568133595,CH1,POWER,3.25
1765568133597,CH1,POWER,3.25
1765568133600,CH1,POWER,3.25
1765568133628,CH1,POWER,3.25
1765568133633,CH1,POWER,3.25
1765568133637,CH1,POWER,3.25
1765568133641,CH1,POWER,3.25
1765568133647,CH1,POWER,3.25
1765568133653,CH1,POWER,3.25
1765568133657,CH1,POWER,3.25
1765568133663,CH1,POWER,3.25
1765568133667,CH1,POWER,3.25
1765568133671,CH1,POWER,3.25
1765568133677,CH1,POWER,3.25
1765568133682,CH1,POWER,3.25
1765568133686,CH1,POWER,3.25
1765568133693,CH1,POWER,3.25
1765568133697,CH1,POWER,3.25
1765568133703,CH1,POWER,3.25
1765568133707,CH1,POWER,3.25
1765568133712,CH1,POWER,3.25
1765568133716,CH1,POWER,3.25
1765568133723,CH1,POWER,3.25
1765568133728,CH1,POWER,3.25
1765568133733,CH1,POWER,3.25
1765568133737,CH1,POWER,3.25
1765568133743,CH1,POWER,3.25
1765568133747,CH1,POWER,3.25
1765568133751,CH1,POWER,3.25
1765568133758,CH1,POWER,3.25
1765568133763,CH1,POWER,3.25
1765568133767,CH1,POWER,3.25
1765568133775,CH1,POWER,3.25
1765568133782,CH1,POWER,3.25
1765568133786,CH1,POWER,3.25
1765568133790,CH1,POWER,3.25
1765568133797,CH1,POWER,3.25
1765568133803,CH1,POWER,3.25
1765568133807,CH1,POWER,3.25
1765568133811,CH1,POWER,3.25
1765568133817,CH1,POWER,3.25
1765568133821,CH1,POWER,3.25
1765568133827,CH1,POWER,3.25
1765568133833,CH1,POWER,3.25
1765568133837,CH1,POWER,3.25
1765568133841,CH1,POWER,3.25
1765568133848,CH1,POWER,3.25
1765568133853,CH1,POWER,3.25
1765568133858,CH1,POWER,3.25
1765568133863,CH1,POWER,3.25
1765568133867,CH1,POWER,3.25
1765568133875,CH1,POWER,3.25
1765568133881,CH1,POWER,3.25
1765568133887,CH1,POWER,3.25
1765568133893,CH1,POWER,3.25
1765568133897,CH1,POWER,3.25
1765568133903,CH1,POWER,3.25
1765568133907,CH1,POWER,3.25
1765568133915,CH1,POWER,3.25
1765568133919,CH1,POWER,3.25
1765568133924,CH1,POWER,3.25
1765568133929,CH1,POWER,3.25
1765568133937,CH1,POWER,3.25
1765568133941,CH1,POWER,3.25
1765568133947,CH1,POWER,3.25
1765568133953,CH1,POWER,3.25
1765568133957,CH1,POWER,3.25
1765568133963,CH1,POWER,3.25
1765568133967,CH1,POWER,3.25
1765568133976,CH1,POWER,3.25
1765568133980,CH1,POWER,3.25
1765568133988,CH1,POWER,3.25
1765568133991,CH1,POWER,3.60
1765568134016,CH1,POWER,3.60
1765568134021,CH1,POWER,3.60
1765568134026,CH1,POWER,3.60
1765568134031,CH1,POWER,3.60
1765568134037,CH1,POWER,3.60
1765568134041,CH1,POWER,3.60
1765568134048,CH1,POWER,3.60
1765568134052,CH1,POWER,3.60
1765568134059,CH1,POWER,3.60
1765568134063,CH1,POWER,3.60
1765568134069,CH1,POWER,3.60
1765568134073,CH1,POWER,3.60
1765568134078,CH1,POWER,3.60
1765568134083,CH1,POWER,3.60
1765568134089,CH1,POWER,3.60
1765568134098,CH1,POWER,3.60
1765568134102,CH1,POWER,3.60
1765568134109,CH1,POWER,3.60
1765568134113,CH1,POWER,3.60
1765568134119,CH1,POWER,3.60
1765568134123,CH1,POWER,3.60
1765568134130,CH1,POWER,3.60
1765568134135,CH1,POWER,3.60
1765568134139,CH1,POWER,3.60
1765568134143,CH1,POWER,3.60
1765568134150,CH1,POWER,3.60
1765568134155,CH1,POWER,3.60
1765568134159,CH1,POWER,3.60
1765568134163,CH1,POWER,3.60
1765568134169,CH1,POWER,3.60
1765568134173,CH1,POWER,3.60
1765568134179,CH1,POWER,3.60
1765568134183,CH1,POWER,3.60
1765568134189,CH1,POWER,3.60
1765568134195,CH1,POWER,3.60
1765568134199,CH1,POWER,3.60
1765568134205,CH1,POWER,3.60
1765568134209,CH1,POWER,3.60
1765568134218,CH1,POWER,3.60
1765568134222,CH1,POWER,3.60
1765568134226,CH1,POWER,3.60
1765568134230,CH1,POWER,3.60
1765568134235,CH1,POWER,3.60
1765568134239,CH1,POWER,3.60
1765568134243,CH1,POWER,3.60
1765568134249,CH1,POWER,3.60
1765568134253,CH1,POWER,3.60
1765568134258,CH1,POWER,3.60
1765568134262,CH1,POWER,3.60
1765568134266,CH1,POWER,3.60
1765568134270,CH1,POWER,3.60
1765568134275,CH1,POWER,3.60
1765568134279,CH1,POWER,3.60
1765568134283,CH1,POWER,3.60
1765568134289,CH1,POWER,3.60
1765568134293,CH1,POWER,3.60
1765568134299,CH1,POWER,3.60
1765568134303,CH1,POWER,3.60
1765568134309,CH1,POWER,3.60
1765568134313,CH1,POWER,3.60
1765568134319,CH1,POWER,3.60
1765568134323,CH1,POWER,3.60
1765568134328,CH1,POWER,3.60
1765568134335,CH1,POWER,3.60
1765568134340,CH1,POWER,3.60
1765568134345,CH1,POWER,3.60
1765568134349,CH1,POWER,3.60
1765568134357,CH1,POWER,3.60
1765568134361,CH1,POWER,3.60
1765568134367,CH1,POWER,3.60
1765568134372,CH1,POWER,3.60
1765568134378,CH1,POWER,3.60
1765568134382,CH1,POWER,3.60
1765568134385,CH1,POWER,3.70
1765568134388,CH1,POWER,3.70
1765568134391,CH1,POWER,3.70
1765568134393,CH1,POWER,3.70
1765568134420,CH1,POWER,3.70
1765568134425,CH1,POWER,3.70
1765568134430,CH1,POWER,3.70
1765568134435,CH1,POWER,3.70
1765568134440,CH1,POWER,3.70
1765568134447,CH1,POWER,3.70
1765568134451,CH1,POWER,3.70
1765568134457,CH1,POWER,3.70
1765568134461,CH1,POWER,3.70
1765568134467,CH1,POWER,3.70
1765568134471,CH1,POWER,3.70
1765568134475,CH1,POWER,3.70
1765568134481,CH1,POWER,3.70
1765568134485,CH1,POWER,3.70
1765568134491,CH1,POWER,3.70
1765568134497,CH1,POWER,3.70
1765568134501,CH1,POWER,3.70
1765568134505,CH1,POWER,3.70
1765568134511,CH1,POWER,3.70
1765568134517,CH1,POWER,3.70
1765568134521,CH1,POWER,3.70
1765568134527,CH1,POWER,3.70
1765568134531,CH1,POWER,3.70
1765568134539,CH1,POWER,3.70
1765568134544,CH1,POWER,3.70
1765568134551,CH1,POWER,3.70
1765568134557,CH1,POWER,3.70
1765568134561,CH1,POWER,3.70
1765568134567,CH1,POWER,3.70
1765568134571,CH1,POWER,3.70
1765568134575,CH1,POWER,3.70
1765568134580,CH1,POWER,3.70
1765568134585,CH1,POWER,3.70
1765568134590,CH1,POWER,3.70
1765568134594,CH1,POWER,3.70
1765568134601,CH1,POWER,3.70
1765568134609,CH1,POWER,3.70
1765568134614,CH1,POWER,3.70
1765568134621,CH1,POWER,3.70
1765568134625,CH1,POWER,3.70
1765568134630,CH1,POWER,3.70
1765568134634,CH1,POWER,3.70
1765568134641,CH1,POWER,3.70
1765568134645,CH1,POWER,3.70
1765568134651,CH1,POWER,3.70
1765568134657,CH1,POWER,3.70
1765568134661,CH1,POWER,3.70
1765568134665,CH1,POWER,3.70
1765568134671,CH1,POWER,3.70
1765568134677,CH1,POWER,3.70
1765568134681,CH1,POWER,3.70
1765568134685,CH1,POWER,3.70
1765568134691,CH1,POWER,3.70
1765568134697,CH1,POWER,3.70
1765568134701,CH1,POWER,3.70
1765568134707,CH1,POWER,3.70
1765568134711,CH1,POWER,3.70
1765568134719,CH1,POWER,3.70
1765568134724,CH1,POWER,3.70
1765568134731,CH1,POWER,3.70
1765568134737,CH1,POWER,3.70
1765568134741,CH1,POWER,3.70
1765568134747,CH1,POWER,3.70
1765568134751,CH1,POWER,3.70
1765568134755,CH1,POWER,3.70
1765568134761,CH1,POWER,3.70
1765568134765,CH1,POWER,3.70
1765568134770,CH1,POWER,3.70
1765568134777,CH1,POWER,3.70
1765568134781,CH1,POWER,3.70
1765568134787,CH1,POWER,3.70
1765568134789,CH1,POWER,3.25
1765568134792,CH1,POWER,3.25
1765568134794,CH1,POWER,3.25
1765568134820,CH1,POWER,3.25
1765568134825,CH1,POWER,3.25
1765568134830,CH1,POWER,3.25
1765568134834,CH1,POWER,3.25
1765568134839,CH1,POWER,3.25
1765568134843,CH1,POWER,3.25
1765568134847,CH1,POWER,3.25
1765568134852,CH1,POWER,3.25
1765568134856,CH1,POWER,3.25
1765568134862,CH1,POWER,3.25
1765568134869,CH1,POWER,3.25
1765568134873,CH1,POWER,3.25
1765568134877,CH1,POWER,3.25
1765568134883,CH1,POWER,3.25
1765568134887,CH1,POWER,3.25
1765568134893,CH1,POWER,3.25
1765568134897,CH1,POWER,3.25
1765568134903,CH1,POWER,3.25
1765568134907,CH1,POWER,3.25
1765568134913,CH1,POWER,3.25
1765568134919,CH1,POWER,3.25
1765568134923,CH1,POWER,3.25
1765568134929,CH1,POWER,3.25
1765568134933,CH1,POWER,3.25
1765568134939,CH1,POWER,3.25
1765568134943,CH1,POWER,3.25
1765568134947,CH1,POWER,3.25
1765568134953,CH1,POWER,3.25
1765568134961,CH1,POWER,3.25
1765568134966,CH1,POWER,3.25
1765568134973,CH1,POWER,3.25
1765568134977,CH1,POWER,3.25
1765568134982,CH1,POWER,3.25
1765568134987,CH1,POWER,3.25
1765568134992,CH1,POWER,3.25
1765568134997,CH1,POWER,3.25
1765568135003,CH1,POWER,3.25
1765568135011,CH1,POWER,3.25
1765568135016,CH1,POWER,3.25
1765568135023,CH1,POWER,3.25
1765568135029,CH1,POWER,3.25
1765568135033,CH1,POWER,3.25
1765568135039,CH1,POWER,3.25
1765568135043,CH1,POWER,3.25
1765568135049,CH1,POWER,3.25
1765568135053,CH1,POWER,3.25
1765568135057,CH1,POWER,3.25
1765568135063,CH1,POWER,3.25
1765568135067,CH1,POWER,3.25
1765568135073,CH1,POWER,3.25
1765568135079,CH1,POWER,3.25
1765568135083,CH1,POWER,3.25
1765568135087,CH1,POWER,3.25
1765568135092,CH1,POWER,3.25
1765568135099,CH1,POWER,3.25
1765568135103,CH1,POWER,3.25
1765568135109,CH1,POWER,3.25
1765568135113,CH1,POWER,3.25
1765568135117,CH1,POWER,3.25
1765568135122,CH1,POWER,3.25
1765568135126,CH1,POWER,3.25
1765568135133,CH1,POWER,3.25
1765568135141,CH1,POWER,3.25
1765568135146,CH1,POWER,3.25
1765568135153,CH1,POWER,3.25
1765568135157,CH1,POWER,3.25
1765568135162,CH1,POWER,3.25
1765568135169,CH1,POWER,3.25
1765568135173,CH1,POWER,3.25
1765568135179,CH1,POWER,3.25
1765568135183,CH1,POWER,3.25
1765568135187,CH1,POWER,3.25
1765568135192,CH1,POWER,3.25
1765568135194,CH1,POWER,3.25
1765568135197,CH1,POWER,3.25
1765568135224,CH1,POWER,3.25
1765568135229,CH1,POWER,3.25
1765568135234,CH1,POWER,3.25
1765568135238,CH1,POWER,3.25
1765568135245,CH1,POWER,3.25
1765568135251,CH1,POWER,3.25
1765568135255,CH1,POWER,3.25
1765568135261,CH1,POWER,3.25
1765568135265,CH1,POWER,3.25
1765568135269,CH1,POWER,3.25
1765568135274,CH1,POWER,3.25
1765568135278,CH1,POWER,3.25
1765568135282,CH1,POWER,3.25
1765568135286,CH1,POWER,3.25
1765568135291,CH1,POWER,3.25
1765568135295,CH1,POWER,3.25
1765568135299,CH1,POWER,3.25
1765568135304,CH1,POWER,3.25
1765568135308,CH1,POWER,3.25
1765568135312,CH1,POWER,3.25
1765568135316,CH1,POWER,3.25
1765568135323,CH1,POWER,3.25
1765568135327,CH1,POWER,3.25
1765568135332,CH1,POWER,3.25
1765568135337,CH1,POWER,3.25
1765568135343,CH1,POWER,3.25
1765568135347,CH1,POWER,3.25
1765568135353,CH1,POWER,3.25
1765568135358,CH1,POWER,3.25
1765568135364,CH1,POWER,3.25
1765568135369,CH1,POWER,3.25
1765568135375,CH1,POWER,3.25
1765568135379,CH1,POWER,3.25
1765568135385,CH1,POWER,3.25
1765568135389,CH1,POWER,3.25
1765568135395,CH1,POWER,3.25
1765568135401,CH1,POWER,3.25
1765568135405,CH1,POWER,3.25
1765568135411,CH1,POWER,3.25
1765568135415,CH1,POWER,3.25
1765568135421,CH1,POWER,3.25
1765568135425,CH1,POWER,3.25
1765568135429,CH1,POWER,3.25
1765568135435,CH1,POWER,3.25
1765568135439,CH1,POWER,3.25
1765568135445,CH1,POWER,3.25
1765568135449,CH1,POWER,3.25
1765568135455,CH1,POWER,3.25
1765568135461,CH1,POWER,3.25
1765568135465,CH1,POWER,3.25
1765568135469,CH1,POWER,3.25
1765568135475,CH1,POWER,3.25
1765568135481,CH1,POWER,3.25
1765568135485,CH1,POWER,3.25
1765568135491,CH1,POWER,3.25
1765568135495,CH1,POWER,3.25
1765568135499,CH1,POWER,3.25
1765568135504,CH1,POWER,3.25
1765568135508,CH1,POWER,3.25
1765568135512,CH1,POWER,3.25
1765568135517,CH1,POWER,3.25
1765568135523,CH1,POWER,3.25
1765568135528,CH1,POWER,3.25
1765568135532,CH1,POWER,3.25
1765568135536,CH1,POWER,3.25
1765568135542,CH1,POWER,3.25
1765568135546,CH1,POWER,3.25
1765568135551,CH1,POWER,3.25
1765568135555,CH1,POWER,3.25
1765568135559,CH1,POWER,3.25
1765568135564,CH1,POWER,3.25
1765568135569,CH1,POWER,3.25
1765568135574,CH1,POWER,3.25
1765568135579,CH1,POWER,3.25
1765568135585,CH1,POWER,3.25
1765568135589,CH1,POWER,3.25
1765568135617,CH1,POWER,3.65
1765568135623,CH1,POWER,3.65
1765568135627,CH1,POWER,3.65
1765568135631,CH1,POWER,3.65
1765568135637,CH1,POWER,3.65
1765568135643,CH1,POWER,3.65
1765568135647,CH1,POWER,3.65
1765568135653,CH1,POWER,3.65
1765568135657,CH1,POWER,3.65
1765568135661,CH1,POWER,3.65
1765568135667,CH1,POWER,3.65
1765568135671,CH1,POWER,3.65
1765568135676,CH1,POWER,3.65
1765568135680,CH1,POWER,3.65
1765568135687,CH1,POWER,3.65
1765568135691,CH1,POWER,3.65
1765568135696,CH1,POWER,3.65
1765568135701,CH1,POWER,3.65
1765568135706,CH1,POWER,3.65
1765568135710,CH1,POWER,3.65
1765568135717,CH1,POWER,3.65
1765568135721,CH1,POWER,3.65
1765568135726,CH1,POWER,3.65
1765568135730,CH1,POWER,3.65
1765568135734,CH1,POWER,3.65
1765568135739,CH1,POWER,3.65
1765568135744,CH1,POWER,3.65
1765568135748,CH1,POWER,3.65
1765568135755,CH1,POWER,3.65
1765568135759,CH1,POWER,3.65
1765568135764,CH1,POWER,3.65
1765568135768,CH1,POWER,3.65
1765568135775,CH1,POWER,3.65
1765568135780,CH1,POWER,3.65
1765568135787,CH1,POWER,3.65
1765568135791,CH1,POWER,3.65
1765568135797,CH1,POWER,3.65
1765568135803,CH1,POWER,3.65
1765568135807,CH1,POWER,3.65
1765568135811,CH1,POWER,3.65
1765568135817,CH1,POWER,3.65
1765568135825,CH1,POWER,3.65
1765568135830,CH1,POWER,3.65
1765568135834,CH1,POWER,3.65
1765568135839,CH1,POWER,3.65
1765568135845,CH1,POWER,3.65
1765568135849,CH1,POWER,3.65
1765568135855,CH1,POWER,3.65
1765568135860,CH1,POWER,3.65
1765568135866,CH1,POWER,3.65
1765568135870,CH1,POWER,3.65
1765568135874,CH1,POWER,3.65
1765568135878,CH1,POWER,3.65
1765568135884,CH1,POWER,3.65
1765568135888,CH1,POWER,3.65
1765568135895,CH1,POWER,3.65
1765568135900,CH1,POWER,3.65
1765568135906,CH1,POWER,3.65
1765568135911,CH1,POWER,3.65
1765568135917,CH1,POWER,3.65
1765568135923,CH1,POWER,3.65
1765568135927,CH1,POWER,3.65
1765568135933,CH1,POWER,3.65
1765568135937,CH1,POWER,3.65
1765568135941,CH1,POWER,3.65
1765568135946,CH1,POWER,3.65
1765568135953,CH1,POWER,3.65
1765568135957,CH1,POWER,3.65
1765568135961,CH1,POWER,3.65
1765568135966,CH1,POWER,3.65
1765568135973,CH1,POWER,3.65
1765568135977,CH1,POWER,3.65
1765568135982,CH1,POWER,3.70
1765568136009,CH1,POWER,3.70
1765568136015,CH1,POWER,3.70
1765568136019,CH1,POWER,3.70
1765568136023,CH1,POWER,3.70
1765568136028,CH1,POWER,3.70
1765568136032,CH1,POWER,3.70
1765568136036,CH1,POWER,3.70
1765568136040,CH1,POWER,3.70
1765568136045,CH1,POWER,3.70
1765568136049,CH1,POWER,3.70
1765568136055,CH1,POWER,3.70
1765568136059,CH1,POWER,3.70
1765568136065,CH1,POWER,3.70
1765568136069,CH1,POWER,3.70
1765568136073,CH1,POWER,3.70
1765568136079,CH1,POWER,3.70
1765568136085,CH1,POWER,3.70
1765568136089,CH1,POWER,3.70
1765568136095,CH1,POWER,3.70
1765568136099,CH1,POWER,3.70
1765568136103,CH1,POWER,3.70
1765568136109,CH1,POWER,3.70
1765568136113,CH1,POWER,3.70
1765568136119,CH1,POWER,3.70
1765568136127,CH1,POWER,3.70
1765568136131,CH1,POWER,3.70
1765568136137,CH1,POWER,3.70
1765568136141,CH1,POWER,3.70
1765568136147,CH1,POWER,3.70
1765568136152,CH1,POWER,3.70
1765568136156,CH1,POWER,3.70
1765568136162,CH1,POWER,3.70
1765568136169,CH1,POWER,3.70
1765568136173,CH1,POWER,3.70
1765568136178,CH1,POWER,3.70
1765568136182,CH1,POWER,3.70
1765568136186,CH1,POWER,3.70
1765568136192,CH1,POWER,3.70
1765568136196,CH1,POWER,3.70
1765568136202,CH1,POWER,3.70
1765568136209,CH1,POWER,3.70
1765568136213,CH1,POWER,3.70
1765568136218,CH1,POWER,3.70
1765568136222,CH1,POWER,3.70
1765568136226,CH1,POWER,3.70
1765568136230,CH1,POWER,3.70
1765568136236,CH1,POWER,3.70
1765568136240,CH1,POWER,3.70
1765568136247,CH1,POWER,3.70
1765568136251,CH1,POWER,3.70
1765568136256,CH1,POWER,3.70
1765568136260,CH1,POWER,3.70
1765568136264,CH1,POWER,3.70
1765568136269,CH1,POWER,3.70
1765568136275,CH1,POWER,3.70
1765568136279,CH1,POWER,3.70
1765568136285,CH1,POWER,3.70
1765568136289,CH1,POWER,3.70
1765568136295,CH1,POWER,3.70
1765568136299,CH1,POWER,3.70
1765568136305,CH1,POWER,3.70
1765568136309,CH1,POWER,3.70
1765568136315,CH1,POWER,3.70
1765568136319,CH1,POWER,3.70
1765568136325,CH1,POWER,3.70
1765568136329,CH1,POWER,3.70
1765568136333,CH1,POWER,3.70
1765568136338,CH1,POWER,3.70
1765568136343,CH1,POWER,3.70
1765568136349,CH1,POWER,3.70
1765568136353,CH1,POWER,3.70
1765568136358,CH1,POWER,3.70
1765568136362,CH1,POWER,3.70
1765568136366,CH1,POWER,3.70
1765568136371,CH1,POWER,3.70
1765568136377,CH1,POWER,3.70
1765568136382,CH1,POWER,3.70
1765568136408,CH1,POWER,3.25
1765568136413,CH1,POWER,3.25
1765568136418,CH1,POWER,3.25
1765568136422,CH1,POWER,3.25
1765568136427,CH1,POWER,3.25
1765568136431,CH1,POWER,3.25
1765568136439,CH1,POWER,3.25
1765568136444,CH1,POWER,3.25
1765568136451,CH1,POWER,3.25
1765568136455,CH1,POWER,3.25
1765568136460,CH1,POWER,3.25
1765568136465,CH1,POWER,3.25
1765568136470,CH1,POWER,3.25
1765568136475,CH1,POWER,3.25
1765568136480,CH1,POWER,3.25
1765568136485,CH1,POWER,3.25
1765568136491,CH1,POWER,3.25
1765568136495,CH1,POWER,3.25
1765568136501,CH1,POWER,3.25
1765568136505,CH1,POWER,3.25
1765568136511,CH1,POWER,3.25
1765568136517,CH1,POWER,3.25
1765568136521,CH1,POWER,3.25
1765568136527,CH1,POWER,3.25
1765568136531,CH1,POWER,3.25
1765568136535,CH1,POWER,3.25
1765568136540,CH1,POWER,3.25
1765568136544,CH1,POWER,3.25
1765568136551,CH1,POWER,3.25
1765568136555,CH1,POWER,3.25
1765568136560,CH1,POWER,3.25
1765568136564,CH1,POWER,3.25
1765568136568,CH1,POWER,3.25
1765568136572,CH1,POWER,3.25
1765568136578,CH1,POWER,3.25
1765568136582,CH1,POWER,3.25
1765568136589,CH1,POWER,3.25
1765568136593,CH1,POWER,3.25
1765568136598,CH1,POWER,3.25
1765568136602,CH1,POWER,3.25
1765568136609,CH1,POWER,3.25
1765568136615,CH1,POWER,3.25
1765568136621,CH1,POWER,3.25
1765568136627,CH1,POWER,3.25
1765568136631,CH1,POWER,3.25
1765568136639,CH1,POWER,3.25
1765568136643,CH1,POWER,3.25
1765568136648,CH1,POWER,3.25
1765568136652,CH1,POWER,3.25
1765568136659,CH1,POWER,3.25
1765568136664,CH1,POWER,3.25
1765568136671,CH1,POWER,3.25
1765568136677,CH1,POWER,3.25
1765568136681,CH1,POWER,3.25
1765568136687,CH1,POWER,3.25
1765568136691,CH1,POWER,3.25
1765568136695,CH1,POWER,3.25
1765568136701,CH1,POWER,3.25
1765568136707,CH1,POWER,3.25
1765568136711,CH1,POWER,3.25
1765568136715,CH1,POWER,3.25
1765568136720,CH1,POWER,3.25
1765568136725,CH1,POWER,3.25
1765568136731,CH1,POWER,3.25
1765568136735,CH1,POWER,3.25
1765568136741,CH1,POWER,3.25
1765568136747,CH1,POWER,3.25
1765568136751,CH1,POWER,3.25
1765568136755,CH1,POWER,3.25
1765568136761,CH1,POWER,3.25
1765568136767,CH1,POWER,3.25
1765568136771,CH1,POWER,3.25
1765568136774,CH1,POWER,3.30
1765568136800,CH1,POWER,3.30
1765568136806,CH1,POWER,3.30
1765568136812,CH1,POWER,3.30
1765568136816,CH1,POWER,3.30
1765568136820,CH1,POWER,3.30
1765568136824,CH1,POWER,3.30
1765568136831,CH1,POWER,3.30
1765568136836,CH1,POWER,3.30
1765568136842,CH1,POWER,3.30
1765568136847,CH1,POWER,3.30
1765568136853,CH1,POWER,3.30
1765568136859,CH1,POWER,3.30
1765568136863,CH1,POWER,3.30
1765568136867,CH1,POWER,3.30
1765568136873,CH1,POWER,3.30
1765568136881,CH1,POWER,3.30
1765568136886,CH1,POWER,3.30
1765568136890,CH1,POWER,3.30
1765568136895,CH1,POWER,3.30
1765568136901,CH1,POWER,3.30
1765568136906,CH1,POWER,3.30
1765568136913,CH1,POWER,3.30
1765568136921,CH1,POWER,3.30
1765568136926,CH1,POWER,3.30
1765568136930,CH1,POWER,3.30
1765568136935,CH1,POWER,3.30
1765568136941,CH1,POWER,3.30
1765568136945,CH1,POWER,3.30
1765568136950,CH1,POWER,3.30
1765568136954,CH1,POWER,3.30
1765568136959,CH1,POWER,3.30
1765568136963,CH1,POWER,3.30
1765568136971,CH1,POWER,3.30
1765568136976,CH1,POWER,3.30
1765568136980,CH1,POWER,3.30
1765568136984,CH1,POWER,3.30
1765568136990,CH1,POWER,3.30
1765568136995,CH1,POWER,3.30
1765568137001,CH1,POWER,3.30
1765568137005,CH1,POWER,3.30
1765568137013,CH1,POWER,3.30
1765568137019,CH1,POWER,3.30
1765568137023,CH1,POWER,3.30
1765568137027,CH1,POWER,3.30
1765568137033,CH1,POWER,3.30
1765568137041,CH1,POWER,3.30
1765568137047,CH1,POWER,3.30
1765568137052,CH1,POWER,3.30
1765568137056,CH1,POWER,3.30
1765568137063,CH1,POWER,3.30
1765568137067,CH1,POWER,3.30
1765568137073,CH1,POWER,3.30
1765568137081,CH1,POWER,3.30
1765568137086,CH1,POWER,3.30
1765568137093,CH1,POWER,3.30
1765568137097,CH1,POWER,3.30
1765568137102,CH1,POWER,3.30
1765568137107,CH1,POWER,3.30
1765568137112,CH1,POWER,3.30
1765568137116,CH1,POWER,3.30
1765568137120,CH1,POWER,3.30
1765568137124,CH1,POWER,3.30
1765568137131,CH1,POWER,3.30
1765568137135,CH1,POWER,3.30
1765568137143,CH1,POWER,3.30
1765568137151,CH1,POWER,3.30
1765568137156,CH1,POWER,3.30
1765568137160,CH1,POWER,3.30
1765568137163,CH1,POWER,3.30
1765568137166,CH1,POWER,3.30
1765568137192,CH1,POWER,3.30
1765568137197,CH1,POWER,3.30
1765568137202,CH1,POWER,3.30
1765568137208,CH1,POWER,3.30
1765568137215,CH1,POWER,3.30
1765568137220,CH1,POWER,3.30
1765568137225,CH1,POWER,3.30
1765568137229,CH1,POWER,3.30
1765568137235,CH1,POWER,3.30
1765568137240,CH1,POWER,3.30
1765568137245,CH1,POWER,3.30
1765568137250,CH1,POWER,3.30
1765568137255,CH1,POWER,3.30
1765568137259,CH1,POWER,3.30
1765568137264,CH1,POWER,3.30
1765568137269,CH1,POWER,3.30
1765568137275,CH1,POWER,3.30
1765568137279,CH1,POWER,3.30
1765568137285,CH1,POWER,3.30
1765568137293,CH1,POWER,3.30
1765568137298,CH1,POWER,3.30
1765568137305,CH1,POWER,3.30
1765568137309,CH1,POWER,3.30
1765568137314,CH1,POWER,3.30
1765568137319,CH1,POWER,3.30
1765568137325,CH1,POWER,3.30
1765568137331,CH1,POWER,3.30
1765568137335,CH1,POWER,3.30
1765568137339,CH1,POWER,3.30
1765568137345,CH1,POWER,3.30
1765568137353,CH1,POWER,3.30
1765568137358,CH1,POWER,3.30
1765568137362,CH1,POWER,3.30
1765568137367,CH1,POWER,3.30
1765568137373,CH1,POWER,3.30
1765568137378,CH1,POWER,3.30
1765568137385,CH1,POWER,3.30
1765568137393,CH1,POWER,3.30
1765568137398,CH1,POWER,3.30
1765568137405,CH1,POWER,3.30
1765568137411,CH1,POWER,3.30
1765568137415,CH1,POWER,3.30
1765568137421,CH1,POWER,3.30
1765568137425,CH1,POWER,3.30
1765568137433,CH1,POWER,3.30
1765568137439,CH1,POWER,3.30
1765568137444,CH1,POWER,3.30
1765568137448,CH1,POWER,3.30
1765568137454,CH1,POWER,3.30
1765568137461,CH1,POWER,3.30
1765568137465,CH1,POWER,3.30
1765568137469,CH1,POWER,3.30
1765568137475,CH1,POWER,3.30
1765568137481,CH1,POWER,3.30
1765568137485,CH1,POWER,3.30
1765568137493,CH1,POWER,3.30
1765568137498,CH1,POWER,3.30
1765568137505,CH1,POWER,3.30
1765568137511,CH1,POWER,3.30
1765568137515,CH1,POWER,3.30
1765568137519,CH1,POWER,3.30
1765568137524,CH1,POWER,3.30
1765568137528,CH1,POWER,3.30
1765568137532,CH1,POWER,3.30
1765568137536,CH1,POWER,3.30
1765568137543,CH1,POWER,3.30
1765568137547,CH1,POWER,3.30
1765568137552,CH1,POWER,3.30
1765568137555,CH1,POWER,3.30
1765568137558,CH1,POWER,3.30
1765568137584,CH1,POWER,3.30
1765568137589,CH1,POWER,3.30
1765568137594,CH1,POWER,3.30
1765568137598,CH1,POWER,3.30
1765568137604,CH1,POWER,3.30
1765568137609,CH1,POWER,3.30
1765568137615,CH1,POWER,3.30
1765568137620,CH1,POWER,3.30
1765568137624,CH1,POWER,3.30
1765568137629,CH1,POWER,3.30
1765568137635,CH1,POWER,3.30
1765568137640,CH1,POWER,3.30
1765568137647,CH1,POWER,3.30
1765568137655,CH1,POWER,3.30
1765568137660,CH1,POWER,3.30
1765568137664,CH1,POWER,3.30
1765568137669,CH1,POWER,3.30
1765568137675,CH1,POWER,3.30
1765568137681,CH1,POWER,3.30
1765568137686,CH1,POWER,3.30
1765568137690,CH1,POWER,3.30
1765568137697,CH1,POWER,3.30
1765568137701,CH1,POWER,3.30
1765568137706,CH1,POWER,3.30
1765568137710,CH1,POWER,3.30
1765568137716,CH1,POWER,3.30
1765568137721,CH1,POWER,3.30
1765568137727,CH1,POWER,3.30
1765568137733,CH1,POWER,3.30
1765568137737,CH1,POWER,3.30
1765568137745,CH1,POWER,3.30
1765568137749,CH1,POWER,3.30
1765568137754,CH1,POWER,3.30
1765568137758,CH1,POWER,3.30
1765568137764,CH1,POWER,3.30
1765568137770,CH1,POWER,3.30
1765568137776,CH1,POWER,3.30
1765568137781,CH1,POWER,3.30
1765568137787,CH1,POWER,3.30
1765568137793,CH1,POWER,3.30
1765568137797,CH1,POWER,3.30
1765568137802,CH1,POWER,3.30
1765568137807,CH1,POWER,3.30
1765568137811,CH1,POWER,3.30
1765568137817,CH1,POWER,3.30
1765568137825,CH1,POWER,3.30
1765568137830,CH1,POWER,3.30
1765568137834,CH1,POWER,3.30
1765568137838,CH1,POWER,3.30
1765568137843,CH1,POWER,3.30
1765568137847,CH1,POWER,3.30
1765568137851,CH1,POWER,3.30
1765568137857,CH1,POWER,3.30
1765568137863,CH1,POWER,3.30
1765568137867,CH1,POWER,3.30
1765568137875,CH1,POWER,3.30
1765568137879,CH1,POWER,3.30
1765568137884,CH1,POWER,3.30
1765568137889,CH1,POWER,3.30
1765568137894,CH1,POWER,3.30
1765568137898,CH1,POWER,3.30
1765568137903,CH1,POWER,3.30
1765568137907,CH1,POWER,3.30
1765568137912,CH1,POWER,3.30
1765568137917,CH1,POWER,3.30
1765568137921,CH1,POWER,3.30
1765568137927,CH1,POWER,3.30
1765568137933,CH1,POWER,3.30
1765568137937,CH1,POWER,3.30
1765568137942,CH1,POWER,3.30
1765568137946,CH1,POWER,3.30
1765568137949,CH1,POWER,3.30
1765568137951,CH1,POWER,3.30
1765568137979,CH1,POWER,3.30
1765568137987,CH1,POWER,3.30
1765568137992,CH1,POWER,3.30
1765568137996,CH1,POWER,3.30
1765568138002,CH1,POWER,3.30
1765568138008,CH1,POWER,3.30
1765568138012,CH1,POWER,3.30
1765568138019,CH1,POWER,3.30
1765568138025,CH1,POWER,3.30
1765568138029,CH1,POWER,3.30
1765568138034,CH1,POWER,3.30
1765568138039,CH1,POWER,3.30
1765568138044,CH1,POWER,3.30
1765568138049,CH1,POWER,3.30
1765568138053,CH1,POWER,3.30
1765568138058,CH1,POWER,3.30
1765568138062,CH1,POWER,3.30
1765568138066,CH1,POWER,3.30
1765568138071,CH1,POWER,3.30
1765568138077,CH1,POWER,3.30
1765568138082,CH1,POWER,3.30
1765568138089,CH1,POWER,3.30
1765568138097,CH1,POWER,3.30
1765568138102,CH1,POWER,3.30
1765568138106,CH1,POWER,3.30
1765568138112,CH1,POWER,3.30
1765568138118,CH1,POWER,3.30
1765568138123,CH1,POWER,3.30
1765568138128,CH1,POWER,3.30
1765568138133,CH1,POWER,3.30
1765568138139,CH1,POWER,3.30
1765568138145,CH1,POWER,3.30
1765568138149,CH1,POWER,3.30
1765568138157,CH1,POWER,3.30
1765568138161,CH1,POWER,3.30
1765568138166,CH1,POWER,3.30
1765568138170,CH1,POWER,3.30
1765568138176,CH1,POWER,3.30
1765568138181,CH1,POWER,3.30
1765568138186,CH1,POWER,3.30
1765568138190,CH1,POWER,3.30
1765568138197,CH1,POWER,3.30
1765568138202,CH1,POWER,3.30
1765568138209,CH1,POWER,3.30
1765568138215,CH1,POWER,3.30
1765568138219,CH1,POWER,3.30
1765568138224,CH1,POWER,3.30
1765568138229,CH1,POWER,3.30
1765568138233,CH1,POWER,3.30
1765568138238,CH1,POWER,3.30
1765568138245,CH1,POWER,3.30
1765568138249,CH1,POWER,3.30
1765568138257,CH1,POWER,3.30
1765568138262,CH1,POWER,3.30
1765568138266,CH1,POWER,3.30
1765568138271,CH1,POWER,3.30
1765568138279,CH1,POWER,3.30
1765568138285,CH1,POWER,3.30
1765568138289,CH1,POWER,3.30
1765568138294,CH1,POWER,3.30
1765568138299,CH1,POWER,3.30
1765568138304,CH1,POWER,3.30
1765568138309,CH1,POWER,3.30
1765568138315,CH1,POWER,3.30
1765568138319,CH1,POWER,3.30
1765568138327,CH1,POWER,3.30
1765568138332,CH1,POWER,3.30
1765568138339,CH1,POWER,3.30
1765568138341,CH1,POWER,3.30
1765568138344,CH1,POWER,3.30
1765568138371,CH1,POWER,3.30
1765568138377,CH1,POWER,3.30
1765568138381,CH1,POWER,3.30
1765568138387,CH1,POWER,3.30
1765568138391,CH1,POWER,3.30
1765568138396,CH1,POWER,3.30
1765568138401,CH1,POWER,3.30
1765568138405,CH1,POWER,3.30
1765568138411,CH1,POWER,3.30
1765568138415,CH1,POWER,3.30
1765568138421,CH1,POWER,3.30
1765568138429,CH1,POWER,3.30
1765568138434,CH1,POWER,3.30
1765568138441,CH1,POWER,3.30
1765568138449,CH1,POWER,3.30
1765568138454,CH1,POWER,3.30
1765568138461,CH1,POWER,3.30
1765568138466,CH1,POWER,3.30
1765568138471,CH1,POWER,3.30
1765568138477,CH1,POWER,3.30
1765568138481,CH1,POWER,3.30
1765568138489,CH1,POWER,3.30
1765568138495,CH1,POWER,3.30
1765568138500,CH1,POWER,3.30
1765568138507,CH1,POWER,3.30
1765568138511,CH1,POWER,3.30
1765568138519,CH1,POWER,3.30
1765568138525,CH1,POWER,3.30
1765568138530,CH1,POWER,3.30
1765568138535,CH1,POWER,3.30
1765568138541,CH1,POWER,3.30
1765568138547,CH1,POWER,3.30
1765568138551,CH1,POWER,3.30
1765568138559,CH1,POWER,3.30
1765568138564,CH1,POWER,3.30
1765568138571,CH1,POWER,3.30
1765568138577,CH1,POWER,3.30
1765568138581,CH1,POWER,3.30
1765568138586,CH1,POWER,3.30
1765568138591,CH1,POWER,3.30
1765568138596,CH1,POWER,3.30
1765568138601,CH1,POWER,3.30
1765568138606,CH1,POWER,3.30
1765568138611,CH1,POWER,3.30
1765568138617,CH1,POWER,3.30
1765568138621,CH1,POWER,3.30
1765568138627,CH1,POWER,3.30
1765568138631,CH1,POWER,3.30
1765568138637,CH1,POWER,3.30
1765568138641,CH1,POWER,3.30
1765568138645,CH1,POWER,3.30
1765568138651,CH1,POWER,3.30
1765568138659,CH1,POWER,3.30
1765568138664,CH1,POWER,3.30
1765568138671,CH1,POWER,3.30
1765568138677,CH1,POWER,3.30
1765568138681,CH1,POWER,3.30
1765568138687,CH1,POWER,3.30
1765568138691,CH1,POWER,3.30
1765568138696,CH1,POWER,3.30
1765568138701,CH1,POWER,3.30
1765568138707,CH1,POWER,3.30
1765568138711,CH1,POWER,3.30
1765568138716,CH1,POWER,3.30
1765568138721,CH1,POWER,3.30
1765568138726,CH1,POWER,3.30
1765568138731,CH1,POWER,3.30
1765568138735,CH1,POWER,3.70
1765568138763,CH1,POWER,3.70
1765568138769,CH1,POWER,3.70
1765568138773,CH1,POWER,3.70
1765568138778,CH1,POWER,3.70
1765568138783,CH1,POWER,3.70
1765568138788,CH1,POWER,3.70
1765568138793,CH1,POWER,3.70
1765568138799,CH1,POWER,3.70
1765568138803,CH1,POWER,3.70
1765568138808,CH1,POWER,3.70
1765568138813,CH1,POWER,3.70
1765568138818,CH1,POWER,3.70
1765568138823,CH1,POWER,3.70
1765568138829,CH1,POWER,3.70
1765568138833,CH1,POWER,3.70
1765568138839,CH1,POWER,3.70
1765568138843,CH1,POWER,3.70
1765568138848,CH1,POWER,3.70
1765568138853,CH1,POWER,3.70
1765568138861,CH1,POWER,3.70
1765568138865,CH1,POWER,3.70
1765568138870,CH1,POWER,3.70
1765568138874,CH1,POWER,3.70
1765568138881,CH1,POWER,3.70
1765568138886,CH1,POWER,3.70
1765568138893,CH1,POWER,3.70
1765568138901,CH1,POWER,3.70
1765568138906,CH1,POWER,3.70
1765568138913,CH1,POWER,3.70
1765568138918,CH1,POWER,3.70
1765568138923,CH1,POWER,3.70
1765568138928,CH1,POWER,3.70
1765568138933,CH1,POWER,3.70
1765568138941,CH1,POWER,3.70
1765568138946,CH1,POWER,3.70
1765568138952,CH1,POWER,3.70
1765568138957,CH1,POWER,3.70
1765568138962,CH1,POWER,3.70
1765568138966,CH1,POWER,3.70
1765568138973,CH1,POWER,3.70
1765568138978,CH1,POWER,3.70
1765568138983,CH1,POWER,3.70
1765568138987,CH1,POWER,3.70
1765568138992,CH1,POWER,3.70
1765568138997,CH1,POWER,3.70
1765568139003,CH1,POWER,3.70
1765568139007,CH1,POWER,3.70
1765568139012,CH1,POWER,3.70
1765568139016,CH1,POWER,3.70
1765568139022,CH1,POWER,3.70
1765568139028,CH1,POWER,3.70
1765568139033,CH1,POWER,3.70
1765568139038,CH1,POWER,3.70
1765568139043,CH1,POWER,3.70
1765568139051,CH1,POWER,3.70
1765568139056,CH1,POWER,3.70
1765568139063,CH1,POWER,3.70
1765568139068,CH1,POWER,3.70
1765568139073,CH1,POWER,3.70
1765568139078,CH1,POWER,3.70
1765568139083,CH1,POWER,3.70
1765568139091,CH1,POWER,3.70
1765568139096,CH1,POWER,3.70
1765568139102,CH1,POWER,3.70
1765568139107,CH1,POWER,3.70
1765568139113,CH1,POWER,3.70
1765568139119,CH1,POWER,3.70
1765568139123,CH1,POWER,3.70
1765568139125,CH1,POWER,3.70
1765568139127,CH1,POWER,3.70
1765568139155,CH1,POWER,3.70
1765568139161,CH1,POWER,3.70
1765568139165,CH1,POWER,3.70
1765568139173,CH1,POWER,3.70
1765568139178,CH1,POWER,3.70
1765568139185,CH1,POWER,3.70
1765568139193,CH1,POWER,3.70
1765568139198,CH1,POWER,3.70
1765568139202,CH1,POWER,3.70
1765568139207,CH1,POWER,3.70
1765568139212,CH1,POWER,3.70
1765568139217,CH1,POWER,3.70
1765568139222,CH1,POWER,3.70
1765568139228,CH1,POWER,3.70
1765568139232,CH1,POWER,3.70
1765568139237,CH1,POWER,3.70
1765568139243,CH1,POWER,3.70
1765568139247,CH1,POWER,3.70
1765568139252,CH1,POWER,3.70
1765568139256,CH1,POWER,3.70
1765568139263,CH1,POWER,3.70
1765568139268,CH1,POWER,3.70
1765568139275,CH1,POWER,3.70
1765568139283,CH1,POWER,3.70
1765568139288,CH1,POWER,3.70
1765568139295,CH1,POWER,3.70
1765568139301,CH1,POWER,3.70
1765568139305,CH1,POWER,3.70
1765568139313,CH1,POWER,3.70
1765568139319,CH1,POWER,3.70
1765568139324,CH1,POWER,3.70
1765568139328,CH1,POWER,3.70
1765568139335,CH1,POWER,3.70
1765568139339,CH1,POWER,3.70
1765568139344,CH1,POWER,3.70
1765568139348,CH1,POWER,3.70
1765568139355,CH1,POWER,3.70
1765568139360,CH1,POWER,3.70
1765568139365,CH1,POWER,3.70
1765568139369,CH1,POWER,3.70
1765568139375,CH1,POWER,3.70
1765568139383,CH1,POWER,3.70
1765568139388,CH1,POWER,3.70
1765568139392,CH1,POWER,3.70
1765568139397,CH1,POWER,3.70
1765568139403,CH1,POWER,3.70
1765568139408,CH1,POWER,3.70
1765568139415,CH1,POWER,3.70
1765568139421,CH1,POWER,3.70
1765568139425,CH1,POWER,3.70
1765568139429,CH1,POWER,3.70
1765568139435,CH1,POWER,3.70
1765568139443,CH1,POWER,3.70
1765568139449,CH1,POWER,3.70
1765568139454,CH1,POWER,3.70
1765568139458,CH1,POWER,3.70
1765568139465,CH1,POWER,3.70
1765568139469,CH1,POWER,3.70
1765568139474,CH1,POWER,3.70
1765568139478,CH1,POWER,3.70
1765568139484,CH1,POWER,3.70
1765568139489,CH1,POWER,3.70
1765568139495,CH1,POWER,3.70
1765568139500,CH1,POWER,3.70
1765568139505,CH1,POWER,3.70
1765568139509,CH1,POWER,3.70
1765568139512,CH1,POWER,3.30
1765568139515,CH1,POWER,3.30
1765568139517,CH1,POWER,3.30
1765568139544,CH1,POWER,3.30
1765568139549,CH1,POWER,3.30
1765568139554,CH1,POWER,3.30
1765568139560,CH1,POWER,3.30
1765568139567,CH1,POWER,3.30
1765568139571,CH1,POWER,3.30
1765568139576,CH1,POWER,3.30
1765568139580,CH1,POWER,3.30
1765568139584,CH1,POWER,3.30
1765568139588,CH1,POWER,3.30
1765568139594,CH1,POWER,3.30
1765568139598,CH1,POWER,3.30
1765568139602,CH1,POWER,3.30
1765568139607,CH1,POWER,3.30
1765568139611,CH1,POWER,3.30
1765568139617,CH1,POWER,3.30
1765568139621,CH1,POWER,3.30
1765568139626,CH1,POWER,3.30
1765568139630,CH1,POWER,3.30
1765568139634,CH1,POWER,3.30
1765568139640,CH1,POWER,3.30
1765568139647,CH1,POWER,3.30
1765568139652,CH1,POWER,3.30
1765568139657,CH1,POWER,3.30
1765568139661,CH1,POWER,3.30
1765568139666,CH1,POWER,3.30
1765568139671,CH1,POWER,3.30
1765568139677,CH1,POWER,3.30
1765568139681,CH1,POWER,3.30
1765568139687,CH1,POWER,3.30
1765568139691,CH1,POWER,3.30
1765568139696,CH1,POWER,3.30
1765568139700,CH1,POWER,3.30
1765568139707,CH1,POWER,3.30
1765568139712,CH1,POWER,3.30
1765568139717,CH1,POWER,3.30
1765568139722,CH1,POWER,3.30
1765568139727,CH1,POWER,3.30
1765568139732,CH1,POWER,3.30
1765568139737,CH1,POWER,3.30
1765568139741,CH1,POWER,3.30
1765568139747,CH1,POWER,3.30
1765568139752,CH1,POWER,3.30
1765568139757,CH1,POWER,3.30
1765568139761,CH1,POWER,3.30
1765568139767,CH1,POWER,3.30
1765568139772,CH1,POWER,3.30
1765568139777,CH1,POWER,3.30
1765568139781,CH1,POWER,3.30
1765568139787,CH1,POWER,3.30
1765568139792,CH1,POWER,3.30
1765568139797,CH1,POWER,3.30
1765568139802,CH1,POWER,3.30
1765568139807,CH1,POWER,3.30
1765568139811,CH1,POWER,3.30
1765568139817,CH1,POWER,3.30
1765568139822,CH1,POWER,3.30
1765568139827,CH1,POWER,3.30
1765568139832,CH1,POWER,3.30
1765568139837,CH1,POWER,3.30
1765568139842,CH1,POWER,3.30
1765568139847,CH1,POWER,3.30
1765568139851,CH1,POWER,3.30
1765568139857,CH1,POWER,3.30
1765568139865,CH1,POWER,3.30
1765568139870,CH1,POWER,3.30
1765568139876,CH1,POWER,3.30
1765568139880,CH1,POWER,3.30
1765568139886,CH1,POWER,3.30
1765568139891,CH1,POWER,3.30
1765568139897,CH1,POWER,3.30
1765568139902,CH1,POWER,3.30
1765568139907,CH1,POWER,3.30
1765568139911,CH1,POWER,3.30
1765568139939,CH1,POWER,3.30
1765568139945,CH1,POWER,3.30
1765568139949,CH1,POWER,3.30
1765568139953,CH1,POWER,3.30
1765568139959,CH1,POWER,3.30
1765568139964,CH1,POWER,3.30
1765568139969,CH1,POWER,3.30
1765568139974,CH1,POWER,3.30
1765568139979,CH1,POWER,3.30
1765568139984,CH1,POWER,3.30
1765568139989,CH1,POWER,3.30
1765568139993,CH1,POWER,3.30
1765568139999,CH1,POWER,3.30
1765568140004,CH1,POWER,3.30
1765568140009,CH1,POWER,3.30
1765568140014,CH1,POWER,3.30
1765568140019,CH1,POWER,3.30
1765568140023,CH1,POWER,3.30
1765568140029,CH1,POWER,3.30
1765568140037,CH1,POWER,3.30
1765568140042,CH1,POWER,3.30
1765568140049,CH1,POWER,3.30
1765568140057,CH1,POWER,3.30
1765568140062,CH1,POWER,3.30
1765568140069,CH1,POWER,3.30
1765568140074,CH1,POWER,3.30
1765568140079,CH1,POWER,3.30
1765568140083,CH1,POWER,3.30
1765568140089,CH1,POWER,3.30
1765568140094,CH1,POWER,3.30
1765568140099,CH1,POWER,3.30
1765568140104,CH1,POWER,3.30
1765568140109,CH1,POWER,3.30
1765568140114,CH1,POWER,3.30
1765568140119,CH1,POWER,3.30
1765568140123,CH1,POWER,3.30
1765568140128,CH1,POWER,3.30
1765568140133,CH1,POWER,3.30
1765568140138,CH1,POWER,3.30
1765568140142,CH1,POWER,3.30
1765568140149,CH1,POWER,3.30
1765568140155,CH1,POWER,3.30
1765568140159,CH1,POWER,3.30
1765568140167,CH1,POWER,3.30
1765568140172,CH1,POWER,3.30
1765568140179,CH1,POWER,3.30
1765568140184,CH1,POWER,3.30
1765568140189,CH1,POWER,3.30
1765568140193,CH1,POWER,3.30
1765568140199,CH1,POWER,3.30
1765568140203,CH1,POWER,3.30
1765568140209,CH1,POWER,3.30
1765568140214,CH1,POWER,3.30
1765568140219,CH1,POWER,3.30
1765568140223,CH1,POWER,3.30
1765568140229,CH1,POWER,3.30
1765568140234,CH1,POWER,3.30
1765568140239,CH1,POWER,3.30
1765568140243,CH1,POWER,3.30
1765568140249,CH1,POWER,3.30
1765568140254,CH1,POWER,3.30
1765568140259,CH1,POWER,3.30
1765568140263,CH1,POWER,3.30
1765568140269,CH1,POWER,3.30
1765568140274,CH1,POWER,3.30
1765568140279,CH1,POWER,3.30
1765568140283,CH1,POWER,3.30
1765568140289,CH1,POWER,3.30
1765568140294,CH1,POWER,3.30
1765568140299,CH1,POWER,3.30
1765568140303,CH1,POWER,3.30
1765568140307,CH1,POWER,3.70
1765568140309,CH1,POWER,3.70
1765568140312,CH1,POWER,3.70
1765568140338,CH1,POWER,3.70
1765568140343,CH1,POWER,3.70
1765568140348,CH1,POWER,3.70
1765568140352,CH1,POWER,3.70
1765568140359,CH1,POWER,3.70
1765568140364,CH1,POWER,3.70
1765568140368,CH1,POWER,3.70
1765568140373,CH1,POWER,3.70
1765568140378,CH1,POWER,3.70
1765568140384,CH1,POWER,3.70
1765568140391,CH1,POWER,3.70
1765568140395,CH1,POWER,3.70
1765568140400,CH1,POWER,3.70
1765568140404,CH1,POWER,3.70
1765568140411,CH1,POWER,3.70
1765568140417,CH1,POWER,3.70
1765568140421,CH1,POWER,3.70
1765568140426,CH1,POWER,3.70
1765568140431,CH1,POWER,3.70
1765568140435,CH1,POWER,3.70
1765568140440,CH1,POWER,3.70
1765568140444,CH1,POWER,3.70
1765568140451,CH1,POWER,3.70
1765568140456,CH1,POWER,3.70
1765568140461,CH1,POWER,3.70
1765568140465,CH1,POWER,3.70
1765568140470,CH1,POWER,3.70
1765568140477,CH1,POWER,3.70
1765568140481,CH1,POWER,3.70
1765568140486,CH1,POWER,3.70
1765568140491,CH1,POWER,3.70
1765568140499,CH1,POWER,3.70
1765568140504,CH1,POWER,3.70
1765568140511,CH1,POWER,3.70
1765568140519,CH1,POWER,3.70
1765568140524,CH1,POWER,3.70
1765568140531,CH1,POWER,3.70
1765568140536,CH1,POWER,3.70
1765568140541,CH1,POWER,3.70
1765568140546,CH1,POWER,3.70
1765568140551,CH1,POWER,3.70
1765568140559,CH1,POWER,3.70
1765568140564,CH1,POWER,3.70
1765568140570,CH1,POWER,3.70
1765568140575,CH1,POWER,3.70
1765568140581,CH1,POWER,3.70
1765568140585,CH1,POWER,3.70
1765568140590,CH1,POWER,3.70
1765568140596,CH1,POWER,3.70
1765568140601,CH1,POWER,3.70
1765568140606,CH1,POWER,3.70
1765568140611,CH1,POWER,3.70
1765568140615,CH1,POWER,3.70
1765568140621,CH1,POWER,3.70
1765568140625,CH1,POWER,3.70
1765568140631,CH1,POWER,3.70
1765568140636,CH1,POWER,3.70
1765568140641,CH1,POWER,3.70
1765568140646,CH1,POWER,3.70
1765568140651,CH1,POWER,3.70
1765568140656,CH1,POWER,3.70
1765568140661,CH1,POWER,3.70
1765568140665,CH1,POWER,3.70
1765568140671,CH1,POWER,3.70
1765568140676,CH1,POWER,3.70
1765568140681,CH1,POWER,3.70
1765568140686,CH1,POWER,3.70
1765568140691,CH1,POWER,3.70
1765568140695,CH1,POWER,3.70
1765568140701,CH1,POWER,3.70
1765568140705,CH1,POWER,3.70
1765568140733,CH1,POWER,3.70
1765568140738,CH1,POWER,3.70
1765568140743,CH1,POWER,3.70
1765568140751,CH1,POWER,3.70
1765568140756,CH1,POWER,3.70
1765568140763,CH1,POWER,3.70
1765568140771,CH1,POWER,3.70
1765568140776,CH1,POWER,3.70
1765568140782,CH1,POWER,3.70
1765568140787,CH1,POWER,3.70
1765568140793,CH1,POWER,3.70
1765568140798,CH1,POWER,3.70
1765568140803,CH1,POWER,3.70
1765568140808,CH1,POWER,3.70
1765568140813,CH1,POWER,3.70
1765568140818,CH1,POWER,3.70
1765568140823,CH1,POWER,3.70
1765568140827,CH1,POWER,3.70
1765568140833,CH1,POWER,3.70
1765568140837,CH1,POWER,3.70
1765568140843,CH1,POWER,3.70
1765568140848,CH1,POWER,3.70
1765568140853,CH1,POWER,3.70
1765568140858,CH1,POWER,3.70
1765568140863,CH1,POWER,3.70
1765568140867,CH1,POWER,3.70
1765568140873,CH1,POWER,3.70
1765568140877,CH1,POWER,3.70
1765568140882,CH1,POWER,3.70
1765568140887,CH1,POWER,3.70
1765568140893,CH1,POWER,3.70
1765568140898,CH1,POWER,3.70
1765568140903,CH1,POWER,3.70
1765568140911,CH1,POWER,3.70
1765568140916,CH1,POWER,3.70
1765568140923,CH1,POWER,3.70
1765568140931,CH1,POWER,3.70
1765568140936,CH1,POWER,3.70
1765568140943,CH1,POWER,3.70
1765568140948,CH1,POWER,3.70
1765568140953,CH1,POWER,3.70
1765568140958,CH1,POWER,3.70
1765568140963,CH1,POWER,3.70
1765568140967,CH1,POWER,3.70
1765568140973,CH1,POWER,3.70
1765568140977,CH1,POWER,3.70
1765568140983,CH1,POWER,3.70
1765568140988,CH1,POWER,3.70
1765568140993,CH1,POWER,3.70
1765568140998,CH1,POWER,3.70
1765568141003,CH1,POWER,3.70
1765568141007,CH1,POWER,3.70
1765568141013,CH1,POWER,3.70
1765568141017,CH1,POWER,3.70
1765568141022,CH1,POWER,3.70
1765568141028,CH1,POWER,3.70
1765568141033,CH1,POWER,3.70
1765568141037,CH1,POWER,3.70
1765568141042,CH1,POWER,3.70
1765568141048,CH1,POWER,3.70
1765568141053,CH1,POWER,3.70
1765568141057,CH1,POWER,3.70
1765568141062,CH1,POWER,3.70
1765568141066,CH1,POWER,3.70
1765568141073,CH1,POWER,3.70
1765568141078,CH1,POWER,3.70
1765568141081,CH1,POWER,3.35
1765568141083,CH1,POWER,3.35
1765568141086,CH1,POWER,3.35
1765568141112,CH1,POWER,3.35
1765568141117,CH1,POWER,3.35
1765568141122,CH1,POWER,3.35
1765568141128,CH1,POWER,3.35
1765568141134,CH1,POWER,3.35
1765568141139,CH1,POWER,3.35
1765568141145,CH1,POWER,3.35
1765568141150,CH1,POWER,3.35
1765568141155,CH1,POWER,3.35
1765568141163,CH1,POWER,3.35
1765568141168,CH1,POWER,3.35
1765568141172,CH1,POWER,3.35
1765568141176,CH1,POWER,3.35
1765568141180,CH1,POWER,3.35
1765568141185,CH1,POWER,3.35
1765568141189,CH1,POWER,3.35
1765568141194,CH1,POWER,3.35
1765568141199,CH1,POWER,3.35
1765568141204,CH1,POWER,3.35
1765568141210,CH1,POWER,3.35
1765568141215,CH1,POWER,3.35
1765568141220,CH1,POWER,3.35
1765568141225,CH1,POWER,3.35
1765568141229,CH1,POWER,3.35
1765568141235,CH1,POWER,3.35
1765568141243,CH1,POWER,3.35
1765568141248,CH1,POWER,3.35
1765568141255,CH1,POWER,3.35
1765568141260,CH1,POWER,3.35
1765568141265,CH1,POWER,3.35
1765568141270,CH1,POWER,3.35
1765568141275,CH1,POWER,3.35
1765568141280,CH1,POWER,3.35
1765568141285,CH1,POWER,3.35
1765568141289,CH1,POWER,3.35
1765568141295,CH1,POWER,3.35
1765568141300,CH1,POWER,3.35
1765568141305,CH1,POWER,3.35
1765568141313,CH1,POWER,3.35
1765568141317,CH1,POWER,3.35
1765568141322,CH1,POWER,3.35
1765568141326,CH1,POWER,3.35
1765568141333,CH1,POWER,3.35
1765568141338,CH1,POWER,3.35
1765568141345,CH1,POWER,3.35
1765568141350,CH1,POWER,3.35
1765568141355,CH1,POWER,3.35
1765568141359,CH1,POWER,3.35
1765568141365,CH1,POWER,3.35
1765568141373,CH1,POWER,3.35
1765568141378,CH1,POWER,3.35
1765568141384,CH1,POWER,3.35
1765568141389,CH1,POWER,3.35
1765568141395,CH1,POWER,3.35
1765568141403,CH1,POWER,3.35
1765568141408,CH1,POWER,3.35
1765568141415,CH1,POWER,3.35
1765568141420,CH1,POWER,3.35
1765568141425,CH1,POWER,3.35
1765568141433,CH1,POWER,3.35
1765568141438,CH1,POWER,3.35
1765568141445,CH1,POWER,3.35
1765568141450,CH1,POWER,3.35
1765568141455,CH1,POWER,3.35
1765568141463,CH1,POWER,3.35
1765568141469,CH1,POWER,3.35
1765568141475,CH1,POWER,3.35
1765568141478,CH1,POWER,3.30
1765568141504,CH1,POWER,3.30
1765568141509,CH1,POWER,3.30
1765568141514,CH1,POWER,3.30
1765568141520,CH1,POWER,3.30
1765568141527,CH1,POWER,3.30
1765568141532,CH1,POWER,3.30
1765568141537,CH1,POWER,3.30
1765568141542,CH1,POWER,3.30
1765568141547,CH1,POWER,3.30
1765568141552,CH1,POWER,3.30
1765568141557,CH1,POWER,3.30
1765568141562,CH1,POWER,3.30
1765568141567,CH1,POWER,3.30
1765568141572,CH1,POWER,3.30
1765568141577,CH1,POWER,3.30
1765568141582,CH1,POWER,3.30
1765568141587,CH1,POWER,3.30
1765568141592,CH1,POWER,3.30
1765568141597,CH1,POWER,3.30
1765568141602,CH1,POWER,3.30
1765568141607,CH1,POWER,3.30
1765568141612,CH1,POWER,3.30
1765568141617,CH1,POWER,3.30
1765568141622,CH1,POWER,3.30
1765568141627,CH1,POWER,3.30
1765568141632,CH1,POWER,3.30
1765568141637,CH1,POWER,3.30
1765568141642,CH1,POWER,3.30
1765568141647,CH1,POWER,3.30
1765568141651,CH1,POWER,3.30
1765568141657,CH1,POWER,3.30
1765568141661,CH1,POWER,3.30
1765568141667,CH1,POWER,3.30
1765568141671,CH1,POWER,3.30
1765568141677,CH1,POWER,3.30
1765568141681,CH1,POWER,3.30
1765568141686,CH1,POWER,3.30
1765568141690,CH1,POWER,3.30
1765568141694,CH1,POWER,3.30
1765568141698,CH1,POWER,3.30
1765568141704,CH1,POWER,3.30
1765568141708,CH1,POWER,3.30
1765568141714,CH1,POWER,3.30
1765568141718,CH1,POWER,3.30
1765568141725,CH1,POWER,3.30
1765568141729,CH1,POWER,3.30
1765568141734,CH1,POWER,3.30
1765568141738,CH1,POWER,3.30
1765568141742,CH1,POWER,3.30
1765568141747,CH1,POWER,3.30
1765568141751,CH1,POWER,3.30
1765568141756,CH1,POWER,3.30
1765568141760,CH1,POWER,3.30
1765568141767,CH1,POWER,3.30
1765568141772,CH1,POWER,3.30
1765568141777,CH1,POWER,3.30
1765568141781,CH1,POWER,3.30
1765568141786,CH1,POWER,3.30
1765568141791,CH1,POWER,3.30
1765568141797,CH1,POWER,3.30
1765568141805,CH1,POWER,3.30
1765568141810,CH1,POWER,3.30
1765568141817,CH1,POWER,3.30
1765568141825,CH1,POWER,3.30
1765568141830,CH1,POWER,3.30
1765568141836,CH1,POWER,3.30
1765568141841,CH1,POWER,3.30
1765568141846,CH1,POWER,3.30
1765568141850,CH1,POWER,3.30
1765568141857,CH1,POWER,3.30
1765568141862,CH1,POWER,3.30
1765568141867,CH1,POWER,3.30
1765568141870,CH1,POWER,2.90
1765568141896,CH1,POWER,2.90
1765568141901,CH1,POWER,2.90
1765568141906,CH1,POWER,2.90
1765568141910,CH1,POWER,2.90
1765568141917,CH1,POWER,2.90
1765568141922,CH1,POWER,2.90
1765568141928,CH1,POWER,2.90
1765568141934,CH1,POWER,2.90
1765568141939,CH1,POWER,2.90
1765568141944,CH1,POWER,2.90
1765568141949,CH1,POWER,2.90
1765568141957,CH1,POWER,2.90
1765568141962,CH1,POWER,2.90
1765568141969,CH1,POWER,2.90
1765568141977,CH1,POWER,2.90
1765568141982,CH1,POWER,2.90
1765568141989,CH1,POWER,2.90
1765568141997,CH1,POWER,2.90
1765568142002,CH1,POWER,2.90
1765568142008,CH1,POWER,2.90
1765568142013,CH1,POWER,2.90
1765568142019,CH1,POWER,2.90
1765568142024,CH1,POWER,2.90
1765568142029,CH1,POWER,2.90
1765568142034,CH1,POWER,2.90
1765568142039,CH1,POWER,2.90
1765568142047,CH1,POWER,2.90
1765568142051,CH1,POWER,2.90
1765568142059,CH1,POWER,2.90
1765568142067,CH1,POWER,2.90
1765568142072,CH1,POWER,2.90
1765568142079,CH1,POWER,2.90
1765568142087,CH1,POWER,2.90
1765568142092,CH1,POWER,2.90
1765568142099,CH1,POWER,2.90
1765568142104,CH1,POWER,2.90
1765568142109,CH1,POWER,2.90
1765568142114,CH1,POWER,2.90
1765568142119,CH1,POWER,2.90
1765568142123,CH1,POWER,2.90
1765568142128,CH1,POWER,2.90
1765568142134,CH1,POWER,2.90
1765568142139,CH1,POWER,2.90
1765568142147,CH1,POWER,2.90
1765568142152,CH1,POWER,2.90
1765568142159,CH1,POWER,2.90
1765568142167,CH1,POWER,2.90
1765568142172,CH1,POWER,2.90
1765568142179,CH1,POWER,2.90
1765568142184,CH1,POWER,2.90
1765568142189,CH1,POWER,2.90
1765568142194,CH1,POWER,2.90
1765568142199,CH1,POWER,2.90
1765568142207,CH1,POWER,2.90
1765568142212,CH1,POWER,2.90
1765568142219,CH1,POWER,2.90
1765568142224,CH1,POWER,2.90
1765568142229,CH1,POWER,2.90
1765568142234,CH1,POWER,2.90
1765568142239,CH1,POWER,2.90
1765568142243,CH1,POWER,2.90
1765568142248,CH1,POWER,2.90
1765568142252,CH1,POWER,2.90
1765568142278,CH1,POWER,3.25
1765568142283,CH1,POWER,3.25
1765568142288,CH1,POWER,3.25
1765568142292,CH1,POWER,3.25
1765568142299,CH1,POWER,3.25
1765568142303,CH1,POWER,3.25
1765568142308,CH1,POWER,3.25
1765568142312,CH1,POWER,3.25
1765568142319,CH1,POWER,3.25
1765568142324,CH1,POWER,3.25
1765568142330,CH1,POWER,3.25
1765568142335,CH1,POWER,3.25
1765568142341,CH1,POWER,3.25
1765568142346,CH1,POWER,3.25
1765568142351,CH1,POWER,3.25
1765568142356,CH1,POWER,3.25
1765568142361,CH1,POWER,3.25
1765568142369,CH1,POWER,3.25
1765568142374,CH1,POWER,3.25
1765568142381,CH1,POWER,3.25
1765568142386,CH1,POWER,3.25
1765568142391,CH1,POWER,3.25
1765568142396,CH1,POWER,3.25
1765568142401,CH1,POWER,3.25
1765568142406,CH1,POWER,3.25
1765568142411,CH1,POWER,3.25
1765568142419,CH1,POWER,3.25
1765568142423,CH1,POWER,3.25
1765568142431,CH1,POWER,3.25
1765568142436,CH1,POWER,3.25
1765568142441,CH1,POWER,3.25
1765568142445,CH1,POWER,3.25
1765568142451,CH1,POWER,3.25
1765568142459,CH1,POWER,3.25
1765568142464,CH1,POWER,3.25
1765568142471,CH1,POWER,3.25
1765568142476,CH1,POWER,3.25
1765568142481,CH1,POWER,3.25
1765568142486,CH1,POWER,3.25
1765568142491,CH1,POWER,3.25
1765568142499,CH1,POWER,3.25
1765568142503,CH1,POWER,3.25
1765568142511,CH1,POWER,3.25
1765568142516,CH1,POWER,3.25
1765568142521,CH1,POWER,3.25
1765568142526,CH1,POWER,3.25
1765568142531,CH1,POWER,3.25
1765568142535,CH1,POWER,3.25
1765568142540,CH1,POWER,3.25
1765568142546,CH1,POWER,3.25
1765568142551,CH1,POWER,3.25
1765568142555,CH1,POWER,3.25
1765568142560,CH1,POWER,3.25
1765568142566,CH1,POWER,3.25
1765568142571,CH1,POWER,3.25
1765568142576,CH1,POWER,3.25
1765568142581,CH1,POWER,3.25
1765568142589,CH1,POWER,3.25
1765568142594,CH1,POWER,3.25
1765568142601,CH1,POWER,3.25
1765568142606,CH1,POWER,3.25
1765568142611,CH1,POWER,3.25
1765568142616,CH1,POWER,3.25
1765568142621,CH1,POWER,3.25
1765568142626,CH1,POWER,3.25
1765568142631,CH1,POWER,3.25
1765568142637,CH1,POWER,3.25
1765568142640,CH1,POWER,3.25
1765568142642,CH1,POWER,3.25
1765568142645,CH1,POWER,3.25
1765568142672,CH1,POWER,3.25
1765568142678,CH1,POWER,3.25
1765568142683,CH1,POWER,3.25
1765568142691,CH1,POWER,3.25
1765568142696,CH1,POWER,3.25
1765568142703,CH1,POWER,3.25
1765568142708,CH1,POWER,3.25
1765568142713,CH1,POWER,3.25
1765568142718,CH1,POWER,3.25
1765568142723,CH1,POWER,3.25
1765568142731,CH1,POWER,3.25
1765568142737,CH1,POWER,3.25
1765568142742,CH1,POWER,3.25
1765568142747,CH1,POWER,3.25
1765568142752,CH1,POWER,3.25
1765568142757,CH1,POWER,3.25
1765568142763,CH1,POWER,3.25
1765568142767,CH1,POWER,3.25
1765568142772,CH1,POWER,3.25
1765568142776,CH1,POWER,3.25
1765568142782,CH1,POWER,3.25
1765568142786,CH1,POWER,3.25
1765568142791,CH1,POWER,3.25
1765568142796,CH1,POWER,3.25
1765568142803,CH1,POWER,3.25
1765568142811,CH1,POWER,3.25
1765568142816,CH1,POWER,3.25
1765568142823,CH1,POWER,3.25
1765568142828,CH1,POWER,3.25
1765568142833,CH1,POWER,3.25
1765568142838,CH1,POWER,3.25
1765568142843,CH1,POWER,3.25
1765568142851,CH1,POWER,3.25
1765568142855,CH1,POWER,3.25
1765568142860,CH1,POWER,3.25
1765568142865,CH1,POWER,3.25
1765568142872,CH1,POWER,3.25
1765568142877,CH1,POWER,3.25
1765568142882,CH1,POWER,3.25
1765568142886,CH1,POWER,3.25
1765568142893,CH1,POWER,3.25
1765568142901,CH1,POWER,3.25
1765568142906,CH1,POWER,3.25
1765568142913,CH1,POWER,3.25
1765568142918,CH1,POWER,3.25
1765568142923,CH1,POWER,3.25
1765568142928,CH1,POWER,3.25
1765568142933,CH1,POWER,3.25
1765568142941,CH1,POWER,3.25
1765568142946,CH1,POWER,3.25
1765568142953,CH1,POWER,3.25
1765568142957,CH1,POWER,3.25
1765568142962,CH1,POWER,3.25
1765568142968,CH1,POWER,3.25
1765568142973,CH1,POWER,3.25
1765568142978,CH1,POWER,3.25
1765568142983,CH1,POWER,3.25
1765568142988,CH1,POWER,3.25
1765568142993,CH1,POWER,3.25
1765568142997,CH1,POWER,3.25
1765568143002,CH1,POWER,3.25
1765568143007,CH1,POWER,3.25
1765568143012,CH1,POWER,3.25
1765568143017,CH1,POWER,3.25
1765568143022,CH1,POWER,3.25
1765568143027,CH1,POWER,3.25
1765568143030,CH1,POWER,3.25
1765568143032,CH1,POWER,3.25
1765568143035,CH1,POWER,3.25
1765568143037,CH1,POWER,3.25
1765568143065,CH1,POWER,3.25
1765568143070,CH1,POWER,3.25
1765568143075,CH1,POWER,3.25
1765568143083,CH1,POWER,3.25
1765568143089,CH1,POWER,3.25
1765568143094,CH1,POWER,3.25
1765568143099,CH1,POWER,3.25
1765568143105,CH1,POWER,3.25
1765568143110,CH1,POWER,3.25
1765568143115,CH1,POWER,3.25
1765568143123,CH1,POWER,3.25
1765568143128,CH1,POWER,3.25
1765568143135,CH1,POWER,3.25
1765568143140,CH1,POWER,3.25
1765568143145,CH1,POWER,3.25
1765568143150,CH1,POWER,3.25
1765568143155,CH1,POWER,3.25
1765568143163,CH1,POWER,3.25
1765568143168,CH1,POWER,3.25
1765568143175,CH1,POWER,3.25
1765568143180,CH1,POWER,3.25
1765568143185,CH1,POWER,3.25
1765568143190,CH1,POWER,3.25
1765568143195,CH1,POWER,3.25
1765568143200,CH1,POWER,3.25
1765568143205,CH1,POWER,3.25
1765568143209,CH1,POWER,3.25
1765568143215,CH1,POWER,3.25
1765568143220,CH1,POWER,3.25
1765568143225,CH1,POWER,3.25
1765568143233,CH1,POWER,3.25
1765568143239,CH1,POWER,3.25
1765568143244,CH1,POWER,3.25
1765568143249,CH1,POWER,3.25
1765568143254,CH1,POWER,3.25
1765568143260,CH1,POWER,3.25
1765568143265,CH1,POWER,3.25
1765568143273,CH1,POWER,3.25
1765568143277,CH1,POWER,3.25
1765568143282,CH1,POWER,3.25
1765568143286,CH1,POWER,3.25
1765568143293,CH1,POWER,3.25
1765568143299,CH1,POWER,3.25
1765568143304,CH1,POWER,3.25
1765568143309,CH1,POWER,3.25
1765568143313,CH1,POWER,3.25
1765568143317,CH1,POWER,3.25
1765568143322,CH1,POWER,3.25
1765568143327,CH1,POWER,3.25
1765568143334,CH1,POWER,3.25
1765568143339,CH1,POWER,3.25
1765568143345,CH1,POWER,3.25
1765568143353,CH1,POWER,3.25
1765568143357,CH1,POWER,3.25
1765568143361,CH1,POWER,3.25
1765568143365,CH1,POWER,3.25
1765568143370,CH1,POWER,3.25
1765568143375,CH1,POWER,3.25
1765568143380,CH1,POWER,3.25
1765568143385,CH1,POWER,3.25
1765568143390,CH1,POWER,3.25
1765568143394,CH1,POWER,3.25
1765568143399,CH1,POWER,3.25
1765568143404,CH1,POWER,3.25
1765568143410,CH1,POWER,3.25
1765568143415,CH1,POWER,3.25
1765568143417,CH1,POWER,3.25
1765568143444,CH1,POWER,3.25
1765568143449,CH1,POWER,3.25
1765568143454,CH1,POWER,3.25
1765568143460,CH1,POWER,3.25
1765568143467,CH1,POWER,3.25
1765568143475,CH1,POWER,3.25
1765568143480,CH1,POWER,3.25
1765568143486,CH1,POWER,3.25
1765568143491,CH1,POWER,3.25
1765568143496,CH1,POWER,3.25
1765568143501,CH1,POWER,3.25
1765568143506,CH1,POWER,3.25
1765568143511,CH1,POWER,3.25
1765568143517,CH1,POWER,3.25
1765568143522,CH1,POWER,3.25
1765568143526,CH1,POWER,3.25
1765568143531,CH1,POWER,3.25
1765568143536,CH1,POWER,3.25
1765568143541,CH1,POWER,3.25
1765568143547,CH1,POWER,3.25
1765568143552,CH1,POWER,3.25
1765568143557,CH1,POWER,3.25
1765568143565,CH1,POWER,3.25
1765568143570,CH1,POWER,3.25
1765568143577,CH1,POWER,3.25
1765568143582,CH1,POWER,3.25
1765568143587,CH1,POWER,3.25
1765568143591,CH1,POWER,3.25
1765568143595,CH1,POWER,3.25
1765568143600,CH1,POWER,3.25
1765568143606,CH1,POWER,3.25
1765568143611,CH1,POWER,3.25
1765568143616,CH1,POWER,3.25
1765568143622,CH1,POWER,3.25
1765568143627,CH1,POWER,3.25
1765568143632,CH1,POWER,3.25
1765568143637,CH1,POWER,3.25
1765568143642,CH1,POWER,3.25
1765568143647,CH1,POWER,3.25
1765568143655,CH1,POWER,3.25
1765568143660,CH1,POWER,3.25
1765568143667,CH1,POWER,3.25
1765568143672,CH1,POWER,3.25
1765568143677,CH1,POWER,3.25
1765568143682,CH1,POWER,3.25
1765568143687,CH1,POWER,3.25
1765568143695,CH1,POWER,3.25
1765568143700,CH1,POWER,3.25
1765568143707,CH1,POWER,3.25
1765568143712,CH1,POWER,3.25
1765568143717,CH1,POWER,3.25
1765568143722,CH1,POWER,3.25
1765568143727,CH1,POWER,3.25
1765568143732,CH1,POWER,3.25
1765568143737,CH1,POWER,3.25
1765568143740,CH1,POWER,3.25
1765568143747,CH1,POWER,3.25
1765568143751,CH1,POWER,3.25
1765568143756,CH1,POWER,3.25
1765568143760,CH1,POWER,3.25
1765568143767,CH1,POWER,3.25
1765568143772,CH1,POWER,3.25
1765568143776,CH1,POWER,3.25
1765568143781,CH1,POWER,3.25
1765568143786,CH1,POWER,3.25
1765568143792,CH1,POWER,3.25
1765568143797,CH1,POWER,3.25
1765568143802,CH1,POWER,3.25
1765568143806,CH1,POWER,3.25
1765568143809,CH1,POWER,3.60
1765568143835,CH1,POWER,3.60
1765568143840,CH1,POWER,3.60
1765568143846,CH1,POWER,3.60
1765568143851,CH1,POWER,3.60
1765568143858,CH1,POWER,3.60
1765568143863,CH1,POWER,3.60
1765568143868,CH1,POWER,3.60
1765568143873,CH1,POWER,3.60
1765568143879,CH1,POWER,3.60
1765568143884,CH1,POWER,3.60
1765568143889,CH1,POWER,3.60
1765568143894,CH1,POWER,3.60
1765568143898,CH1,POWER,3.60
1765568143903,CH1,POWER,3.60
1765568143907,CH1,POWER,3.60
1765568143911,CH1,POWER,3.60
1765568143915,CH1,POWER,3.60
1765568143920,CH1,POWER,3.60
1765568143927,CH1,POWER,3.60
1765568143932,CH1,POWER,3.60
1765568143939,CH1,POWER,3.60
1765568143944,CH1,POWER,3.60
1765568143948,CH1,POWER,3.60
1765568143953,CH1,POWER,3.60
1765568143958,CH1,POWER,3.60
1765568143962,CH1,POWER,3.60
1765568143969,CH1,POWER,3.60
1765568143974,CH1,POWER,3.60
1765568143978,CH1,POWER,3.60
1765568143982,CH1,POWER,3.60
1765568143989,CH1,POWER,3.60
1765568143994,CH1,POWER,3.60
1765568143999,CH1,POWER,3.60
1765568144004,CH1,POWER,3.60
1765568144009,CH1,POWER,3.60
1765568144014,CH1,POWER,3.60
1765568144018,CH1,POWER,3.60
1765568144023,CH1,POWER,3.60
1765568144028,CH1,POWER,3.60
1765568144032,CH1,POWER,3.60
1765568144038,CH1,POWER,3.60
1765568144042,CH1,POWER,3.60
1765568144048,CH1,POWER,3.60
1765568144052,CH1,POWER,3.60
1765568144059,CH1,POWER,3.60
1765568144064,CH1,POWER,3.60
1765568144068,CH1,POWER,3.60
1765568144072,CH1,POWER,3.60
1765568144079,CH1,POWER,3.60
1765568144084,CH1,POWER,3.60
1765568144088,CH1,POWER,3.60
1765568144093,CH1,POWER,3.60
1765568144098,CH1,POWER,3.60
1765568144103,CH1,POWER,3.60
1765568144109,CH1,POWER,3.60
1765568144114,CH1,POWER,3.60
1765568144118,CH1,POWER,3.60
1765568144123,CH1,POWER,3.60
1765568144128,CH1,POWER,3.60
1765568144133,CH1,POWER,3.60
1765568144137,CH1,POWER,3.60
1765568144142,CH1,POWER,3.60
1765568144148,CH1,POWER,3.60
1765568144153,CH1,POWER,3.60
1765568144157,CH1,POWER,3.60
1765568144162,CH1,POWER,3.60
1765568144169,CH1,POWER,3.60
1765568144177,CH1,POWER,3.60
1765568144182,CH1,POWER,3.60
1765568144189,CH1,POWER,3.60
1765568144194,CH1,POWER,3.60
1765568144199,CH1,POWER,3.60
1765568144201,CH1,POWER,3.60
1765568144228,CH1,POWER,3.60
1765568144233,CH1,POWER,3.60
1765568144238,CH1,POWER,3.60
1765568144244,CH1,POWER,3.60
1765568144251,CH1,POWER,3.60
1765568144256,CH1,POWER,3.60
1765568144261,CH1,POWER,3.60
1765568144266,CH1,POWER,3.60
1765568144270,CH1,POWER,3.60
1765568144275,CH1,POWER,3.60
1765568144280,CH1,POWER,3.60
1765568144285,CH1,POWER,3.60
1765568144290,CH1,POWER,3.60
1765568144295,CH1,POWER,3.60
1765568144300,CH1,POWER,3.60
1765568144304,CH1,POWER,3.60
1765568144311,CH1,POWER,3.60
1765568144316,CH1,POWER,3.60
1765568144321,CH1,POWER,3.60
1765568144326,CH1,POWER,3.60
1765568144331,CH1,POWER,3.60
1765568144336,CH1,POWER,3.60
1765568144340,CH1,POWER,3.60
1765568144344,CH1,POWER,3.60
1765568144351,CH1,POWER,3.60
1765568144356,CH1,POWER,3.60
1765568144361,CH1,POWER,3.60
1765568144366,CH1,POWER,3.60
1765568144371,CH1,POWER,3.60
1765568144379,CH1,POWER,3.60
1765568144384,CH1,POWER,3.60
1765568144391,CH1,POWER,3.60
1765568144396,CH1,POWER,3.60
1765568144401,CH1,POWER,3.60
1765568144406,CH1,POWER,3.60
1765568144410,CH1,POWER,3.60
1765568144415,CH1,POWER,3.60
1765568144419,CH1,POWER,3.60
1765568144424,CH1,POWER,3.60
1765568144430,CH1,POWER,3.60
1765568144435,CH1,POWER,3.60
1765568144439,CH1,POWER,3.60
1765568144444,CH1,POWER,3.60
1765568144451,CH1,POWER,3.60
1765568144459,CH1,POWER,3.60
1765568144464,CH1,POWER,3.60
1765568144470,CH1,POWER,3.60
1765568144475,CH1,POWER,3.60
1765568144481,CH1,POWER,3.60
1765568144486,CH1,POWER,3.60
1765568144491,CH1,POWER,3.60
1765568144496,CH1,POWER,3.60
1765568144501,CH1,POWER,3.60
1765568144506,CH1,POWER,3.60
1765568144510,CH1,POWER,3.60
1765568144514,CH1,POWER,3.60
1765568144520,CH1,POWER,3.60
1765568144524,CH1,POWER,3.60
1765568144530,CH1,POWER,3.60
1765568144536,CH1,POWER,3.60
1765568144541,CH1,POWER,3.60
1765568144549,CH1,POWER,3.60
1765568144554,CH1,POWER,3.60
1765568144561,CH1,POWER,3.60
1765568144566,CH1,POWER,3.60
1765568144571,CH1,POWER,3.60
1765568144576,CH1,POWER,3.60
1765568144581,CH1,POWER,3.60
1765568144586,CH1,POWER,3.60
1765568144591,CH1,POWER,3.60
1765568144595,CH1,POWER,3.25
1765568144623,CH1,POWER,3.25
1765568144628,CH1,POWER,3.25
1765568144632,CH1,POWER,3.25
1765568144638,CH1,POWER,3.25
1765568144643,CH1,POWER,3.25
1765568144648,CH1,POWER,3.25
1765568144653,CH1,POWER,3.25
1765568144658,CH1,POWER,3.25
1765568144662,CH1,POWER,3.25
1765568144667,CH1,POWER,3.25
1765568144672,CH1,POWER,3.25
1765568144676,CH1,POWER,3.25
1765568144683,CH1,POWER,3.25
1765568144688,CH1,POWER,3.25
1765568144692,CH1,POWER,3.25
1765568144698,CH1,POWER,3.25
1765568144703,CH1,POWER,3.25
1765568144708,CH1,POWER,3.25
1765568144713,CH1,POWER,3.25
1765568144718,CH1,POWER,3.25
1765568144722,CH1,POWER,3.25
1765568144726,CH1,POWER,3.25
1765568144732,CH1,POWER,3.25
1765568144736,CH1,POWER,3.25
1765568144742,CH1,POWER,3.25
