round,load,period,start_time,id,channelId,exp_duration,end_time,experiment
8,10,0.03,1765627418458,845,CH1,80022,1765627498480,stress-ng
1765627418461,CH1,POWER,2.55
1765627418467,CH1,POWER,2.55
1765627418471,CH1,POWER,2.55
1765627418477,CH1,POWER,2.55
1765627418481,CH1,POWER,2.55
1765627418487,CH1,POWER,2.55
1765627418491,CH1,POWER,2.55
1765627418496,CH1,POWER,2.55
1765627418501,CH1,POWER,2.55
1765627418507,CH1,POWER,2.55
1765627418511,CH1,POWER,2.55
1765627418517,CH1,POWER,2.55
1765627418522,CH1,POWER,2.55
1765627418527,CH1,POWER,2.55
1765627418531,CH1,POWER,2.55
1765627418536,CH1,POWER,2.55
1765627418541,CH1,POWER,2.55
1765627418547,CH1,POWER,2.55
1765627418552,CH1,POWER,2.55
1765627418557,CH1,POWER,2.55
1765627418561,CH1,POWER,2.55
1765627418567,CH1,POWER,2.55
1765627418571,CH1,POWER,2.55
1765627418577,CH1,POWER,2.55
1765627418581,CH1,POWER,2.55
1765627418587,CH1,POWER,2.55
1765627418592,CH1,POWER,2.55
1765627418597,CH1,POWER,2.55
1765627418601,CH1,POWER,2.55
1765627418607,CH1,POWER,2.55
1765627418612,CH1,POWER,2.55
1765627418617,CH1,POWER,2.55
1765627418622,CH1,POWER,2.55
1765627418627,CH1,POWER,2.55
1765627418632,CH1,POWER,2.55
1765627418637,CH1,POWER,2.55
1765627418642,CH1,POWER,2.55
1765627418647,CH1,POWER,2.55
1765627418652,CH1,POWER,2.55
1765627418657,CH1,POWER,2.55
1765627418661,CH1,POWER,2.55
1765627418666,CH1,POWER,2.55
1765627418671,CH1,POWER,2.55
1765627418676,CH1,POWER,2.55
1765627418681,CH1,POWER,2.55
1765627418686,CH1,POWER,2.55
1765627418691,CH1,POWER,2.55
1765627418696,CH1,POWER,2.55
1765627418701,CH1,POWER,2.55
1765627418706,CH1,POWER,2.55
1765627418710,CH1,POWER,2.55
1765627418717,CH1,POWER,2.55
1765627418722,CH1,POWER,2.55
1765627418727,CH1,POWER,2.55
1765627418731,CH1,POWER,2.55
1765627418736,CH1,POWER,2.55
1765627418741,CH1,POWER,2.55
1765627418768,CH1,POWER,3.25
1765627418773,CH1,POWER,3.25
1765627418778,CH1,POWER,3.25
1765627418782,CH1,POWER,3.25
1765627418789,CH1,POWER,3.25
1765627418794,CH1,POWER,3.25
1765627418799,CH1,POWER,3.25
1765627418803,CH1,POWER,3.25
1765627418808,CH1,POWER,3.25
1765627418813,CH1,POWER,3.25
1765627418818,CH1,POWER,3.25
1765627418822,CH1,POWER,3.25
1765627418826,CH1,POWER,3.25
1765627418831,CH1,POWER,3.25
1765627418837,CH1,POWER,3.25
1765627418842,CH1,POWER,3.25
1765627418849,CH1,POWER,3.25
1765627418854,CH1,POWER,3.25
1765627418859,CH1,POWER,3.25
1765627418863,CH1,POWER,3.25
1765627418869,CH1,POWER,3.25
1765627418874,CH1,POWER,3.25
1765627418879,CH1,POWER,3.25
1765627418884,CH1,POWER,3.25
1765627418889,CH1,POWER,3.25
1765627418893,CH1,POWER,3.25
1765627418898,CH1,POWER,3.25
1765627418902,CH1,POWER,3.25
1765627418909,CH1,POWER,3.25
1765627418914,CH1,POWER,3.25
1765627418919,CH1,POWER,3.25
1765627418924,CH1,POWER,3.25
1765627418929,CH1,POWER,3.25
1765627418934,CH1,POWER,3.25
1765627418939,CH1,POWER,3.25
1765627418944,CH1,POWER,3.25
1765627418949,CH1,POWER,3.25
1765627418953,CH1,POWER,3.25
1765627418959,CH1,POWER,3.25
1765627418964,CH1,POWER,3.25
1765627418969,CH1,POWER,3.25
1765627418974,CH1,POWER,3.25
1765627418979,CH1,POWER,3.25
1765627418983,CH1,POWER,3.25
1765627418989,CH1,POWER,3.25
1765627418994,CH1,POWER,3.25
1765627418999,CH1,POWER,3.25
1765627419003,CH1,POWER,3.25
1765627419008,CH1,POWER,3.25
1765627419013,CH1,POWER,3.25
1765627419018,CH1,POWER,3.25
1765627419023,CH1,POWER,3.25
1765627419028,CH1,POWER,3.25
1765627419033,CH1,POWER,3.25
1765627419039,CH1,POWER,3.25
1765627419044,CH1,POWER,3.25
1765627419049,CH1,POWER,3.25
1765627419054,CH1,POWER,3.25
1765627419059,CH1,POWER,3.25
1765627419063,CH1,POWER,3.25
1765627419069,CH1,POWER,3.25
1765627419073,CH1,POWER,3.25
1765627419078,CH1,POWER,3.25
1765627419082,CH1,POWER,3.25
1765627419088,CH1,POWER,3.25
1765627419093,CH1,POWER,3.25
1765627419099,CH1,POWER,3.25
1765627419104,CH1,POWER,3.25
1765627419109,CH1,POWER,3.25
1765627419114,CH1,POWER,3.25
1765627419119,CH1,POWER,3.25
1765627419126,CH1,POWER,3.25
1765627419129,CH1,POWER,3.25
1765627419131,CH1,POWER,3.25
1765627419158,CH1,POWER,3.25
1765627419163,CH1,POWER,3.25
1765627419168,CH1,POWER,3.25
1765627419173,CH1,POWER,3.25
1765627419178,CH1,POWER,3.25
1765627419182,CH1,POWER,3.25
1765627419189,CH1,POWER,3.25
1765627419194,CH1,POWER,3.25
1765627419201,CH1,POWER,3.25
1765627419206,CH1,POWER,3.25
1765627419211,CH1,POWER,3.25
1765627419216,CH1,POWER,3.25
1765627419221,CH1,POWER,3.25
1765627419225,CH1,POWER,3.25
1765627419231,CH1,POWER,3.25
1765627419236,CH1,POWER,3.25
1765627419241,CH1,POWER,3.25
1765627419245,CH1,POWER,3.25
1765627419250,CH1,POWER,3.25
1765627419255,CH1,POWER,3.25
1765627419261,CH1,POWER,3.25
1765627419265,CH1,POWER,3.25
1765627419271,CH1,POWER,3.25
1765627419275,CH1,POWER,3.25
1765627419280,CH1,POWER,3.25
1765627419286,CH1,POWER,3.25
1765627419291,CH1,POWER,3.25
1765627419296,CH1,POWER,3.25
1765627419301,CH1,POWER,3.25
1765627419305,CH1,POWER,3.25
1765627419310,CH1,POWER,3.25
1765627419316,CH1,POWER,3.25
1765627419321,CH1,POWER,3.25
1765627419326,CH1,POWER,3.25
1765627419331,CH1,POWER,3.25
1765627419336,CH1,POWER,3.25
1765627419341,CH1,POWER,3.25
1765627419345,CH1,POWER,3.25
1765627419351,CH1,POWER,3.25
1765627419356,CH1,POWER,3.25
1765627419361,CH1,POWER,3.25
1765627419369,CH1,POWER,3.25
1765627419374,CH1,POWER,3.25
1765627419381,CH1,POWER,3.25
1765627419386,CH1,POWER,3.25
1765627419391,CH1,POWER,3.25
1765627419395,CH1,POWER,3.25
1765627419401,CH1,POWER,3.25
1765627419409,CH1,POWER,3.25
1765627419414,CH1,POWER,3.25
1765627419421,CH1,POWER,3.25
1765627419426,CH1,POWER,3.25
1765627419431,CH1,POWER,3.25
1765627419435,CH1,POWER,3.25
1765627419441,CH1,POWER,3.25
1765627419446,CH1,POWER,3.25
1765627419451,CH1,POWER,3.25
1765627419459,CH1,POWER,3.25
1765627419463,CH1,POWER,3.25
1765627419468,CH1,POWER,3.25
1765627419474,CH1,POWER,3.25
1765627419481,CH1,POWER,3.25
1765627419486,CH1,POWER,3.25
1765627419491,CH1,POWER,3.25
1765627419496,CH1,POWER,3.25
1765627419501,CH1,POWER,3.25
1765627419506,CH1,POWER,3.25
1765627419511,CH1,POWER,3.25
1765627419515,CH1,POWER,3.25
1765627419543,CH1,POWER,3.25
1765627419548,CH1,POWER,3.25
1765627419553,CH1,POWER,3.25
1765627419561,CH1,POWER,3.25
1765627419567,CH1,POWER,3.25
1765627419572,CH1,POWER,3.25
1765627419578,CH1,POWER,3.25
1765627419583,CH1,POWER,3.25
1765627419591,CH1,POWER,3.25
1765627419596,CH1,POWER,3.25
1765627419603,CH1,POWER,3.25
1765627419608,CH1,POWER,3.25
1765627419613,CH1,POWER,3.25
1765627419618,CH1,POWER,3.25
1765627419623,CH1,POWER,3.25
1765627419631,CH1,POWER,3.25
1765627419637,CH1,POWER,3.25
1765627419642,CH1,POWER,3.25
1765627419647,CH1,POWER,3.25
1765627419653,CH1,POWER,3.25
1765627419658,CH1,POWER,3.25
1765627419663,CH1,POWER,3.25
1765627419668,CH1,POWER,3.25
1765627419673,CH1,POWER,3.25
1765627419681,CH1,POWER,3.25
1765627419686,CH1,POWER,3.25
1765627419693,CH1,POWER,3.25
1765627419697,CH1,POWER,3.25
1765627419702,CH1,POWER,3.25
1765627419706,CH1,POWER,3.25
1765627419713,CH1,POWER,3.25
1765627419718,CH1,POWER,3.25
1765627419723,CH1,POWER,3.25
1765627419731,CH1,POWER,3.25
1765627419736,CH1,POWER,3.25
1765627419743,CH1,POWER,3.25
1765627419751,CH1,POWER,3.25
1765627419755,CH1,POWER,3.25
1765627419761,CH1,POWER,3.25
1765627419767,CH1,POWER,3.25
1765627419772,CH1,POWER,3.25
1765627419777,CH1,POWER,3.25
1765627419783,CH1,POWER,3.25
1765627419787,CH1,POWER,3.25
1765627419792,CH1,POWER,3.25
1765627419797,CH1,POWER,3.25
1765627419803,CH1,POWER,3.25
1765627419807,CH1,POWER,3.25
1765627419812,CH1,POWER,3.25
1765627419816,CH1,POWER,3.25
1765627419822,CH1,POWER,3.25
1765627419827,CH1,POWER,3.25
1765627419833,CH1,POWER,3.25
1765627419838,CH1,POWER,3.25
1765627419843,CH1,POWER,3.25
1765627419851,CH1,POWER,3.25
1765627419856,CH1,POWER,3.25
1765627419863,CH1,POWER,3.25
1765627419871,CH1,POWER,3.25
1765627419876,CH1,POWER,3.25
1765627419883,CH1,POWER,3.25
1765627419890,CH1,POWER,3.25
1765627419893,CH1,POWER,3.30
1765627419895,CH1,POWER,3.30
1765627419922,CH1,POWER,3.30
1765627419927,CH1,POWER,3.30
1765627419932,CH1,POWER,3.30
1765627419938,CH1,POWER,3.30
1765627419942,CH1,POWER,3.30
1765627419947,CH1,POWER,3.30
1765627419952,CH1,POWER,3.30
1765627419957,CH1,POWER,3.30
1765627419965,CH1,POWER,3.30
1765627419970,CH1,POWER,3.30
1765627419975,CH1,POWER,3.30
1765627419980,CH1,POWER,3.30
1765627419985,CH1,POWER,3.30
1765627419990,CH1,POWER,3.30
1765627419995,CH1,POWER,3.30
1765627420003,CH1,POWER,3.30
1765627420009,CH1,POWER,3.30
1765627420015,CH1,POWER,3.30
1765627420020,CH1,POWER,3.30
1765627420025,CH1,POWER,3.30
1765627420030,CH1,POWER,3.30
1765627420035,CH1,POWER,3.30
1765627420040,CH1,POWER,3.30
1765627420045,CH1,POWER,3.30
1765627420053,CH1,POWER,3.30
1765627420059,CH1,POWER,3.30
1765627420064,CH1,POWER,3.30
1765627420069,CH1,POWER,3.30
1765627420075,CH1,POWER,3.30
1765627420080,CH1,POWER,3.30
1765627420085,CH1,POWER,3.30
1765627420090,CH1,POWER,3.30
1765627420095,CH1,POWER,3.30
1765627420103,CH1,POWER,3.30
1765627420107,CH1,POWER,3.30
1765627420112,CH1,POWER,3.30
1765627420117,CH1,POWER,3.30
1765627420121,CH1,POWER,3.30
1765627420126,CH1,POWER,3.30
1765627420133,CH1,POWER,3.30
1765627420139,CH1,POWER,3.30
1765627420144,CH1,POWER,3.30
1765627420149,CH1,POWER,3.30
1765627420154,CH1,POWER,3.30
1765627420160,CH1,POWER,3.30
1765627420165,CH1,POWER,3.30
1765627420173,CH1,POWER,3.30
1765627420178,CH1,POWER,3.30
1765627420185,CH1,POWER,3.30
1765627420190,CH1,POWER,3.30
1765627420195,CH1,POWER,3.30
1765627420200,CH1,POWER,3.30
1765627420205,CH1,POWER,3.30
1765627420210,CH1,POWER,3.30
1765627420215,CH1,POWER,3.30
1765627420222,CH1,POWER,3.30
1765627420227,CH1,POWER,3.30
1765627420233,CH1,POWER,3.30
1765627420239,CH1,POWER,3.30
1765627420245,CH1,POWER,3.30
1765627420253,CH1,POWER,3.30
1765627420258,CH1,POWER,3.30
1765627420265,CH1,POWER,3.30
1765627420270,CH1,POWER,3.30
1765627420275,CH1,POWER,3.30
1765627420278,CH1,POWER,3.65
1765627420306,CH1,POWER,3.65
1765627420310,CH1,POWER,3.65
1765627420314,CH1,POWER,3.65
1765627420319,CH1,POWER,3.65
1765627420324,CH1,POWER,3.65
1765627420329,CH1,POWER,3.65
1765627420337,CH1,POWER,3.65
1765627420342,CH1,POWER,3.65
1765627420347,CH1,POWER,3.65
1765627420352,CH1,POWER,3.65
1765627420356,CH1,POWER,3.65
1765627420360,CH1,POWER,3.65
1765627420366,CH1,POWER,3.65
1765627420371,CH1,POWER,3.65
1765627420376,CH1,POWER,3.65
1765627420381,CH1,POWER,3.65
1765627420386,CH1,POWER,3.65
1765627420392,CH1,POWER,3.65
1765627420397,CH1,POWER,3.65
1765627420402,CH1,POWER,3.65
1765627420407,CH1,POWER,3.65
1765627420412,CH1,POWER,3.65
1765627420417,CH1,POWER,3.65
1765627420425,CH1,POWER,3.65
1765627420430,CH1,POWER,3.65
1765627420437,CH1,POWER,3.65
1765627420442,CH1,POWER,3.65
1765627420447,CH1,POWER,3.65
1765627420455,CH1,POWER,3.65
1765627420461,CH1,POWER,3.65
1765627420466,CH1,POWER,3.65
1765627420471,CH1,POWER,3.65
1765627420475,CH1,POWER,3.65
1765627420480,CH1,POWER,3.65
1765627420487,CH1,POWER,3.65
1765627420492,CH1,POWER,3.65
1765627420497,CH1,POWER,3.65
1765627420505,CH1,POWER,3.65
1765627420510,CH1,POWER,3.65
1765627420516,CH1,POWER,3.65
1765627420521,CH1,POWER,3.65
1765627420526,CH1,POWER,3.65
1765627420531,CH1,POWER,3.65
1765627420537,CH1,POWER,3.65
1765627420542,CH1,POWER,3.65
1765627420547,CH1,POWER,3.65
1765627420555,CH1,POWER,3.65
1765627420560,CH1,POWER,3.65
1765627420567,CH1,POWER,3.65
1765627420575,CH1,POWER,3.65
1765627420580,CH1,POWER,3.65
1765627420587,CH1,POWER,3.65
1765627420592,CH1,POWER,3.65
1765627420597,CH1,POWER,3.65
1765627420602,CH1,POWER,3.65
1765627420607,CH1,POWER,3.65
1765627420612,CH1,POWER,3.65
1765627420617,CH1,POWER,3.65
1765627420625,CH1,POWER,3.65
1765627420631,CH1,POWER,3.65
1765627420636,CH1,POWER,3.65
1765627420641,CH1,POWER,3.65
1765627420646,CH1,POWER,3.65
1765627420651,CH1,POWER,3.65
1765627420656,CH1,POWER,3.65
1765627420661,CH1,POWER,3.65
1765627420666,CH1,POWER,3.65
1765627420670,CH1,POWER,3.25
1765627420698,CH1,POWER,3.25
1765627420703,CH1,POWER,3.25
1765627420708,CH1,POWER,3.25
1765627420714,CH1,POWER,3.25
1765627420719,CH1,POWER,3.25
1765627420727,CH1,POWER,3.25
1765627420732,CH1,POWER,3.25
1765627420738,CH1,POWER,3.25
1765627420743,CH1,POWER,3.25
1765627420748,CH1,POWER,3.25
1765627420753,CH1,POWER,3.25
1765627420758,CH1,POWER,3.25
1765627420762,CH1,POWER,3.25
1765627420769,CH1,POWER,3.25
1765627420774,CH1,POWER,3.25
1765627420779,CH1,POWER,3.25
1765627420787,CH1,POWER,3.25
1765627420792,CH1,POWER,3.25
1765627420798,CH1,POWER,3.25
1765627420803,CH1,POWER,3.25
1765627420808,CH1,POWER,3.25
1765627420813,CH1,POWER,3.25
1765627420818,CH1,POWER,3.25
1765627420823,CH1,POWER,3.25
1765627420829,CH1,POWER,3.25
1765627420837,CH1,POWER,3.25
1765627420842,CH1,POWER,3.25
1765627420849,CH1,POWER,3.25
1765627420854,CH1,POWER,3.25
1765627420858,CH1,POWER,3.25
1765627420863,CH1,POWER,3.25
1765627420868,CH1,POWER,3.25
1765627420872,CH1,POWER,3.25
1765627420879,CH1,POWER,3.25
1765627420884,CH1,POWER,3.25
1765627420889,CH1,POWER,3.25
1765627420894,CH1,POWER,3.25
1765627420899,CH1,POWER,3.25
1765627420904,CH1,POWER,3.25
1765627420909,CH1,POWER,3.25
1765627420914,CH1,POWER,3.25
1765627420919,CH1,POWER,3.25
1765627420923,CH1,POWER,3.25
1765627420928,CH1,POWER,3.25
1765627420933,CH1,POWER,3.25
1765627420938,CH1,POWER,3.25
1765627420943,CH1,POWER,3.25
1765627420949,CH1,POWER,3.25
1765627420954,CH1,POWER,3.25
1765627420958,CH1,POWER,3.25
1765627420962,CH1,POWER,3.25
1765627420969,CH1,POWER,3.25
1765627420973,CH1,POWER,3.25
1765627420978,CH1,POWER,3.25
1765627420983,CH1,POWER,3.25
1765627420988,CH1,POWER,3.25
1765627420993,CH1,POWER,3.25
1765627420999,CH1,POWER,3.25
1765627421004,CH1,POWER,3.25
1765627421009,CH1,POWER,3.25
1765627421014,CH1,POWER,3.25
1765627421019,CH1,POWER,3.25
1765627421024,CH1,POWER,3.25
1765627421029,CH1,POWER,3.25
1765627421034,CH1,POWER,3.25
1765627421039,CH1,POWER,3.25
1765627421044,CH1,POWER,3.25
1765627421048,CH1,POWER,3.25
1765627421053,CH1,POWER,3.25
1765627421057,CH1,POWER,3.25
1765627421059,CH1,POWER,3.25
1765627421061,CH1,POWER,3.25
1765627421088,CH1,POWER,3.25
1765627421093,CH1,POWER,3.25
1765627421097,CH1,POWER,3.25
1765627421102,CH1,POWER,3.25
1765627421108,CH1,POWER,3.25
1765627421112,CH1,POWER,3.25
1765627421119,CH1,POWER,3.25
1765627421124,CH1,POWER,3.25
1765627421128,CH1,POWER,3.25
1765627421133,CH1,POWER,3.25
1765627421139,CH1,POWER,3.25
1765627421144,CH1,POWER,3.25
1765627421147,CH1,POWER,3.25
1765627421152,CH1,POWER,3.25
1765627421159,CH1,POWER,3.25
1765627421162,CH1,POWER,3.25
1765627421169,CH1,POWER,3.25
1765627421174,CH1,POWER,3.25
1765627421181,CH1,POWER,3.25
1765627421186,CH1,POWER,3.25
1765627421191,CH1,POWER,3.25
1765627421196,CH1,POWER,3.25
1765627421201,CH1,POWER,3.25
1765627421206,CH1,POWER,3.25
1765627421211,CH1,POWER,3.25
1765627421216,CH1,POWER,3.25
1765627421220,CH1,POWER,3.25
1765627421224,CH1,POWER,3.25
1765627421231,CH1,POWER,3.25
1765627421236,CH1,POWER,3.25
1765627421240,CH1,POWER,3.25
1765627421245,CH1,POWER,3.25
1765627421250,CH1,POWER,3.25
1765627421254,CH1,POWER,3.25
1765627421260,CH1,POWER,3.25
1765627421265,CH1,POWER,3.25
1765627421269,CH1,POWER,3.25
1765627421274,CH1,POWER,3.25
1765627421281,CH1,POWER,3.25
1765627421286,CH1,POWER,3.25
1765627421291,CH1,POWER,3.25
1765627421296,CH1,POWER,3.25
1765627421301,CH1,POWER,3.25
1765627421306,CH1,POWER,3.25
1765627421310,CH1,POWER,3.25
1765627421315,CH1,POWER,3.25
1765627421319,CH1,POWER,3.25
1765627421324,CH1,POWER,3.25
1765627421330,CH1,POWER,3.25
1765627421335,CH1,POWER,3.25
1765627421340,CH1,POWER,3.25
1765627421344,CH1,POWER,3.25
1765627421351,CH1,POWER,3.25
1765627421356,CH1,POWER,3.25
1765627421360,CH1,POWER,3.25
1765627421365,CH1,POWER,3.25
1765627421369,CH1,POWER,3.25
1765627421373,CH1,POWER,3.25
1765627421378,CH1,POWER,3.25
1765627421384,CH1,POWER,3.25
1765627421391,CH1,POWER,3.25
1765627421396,CH1,POWER,3.25
1765627421400,CH1,POWER,3.25
1765627421404,CH1,POWER,3.25
1765627421411,CH1,POWER,3.25
1765627421416,CH1,POWER,3.25
1765627421421,CH1,POWER,3.25
1765627421429,CH1,POWER,3.25
1765627421434,CH1,POWER,3.25
1765627421440,CH1,POWER,3.25
1765627421445,CH1,POWER,3.25
1765627421473,CH1,POWER,3.25
1765627421478,CH1,POWER,3.25
1765627421482,CH1,POWER,3.25
1765627421487,CH1,POWER,3.25
1765627421491,CH1,POWER,3.25
1765627421496,CH1,POWER,3.25
1765627421502,CH1,POWER,3.25
1765627421507,CH1,POWER,3.25
1765627421511,CH1,POWER,3.25
1765627421515,CH1,POWER,3.25
1765627421520,CH1,POWER,3.25
1765627421526,CH1,POWER,3.25
1765627421533,CH1,POWER,3.25
1765627421541,CH1,POWER,3.25
1765627421546,CH1,POWER,3.25
1765627421553,CH1,POWER,3.25
1765627421558,CH1,POWER,3.25
1765627421562,CH1,POWER,3.25
1765627421566,CH1,POWER,3.25
1765627421573,CH1,POWER,3.25
1765627421578,CH1,POWER,3.25
1765627421582,CH1,POWER,3.25
1765627421587,CH1,POWER,3.25
1765627421591,CH1,POWER,3.25
1765627421595,CH1,POWER,3.25
1765627421600,CH1,POWER,3.25
1765627421604,CH1,POWER,3.25
1765627421611,CH1,POWER,3.25
1765627421617,CH1,POWER,3.25
1765627421622,CH1,POWER,3.25
1765627421628,CH1,POWER,3.25
1765627421633,CH1,POWER,3.25
1765627421638,CH1,POWER,3.25
1765627421642,CH1,POWER,3.25
1765627421646,CH1,POWER,3.25
1765627421653,CH1,POWER,3.25
1765627421658,CH1,POWER,3.25
1765627421662,CH1,POWER,3.25
1765627421667,CH1,POWER,3.25
1765627421673,CH1,POWER,3.25
1765627421678,CH1,POWER,3.25
1765627421683,CH1,POWER,3.25
1765627421688,CH1,POWER,3.25
1765627421692,CH1,POWER,3.25
1765627421697,CH1,POWER,3.25
1765627421701,CH1,POWER,3.25
1765627421705,CH1,POWER,3.25
1765627421710,CH1,POWER,3.25
1765627421714,CH1,POWER,3.25
1765627421721,CH1,POWER,3.25
1765627421726,CH1,POWER,3.25
1765627421732,CH1,POWER,3.25
1765627421737,CH1,POWER,3.25
1765627421742,CH1,POWER,3.25
1765627421747,CH1,POWER,3.25
1765627421752,CH1,POWER,3.25
1765627421756,CH1,POWER,3.25
1765627421763,CH1,POWER,3.25
1765627421768,CH1,POWER,3.25
1765627421772,CH1,POWER,3.25
1765627421777,CH1,POWER,3.25
1765627421782,CH1,POWER,3.25
1765627421786,CH1,POWER,3.25
1765627421793,CH1,POWER,3.25
1765627421798,CH1,POWER,3.25
1765627421802,CH1,POWER,3.25
1765627421807,CH1,POWER,3.25
1765627421812,CH1,POWER,3.25
1765627421817,CH1,POWER,3.25
1765627421821,CH1,POWER,3.25
1765627421826,CH1,POWER,3.25
1765627421833,CH1,POWER,3.25
1765627421837,CH1,POWER,3.60
1765627421865,CH1,POWER,3.60
1765627421870,CH1,POWER,3.60
1765627421875,CH1,POWER,3.60
1765627421879,CH1,POWER,3.60
1765627421883,CH1,POWER,3.60
1765627421888,CH1,POWER,3.60
1765627421893,CH1,POWER,3.60
1765627421898,CH1,POWER,3.60
1765627421904,CH1,POWER,3.60
1765627421908,CH1,POWER,3.60
1765627421914,CH1,POWER,3.60
1765627421919,CH1,POWER,3.60
1765627421924,CH1,POWER,3.60
1765627421930,CH1,POWER,3.60
1765627421935,CH1,POWER,3.60
1765627421940,CH1,POWER,3.60
1765627421944,CH1,POWER,3.60
1765627421949,CH1,POWER,3.60
1765627421953,CH1,POWER,3.60
1765627421957,CH1,POWER,3.60
1765627421962,CH1,POWER,3.60
1765627421967,CH1,POWER,3.60
1765627421974,CH1,POWER,3.60
1765627421979,CH1,POWER,3.60
1765627421983,CH1,POWER,3.60
1765627421988,CH1,POWER,3.60
1765627421994,CH1,POWER,3.60
1765627421999,CH1,POWER,3.60
1765627422003,CH1,POWER,3.60
1765627422008,CH1,POWER,3.60
1765627422015,CH1,POWER,3.60
1765627422023,CH1,POWER,3.60
1765627422028,CH1,POWER,3.60
1765627422035,CH1,POWER,3.60
1765627422040,CH1,POWER,3.60
1765627422045,CH1,POWER,3.60
1765627422050,CH1,POWER,3.60
1765627422055,CH1,POWER,3.60
1765627422060,CH1,POWER,3.60
1765627422064,CH1,POWER,3.60
1765627422069,CH1,POWER,3.60
1765627422075,CH1,POWER,3.60
1765627422080,CH1,POWER,3.60
1765627422085,CH1,POWER,3.60
1765627422090,CH1,POWER,3.60
1765627422094,CH1,POWER,3.60
1765627422098,CH1,POWER,3.60
1765627422104,CH1,POWER,3.60
1765627422108,CH1,POWER,3.60
1765627422114,CH1,POWER,3.60
1765627422118,CH1,POWER,3.60
1765627422125,CH1,POWER,3.60
1765627422133,CH1,POWER,3.60
1765627422138,CH1,POWER,3.60
1765627422144,CH1,POWER,3.60
1765627422149,CH1,POWER,3.60
1765627422153,CH1,POWER,3.60
1765627422157,CH1,POWER,3.60
1765627422161,CH1,POWER,3.60
1765627422165,CH1,POWER,3.60
1765627422170,CH1,POWER,3.60
1765627422175,CH1,POWER,3.60
1765627422180,CH1,POWER,3.60
1765627422184,CH1,POWER,3.60
1765627422189,CH1,POWER,3.60
1765627422194,CH1,POWER,3.60
1765627422199,CH1,POWER,3.60
1765627422203,CH1,POWER,3.60
1765627422208,CH1,POWER,3.60
1765627422215,CH1,POWER,3.60
1765627422220,CH1,POWER,3.60
1765627422224,CH1,POWER,3.60
1765627422228,CH1,POWER,3.60
1765627422257,CH1,POWER,3.25
1765627422262,CH1,POWER,3.25
1765627422266,CH1,POWER,3.25
1765627422271,CH1,POWER,3.25
1765627422276,CH1,POWER,3.25
1765627422280,CH1,POWER,3.25
1765627422287,CH1,POWER,3.25
1765627422292,CH1,POWER,3.25
1765627422296,CH1,POWER,3.25
1765627422300,CH1,POWER,3.25
1765627422306,CH1,POWER,3.25
1765627422310,CH1,POWER,3.25
1765627422315,CH1,POWER,3.25
1765627422320,CH1,POWER,3.25
1765627422327,CH1,POWER,3.25
1765627422332,CH1,POWER,3.25
1765627422336,CH1,POWER,3.25
1765627422340,CH1,POWER,3.25
1765627422346,CH1,POWER,3.25
1765627422350,CH1,POWER,3.25
1765627422357,CH1,POWER,3.25
1765627422362,CH1,POWER,3.25
1765627422366,CH1,POWER,3.25
1765627422371,CH1,POWER,3.25
1765627422376,CH1,POWER,3.25
1765627422382,CH1,POWER,3.25
1765627422387,CH1,POWER,3.25
1765627422392,CH1,POWER,3.25
1765627422397,CH1,POWER,3.25
1765627422402,CH1,POWER,3.25
1765627422406,CH1,POWER,3.25
1765627422411,CH1,POWER,3.25
1765627422415,CH1,POWER,3.25
1765627422419,CH1,POWER,3.25
1765627422426,CH1,POWER,3.25
1765627422431,CH1,POWER,3.25
1765627422435,CH1,POWER,3.25
1765627422440,CH1,POWER,3.25
1765627422447,CH1,POWER,3.25
1765627422452,CH1,POWER,3.25
1765627422456,CH1,POWER,3.25
1765627422460,CH1,POWER,3.25
1765627422466,CH1,POWER,3.25
1765627422470,CH1,POWER,3.25
1765627422476,CH1,POWER,3.25
1765627422482,CH1,POWER,3.25
1765627422486,CH1,POWER,3.25
1765627422490,CH1,POWER,3.25
1765627422496,CH1,POWER,3.25
1765627422500,CH1,POWER,3.25
1765627422506,CH1,POWER,3.25
1765627422511,CH1,POWER,3.25
1765627422515,CH1,POWER,3.25
1765627422519,CH1,POWER,3.25
1765627422525,CH1,POWER,3.25
1765627422529,CH1,POWER,3.25
1765627422536,CH1,POWER,3.25
1765627422541,CH1,POWER,3.25
1765627422545,CH1,POWER,3.25
1765627422550,CH1,POWER,3.25
1765627422557,CH1,POWER,3.25
1765627422562,CH1,POWER,3.25
1765627422567,CH1,POWER,3.25
1765627422572,CH1,POWER,3.25
1765627422577,CH1,POWER,3.25
1765627422585,CH1,POWER,3.25
1765627422590,CH1,POWER,3.25
1765627422597,CH1,POWER,3.25
1765627422602,CH1,POWER,3.25
1765627422607,CH1,POWER,3.25
1765627422612,CH1,POWER,3.25
1765627422616,CH1,POWER,3.25
1765627422621,CH1,POWER,3.25
1765627422649,CH1,POWER,3.25
1765627422654,CH1,POWER,3.25
1765627422658,CH1,POWER,3.25
1765627422664,CH1,POWER,3.25
1765627422669,CH1,POWER,3.25
1765627422674,CH1,POWER,3.25
1765627422679,CH1,POWER,3.25
1765627422684,CH1,POWER,3.25
1765627422688,CH1,POWER,3.25
1765627422692,CH1,POWER,3.25
1765627422698,CH1,POWER,3.25
1765627422702,CH1,POWER,3.25
1765627422708,CH1,POWER,3.25
1765627422717,CH1,POWER,3.25
1765627422722,CH1,POWER,3.25
1765627422728,CH1,POWER,3.25
1765627422733,CH1,POWER,3.25
1765627422738,CH1,POWER,3.25
1765627422742,CH1,POWER,3.25
1765627422749,CH1,POWER,3.25
1765627422754,CH1,POWER,3.25
1765627422759,CH1,POWER,3.25
1765627422766,CH1,POWER,3.25
1765627422772,CH1,POWER,3.25
1765627422778,CH1,POWER,3.25
1765627422786,CH1,POWER,3.25
1765627422791,CH1,POWER,3.25
1765627422796,CH1,POWER,3.25
1765627422800,CH1,POWER,3.25
1765627422806,CH1,POWER,3.25
1765627422812,CH1,POWER,3.25
1765627422818,CH1,POWER,3.25
1765627422827,CH1,POWER,3.25
1765627422832,CH1,POWER,3.25
1765627422838,CH1,POWER,3.25
1765627422842,CH1,POWER,3.25
1765627422849,CH1,POWER,3.25
1765627422857,CH1,POWER,3.25
1765627422861,CH1,POWER,3.25
1765627422865,CH1,POWER,3.25
1765627422870,CH1,POWER,3.25
1765627422876,CH1,POWER,3.25
1765627422883,CH1,POWER,3.25
1765627422888,CH1,POWER,3.25
1765627422892,CH1,POWER,3.25
1765627422899,CH1,POWER,3.25
1765627422904,CH1,POWER,3.25
1765627422909,CH1,POWER,3.25
1765627422914,CH1,POWER,3.25
1765627422918,CH1,POWER,3.25
1765627422922,CH1,POWER,3.25
1765627422928,CH1,POWER,3.25
1765627422932,CH1,POWER,3.25
1765627422939,CH1,POWER,3.25
1765627422944,CH1,POWER,3.25
1765627422948,CH1,POWER,3.25
1765627422952,CH1,POWER,3.25
1765627422958,CH1,POWER,3.25
1765627422967,CH1,POWER,3.25
1765627422972,CH1,POWER,3.25
1765627422979,CH1,POWER,3.25
1765627422984,CH1,POWER,3.25
1765627422988,CH1,POWER,3.25
1765627422992,CH1,POWER,3.25
1765627422999,CH1,POWER,3.25
1765627423004,CH1,POWER,3.25
1765627423007,CH1,POWER,3.25
1765627423009,CH1,POWER,3.25
1765627423012,CH1,POWER,3.25
1765627423038,CH1,POWER,3.25
1765627423043,CH1,POWER,3.25
1765627423047,CH1,POWER,3.25
1765627423051,CH1,POWER,3.25
1765627423056,CH1,POWER,3.25
1765627423061,CH1,POWER,3.25
1765627423066,CH1,POWER,3.25
1765627423071,CH1,POWER,3.25
1765627423076,CH1,POWER,3.25
1765627423081,CH1,POWER,3.25
1765627423086,CH1,POWER,3.25
1765627423090,CH1,POWER,3.25
1765627423094,CH1,POWER,3.25
1765627423100,CH1,POWER,3.25
1765627423104,CH1,POWER,3.25
1765627423110,CH1,POWER,3.25
1765627423118,CH1,POWER,3.25
1765627423122,CH1,POWER,3.25
1765627423131,CH1,POWER,3.25
1765627423136,CH1,POWER,3.25
1765627423141,CH1,POWER,3.25
1765627423146,CH1,POWER,3.25
1765627423150,CH1,POWER,3.25
1765627423159,CH1,POWER,3.25
1765627423163,CH1,POWER,3.25
1765627423168,CH1,POWER,3.25
1765627423172,CH1,POWER,3.25
1765627423181,CH1,POWER,3.25
1765627423186,CH1,POWER,3.25
1765627423190,CH1,POWER,3.25
1765627423194,CH1,POWER,3.25
1765627423201,CH1,POWER,3.25
1765627423206,CH1,POWER,3.25
1765627423210,CH1,POWER,3.25
1765627423218,CH1,POWER,3.25
1765627423222,CH1,POWER,3.25
1765627423230,CH1,POWER,3.25
1765627423235,CH1,POWER,3.25
1765627423239,CH1,POWER,3.25
1765627423244,CH1,POWER,3.25
1765627423250,CH1,POWER,3.25
1765627423255,CH1,POWER,3.25
1765627423259,CH1,POWER,3.25
1765627423266,CH1,POWER,3.25
1765627423270,CH1,POWER,3.25
1765627423275,CH1,POWER,3.25
1765627423279,CH1,POWER,3.25
1765627423284,CH1,POWER,3.25
1765627423290,CH1,POWER,3.25
1765627423299,CH1,POWER,3.25
1765627423304,CH1,POWER,3.25
1765627423310,CH1,POWER,3.25
1765627423314,CH1,POWER,3.25
1765627423320,CH1,POWER,3.25
1765627423324,CH1,POWER,3.25
1765627423330,CH1,POWER,3.25
1765627423338,CH1,POWER,3.25
1765627423342,CH1,POWER,3.25
1765627423349,CH1,POWER,3.25
1765627423353,CH1,POWER,3.25
1765627423359,CH1,POWER,3.25
1765627423366,CH1,POWER,3.25
1765627423370,CH1,POWER,3.25
1765627423376,CH1,POWER,3.25
1765627423380,CH1,POWER,3.25
1765627423388,CH1,POWER,3.25
1765627423392,CH1,POWER,3.25
1765627423398,CH1,POWER,3.25
1765627423401,CH1,POWER,3.25
1765627423403,CH1,POWER,3.25
1765627423430,CH1,POWER,3.25
1765627423435,CH1,POWER,3.25
1765627423439,CH1,POWER,3.25
1765627423443,CH1,POWER,3.25
1765627423448,CH1,POWER,3.25
1765627423452,CH1,POWER,3.25
1765627423457,CH1,POWER,3.25
1765627423461,CH1,POWER,3.25
1765627423466,CH1,POWER,3.25
1765627423473,CH1,POWER,3.25
1765627423478,CH1,POWER,3.25
1765627423482,CH1,POWER,3.25
1765627423487,CH1,POWER,3.25
1765627423491,CH1,POWER,3.25
1765627423495,CH1,POWER,3.25
1765627423499,CH1,POWER,3.25
1765627423506,CH1,POWER,3.25
1765627423512,CH1,POWER,3.25
1765627423518,CH1,POWER,3.25
1765627423522,CH1,POWER,3.25
1765627423526,CH1,POWER,3.25
1765627423533,CH1,POWER,3.25
1765627423538,CH1,POWER,3.25
1765627423543,CH1,POWER,3.25
1765627423548,CH1,POWER,3.25
1765627423553,CH1,POWER,3.25
1765627423558,CH1,POWER,3.25
1765627423562,CH1,POWER,3.25
1765627423566,CH1,POWER,3.25
1765627423572,CH1,POWER,3.25
1765627423576,CH1,POWER,3.25
1765627423582,CH1,POWER,3.25
1765627423588,CH1,POWER,3.25
1765627423594,CH1,POWER,3.25
1765627423600,CH1,POWER,3.25
1765627423604,CH1,POWER,3.25
1765627423613,CH1,POWER,3.25
1765627423618,CH1,POWER,3.25
1765627423623,CH1,POWER,3.25
1765627423628,CH1,POWER,3.25
1765627423632,CH1,POWER,3.25
1765627423640,CH1,POWER,3.25
1765627423646,CH1,POWER,3.25
1765627423653,CH1,POWER,3.25
1765627423658,CH1,POWER,3.25
1765627423662,CH1,POWER,3.25
1765627423666,CH1,POWER,3.25
1765627423673,CH1,POWER,3.25
1765627423678,CH1,POWER,3.25
1765627423682,CH1,POWER,3.25
1765627423687,CH1,POWER,3.25
1765627423691,CH1,POWER,3.25
1765627423698,CH1,POWER,3.25
1765627423703,CH1,POWER,3.25
1765627423708,CH1,POWER,3.25
1765627423712,CH1,POWER,3.25
1765627423718,CH1,POWER,3.25
1765627423722,CH1,POWER,3.25
1765627423726,CH1,POWER,3.25
1765627423732,CH1,POWER,3.25
1765627423738,CH1,POWER,3.25
1765627423743,CH1,POWER,3.25
1765627423748,CH1,POWER,3.25
1765627423752,CH1,POWER,3.25
1765627423756,CH1,POWER,3.25
1765627423761,CH1,POWER,3.25
1765627423768,CH1,POWER,3.25
1765627423772,CH1,POWER,3.25
1765627423778,CH1,POWER,3.25
1765627423782,CH1,POWER,3.25
1765627423786,CH1,POWER,3.25
1765627423814,CH1,POWER,2.90
1765627423819,CH1,POWER,2.90
1765627423823,CH1,POWER,2.90
1765627423827,CH1,POWER,2.90
1765627423835,CH1,POWER,2.90
1765627423840,CH1,POWER,2.90
1765627423845,CH1,POWER,2.90
1765627423850,CH1,POWER,2.90
1765627423855,CH1,POWER,2.90
1765627423860,CH1,POWER,2.90
1765627423864,CH1,POWER,2.90
1765627423868,CH1,POWER,2.90
1765627423874,CH1,POWER,2.90
1765627423878,CH1,POWER,2.90
1765627423884,CH1,POWER,2.90
1765627423888,CH1,POWER,2.90
1765627423895,CH1,POWER,2.90
1765627423900,CH1,POWER,2.90
1765627423904,CH1,POWER,2.90
1765627423908,CH1,POWER,2.90
1765627423914,CH1,POWER,2.90
1765627423918,CH1,POWER,2.90
1765627423924,CH1,POWER,2.90
1765627423930,CH1,POWER,2.90
1765627423934,CH1,POWER,2.90
1765627423938,CH1,POWER,2.90
1765627423945,CH1,POWER,2.90
1765627423950,CH1,POWER,2.90
1765627423954,CH1,POWER,2.90
1765627423960,CH1,POWER,2.90
1765627423964,CH1,POWER,2.90
1765627423968,CH1,POWER,2.90
1765627423974,CH1,POWER,2.90
1765627423978,CH1,POWER,2.90
1765627423984,CH1,POWER,2.90
1765627423988,CH1,POWER,2.90
1765627423995,CH1,POWER,2.90
1765627424000,CH1,POWER,2.90
1765627424004,CH1,POWER,2.90
1765627424009,CH1,POWER,2.90
1765627424014,CH1,POWER,2.90
1765627424018,CH1,POWER,2.90
1765627424025,CH1,POWER,2.90
1765627424030,CH1,POWER,2.90
1765627424034,CH1,POWER,2.90
1765627424038,CH1,POWER,2.90
1765627424044,CH1,POWER,2.90
1765627424048,CH1,POWER,2.90
1765627424055,CH1,POWER,2.90
1765627424060,CH1,POWER,2.90
1765627424064,CH1,POWER,2.90
1765627424068,CH1,POWER,2.90
1765627424074,CH1,POWER,2.90
1765627424080,CH1,POWER,2.90
1765627424084,CH1,POWER,2.90
1765627424089,CH1,POWER,2.90
1765627424093,CH1,POWER,2.90
1765627424100,CH1,POWER,2.90
1765627424104,CH1,POWER,2.90
1765627424110,CH1,POWER,2.90
1765627424114,CH1,POWER,2.90
1765627424118,CH1,POWER,2.90
1765627424123,CH1,POWER,2.90
1765627424128,CH1,POWER,2.90
1765627424134,CH1,POWER,2.90
1765627424140,CH1,POWER,2.90
1765627424144,CH1,POWER,2.90
1765627424148,CH1,POWER,2.90
1765627424153,CH1,POWER,2.90
1765627424158,CH1,POWER,2.90
1765627424164,CH1,POWER,2.90
1765627424168,CH1,POWER,2.90
1765627424174,CH1,POWER,2.90
1765627424176,CH1,POWER,3.25
1765627424178,CH1,POWER,3.25
1765627424205,CH1,POWER,3.25
1765627424209,CH1,POWER,3.25
1765627424215,CH1,POWER,3.25
1765627424219,CH1,POWER,3.25
1765627424225,CH1,POWER,3.25
1765627424232,CH1,POWER,3.25
1765627424237,CH1,POWER,3.25
1765627424242,CH1,POWER,3.25
1765627424246,CH1,POWER,3.25
1765627424251,CH1,POWER,3.25
1765627424255,CH1,POWER,3.25
1765627424259,CH1,POWER,3.25
1765627424266,CH1,POWER,3.25
1765627424270,CH1,POWER,3.25
1765627424276,CH1,POWER,3.25
1765627424282,CH1,POWER,3.25
1765627424286,CH1,POWER,3.25
1765627424292,CH1,POWER,3.25
1765627424296,CH1,POWER,3.25
1765627424300,CH1,POWER,3.25
1765627424306,CH1,POWER,3.25
1765627424310,CH1,POWER,3.25
1765627424315,CH1,POWER,3.25
1765627424320,CH1,POWER,3.25
1765627424326,CH1,POWER,3.25
1765627424330,CH1,POWER,3.25
1765627424336,CH1,POWER,3.25
1765627424342,CH1,POWER,3.25
1765627424346,CH1,POWER,3.25
1765627424350,CH1,POWER,3.25
1765627424356,CH1,POWER,3.25
1765627424362,CH1,POWER,3.25
1765627424366,CH1,POWER,3.25
1765627424370,CH1,POWER,3.25
1765627424377,CH1,POWER,3.25
1765627424382,CH1,POWER,3.25
1765627424386,CH1,POWER,3.25
1765627424390,CH1,POWER,3.25
1765627424396,CH1,POWER,3.25
1765627424404,CH1,POWER,3.25
1765627424410,CH1,POWER,3.25
1765627424416,CH1,POWER,3.25
1765627424421,CH1,POWER,3.25
1765627424425,CH1,POWER,3.25
1765627424430,CH1,POWER,3.25
1765627424436,CH1,POWER,3.25
1765627424442,CH1,POWER,3.25
1765627424446,CH1,POWER,3.25
1765627424454,CH1,POWER,3.25
1765627424460,CH1,POWER,3.25
1765627424466,CH1,POWER,3.25
1765627424471,CH1,POWER,3.25
1765627424475,CH1,POWER,3.25
1765627424479,CH1,POWER,3.25
1765627424485,CH1,POWER,3.25
1765627424490,CH1,POWER,3.25
1765627424497,CH1,POWER,3.25
1765627424502,CH1,POWER,3.25
1765627424506,CH1,POWER,3.25
1765627424512,CH1,POWER,3.25
1765627424516,CH1,POWER,3.25
1765627424520,CH1,POWER,3.25
1765627424525,CH1,POWER,3.25
1765627424530,CH1,POWER,3.25
1765627424536,CH1,POWER,3.25
1765627424542,CH1,POWER,3.25
1765627424546,CH1,POWER,3.25
1765627424552,CH1,POWER,3.25
1765627424556,CH1,POWER,3.25
1765627424560,CH1,POWER,3.25
1765627424566,CH1,POWER,3.25
1765627424569,CH1,POWER,3.65
1765627424594,CH1,POWER,3.65
1765627424600,CH1,POWER,3.65
1765627424608,CH1,POWER,3.65
1765627424612,CH1,POWER,3.65
1765627424617,CH1,POWER,3.65
1765627424624,CH1,POWER,3.65
1765627424628,CH1,POWER,3.65
1765627424636,CH1,POWER,3.65
1765627424641,CH1,POWER,3.65
1765627424645,CH1,POWER,3.65
1765627424651,CH1,POWER,3.65
1765627424657,CH1,POWER,3.65
1765627424664,CH1,POWER,3.65
1765627424668,CH1,POWER,3.65
1765627424674,CH1,POWER,3.65
1765627424678,CH1,POWER,3.65
1765627424682,CH1,POWER,3.65
1765627424688,CH1,POWER,3.65
1765627424696,CH1,POWER,3.65
1765627424701,CH1,POWER,3.65
1765627424705,CH1,POWER,3.65
1765627424710,CH1,POWER,3.65
1765627424717,CH1,POWER,3.65
1765627424721,CH1,POWER,3.65
1765627424728,CH1,POWER,3.65
1765627424732,CH1,POWER,3.65
1765627424737,CH1,POWER,3.65
1765627424741,CH1,POWER,3.65
1765627424745,CH1,POWER,3.65
1765627424749,CH1,POWER,3.65
1765627424755,CH1,POWER,3.65
1765627424761,CH1,POWER,3.65
1765627424768,CH1,POWER,3.65
1765627424774,CH1,POWER,3.65
1765627424778,CH1,POWER,3.65
1765627424782,CH1,POWER,3.65
1765627424788,CH1,POWER,3.65
1765627424794,CH1,POWER,3.65
1765627424798,CH1,POWER,3.65
1765627424804,CH1,POWER,3.65
1765627424808,CH1,POWER,3.65
1765627424812,CH1,POWER,3.65
1765627424817,CH1,POWER,3.65
1765627424821,CH1,POWER,3.65
1765627424827,CH1,POWER,3.65
1765627424831,CH1,POWER,3.65
1765627424835,CH1,POWER,3.65
1765627424839,CH1,POWER,3.65
1765627424846,CH1,POWER,3.65
1765627424852,CH1,POWER,3.65
1765627424857,CH1,POWER,3.65
1765627424864,CH1,POWER,3.65
1765627424868,CH1,POWER,3.65
1765627424876,CH1,POWER,3.65
1765627424881,CH1,POWER,3.65
1765627424885,CH1,POWER,3.65
1765627424890,CH1,POWER,3.65
1765627424895,CH1,POWER,3.65
1765627424901,CH1,POWER,3.65
1765627424908,CH1,POWER,3.65
1765627424914,CH1,POWER,3.65
1765627424918,CH1,POWER,3.65
1765627424922,CH1,POWER,3.65
1765627424928,CH1,POWER,3.65
1765627424934,CH1,POWER,3.65
1765627424938,CH1,POWER,3.65
1765627424944,CH1,POWER,3.65
1765627424948,CH1,POWER,3.65
1765627424952,CH1,POWER,3.65
1765627424957,CH1,POWER,3.65
1765627424961,CH1,POWER,3.65
1765627424987,CH1,POWER,3.60
1765627424992,CH1,POWER,3.60
1765627424997,CH1,POWER,3.60
1765627425001,CH1,POWER,3.60
1765627425006,CH1,POWER,3.60
1765627425010,CH1,POWER,3.60
1765627425014,CH1,POWER,3.60
1765627425019,CH1,POWER,3.60
1765627425024,CH1,POWER,3.60
1765627425030,CH1,POWER,3.60
1765627425034,CH1,POWER,3.60
1765627425039,CH1,POWER,3.60
1765627425046,CH1,POWER,3.60
1765627425050,CH1,POWER,3.60
1765627425056,CH1,POWER,3.60
1765627425060,CH1,POWER,3.60
1765627425064,CH1,POWER,3.60
1765627425070,CH1,POWER,3.60
1765627425076,CH1,POWER,3.60
1765627425080,CH1,POWER,3.60
1765627425084,CH1,POWER,3.60
1765627425089,CH1,POWER,3.60
1765627425093,CH1,POWER,3.60
1765627425097,CH1,POWER,3.60
1765627425101,CH1,POWER,3.60
1765627425108,CH1,POWER,3.60
1765627425114,CH1,POWER,3.60
1765627425120,CH1,POWER,3.60
1765627425124,CH1,POWER,3.60
1765627425129,CH1,POWER,3.60
1765627425136,CH1,POWER,3.60
1765627425140,CH1,POWER,3.60
1765627425146,CH1,POWER,3.60
1765627425150,CH1,POWER,3.60
1765627425156,CH1,POWER,3.60
1765627425160,CH1,POWER,3.60
1765627425164,CH1,POWER,3.60
1765627425170,CH1,POWER,3.60
1765627425174,CH1,POWER,3.60
1765627425181,CH1,POWER,3.60
1765627425186,CH1,POWER,3.60
1765627425190,CH1,POWER,3.60
1765627425194,CH1,POWER,3.60
1765627425200,CH1,POWER,3.60
1765627425206,CH1,POWER,3.60
1765627425210,CH1,POWER,3.60
1765627425216,CH1,POWER,3.60
1765627425220,CH1,POWER,3.60
1765627425224,CH1,POWER,3.60
1765627425230,CH1,POWER,3.60
1765627425234,CH1,POWER,3.60
1765627425240,CH1,POWER,3.60
1765627425246,CH1,POWER,3.60
1765627425250,CH1,POWER,3.60
1765627425256,CH1,POWER,3.60
1765627425260,CH1,POWER,3.60
1765627425264,CH1,POWER,3.60
1765627425270,CH1,POWER,3.60
1765627425278,CH1,POWER,3.60
1765627425282,CH1,POWER,3.60
1765627425289,CH1,POWER,3.60
1765627425293,CH1,POWER,3.60
1765627425299,CH1,POWER,3.60
1765627425303,CH1,POWER,3.60
1765627425307,CH1,POWER,3.60
1765627425312,CH1,POWER,3.60
1765627425320,CH1,POWER,3.60
1765627425328,CH1,POWER,3.60
1765627425333,CH1,POWER,3.60
1765627425340,CH1,POWER,3.60
1765627425344,CH1,POWER,3.60
1765627425350,CH1,POWER,3.60
1765627425353,CH1,POWER,3.25
1765627425379,CH1,POWER,3.25
1765627425384,CH1,POWER,3.25
1765627425390,CH1,POWER,3.25
1765627425394,CH1,POWER,3.25
1765627425399,CH1,POWER,3.25
1765627425404,CH1,POWER,3.25
1765627425409,CH1,POWER,3.25
1765627425414,CH1,POWER,3.25
1765627425420,CH1,POWER,3.25
1765627425425,CH1,POWER,3.25
1765627425429,CH1,POWER,3.25
1765627425435,CH1,POWER,3.25
1765627425442,CH1,POWER,3.25
1765627425448,CH1,POWER,3.25
1765627425452,CH1,POWER,3.25
1765627425456,CH1,POWER,3.25
1765627425462,CH1,POWER,3.25
1765627425466,CH1,POWER,3.25
1765627425472,CH1,POWER,3.25
1765627425476,CH1,POWER,3.25
1765627425481,CH1,POWER,3.25
1765627425488,CH1,POWER,3.25
1765627425492,CH1,POWER,3.25
1765627425498,CH1,POWER,3.25
1765627425502,CH1,POWER,3.25
1765627425506,CH1,POWER,3.25
1765627425511,CH1,POWER,3.25
1765627425515,CH1,POWER,3.25
1765627425522,CH1,POWER,3.25
1765627425528,CH1,POWER,3.25
1765627425532,CH1,POWER,3.25
1765627425538,CH1,POWER,3.25
1765627425542,CH1,POWER,3.25
1765627425546,CH1,POWER,3.25
1765627425552,CH1,POWER,3.25
1765627425558,CH1,POWER,3.25
1765627425562,CH1,POWER,3.25
1765627425568,CH1,POWER,3.25
1765627425572,CH1,POWER,3.25
1765627425576,CH1,POWER,3.25
1765627425581,CH1,POWER,3.25
1765627425586,CH1,POWER,3.25
1765627425592,CH1,POWER,3.25
1765627425598,CH1,POWER,3.25
1765627425602,CH1,POWER,3.25
1765627425606,CH1,POWER,3.25
1765627425612,CH1,POWER,3.25
1765627425618,CH1,POWER,3.25
1765627425622,CH1,POWER,3.25
1765627425628,CH1,POWER,3.25
1765627425632,CH1,POWER,3.25
1765627425636,CH1,POWER,3.25
1765627425642,CH1,POWER,3.25
1765627425646,CH1,POWER,3.25
1765627425652,CH1,POWER,3.25
1765627425658,CH1,POWER,3.25
1765627425662,CH1,POWER,3.25
1765627425668,CH1,POWER,3.25
1765627425672,CH1,POWER,3.25
1765627425676,CH1,POWER,3.25
1765627425681,CH1,POWER,3.25
1765627425685,CH1,POWER,3.25
1765627425689,CH1,POWER,3.25
1765627425693,CH1,POWER,3.25
1765627425698,CH1,POWER,3.25
1765627425702,CH1,POWER,3.25
1765627425708,CH1,POWER,3.25
1765627425712,CH1,POWER,3.25
1765627425718,CH1,POWER,3.25
1765627425722,CH1,POWER,3.25
1765627425726,CH1,POWER,3.25
1765627425732,CH1,POWER,3.25
1765627425736,CH1,POWER,3.25
1765627425742,CH1,POWER,3.25
1765627425748,CH1,POWER,3.25
1765627425752,CH1,POWER,3.25
1765627425755,CH1,POWER,3.25
1765627425781,CH1,POWER,3.25
1765627425787,CH1,POWER,3.25
1765627425794,CH1,POWER,3.25
1765627425798,CH1,POWER,3.25
1765627425803,CH1,POWER,3.25
1765627425807,CH1,POWER,3.25
1765627425811,CH1,POWER,3.25
1765627425816,CH1,POWER,3.25
1765627425822,CH1,POWER,3.25
1765627425827,CH1,POWER,3.25
1765627425834,CH1,POWER,3.25
1765627425838,CH1,POWER,3.25
1765627425844,CH1,POWER,3.25
1765627425848,CH1,POWER,3.25
1765627425854,CH1,POWER,3.25
1765627425860,CH1,POWER,3.25
1765627425864,CH1,POWER,3.25
1765627425870,CH1,POWER,3.25
1765627425874,CH1,POWER,3.25
1765627425878,CH1,POWER,3.25
1765627425884,CH1,POWER,3.25
1765627425888,CH1,POWER,3.25
1765627425893,CH1,POWER,3.25
1765627425897,CH1,POWER,3.25
1765627425901,CH1,POWER,3.25
1765627425905,CH1,POWER,3.25
1765627425910,CH1,POWER,3.25
1765627425914,CH1,POWER,3.25
1765627425922,CH1,POWER,3.25
1765627425927,CH1,POWER,3.25
1765627425934,CH1,POWER,3.25
1765627425938,CH1,POWER,3.25
1765627425943,CH1,POWER,3.25
1765627425947,CH1,POWER,3.25
1765627425951,CH1,POWER,3.25
1765627425956,CH1,POWER,3.25
1765627425962,CH1,POWER,3.25
1765627425966,CH1,POWER,3.25
1765627425972,CH1,POWER,3.25
1765627425976,CH1,POWER,3.25
1765627425982,CH1,POWER,3.25
1765627425986,CH1,POWER,3.25
1765627425992,CH1,POWER,3.25
1765627425996,CH1,POWER,3.25
1765627426001,CH1,POWER,3.25
1765627426005,CH1,POWER,3.25
1765627426010,CH1,POWER,3.25
1765627426014,CH1,POWER,3.25
1765627426018,CH1,POWER,3.25
1765627426024,CH1,POWER,3.25
1765627426028,CH1,POWER,3.25
1765627426034,CH1,POWER,3.25
1765627426040,CH1,POWER,3.25
1765627426044,CH1,POWER,3.25
1765627426048,CH1,POWER,3.25
1765627426054,CH1,POWER,3.25
1765627426060,CH1,POWER,3.25
1765627426064,CH1,POWER,3.25
1765627426070,CH1,POWER,3.25
1765627426074,CH1,POWER,3.25
1765627426078,CH1,POWER,3.25
1765627426083,CH1,POWER,3.25
1765627426087,CH1,POWER,3.25
1765627426091,CH1,POWER,3.25
1765627426095,CH1,POWER,3.25
1765627426100,CH1,POWER,3.25
1765627426104,CH1,POWER,3.25
1765627426108,CH1,POWER,3.25
1765627426113,CH1,POWER,3.25
1765627426117,CH1,POWER,3.25
1765627426121,CH1,POWER,3.25
1765627426125,CH1,POWER,3.25
1765627426130,CH1,POWER,3.25
1765627426134,CH1,POWER,3.25
1765627426138,CH1,POWER,3.25
1765627426143,CH1,POWER,3.25
1765627426146,CH1,POWER,3.25
1765627426148,CH1,POWER,3.25
1765627426176,CH1,POWER,3.25
1765627426182,CH1,POWER,3.25
1765627426186,CH1,POWER,3.25
1765627426190,CH1,POWER,3.25
1765627426196,CH1,POWER,3.25
1765627426202,CH1,POWER,3.25
1765627426206,CH1,POWER,3.25
1765627426212,CH1,POWER,3.25
1765627426216,CH1,POWER,3.25
1765627426220,CH1,POWER,3.25
1765627426226,CH1,POWER,3.25
1765627426230,CH1,POWER,3.25
1765627426236,CH1,POWER,3.25
1765627426240,CH1,POWER,3.25
1765627426246,CH1,POWER,3.25
1765627426250,CH1,POWER,3.25
1765627426256,CH1,POWER,3.25
1765627426262,CH1,POWER,3.25
1765627426266,CH1,POWER,3.25
1765627426270,CH1,POWER,3.25
1765627426276,CH1,POWER,3.25
1765627426282,CH1,POWER,3.25
1765627426286,CH1,POWER,3.25
1765627426292,CH1,POWER,3.25
1765627426296,CH1,POWER,3.25
1765627426302,CH1,POWER,3.25
1765627426306,CH1,POWER,3.25
1765627426310,CH1,POWER,3.25
1765627426316,CH1,POWER,3.25
1765627426320,CH1,POWER,3.25
1765627426326,CH1,POWER,3.25
1765627426330,CH1,POWER,3.25
1765627426336,CH1,POWER,3.25
1765627426340,CH1,POWER,3.25
1765627426346,CH1,POWER,3.25
1765627426350,CH1,POWER,3.25
1765627426356,CH1,POWER,3.25
1765627426362,CH1,POWER,3.25
1765627426366,CH1,POWER,3.25
1765627426370,CH1,POWER,3.25
1765627426376,CH1,POWER,3.25
1765627426384,CH1,POWER,3.25
1765627426388,CH1,POWER,3.25
1765627426394,CH1,POWER,3.25
1765627426399,CH1,POWER,3.25
1765627426406,CH1,POWER,3.25
1765627426410,CH1,POWER,3.25
1765627426416,CH1,POWER,3.25
1765627426422,CH1,POWER,3.25
1765627426426,CH1,POWER,3.25
1765627426432,CH1,POWER,3.25
1765627426436,CH1,POWER,3.25
1765627426440,CH1,POWER,3.25
1765627426446,CH1,POWER,3.25
1765627426452,CH1,POWER,3.25
1765627426456,CH1,POWER,3.25
1765627426462,CH1,POWER,3.25
1765627426466,CH1,POWER,3.25
1765627426474,CH1,POWER,3.25
1765627426479,CH1,POWER,3.25
1765627426486,CH1,POWER,3.25
1765627426494,CH1,POWER,3.25
1765627426498,CH1,POWER,3.25
1765627426503,CH1,POWER,3.25
1765627426508,CH1,POWER,3.25
1765627426516,CH1,POWER,3.25
1765627426522,CH1,POWER,3.25
1765627426526,CH1,POWER,3.25
1765627426530,CH1,POWER,3.25
1765627426535,CH1,POWER,3.25
1765627426538,CH1,POWER,3.70
1765627426540,CH1,POWER,3.70
1765627426568,CH1,POWER,3.70
1765627426574,CH1,POWER,3.70
1765627426578,CH1,POWER,3.70
1765627426586,CH1,POWER,3.70
1765627426591,CH1,POWER,3.70
1765627426598,CH1,POWER,3.70
1765627426606,CH1,POWER,3.70
1765627426611,CH1,POWER,3.70
1765627426618,CH1,POWER,3.70
1765627426624,CH1,POWER,3.70
1765627426628,CH1,POWER,3.70
1765627426634,CH1,POWER,3.70
1765627426638,CH1,POWER,3.70
1765627426646,CH1,POWER,3.70
1765627426651,CH1,POWER,3.70
1765627426658,CH1,POWER,3.70
1765627426666,CH1,POWER,3.70
1765627426672,CH1,POWER,3.70
1765627426678,CH1,POWER,3.70
1765627426684,CH1,POWER,3.70
1765627426688,CH1,POWER,3.70
1765627426694,CH1,POWER,3.70
1765627426698,CH1,POWER,3.70
1765627426704,CH1,POWER,3.70
1765627426708,CH1,POWER,3.70
1765627426716,CH1,POWER,3.70
1765627426721,CH1,POWER,3.70
1765627426725,CH1,POWER,3.70
1765627426730,CH1,POWER,3.70
1765627426738,CH1,POWER,3.70
1765627426744,CH1,POWER,3.70
1765627426748,CH1,POWER,3.70
1765627426752,CH1,POWER,3.70
1765627426758,CH1,POWER,3.70
1765627426764,CH1,POWER,3.70
1765627426768,CH1,POWER,3.70
1765627426772,CH1,POWER,3.70
1765627426777,CH1,POWER,3.70
1765627426781,CH1,POWER,3.70
1765627426788,CH1,POWER,3.70
1765627426792,CH1,POWER,3.70
1765627426798,CH1,POWER,3.70
1765627426804,CH1,POWER,3.70
1765627426808,CH1,POWER,3.70
1765627426812,CH1,POWER,3.70
1765627426817,CH1,POWER,3.70
1765627426822,CH1,POWER,3.70
1765627426828,CH1,POWER,3.70
1765627426834,CH1,POWER,3.70
1765627426838,CH1,POWER,3.70
1765627426842,CH1,POWER,3.70
1765627426848,CH1,POWER,3.70
1765627426852,CH1,POWER,3.70
1765627426858,CH1,POWER,3.70
1765627426864,CH1,POWER,3.70
1765627426868,CH1,POWER,3.70
1765627426872,CH1,POWER,3.70
1765627426877,CH1,POWER,3.70
1765627426882,CH1,POWER,3.70
1765627426888,CH1,POWER,3.70
1765627426892,CH1,POWER,3.70
1765627426897,CH1,POWER,3.70
1765627426902,CH1,POWER,3.70
1765627426907,CH1,POWER,3.70
1765627426912,CH1,POWER,3.70
1765627426918,CH1,POWER,3.70
1765627426924,CH1,POWER,3.70
1765627426928,CH1,POWER,3.25
1765627426930,CH1,POWER,3.25
1765627426933,CH1,POWER,3.25
1765627426960,CH1,POWER,3.25
1765627426965,CH1,POWER,3.25
1765627426970,CH1,POWER,3.25
1765627426974,CH1,POWER,3.25
1765627426980,CH1,POWER,3.25
1765627426984,CH1,POWER,3.25
1765627426989,CH1,POWER,3.25
1765627426994,CH1,POWER,3.25
1765627426999,CH1,POWER,3.25
1765627427003,CH1,POWER,3.25
1765627427007,CH1,POWER,3.25
1765627427012,CH1,POWER,3.25
1765627427018,CH1,POWER,3.25
1765627427023,CH1,POWER,3.25
1765627427030,CH1,POWER,3.25
1765627427034,CH1,POWER,3.25
1765627427040,CH1,POWER,3.25
1765627427048,CH1,POWER,3.25
1765627427054,CH1,POWER,3.25
1765627427060,CH1,POWER,3.25
1765627427064,CH1,POWER,3.25
1765627427070,CH1,POWER,3.25
1765627427074,CH1,POWER,3.25
1765627427080,CH1,POWER,3.25
1765627427084,CH1,POWER,3.25
1765627427090,CH1,POWER,3.25
1765627427098,CH1,POWER,3.25
1765627427103,CH1,POWER,3.25
1765627427107,CH1,POWER,3.25
1765627427112,CH1,POWER,3.25
1765627427118,CH1,POWER,3.25
1765627427122,CH1,POWER,3.25
1765627427128,CH1,POWER,3.25
1765627427133,CH1,POWER,3.25
1765627427139,CH1,POWER,3.25
1765627427144,CH1,POWER,3.25
1765627427150,CH1,POWER,3.25
1765627427156,CH1,POWER,3.25
1765627427160,CH1,POWER,3.25
1765627427168,CH1,POWER,3.25
1765627427172,CH1,POWER,3.25
1765627427180,CH1,POWER,3.25
1765627427186,CH1,POWER,3.25
1765627427191,CH1,POWER,3.25
1765627427196,CH1,POWER,3.25
1765627427200,CH1,POWER,3.25
1765627427206,CH1,POWER,3.25
1765627427210,CH1,POWER,3.25
1765627427216,CH1,POWER,3.25
1765627427220,CH1,POWER,3.25
1765627427226,CH1,POWER,3.25
1765627427230,CH1,POWER,3.25
1765627427234,CH1,POWER,3.25
1765627427240,CH1,POWER,3.25
1765627427244,CH1,POWER,3.25
1765627427250,CH1,POWER,3.25
1765627427256,CH1,POWER,3.25
1765627427260,CH1,POWER,3.25
1765627427266,CH1,POWER,3.25
1765627427270,CH1,POWER,3.25
1765627427274,CH1,POWER,3.25
1765627427280,CH1,POWER,3.25
1765627427288,CH1,POWER,3.25
1765627427293,CH1,POWER,3.25
1765627427300,CH1,POWER,3.25
1765627427304,CH1,POWER,3.25
1765627427310,CH1,POWER,3.25
1765627427316,CH1,POWER,3.25
1765627427320,CH1,POWER,3.25
1765627427324,CH1,POWER,3.25
1765627427351,CH1,POWER,3.25
1765627427358,CH1,POWER,3.25
1765627427362,CH1,POWER,3.25
1765627427366,CH1,POWER,3.25
1765627427371,CH1,POWER,3.25
1765627427375,CH1,POWER,3.25
1765627427379,CH1,POWER,3.25
1765627427384,CH1,POWER,3.25
1765627427390,CH1,POWER,3.25
1765627427395,CH1,POWER,3.25
1765627427399,CH1,POWER,3.25
1765627427405,CH1,POWER,3.25
1765627427412,CH1,POWER,3.25
1765627427418,CH1,POWER,3.25
1765627427422,CH1,POWER,3.25
1765627427428,CH1,POWER,3.25
1765627427432,CH1,POWER,3.25
1765627427436,CH1,POWER,3.25
1765627427442,CH1,POWER,3.25
1765627427448,CH1,POWER,3.25
1765627427452,CH1,POWER,3.25
1765627427458,CH1,POWER,3.25
1765627427462,CH1,POWER,3.25
1765627427467,CH1,POWER,3.25
1765627427472,CH1,POWER,3.25
1765627427478,CH1,POWER,3.25
1765627427482,CH1,POWER,3.25
1765627427486,CH1,POWER,3.25
1765627427491,CH1,POWER,3.25
1765627427495,CH1,POWER,3.25
1765627427502,CH1,POWER,3.25
1765627427506,CH1,POWER,3.25
1765627427511,CH1,POWER,3.25
1765627427515,CH1,POWER,3.25
1765627427519,CH1,POWER,3.25
1765627427524,CH1,POWER,3.25
1765627427530,CH1,POWER,3.25
1765627427535,CH1,POWER,3.25
1765627427541,CH1,POWER,3.25
1765627427545,CH1,POWER,3.25
1765627427551,CH1,POWER,3.25
1765627427555,CH1,POWER,3.25
1765627427562,CH1,POWER,3.25
1765627427567,CH1,POWER,3.25
1765627427572,CH1,POWER,3.25
1765627427576,CH1,POWER,3.25
1765627427582,CH1,POWER,3.25
1765627427590,CH1,POWER,3.25
1765627427594,CH1,POWER,3.25
1765627427600,CH1,POWER,3.25
1765627427604,CH1,POWER,3.25
1765627427612,CH1,POWER,3.25
1765627427618,CH1,POWER,3.25
1765627427622,CH1,POWER,3.25
1765627427626,CH1,POWER,3.25
1765627427631,CH1,POWER,3.25
1765627427635,CH1,POWER,3.25
1765627427642,CH1,POWER,3.25
1765627427648,CH1,POWER,3.25
1765627427652,CH1,POWER,3.25
1765627427656,CH1,POWER,3.25
1765627427662,CH1,POWER,3.25
1765627427666,CH1,POWER,3.25
1765627427672,CH1,POWER,3.25
1765627427676,CH1,POWER,3.25
1765627427681,CH1,POWER,3.25
1765627427687,CH1,POWER,3.25
1765627427692,CH1,POWER,3.25
1765627427697,CH1,POWER,3.25
1765627427702,CH1,POWER,3.25
1765627427708,CH1,POWER,3.25
1765627427712,CH1,POWER,3.25
1765627427716,CH1,POWER,3.25
1765627427743,CH1,POWER,3.25
1765627427748,CH1,POWER,3.25
1765627427754,CH1,POWER,3.25
1765627427758,CH1,POWER,3.25
1765627427763,CH1,POWER,3.25
1765627427767,CH1,POWER,3.25
1765627427774,CH1,POWER,3.25
1765627427780,CH1,POWER,3.25
1765627427784,CH1,POWER,3.25
1765627427789,CH1,POWER,3.25
1765627427794,CH1,POWER,3.25
1765627427800,CH1,POWER,3.25
1765627427804,CH1,POWER,3.25
1765627427810,CH1,POWER,3.25
1765627427814,CH1,POWER,3.25
1765627427822,CH1,POWER,3.25
1765627427828,CH1,POWER,3.25
1765627427833,CH1,POWER,3.25
1765627427837,CH1,POWER,3.25
1765627427841,CH1,POWER,3.25
1765627427845,CH1,POWER,3.25
1765627427851,CH1,POWER,3.25
1765627427857,CH1,POWER,3.25
1765627427864,CH1,POWER,3.25
1765627427869,CH1,POWER,3.25
1765627427874,CH1,POWER,3.25
1765627427879,CH1,POWER,3.25
1765627427884,CH1,POWER,3.25
1765627427888,CH1,POWER,3.25
1765627427893,CH1,POWER,3.25
1765627427897,CH1,POWER,3.25
1765627427901,CH1,POWER,3.25
1765627427907,CH1,POWER,3.25
1765627427911,CH1,POWER,3.25
1765627427917,CH1,POWER,3.25
1765627427924,CH1,POWER,3.25
1765627427928,CH1,POWER,3.25
1765627427933,CH1,POWER,3.25
1765627427938,CH1,POWER,3.25
1765627427943,CH1,POWER,3.25
1765627427947,CH1,POWER,3.25
1765627427951,CH1,POWER,3.25
1765627427955,CH1,POWER,3.25
1765627427962,CH1,POWER,3.25
1765627427966,CH1,POWER,3.25
1765627427971,CH1,POWER,3.25
1765627427975,CH1,POWER,3.25
1765627427981,CH1,POWER,3.25
1765627427986,CH1,POWER,3.25
1765627427992,CH1,POWER,3.25
1765627427997,CH1,POWER,3.25
1765627428004,CH1,POWER,3.25
1765627428008,CH1,POWER,3.25
1765627428014,CH1,POWER,3.25
1765627428018,CH1,POWER,3.25
1765627428023,CH1,POWER,3.25
1765627428028,CH1,POWER,3.25
1765627428034,CH1,POWER,3.25
1765627428042,CH1,POWER,3.25
1765627428047,CH1,POWER,3.25
1765627428051,CH1,POWER,3.25
1765627428056,CH1,POWER,3.25
1765627428062,CH1,POWER,3.25
1765627428067,CH1,POWER,3.25
1765627428071,CH1,POWER,3.25
1765627428075,CH1,POWER,3.25
1765627428082,CH1,POWER,3.25
1765627428087,CH1,POWER,3.25
1765627428094,CH1,POWER,3.25
1765627428100,CH1,POWER,3.25
1765627428104,CH1,POWER,3.25
1765627428107,CH1,POWER,3.25
1765627428133,CH1,POWER,3.25
1765627428139,CH1,POWER,3.25
1765627428143,CH1,POWER,3.25
1765627428148,CH1,POWER,3.25
1765627428153,CH1,POWER,3.25
1765627428159,CH1,POWER,3.25
1765627428166,CH1,POWER,3.25
1765627428171,CH1,POWER,3.25
1765627428176,CH1,POWER,3.25
1765627428180,CH1,POWER,3.25
1765627428186,CH1,POWER,3.25
1765627428192,CH1,POWER,3.25
1765627428196,CH1,POWER,3.25
1765627428200,CH1,POWER,3.25
1765627428205,CH1,POWER,3.25
1765627428210,CH1,POWER,3.25
1765627428216,CH1,POWER,3.25
1765627428220,CH1,POWER,3.25
1765627428226,CH1,POWER,3.25
1765627428234,CH1,POWER,3.25
1765627428240,CH1,POWER,3.25
1765627428245,CH1,POWER,3.25
1765627428249,CH1,POWER,3.25
1765627428256,CH1,POWER,3.25
1765627428260,CH1,POWER,3.25
1765627428266,CH1,POWER,3.25
1765627428270,CH1,POWER,3.25
1765627428275,CH1,POWER,3.25
1765627428282,CH1,POWER,3.25
1765627428286,CH1,POWER,3.25
1765627428291,CH1,POWER,3.25
1765627428296,CH1,POWER,3.25
1765627428300,CH1,POWER,3.25
1765627428305,CH1,POWER,3.25
1765627428309,CH1,POWER,3.25
1765627428315,CH1,POWER,3.25
1765627428319,CH1,POWER,3.25
1765627428326,CH1,POWER,3.25
1765627428334,CH1,POWER,3.25
1765627428340,CH1,POWER,3.25
1765627428345,CH1,POWER,3.25
1765627428352,CH1,POWER,3.25
1765627428356,CH1,POWER,3.25
1765627428364,CH1,POWER,3.25
1765627428369,CH1,POWER,3.25
1765627428376,CH1,POWER,3.25
1765627428384,CH1,POWER,3.25
1765627428389,CH1,POWER,3.25
1765627428393,CH1,POWER,3.25
1765627428398,CH1,POWER,3.25
1765627428404,CH1,POWER,3.25
1765627428408,CH1,POWER,3.25
1765627428413,CH1,POWER,3.25
1765627428417,CH1,POWER,3.25
1765627428422,CH1,POWER,3.25
1765627428426,CH1,POWER,3.25
1765627428434,CH1,POWER,3.25
1765627428440,CH1,POWER,3.25
1765627428445,CH1,POWER,3.25
1765627428449,CH1,POWER,3.25
1765627428456,CH1,POWER,3.25
1765627428460,CH1,POWER,3.25
1765627428465,CH1,POWER,3.25
1765627428469,CH1,POWER,3.25
1765627428476,CH1,POWER,3.25
1765627428482,CH1,POWER,3.25
1765627428486,CH1,POWER,3.25
1765627428490,CH1,POWER,3.25
1765627428496,CH1,POWER,3.25
1765627428499,CH1,POWER,3.60
1765627428525,CH1,POWER,3.60
1765627428530,CH1,POWER,3.60
1765627428535,CH1,POWER,3.60
1765627428541,CH1,POWER,3.60
1765627428547,CH1,POWER,3.60
1765627428552,CH1,POWER,3.60
1765627428558,CH1,POWER,3.60
1765627428564,CH1,POWER,3.60
1765627428568,CH1,POWER,3.60
1765627428574,CH1,POWER,3.60
1765627428578,CH1,POWER,3.60
1765627428584,CH1,POWER,3.60
1765627428588,CH1,POWER,3.60
1765627428596,CH1,POWER,3.60
1765627428601,CH1,POWER,3.60
1765627428607,CH1,POWER,3.60
1765627428612,CH1,POWER,3.60
1765627428618,CH1,POWER,3.60
1765627428624,CH1,POWER,3.60
1765627428628,CH1,POWER,3.60
1765627428633,CH1,POWER,3.60
1765627428638,CH1,POWER,3.60
1765627428644,CH1,POWER,3.60
1765627428648,CH1,POWER,3.60
1765627428652,CH1,POWER,3.60
1765627428658,CH1,POWER,3.60
1765627428664,CH1,POWER,3.60
1765627428668,CH1,POWER,3.60
1765627428672,CH1,POWER,3.60
1765627428678,CH1,POWER,3.60
1765627428684,CH1,POWER,3.60
1765627428688,CH1,POWER,3.60
1765627428696,CH1,POWER,3.60
1765627428701,CH1,POWER,3.60
1765627428708,CH1,POWER,3.60
1765627428716,CH1,POWER,3.60
1765627428722,CH1,POWER,3.60
1765627428727,CH1,POWER,3.60
1765627428732,CH1,POWER,3.60
1765627428738,CH1,POWER,3.60
1765627428742,CH1,POWER,3.60
1765627428747,CH1,POWER,3.60
1765627428751,CH1,POWER,3.60
1765627428755,CH1,POWER,3.60
1765627428760,CH1,POWER,3.60
1765627428766,CH1,POWER,3.60
1765627428771,CH1,POWER,3.60
1765627428775,CH1,POWER,3.60
1765627428779,CH1,POWER,3.60
1765627428785,CH1,POWER,3.60
1765627428790,CH1,POWER,3.60
1765627428796,CH1,POWER,3.60
1765627428802,CH1,POWER,3.60
1765627428808,CH1,POWER,3.60
1765627428816,CH1,POWER,3.60
1765627428822,CH1,POWER,3.60
1765627428827,CH1,POWER,3.60
1765627428831,CH1,POWER,3.60
1765627428837,CH1,POWER,3.60
1765627428843,CH1,POWER,3.60
1765627428848,CH1,POWER,3.60
1765627428856,CH1,POWER,3.60
1765627428861,CH1,POWER,3.60
1765627428865,CH1,POWER,3.60
1765627428871,CH1,POWER,3.60
1765627428878,CH1,POWER,3.60
1765627428882,CH1,POWER,3.60
1765627428886,CH1,POWER,3.05
1765627428889,CH1,POWER,3.05
1765627428891,CH1,POWER,3.05
1765627428917,CH1,POWER,3.05
1765627428923,CH1,POWER,3.05
1765627428929,CH1,POWER,3.05
1765627428936,CH1,POWER,3.05
1765627428940,CH1,POWER,3.05
1765627428944,CH1,POWER,3.05
1765627428949,CH1,POWER,3.05
1765627428953,CH1,POWER,3.05
1765627428959,CH1,POWER,3.05
1765627428964,CH1,POWER,3.05
1765627428970,CH1,POWER,3.05
1765627428974,CH1,POWER,3.05
1765627428980,CH1,POWER,3.05
1765627428986,CH1,POWER,3.05
1765627428990,CH1,POWER,3.05
1765627428998,CH1,POWER,3.05
1765627429003,CH1,POWER,3.05
1765627429010,CH1,POWER,3.05
1765627429016,CH1,POWER,3.05
1765627429020,CH1,POWER,3.05
1765627429025,CH1,POWER,3.05
1765627429030,CH1,POWER,3.05
1765627429035,CH1,POWER,3.05
1765627429040,CH1,POWER,3.05
1765627429046,CH1,POWER,3.05
1765627429050,CH1,POWER,3.05
1765627429056,CH1,POWER,3.05
1765627429060,CH1,POWER,3.05
1765627429065,CH1,POWER,3.05
1765627429070,CH1,POWER,3.05
1765627429075,CH1,POWER,3.05
1765627429080,CH1,POWER,3.05
1765627429086,CH1,POWER,3.05
1765627429090,CH1,POWER,3.05
1765627429095,CH1,POWER,3.05
1765627429100,CH1,POWER,3.05
1765627429106,CH1,POWER,3.05
1765627429110,CH1,POWER,3.05
1765627429115,CH1,POWER,3.05
1765627429120,CH1,POWER,3.05
1765627429126,CH1,POWER,3.05
1765627429130,CH1,POWER,3.05
1765627429136,CH1,POWER,3.05
1765627429140,CH1,POWER,3.05
1765627429145,CH1,POWER,3.05
1765627429150,CH1,POWER,3.05
1765627429156,CH1,POWER,3.05
1765627429160,CH1,POWER,3.05
1765627429165,CH1,POWER,3.05
1765627429170,CH1,POWER,3.05
1765627429175,CH1,POWER,3.05
1765627429180,CH1,POWER,3.05
1765627429186,CH1,POWER,3.05
1765627429190,CH1,POWER,3.05
1765627429196,CH1,POWER,3.05
1765627429200,CH1,POWER,3.05
1765627429205,CH1,POWER,3.05
1765627429210,CH1,POWER,3.05
1765627429216,CH1,POWER,3.05
1765627429220,CH1,POWER,3.05
1765627429225,CH1,POWER,3.05
1765627429230,CH1,POWER,3.05
1765627429238,CH1,POWER,3.05
1765627429244,CH1,POWER,3.05
1765627429249,CH1,POWER,3.05
1765627429253,CH1,POWER,3.05
1765627429260,CH1,POWER,3.05
1765627429264,CH1,POWER,3.05
1765627429270,CH1,POWER,3.05
1765627429278,CH1,POWER,3.05
1765627429283,CH1,POWER,3.05
1765627429311,CH1,POWER,2.55
1765627429316,CH1,POWER,2.55
1765627429321,CH1,POWER,2.55
1765627429325,CH1,POWER,2.55
1765627429332,CH1,POWER,2.55
1765627429337,CH1,POWER,2.55
1765627429342,CH1,POWER,2.55
1765627429347,CH1,POWER,2.55
1765627429352,CH1,POWER,2.55
1765627429356,CH1,POWER,2.55
1765627429361,CH1,POWER,2.55
1765627429367,CH1,POWER,2.55
1765627429372,CH1,POWER,2.55
1765627429377,CH1,POWER,2.55
1765627429382,CH1,POWER,2.55
1765627429390,CH1,POWER,2.55
1765627429395,CH1,POWER,2.55
1765627429402,CH1,POWER,2.55
1765627429407,CH1,POWER,2.55
1765627429412,CH1,POWER,2.55
1765627429417,CH1,POWER,2.55
1765627429422,CH1,POWER,2.55
1765627429428,CH1,POWER,2.55
1765627429432,CH1,POWER,2.55
1765627429437,CH1,POWER,2.55
1765627429442,CH1,POWER,2.55
1765627429447,CH1,POWER,2.55
1765627429452,CH1,POWER,2.55
1765627429458,CH1,POWER,2.55
1765627429462,CH1,POWER,2.55
1765627429466,CH1,POWER,2.55
1765627429472,CH1,POWER,2.55
1765627429477,CH1,POWER,2.55
1765627429482,CH1,POWER,2.55
1765627429487,CH1,POWER,2.55
1765627429492,CH1,POWER,2.55
1765627429498,CH1,POWER,2.55
1765627429502,CH1,POWER,2.55
1765627429510,CH1,POWER,2.55
1765627429515,CH1,POWER,2.55
1765627429522,CH1,POWER,2.55
1765627429528,CH1,POWER,2.55
1765627429532,CH1,POWER,2.55
1765627429537,CH1,POWER,2.55
1765627429542,CH1,POWER,2.55
1765627429550,CH1,POWER,2.55
1765627429555,CH1,POWER,2.55
1765627429562,CH1,POWER,2.55
1765627429568,CH1,POWER,2.55
1765627429572,CH1,POWER,2.55
1765627429577,CH1,POWER,2.55
1765627429582,CH1,POWER,2.55
1765627429587,CH1,POWER,2.55
1765627429592,CH1,POWER,2.55
1765627429598,CH1,POWER,2.55
1765627429602,CH1,POWER,2.55
1765627429610,CH1,POWER,2.55
1765627429615,CH1,POWER,2.55
1765627429622,CH1,POWER,2.55
1765627429628,CH1,POWER,2.55
1765627429632,CH1,POWER,2.55
1765627429637,CH1,POWER,2.55
1765627429642,CH1,POWER,2.55
1765627429647,CH1,POWER,2.55
1765627429652,CH1,POWER,2.55
1765627429657,CH1,POWER,2.55
1765627429662,CH1,POWER,2.55
1765627429666,CH1,POWER,2.55
1765627429672,CH1,POWER,2.55
1765627429675,CH1,POWER,2.60
1765627429701,CH1,POWER,2.60
1765627429706,CH1,POWER,2.60
1765627429711,CH1,POWER,2.60
1765627429715,CH1,POWER,2.60
1765627429722,CH1,POWER,2.60
1765627429727,CH1,POWER,2.60
1765627429734,CH1,POWER,2.60
1765627429740,CH1,POWER,2.60
1765627429744,CH1,POWER,2.60
1765627429750,CH1,POWER,2.60
1765627429754,CH1,POWER,2.60
1765627429762,CH1,POWER,2.60
1765627429767,CH1,POWER,2.60
1765627429774,CH1,POWER,2.60
1765627429780,CH1,POWER,2.60
1765627429784,CH1,POWER,2.60
1765627429789,CH1,POWER,2.60
1765627429794,CH1,POWER,2.60
1765627429799,CH1,POWER,2.60
1765627429804,CH1,POWER,2.60
1765627429810,CH1,POWER,2.60
1765627429814,CH1,POWER,2.60
1765627429822,CH1,POWER,2.60
1765627429828,CH1,POWER,2.60
1765627429833,CH1,POWER,2.60
1765627429837,CH1,POWER,2.60
1765627429844,CH1,POWER,2.60
1765627429850,CH1,POWER,2.60
1765627429854,CH1,POWER,2.60
1765627429862,CH1,POWER,2.60
1765627429867,CH1,POWER,2.60
1765627429871,CH1,POWER,2.60
1765627429877,CH1,POWER,2.60
1765627429883,CH1,POWER,2.60
1765627429888,CH1,POWER,2.60
1765627429894,CH1,POWER,2.60
1765627429899,CH1,POWER,2.60
1765627429904,CH1,POWER,2.60
1765627429912,CH1,POWER,2.60
1765627429916,CH1,POWER,2.60
1765627429921,CH1,POWER,2.60
1765627429926,CH1,POWER,2.60
1765627429931,CH1,POWER,2.60
1765627429936,CH1,POWER,2.60
1765627429942,CH1,POWER,2.60
1765627429947,CH1,POWER,2.60
1765627429954,CH1,POWER,2.60
1765627429960,CH1,POWER,2.60
1765627429964,CH1,POWER,2.60
1765627429968,CH1,POWER,2.60
1765627429974,CH1,POWER,2.60
1765627429979,CH1,POWER,2.60
1765627429984,CH1,POWER,2.60
1765627429989,CH1,POWER,2.60
1765627429994,CH1,POWER,2.60
1765627430000,CH1,POWER,2.60
1765627430004,CH1,POWER,2.60
1765627430009,CH1,POWER,2.60
1765627430014,CH1,POWER,2.60
1765627430022,CH1,POWER,2.60
1765627430028,CH1,POWER,2.60
1765627430033,CH1,POWER,2.60
1765627430037,CH1,POWER,2.60
1765627430041,CH1,POWER,2.60
1765627430046,CH1,POWER,2.60
1765627430052,CH1,POWER,2.60
1765627430058,CH1,POWER,2.60
1765627430062,CH1,POWER,2.60
1765627430065,CH1,POWER,3.25
1765627430067,CH1,POWER,3.25
1765627430093,CH1,POWER,3.25
1765627430098,CH1,POWER,3.25
1765627430103,CH1,POWER,3.25
1765627430107,CH1,POWER,3.25
1765627430114,CH1,POWER,3.25
1765627430119,CH1,POWER,3.25
1765627430123,CH1,POWER,3.25
1765627430127,CH1,POWER,3.25
1765627430134,CH1,POWER,3.25
1765627430140,CH1,POWER,3.25
1765627430145,CH1,POWER,3.25
1765627430152,CH1,POWER,3.25
1765627430156,CH1,POWER,3.25
1765627430160,CH1,POWER,3.25
1765627430165,CH1,POWER,3.25
1765627430169,CH1,POWER,3.25
1765627430176,CH1,POWER,3.25
1765627430181,CH1,POWER,3.25
1765627430186,CH1,POWER,3.25
1765627430191,CH1,POWER,3.25
1765627430196,CH1,POWER,3.25
1765627430202,CH1,POWER,3.25
1765627430206,CH1,POWER,3.25
1765627430214,CH1,POWER,3.25
1765627430219,CH1,POWER,3.25
1765627430225,CH1,POWER,3.25
1765627430229,CH1,POWER,3.25
1765627430236,CH1,POWER,3.25
1765627430244,CH1,POWER,3.25
1765627430249,CH1,POWER,3.25
1765627430256,CH1,POWER,3.25
1765627430261,CH1,POWER,3.25
1765627430266,CH1,POWER,3.25
1765627430271,CH1,POWER,3.25
1765627430276,CH1,POWER,3.25
1765627430280,CH1,POWER,3.25
1765627430285,CH1,POWER,3.25
1765627430289,CH1,POWER,3.25
1765627430293,CH1,POWER,3.25
1765627430297,CH1,POWER,3.25
1765627430304,CH1,POWER,3.25
1765627430309,CH1,POWER,3.25
1765627430316,CH1,POWER,3.25
1765627430324,CH1,POWER,3.25
1765627430329,CH1,POWER,3.25
1765627430336,CH1,POWER,3.25
1765627430341,CH1,POWER,3.25
1765627430346,CH1,POWER,3.25
1765627430351,CH1,POWER,3.25
1765627430356,CH1,POWER,3.25
1765627430360,CH1,POWER,3.25
1765627430366,CH1,POWER,3.25
1765627430370,CH1,POWER,3.25
1765627430376,CH1,POWER,3.25
1765627430381,CH1,POWER,3.25
1765627430386,CH1,POWER,3.25
1765627430391,CH1,POWER,3.25
1765627430396,CH1,POWER,3.25
1765627430400,CH1,POWER,3.25
1765627430405,CH1,POWER,3.25
1765627430409,CH1,POWER,3.25
1765627430416,CH1,POWER,3.25
1765627430421,CH1,POWER,3.25
1765627430426,CH1,POWER,3.25
1765627430431,CH1,POWER,3.25
1765627430436,CH1,POWER,3.25
1765627430440,CH1,POWER,3.25
1765627430445,CH1,POWER,3.25
1765627430449,CH1,POWER,3.25
1765627430453,CH1,POWER,3.25
1765627430457,CH1,POWER,3.25
1765627430462,CH1,POWER,3.25
1765627430465,CH1,POWER,3.25
1765627430468,CH1,POWER,3.25
1765627430470,CH1,POWER,3.25
1765627430497,CH1,POWER,3.25
1765627430502,CH1,POWER,3.25
1765627430508,CH1,POWER,3.25
1765627430512,CH1,POWER,3.25
1765627430517,CH1,POWER,3.25
1765627430521,CH1,POWER,3.25
1765627430528,CH1,POWER,3.25
1765627430534,CH1,POWER,3.25
1765627430538,CH1,POWER,3.25
1765627430542,CH1,POWER,3.25
1765627430547,CH1,POWER,3.25
1765627430552,CH1,POWER,3.25
1765627430558,CH1,POWER,3.25
1765627430566,CH1,POWER,3.25
1765627430571,CH1,POWER,3.25
1765627430575,CH1,POWER,3.25
1765627430580,CH1,POWER,3.25
1765627430588,CH1,POWER,3.25
1765627430593,CH1,POWER,3.25
1765627430598,CH1,POWER,3.25
1765627430602,CH1,POWER,3.25
1765627430608,CH1,POWER,3.25
1765627430613,CH1,POWER,3.25
1765627430618,CH1,POWER,3.25
1765627430623,CH1,POWER,3.25
1765627430628,CH1,POWER,3.25
1765627430633,CH1,POWER,3.25
1765627430638,CH1,POWER,3.25
1765627430643,CH1,POWER,3.25
1765627430648,CH1,POWER,3.25
1765627430652,CH1,POWER,3.25
1765627430658,CH1,POWER,3.25
1765627430663,CH1,POWER,3.25
1765627430668,CH1,POWER,3.25
1765627430672,CH1,POWER,3.25
1765627430678,CH1,POWER,3.25
1765627430683,CH1,POWER,3.25
1765627430688,CH1,POWER,3.25
1765627430693,CH1,POWER,3.25
1765627430698,CH1,POWER,3.25
1765627430703,CH1,POWER,3.25
1765627430708,CH1,POWER,3.25
1765627430713,CH1,POWER,3.25
1765627430718,CH1,POWER,3.25
1765627430722,CH1,POWER,3.25
1765627430728,CH1,POWER,3.25
1765627430732,CH1,POWER,3.25
1765627430737,CH1,POWER,3.25
1765627430742,CH1,POWER,3.25
1765627430748,CH1,POWER,3.25
1765627430753,CH1,POWER,3.25
1765627430758,CH1,POWER,3.25
1765627430763,CH1,POWER,3.25
1765627430768,CH1,POWER,3.25
1765627430772,CH1,POWER,3.25
1765627430778,CH1,POWER,3.25
1765627430786,CH1,POWER,3.25
1765627430792,CH1,POWER,3.25
1765627430797,CH1,POWER,3.25
1765627430802,CH1,POWER,3.25
1765627430808,CH1,POWER,3.25
1765627430812,CH1,POWER,3.25
1765627430818,CH1,POWER,3.25
1765627430822,CH1,POWER,3.25
1765627430828,CH1,POWER,3.25
1765627430833,CH1,POWER,3.25
1765627430838,CH1,POWER,3.25
1765627430843,CH1,POWER,3.25
1765627430848,CH1,POWER,3.25
1765627430853,CH1,POWER,3.25
1765627430858,CH1,POWER,3.25
1765627430862,CH1,POWER,3.25
1765627430867,CH1,POWER,3.25
1765627430869,CH1,POWER,3.25
1765627430872,CH1,POWER,3.25
1765627430899,CH1,POWER,3.25
1765627430904,CH1,POWER,3.25
1765627430909,CH1,POWER,3.25
1765627430916,CH1,POWER,3.25
1765627430920,CH1,POWER,3.25
1765627430924,CH1,POWER,3.25
1765627430929,CH1,POWER,3.25
1765627430934,CH1,POWER,3.25
1765627430940,CH1,POWER,3.25
1765627430946,CH1,POWER,3.25
1765627430950,CH1,POWER,3.25
1765627430958,CH1,POWER,3.25
1765627430963,CH1,POWER,3.25
1765627430970,CH1,POWER,3.25
1765627430975,CH1,POWER,3.25
1765627430980,CH1,POWER,3.25
1765627430988,CH1,POWER,3.25
1765627430993,CH1,POWER,3.25
1765627431000,CH1,POWER,3.25
1765627431008,CH1,POWER,3.25
1765627431013,CH1,POWER,3.25
1765627431017,CH1,POWER,3.25
1765627431022,CH1,POWER,3.25
1765627431027,CH1,POWER,3.25
1765627431033,CH1,POWER,3.25
1765627431040,CH1,POWER,3.25
1765627431045,CH1,POWER,3.25
1765627431050,CH1,POWER,3.25
1765627431058,CH1,POWER,3.25
1765627431063,CH1,POWER,3.25
1765627431070,CH1,POWER,3.25
1765627431074,CH1,POWER,3.25
1765627431079,CH1,POWER,3.25
1765627431083,CH1,POWER,3.25
1765627431090,CH1,POWER,3.25
1765627431094,CH1,POWER,3.25
1765627431099,CH1,POWER,3.25
1765627431103,CH1,POWER,3.25
1765627431110,CH1,POWER,3.25
1765627431115,CH1,POWER,3.25
1765627431120,CH1,POWER,3.25
1765627431125,CH1,POWER,3.25
1765627431130,CH1,POWER,3.25
1765627431135,CH1,POWER,3.25
1765627431140,CH1,POWER,3.25
1765627431144,CH1,POWER,3.25
1765627431149,CH1,POWER,3.25
1765627431153,CH1,POWER,3.25
1765627431160,CH1,POWER,3.25
1765627431165,CH1,POWER,3.25
1765627431170,CH1,POWER,3.25
1765627431178,CH1,POWER,3.25
1765627431182,CH1,POWER,3.25
1765627431187,CH1,POWER,3.25
1765627431193,CH1,POWER,3.25
1765627431200,CH1,POWER,3.25
1765627431205,CH1,POWER,3.25
1765627431210,CH1,POWER,3.25
1765627431215,CH1,POWER,3.25
1765627431220,CH1,POWER,3.25
1765627431225,CH1,POWER,3.25
1765627431230,CH1,POWER,3.25
1765627431235,CH1,POWER,3.25
1765627431240,CH1,POWER,3.25
1765627431245,CH1,POWER,3.25
1765627431250,CH1,POWER,3.25
1765627431254,CH1,POWER,3.25
1765627431260,CH1,POWER,3.25
1765627431266,CH1,POWER,3.25
1765627431269,CH1,POWER,3.25
1765627431272,CH1,POWER,3.25
1765627431274,CH1,POWER,3.25
1765627431302,CH1,POWER,3.25
1765627431307,CH1,POWER,3.25
1765627431312,CH1,POWER,3.25
1765627431320,CH1,POWER,3.25
1765627431325,CH1,POWER,3.25
1765627431332,CH1,POWER,3.25
1765627431340,CH1,POWER,3.25
1765627431345,CH1,POWER,3.25
1765627431349,CH1,POWER,3.25
1765627431354,CH1,POWER,3.25
1765627431360,CH1,POWER,3.25
1765627431364,CH1,POWER,3.25
1765627431372,CH1,POWER,3.25
1765627431380,CH1,POWER,3.25
1765627431385,CH1,POWER,3.25
1765627431392,CH1,POWER,3.25
1765627431397,CH1,POWER,3.25
1765627431402,CH1,POWER,3.25
1765627431407,CH1,POWER,3.25
1765627431412,CH1,POWER,3.25
1765627431420,CH1,POWER,3.25
1765627431425,CH1,POWER,3.25
1765627431432,CH1,POWER,3.25
1765627431437,CH1,POWER,3.25
1765627431442,CH1,POWER,3.25
1765627431447,CH1,POWER,3.25
1765627431452,CH1,POWER,3.25
1765627431456,CH1,POWER,3.25
1765627431461,CH1,POWER,3.25
1765627431467,CH1,POWER,3.25
1765627431472,CH1,POWER,3.25
1765627431477,CH1,POWER,3.25
1765627431482,CH1,POWER,3.25
1765627431486,CH1,POWER,3.25
1765627431491,CH1,POWER,3.25
1765627431495,CH1,POWER,3.25
1765627431502,CH1,POWER,3.25
1765627431507,CH1,POWER,3.25
1765627431512,CH1,POWER,3.25
1765627431517,CH1,POWER,3.25
1765627431522,CH1,POWER,3.25
1765627431530,CH1,POWER,3.25
1765627431536,CH1,POWER,3.25
1765627431542,CH1,POWER,3.25
1765627431547,CH1,POWER,3.25
1765627431552,CH1,POWER,3.25
1765627431557,CH1,POWER,3.25
1765627431562,CH1,POWER,3.25
1765627431566,CH1,POWER,3.25
1765627431572,CH1,POWER,3.25
1765627431576,CH1,POWER,3.25
1765627431581,CH1,POWER,3.25
1765627431587,CH1,POWER,3.25
1765627431592,CH1,POWER,3.25
1765627431596,CH1,POWER,3.25
1765627431602,CH1,POWER,3.25
1765627431606,CH1,POWER,3.25
1765627431611,CH1,POWER,3.25
1765627431615,CH1,POWER,3.25
1765627431619,CH1,POWER,3.25
1765627431623,CH1,POWER,3.25
1765627431630,CH1,POWER,3.25
1765627431636,CH1,POWER,3.25
1765627431641,CH1,POWER,3.25
1765627431645,CH1,POWER,3.25
1765627431651,CH1,POWER,3.25
1765627431655,CH1,POWER,3.25
1765627431662,CH1,POWER,3.25
1765627431664,CH1,POWER,3.25
1765627431690,CH1,POWER,3.25
1765627431696,CH1,POWER,3.25
1765627431701,CH1,POWER,3.25
1765627431705,CH1,POWER,3.25
1765627431711,CH1,POWER,3.25
1765627431715,CH1,POWER,3.25
1765627431722,CH1,POWER,3.25
1765627431728,CH1,POWER,3.25
1765627431733,CH1,POWER,3.25
1765627431739,CH1,POWER,3.25
1765627431744,CH1,POWER,3.25
1765627431748,CH1,POWER,3.25
1765627431753,CH1,POWER,3.25
1765627431758,CH1,POWER,3.25
1765627431764,CH1,POWER,3.25
1765627431768,CH1,POWER,3.25
1765627431774,CH1,POWER,3.25
1765627431778,CH1,POWER,3.25
1765627431783,CH1,POWER,3.25
1765627431789,CH1,POWER,3.25
1765627431794,CH1,POWER,3.25
1765627431798,CH1,POWER,3.25
1765627431804,CH1,POWER,3.25
1765627431812,CH1,POWER,3.25
1765627431817,CH1,POWER,3.25
1765627431823,CH1,POWER,3.25
1765627431828,CH1,POWER,3.25
1765627431834,CH1,POWER,3.25
1765627431839,CH1,POWER,3.25
1765627431844,CH1,POWER,3.25
1765627431849,CH1,POWER,3.25
1765627431854,CH1,POWER,3.25
1765627431859,CH1,POWER,3.25
1765627431864,CH1,POWER,3.25
1765627431868,CH1,POWER,3.25
1765627431873,CH1,POWER,3.25
1765627431879,CH1,POWER,3.25
1765627431884,CH1,POWER,3.25
1765627431888,CH1,POWER,3.25
1765627431894,CH1,POWER,3.25
1765627431902,CH1,POWER,3.25
1765627431908,CH1,POWER,3.25
1765627431914,CH1,POWER,3.25
1765627431922,CH1,POWER,3.25
1765627431927,CH1,POWER,3.25
1765627431934,CH1,POWER,3.25
1765627431942,CH1,POWER,3.25
1765627431947,CH1,POWER,3.25
1765627431953,CH1,POWER,3.25
1765627431958,CH1,POWER,3.25
1765627431964,CH1,POWER,3.25
1765627431969,CH1,POWER,3.25
1765627431974,CH1,POWER,3.25
1765627431982,CH1,POWER,3.25
1765627431988,CH1,POWER,3.25
1765627431993,CH1,POWER,3.25
1765627431999,CH1,POWER,3.25
1765627432004,CH1,POWER,3.25
1765627432009,CH1,POWER,3.25
1765627432014,CH1,POWER,3.25
1765627432022,CH1,POWER,3.25
1765627432028,CH1,POWER,3.25
1765627432034,CH1,POWER,3.25
1765627432039,CH1,POWER,3.25
1765627432044,CH1,POWER,3.25
1765627432052,CH1,POWER,3.25
1765627432054,CH1,POWER,3.55
1765627432057,CH1,POWER,3.55
1765627432083,CH1,POWER,3.55
1765627432088,CH1,POWER,3.55
1765627432093,CH1,POWER,3.55
1765627432097,CH1,POWER,3.55
1765627432103,CH1,POWER,3.55
1765627432108,CH1,POWER,3.55
1765627432114,CH1,POWER,3.55
1765627432118,CH1,POWER,3.55
1765627432124,CH1,POWER,3.55
1765627432128,CH1,POWER,3.55
1765627432136,CH1,POWER,3.55
1765627432144,CH1,POWER,3.55
1765627432149,CH1,POWER,3.55
1765627432156,CH1,POWER,3.55
1765627432161,CH1,POWER,3.55
1765627432166,CH1,POWER,3.55
1765627432174,CH1,POWER,3.55
1765627432178,CH1,POWER,3.55
1765627432183,CH1,POWER,3.55
1765627432187,CH1,POWER,3.55
1765627432193,CH1,POWER,3.55
1765627432198,CH1,POWER,3.55
1765627432206,CH1,POWER,3.55
1765627432211,CH1,POWER,3.55
1765627432216,CH1,POWER,3.55
1765627432220,CH1,POWER,3.55
1765627432225,CH1,POWER,3.55
1765627432229,CH1,POWER,3.55
1765627432235,CH1,POWER,3.55
1765627432241,CH1,POWER,3.55
1765627432246,CH1,POWER,3.55
1765627432250,CH1,POWER,3.55
1765627432255,CH1,POWER,3.55
1765627432261,CH1,POWER,3.55
1765627432266,CH1,POWER,3.55
1765627432271,CH1,POWER,3.55
1765627432276,CH1,POWER,3.55
1765627432281,CH1,POWER,3.55
1765627432286,CH1,POWER,3.55
1765627432290,CH1,POWER,3.55
1765627432296,CH1,POWER,3.55
1765627432304,CH1,POWER,3.55
1765627432310,CH1,POWER,3.55
1765627432315,CH1,POWER,3.55
1765627432321,CH1,POWER,3.55
1765627432326,CH1,POWER,3.55
1765627432334,CH1,POWER,3.55
1765627432339,CH1,POWER,3.55
1765627432346,CH1,POWER,3.55
1765627432351,CH1,POWER,3.55
1765627432356,CH1,POWER,3.55
1765627432361,CH1,POWER,3.55
1765627432366,CH1,POWER,3.55
1765627432370,CH1,POWER,3.55
1765627432375,CH1,POWER,3.55
1765627432380,CH1,POWER,3.55
1765627432385,CH1,POWER,3.55
1765627432390,CH1,POWER,3.55
1765627432396,CH1,POWER,3.55
1765627432401,CH1,POWER,3.55
1765627432406,CH1,POWER,3.55
1765627432411,CH1,POWER,3.55
1765627432416,CH1,POWER,3.55
1765627432420,CH1,POWER,3.55
1765627432426,CH1,POWER,3.55
1765627432434,CH1,POWER,3.55
1765627432439,CH1,POWER,3.55
1765627432444,CH1,POWER,3.55
1765627432447,CH1,POWER,3.40
1765627432449,CH1,POWER,3.40
1765627432477,CH1,POWER,3.40
1765627432482,CH1,POWER,3.40
1765627432487,CH1,POWER,3.40
1765627432492,CH1,POWER,3.40
1765627432497,CH1,POWER,3.40
1765627432502,CH1,POWER,3.40
1765627432507,CH1,POWER,3.40
1765627432512,CH1,POWER,3.40
1765627432517,CH1,POWER,3.40
1765627432522,CH1,POWER,3.40
1765627432527,CH1,POWER,3.40
1765627432532,CH1,POWER,3.40
1765627432537,CH1,POWER,3.40
1765627432541,CH1,POWER,3.40
1765627432548,CH1,POWER,3.40
1765627432553,CH1,POWER,3.40
1765627432558,CH1,POWER,3.40
1765627432562,CH1,POWER,3.40
1765627432568,CH1,POWER,3.40
1765627432572,CH1,POWER,3.40
1765627432577,CH1,POWER,3.40
1765627432583,CH1,POWER,3.40
1765627432588,CH1,POWER,3.40
1765627432593,CH1,POWER,3.40
1765627432598,CH1,POWER,3.40
1765627432603,CH1,POWER,3.40
1765627432608,CH1,POWER,3.40
1765627432616,CH1,POWER,3.40
1765627432620,CH1,POWER,3.40
1765627432625,CH1,POWER,3.40
1765627432630,CH1,POWER,3.40
1765627432635,CH1,POWER,3.40
1765627432639,CH1,POWER,3.40
1765627432646,CH1,POWER,3.40
1765627432652,CH1,POWER,3.40
1765627432657,CH1,POWER,3.40
1765627432663,CH1,POWER,3.40
1765627432668,CH1,POWER,3.40
1765627432673,CH1,POWER,3.40
1765627432678,CH1,POWER,3.40
1765627432682,CH1,POWER,3.40
1765627432687,CH1,POWER,3.40
1765627432693,CH1,POWER,3.40
1765627432698,CH1,POWER,3.40
1765627432703,CH1,POWER,3.40
1765627432708,CH1,POWER,3.40
1765627432716,CH1,POWER,3.40
1765627432721,CH1,POWER,3.40
1765627432728,CH1,POWER,3.40
1765627432733,CH1,POWER,3.40
1765627432738,CH1,POWER,3.40
1765627432743,CH1,POWER,3.40
1765627432748,CH1,POWER,3.40
1765627432756,CH1,POWER,3.40
1765627432762,CH1,POWER,3.40
1765627432767,CH1,POWER,3.40
1765627432772,CH1,POWER,3.40
1765627432778,CH1,POWER,3.40
1765627432786,CH1,POWER,3.40
1765627432791,CH1,POWER,3.40
1765627432798,CH1,POWER,3.40
1765627432806,CH1,POWER,3.40
1765627432811,CH1,POWER,3.40
1765627432818,CH1,POWER,3.40
1765627432823,CH1,POWER,3.40
1765627432828,CH1,POWER,3.40
1765627432833,CH1,POWER,3.40
1765627432838,CH1,POWER,3.40
1765627432867,CH1,POWER,3.40
1765627432872,CH1,POWER,3.40
1765627432877,CH1,POWER,3.40
1765627432883,CH1,POWER,3.40
1765627432887,CH1,POWER,3.40
1765627432892,CH1,POWER,3.40
1765627432897,CH1,POWER,3.40
1765627432902,CH1,POWER,3.40
1765627432908,CH1,POWER,3.40
1765627432913,CH1,POWER,3.40
1765627432917,CH1,POWER,3.40
1765627432922,CH1,POWER,3.40
1765627432927,CH1,POWER,3.40
1765627432931,CH1,POWER,3.40
1765627432938,CH1,POWER,3.40
1765627432942,CH1,POWER,3.40
1765627432950,CH1,POWER,3.40
1765627432955,CH1,POWER,3.40
1765627432960,CH1,POWER,3.40
1765627432965,CH1,POWER,3.40
1765627432970,CH1,POWER,3.40
1765627432978,CH1,POWER,3.40
1765627432984,CH1,POWER,3.40
1765627432989,CH1,POWER,3.40
1765627432993,CH1,POWER,3.40
1765627433000,CH1,POWER,3.40
1765627433008,CH1,POWER,3.40
1765627433014,CH1,POWER,3.40
1765627433020,CH1,POWER,3.40
1765627433025,CH1,POWER,3.40
1765627433030,CH1,POWER,3.40
1765627433035,CH1,POWER,3.40
1765627433040,CH1,POWER,3.40
1765627433045,CH1,POWER,3.40
1765627433050,CH1,POWER,3.40
1765627433058,CH1,POWER,3.40
1765627433063,CH1,POWER,3.40
1765627433067,CH1,POWER,3.40
1765627433073,CH1,POWER,3.40
1765627433077,CH1,POWER,3.40
1765627433082,CH1,POWER,3.40
1765627433087,CH1,POWER,3.40
1765627433092,CH1,POWER,3.40
1765627433097,CH1,POWER,3.40
1765627433101,CH1,POWER,3.40
1765627433108,CH1,POWER,3.40
1765627433113,CH1,POWER,3.40
1765627433119,CH1,POWER,3.40
1765627433124,CH1,POWER,3.40
1765627433130,CH1,POWER,3.40
1765627433135,CH1,POWER,3.40
1765627433140,CH1,POWER,3.40
1765627433145,CH1,POWER,3.40
1765627433150,CH1,POWER,3.40
1765627433155,CH1,POWER,3.40
1765627433160,CH1,POWER,3.40
1765627433167,CH1,POWER,3.40
1765627433172,CH1,POWER,3.40
1765627433177,CH1,POWER,3.40
1765627433183,CH1,POWER,3.40
1765627433190,CH1,POWER,3.40
1765627433194,CH1,POWER,3.40
1765627433199,CH1,POWER,3.40
1765627433205,CH1,POWER,3.40
1765627433210,CH1,POWER,3.40
1765627433215,CH1,POWER,3.40
1765627433220,CH1,POWER,3.40
1765627433224,CH1,POWER,3.40
1765627433229,CH1,POWER,3.40
1765627433232,CH1,POWER,3.25
1765627433257,CH1,POWER,3.25
1765627433262,CH1,POWER,3.25
1765627433267,CH1,POWER,3.25
1765627433272,CH1,POWER,3.25
1765627433276,CH1,POWER,3.25
1765627433281,CH1,POWER,3.25
1765627433285,CH1,POWER,3.25
1765627433291,CH1,POWER,3.25
1765627433296,CH1,POWER,3.25
1765627433302,CH1,POWER,3.25
1765627433307,CH1,POWER,3.25
1765627433312,CH1,POWER,3.25
1765627433316,CH1,POWER,3.25
1765627433321,CH1,POWER,3.25
1765627433326,CH1,POWER,3.25
1765627433331,CH1,POWER,3.25
1765627433335,CH1,POWER,3.25
1765627433342,CH1,POWER,3.25
1765627433346,CH1,POWER,3.25
1765627433351,CH1,POWER,3.25
1765627433357,CH1,POWER,3.25
1765627433362,CH1,POWER,3.25
1765627433367,CH1,POWER,3.25
1765627433372,CH1,POWER,3.25
1765627433376,CH1,POWER,3.25
1765627433381,CH1,POWER,3.25
1765627433385,CH1,POWER,3.25
1765627433391,CH1,POWER,3.25
1765627433395,CH1,POWER,3.25
1765627433401,CH1,POWER,3.25
1765627433407,CH1,POWER,3.25
1765627433412,CH1,POWER,3.25
1765627433417,CH1,POWER,3.25
1765627433422,CH1,POWER,3.25
1765627433430,CH1,POWER,3.25
1765627433435,CH1,POWER,3.25
1765627433441,CH1,POWER,3.25
1765627433446,CH1,POWER,3.25
1765627433451,CH1,POWER,3.25
1765627433457,CH1,POWER,3.25
1765627433462,CH1,POWER,3.25
1765627433470,CH1,POWER,3.25
1765627433474,CH1,POWER,3.25
1765627433479,CH1,POWER,3.25
1765627433483,CH1,POWER,3.25
1765627433490,CH1,POWER,3.25
1765627433495,CH1,POWER,3.25
1765627433501,CH1,POWER,3.25
1765627433506,CH1,POWER,3.25
1765627433511,CH1,POWER,3.25
1765627433515,CH1,POWER,3.25
1765627433521,CH1,POWER,3.25
1765627433526,CH1,POWER,3.25
1765627433531,CH1,POWER,3.25
1765627433535,CH1,POWER,3.25
1765627433542,CH1,POWER,3.25
1765627433547,CH1,POWER,3.25
1765627433552,CH1,POWER,3.25
1765627433560,CH1,POWER,3.25
1765627433565,CH1,POWER,3.25
1765627433572,CH1,POWER,3.25
1765627433580,CH1,POWER,3.25
1765627433585,CH1,POWER,3.25
1765627433592,CH1,POWER,3.25
1765627433597,CH1,POWER,3.25
1765627433602,CH1,POWER,3.25
1765627433607,CH1,POWER,3.25
1765627433612,CH1,POWER,3.25
1765627433616,CH1,POWER,3.25
1765627433644,CH1,POWER,3.25
1765627433649,CH1,POWER,3.25
1765627433654,CH1,POWER,3.25
1765627433658,CH1,POWER,3.25
1765627433662,CH1,POWER,3.25
1765627433667,CH1,POWER,3.25
1765627433673,CH1,POWER,3.25
1765627433679,CH1,POWER,3.25
1765627433684,CH1,POWER,3.25
1765627433692,CH1,POWER,3.25
1765627433697,CH1,POWER,3.25
1765627433703,CH1,POWER,3.25
1765627433709,CH1,POWER,3.25
1765627433714,CH1,POWER,3.25
1765627433719,CH1,POWER,3.25
1765627433724,CH1,POWER,3.25
1765627433732,CH1,POWER,3.25
1765627433737,CH1,POWER,3.25
1765627433744,CH1,POWER,3.25
1765627433749,CH1,POWER,3.25
1765627433754,CH1,POWER,3.25
1765627433759,CH1,POWER,3.25
1765627433764,CH1,POWER,3.25
1765627433772,CH1,POWER,3.25
1765627433777,CH1,POWER,3.25
1765627433784,CH1,POWER,3.25
1765627433789,CH1,POWER,3.25
1765627433794,CH1,POWER,3.25
1765627433799,CH1,POWER,3.25
1765627433804,CH1,POWER,3.25
1765627433812,CH1,POWER,3.25
1765627433817,CH1,POWER,3.25
1765627433824,CH1,POWER,3.25
1765627433829,CH1,POWER,3.25
1765627433834,CH1,POWER,3.25
1765627433839,CH1,POWER,3.25
1765627433843,CH1,POWER,3.25
1765627433848,CH1,POWER,3.25
1765627433853,CH1,POWER,3.25
1765627433857,CH1,POWER,3.25
1765627433862,CH1,POWER,3.25
1765627433867,CH1,POWER,3.25
1765627433873,CH1,POWER,3.25
1765627433878,CH1,POWER,3.25
1765627433883,CH1,POWER,3.25
1765627433887,CH1,POWER,3.25
1765627433894,CH1,POWER,3.25
1765627433899,CH1,POWER,3.25
1765627433904,CH1,POWER,3.25
1765627433909,CH1,POWER,3.25
1765627433913,CH1,POWER,3.25
1765627433917,CH1,POWER,3.25
1765627433924,CH1,POWER,3.25
1765627433929,CH1,POWER,3.25
1765627433933,CH1,POWER,3.25
1765627433938,CH1,POWER,3.25
1765627433942,CH1,POWER,3.25
1765627433947,CH1,POWER,3.25
1765627433954,CH1,POWER,3.25
1765627433959,CH1,POWER,3.25
1765627433964,CH1,POWER,3.25
1765627433969,CH1,POWER,3.25
1765627433974,CH1,POWER,3.25
1765627433979,CH1,POWER,3.25
1765627433983,CH1,POWER,3.25
1765627433987,CH1,POWER,3.25
1765627433993,CH1,POWER,3.25
1765627433998,CH1,POWER,3.25
1765627434003,CH1,POWER,3.25
1765627434007,CH1,POWER,3.25
1765627434033,CH1,POWER,3.25
1765627434038,CH1,POWER,3.25
1765627434042,CH1,POWER,3.25
1765627434047,CH1,POWER,3.25
1765627434054,CH1,POWER,3.25
1765627434059,CH1,POWER,3.25
1765627434065,CH1,POWER,3.25
1765627434070,CH1,POWER,3.25
1765627434074,CH1,POWER,3.25
1765627434078,CH1,POWER,3.25
1765627434082,CH1,POWER,3.25
1765627434087,CH1,POWER,3.25
1765627434092,CH1,POWER,3.25
1765627434097,CH1,POWER,3.25
1765627434102,CH1,POWER,3.25
1765627434106,CH1,POWER,3.25
1765627434111,CH1,POWER,3.25
1765627434115,CH1,POWER,3.25
1765627434120,CH1,POWER,3.25
1765627434126,CH1,POWER,3.25
1765627434131,CH1,POWER,3.25
1765627434136,CH1,POWER,3.25
1765627434141,CH1,POWER,3.25
1765627434146,CH1,POWER,3.25
1765627434151,CH1,POWER,3.25
1765627434156,CH1,POWER,3.25
1765627434161,CH1,POWER,3.25
1765627434166,CH1,POWER,3.25
1765627434171,CH1,POWER,3.25
1765627434176,CH1,POWER,3.25
1765627434184,CH1,POWER,3.25
1765627434189,CH1,POWER,3.25
1765627434195,CH1,POWER,3.25
1765627434200,CH1,POWER,3.25
1765627434204,CH1,POWER,3.25
1765627434209,CH1,POWER,3.25
1765627434216,CH1,POWER,3.25
1765627434224,CH1,POWER,3.25
1765627434229,CH1,POWER,3.25
1765627434235,CH1,POWER,3.25
1765627434240,CH1,POWER,3.25
1765627434245,CH1,POWER,3.25
1765627434249,CH1,POWER,3.25
1765627434255,CH1,POWER,3.25
1765627434260,CH1,POWER,3.25
1765627434264,CH1,POWER,3.25
1765627434269,CH1,POWER,3.25
1765627434273,CH1,POWER,3.25
1765627434278,CH1,POWER,3.25
1765627434286,CH1,POWER,3.25
1765627434291,CH1,POWER,3.25
1765627434295,CH1,POWER,3.25
1765627434299,CH1,POWER,3.25
1765627434306,CH1,POWER,3.25
1765627434311,CH1,POWER,3.25
1765627434316,CH1,POWER,3.25
1765627434321,CH1,POWER,3.25
1765627434325,CH1,POWER,3.25
1765627434330,CH1,POWER,3.25
1765627434334,CH1,POWER,3.25
1765627434339,CH1,POWER,3.25
1765627434346,CH1,POWER,3.25
1765627434351,CH1,POWER,3.25
1765627434356,CH1,POWER,3.25
1765627434361,CH1,POWER,3.25
1765627434365,CH1,POWER,3.25
1765627434370,CH1,POWER,3.25
1765627434374,CH1,POWER,3.25
1765627434379,CH1,POWER,3.25
1765627434385,CH1,POWER,3.25
1765627434390,CH1,POWER,3.25
1765627434418,CH1,POWER,3.55
1765627434423,CH1,POWER,3.55
1765627434428,CH1,POWER,3.55
1765627434433,CH1,POWER,3.55
1765627434438,CH1,POWER,3.55
1765627434443,CH1,POWER,3.55
1765627434447,CH1,POWER,3.55
1765627434452,CH1,POWER,3.55
1765627434457,CH1,POWER,3.55
1765627434463,CH1,POWER,3.55
1765627434468,CH1,POWER,3.55
1765627434473,CH1,POWER,3.55
1765627434478,CH1,POWER,3.55
1765627434483,CH1,POWER,3.55
1765627434488,CH1,POWER,3.55
1765627434493,CH1,POWER,3.55
1765627434498,CH1,POWER,3.55
1765627434503,CH1,POWER,3.55
1765627434508,CH1,POWER,3.55
1765627434515,CH1,POWER,3.55
1765627434520,CH1,POWER,3.55
1765627434524,CH1,POWER,3.55
1765627434529,CH1,POWER,3.55
1765627434535,CH1,POWER,3.55
1765627434541,CH1,POWER,3.55
1765627434547,CH1,POWER,3.55
1765627434552,CH1,POWER,3.55
1765627434556,CH1,POWER,3.55
1765627434561,CH1,POWER,3.55
1765627434568,CH1,POWER,3.55
1765627434573,CH1,POWER,3.55
1765627434578,CH1,POWER,3.55
1765627434583,CH1,POWER,3.55
1765627434588,CH1,POWER,3.55
1765627434593,CH1,POWER,3.55
1765627434597,CH1,POWER,3.55
1765627434602,CH1,POWER,3.55
1765627434607,CH1,POWER,3.55
1765627434612,CH1,POWER,3.55
1765627434618,CH1,POWER,3.55
1765627434623,CH1,POWER,3.55
1765627434627,CH1,POWER,3.55
1765627434632,CH1,POWER,3.55
1765627434637,CH1,POWER,3.55
1765627434641,CH1,POWER,3.55
1765627434647,CH1,POWER,3.55
1765627434652,CH1,POWER,3.55
1765627434656,CH1,POWER,3.55
1765627434661,CH1,POWER,3.55
1765627434667,CH1,POWER,3.55
1765627434673,CH1,POWER,3.55
1765627434678,CH1,POWER,3.55
1765627434683,CH1,POWER,3.55
1765627434687,CH1,POWER,3.55
1765627434692,CH1,POWER,3.55
1765627434696,CH1,POWER,3.55
1765627434700,CH1,POWER,3.55
1765627434705,CH1,POWER,3.55
1765627434710,CH1,POWER,3.55
1765627434715,CH1,POWER,3.55
1765627434720,CH1,POWER,3.55
1765627434725,CH1,POWER,3.55
1765627434731,CH1,POWER,3.55
1765627434737,CH1,POWER,3.55
1765627434742,CH1,POWER,3.55
1765627434747,CH1,POWER,3.55
1765627434751,CH1,POWER,3.55
1765627434758,CH1,POWER,3.55
1765627434763,CH1,POWER,3.55
1765627434767,CH1,POWER,3.55
1765627434772,CH1,POWER,3.55
1765627434777,CH1,POWER,3.55
1765627434781,CH1,POWER,3.55
1765627434809,CH1,POWER,3.20
1765627434814,CH1,POWER,3.20
1765627434819,CH1,POWER,3.20
1765627434825,CH1,POWER,3.20
1765627434830,CH1,POWER,3.20
1765627434838,CH1,POWER,3.20
1765627434843,CH1,POWER,3.20
1765627434849,CH1,POWER,3.20
1765627434854,CH1,POWER,3.20
1765627434858,CH1,POWER,3.20
1765627434863,CH1,POWER,3.20
1765627434869,CH1,POWER,3.20
1765627434874,CH1,POWER,3.20
1765627434879,CH1,POWER,3.20
1765627434883,CH1,POWER,3.20
1765627434889,CH1,POWER,3.20
1765627434894,CH1,POWER,3.20
1765627434898,CH1,POWER,3.20
1765627434902,CH1,POWER,3.20
1765627434910,CH1,POWER,3.20
1765627434915,CH1,POWER,3.20
1765627434920,CH1,POWER,3.20
1765627434925,CH1,POWER,3.20
1765627434930,CH1,POWER,3.20
1765627434935,CH1,POWER,3.20
1765627434939,CH1,POWER,3.20
1765627434944,CH1,POWER,3.20
1765627434949,CH1,POWER,3.20
1765627434953,CH1,POWER,3.20
1765627434960,CH1,POWER,3.20
1765627434965,CH1,POWER,3.20
1765627434969,CH1,POWER,3.20
1765627434975,CH1,POWER,3.20
1765627434979,CH1,POWER,3.20
1765627434985,CH1,POWER,3.20
1765627434990,CH1,POWER,3.20
1765627434995,CH1,POWER,3.20
1765627434999,CH1,POWER,3.20
1765627435005,CH1,POWER,3.20
1765627435010,CH1,POWER,3.20
1765627435015,CH1,POWER,3.20
1765627435019,CH1,POWER,3.20
1765627435025,CH1,POWER,3.20
1765627435029,CH1,POWER,3.20
1765627435033,CH1,POWER,3.20
1765627435040,CH1,POWER,3.20
1765627435045,CH1,POWER,3.20
1765627435049,CH1,POWER,3.20
1765627435057,CH1,POWER,3.20
1765627435062,CH1,POWER,3.20
1765627435066,CH1,POWER,3.20
1765627435071,CH1,POWER,3.20
1765627435077,CH1,POWER,3.20
1765627435082,CH1,POWER,3.20
1765627435087,CH1,POWER,3.20
1765627435091,CH1,POWER,3.20
1765627435100,CH1,POWER,3.20
1765627435105,CH1,POWER,3.20
1765627435109,CH1,POWER,3.20
1765627435114,CH1,POWER,3.20
1765627435119,CH1,POWER,3.20
1765627435124,CH1,POWER,3.20
1765627435128,CH1,POWER,3.20
1765627435133,CH1,POWER,3.20
1765627435140,CH1,POWER,3.20
1765627435148,CH1,POWER,3.20
1765627435153,CH1,POWER,3.20
1765627435160,CH1,POWER,3.20
1765627435166,CH1,POWER,3.20
1765627435169,CH1,POWER,3.25
1765627435171,CH1,POWER,3.25
1765627435174,CH1,POWER,3.25
1765627435201,CH1,POWER,3.25
1765627435206,CH1,POWER,3.25
1765627435210,CH1,POWER,3.25
1765627435215,CH1,POWER,3.25
1765627435222,CH1,POWER,3.25
1765627435230,CH1,POWER,3.25
1765627435235,CH1,POWER,3.25
1765627435241,CH1,POWER,3.25
1765627435250,CH1,POWER,3.25
1765627435255,CH1,POWER,3.25
1765627435262,CH1,POWER,3.25
1765627435267,CH1,POWER,3.25
1765627435272,CH1,POWER,3.25
1765627435277,CH1,POWER,3.25
1765627435281,CH1,POWER,3.25
1765627435286,CH1,POWER,3.25
1765627435290,CH1,POWER,3.25
1765627435294,CH1,POWER,3.25
1765627435301,CH1,POWER,3.25
1765627435306,CH1,POWER,3.25
1765627435311,CH1,POWER,3.25
1765627435315,CH1,POWER,3.25
1765627435321,CH1,POWER,3.25
1765627435326,CH1,POWER,3.25
1765627435330,CH1,POWER,3.25
1765627435335,CH1,POWER,3.25
1765627435341,CH1,POWER,3.25
1765627435346,CH1,POWER,3.25
1765627435351,CH1,POWER,3.25
1765627435355,CH1,POWER,3.25
1765627435360,CH1,POWER,3.25
1765627435366,CH1,POWER,3.25
1765627435370,CH1,POWER,3.25
1765627435374,CH1,POWER,3.25
1765627435378,CH1,POWER,3.25
1765627435384,CH1,POWER,3.25
1765627435392,CH1,POWER,3.25
1765627435397,CH1,POWER,3.25
1765627435401,CH1,POWER,3.25
1765627435407,CH1,POWER,3.25
1765627435412,CH1,POWER,3.25
1765627435417,CH1,POWER,3.25
1765627435422,CH1,POWER,3.25
1765627435427,CH1,POWER,3.25
1765627435431,CH1,POWER,3.25
1765627435436,CH1,POWER,3.25
1765627435441,CH1,POWER,3.25
1765627435447,CH1,POWER,3.25
1765627435452,CH1,POWER,3.25
1765627435457,CH1,POWER,3.25
1765627435462,CH1,POWER,3.25
1765627435470,CH1,POWER,3.25
1765627435475,CH1,POWER,3.25
1765627435482,CH1,POWER,3.25
1765627435487,CH1,POWER,3.25
1765627435492,CH1,POWER,3.25
1765627435497,CH1,POWER,3.25
1765627435502,CH1,POWER,3.25
1765627435507,CH1,POWER,3.25
1765627435511,CH1,POWER,3.25
1765627435518,CH1,POWER,3.25
1765627435523,CH1,POWER,3.25
1765627435530,CH1,POWER,3.25
1765627435535,CH1,POWER,3.25
1765627435541,CH1,POWER,3.25
1765627435547,CH1,POWER,3.25
1765627435551,CH1,POWER,3.25
1765627435556,CH1,POWER,3.25
1765627435560,CH1,POWER,3.25
1765627435565,CH1,POWER,3.25
1765627435591,CH1,POWER,3.60
1765627435595,CH1,POWER,3.60
1765627435602,CH1,POWER,3.60
1765627435608,CH1,POWER,3.60
1765627435613,CH1,POWER,3.60
1765627435617,CH1,POWER,3.60
1765627435624,CH1,POWER,3.60
1765627435629,CH1,POWER,3.60
1765627435633,CH1,POWER,3.60
1765627435642,CH1,POWER,3.60
1765627435647,CH1,POWER,3.60
1765627435654,CH1,POWER,3.60
1765627435659,CH1,POWER,3.60
1765627435664,CH1,POWER,3.60
1765627435669,CH1,POWER,3.60
1765627435673,CH1,POWER,3.60
1765627435682,CH1,POWER,3.60
1765627435688,CH1,POWER,3.60
1765627435692,CH1,POWER,3.60
1765627435696,CH1,POWER,3.60
1765627435700,CH1,POWER,3.60
1765627435707,CH1,POWER,3.60
1765627435714,CH1,POWER,3.60
1765627435719,CH1,POWER,3.60
1765627435723,CH1,POWER,3.60
1765627435727,CH1,POWER,3.60
1765627435734,CH1,POWER,3.60
1765627435739,CH1,POWER,3.60
1765627435743,CH1,POWER,3.60
1765627435751,CH1,POWER,3.60
1765627435756,CH1,POWER,3.60
1765627435760,CH1,POWER,3.60
1765627435765,CH1,POWER,3.60
1765627435771,CH1,POWER,3.60
1765627435776,CH1,POWER,3.60
1765627435781,CH1,POWER,3.60
1765627435785,CH1,POWER,3.60
1765627435792,CH1,POWER,3.60
1765627435797,CH1,POWER,3.60
1765627435804,CH1,POWER,3.60
1765627435809,CH1,POWER,3.60
1765627435813,CH1,POWER,3.60
1765627435818,CH1,POWER,3.60
1765627435823,CH1,POWER,3.60
1765627435827,CH1,POWER,3.60
1765627435833,CH1,POWER,3.60
1765627435838,CH1,POWER,3.60
1765627435842,CH1,POWER,3.60
1765627435847,CH1,POWER,3.60
1765627435854,CH1,POWER,3.60
1765627435859,CH1,POWER,3.60
1765627435864,CH1,POWER,3.60
1765627435869,CH1,POWER,3.60
1765627435874,CH1,POWER,3.60
1765627435879,CH1,POWER,3.60
1765627435883,CH1,POWER,3.60
1765627435887,CH1,POWER,3.60
1765627435894,CH1,POWER,3.60
1765627435899,CH1,POWER,3.60
1765627435903,CH1,POWER,3.60
1765627435907,CH1,POWER,3.60
1765627435913,CH1,POWER,3.60
1765627435921,CH1,POWER,3.60
1765627435928,CH1,POWER,3.60
1765627435933,CH1,POWER,3.60
1765627435937,CH1,POWER,3.60
1765627435944,CH1,POWER,3.60
1765627435949,CH1,POWER,3.60
1765627435953,CH1,POWER,3.60
1765627435956,CH1,POWER,3.25
1765627435983,CH1,POWER,3.25
1765627435988,CH1,POWER,3.25
1765627435992,CH1,POWER,3.25
1765627435999,CH1,POWER,3.25
1765627436005,CH1,POWER,3.25
1765627436014,CH1,POWER,3.25
1765627436019,CH1,POWER,3.25
1765627436025,CH1,POWER,3.25
1765627436029,CH1,POWER,3.25
1765627436035,CH1,POWER,3.25
1765627436039,CH1,POWER,3.25
1765627436046,CH1,POWER,3.25
1765627436051,CH1,POWER,3.25
1765627436056,CH1,POWER,3.25
1765627436061,CH1,POWER,3.25
1765627436065,CH1,POWER,3.25
1765627436069,CH1,POWER,3.25
1765627436075,CH1,POWER,3.25
1765627436080,CH1,POWER,3.25
1765627436084,CH1,POWER,3.25
1765627436088,CH1,POWER,3.25
1765627436093,CH1,POWER,3.25
1765627436098,CH1,POWER,3.25
1765627436102,CH1,POWER,3.25
1765627436107,CH1,POWER,3.25
1765627436114,CH1,POWER,3.25
1765627436119,CH1,POWER,3.25
1765627436125,CH1,POWER,3.25
1765627436133,CH1,POWER,3.25
1765627436139,CH1,POWER,3.25
1765627436145,CH1,POWER,3.25
1765627436150,CH1,POWER,3.25
1765627436155,CH1,POWER,3.25
1765627436159,CH1,POWER,3.25
1765627436166,CH1,POWER,3.25
1765627436171,CH1,POWER,3.25
1765627436175,CH1,POWER,3.25
1765627436179,CH1,POWER,3.25
1765627436185,CH1,POWER,3.25
1765627436189,CH1,POWER,3.25
1765627436195,CH1,POWER,3.25
1765627436199,CH1,POWER,3.25
1765627436204,CH1,POWER,3.25
1765627436208,CH1,POWER,3.25
1765627436212,CH1,POWER,3.25
1765627436216,CH1,POWER,3.25
1765627436222,CH1,POWER,3.25
1765627436227,CH1,POWER,3.25
1765627436234,CH1,POWER,3.25
1765627436238,CH1,POWER,3.25
1765627436243,CH1,POWER,3.25
1765627436248,CH1,POWER,3.25
1765627436252,CH1,POWER,3.25
1765627436256,CH1,POWER,3.25
1765627436261,CH1,POWER,3.25
1765627436265,CH1,POWER,3.25
1765627436273,CH1,POWER,3.25
1765627436277,CH1,POWER,3.25
1765627436285,CH1,POWER,3.25
1765627436294,CH1,POWER,3.25
1765627436299,CH1,POWER,3.25
1765627436306,CH1,POWER,3.25
1765627436311,CH1,POWER,3.25
1765627436315,CH1,POWER,3.25
1765627436319,CH1,POWER,3.25
1765627436326,CH1,POWER,3.25
1765627436331,CH1,POWER,3.25
1765627436335,CH1,POWER,3.25
1765627436341,CH1,POWER,3.25
1765627436345,CH1,POWER,3.25
1765627436349,CH1,POWER,3.25
1765627436377,CH1,POWER,3.25
1765627436382,CH1,POWER,3.25
1765627436386,CH1,POWER,3.25
1765627436391,CH1,POWER,3.25
1765627436397,CH1,POWER,3.25
1765627436401,CH1,POWER,3.25
1765627436408,CH1,POWER,3.25
1765627436413,CH1,POWER,3.25
1765627436417,CH1,POWER,3.25
1765627436423,CH1,POWER,3.25
1765627436428,CH1,POWER,3.25
1765627436433,CH1,POWER,3.25
1765627436437,CH1,POWER,3.25
1765627436445,CH1,POWER,3.25
1765627436450,CH1,POWER,3.25
1765627436454,CH1,POWER,3.25
1765627436458,CH1,POWER,3.25
1765627436465,CH1,POWER,3.25
1765627436472,CH1,POWER,3.25
1765627436476,CH1,POWER,3.25
1765627436482,CH1,POWER,3.25
1765627436486,CH1,POWER,3.25
1765627436491,CH1,POWER,3.25
1765627436497,CH1,POWER,3.25
1765627436502,CH1,POWER,3.25
1765627436506,CH1,POWER,3.25
1765627436510,CH1,POWER,3.25
1765627436517,CH1,POWER,3.25
1765627436521,CH1,POWER,3.25
1765627436527,CH1,POWER,3.25
1765627436531,CH1,POWER,3.25
1765627436537,CH1,POWER,3.25
1765627436545,CH1,POWER,3.25
1765627436550,CH1,POWER,3.25
1765627436557,CH1,POWER,3.25
1765627436563,CH1,POWER,3.25
1765627436567,CH1,POWER,3.25
1765627436573,CH1,POWER,3.25
1765627436577,CH1,POWER,3.25
1765627436585,CH1,POWER,3.25
1765627436589,CH1,POWER,3.25
1765627436594,CH1,POWER,3.25
1765627436601,CH1,POWER,3.25
1765627436607,CH1,POWER,3.25
1765627436613,CH1,POWER,3.25
1765627436617,CH1,POWER,3.25
1765627436622,CH1,POWER,3.25
1765627436626,CH1,POWER,3.25
1765627436630,CH1,POWER,3.25
1765627436637,CH1,POWER,3.25
1765627436643,CH1,POWER,3.25
1765627436647,CH1,POWER,3.25
1765627436652,CH1,POWER,3.25
1765627436656,CH1,POWER,3.25
1765627436663,CH1,POWER,3.25
1765627436667,CH1,POWER,3.25
1765627436673,CH1,POWER,3.25
1765627436677,CH1,POWER,3.25
1765627436686,CH1,POWER,3.25
1765627436690,CH1,POWER,3.25
1765627436696,CH1,POWER,3.25
1765627436703,CH1,POWER,3.25
1765627436708,CH1,POWER,3.25
1765627436713,CH1,POWER,3.25
1765627436717,CH1,POWER,3.25
1765627436721,CH1,POWER,3.25
1765627436727,CH1,POWER,3.25
1765627436731,CH1,POWER,3.25
1765627436737,CH1,POWER,3.25
1765627436741,CH1,POWER,3.25
1765627436766,CH1,POWER,3.25
1765627436772,CH1,POWER,3.25
1765627436776,CH1,POWER,3.25
1765627436780,CH1,POWER,3.25
1765627436786,CH1,POWER,3.25
1765627436791,CH1,POWER,3.25
1765627436796,CH1,POWER,3.25
1765627436801,CH1,POWER,3.25
1765627436807,CH1,POWER,3.25
1765627436812,CH1,POWER,3.25
1765627436818,CH1,POWER,3.25
1765627436825,CH1,POWER,3.25
1765627436829,CH1,POWER,3.25
1765627436837,CH1,POWER,3.25
1765627436842,CH1,POWER,3.25
1765627436849,CH1,POWER,3.25
1765627436855,CH1,POWER,3.25
1765627436859,CH1,POWER,3.25
1765627436865,CH1,POWER,3.25
1765627436869,CH1,POWER,3.25
1765627436873,CH1,POWER,3.25
1765627436879,CH1,POWER,3.25
1765627436885,CH1,POWER,3.25
1765627436889,CH1,POWER,3.25
1765627436893,CH1,POWER,3.25
1765627436899,CH1,POWER,3.25
1765627436907,CH1,POWER,3.25
1765627436911,CH1,POWER,3.25
1765627436916,CH1,POWER,3.25
1765627436922,CH1,POWER,3.25
1765627436928,CH1,POWER,3.25
1765627436935,CH1,POWER,3.25
1765627436940,CH1,POWER,3.25
1765627436945,CH1,POWER,3.25
1765627436949,CH1,POWER,3.25
1765627436953,CH1,POWER,3.25
1765627436958,CH1,POWER,3.25
1765627436963,CH1,POWER,3.25
1765627436969,CH1,POWER,3.25
1765627436977,CH1,POWER,3.25
1765627436982,CH1,POWER,3.25
1765627436989,CH1,POWER,3.25
1765627436993,CH1,POWER,3.25
1765627436998,CH1,POWER,3.25
1765627437003,CH1,POWER,3.25
1765627437008,CH1,POWER,3.25
1765627437015,CH1,POWER,3.25
1765627437019,CH1,POWER,3.25
1765627437025,CH1,POWER,3.25
1765627437029,CH1,POWER,3.25
1765627437033,CH1,POWER,3.25
1765627437038,CH1,POWER,3.25
1765627437043,CH1,POWER,3.25
1765627437049,CH1,POWER,3.25
1765627437053,CH1,POWER,3.25
1765627437059,CH1,POWER,3.25
1765627437064,CH1,POWER,3.25
1765627437068,CH1,POWER,3.25
1765627437072,CH1,POWER,3.25
1765627437079,CH1,POWER,3.25
1765627437083,CH1,POWER,3.25
1765627437089,CH1,POWER,3.25
1765627437093,CH1,POWER,3.25
1765627437098,CH1,POWER,3.25
1765627437105,CH1,POWER,3.25
1765627437109,CH1,POWER,3.25
1765627437114,CH1,POWER,3.25
1765627437118,CH1,POWER,3.25
1765627437123,CH1,POWER,3.25
1765627437127,CH1,POWER,3.65
1765627437129,CH1,POWER,3.65
1765627437132,CH1,POWER,3.65
1765627437157,CH1,POWER,3.65
1765627437162,CH1,POWER,3.65
1765627437167,CH1,POWER,3.65
1765627437171,CH1,POWER,3.65
1765627437175,CH1,POWER,3.65
1765627437181,CH1,POWER,3.65
1765627437185,CH1,POWER,3.65
1765627437190,CH1,POWER,3.65
1765627437195,CH1,POWER,3.65
1765627437200,CH1,POWER,3.65
1765627437205,CH1,POWER,3.65
1765627437210,CH1,POWER,3.65
1765627437215,CH1,POWER,3.65
1765627437220,CH1,POWER,3.65
1765627437224,CH1,POWER,3.65
1765627437228,CH1,POWER,3.65
1765627437232,CH1,POWER,3.65
1765627437237,CH1,POWER,3.65
1765627437241,CH1,POWER,3.65
1765627437247,CH1,POWER,3.65
1765627437251,CH1,POWER,3.65
1765627437257,CH1,POWER,3.65
1765627437261,CH1,POWER,3.65
1765627437267,CH1,POWER,3.65
1765627437271,CH1,POWER,3.65
1765627437277,CH1,POWER,3.65
1765627437281,CH1,POWER,3.65
1765627437285,CH1,POWER,3.65
1765627437291,CH1,POWER,3.65
1765627437297,CH1,POWER,3.65
1765627437301,CH1,POWER,3.65
1765627437307,CH1,POWER,3.65
1765627437311,CH1,POWER,3.65
1765627437315,CH1,POWER,3.65
1765627437321,CH1,POWER,3.65
1765627437325,CH1,POWER,3.65
1765627437331,CH1,POWER,3.65
1765627437337,CH1,POWER,3.65
1765627437341,CH1,POWER,3.65
1765627437347,CH1,POWER,3.65
1765627437351,CH1,POWER,3.65
1765627437355,CH1,POWER,3.65
1765627437361,CH1,POWER,3.65
1765627437365,CH1,POWER,3.65
1765627437371,CH1,POWER,3.65
1765627437377,CH1,POWER,3.65
1765627437381,CH1,POWER,3.65
1765627437387,CH1,POWER,3.65
1765627437391,CH1,POWER,3.65
1765627437395,CH1,POWER,3.65
1765627437400,CH1,POWER,3.65
1765627437407,CH1,POWER,3.65
1765627437411,CH1,POWER,3.65
1765627437417,CH1,POWER,3.65
1765627437421,CH1,POWER,3.65
1765627437429,CH1,POWER,3.65
1765627437434,CH1,POWER,3.65
1765627437440,CH1,POWER,3.65
1765627437445,CH1,POWER,3.65
1765627437451,CH1,POWER,3.65
1765627437457,CH1,POWER,3.65
1765627437461,CH1,POWER,3.65
1765627437465,CH1,POWER,3.65
1765627437471,CH1,POWER,3.65
1765627437477,CH1,POWER,3.65
1765627437481,CH1,POWER,3.65
1765627437485,CH1,POWER,3.65
1765627437491,CH1,POWER,3.65
1765627437495,CH1,POWER,3.65
1765627437501,CH1,POWER,3.65
1765627437505,CH1,POWER,3.65
1765627437510,CH1,POWER,3.65
1765627437514,CH1,POWER,3.65
1765627437520,CH1,POWER,3.65
1765627437527,CH1,POWER,3.65
1765627437530,CH1,POWER,3.25
1765627437533,CH1,POWER,3.25
1765627437535,CH1,POWER,3.25
1765627437562,CH1,POWER,3.25
1765627437567,CH1,POWER,3.25
1765627437572,CH1,POWER,3.25
1765627437576,CH1,POWER,3.25
1765627437580,CH1,POWER,3.25
1765627437585,CH1,POWER,3.25
1765627437591,CH1,POWER,3.25
1765627437597,CH1,POWER,3.25
1765627437603,CH1,POWER,3.25
1765627437607,CH1,POWER,3.25
1765627437613,CH1,POWER,3.25
1765627437619,CH1,POWER,3.25
1765627437624,CH1,POWER,3.25
1765627437629,CH1,POWER,3.25
1765627437633,CH1,POWER,3.25
1765627437641,CH1,POWER,3.25
1765627437646,CH1,POWER,3.25
1765627437653,CH1,POWER,3.25
1765627437659,CH1,POWER,3.25
1765627437663,CH1,POWER,3.25
1765627437671,CH1,POWER,3.25
1765627437675,CH1,POWER,3.25
1765627437683,CH1,POWER,3.25
1765627437689,CH1,POWER,3.25
1765627437693,CH1,POWER,3.25
1765627437699,CH1,POWER,3.25
1765627437703,CH1,POWER,3.25
1765627437707,CH1,POWER,3.25
1765627437712,CH1,POWER,3.25
1765627437717,CH1,POWER,3.25
1765627437723,CH1,POWER,3.25
1765627437731,CH1,POWER,3.25
1765627437736,CH1,POWER,3.25
1765627437740,CH1,POWER,3.25
1765627437745,CH1,POWER,3.25
1765627437750,CH1,POWER,3.25
1765627437754,CH1,POWER,3.25
1765627437761,CH1,POWER,3.25
1765627437765,CH1,POWER,3.25
1765627437770,CH1,POWER,3.25
1765627437776,CH1,POWER,3.25
1765627437782,CH1,POWER,3.25
1765627437787,CH1,POWER,3.25
1765627437792,CH1,POWER,3.25
1765627437797,CH1,POWER,3.25
1765627437803,CH1,POWER,3.25
1765627437807,CH1,POWER,3.25
1765627437812,CH1,POWER,3.25
1765627437817,CH1,POWER,3.25
1765627437823,CH1,POWER,3.25
1765627437829,CH1,POWER,3.25
1765627437833,CH1,POWER,3.25
1765627437837,CH1,POWER,3.25
1765627437842,CH1,POWER,3.25
1765627437847,CH1,POWER,3.25
1765627437852,CH1,POWER,3.25
1765627437856,CH1,POWER,3.25
1765627437862,CH1,POWER,3.25
1765627437867,CH1,POWER,3.25
1765627437873,CH1,POWER,3.25
1765627437877,CH1,POWER,3.25
1765627437883,CH1,POWER,3.25
1765627437887,CH1,POWER,3.25
1765627437892,CH1,POWER,3.25
1765627437899,CH1,POWER,3.25
1765627437903,CH1,POWER,3.25
1765627437909,CH1,POWER,3.25
1765627437913,CH1,POWER,3.25
1765627437917,CH1,POWER,3.25
1765627437922,CH1,POWER,3.25
1765627437924,CH1,POWER,3.25
1765627437927,CH1,POWER,3.25
1765627437952,CH1,POWER,3.25
1765627437957,CH1,POWER,3.25
1765627437962,CH1,POWER,3.25
1765627437967,CH1,POWER,3.25
1765627437973,CH1,POWER,3.25
1765627437978,CH1,POWER,3.25
1765627437982,CH1,POWER,3.25
1765627437987,CH1,POWER,3.25
1765627437992,CH1,POWER,3.25
1765627437997,CH1,POWER,3.25
1765627438002,CH1,POWER,3.25
1765627438008,CH1,POWER,3.25
1765627438014,CH1,POWER,3.25
1765627438018,CH1,POWER,3.25
1765627438022,CH1,POWER,3.25
1765627438027,CH1,POWER,3.25
1765627438032,CH1,POWER,3.25
1765627438037,CH1,POWER,3.25
1765627438043,CH1,POWER,3.25
1765627438048,CH1,POWER,3.25
1765627438055,CH1,POWER,3.25
1765627438059,CH1,POWER,3.25
1765627438064,CH1,POWER,3.25
1765627438071,CH1,POWER,3.25
1765627438075,CH1,POWER,3.25
1765627438081,CH1,POWER,3.25
1765627438085,CH1,POWER,3.25
1765627438091,CH1,POWER,3.25
1765627438095,CH1,POWER,3.25
1765627438099,CH1,POWER,3.25
1765627438105,CH1,POWER,3.25
1765627438111,CH1,POWER,3.25
1765627438115,CH1,POWER,3.25
1765627438121,CH1,POWER,3.25
1765627438125,CH1,POWER,3.25
1765627438129,CH1,POWER,3.25
1765627438135,CH1,POWER,3.25
1765627438139,CH1,POWER,3.25
1765627438145,CH1,POWER,3.25
1765627438149,CH1,POWER,3.25
1765627438155,CH1,POWER,3.25
1765627438161,CH1,POWER,3.25
1765627438165,CH1,POWER,3.25
1765627438169,CH1,POWER,3.25
1765627438175,CH1,POWER,3.25
1765627438181,CH1,POWER,3.25
1765627438185,CH1,POWER,3.25
1765627438189,CH1,POWER,3.25
1765627438195,CH1,POWER,3.25
1765627438201,CH1,POWER,3.25
1765627438205,CH1,POWER,3.25
1765627438209,CH1,POWER,3.25
1765627438215,CH1,POWER,3.25
1765627438221,CH1,POWER,3.25
1765627438225,CH1,POWER,3.25
1765627438229,CH1,POWER,3.25
1765627438235,CH1,POWER,3.25
1765627438239,CH1,POWER,3.25
1765627438245,CH1,POWER,3.25
1765627438249,CH1,POWER,3.25
1765627438255,CH1,POWER,3.25
1765627438259,CH1,POWER,3.25
1765627438265,CH1,POWER,3.25
1765627438269,CH1,POWER,3.25
1765627438274,CH1,POWER,3.25
1765627438279,CH1,POWER,3.25
1765627438285,CH1,POWER,3.25
1765627438291,CH1,POWER,3.25
1765627438295,CH1,POWER,3.25
1765627438303,CH1,POWER,3.25
1765627438308,CH1,POWER,3.25
1765627438314,CH1,POWER,3.25
1765627438318,CH1,POWER,3.25
1765627438344,CH1,POWER,3.25
1765627438349,CH1,POWER,3.25
1765627438354,CH1,POWER,3.25
1765627438359,CH1,POWER,3.25
1765627438365,CH1,POWER,3.25
1765627438370,CH1,POWER,3.25
1765627438374,CH1,POWER,3.25
1765627438378,CH1,POWER,3.25
1765627438383,CH1,POWER,3.25
1765627438387,CH1,POWER,3.25
1765627438393,CH1,POWER,3.25
1765627438397,CH1,POWER,3.25
1765627438403,CH1,POWER,3.25
1765627438407,CH1,POWER,3.25
1765627438413,CH1,POWER,3.25
1765627438417,CH1,POWER,3.25
1765627438421,CH1,POWER,3.25
1765627438426,CH1,POWER,3.25
1765627438430,CH1,POWER,3.25
1765627438437,CH1,POWER,3.25
1765627438441,CH1,POWER,3.25
1765627438447,CH1,POWER,3.25
1765627438453,CH1,POWER,3.25
1765627438457,CH1,POWER,3.25
1765627438463,CH1,POWER,3.25
1765627438467,CH1,POWER,3.25
1765627438471,CH1,POWER,3.25
1765627438476,CH1,POWER,3.25
1765627438481,CH1,POWER,3.25
1765627438487,CH1,POWER,3.25
1765627438493,CH1,POWER,3.25
1765627438497,CH1,POWER,3.25
1765627438503,CH1,POWER,3.25
1765627438507,CH1,POWER,3.25
1765627438513,CH1,POWER,3.25
1765627438517,CH1,POWER,3.25
1765627438521,CH1,POWER,3.25
1765627438526,CH1,POWER,3.25
1765627438531,CH1,POWER,3.25
1765627438537,CH1,POWER,3.25
1765627438541,CH1,POWER,3.25
1765627438546,CH1,POWER,3.25
1765627438550,CH1,POWER,3.25
1765627438554,CH1,POWER,3.25
1765627438558,CH1,POWER,3.25
1765627438565,CH1,POWER,3.25
1765627438570,CH1,POWER,3.25
1765627438577,CH1,POWER,3.25
1765627438581,CH1,POWER,3.25
1765627438586,CH1,POWER,3.25
1765627438590,CH1,POWER,3.25
1765627438594,CH1,POWER,3.25
1765627438599,CH1,POWER,3.25
1765627438605,CH1,POWER,3.25
1765627438610,CH1,POWER,3.25
1765627438614,CH1,POWER,3.25
1765627438618,CH1,POWER,3.25
1765627438624,CH1,POWER,3.25
1765627438629,CH1,POWER,3.25
1765627438635,CH1,POWER,3.25
1765627438640,CH1,POWER,3.25
1765627438644,CH1,POWER,3.25
1765627438649,CH1,POWER,3.25
1765627438655,CH1,POWER,3.25
1765627438660,CH1,POWER,3.25
1765627438667,CH1,POWER,3.25
1765627438671,CH1,POWER,3.25
1765627438677,CH1,POWER,3.25
1765627438681,CH1,POWER,3.25
1765627438686,CH1,POWER,3.25
1765627438690,CH1,POWER,3.25
1765627438694,CH1,POWER,3.25
1765627438698,CH1,POWER,3.25
1765627438705,CH1,POWER,3.25
1765627438709,CH1,POWER,3.25
1765627438712,CH1,POWER,3.25
1765627438739,CH1,POWER,3.25
1765627438745,CH1,POWER,3.25
1765627438749,CH1,POWER,3.25
1765627438755,CH1,POWER,3.25
1765627438759,CH1,POWER,3.25
1765627438763,CH1,POWER,3.25
1765627438769,CH1,POWER,3.25
1765627438777,CH1,POWER,3.25
1765627438782,CH1,POWER,3.25
1765627438789,CH1,POWER,3.25
1765627438795,CH1,POWER,3.25
1765627438799,CH1,POWER,3.25
1765627438807,CH1,POWER,3.25
1765627438811,CH1,POWER,3.25
1765627438816,CH1,POWER,3.25
1765627438821,CH1,POWER,3.25
1765627438827,CH1,POWER,3.25
1765627438832,CH1,POWER,3.25
1765627438836,CH1,POWER,3.25
1765627438842,CH1,POWER,3.25
1765627438846,CH1,POWER,3.25
1765627438852,CH1,POWER,3.25
1765627438859,CH1,POWER,3.25
1765627438867,CH1,POWER,3.25
1765627438872,CH1,POWER,3.25
1765627438878,CH1,POWER,3.25
1765627438883,CH1,POWER,3.25
1765627438889,CH1,POWER,3.25
1765627438895,CH1,POWER,3.25
1765627438899,CH1,POWER,3.25
1765627438905,CH1,POWER,3.25
1765627438909,CH1,POWER,3.25
1765627438913,CH1,POWER,3.25
1765627438919,CH1,POWER,3.25
1765627438923,CH1,POWER,3.25
1765627438929,CH1,POWER,3.25
1765627438935,CH1,POWER,3.25
1765627438939,CH1,POWER,3.25
1765627438945,CH1,POWER,3.25
1765627438949,CH1,POWER,3.25
1765627438955,CH1,POWER,3.25
1765627438959,CH1,POWER,3.25
1765627438965,CH1,POWER,3.25
1765627438969,CH1,POWER,3.25
1765627438973,CH1,POWER,3.25
1765627438979,CH1,POWER,3.25
1765627438985,CH1,POWER,3.25
1765627438989,CH1,POWER,3.25
1765627438995,CH1,POWER,3.25
1765627438999,CH1,POWER,3.25
1765627439003,CH1,POWER,3.25
1765627439009,CH1,POWER,3.25
1765627439015,CH1,POWER,3.25
1765627439019,CH1,POWER,3.25
1765627439023,CH1,POWER,3.25
1765627439029,CH1,POWER,3.25
1765627439035,CH1,POWER,3.25
1765627439039,CH1,POWER,3.25
1765627439045,CH1,POWER,3.25
1765627439049,CH1,POWER,3.25
1765627439055,CH1,POWER,3.25
1765627439059,CH1,POWER,3.25
1765627439065,CH1,POWER,3.25
1765627439069,CH1,POWER,3.25
1765627439075,CH1,POWER,3.25
1765627439079,CH1,POWER,3.25
1765627439083,CH1,POWER,3.25
1765627439089,CH1,POWER,3.25
1765627439095,CH1,POWER,3.25
1765627439098,CH1,POWER,3.65
1765627439100,CH1,POWER,3.65
1765627439103,CH1,POWER,3.65
1765627439130,CH1,POWER,3.65
1765627439135,CH1,POWER,3.65
1765627439140,CH1,POWER,3.65
1765627439145,CH1,POWER,3.65
1765627439150,CH1,POWER,3.65
1765627439155,CH1,POWER,3.65
1765627439160,CH1,POWER,3.65
1765627439165,CH1,POWER,3.65
1765627439171,CH1,POWER,3.65
1765627439175,CH1,POWER,3.65
1765627439181,CH1,POWER,3.65
1765627439185,CH1,POWER,3.65
1765627439191,CH1,POWER,3.65
1765627439197,CH1,POWER,3.65
1765627439201,CH1,POWER,3.65
1765627439207,CH1,POWER,3.65
1765627439211,CH1,POWER,3.65
1765627439215,CH1,POWER,3.65
1765627439220,CH1,POWER,3.65
1765627439225,CH1,POWER,3.65
1765627439230,CH1,POWER,3.65
1765627439234,CH1,POWER,3.65
1765627439241,CH1,POWER,3.65
1765627439249,CH1,POWER,3.65
1765627439254,CH1,POWER,3.65
1765627439261,CH1,POWER,3.65
1765627439267,CH1,POWER,3.65
1765627439271,CH1,POWER,3.65
1765627439275,CH1,POWER,3.65
1765627439281,CH1,POWER,3.65
1765627439287,CH1,POWER,3.65
1765627439291,CH1,POWER,3.65
1765627439297,CH1,POWER,3.65
1765627439301,CH1,POWER,3.65
1765627439307,CH1,POWER,3.65
1765627439311,CH1,POWER,3.65
1765627439317,CH1,POWER,3.65
1765627439321,CH1,POWER,3.65
1765627439327,CH1,POWER,3.65
1765627439331,CH1,POWER,3.65
1765627439337,CH1,POWER,3.65
1765627439341,CH1,POWER,3.65
1765627439347,CH1,POWER,3.65
1765627439351,CH1,POWER,3.65
1765627439357,CH1,POWER,3.65
1765627439361,CH1,POWER,3.65
1765627439367,CH1,POWER,3.65
1765627439371,CH1,POWER,3.65
1765627439377,CH1,POWER,3.65
1765627439381,CH1,POWER,3.65
1765627439387,CH1,POWER,3.65
1765627439391,CH1,POWER,3.65
1765627439397,CH1,POWER,3.65
1765627439401,CH1,POWER,3.65
1765627439407,CH1,POWER,3.65
1765627439411,CH1,POWER,3.65
1765627439415,CH1,POWER,3.65
1765627439420,CH1,POWER,3.65
1765627439427,CH1,POWER,3.65
1765627439431,CH1,POWER,3.65
1765627439437,CH1,POWER,3.65
1765627439441,CH1,POWER,3.65
1765627439445,CH1,POWER,3.65
1765627439451,CH1,POWER,3.65
1765627439459,CH1,POWER,3.65
1765627439464,CH1,POWER,3.65
1765627439471,CH1,POWER,3.65
1765627439475,CH1,POWER,3.65
1765627439480,CH1,POWER,3.65
1765627439484,CH1,POWER,3.65
1765627439488,CH1,POWER,3.65
1765627439494,CH1,POWER,3.65
1765627439500,CH1,POWER,3.65
1765627439503,CH1,POWER,3.60
1765627439505,CH1,POWER,3.60
1765627439532,CH1,POWER,3.60
1765627439537,CH1,POWER,3.60
1765627439542,CH1,POWER,3.60
1765627439546,CH1,POWER,3.60
1765627439550,CH1,POWER,3.60
1765627439555,CH1,POWER,3.60
1765627439561,CH1,POWER,3.60
1765627439565,CH1,POWER,3.60
1765627439570,CH1,POWER,3.60
1765627439574,CH1,POWER,3.60
1765627439579,CH1,POWER,3.60
1765627439583,CH1,POWER,3.60
1765627439587,CH1,POWER,3.60
1765627439592,CH1,POWER,3.60
1765627439597,CH1,POWER,3.60
1765627439603,CH1,POWER,3.60
1765627439607,CH1,POWER,3.60
1765627439612,CH1,POWER,3.60
1765627439616,CH1,POWER,3.60
1765627439620,CH1,POWER,3.60
1765627439625,CH1,POWER,3.60
1765627439631,CH1,POWER,3.60
1765627439636,CH1,POWER,3.60
1765627439643,CH1,POWER,3.60
1765627439647,CH1,POWER,3.60
1765627439652,CH1,POWER,3.60
1765627439656,CH1,POWER,3.60
1765627439660,CH1,POWER,3.60
1765627439665,CH1,POWER,3.60
1765627439670,CH1,POWER,3.60
1765627439675,CH1,POWER,3.60
1765627439680,CH1,POWER,3.60
1765627439684,CH1,POWER,3.60
1765627439691,CH1,POWER,3.60
1765627439696,CH1,POWER,3.60
1765627439703,CH1,POWER,3.60
1765627439709,CH1,POWER,3.60
1765627439713,CH1,POWER,3.60
1765627439719,CH1,POWER,3.60
1765627439723,CH1,POWER,3.60
1765627439727,CH1,POWER,3.60
1765627439732,CH1,POWER,3.60
1765627439736,CH1,POWER,3.60
1765627439743,CH1,POWER,3.60
1765627439747,CH1,POWER,3.60
1765627439752,CH1,POWER,3.60
1765627439757,CH1,POWER,3.60
1765627439763,CH1,POWER,3.60
1765627439769,CH1,POWER,3.60
1765627439773,CH1,POWER,3.60
1765627439779,CH1,POWER,3.60
1765627439783,CH1,POWER,3.60
1765627439789,CH1,POWER,3.60
1765627439793,CH1,POWER,3.60
1765627439797,CH1,POWER,3.60
1765627439803,CH1,POWER,3.60
1765627439809,CH1,POWER,3.60
1765627439813,CH1,POWER,3.60
1765627439818,CH1,POWER,3.60
1765627439823,CH1,POWER,3.60
1765627439829,CH1,POWER,3.60
1765627439833,CH1,POWER,3.60
1765627439841,CH1,POWER,3.60
1765627439846,CH1,POWER,3.60
1765627439854,CH1,POWER,3.60
1765627439859,CH1,POWER,3.60
1765627439863,CH1,POWER,3.60
1765627439867,CH1,POWER,3.60
1765627439873,CH1,POWER,3.60
1765627439879,CH1,POWER,3.60
1765627439883,CH1,POWER,3.60
1765627439889,CH1,POWER,3.60
1765627439893,CH1,POWER,3.60
1765627439897,CH1,POWER,3.60
1765627439902,CH1,POWER,3.60
1765627439904,CH1,POWER,3.10
1765627439907,CH1,POWER,3.10
1765627439934,CH1,POWER,3.10
1765627439939,CH1,POWER,3.10
1765627439944,CH1,POWER,3.10
1765627439948,CH1,POWER,3.10
1765627439955,CH1,POWER,3.10
1765627439959,CH1,POWER,3.10
1765627439965,CH1,POWER,3.10
1765627439973,CH1,POWER,3.10
1765627439978,CH1,POWER,3.10
1765627439985,CH1,POWER,3.10
1765627439989,CH1,POWER,3.10
1765627439994,CH1,POWER,3.10
1765627439998,CH1,POWER,3.10
1765627440004,CH1,POWER,3.10
1765627440008,CH1,POWER,3.10
1765627440012,CH1,POWER,3.10
1765627440016,CH1,POWER,3.10
1765627440023,CH1,POWER,3.10
1765627440027,CH1,POWER,3.10
1765627440035,CH1,POWER,3.10
1765627440041,CH1,POWER,3.10
1765627440045,CH1,POWER,3.10
1765627440051,CH1,POWER,3.10
1765627440055,CH1,POWER,3.10
1765627440063,CH1,POWER,3.10
1765627440067,CH1,POWER,3.10
1765627440072,CH1,POWER,3.10
1765627440076,CH1,POWER,3.10
1765627440081,CH1,POWER,3.10
1765627440085,CH1,POWER,3.10
1765627440089,CH1,POWER,3.10
1765627440094,CH1,POWER,3.10
1765627440099,CH1,POWER,3.10
1765627440105,CH1,POWER,3.10
1765627440109,CH1,POWER,3.10
1765627440115,CH1,POWER,3.10
1765627440119,CH1,POWER,3.10
1765627440124,CH1,POWER,3.10
1765627440128,CH1,POWER,3.10
1765627440134,CH1,POWER,3.10
1765627440139,CH1,POWER,3.10
1765627440145,CH1,POWER,3.10
1765627440149,CH1,POWER,3.10
1765627440155,CH1,POWER,3.10
1765627440159,CH1,POWER,3.10
1765627440165,CH1,POWER,3.10
1765627440169,CH1,POWER,3.10
1765627440175,CH1,POWER,3.10
1765627440179,CH1,POWER,3.10
1765627440184,CH1,POWER,3.10
1765627440188,CH1,POWER,3.10
1765627440195,CH1,POWER,3.10
1765627440201,CH1,POWER,3.10
1765627440205,CH1,POWER,3.10
1765627440211,CH1,POWER,3.10
1765627440215,CH1,POWER,3.10
1765627440219,CH1,POWER,3.10
1765627440225,CH1,POWER,3.10
1765627440231,CH1,POWER,3.10
1765627440235,CH1,POWER,3.10
1765627440239,CH1,POWER,3.10
1765627440244,CH1,POWER,3.10
1765627440251,CH1,POWER,3.10
1765627440255,CH1,POWER,3.10
1765627440261,CH1,POWER,3.10
1765627440265,CH1,POWER,3.10
1765627440271,CH1,POWER,3.10
1765627440275,CH1,POWER,3.10
1765627440279,CH1,POWER,3.10
1765627440284,CH1,POWER,3.10
1765627440288,CH1,POWER,3.10
1765627440295,CH1,POWER,3.10
1765627440299,CH1,POWER,3.10
1765627440326,CH1,POWER,3.25
1765627440331,CH1,POWER,3.25
1765627440336,CH1,POWER,3.25
1765627440340,CH1,POWER,3.25
1765627440347,CH1,POWER,3.25
1765627440351,CH1,POWER,3.25
1765627440357,CH1,POWER,3.25
1765627440363,CH1,POWER,3.25
1765627440367,CH1,POWER,3.25
1765627440375,CH1,POWER,3.25
1765627440379,CH1,POWER,3.25
1765627440384,CH1,POWER,3.25
1765627440388,CH1,POWER,3.25
1765627440393,CH1,POWER,3.25
1765627440397,CH1,POWER,3.25
1765627440403,CH1,POWER,3.25
1765627440407,CH1,POWER,3.25
1765627440412,CH1,POWER,3.25
1765627440417,CH1,POWER,3.25
1765627440425,CH1,POWER,3.25
1765627440429,CH1,POWER,3.25
1765627440437,CH1,POWER,3.25
1765627440443,CH1,POWER,3.25
1765627440447,CH1,POWER,3.25
1765627440453,CH1,POWER,3.25
1765627440457,CH1,POWER,3.25
1765627440461,CH1,POWER,3.25
1765627440467,CH1,POWER,3.25
1765627440471,CH1,POWER,3.25
1765627440477,CH1,POWER,3.25
1765627440483,CH1,POWER,3.25
1765627440487,CH1,POWER,3.25
1765627440493,CH1,POWER,3.25
1765627440497,CH1,POWER,3.25
1765627440501,CH1,POWER,3.25
1765627440506,CH1,POWER,3.25
1765627440510,CH1,POWER,3.25
1765627440516,CH1,POWER,3.25
1765627440520,CH1,POWER,3.25
1765627440526,CH1,POWER,3.25
1765627440531,CH1,POWER,3.25
1765627440536,CH1,POWER,3.25
1765627440540,CH1,POWER,3.25
1765627440547,CH1,POWER,3.25
1765627440551,CH1,POWER,3.25
1765627440557,CH1,POWER,3.25
1765627440563,CH1,POWER,3.25
1765627440567,CH1,POWER,3.25
1765627440572,CH1,POWER,3.25
1765627440577,CH1,POWER,3.25
1765627440585,CH1,POWER,3.25
1765627440590,CH1,POWER,3.25
1765627440594,CH1,POWER,3.25
1765627440599,CH1,POWER,3.25
1765627440605,CH1,POWER,3.25
1765627440611,CH1,POWER,3.25
1765627440616,CH1,POWER,3.25
1765627440620,CH1,POWER,3.25
1765627440626,CH1,POWER,3.25
1765627440631,CH1,POWER,3.25
1765627440637,CH1,POWER,3.25
1765627440643,CH1,POWER,3.25
1765627440647,CH1,POWER,3.25
1765627440651,CH1,POWER,3.25
1765627440656,CH1,POWER,3.25
1765627440663,CH1,POWER,3.25
1765627440667,CH1,POWER,3.25
1765627440671,CH1,POWER,3.25
1765627440676,CH1,POWER,3.25
1765627440680,CH1,POWER,3.25
1765627440687,CH1,POWER,3.25
1765627440691,CH1,POWER,3.25
1765627440697,CH1,POWER,3.25
1765627440699,CH1,POWER,3.25
1765627440702,CH1,POWER,3.25
1765627440729,CH1,POWER,3.25
1765627440737,CH1,POWER,3.25
1765627440742,CH1,POWER,3.25
1765627440746,CH1,POWER,3.25
1765627440751,CH1,POWER,3.25
1765627440757,CH1,POWER,3.25
1765627440762,CH1,POWER,3.25
1765627440769,CH1,POWER,3.25
1765627440777,CH1,POWER,3.25
1765627440782,CH1,POWER,3.25
1765627440786,CH1,POWER,3.25
1765627440791,CH1,POWER,3.25
1765627440796,CH1,POWER,3.25
1765627440800,CH1,POWER,3.25
1765627440807,CH1,POWER,3.25
1765627440811,CH1,POWER,3.25
1765627440817,CH1,POWER,3.25
1765627440821,CH1,POWER,3.25
1765627440826,CH1,POWER,3.25
1765627440831,CH1,POWER,3.25
1765627440837,CH1,POWER,3.25
1765627440842,CH1,POWER,3.25
1765627440849,CH1,POWER,3.25
1765627440857,CH1,POWER,3.25
1765627440862,CH1,POWER,3.25
1765627440868,CH1,POWER,3.25
1765627440873,CH1,POWER,3.25
1765627440879,CH1,POWER,3.25
1765627440885,CH1,POWER,3.25
1765627440889,CH1,POWER,3.25
1765627440893,CH1,POWER,3.25
1765627440899,CH1,POWER,3.25
1765627440903,CH1,POWER,3.25
1765627440908,CH1,POWER,3.25
1765627440912,CH1,POWER,3.25
1765627440918,CH1,POWER,3.25
1765627440923,CH1,POWER,3.25
1765627440929,CH1,POWER,3.25
1765627440937,CH1,POWER,3.25
1765627440943,CH1,POWER,3.25
1765627440948,CH1,POWER,3.25
1765627440952,CH1,POWER,3.25
1765627440958,CH1,POWER,3.25
1765627440965,CH1,POWER,3.25
1765627440969,CH1,POWER,3.25
1765627440974,CH1,POWER,3.25
1765627440979,CH1,POWER,3.25
1765627440985,CH1,POWER,3.25
1765627440989,CH1,POWER,3.25
1765627440993,CH1,POWER,3.25
1765627440999,CH1,POWER,3.25
1765627441003,CH1,POWER,3.25
1765627441009,CH1,POWER,3.25
1765627441015,CH1,POWER,3.25
1765627441019,CH1,POWER,3.25
1765627441027,CH1,POWER,3.25
1765627441033,CH1,POWER,3.25
1765627441038,CH1,POWER,3.25
1765627441042,CH1,POWER,3.25
1765627441049,CH1,POWER,3.25
1765627441053,CH1,POWER,3.25
1765627441058,CH1,POWER,3.25
1765627441062,CH1,POWER,3.25
1765627441066,CH1,POWER,3.25
1765627441071,CH1,POWER,3.25
1765627441077,CH1,POWER,3.25
1765627441082,CH1,POWER,3.25
1765627441108,CH1,POWER,3.25
1765627441113,CH1,POWER,3.25
1765627441118,CH1,POWER,3.25
1765627441124,CH1,POWER,3.25
1765627441131,CH1,POWER,3.25
1765627441135,CH1,POWER,3.25
1765627441141,CH1,POWER,3.25
1765627441147,CH1,POWER,3.25
1765627441151,CH1,POWER,3.25
1765627441155,CH1,POWER,3.25
1765627441161,CH1,POWER,3.25
1765627441169,CH1,POWER,3.25
1765627441173,CH1,POWER,3.25
1765627441181,CH1,POWER,3.25
1765627441187,CH1,POWER,3.25
1765627441191,CH1,POWER,3.25
1765627441195,CH1,POWER,3.25
1765627441200,CH1,POWER,3.25
1765627441205,CH1,POWER,3.25
1765627441210,CH1,POWER,3.25
1765627441215,CH1,POWER,3.25
1765627441220,CH1,POWER,3.25
1765627441224,CH1,POWER,3.25
1765627441228,CH1,POWER,3.25
1765627441232,CH1,POWER,3.25
1765627441239,CH1,POWER,3.25
1765627441243,CH1,POWER,3.25
1765627441248,CH1,POWER,3.25
1765627441252,CH1,POWER,3.25
1765627441257,CH1,POWER,3.25
1765627441261,CH1,POWER,3.25
1765627441267,CH1,POWER,3.25
1765627441271,CH1,POWER,3.25
1765627441276,CH1,POWER,3.25
1765627441281,CH1,POWER,3.25
1765627441289,CH1,POWER,3.25
1765627441294,CH1,POWER,3.25
1765627441300,CH1,POWER,3.25
1765627441305,CH1,POWER,3.25
1765627441311,CH1,POWER,3.25
1765627441316,CH1,POWER,3.25
1765627441321,CH1,POWER,3.25
1765627441326,CH1,POWER,3.25
1765627441331,CH1,POWER,3.25
1765627441337,CH1,POWER,3.25
1765627441341,CH1,POWER,3.25
1765627441346,CH1,POWER,3.25
1765627441351,CH1,POWER,3.25
1765627441356,CH1,POWER,3.25
1765627441361,CH1,POWER,3.25
1765627441367,CH1,POWER,3.25
1765627441371,CH1,POWER,3.25
1765627441376,CH1,POWER,3.25
1765627441381,CH1,POWER,3.25
1765627441387,CH1,POWER,3.25
1765627441391,CH1,POWER,3.25
1765627441397,CH1,POWER,3.25
1765627441401,CH1,POWER,3.25
1765627441406,CH1,POWER,3.25
1765627441411,CH1,POWER,3.25
1765627441419,CH1,POWER,3.25
1765627441423,CH1,POWER,3.25
1765627441428,CH1,POWER,3.25
1765627441432,CH1,POWER,3.25
1765627441439,CH1,POWER,3.25
1765627441444,CH1,POWER,3.25
1765627441451,CH1,POWER,3.25
1765627441457,CH1,POWER,3.25
1765627441461,CH1,POWER,3.25
1765627441468,CH1,POWER,3.25
1765627441471,CH1,POWER,3.25
1765627441473,CH1,POWER,3.25
1765627441476,CH1,POWER,3.25
1765627441503,CH1,POWER,3.25
1765627441509,CH1,POWER,3.25
1765627441513,CH1,POWER,3.25
1765627441518,CH1,POWER,3.25
1765627441523,CH1,POWER,3.25
1765627441528,CH1,POWER,3.25
1765627441533,CH1,POWER,3.25
1765627441539,CH1,POWER,3.25
1765627441543,CH1,POWER,3.25
1765627441549,CH1,POWER,3.25
1765627441553,CH1,POWER,3.25
1765627441558,CH1,POWER,3.25
1765627441563,CH1,POWER,3.25
1765627441569,CH1,POWER,3.25
1765627441573,CH1,POWER,3.25
1765627441581,CH1,POWER,3.25
1765627441586,CH1,POWER,3.25
1765627441593,CH1,POWER,3.25
1765627441601,CH1,POWER,3.25
1765627441606,CH1,POWER,3.25
1765627441613,CH1,POWER,3.25
1765627441618,CH1,POWER,3.25
1765627441623,CH1,POWER,3.25
1765627441628,CH1,POWER,3.25
1765627441633,CH1,POWER,3.25
1765627441639,CH1,POWER,3.25
1765627441643,CH1,POWER,3.25
1765627441647,CH1,POWER,3.25
1765627441652,CH1,POWER,3.25
1765627441657,CH1,POWER,3.25
1765627441662,CH1,POWER,3.25
1765627441669,CH1,POWER,3.25
1765627441673,CH1,POWER,3.25
1765627441677,CH1,POWER,3.25
1765627441682,CH1,POWER,3.25
1765627441686,CH1,POWER,3.25
1765627441693,CH1,POWER,3.25
1765627441698,CH1,POWER,3.25
1765627441703,CH1,POWER,3.25
1765627441707,CH1,POWER,3.25
1765627441712,CH1,POWER,3.25
1765627441719,CH1,POWER,3.25
1765627441723,CH1,POWER,3.25
1765627441728,CH1,POWER,3.25
1765627441733,CH1,POWER,3.25
1765627441741,CH1,POWER,3.25
1765627441746,CH1,POWER,3.25
1765627441753,CH1,POWER,3.25
1765627441761,CH1,POWER,3.25
1765627441766,CH1,POWER,3.25
1765627441772,CH1,POWER,3.25
1765627441777,CH1,POWER,3.25
1765627441783,CH1,POWER,3.25
1765627441787,CH1,POWER,3.25
1765627441793,CH1,POWER,3.25
1765627441801,CH1,POWER,3.25
1765627441806,CH1,POWER,3.25
1765627441813,CH1,POWER,3.25
1765627441818,CH1,POWER,3.25
1765627441823,CH1,POWER,3.25
1765627441828,CH1,POWER,3.25
1765627441833,CH1,POWER,3.25
1765627441837,CH1,POWER,3.25
1765627441842,CH1,POWER,3.25
1765627441849,CH1,POWER,3.25
1765627441853,CH1,POWER,3.25
1765627441858,CH1,POWER,3.25
1765627441863,CH1,POWER,3.25
1765627441869,CH1,POWER,3.25
1765627441872,CH1,POWER,3.25
1765627441874,CH1,POWER,3.25
1765627441876,CH1,POWER,3.25
1765627441902,CH1,POWER,3.25
1765627441907,CH1,POWER,3.25
1765627441912,CH1,POWER,3.25
1765627441916,CH1,POWER,3.25
1765627441920,CH1,POWER,3.25
1765627441925,CH1,POWER,3.25
1765627441929,CH1,POWER,3.25
1765627441934,CH1,POWER,3.25
1765627441939,CH1,POWER,3.25
1765627441945,CH1,POWER,3.25
1765627441951,CH1,POWER,3.25
1765627441955,CH1,POWER,3.25
1765627441963,CH1,POWER,3.25
1765627441967,CH1,POWER,3.25
1765627441973,CH1,POWER,3.25
1765627441978,CH1,POWER,3.25
1765627441982,CH1,POWER,3.25
1765627441987,CH1,POWER,3.25
1765627441993,CH1,POWER,3.25
1765627441997,CH1,POWER,3.25
1765627442002,CH1,POWER,3.25
1765627442006,CH1,POWER,3.25
1765627442012,CH1,POWER,3.25
1765627442016,CH1,POWER,3.25
1765627442022,CH1,POWER,3.25
1765627442026,CH1,POWER,3.25
1765627442032,CH1,POWER,3.25
1765627442037,CH1,POWER,3.25
1765627442043,CH1,POWER,3.25
1765627442048,CH1,POWER,3.25
1765627442052,CH1,POWER,3.25
1765627442057,CH1,POWER,3.25
1765627442063,CH1,POWER,3.25
1765627442068,CH1,POWER,3.25
1765627442075,CH1,POWER,3.25
1765627442083,CH1,POWER,3.25
1765627442088,CH1,POWER,3.25
1765627442092,CH1,POWER,3.25
1765627442097,CH1,POWER,3.25
1765627442102,CH1,POWER,3.25
1765627442107,CH1,POWER,3.25
1765627442112,CH1,POWER,3.25
1765627442116,CH1,POWER,3.25
1765627442121,CH1,POWER,3.25
1765627442125,CH1,POWER,3.25
1765627442129,CH1,POWER,3.25
1765627442135,CH1,POWER,3.25
1765627442139,CH1,POWER,3.25
1765627442145,CH1,POWER,3.25
1765627442149,CH1,POWER,3.25
1765627442155,CH1,POWER,3.25
1765627442159,CH1,POWER,3.25
1765627442164,CH1,POWER,3.25
1765627442168,CH1,POWER,3.25
1765627442172,CH1,POWER,3.25
1765627442178,CH1,POWER,3.25
1765627442184,CH1,POWER,3.25
1765627442189,CH1,POWER,3.25
1765627442194,CH1,POWER,3.25
1765627442198,CH1,POWER,3.25
1765627442205,CH1,POWER,3.25
1765627442210,CH1,POWER,3.25
1765627442215,CH1,POWER,3.25
1765627442220,CH1,POWER,3.25
1765627442225,CH1,POWER,3.25
1765627442229,CH1,POWER,3.25
1765627442234,CH1,POWER,3.25
1765627442238,CH1,POWER,3.25
1765627442244,CH1,POWER,3.25
1765627442249,CH1,POWER,3.25
1765627442255,CH1,POWER,3.25
1765627442260,CH1,POWER,3.25
1765627442265,CH1,POWER,3.25
1765627442270,CH1,POWER,3.25
1765627442273,CH1,POWER,3.65
1765627442275,CH1,POWER,3.65
1765627442278,CH1,POWER,3.65
1765627442304,CH1,POWER,3.65
1765627442309,CH1,POWER,3.65
1765627442314,CH1,POWER,3.65
1765627442318,CH1,POWER,3.65
1765627442325,CH1,POWER,3.65
1765627442330,CH1,POWER,3.65
1765627442337,CH1,POWER,3.65
1765627442342,CH1,POWER,3.65
1765627442347,CH1,POWER,3.65
1765627442355,CH1,POWER,3.65
1765627442359,CH1,POWER,3.65
1765627442364,CH1,POWER,3.65
1765627442368,CH1,POWER,3.65
1765627442372,CH1,POWER,3.65
1765627442377,CH1,POWER,3.65
1765627442381,CH1,POWER,3.65
1765627442387,CH1,POWER,3.65
1765627442391,CH1,POWER,3.65
1765627442397,CH1,POWER,3.65
1765627442401,CH1,POWER,3.65
1765627442406,CH1,POWER,3.65
1765627442410,CH1,POWER,3.65
1765627442417,CH1,POWER,3.65
1765627442421,CH1,POWER,3.65
1765627442427,CH1,POWER,3.65
1765627442432,CH1,POWER,3.65
1765627442437,CH1,POWER,3.65
1765627442441,CH1,POWER,3.65
1765627442447,CH1,POWER,3.65
1765627442453,CH1,POWER,3.65
1765627442457,CH1,POWER,3.65
1765627442461,CH1,POWER,3.65
1765627442467,CH1,POWER,3.65
1765627442472,CH1,POWER,3.65
1765627442477,CH1,POWER,3.65
1765627442481,CH1,POWER,3.65
1765627442486,CH1,POWER,3.65
1765627442493,CH1,POWER,3.65
1765627442497,CH1,POWER,3.65
1765627442501,CH1,POWER,3.65
1765627442506,CH1,POWER,3.65
1765627442511,CH1,POWER,3.65
1765627442516,CH1,POWER,3.65
1765627442521,CH1,POWER,3.65
1765627442527,CH1,POWER,3.65
1765627442531,CH1,POWER,3.65
1765627442536,CH1,POWER,3.65
1765627442540,CH1,POWER,3.65
1765627442547,CH1,POWER,3.65
1765627442552,CH1,POWER,3.65
1765627442557,CH1,POWER,3.65
1765627442562,CH1,POWER,3.65
1765627442567,CH1,POWER,3.65
1765627442573,CH1,POWER,3.65
1765627442577,CH1,POWER,3.65
1765627442585,CH1,POWER,3.65
1765627442590,CH1,POWER,3.65
1765627442597,CH1,POWER,3.65
1765627442603,CH1,POWER,3.65
1765627442607,CH1,POWER,3.65
1765627442611,CH1,POWER,3.65
1765627442616,CH1,POWER,3.65
1765627442621,CH1,POWER,3.65
1765627442627,CH1,POWER,3.65
1765627442632,CH1,POWER,3.65
1765627442637,CH1,POWER,3.65
1765627442641,CH1,POWER,3.65
1765627442647,CH1,POWER,3.65
1765627442651,CH1,POWER,3.65
1765627442657,CH1,POWER,3.65
1765627442665,CH1,POWER,3.65
1765627442668,CH1,POWER,3.25
1765627442671,CH1,POWER,3.25
1765627442698,CH1,POWER,3.25
1765627442703,CH1,POWER,3.25
1765627442709,CH1,POWER,3.25
1765627442714,CH1,POWER,3.25
1765627442719,CH1,POWER,3.25
1765627442723,CH1,POWER,3.25
1765627442729,CH1,POWER,3.25
1765627442734,CH1,POWER,3.25
1765627442739,CH1,POWER,3.25
1765627442747,CH1,POWER,3.25
1765627442753,CH1,POWER,3.25
1765627442758,CH1,POWER,3.25
1765627442762,CH1,POWER,3.25
1765627442768,CH1,POWER,3.25
1765627442774,CH1,POWER,3.25
1765627442779,CH1,POWER,3.25
1765627442784,CH1,POWER,3.25
1765627442789,CH1,POWER,3.25
1765627442793,CH1,POWER,3.25
1765627442799,CH1,POWER,3.25
1765627442803,CH1,POWER,3.25
1765627442808,CH1,POWER,3.25
1765627442812,CH1,POWER,3.25
1765627442816,CH1,POWER,3.25
1765627442820,CH1,POWER,3.25
1765627442826,CH1,POWER,3.25
1765627442831,CH1,POWER,3.25
1765627442836,CH1,POWER,3.25
1765627442840,CH1,POWER,3.25
1765627442846,CH1,POWER,3.25
1765627442851,CH1,POWER,3.25
1765627442857,CH1,POWER,3.25
1765627442861,CH1,POWER,3.25
1765627442866,CH1,POWER,3.25
1765627442871,CH1,POWER,3.25
1765627442876,CH1,POWER,3.25
1765627442880,CH1,POWER,3.25
1765627442884,CH1,POWER,3.25
1765627442889,CH1,POWER,3.25
1765627442894,CH1,POWER,3.25
1765627442899,CH1,POWER,3.25
1765627442904,CH1,POWER,3.25
1765627442909,CH1,POWER,3.25
1765627442914,CH1,POWER,3.25
1765627442919,CH1,POWER,3.25
1765627442923,CH1,POWER,3.25
1765627442929,CH1,POWER,3.25
1765627442934,CH1,POWER,3.25
1765627442939,CH1,POWER,3.25
1765627442947,CH1,POWER,3.25
1765627442952,CH1,POWER,3.25
1765627442959,CH1,POWER,3.25
1765627442967,CH1,POWER,3.25
1765627442972,CH1,POWER,3.25
1765627442976,CH1,POWER,3.25
1765627442982,CH1,POWER,3.25
1765627442988,CH1,POWER,3.25
1765627442992,CH1,POWER,3.25
1765627442999,CH1,POWER,3.25
1765627443005,CH1,POWER,3.25
1765627443009,CH1,POWER,3.25
1765627443017,CH1,POWER,3.25
1765627443021,CH1,POWER,3.25
1765627443027,CH1,POWER,3.25
1765627443033,CH1,POWER,3.25
1765627443039,CH1,POWER,3.25
1765627443043,CH1,POWER,3.25
1765627443048,CH1,POWER,3.25
1765627443052,CH1,POWER,3.25
1765627443057,CH1,POWER,3.25
1765627443060,CH1,POWER,3.25
1765627443062,CH1,POWER,3.25
1765627443090,CH1,POWER,3.25
1765627443095,CH1,POWER,3.25
1765627443100,CH1,POWER,3.25
1765627443104,CH1,POWER,3.25
1765627443111,CH1,POWER,3.25
1765627443115,CH1,POWER,3.25
1765627443121,CH1,POWER,3.25
1765627443126,CH1,POWER,3.25
1765627443131,CH1,POWER,3.25
1765627443135,CH1,POWER,3.25
1765627443140,CH1,POWER,3.25
1765627443147,CH1,POWER,3.25
1765627443151,CH1,POWER,3.25
1765627443155,CH1,POWER,3.25
1765627443161,CH1,POWER,3.25
1765627443166,CH1,POWER,3.25
1765627443171,CH1,POWER,3.25
1765627443176,CH1,POWER,3.25
1765627443181,CH1,POWER,3.25
1765627443186,CH1,POWER,3.25
1765627443191,CH1,POWER,3.25
1765627443199,CH1,POWER,3.25
1765627443204,CH1,POWER,3.25
1765627443208,CH1,POWER,3.25
1765627443214,CH1,POWER,3.25
1765627443221,CH1,POWER,3.25
1765627443226,CH1,POWER,3.25
1765627443231,CH1,POWER,3.25
1765627443235,CH1,POWER,3.25
1765627443241,CH1,POWER,3.25
1765627443246,CH1,POWER,3.25
1765627443251,CH1,POWER,3.25
1765627443256,CH1,POWER,3.25
1765627443261,CH1,POWER,3.25
1765627443269,CH1,POWER,3.25
1765627443274,CH1,POWER,3.25
1765627443281,CH1,POWER,3.25
1765627443286,CH1,POWER,3.25
1765627443291,CH1,POWER,3.25
1765627443299,CH1,POWER,3.25
1765627443303,CH1,POWER,3.25
1765627443308,CH1,POWER,3.25
1765627443313,CH1,POWER,3.25
1765627443321,CH1,POWER,3.25
1765627443326,CH1,POWER,3.25
1765627443331,CH1,POWER,3.25
1765627443336,CH1,POWER,3.25
1765627443341,CH1,POWER,3.25
1765627443349,CH1,POWER,3.25
1765627443354,CH1,POWER,3.25
1765627443358,CH1,POWER,3.25
1765627443363,CH1,POWER,3.25
1765627443369,CH1,POWER,3.25
1765627443374,CH1,POWER,3.25
1765627443381,CH1,POWER,3.25
1765627443389,CH1,POWER,3.25
1765627443394,CH1,POWER,3.25
1765627443398,CH1,POWER,3.25
1765627443403,CH1,POWER,3.25
1765627443409,CH1,POWER,3.25
1765627443414,CH1,POWER,3.25
1765627443421,CH1,POWER,3.25
1765627443426,CH1,POWER,3.25
1765627443431,CH1,POWER,3.25
1765627443435,CH1,POWER,3.25
1765627443440,CH1,POWER,3.25
1765627443445,CH1,POWER,3.25
1765627443450,CH1,POWER,3.25
1765627443452,CH1,POWER,3.25
1765627443455,CH1,POWER,3.25
1765627443483,CH1,POWER,3.25
1765627443488,CH1,POWER,3.25
1765627443493,CH1,POWER,3.25
1765627443497,CH1,POWER,3.25
1765627443502,CH1,POWER,3.25
1765627443507,CH1,POWER,3.25
1765627443512,CH1,POWER,3.25
1765627443517,CH1,POWER,3.25
1765627443522,CH1,POWER,3.25
1765627443527,CH1,POWER,3.25
1765627443532,CH1,POWER,3.25
1765627443537,CH1,POWER,3.25
1765627443543,CH1,POWER,3.25
1765627443548,CH1,POWER,3.25
1765627443553,CH1,POWER,3.25
1765627443557,CH1,POWER,3.25
1765627443562,CH1,POWER,3.25
1765627443568,CH1,POWER,3.25
1765627443573,CH1,POWER,3.25
1765627443578,CH1,POWER,3.25
1765627443583,CH1,POWER,3.25
1765627443588,CH1,POWER,3.25
1765627443593,CH1,POWER,3.25
1765627443597,CH1,POWER,3.25
1765627443602,CH1,POWER,3.25
1765627443608,CH1,POWER,3.25
1765627443613,CH1,POWER,3.25
1765627443621,CH1,POWER,3.25
1765627443626,CH1,POWER,3.25
1765627443630,CH1,POWER,3.25
1765627443635,CH1,POWER,3.25
1765627443641,CH1,POWER,3.25
1765627443646,CH1,POWER,3.25
1765627443653,CH1,POWER,3.25
1765627443658,CH1,POWER,3.25
1765627443663,CH1,POWER,3.25
1765627443667,CH1,POWER,3.25
1765627443672,CH1,POWER,3.25
1765627443677,CH1,POWER,3.25
1765627443682,CH1,POWER,3.25
1765627443686,CH1,POWER,3.25
1765627443693,CH1,POWER,3.25
1765627443698,CH1,POWER,3.25
1765627443703,CH1,POWER,3.25
1765627443707,CH1,POWER,3.25
1765627443713,CH1,POWER,3.25
1765627443717,CH1,POWER,3.25
1765627443723,CH1,POWER,3.25
1765627443728,CH1,POWER,3.25
1765627443733,CH1,POWER,3.25
1765627443737,CH1,POWER,3.25
1765627443742,CH1,POWER,3.25
1765627443747,CH1,POWER,3.25
1765627443752,CH1,POWER,3.25
1765627443757,CH1,POWER,3.25
1765627443762,CH1,POWER,3.25
1765627443766,CH1,POWER,3.25
1765627443772,CH1,POWER,3.25
1765627443778,CH1,POWER,3.25
1765627443783,CH1,POWER,3.25
1765627443787,CH1,POWER,3.25
1765627443793,CH1,POWER,3.25
1765627443797,CH1,POWER,3.25
1765627443802,CH1,POWER,3.25
1765627443807,CH1,POWER,3.25
1765627443813,CH1,POWER,3.25
1765627443818,CH1,POWER,3.25
1765627443823,CH1,POWER,3.25
1765627443827,CH1,POWER,3.25
1765627443833,CH1,POWER,3.25
1765627443837,CH1,POWER,3.25
1765627443842,CH1,POWER,3.25
1765627443847,CH1,POWER,3.25
1765627443874,CH1,POWER,3.65
1765627443879,CH1,POWER,3.65
1765627443884,CH1,POWER,3.65
1765627443889,CH1,POWER,3.65
1765627443895,CH1,POWER,3.65
1765627443900,CH1,POWER,3.65
1765627443905,CH1,POWER,3.65
1765627443910,CH1,POWER,3.65
1765627443915,CH1,POWER,3.65
1765627443919,CH1,POWER,3.65
1765627443925,CH1,POWER,3.65
1765627443929,CH1,POWER,3.65
1765627443934,CH1,POWER,3.65
1765627443938,CH1,POWER,3.65
1765627443942,CH1,POWER,3.65
1765627443948,CH1,POWER,3.65
1765627443952,CH1,POWER,3.65
1765627443958,CH1,POWER,3.65
1765627443964,CH1,POWER,3.65
1765627443968,CH1,POWER,3.65
1765627443975,CH1,POWER,3.65
1765627443980,CH1,POWER,3.65
1765627443985,CH1,POWER,3.65
1765627443989,CH1,POWER,3.65
1765627443995,CH1,POWER,3.65
1765627444000,CH1,POWER,3.65
1765627444005,CH1,POWER,3.65
1765627444010,CH1,POWER,3.65
1765627444015,CH1,POWER,3.65
1765627444020,CH1,POWER,3.65
1765627444025,CH1,POWER,3.65
1765627444029,CH1,POWER,3.65
1765627444035,CH1,POWER,3.65
1765627444040,CH1,POWER,3.65
1765627444045,CH1,POWER,3.65
1765627444050,CH1,POWER,3.65
1765627444055,CH1,POWER,3.65
1765627444059,CH1,POWER,3.65
1765627444065,CH1,POWER,3.65
1765627444069,CH1,POWER,3.65
1765627444074,CH1,POWER,3.65
1765627444079,CH1,POWER,3.65
1765627444085,CH1,POWER,3.65
1765627444090,CH1,POWER,3.65
1765627444095,CH1,POWER,3.65
1765627444100,CH1,POWER,3.65
1765627444105,CH1,POWER,3.65
1765627444113,CH1,POWER,3.65
1765627444118,CH1,POWER,3.65
1765627444125,CH1,POWER,3.65
1765627444130,CH1,POWER,3.65
1765627444135,CH1,POWER,3.65
1765627444139,CH1,POWER,3.65
1765627444144,CH1,POWER,3.65
1765627444149,CH1,POWER,3.65
1765627444154,CH1,POWER,3.65
1765627444158,CH1,POWER,3.65
1765627444165,CH1,POWER,3.65
1765627444170,CH1,POWER,3.65
1765627444175,CH1,POWER,3.65
1765627444180,CH1,POWER,3.65
1765627444185,CH1,POWER,3.65
1765627444190,CH1,POWER,3.65
1765627444195,CH1,POWER,3.65
1765627444199,CH1,POWER,3.65
1765627444205,CH1,POWER,3.65
1765627444210,CH1,POWER,3.65
1765627444215,CH1,POWER,3.65
1765627444220,CH1,POWER,3.65
1765627444225,CH1,POWER,3.65
1765627444229,CH1,POWER,3.65
1765627444235,CH1,POWER,3.65
1765627444239,CH1,POWER,3.65
1765627444266,CH1,POWER,3.25
1765627444272,CH1,POWER,3.25
1765627444277,CH1,POWER,3.25
1765627444281,CH1,POWER,3.25
1765627444287,CH1,POWER,3.25
1765627444295,CH1,POWER,3.25
1765627444300,CH1,POWER,3.25
1765627444307,CH1,POWER,3.25
1765627444312,CH1,POWER,3.25
1765627444317,CH1,POWER,3.25
1765627444322,CH1,POWER,3.25
1765627444327,CH1,POWER,3.25
1765627444332,CH1,POWER,3.25
1765627444337,CH1,POWER,3.25
1765627444342,CH1,POWER,3.25
1765627444347,CH1,POWER,3.25
1765627444355,CH1,POWER,3.25
1765627444360,CH1,POWER,3.25
1765627444367,CH1,POWER,3.25
1765627444375,CH1,POWER,3.25
1765627444380,CH1,POWER,3.25
1765627444384,CH1,POWER,3.25
1765627444389,CH1,POWER,3.25
1765627444395,CH1,POWER,3.25
1765627444401,CH1,POWER,3.25
1765627444407,CH1,POWER,3.25
1765627444415,CH1,POWER,3.25
1765627444420,CH1,POWER,3.25
1765627444426,CH1,POWER,3.25
1765627444431,CH1,POWER,3.25
1765627444437,CH1,POWER,3.25
1765627444442,CH1,POWER,3.25
1765627444447,CH1,POWER,3.25
1765627444452,CH1,POWER,3.25
1765627444457,CH1,POWER,3.25
1765627444462,CH1,POWER,3.25
1765627444467,CH1,POWER,3.25
1765627444471,CH1,POWER,3.25
1765627444477,CH1,POWER,3.25
1765627444481,CH1,POWER,3.25
1765627444486,CH1,POWER,3.25
1765627444490,CH1,POWER,3.25
1765627444494,CH1,POWER,3.25
1765627444498,CH1,POWER,3.25
1765627444502,CH1,POWER,3.25
1765627444507,CH1,POWER,3.25
1765627444512,CH1,POWER,3.25
1765627444517,CH1,POWER,3.25
1765627444525,CH1,POWER,3.25
1765627444529,CH1,POWER,3.25
1765627444534,CH1,POWER,3.25
1765627444539,CH1,POWER,3.25
1765627444547,CH1,POWER,3.25
1765627444552,CH1,POWER,3.25
1765627444557,CH1,POWER,3.25
1765627444562,CH1,POWER,3.25
1765627444567,CH1,POWER,3.25
1765627444572,CH1,POWER,3.25
1765627444577,CH1,POWER,3.25
1765627444582,CH1,POWER,3.25
1765627444587,CH1,POWER,3.25
1765627444592,CH1,POWER,3.25
1765627444597,CH1,POWER,3.25
1765627444602,CH1,POWER,3.25
1765627444607,CH1,POWER,3.25
1765627444615,CH1,POWER,3.25
1765627444619,CH1,POWER,3.25
1765627444624,CH1,POWER,3.25
1765627444628,CH1,POWER,3.25
1765627444632,CH1,POWER,3.25
1765627444637,CH1,POWER,3.25
1765627444639,CH1,POWER,3.25
1765627444642,CH1,POWER,3.25
1765627444669,CH1,POWER,3.25
1765627444674,CH1,POWER,3.25
1765627444679,CH1,POWER,3.25
1765627444687,CH1,POWER,3.25
1765627444692,CH1,POWER,3.25
1765627444699,CH1,POWER,3.25
1765627444704,CH1,POWER,3.25
1765627444709,CH1,POWER,3.25
1765627444713,CH1,POWER,3.25
1765627444718,CH1,POWER,3.25
1765627444722,CH1,POWER,3.25
1765627444726,CH1,POWER,3.25
1765627444732,CH1,POWER,3.25
1765627444739,CH1,POWER,3.25
1765627444747,CH1,POWER,3.25
1765627444752,CH1,POWER,3.25
1765627444759,CH1,POWER,3.25
1765627444764,CH1,POWER,3.25
1765627444769,CH1,POWER,3.25
1765627444773,CH1,POWER,3.25
1765627444779,CH1,POWER,3.25
1765627444787,CH1,POWER,3.25
1765627444792,CH1,POWER,3.25
1765627444798,CH1,POWER,3.25
1765627444803,CH1,POWER,3.25
1765627444809,CH1,POWER,3.25
1765627444814,CH1,POWER,3.25
1765627444819,CH1,POWER,3.25
1765627444827,CH1,POWER,3.25
1765627444833,CH1,POWER,3.25
1765627444839,CH1,POWER,3.25
1765627444847,CH1,POWER,3.25
1765627444852,CH1,POWER,3.25
1765627444859,CH1,POWER,3.25
1765627444864,CH1,POWER,3.25
1765627444869,CH1,POWER,3.25
1765627444874,CH1,POWER,3.25
1765627444879,CH1,POWER,3.25
1765627444883,CH1,POWER,3.25
1765627444889,CH1,POWER,3.25
1765627444893,CH1,POWER,3.25
1765627444898,CH1,POWER,3.25
1765627444904,CH1,POWER,3.25
1765627444909,CH1,POWER,3.25
1765627444914,CH1,POWER,3.25
1765627444919,CH1,POWER,3.25
1765627444927,CH1,POWER,3.25
1765627444932,CH1,POWER,3.25
1765627444938,CH1,POWER,3.25
1765627444943,CH1,POWER,3.25
1765627444949,CH1,POWER,3.25
1765627444957,CH1,POWER,3.25
1765627444962,CH1,POWER,3.25
1765627444969,CH1,POWER,3.25
1765627444977,CH1,POWER,3.25
1765627444982,CH1,POWER,3.25
1765627444989,CH1,POWER,3.25
1765627444994,CH1,POWER,3.25
1765627444999,CH1,POWER,3.25
1765627445004,CH1,POWER,3.25
1765627445009,CH1,POWER,3.25
1765627445014,CH1,POWER,3.25
1765627445019,CH1,POWER,3.25
1765627445024,CH1,POWER,3.25
1765627445028,CH1,POWER,3.30
1765627445030,CH1,POWER,3.30
1765627445032,CH1,POWER,3.30
1765627445060,CH1,POWER,3.30
1765627445065,CH1,POWER,3.30
1765627445070,CH1,POWER,3.30
1765627445076,CH1,POWER,3.30
1765627445081,CH1,POWER,3.30
1765627445086,CH1,POWER,3.30
1765627445091,CH1,POWER,3.30
1765627445099,CH1,POWER,3.30
1765627445103,CH1,POWER,3.30
1765627445109,CH1,POWER,3.30
1765627445114,CH1,POWER,3.30
1765627445120,CH1,POWER,3.30
1765627445125,CH1,POWER,3.30
1765627445130,CH1,POWER,3.30
1765627445134,CH1,POWER,3.30
1765627445141,CH1,POWER,3.30
1765627445149,CH1,POWER,3.30
1765627445154,CH1,POWER,3.30
1765627445161,CH1,POWER,3.30
1765627445166,CH1,POWER,3.30
1765627445171,CH1,POWER,3.30
1765627445175,CH1,POWER,3.30
1765627445181,CH1,POWER,3.30
1765627445189,CH1,POWER,3.30
1765627445194,CH1,POWER,3.30
1765627445200,CH1,POWER,3.30
1765627445205,CH1,POWER,3.30
1765627445211,CH1,POWER,3.30
1765627445216,CH1,POWER,3.30
1765627445221,CH1,POWER,3.30
1765627445229,CH1,POWER,3.30
1765627445234,CH1,POWER,3.30
1765627445238,CH1,POWER,3.30
1765627445242,CH1,POWER,3.30
1765627445248,CH1,POWER,3.30
1765627445252,CH1,POWER,3.30
1765627445259,CH1,POWER,3.30
1765627445264,CH1,POWER,3.30
1765627445271,CH1,POWER,3.30
1765627445276,CH1,POWER,3.30
1765627445281,CH1,POWER,3.30
1765627445286,CH1,POWER,3.30
1765627445291,CH1,POWER,3.30
1765627445297,CH1,POWER,3.30
1765627445302,CH1,POWER,3.30
1765627445308,CH1,POWER,3.30
1765627445313,CH1,POWER,3.30
1765627445319,CH1,POWER,3.30
1765627445324,CH1,POWER,3.30
1765627445330,CH1,POWER,3.30
1765627445335,CH1,POWER,3.30
1765627445341,CH1,POWER,3.30
1765627445346,CH1,POWER,3.30
1765627445351,CH1,POWER,3.30
1765627445356,CH1,POWER,3.30
1765627445361,CH1,POWER,3.30
1765627445369,CH1,POWER,3.30
1765627445374,CH1,POWER,3.30
1765627445380,CH1,POWER,3.30
1765627445385,CH1,POWER,3.30
1765627445391,CH1,POWER,3.30
1765627445399,CH1,POWER,3.30
1765627445405,CH1,POWER,3.30
1765627445410,CH1,POWER,3.30
1765627445414,CH1,POWER,3.05
1765627445440,CH1,POWER,3.05
1765627445445,CH1,POWER,3.05
1765627445453,CH1,POWER,3.05
1765627445458,CH1,POWER,3.05
1765627445463,CH1,POWER,3.05
1765627445467,CH1,POWER,3.05
1765627445473,CH1,POWER,3.05
1765627445477,CH1,POWER,3.05
1765627445483,CH1,POWER,3.05
1765627445487,CH1,POWER,3.05
1765627445492,CH1,POWER,3.05
1765627445496,CH1,POWER,3.05
1765627445500,CH1,POWER,3.05
1765627445505,CH1,POWER,3.05
1765627445510,CH1,POWER,3.05
1765627445514,CH1,POWER,3.05
1765627445521,CH1,POWER,3.05
1765627445527,CH1,POWER,3.05
1765627445532,CH1,POWER,3.05
1765627445536,CH1,POWER,3.05
1765627445543,CH1,POWER,3.05
1765627445547,CH1,POWER,3.05
1765627445553,CH1,POWER,3.05
1765627445557,CH1,POWER,3.05
1765627445563,CH1,POWER,3.05
1765627445571,CH1,POWER,3.05
1765627445576,CH1,POWER,3.05
1765627445583,CH1,POWER,3.05
1765627445591,CH1,POWER,3.05
1765627445596,CH1,POWER,3.05
1765627445603,CH1,POWER,3.05
1765627445608,CH1,POWER,3.05
1765627445613,CH1,POWER,3.05
1765627445618,CH1,POWER,3.05
1765627445623,CH1,POWER,3.05
1765627445628,CH1,POWER,3.05
1765627445633,CH1,POWER,3.05
1765627445637,CH1,POWER,3.05
1765627445642,CH1,POWER,3.05
1765627445646,CH1,POWER,3.05
1765627445652,CH1,POWER,3.05
1765627445657,CH1,POWER,3.05
1765627445663,CH1,POWER,3.05
1765627445668,CH1,POWER,3.05
1765627445673,CH1,POWER,3.05
1765627445677,CH1,POWER,3.05
1765627445683,CH1,POWER,3.05
1765627445688,CH1,POWER,3.05
1765627445693,CH1,POWER,3.05
1765627445697,CH1,POWER,3.05
1765627445702,CH1,POWER,3.05
1765627445706,CH1,POWER,3.05
1765627445713,CH1,POWER,3.05
1765627445718,CH1,POWER,3.05
1765627445723,CH1,POWER,3.05
1765627445727,CH1,POWER,3.05
1765627445733,CH1,POWER,3.05
1765627445738,CH1,POWER,3.05
1765627445743,CH1,POWER,3.05
1765627445748,CH1,POWER,3.05
1765627445753,CH1,POWER,3.05
1765627445758,CH1,POWER,3.05
1765627445763,CH1,POWER,3.05
1765627445768,CH1,POWER,3.05
1765627445773,CH1,POWER,3.05
1765627445777,CH1,POWER,3.05
1765627445782,CH1,POWER,3.05
1765627445786,CH1,POWER,3.05
1765627445792,CH1,POWER,3.05
1765627445796,CH1,POWER,3.05
1765627445802,CH1,POWER,3.05
1765627445804,CH1,POWER,3.25
1765627445806,CH1,POWER,3.25
1765627445834,CH1,POWER,3.25
1765627445839,CH1,POWER,3.25
1765627445844,CH1,POWER,3.25
1765627445849,CH1,POWER,3.25
1765627445854,CH1,POWER,3.25
1765627445858,CH1,POWER,3.25
1765627445865,CH1,POWER,3.25
1765627445873,CH1,POWER,3.25
1765627445878,CH1,POWER,3.25
1765627445885,CH1,POWER,3.25
1765627445890,CH1,POWER,3.25
1765627445895,CH1,POWER,3.25
1765627445900,CH1,POWER,3.25
1765627445905,CH1,POWER,3.25
1765627445910,CH1,POWER,3.25
1765627445915,CH1,POWER,3.25
1765627445922,CH1,POWER,3.25
1765627445927,CH1,POWER,3.25
1765627445932,CH1,POWER,3.25
1765627445938,CH1,POWER,3.25
1765627445945,CH1,POWER,3.25
1765627445953,CH1,POWER,3.25
1765627445958,CH1,POWER,3.25
1765627445965,CH1,POWER,3.25
1765627445973,CH1,POWER,3.25
1765627445978,CH1,POWER,3.25
1765627445985,CH1,POWER,3.25
1765627445990,CH1,POWER,3.25
1765627445995,CH1,POWER,3.25
1765627445999,CH1,POWER,3.25
1765627446005,CH1,POWER,3.25
1765627446010,CH1,POWER,3.25
1765627446015,CH1,POWER,3.25
1765627446019,CH1,POWER,3.25
1765627446024,CH1,POWER,3.25
1765627446028,CH1,POWER,3.25
1765627446032,CH1,POWER,3.25
1765627446037,CH1,POWER,3.25
1765627446045,CH1,POWER,3.25
1765627446050,CH1,POWER,3.25
1765627446055,CH1,POWER,3.25
1765627446060,CH1,POWER,3.25
1765627446065,CH1,POWER,3.25
1765627446073,CH1,POWER,3.25
1765627446079,CH1,POWER,3.25
1765627446084,CH1,POWER,3.25
1765627446089,CH1,POWER,3.25
1765627446094,CH1,POWER,3.25
1765627446099,CH1,POWER,3.25
1765627446104,CH1,POWER,3.25
1765627446108,CH1,POWER,3.25
1765627446112,CH1,POWER,3.25
1765627446117,CH1,POWER,3.25
1765627446123,CH1,POWER,3.25
1765627446128,CH1,POWER,3.25
1765627446135,CH1,POWER,3.25
1765627446143,CH1,POWER,3.25
1765627446148,CH1,POWER,3.25
1765627446155,CH1,POWER,3.25
1765627446160,CH1,POWER,3.25
1765627446165,CH1,POWER,3.25
1765627446170,CH1,POWER,3.25
1765627446174,CH1,POWER,3.25
1765627446179,CH1,POWER,3.25
1765627446185,CH1,POWER,3.25
1765627446189,CH1,POWER,3.25
1765627446194,CH1,POWER,3.25
1765627446199,CH1,POWER,3.25
1765627446227,CH1,POWER,3.25
1765627446232,CH1,POWER,3.25
1765627446237,CH1,POWER,3.25
1765627446241,CH1,POWER,3.25
1765627446246,CH1,POWER,3.25
1765627446251,CH1,POWER,3.25
1765627446257,CH1,POWER,3.25
1765627446262,CH1,POWER,3.25
1765627446266,CH1,POWER,3.25
1765627446271,CH1,POWER,3.25
1765627446276,CH1,POWER,3.25
1765627446280,CH1,POWER,3.25
1765627446287,CH1,POWER,3.25
1765627446292,CH1,POWER,3.25
1765627446297,CH1,POWER,3.25
1765627446301,CH1,POWER,3.25
1765627446306,CH1,POWER,3.25
1765627446312,CH1,POWER,3.25
1765627446317,CH1,POWER,3.25
1765627446321,CH1,POWER,3.25
1765627446326,CH1,POWER,3.25
1765627446332,CH1,POWER,3.25
1765627446337,CH1,POWER,3.25
1765627446342,CH1,POWER,3.25
1765627446346,CH1,POWER,3.25
1765627446351,CH1,POWER,3.25
1765627446355,CH1,POWER,3.25
1765627446360,CH1,POWER,3.25
1765627446367,CH1,POWER,3.25
1765627446375,CH1,POWER,3.25
1765627446380,CH1,POWER,3.25
1765627446387,CH1,POWER,3.25
1765627446392,CH1,POWER,3.25
1765627446397,CH1,POWER,3.25
1765627446402,CH1,POWER,3.25
1765627446407,CH1,POWER,3.25
1765627446412,CH1,POWER,3.25
1765627446417,CH1,POWER,3.25
1765627446425,CH1,POWER,3.25
1765627446430,CH1,POWER,3.25
1765627446436,CH1,POWER,3.25
1765627446441,CH1,POWER,3.25
1765627446446,CH1,POWER,3.25
1765627446451,CH1,POWER,3.25
1765627446455,CH1,POWER,3.25
1765627446460,CH1,POWER,3.25
1765627446466,CH1,POWER,3.25
1765627446471,CH1,POWER,3.25
1765627446475,CH1,POWER,3.25
1765627446480,CH1,POWER,3.25
1765627446486,CH1,POWER,3.25
1765627446491,CH1,POWER,3.25
1765627446496,CH1,POWER,3.25
1765627446502,CH1,POWER,3.25
1765627446507,CH1,POWER,3.25
1765627446514,CH1,POWER,3.25
1765627446519,CH1,POWER,3.25
1765627446524,CH1,POWER,3.25
1765627446530,CH1,POWER,3.25
1765627446536,CH1,POWER,3.25
1765627446540,CH1,POWER,3.25
1765627446547,CH1,POWER,3.25
1765627446552,CH1,POWER,3.25
1765627446557,CH1,POWER,3.25
1765627446562,CH1,POWER,3.25
1765627446567,CH1,POWER,3.25
1765627446572,CH1,POWER,3.25
1765627446576,CH1,POWER,3.25
1765627446581,CH1,POWER,3.25
1765627446587,CH1,POWER,3.25
1765627446592,CH1,POWER,3.25
1765627446595,CH1,POWER,3.65
1765627446597,CH1,POWER,3.65
1765627446600,CH1,POWER,3.65
1765627446626,CH1,POWER,3.65
1765627446631,CH1,POWER,3.65
1765627446635,CH1,POWER,3.65
1765627446640,CH1,POWER,3.65
1765627446646,CH1,POWER,3.65
1765627446651,CH1,POWER,3.65
1765627446655,CH1,POWER,3.65
1765627446660,CH1,POWER,3.65
1765627446667,CH1,POWER,3.65
1765627446672,CH1,POWER,3.65
1765627446678,CH1,POWER,3.65
1765627446683,CH1,POWER,3.65
1765627446687,CH1,POWER,3.65
1765627446691,CH1,POWER,3.65
1765627446696,CH1,POWER,3.65
1765627446701,CH1,POWER,3.65
1765627446705,CH1,POWER,3.65
1765627446710,CH1,POWER,3.65
1765627446715,CH1,POWER,3.65
1765627446720,CH1,POWER,3.65
1765627446726,CH1,POWER,3.65
1765627446731,CH1,POWER,3.65
1765627446735,CH1,POWER,3.65
1765627446740,CH1,POWER,3.65
1765627446747,CH1,POWER,3.65
1765627446753,CH1,POWER,3.65
1765627446758,CH1,POWER,3.65
1765627446764,CH1,POWER,3.65
1765627446769,CH1,POWER,3.65
1765627446777,CH1,POWER,3.65
1765627446782,CH1,POWER,3.65
1765627446789,CH1,POWER,3.65
1765627446794,CH1,POWER,3.65
1765627446799,CH1,POWER,3.65
1765627446804,CH1,POWER,3.65
1765627446808,CH1,POWER,3.65
1765627446813,CH1,POWER,3.65
1765627446817,CH1,POWER,3.65
1765627446821,CH1,POWER,3.65
1765627446825,CH1,POWER,3.65
1765627446830,CH1,POWER,3.65
1765627446837,CH1,POWER,3.65
1765627446841,CH1,POWER,3.65
1765627446846,CH1,POWER,3.65
1765627446851,CH1,POWER,3.65
1765627446859,CH1,POWER,3.65
1765627446864,CH1,POWER,3.65
1765627446869,CH1,POWER,3.65
1765627446874,CH1,POWER,3.65
1765627446879,CH1,POWER,3.65
1765627446884,CH1,POWER,3.65
1765627446888,CH1,POWER,3.65
1765627446892,CH1,POWER,3.65
1765627446898,CH1,POWER,3.65
1765627446903,CH1,POWER,3.65
1765627446907,CH1,POWER,3.65
1765627446912,CH1,POWER,3.65
1765627446918,CH1,POWER,3.65
1765627446922,CH1,POWER,3.65
1765627446928,CH1,POWER,3.65
1765627446932,CH1,POWER,3.65
1765627446939,CH1,POWER,3.65
1765627446944,CH1,POWER,3.65
1765627446948,CH1,POWER,3.65
1765627446952,CH1,POWER,3.65
1765627446958,CH1,POWER,3.65
1765627446962,CH1,POWER,3.65
1765627446968,CH1,POWER,3.65
1765627446972,CH1,POWER,3.65
1765627446979,CH1,POWER,3.65
1765627446984,CH1,POWER,3.65
1765627446989,CH1,POWER,3.65
1765627446992,CH1,POWER,3.55
1765627447018,CH1,POWER,3.55
1765627447022,CH1,POWER,3.55
1765627447029,CH1,POWER,3.55
1765627447034,CH1,POWER,3.55
1765627447040,CH1,POWER,3.55
1765627447045,CH1,POWER,3.55
1765627447050,CH1,POWER,3.55
1765627447054,CH1,POWER,3.55
1765627447061,CH1,POWER,3.55
1765627447066,CH1,POWER,3.55
1765627447070,CH1,POWER,3.55
1765627447075,CH1,POWER,3.55
1765627447080,CH1,POWER,3.55
1765627447084,CH1,POWER,3.55
1765627447091,CH1,POWER,3.55
1765627447096,CH1,POWER,3.55
1765627447100,CH1,POWER,3.55
1765627447105,CH1,POWER,3.55
1765627447110,CH1,POWER,3.55
1765627447114,CH1,POWER,3.55
1765627447121,CH1,POWER,3.55
1765627447126,CH1,POWER,3.55
1765627447131,CH1,POWER,3.55
1765627447136,CH1,POWER,3.55
1765627447140,CH1,POWER,3.55
1765627447145,CH1,POWER,3.55
1765627447149,CH1,POWER,3.55
1765627447153,CH1,POWER,3.55
1765627447157,CH1,POWER,3.55
1765627447161,CH1,POWER,3.55
1765627447166,CH1,POWER,3.55
1765627447171,CH1,POWER,3.55
1765627447176,CH1,POWER,3.55
1765627447180,CH1,POWER,3.55
1765627447184,CH1,POWER,3.55
1765627447190,CH1,POWER,3.55
1765627447194,CH1,POWER,3.55
1765627447201,CH1,POWER,3.55
1765627447206,CH1,POWER,3.55
1765627447210,CH1,POWER,3.55
1765627447214,CH1,POWER,3.55
1765627447221,CH1,POWER,3.55
1765627447226,CH1,POWER,3.55
1765627447230,CH1,POWER,3.55
1765627447234,CH1,POWER,3.55
1765627447241,CH1,POWER,3.55
1765627447246,CH1,POWER,3.55
1765627447250,CH1,POWER,3.55
1765627447255,CH1,POWER,3.55
1765627447260,CH1,POWER,3.55
1765627447264,CH1,POWER,3.55
1765627447270,CH1,POWER,3.55
1765627447275,CH1,POWER,3.55
1765627447279,CH1,POWER,3.55
1765627447284,CH1,POWER,3.55
1765627447290,CH1,POWER,3.55
1765627447295,CH1,POWER,3.55
1765627447299,CH1,POWER,3.55
1765627447304,CH1,POWER,3.55
1765627447311,CH1,POWER,3.55
1765627447319,CH1,POWER,3.55
1765627447324,CH1,POWER,3.55
1765627447330,CH1,POWER,3.55
1765627447335,CH1,POWER,3.55
1765627447340,CH1,POWER,3.55
1765627447344,CH1,POWER,3.55
1765627447351,CH1,POWER,3.55
1765627447356,CH1,POWER,3.55
1765627447360,CH1,POWER,3.55
1765627447365,CH1,POWER,3.55
1765627447371,CH1,POWER,3.55
1765627447376,CH1,POWER,3.55
1765627447381,CH1,POWER,3.55
1765627447410,CH1,POWER,3.25
1765627447415,CH1,POWER,3.25
1765627447419,CH1,POWER,3.25
1765627447424,CH1,POWER,3.25
1765627447431,CH1,POWER,3.25
1765627447436,CH1,POWER,3.25
1765627447442,CH1,POWER,3.25
1765627447447,CH1,POWER,3.25
1765627447452,CH1,POWER,3.25
1765627447456,CH1,POWER,3.25
1765627447462,CH1,POWER,3.25
1765627447466,CH1,POWER,3.25
1765627447472,CH1,POWER,3.25
1765627447476,CH1,POWER,3.25
1765627447482,CH1,POWER,3.25
1765627447486,CH1,POWER,3.25
1765627447493,CH1,POWER,3.25
1765627447501,CH1,POWER,3.25
1765627447505,CH1,POWER,3.25
1765627447509,CH1,POWER,3.25
1765627447514,CH1,POWER,3.25
1765627447521,CH1,POWER,3.25
1765627447526,CH1,POWER,3.25
1765627447533,CH1,POWER,3.25
1765627447538,CH1,POWER,3.25
1765627447542,CH1,POWER,3.25
1765627447547,CH1,POWER,3.25
1765627447552,CH1,POWER,3.25
1765627447558,CH1,POWER,3.25
1765627447563,CH1,POWER,3.25
1765627447568,CH1,POWER,3.25
1765627447572,CH1,POWER,3.25
1765627447578,CH1,POWER,3.25
1765627447582,CH1,POWER,3.25
1765627447588,CH1,POWER,3.25
1765627447592,CH1,POWER,3.25
1765627447596,CH1,POWER,3.25
1765627447602,CH1,POWER,3.25
1765627447607,CH1,POWER,3.25
1765627447612,CH1,POWER,3.25
1765627447616,CH1,POWER,3.25
1765627447622,CH1,POWER,3.25
1765627447627,CH1,POWER,3.25
1765627447632,CH1,POWER,3.25
1765627447636,CH1,POWER,3.25
1765627447643,CH1,POWER,3.25
1765627447648,CH1,POWER,3.25
1765627447652,CH1,POWER,3.25
1765627447657,CH1,POWER,3.25
1765627447662,CH1,POWER,3.25
1765627447666,CH1,POWER,3.25
1765627447671,CH1,POWER,3.25
1765627447677,CH1,POWER,3.25
1765627447681,CH1,POWER,3.25
1765627447686,CH1,POWER,3.25
1765627447693,CH1,POWER,3.25
1765627447698,CH1,POWER,3.25
1765627447703,CH1,POWER,3.25
1765627447708,CH1,POWER,3.25
1765627447713,CH1,POWER,3.25
1765627447720,CH1,POWER,3.25
1765627447724,CH1,POWER,3.25
1765627447730,CH1,POWER,3.25
1765627447734,CH1,POWER,3.25
1765627447740,CH1,POWER,3.25
1765627447744,CH1,POWER,3.25
1765627447751,CH1,POWER,3.25
1765627447755,CH1,POWER,3.25
1765627447760,CH1,POWER,3.25
1765627447764,CH1,POWER,3.25
1765627447771,CH1,POWER,3.25
1765627447776,CH1,POWER,3.25
1765627447781,CH1,POWER,3.25
1765627447783,CH1,POWER,3.25
1765627447786,CH1,POWER,3.25
1765627447814,CH1,POWER,3.25
1765627447819,CH1,POWER,3.25
1765627447823,CH1,POWER,3.25
1765627447828,CH1,POWER,3.25
1765627447835,CH1,POWER,3.25
1765627447843,CH1,POWER,3.25
1765627447848,CH1,POWER,3.25
1765627447855,CH1,POWER,3.25
1765627447860,CH1,POWER,3.25
1765627447864,CH1,POWER,3.25
1765627447868,CH1,POWER,3.25
1765627447875,CH1,POWER,3.25
1765627447880,CH1,POWER,3.25
1765627447885,CH1,POWER,3.25
1765627447890,CH1,POWER,3.25
1765627447895,CH1,POWER,3.25
1765627447900,CH1,POWER,3.25
1765627447904,CH1,POWER,3.25
1765627447913,CH1,POWER,3.25
1765627447918,CH1,POWER,3.25
1765627447924,CH1,POWER,3.25
1765627447930,CH1,POWER,3.25
1765627447935,CH1,POWER,3.25
1765627447943,CH1,POWER,3.25
1765627447947,CH1,POWER,3.25
1765627447954,CH1,POWER,3.25
1765627447959,CH1,POWER,3.25
1765627447964,CH1,POWER,3.25
1765627447972,CH1,POWER,3.25
1765627447977,CH1,POWER,3.25
1765627447981,CH1,POWER,3.25
1765627447986,CH1,POWER,3.25
1765627447993,CH1,POWER,3.25
1765627447998,CH1,POWER,3.25
1765627448004,CH1,POWER,3.25
1765627448008,CH1,POWER,3.25
1765627448014,CH1,POWER,3.25
1765627448018,CH1,POWER,3.25
1765627448025,CH1,POWER,3.25
1765627448033,CH1,POWER,3.25
1765627448038,CH1,POWER,3.25
1765627448045,CH1,POWER,3.25
1765627448050,CH1,POWER,3.25
1765627448055,CH1,POWER,3.25
1765627448060,CH1,POWER,3.25
1765627448065,CH1,POWER,3.25
1765627448070,CH1,POWER,3.25
1765627448074,CH1,POWER,3.25
1765627448078,CH1,POWER,3.25
1765627448085,CH1,POWER,3.25
1765627448090,CH1,POWER,3.25
1765627448094,CH1,POWER,3.25
1765627448100,CH1,POWER,3.25
1765627448104,CH1,POWER,3.25
1765627448113,CH1,POWER,3.25
1765627448118,CH1,POWER,3.25
1765627448125,CH1,POWER,3.25
1765627448130,CH1,POWER,3.25
1765627448134,CH1,POWER,3.25
1765627448138,CH1,POWER,3.25
1765627448145,CH1,POWER,3.25
1765627448150,CH1,POWER,3.25
1765627448155,CH1,POWER,3.25
1765627448160,CH1,POWER,3.25
1765627448164,CH1,POWER,3.25
1765627448169,CH1,POWER,3.25
1765627448197,CH1,POWER,3.25
1765627448202,CH1,POWER,3.25
1765627448207,CH1,POWER,3.25
1765627448212,CH1,POWER,3.25
1765627448216,CH1,POWER,3.25
1765627448222,CH1,POWER,3.25
1765627448227,CH1,POWER,3.25
1765627448232,CH1,POWER,3.25
1765627448237,CH1,POWER,3.25
1765627448242,CH1,POWER,3.25
1765627448246,CH1,POWER,3.25
1765627448250,CH1,POWER,3.25
1765627448257,CH1,POWER,3.25
1765627448262,CH1,POWER,3.25
1765627448267,CH1,POWER,3.25
1765627448272,CH1,POWER,3.25
1765627448277,CH1,POWER,3.25
1765627448282,CH1,POWER,3.25
1765627448286,CH1,POWER,3.25
1765627448291,CH1,POWER,3.25
1765627448295,CH1,POWER,3.25
1765627448299,CH1,POWER,3.25
1765627448303,CH1,POWER,3.25
1765627448309,CH1,POWER,3.25
1765627448313,CH1,POWER,3.25
1765627448320,CH1,POWER,3.25
1765627448327,CH1,POWER,3.25
1765627448332,CH1,POWER,3.25
1765627448337,CH1,POWER,3.25
1765627448342,CH1,POWER,3.25
1765627448347,CH1,POWER,3.25
1765627448352,CH1,POWER,3.25
1765627448356,CH1,POWER,3.25
1765627448365,CH1,POWER,3.25
1765627448370,CH1,POWER,3.25
1765627448377,CH1,POWER,3.25
1765627448382,CH1,POWER,3.25
1765627448386,CH1,POWER,3.25
1765627448391,CH1,POWER,3.25
1765627448396,CH1,POWER,3.25
1765627448400,CH1,POWER,3.25
1765627448406,CH1,POWER,3.25
1765627448410,CH1,POWER,3.25
1765627448417,CH1,POWER,3.25
1765627448422,CH1,POWER,3.25
1765627448426,CH1,POWER,3.25
1765627448431,CH1,POWER,3.25
1765627448436,CH1,POWER,3.25
1765627448440,CH1,POWER,3.25
1765627448446,CH1,POWER,3.25
1765627448450,CH1,POWER,3.25
1765627448457,CH1,POWER,3.25
1765627448462,CH1,POWER,3.25
1765627448466,CH1,POWER,3.25
1765627448471,CH1,POWER,3.25
1765627448475,CH1,POWER,3.25
1765627448482,CH1,POWER,3.25
1765627448487,CH1,POWER,3.25
1765627448492,CH1,POWER,3.25
1765627448496,CH1,POWER,3.25
1765627448502,CH1,POWER,3.25
1765627448506,CH1,POWER,3.25
1765627448511,CH1,POWER,3.25
1765627448515,CH1,POWER,3.25
1765627448520,CH1,POWER,3.25
1765627448526,CH1,POWER,3.25
1765627448535,CH1,POWER,3.25
1765627448539,CH1,POWER,3.25
1765627448546,CH1,POWER,3.25
1765627448550,CH1,POWER,3.25
1765627448557,CH1,POWER,3.25
1765627448559,CH1,POWER,3.50
1765627448586,CH1,POWER,3.50
1765627448591,CH1,POWER,3.50
1765627448595,CH1,POWER,3.50
1765627448599,CH1,POWER,3.50
1765627448605,CH1,POWER,3.50
1765627448609,CH1,POWER,3.50
1765627448616,CH1,POWER,3.50
1765627448623,CH1,POWER,3.50
1765627448627,CH1,POWER,3.50
1765627448634,CH1,POWER,3.50
1765627448638,CH1,POWER,3.50
1765627448646,CH1,POWER,3.50
1765627448652,CH1,POWER,3.50
1765627448659,CH1,POWER,3.50
1765627448664,CH1,POWER,3.50
1765627448669,CH1,POWER,3.50
1765627448674,CH1,POWER,3.50
1765627448678,CH1,POWER,3.50
1765627448686,CH1,POWER,3.50
1765627448693,CH1,POWER,3.50
1765627448697,CH1,POWER,3.50
1765627448701,CH1,POWER,3.50
1765627448708,CH1,POWER,3.50
1765627448712,CH1,POWER,3.50
1765627448717,CH1,POWER,3.50
1765627448721,CH1,POWER,3.50
1765627448726,CH1,POWER,3.50
1765627448730,CH1,POWER,3.50
1765627448737,CH1,POWER,3.50
1765627448742,CH1,POWER,3.50
1765627448748,CH1,POWER,3.50
1765627448753,CH1,POWER,3.50
1765627448758,CH1,POWER,3.50
1765627448762,CH1,POWER,3.50
1765627448769,CH1,POWER,3.50
1765627448774,CH1,POWER,3.50
1765627448779,CH1,POWER,3.50
1765627448784,CH1,POWER,3.50
1765627448788,CH1,POWER,3.50
1765627448792,CH1,POWER,3.50
1765627448799,CH1,POWER,3.50
1765627448804,CH1,POWER,3.50
1765627448808,CH1,POWER,3.50
1765627448812,CH1,POWER,3.50
1765627448819,CH1,POWER,3.50
1765627448824,CH1,POWER,3.50
1765627448829,CH1,POWER,3.50
1765627448834,CH1,POWER,3.50
1765627448838,CH1,POWER,3.50
1765627448844,CH1,POWER,3.50
1765627448848,CH1,POWER,3.50
1765627448852,CH1,POWER,3.50
1765627448858,CH1,POWER,3.50
1765627448864,CH1,POWER,3.50
1765627448868,CH1,POWER,3.50
1765627448872,CH1,POWER,3.50
1765627448879,CH1,POWER,3.50
1765627448884,CH1,POWER,3.50
1765627448888,CH1,POWER,3.50
1765627448893,CH1,POWER,3.50
1765627448898,CH1,POWER,3.50
1765627448902,CH1,POWER,3.50
1765627448907,CH1,POWER,3.50
1765627448911,CH1,POWER,3.50
1765627448916,CH1,POWER,3.50
1765627448920,CH1,POWER,3.50
1765627448929,CH1,POWER,3.50
1765627448934,CH1,POWER,3.50
1765627448938,CH1,POWER,3.50
1765627448943,CH1,POWER,3.50
1765627448947,CH1,POWER,3.50
1765627448950,CH1,POWER,3.50
1765627448952,CH1,POWER,3.50
1765627448981,CH1,POWER,3.50
1765627448986,CH1,POWER,3.50
1765627448990,CH1,POWER,3.50
1765627448994,CH1,POWER,3.50
1765627449000,CH1,POWER,3.50
1765627449004,CH1,POWER,3.50
1765627449011,CH1,POWER,3.50
1765627449016,CH1,POWER,3.50
1765627449020,CH1,POWER,3.50
1765627449024,CH1,POWER,3.50
1765627449031,CH1,POWER,3.50
1765627449036,CH1,POWER,3.50
1765627449040,CH1,POWER,3.50
1765627449046,CH1,POWER,3.50
1765627449050,CH1,POWER,3.50
1765627449054,CH1,POWER,3.50
1765627449060,CH1,POWER,3.50
1765627449064,CH1,POWER,3.50
1765627449070,CH1,POWER,3.50
1765627449076,CH1,POWER,3.50
1765627449080,CH1,POWER,3.50
1765627449086,CH1,POWER,3.50
1765627449090,CH1,POWER,3.50
1765627449094,CH1,POWER,3.50
1765627449100,CH1,POWER,3.50
1765627449104,CH1,POWER,3.50
1765627449111,CH1,POWER,3.50
1765627449116,CH1,POWER,3.50
1765627449120,CH1,POWER,3.50
1765627449126,CH1,POWER,3.50
1765627449130,CH1,POWER,3.50
1765627449138,CH1,POWER,3.50
1765627449142,CH1,POWER,3.50
1765627449149,CH1,POWER,3.50
1765627449153,CH1,POWER,3.50
1765627449160,CH1,POWER,3.50
1765627449168,CH1,POWER,3.50
1765627449172,CH1,POWER,3.50
1765627449177,CH1,POWER,3.50
1765627449181,CH1,POWER,3.50
1765627449189,CH1,POWER,3.50
1765627449194,CH1,POWER,3.50
1765627449200,CH1,POWER,3.50
1765627449206,CH1,POWER,3.50
1765627449210,CH1,POWER,3.50
1765627449214,CH1,POWER,3.50
1765627449220,CH1,POWER,3.50
1765627449228,CH1,POWER,3.50
1765627449232,CH1,POWER,3.50
1765627449239,CH1,POWER,3.50
1765627449243,CH1,POWER,3.50
1765627449251,CH1,POWER,3.50
1765627449256,CH1,POWER,3.50
1765627449261,CH1,POWER,3.50
1765627449266,CH1,POWER,3.50
1765627449270,CH1,POWER,3.50
1765627449274,CH1,POWER,3.50
1765627449279,CH1,POWER,3.50
1765627449286,CH1,POWER,3.50
1765627449291,CH1,POWER,3.50
1765627449296,CH1,POWER,3.50
1765627449300,CH1,POWER,3.50
1765627449308,CH1,POWER,3.50
1765627449313,CH1,POWER,3.50
1765627449318,CH1,POWER,3.50
1765627449322,CH1,POWER,3.50
1765627449328,CH1,POWER,3.50
1765627449334,CH1,POWER,3.50
1765627449360,CH1,POWER,3.25
1765627449364,CH1,POWER,3.25
1765627449369,CH1,POWER,3.25
1765627449375,CH1,POWER,3.25
1765627449383,CH1,POWER,3.25
1765627449388,CH1,POWER,3.25
1765627449393,CH1,POWER,3.25
1765627449398,CH1,POWER,3.25
1765627449403,CH1,POWER,3.25
1765627449408,CH1,POWER,3.25
1765627449412,CH1,POWER,3.25
1765627449418,CH1,POWER,3.25
1765627449422,CH1,POWER,3.25
1765627449426,CH1,POWER,3.25
1765627449433,CH1,POWER,3.25
1765627449438,CH1,POWER,3.25
1765627449443,CH1,POWER,3.25
1765627449448,CH1,POWER,3.25
1765627449453,CH1,POWER,3.25
1765627449458,CH1,POWER,3.25
1765627449462,CH1,POWER,3.25
1765627449468,CH1,POWER,3.25
1765627449473,CH1,POWER,3.25
1765627449478,CH1,POWER,3.25
1765627449482,CH1,POWER,3.25
1765627449486,CH1,POWER,3.25
1765627449492,CH1,POWER,3.25
1765627449496,CH1,POWER,3.25
1765627449502,CH1,POWER,3.25
1765627449506,CH1,POWER,3.25
1765627449512,CH1,POWER,3.25
1765627449516,CH1,POWER,3.25
1765627449522,CH1,POWER,3.25
1765627449526,CH1,POWER,3.25
1765627449532,CH1,POWER,3.25
1765627449536,CH1,POWER,3.25
1765627449542,CH1,POWER,3.25
1765627449551,CH1,POWER,3.25
1765627449555,CH1,POWER,3.25
1765627449563,CH1,POWER,3.25
1765627449568,CH1,POWER,3.25
1765627449572,CH1,POWER,3.25
1765627449576,CH1,POWER,3.25
1765627449583,CH1,POWER,3.25
1765627449588,CH1,POWER,3.25
1765627449592,CH1,POWER,3.25
1765627449596,CH1,POWER,3.25
1765627449602,CH1,POWER,3.25
1765627449610,CH1,POWER,3.25
1765627449614,CH1,POWER,3.25
1765627449619,CH1,POWER,3.25
1765627449623,CH1,POWER,3.25
1765627449631,CH1,POWER,3.25
1765627449635,CH1,POWER,3.25
1765627449639,CH1,POWER,3.25
1765627449645,CH1,POWER,3.25
1765627449649,CH1,POWER,3.25
1765627449655,CH1,POWER,3.25
1765627449663,CH1,POWER,3.25
1765627449668,CH1,POWER,3.25
1765627449672,CH1,POWER,3.25
1765627449676,CH1,POWER,3.25
1765627449683,CH1,POWER,3.25
1765627449688,CH1,POWER,3.25
1765627449692,CH1,POWER,3.25
1765627449696,CH1,POWER,3.25
1765627449701,CH1,POWER,3.25
1765627449708,CH1,POWER,3.25
1765627449712,CH1,POWER,3.25
1765627449720,CH1,POWER,3.25
1765627449723,CH1,POWER,3.25
1765627449726,CH1,POWER,3.25
1765627449751,CH1,POWER,3.25
1765627449757,CH1,POWER,3.25
1765627449761,CH1,POWER,3.25
1765627449765,CH1,POWER,3.25
1765627449770,CH1,POWER,3.25
1765627449774,CH1,POWER,3.25
1765627449778,CH1,POWER,3.25
1765627449784,CH1,POWER,3.25
1765627449788,CH1,POWER,3.25
1765627449794,CH1,POWER,3.25
1765627449803,CH1,POWER,3.25
1765627449807,CH1,POWER,3.25
1765627449815,CH1,POWER,3.25
1765627449820,CH1,POWER,3.25
1765627449825,CH1,POWER,3.25
1765627449830,CH1,POWER,3.25
1765627449834,CH1,POWER,3.25
1765627449840,CH1,POWER,3.25
1765627449844,CH1,POWER,3.25
1765627449848,CH1,POWER,3.25
1765627449854,CH1,POWER,3.25
1765627449860,CH1,POWER,3.25
1765627449864,CH1,POWER,3.25
1765627449870,CH1,POWER,3.25
1765627449874,CH1,POWER,3.25
1765627449880,CH1,POWER,3.25
1765627449884,CH1,POWER,3.25
1765627449888,CH1,POWER,3.25
1765627449894,CH1,POWER,3.25
1765627449900,CH1,POWER,3.25
1765627449904,CH1,POWER,3.25
1765627449908,CH1,POWER,3.25
1765627449914,CH1,POWER,3.25
1765627449920,CH1,POWER,3.25
1765627449924,CH1,POWER,3.25
1765627449928,CH1,POWER,3.25
1765627449934,CH1,POWER,3.25
1765627449940,CH1,POWER,3.25
1765627449944,CH1,POWER,3.25
1765627449950,CH1,POWER,3.25
1765627449954,CH1,POWER,3.25
1765627449960,CH1,POWER,3.25
1765627449964,CH1,POWER,3.25
1765627449968,CH1,POWER,3.25
1765627449974,CH1,POWER,3.25
1765627449980,CH1,POWER,3.25
1765627449984,CH1,POWER,3.25
1765627449988,CH1,POWER,3.25
1765627449994,CH1,POWER,3.25
1765627449998,CH1,POWER,3.25
1765627450003,CH1,POWER,3.25
1765627450010,CH1,POWER,3.25
1765627450015,CH1,POWER,3.25
1765627450020,CH1,POWER,3.25
1765627450024,CH1,POWER,3.25
1765627450030,CH1,POWER,3.25
1765627450034,CH1,POWER,3.25
1765627450038,CH1,POWER,3.25
1765627450043,CH1,POWER,3.25
1765627450050,CH1,POWER,3.25
1765627450054,CH1,POWER,3.25
1765627450060,CH1,POWER,3.25
1765627450064,CH1,POWER,3.25
1765627450068,CH1,POWER,3.25
1765627450074,CH1,POWER,3.25
1765627450078,CH1,POWER,3.25
1765627450084,CH1,POWER,3.25
1765627450088,CH1,POWER,3.25
1765627450094,CH1,POWER,3.25
1765627450098,CH1,POWER,3.25
1765627450103,CH1,POWER,3.25
1765627450110,CH1,POWER,3.25
1765627450114,CH1,POWER,3.25
1765627450120,CH1,POWER,3.25
1765627450122,CH1,POWER,3.30
1765627450125,CH1,POWER,3.30
1765627450128,CH1,POWER,3.30
1765627450153,CH1,POWER,3.30
1765627450158,CH1,POWER,3.30
1765627450163,CH1,POWER,3.30
1765627450167,CH1,POWER,3.30
1765627450172,CH1,POWER,3.30
1765627450176,CH1,POWER,3.30
1765627450180,CH1,POWER,3.30
1765627450186,CH1,POWER,3.30
1765627450190,CH1,POWER,3.30
1765627450196,CH1,POWER,3.30
1765627450204,CH1,POWER,3.30
1765627450208,CH1,POWER,3.30
1765627450216,CH1,POWER,3.30
1765627450220,CH1,POWER,3.30
1765627450226,CH1,POWER,3.30
1765627450230,CH1,POWER,3.30
1765627450235,CH1,POWER,3.30
1765627450239,CH1,POWER,3.30
1765627450246,CH1,POWER,3.30
1765627450252,CH1,POWER,3.30
1765627450256,CH1,POWER,3.30
1765627450260,CH1,POWER,3.30
1765627450266,CH1,POWER,3.30
1765627450272,CH1,POWER,3.30
1765627450276,CH1,POWER,3.30
1765627450282,CH1,POWER,3.30
1765627450286,CH1,POWER,3.30
1765627450290,CH1,POWER,3.30
1765627450296,CH1,POWER,3.30
1765627450300,CH1,POWER,3.30
1765627450305,CH1,POWER,3.30
1765627450312,CH1,POWER,3.30
1765627450316,CH1,POWER,3.30
1765627450322,CH1,POWER,3.30
1765627450326,CH1,POWER,3.30
1765627450330,CH1,POWER,3.30
1765627450336,CH1,POWER,3.30
1765627450340,CH1,POWER,3.30
1765627450346,CH1,POWER,3.30
1765627450352,CH1,POWER,3.30
1765627450356,CH1,POWER,3.30
1765627450362,CH1,POWER,3.30
1765627450366,CH1,POWER,3.30
1765627450370,CH1,POWER,3.30
1765627450375,CH1,POWER,3.30
1765627450382,CH1,POWER,3.30
1765627450386,CH1,POWER,3.30
1765627450392,CH1,POWER,3.30
1765627450396,CH1,POWER,3.30
1765627450402,CH1,POWER,3.30
1765627450406,CH1,POWER,3.30
1765627450410,CH1,POWER,3.30
1765627450416,CH1,POWER,3.30
1765627450422,CH1,POWER,3.30
1765627450426,CH1,POWER,3.30
1765627450432,CH1,POWER,3.30
1765627450436,CH1,POWER,3.30
1765627450440,CH1,POWER,3.30
1765627450446,CH1,POWER,3.30
1765627450450,CH1,POWER,3.30
1765627450456,CH1,POWER,3.30
1765627450460,CH1,POWER,3.30
1765627450466,CH1,POWER,3.30
1765627450470,CH1,POWER,3.30
1765627450475,CH1,POWER,3.30
1765627450482,CH1,POWER,3.30
1765627450486,CH1,POWER,3.30
1765627450492,CH1,POWER,3.30
1765627450496,CH1,POWER,3.30
1765627450500,CH1,POWER,3.30
1765627450505,CH1,POWER,3.30
1765627450512,CH1,POWER,3.30
1765627450516,CH1,POWER,3.30
1765627450522,CH1,POWER,3.30
1765627450524,CH1,POWER,3.20
1765627450527,CH1,POWER,3.20
1765627450529,CH1,POWER,3.20
1765627450555,CH1,POWER,3.20
1765627450560,CH1,POWER,3.20
1765627450565,CH1,POWER,3.20
1765627450569,CH1,POWER,3.20
1765627450574,CH1,POWER,3.20
1765627450578,CH1,POWER,3.20
1765627450582,CH1,POWER,3.20
1765627450588,CH1,POWER,3.20
1765627450594,CH1,POWER,3.20
1765627450598,CH1,POWER,3.20
1765627450604,CH1,POWER,3.20
1765627450608,CH1,POWER,3.20
1765627450612,CH1,POWER,3.20
1765627450617,CH1,POWER,3.20
1765627450624,CH1,POWER,3.20
1765627450628,CH1,POWER,3.20
1765627450634,CH1,POWER,3.20
1765627450638,CH1,POWER,3.20
1765627450642,CH1,POWER,3.20
1765627450648,CH1,POWER,3.20
1765627450654,CH1,POWER,3.20
1765627450658,CH1,POWER,3.20
1765627450662,CH1,POWER,3.20
1765627450668,CH1,POWER,3.20
1765627450676,CH1,POWER,3.20
1765627450681,CH1,POWER,3.20
1765627450688,CH1,POWER,3.20
1765627450692,CH1,POWER,3.20
1765627450697,CH1,POWER,3.20
1765627450701,CH1,POWER,3.20
1765627450705,CH1,POWER,3.20
1765627450710,CH1,POWER,3.20
1765627450716,CH1,POWER,3.20
1765627450721,CH1,POWER,3.20
1765627450728,CH1,POWER,3.20
1765627450732,CH1,POWER,3.20
1765627450737,CH1,POWER,3.20
1765627450742,CH1,POWER,3.20
1765627450747,CH1,POWER,3.20
1765627450754,CH1,POWER,3.20
1765627450758,CH1,POWER,3.20
1765627450764,CH1,POWER,3.20
1765627450768,CH1,POWER,3.20
1765627450772,CH1,POWER,3.20
1765627450778,CH1,POWER,3.20
1765627450782,CH1,POWER,3.20
1765627450787,CH1,POWER,3.20
1765627450791,CH1,POWER,3.20
1765627450795,CH1,POWER,3.20
1765627450800,CH1,POWER,3.20
1765627450806,CH1,POWER,3.20
1765627450810,CH1,POWER,3.20
1765627450815,CH1,POWER,3.20
1765627450819,CH1,POWER,3.20
1765627450824,CH1,POWER,3.20
1765627450828,CH1,POWER,3.20
1765627450832,CH1,POWER,3.20
1765627450838,CH1,POWER,3.20
1765627450844,CH1,POWER,3.20
1765627450848,CH1,POWER,3.20
1765627450854,CH1,POWER,3.20
1765627450858,CH1,POWER,3.20
1765627450862,CH1,POWER,3.20
1765627450868,CH1,POWER,3.20
1765627450874,CH1,POWER,3.20
1765627450878,CH1,POWER,3.20
1765627450882,CH1,POWER,3.20
1765627450888,CH1,POWER,3.20
1765627450894,CH1,POWER,3.20
1765627450898,CH1,POWER,3.20
1765627450904,CH1,POWER,3.20
1765627450908,CH1,POWER,3.20
1765627450912,CH1,POWER,3.20
1765627450917,CH1,POWER,3.20
1765627450924,CH1,POWER,3.20
1765627450928,CH1,POWER,2.55
1765627450930,CH1,POWER,2.55
1765627450933,CH1,POWER,2.55
1765627450960,CH1,POWER,2.55
1765627450966,CH1,POWER,2.55
1765627450970,CH1,POWER,2.55
1765627450976,CH1,POWER,2.55
1765627450980,CH1,POWER,2.55
1765627450984,CH1,POWER,2.55
1765627450990,CH1,POWER,2.55
1765627450996,CH1,POWER,2.55
1765627451000,CH1,POWER,2.55
1765627451004,CH1,POWER,2.55
1765627451010,CH1,POWER,2.55
1765627451016,CH1,POWER,2.55
1765627451020,CH1,POWER,2.55
1765627451024,CH1,POWER,2.55
1765627451029,CH1,POWER,2.55
1765627451033,CH1,POWER,2.55
1765627451037,CH1,POWER,2.55
1765627451041,CH1,POWER,2.55
1765627451048,CH1,POWER,2.55
1765627451052,CH1,POWER,2.55
1765627451057,CH1,POWER,2.55
1765627451062,CH1,POWER,2.55
1765627451068,CH1,POWER,2.55
1765627451072,CH1,POWER,2.55
1765627451078,CH1,POWER,2.55
1765627451082,CH1,POWER,2.55
1765627451087,CH1,POWER,2.55
1765627451091,CH1,POWER,2.55
1765627451098,CH1,POWER,2.55
1765627451103,CH1,POWER,2.55
1765627451110,CH1,POWER,2.55
1765627451114,CH1,POWER,2.55
1765627451120,CH1,POWER,2.55
1765627451126,CH1,POWER,2.55
1765627451130,CH1,POWER,2.55
1765627451136,CH1,POWER,2.55
1765627451140,CH1,POWER,2.55
1765627451144,CH1,POWER,2.55
1765627451150,CH1,POWER,2.55
1765627451156,CH1,POWER,2.55
1765627451160,CH1,POWER,2.55
1765627451164,CH1,POWER,2.55
1765627451170,CH1,POWER,2.55
1765627451176,CH1,POWER,2.55
1765627451180,CH1,POWER,2.55
1765627451186,CH1,POWER,2.55
1765627451190,CH1,POWER,2.55
1765627451194,CH1,POWER,2.55
1765627451200,CH1,POWER,2.55
1765627451206,CH1,POWER,2.55
1765627451210,CH1,POWER,2.55
1765627451214,CH1,POWER,2.55
1765627451220,CH1,POWER,2.55
1765627451226,CH1,POWER,2.55
1765627451230,CH1,POWER,2.55
1765627451236,CH1,POWER,2.55
1765627451240,CH1,POWER,2.55
1765627451244,CH1,POWER,2.55
1765627451250,CH1,POWER,2.55
1765627451256,CH1,POWER,2.55
1765627451260,CH1,POWER,2.55
1765627451264,CH1,POWER,2.55
1765627451269,CH1,POWER,2.55
1765627451274,CH1,POWER,2.55
1765627451280,CH1,POWER,2.55
1765627451284,CH1,POWER,2.55
1765627451289,CH1,POWER,2.55
1765627451293,CH1,POWER,2.55
1765627451300,CH1,POWER,2.55
1765627451304,CH1,POWER,2.55
1765627451310,CH1,POWER,2.55
1765627451316,CH1,POWER,2.55
1765627451320,CH1,POWER,2.55
1765627451323,CH1,POWER,3.05
1765627451325,CH1,POWER,3.05
1765627451351,CH1,POWER,3.05
1765627451356,CH1,POWER,3.05
1765627451361,CH1,POWER,3.05
1765627451365,CH1,POWER,3.05
1765627451369,CH1,POWER,3.05
1765627451373,CH1,POWER,3.05
1765627451380,CH1,POWER,3.05
1765627451385,CH1,POWER,3.05
1765627451392,CH1,POWER,3.05
1765627451396,CH1,POWER,3.05
1765627451401,CH1,POWER,3.05
1765627451405,CH1,POWER,3.05
1765627451412,CH1,POWER,3.05
1765627451418,CH1,POWER,3.05
1765627451422,CH1,POWER,3.05
1765627451428,CH1,POWER,3.05
1765627451432,CH1,POWER,3.05
1765627451436,CH1,POWER,3.05
1765627451442,CH1,POWER,3.05
1765627451448,CH1,POWER,3.05
1765627451452,CH1,POWER,3.05
1765627451456,CH1,POWER,3.05
1765627451462,CH1,POWER,3.05
1765627451468,CH1,POWER,3.05
1765627451472,CH1,POWER,3.05
1765627451478,CH1,POWER,3.05
1765627451482,CH1,POWER,3.05
1765627451486,CH1,POWER,3.05
1765627451492,CH1,POWER,3.05
1765627451496,CH1,POWER,3.05
1765627451502,CH1,POWER,3.05
1765627451506,CH1,POWER,3.05
1765627451511,CH1,POWER,3.05
1765627451516,CH1,POWER,3.05
1765627451521,CH1,POWER,3.05
1765627451525,CH1,POWER,3.05
1765627451532,CH1,POWER,3.05
1765627451536,CH1,POWER,3.05
1765627451541,CH1,POWER,3.05
1765627451545,CH1,POWER,3.05
1765627451549,CH1,POWER,3.05
1765627451553,CH1,POWER,3.05
1765627451558,CH1,POWER,3.05
1765627451562,CH1,POWER,3.05
1765627451566,CH1,POWER,3.05
1765627451571,CH1,POWER,3.05
1765627451576,CH1,POWER,3.05
1765627451581,CH1,POWER,3.05
1765627451585,CH1,POWER,3.05
1765627451589,CH1,POWER,3.05
1765627451593,CH1,POWER,3.05
1765627451600,CH1,POWER,3.05
1765627451605,CH1,POWER,3.05
1765627451612,CH1,POWER,3.05
1765627451616,CH1,POWER,3.05
1765627451622,CH1,POWER,3.05
1765627451626,CH1,POWER,3.05
1765627451632,CH1,POWER,3.05
1765627451638,CH1,POWER,3.05
1765627451642,CH1,POWER,3.05
1765627451648,CH1,POWER,3.05
1765627451652,CH1,POWER,3.05
1765627451656,CH1,POWER,3.05
1765627451662,CH1,POWER,3.05
1765627451668,CH1,POWER,3.05
1765627451672,CH1,POWER,3.05
1765627451678,CH1,POWER,3.05
1765627451682,CH1,POWER,3.05
1765627451686,CH1,POWER,3.05
1765627451692,CH1,POWER,3.05
1765627451698,CH1,POWER,3.05
1765627451702,CH1,POWER,3.05
1765627451706,CH1,POWER,3.05
1765627451712,CH1,POWER,3.05
1765627451716,CH1,POWER,3.25
1765627451743,CH1,POWER,3.25
1765627451748,CH1,POWER,3.25
1765627451753,CH1,POWER,3.25
1765627451757,CH1,POWER,3.25
1765627451761,CH1,POWER,3.25
1765627451765,CH1,POWER,3.25
1765627451770,CH1,POWER,3.25
1765627451774,CH1,POWER,3.25
1765627451780,CH1,POWER,3.25
1765627451784,CH1,POWER,3.25
1765627451788,CH1,POWER,3.25
1765627451793,CH1,POWER,3.25
1765627451797,CH1,POWER,3.25
1765627451801,CH1,POWER,3.25
1765627451805,CH1,POWER,3.25
1765627451810,CH1,POWER,3.25
1765627451814,CH1,POWER,3.25
1765627451820,CH1,POWER,3.25
1765627451824,CH1,POWER,3.25
1765627451828,CH1,POWER,3.25
1765627451834,CH1,POWER,3.25
1765627451838,CH1,POWER,3.25
1765627451843,CH1,POWER,3.25
1765627451847,CH1,POWER,3.25
1765627451854,CH1,POWER,3.25
1765627451860,CH1,POWER,3.25
1765627451864,CH1,POWER,3.25
1765627451868,CH1,POWER,3.25
1765627451873,CH1,POWER,3.25
1765627451878,CH1,POWER,3.25
1765627451884,CH1,POWER,3.25
1765627451888,CH1,POWER,3.25
1765627451893,CH1,POWER,3.25
1765627451897,CH1,POWER,3.25
1765627451904,CH1,POWER,3.25
1765627451910,CH1,POWER,3.25
1765627451914,CH1,POWER,3.25
1765627451920,CH1,POWER,3.25
1765627451924,CH1,POWER,3.25
1765627451928,CH1,POWER,3.25
1765627451934,CH1,POWER,3.25
1765627451938,CH1,POWER,3.25
1765627451943,CH1,POWER,3.25
1765627451947,CH1,POWER,3.25
1765627451951,CH1,POWER,3.25
1765627451956,CH1,POWER,3.25
1765627451962,CH1,POWER,3.25
1765627451967,CH1,POWER,3.25
1765627451974,CH1,POWER,3.25
1765627451978,CH1,POWER,3.25
1765627451984,CH1,POWER,3.25
1765627451988,CH1,POWER,3.25
1765627451993,CH1,POWER,3.25
1765627451998,CH1,POWER,3.25
1765627452004,CH1,POWER,3.25
1765627452008,CH1,POWER,3.25
1765627452013,CH1,POWER,3.25
1765627452017,CH1,POWER,3.25
1765627452021,CH1,POWER,3.25
1765627452026,CH1,POWER,3.25
1765627452032,CH1,POWER,3.25
1765627452038,CH1,POWER,3.25
1765627452044,CH1,POWER,3.25
1765627452048,CH1,POWER,3.25
1765627452054,CH1,POWER,3.25
1765627452060,CH1,POWER,3.25
1765627452064,CH1,POWER,3.25
1765627452070,CH1,POWER,3.25
1765627452074,CH1,POWER,3.25
1765627452078,CH1,POWER,3.25
1765627452084,CH1,POWER,3.25
1765627452090,CH1,POWER,3.25
1765627452094,CH1,POWER,3.25
1765627452098,CH1,POWER,3.25
1765627452104,CH1,POWER,3.25
1765627452110,CH1,POWER,3.25
1765627452112,CH1,POWER,3.25
1765627452115,CH1,POWER,3.25
1765627452117,CH1,POWER,3.25
1765627452143,CH1,POWER,3.25
1765627452148,CH1,POWER,3.25
1765627452153,CH1,POWER,3.25
1765627452157,CH1,POWER,3.25
1765627452162,CH1,POWER,3.25
1765627452166,CH1,POWER,3.25
1765627452170,CH1,POWER,3.25
1765627452176,CH1,POWER,3.25
1765627452182,CH1,POWER,3.25
1765627452186,CH1,POWER,3.25
1765627452190,CH1,POWER,3.25
1765627452196,CH1,POWER,3.25
1765627452202,CH1,POWER,3.25
1765627452206,CH1,POWER,3.25
1765627452210,CH1,POWER,3.25
1765627452215,CH1,POWER,3.25
1765627452220,CH1,POWER,3.25
1765627452226,CH1,POWER,3.25
1765627452230,CH1,POWER,3.25
1765627452235,CH1,POWER,3.25
1765627452239,CH1,POWER,3.25
1765627452246,CH1,POWER,3.25
1765627452252,CH1,POWER,3.25
1765627452256,CH1,POWER,3.25
1765627452262,CH1,POWER,3.25
1765627452266,CH1,POWER,3.25
1765627452272,CH1,POWER,3.25
1765627452276,CH1,POWER,3.25
1765627452282,CH1,POWER,3.25
1765627452286,CH1,POWER,3.25
1765627452290,CH1,POWER,3.25
1765627452295,CH1,POWER,3.25
1765627452299,CH1,POWER,3.25
1765627452306,CH1,POWER,3.25
1765627452312,CH1,POWER,3.25
1765627452316,CH1,POWER,3.25
1765627452320,CH1,POWER,3.25
1765627452326,CH1,POWER,3.25
1765627452332,CH1,POWER,3.25
1765627452336,CH1,POWER,3.25
1765627452342,CH1,POWER,3.25
1765627452346,CH1,POWER,3.25
1765627452352,CH1,POWER,3.25
1765627452356,CH1,POWER,3.25
1765627452362,CH1,POWER,3.25
1765627452366,CH1,POWER,3.25
1765627452374,CH1,POWER,3.25
1765627452379,CH1,POWER,3.25
1765627452386,CH1,POWER,3.25
1765627452390,CH1,POWER,3.25
1765627452395,CH1,POWER,3.25
1765627452399,CH1,POWER,3.25
1765627452403,CH1,POWER,3.25
1765627452408,CH1,POWER,3.25
1765627452414,CH1,POWER,3.25
1765627452419,CH1,POWER,3.25
1765627452426,CH1,POWER,3.25
1765627452434,CH1,POWER,3.25
1765627452439,CH1,POWER,3.25
1765627452446,CH1,POWER,3.25
1765627452451,CH1,POWER,3.25
1765627452456,CH1,POWER,3.25
1765627452460,CH1,POWER,3.25
1765627452466,CH1,POWER,3.25
1765627452472,CH1,POWER,3.25
1765627452476,CH1,POWER,3.25
1765627452480,CH1,POWER,3.25
1765627452485,CH1,POWER,3.25
1765627452490,CH1,POWER,3.25
1765627452496,CH1,POWER,3.25
1765627452502,CH1,POWER,3.25
1765627452506,CH1,POWER,3.25
1765627452510,CH1,POWER,3.25
1765627452537,CH1,POWER,3.65
1765627452542,CH1,POWER,3.65
1765627452547,CH1,POWER,3.65
1765627452551,CH1,POWER,3.65
1765627452558,CH1,POWER,3.65
1765627452564,CH1,POWER,3.65
1765627452568,CH1,POWER,3.65
1765627452576,CH1,POWER,3.65
1765627452580,CH1,POWER,3.65
1765627452586,CH1,POWER,3.65
1765627452592,CH1,POWER,3.65
1765627452597,CH1,POWER,3.65
1765627452602,CH1,POWER,3.65
1765627452608,CH1,POWER,3.65
1765627452614,CH1,POWER,3.65
1765627452618,CH1,POWER,3.65
1765627452626,CH1,POWER,3.65
1765627452631,CH1,POWER,3.65
1765627452638,CH1,POWER,3.65
1765627452644,CH1,POWER,3.65
1765627452648,CH1,POWER,3.65
1765627452656,CH1,POWER,3.65
1765627452662,CH1,POWER,3.65
1765627452667,CH1,POWER,3.65
1765627452671,CH1,POWER,3.65
1765627452678,CH1,POWER,3.65
1765627452682,CH1,POWER,3.65
1765627452687,CH1,POWER,3.65
1765627452691,CH1,POWER,3.65
1765627452697,CH1,POWER,3.65
1765627452702,CH1,POWER,3.65
1765627452708,CH1,POWER,3.65
1765627452716,CH1,POWER,3.65
1765627452721,CH1,POWER,3.65
1765627452728,CH1,POWER,3.65
1765627452732,CH1,POWER,3.65
1765627452737,CH1,POWER,3.65
1765627452741,CH1,POWER,3.65
1765627452745,CH1,POWER,3.65
1765627452751,CH1,POWER,3.65
1765627452755,CH1,POWER,3.65
1765627452760,CH1,POWER,3.65
1765627452768,CH1,POWER,3.65
1765627452772,CH1,POWER,3.65
1765627452777,CH1,POWER,3.65
1765627452781,CH1,POWER,3.65
1765627452785,CH1,POWER,3.65
1765627452790,CH1,POWER,3.65
1765627452796,CH1,POWER,3.65
1765627452800,CH1,POWER,3.65
1765627452805,CH1,POWER,3.65
1765627452809,CH1,POWER,3.65
1765627452816,CH1,POWER,3.65
1765627452821,CH1,POWER,3.65
1765627452827,CH1,POWER,3.65
1765627452832,CH1,POWER,3.65
1765627452838,CH1,POWER,3.65
1765627452844,CH1,POWER,3.65
1765627452848,CH1,POWER,3.65
1765627452852,CH1,POWER,3.65
1765627452858,CH1,POWER,3.65
1765627452862,CH1,POWER,3.65
1765627452867,CH1,POWER,3.65
1765627452871,CH1,POWER,3.65
1765627452875,CH1,POWER,3.65
1765627452880,CH1,POWER,3.65
1765627452886,CH1,POWER,3.65
1765627452891,CH1,POWER,3.65
1765627452917,CH1,POWER,3.30
1765627452922,CH1,POWER,3.30
1765627452927,CH1,POWER,3.30
1765627452931,CH1,POWER,3.30
1765627452936,CH1,POWER,3.30
1765627452940,CH1,POWER,3.30
1765627452948,CH1,POWER,3.30
1765627452953,CH1,POWER,3.30
1765627452960,CH1,POWER,3.30
1765627452964,CH1,POWER,3.30
1765627452970,CH1,POWER,3.30
1765627452974,CH1,POWER,3.30
1765627452980,CH1,POWER,3.30
1765627452986,CH1,POWER,3.30
1765627452990,CH1,POWER,3.30
1765627452996,CH1,POWER,3.30
1765627453000,CH1,POWER,3.30
1765627453004,CH1,POWER,3.30
1765627453009,CH1,POWER,3.30
1765627453013,CH1,POWER,3.30
1765627453017,CH1,POWER,3.30
1765627453021,CH1,POWER,3.30
1765627453026,CH1,POWER,3.30
1765627453030,CH1,POWER,3.30
1765627453034,CH1,POWER,3.30
1765627453040,CH1,POWER,3.30
1765627453046,CH1,POWER,3.30
1765627453050,CH1,POWER,3.30
1765627453056,CH1,POWER,3.30
1765627453060,CH1,POWER,3.30
1765627453064,CH1,POWER,3.30
1765627453069,CH1,POWER,3.30
1765627453074,CH1,POWER,3.30
1765627453079,CH1,POWER,3.30
1765627453083,CH1,POWER,3.30
1765627453090,CH1,POWER,3.30
1765627453096,CH1,POWER,3.30
1765627453100,CH1,POWER,3.30
1765627453108,CH1,POWER,3.30
1765627453112,CH1,POWER,3.30
1765627453117,CH1,POWER,3.30
1765627453121,CH1,POWER,3.30
1765627453128,CH1,POWER,3.30
1765627453133,CH1,POWER,3.30
1765627453139,CH1,POWER,3.30
1765627453144,CH1,POWER,3.30
1765627453150,CH1,POWER,3.30
1765627453156,CH1,POWER,3.30
1765627453160,CH1,POWER,3.30
1765627453164,CH1,POWER,3.30
1765627453170,CH1,POWER,3.30
1765627453174,CH1,POWER,3.30
1765627453180,CH1,POWER,3.30
1765627453186,CH1,POWER,3.30
1765627453190,CH1,POWER,3.30
1765627453196,CH1,POWER,3.30
1765627453200,CH1,POWER,3.30
1765627453206,CH1,POWER,3.30
1765627453210,CH1,POWER,3.30
1765627453218,CH1,POWER,3.30
1765627453223,CH1,POWER,3.30
1765627453227,CH1,POWER,3.30
1765627453231,CH1,POWER,3.30
1765627453236,CH1,POWER,3.30
1765627453240,CH1,POWER,3.30
1765627453248,CH1,POWER,3.30
1765627453253,CH1,POWER,3.30
1765627453260,CH1,POWER,3.30
1765627453268,CH1,POWER,3.30
1765627453273,CH1,POWER,3.30
1765627453277,CH1,POWER,3.30
1765627453282,CH1,POWER,3.30
1765627453284,CH1,POWER,3.25
1765627453311,CH1,POWER,3.25
1765627453316,CH1,POWER,3.25
1765627453322,CH1,POWER,3.25
1765627453326,CH1,POWER,3.25
1765627453332,CH1,POWER,3.25
1765627453338,CH1,POWER,3.25
1765627453342,CH1,POWER,3.25
1765627453350,CH1,POWER,3.25
1765627453354,CH1,POWER,3.25
1765627453359,CH1,POWER,3.25
1765627453363,CH1,POWER,3.25
1765627453369,CH1,POWER,3.25
1765627453374,CH1,POWER,3.25
1765627453380,CH1,POWER,3.25
1765627453385,CH1,POWER,3.25
1765627453392,CH1,POWER,3.25
1765627453396,CH1,POWER,3.25
1765627453402,CH1,POWER,3.25
1765627453408,CH1,POWER,3.25
1765627453412,CH1,POWER,3.25
1765627453420,CH1,POWER,3.25
1765627453424,CH1,POWER,3.25
1765627453429,CH1,POWER,3.25
1765627453433,CH1,POWER,3.25
1765627453440,CH1,POWER,3.25
1765627453445,CH1,POWER,3.25
1765627453449,CH1,POWER,3.25
1765627453454,CH1,POWER,3.25
1765627453460,CH1,POWER,3.25
1765627453464,CH1,POWER,3.25
1765627453472,CH1,POWER,3.25
1765627453478,CH1,POWER,3.25
1765627453482,CH1,POWER,3.25
1765627453486,CH1,POWER,3.25
1765627453492,CH1,POWER,3.25
1765627453498,CH1,POWER,3.25
1765627453502,CH1,POWER,3.25
1765627453507,CH1,POWER,3.25
1765627453512,CH1,POWER,3.25
1765627453518,CH1,POWER,3.25
1765627453522,CH1,POWER,3.25
1765627453528,CH1,POWER,3.25
1765627453532,CH1,POWER,3.25
1765627453540,CH1,POWER,3.25
1765627453544,CH1,POWER,3.25
1765627453552,CH1,POWER,3.25
1765627453560,CH1,POWER,3.25
1765627453565,CH1,POWER,3.25
1765627453569,CH1,POWER,3.25
1765627453574,CH1,POWER,3.25
1765627453580,CH1,POWER,3.25
1765627453585,CH1,POWER,3.25
1765627453589,CH1,POWER,3.25
1765627453595,CH1,POWER,3.25
1765627453601,CH1,POWER,3.25
1765627453606,CH1,POWER,3.25
1765627453612,CH1,POWER,3.25
1765627453617,CH1,POWER,3.25
1765627453622,CH1,POWER,3.25
1765627453626,CH1,POWER,3.25
1765627453631,CH1,POWER,3.25
1765627453638,CH1,POWER,3.25
1765627453642,CH1,POWER,3.25
1765627453646,CH1,POWER,3.25
1765627453651,CH1,POWER,3.25
1765627453655,CH1,POWER,3.25
1765627453661,CH1,POWER,3.25
1765627453665,CH1,POWER,3.25
1765627453671,CH1,POWER,3.25
1765627453675,CH1,POWER,3.25
1765627453701,CH1,POWER,3.25
1765627453706,CH1,POWER,3.25
1765627453711,CH1,POWER,3.25
1765627453715,CH1,POWER,3.25
1765627453720,CH1,POWER,3.25
1765627453724,CH1,POWER,3.25
1765627453732,CH1,POWER,3.25
1765627453737,CH1,POWER,3.25
1765627453744,CH1,POWER,3.25
1765627453752,CH1,POWER,3.25
1765627453757,CH1,POWER,3.25
1765627453761,CH1,POWER,3.25
1765627453766,CH1,POWER,3.25
1765627453772,CH1,POWER,3.25
1765627453777,CH1,POWER,3.25
1765627453784,CH1,POWER,3.25
1765627453792,CH1,POWER,3.25
1765627453797,CH1,POWER,3.25
1765627453804,CH1,POWER,3.25
1765627453810,CH1,POWER,3.25
1765627453814,CH1,POWER,3.25
1765627453820,CH1,POWER,3.25
1765627453824,CH1,POWER,3.25
1765627453828,CH1,POWER,3.25
1765627453834,CH1,POWER,3.25
1765627453842,CH1,POWER,3.25
1765627453847,CH1,POWER,3.25
1765627453853,CH1,POWER,3.25
1765627453858,CH1,POWER,3.25
1765627453864,CH1,POWER,3.25
1765627453870,CH1,POWER,3.25
1765627453874,CH1,POWER,3.25
1765627453878,CH1,POWER,3.25
1765627453884,CH1,POWER,3.25
1765627453888,CH1,POWER,3.25
1765627453893,CH1,POWER,3.25
1765627453897,CH1,POWER,3.25
1765627453901,CH1,POWER,3.25
1765627453906,CH1,POWER,3.25
1765627453911,CH1,POWER,3.25
1765627453917,CH1,POWER,3.25
1765627453924,CH1,POWER,3.25
1765627453928,CH1,POWER,3.25
1765627453934,CH1,POWER,3.25
1765627453942,CH1,POWER,3.25
1765627453947,CH1,POWER,3.25
1765627453951,CH1,POWER,3.25
1765627453955,CH1,POWER,3.25
1765627453961,CH1,POWER,3.25
1765627453966,CH1,POWER,3.25
1765627453972,CH1,POWER,3.25
1765627453977,CH1,POWER,3.25
1765627453981,CH1,POWER,3.25
1765627453986,CH1,POWER,3.25
1765627453992,CH1,POWER,3.25
1765627453997,CH1,POWER,3.25
1765627454004,CH1,POWER,3.25
1765627454012,CH1,POWER,3.25
1765627454017,CH1,POWER,3.25
1765627454021,CH1,POWER,3.25
1765627454026,CH1,POWER,3.25
1765627454034,CH1,POWER,3.25
1765627454040,CH1,POWER,3.25
1765627454044,CH1,POWER,3.25
1765627454049,CH1,POWER,3.25
1765627454054,CH1,POWER,3.25
1765627454058,CH1,POWER,3.25
1765627454063,CH1,POWER,3.25
1765627454065,CH1,POWER,3.25
1765627454068,CH1,POWER,3.25
1765627454095,CH1,POWER,3.25
1765627454100,CH1,POWER,3.25
1765627454105,CH1,POWER,3.25
1765627454109,CH1,POWER,3.25
1765627454113,CH1,POWER,3.25
1765627454118,CH1,POWER,3.25
1765627454124,CH1,POWER,3.25
1765627454129,CH1,POWER,3.25
1765627454136,CH1,POWER,3.25
1765627454144,CH1,POWER,3.25
1765627454149,CH1,POWER,3.25
1765627454153,CH1,POWER,3.25
1765627454158,CH1,POWER,3.25
1765627454164,CH1,POWER,3.25
1765627454168,CH1,POWER,3.25
1765627454176,CH1,POWER,3.25
1765627454184,CH1,POWER,3.25
1765627454189,CH1,POWER,3.25
1765627454193,CH1,POWER,3.25
1765627454198,CH1,POWER,3.25
1765627454203,CH1,POWER,3.25
1765627454209,CH1,POWER,3.25
1765627454216,CH1,POWER,3.25
1765627454222,CH1,POWER,3.25
1765627454226,CH1,POWER,3.25
1765627454232,CH1,POWER,3.25
1765627454236,CH1,POWER,3.25
1765627454241,CH1,POWER,3.25
1765627454246,CH1,POWER,3.25
1765627454252,CH1,POWER,3.25
1765627454256,CH1,POWER,3.25
1765627454264,CH1,POWER,3.25
1765627454270,CH1,POWER,3.25
1765627454275,CH1,POWER,3.25
1765627454279,CH1,POWER,3.25
1765627454286,CH1,POWER,3.25
1765627454292,CH1,POWER,3.25
1765627454296,CH1,POWER,3.25
1765627454302,CH1,POWER,3.25
1765627454306,CH1,POWER,3.25
1765627454314,CH1,POWER,3.25
1765627454318,CH1,POWER,3.25
1765627454323,CH1,POWER,3.25
1765627454328,CH1,POWER,3.25
1765627454333,CH1,POWER,3.25
1765627454338,CH1,POWER,3.25
1765627454344,CH1,POWER,3.25
1765627454349,CH1,POWER,3.25
1765627454355,CH1,POWER,3.25
1765627454360,CH1,POWER,3.25
1765627454365,CH1,POWER,3.25
1765627454369,CH1,POWER,3.25
1765627454375,CH1,POWER,3.25
1765627454380,CH1,POWER,3.25
1765627454386,CH1,POWER,3.25
1765627454392,CH1,POWER,3.25
1765627454396,CH1,POWER,3.25
1765627454401,CH1,POWER,3.25
1765627454406,CH1,POWER,3.25
1765627454410,CH1,POWER,3.25
1765627454416,CH1,POWER,3.25
1765627454424,CH1,POWER,3.25
1765627454429,CH1,POWER,3.25
1765627454436,CH1,POWER,3.25
1765627454444,CH1,POWER,3.25
1765627454449,CH1,POWER,3.25
1765627454453,CH1,POWER,3.25
1765627454456,CH1,POWER,3.25
1765627454458,CH1,POWER,3.25
1765627454461,CH1,POWER,3.25
1765627454488,CH1,POWER,3.25
1765627454494,CH1,POWER,3.25
1765627454498,CH1,POWER,3.25
1765627454506,CH1,POWER,3.25
1765627454511,CH1,POWER,3.25
1765627454518,CH1,POWER,3.25
1765627454524,CH1,POWER,3.25
1765627454528,CH1,POWER,3.25
1765627454536,CH1,POWER,3.25
1765627454541,CH1,POWER,3.25
1765627454548,CH1,POWER,3.25
1765627454554,CH1,POWER,3.25
1765627454558,CH1,POWER,3.25
1765627454563,CH1,POWER,3.25
1765627454568,CH1,POWER,3.25
1765627454573,CH1,POWER,3.25
1765627454578,CH1,POWER,3.25
1765627454582,CH1,POWER,3.25
1765627454588,CH1,POWER,3.25
1765627454593,CH1,POWER,3.25
1765627454598,CH1,POWER,3.25
1765627454603,CH1,POWER,3.25
1765627454608,CH1,POWER,3.25
1765627454614,CH1,POWER,3.25
1765627454618,CH1,POWER,3.25
1765627454623,CH1,POWER,3.25
1765627454628,CH1,POWER,3.25
1765627454633,CH1,POWER,3.25
1765627454638,CH1,POWER,3.25
1765627454642,CH1,POWER,3.25
1765627454647,CH1,POWER,3.25
1765627454652,CH1,POWER,3.25
1765627454657,CH1,POWER,3.25
1765627454661,CH1,POWER,3.25
1765627454668,CH1,POWER,3.25
1765627454674,CH1,POWER,3.25
1765627454678,CH1,POWER,3.25
1765627454686,CH1,POWER,3.25
1765627454691,CH1,POWER,3.25
1765627454698,CH1,POWER,3.25
1765627454703,CH1,POWER,3.25
1765627454708,CH1,POWER,3.25
1765627454713,CH1,POWER,3.25
1765627454718,CH1,POWER,3.25
1765627454723,CH1,POWER,3.25
1765627454728,CH1,POWER,3.25
1765627454736,CH1,POWER,3.25
1765627454741,CH1,POWER,3.25
1765627454748,CH1,POWER,3.25
1765627454756,CH1,POWER,3.25
1765627454761,CH1,POWER,3.25
1765627454768,CH1,POWER,3.25
1765627454773,CH1,POWER,3.25
1765627454778,CH1,POWER,3.25
1765627454783,CH1,POWER,3.25
1765627454788,CH1,POWER,3.25
1765627454794,CH1,POWER,3.25
1765627454798,CH1,POWER,3.25
1765627454803,CH1,POWER,3.25
1765627454808,CH1,POWER,3.25
1765627454813,CH1,POWER,3.25
1765627454818,CH1,POWER,3.25
1765627454822,CH1,POWER,3.25
1765627454827,CH1,POWER,3.25
1765627454831,CH1,POWER,3.25
1765627454837,CH1,POWER,3.25
1765627454842,CH1,POWER,3.25
1765627454848,CH1,POWER,3.25
1765627454850,CH1,POWER,3.60
1765627454853,CH1,POWER,3.60
1765627454880,CH1,POWER,3.60
1765627454886,CH1,POWER,3.60
1765627454890,CH1,POWER,3.60
1765627454895,CH1,POWER,3.60
1765627454900,CH1,POWER,3.60
1765627454905,CH1,POWER,3.60
1765627454910,CH1,POWER,3.60
1765627454916,CH1,POWER,3.60
1765627454920,CH1,POWER,3.60
1765627454928,CH1,POWER,3.60
1765627454933,CH1,POWER,3.60
1765627454939,CH1,POWER,3.60
1765627454944,CH1,POWER,3.60
1765627454950,CH1,POWER,3.60
1765627454958,CH1,POWER,3.60
1765627454963,CH1,POWER,3.60
1765627454969,CH1,POWER,3.60
1765627454974,CH1,POWER,3.60
1765627454980,CH1,POWER,3.60
1765627454985,CH1,POWER,3.60
1765627454990,CH1,POWER,3.60
1765627454996,CH1,POWER,3.60
1765627455000,CH1,POWER,3.60
1765627455006,CH1,POWER,3.60
1765627455010,CH1,POWER,3.60
1765627455015,CH1,POWER,3.60
1765627455020,CH1,POWER,3.60
1765627455024,CH1,POWER,3.60
1765627455029,CH1,POWER,3.60
1765627455034,CH1,POWER,3.60
1765627455039,CH1,POWER,3.60
1765627455043,CH1,POWER,3.60
1765627455050,CH1,POWER,3.60
1765627455054,CH1,POWER,3.60
1765627455059,CH1,POWER,3.60
1765627455063,CH1,POWER,3.60
1765627455070,CH1,POWER,3.60
1765627455074,CH1,POWER,3.60
1765627455079,CH1,POWER,3.60
1765627455084,CH1,POWER,3.60
1765627455090,CH1,POWER,3.60
1765627455096,CH1,POWER,3.60
1765627455100,CH1,POWER,3.60
1765627455108,CH1,POWER,3.60
1765627455113,CH1,POWER,3.60
1765627455120,CH1,POWER,3.60
1765627455126,CH1,POWER,3.60
1765627455130,CH1,POWER,3.60
1765627455135,CH1,POWER,3.60
1765627455140,CH1,POWER,3.60
1765627455145,CH1,POWER,3.60
1765627455150,CH1,POWER,3.60
1765627455155,CH1,POWER,3.60
1765627455160,CH1,POWER,3.60
1765627455165,CH1,POWER,3.60
1765627455170,CH1,POWER,3.60
1765627455174,CH1,POWER,3.60
1765627455180,CH1,POWER,3.60
1765627455185,CH1,POWER,3.60
1765627455190,CH1,POWER,3.60
1765627455195,CH1,POWER,3.60
1765627455200,CH1,POWER,3.60
1765627455205,CH1,POWER,3.60
1765627455210,CH1,POWER,3.60
1765627455215,CH1,POWER,3.60
1765627455220,CH1,POWER,3.60
1765627455225,CH1,POWER,3.60
1765627455230,CH1,POWER,3.60
1765627455238,CH1,POWER,3.60
1765627455243,CH1,POWER,3.60
1765627455269,CH1,POWER,3.25
1765627455274,CH1,POWER,3.25
1765627455279,CH1,POWER,3.25
1765627455284,CH1,POWER,3.25
1765627455290,CH1,POWER,3.25
1765627455295,CH1,POWER,3.25
1765627455299,CH1,POWER,3.25
1765627455304,CH1,POWER,3.25
1765627455310,CH1,POWER,3.25
1765627455315,CH1,POWER,3.25
1765627455319,CH1,POWER,3.25
1765627455324,CH1,POWER,3.25
1765627455332,CH1,POWER,3.25
1765627455337,CH1,POWER,3.25
1765627455342,CH1,POWER,3.25
1765627455346,CH1,POWER,3.25
1765627455352,CH1,POWER,3.25
1765627455358,CH1,POWER,3.25
1765627455362,CH1,POWER,3.25
1765627455366,CH1,POWER,3.25
1765627455371,CH1,POWER,3.25
1765627455376,CH1,POWER,3.25
1765627455382,CH1,POWER,3.25
1765627455386,CH1,POWER,3.25
1765627455392,CH1,POWER,3.25
1765627455397,CH1,POWER,3.25
1765627455402,CH1,POWER,3.25
1765627455406,CH1,POWER,3.25
1765627455412,CH1,POWER,3.25
1765627455417,CH1,POWER,3.25
1765627455422,CH1,POWER,3.25
1765627455427,CH1,POWER,3.25
1765627455432,CH1,POWER,3.25
1765627455436,CH1,POWER,3.25
1765627455441,CH1,POWER,3.25
1765627455446,CH1,POWER,3.25
1765627455451,CH1,POWER,3.25
1765627455456,CH1,POWER,3.25
1765627455461,CH1,POWER,3.25
1765627455467,CH1,POWER,3.25
1765627455472,CH1,POWER,3.25
1765627455476,CH1,POWER,3.25
1765627455481,CH1,POWER,3.25
1765627455486,CH1,POWER,3.25
1765627455492,CH1,POWER,3.25
1765627455497,CH1,POWER,3.25
1765627455502,CH1,POWER,3.25
1765627455507,CH1,POWER,3.25
1765627455512,CH1,POWER,3.25
1765627455517,CH1,POWER,3.25
1765627455522,CH1,POWER,3.25
1765627455526,CH1,POWER,3.25
1765627455531,CH1,POWER,3.25
1765627455536,CH1,POWER,3.25
1765627455542,CH1,POWER,3.25
1765627455546,CH1,POWER,3.25
1765627455551,CH1,POWER,3.25
1765627455555,CH1,POWER,3.25
1765627455562,CH1,POWER,3.25
1765627455567,CH1,POWER,3.25
1765627455572,CH1,POWER,3.25
1765627455577,CH1,POWER,3.25
1765627455582,CH1,POWER,3.25
1765627455586,CH1,POWER,3.25
1765627455591,CH1,POWER,3.25
1765627455596,CH1,POWER,3.25
1765627455601,CH1,POWER,3.25
1765627455606,CH1,POWER,3.25
1765627455611,CH1,POWER,3.25
1765627455616,CH1,POWER,3.25
1765627455622,CH1,POWER,3.25
1765627455626,CH1,POWER,3.25
1765627455630,CH1,POWER,3.25
1765627455633,CH1,POWER,3.25
1765627455636,CH1,POWER,3.25
1765627455663,CH1,POWER,3.25
1765627455667,CH1,POWER,3.25
1765627455674,CH1,POWER,3.25
1765627455682,CH1,POWER,3.25
1765627455687,CH1,POWER,3.25
1765627455694,CH1,POWER,3.25
1765627455699,CH1,POWER,3.25
1765627455704,CH1,POWER,3.25
1765627455709,CH1,POWER,3.25
1765627455714,CH1,POWER,3.25
1765627455719,CH1,POWER,3.25
1765627455724,CH1,POWER,3.25
1765627455729,CH1,POWER,3.25
1765627455734,CH1,POWER,3.25
1765627455739,CH1,POWER,3.25
1765627455744,CH1,POWER,3.25
1765627455749,CH1,POWER,3.25
1765627455754,CH1,POWER,3.25
1765627455759,CH1,POWER,3.25
1765627455764,CH1,POWER,3.25
1765627455772,CH1,POWER,3.25
1765627455776,CH1,POWER,3.25
1765627455781,CH1,POWER,3.25
1765627455785,CH1,POWER,3.25
1765627455792,CH1,POWER,3.25
1765627455796,CH1,POWER,3.25
1765627455802,CH1,POWER,3.25
1765627455807,CH1,POWER,3.25
1765627455811,CH1,POWER,3.25
1765627455817,CH1,POWER,3.25
1765627455824,CH1,POWER,3.25
1765627455829,CH1,POWER,3.25
1765627455834,CH1,POWER,3.25
1765627455838,CH1,POWER,3.25
1765627455844,CH1,POWER,3.25
1765627455849,CH1,POWER,3.25
1765627455854,CH1,POWER,3.25
1765627455858,CH1,POWER,3.25
1765627455864,CH1,POWER,3.25
1765627455869,CH1,POWER,3.25
1765627455874,CH1,POWER,3.25
1765627455878,CH1,POWER,3.25
1765627455884,CH1,POWER,3.25
1765627455888,CH1,POWER,3.25
1765627455893,CH1,POWER,3.25
1765627455898,CH1,POWER,3.25
1765627455904,CH1,POWER,3.25
1765627455909,CH1,POWER,3.25
1765627455914,CH1,POWER,3.25
1765627455919,CH1,POWER,3.25
1765627455924,CH1,POWER,3.25
1765627455929,CH1,POWER,3.25
1765627455934,CH1,POWER,3.25
1765627455942,CH1,POWER,3.25
1765627455947,CH1,POWER,3.25
1765627455953,CH1,POWER,3.25
1765627455959,CH1,POWER,3.25
1765627455964,CH1,POWER,3.25
1765627455969,CH1,POWER,3.25
1765627455974,CH1,POWER,3.25
1765627455978,CH1,POWER,3.25
1765627455984,CH1,POWER,3.25
1765627455988,CH1,POWER,3.25
1765627455993,CH1,POWER,3.25
1765627455997,CH1,POWER,3.25
1765627456003,CH1,POWER,3.25
1765627456008,CH1,POWER,3.25
1765627456013,CH1,POWER,3.25
1765627456018,CH1,POWER,3.25
1765627456024,CH1,POWER,3.25
1765627456053,CH1,POWER,3.25
1765627456058,CH1,POWER,3.25
1765627456063,CH1,POWER,3.25
1765627456068,CH1,POWER,3.25
1765627456073,CH1,POWER,3.25
1765627456078,CH1,POWER,3.25
1765627456084,CH1,POWER,3.25
1765627456089,CH1,POWER,3.25
1765627456096,CH1,POWER,3.25
1765627456101,CH1,POWER,3.25
1765627456106,CH1,POWER,3.25
1765627456110,CH1,POWER,3.25
1765627456115,CH1,POWER,3.25
1765627456120,CH1,POWER,3.25
1765627456126,CH1,POWER,3.25
1765627456130,CH1,POWER,3.25
1765627456135,CH1,POWER,3.25
1765627456139,CH1,POWER,3.25
1765627456146,CH1,POWER,3.25
1765627456150,CH1,POWER,3.25
1765627456155,CH1,POWER,3.25
1765627456161,CH1,POWER,3.25
1765627456166,CH1,POWER,3.25
1765627456170,CH1,POWER,3.25
1765627456176,CH1,POWER,3.25
1765627456181,CH1,POWER,3.25
1765627456186,CH1,POWER,3.25
1765627456194,CH1,POWER,3.25
1765627456199,CH1,POWER,3.25
1765627456206,CH1,POWER,3.25
1765627456214,CH1,POWER,3.25
1765627456219,CH1,POWER,3.25
1765627456226,CH1,POWER,3.25
1765627456231,CH1,POWER,3.25
1765627456236,CH1,POWER,3.25
1765627456240,CH1,POWER,3.25
1765627456246,CH1,POWER,3.25
1765627456250,CH1,POWER,3.25
1765627456256,CH1,POWER,3.25
1765627456260,CH1,POWER,3.25
1765627456265,CH1,POWER,3.25
1765627456271,CH1,POWER,3.25
1765627456276,CH1,POWER,3.25
1765627456281,CH1,POWER,3.25
1765627456286,CH1,POWER,3.25
1765627456291,CH1,POWER,3.25
1765627456296,CH1,POWER,3.25
1765627456300,CH1,POWER,3.25
1765627456306,CH1,POWER,3.25
1765627456311,CH1,POWER,3.25
1765627456316,CH1,POWER,3.25
1765627456321,CH1,POWER,3.25
1765627456326,CH1,POWER,3.25
1765627456334,CH1,POWER,3.25
1765627456339,CH1,POWER,3.25
1765627456346,CH1,POWER,3.25
1765627456351,CH1,POWER,3.25
1765627456356,CH1,POWER,3.25
1765627456361,CH1,POWER,3.25
1765627456366,CH1,POWER,3.25
1765627456370,CH1,POWER,3.25
1765627456376,CH1,POWER,3.25
1765627456381,CH1,POWER,3.25
1765627456386,CH1,POWER,3.25
1765627456390,CH1,POWER,3.25
1765627456395,CH1,POWER,3.25
1765627456400,CH1,POWER,3.25
1765627456406,CH1,POWER,3.25
1765627456414,CH1,POWER,3.25
1765627456418,CH1,POWER,2.80
1765627456420,CH1,POWER,2.80
1765627456448,CH1,POWER,2.80
1765627456453,CH1,POWER,2.80
1765627456458,CH1,POWER,2.80
1765627456466,CH1,POWER,2.80
1765627456471,CH1,POWER,2.80
1765627456478,CH1,POWER,2.80
1765627456483,CH1,POWER,2.80
1765627456488,CH1,POWER,2.80
1765627456493,CH1,POWER,2.80
1765627456498,CH1,POWER,2.80
1765627456503,CH1,POWER,2.80
1765627456508,CH1,POWER,2.80
1765627456516,CH1,POWER,2.80
1765627456520,CH1,POWER,2.80
1765627456525,CH1,POWER,2.80
1765627456529,CH1,POWER,2.80
1765627456535,CH1,POWER,2.80
1765627456541,CH1,POWER,2.80
1765627456548,CH1,POWER,2.80
1765627456553,CH1,POWER,2.80
1765627456558,CH1,POWER,2.80
1765627456566,CH1,POWER,2.80
1765627456572,CH1,POWER,2.80
1765627456577,CH1,POWER,2.80
1765627456582,CH1,POWER,2.80
1765627456588,CH1,POWER,2.80
1765627456593,CH1,POWER,2.80
1765627456598,CH1,POWER,2.80
1765627456603,CH1,POWER,2.80
1765627456608,CH1,POWER,2.80
1765627456613,CH1,POWER,2.80
1765627456618,CH1,POWER,2.80
1765627456622,CH1,POWER,2.80
1765627456628,CH1,POWER,2.80
1765627456632,CH1,POWER,2.80
1765627456638,CH1,POWER,2.80
1765627456643,CH1,POWER,2.80
1765627456648,CH1,POWER,2.80
1765627456653,CH1,POWER,2.80
1765627456658,CH1,POWER,2.80
1765627456662,CH1,POWER,2.80
1765627456668,CH1,POWER,2.80
1765627456672,CH1,POWER,2.80
1765627456677,CH1,POWER,2.80
1765627456682,CH1,POWER,2.80
1765627456687,CH1,POWER,2.80
1765627456691,CH1,POWER,2.80
1765627456698,CH1,POWER,2.80
1765627456706,CH1,POWER,2.80
1765627456711,CH1,POWER,2.80
1765627456718,CH1,POWER,2.80
1765627456723,CH1,POWER,2.80
1765627456728,CH1,POWER,2.80
1765627456733,CH1,POWER,2.80
1765627456738,CH1,POWER,2.80
1765627456743,CH1,POWER,2.80
1765627456748,CH1,POWER,2.80
1765627456756,CH1,POWER,2.80
1765627456762,CH1,POWER,2.80
1765627456767,CH1,POWER,2.80
1765627456771,CH1,POWER,2.80
1765627456778,CH1,POWER,2.80
1765627456783,CH1,POWER,2.80
1765627456788,CH1,POWER,2.80
1765627456793,CH1,POWER,2.80
1765627456798,CH1,POWER,2.80
1765627456802,CH1,POWER,2.80
1765627456807,CH1,POWER,2.80
1765627456810,CH1,POWER,3.15
1765627456812,CH1,POWER,3.15
1765627456840,CH1,POWER,3.15
1765627456845,CH1,POWER,3.15
1765627456850,CH1,POWER,3.15
1765627456858,CH1,POWER,3.15
1765627456863,CH1,POWER,3.15
1765627456870,CH1,POWER,3.15
1765627456878,CH1,POWER,3.15
1765627456883,CH1,POWER,3.15
1765627456890,CH1,POWER,3.15
1765627456895,CH1,POWER,3.15
1765627456900,CH1,POWER,3.15
1765627456905,CH1,POWER,3.15
1765627456910,CH1,POWER,3.15
1765627456916,CH1,POWER,3.15
1765627456922,CH1,POWER,3.15
1765627456927,CH1,POWER,3.15
1765627456931,CH1,POWER,3.15
1765627456937,CH1,POWER,3.15
1765627456942,CH1,POWER,3.15
1765627456947,CH1,POWER,3.15
1765627456951,CH1,POWER,3.15
1765627456958,CH1,POWER,3.15
1765627456962,CH1,POWER,3.15
1765627456968,CH1,POWER,3.15
1765627456972,CH1,POWER,3.15
1765627456978,CH1,POWER,3.15
1765627456982,CH1,POWER,3.15
1765627456987,CH1,POWER,3.15
1765627456991,CH1,POWER,3.15
1765627456997,CH1,POWER,3.15
1765627457001,CH1,POWER,3.15
1765627457007,CH1,POWER,3.15
1765627457011,CH1,POWER,3.15
1765627457017,CH1,POWER,3.15
1765627457021,CH1,POWER,3.15
1765627457027,CH1,POWER,3.15
1765627457032,CH1,POWER,3.15
1765627457037,CH1,POWER,3.15
1765627457043,CH1,POWER,3.15
1765627457050,CH1,POWER,3.15
1765627457054,CH1,POWER,3.15
1765627457059,CH1,POWER,3.15
1765627457063,CH1,POWER,3.15
1765627457067,CH1,POWER,3.15
1765627457071,CH1,POWER,3.15
1765627457077,CH1,POWER,3.15
1765627457081,CH1,POWER,3.15
1765627457087,CH1,POWER,3.15
1765627457091,CH1,POWER,3.15
1765627457098,CH1,POWER,3.15
1765627457102,CH1,POWER,3.15
1765627457110,CH1,POWER,3.15
1765627457115,CH1,POWER,3.15
1765627457120,CH1,POWER,3.15
1765627457128,CH1,POWER,3.15
1765627457134,CH1,POWER,3.15
1765627457139,CH1,POWER,3.15
1765627457143,CH1,POWER,3.15
1765627457150,CH1,POWER,3.15
1765627457155,CH1,POWER,3.15
1765627457160,CH1,POWER,3.15
1765627457164,CH1,POWER,3.15
1765627457170,CH1,POWER,3.15
1765627457174,CH1,POWER,3.15
1765627457180,CH1,POWER,3.15
1765627457188,CH1,POWER,3.15
1765627457194,CH1,POWER,3.15
1765627457199,CH1,POWER,3.15
1765627457201,CH1,POWER,3.25
1765627457204,CH1,POWER,3.25
1765627457232,CH1,POWER,3.25
1765627457240,CH1,POWER,3.25
1765627457246,CH1,POWER,3.25
1765627457251,CH1,POWER,3.25
1765627457257,CH1,POWER,3.25
1765627457262,CH1,POWER,3.25
1765627457270,CH1,POWER,3.25
1765627457275,CH1,POWER,3.25
1765627457279,CH1,POWER,3.25
1765627457284,CH1,POWER,3.25
1765627457290,CH1,POWER,3.25
1765627457294,CH1,POWER,3.25
1765627457302,CH1,POWER,3.25
1765627457310,CH1,POWER,3.25
1765627457315,CH1,POWER,3.25
1765627457322,CH1,POWER,3.25
1765627457327,CH1,POWER,3.25
1765627457332,CH1,POWER,3.25
1765627457337,CH1,POWER,3.25
1765627457342,CH1,POWER,3.25
1765627457347,CH1,POWER,3.25
1765627457352,CH1,POWER,3.25
1765627457357,CH1,POWER,3.25
1765627457362,CH1,POWER,3.25
1765627457370,CH1,POWER,3.25
1765627457376,CH1,POWER,3.25
1765627457381,CH1,POWER,3.25
1765627457385,CH1,POWER,3.25
1765627457392,CH1,POWER,3.25
1765627457397,CH1,POWER,3.25
1765627457402,CH1,POWER,3.25
1765627457407,CH1,POWER,3.25
1765627457412,CH1,POWER,3.25
1765627457417,CH1,POWER,3.25
1765627457422,CH1,POWER,3.25
1765627457427,CH1,POWER,3.25
1765627457432,CH1,POWER,3.25
1765627457437,CH1,POWER,3.25
1765627457442,CH1,POWER,3.25
1765627457447,CH1,POWER,3.25
1765627457452,CH1,POWER,3.25
1765627457458,CH1,POWER,3.25
1765627457463,CH1,POWER,3.25
1765627457470,CH1,POWER,3.25
1765627457476,CH1,POWER,3.25
1765627457481,CH1,POWER,3.25
1765627457487,CH1,POWER,3.25
1765627457492,CH1,POWER,3.25
1765627457500,CH1,POWER,3.25
1765627457505,CH1,POWER,3.25
1765627457512,CH1,POWER,3.25
1765627457517,CH1,POWER,3.25
1765627457522,CH1,POWER,3.25
1765627457527,CH1,POWER,3.25
1765627457532,CH1,POWER,3.25
1765627457537,CH1,POWER,3.25
1765627457542,CH1,POWER,3.25
1765627457550,CH1,POWER,3.25
1765627457554,CH1,POWER,3.25
1765627457562,CH1,POWER,3.25
1765627457567,CH1,POWER,3.25
1765627457572,CH1,POWER,3.25
1765627457576,CH1,POWER,3.25
1765627457581,CH1,POWER,3.25
1765627457585,CH1,POWER,3.55
1765627457611,CH1,POWER,3.55
1765627457616,CH1,POWER,3.55
1765627457621,CH1,POWER,3.55
1765627457627,CH1,POWER,3.55
1765627457631,CH1,POWER,3.55
1765627457636,CH1,POWER,3.55
1765627457642,CH1,POWER,3.55
1765627457647,CH1,POWER,3.55
1765627457651,CH1,POWER,3.55
1765627457657,CH1,POWER,3.55
1765627457664,CH1,POWER,3.55
1765627457669,CH1,POWER,3.55
1765627457674,CH1,POWER,3.55
1765627457679,CH1,POWER,3.55
1765627457684,CH1,POWER,3.55
1765627457689,CH1,POWER,3.55
1765627457694,CH1,POWER,3.55
1765627457699,CH1,POWER,3.55
1765627457704,CH1,POWER,3.55
1765627457709,CH1,POWER,3.55
1765627457714,CH1,POWER,3.55
1765627457719,CH1,POWER,3.55
1765627457724,CH1,POWER,3.55
1765627457729,CH1,POWER,3.55
1765627457734,CH1,POWER,3.55
1765627457742,CH1,POWER,3.55
1765627457746,CH1,POWER,3.55
1765627457751,CH1,POWER,3.55
1765627457755,CH1,POWER,3.55
1765627457762,CH1,POWER,3.55
1765627457767,CH1,POWER,3.55
1765627457774,CH1,POWER,3.55
1765627457782,CH1,POWER,3.55
1765627457787,CH1,POWER,3.55
1765627457794,CH1,POWER,3.55
1765627457799,CH1,POWER,3.55
1765627457804,CH1,POWER,3.55
1765627457808,CH1,POWER,3.55
1765627457814,CH1,POWER,3.55
1765627457822,CH1,POWER,3.55
1765627457827,CH1,POWER,3.55
1765627457833,CH1,POWER,3.55
1765627457838,CH1,POWER,3.55
1765627457844,CH1,POWER,3.55
1765627457849,CH1,POWER,3.55
1765627457854,CH1,POWER,3.55
1765627457862,CH1,POWER,3.55
1765627457868,CH1,POWER,3.55
1765627457873,CH1,POWER,3.55
1765627457877,CH1,POWER,3.55
1765627457884,CH1,POWER,3.55
1765627457892,CH1,POWER,3.55
1765627457897,CH1,POWER,3.55
1765627457904,CH1,POWER,3.55
1765627457909,CH1,POWER,3.55
1765627457914,CH1,POWER,3.55
1765627457919,CH1,POWER,3.55
1765627457924,CH1,POWER,3.55
1765627457929,CH1,POWER,3.55
1765627457934,CH1,POWER,3.55
1765627457942,CH1,POWER,3.55
1765627457947,CH1,POWER,3.55
1765627457953,CH1,POWER,3.55
1765627457958,CH1,POWER,3.55
1765627457963,CH1,POWER,3.55
1765627457967,CH1,POWER,3.55
1765627457974,CH1,POWER,3.55
1765627457977,CH1,POWER,3.25
1765627458005,CH1,POWER,3.25
1765627458010,CH1,POWER,3.25
1765627458015,CH1,POWER,3.25
1765627458019,CH1,POWER,3.25
1765627458026,CH1,POWER,3.25
1765627458031,CH1,POWER,3.25
1765627458036,CH1,POWER,3.25
1765627458040,CH1,POWER,3.25
1765627458045,CH1,POWER,3.25
1765627458051,CH1,POWER,3.25
1765627458056,CH1,POWER,3.25
1765627458064,CH1,POWER,3.25
1765627458069,CH1,POWER,3.25
1765627458076,CH1,POWER,3.25
1765627458081,CH1,POWER,3.25
1765627458086,CH1,POWER,3.25
1765627458090,CH1,POWER,3.25
1765627458096,CH1,POWER,3.25
1765627458104,CH1,POWER,3.25
1765627458109,CH1,POWER,3.25
1765627458113,CH1,POWER,3.25
1765627458118,CH1,POWER,3.25
1765627458124,CH1,POWER,3.25
1765627458129,CH1,POWER,3.25
1765627458136,CH1,POWER,3.25
1765627458141,CH1,POWER,3.25
1765627458146,CH1,POWER,3.25
1765627458154,CH1,POWER,3.25
1765627458159,CH1,POWER,3.25
1765627458166,CH1,POWER,3.25
1765627458170,CH1,POWER,3.25
1765627458176,CH1,POWER,3.25
1765627458181,CH1,POWER,3.25
1765627458186,CH1,POWER,3.25
1765627458191,CH1,POWER,3.25
1765627458196,CH1,POWER,3.25
1765627458201,CH1,POWER,3.25
1765627458206,CH1,POWER,3.25
1765627458211,CH1,POWER,3.25
1765627458216,CH1,POWER,3.25
1765627458224,CH1,POWER,3.25
1765627458230,CH1,POWER,3.25
1765627458236,CH1,POWER,3.25
1765627458241,CH1,POWER,3.25
1765627458246,CH1,POWER,3.25
1765627458251,CH1,POWER,3.25
1765627458256,CH1,POWER,3.25
1765627458264,CH1,POWER,3.25
1765627458270,CH1,POWER,3.25
1765627458275,CH1,POWER,3.25
1765627458281,CH1,POWER,3.25
1765627458286,CH1,POWER,3.25
1765627458294,CH1,POWER,3.25
1765627458299,CH1,POWER,3.25
1765627458306,CH1,POWER,3.25
1765627458311,CH1,POWER,3.25
1765627458316,CH1,POWER,3.25
1765627458321,CH1,POWER,3.25
1765627458326,CH1,POWER,3.25
1765627458334,CH1,POWER,3.25
1765627458339,CH1,POWER,3.25
1765627458346,CH1,POWER,3.25
1765627458351,CH1,POWER,3.25
1765627458356,CH1,POWER,3.25
1765627458361,CH1,POWER,3.25
1765627458366,CH1,POWER,3.25
1765627458373,CH1,POWER,3.25
1765627458375,CH1,POWER,3.25
1765627458378,CH1,POWER,3.25
1765627458380,CH1,POWER,3.25
1765627458408,CH1,POWER,3.25
1765627458413,CH1,POWER,3.25
1765627458418,CH1,POWER,3.25
1765627458426,CH1,POWER,3.25
1765627458431,CH1,POWER,3.25
1765627458437,CH1,POWER,3.25
1765627458443,CH1,POWER,3.25
1765627458448,CH1,POWER,3.25
1765627458453,CH1,POWER,3.25
1765627458458,CH1,POWER,3.25
1765627458466,CH1,POWER,3.25
1765627458471,CH1,POWER,3.25
1765627458478,CH1,POWER,3.25
1765627458483,CH1,POWER,3.25
1765627458488,CH1,POWER,3.25
1765627458493,CH1,POWER,3.25
1765627458498,CH1,POWER,3.25
1765627458503,CH1,POWER,3.25
1765627458508,CH1,POWER,3.25
1765627458512,CH1,POWER,3.25
1765627458517,CH1,POWER,3.25
1765627458522,CH1,POWER,3.25
1765627458527,CH1,POWER,3.25
1765627458531,CH1,POWER,3.25
1765627458535,CH1,POWER,3.25
1765627458539,CH1,POWER,3.25
1765627458545,CH1,POWER,3.25
1765627458549,CH1,POWER,3.25
1765627458554,CH1,POWER,3.25
1765627458559,CH1,POWER,3.25
1765627458566,CH1,POWER,3.25
1765627458570,CH1,POWER,3.25
1765627458578,CH1,POWER,3.25
1765627458583,CH1,POWER,3.25
1765627458588,CH1,POWER,3.25
1765627458593,CH1,POWER,3.25
1765627458598,CH1,POWER,3.25
1765627458602,CH1,POWER,3.25
1765627458608,CH1,POWER,3.25
1765627458612,CH1,POWER,3.25
1765627458617,CH1,POWER,3.25
1765627458622,CH1,POWER,3.25
1765627458627,CH1,POWER,3.25
1765627458632,CH1,POWER,3.25
1765627458638,CH1,POWER,3.25
1765627458646,CH1,POWER,3.25
1765627458651,CH1,POWER,3.25
1765627458658,CH1,POWER,3.25
1765627458662,CH1,POWER,3.25
1765627458668,CH1,POWER,3.25
1765627458672,CH1,POWER,3.25
1765627458677,CH1,POWER,3.25
1765627458683,CH1,POWER,3.25
1765627458688,CH1,POWER,3.25
1765627458693,CH1,POWER,3.25
1765627458698,CH1,POWER,3.25
1765627458703,CH1,POWER,3.25
1765627458708,CH1,POWER,3.25
1765627458712,CH1,POWER,3.25
1765627458717,CH1,POWER,3.25
1765627458723,CH1,POWER,3.25
1765627458728,CH1,POWER,3.25
1765627458736,CH1,POWER,3.25
1765627458741,CH1,POWER,3.25
1765627458748,CH1,POWER,3.25
1765627458752,CH1,POWER,3.25
1765627458757,CH1,POWER,3.25
1765627458762,CH1,POWER,3.25
1765627458790,CH1,POWER,3.25
1765627458795,CH1,POWER,3.25
1765627458800,CH1,POWER,3.25
1765627458805,CH1,POWER,3.25
1765627458810,CH1,POWER,3.25
1765627458818,CH1,POWER,3.25
1765627458823,CH1,POWER,3.25
1765627458830,CH1,POWER,3.25
1765627458834,CH1,POWER,3.25
1765627458840,CH1,POWER,3.25
1765627458844,CH1,POWER,3.25
1765627458849,CH1,POWER,3.25
1765627458855,CH1,POWER,3.25
1765627458860,CH1,POWER,3.25
1765627458865,CH1,POWER,3.25
1765627458870,CH1,POWER,3.25
1765627458875,CH1,POWER,3.25
1765627458880,CH1,POWER,3.25
1765627458884,CH1,POWER,3.25
1765627458889,CH1,POWER,3.25
1765627458893,CH1,POWER,3.25
1765627458899,CH1,POWER,3.25
1765627458903,CH1,POWER,3.25
1765627458910,CH1,POWER,3.25
1765627458915,CH1,POWER,3.25
1765627458920,CH1,POWER,3.25
1765627458925,CH1,POWER,3.25
1765627458930,CH1,POWER,3.25
1765627458935,CH1,POWER,3.25
1765627458939,CH1,POWER,3.25
1765627458944,CH1,POWER,3.25
1765627458949,CH1,POWER,3.25
1765627458953,CH1,POWER,3.25
1765627458959,CH1,POWER,3.25
1765627458964,CH1,POWER,3.25
1765627458969,CH1,POWER,3.25
1765627458974,CH1,POWER,3.25
1765627458978,CH1,POWER,3.25
1765627458983,CH1,POWER,3.25
1765627458989,CH1,POWER,3.25
1765627458994,CH1,POWER,3.25
1765627459000,CH1,POWER,3.25
1765627459005,CH1,POWER,3.25
1765627459010,CH1,POWER,3.25
1765627459016,CH1,POWER,3.25
1765627459022,CH1,POWER,3.25
1765627459027,CH1,POWER,3.25
1765627459033,CH1,POWER,3.25
1765627459039,CH1,POWER,3.25
1765627459044,CH1,POWER,3.25
1765627459049,CH1,POWER,3.25
1765627459053,CH1,POWER,3.25
1765627459060,CH1,POWER,3.25
1765627459065,CH1,POWER,3.25
1765627459070,CH1,POWER,3.25
1765627459075,CH1,POWER,3.25
1765627459080,CH1,POWER,3.25
1765627459085,CH1,POWER,3.25
1765627459090,CH1,POWER,3.25
1765627459095,CH1,POWER,3.25
1765627459100,CH1,POWER,3.25
1765627459105,CH1,POWER,3.25
1765627459110,CH1,POWER,3.25
1765627459114,CH1,POWER,3.25
1765627459119,CH1,POWER,3.25
1765627459125,CH1,POWER,3.25
1765627459130,CH1,POWER,3.25
1765627459138,CH1,POWER,3.25
1765627459144,CH1,POWER,3.25
1765627459148,CH1,POWER,3.25
1765627459150,CH1,POWER,3.65
1765627459153,CH1,POWER,3.65
1765627459179,CH1,POWER,3.65
1765627459184,CH1,POWER,3.65
1765627459188,CH1,POWER,3.65
1765627459193,CH1,POWER,3.65
1765627459200,CH1,POWER,3.65
1765627459205,CH1,POWER,3.65
1765627459212,CH1,POWER,3.65
1765627459217,CH1,POWER,3.65
1765627459222,CH1,POWER,3.65
1765627459227,CH1,POWER,3.65
1765627459232,CH1,POWER,3.65
1765627459240,CH1,POWER,3.65
1765627459244,CH1,POWER,3.65
1765627459249,CH1,POWER,3.65
1765627459253,CH1,POWER,3.65
1765627459259,CH1,POWER,3.65
1765627459264,CH1,POWER,3.65
1765627459272,CH1,POWER,3.65
1765627459277,CH1,POWER,3.65
1765627459281,CH1,POWER,3.65
1765627459286,CH1,POWER,3.65
1765627459292,CH1,POWER,3.65
1765627459297,CH1,POWER,3.65
1765627459302,CH1,POWER,3.65
1765627459307,CH1,POWER,3.65
1765627459312,CH1,POWER,3.65
1765627459320,CH1,POWER,3.65
1765627459325,CH1,POWER,3.65
1765627459332,CH1,POWER,3.65
1765627459337,CH1,POWER,3.65
1765627459342,CH1,POWER,3.65
1765627459347,CH1,POWER,3.65
1765627459352,CH1,POWER,3.65
1765627459357,CH1,POWER,3.65
1765627459361,CH1,POWER,3.65
1765627459366,CH1,POWER,3.65
1765627459371,CH1,POWER,3.65
1765627459376,CH1,POWER,3.65
1765627459382,CH1,POWER,3.65
1765627459387,CH1,POWER,3.65
1765627459392,CH1,POWER,3.65
1765627459397,CH1,POWER,3.65
1765627459402,CH1,POWER,3.65
1765627459407,CH1,POWER,3.65
1765627459411,CH1,POWER,3.65
1765627459415,CH1,POWER,3.65
1765627459422,CH1,POWER,3.65
1765627459427,CH1,POWER,3.65
1765627459432,CH1,POWER,3.65
1765627459437,CH1,POWER,3.65
1765627459442,CH1,POWER,3.65
1765627459447,CH1,POWER,3.65
1765627459451,CH1,POWER,3.65
1765627459455,CH1,POWER,3.65
1765627459462,CH1,POWER,3.65
1765627459467,CH1,POWER,3.65
1765627459472,CH1,POWER,3.65
1765627459477,CH1,POWER,3.65
1765627459482,CH1,POWER,3.65
1765627459490,CH1,POWER,3.65
1765627459495,CH1,POWER,3.65
1765627459501,CH1,POWER,3.65
1765627459505,CH1,POWER,3.65
1765627459512,CH1,POWER,3.65
1765627459517,CH1,POWER,3.65
1765627459521,CH1,POWER,3.65
1765627459525,CH1,POWER,3.65
1765627459531,CH1,POWER,3.65
1765627459536,CH1,POWER,3.65
1765627459540,CH1,POWER,3.65
1765627459545,CH1,POWER,3.65
1765627459573,CH1,POWER,3.25
1765627459578,CH1,POWER,3.25
1765627459582,CH1,POWER,3.25
1765627459587,CH1,POWER,3.25
1765627459594,CH1,POWER,3.25
1765627459599,CH1,POWER,3.25
1765627459604,CH1,POWER,3.25
1765627459609,CH1,POWER,3.25
1765627459613,CH1,POWER,3.25
1765627459618,CH1,POWER,3.25
1765627459623,CH1,POWER,3.25
1765627459627,CH1,POWER,3.25
1765627459634,CH1,POWER,3.25
1765627459639,CH1,POWER,3.25
1765627459644,CH1,POWER,3.25
1765627459649,CH1,POWER,3.25
1765627459654,CH1,POWER,3.25
1765627459659,CH1,POWER,3.25
1765627459663,CH1,POWER,3.25
1765627459667,CH1,POWER,3.25
1765627459674,CH1,POWER,3.25
1765627459679,CH1,POWER,3.25
1765627459684,CH1,POWER,3.25
1765627459689,CH1,POWER,3.25
1765627459693,CH1,POWER,3.25
1765627459698,CH1,POWER,3.25
1765627459702,CH1,POWER,3.25
1765627459707,CH1,POWER,3.25
1765627459713,CH1,POWER,3.25
1765627459718,CH1,POWER,3.25
1765627459722,CH1,POWER,3.25
1765627459726,CH1,POWER,3.25
1765627459731,CH1,POWER,3.25
1765627459736,CH1,POWER,3.25
1765627459741,CH1,POWER,3.25
1765627459745,CH1,POWER,3.25
1765627459751,CH1,POWER,3.25
1765627459756,CH1,POWER,3.25
1765627459761,CH1,POWER,3.25
1765627459765,CH1,POWER,3.25
1765627459772,CH1,POWER,3.25
1765627459777,CH1,POWER,3.25
1765627459784,CH1,POWER,3.25
1765627459792,CH1,POWER,3.25
1765627459797,CH1,POWER,3.25
1765627459804,CH1,POWER,3.25
1765627459809,CH1,POWER,3.25
1765627459814,CH1,POWER,3.25
1765627459819,CH1,POWER,3.25
1765627459824,CH1,POWER,3.25
1765627459829,CH1,POWER,3.25
1765627459834,CH1,POWER,3.25
1765627459839,CH1,POWER,3.25
1765627459843,CH1,POWER,3.25
1765627459847,CH1,POWER,3.25
1765627459854,CH1,POWER,3.25
1765627459862,CH1,POWER,3.25
1765627459867,CH1,POWER,3.25
1765627459873,CH1,POWER,3.25
1765627459877,CH1,POWER,3.25
1765627459883,CH1,POWER,3.25
1765627459888,CH1,POWER,3.25
1765627459893,CH1,POWER,3.25
1765627459897,CH1,POWER,3.25
1765627459904,CH1,POWER,3.25
1765627459909,CH1,POWER,3.25
1765627459913,CH1,POWER,3.25
1765627459918,CH1,POWER,3.25
1765627459923,CH1,POWER,3.25
1765627459929,CH1,POWER,3.25
1765627459933,CH1,POWER,3.25
1765627459936,CH1,POWER,3.25
1765627459962,CH1,POWER,3.25
1765627459967,CH1,POWER,3.25
1765627459974,CH1,POWER,3.25
1765627459979,CH1,POWER,3.25
1765627459986,CH1,POWER,3.25
1765627459991,CH1,POWER,3.25
1765627459995,CH1,POWER,3.25
1765627459999,CH1,POWER,3.25
1765627460005,CH1,POWER,3.25
1765627460011,CH1,POWER,3.25
1765627460016,CH1,POWER,3.25
1765627460021,CH1,POWER,3.25
1765627460026,CH1,POWER,3.25
1765627460031,CH1,POWER,3.25
1765627460035,CH1,POWER,3.25
1765627460040,CH1,POWER,3.25
1765627460045,CH1,POWER,3.25
1765627460051,CH1,POWER,3.25
1765627460056,CH1,POWER,3.25
1765627460061,CH1,POWER,3.25
1765627460065,CH1,POWER,3.25
1765627460070,CH1,POWER,3.25
1765627460074,CH1,POWER,3.25
1765627460078,CH1,POWER,3.25
1765627460083,CH1,POWER,3.25
1765627460087,CH1,POWER,3.25
1765627460094,CH1,POWER,3.25
1765627460099,CH1,POWER,3.25
1765627460105,CH1,POWER,3.25
1765627460110,CH1,POWER,3.25
1765627460114,CH1,POWER,3.25
1765627460118,CH1,POWER,3.25
1765627460123,CH1,POWER,3.25
1765627460127,CH1,POWER,3.25
1765627460133,CH1,POWER,3.25
1765627460137,CH1,POWER,3.25
1765627460143,CH1,POWER,3.25
1765627460147,CH1,POWER,3.25
1765627460154,CH1,POWER,3.25
1765627460158,CH1,POWER,3.25
1765627460162,CH1,POWER,3.25
1765627460166,CH1,POWER,3.25
1765627460171,CH1,POWER,3.25
1765627460176,CH1,POWER,3.25
1765627460181,CH1,POWER,3.25
1765627460186,CH1,POWER,3.25
1765627460191,CH1,POWER,3.25
1765627460195,CH1,POWER,3.25
1765627460200,CH1,POWER,3.25
1765627460204,CH1,POWER,3.25
1765627460208,CH1,POWER,3.25
1765627460212,CH1,POWER,3.25
1765627460216,CH1,POWER,3.25
1765627460221,CH1,POWER,3.25
1765627460225,CH1,POWER,3.25
1765627460229,CH1,POWER,3.25
1765627460235,CH1,POWER,3.25
1765627460239,CH1,POWER,3.25
1765627460246,CH1,POWER,3.25
1765627460251,CH1,POWER,3.25
1765627460256,CH1,POWER,3.25
1765627460261,CH1,POWER,3.25
1765627460265,CH1,POWER,3.25
1765627460269,CH1,POWER,3.25
1765627460275,CH1,POWER,3.25
1765627460280,CH1,POWER,3.25
1765627460286,CH1,POWER,3.25
1765627460291,CH1,POWER,3.25
1765627460296,CH1,POWER,3.25
1765627460301,CH1,POWER,3.25
1765627460306,CH1,POWER,3.25
1765627460311,CH1,POWER,3.25
1765627460315,CH1,POWER,3.25
1765627460319,CH1,POWER,3.25
1765627460325,CH1,POWER,3.25
1765627460329,CH1,POWER,3.25
1765627460357,CH1,POWER,3.25
1765627460361,CH1,POWER,3.25
1765627460366,CH1,POWER,3.25
1765627460371,CH1,POWER,3.25
1765627460378,CH1,POWER,3.25
1765627460383,CH1,POWER,3.25
1765627460388,CH1,POWER,3.25
1765627460393,CH1,POWER,3.25
1765627460398,CH1,POWER,3.25
1765627460406,CH1,POWER,3.25
1765627460411,CH1,POWER,3.25
1765627460417,CH1,POWER,3.25
1765627460422,CH1,POWER,3.25
1765627460426,CH1,POWER,3.25
1765627460431,CH1,POWER,3.25
1765627460438,CH1,POWER,3.25
1765627460443,CH1,POWER,3.25
1765627460447,CH1,POWER,3.25
1765627460451,CH1,POWER,3.25
1765627460458,CH1,POWER,3.25
1765627460463,CH1,POWER,3.25
1765627460468,CH1,POWER,3.25
1765627460473,CH1,POWER,3.25
1765627460478,CH1,POWER,3.25
1765627460483,CH1,POWER,3.25
1765627460487,CH1,POWER,3.25
1765627460491,CH1,POWER,3.25
1765627460498,CH1,POWER,3.25
1765627460503,CH1,POWER,3.25
1765627460507,CH1,POWER,3.25
1765627460516,CH1,POWER,3.25
1765627460522,CH1,POWER,3.25
1765627460526,CH1,POWER,3.25
1765627460531,CH1,POWER,3.25
1765627460538,CH1,POWER,3.25
1765627460545,CH1,POWER,3.25
1765627460551,CH1,POWER,3.25
1765627460557,CH1,POWER,3.25
1765627460562,CH1,POWER,3.25
1765627460568,CH1,POWER,3.25
1765627460573,CH1,POWER,3.25
1765627460577,CH1,POWER,3.25
1765627460582,CH1,POWER,3.25
1765627460587,CH1,POWER,3.25
1765627460591,CH1,POWER,3.25
1765627460598,CH1,POWER,3.25
1765627460605,CH1,POWER,3.25
1765627460609,CH1,POWER,3.25
1765627460615,CH1,POWER,3.25
1765627460620,CH1,POWER,3.25
1765627460627,CH1,POWER,3.25
1765627460632,CH1,POWER,3.25
1765627460636,CH1,POWER,3.25
1765627460640,CH1,POWER,3.25
1765627460646,CH1,POWER,3.25
1765627460651,CH1,POWER,3.25
1765627460657,CH1,POWER,3.25
1765627460666,CH1,POWER,3.25
1765627460670,CH1,POWER,3.25
1765627460677,CH1,POWER,3.25
1765627460682,CH1,POWER,3.25
1765627460688,CH1,POWER,3.25
1765627460693,CH1,POWER,3.25
1765627460698,CH1,POWER,3.25
1765627460703,CH1,POWER,3.25
1765627460708,CH1,POWER,3.25
1765627460713,CH1,POWER,3.25
1765627460716,CH1,POWER,3.25
1765627460719,CH1,POWER,3.25
1765627460721,CH1,POWER,3.25
1765627460749,CH1,POWER,3.25
1765627460753,CH1,POWER,3.25
1765627460759,CH1,POWER,3.25
1765627460763,CH1,POWER,3.25
1765627460769,CH1,POWER,3.25
1765627460773,CH1,POWER,3.25
1765627460779,CH1,POWER,3.25
1765627460788,CH1,POWER,3.25
1765627460792,CH1,POWER,3.25
1765627460796,CH1,POWER,3.25
1765627460803,CH1,POWER,3.25
1765627460809,CH1,POWER,3.25
1765627460814,CH1,POWER,3.25
1765627460820,CH1,POWER,3.25
1765627460825,CH1,POWER,3.25
1765627460830,CH1,POWER,3.25
1765627460835,CH1,POWER,3.25
1765627460839,CH1,POWER,3.25
1765627460848,CH1,POWER,3.25
1765627460853,CH1,POWER,3.25
1765627460860,CH1,POWER,3.25
1765627460865,CH1,POWER,3.25
1765627460870,CH1,POWER,3.25
1765627460875,CH1,POWER,3.25
1765627460880,CH1,POWER,3.25
1765627460885,CH1,POWER,3.25
1765627460889,CH1,POWER,3.25
1765627460893,CH1,POWER,3.25
1765627460899,CH1,POWER,3.25
1765627460903,CH1,POWER,3.25
1765627460909,CH1,POWER,3.25
1765627460915,CH1,POWER,3.25
1765627460919,CH1,POWER,3.25
1765627460924,CH1,POWER,3.25
1765627460929,CH1,POWER,3.25
1765627460933,CH1,POWER,3.25
1765627460938,CH1,POWER,3.25
1765627460943,CH1,POWER,3.25
1765627460949,CH1,POWER,3.25
1765627460954,CH1,POWER,3.25
1765627460958,CH1,POWER,3.25
1765627460963,CH1,POWER,3.25
1765627460969,CH1,POWER,3.25
1765627460978,CH1,POWER,3.25
1765627460983,CH1,POWER,3.25
1765627460990,CH1,POWER,3.25
1765627460995,CH1,POWER,3.25
1765627461000,CH1,POWER,3.25
1765627461005,CH1,POWER,3.25
1765627461009,CH1,POWER,3.25
1765627461014,CH1,POWER,3.25
1765627461018,CH1,POWER,3.25
1765627461022,CH1,POWER,3.25
1765627461026,CH1,POWER,3.25
1765627461030,CH1,POWER,3.25
1765627461035,CH1,POWER,3.25
1765627461039,CH1,POWER,3.25
1765627461048,CH1,POWER,3.25
1765627461052,CH1,POWER,3.25
1765627461059,CH1,POWER,3.25
1765627461063,CH1,POWER,3.25
1765627461070,CH1,POWER,3.25
1765627461075,CH1,POWER,3.25
1765627461080,CH1,POWER,3.25
1765627461085,CH1,POWER,3.25
1765627461089,CH1,POWER,3.25
1765627461093,CH1,POWER,3.25
1765627461098,CH1,POWER,3.25
1765627461105,CH1,POWER,3.25
1765627461110,CH1,POWER,3.25
1765627461115,CH1,POWER,3.25
1765627461118,CH1,POWER,3.25
1765627461120,CH1,POWER,3.25
1765627461122,CH1,POWER,3.25
1765627461149,CH1,POWER,3.25
1765627461154,CH1,POWER,3.25
1765627461159,CH1,POWER,3.25
1765627461163,CH1,POWER,3.25
1765627461169,CH1,POWER,3.25
1765627461173,CH1,POWER,3.25
1765627461180,CH1,POWER,3.25
1765627461185,CH1,POWER,3.25
1765627461191,CH1,POWER,3.25
1765627461200,CH1,POWER,3.25
1765627461204,CH1,POWER,3.25
1765627461208,CH1,POWER,3.25
1765627461213,CH1,POWER,3.25
1765627461219,CH1,POWER,3.25
1765627461225,CH1,POWER,3.25
1765627461231,CH1,POWER,3.25
1765627461240,CH1,POWER,3.25
1765627461245,CH1,POWER,3.25
1765627461251,CH1,POWER,3.25
1765627461256,CH1,POWER,3.25
1765627461260,CH1,POWER,3.25
1765627461267,CH1,POWER,3.25
1765627461272,CH1,POWER,3.25
1765627461277,CH1,POWER,3.25
1765627461281,CH1,POWER,3.25
1765627461290,CH1,POWER,3.25
1765627461295,CH1,POWER,3.25
1765627461301,CH1,POWER,3.25
1765627461305,CH1,POWER,3.25
1765627461311,CH1,POWER,3.25
1765627461315,CH1,POWER,3.25
1765627461321,CH1,POWER,3.25
1765627461327,CH1,POWER,3.25
1765627461331,CH1,POWER,3.25
1765627461335,CH1,POWER,3.25
1765627461341,CH1,POWER,3.25
1765627461345,CH1,POWER,3.25
1765627461351,CH1,POWER,3.25
1765627461356,CH1,POWER,3.25
1765627461360,CH1,POWER,3.25
1765627461367,CH1,POWER,3.25
1765627461372,CH1,POWER,3.25
1765627461377,CH1,POWER,3.25
1765627461381,CH1,POWER,3.25
1765627461388,CH1,POWER,3.25
1765627461393,CH1,POWER,3.25
1765627461400,CH1,POWER,3.25
1765627461405,CH1,POWER,3.25
1765627461412,CH1,POWER,3.25
1765627461417,CH1,POWER,3.25
1765627461422,CH1,POWER,3.25
1765627461427,CH1,POWER,3.25
1765627461431,CH1,POWER,3.25
1765627461440,CH1,POWER,3.25
1765627461444,CH1,POWER,3.25
1765627461451,CH1,POWER,3.25
1765627461455,CH1,POWER,3.25
1765627461461,CH1,POWER,3.25
1765627461465,CH1,POWER,3.25
1765627461471,CH1,POWER,3.25
1765627461476,CH1,POWER,3.25
1765627461480,CH1,POWER,3.25
1765627461484,CH1,POWER,3.25
1765627461491,CH1,POWER,3.25
1765627461499,CH1,POWER,3.25
1765627461504,CH1,POWER,3.25
1765627461510,CH1,POWER,3.25
1765627461515,CH1,POWER,3.70
1765627461541,CH1,POWER,3.70
1765627461545,CH1,POWER,3.70
1765627461550,CH1,POWER,3.70
1765627461555,CH1,POWER,3.70
1765627461562,CH1,POWER,3.70
1765627461567,CH1,POWER,3.70
1765627461574,CH1,POWER,3.70
1765627461579,CH1,POWER,3.70
1765627461584,CH1,POWER,3.70
1765627461589,CH1,POWER,3.70
1765627461593,CH1,POWER,3.70
1765627461597,CH1,POWER,3.70
1765627461603,CH1,POWER,3.70
1765627461607,CH1,POWER,3.70
1765627461612,CH1,POWER,3.70
1765627461619,CH1,POWER,3.70
1765627461623,CH1,POWER,3.70
1765627461629,CH1,POWER,3.70
1765627461633,CH1,POWER,3.70
1765627461642,CH1,POWER,3.70
1765627461646,CH1,POWER,3.70
1765627461653,CH1,POWER,3.70
1765627461657,CH1,POWER,3.70
1765627461664,CH1,POWER,3.70
1765627461669,CH1,POWER,3.70
1765627461673,CH1,POWER,3.70
1765627461679,CH1,POWER,3.70
1765627461683,CH1,POWER,3.70
1765627461691,CH1,POWER,3.70
1765627461697,CH1,POWER,3.70
1765627461703,CH1,POWER,3.70
1765627461709,CH1,POWER,3.70
1765627461713,CH1,POWER,3.70
1765627461719,CH1,POWER,3.70
1765627461723,CH1,POWER,3.70
1765627461729,CH1,POWER,3.70
1765627461733,CH1,POWER,3.70
1765627461742,CH1,POWER,3.70
1765627461747,CH1,POWER,3.70
1765627461753,CH1,POWER,3.70
1765627461761,CH1,POWER,3.70
1765627461766,CH1,POWER,3.70
1765627461773,CH1,POWER,3.70
1765627461777,CH1,POWER,3.70
1765627461782,CH1,POWER,3.70
1765627461789,CH1,POWER,3.70
1765627461793,CH1,POWER,3.70
1765627461799,CH1,POWER,3.70
1765627461804,CH1,POWER,3.70
1765627461809,CH1,POWER,3.70
1765627461813,CH1,POWER,3.70
1765627461821,CH1,POWER,3.70
1765627461827,CH1,POWER,3.70
1765627461833,CH1,POWER,3.70
1765627461842,CH1,POWER,3.70
1765627461846,CH1,POWER,3.70
1765627461853,CH1,POWER,3.70
1765627461857,CH1,POWER,3.70
1765627461863,CH1,POWER,3.70
1765627461867,CH1,POWER,3.70
1765627461873,CH1,POWER,3.70
1765627461882,CH1,POWER,3.70
1765627461887,CH1,POWER,3.70
1765627461893,CH1,POWER,3.70
1765627461896,CH1,POWER,2.85
1765627461922,CH1,POWER,2.85
1765627461927,CH1,POWER,2.85
1765627461932,CH1,POWER,2.85
1765627461936,CH1,POWER,2.85
1765627461941,CH1,POWER,2.85
1765627461945,CH1,POWER,2.85
1765627461950,CH1,POWER,2.85
1765627461954,CH1,POWER,2.85
1765627461961,CH1,POWER,2.85
1765627461965,CH1,POWER,2.85
1765627461969,CH1,POWER,2.85
1765627461974,CH1,POWER,2.85
1765627461981,CH1,POWER,2.85
1765627461986,CH1,POWER,2.85
1765627461993,CH1,POWER,2.85
1765627461997,CH1,POWER,2.85
1765627462003,CH1,POWER,2.85
1765627462007,CH1,POWER,2.85
1765627462012,CH1,POWER,2.85
1765627462016,CH1,POWER,2.85
1765627462021,CH1,POWER,2.85
1765627462025,CH1,POWER,2.85
1765627462029,CH1,POWER,2.85
1765627462035,CH1,POWER,2.85
1765627462039,CH1,POWER,2.85
1765627462044,CH1,POWER,2.85
1765627462048,CH1,POWER,2.85
1765627462052,CH1,POWER,2.85
1765627462056,CH1,POWER,2.85
1765627462061,CH1,POWER,2.85
1765627462065,CH1,POWER,2.85
1765627462069,CH1,POWER,2.85
1765627462075,CH1,POWER,2.85
1765627462079,CH1,POWER,2.85
1765627462085,CH1,POWER,2.85
1765627462089,CH1,POWER,2.85
1765627462095,CH1,POWER,2.85
1765627462099,CH1,POWER,2.85
1765627462105,CH1,POWER,2.85
1765627462109,CH1,POWER,2.85
1765627462115,CH1,POWER,2.85
1765627462119,CH1,POWER,2.85
1765627462125,CH1,POWER,2.85
1765627462133,CH1,POWER,2.85
1765627462137,CH1,POWER,2.85
1765627462145,CH1,POWER,2.85
1765627462149,CH1,POWER,2.85
1765627462154,CH1,POWER,2.85
1765627462158,CH1,POWER,2.85
1765627462164,CH1,POWER,2.85
1765627462168,CH1,POWER,2.85
1765627462175,CH1,POWER,2.85
1765627462179,CH1,POWER,2.85
1765627462185,CH1,POWER,2.85
1765627462189,CH1,POWER,2.85
1765627462195,CH1,POWER,2.85
1765627462199,CH1,POWER,2.85
1765627462205,CH1,POWER,2.85
1765627462209,CH1,POWER,2.85
1765627462215,CH1,POWER,2.85
1765627462219,CH1,POWER,2.85
1765627462225,CH1,POWER,2.85
1765627462229,CH1,POWER,2.85
1765627462235,CH1,POWER,2.85
1765627462239,CH1,POWER,2.85
1765627462245,CH1,POWER,2.85
1765627462249,CH1,POWER,2.85
1765627462255,CH1,POWER,2.85
1765627462259,CH1,POWER,2.85
1765627462266,CH1,POWER,2.85
1765627462271,CH1,POWER,2.85
1765627462275,CH1,POWER,2.85
1765627462281,CH1,POWER,2.85
1765627462285,CH1,POWER,2.85
1765627462288,CH1,POWER,3.25
1765627462315,CH1,POWER,3.25
1765627462319,CH1,POWER,3.25
1765627462324,CH1,POWER,3.25
1765627462329,CH1,POWER,3.25
1765627462335,CH1,POWER,3.25
1765627462339,CH1,POWER,3.25
1765627462346,CH1,POWER,3.25
1765627462350,CH1,POWER,3.25
1765627462354,CH1,POWER,3.25
1765627462359,CH1,POWER,3.25
1765627462365,CH1,POWER,3.25
1765627462369,CH1,POWER,3.25
1765627462375,CH1,POWER,3.25
1765627462379,CH1,POWER,3.25
1765627462385,CH1,POWER,3.25
1765627462391,CH1,POWER,3.25
1765627462398,CH1,POWER,3.25
1765627462403,CH1,POWER,3.25
1765627462407,CH1,POWER,3.25
1765627462415,CH1,POWER,3.25
1765627462420,CH1,POWER,3.25
1765627462424,CH1,POWER,3.25
1765627462429,CH1,POWER,3.25
1765627462435,CH1,POWER,3.25
1765627462439,CH1,POWER,3.25
1765627462445,CH1,POWER,3.25
1765627462450,CH1,POWER,3.25
1765627462456,CH1,POWER,3.25
1765627462463,CH1,POWER,3.25
1765627462467,CH1,POWER,3.25
1765627462473,CH1,POWER,3.25
1765627462477,CH1,POWER,3.25
1765627462481,CH1,POWER,3.25
1765627462487,CH1,POWER,3.25
1765627462493,CH1,POWER,3.25
1765627462497,CH1,POWER,3.25
1765627462503,CH1,POWER,3.25
1765627462507,CH1,POWER,3.25
1765627462511,CH1,POWER,3.25
1765627462517,CH1,POWER,3.25
1765627462521,CH1,POWER,3.25
1765627462527,CH1,POWER,3.25
1765627462533,CH1,POWER,3.25
1765627462537,CH1,POWER,3.25
1765627462543,CH1,POWER,3.25
1765627462547,CH1,POWER,3.25
1765627462551,CH1,POWER,3.25
1765627462557,CH1,POWER,3.25
1765627462561,CH1,POWER,3.25
1765627462567,CH1,POWER,3.25
1765627462571,CH1,POWER,3.25
1765627462577,CH1,POWER,3.25
1765627462583,CH1,POWER,3.25
1765627462587,CH1,POWER,3.25
1765627462593,CH1,POWER,3.25
1765627462597,CH1,POWER,3.25
1765627462601,CH1,POWER,3.25
1765627462607,CH1,POWER,3.25
1765627462611,CH1,POWER,3.25
1765627462616,CH1,POWER,3.25
1765627462620,CH1,POWER,3.25
1765627462624,CH1,POWER,3.25
1765627462630,CH1,POWER,3.25
1765627462634,CH1,POWER,3.25
1765627462639,CH1,POWER,3.25
1765627462645,CH1,POWER,3.25
1765627462651,CH1,POWER,3.25
1765627462656,CH1,POWER,3.25
1765627462663,CH1,POWER,3.25
1765627462667,CH1,POWER,3.25
1765627462673,CH1,POWER,3.25
1765627462677,CH1,POWER,3.25
1765627462680,CH1,POWER,3.25
1765627462706,CH1,POWER,3.25
1765627462711,CH1,POWER,3.25
1765627462716,CH1,POWER,3.25
1765627462721,CH1,POWER,3.25
1765627462729,CH1,POWER,3.25
1765627462735,CH1,POWER,3.25
1765627462739,CH1,POWER,3.25
1765627462745,CH1,POWER,3.25
1765627462749,CH1,POWER,3.25
1765627462755,CH1,POWER,3.25
1765627462759,CH1,POWER,3.25
1765627462763,CH1,POWER,3.25
1765627462769,CH1,POWER,3.25
1765627462775,CH1,POWER,3.25
1765627462779,CH1,POWER,3.25
1765627462787,CH1,POWER,3.25
1765627462792,CH1,POWER,3.25
1765627462799,CH1,POWER,3.25
1765627462803,CH1,POWER,3.25
1765627462808,CH1,POWER,3.25
1765627462813,CH1,POWER,3.25
1765627462819,CH1,POWER,3.25
1765627462823,CH1,POWER,3.25
1765627462829,CH1,POWER,3.25
1765627462833,CH1,POWER,3.25
1765627462838,CH1,POWER,3.25
1765627462843,CH1,POWER,3.25
1765627462849,CH1,POWER,3.25
1765627462855,CH1,POWER,3.25
1765627462859,CH1,POWER,3.25
1765627462865,CH1,POWER,3.25
1765627462869,CH1,POWER,3.25
1765627462873,CH1,POWER,3.25
1765627462878,CH1,POWER,3.25
1765627462882,CH1,POWER,3.25
1765627462886,CH1,POWER,3.25
1765627462890,CH1,POWER,3.25
1765627462897,CH1,POWER,3.25
1765627462901,CH1,POWER,3.25
1765627462906,CH1,POWER,3.25
1765627462910,CH1,POWER,3.25
1765627462915,CH1,POWER,3.25
1765627462919,CH1,POWER,3.25
1765627462923,CH1,POWER,3.25
1765627462929,CH1,POWER,3.25
1765627462935,CH1,POWER,3.25
1765627462939,CH1,POWER,3.25
1765627462945,CH1,POWER,3.25
1765627462949,CH1,POWER,3.25
1765627462953,CH1,POWER,3.25
1765627462959,CH1,POWER,3.25
1765627462963,CH1,POWER,3.25
1765627462969,CH1,POWER,3.25
1765627462973,CH1,POWER,3.25
1765627462979,CH1,POWER,3.25
1765627462983,CH1,POWER,3.25
1765627462989,CH1,POWER,3.25
1765627462993,CH1,POWER,3.25
1765627462999,CH1,POWER,3.25
1765627463005,CH1,POWER,3.25
1765627463009,CH1,POWER,3.25
1765627463017,CH1,POWER,3.25
1765627463021,CH1,POWER,3.25
1765627463026,CH1,POWER,3.25
1765627463031,CH1,POWER,3.25
1765627463036,CH1,POWER,3.25
1765627463041,CH1,POWER,3.25
1765627463049,CH1,POWER,3.25
1765627463055,CH1,POWER,3.25
1765627463059,CH1,POWER,3.25
1765627463063,CH1,POWER,3.25
1765627463069,CH1,POWER,3.25
1765627463075,CH1,POWER,3.25
1765627463079,CH1,POWER,3.25
1765627463082,CH1,POWER,3.25
1765627463084,CH1,POWER,3.25
1765627463111,CH1,POWER,3.25
1765627463117,CH1,POWER,3.25
1765627463121,CH1,POWER,3.25
1765627463125,CH1,POWER,3.25
1765627463130,CH1,POWER,3.25
1765627463134,CH1,POWER,3.25
1765627463138,CH1,POWER,3.25
1765627463144,CH1,POWER,3.25
1765627463151,CH1,POWER,3.25
1765627463155,CH1,POWER,3.25
1765627463160,CH1,POWER,3.25
1765627463167,CH1,POWER,3.25
1765627463171,CH1,POWER,3.25
1765627463175,CH1,POWER,3.25
1765627463180,CH1,POWER,3.25
1765627463184,CH1,POWER,3.25
1765627463191,CH1,POWER,3.25
1765627463195,CH1,POWER,3.25
1765627463200,CH1,POWER,3.25
1765627463205,CH1,POWER,3.25
1765627463211,CH1,POWER,3.25
1765627463215,CH1,POWER,3.25
1765627463221,CH1,POWER,3.25
1765627463229,CH1,POWER,3.25
1765627463234,CH1,POWER,3.25
1765627463240,CH1,POWER,3.25
1765627463244,CH1,POWER,3.25
1765627463248,CH1,POWER,3.25
1765627463252,CH1,POWER,3.25
1765627463257,CH1,POWER,3.25
1765627463261,CH1,POWER,3.25
1765627463265,CH1,POWER,3.25
1765627463271,CH1,POWER,3.25
1765627463275,CH1,POWER,3.25
1765627463281,CH1,POWER,3.25
1765627463285,CH1,POWER,3.25
1765627463291,CH1,POWER,3.25
1765627463297,CH1,POWER,3.25
1765627463301,CH1,POWER,3.25
1765627463305,CH1,POWER,3.25
1765627463311,CH1,POWER,3.25
1765627463317,CH1,POWER,3.25
1765627463321,CH1,POWER,3.25
1765627463327,CH1,POWER,3.25
1765627463331,CH1,POWER,3.25
1765627463335,CH1,POWER,3.25
1765627463341,CH1,POWER,3.25
1765627463345,CH1,POWER,3.25
1765627463350,CH1,POWER,3.25
1765627463354,CH1,POWER,3.25
1765627463358,CH1,POWER,3.25
1765627463363,CH1,POWER,3.25
1765627463371,CH1,POWER,3.25
1765627463377,CH1,POWER,3.25
1765627463381,CH1,POWER,3.25
1765627463387,CH1,POWER,3.25
1765627463391,CH1,POWER,3.25
1765627463395,CH1,POWER,3.25
1765627463401,CH1,POWER,3.25
1765627463407,CH1,POWER,3.25
1765627463411,CH1,POWER,3.25
1765627463415,CH1,POWER,3.25
1765627463421,CH1,POWER,3.25
1765627463427,CH1,POWER,3.25
1765627463431,CH1,POWER,3.25
1765627463437,CH1,POWER,3.25
1765627463441,CH1,POWER,3.25
1765627463449,CH1,POWER,3.25
1765627463454,CH1,POWER,3.25
1765627463461,CH1,POWER,3.25
1765627463467,CH1,POWER,3.25
1765627463471,CH1,POWER,3.25
1765627463475,CH1,POWER,3.25
1765627463503,CH1,POWER,3.30
1765627463509,CH1,POWER,3.30
1765627463513,CH1,POWER,3.30
1765627463517,CH1,POWER,3.30
1765627463523,CH1,POWER,3.30
1765627463529,CH1,POWER,3.30
1765627463533,CH1,POWER,3.30
1765627463537,CH1,POWER,3.30
1765627463542,CH1,POWER,3.30
1765627463546,CH1,POWER,3.30
1765627463553,CH1,POWER,3.30
1765627463559,CH1,POWER,3.30
1765627463563,CH1,POWER,3.30
1765627463567,CH1,POWER,3.30
1765627463573,CH1,POWER,3.30
1765627463579,CH1,POWER,3.30
1765627463583,CH1,POWER,3.30
1765627463589,CH1,POWER,3.30
1765627463593,CH1,POWER,3.30
1765627463599,CH1,POWER,3.30
1765627463603,CH1,POWER,3.30
1765627463607,CH1,POWER,3.30
1765627463613,CH1,POWER,3.30
1765627463619,CH1,POWER,3.30
1765627463623,CH1,POWER,3.30
1765627463629,CH1,POWER,3.30
1765627463633,CH1,POWER,3.30
1765627463637,CH1,POWER,3.30
1765627463643,CH1,POWER,3.30
1765627463651,CH1,POWER,3.30
1765627463655,CH1,POWER,3.30
1765627463661,CH1,POWER,3.30
1765627463666,CH1,POWER,3.30
1765627463670,CH1,POWER,3.30
1765627463674,CH1,POWER,3.30
1765627463679,CH1,POWER,3.30
1765627463683,CH1,POWER,3.30
1765627463689,CH1,POWER,3.30
1765627463693,CH1,POWER,3.30
1765627463699,CH1,POWER,3.30
1765627463703,CH1,POWER,3.30
1765627463707,CH1,POWER,3.30
1765627463713,CH1,POWER,3.30
1765627463719,CH1,POWER,3.30
1765627463723,CH1,POWER,3.30
1765627463727,CH1,POWER,3.30
1765627463733,CH1,POWER,3.30
1765627463737,CH1,POWER,3.30
1765627463742,CH1,POWER,3.30
1765627463746,CH1,POWER,3.30
1765627463750,CH1,POWER,3.30
1765627463755,CH1,POWER,3.30
1765627463763,CH1,POWER,3.30
1765627463769,CH1,POWER,3.30
1765627463773,CH1,POWER,3.30
1765627463777,CH1,POWER,3.30
1765627463783,CH1,POWER,3.30
1765627463787,CH1,POWER,3.30
1765627463793,CH1,POWER,3.30
1765627463799,CH1,POWER,3.30
1765627463803,CH1,POWER,3.30
1765627463807,CH1,POWER,3.30
1765627463812,CH1,POWER,3.30
1765627463816,CH1,POWER,3.30
1765627463822,CH1,POWER,3.30
1765627463827,CH1,POWER,3.30
1765627463833,CH1,POWER,3.30
1765627463839,CH1,POWER,3.30
1765627463843,CH1,POWER,3.30
1765627463847,CH1,POWER,3.30
1765627463853,CH1,POWER,3.30
1765627463857,CH1,POWER,3.30
1765627463862,CH1,POWER,3.30
1765627463866,CH1,POWER,3.30
1765627463870,CH1,POWER,3.30
1765627463874,CH1,POWER,3.25
1765627463876,CH1,POWER,3.25
1765627463902,CH1,POWER,3.25
1765627463907,CH1,POWER,3.25
1765627463912,CH1,POWER,3.25
1765627463916,CH1,POWER,3.25
1765627463921,CH1,POWER,3.25
1765627463925,CH1,POWER,3.25
1765627463929,CH1,POWER,3.25
1765627463934,CH1,POWER,3.25
1765627463938,CH1,POWER,3.25
1765627463942,CH1,POWER,3.25
1765627463946,CH1,POWER,3.25
1765627463953,CH1,POWER,3.25
1765627463957,CH1,POWER,3.25
1765627463962,CH1,POWER,3.25
1765627463966,CH1,POWER,3.25
1765627463973,CH1,POWER,3.25
1765627463978,CH1,POWER,3.25
1765627463982,CH1,POWER,3.25
1765627463987,CH1,POWER,3.25
1765627463992,CH1,POWER,3.25
1765627463997,CH1,POWER,3.25
1765627464002,CH1,POWER,3.25
1765627464006,CH1,POWER,3.25
1765627464011,CH1,POWER,3.25
1765627464015,CH1,POWER,3.25
1765627464019,CH1,POWER,3.25
1765627464024,CH1,POWER,3.25
1765627464028,CH1,POWER,3.25
1765627464032,CH1,POWER,3.25
1765627464036,CH1,POWER,3.25
1765627464041,CH1,POWER,3.25
1765627464045,CH1,POWER,3.25
1765627464051,CH1,POWER,3.25
1765627464055,CH1,POWER,3.25
1765627464059,CH1,POWER,3.25
1765627464065,CH1,POWER,3.25
1765627464071,CH1,POWER,3.25
1765627464075,CH1,POWER,3.25
1765627464079,CH1,POWER,3.25
1765627464084,CH1,POWER,3.25
1765627464089,CH1,POWER,3.25
1765627464094,CH1,POWER,3.25
1765627464098,CH1,POWER,3.25
1765627464105,CH1,POWER,3.25
1765627464109,CH1,POWER,3.25
1765627464115,CH1,POWER,3.25
1765627464121,CH1,POWER,3.25
1765627464125,CH1,POWER,3.25
1765627464133,CH1,POWER,3.25
1765627464137,CH1,POWER,3.25
1765627464142,CH1,POWER,3.25
1765627464146,CH1,POWER,3.25
1765627464151,CH1,POWER,3.25
1765627464155,CH1,POWER,3.25
1765627464159,CH1,POWER,3.25
1765627464165,CH1,POWER,3.25
1765627464171,CH1,POWER,3.25
1765627464175,CH1,POWER,3.25
1765627464181,CH1,POWER,3.25
1765627464185,CH1,POWER,3.25
1765627464189,CH1,POWER,3.25
1765627464195,CH1,POWER,3.25
1765627464201,CH1,POWER,3.25
1765627464205,CH1,POWER,3.25
1765627464211,CH1,POWER,3.25
1765627464215,CH1,POWER,3.25
1765627464219,CH1,POWER,3.25
1765627464225,CH1,POWER,3.25
1765627464233,CH1,POWER,3.25
1765627464237,CH1,POWER,3.25
1765627464243,CH1,POWER,3.25
1765627464248,CH1,POWER,3.25
1765627464252,CH1,POWER,3.25
1765627464257,CH1,POWER,3.25
1765627464263,CH1,POWER,3.25
1765627464267,CH1,POWER,3.25
1765627464272,CH1,POWER,3.25
1765627464275,CH1,POWER,3.55
1765627464277,CH1,POWER,3.55
1765627464279,CH1,POWER,3.55
1765627464307,CH1,POWER,3.55
1765627464313,CH1,POWER,3.55
1765627464317,CH1,POWER,3.55
1765627464323,CH1,POWER,3.55
1765627464327,CH1,POWER,3.55
1765627464333,CH1,POWER,3.55
1765627464337,CH1,POWER,3.55
1765627464343,CH1,POWER,3.55
1765627464347,CH1,POWER,3.55
1765627464351,CH1,POWER,3.55
1765627464357,CH1,POWER,3.55
1765627464361,CH1,POWER,3.55
1765627464367,CH1,POWER,3.55
1765627464373,CH1,POWER,3.55
1765627464377,CH1,POWER,3.55
1765627464383,CH1,POWER,3.55
1765627464387,CH1,POWER,3.55
1765627464393,CH1,POWER,3.55
1765627464397,CH1,POWER,3.55
1765627464405,CH1,POWER,3.55
1765627464411,CH1,POWER,3.55
1765627464416,CH1,POWER,3.55
1765627464421,CH1,POWER,3.55
1765627464427,CH1,POWER,3.55
1765627464431,CH1,POWER,3.55
1765627464436,CH1,POWER,3.55
1765627464440,CH1,POWER,3.55
1765627464444,CH1,POWER,3.55
1765627464449,CH1,POWER,3.55
1765627464455,CH1,POWER,3.55
1765627464459,CH1,POWER,3.55
1765627464464,CH1,POWER,3.55
1765627464468,CH1,POWER,3.55
1765627464475,CH1,POWER,3.55
1765627464480,CH1,POWER,3.55
1765627464487,CH1,POWER,3.55
1765627464493,CH1,POWER,3.55
1765627464497,CH1,POWER,3.55
1765627464501,CH1,POWER,3.55
1765627464507,CH1,POWER,3.55
1765627464511,CH1,POWER,3.55
1765627464517,CH1,POWER,3.55
1765627464525,CH1,POWER,3.55
1765627464530,CH1,POWER,3.55
1765627464537,CH1,POWER,3.55
1765627464543,CH1,POWER,3.55
1765627464547,CH1,POWER,3.55
1765627464555,CH1,POWER,3.55
1765627464560,CH1,POWER,3.55
1765627464567,CH1,POWER,3.55
1765627464575,CH1,POWER,3.55
1765627464580,CH1,POWER,3.55
1765627464587,CH1,POWER,3.55
1765627464593,CH1,POWER,3.55
1765627464597,CH1,POWER,3.55
1765627464603,CH1,POWER,3.55
1765627464607,CH1,POWER,3.55
1765627464611,CH1,POWER,3.55
1765627464617,CH1,POWER,3.55
1765627464623,CH1,POWER,3.55
1765627464627,CH1,POWER,3.55
1765627464633,CH1,POWER,3.55
1765627464637,CH1,POWER,3.55
1765627464643,CH1,POWER,3.55
1765627464647,CH1,POWER,3.55
1765627464651,CH1,POWER,3.55
1765627464657,CH1,POWER,3.55
1765627464662,CH1,POWER,3.25
1765627464689,CH1,POWER,3.25
1765627464695,CH1,POWER,3.25
1765627464699,CH1,POWER,3.25
1765627464707,CH1,POWER,3.25
1765627464712,CH1,POWER,3.25
1765627464719,CH1,POWER,3.25
1765627464723,CH1,POWER,3.25
1765627464728,CH1,POWER,3.25
1765627464732,CH1,POWER,3.25
1765627464736,CH1,POWER,3.25
1765627464742,CH1,POWER,3.25
1765627464746,CH1,POWER,3.25
1765627464750,CH1,POWER,3.25
1765627464757,CH1,POWER,3.25
1765627464761,CH1,POWER,3.25
1765627464766,CH1,POWER,3.25
1765627464771,CH1,POWER,3.25
1765627464776,CH1,POWER,3.25
1765627464780,CH1,POWER,3.25
1765627464786,CH1,POWER,3.25
1765627464791,CH1,POWER,3.25
1765627464796,CH1,POWER,3.25
1765627464800,CH1,POWER,3.25
1765627464807,CH1,POWER,3.25
1765627464812,CH1,POWER,3.25
1765627464816,CH1,POWER,3.25
1765627464821,CH1,POWER,3.25
1765627464827,CH1,POWER,3.25
1765627464831,CH1,POWER,3.25
1765627464836,CH1,POWER,3.25
1765627464840,CH1,POWER,3.25
1765627464845,CH1,POWER,3.25
1765627464849,CH1,POWER,3.25
1765627464853,CH1,POWER,3.25
1765627464859,CH1,POWER,3.25
1765627464867,CH1,POWER,3.25
1765627464871,CH1,POWER,3.25
1765627464877,CH1,POWER,3.25
1765627464881,CH1,POWER,3.25
1765627464887,CH1,POWER,3.25
1765627464893,CH1,POWER,3.25
1765627464899,CH1,POWER,3.25
1765627464903,CH1,POWER,3.25
1765627464908,CH1,POWER,3.25
1765627464915,CH1,POWER,3.25
1765627464919,CH1,POWER,3.25
1765627464925,CH1,POWER,3.25
1765627464930,CH1,POWER,3.25
1765627464935,CH1,POWER,3.25
1765627464939,CH1,POWER,3.25
1765627464945,CH1,POWER,3.25
1765627464949,CH1,POWER,3.25
1765627464955,CH1,POWER,3.25
1765627464959,CH1,POWER,3.25
1765627464963,CH1,POWER,3.25
1765627464969,CH1,POWER,3.25
1765627464973,CH1,POWER,3.25
1765627464979,CH1,POWER,3.25
1765627464985,CH1,POWER,3.25
1765627464989,CH1,POWER,3.25
1765627464995,CH1,POWER,3.25
1765627464999,CH1,POWER,3.25
1765627465003,CH1,POWER,3.25
1765627465009,CH1,POWER,3.25
1765627465013,CH1,POWER,3.25
1765627465019,CH1,POWER,3.25
1765627465027,CH1,POWER,3.25
1765627465031,CH1,POWER,3.25
1765627465037,CH1,POWER,3.25
1765627465043,CH1,POWER,3.25
1765627465049,CH1,POWER,3.25
1765627465052,CH1,POWER,3.25
1765627465078,CH1,POWER,3.25
1765627465083,CH1,POWER,3.25
1765627465088,CH1,POWER,3.25
1765627465092,CH1,POWER,3.25
1765627465099,CH1,POWER,3.25
1765627465104,CH1,POWER,3.25
1765627465108,CH1,POWER,3.25
1765627465113,CH1,POWER,3.25
1765627465119,CH1,POWER,3.25
1765627465123,CH1,POWER,3.25
1765627465128,CH1,POWER,3.25
1765627465132,CH1,POWER,3.25
1765627465139,CH1,POWER,3.25
1765627465144,CH1,POWER,3.25
1765627465150,CH1,POWER,3.25
1765627465154,CH1,POWER,3.25
1765627465158,CH1,POWER,3.25
1765627465163,CH1,POWER,3.25
1765627465169,CH1,POWER,3.25
1765627465173,CH1,POWER,3.25
1765627465179,CH1,POWER,3.25
1765627465184,CH1,POWER,3.25
1765627465191,CH1,POWER,3.25
1765627465195,CH1,POWER,3.25
1765627465201,CH1,POWER,3.25
1765627465207,CH1,POWER,3.25
1765627465211,CH1,POWER,3.25
1765627465215,CH1,POWER,3.25
1765627465220,CH1,POWER,3.25
1765627465224,CH1,POWER,3.25
1765627465228,CH1,POWER,3.25
1765627465232,CH1,POWER,3.25
1765627465237,CH1,POWER,3.25
1765627465241,CH1,POWER,3.25
1765627465245,CH1,POWER,3.25
1765627465250,CH1,POWER,3.25
1765627465254,CH1,POWER,3.25
1765627465261,CH1,POWER,3.25
1765627465269,CH1,POWER,3.25
1765627465274,CH1,POWER,3.25
1765627465278,CH1,POWER,3.25
1765627465283,CH1,POWER,3.25
1765627465289,CH1,POWER,3.25
1765627465293,CH1,POWER,3.25
1765627465298,CH1,POWER,3.25
1765627465302,CH1,POWER,3.25
1765627465308,CH1,POWER,3.25
1765627465313,CH1,POWER,3.25
1765627465319,CH1,POWER,3.25
1765627465323,CH1,POWER,3.25
1765627465329,CH1,POWER,3.25
1765627465334,CH1,POWER,3.25
1765627465340,CH1,POWER,3.25
1765627465344,CH1,POWER,3.25
1765627465351,CH1,POWER,3.25
1765627465355,CH1,POWER,3.25
1765627465360,CH1,POWER,3.25
1765627465365,CH1,POWER,3.25
1765627465371,CH1,POWER,3.25
1765627465377,CH1,POWER,3.25
1765627465381,CH1,POWER,3.25
1765627465385,CH1,POWER,3.25
1765627465391,CH1,POWER,3.25
1765627465397,CH1,POWER,3.25
1765627465401,CH1,POWER,3.25
1765627465409,CH1,POWER,3.25
1765627465414,CH1,POWER,3.25
1765627465421,CH1,POWER,3.25
1765627465425,CH1,POWER,3.25
1765627465430,CH1,POWER,3.25
1765627465435,CH1,POWER,3.25
1765627465440,CH1,POWER,3.25
1765627465444,CH1,POWER,3.25
1765627465470,CH1,POWER,3.25
1765627465475,CH1,POWER,3.25
1765627465480,CH1,POWER,3.25
1765627465484,CH1,POWER,3.25
1765627465491,CH1,POWER,3.25
1765627465497,CH1,POWER,3.25
1765627465503,CH1,POWER,3.25
1765627465508,CH1,POWER,3.25
1765627465513,CH1,POWER,3.25
1765627465517,CH1,POWER,3.25
1765627465523,CH1,POWER,3.25
1765627465529,CH1,POWER,3.25
1765627465533,CH1,POWER,3.25
1765627465539,CH1,POWER,3.25
1765627465545,CH1,POWER,3.25
1765627465550,CH1,POWER,3.25
1765627465554,CH1,POWER,3.25
1765627465559,CH1,POWER,3.25
1765627465563,CH1,POWER,3.25
1765627465567,CH1,POWER,3.25
1765627465572,CH1,POWER,3.25
1765627465576,CH1,POWER,3.25
1765627465583,CH1,POWER,3.25
1765627465588,CH1,POWER,3.25
1765627465593,CH1,POWER,3.25
1765627465598,CH1,POWER,3.25
1765627465603,CH1,POWER,3.25
1765627465609,CH1,POWER,3.25
1765627465613,CH1,POWER,3.25
1765627465617,CH1,POWER,3.25
1765627465623,CH1,POWER,3.25
1765627465629,CH1,POWER,3.25
1765627465633,CH1,POWER,3.25
1765627465638,CH1,POWER,3.25
1765627465643,CH1,POWER,3.25
1765627465648,CH1,POWER,3.25
1765627465653,CH1,POWER,3.25
1765627465657,CH1,POWER,3.25
1765627465663,CH1,POWER,3.25
1765627465669,CH1,POWER,3.25
1765627465673,CH1,POWER,3.25
1765627465678,CH1,POWER,3.25
1765627465683,CH1,POWER,3.25
1765627465687,CH1,POWER,3.25
1765627465692,CH1,POWER,3.25
1765627465696,CH1,POWER,3.25
1765627465700,CH1,POWER,3.25
1765627465706,CH1,POWER,3.25
1765627465710,CH1,POWER,3.25
1765627465714,CH1,POWER,3.25
1765627465721,CH1,POWER,3.25
1765627465725,CH1,POWER,3.25
1765627465730,CH1,POWER,3.25
1765627465734,CH1,POWER,3.25
1765627465739,CH1,POWER,3.25
1765627465743,CH1,POWER,3.25
1765627465747,CH1,POWER,3.25
1765627465753,CH1,POWER,3.25
1765627465759,CH1,POWER,3.25
1765627465763,CH1,POWER,3.25
1765627465767,CH1,POWER,3.25
1765627465773,CH1,POWER,3.25
1765627465781,CH1,POWER,3.25
1765627465786,CH1,POWER,3.25
1765627465790,CH1,POWER,3.25
1765627465795,CH1,POWER,3.25
1765627465801,CH1,POWER,3.25
1765627465805,CH1,POWER,3.25
1765627465810,CH1,POWER,3.25
1765627465816,CH1,POWER,3.25
1765627465823,CH1,POWER,3.25
1765627465828,CH1,POWER,3.25
1765627465832,CH1,POWER,3.65
1765627465834,CH1,POWER,3.65
1765627465836,CH1,POWER,3.65
1765627465862,CH1,POWER,3.65
1765627465867,CH1,POWER,3.65
1765627465872,CH1,POWER,3.65
1765627465876,CH1,POWER,3.65
1765627465883,CH1,POWER,3.65
1765627465888,CH1,POWER,3.65
1765627465894,CH1,POWER,3.65
1765627465899,CH1,POWER,3.65
1765627465905,CH1,POWER,3.65
1765627465909,CH1,POWER,3.65
1765627465914,CH1,POWER,3.65
1765627465921,CH1,POWER,3.65
1765627465925,CH1,POWER,3.65
1765627465929,CH1,POWER,3.65
1765627465935,CH1,POWER,3.65
1765627465941,CH1,POWER,3.65
1765627465945,CH1,POWER,3.65
1765627465949,CH1,POWER,3.65
1765627465955,CH1,POWER,3.65
1765627465961,CH1,POWER,3.65
1765627465965,CH1,POWER,3.65
1765627465970,CH1,POWER,3.65
1765627465975,CH1,POWER,3.65
1765627465983,CH1,POWER,3.65
1765627465989,CH1,POWER,3.65
1765627465994,CH1,POWER,3.65
1765627465998,CH1,POWER,3.65
1765627466004,CH1,POWER,3.65
1765627466009,CH1,POWER,3.65
1765627466015,CH1,POWER,3.65
1765627466021,CH1,POWER,3.65
1765627466025,CH1,POWER,3.65
1765627466031,CH1,POWER,3.65
1765627466035,CH1,POWER,3.65
1765627466043,CH1,POWER,3.65
1765627466049,CH1,POWER,3.65
1765627466054,CH1,POWER,3.65
1765627466058,CH1,POWER,3.65
1765627466065,CH1,POWER,3.65
1765627466069,CH1,POWER,3.65
1765627466074,CH1,POWER,3.65
1765627466078,CH1,POWER,3.65
1765627466082,CH1,POWER,3.65
1765627466087,CH1,POWER,3.65
1765627466093,CH1,POWER,3.65
1765627466098,CH1,POWER,3.65
1765627466105,CH1,POWER,3.65
1765627466109,CH1,POWER,3.65
1765627466115,CH1,POWER,3.65
1765627466123,CH1,POWER,3.65
1765627466128,CH1,POWER,3.65
1765627466135,CH1,POWER,3.65
1765627466143,CH1,POWER,3.65
1765627466148,CH1,POWER,3.65
1765627466155,CH1,POWER,3.65
1765627466159,CH1,POWER,3.65
1765627466165,CH1,POWER,3.65
1765627466169,CH1,POWER,3.65
1765627466175,CH1,POWER,3.65
1765627466179,CH1,POWER,3.65
1765627466185,CH1,POWER,3.65
1765627466189,CH1,POWER,3.65
1765627466195,CH1,POWER,3.65
1765627466199,CH1,POWER,3.65
1765627466205,CH1,POWER,3.65
1765627466209,CH1,POWER,3.65
1765627466215,CH1,POWER,3.65
1765627466219,CH1,POWER,3.65
1765627466225,CH1,POWER,3.65
1765627466228,CH1,POWER,3.40
1765627466254,CH1,POWER,3.40
1765627466259,CH1,POWER,3.40
1765627466265,CH1,POWER,3.40
1765627466270,CH1,POWER,3.40
1765627466277,CH1,POWER,3.40
1765627466283,CH1,POWER,3.40
1765627466287,CH1,POWER,3.40
1765627466292,CH1,POWER,3.40
1765627466297,CH1,POWER,3.40
1765627466302,CH1,POWER,3.40
1765627466307,CH1,POWER,3.40
1765627466315,CH1,POWER,3.40
1765627466320,CH1,POWER,3.40
1765627466327,CH1,POWER,3.40
1765627466333,CH1,POWER,3.40
1765627466337,CH1,POWER,3.40
1765627466343,CH1,POWER,3.40
1765627466347,CH1,POWER,3.40
1765627466351,CH1,POWER,3.40
1765627466357,CH1,POWER,3.40
1765627466363,CH1,POWER,3.40
1765627466367,CH1,POWER,3.40
1765627466375,CH1,POWER,3.40
1765627466380,CH1,POWER,3.40
1765627466387,CH1,POWER,3.40
1765627466395,CH1,POWER,3.40
1765627466400,CH1,POWER,3.40
1765627466407,CH1,POWER,3.40
1765627466412,CH1,POWER,3.40
1765627466417,CH1,POWER,3.40
1765627466422,CH1,POWER,3.40
1765627466427,CH1,POWER,3.40
1765627466433,CH1,POWER,3.40
1765627466437,CH1,POWER,3.40
1765627466441,CH1,POWER,3.40
1765627466447,CH1,POWER,3.40
1765627466453,CH1,POWER,3.40
1765627466457,CH1,POWER,3.40
1765627466462,CH1,POWER,3.40
1765627466467,CH1,POWER,3.40
1765627466471,CH1,POWER,3.40
1765627466476,CH1,POWER,3.40
1765627466480,CH1,POWER,3.40
1765627466487,CH1,POWER,3.40
1765627466493,CH1,POWER,3.40
1765627466497,CH1,POWER,3.40
1765627466505,CH1,POWER,3.40
1765627466511,CH1,POWER,3.40
1765627466516,CH1,POWER,3.40
1765627466520,CH1,POWER,3.40
1765627466526,CH1,POWER,3.40
1765627466530,CH1,POWER,3.40
1765627466534,CH1,POWER,3.40
1765627466539,CH1,POWER,3.40
1765627466545,CH1,POWER,3.40
1765627466550,CH1,POWER,3.40
1765627466557,CH1,POWER,3.40
1765627466563,CH1,POWER,3.40
1765627466567,CH1,POWER,3.40
1765627466575,CH1,POWER,3.40
1765627466580,CH1,POWER,3.40
1765627466587,CH1,POWER,3.40
1765627466595,CH1,POWER,3.40
1765627466600,CH1,POWER,3.40
1765627466607,CH1,POWER,3.40
1765627466611,CH1,POWER,3.25
1765627466638,CH1,POWER,3.25
1765627466643,CH1,POWER,3.25
1765627466648,CH1,POWER,3.25
1765627466652,CH1,POWER,3.25
1765627466659,CH1,POWER,3.25
1765627466664,CH1,POWER,3.25
1765627466669,CH1,POWER,3.25
1765627466674,CH1,POWER,3.25
1765627466679,CH1,POWER,3.25
1765627466685,CH1,POWER,3.25
1765627466689,CH1,POWER,3.25
1765627466693,CH1,POWER,3.25
1765627466699,CH1,POWER,3.25
1765627466705,CH1,POWER,3.25
1765627466709,CH1,POWER,3.25
1765627466717,CH1,POWER,3.25
1765627466721,CH1,POWER,3.25
1765627466726,CH1,POWER,3.25
1765627466731,CH1,POWER,3.25
1765627466739,CH1,POWER,3.25
1765627466745,CH1,POWER,3.25
1765627466749,CH1,POWER,3.25
1765627466754,CH1,POWER,3.25
1765627466759,CH1,POWER,3.25
1765627466763,CH1,POWER,3.25
1765627466769,CH1,POWER,3.25
1765627466773,CH1,POWER,3.25
1765627466779,CH1,POWER,3.25
1765627466785,CH1,POWER,3.25
1765627466789,CH1,POWER,3.25
1765627466793,CH1,POWER,3.25
1765627466799,CH1,POWER,3.25
1765627466803,CH1,POWER,3.25
1765627466808,CH1,POWER,3.25
1765627466812,CH1,POWER,3.25
1765627466816,CH1,POWER,3.25
1765627466822,CH1,POWER,3.25
1765627466828,CH1,POWER,3.25
1765627466833,CH1,POWER,3.25
1765627466838,CH1,POWER,3.25
1765627466842,CH1,POWER,3.25
1765627466846,CH1,POWER,3.25
1765627466852,CH1,POWER,3.25
1765627466859,CH1,POWER,3.25
1765627466865,CH1,POWER,3.25
1765627466869,CH1,POWER,3.25
1765627466877,CH1,POWER,3.25
1765627466882,CH1,POWER,3.25
1765627466889,CH1,POWER,3.25
1765627466895,CH1,POWER,3.25
1765627466899,CH1,POWER,3.25
1765627466905,CH1,POWER,3.25
1765627466909,CH1,POWER,3.25
1765627466914,CH1,POWER,3.25
1765627466919,CH1,POWER,3.25
1765627466924,CH1,POWER,3.25
1765627466929,CH1,POWER,3.25
1765627466937,CH1,POWER,3.25
1765627466943,CH1,POWER,3.25
1765627466948,CH1,POWER,3.25
1765627466952,CH1,POWER,3.25
1765627466959,CH1,POWER,3.25
1765627466963,CH1,POWER,3.25
1765627466968,CH1,POWER,3.25
1765627466972,CH1,POWER,3.25
1765627466979,CH1,POWER,3.25
1765627466984,CH1,POWER,3.25
1765627466989,CH1,POWER,3.25
1765627466994,CH1,POWER,3.25
1765627466999,CH1,POWER,3.25
1765627467027,CH1,POWER,3.25
1765627467032,CH1,POWER,3.25
1765627467039,CH1,POWER,3.25
1765627467044,CH1,POWER,3.25
1765627467048,CH1,POWER,3.25
1765627467053,CH1,POWER,3.25
1765627467061,CH1,POWER,3.25
1765627467066,CH1,POWER,3.25
1765627467071,CH1,POWER,3.25
1765627467077,CH1,POWER,3.25
1765627467081,CH1,POWER,3.25
1765627467086,CH1,POWER,3.25
1765627467091,CH1,POWER,3.25
1765627467096,CH1,POWER,3.25
1765627467101,CH1,POWER,3.25
1765627467106,CH1,POWER,3.25
1765627467111,CH1,POWER,3.25
1765627467115,CH1,POWER,3.25
1765627467120,CH1,POWER,3.25
1765627467125,CH1,POWER,3.25
1765627467130,CH1,POWER,3.25
1765627467134,CH1,POWER,3.25
1765627467141,CH1,POWER,3.25
1765627467147,CH1,POWER,3.25
1765627467151,CH1,POWER,3.25
1765627467156,CH1,POWER,3.25
1765627467161,CH1,POWER,3.25
1765627467169,CH1,POWER,3.25
1765627467175,CH1,POWER,3.25
1765627467181,CH1,POWER,3.25
1765627467186,CH1,POWER,3.25
1765627467191,CH1,POWER,3.25
1765627467196,CH1,POWER,3.25
1765627467201,CH1,POWER,3.25
1765627467209,CH1,POWER,3.25
1765627467214,CH1,POWER,3.25
1765627467221,CH1,POWER,3.25
1765627467226,CH1,POWER,3.25
1765627467231,CH1,POWER,3.25
1765627467236,CH1,POWER,3.25
1765627467241,CH1,POWER,3.25
1765627467245,CH1,POWER,3.25
1765627467250,CH1,POWER,3.25
1765627467257,CH1,POWER,3.25
1765627467261,CH1,POWER,3.25
1765627467266,CH1,POWER,3.25
1765627467271,CH1,POWER,3.25
1765627467276,CH1,POWER,3.25
1765627467281,CH1,POWER,3.25
1765627467289,CH1,POWER,3.25
1765627467294,CH1,POWER,3.25
1765627467301,CH1,POWER,3.25
1765627467306,CH1,POWER,3.25
1765627467311,CH1,POWER,3.25
1765627467316,CH1,POWER,3.25
1765627467321,CH1,POWER,3.25
1765627467325,CH1,POWER,3.25
1765627467330,CH1,POWER,3.25
1765627467334,CH1,POWER,3.25
1765627467341,CH1,POWER,3.25
1765627467347,CH1,POWER,3.25
1765627467351,CH1,POWER,3.25
1765627467356,CH1,POWER,3.25
1765627467361,CH1,POWER,3.25
1765627467369,CH1,POWER,3.25
1765627467375,CH1,POWER,3.25
1765627467380,CH1,POWER,3.25
1765627467385,CH1,POWER,3.25
1765627467390,CH1,POWER,3.25
1765627467393,CH1,POWER,3.00
1765627467395,CH1,POWER,3.00
1765627467422,CH1,POWER,3.00
1765627467427,CH1,POWER,3.00
1765627467432,CH1,POWER,3.00
1765627467438,CH1,POWER,3.00
1765627467443,CH1,POWER,3.00
1765627467448,CH1,POWER,3.00
1765627467453,CH1,POWER,3.00
1765627467459,CH1,POWER,3.00
1765627467463,CH1,POWER,3.00
1765627467467,CH1,POWER,3.00
1765627467473,CH1,POWER,3.00
1765627467479,CH1,POWER,3.00
1765627467483,CH1,POWER,3.00
1765627467491,CH1,POWER,3.00
1765627467497,CH1,POWER,3.00
1765627467503,CH1,POWER,3.00
1765627467509,CH1,POWER,3.00
1765627467513,CH1,POWER,3.00
1765627467517,CH1,POWER,3.00
1765627467523,CH1,POWER,3.00
1765627467528,CH1,POWER,3.00
1765627467533,CH1,POWER,3.00
1765627467538,CH1,POWER,3.00
1765627467543,CH1,POWER,3.00
1765627467548,CH1,POWER,3.00
1765627467553,CH1,POWER,3.00
1765627467561,CH1,POWER,3.00
1765627467567,CH1,POWER,3.00
1765627467572,CH1,POWER,3.00
1765627467576,CH1,POWER,3.00
1765627467583,CH1,POWER,3.00
1765627467587,CH1,POWER,3.00
1765627467592,CH1,POWER,3.00
1765627467597,CH1,POWER,3.00
1765627467602,CH1,POWER,3.00
1765627467607,CH1,POWER,3.00
1765627467613,CH1,POWER,3.00
1765627467619,CH1,POWER,3.00
1765627467623,CH1,POWER,3.00
1765627467627,CH1,POWER,3.00
1765627467632,CH1,POWER,3.00
1765627467636,CH1,POWER,3.00
1765627467640,CH1,POWER,3.00
1765627467644,CH1,POWER,3.00
1765627467650,CH1,POWER,3.00
1765627467656,CH1,POWER,3.00
1765627467663,CH1,POWER,3.00
1765627467669,CH1,POWER,3.00
1765627467673,CH1,POWER,3.00
1765627467677,CH1,POWER,3.00
1765627467682,CH1,POWER,3.00
1765627467686,CH1,POWER,3.00
1765627467693,CH1,POWER,3.00
1765627467699,CH1,POWER,3.00
1765627467703,CH1,POWER,3.00
1765627467709,CH1,POWER,3.00
1765627467713,CH1,POWER,3.00
1765627467721,CH1,POWER,3.00
1765627467727,CH1,POWER,3.00
1765627467732,CH1,POWER,3.00
1765627467736,CH1,POWER,3.00
1765627467743,CH1,POWER,3.00
1765627467747,CH1,POWER,3.00
1765627467753,CH1,POWER,3.00
1765627467761,CH1,POWER,3.00
1765627467767,CH1,POWER,3.00
1765627467772,CH1,POWER,3.00
1765627467776,CH1,POWER,3.00
1765627467783,CH1,POWER,3.00
1765627467786,CH1,POWER,3.25
1765627467814,CH1,POWER,3.25
1765627467819,CH1,POWER,3.25
1765627467824,CH1,POWER,3.25
1765627467828,CH1,POWER,3.25
1765627467835,CH1,POWER,3.25
1765627467840,CH1,POWER,3.25
1765627467845,CH1,POWER,3.25
1765627467850,CH1,POWER,3.25
1765627467855,CH1,POWER,3.25
1765627467860,CH1,POWER,3.25
1765627467865,CH1,POWER,3.25
1765627467869,CH1,POWER,3.25
1765627467875,CH1,POWER,3.25
1765627467879,CH1,POWER,3.25
1765627467885,CH1,POWER,3.25
1765627467890,CH1,POWER,3.25
1765627467895,CH1,POWER,3.25
1765627467903,CH1,POWER,3.25
1765627467907,CH1,POWER,3.25
1765627467912,CH1,POWER,3.25
1765627467918,CH1,POWER,3.25
1765627467925,CH1,POWER,3.25
1765627467933,CH1,POWER,3.25
1765627467938,CH1,POWER,3.25
1765627467945,CH1,POWER,3.25
1765627467953,CH1,POWER,3.25
1765627467959,CH1,POWER,3.25
1765627467964,CH1,POWER,3.25
1765627467969,CH1,POWER,3.25
1765627467975,CH1,POWER,3.25
1765627467979,CH1,POWER,3.25
1765627467984,CH1,POWER,3.25
1765627467988,CH1,POWER,3.25
1765627467992,CH1,POWER,3.25
1765627467996,CH1,POWER,3.25
1765627468003,CH1,POWER,3.25
1765627468009,CH1,POWER,3.25
1765627468014,CH1,POWER,3.25
1765627468018,CH1,POWER,3.25
1765627468022,CH1,POWER,3.25
1765627468026,CH1,POWER,3.25
1765627468030,CH1,POWER,3.25
1765627468035,CH1,POWER,3.25
1765627468039,CH1,POWER,3.25
1765627468045,CH1,POWER,3.25
1765627468049,CH1,POWER,3.25
1765627468055,CH1,POWER,3.25
1765627468059,CH1,POWER,3.25
1765627468065,CH1,POWER,3.25
1765627468069,CH1,POWER,3.25
1765627468075,CH1,POWER,3.25
1765627468079,CH1,POWER,3.25
1765627468084,CH1,POWER,3.25
1765627468089,CH1,POWER,3.25
1765627468095,CH1,POWER,3.25
1765627468100,CH1,POWER,3.25
1765627468105,CH1,POWER,3.25
1765627468109,CH1,POWER,3.25
1765627468115,CH1,POWER,3.25
1765627468120,CH1,POWER,3.25
1765627468125,CH1,POWER,3.25
1765627468130,CH1,POWER,3.25
1765627468135,CH1,POWER,3.25
1765627468139,CH1,POWER,3.25
1765627468144,CH1,POWER,3.25
1765627468148,CH1,POWER,3.25
1765627468154,CH1,POWER,3.25
1765627468159,CH1,POWER,3.25
1765627468165,CH1,POWER,3.25
1765627468170,CH1,POWER,3.25
1765627468175,CH1,POWER,3.25
1765627468177,CH1,POWER,3.25
1765627468204,CH1,POWER,3.25
1765627468209,CH1,POWER,3.25
1765627468214,CH1,POWER,3.25
1765627468218,CH1,POWER,3.25
1765627468225,CH1,POWER,3.25
1765627468229,CH1,POWER,3.25
1765627468235,CH1,POWER,3.25
1765627468239,CH1,POWER,3.25
1765627468245,CH1,POWER,3.25
1765627468250,CH1,POWER,3.25
1765627468257,CH1,POWER,3.25
1765627468262,CH1,POWER,3.25
1765627468267,CH1,POWER,3.25
1765627468271,CH1,POWER,3.25
1765627468276,CH1,POWER,3.25
1765627468281,CH1,POWER,3.25
1765627468287,CH1,POWER,3.25
1765627468291,CH1,POWER,3.25
1765627468297,CH1,POWER,3.25
1765627468301,CH1,POWER,3.25
1765627468307,CH1,POWER,3.25
1765627468312,CH1,POWER,3.25
1765627468317,CH1,POWER,3.25
1765627468322,CH1,POWER,3.25
1765627468327,CH1,POWER,3.25
1765627468332,CH1,POWER,3.25
1765627468337,CH1,POWER,3.25
1765627468341,CH1,POWER,3.25
1765627468346,CH1,POWER,3.25
1765627468351,CH1,POWER,3.25
1765627468357,CH1,POWER,3.25
1765627468362,CH1,POWER,3.25
1765627468367,CH1,POWER,3.25
1765627468371,CH1,POWER,3.25
1765627468377,CH1,POWER,3.25
1765627468382,CH1,POWER,3.25
1765627468387,CH1,POWER,3.25
1765627468391,CH1,POWER,3.25
1765627468397,CH1,POWER,3.25
1765627468403,CH1,POWER,3.25
1765627468407,CH1,POWER,3.25
1765627468415,CH1,POWER,3.25
1765627468420,CH1,POWER,3.25
1765627468427,CH1,POWER,3.25
1765627468433,CH1,POWER,3.25
1765627468437,CH1,POWER,3.25
1765627468443,CH1,POWER,3.25
1765627468447,CH1,POWER,3.25
1765627468452,CH1,POWER,3.25
1765627468457,CH1,POWER,3.25
1765627468461,CH1,POWER,3.25
1765627468467,CH1,POWER,3.25
1765627468471,CH1,POWER,3.25
1765627468476,CH1,POWER,3.25
1765627468480,CH1,POWER,3.25
1765627468484,CH1,POWER,3.25
1765627468488,CH1,POWER,3.25
1765627468494,CH1,POWER,3.25
1765627468498,CH1,POWER,3.25
1765627468505,CH1,POWER,3.25
1765627468511,CH1,POWER,3.25
1765627468516,CH1,POWER,3.25
1765627468520,CH1,POWER,3.25
1765627468527,CH1,POWER,3.25
1765627468531,CH1,POWER,3.25
1765627468536,CH1,POWER,3.25
1765627468540,CH1,POWER,3.25
1765627468547,CH1,POWER,3.25
1765627468553,CH1,POWER,3.25
1765627468557,CH1,POWER,3.25
1765627468562,CH1,POWER,3.25
1765627468567,CH1,POWER,3.25
1765627468570,CH1,POWER,3.25
1765627468596,CH1,POWER,3.25
1765627468601,CH1,POWER,3.25
1765627468606,CH1,POWER,3.25
1765627468610,CH1,POWER,3.25
1765627468614,CH1,POWER,3.25
1765627468619,CH1,POWER,3.25
1765627468623,CH1,POWER,3.25
1765627468628,CH1,POWER,3.25
1765627468632,CH1,POWER,3.25
1765627468638,CH1,POWER,3.25
1765627468644,CH1,POWER,3.25
1765627468649,CH1,POWER,3.25
1765627468654,CH1,POWER,3.25
1765627468659,CH1,POWER,3.25
1765627468663,CH1,POWER,3.25
1765627468669,CH1,POWER,3.25
1765627468674,CH1,POWER,3.25
1765627468679,CH1,POWER,3.25
1765627468684,CH1,POWER,3.25
1765627468689,CH1,POWER,3.25
1765627468694,CH1,POWER,3.25
1765627468699,CH1,POWER,3.25
1765627468704,CH1,POWER,3.25
1765627468709,CH1,POWER,3.25
1765627468713,CH1,POWER,3.25
1765627468719,CH1,POWER,3.25
1765627468723,CH1,POWER,3.25
1765627468729,CH1,POWER,3.25
1765627468733,CH1,POWER,3.25
1765627468739,CH1,POWER,3.25
1765627468744,CH1,POWER,3.25
1765627468749,CH1,POWER,3.25
1765627468754,CH1,POWER,3.25
1765627468759,CH1,POWER,3.25
1765627468763,CH1,POWER,3.25
1765627468769,CH1,POWER,3.25
1765627468773,CH1,POWER,3.25
1765627468779,CH1,POWER,3.25
1765627468783,CH1,POWER,3.25
1765627468789,CH1,POWER,3.25
1765627468794,CH1,POWER,3.25
1765627468799,CH1,POWER,3.25
1765627468804,CH1,POWER,3.25
1765627468809,CH1,POWER,3.25
1765627468813,CH1,POWER,3.25
1765627468819,CH1,POWER,3.25
1765627468823,CH1,POWER,3.25
1765627468829,CH1,POWER,3.25
1765627468834,CH1,POWER,3.25
1765627468839,CH1,POWER,3.25
1765627468844,CH1,POWER,3.25
1765627468849,CH1,POWER,3.25
1765627468854,CH1,POWER,3.25
1765627468859,CH1,POWER,3.25
1765627468867,CH1,POWER,3.25
1765627468871,CH1,POWER,3.25
1765627468877,CH1,POWER,3.25
1765627468881,CH1,POWER,3.25
1765627468889,CH1,POWER,3.25
1765627468894,CH1,POWER,3.25
1765627468899,CH1,POWER,3.25
1765627468904,CH1,POWER,3.25
1765627468909,CH1,POWER,3.25
1765627468914,CH1,POWER,3.25
1765627468919,CH1,POWER,3.25
1765627468924,CH1,POWER,3.25
1765627468929,CH1,POWER,3.25
1765627468933,CH1,POWER,3.25
1765627468938,CH1,POWER,3.25
1765627468942,CH1,POWER,3.25
1765627468948,CH1,POWER,3.25
1765627468953,CH1,POWER,3.25
1765627468959,CH1,POWER,3.25
1765627468987,CH1,POWER,3.25
1765627468993,CH1,POWER,3.60
1765627468998,CH1,POWER,3.60
1765627469002,CH1,POWER,3.60
1765627469009,CH1,POWER,3.60
1765627469014,CH1,POWER,3.60
1765627469021,CH1,POWER,3.60
1765627469026,CH1,POWER,3.60
1765627469031,CH1,POWER,3.60
1765627469036,CH1,POWER,3.60
1765627469041,CH1,POWER,3.60
1765627469045,CH1,POWER,3.60
1765627469051,CH1,POWER,3.60
1765627469055,CH1,POWER,3.60
1765627469060,CH1,POWER,3.60
1765627469065,CH1,POWER,3.60
1765627469070,CH1,POWER,3.60
1765627469076,CH1,POWER,3.60
1765627469081,CH1,POWER,3.60
1765627469085,CH1,POWER,3.60
1765627469090,CH1,POWER,3.60
1765627469095,CH1,POWER,3.60
1765627469101,CH1,POWER,3.60
1765627469105,CH1,POWER,3.60
1765627469110,CH1,POWER,3.60
1765627469114,CH1,POWER,3.60
1765627469121,CH1,POWER,3.60
1765627469126,CH1,POWER,3.60
1765627469131,CH1,POWER,3.60
1765627469136,CH1,POWER,3.60
1765627469141,CH1,POWER,3.60
1765627469149,CH1,POWER,3.60
1765627469154,CH1,POWER,3.60
1765627469158,CH1,POWER,3.60
1765627469164,CH1,POWER,3.60
1765627469168,CH1,POWER,3.60
1765627469172,CH1,POWER,3.60
1765627469176,CH1,POWER,3.60
1765627469181,CH1,POWER,3.60
1765627469186,CH1,POWER,3.60
1765627469191,CH1,POWER,3.60
1765627469196,CH1,POWER,3.60
1765627469201,CH1,POWER,3.60
1765627469205,CH1,POWER,3.60
1765627469210,CH1,POWER,3.60
1765627469215,CH1,POWER,3.60
1765627469220,CH1,POWER,3.60
1765627469224,CH1,POWER,3.60
1765627469228,CH1,POWER,3.60
1765627469232,CH1,POWER,3.60
1765627469236,CH1,POWER,3.60
1765627469241,CH1,POWER,3.60
1765627469245,CH1,POWER,3.60
1765627469250,CH1,POWER,3.60
1765627469256,CH1,POWER,3.60
1765627469261,CH1,POWER,3.60
1765627469266,CH1,POWER,3.60
1765627469271,CH1,POWER,3.60
1765627469275,CH1,POWER,3.60
1765627469280,CH1,POWER,3.60
1765627469284,CH1,POWER,3.60
1765627469288,CH1,POWER,3.60
1765627469293,CH1,POWER,3.60
1765627469298,CH1,POWER,3.60
1765627469303,CH1,POWER,3.60
1765627469309,CH1,POWER,3.60
1765627469313,CH1,POWER,3.60
1765627469318,CH1,POWER,3.60
1765627469323,CH1,POWER,3.60
1765627469328,CH1,POWER,3.60
1765627469333,CH1,POWER,3.60
1765627469339,CH1,POWER,3.60
1765627469343,CH1,POWER,3.60
1765627469348,CH1,POWER,3.60
1765627469352,CH1,POWER,3.60
1765627469354,CH1,POWER,3.30
1765627469380,CH1,POWER,3.30
1765627469385,CH1,POWER,3.30
1765627469390,CH1,POWER,3.30
1765627469394,CH1,POWER,3.30
1765627469398,CH1,POWER,3.30
1765627469403,CH1,POWER,3.30
1765627469407,CH1,POWER,3.30
1765627469412,CH1,POWER,3.30
1765627469417,CH1,POWER,3.30
1765627469423,CH1,POWER,3.30
1765627469428,CH1,POWER,3.30
1765627469433,CH1,POWER,3.30
1765627469437,CH1,POWER,3.30
1765627469442,CH1,POWER,3.30
1765627469447,CH1,POWER,3.30
1765627469453,CH1,POWER,3.30
1765627469458,CH1,POWER,3.30
1765627469463,CH1,POWER,3.30
1765627469467,CH1,POWER,3.30
1765627469473,CH1,POWER,3.30
1765627469478,CH1,POWER,3.30
1765627469483,CH1,POWER,3.30
1765627469488,CH1,POWER,3.30
1765627469493,CH1,POWER,3.30
1765627469497,CH1,POWER,3.30
1765627469503,CH1,POWER,3.30
1765627469507,CH1,POWER,3.30
1765627469513,CH1,POWER,3.30
1765627469518,CH1,POWER,3.30
1765627469523,CH1,POWER,3.30
1765627469528,CH1,POWER,3.30
1765627469533,CH1,POWER,3.30
1765627469541,CH1,POWER,3.30
1765627469546,CH1,POWER,3.30
1765627469553,CH1,POWER,3.30
1765627469558,CH1,POWER,3.30
1765627469563,CH1,POWER,3.30
1765627469568,CH1,POWER,3.30
1765627469573,CH1,POWER,3.30
1765627469577,CH1,POWER,3.30
1765627469582,CH1,POWER,3.30
1765627469587,CH1,POWER,3.30
1765627469593,CH1,POWER,3.30
1765627469598,CH1,POWER,3.30
1765627469603,CH1,POWER,3.30
1765627469608,CH1,POWER,3.30
1765627469613,CH1,POWER,3.30
1765627469617,CH1,POWER,3.30
1765627469623,CH1,POWER,3.30
1765627469628,CH1,POWER,3.30
1765627469633,CH1,POWER,3.30
1765627469637,CH1,POWER,3.30
1765627469642,CH1,POWER,3.30
1765627469647,CH1,POWER,3.30
1765627469653,CH1,POWER,3.30
1765627469657,CH1,POWER,3.30
1765627469663,CH1,POWER,3.30
1765627469668,CH1,POWER,3.30
1765627469673,CH1,POWER,3.30
1765627469677,CH1,POWER,3.30
1765627469683,CH1,POWER,3.30
1765627469688,CH1,POWER,3.30
1765627469693,CH1,POWER,3.30
1765627469698,CH1,POWER,3.30
1765627469703,CH1,POWER,3.30
1765627469708,CH1,POWER,3.30
1765627469713,CH1,POWER,3.30
1765627469717,CH1,POWER,3.30
1765627469722,CH1,POWER,3.30
1765627469727,CH1,POWER,3.30
1765627469732,CH1,POWER,3.30
1765627469737,CH1,POWER,3.30
1765627469743,CH1,POWER,3.30
1765627469748,CH1,POWER,3.30
1765627469751,CH1,POWER,3.25
1765627469753,CH1,POWER,3.25
1765627469756,CH1,POWER,3.25
1765627469782,CH1,POWER,3.25
1765627469787,CH1,POWER,3.25
1765627469792,CH1,POWER,3.25
1765627469797,CH1,POWER,3.25
1765627469802,CH1,POWER,3.25
1765627469807,CH1,POWER,3.25
1765627469813,CH1,POWER,3.25
1765627469817,CH1,POWER,3.25
1765627469823,CH1,POWER,3.25
1765627469828,CH1,POWER,3.25
1765627469835,CH1,POWER,3.25
1765627469840,CH1,POWER,3.25
1765627469845,CH1,POWER,3.25
1765627469850,CH1,POWER,3.25
1765627469855,CH1,POWER,3.25
1765627469860,CH1,POWER,3.25
1765627469865,CH1,POWER,3.25
1765627469870,CH1,POWER,3.25
1765627469875,CH1,POWER,3.25
1765627469879,CH1,POWER,3.25
1765627469884,CH1,POWER,3.25
1765627469889,CH1,POWER,3.25
1765627469894,CH1,POWER,3.25
1765627469898,CH1,POWER,3.25
1765627469902,CH1,POWER,3.25
1765627469907,CH1,POWER,3.25
1765627469912,CH1,POWER,3.25
1765627469916,CH1,POWER,3.25
1765627469923,CH1,POWER,3.25
1765627469928,CH1,POWER,3.25
1765627469935,CH1,POWER,3.25
1765627469940,CH1,POWER,3.25
1765627469945,CH1,POWER,3.25
1765627469949,CH1,POWER,3.25
1765627469955,CH1,POWER,3.25
1765627469960,CH1,POWER,3.25
1765627469965,CH1,POWER,3.25
1765627469970,CH1,POWER,3.25
1765627469975,CH1,POWER,3.25
1765627469980,CH1,POWER,3.25
1765627469985,CH1,POWER,3.25
1765627469989,CH1,POWER,3.25
1765627469994,CH1,POWER,3.25
1765627469999,CH1,POWER,3.25
1765627470005,CH1,POWER,3.25
1765627470010,CH1,POWER,3.25
1765627470015,CH1,POWER,3.25
1765627470020,CH1,POWER,3.25
1765627470025,CH1,POWER,3.25
1765627470033,CH1,POWER,3.25
1765627470038,CH1,POWER,3.25
1765627470045,CH1,POWER,3.25
1765627470049,CH1,POWER,3.25
1765627470054,CH1,POWER,3.25
1765627470058,CH1,POWER,3.25
1765627470065,CH1,POWER,3.25
1765627470070,CH1,POWER,3.25
1765627470075,CH1,POWER,3.25
1765627470080,CH1,POWER,3.25
1765627470085,CH1,POWER,3.25
1765627470090,CH1,POWER,3.25
1765627470095,CH1,POWER,3.25
1765627470100,CH1,POWER,3.25
1765627470105,CH1,POWER,3.25
1765627470110,CH1,POWER,3.25
1765627470115,CH1,POWER,3.25
1765627470119,CH1,POWER,3.25
1765627470124,CH1,POWER,3.25
1765627470129,CH1,POWER,3.25
1765627470134,CH1,POWER,3.25
1765627470139,CH1,POWER,3.25
1765627470145,CH1,POWER,3.25
1765627470150,CH1,POWER,3.25
1765627470155,CH1,POWER,3.25
1765627470157,CH1,POWER,3.25
1765627470184,CH1,POWER,3.25
1765627470189,CH1,POWER,3.25
1765627470194,CH1,POWER,3.25
1765627470200,CH1,POWER,3.25
1765627470207,CH1,POWER,3.25
1765627470212,CH1,POWER,3.25
1765627470217,CH1,POWER,3.25
1765627470222,CH1,POWER,3.25
1765627470227,CH1,POWER,3.25
1765627470232,CH1,POWER,3.25
1765627470237,CH1,POWER,3.25
1765627470242,CH1,POWER,3.25
1765627470247,CH1,POWER,3.25
1765627470252,CH1,POWER,3.25
1765627470257,CH1,POWER,3.25
1765627470265,CH1,POWER,3.25
1765627470271,CH1,POWER,3.25
1765627470276,CH1,POWER,3.25
1765627470282,CH1,POWER,3.25
1765627470287,CH1,POWER,3.25
1765627470295,CH1,POWER,3.25
1765627470299,CH1,POWER,3.25
1765627470305,CH1,POWER,3.25
1765627470310,CH1,POWER,3.25
1765627470317,CH1,POWER,3.25
1765627470322,CH1,POWER,3.25
1765627470327,CH1,POWER,3.25
1765627470332,CH1,POWER,3.25
1765627470337,CH1,POWER,3.25
1765627470341,CH1,POWER,3.25
1765627470346,CH1,POWER,3.25
1765627470350,CH1,POWER,3.25
1765627470356,CH1,POWER,3.25
1765627470361,CH1,POWER,3.25
1765627470366,CH1,POWER,3.25
1765627470371,CH1,POWER,3.25
1765627470376,CH1,POWER,3.25
1765627470382,CH1,POWER,3.25
1765627470387,CH1,POWER,3.25
1765627470392,CH1,POWER,3.25
1765627470397,CH1,POWER,3.25
1765627470405,CH1,POWER,3.25
1765627470410,CH1,POWER,3.25
1765627470416,CH1,POWER,3.25
1765627470421,CH1,POWER,3.25
1765627470427,CH1,POWER,3.25
1765627470435,CH1,POWER,3.25
1765627470440,CH1,POWER,3.25
1765627470446,CH1,POWER,3.25
1765627470452,CH1,POWER,3.25
1765627470457,CH1,POWER,3.25
1765627470465,CH1,POWER,3.25
1765627470471,CH1,POWER,3.25
1765627470477,CH1,POWER,3.25
1765627470482,CH1,POWER,3.25
1765627470487,CH1,POWER,3.25
1765627470492,CH1,POWER,3.25
1765627470497,CH1,POWER,3.25
1765627470505,CH1,POWER,3.25
1765627470510,CH1,POWER,3.25
1765627470517,CH1,POWER,3.25
1765627470521,CH1,POWER,3.25
1765627470527,CH1,POWER,3.25
1765627470532,CH1,POWER,3.25
1765627470537,CH1,POWER,3.25
1765627470542,CH1,POWER,3.25
1765627470547,CH1,POWER,3.25
1765627470549,CH1,POWER,3.25
1765627470576,CH1,POWER,3.25
1765627470581,CH1,POWER,3.25
1765627470586,CH1,POWER,3.25
1765627470590,CH1,POWER,3.25
1765627470596,CH1,POWER,3.25
1765627470602,CH1,POWER,3.25
1765627470608,CH1,POWER,3.25
1765627470613,CH1,POWER,3.25
1765627470619,CH1,POWER,3.25
1765627470624,CH1,POWER,3.25
1765627470629,CH1,POWER,3.25
1765627470634,CH1,POWER,3.25
1765627470639,CH1,POWER,3.25
1765627470644,CH1,POWER,3.25
1765627470649,CH1,POWER,3.25
1765627470656,CH1,POWER,3.25
1765627470661,CH1,POWER,3.25
1765627470665,CH1,POWER,3.25
1765627470670,CH1,POWER,3.25
1765627470677,CH1,POWER,3.25
1765627470682,CH1,POWER,3.25
1765627470689,CH1,POWER,3.25
1765627470693,CH1,POWER,3.25
1765627470698,CH1,POWER,3.25
1765627470702,CH1,POWER,3.25
1765627470708,CH1,POWER,3.25
1765627470713,CH1,POWER,3.25
1765627470718,CH1,POWER,3.25
1765627470723,CH1,POWER,3.25
1765627470729,CH1,POWER,3.25
1765627470734,CH1,POWER,3.25
1765627470739,CH1,POWER,3.25
1765627470744,CH1,POWER,3.25
1765627470749,CH1,POWER,3.25
1765627470757,CH1,POWER,3.25
1765627470762,CH1,POWER,3.25
1765627470768,CH1,POWER,3.25
1765627470773,CH1,POWER,3.25
1765627470779,CH1,POWER,3.25
1765627470784,CH1,POWER,3.25
1765627470789,CH1,POWER,3.25
1765627470794,CH1,POWER,3.25
1765627470799,CH1,POWER,3.25
1765627470807,CH1,POWER,3.25
1765627470812,CH1,POWER,3.25
1765627470819,CH1,POWER,3.25
1765627470824,CH1,POWER,3.25
1765627470829,CH1,POWER,3.25
1765627470834,CH1,POWER,3.25
1765627470839,CH1,POWER,3.25
1765627470843,CH1,POWER,3.25
1765627470848,CH1,POWER,3.25
1765627470853,CH1,POWER,3.25
1765627470858,CH1,POWER,3.25
1765627470863,CH1,POWER,3.25
1765627470869,CH1,POWER,3.25
1765627470877,CH1,POWER,3.25
1765627470883,CH1,POWER,3.25
1765627470888,CH1,POWER,3.25
1765627470893,CH1,POWER,3.25
1765627470898,CH1,POWER,3.25
1765627470903,CH1,POWER,3.25
1765627470908,CH1,POWER,3.25
1765627470914,CH1,POWER,3.25
1765627470919,CH1,POWER,3.25
1765627470927,CH1,POWER,3.25
1765627470932,CH1,POWER,3.25
1765627470937,CH1,POWER,3.70
1765627470939,CH1,POWER,3.70
1765627470942,CH1,POWER,3.70
1765627470968,CH1,POWER,3.70
1765627470973,CH1,POWER,3.70
1765627470978,CH1,POWER,3.70
1765627470983,CH1,POWER,3.70
1765627470988,CH1,POWER,3.70
1765627470994,CH1,POWER,3.70
1765627470998,CH1,POWER,3.70
1765627471003,CH1,POWER,3.70
1765627471010,CH1,POWER,3.70
1765627471015,CH1,POWER,3.70
1765627471021,CH1,POWER,3.70
1765627471026,CH1,POWER,3.70
1765627471031,CH1,POWER,3.70
1765627471036,CH1,POWER,3.70
1765627471041,CH1,POWER,3.70
1765627471046,CH1,POWER,3.70
1765627471051,CH1,POWER,3.70
1765627471056,CH1,POWER,3.70
1765627471061,CH1,POWER,3.70
1765627471066,CH1,POWER,3.70
1765627471071,CH1,POWER,3.70
1765627471076,CH1,POWER,3.70
1765627471081,CH1,POWER,3.70
1765627471086,CH1,POWER,3.70
1765627471091,CH1,POWER,3.70
1765627471098,CH1,POWER,3.70
1765627471103,CH1,POWER,3.70
1765627471108,CH1,POWER,3.70
1765627471112,CH1,POWER,3.70
1765627471118,CH1,POWER,3.70
1765627471124,CH1,POWER,3.70
1765627471131,CH1,POWER,3.70
1765627471139,CH1,POWER,3.70
1765627471144,CH1,POWER,3.70
1765627471150,CH1,POWER,3.70
1765627471155,CH1,POWER,3.70
1765627471161,CH1,POWER,3.70
1765627471165,CH1,POWER,3.70
1765627471169,CH1,POWER,3.70
1765627471174,CH1,POWER,3.70
1765627471180,CH1,POWER,3.70
1765627471185,CH1,POWER,3.70
1765627471190,CH1,POWER,3.70
1765627471195,CH1,POWER,3.70
1765627471200,CH1,POWER,3.70
1765627471205,CH1,POWER,3.70
1765627471210,CH1,POWER,3.70
1765627471215,CH1,POWER,3.70
1765627471221,CH1,POWER,3.70
1765627471225,CH1,POWER,3.70
1765627471230,CH1,POWER,3.70
1765627471233,CH1,POWER,3.70
1765627471237,CH1,POWER,3.70
1765627471242,CH1,POWER,3.70
1765627471248,CH1,POWER,3.70
1765627471253,CH1,POWER,3.70
1765627471261,CH1,POWER,3.70
1765627471269,CH1,POWER,3.70
1765627471274,CH1,POWER,3.70
1765627471281,CH1,POWER,3.70
1765627471286,CH1,POWER,3.70
1765627471291,CH1,POWER,3.70
1765627471296,CH1,POWER,3.70
1765627471301,CH1,POWER,3.70
1765627471309,CH1,POWER,3.70
1765627471314,CH1,POWER,3.70
1765627471321,CH1,POWER,3.70
1765627471329,CH1,POWER,3.70
1765627471331,CH1,POWER,3.30
1765627471334,CH1,POWER,3.30
1765627471360,CH1,POWER,3.30
1765627471365,CH1,POWER,3.30
1765627471370,CH1,POWER,3.30
1765627471374,CH1,POWER,3.30
1765627471381,CH1,POWER,3.30
1765627471387,CH1,POWER,3.30
1765627471392,CH1,POWER,3.30
1765627471397,CH1,POWER,3.30
1765627471402,CH1,POWER,3.30
1765627471406,CH1,POWER,3.30
1765627471413,CH1,POWER,3.30
1765627471418,CH1,POWER,3.30
1765627471423,CH1,POWER,3.30
1765627471428,CH1,POWER,3.30
1765627471433,CH1,POWER,3.30
1765627471438,CH1,POWER,3.30
1765627471443,CH1,POWER,3.30
1765627471448,CH1,POWER,3.30
1765627471453,CH1,POWER,3.30
1765627471461,CH1,POWER,3.30
1765627471466,CH1,POWER,3.30
1765627471472,CH1,POWER,3.30
1765627471477,CH1,POWER,3.30
1765627471483,CH1,POWER,3.30
1765627471488,CH1,POWER,3.30
1765627471493,CH1,POWER,3.30
1765627471498,CH1,POWER,3.30
1765627471503,CH1,POWER,3.30
1765627471508,CH1,POWER,3.30
1765627471513,CH1,POWER,3.30
1765627471521,CH1,POWER,3.30
1765627471526,CH1,POWER,3.30
1765627471532,CH1,POWER,3.30
1765627471537,CH1,POWER,3.30
1765627471542,CH1,POWER,3.30
1765627471546,CH1,POWER,3.30
1765627471553,CH1,POWER,3.30
1765627471558,CH1,POWER,3.30
1765627471563,CH1,POWER,3.30
1765627471571,CH1,POWER,3.30
1765627471576,CH1,POWER,3.30
1765627471582,CH1,POWER,3.30
1765627471587,CH1,POWER,3.30
1765627471592,CH1,POWER,3.30
1765627471598,CH1,POWER,3.30
1765627471603,CH1,POWER,3.30
1765627471608,CH1,POWER,3.30
1765627471613,CH1,POWER,3.30
1765627471618,CH1,POWER,3.30
1765627471623,CH1,POWER,3.30
1765627471627,CH1,POWER,3.30
1765627471632,CH1,POWER,3.30
1765627471637,CH1,POWER,3.30
1765627471642,CH1,POWER,3.30
1765627471647,CH1,POWER,3.30
1765627471653,CH1,POWER,3.30
1765627471658,CH1,POWER,3.30
1765627471663,CH1,POWER,3.30
1765627471667,CH1,POWER,3.30
1765627471672,CH1,POWER,3.30
1765627471677,CH1,POWER,3.30
1765627471683,CH1,POWER,3.30
1765627471688,CH1,POWER,3.30
1765627471693,CH1,POWER,3.30
1765627471698,CH1,POWER,3.30
1765627471703,CH1,POWER,3.30
1765627471710,CH1,POWER,3.30
1765627471715,CH1,POWER,3.30
1765627471742,CH1,POWER,3.25
1765627471747,CH1,POWER,3.25
1765627471752,CH1,POWER,3.25
1765627471757,CH1,POWER,3.25
1765627471762,CH1,POWER,3.25
1765627471765,CH1,POWER,3.25
1765627471770,CH1,POWER,3.25
1765627471774,CH1,POWER,3.25
1765627471779,CH1,POWER,3.25
1765627471784,CH1,POWER,3.25
1765627471789,CH1,POWER,3.25
1765627471794,CH1,POWER,3.25
1765627471799,CH1,POWER,3.25
1765627471804,CH1,POWER,3.25
1765627471809,CH1,POWER,3.25
1765627471814,CH1,POWER,3.25
1765627471819,CH1,POWER,3.25
1765627471823,CH1,POWER,3.25
1765627471828,CH1,POWER,3.25
1765627471835,CH1,POWER,3.25
1765627471840,CH1,POWER,3.25
1765627471845,CH1,POWER,3.25
1765627471850,CH1,POWER,3.25
1765627471855,CH1,POWER,3.25
1765627471860,CH1,POWER,3.25
1765627471865,CH1,POWER,3.25
1765627471868,CH1,POWER,3.25
1765627471875,CH1,POWER,3.25
1765627471880,CH1,POWER,3.25
1765627471885,CH1,POWER,3.25
1765627471890,CH1,POWER,3.25
1765627471895,CH1,POWER,3.25
1765627471903,CH1,POWER,3.25
1765627471908,CH1,POWER,3.25
1765627471914,CH1,POWER,3.25
1765627471919,CH1,POWER,3.25
1765627471924,CH1,POWER,3.25
1765627471929,CH1,POWER,3.25
1765627471934,CH1,POWER,3.25
1765627471939,CH1,POWER,3.25
1765627471944,CH1,POWER,3.25
1765627471950,CH1,POWER,3.25
1765627471955,CH1,POWER,3.25
1765627471960,CH1,POWER,3.25
1765627471965,CH1,POWER,3.25
1765627471973,CH1,POWER,3.25
1765627471979,CH1,POWER,3.25
1765627471985,CH1,POWER,3.25
1765627471989,CH1,POWER,3.25
1765627471994,CH1,POWER,3.25
1765627472000,CH1,POWER,3.25
1765627472005,CH1,POWER,3.25
1765627472010,CH1,POWER,3.25
1765627472014,CH1,POWER,3.25
1765627472019,CH1,POWER,3.25
1765627472023,CH1,POWER,3.25
1765627472028,CH1,POWER,3.25
1765627472034,CH1,POWER,3.25
1765627472039,CH1,POWER,3.25
1765627472043,CH1,POWER,3.25
1765627472047,CH1,POWER,3.25
1765627472052,CH1,POWER,3.25
1765627472057,CH1,POWER,3.25
1765627472061,CH1,POWER,3.25
1765627472066,CH1,POWER,3.25
1765627472072,CH1,POWER,3.25
1765627472077,CH1,POWER,3.25
1765627472081,CH1,POWER,3.25
1765627472086,CH1,POWER,3.25
1765627472092,CH1,POWER,3.25
1765627472097,CH1,POWER,3.25
1765627472101,CH1,POWER,3.25
1765627472106,CH1,POWER,3.25
1765627472110,CH1,POWER,3.25
1765627472137,CH1,POWER,3.25
1765627472142,CH1,POWER,3.25
1765627472147,CH1,POWER,3.25
1765627472155,CH1,POWER,3.25
1765627472160,CH1,POWER,3.25
1765627472167,CH1,POWER,3.25
1765627472174,CH1,POWER,3.25
1765627472178,CH1,POWER,3.25
1765627472184,CH1,POWER,3.25
1765627472188,CH1,POWER,3.25
1765627472195,CH1,POWER,3.25
1765627472200,CH1,POWER,3.25
1765627472206,CH1,POWER,3.25
1765627472211,CH1,POWER,3.25
1765627472216,CH1,POWER,3.25
1765627472220,CH1,POWER,3.25
1765627472226,CH1,POWER,3.25
1765627472230,CH1,POWER,3.25
1765627472237,CH1,POWER,3.25
1765627472242,CH1,POWER,3.25
1765627472247,CH1,POWER,3.25
1765627472252,CH1,POWER,3.25
1765627472256,CH1,POWER,3.25
1765627472260,CH1,POWER,3.25
1765627472266,CH1,POWER,3.25
1765627472270,CH1,POWER,3.25
1765627472276,CH1,POWER,3.25
1765627472281,CH1,POWER,3.25
1765627472287,CH1,POWER,3.25
1765627472292,CH1,POWER,3.25
1765627472297,CH1,POWER,3.25
1765627472302,CH1,POWER,3.25
1765627472306,CH1,POWER,3.25
1765627472311,CH1,POWER,3.25
1765627472315,CH1,POWER,3.25
1765627472320,CH1,POWER,3.25
1765627472327,CH1,POWER,3.25
1765627472332,CH1,POWER,3.25
1765627472337,CH1,POWER,3.25
1765627472342,CH1,POWER,3.25
1765627472347,CH1,POWER,3.25
1765627472352,CH1,POWER,3.25
1765627472357,CH1,POWER,3.25
1765627472362,CH1,POWER,3.25
1765627472366,CH1,POWER,3.25
1765627472371,CH1,POWER,3.25
1765627472376,CH1,POWER,3.25
1765627472382,CH1,POWER,3.25
1765627472387,CH1,POWER,3.25
1765627472392,CH1,POWER,3.25
1765627472397,CH1,POWER,3.25
1765627472402,CH1,POWER,3.25
1765627472407,CH1,POWER,3.25
1765627472411,CH1,POWER,3.25
1765627472416,CH1,POWER,3.25
1765627472420,CH1,POWER,3.25
1765627472427,CH1,POWER,3.25
1765627472435,CH1,POWER,3.25
1765627472440,CH1,POWER,3.25
1765627472447,CH1,POWER,3.25
1765627472452,CH1,POWER,3.25
1765627472457,CH1,POWER,3.25
1765627472462,CH1,POWER,3.25
1765627472467,CH1,POWER,3.25
1765627472472,CH1,POWER,3.25
1765627472476,CH1,POWER,3.25
1765627472481,CH1,POWER,3.25
1765627472485,CH1,POWER,3.25
1765627472490,CH1,POWER,3.25
1765627472497,CH1,POWER,3.25
1765627472502,CH1,POWER,3.25
1765627472505,CH1,POWER,3.20
1765627472507,CH1,POWER,3.20
1765627472510,CH1,POWER,3.20
1765627472536,CH1,POWER,3.20
1765627472541,CH1,POWER,3.20
1765627472546,CH1,POWER,3.20
1765627472551,CH1,POWER,3.20
1765627472555,CH1,POWER,3.20
1765627472559,CH1,POWER,3.20
1765627472564,CH1,POWER,3.20
1765627472569,CH1,POWER,3.20
1765627472574,CH1,POWER,3.20
1765627472578,CH1,POWER,3.20
1765627472583,CH1,POWER,3.20
1765627472588,CH1,POWER,3.20
1765627472593,CH1,POWER,3.20
1765627472598,CH1,POWER,3.20
1765627472602,CH1,POWER,3.20
1765627472609,CH1,POWER,3.20
1765627472614,CH1,POWER,3.20
1765627472619,CH1,POWER,3.20
1765627472624,CH1,POWER,3.20
1765627472628,CH1,POWER,3.20
1765627472633,CH1,POWER,3.20
1765627472637,CH1,POWER,3.20
1765627472641,CH1,POWER,3.20
1765627472645,CH1,POWER,3.20
1765627472649,CH1,POWER,3.20
1765627472658,CH1,POWER,3.20
1765627472663,CH1,POWER,3.20
1765627472667,CH1,POWER,3.20
1765627472673,CH1,POWER,3.20
1765627472679,CH1,POWER,3.20
1765627472687,CH1,POWER,3.20
1765627472692,CH1,POWER,3.20
1765627472699,CH1,POWER,3.20
1765627472704,CH1,POWER,3.20
1765627472708,CH1,POWER,3.20
1765627472713,CH1,POWER,3.20
1765627472717,CH1,POWER,3.20
1765627472722,CH1,POWER,3.20
1765627472729,CH1,POWER,3.20
1765627472734,CH1,POWER,3.20
1765627472738,CH1,POWER,3.20
1765627472743,CH1,POWER,3.20
1765627472748,CH1,POWER,3.20
1765627472752,CH1,POWER,3.20
1765627472758,CH1,POWER,3.20
1765627472764,CH1,POWER,3.20
1765627472768,CH1,POWER,3.20
1765627472774,CH1,POWER,3.20
1765627472779,CH1,POWER,3.20
1765627472784,CH1,POWER,3.20
1765627472789,CH1,POWER,3.20
1765627472794,CH1,POWER,3.20
1765627472798,CH1,POWER,3.20
1765627472804,CH1,POWER,3.20
1765627472809,CH1,POWER,3.20
1765627472814,CH1,POWER,3.20
1765627472819,CH1,POWER,3.20
1765627472824,CH1,POWER,3.20
1765627472828,CH1,POWER,3.20
1765627472832,CH1,POWER,3.20
1765627472839,CH1,POWER,3.20
1765627472844,CH1,POWER,3.20
1765627472849,CH1,POWER,3.20
1765627472854,CH1,POWER,3.20
1765627472858,CH1,POWER,3.20
1765627472863,CH1,POWER,3.20
1765627472867,CH1,POWER,3.20
1765627472872,CH1,POWER,3.20
1765627472879,CH1,POWER,3.20
1765627472884,CH1,POWER,3.20
1765627472889,CH1,POWER,3.20
1765627472894,CH1,POWER,3.20
1765627472898,CH1,POWER,3.20
1765627472904,CH1,POWER,3.20
1765627472906,CH1,POWER,2.55
1765627472909,CH1,POWER,2.55
1765627472911,CH1,POWER,2.55
1765627472938,CH1,POWER,2.55
1765627472943,CH1,POWER,2.55
1765627472947,CH1,POWER,2.55
1765627472952,CH1,POWER,2.55
1765627472958,CH1,POWER,2.55
1765627472963,CH1,POWER,2.55
1765627472968,CH1,POWER,2.55
1765627472972,CH1,POWER,2.55
1765627472979,CH1,POWER,2.55
1765627472984,CH1,POWER,2.55
1765627472991,CH1,POWER,2.55
1765627472996,CH1,POWER,2.55
1765627473000,CH1,POWER,2.55
1765627473005,CH1,POWER,2.55
1765627473010,CH1,POWER,2.55
1765627473016,CH1,POWER,2.55
1765627473020,CH1,POWER,2.55
1765627473026,CH1,POWER,2.55
1765627473030,CH1,POWER,2.55
1765627473035,CH1,POWER,2.55
1765627473039,CH1,POWER,2.55
1765627473045,CH1,POWER,2.55
1765627473049,CH1,POWER,2.55
1765627473053,CH1,POWER,2.55
1765627473058,CH1,POWER,2.55
1765627473062,CH1,POWER,2.55
1765627473069,CH1,POWER,2.55
1765627473074,CH1,POWER,2.55
1765627473080,CH1,POWER,2.55
1765627473085,CH1,POWER,2.55
1765627473089,CH1,POWER,2.55
1765627473094,CH1,POWER,2.55
1765627473101,CH1,POWER,2.55
1765627473106,CH1,POWER,2.55
1765627473111,CH1,POWER,2.55
1765627473116,CH1,POWER,2.55
1765627473121,CH1,POWER,2.55
1765627473126,CH1,POWER,2.55
1765627473130,CH1,POWER,2.55
1765627473134,CH1,POWER,2.55
1765627473141,CH1,POWER,2.55
1765627473146,CH1,POWER,2.55
1765627473150,CH1,POWER,2.55
1765627473158,CH1,POWER,2.55
1765627473163,CH1,POWER,2.55
1765627473167,CH1,POWER,2.55
1765627473171,CH1,POWER,2.55
1765627473178,CH1,POWER,2.55
1765627473183,CH1,POWER,2.55
1765627473188,CH1,POWER,2.55
1765627473192,CH1,POWER,2.55
1765627473199,CH1,POWER,2.55
1765627473204,CH1,POWER,2.55
1765627473210,CH1,POWER,2.55
1765627473214,CH1,POWER,2.55
1765627473220,CH1,POWER,2.55
1765627473226,CH1,POWER,2.55
1765627473231,CH1,POWER,2.55
1765627473236,CH1,POWER,2.55
1765627473241,CH1,POWER,2.55
1765627473246,CH1,POWER,2.55
1765627473250,CH1,POWER,2.55
1765627473254,CH1,POWER,2.55
1765627473260,CH1,POWER,2.55
1765627473264,CH1,POWER,2.55
1765627473270,CH1,POWER,2.55
1765627473274,CH1,POWER,2.55
1765627473281,CH1,POWER,2.55
1765627473286,CH1,POWER,2.55
1765627473290,CH1,POWER,2.55
1765627473294,CH1,POWER,2.55
1765627473322,CH1,POWER,3.00
1765627473327,CH1,POWER,3.00
1765627473331,CH1,POWER,3.00
1765627473336,CH1,POWER,3.00
1765627473343,CH1,POWER,3.00
1765627473348,CH1,POWER,3.00
1765627473353,CH1,POWER,3.00
1765627473358,CH1,POWER,3.00
1765627473363,CH1,POWER,3.00
1765627473368,CH1,POWER,3.00
1765627473372,CH1,POWER,3.00
1765627473377,CH1,POWER,3.00
1765627473382,CH1,POWER,3.00
1765627473388,CH1,POWER,3.00
1765627473393,CH1,POWER,3.00
1765627473398,CH1,POWER,3.00
1765627473403,CH1,POWER,3.00
1765627473411,CH1,POWER,3.00
1765627473416,CH1,POWER,3.00
1765627473423,CH1,POWER,3.00
1765627473428,CH1,POWER,3.00
1765627473433,CH1,POWER,3.00
1765627473438,CH1,POWER,3.00
1765627473442,CH1,POWER,3.00
1765627473446,CH1,POWER,3.00
1765627473452,CH1,POWER,3.00
1765627473460,CH1,POWER,3.00
1765627473467,CH1,POWER,3.00
1765627473471,CH1,POWER,3.00
1765627473476,CH1,POWER,3.00
1765627473482,CH1,POWER,3.00
1765627473487,CH1,POWER,3.00
1765627473493,CH1,POWER,3.00
1765627473498,CH1,POWER,3.00
1765627473503,CH1,POWER,3.00
1765627473510,CH1,POWER,3.00
1765627473516,CH1,POWER,3.00
1765627473523,CH1,POWER,3.00
1765627473528,CH1,POWER,3.00
1765627473532,CH1,POWER,3.00
1765627473538,CH1,POWER,3.00
1765627473543,CH1,POWER,3.00
1765627473548,CH1,POWER,3.00
1765627473552,CH1,POWER,3.00
1765627473561,CH1,POWER,3.00
1765627473566,CH1,POWER,3.00
1765627473572,CH1,POWER,3.00
1765627473577,CH1,POWER,3.00
1765627473581,CH1,POWER,3.00
1765627473585,CH1,POWER,3.00
1765627473591,CH1,POWER,3.00
1765627473596,CH1,POWER,3.00
1765627473603,CH1,POWER,3.00
1765627473611,CH1,POWER,3.00
1765627473615,CH1,POWER,3.00
1765627473622,CH1,POWER,3.00
1765627473626,CH1,POWER,3.00
1765627473633,CH1,POWER,3.00
1765627473638,CH1,POWER,3.00
1765627473643,CH1,POWER,3.00
1765627473648,CH1,POWER,3.00
1765627473653,CH1,POWER,3.00
1765627473658,CH1,POWER,3.00
1765627473663,CH1,POWER,3.00
1765627473668,CH1,POWER,3.00
1765627473672,CH1,POWER,3.00
1765627473678,CH1,POWER,3.00
1765627473682,CH1,POWER,3.25
1765627473684,CH1,POWER,3.25
1765627473687,CH1,POWER,3.25
1765627473715,CH1,POWER,3.25
1765627473720,CH1,POWER,3.25
1765627473724,CH1,POWER,3.25
1765627473728,CH1,POWER,3.25
1765627473735,CH1,POWER,3.25
1765627473740,CH1,POWER,3.25
1765627473745,CH1,POWER,3.25
1765627473752,CH1,POWER,3.25
1765627473759,CH1,POWER,3.25
1765627473763,CH1,POWER,3.25
1765627473770,CH1,POWER,3.25
1765627473775,CH1,POWER,3.25
1765627473780,CH1,POWER,3.25
1765627473784,CH1,POWER,3.25
1765627473788,CH1,POWER,3.25
1765627473795,CH1,POWER,3.25
1765627473800,CH1,POWER,3.25
1765627473805,CH1,POWER,3.25
1765627473810,CH1,POWER,3.25
1765627473814,CH1,POWER,3.25
1765627473823,CH1,POWER,3.25
1765627473828,CH1,POWER,3.25
1765627473835,CH1,POWER,3.25
1765627473840,CH1,POWER,3.25
1765627473845,CH1,POWER,3.25
1765627473850,CH1,POWER,3.25
1765627473855,CH1,POWER,3.25
1765627473860,CH1,POWER,3.25
1765627473865,CH1,POWER,3.25
1765627473873,CH1,POWER,3.25
1765627473877,CH1,POWER,3.25
1765627473884,CH1,POWER,3.25
1765627473888,CH1,POWER,3.25
1765627473895,CH1,POWER,3.25
1765627473900,CH1,POWER,3.25
1765627473904,CH1,POWER,3.25
1765627473912,CH1,POWER,3.25
1765627473917,CH1,POWER,3.25
1765627473921,CH1,POWER,3.25
1765627473925,CH1,POWER,3.25
1765627473933,CH1,POWER,3.25
1765627473937,CH1,POWER,3.25
1765627473943,CH1,POWER,3.25
1765627473947,CH1,POWER,3.25
1765627473953,CH1,POWER,3.25
1765627473960,CH1,POWER,3.25
1765627473964,CH1,POWER,3.25
1765627473969,CH1,POWER,3.25
1765627473973,CH1,POWER,3.25
1765627473977,CH1,POWER,3.25
1765627473985,CH1,POWER,3.25
1765627473990,CH1,POWER,3.25
1765627473994,CH1,POWER,3.25
1765627473998,CH1,POWER,3.25
1765627474005,CH1,POWER,3.25
1765627474010,CH1,POWER,3.25
1765627474015,CH1,POWER,3.25
1765627474020,CH1,POWER,3.25
1765627474024,CH1,POWER,3.25
1765627474029,CH1,POWER,3.25
1765627474033,CH1,POWER,3.25
1765627474037,CH1,POWER,3.25
1765627474045,CH1,POWER,3.25
1765627474050,CH1,POWER,3.25
1765627474054,CH1,POWER,3.25
1765627474060,CH1,POWER,3.25
1765627474064,CH1,POWER,3.25
1765627474068,CH1,POWER,3.25
1765627474096,CH1,POWER,3.25
1765627474101,CH1,POWER,3.25
1765627474105,CH1,POWER,3.25
1765627474110,CH1,POWER,3.25
1765627474116,CH1,POWER,3.25
1765627474121,CH1,POWER,3.25
1765627474125,CH1,POWER,3.25
1765627474132,CH1,POWER,3.25
1765627474137,CH1,POWER,3.25
1765627474142,CH1,POWER,3.25
1765627474147,CH1,POWER,3.25
1765627474152,CH1,POWER,3.25
1765627474156,CH1,POWER,3.25
1765627474160,CH1,POWER,3.25
1765627474166,CH1,POWER,3.25
1765627474175,CH1,POWER,3.25
1765627474180,CH1,POWER,3.25
1765627474186,CH1,POWER,3.25
1765627474191,CH1,POWER,3.25
1765627474195,CH1,POWER,3.25
1765627474200,CH1,POWER,3.25
1765627474207,CH1,POWER,3.25
1765627474212,CH1,POWER,3.25
1765627474216,CH1,POWER,3.25
1765627474220,CH1,POWER,3.25
1765627474227,CH1,POWER,3.25
1765627474232,CH1,POWER,3.25
1765627474237,CH1,POWER,3.25
1765627474242,CH1,POWER,3.25
1765627474247,CH1,POWER,3.25
1765627474252,CH1,POWER,3.25
1765627474257,CH1,POWER,3.25
1765627474262,CH1,POWER,3.25
1765627474266,CH1,POWER,3.25
1765627474270,CH1,POWER,3.25
1765627474276,CH1,POWER,3.25
1765627474280,CH1,POWER,3.25
1765627474286,CH1,POWER,3.25
1765627474290,CH1,POWER,3.25
1765627474296,CH1,POWER,3.25
1765627474304,CH1,POWER,3.25
1765627474309,CH1,POWER,3.25
1765627474313,CH1,POWER,3.25
1765627474318,CH1,POWER,3.25
1765627474326,CH1,POWER,3.25
1765627474332,CH1,POWER,3.25
1765627474337,CH1,POWER,3.25
1765627474342,CH1,POWER,3.25
1765627474346,CH1,POWER,3.25
1765627474350,CH1,POWER,3.25
1765627474356,CH1,POWER,3.25
1765627474360,CH1,POWER,3.25
1765627474366,CH1,POWER,3.25
1765627474370,CH1,POWER,3.25
1765627474376,CH1,POWER,3.25
1765627474380,CH1,POWER,3.25
1765627474385,CH1,POWER,3.25
1765627474392,CH1,POWER,3.25
1765627474396,CH1,POWER,3.25
1765627474404,CH1,POWER,3.25
1765627474409,CH1,POWER,3.25
1765627474413,CH1,POWER,3.25
1765627474418,CH1,POWER,3.25
1765627474424,CH1,POWER,3.25
1765627474429,CH1,POWER,3.25
1765627474433,CH1,POWER,3.25
1765627474437,CH1,POWER,3.25
1765627474442,CH1,POWER,3.25
1765627474446,CH1,POWER,3.25
1765627474452,CH1,POWER,3.25
1765627474457,CH1,POWER,3.25
1765627474462,CH1,POWER,3.25
1765627474466,CH1,POWER,3.70
1765627474468,CH1,POWER,3.70
1765627474471,CH1,POWER,3.70
1765627474498,CH1,POWER,3.70
1765627474504,CH1,POWER,3.70
1765627474508,CH1,POWER,3.70
1765627474512,CH1,POWER,3.70
1765627474518,CH1,POWER,3.70
1765627474524,CH1,POWER,3.70
1765627474528,CH1,POWER,3.70
1765627474534,CH1,POWER,3.70
1765627474538,CH1,POWER,3.70
1765627474546,CH1,POWER,3.70
1765627474551,CH1,POWER,3.70
1765627474558,CH1,POWER,3.70
1765627474564,CH1,POWER,3.70
1765627474568,CH1,POWER,3.70
1765627474574,CH1,POWER,3.70
1765627474578,CH1,POWER,3.70
1765627474583,CH1,POWER,3.70
1765627474587,CH1,POWER,3.70
1765627474591,CH1,POWER,3.70
1765627474598,CH1,POWER,3.70
1765627474602,CH1,POWER,3.70
1765627474608,CH1,POWER,3.70
1765627474612,CH1,POWER,3.70
1765627474617,CH1,POWER,3.70
1765627474624,CH1,POWER,3.70
1765627474628,CH1,POWER,3.70
1765627474633,CH1,POWER,3.70
1765627474637,CH1,POWER,3.70
1765627474641,CH1,POWER,3.70
1765627474648,CH1,POWER,3.70
1765627474652,CH1,POWER,3.70
1765627474657,CH1,POWER,3.70
1765627474661,CH1,POWER,3.70
1765627474668,CH1,POWER,3.70
1765627474677,CH1,POWER,3.70
1765627474681,CH1,POWER,3.70
1765627474688,CH1,POWER,3.70
1765627474692,CH1,POWER,3.70
1765627474698,CH1,POWER,3.70
1765627474704,CH1,POWER,3.70
1765627474708,CH1,POWER,3.70
1765627474714,CH1,POWER,3.70
1765627474718,CH1,POWER,3.70
1765627474722,CH1,POWER,3.70
1765627474728,CH1,POWER,3.70
1765627474732,CH1,POWER,3.70
1765627474738,CH1,POWER,3.70
1765627474744,CH1,POWER,3.70
1765627474748,CH1,POWER,3.70
1765627474754,CH1,POWER,3.70
1765627474758,CH1,POWER,3.70
1765627474763,CH1,POWER,3.70
1765627474767,CH1,POWER,3.70
1765627474774,CH1,POWER,3.70
1765627474778,CH1,POWER,3.70
1765627474782,CH1,POWER,3.70
1765627474788,CH1,POWER,3.70
1765627474793,CH1,POWER,3.70
1765627474797,CH1,POWER,3.70
1765627474804,CH1,POWER,3.70
1765627474808,CH1,POWER,3.70
1765627474814,CH1,POWER,3.70
1765627474818,CH1,POWER,3.70
1765627474826,CH1,POWER,3.70
1765627474830,CH1,POWER,3.70
1765627474835,CH1,POWER,3.70
1765627474840,CH1,POWER,3.70
1765627474845,CH1,POWER,3.70
1765627474852,CH1,POWER,3.70
1765627474858,CH1,POWER,3.70
1765627474864,CH1,POWER,3.70
1765627474867,CH1,POWER,3.25
1765627474869,CH1,POWER,3.25
1765627474871,CH1,POWER,3.25
1765627474897,CH1,POWER,3.25
1765627474902,CH1,POWER,3.25
1765627474907,CH1,POWER,3.25
1765627474912,CH1,POWER,3.25
1765627474919,CH1,POWER,3.25
1765627474923,CH1,POWER,3.25
1765627474931,CH1,POWER,3.25
1765627474936,CH1,POWER,3.25
1765627474940,CH1,POWER,3.25
1765627474944,CH1,POWER,3.25
1765627474951,CH1,POWER,3.25
1765627474956,CH1,POWER,3.25
1765627474960,CH1,POWER,3.25
1765627474966,CH1,POWER,3.25
1765627474970,CH1,POWER,3.25
1765627474974,CH1,POWER,3.25
1765627474981,CH1,POWER,3.25
1765627474986,CH1,POWER,3.25
1765627474990,CH1,POWER,3.25
1765627474994,CH1,POWER,3.25
1765627475000,CH1,POWER,3.25
1765627475004,CH1,POWER,3.25
1765627475010,CH1,POWER,3.25
1765627475015,CH1,POWER,3.25
1765627475019,CH1,POWER,3.25
1765627475024,CH1,POWER,3.25
1765627475029,CH1,POWER,3.25
1765627475036,CH1,POWER,3.25
1765627475041,CH1,POWER,3.25
1765627475046,CH1,POWER,3.25
1765627475050,CH1,POWER,3.25
1765627475054,CH1,POWER,3.25
1765627475059,CH1,POWER,3.25
1765627475064,CH1,POWER,3.25
1765627475070,CH1,POWER,3.25
1765627475074,CH1,POWER,3.25
1765627475081,CH1,POWER,3.25
1765627475086,CH1,POWER,3.25
1765627475090,CH1,POWER,3.25
1765627475094,CH1,POWER,3.25
1765627475100,CH1,POWER,3.25
1765627475106,CH1,POWER,3.25
1765627475110,CH1,POWER,3.25
1765627475114,CH1,POWER,3.25
1765627475120,CH1,POWER,3.25
1765627475126,CH1,POWER,3.25
1765627475130,CH1,POWER,3.25
1765627475134,CH1,POWER,3.25
1765627475141,CH1,POWER,3.25
1765627475146,CH1,POWER,3.25
1765627475151,CH1,POWER,3.25
1765627475156,CH1,POWER,3.25
1765627475160,CH1,POWER,3.25
1765627475164,CH1,POWER,3.25
1765627475170,CH1,POWER,3.25
1765627475174,CH1,POWER,3.25
1765627475180,CH1,POWER,3.25
1765627475188,CH1,POWER,3.25
1765627475195,CH1,POWER,3.25
1765627475199,CH1,POWER,3.25
1765627475203,CH1,POWER,3.25
1765627475210,CH1,POWER,3.25
1765627475218,CH1,POWER,3.25
1765627475224,CH1,POWER,3.25
1765627475229,CH1,POWER,3.25
1765627475236,CH1,POWER,3.25
1765627475240,CH1,POWER,3.25
1765627475244,CH1,POWER,3.25
1765627475250,CH1,POWER,3.25
1765627475254,CH1,POWER,3.25
1765627475259,CH1,POWER,3.25
1765627475262,CH1,POWER,3.25
1765627475264,CH1,POWER,3.25
1765627475291,CH1,POWER,3.25
1765627475295,CH1,POWER,3.25
1765627475302,CH1,POWER,3.25
1765627475306,CH1,POWER,3.25
1765627475311,CH1,POWER,3.25
1765627475318,CH1,POWER,3.25
1765627475322,CH1,POWER,3.25
1765627475326,CH1,POWER,3.25
1765627475332,CH1,POWER,3.25
1765627475336,CH1,POWER,3.25
1765627475342,CH1,POWER,3.25
1765627475348,CH1,POWER,3.25
1765627475352,CH1,POWER,3.25
1765627475356,CH1,POWER,3.25
1765627475361,CH1,POWER,3.25
1765627475366,CH1,POWER,3.25
1765627475371,CH1,POWER,3.25
1765627475375,CH1,POWER,3.25
1765627475382,CH1,POWER,3.25
1765627475390,CH1,POWER,3.25
1765627475395,CH1,POWER,3.25
1765627475399,CH1,POWER,3.25
1765627475404,CH1,POWER,3.25
1765627475409,CH1,POWER,3.25
1765627475414,CH1,POWER,3.25
1765627475422,CH1,POWER,3.25
1765627475428,CH1,POWER,3.25
1765627475432,CH1,POWER,3.25
1765627475436,CH1,POWER,3.25
1765627475441,CH1,POWER,3.25
1765627475446,CH1,POWER,3.25
1765627475452,CH1,POWER,3.25
1765627475458,CH1,POWER,3.25
1765627475462,CH1,POWER,3.25
1765627475468,CH1,POWER,3.25
1765627475472,CH1,POWER,3.25
1765627475478,CH1,POWER,3.25
1765627475482,CH1,POWER,3.25
1765627475488,CH1,POWER,3.25
1765627475492,CH1,POWER,3.25
1765627475496,CH1,POWER,3.25
1765627475502,CH1,POWER,3.25
1765627475506,CH1,POWER,3.25
1765627475512,CH1,POWER,3.25
1765627475516,CH1,POWER,3.25
1765627475522,CH1,POWER,3.25
1765627475528,CH1,POWER,3.25
1765627475532,CH1,POWER,3.25
1765627475536,CH1,POWER,3.25
1765627475541,CH1,POWER,3.25
1765627475546,CH1,POWER,3.25
1765627475552,CH1,POWER,3.25
1765627475558,CH1,POWER,3.25
1765627475562,CH1,POWER,3.25
1765627475566,CH1,POWER,3.25
1765627475572,CH1,POWER,3.25
1765627475576,CH1,POWER,3.25
1765627475582,CH1,POWER,3.25
1765627475588,CH1,POWER,3.25
1765627475592,CH1,POWER,3.25
1765627475596,CH1,POWER,3.25
1765627475601,CH1,POWER,3.25
1765627475606,CH1,POWER,3.25
1765627475611,CH1,POWER,3.25
1765627475615,CH1,POWER,3.25
1765627475619,CH1,POWER,3.25
1765627475623,CH1,POWER,3.25
1765627475630,CH1,POWER,3.25
1765627475634,CH1,POWER,3.25
1765627475639,CH1,POWER,3.25
1765627475643,CH1,POWER,3.25
1765627475649,CH1,POWER,3.25
1765627475653,CH1,POWER,3.25
1765627475658,CH1,POWER,3.25
1765627475661,CH1,POWER,3.25
1765627475664,CH1,POWER,3.25
1765627475666,CH1,POWER,3.25
1765627475693,CH1,POWER,3.25
1765627475698,CH1,POWER,3.25
1765627475703,CH1,POWER,3.25
1765627475707,CH1,POWER,3.25
1765627475714,CH1,POWER,3.25
1765627475718,CH1,POWER,3.25
1765627475723,CH1,POWER,3.25
1765627475728,CH1,POWER,3.25
1765627475733,CH1,POWER,3.25
1765627475737,CH1,POWER,3.25
1765627475744,CH1,POWER,3.25
1765627475752,CH1,POWER,3.25
1765627475757,CH1,POWER,3.25
1765627475764,CH1,POWER,3.25
1765627475770,CH1,POWER,3.25
1765627475774,CH1,POWER,3.25
1765627475780,CH1,POWER,3.25
1765627475784,CH1,POWER,3.25
1765627475790,CH1,POWER,3.25
1765627475794,CH1,POWER,3.25
1765627475798,CH1,POWER,3.25
1765627475804,CH1,POWER,3.25
1765627475810,CH1,POWER,3.25
1765627475814,CH1,POWER,3.25
1765627475818,CH1,POWER,3.25
1765627475824,CH1,POWER,3.25
1765627475830,CH1,POWER,3.25
1765627475834,CH1,POWER,3.25
1765627475838,CH1,POWER,3.25
1765627475844,CH1,POWER,3.25
1765627475850,CH1,POWER,3.25
1765627475854,CH1,POWER,3.25
1765627475860,CH1,POWER,3.25
1765627475864,CH1,POWER,3.25
1765627475870,CH1,POWER,3.25
1765627475874,CH1,POWER,3.25
1765627475878,CH1,POWER,3.25
1765627475884,CH1,POWER,3.25
1765627475890,CH1,POWER,3.25
1765627475894,CH1,POWER,3.25
1765627475900,CH1,POWER,3.25
1765627475904,CH1,POWER,3.25
1765627475908,CH1,POWER,3.25
1765627475914,CH1,POWER,3.25
1765627475922,CH1,POWER,3.25
1765627475926,CH1,POWER,3.25
1765627475931,CH1,POWER,3.25
1765627475936,CH1,POWER,3.25
1765627475942,CH1,POWER,3.25
1765627475946,CH1,POWER,3.25
1765627475951,CH1,POWER,3.25
1765627475955,CH1,POWER,3.25
1765627475962,CH1,POWER,3.25
1765627475967,CH1,POWER,3.25
1765627475971,CH1,POWER,3.25
1765627475976,CH1,POWER,3.25
1765627475984,CH1,POWER,3.25
1765627475992,CH1,POWER,3.25
1765627475997,CH1,POWER,3.25
1765627476001,CH1,POWER,3.25
1765627476005,CH1,POWER,3.25
1765627476010,CH1,POWER,3.25
1765627476014,CH1,POWER,3.25
1765627476020,CH1,POWER,3.25
1765627476024,CH1,POWER,3.25
1765627476028,CH1,POWER,3.25
1765627476034,CH1,POWER,3.25
1765627476038,CH1,POWER,3.25
1765627476043,CH1,POWER,3.25
1765627476048,CH1,POWER,3.25
1765627476053,CH1,POWER,3.25
1765627476057,CH1,POWER,3.25
1765627476082,CH1,POWER,3.25
1765627476088,CH1,POWER,3.25
1765627476093,CH1,POWER,3.25
1765627476097,CH1,POWER,3.25
1765627476104,CH1,POWER,3.25
1765627476108,CH1,POWER,3.25
1765627476114,CH1,POWER,3.25
1765627476118,CH1,POWER,3.25
1765627476124,CH1,POWER,3.25
1765627476129,CH1,POWER,3.25
1765627476133,CH1,POWER,3.25
1765627476137,CH1,POWER,3.25
1765627476142,CH1,POWER,3.25
1765627476146,CH1,POWER,3.25
1765627476152,CH1,POWER,3.25
1765627476156,CH1,POWER,3.25
1765627476162,CH1,POWER,3.25
1765627476166,CH1,POWER,3.25
1765627476170,CH1,POWER,3.25
1765627476175,CH1,POWER,3.25
1765627476180,CH1,POWER,3.25
1765627476186,CH1,POWER,3.25
1765627476192,CH1,POWER,3.25
1765627476196,CH1,POWER,3.25
1765627476200,CH1,POWER,3.25
1765627476206,CH1,POWER,3.25
1765627476210,CH1,POWER,3.25
1765627476216,CH1,POWER,3.25
1765627476220,CH1,POWER,3.25
1765627476225,CH1,POWER,3.25
1765627476232,CH1,POWER,3.25
1765627476236,CH1,POWER,3.25
1765627476240,CH1,POWER,3.25
1765627476246,CH1,POWER,3.25
1765627476252,CH1,POWER,3.25
1765627476256,CH1,POWER,3.25
1765627476260,CH1,POWER,3.25
1765627476266,CH1,POWER,3.25
1765627476270,CH1,POWER,3.25
1765627476275,CH1,POWER,3.25
1765627476282,CH1,POWER,3.25
1765627476286,CH1,POWER,3.25
1765627476290,CH1,POWER,3.25
1765627476296,CH1,POWER,3.25
1765627476302,CH1,POWER,3.25
1765627476306,CH1,POWER,3.25
1765627476310,CH1,POWER,3.25
1765627476316,CH1,POWER,3.25
1765627476320,CH1,POWER,3.25
1765627476326,CH1,POWER,3.25
1765627476330,CH1,POWER,3.25
1765627476335,CH1,POWER,3.25
1765627476339,CH1,POWER,3.25
1765627476343,CH1,POWER,3.25
1765627476348,CH1,POWER,3.25
1765627476354,CH1,POWER,3.25
1765627476360,CH1,POWER,3.25
1765627476366,CH1,POWER,3.25
1765627476370,CH1,POWER,3.25
1765627476375,CH1,POWER,3.25
1765627476379,CH1,POWER,3.25
1765627476383,CH1,POWER,3.25
1765627476388,CH1,POWER,3.25
1765627476394,CH1,POWER,3.25
1765627476399,CH1,POWER,3.25
1765627476406,CH1,POWER,3.25
1765627476410,CH1,POWER,3.25
1765627476415,CH1,POWER,3.25
1765627476420,CH1,POWER,3.25
1765627476426,CH1,POWER,3.25
1765627476432,CH1,POWER,3.25
1765627476436,CH1,POWER,3.25
1765627476442,CH1,POWER,3.25
1765627476446,CH1,POWER,3.25
1765627476449,CH1,POWER,3.25
1765627476475,CH1,POWER,3.25
1765627476480,CH1,POWER,3.25
1765627476485,CH1,POWER,3.25
1765627476490,CH1,POWER,3.25
1765627476495,CH1,POWER,3.25
1765627476500,CH1,POWER,3.25
1765627476506,CH1,POWER,3.25
1765627476511,CH1,POWER,3.25
1765627476515,CH1,POWER,3.25
1765627476519,CH1,POWER,3.25
1765627476526,CH1,POWER,3.25
1765627476530,CH1,POWER,3.25
1765627476535,CH1,POWER,3.25
1765627476540,CH1,POWER,3.25
1765627476546,CH1,POWER,3.25
1765627476550,CH1,POWER,3.25
1765627476556,CH1,POWER,3.25
1765627476561,CH1,POWER,3.25
1765627476565,CH1,POWER,3.25
1765627476571,CH1,POWER,3.25
1765627476578,CH1,POWER,3.25
1765627476584,CH1,POWER,3.25
1765627476588,CH1,POWER,3.25
1765627476594,CH1,POWER,3.25
1765627476598,CH1,POWER,3.25
1765627476602,CH1,POWER,3.25
1765627476608,CH1,POWER,3.25
1765627476612,CH1,POWER,3.25
1765627476618,CH1,POWER,3.25
1765627476622,CH1,POWER,3.25
1765627476628,CH1,POWER,3.25
1765627476634,CH1,POWER,3.25
1765627476638,CH1,POWER,3.25
1765627476642,CH1,POWER,3.25
1765627476648,CH1,POWER,3.25
1765627476652,CH1,POWER,3.25
1765627476658,CH1,POWER,3.25
1765627476664,CH1,POWER,3.25
1765627476668,CH1,POWER,3.25
1765627476672,CH1,POWER,3.25
1765627476678,CH1,POWER,3.25
1765627476684,CH1,POWER,3.25
1765627476688,CH1,POWER,3.25
1765627476694,CH1,POWER,3.25
1765627476698,CH1,POWER,3.25
1765627476702,CH1,POWER,3.25
1765627476708,CH1,POWER,3.25
1765627476712,CH1,POWER,3.25
1765627476718,CH1,POWER,3.25
1765627476722,CH1,POWER,3.25
1765627476728,CH1,POWER,3.25
1765627476734,CH1,POWER,3.25
1765627476738,CH1,POWER,3.25
1765627476744,CH1,POWER,3.25
1765627476748,CH1,POWER,3.25
1765627476752,CH1,POWER,3.25
1765627476758,CH1,POWER,3.25
1765627476762,CH1,POWER,3.25
1765627476767,CH1,POWER,3.25
1765627476771,CH1,POWER,3.25
1765627476778,CH1,POWER,3.25
1765627476784,CH1,POWER,3.25
1765627476788,CH1,POWER,3.25
1765627476792,CH1,POWER,3.25
1765627476798,CH1,POWER,3.25
1765627476806,CH1,POWER,3.25
1765627476811,CH1,POWER,3.25
1765627476815,CH1,POWER,3.25
1765627476820,CH1,POWER,3.25
1765627476826,CH1,POWER,3.25
1765627476831,CH1,POWER,3.25
1765627476838,CH1,POWER,3.25
1765627476842,CH1,POWER,3.25
1765627476848,CH1,POWER,3.25
1765627476851,CH1,POWER,3.70
1765627476877,CH1,POWER,3.70
1765627476882,CH1,POWER,3.70
1765627476887,CH1,POWER,3.70
1765627476891,CH1,POWER,3.70
1765627476896,CH1,POWER,3.70
1765627476900,CH1,POWER,3.70
1765627476904,CH1,POWER,3.70
1765627476910,CH1,POWER,3.70
1765627476916,CH1,POWER,3.70
1765627476920,CH1,POWER,3.70
1765627476924,CH1,POWER,3.70
1765627476930,CH1,POWER,3.70
1765627476936,CH1,POWER,3.70
1765627476940,CH1,POWER,3.70
1765627476944,CH1,POWER,3.70
1765627476949,CH1,POWER,3.70
1765627476954,CH1,POWER,3.70
1765627476960,CH1,POWER,3.70
1765627476966,CH1,POWER,3.70
1765627476970,CH1,POWER,3.70
1765627476974,CH1,POWER,3.70
1765627476980,CH1,POWER,3.70
1765627476986,CH1,POWER,3.70
1765627476990,CH1,POWER,3.70
1765627476996,CH1,POWER,3.70
1765627477000,CH1,POWER,3.70
1765627477006,CH1,POWER,3.70
1765627477010,CH1,POWER,3.70
1765627477014,CH1,POWER,3.70
1765627477020,CH1,POWER,3.70
1765627477026,CH1,POWER,3.70
1765627477030,CH1,POWER,3.70
1765627477034,CH1,POWER,3.70
1765627477040,CH1,POWER,3.70
1765627477046,CH1,POWER,3.70
1765627477050,CH1,POWER,3.70
1765627477054,CH1,POWER,3.70
1765627477060,CH1,POWER,3.70
1765627477066,CH1,POWER,3.70
1765627477070,CH1,POWER,3.70
1765627477074,CH1,POWER,3.70
1765627477080,CH1,POWER,3.70
1765627477088,CH1,POWER,3.70
1765627477093,CH1,POWER,3.70
1765627477097,CH1,POWER,3.70
1765627477102,CH1,POWER,3.70
1765627477108,CH1,POWER,3.70
1765627477112,CH1,POWER,3.70
1765627477117,CH1,POWER,3.70
1765627477121,CH1,POWER,3.70
1765627477127,CH1,POWER,3.70
1765627477131,CH1,POWER,3.70
1765627477136,CH1,POWER,3.70
1765627477140,CH1,POWER,3.70
1765627477146,CH1,POWER,3.70
1765627477150,CH1,POWER,3.70
1765627477156,CH1,POWER,3.70
1765627477160,CH1,POWER,3.70
1765627477164,CH1,POWER,3.70
1765627477170,CH1,POWER,3.70
1765627477174,CH1,POWER,3.70
1765627477180,CH1,POWER,3.70
1765627477186,CH1,POWER,3.70
1765627477190,CH1,POWER,3.70
1765627477196,CH1,POWER,3.70
1765627477200,CH1,POWER,3.70
1765627477208,CH1,POWER,3.70
1765627477212,CH1,POWER,3.70
1765627477217,CH1,POWER,3.70
1765627477221,CH1,POWER,3.70
1765627477226,CH1,POWER,3.70
1765627477230,CH1,POWER,3.70
1765627477234,CH1,POWER,3.70
1765627477240,CH1,POWER,3.70
1765627477243,CH1,POWER,3.25
1765627477269,CH1,POWER,3.25
1765627477274,CH1,POWER,3.25
1765627477279,CH1,POWER,3.25
1765627477283,CH1,POWER,3.25
1765627477289,CH1,POWER,3.25
1765627477293,CH1,POWER,3.25
1765627477299,CH1,POWER,3.25
1765627477303,CH1,POWER,3.25
1765627477309,CH1,POWER,3.25
1765627477313,CH1,POWER,3.25
1765627477320,CH1,POWER,3.25
1765627477324,CH1,POWER,3.25
1765627477329,CH1,POWER,3.25
1765627477334,CH1,POWER,3.25
1765627477340,CH1,POWER,3.25
1765627477345,CH1,POWER,3.25
1765627477349,CH1,POWER,3.25
1765627477353,CH1,POWER,3.25
1765627477358,CH1,POWER,3.25
1765627477362,CH1,POWER,3.25
1765627477368,CH1,POWER,3.25
1765627477372,CH1,POWER,3.25
1765627477376,CH1,POWER,3.25
1765627477382,CH1,POWER,3.25
1765627477386,CH1,POWER,3.25
1765627477392,CH1,POWER,3.25
1765627477398,CH1,POWER,3.25
1765627477402,CH1,POWER,3.25
1765627477408,CH1,POWER,3.25
1765627477412,CH1,POWER,3.25
1765627477418,CH1,POWER,3.25
1765627477422,CH1,POWER,3.25
1765627477428,CH1,POWER,3.25
1765627477432,CH1,POWER,3.25
1765627477436,CH1,POWER,3.25
1765627477441,CH1,POWER,3.25
1765627477446,CH1,POWER,3.25
1765627477452,CH1,POWER,3.25
1765627477460,CH1,POWER,3.25
1765627477464,CH1,POWER,3.25
1765627477470,CH1,POWER,3.25
1765627477474,CH1,POWER,3.25
1765627477480,CH1,POWER,3.25
1765627477484,CH1,POWER,3.25
1765627477490,CH1,POWER,3.25
1765627477494,CH1,POWER,3.25
1765627477500,CH1,POWER,3.25
1765627477505,CH1,POWER,3.25
1765627477509,CH1,POWER,3.25
1765627477515,CH1,POWER,3.25
1765627477521,CH1,POWER,3.25
1765627477525,CH1,POWER,3.25
1765627477532,CH1,POWER,3.25
1765627477538,CH1,POWER,3.25
1765627477542,CH1,POWER,3.25
1765627477546,CH1,POWER,3.25
1765627477552,CH1,POWER,3.25
1765627477558,CH1,POWER,3.25
1765627477562,CH1,POWER,3.25
1765627477568,CH1,POWER,3.25
1765627477572,CH1,POWER,3.25
1765627477576,CH1,POWER,3.25
1765627477581,CH1,POWER,3.25
1765627477585,CH1,POWER,3.25
1765627477591,CH1,POWER,3.25
1765627477595,CH1,POWER,3.25
1765627477601,CH1,POWER,3.25
1765627477606,CH1,POWER,3.25
1765627477612,CH1,POWER,3.25
1765627477618,CH1,POWER,3.25
1765627477622,CH1,POWER,3.25
1765627477626,CH1,POWER,3.25
1765627477630,CH1,POWER,3.25
1765627477633,CH1,POWER,3.25
1765627477635,CH1,POWER,3.25
1765627477661,CH1,POWER,3.25
1765627477666,CH1,POWER,3.25
1765627477671,CH1,POWER,3.25
1765627477675,CH1,POWER,3.25
1765627477680,CH1,POWER,3.25
1765627477684,CH1,POWER,3.25
1765627477688,CH1,POWER,3.25
1765627477694,CH1,POWER,3.25
1765627477700,CH1,POWER,3.25
1765627477704,CH1,POWER,3.25
1765627477712,CH1,POWER,3.25
1765627477717,CH1,POWER,3.25
1765627477724,CH1,POWER,3.25
1765627477728,CH1,POWER,3.25
1765627477734,CH1,POWER,3.25
1765627477738,CH1,POWER,3.25
1765627477744,CH1,POWER,3.25
1765627477750,CH1,POWER,3.25
1765627477754,CH1,POWER,3.25
1765627477762,CH1,POWER,3.25
1765627477768,CH1,POWER,3.25
1765627477773,CH1,POWER,3.25
1765627477777,CH1,POWER,3.25
1765627477783,CH1,POWER,3.25
1765627477787,CH1,POWER,3.25
1765627477793,CH1,POWER,3.25
1765627477798,CH1,POWER,3.25
1765627477804,CH1,POWER,3.25
1765627477810,CH1,POWER,3.25
1765627477814,CH1,POWER,3.25
1765627477818,CH1,POWER,3.25
1765627477824,CH1,POWER,3.25
1765627477832,CH1,POWER,3.25
1765627477837,CH1,POWER,3.25
1765627477841,CH1,POWER,3.25
1765627477846,CH1,POWER,3.25
1765627477852,CH1,POWER,3.25
1765627477856,CH1,POWER,3.25
1765627477861,CH1,POWER,3.25
1765627477865,CH1,POWER,3.25
1765627477870,CH1,POWER,3.25
1765627477874,CH1,POWER,3.25
1765627477878,CH1,POWER,3.25
1765627477883,CH1,POWER,3.25
1765627477888,CH1,POWER,3.25
1765627477894,CH1,POWER,3.25
1765627477898,CH1,POWER,3.25
1765627477903,CH1,POWER,3.25
1765627477907,CH1,POWER,3.25
1765627477914,CH1,POWER,3.25
1765627477918,CH1,POWER,3.25
1765627477924,CH1,POWER,3.25
1765627477930,CH1,POWER,3.25
1765627477934,CH1,POWER,3.25
1765627477938,CH1,POWER,3.25
1765627477944,CH1,POWER,3.25
1765627477950,CH1,POWER,3.25
1765627477954,CH1,POWER,3.25
1765627477960,CH1,POWER,3.25
1765627477964,CH1,POWER,3.25
1765627477968,CH1,POWER,3.25
1765627477974,CH1,POWER,3.25
1765627477978,CH1,POWER,3.25
1765627477983,CH1,POWER,3.25
1765627477987,CH1,POWER,3.25
1765627477991,CH1,POWER,3.25
1765627477996,CH1,POWER,3.25
1765627478004,CH1,POWER,3.25
1765627478010,CH1,POWER,3.25
1765627478014,CH1,POWER,3.25
1765627478018,CH1,POWER,3.25
1765627478024,CH1,POWER,3.25
1765627478027,CH1,POWER,3.25
1765627478053,CH1,POWER,3.25
1765627478058,CH1,POWER,3.25
1765627478063,CH1,POWER,3.25
1765627478067,CH1,POWER,3.25
1765627478072,CH1,POWER,3.25
1765627478076,CH1,POWER,3.25
1765627478082,CH1,POWER,3.25
1765627478086,CH1,POWER,3.25
1765627478094,CH1,POWER,3.25
1765627478098,CH1,POWER,3.25
1765627478103,CH1,POWER,3.25
1765627478107,CH1,POWER,3.25
1765627478112,CH1,POWER,3.25
1765627478116,CH1,POWER,3.25
1765627478121,CH1,POWER,3.25
1765627478126,CH1,POWER,3.25
1765627478131,CH1,POWER,3.25
1765627478136,CH1,POWER,3.25
1765627478142,CH1,POWER,3.25
1765627478146,CH1,POWER,3.25
1765627478152,CH1,POWER,3.25
1765627478156,CH1,POWER,3.25
1765627478161,CH1,POWER,3.25
1765627478166,CH1,POWER,3.25
1765627478170,CH1,POWER,3.25
1765627478175,CH1,POWER,3.25
1765627478179,CH1,POWER,3.25
1765627478183,CH1,POWER,3.25
1765627478189,CH1,POWER,3.25
1765627478193,CH1,POWER,3.25
1765627478197,CH1,POWER,3.25
1765627478202,CH1,POWER,3.25
1765627478206,CH1,POWER,3.25
1765627478214,CH1,POWER,3.25
1765627478219,CH1,POWER,3.25
1765627478226,CH1,POWER,3.25
1765627478230,CH1,POWER,3.25
1765627478236,CH1,POWER,3.25
1765627478242,CH1,POWER,3.25
1765627478246,CH1,POWER,3.25
1765627478252,CH1,POWER,3.25
1765627478256,CH1,POWER,3.25
1765627478260,CH1,POWER,3.25
1765627478265,CH1,POWER,3.25
1765627478272,CH1,POWER,3.25
1765627478276,CH1,POWER,3.25
1765627478280,CH1,POWER,3.25
1765627478286,CH1,POWER,3.25
1765627478292,CH1,POWER,3.25
1765627478296,CH1,POWER,3.25
1765627478302,CH1,POWER,3.25
1765627478306,CH1,POWER,3.25
1765627478310,CH1,POWER,3.25
1765627478315,CH1,POWER,3.25
1765627478319,CH1,POWER,3.25
1765627478326,CH1,POWER,3.25
1765627478334,CH1,POWER,3.25
1765627478339,CH1,POWER,3.25
1765627478346,CH1,POWER,3.25
1765627478350,CH1,POWER,3.25
1765627478356,CH1,POWER,3.25
1765627478362,CH1,POWER,3.25
1765627478366,CH1,POWER,3.25
1765627478371,CH1,POWER,3.25
1765627478376,CH1,POWER,3.25
1765627478380,CH1,POWER,3.25
1765627478386,CH1,POWER,3.25
1765627478394,CH1,POWER,3.25
1765627478399,CH1,POWER,3.25
1765627478406,CH1,POWER,3.25
1765627478412,CH1,POWER,3.25
1765627478416,CH1,POWER,3.25
1765627478420,CH1,POWER,3.25
1765627478447,CH1,POWER,3.25
1765627478452,CH1,POWER,3.25
1765627478457,CH1,POWER,3.25
1765627478461,CH1,POWER,3.25
1765627478468,CH1,POWER,3.25
1765627478473,CH1,POWER,3.25
1765627478478,CH1,POWER,3.25
1765627478482,CH1,POWER,3.25
1765627478488,CH1,POWER,3.25
1765627478494,CH1,POWER,3.25
1765627478498,CH1,POWER,3.25
1765627478506,CH1,POWER,3.25
1765627478511,CH1,POWER,3.25
1765627478518,CH1,POWER,3.25
1765627478526,CH1,POWER,3.25
1765627478531,CH1,POWER,3.25
1765627478538,CH1,POWER,3.25
1765627478546,CH1,POWER,3.25
1765627478551,CH1,POWER,3.25
1765627478558,CH1,POWER,3.25
1765627478566,CH1,POWER,3.25
1765627478571,CH1,POWER,3.25
1765627478578,CH1,POWER,3.25
1765627478583,CH1,POWER,3.25
1765627478588,CH1,POWER,3.25
1765627478593,CH1,POWER,3.25
1765627478598,CH1,POWER,3.25
1765627478602,CH1,POWER,3.25
1765627478608,CH1,POWER,3.25
1765627478613,CH1,POWER,3.25
1765627478618,CH1,POWER,3.25
1765627478623,CH1,POWER,3.25
1765627478628,CH1,POWER,3.25
1765627478633,CH1,POWER,3.25
1765627478638,CH1,POWER,3.25
1765627478642,CH1,POWER,3.25
1765627478648,CH1,POWER,3.25
1765627478654,CH1,POWER,3.25
1765627478658,CH1,POWER,3.25
1765627478666,CH1,POWER,3.25
1765627478670,CH1,POWER,3.25
1765627478675,CH1,POWER,3.25
1765627478679,CH1,POWER,3.25
1765627478684,CH1,POWER,3.25
1765627478688,CH1,POWER,3.25
1765627478692,CH1,POWER,3.25
1765627478698,CH1,POWER,3.25
1765627478704,CH1,POWER,3.25
1765627478708,CH1,POWER,3.25
1765627478712,CH1,POWER,3.25
1765627478718,CH1,POWER,3.25
1765627478724,CH1,POWER,3.25
1765627478728,CH1,POWER,3.25
1765627478732,CH1,POWER,3.25
1765627478738,CH1,POWER,3.25
1765627478744,CH1,POWER,3.25
1765627478748,CH1,POWER,3.25
1765627478754,CH1,POWER,3.25
1765627478758,CH1,POWER,3.25
1765627478766,CH1,POWER,3.25
1765627478771,CH1,POWER,3.25
1765627478778,CH1,POWER,3.25
1765627478784,CH1,POWER,3.25
1765627478788,CH1,POWER,3.25
1765627478793,CH1,POWER,3.25
1765627478798,CH1,POWER,3.25
1765627478802,CH1,POWER,3.25
1765627478808,CH1,POWER,3.25
1765627478812,CH1,POWER,3.25
1765627478816,CH1,POWER,3.25
1765627478819,CH1,POWER,3.25
1765627478822,CH1,POWER,3.25
1765627478849,CH1,POWER,3.25
1765627478854,CH1,POWER,3.25
1765627478859,CH1,POWER,3.25
1765627478863,CH1,POWER,3.25
1765627478870,CH1,POWER,3.25
1765627478876,CH1,POWER,3.25
1765627478880,CH1,POWER,3.25
1765627478888,CH1,POWER,3.25
1765627478892,CH1,POWER,3.25
1765627478897,CH1,POWER,3.25
1765627478901,CH1,POWER,3.25
1765627478906,CH1,POWER,3.25
1765627478910,CH1,POWER,3.25
1765627478914,CH1,POWER,3.25
1765627478920,CH1,POWER,3.25
1765627478926,CH1,POWER,3.25
1765627478930,CH1,POWER,3.25
1765627478934,CH1,POWER,3.25
1765627478940,CH1,POWER,3.25
1765627478944,CH1,POWER,3.25
1765627478949,CH1,POWER,3.25
1765627478953,CH1,POWER,3.25
1765627478959,CH1,POWER,3.25
1765627478964,CH1,POWER,3.25
1765627478970,CH1,POWER,3.25
1765627478976,CH1,POWER,3.25
1765627478980,CH1,POWER,3.25
1765627478988,CH1,POWER,3.25
1765627478992,CH1,POWER,3.25
1765627478997,CH1,POWER,3.25
1765627479003,CH1,POWER,3.25
1765627479010,CH1,POWER,3.25
1765627479016,CH1,POWER,3.25
1765627479020,CH1,POWER,3.25
1765627479028,CH1,POWER,3.25
1765627479032,CH1,POWER,3.25
1765627479037,CH1,POWER,3.25
1765627479041,CH1,POWER,3.25
1765627479047,CH1,POWER,3.25
1765627479052,CH1,POWER,3.25
1765627479058,CH1,POWER,3.25
1765627479063,CH1,POWER,3.25
1765627479067,CH1,POWER,3.25
1765627479073,CH1,POWER,3.25
1765627479080,CH1,POWER,3.25
1765627479086,CH1,POWER,3.25
1765627479090,CH1,POWER,3.25
1765627479094,CH1,POWER,3.25
1765627479100,CH1,POWER,3.25
1765627479106,CH1,POWER,3.25
1765627479110,CH1,POWER,3.25
1765627479115,CH1,POWER,3.25
1765627479120,CH1,POWER,3.25
1765627479128,CH1,POWER,3.25
1765627479133,CH1,POWER,3.25
1765627479140,CH1,POWER,3.25
1765627479145,CH1,POWER,3.25
1765627479150,CH1,POWER,3.25
1765627479155,CH1,POWER,3.25
1765627479160,CH1,POWER,3.25
1765627479168,CH1,POWER,3.25
1765627479172,CH1,POWER,3.25
1765627479180,CH1,POWER,3.25
1765627479186,CH1,POWER,3.25
1765627479190,CH1,POWER,3.25
1765627479195,CH1,POWER,3.25
1765627479200,CH1,POWER,3.25
1765627479203,CH1,POWER,3.25
1765627479230,CH1,POWER,3.25
1765627479235,CH1,POWER,3.25
1765627479242,CH1,POWER,3.25
1765627479248,CH1,POWER,3.25
1765627479252,CH1,POWER,3.25
1765627479258,CH1,POWER,3.25
1765627479262,CH1,POWER,3.25
1765627479266,CH1,POWER,3.25
1765627479272,CH1,POWER,3.25
1765627479278,CH1,POWER,3.25
1765627479282,CH1,POWER,3.25
1765627479288,CH1,POWER,3.25
1765627479292,CH1,POWER,3.25
1765627479297,CH1,POWER,3.25
1765627479302,CH1,POWER,3.25
1765627479308,CH1,POWER,3.25
1765627479312,CH1,POWER,3.25
1765627479317,CH1,POWER,3.25
1765627479322,CH1,POWER,3.25
1765627479327,CH1,POWER,3.25
1765627479332,CH1,POWER,3.25
1765627479338,CH1,POWER,3.25
1765627479342,CH1,POWER,3.25
1765627479348,CH1,POWER,3.25
1765627479352,CH1,POWER,3.25
1765627479357,CH1,POWER,3.25
1765627479362,CH1,POWER,3.25
1765627479368,CH1,POWER,3.25
1765627479372,CH1,POWER,3.25
1765627479378,CH1,POWER,3.25
1765627479382,CH1,POWER,3.25
1765627479387,CH1,POWER,3.25
1765627479392,CH1,POWER,3.25
1765627479398,CH1,POWER,3.25
1765627479402,CH1,POWER,3.25
1765627479407,CH1,POWER,3.25
1765627479412,CH1,POWER,3.25
1765627479416,CH1,POWER,3.25
1765627479422,CH1,POWER,3.25
1765627479428,CH1,POWER,3.25
1765627479432,CH1,POWER,3.25
1765627479438,CH1,POWER,3.25
1765627479442,CH1,POWER,3.25
1765627479450,CH1,POWER,3.25
1765627479454,CH1,POWER,3.25
1765627479459,CH1,POWER,3.25
1765627479463,CH1,POWER,3.25
1765627479467,CH1,POWER,3.25
1765627479472,CH1,POWER,3.25
1765627479480,CH1,POWER,3.25
1765627479485,CH1,POWER,3.25
1765627479492,CH1,POWER,3.25
1765627479500,CH1,POWER,3.25
1765627479505,CH1,POWER,3.25
1765627479512,CH1,POWER,3.25
1765627479517,CH1,POWER,3.25
1765627479522,CH1,POWER,3.25
1765627479527,CH1,POWER,3.25
1765627479532,CH1,POWER,3.25
1765627479536,CH1,POWER,3.25
1765627479541,CH1,POWER,3.25
1765627479545,CH1,POWER,3.25
1765627479551,CH1,POWER,3.25
1765627479556,CH1,POWER,3.25
1765627479562,CH1,POWER,3.25
1765627479568,CH1,POWER,3.25
1765627479572,CH1,POWER,3.25
1765627479577,CH1,POWER,3.25
1765627479582,CH1,POWER,3.25
1765627479588,CH1,POWER,3.25
1765627479592,CH1,POWER,3.25
1765627479594,CH1,POWER,3.60
1765627479597,CH1,POWER,3.60
1765627479625,CH1,POWER,3.60
1765627479632,CH1,POWER,3.60
1765627479637,CH1,POWER,3.60
1765627479643,CH1,POWER,3.60
1765627479648,CH1,POWER,3.60
1765627479654,CH1,POWER,3.60
1765627479658,CH1,POWER,3.60
1765627479664,CH1,POWER,3.60
1765627479672,CH1,POWER,3.60
1765627479677,CH1,POWER,3.60
1765627479683,CH1,POWER,3.60
1765627479688,CH1,POWER,3.60
1765627479693,CH1,POWER,3.60
1765627479698,CH1,POWER,3.60
1765627479704,CH1,POWER,3.60
1765627479712,CH1,POWER,3.60
1765627479717,CH1,POWER,3.60
1765627479721,CH1,POWER,3.60
1765627479727,CH1,POWER,3.60
1765627479733,CH1,POWER,3.60
1765627479738,CH1,POWER,3.60
1765627479743,CH1,POWER,3.60
1765627479747,CH1,POWER,3.60
1765627479751,CH1,POWER,3.60
1765627479755,CH1,POWER,3.60
1765627479762,CH1,POWER,3.60
1765627479767,CH1,POWER,3.60
1765627479771,CH1,POWER,3.60
1765627479776,CH1,POWER,3.60
1765627479782,CH1,POWER,3.60
1765627479787,CH1,POWER,3.60
1765627479791,CH1,POWER,3.60
1765627479796,CH1,POWER,3.60
1765627479802,CH1,POWER,3.60
1765627479807,CH1,POWER,3.60
1765627479814,CH1,POWER,3.60
1765627479822,CH1,POWER,3.60
1765627479827,CH1,POWER,3.60
1765627479834,CH1,POWER,3.60
1765627479839,CH1,POWER,3.60
1765627479844,CH1,POWER,3.60
1765627479852,CH1,POWER,3.60
1765627479856,CH1,POWER,3.60
1765627479861,CH1,POWER,3.60
1765627479866,CH1,POWER,3.60
1765627479874,CH1,POWER,3.60
1765627479879,CH1,POWER,3.60
1765627479884,CH1,POWER,3.60
1765627479889,CH1,POWER,3.60
1765627479894,CH1,POWER,3.60
1765627479902,CH1,POWER,3.60
1765627479907,CH1,POWER,3.60
1765627479913,CH1,POWER,3.60
1765627479917,CH1,POWER,3.60
1765627479924,CH1,POWER,3.60
1765627479932,CH1,POWER,3.60
1765627479937,CH1,POWER,3.60
1765627479941,CH1,POWER,3.60
1765627479946,CH1,POWER,3.60
1765627479952,CH1,POWER,3.60
1765627479957,CH1,POWER,3.60
1765627479964,CH1,POWER,3.60
1765627479970,CH1,POWER,3.60
1765627479974,CH1,POWER,3.60
1765627479977,CH1,POWER,3.25
1765627480003,CH1,POWER,3.25
1765627480008,CH1,POWER,3.25
1765627480013,CH1,POWER,3.25
1765627480019,CH1,POWER,3.25
1765627480025,CH1,POWER,3.25
1765627480030,CH1,POWER,3.25
1765627480036,CH1,POWER,3.25
1765627480041,CH1,POWER,3.25
1765627480046,CH1,POWER,3.25
1765627480051,CH1,POWER,3.25
1765627480056,CH1,POWER,3.25
1765627480064,CH1,POWER,3.25
1765627480069,CH1,POWER,3.25
1765627480076,CH1,POWER,3.25
1765627480081,CH1,POWER,3.25
1765627480086,CH1,POWER,3.25
1765627480091,CH1,POWER,3.25
1765627480096,CH1,POWER,3.25
1765627480104,CH1,POWER,3.25
1765627480109,CH1,POWER,3.25
1765627480113,CH1,POWER,3.25
1765627480118,CH1,POWER,3.25
1765627480124,CH1,POWER,3.25
1765627480129,CH1,POWER,3.25
1765627480136,CH1,POWER,3.25
1765627480142,CH1,POWER,3.25
1765627480146,CH1,POWER,3.25
1765627480151,CH1,POWER,3.25
1765627480156,CH1,POWER,3.25
1765627480161,CH1,POWER,3.25
1765627480166,CH1,POWER,3.25
1765627480174,CH1,POWER,3.25
1765627480178,CH1,POWER,3.25
1765627480186,CH1,POWER,3.25
1765627480191,CH1,POWER,3.25
1765627480196,CH1,POWER,3.25
1765627480201,CH1,POWER,3.25
1765627480206,CH1,POWER,3.25
1765627480210,CH1,POWER,3.25
1765627480216,CH1,POWER,3.25
1765627480220,CH1,POWER,3.25
1765627480226,CH1,POWER,3.25
1765627480234,CH1,POWER,3.25
1765627480239,CH1,POWER,3.25
1765627480245,CH1,POWER,3.25
1765627480250,CH1,POWER,3.25
1765627480255,CH1,POWER,3.25
1765627480261,CH1,POWER,3.25
1765627480266,CH1,POWER,3.25
1765627480271,CH1,POWER,3.25
1765627480276,CH1,POWER,3.25
1765627480282,CH1,POWER,3.25
1765627480286,CH1,POWER,3.25
1765627480291,CH1,POWER,3.25
1765627480296,CH1,POWER,3.25
1765627480302,CH1,POWER,3.25
1765627480306,CH1,POWER,3.25
1765627480311,CH1,POWER,3.25
1765627480316,CH1,POWER,3.25
1765627480322,CH1,POWER,3.25
1765627480326,CH1,POWER,3.25
1765627480331,CH1,POWER,3.25
1765627480336,CH1,POWER,3.25
1765627480341,CH1,POWER,3.25
1765627480346,CH1,POWER,3.25
1765627480354,CH1,POWER,3.25
1765627480360,CH1,POWER,3.25
1765627480365,CH1,POWER,3.25
1765627480367,CH1,POWER,3.25
1765627480369,CH1,POWER,3.25
1765627480397,CH1,POWER,3.25
1765627480402,CH1,POWER,3.25
1765627480407,CH1,POWER,3.25
1765627480411,CH1,POWER,3.25
1765627480417,CH1,POWER,3.25
1765627480422,CH1,POWER,3.25
1765627480427,CH1,POWER,3.25
1765627480432,CH1,POWER,3.25
1765627480438,CH1,POWER,3.25
1765627480442,CH1,POWER,3.25
1765627480447,CH1,POWER,3.25
1765627480451,CH1,POWER,3.25
1765627480455,CH1,POWER,3.25
1765627480460,CH1,POWER,3.25
1765627480466,CH1,POWER,3.25
1765627480471,CH1,POWER,3.25
1765627480478,CH1,POWER,3.25
1765627480486,CH1,POWER,3.25
1765627480491,CH1,POWER,3.25
1765627480498,CH1,POWER,3.25
1765627480503,CH1,POWER,3.25
1765627480508,CH1,POWER,3.25
1765627480513,CH1,POWER,3.25
1765627480518,CH1,POWER,3.25
1765627480523,CH1,POWER,3.25
1765627480528,CH1,POWER,3.25
1765627480534,CH1,POWER,3.25
1765627480538,CH1,POWER,3.25
1765627480543,CH1,POWER,3.25
1765627480548,CH1,POWER,3.25
1765627480553,CH1,POWER,3.25
1765627480558,CH1,POWER,3.25
1765627480566,CH1,POWER,3.25
1765627480572,CH1,POWER,3.25
1765627480577,CH1,POWER,3.25
1765627480582,CH1,POWER,3.25
1765627480587,CH1,POWER,3.25
1765627480591,CH1,POWER,3.25
1765627480598,CH1,POWER,3.25
1765627480602,CH1,POWER,3.25
1765627480607,CH1,POWER,3.25
1765627480612,CH1,POWER,3.25
1765627480617,CH1,POWER,3.25
1765627480622,CH1,POWER,3.25
1765627480628,CH1,POWER,3.25
1765627480634,CH1,POWER,3.25
1765627480638,CH1,POWER,3.25
1765627480646,CH1,POWER,3.25
1765627480651,CH1,POWER,3.25
1765627480658,CH1,POWER,3.25
1765627480664,CH1,POWER,3.25
1765627480668,CH1,POWER,3.25
1765627480676,CH1,POWER,3.25
1765627480680,CH1,POWER,3.25
1765627480685,CH1,POWER,3.25
1765627480689,CH1,POWER,3.25
1765627480695,CH1,POWER,3.25
1765627480700,CH1,POWER,3.25
1765627480706,CH1,POWER,3.25
1765627480711,CH1,POWER,3.25
1765627480715,CH1,POWER,3.25
1765627480720,CH1,POWER,3.25
1765627480726,CH1,POWER,3.25
1765627480731,CH1,POWER,3.25
1765627480738,CH1,POWER,3.25
1765627480743,CH1,POWER,3.25
1765627480748,CH1,POWER,3.25
1765627480752,CH1,POWER,3.25
1765627480758,CH1,POWER,3.25
1765627480761,CH1,POWER,3.25
1765627480787,CH1,POWER,3.25
1765627480792,CH1,POWER,3.25
1765627480797,CH1,POWER,3.25
1765627480802,CH1,POWER,3.25
1765627480807,CH1,POWER,3.25
1765627480811,CH1,POWER,3.25
1765627480818,CH1,POWER,3.25
1765627480823,CH1,POWER,3.25
1765627480830,CH1,POWER,3.25
1765627480835,CH1,POWER,3.25
1765627480840,CH1,POWER,3.25
1765627480845,CH1,POWER,3.25
1765627480850,CH1,POWER,3.25
1765627480854,CH1,POWER,3.25
1765627480860,CH1,POWER,3.25
1765627480868,CH1,POWER,3.25
1765627480873,CH1,POWER,3.25
1765627480880,CH1,POWER,3.25
1765627480885,CH1,POWER,3.25
1765627480890,CH1,POWER,3.25
1765627480895,CH1,POWER,3.25
1765627480900,CH1,POWER,3.25
1765627480908,CH1,POWER,3.25
1765627480913,CH1,POWER,3.25
1765627480920,CH1,POWER,3.25
1765627480925,CH1,POWER,3.25
1765627480930,CH1,POWER,3.25
1765627480935,CH1,POWER,3.25
1765627480940,CH1,POWER,3.25
1765627480944,CH1,POWER,3.25
1765627480950,CH1,POWER,3.25
1765627480956,CH1,POWER,3.25
1765627480960,CH1,POWER,3.25
1765627480964,CH1,POWER,3.25
1765627480969,CH1,POWER,3.25
1765627480974,CH1,POWER,3.25
1765627480980,CH1,POWER,3.25
1765627480984,CH1,POWER,3.25
1765627480990,CH1,POWER,3.25
1765627480994,CH1,POWER,3.25
1765627480999,CH1,POWER,3.25
1765627481003,CH1,POWER,3.25
1765627481007,CH1,POWER,3.25
1765627481011,CH1,POWER,3.25
1765627481018,CH1,POWER,3.25
1765627481023,CH1,POWER,3.25
1765627481030,CH1,POWER,3.25
1765627481038,CH1,POWER,3.25
1765627481043,CH1,POWER,3.25
1765627481049,CH1,POWER,3.25
1765627481054,CH1,POWER,3.25
1765627481060,CH1,POWER,3.25
1765627481065,CH1,POWER,3.25
1765627481070,CH1,POWER,3.25
1765627481074,CH1,POWER,3.25
1765627481080,CH1,POWER,3.25
1765627481088,CH1,POWER,3.25
1765627481093,CH1,POWER,3.25
1765627481099,CH1,POWER,3.25
1765627481104,CH1,POWER,3.25
1765627481110,CH1,POWER,3.25
1765627481115,CH1,POWER,3.25
1765627481120,CH1,POWER,3.25
1765627481124,CH1,POWER,3.25
1765627481130,CH1,POWER,3.25
1765627481138,CH1,POWER,3.25
1765627481143,CH1,POWER,3.25
1765627481147,CH1,POWER,3.25
1765627481152,CH1,POWER,3.25
1765627481157,CH1,POWER,3.25
1765627481160,CH1,POWER,3.65
1765627481162,CH1,POWER,3.65
1765627481165,CH1,POWER,3.65
1765627481192,CH1,POWER,3.65
1765627481197,CH1,POWER,3.65
1765627481202,CH1,POWER,3.65
1765627481210,CH1,POWER,3.65
1765627481215,CH1,POWER,3.65
1765627481222,CH1,POWER,3.65
1765627481227,CH1,POWER,3.65
1765627481232,CH1,POWER,3.65
1765627481240,CH1,POWER,3.65
1765627481245,CH1,POWER,3.65
1765627481252,CH1,POWER,3.65
1765627481257,CH1,POWER,3.65
1765627481262,CH1,POWER,3.65
1765627481266,CH1,POWER,3.65
1765627481272,CH1,POWER,3.65
1765627481280,CH1,POWER,3.65
1765627481285,CH1,POWER,3.65
1765627481292,CH1,POWER,3.65
1765627481297,CH1,POWER,3.65
1765627481302,CH1,POWER,3.65
1765627481306,CH1,POWER,3.65
1765627481312,CH1,POWER,3.65
1765627481317,CH1,POWER,3.65
1765627481322,CH1,POWER,3.65
1765627481326,CH1,POWER,3.65
1765627481332,CH1,POWER,3.65
1765627481337,CH1,POWER,3.65
1765627481342,CH1,POWER,3.65
1765627481347,CH1,POWER,3.65
1765627481352,CH1,POWER,3.65
1765627481357,CH1,POWER,3.65
1765627481362,CH1,POWER,3.65
1765627481367,CH1,POWER,3.65
1765627481372,CH1,POWER,3.65
1765627481376,CH1,POWER,3.65
1765627481382,CH1,POWER,3.65
1765627481387,CH1,POWER,3.65
1765627481392,CH1,POWER,3.65
1765627481397,CH1,POWER,3.65
1765627481402,CH1,POWER,3.65
1765627481407,CH1,POWER,3.65
1765627481412,CH1,POWER,3.65
1765627481416,CH1,POWER,3.65
1765627481422,CH1,POWER,3.65
1765627481427,CH1,POWER,3.65
1765627481432,CH1,POWER,3.65
1765627481437,CH1,POWER,3.65
1765627481442,CH1,POWER,3.65
1765627481447,CH1,POWER,3.65
1765627481452,CH1,POWER,3.65
1765627481460,CH1,POWER,3.65
1765627481465,CH1,POWER,3.65
1765627481471,CH1,POWER,3.65
1765627481475,CH1,POWER,3.65
1765627481479,CH1,POWER,3.65
1765627481484,CH1,POWER,3.65
1765627481492,CH1,POWER,3.65
1765627481497,CH1,POWER,3.65
1765627481502,CH1,POWER,3.65
1765627481507,CH1,POWER,3.65
1765627481512,CH1,POWER,3.65
1765627481520,CH1,POWER,3.65
1765627481525,CH1,POWER,3.65
1765627481531,CH1,POWER,3.65
1765627481536,CH1,POWER,3.65
1765627481541,CH1,POWER,3.65
1765627481547,CH1,POWER,3.65
1765627481552,CH1,POWER,3.65
1765627481554,CH1,POWER,3.40
1765627481557,CH1,POWER,3.40
1765627481584,CH1,POWER,3.40
1765627481589,CH1,POWER,3.40
1765627481594,CH1,POWER,3.40
1765627481598,CH1,POWER,3.40
1765627481603,CH1,POWER,3.40
1765627481608,CH1,POWER,3.40
1765627481614,CH1,POWER,3.40
1765627481619,CH1,POWER,3.40
1765627481624,CH1,POWER,3.40
1765627481632,CH1,POWER,3.40
1765627481636,CH1,POWER,3.40
1765627481641,CH1,POWER,3.40
1765627481645,CH1,POWER,3.40
1765627481651,CH1,POWER,3.40
1765627481657,CH1,POWER,3.40
1765627481663,CH1,POWER,3.40
1765627481668,CH1,POWER,3.40
1765627481673,CH1,POWER,3.40
1765627481679,CH1,POWER,3.40
1765627481684,CH1,POWER,3.40
1765627481689,CH1,POWER,3.40
1765627481694,CH1,POWER,3.40
1765627481698,CH1,POWER,3.40
1765627481703,CH1,POWER,3.40
1765627481707,CH1,POWER,3.40
1765627481714,CH1,POWER,3.40
1765627481719,CH1,POWER,3.40
1765627481724,CH1,POWER,3.40
1765627481729,CH1,POWER,3.40
1765627481734,CH1,POWER,3.40
1765627481738,CH1,POWER,3.40
1765627481743,CH1,POWER,3.40
1765627481747,CH1,POWER,3.40
1765627481754,CH1,POWER,3.40
1765627481759,CH1,POWER,3.40
1765627481764,CH1,POWER,3.40
1765627481768,CH1,POWER,3.40
1765627481774,CH1,POWER,3.40
1765627481778,CH1,POWER,3.40
1765627481784,CH1,POWER,3.40
1765627481788,CH1,POWER,3.40
1765627481794,CH1,POWER,3.40
1765627481798,CH1,POWER,3.40
1765627481803,CH1,POWER,3.40
1765627481807,CH1,POWER,3.40
1765627481811,CH1,POWER,3.40
1765627481816,CH1,POWER,3.40
1765627481822,CH1,POWER,3.40
1765627481826,CH1,POWER,3.40
1765627481831,CH1,POWER,3.40
1765627481836,CH1,POWER,3.40
1765627481841,CH1,POWER,3.40
1765627481846,CH1,POWER,3.40
1765627481851,CH1,POWER,3.40
1765627481855,CH1,POWER,3.40
1765627481862,CH1,POWER,3.40
1765627481866,CH1,POWER,3.40
1765627481871,CH1,POWER,3.40
1765627481876,CH1,POWER,3.40
1765627481884,CH1,POWER,3.40
1765627481888,CH1,POWER,3.40
1765627481893,CH1,POWER,3.40
1765627481897,CH1,POWER,3.40
1765627481904,CH1,POWER,3.40
1765627481909,CH1,POWER,3.40
1765627481914,CH1,POWER,3.40
1765627481919,CH1,POWER,3.40
1765627481924,CH1,POWER,3.40
1765627481928,CH1,POWER,3.40
1765627481934,CH1,POWER,3.40
1765627481939,CH1,POWER,3.40
1765627481944,CH1,POWER,3.40
1765627481948,CH1,POWER,3.40
1765627481953,CH1,POWER,3.40
1765627481957,CH1,POWER,3.40
1765627481983,CH1,POWER,3.25
1765627481988,CH1,POWER,3.25
1765627481993,CH1,POWER,3.25
1765627481999,CH1,POWER,3.25
1765627482003,CH1,POWER,3.25
1765627482007,CH1,POWER,3.25
1765627482013,CH1,POWER,3.25
1765627482018,CH1,POWER,3.25
1765627482026,CH1,POWER,3.25
1765627482030,CH1,POWER,3.25
1765627482036,CH1,POWER,3.25
1765627482041,CH1,POWER,3.25
1765627482046,CH1,POWER,3.25
1765627482051,CH1,POWER,3.25
1765627482056,CH1,POWER,3.25
1765627482061,CH1,POWER,3.25
1765627482066,CH1,POWER,3.25
1765627482071,CH1,POWER,3.25
1765627482076,CH1,POWER,3.25
1765627482080,CH1,POWER,3.25
1765627482086,CH1,POWER,3.25
1765627482091,CH1,POWER,3.25
1765627482096,CH1,POWER,3.25
1765627482101,CH1,POWER,3.25
1765627482106,CH1,POWER,3.25
1765627482110,CH1,POWER,3.25
1765627482115,CH1,POWER,3.25
1765627482119,CH1,POWER,3.25
1765627482126,CH1,POWER,3.25
1765627482131,CH1,POWER,3.25
1765627482136,CH1,POWER,3.25
1765627482141,CH1,POWER,3.25
1765627482146,CH1,POWER,3.25
1765627482151,CH1,POWER,3.25
1765627482156,CH1,POWER,3.25
1765627482161,CH1,POWER,3.25
1765627482166,CH1,POWER,3.25
1765627482174,CH1,POWER,3.25
1765627482178,CH1,POWER,3.25
1765627482184,CH1,POWER,3.25
1765627482188,CH1,POWER,3.25
1765627482193,CH1,POWER,3.25
1765627482198,CH1,POWER,3.25
1765627482203,CH1,POWER,3.25
1765627482208,CH1,POWER,3.25
1765627482213,CH1,POWER,3.25
1765627482219,CH1,POWER,3.25
1765627482226,CH1,POWER,3.25
1765627482234,CH1,POWER,3.25
1765627482239,CH1,POWER,3.25
1765627482246,CH1,POWER,3.25
1765627482251,CH1,POWER,3.25
1765627482256,CH1,POWER,3.25
1765627482264,CH1,POWER,3.25
1765627482269,CH1,POWER,3.25
1765627482276,CH1,POWER,3.25
1765627482284,CH1,POWER,3.25
1765627482289,CH1,POWER,3.25
1765627482293,CH1,POWER,3.25
1765627482298,CH1,POWER,3.25
1765627482304,CH1,POWER,3.25
1765627482309,CH1,POWER,3.25
1765627482316,CH1,POWER,3.25
1765627482321,CH1,POWER,3.25
1765627482326,CH1,POWER,3.25
1765627482334,CH1,POWER,3.25
1765627482339,CH1,POWER,3.25
1765627482344,CH1,POWER,3.25
1765627482347,CH1,POWER,3.25
1765627482350,CH1,POWER,3.25
1765627482377,CH1,POWER,3.25
1765627482382,CH1,POWER,3.25
1765627482387,CH1,POWER,3.25
1765627482393,CH1,POWER,3.25
1765627482398,CH1,POWER,3.25
1765627482403,CH1,POWER,3.25
1765627482408,CH1,POWER,3.25
1765627482413,CH1,POWER,3.25
1765627482418,CH1,POWER,3.25
1765627482426,CH1,POWER,3.25
1765627482430,CH1,POWER,3.25
1765627482438,CH1,POWER,3.25
1765627482443,CH1,POWER,3.25
1765627482448,CH1,POWER,3.25
1765627482456,CH1,POWER,3.25
1765627482461,CH1,POWER,3.25
1765627482468,CH1,POWER,3.25
1765627482476,CH1,POWER,3.25
1765627482481,CH1,POWER,3.25
1765627482488,CH1,POWER,3.25
1765627482493,CH1,POWER,3.25
1765627482498,CH1,POWER,3.25
1765627482503,CH1,POWER,3.25
1765627482508,CH1,POWER,3.25
1765627482512,CH1,POWER,3.25
1765627482518,CH1,POWER,3.25
1765627482522,CH1,POWER,3.25
1765627482527,CH1,POWER,3.25
1765627482532,CH1,POWER,3.25
1765627482537,CH1,POWER,3.25
1765627482543,CH1,POWER,3.25
1765627482548,CH1,POWER,3.25
1765627482553,CH1,POWER,3.25
1765627482558,CH1,POWER,3.25
1765627482562,CH1,POWER,3.25
1765627482568,CH1,POWER,3.25
1765627482573,CH1,POWER,3.25
1765627482578,CH1,POWER,3.25
1765627482582,CH1,POWER,3.25
1765627482588,CH1,POWER,3.25
1765627482596,CH1,POWER,3.25
1765627482601,CH1,POWER,3.25
1765627482608,CH1,POWER,3.25
1765627482616,CH1,POWER,3.25
1765627482621,CH1,POWER,3.25
1765627482628,CH1,POWER,3.25
1765627482633,CH1,POWER,3.25
1765627482638,CH1,POWER,3.25
1765627482643,CH1,POWER,3.25
1765627482648,CH1,POWER,3.25
1765627482656,CH1,POWER,3.25
1765627482661,CH1,POWER,3.25
1765627482665,CH1,POWER,3.25
1765627482671,CH1,POWER,3.25
1765627482678,CH1,POWER,3.25
1765627482686,CH1,POWER,3.25
1765627482692,CH1,POWER,3.25
1765627482697,CH1,POWER,3.25
1765627482703,CH1,POWER,3.25
1765627482708,CH1,POWER,3.25
1765627482716,CH1,POWER,3.25
1765627482722,CH1,POWER,3.25
1765627482727,CH1,POWER,3.25
1765627482731,CH1,POWER,3.25
1765627482736,CH1,POWER,3.25
1765627482739,CH1,POWER,3.25
1765627482741,CH1,POWER,3.25
1765627482769,CH1,POWER,3.25
1765627482774,CH1,POWER,3.25
1765627482779,CH1,POWER,3.25
1765627482785,CH1,POWER,3.25
1765627482790,CH1,POWER,3.25
1765627482795,CH1,POWER,3.25
1765627482800,CH1,POWER,3.25
1765627482805,CH1,POWER,3.25
1765627482810,CH1,POWER,3.25
1765627482818,CH1,POWER,3.25
1765627482822,CH1,POWER,3.25
1765627482827,CH1,POWER,3.25
1765627482832,CH1,POWER,3.25
1765627482840,CH1,POWER,3.25
1765627482848,CH1,POWER,3.25
1765627482853,CH1,POWER,3.25
1765627482860,CH1,POWER,3.25
1765627482868,CH1,POWER,3.25
1765627482873,CH1,POWER,3.25
1765627482880,CH1,POWER,3.25
1765627482885,CH1,POWER,3.25
1765627482890,CH1,POWER,3.25
1765627482895,CH1,POWER,3.25
1765627482900,CH1,POWER,3.25
1765627482905,CH1,POWER,3.25
1765627482910,CH1,POWER,3.25
1765627482914,CH1,POWER,3.25
1765627482919,CH1,POWER,3.25
1765627482925,CH1,POWER,3.25
1765627482930,CH1,POWER,3.25
1765627482935,CH1,POWER,3.25
1765627482940,CH1,POWER,3.25
1765627482944,CH1,POWER,3.25
1765627482949,CH1,POWER,3.25
1765627482953,CH1,POWER,3.25
1765627482959,CH1,POWER,3.25
1765627482963,CH1,POWER,3.25
1765627482970,CH1,POWER,3.25
1765627482975,CH1,POWER,3.25
1765627482980,CH1,POWER,3.25
1765627482984,CH1,POWER,3.25
1765627482990,CH1,POWER,3.25
1765627482998,CH1,POWER,3.25
1765627483003,CH1,POWER,3.25
1765627483010,CH1,POWER,3.25
1765627483015,CH1,POWER,3.25
1765627483020,CH1,POWER,3.25
1765627483025,CH1,POWER,3.25
1765627483030,CH1,POWER,3.25
1765627483035,CH1,POWER,3.25
1765627483040,CH1,POWER,3.25
1765627483048,CH1,POWER,3.25
1765627483052,CH1,POWER,3.25
1765627483060,CH1,POWER,3.25
1765627483068,CH1,POWER,3.25
1765627483073,CH1,POWER,3.25
1765627483080,CH1,POWER,3.25
1765627483088,CH1,POWER,3.25
1765627483093,CH1,POWER,3.25
1765627483100,CH1,POWER,3.25
1765627483105,CH1,POWER,3.25
1765627483110,CH1,POWER,3.25
1765627483118,CH1,POWER,3.25
1765627483124,CH1,POWER,3.25
1765627483128,CH1,POWER,3.25
1765627483130,CH1,POWER,3.25
1765627483133,CH1,POWER,3.25
1765627483159,CH1,POWER,3.25
1765627483164,CH1,POWER,3.25
1765627483170,CH1,POWER,3.25
1765627483176,CH1,POWER,3.25
1765627483182,CH1,POWER,3.25
1765627483187,CH1,POWER,3.25
1765627483192,CH1,POWER,3.25
1765627483199,CH1,POWER,3.25
1765627483204,CH1,POWER,3.25
1765627483212,CH1,POWER,3.25
1765627483217,CH1,POWER,3.25
1765627483221,CH1,POWER,3.25
1765627483226,CH1,POWER,3.25
1765627483231,CH1,POWER,3.25
1765627483235,CH1,POWER,3.25
1765627483242,CH1,POWER,3.25
1765627483246,CH1,POWER,3.25
1765627483251,CH1,POWER,3.25
1765627483255,CH1,POWER,3.25
1765627483262,CH1,POWER,3.25
1765627483266,CH1,POWER,3.25
1765627483271,CH1,POWER,3.25
1765627483275,CH1,POWER,3.25
1765627483282,CH1,POWER,3.25
1765627483287,CH1,POWER,3.25
1765627483292,CH1,POWER,3.25
1765627483297,CH1,POWER,3.25
1765627483302,CH1,POWER,3.25
1765627483310,CH1,POWER,3.25
1765627483316,CH1,POWER,3.25
1765627483321,CH1,POWER,3.25
1765627483327,CH1,POWER,3.25
1765627483332,CH1,POWER,3.25
1765627483340,CH1,POWER,3.25
1765627483346,CH1,POWER,3.25
1765627483351,CH1,POWER,3.25
1765627483356,CH1,POWER,3.25
1765627483362,CH1,POWER,3.25
1765627483367,CH1,POWER,3.25
1765627483372,CH1,POWER,3.25
1765627483376,CH1,POWER,3.25
1765627483381,CH1,POWER,3.25
1765627483387,CH1,POWER,3.25
1765627483392,CH1,POWER,3.25
1765627483397,CH1,POWER,3.25
1765627483402,CH1,POWER,3.25
1765627483409,CH1,POWER,3.25
1765627483414,CH1,POWER,3.25
1765627483419,CH1,POWER,3.25
1765627483425,CH1,POWER,3.25
1765627483432,CH1,POWER,3.25
1765627483437,CH1,POWER,3.25
1765627483442,CH1,POWER,3.25
1765627483447,CH1,POWER,3.25
1765627483452,CH1,POWER,3.25
1765627483457,CH1,POWER,3.25
1765627483462,CH1,POWER,3.25
1765627483470,CH1,POWER,3.25
1765627483475,CH1,POWER,3.25
1765627483481,CH1,POWER,3.25
1765627483486,CH1,POWER,3.25
1765627483492,CH1,POWER,3.25
1765627483500,CH1,POWER,3.25
1765627483505,CH1,POWER,3.25
1765627483512,CH1,POWER,3.25
1765627483516,CH1,POWER,2.95
1765627483544,CH1,POWER,2.95
1765627483549,CH1,POWER,2.95
1765627483554,CH1,POWER,2.95
1765627483559,CH1,POWER,2.95
1765627483564,CH1,POWER,2.95
1765627483568,CH1,POWER,2.95
1765627483574,CH1,POWER,2.95
1765627483581,CH1,POWER,2.95
1765627483586,CH1,POWER,2.95
1765627483591,CH1,POWER,2.95
1765627483595,CH1,POWER,2.95
1765627483600,CH1,POWER,2.95
1765627483605,CH1,POWER,2.95
1765627483610,CH1,POWER,2.95
1765627483615,CH1,POWER,2.95
1765627483621,CH1,POWER,2.95
1765627483627,CH1,POWER,2.95
1765627483634,CH1,POWER,2.95
1765627483642,CH1,POWER,2.95
1765627483647,CH1,POWER,2.95
1765627483654,CH1,POWER,2.95
1765627483659,CH1,POWER,2.95
1765627483664,CH1,POWER,2.95
1765627483669,CH1,POWER,2.95
1765627483674,CH1,POWER,2.95
1765627483681,CH1,POWER,2.95
1765627483686,CH1,POWER,2.95
1765627483693,CH1,POWER,2.95
1765627483698,CH1,POWER,2.95
1765627483703,CH1,POWER,2.95
1765627483707,CH1,POWER,2.95
1765627483713,CH1,POWER,2.95
1765627483718,CH1,POWER,2.95
1765627483723,CH1,POWER,2.95
1765627483728,CH1,POWER,2.95
1765627483733,CH1,POWER,2.95
1765627483737,CH1,POWER,2.95
1765627483743,CH1,POWER,2.95
1765627483749,CH1,POWER,2.95
1765627483754,CH1,POWER,2.95
1765627483762,CH1,POWER,2.95
1765627483767,CH1,POWER,2.95
1765627483773,CH1,POWER,2.95
1765627483778,CH1,POWER,2.95
1765627483784,CH1,POWER,2.95
1765627483789,CH1,POWER,2.95
1765627483794,CH1,POWER,2.95
1765627483802,CH1,POWER,2.95
1765627483806,CH1,POWER,2.95
1765627483814,CH1,POWER,2.95
1765627483819,CH1,POWER,2.95
1765627483824,CH1,POWER,2.95
1765627483828,CH1,POWER,2.95
1765627483833,CH1,POWER,2.95
1765627483838,CH1,POWER,2.95
1765627483843,CH1,POWER,2.95
1765627483848,CH1,POWER,2.95
1765627483853,CH1,POWER,2.95
1765627483858,CH1,POWER,2.95
1765627483864,CH1,POWER,2.95
1765627483869,CH1,POWER,2.95
1765627483874,CH1,POWER,2.95
1765627483879,CH1,POWER,2.95
1765627483884,CH1,POWER,2.95
1765627483892,CH1,POWER,2.95
1765627483898,CH1,POWER,2.95
1765627483901,CH1,POWER,3.25
1765627483904,CH1,POWER,3.25
1765627483906,CH1,POWER,3.25
1765627483933,CH1,POWER,3.25
1765627483938,CH1,POWER,3.25
1765627483943,CH1,POWER,3.25
1765627483948,CH1,POWER,3.25
1765627483953,CH1,POWER,3.25
1765627483957,CH1,POWER,3.25
1765627483964,CH1,POWER,3.25
1765627483968,CH1,POWER,3.25
1765627483973,CH1,POWER,3.25
1765627483978,CH1,POWER,3.25
1765627483986,CH1,POWER,3.25
1765627483991,CH1,POWER,3.25
1765627483996,CH1,POWER,3.25
1765627484001,CH1,POWER,3.25
1765627484006,CH1,POWER,3.25
1765627484010,CH1,POWER,3.25
1765627484016,CH1,POWER,3.25
1765627484021,CH1,POWER,3.25
1765627484026,CH1,POWER,3.25
1765627484030,CH1,POWER,3.25
1765627484034,CH1,POWER,3.25
1765627484038,CH1,POWER,3.25
1765627484043,CH1,POWER,3.25
1765627484047,CH1,POWER,3.25
1765627484054,CH1,POWER,3.25
1765627484058,CH1,POWER,3.25
1765627484063,CH1,POWER,3.25
1765627484067,CH1,POWER,3.25
1765627484073,CH1,POWER,3.25
1765627484078,CH1,POWER,3.25
1765627484086,CH1,POWER,3.25
1765627484091,CH1,POWER,3.25
1765627484096,CH1,POWER,3.25
1765627484101,CH1,POWER,3.25
1765627484106,CH1,POWER,3.25
1765627484114,CH1,POWER,3.25
1765627484119,CH1,POWER,3.25
1765627484126,CH1,POWER,3.25
1765627484131,CH1,POWER,3.25
1765627484136,CH1,POWER,3.25
1765627484140,CH1,POWER,3.25
1765627484146,CH1,POWER,3.25
1765627484151,CH1,POWER,3.25
1765627484156,CH1,POWER,3.25
1765627484160,CH1,POWER,3.25
1765627484165,CH1,POWER,3.25
1765627484169,CH1,POWER,3.25
1765627484176,CH1,POWER,3.25
1765627484180,CH1,POWER,3.25
1765627484185,CH1,POWER,3.25
1765627484190,CH1,POWER,3.25
1765627484196,CH1,POWER,3.25
1765627484204,CH1,POWER,3.25
1765627484209,CH1,POWER,3.25
1765627484216,CH1,POWER,3.25
1765627484221,CH1,POWER,3.25
1765627484226,CH1,POWER,3.25
1765627484231,CH1,POWER,3.25
1765627484236,CH1,POWER,3.25
1765627484244,CH1,POWER,3.25
1765627484248,CH1,POWER,3.25
1765627484256,CH1,POWER,3.25
1765627484261,CH1,POWER,3.25
1765627484266,CH1,POWER,3.25
1765627484271,CH1,POWER,3.25
1765627484275,CH1,POWER,3.25
1765627484280,CH1,POWER,3.25
1765627484285,CH1,POWER,3.25
1765627484291,CH1,POWER,3.25
1765627484296,CH1,POWER,3.25
1765627484299,CH1,POWER,3.25
1765627484327,CH1,POWER,3.65
1765627484332,CH1,POWER,3.65
1765627484337,CH1,POWER,3.65
1765627484342,CH1,POWER,3.65
1765627484347,CH1,POWER,3.65
1765627484352,CH1,POWER,3.65
1765627484358,CH1,POWER,3.65
1765627484363,CH1,POWER,3.65
1765627484367,CH1,POWER,3.65
1765627484372,CH1,POWER,3.65
1765627484377,CH1,POWER,3.65
1765627484381,CH1,POWER,3.65
1765627484388,CH1,POWER,3.65
1765627484393,CH1,POWER,3.65
1765627484398,CH1,POWER,3.65
1765627484402,CH1,POWER,3.65
1765627484407,CH1,POWER,3.65
1765627484413,CH1,POWER,3.65
1765627484418,CH1,POWER,3.65
1765627484423,CH1,POWER,3.65
1765627484428,CH1,POWER,3.65
1765627484432,CH1,POWER,3.65
1765627484437,CH1,POWER,3.65
1765627484442,CH1,POWER,3.65
1765627484447,CH1,POWER,3.65
1765627484452,CH1,POWER,3.65
1765627484458,CH1,POWER,3.65
1765627484463,CH1,POWER,3.65
1765627484468,CH1,POWER,3.65
1765627484473,CH1,POWER,3.65
1765627484478,CH1,POWER,3.65
1765627484483,CH1,POWER,3.65
1765627484488,CH1,POWER,3.65
1765627484496,CH1,POWER,3.65
1765627484502,CH1,POWER,3.65
1765627484507,CH1,POWER,3.65
1765627484511,CH1,POWER,3.65
1765627484518,CH1,POWER,3.65
1765627484526,CH1,POWER,3.65
1765627484531,CH1,POWER,3.65
1765627484538,CH1,POWER,3.65
1765627484543,CH1,POWER,3.65
1765627484548,CH1,POWER,3.65
1765627484553,CH1,POWER,3.65
1765627484557,CH1,POWER,3.65
1765627484562,CH1,POWER,3.65
1765627484566,CH1,POWER,3.65
1765627484571,CH1,POWER,3.65
1765627484578,CH1,POWER,3.65
1765627484586,CH1,POWER,3.65
1765627484591,CH1,POWER,3.65
1765627484598,CH1,POWER,3.65
1765627484603,CH1,POWER,3.65
1765627484608,CH1,POWER,3.65
1765627484613,CH1,POWER,3.65
1765627484617,CH1,POWER,3.65
1765627484621,CH1,POWER,3.65
1765627484628,CH1,POWER,3.65
1765627484633,CH1,POWER,3.65
1765627484638,CH1,POWER,3.65
1765627484643,CH1,POWER,3.65
1765627484647,CH1,POWER,3.65
1765627484652,CH1,POWER,3.65
1765627484657,CH1,POWER,3.65
1765627484662,CH1,POWER,3.65
1765627484666,CH1,POWER,3.65
1765627484671,CH1,POWER,3.65
1765627484678,CH1,POWER,3.65
1765627484683,CH1,POWER,3.65
1765627484686,CH1,POWER,3.25
1765627484688,CH1,POWER,3.25
1765627484691,CH1,POWER,3.25
1765627484717,CH1,POWER,3.25
1765627484722,CH1,POWER,3.25
1765627484726,CH1,POWER,3.25
1765627484731,CH1,POWER,3.25
1765627484737,CH1,POWER,3.25
1765627484742,CH1,POWER,3.25
1765627484750,CH1,POWER,3.25
1765627484755,CH1,POWER,3.25
1765627484760,CH1,POWER,3.25
1765627484765,CH1,POWER,3.25
1765627484769,CH1,POWER,3.25
1765627484773,CH1,POWER,3.25
1765627484779,CH1,POWER,3.25
1765627484784,CH1,POWER,3.25
1765627484788,CH1,POWER,3.25
1765627484792,CH1,POWER,3.25
1765627484797,CH1,POWER,3.25
1765627484801,CH1,POWER,3.25
1765627484807,CH1,POWER,3.25
1765627484811,CH1,POWER,3.25
1765627484817,CH1,POWER,3.25
1765627484822,CH1,POWER,3.25
1765627484827,CH1,POWER,3.25
1765627484831,CH1,POWER,3.25
1765627484838,CH1,POWER,3.25
1765627484843,CH1,POWER,3.25
1765627484850,CH1,POWER,3.25
1765627484858,CH1,POWER,3.25
1765627484863,CH1,POWER,3.25
1765627484870,CH1,POWER,3.25
1765627484875,CH1,POWER,3.25
1765627484880,CH1,POWER,3.25
1765627484885,CH1,POWER,3.25
1765627484890,CH1,POWER,3.25
1765627484895,CH1,POWER,3.25
1765627484900,CH1,POWER,3.25
1765627484905,CH1,POWER,3.25
1765627484910,CH1,POWER,3.25
1765627484915,CH1,POWER,3.25
1765627484920,CH1,POWER,3.25
1765627484925,CH1,POWER,3.25
1765627484929,CH1,POWER,3.25
1765627484934,CH1,POWER,3.25
1765627484940,CH1,POWER,3.25
1765627484945,CH1,POWER,3.25
1765627484950,CH1,POWER,3.25
1765627484955,CH1,POWER,3.25
1765627484959,CH1,POWER,3.25
1765627484964,CH1,POWER,3.25
1765627484968,CH1,POWER,3.25
1765627484973,CH1,POWER,3.25
1765627484980,CH1,POWER,3.25
1765627484985,CH1,POWER,3.25
1765627484990,CH1,POWER,3.25
1765627484995,CH1,POWER,3.25
1765627485000,CH1,POWER,3.25
1765627485005,CH1,POWER,3.25
1765627485009,CH1,POWER,3.25
1765627485014,CH1,POWER,3.25
1765627485018,CH1,POWER,3.25
1765627485022,CH1,POWER,3.25
1765627485027,CH1,POWER,3.25
1765627485032,CH1,POWER,3.25
1765627485036,CH1,POWER,3.25
1765627485040,CH1,POWER,3.25
1765627485045,CH1,POWER,3.25
1765627485050,CH1,POWER,3.25
1765627485055,CH1,POWER,3.25
1765627485059,CH1,POWER,3.25
1765627485064,CH1,POWER,3.25
1765627485069,CH1,POWER,3.25
1765627485073,CH1,POWER,3.25
1765627485080,CH1,POWER,3.25
1765627485085,CH1,POWER,3.25
1765627485088,CH1,POWER,3.25
1765627485090,CH1,POWER,3.25
1765627485092,CH1,POWER,3.25
1765627485119,CH1,POWER,3.25
1765627485124,CH1,POWER,3.25
1765627485129,CH1,POWER,3.25
1765627485135,CH1,POWER,3.25
1765627485142,CH1,POWER,3.25
1765627485147,CH1,POWER,3.25
1765627485152,CH1,POWER,3.25
1765627485157,CH1,POWER,3.25
1765627485162,CH1,POWER,3.25
1765627485167,CH1,POWER,3.25
1765627485171,CH1,POWER,3.25
1765627485175,CH1,POWER,3.25
1765627485182,CH1,POWER,3.25
1765627485187,CH1,POWER,3.25
1765627485192,CH1,POWER,3.25
1765627485197,CH1,POWER,3.25
1765627485202,CH1,POWER,3.25
1765627485207,CH1,POWER,3.25
1765627485212,CH1,POWER,3.25
1765627485220,CH1,POWER,3.25
1765627485225,CH1,POWER,3.25
1765627485231,CH1,POWER,3.25
1765627485236,CH1,POWER,3.25
1765627485240,CH1,POWER,3.25
1765627485245,CH1,POWER,3.25
1765627485252,CH1,POWER,3.25
1765627485260,CH1,POWER,3.25
1765627485265,CH1,POWER,3.25
1765627485271,CH1,POWER,3.25
1765627485277,CH1,POWER,3.25
1765627485282,CH1,POWER,3.25
1765627485290,CH1,POWER,3.25
1765627485294,CH1,POWER,3.25
1765627485299,CH1,POWER,3.25
1765627485303,CH1,POWER,3.25
1765627485309,CH1,POWER,3.25
1765627485313,CH1,POWER,3.25
1765627485319,CH1,POWER,3.25
1765627485324,CH1,POWER,3.25
1765627485329,CH1,POWER,3.25
1765627485333,CH1,POWER,3.25
1765627485340,CH1,POWER,3.25
1765627485345,CH1,POWER,3.25
1765627485350,CH1,POWER,3.25
1765627485354,CH1,POWER,3.25
1765627485359,CH1,POWER,3.25
1765627485365,CH1,POWER,3.25
1765627485371,CH1,POWER,3.25
1765627485376,CH1,POWER,3.25
1765627485380,CH1,POWER,3.25
1765627485384,CH1,POWER,3.25
1765627485389,CH1,POWER,3.25
1765627485394,CH1,POWER,3.25
1765627485402,CH1,POWER,3.25
1765627485407,CH1,POWER,3.25
1765627485411,CH1,POWER,3.25
1765627485415,CH1,POWER,3.25
1765627485421,CH1,POWER,3.25
1765627485425,CH1,POWER,3.25
1765627485432,CH1,POWER,3.25
1765627485437,CH1,POWER,3.25
1765627485441,CH1,POWER,3.25
1765627485446,CH1,POWER,3.25
1765627485450,CH1,POWER,3.25
1765627485454,CH1,POWER,3.25
1765627485458,CH1,POWER,3.25
1765627485463,CH1,POWER,3.25
1765627485468,CH1,POWER,3.25
1765627485473,CH1,POWER,3.25
1765627485479,CH1,POWER,3.25
1765627485481,CH1,POWER,3.25
1765627485484,CH1,POWER,3.25
1765627485486,CH1,POWER,3.25
1765627485514,CH1,POWER,3.25
1765627485519,CH1,POWER,3.25
1765627485523,CH1,POWER,3.25
1765627485527,CH1,POWER,3.25
1765627485533,CH1,POWER,3.25
1765627485539,CH1,POWER,3.25
1765627485544,CH1,POWER,3.25
1765627485549,CH1,POWER,3.25
1765627485554,CH1,POWER,3.25
1765627485559,CH1,POWER,3.25
1765627485563,CH1,POWER,3.25
1765627485567,CH1,POWER,3.25
1765627485573,CH1,POWER,3.25
1765627485577,CH1,POWER,3.25
1765627485584,CH1,POWER,3.25
1765627485589,CH1,POWER,3.25
1765627485593,CH1,POWER,3.25
1765627485598,CH1,POWER,3.25
1765627485603,CH1,POWER,3.25
1765627485607,CH1,POWER,3.25
1765627485614,CH1,POWER,3.25
1765627485619,CH1,POWER,3.25
1765627485623,CH1,POWER,3.25
1765627485628,CH1,POWER,3.25
1765627485633,CH1,POWER,3.25
1765627485637,CH1,POWER,3.25
1765627485644,CH1,POWER,3.25
1765627485649,CH1,POWER,3.25
1765627485653,CH1,POWER,3.25
1765627485657,CH1,POWER,3.25
1765627485664,CH1,POWER,3.25
1765627485669,CH1,POWER,3.25
1765627485674,CH1,POWER,3.25
1765627485679,CH1,POWER,3.25
1765627485684,CH1,POWER,3.25
1765627485689,CH1,POWER,3.25
1765627485693,CH1,POWER,3.25
1765627485698,CH1,POWER,3.25
1765627485703,CH1,POWER,3.25
1765627485709,CH1,POWER,3.25
1765627485714,CH1,POWER,3.25
1765627485719,CH1,POWER,3.25
1765627485723,CH1,POWER,3.25
1765627485728,CH1,POWER,3.25
1765627485732,CH1,POWER,3.25
1765627485736,CH1,POWER,3.25
1765627485741,CH1,POWER,3.25
1765627485745,CH1,POWER,3.25
1765627485752,CH1,POWER,3.25
1765627485758,CH1,POWER,3.25
1765627485763,CH1,POWER,3.25
1765627485767,CH1,POWER,3.25
1765627485774,CH1,POWER,3.25
1765627485782,CH1,POWER,3.25
1765627485787,CH1,POWER,3.25
1765627485793,CH1,POWER,3.25
1765627485802,CH1,POWER,3.25
1765627485808,CH1,POWER,3.25
1765627485813,CH1,POWER,3.25
1765627485819,CH1,POWER,3.25
1765627485824,CH1,POWER,3.25
1765627485832,CH1,POWER,3.25
1765627485837,CH1,POWER,3.25
1765627485844,CH1,POWER,3.25
1765627485849,CH1,POWER,3.25
1765627485854,CH1,POWER,3.25
1765627485859,CH1,POWER,3.25
1765627485864,CH1,POWER,3.25
1765627485872,CH1,POWER,3.25
1765627485877,CH1,POWER,3.25
1765627485903,CH1,POWER,3.25
1765627485908,CH1,POWER,3.25
1765627485912,CH1,POWER,3.25
1765627485917,CH1,POWER,3.25
1765627485923,CH1,POWER,3.25
1765627485928,CH1,POWER,3.25
1765627485933,CH1,POWER,3.25
1765627485937,CH1,POWER,3.25
1765627485944,CH1,POWER,3.25
1765627485950,CH1,POWER,3.25
1765627485955,CH1,POWER,3.25
1765627485961,CH1,POWER,3.25
1765627485966,CH1,POWER,3.25
1765627485971,CH1,POWER,3.25
1765627485975,CH1,POWER,3.25
1765627485980,CH1,POWER,3.25
1765627485986,CH1,POWER,3.25
1765627485991,CH1,POWER,3.25
1765627485996,CH1,POWER,3.25
1765627486001,CH1,POWER,3.25
1765627486005,CH1,POWER,3.25
1765627486010,CH1,POWER,3.25
1765627486014,CH1,POWER,3.25
1765627486018,CH1,POWER,3.25
1765627486024,CH1,POWER,3.25
1765627486028,CH1,POWER,3.25
1765627486032,CH1,POWER,3.25
1765627486036,CH1,POWER,3.25
1765627486043,CH1,POWER,3.25
1765627486050,CH1,POWER,3.25
1765627486054,CH1,POWER,3.25
1765627486061,CH1,POWER,3.25
1765627486065,CH1,POWER,3.25
1765627486074,CH1,POWER,3.25
1765627486079,CH1,POWER,3.25
1765627486085,CH1,POWER,3.25
1765627486089,CH1,POWER,3.25
1765627486096,CH1,POWER,3.25
1765627486101,CH1,POWER,3.25
1765627486105,CH1,POWER,3.25
1765627486109,CH1,POWER,3.25
1765627486115,CH1,POWER,3.25
1765627486119,CH1,POWER,3.25
1765627486125,CH1,POWER,3.25
1765627486130,CH1,POWER,3.25
1765627486135,CH1,POWER,3.25
1765627486139,CH1,POWER,3.25
1765627486144,CH1,POWER,3.25
1765627486151,CH1,POWER,3.25
1765627486156,CH1,POWER,3.25
1765627486163,CH1,POWER,3.25
1765627486168,CH1,POWER,3.25
1765627486172,CH1,POWER,3.25
1765627486176,CH1,POWER,3.25
1765627486183,CH1,POWER,3.25
1765627486188,CH1,POWER,3.25
1765627486193,CH1,POWER,3.25
1765627486198,CH1,POWER,3.25
1765627486205,CH1,POWER,3.25
1765627486210,CH1,POWER,3.25
1765627486215,CH1,POWER,3.25
1765627486219,CH1,POWER,3.25
1765627486225,CH1,POWER,3.25
1765627486229,CH1,POWER,3.25
1765627486235,CH1,POWER,3.25
1765627486239,CH1,POWER,3.25
1765627486245,CH1,POWER,3.25
1765627486250,CH1,POWER,3.25
1765627486254,CH1,POWER,3.25
1765627486261,CH1,POWER,3.25
1765627486265,CH1,POWER,3.25
1765627486269,CH1,POWER,3.25
1765627486274,CH1,POWER,3.55
1765627486277,CH1,POWER,3.55
1765627486279,CH1,POWER,3.55
1765627486307,CH1,POWER,3.55
1765627486311,CH1,POWER,3.55
1765627486317,CH1,POWER,3.55
1765627486323,CH1,POWER,3.55
1765627486327,CH1,POWER,3.55
1765627486336,CH1,POWER,3.55
1765627486341,CH1,POWER,3.55
1765627486347,CH1,POWER,3.55
1765627486352,CH1,POWER,3.55
1765627486356,CH1,POWER,3.55
1765627486361,CH1,POWER,3.55
1765627486368,CH1,POWER,3.55
1765627486373,CH1,POWER,3.55
1765627486377,CH1,POWER,3.55
1765627486381,CH1,POWER,3.55
1765627486388,CH1,POWER,3.55
1765627486393,CH1,POWER,3.55
1765627486397,CH1,POWER,3.55
1765627486401,CH1,POWER,3.55
1765627486408,CH1,POWER,3.55
1765627486413,CH1,POWER,3.55
1765627486418,CH1,POWER,3.55
1765627486423,CH1,POWER,3.55
1765627486428,CH1,POWER,3.55
1765627486436,CH1,POWER,3.55
1765627486441,CH1,POWER,3.55
1765627486447,CH1,POWER,3.55
1765627486456,CH1,POWER,3.55
1765627486461,CH1,POWER,3.55
1765627486467,CH1,POWER,3.55
1765627486472,CH1,POWER,3.55
1765627486476,CH1,POWER,3.55
1765627486481,CH1,POWER,3.55
1765627486487,CH1,POWER,3.55
1765627486495,CH1,POWER,3.55
1765627486500,CH1,POWER,3.55
1765627486504,CH1,POWER,3.55
1765627486508,CH1,POWER,3.55
1765627486513,CH1,POWER,3.55
1765627486518,CH1,POWER,3.55
1765627486523,CH1,POWER,3.55
1765627486528,CH1,POWER,3.55
1765627486533,CH1,POWER,3.55
1765627486537,CH1,POWER,3.55
1765627486542,CH1,POWER,3.55
1765627486547,CH1,POWER,3.55
1765627486551,CH1,POWER,3.55
1765627486558,CH1,POWER,3.55
1765627486563,CH1,POWER,3.55
1765627486568,CH1,POWER,3.55
1765627486573,CH1,POWER,3.55
1765627486578,CH1,POWER,3.55
1765627486583,CH1,POWER,3.55
1765627486587,CH1,POWER,3.55
1765627486593,CH1,POWER,3.55
1765627486598,CH1,POWER,3.55
1765627486603,CH1,POWER,3.55
1765627486607,CH1,POWER,3.55
1765627486613,CH1,POWER,3.55
1765627486617,CH1,POWER,3.55
1765627486621,CH1,POWER,3.55
1765627486628,CH1,POWER,3.55
1765627486633,CH1,POWER,3.55
1765627486638,CH1,POWER,3.55
1765627486643,CH1,POWER,3.55
1765627486647,CH1,POWER,3.55
1765627486651,CH1,POWER,3.55
1765627486657,CH1,POWER,3.55
1765627486661,CH1,POWER,3.55
1765627486666,CH1,POWER,3.55
1765627486668,CH1,POWER,3.25
1765627486671,CH1,POWER,3.25
1765627486697,CH1,POWER,3.25
1765627486702,CH1,POWER,3.25
1765627486706,CH1,POWER,3.25
1765627486711,CH1,POWER,3.25
1765627486718,CH1,POWER,3.25
1765627486722,CH1,POWER,3.25
1765627486727,CH1,POWER,3.25
1765627486731,CH1,POWER,3.25
1765627486738,CH1,POWER,3.25
1765627486743,CH1,POWER,3.25
1765627486749,CH1,POWER,3.25
1765627486754,CH1,POWER,3.25
1765627486758,CH1,POWER,3.25
1765627486765,CH1,POWER,3.25
1765627486769,CH1,POWER,3.25
1765627486773,CH1,POWER,3.25
1765627486779,CH1,POWER,3.25
1765627486783,CH1,POWER,3.25
1765627486790,CH1,POWER,3.25
1765627486795,CH1,POWER,3.25
1765627486799,CH1,POWER,3.25
1765627486803,CH1,POWER,3.25
1765627486810,CH1,POWER,3.25
1765627486815,CH1,POWER,3.25
1765627486820,CH1,POWER,3.25
1765627486825,CH1,POWER,3.25
1765627486829,CH1,POWER,3.25
1765627486835,CH1,POWER,3.25
1765627486840,CH1,POWER,3.25
1765627486845,CH1,POWER,3.25
1765627486850,CH1,POWER,3.25
1765627486855,CH1,POWER,3.25
1765627486859,CH1,POWER,3.25
1765627486863,CH1,POWER,3.25
1765627486869,CH1,POWER,3.25
1765627486873,CH1,POWER,3.25
1765627486879,CH1,POWER,3.25
1765627486885,CH1,POWER,3.25
1765627486890,CH1,POWER,3.25
1765627486895,CH1,POWER,3.25
1765627486899,CH1,POWER,3.25
1765627486904,CH1,POWER,3.25
1765627486908,CH1,POWER,3.25
1765627486915,CH1,POWER,3.25
1765627486920,CH1,POWER,3.25
1765627486925,CH1,POWER,3.25
1765627486929,CH1,POWER,3.25
1765627486934,CH1,POWER,3.25
1765627486938,CH1,POWER,3.25
1765627486945,CH1,POWER,3.25
1765627486950,CH1,POWER,3.25
1765627486955,CH1,POWER,3.25
1765627486959,CH1,POWER,3.25
1765627486967,CH1,POWER,3.25
1765627486973,CH1,POWER,3.25
1765627486980,CH1,POWER,3.25
1765627486985,CH1,POWER,3.25
1765627486990,CH1,POWER,3.25
1765627486995,CH1,POWER,3.25
1765627487000,CH1,POWER,3.25
1765627487005,CH1,POWER,3.25
1765627487009,CH1,POWER,3.25
1765627487013,CH1,POWER,3.25
1765627487019,CH1,POWER,3.25
1765627487025,CH1,POWER,3.25
1765627487030,CH1,POWER,3.25
1765627487035,CH1,POWER,3.25
1765627487039,CH1,POWER,3.25
1765627487043,CH1,POWER,3.25
1765627487049,CH1,POWER,3.25
1765627487055,CH1,POWER,3.25
1765627487059,CH1,POWER,3.25
1765627487063,CH1,POWER,3.25
1765627487068,CH1,POWER,3.25
1765627487072,CH1,POWER,3.25
1765627487098,CH1,POWER,3.25
1765627487104,CH1,POWER,3.25
1765627487108,CH1,POWER,3.25
1765627487112,CH1,POWER,3.25
1765627487117,CH1,POWER,3.25
1765627487121,CH1,POWER,3.25
1765627487125,CH1,POWER,3.25
1765627487132,CH1,POWER,3.25
1765627487137,CH1,POWER,3.25
1765627487141,CH1,POWER,3.25
1765627487147,CH1,POWER,3.25
1765627487151,CH1,POWER,3.25
1765627487155,CH1,POWER,3.25
1765627487160,CH1,POWER,3.25
1765627487167,CH1,POWER,3.25
1765627487171,CH1,POWER,3.25
1765627487177,CH1,POWER,3.25
1765627487182,CH1,POWER,3.25
1765627487187,CH1,POWER,3.25
1765627487191,CH1,POWER,3.25
1765627487195,CH1,POWER,3.25
1765627487201,CH1,POWER,3.25
1765627487205,CH1,POWER,3.25
1765627487211,CH1,POWER,3.25
1765627487219,CH1,POWER,3.25
1765627487226,CH1,POWER,3.25
1765627487230,CH1,POWER,3.25
1765627487235,CH1,POWER,3.25
1765627487241,CH1,POWER,3.25
1765627487247,CH1,POWER,3.25
1765627487251,CH1,POWER,3.25
1765627487255,CH1,POWER,3.25
1765627487261,CH1,POWER,3.25
1765627487265,CH1,POWER,3.25
1765627487271,CH1,POWER,3.25
1765627487279,CH1,POWER,3.25
1765627487285,CH1,POWER,3.25
1765627487291,CH1,POWER,3.25
1765627487297,CH1,POWER,3.25
1765627487301,CH1,POWER,3.25
1765627487307,CH1,POWER,3.25
1765627487311,CH1,POWER,3.25
1765627487316,CH1,POWER,3.25
1765627487320,CH1,POWER,3.25
1765627487327,CH1,POWER,3.25
1765627487331,CH1,POWER,3.25
1765627487337,CH1,POWER,3.25
1765627487341,CH1,POWER,3.25
1765627487345,CH1,POWER,3.25
1765627487351,CH1,POWER,3.25
1765627487355,CH1,POWER,3.25
1765627487361,CH1,POWER,3.25
1765627487367,CH1,POWER,3.25
1765627487371,CH1,POWER,3.25
1765627487379,CH1,POWER,3.25
1765627487383,CH1,POWER,3.25
1765627487388,CH1,POWER,3.25
1765627487394,CH1,POWER,3.25
1765627487401,CH1,POWER,3.25
1765627487405,CH1,POWER,3.25
1765627487411,CH1,POWER,3.25
1765627487417,CH1,POWER,3.25
1765627487421,CH1,POWER,3.25
1765627487427,CH1,POWER,3.25
1765627487431,CH1,POWER,3.25
1765627487435,CH1,POWER,3.25
1765627487440,CH1,POWER,3.25
1765627487445,CH1,POWER,3.25
1765627487451,CH1,POWER,3.25
1765627487457,CH1,POWER,3.25
1765627487461,CH1,POWER,3.25
1765627487465,CH1,POWER,3.25
1765627487469,CH1,POWER,3.25
1765627487472,CH1,POWER,3.25
1765627487474,CH1,POWER,3.25
1765627487501,CH1,POWER,3.25
1765627487505,CH1,POWER,3.25
1765627487513,CH1,POWER,3.25
1765627487521,CH1,POWER,3.25
1765627487527,CH1,POWER,3.25
1765627487533,CH1,POWER,3.25
1765627487539,CH1,POWER,3.25
1765627487543,CH1,POWER,3.25
1765627487549,CH1,POWER,3.25
1765627487553,CH1,POWER,3.25
1765627487561,CH1,POWER,3.25
1765627487566,CH1,POWER,3.25
1765627487573,CH1,POWER,3.25
1765627487579,CH1,POWER,3.25
1765627487584,CH1,POWER,3.25
1765627487589,CH1,POWER,3.25
1765627487593,CH1,POWER,3.25
1765627487599,CH1,POWER,3.25
1765627487603,CH1,POWER,3.25
1765627487611,CH1,POWER,3.25
1765627487617,CH1,POWER,3.25
1765627487623,CH1,POWER,3.25
1765627487629,CH1,POWER,3.25
1765627487633,CH1,POWER,3.25
1765627487639,CH1,POWER,3.25
1765627487643,CH1,POWER,3.25
1765627487651,CH1,POWER,3.25
1765627487657,CH1,POWER,3.25
1765627487662,CH1,POWER,3.25
1765627487666,CH1,POWER,3.25
1765627487673,CH1,POWER,3.25
1765627487679,CH1,POWER,3.25
1765627487683,CH1,POWER,3.25
1765627487687,CH1,POWER,3.25
1765627487693,CH1,POWER,3.25
1765627487701,CH1,POWER,3.25
1765627487705,CH1,POWER,3.25
1765627487710,CH1,POWER,3.25
1765627487716,CH1,POWER,3.25
1765627487724,CH1,POWER,3.25
1765627487729,CH1,POWER,3.25
1765627487734,CH1,POWER,3.25
1765627487739,CH1,POWER,3.25
1765627487743,CH1,POWER,3.25
1765627487747,CH1,POWER,3.25
1765627487753,CH1,POWER,3.25
1765627487757,CH1,POWER,3.25
1765627487762,CH1,POWER,3.25
1765627487767,CH1,POWER,3.25
1765627487772,CH1,POWER,3.25
1765627487779,CH1,POWER,3.25
1765627487784,CH1,POWER,3.25
1765627487789,CH1,POWER,3.25
1765627487793,CH1,POWER,3.25
1765627487797,CH1,POWER,3.25
1765627487803,CH1,POWER,3.25
1765627487807,CH1,POWER,3.25
1765627487814,CH1,POWER,3.25
1765627487819,CH1,POWER,3.25
1765627487824,CH1,POWER,3.25
1765627487829,CH1,POWER,3.25
1765627487833,CH1,POWER,3.25
1765627487837,CH1,POWER,3.25
1765627487842,CH1,POWER,3.25
1765627487849,CH1,POWER,3.25
1765627487852,CH1,POWER,3.70
1765627487855,CH1,POWER,3.70
1765627487857,CH1,POWER,3.70
1765627487884,CH1,POWER,3.70
1765627487889,CH1,POWER,3.70
1765627487895,CH1,POWER,3.70
1765627487900,CH1,POWER,3.70
1765627487904,CH1,POWER,3.70
1765627487909,CH1,POWER,3.70
1765627487915,CH1,POWER,3.70
1765627487919,CH1,POWER,3.70
1765627487925,CH1,POWER,3.70
1765627487929,CH1,POWER,3.70
1765627487935,CH1,POWER,3.70
1765627487939,CH1,POWER,3.70
1765627487945,CH1,POWER,3.70
1765627487951,CH1,POWER,3.70
1765627487955,CH1,POWER,3.70
1765627487961,CH1,POWER,3.70
1765627487965,CH1,POWER,3.70
1765627487971,CH1,POWER,3.70
1765627487975,CH1,POWER,3.70
1765627487979,CH1,POWER,3.70
1765627487985,CH1,POWER,3.70
1765627487991,CH1,POWER,3.70
1765627487995,CH1,POWER,3.70
1765627488001,CH1,POWER,3.70
1765627488005,CH1,POWER,3.70
1765627488011,CH1,POWER,3.70
1765627488015,CH1,POWER,3.70
1765627488019,CH1,POWER,3.70
1765627488025,CH1,POWER,3.70
1765627488031,CH1,POWER,3.70
1765627488036,CH1,POWER,3.70
1765627488043,CH1,POWER,3.70
1765627488047,CH1,POWER,3.70
1765627488055,CH1,POWER,3.70
1765627488059,CH1,POWER,3.70
1765627488064,CH1,POWER,3.70
1765627488068,CH1,POWER,3.70
1765627488072,CH1,POWER,3.70
1765627488077,CH1,POWER,3.70
1765627488085,CH1,POWER,3.70
1765627488091,CH1,POWER,3.70
1765627488095,CH1,POWER,3.70
1765627488099,CH1,POWER,3.70
1765627488105,CH1,POWER,3.70
1765627488109,CH1,POWER,3.70
1765627488115,CH1,POWER,3.70
1765627488121,CH1,POWER,3.70
1765627488125,CH1,POWER,3.70
1765627488129,CH1,POWER,3.70
1765627488136,CH1,POWER,3.70
1765627488141,CH1,POWER,3.70
1765627488145,CH1,POWER,3.70
1765627488151,CH1,POWER,3.70
1765627488155,CH1,POWER,3.70
1765627488161,CH1,POWER,3.70
1765627488165,CH1,POWER,3.70
1765627488169,CH1,POWER,3.70
1765627488174,CH1,POWER,3.70
1765627488179,CH1,POWER,3.70
1765627488185,CH1,POWER,3.70
1765627488189,CH1,POWER,3.70
1765627488194,CH1,POWER,3.70
1765627488199,CH1,POWER,3.70
1765627488205,CH1,POWER,3.70
1765627488211,CH1,POWER,3.70
1765627488215,CH1,POWER,3.70
1765627488219,CH1,POWER,3.70
1765627488225,CH1,POWER,3.70
1765627488231,CH1,POWER,3.70
1765627488235,CH1,POWER,3.70
1765627488239,CH1,POWER,3.70
1765627488245,CH1,POWER,3.70
1765627488249,CH1,POWER,3.30
1765627488276,CH1,POWER,3.30
1765627488281,CH1,POWER,3.30
1765627488286,CH1,POWER,3.30
1765627488290,CH1,POWER,3.30
1765627488294,CH1,POWER,3.30
1765627488298,CH1,POWER,3.30
1765627488303,CH1,POWER,3.30
1765627488307,CH1,POWER,3.30
1765627488311,CH1,POWER,3.30
1765627488317,CH1,POWER,3.30
1765627488323,CH1,POWER,3.30
1765627488327,CH1,POWER,3.30
1765627488331,CH1,POWER,3.30
1765627488337,CH1,POWER,3.30
1765627488343,CH1,POWER,3.30
1765627488347,CH1,POWER,3.30
1765627488353,CH1,POWER,3.30
1765627488357,CH1,POWER,3.30
1765627488363,CH1,POWER,3.30
1765627488367,CH1,POWER,3.30
1765627488371,CH1,POWER,3.30
1765627488377,CH1,POWER,3.30
1765627488383,CH1,POWER,3.30
1765627488387,CH1,POWER,3.30
1765627488393,CH1,POWER,3.30
1765627488397,CH1,POWER,3.30
1765627488401,CH1,POWER,3.30
1765627488406,CH1,POWER,3.30
1765627488413,CH1,POWER,3.30
1765627488417,CH1,POWER,3.30
1765627488423,CH1,POWER,3.30
1765627488427,CH1,POWER,3.30
1765627488431,CH1,POWER,3.30
1765627488437,CH1,POWER,3.30
1765627488441,CH1,POWER,3.30
1765627488446,CH1,POWER,3.30
1765627488451,CH1,POWER,3.30
1765627488457,CH1,POWER,3.30
1765627488463,CH1,POWER,3.30
1765627488467,CH1,POWER,3.30
1765627488471,CH1,POWER,3.30
1765627488476,CH1,POWER,3.30
1765627488483,CH1,POWER,3.30
1765627488487,CH1,POWER,3.30
1765627488493,CH1,POWER,3.30
1765627488497,CH1,POWER,3.30
1765627488505,CH1,POWER,3.30
1765627488510,CH1,POWER,3.30
1765627488516,CH1,POWER,3.30
1765627488521,CH1,POWER,3.30
1765627488527,CH1,POWER,3.30
1765627488533,CH1,POWER,3.30
1765627488537,CH1,POWER,3.30
1765627488543,CH1,POWER,3.30
1765627488547,CH1,POWER,3.30
1765627488553,CH1,POWER,3.30
1765627488557,CH1,POWER,3.30
1765627488561,CH1,POWER,3.30
1765627488566,CH1,POWER,3.30
1765627488571,CH1,POWER,3.30
1765627488577,CH1,POWER,3.30
1765627488583,CH1,POWER,3.30
1765627488587,CH1,POWER,3.30
1765627488591,CH1,POWER,3.30
1765627488597,CH1,POWER,3.30
1765627488603,CH1,POWER,3.30
1765627488607,CH1,POWER,3.30
1765627488613,CH1,POWER,3.30
1765627488617,CH1,POWER,3.30
1765627488621,CH1,POWER,3.30
1765627488627,CH1,POWER,3.30
1765627488631,CH1,POWER,3.30
1765627488637,CH1,POWER,3.30
1765627488643,CH1,POWER,3.30
1765627488646,CH1,POWER,2.90
1765627488648,CH1,POWER,2.90
1765627488651,CH1,POWER,2.90
1765627488676,CH1,POWER,2.90
1765627488681,CH1,POWER,2.90
1765627488689,CH1,POWER,2.90
1765627488697,CH1,POWER,2.90
1765627488702,CH1,POWER,2.90
1765627488709,CH1,POWER,2.90
1765627488715,CH1,POWER,2.90
1765627488719,CH1,POWER,2.90
1765627488725,CH1,POWER,2.90
1765627488729,CH1,POWER,2.90
1765627488737,CH1,POWER,2.90
1765627488741,CH1,POWER,2.90
1765627488747,CH1,POWER,2.90
1765627488752,CH1,POWER,2.90
1765627488756,CH1,POWER,2.90
1765627488760,CH1,POWER,2.90
1765627488765,CH1,POWER,2.90
1765627488769,CH1,POWER,2.90
1765627488775,CH1,POWER,2.90
1765627488779,CH1,POWER,2.90
1765627488783,CH1,POWER,2.90
1765627488789,CH1,POWER,2.90
1765627488795,CH1,POWER,2.90
1765627488799,CH1,POWER,2.90
1765627488807,CH1,POWER,2.90
1765627488812,CH1,POWER,2.90
1765627488816,CH1,POWER,2.90
1765627488820,CH1,POWER,2.90
1765627488825,CH1,POWER,2.90
1765627488829,CH1,POWER,2.90
1765627488833,CH1,POWER,2.90
1765627488839,CH1,POWER,2.90
1765627488843,CH1,POWER,2.90
1765627488849,CH1,POWER,2.90
1765627488855,CH1,POWER,2.90
1765627488859,CH1,POWER,2.90
1765627488863,CH1,POWER,2.90
1765627488869,CH1,POWER,2.90
1765627488873,CH1,POWER,2.90
1765627488879,CH1,POWER,2.90
1765627488883,CH1,POWER,2.90
1765627488888,CH1,POWER,2.90
1765627488892,CH1,POWER,2.90
1765627488896,CH1,POWER,2.90
1765627488900,CH1,POWER,2.90
1765627488905,CH1,POWER,2.90
1765627488909,CH1,POWER,2.90
1765627488915,CH1,POWER,2.90
1765627488919,CH1,POWER,2.90
1765627488923,CH1,POWER,2.90
1765627488929,CH1,POWER,2.90
1765627488933,CH1,POWER,2.90
1765627488939,CH1,POWER,2.90
1765627488943,CH1,POWER,2.90
1765627488948,CH1,POWER,2.90
1765627488953,CH1,POWER,2.90
1765627488958,CH1,POWER,2.90
1765627488962,CH1,POWER,2.90
1765627488969,CH1,POWER,2.90
1765627488975,CH1,POWER,2.90
1765627488979,CH1,POWER,2.90
1765627488983,CH1,POWER,2.90
1765627488989,CH1,POWER,2.90
1765627488995,CH1,POWER,2.90
1765627488999,CH1,POWER,2.90
1765627489003,CH1,POWER,2.90
1765627489009,CH1,POWER,2.90
1765627489015,CH1,POWER,2.90
1765627489019,CH1,POWER,2.90
1765627489023,CH1,POWER,2.90
1765627489029,CH1,POWER,2.90
1765627489033,CH1,POWER,2.90
1765627489038,CH1,POWER,2.90
1765627489041,CH1,POWER,3.25
1765627489043,CH1,POWER,3.25
1765627489071,CH1,POWER,3.25
1765627489077,CH1,POWER,3.25
1765627489081,CH1,POWER,3.25
1765627489087,CH1,POWER,3.25
1765627489091,CH1,POWER,3.25
1765627489095,CH1,POWER,3.25
1765627489101,CH1,POWER,3.25
1765627489105,CH1,POWER,3.25
1765627489111,CH1,POWER,3.25
1765627489115,CH1,POWER,3.25
1765627489120,CH1,POWER,3.25
1765627489124,CH1,POWER,3.25
1765627489128,CH1,POWER,3.25
1765627489132,CH1,POWER,3.25
1765627489137,CH1,POWER,3.25
1765627489141,CH1,POWER,3.25
1765627489147,CH1,POWER,3.25
1765627489151,CH1,POWER,3.25
1765627489157,CH1,POWER,3.25
1765627489161,CH1,POWER,3.25
1765627489165,CH1,POWER,3.25
1765627489171,CH1,POWER,3.25
1765627489175,CH1,POWER,3.25
1765627489180,CH1,POWER,3.25
1765627489185,CH1,POWER,3.25
1765627489190,CH1,POWER,3.25
1765627489195,CH1,POWER,3.25
1765627489200,CH1,POWER,3.25
1765627489205,CH1,POWER,3.25
1765627489211,CH1,POWER,3.25
1765627489217,CH1,POWER,3.25
1765627489221,CH1,POWER,3.25
1765627489225,CH1,POWER,3.25
1765627489231,CH1,POWER,3.25
1765627489237,CH1,POWER,3.25
1765627489241,CH1,POWER,3.25
1765627489247,CH1,POWER,3.25
1765627489251,CH1,POWER,3.25
1765627489255,CH1,POWER,3.25
1765627489260,CH1,POWER,3.25
1765627489264,CH1,POWER,3.25
1765627489268,CH1,POWER,3.25
1765627489273,CH1,POWER,3.25
1765627489279,CH1,POWER,3.25
1765627489284,CH1,POWER,3.25
1765627489291,CH1,POWER,3.25
1765627489295,CH1,POWER,3.25
1765627489300,CH1,POWER,3.25
1765627489304,CH1,POWER,3.25
1765627489308,CH1,POWER,3.25
1765627489313,CH1,POWER,3.25
1765627489319,CH1,POWER,3.25
1765627489323,CH1,POWER,3.25
1765627489328,CH1,POWER,3.25
1765627489332,CH1,POWER,3.25
1765627489339,CH1,POWER,3.25
1765627489343,CH1,POWER,3.25
1765627489349,CH1,POWER,3.25
1765627489355,CH1,POWER,3.25
1765627489360,CH1,POWER,3.25
1765627489364,CH1,POWER,3.25
1765627489368,CH1,POWER,3.25
1765627489372,CH1,POWER,3.25
1765627489378,CH1,POWER,3.25
1765627489382,CH1,POWER,3.25
1765627489387,CH1,POWER,3.25
1765627489391,CH1,POWER,3.25
1765627489395,CH1,POWER,3.25
1765627489401,CH1,POWER,3.25
1765627489405,CH1,POWER,3.25
1765627489411,CH1,POWER,3.25
1765627489417,CH1,POWER,3.25
1765627489421,CH1,POWER,3.25
1765627489427,CH1,POWER,3.25
1765627489431,CH1,POWER,3.25
1765627489437,CH1,POWER,3.25
1765627489439,CH1,POWER,3.25
1765627489442,CH1,POWER,3.25
1765627489444,CH1,POWER,3.25
1765627489470,CH1,POWER,3.25
1765627489475,CH1,POWER,3.25
1765627489480,CH1,POWER,3.25
1765627489484,CH1,POWER,3.25
1765627489489,CH1,POWER,3.25
1765627489493,CH1,POWER,3.25
1765627489497,CH1,POWER,3.25
1765627489503,CH1,POWER,3.25
1765627489509,CH1,POWER,3.25
1765627489513,CH1,POWER,3.25
1765627489519,CH1,POWER,3.25
1765627489523,CH1,POWER,3.25
1765627489529,CH1,POWER,3.25
1765627489533,CH1,POWER,3.25
1765627489537,CH1,POWER,3.25
1765627489543,CH1,POWER,3.25
1765627489549,CH1,POWER,3.25
1765627489553,CH1,POWER,3.25
1765627489559,CH1,POWER,3.25
1765627489563,CH1,POWER,3.25
1765627489569,CH1,POWER,3.25
1765627489573,CH1,POWER,3.25
1765627489577,CH1,POWER,3.25
1765627489583,CH1,POWER,3.25
1765627489587,CH1,POWER,3.25
1765627489593,CH1,POWER,3.25
1765627489599,CH1,POWER,3.25
1765627489603,CH1,POWER,3.25
1765627489609,CH1,POWER,3.25
1765627489613,CH1,POWER,3.25
1765627489617,CH1,POWER,3.25
1765627489622,CH1,POWER,3.25
1765627489626,CH1,POWER,3.25
1765627489632,CH1,POWER,3.25
1765627489636,CH1,POWER,3.25
1765627489640,CH1,POWER,3.25
1765627489645,CH1,POWER,3.25
1765627489651,CH1,POWER,3.25
1765627489655,CH1,POWER,3.25
1765627489661,CH1,POWER,3.25
1765627489665,CH1,POWER,3.25
1765627489671,CH1,POWER,3.25
1765627489676,CH1,POWER,3.25
1765627489680,CH1,POWER,3.25
1765627489686,CH1,POWER,3.25
1765627489693,CH1,POWER,3.25
1765627489699,CH1,POWER,3.25
1765627489703,CH1,POWER,3.25
1765627489707,CH1,POWER,3.25
1765627489712,CH1,POWER,3.25
1765627489717,CH1,POWER,3.25
1765627489723,CH1,POWER,3.25
1765627489727,CH1,POWER,3.25
1765627489732,CH1,POWER,3.25
1765627489736,CH1,POWER,3.25
1765627489740,CH1,POWER,3.25
1765627489746,CH1,POWER,3.25
1765627489753,CH1,POWER,3.25
1765627489759,CH1,POWER,3.25
1765627489763,CH1,POWER,3.25
1765627489767,CH1,POWER,3.25
1765627489772,CH1,POWER,3.25
1765627489777,CH1,POWER,3.25
1765627489783,CH1,POWER,3.25
1765627489787,CH1,POWER,3.25
1765627489792,CH1,POWER,3.25
1765627489796,CH1,POWER,3.25
1765627489800,CH1,POWER,3.25
1765627489805,CH1,POWER,3.25
1765627489811,CH1,POWER,3.25
1765627489817,CH1,POWER,3.25
1765627489823,CH1,POWER,3.25
1765627489827,CH1,POWER,3.25
1765627489833,CH1,POWER,3.25
1765627489836,CH1,POWER,3.25
1765627489861,CH1,POWER,3.25
1765627489867,CH1,POWER,3.25
1765627489872,CH1,POWER,3.25
1765627489876,CH1,POWER,3.25
1765627489881,CH1,POWER,3.25
1765627489885,CH1,POWER,3.25
1765627489889,CH1,POWER,3.25
1765627489895,CH1,POWER,3.25
1765627489899,CH1,POWER,3.25
1765627489905,CH1,POWER,3.25
1765627489911,CH1,POWER,3.25
1765627489915,CH1,POWER,3.25
1765627489921,CH1,POWER,3.25
1765627489925,CH1,POWER,3.25
1765627489933,CH1,POWER,3.25
1765627489937,CH1,POWER,3.25
1765627489942,CH1,POWER,3.25
1765627489947,CH1,POWER,3.25
1765627489952,CH1,POWER,3.25
1765627489957,CH1,POWER,3.25
1765627489963,CH1,POWER,3.25
1765627489967,CH1,POWER,3.25
1765627489972,CH1,POWER,3.25
1765627489976,CH1,POWER,3.25
1765627489981,CH1,POWER,3.25
1765627489985,CH1,POWER,3.25
1765627489991,CH1,POWER,3.25
1765627489995,CH1,POWER,3.25
1765627489999,CH1,POWER,3.25
1765627490005,CH1,POWER,3.25
1765627490011,CH1,POWER,3.25
1765627490015,CH1,POWER,3.25
1765627490019,CH1,POWER,3.25
1765627490025,CH1,POWER,3.25
1765627490029,CH1,POWER,3.25
1765627490035,CH1,POWER,3.25
1765627490041,CH1,POWER,3.25
1765627490045,CH1,POWER,3.25
1765627490053,CH1,POWER,3.25
1765627490058,CH1,POWER,3.25
1765627490065,CH1,POWER,3.25
1765627490069,CH1,POWER,3.25
1765627490074,CH1,POWER,3.25
1765627490078,CH1,POWER,3.25
1765627490082,CH1,POWER,3.25
1765627490087,CH1,POWER,3.25
1765627490092,CH1,POWER,3.25
1765627490097,CH1,POWER,3.25
1765627490103,CH1,POWER,3.25
1765627490107,CH1,POWER,3.25
1765627490112,CH1,POWER,3.25
1765627490116,CH1,POWER,3.25
1765627490122,CH1,POWER,3.25
1765627490127,CH1,POWER,3.25
1765627490132,CH1,POWER,3.25
1765627490137,CH1,POWER,3.25
1765627490143,CH1,POWER,3.25
1765627490147,CH1,POWER,3.25
1765627490152,CH1,POWER,3.25
1765627490156,CH1,POWER,3.25
1765627490163,CH1,POWER,3.25
1765627490167,CH1,POWER,3.25
1765627490173,CH1,POWER,3.25
1765627490178,CH1,POWER,3.25
1765627490182,CH1,POWER,3.25
1765627490186,CH1,POWER,3.25
1765627490192,CH1,POWER,3.25
1765627490196,CH1,POWER,3.25
1765627490203,CH1,POWER,3.25
1765627490207,CH1,POWER,3.25
1765627490212,CH1,POWER,3.25
1765627490216,CH1,POWER,3.25
1765627490221,CH1,POWER,3.25
1765627490225,CH1,POWER,3.25
1765627490227,CH1,POWER,3.25
1765627490230,CH1,POWER,3.25
1765627490257,CH1,POWER,3.25
1765627490265,CH1,POWER,3.25
1765627490270,CH1,POWER,3.25
1765627490274,CH1,POWER,3.25
1765627490279,CH1,POWER,3.25
1765627490285,CH1,POWER,3.25
1765627490290,CH1,POWER,3.25
1765627490297,CH1,POWER,3.25
1765627490305,CH1,POWER,3.25
1765627490310,CH1,POWER,3.25
1765627490317,CH1,POWER,3.25
1765627490325,CH1,POWER,3.25
1765627490330,CH1,POWER,3.25
1765627490337,CH1,POWER,3.25
1765627490345,CH1,POWER,3.25
1765627490350,CH1,POWER,3.25
1765627490354,CH1,POWER,3.25
1765627490358,CH1,POWER,3.25
1765627490365,CH1,POWER,3.25
1765627490371,CH1,POWER,3.25
1765627490376,CH1,POWER,3.25
1765627490380,CH1,POWER,3.25
1765627490386,CH1,POWER,3.25
1765627490390,CH1,POWER,3.25
1765627490394,CH1,POWER,3.25
1765627490398,CH1,POWER,3.25
1765627490404,CH1,POWER,3.25
1765627490409,CH1,POWER,3.25
1765627490417,CH1,POWER,3.25
1765627490421,CH1,POWER,3.25
1765627490426,CH1,POWER,3.25
1765627490431,CH1,POWER,3.25
1765627490437,CH1,POWER,3.25
1765627490443,CH1,POWER,3.25
1765627490447,CH1,POWER,3.25
1765627490452,CH1,POWER,3.25
1765627490457,CH1,POWER,3.25
1765627490465,CH1,POWER,3.25
1765627490470,CH1,POWER,3.25
1765627490474,CH1,POWER,3.25
1765627490478,CH1,POWER,3.25
1765627490482,CH1,POWER,3.25
1765627490487,CH1,POWER,3.25
1765627490495,CH1,POWER,3.25
1765627490499,CH1,POWER,3.25
1765627490504,CH1,POWER,3.25
1765627490509,CH1,POWER,3.25
1765627490515,CH1,POWER,3.25
1765627490519,CH1,POWER,3.25
1765627490525,CH1,POWER,3.25
1765627490529,CH1,POWER,3.25
1765627490537,CH1,POWER,3.25
1765627490541,CH1,POWER,3.25
1765627490546,CH1,POWER,3.25
1765627490550,CH1,POWER,3.25
1765627490554,CH1,POWER,3.25
1765627490558,CH1,POWER,3.25
1765627490563,CH1,POWER,3.25
1765627490567,CH1,POWER,3.25
1765627490575,CH1,POWER,3.25
1765627490579,CH1,POWER,3.25
1765627490584,CH1,POWER,3.25
1765627490588,CH1,POWER,3.25
1765627490593,CH1,POWER,3.25
1765627490597,CH1,POWER,3.25
1765627490605,CH1,POWER,3.25
1765627490610,CH1,POWER,3.25
1765627490636,CH1,POWER,3.25
1765627490641,CH1,POWER,3.25
1765627490646,CH1,POWER,3.25
1765627490650,CH1,POWER,3.25
1765627490657,CH1,POWER,3.25
1765627490662,CH1,POWER,3.25
1765627490666,CH1,POWER,3.25
1765627490670,CH1,POWER,3.25
1765627490675,CH1,POWER,3.25
1765627490679,CH1,POWER,3.25
1765627490683,CH1,POWER,3.25
1765627490688,CH1,POWER,3.25
1765627490693,CH1,POWER,3.25
1765627490698,CH1,POWER,3.25
1765627490702,CH1,POWER,3.25
1765627490706,CH1,POWER,3.25
1765627490710,CH1,POWER,3.25
1765627490715,CH1,POWER,3.25
1765627490719,CH1,POWER,3.25
1765627490723,CH1,POWER,3.25
1765627490729,CH1,POWER,3.25
1765627490737,CH1,POWER,3.25
1765627490742,CH1,POWER,3.25
1765627490746,CH1,POWER,3.25
1765627490751,CH1,POWER,3.25
1765627490757,CH1,POWER,3.25
1765627490762,CH1,POWER,3.25
1765627490769,CH1,POWER,3.25
1765627490773,CH1,POWER,3.25
1765627490778,CH1,POWER,3.25
1765627490783,CH1,POWER,3.25
1765627490789,CH1,POWER,3.25
1765627490795,CH1,POWER,3.25
1765627490799,CH1,POWER,3.25
1765627490803,CH1,POWER,3.25
1765627490808,CH1,POWER,3.25
1765627490813,CH1,POWER,3.25
1765627490818,CH1,POWER,3.25
1765627490822,CH1,POWER,3.25
1765627490829,CH1,POWER,3.25
1765627490835,CH1,POWER,3.25
1765627490839,CH1,POWER,3.25
1765627490845,CH1,POWER,3.25
1765627490849,CH1,POWER,3.25
1765627490857,CH1,POWER,3.25
1765627490862,CH1,POWER,3.25
1765627490869,CH1,POWER,3.25
1765627490873,CH1,POWER,3.25
1765627490878,CH1,POWER,3.25
1765627490882,CH1,POWER,3.25
1765627490886,CH1,POWER,3.25
1765627490891,CH1,POWER,3.25
1765627490897,CH1,POWER,3.25
1765627490902,CH1,POWER,3.25
1765627490909,CH1,POWER,3.25
1765627490915,CH1,POWER,3.25
1765627490919,CH1,POWER,3.25
1765627490923,CH1,POWER,3.25
1765627490929,CH1,POWER,3.25
1765627490935,CH1,POWER,3.25
1765627490939,CH1,POWER,3.25
1765627490943,CH1,POWER,3.25
1765627490949,CH1,POWER,3.25
1765627490954,CH1,POWER,3.25
1765627490959,CH1,POWER,3.25
1765627490963,CH1,POWER,3.25
1765627490969,CH1,POWER,3.25
1765627490975,CH1,POWER,3.25
1765627490979,CH1,POWER,3.25
1765627490983,CH1,POWER,3.25
1765627490989,CH1,POWER,3.25
1765627490993,CH1,POWER,3.25
1765627490997,CH1,POWER,3.60
1765627491000,CH1,POWER,3.60
1765627491002,CH1,POWER,3.60
1765627491028,CH1,POWER,3.60
1765627491033,CH1,POWER,3.60
1765627491038,CH1,POWER,3.60
1765627491042,CH1,POWER,3.60
1765627491049,CH1,POWER,3.60
1765627491053,CH1,POWER,3.60
1765627491059,CH1,POWER,3.60
1765627491064,CH1,POWER,3.60
1765627491068,CH1,POWER,3.60
1765627491074,CH1,POWER,3.60
1765627491081,CH1,POWER,3.60
1765627491085,CH1,POWER,3.60
1765627491090,CH1,POWER,3.60
1765627491096,CH1,POWER,3.60
1765627491101,CH1,POWER,3.60
1765627491105,CH1,POWER,3.60
1765627491110,CH1,POWER,3.60
1765627491114,CH1,POWER,3.60
1765627491121,CH1,POWER,3.60
1765627491129,CH1,POWER,3.60
1765627491134,CH1,POWER,3.60
1765627491141,CH1,POWER,3.60
1765627491145,CH1,POWER,3.60
1765627491150,CH1,POWER,3.60
1765627491154,CH1,POWER,3.60
1765627491161,CH1,POWER,3.60
1765627491167,CH1,POWER,3.60
1765627491171,CH1,POWER,3.60
1765627491177,CH1,POWER,3.60
1765627491181,CH1,POWER,3.60
1765627491185,CH1,POWER,3.60
1765627491190,CH1,POWER,3.60
1765627491194,CH1,POWER,3.60
1765627491198,CH1,POWER,3.60
1765627491203,CH1,POWER,3.60
1765627491209,CH1,POWER,3.60
1765627491213,CH1,POWER,3.60
1765627491218,CH1,POWER,3.60
1765627491222,CH1,POWER,3.60
1765627491227,CH1,POWER,3.60
1765627491231,CH1,POWER,3.60
1765627491239,CH1,POWER,3.60
1765627491244,CH1,POWER,3.60
1765627491251,CH1,POWER,3.60
1765627491259,CH1,POWER,3.60
1765627491264,CH1,POWER,3.60
1765627491271,CH1,POWER,3.60
1765627491277,CH1,POWER,3.60
1765627491281,CH1,POWER,3.60
1765627491287,CH1,POWER,3.60
1765627491291,CH1,POWER,3.60
1765627491295,CH1,POWER,3.60
1765627491301,CH1,POWER,3.60
1765627491307,CH1,POWER,3.60
1765627491311,CH1,POWER,3.60
1765627491319,CH1,POWER,3.60
1765627491324,CH1,POWER,3.60
1765627491328,CH1,POWER,3.60
1765627491334,CH1,POWER,3.60
1765627491341,CH1,POWER,3.60
1765627491345,CH1,POWER,3.60
1765627491350,CH1,POWER,3.60
1765627491355,CH1,POWER,3.60
1765627491361,CH1,POWER,3.60
1765627491365,CH1,POWER,3.60
1765627491371,CH1,POWER,3.60
1765627491377,CH1,POWER,3.60
1765627491381,CH1,POWER,3.60
1765627491387,CH1,POWER,3.60
1765627491391,CH1,POWER,3.60
1765627491395,CH1,POWER,3.25
1765627491422,CH1,POWER,3.25
1765627491427,CH1,POWER,3.25
1765627491433,CH1,POWER,3.25
1765627491441,CH1,POWER,3.25
1765627491446,CH1,POWER,3.25
1765627491453,CH1,POWER,3.25
1765627491459,CH1,POWER,3.25
1765627491463,CH1,POWER,3.25
1765627491468,CH1,POWER,3.25
1765627491473,CH1,POWER,3.25
1765627491477,CH1,POWER,3.25
1765627491482,CH1,POWER,3.25
1765627491486,CH1,POWER,3.25
1765627491492,CH1,POWER,3.25
1765627491499,CH1,POWER,3.25
1765627491503,CH1,POWER,3.25
1765627491508,CH1,POWER,3.25
1765627491513,CH1,POWER,3.25
1765627491517,CH1,POWER,3.25
1765627491522,CH1,POWER,3.25
1765627491527,CH1,POWER,3.25
1765627491532,CH1,POWER,3.25
1765627491536,CH1,POWER,3.25
1765627491543,CH1,POWER,3.25
1765627491549,CH1,POWER,3.25
1765627491553,CH1,POWER,3.25
1765627491557,CH1,POWER,3.25
1765627491563,CH1,POWER,3.25
1765627491569,CH1,POWER,3.25
1765627491573,CH1,POWER,3.25
1765627491577,CH1,POWER,3.25
1765627491583,CH1,POWER,3.25
1765627491589,CH1,POWER,3.25
1765627491593,CH1,POWER,3.25
1765627491601,CH1,POWER,3.25
1765627491606,CH1,POWER,3.25
1765627491613,CH1,POWER,3.25
1765627491621,CH1,POWER,3.25
1765627491626,CH1,POWER,3.25
1765627491633,CH1,POWER,3.25
1765627491638,CH1,POWER,3.25
1765627491643,CH1,POWER,3.25
1765627491649,CH1,POWER,3.25
1765627491653,CH1,POWER,3.25
1765627491657,CH1,POWER,3.25
1765627491662,CH1,POWER,3.25
1765627491667,CH1,POWER,3.25
1765627491673,CH1,POWER,3.25
1765627491677,CH1,POWER,3.25
1765627491682,CH1,POWER,3.25
1765627491686,CH1,POWER,3.25
1765627491690,CH1,POWER,3.25
1765627491696,CH1,POWER,3.25
1765627491703,CH1,POWER,3.25
1765627491709,CH1,POWER,3.25
1765627491713,CH1,POWER,3.25
1765627491721,CH1,POWER,3.25
1765627491726,CH1,POWER,3.25
1765627491733,CH1,POWER,3.25
1765627491739,CH1,POWER,3.25
1765627491743,CH1,POWER,3.25
1765627491751,CH1,POWER,3.25
1765627491755,CH1,POWER,3.25
1765627491760,CH1,POWER,3.25
1765627491764,CH1,POWER,3.25
1765627491768,CH1,POWER,3.25
1765627491773,CH1,POWER,3.25
1765627491777,CH1,POWER,3.25
1765627491805,CH1,POWER,3.25
1765627491811,CH1,POWER,3.25
1765627491815,CH1,POWER,3.25
1765627491820,CH1,POWER,3.25
1765627491825,CH1,POWER,3.25
1765627491830,CH1,POWER,3.25
1765627491835,CH1,POWER,3.25
1765627491843,CH1,POWER,3.25
1765627491848,CH1,POWER,3.25
1765627491855,CH1,POWER,3.25
1765627491860,CH1,POWER,3.25
1765627491865,CH1,POWER,3.25
1765627491869,CH1,POWER,3.25
1765627491875,CH1,POWER,3.25
1765627491881,CH1,POWER,3.25
1765627491885,CH1,POWER,3.25
1765627491891,CH1,POWER,3.25
1765627491895,CH1,POWER,3.25
1765627491903,CH1,POWER,3.25
1765627491908,CH1,POWER,3.25
1765627491915,CH1,POWER,3.25
1765627491921,CH1,POWER,3.25
1765627491925,CH1,POWER,3.25
1765627491933,CH1,POWER,3.25
1765627491937,CH1,POWER,3.25
1765627491942,CH1,POWER,3.25
1765627491946,CH1,POWER,3.25
1765627491951,CH1,POWER,3.25
1765627491955,CH1,POWER,3.25
1765627491961,CH1,POWER,3.25
1765627491965,CH1,POWER,3.25
1765627491973,CH1,POWER,3.25
1765627491978,CH1,POWER,3.25
1765627491985,CH1,POWER,3.25
1765627491991,CH1,POWER,3.25
1765627491995,CH1,POWER,3.25
1765627492001,CH1,POWER,3.25
1765627492005,CH1,POWER,3.25
1765627492009,CH1,POWER,3.25
1765627492015,CH1,POWER,3.25
1765627492023,CH1,POWER,3.25
1765627492028,CH1,POWER,3.25
1765627492032,CH1,POWER,3.25
1765627492037,CH1,POWER,3.25
1765627492042,CH1,POWER,3.25
1765627492047,CH1,POWER,3.25
1765627492052,CH1,POWER,3.25
1765627492057,CH1,POWER,3.25
1765627492065,CH1,POWER,3.25
1765627492073,CH1,POWER,3.25
1765627492078,CH1,POWER,3.25
1765627492085,CH1,POWER,3.25
1765627492093,CH1,POWER,3.25
1765627492098,CH1,POWER,3.25
1765627492102,CH1,POWER,3.25
1765627492107,CH1,POWER,3.25
1765627492113,CH1,POWER,3.25
1765627492118,CH1,POWER,3.25
1765627492125,CH1,POWER,3.25
1765627492131,CH1,POWER,3.25
1765627492135,CH1,POWER,3.25
1765627492141,CH1,POWER,3.25
1765627492145,CH1,POWER,3.25
1765627492150,CH1,POWER,3.25
1765627492155,CH1,POWER,3.25
1765627492161,CH1,POWER,3.25
1765627492163,CH1,POWER,3.25
1765627492165,CH1,POWER,3.25
1765627492168,CH1,POWER,3.25
1765627492194,CH1,POWER,3.25
1765627492199,CH1,POWER,3.25
1765627492204,CH1,POWER,3.25
1765627492208,CH1,POWER,3.25
1765627492215,CH1,POWER,3.25
1765627492220,CH1,POWER,3.25
1765627492226,CH1,POWER,3.25
1765627492230,CH1,POWER,3.25
1765627492237,CH1,POWER,3.25
1765627492241,CH1,POWER,3.25
1765627492246,CH1,POWER,3.25
1765627492250,CH1,POWER,3.25
1765627492257,CH1,POWER,3.25
1765627492262,CH1,POWER,3.25
1765627492267,CH1,POWER,3.25
1765627492272,CH1,POWER,3.25
1765627492277,CH1,POWER,3.25
1765627492281,CH1,POWER,3.25
1765627492286,CH1,POWER,3.25
1765627492290,CH1,POWER,3.25
1765627492296,CH1,POWER,3.25
1765627492301,CH1,POWER,3.25
1765627492307,CH1,POWER,3.25
1765627492312,CH1,POWER,3.25
1765627492317,CH1,POWER,3.25
1765627492321,CH1,POWER,3.25
1765627492327,CH1,POWER,3.25
1765627492333,CH1,POWER,3.25
1765627492337,CH1,POWER,3.25
1765627492342,CH1,POWER,3.25
1765627492347,CH1,POWER,3.25
1765627492352,CH1,POWER,3.25
1765627492357,CH1,POWER,3.25
1765627492363,CH1,POWER,3.25
1765627492367,CH1,POWER,3.25
1765627492372,CH1,POWER,3.25
1765627492377,CH1,POWER,3.25
1765627492382,CH1,POWER,3.25
1765627492387,CH1,POWER,3.25
1765627492393,CH1,POWER,3.25
1765627492397,CH1,POWER,3.25
1765627492402,CH1,POWER,3.25
1765627492407,CH1,POWER,3.25
1765627492412,CH1,POWER,3.25
1765627492417,CH1,POWER,3.25
1765627492425,CH1,POWER,3.25
1765627492430,CH1,POWER,3.25
1765627492437,CH1,POWER,3.25
1765627492442,CH1,POWER,3.25
1765627492447,CH1,POWER,3.25
1765627492452,CH1,POWER,3.25
1765627492457,CH1,POWER,3.25
1765627492465,CH1,POWER,3.25
1765627492470,CH1,POWER,3.25
1765627492474,CH1,POWER,3.25
1765627492479,CH1,POWER,3.25
1765627492485,CH1,POWER,3.25
1765627492490,CH1,POWER,3.25
1765627492497,CH1,POWER,3.25
1765627492503,CH1,POWER,3.25
1765627492507,CH1,POWER,3.25
1765627492513,CH1,POWER,3.25
1765627492517,CH1,POWER,3.25
1765627492525,CH1,POWER,3.25
1765627492529,CH1,POWER,3.25
1765627492534,CH1,POWER,3.25
1765627492540,CH1,POWER,3.25
1765627492544,CH1,POWER,3.25
1765627492549,CH1,POWER,3.25
1765627492554,CH1,POWER,3.25
1765627492557,CH1,POWER,3.25
1765627492560,CH1,POWER,3.25
1765627492586,CH1,POWER,3.25
1765627492591,CH1,POWER,3.25
1765627492596,CH1,POWER,3.25
1765627492601,CH1,POWER,3.25
1765627492606,CH1,POWER,3.25
1765627492612,CH1,POWER,3.25
1765627492618,CH1,POWER,3.25
1765627492623,CH1,POWER,3.25
1765627492629,CH1,POWER,3.25
1765627492634,CH1,POWER,3.25
1765627492639,CH1,POWER,3.25
1765627492647,CH1,POWER,3.25
1765627492653,CH1,POWER,3.25
1765627492658,CH1,POWER,3.25
1765627492662,CH1,POWER,3.25
1765627492669,CH1,POWER,3.25
1765627492673,CH1,POWER,3.25
1765627492678,CH1,POWER,3.25
1765627492683,CH1,POWER,3.25
1765627492688,CH1,POWER,3.25
1765627492693,CH1,POWER,3.25
1765627492699,CH1,POWER,3.25
1765627492705,CH1,POWER,3.25
1765627492709,CH1,POWER,3.25
1765627492717,CH1,POWER,3.25
1765627492722,CH1,POWER,3.25
1765627492729,CH1,POWER,3.25
1765627492735,CH1,POWER,3.25
1765627492739,CH1,POWER,3.25
1765627492744,CH1,POWER,3.25
1765627492749,CH1,POWER,3.25
1765627492754,CH1,POWER,3.25
1765627492759,CH1,POWER,3.25
1765627492764,CH1,POWER,3.25
1765627492769,CH1,POWER,3.25
1765627492777,CH1,POWER,3.25
1765627492782,CH1,POWER,3.25
1765627492789,CH1,POWER,3.25
1765627492797,CH1,POWER,3.25
1765627492802,CH1,POWER,3.25
1765627492809,CH1,POWER,3.25
1765627492814,CH1,POWER,3.25
1765627492819,CH1,POWER,3.25
1765627492824,CH1,POWER,3.25
1765627492829,CH1,POWER,3.25
1765627492835,CH1,POWER,3.25
1765627492839,CH1,POWER,3.25
1765627492845,CH1,POWER,3.25
1765627492849,CH1,POWER,3.25
1765627492854,CH1,POWER,3.25
1765627492859,CH1,POWER,3.25
1765627492865,CH1,POWER,3.25
1765627492869,CH1,POWER,3.25
1765627492877,CH1,POWER,3.25
1765627492882,CH1,POWER,3.25
1765627492889,CH1,POWER,3.25
1765627492895,CH1,POWER,3.25
1765627492899,CH1,POWER,3.25
1765627492905,CH1,POWER,3.25
1765627492909,CH1,POWER,3.25
1765627492917,CH1,POWER,3.25
1765627492921,CH1,POWER,3.25
1765627492926,CH1,POWER,3.25
1765627492930,CH1,POWER,3.25
1765627492934,CH1,POWER,3.25
1765627492939,CH1,POWER,3.25
1765627492945,CH1,POWER,3.25
1765627492948,CH1,POWER,3.60
1765627492950,CH1,POWER,3.60
1765627492953,CH1,POWER,3.60
1765627492981,CH1,POWER,3.60
1765627492987,CH1,POWER,3.60
1765627492991,CH1,POWER,3.60
1765627492999,CH1,POWER,3.60
1765627493003,CH1,POWER,3.60
1765627493009,CH1,POWER,3.60
1765627493013,CH1,POWER,3.60
1765627493018,CH1,POWER,3.60
1765627493024,CH1,POWER,3.60
1765627493031,CH1,POWER,3.60
1765627493039,CH1,POWER,3.60
1765627493044,CH1,POWER,3.60
1765627493051,CH1,POWER,3.60
1765627493059,CH1,POWER,3.60
1765627493064,CH1,POWER,3.60
1765627493071,CH1,POWER,3.60
1765627493077,CH1,POWER,3.60
1765627493081,CH1,POWER,3.60
1765627493086,CH1,POWER,3.60
1765627493091,CH1,POWER,3.60
1765627493095,CH1,POWER,3.60
1765627493100,CH1,POWER,3.60
1765627493105,CH1,POWER,3.60
1765627493111,CH1,POWER,3.60
1765627493117,CH1,POWER,3.60
1765627493121,CH1,POWER,3.60
1765627493127,CH1,POWER,3.60
1765627493131,CH1,POWER,3.60
1765627493139,CH1,POWER,3.60
1765627493144,CH1,POWER,3.60
1765627493151,CH1,POWER,3.60
1765627493157,CH1,POWER,3.60
1765627493161,CH1,POWER,3.60
1765627493166,CH1,POWER,3.60
1765627493171,CH1,POWER,3.60
1765627493175,CH1,POWER,3.60
1765627493180,CH1,POWER,3.60
1765627493185,CH1,POWER,3.60
1765627493190,CH1,POWER,3.60
1765627493197,CH1,POWER,3.60
1765627493201,CH1,POWER,3.60
1765627493205,CH1,POWER,3.60
1765627493210,CH1,POWER,3.60
1765627493215,CH1,POWER,3.60
1765627493220,CH1,POWER,3.60
1765627493224,CH1,POWER,3.60
1765627493228,CH1,POWER,3.60
1765627493232,CH1,POWER,3.60
1765627493238,CH1,POWER,3.60
1765627493243,CH1,POWER,3.60
1765627493251,CH1,POWER,3.60
1765627493259,CH1,POWER,3.60
1765627493264,CH1,POWER,3.60
1765627493271,CH1,POWER,3.60
1765627493277,CH1,POWER,3.60
1765627493281,CH1,POWER,3.60
1765627493286,CH1,POWER,3.60
1765627493291,CH1,POWER,3.60
1765627493299,CH1,POWER,3.60
1765627493304,CH1,POWER,3.60
1765627493311,CH1,POWER,3.60
1765627493316,CH1,POWER,3.60
1765627493321,CH1,POWER,3.60
1765627493326,CH1,POWER,3.60
1765627493331,CH1,POWER,3.60
1765627493337,CH1,POWER,3.60
1765627493339,CH1,POWER,3.25
1765627493342,CH1,POWER,3.25
1765627493344,CH1,POWER,3.25
1765627493370,CH1,POWER,3.25
1765627493375,CH1,POWER,3.25
1765627493380,CH1,POWER,3.25
1765627493386,CH1,POWER,3.25
1765627493393,CH1,POWER,3.25
1765627493399,CH1,POWER,3.25
1765627493403,CH1,POWER,3.25
1765627493408,CH1,POWER,3.25
1765627493413,CH1,POWER,3.25
1765627493418,CH1,POWER,3.25
1765627493423,CH1,POWER,3.25
1765627493431,CH1,POWER,3.25
1765627493436,CH1,POWER,3.25
1765627493443,CH1,POWER,3.25
1765627493448,CH1,POWER,3.25
1765627493453,CH1,POWER,3.25
1765627493457,CH1,POWER,3.25
1765627493463,CH1,POWER,3.25
1765627493468,CH1,POWER,3.25
1765627493473,CH1,POWER,3.25
1765627493478,CH1,POWER,3.25
1765627493483,CH1,POWER,3.25
1765627493491,CH1,POWER,3.25
1765627493496,CH1,POWER,3.25
1765627493503,CH1,POWER,3.25
1765627493508,CH1,POWER,3.25
1765627493513,CH1,POWER,3.25
1765627493518,CH1,POWER,3.25
1765627493523,CH1,POWER,3.25
1765627493529,CH1,POWER,3.25
1765627493533,CH1,POWER,3.25
1765627493538,CH1,POWER,3.25
1765627493543,CH1,POWER,3.25
1765627493551,CH1,POWER,3.25
1765627493557,CH1,POWER,3.25
1765627493562,CH1,POWER,3.25
1765627493567,CH1,POWER,3.25
1765627493573,CH1,POWER,3.25
1765627493579,CH1,POWER,3.25
1765627493583,CH1,POWER,3.25
1765627493587,CH1,POWER,3.25
1765627493592,CH1,POWER,3.25
1765627493597,CH1,POWER,3.25
1765627493602,CH1,POWER,3.25
1765627493607,CH1,POWER,3.25
1765627493612,CH1,POWER,3.25
1765627493616,CH1,POWER,3.25
1765627493620,CH1,POWER,3.25
1765627493625,CH1,POWER,3.25
1765627493631,CH1,POWER,3.25
1765627493636,CH1,POWER,3.25
1765627493643,CH1,POWER,3.25
1765627493649,CH1,POWER,3.25
1765627493653,CH1,POWER,3.25
1765627493659,CH1,POWER,3.25
1765627493663,CH1,POWER,3.25
1765627493668,CH1,POWER,3.25
1765627493673,CH1,POWER,3.25
1765627493678,CH1,POWER,3.25
1765627493683,CH1,POWER,3.25
1765627493688,CH1,POWER,3.25
1765627493693,CH1,POWER,3.25
1765627493697,CH1,POWER,3.25
1765627493702,CH1,POWER,3.25
1765627493707,CH1,POWER,3.25
1765627493712,CH1,POWER,3.25
1765627493718,CH1,POWER,3.25
1765627493723,CH1,POWER,3.25
1765627493727,CH1,POWER,3.25
1765627493730,CH1,POWER,3.25
1765627493733,CH1,POWER,3.25
1765627493736,CH1,POWER,3.25
1765627493762,CH1,POWER,3.25
1765627493767,CH1,POWER,3.25
1765627493772,CH1,POWER,3.25
1765627493778,CH1,POWER,3.25
1765627493785,CH1,POWER,3.25
1765627493790,CH1,POWER,3.25
1765627493795,CH1,POWER,3.25
1765627493800,CH1,POWER,3.25
1765627493805,CH1,POWER,3.25
1765627493810,CH1,POWER,3.25
1765627493815,CH1,POWER,3.25
1765627493819,CH1,POWER,3.25
1765627493825,CH1,POWER,3.25
1765627493830,CH1,POWER,3.25
1765627493835,CH1,POWER,3.25
1765627493840,CH1,POWER,3.25
1765627493845,CH1,POWER,3.25
1765627493851,CH1,POWER,3.25
1765627493856,CH1,POWER,3.25
1765627493863,CH1,POWER,3.25
1765627493868,CH1,POWER,3.25
1765627493875,CH1,POWER,3.25
1765627493880,CH1,POWER,3.25
1765627493885,CH1,POWER,3.25
1765627493889,CH1,POWER,3.25
1765627493894,CH1,POWER,3.25
1765627493899,CH1,POWER,3.25
1765627493904,CH1,POWER,3.25
1765627493908,CH1,POWER,3.25
1765627493914,CH1,POWER,3.25
1765627493919,CH1,POWER,3.25
1765627493924,CH1,POWER,3.25
1765627493929,CH1,POWER,3.25
1765627493935,CH1,POWER,3.25
1765627493943,CH1,POWER,3.25
1765627493948,CH1,POWER,3.25
1765627493952,CH1,POWER,3.25
1765627493957,CH1,POWER,3.25
1765627493962,CH1,POWER,3.25
1765627493967,CH1,POWER,3.25
1765627493972,CH1,POWER,3.25
1765627493976,CH1,POWER,3.25
1765627493980,CH1,POWER,3.25
1765627493985,CH1,POWER,3.25
1765627493989,CH1,POWER,3.25
1765627493994,CH1,POWER,3.25
1765627493999,CH1,POWER,3.25
1765627494005,CH1,POWER,3.25
1765627494009,CH1,POWER,3.25
1765627494015,CH1,POWER,3.25
1765627494019,CH1,POWER,3.25
1765627494024,CH1,POWER,3.25
1765627494029,CH1,POWER,3.25
1765627494035,CH1,POWER,3.25
1765627494040,CH1,POWER,3.25
1765627494045,CH1,POWER,3.25
1765627494049,CH1,POWER,3.25
1765627494054,CH1,POWER,3.25
1765627494060,CH1,POWER,3.25
1765627494065,CH1,POWER,3.25
1765627494070,CH1,POWER,3.25
1765627494075,CH1,POWER,3.25
1765627494079,CH1,POWER,3.25
1765627494085,CH1,POWER,3.25
1765627494089,CH1,POWER,3.25
1765627494094,CH1,POWER,3.25
1765627494099,CH1,POWER,3.25
1765627494104,CH1,POWER,3.25
1765627494108,CH1,POWER,3.25
1765627494115,CH1,POWER,3.25
1765627494123,CH1,POWER,3.25
1765627494126,CH1,POWER,3.20
1765627494128,CH1,POWER,3.20
1765627494154,CH1,POWER,3.20
1765627494159,CH1,POWER,3.20
1765627494164,CH1,POWER,3.20
1765627494168,CH1,POWER,3.20
1765627494175,CH1,POWER,3.20
1765627494180,CH1,POWER,3.20
1765627494186,CH1,POWER,3.20
1765627494191,CH1,POWER,3.20
1765627494197,CH1,POWER,3.20
1765627494202,CH1,POWER,3.20
1765627494207,CH1,POWER,3.20
1765627494212,CH1,POWER,3.20
1765627494217,CH1,POWER,3.20
1765627494222,CH1,POWER,3.20
1765627494227,CH1,POWER,3.20
1765627494231,CH1,POWER,3.20
1765627494236,CH1,POWER,3.20
1765627494240,CH1,POWER,3.20
1765627494246,CH1,POWER,3.20
1765627494252,CH1,POWER,3.20
1765627494257,CH1,POWER,3.20
1765627494265,CH1,POWER,3.20
1765627494270,CH1,POWER,3.20
1765627494277,CH1,POWER,3.20
1765627494285,CH1,POWER,3.20
1765627494290,CH1,POWER,3.20
1765627494296,CH1,POWER,3.20
1765627494301,CH1,POWER,3.20
1765627494307,CH1,POWER,3.20
1765627494315,CH1,POWER,3.20
1765627494320,CH1,POWER,3.20
1765627494327,CH1,POWER,3.20
1765627494332,CH1,POWER,3.20
1765627494337,CH1,POWER,3.20
1765627494342,CH1,POWER,3.20
1765627494347,CH1,POWER,3.20
1765627494352,CH1,POWER,3.20
1765627494357,CH1,POWER,3.20
1765627494365,CH1,POWER,3.20
1765627494370,CH1,POWER,3.20
1765627494377,CH1,POWER,3.20
1765627494382,CH1,POWER,3.20
1765627494387,CH1,POWER,3.20
1765627494395,CH1,POWER,3.20
1765627494401,CH1,POWER,3.20
1765627494407,CH1,POWER,3.20
1765627494412,CH1,POWER,3.20
1765627494417,CH1,POWER,3.20
1765627494422,CH1,POWER,3.20
1765627494427,CH1,POWER,3.20
1765627494432,CH1,POWER,3.20
1765627494437,CH1,POWER,3.20
1765627494442,CH1,POWER,3.20
1765627494447,CH1,POWER,3.20
1765627494452,CH1,POWER,3.20
1765627494457,CH1,POWER,3.20
1765627494462,CH1,POWER,3.20
1765627494467,CH1,POWER,3.20
1765627494472,CH1,POWER,3.20
1765627494477,CH1,POWER,3.20
1765627494481,CH1,POWER,3.20
1765627494487,CH1,POWER,3.20
1765627494492,CH1,POWER,3.20
1765627494497,CH1,POWER,3.20
1765627494502,CH1,POWER,3.20
1765627494507,CH1,POWER,3.20
1765627494511,CH1,POWER,3.20
1765627494515,CH1,POWER,3.25
1765627494518,CH1,POWER,3.25
1765627494520,CH1,POWER,3.25
1765627494548,CH1,POWER,3.25
1765627494553,CH1,POWER,3.25
1765627494558,CH1,POWER,3.25
1765627494562,CH1,POWER,3.25
1765627494568,CH1,POWER,3.25
1765627494573,CH1,POWER,3.25
1765627494578,CH1,POWER,3.25
1765627494584,CH1,POWER,3.25
1765627494589,CH1,POWER,3.25
1765627494593,CH1,POWER,3.25
1765627494598,CH1,POWER,3.25
1765627494603,CH1,POWER,3.25
1765627494608,CH1,POWER,3.25
1765627494612,CH1,POWER,3.25
1765627494619,CH1,POWER,3.25
1765627494624,CH1,POWER,3.25
1765627494629,CH1,POWER,3.25
1765627494634,CH1,POWER,3.25
1765627494639,CH1,POWER,3.25
1765627494647,CH1,POWER,3.25
1765627494652,CH1,POWER,3.25
1765627494659,CH1,POWER,3.25
1765627494664,CH1,POWER,3.25
1765627494669,CH1,POWER,3.25
1765627494674,CH1,POWER,3.25
1765627494679,CH1,POWER,3.25
1765627494684,CH1,POWER,3.25
1765627494689,CH1,POWER,3.25
1765627494694,CH1,POWER,3.25
1765627494699,CH1,POWER,3.25
1765627494703,CH1,POWER,3.25
1765627494709,CH1,POWER,3.25
1765627494714,CH1,POWER,3.25
1765627494719,CH1,POWER,3.25
1765627494727,CH1,POWER,3.25
1765627494731,CH1,POWER,3.25
1765627494736,CH1,POWER,3.25
1765627494740,CH1,POWER,3.25
1765627494747,CH1,POWER,3.25
1765627494753,CH1,POWER,3.25
1765627494759,CH1,POWER,3.25
1765627494767,CH1,POWER,3.25
1765627494772,CH1,POWER,3.25
1765627494779,CH1,POWER,3.25
1765627494784,CH1,POWER,3.25
1765627494789,CH1,POWER,3.25
1765627494793,CH1,POWER,3.25
1765627494799,CH1,POWER,3.25
1765627494804,CH1,POWER,3.25
1765627494809,CH1,POWER,3.25
1765627494814,CH1,POWER,3.25
1765627494819,CH1,POWER,3.25
1765627494824,CH1,POWER,3.25
1765627494829,CH1,POWER,3.25
1765627494834,CH1,POWER,3.25
1765627494839,CH1,POWER,3.25
1765627494844,CH1,POWER,3.25
1765627494849,CH1,POWER,3.25
1765627494854,CH1,POWER,3.25
1765627494859,CH1,POWER,3.25
1765627494864,CH1,POWER,3.25
1765627494869,CH1,POWER,3.25
1765627494874,CH1,POWER,3.25
1765627494879,CH1,POWER,3.25
1765627494884,CH1,POWER,3.25
1765627494889,CH1,POWER,3.25
1765627494894,CH1,POWER,3.25
1765627494899,CH1,POWER,3.25
1765627494904,CH1,POWER,3.25
1765627494907,CH1,POWER,3.25
1765627494909,CH1,POWER,3.25
1765627494912,CH1,POWER,3.25
1765627494938,CH1,POWER,3.25
1765627494943,CH1,POWER,3.25
1765627494948,CH1,POWER,3.25
1765627494954,CH1,POWER,3.25
1765627494961,CH1,POWER,3.25
1765627494966,CH1,POWER,3.25
1765627494971,CH1,POWER,3.25
1765627494976,CH1,POWER,3.25
1765627494981,CH1,POWER,3.25
1765627494985,CH1,POWER,3.25
1765627494990,CH1,POWER,3.25
1765627494994,CH1,POWER,3.25
1765627495001,CH1,POWER,3.25
1765627495005,CH1,POWER,3.25
1765627495010,CH1,POWER,3.25
1765627495015,CH1,POWER,3.25
1765627495020,CH1,POWER,3.25
1765627495025,CH1,POWER,3.25
1765627495030,CH1,POWER,3.25
1765627495034,CH1,POWER,3.25
1765627495041,CH1,POWER,3.25
1765627495045,CH1,POWER,3.25
1765627495050,CH1,POWER,3.25
1765627495054,CH1,POWER,3.25
1765627495061,CH1,POWER,3.25
1765627495066,CH1,POWER,3.25
1765627495071,CH1,POWER,3.25
1765627495075,CH1,POWER,3.25
1765627495081,CH1,POWER,3.25
1765627495089,CH1,POWER,3.25
1765627495094,CH1,POWER,3.25
1765627495100,CH1,POWER,3.25
1765627495105,CH1,POWER,3.25
1765627495110,CH1,POWER,3.25
1765627495115,CH1,POWER,3.25
1765627495121,CH1,POWER,3.25
1765627495126,CH1,POWER,3.25
1765627495131,CH1,POWER,3.25
1765627495136,CH1,POWER,3.25
1765627495141,CH1,POWER,3.25
1765627495146,CH1,POWER,3.25
1765627495151,CH1,POWER,3.25
1765627495157,CH1,POWER,3.25
1765627495162,CH1,POWER,3.25
1765627495166,CH1,POWER,3.25
1765627495171,CH1,POWER,3.25
1765627495176,CH1,POWER,3.25
1765627495181,CH1,POWER,3.25
1765627495186,CH1,POWER,3.25
1765627495191,CH1,POWER,3.25
1765627495196,CH1,POWER,3.25
1765627495201,CH1,POWER,3.25
1765627495206,CH1,POWER,3.25
1765627495211,CH1,POWER,3.25
1765627495216,CH1,POWER,3.25
1765627495221,CH1,POWER,3.25
1765627495226,CH1,POWER,3.25
1765627495231,CH1,POWER,3.25
1765627495239,CH1,POWER,3.25
1765627495243,CH1,POWER,3.25
1765627495248,CH1,POWER,3.25
1765627495253,CH1,POWER,3.25
1765627495258,CH1,POWER,3.25
1765627495262,CH1,POWER,3.25
1765627495266,CH1,POWER,3.25
1765627495271,CH1,POWER,3.25
1765627495279,CH1,POWER,3.25
1765627495284,CH1,POWER,3.25
1765627495291,CH1,POWER,3.25
1765627495298,CH1,POWER,3.25
1765627495301,CH1,POWER,3.65
1765627495303,CH1,POWER,3.65
1765627495330,CH1,POWER,3.65
1765627495335,CH1,POWER,3.65
1765627495343,CH1,POWER,3.65
1765627495347,CH1,POWER,3.65
1765627495352,CH1,POWER,3.65
1765627495356,CH1,POWER,3.65
1765627495363,CH1,POWER,3.65
1765627495368,CH1,POWER,3.65
1765627495373,CH1,POWER,3.65
1765627495378,CH1,POWER,3.65
1765627495383,CH1,POWER,3.65
1765627495387,CH1,POWER,3.65
1765627495393,CH1,POWER,3.65
1765627495397,CH1,POWER,3.65
1765627495402,CH1,POWER,3.65
1765627495408,CH1,POWER,3.65
1765627495413,CH1,POWER,3.65
1765627495418,CH1,POWER,3.65
1765627495423,CH1,POWER,3.65
1765627495427,CH1,POWER,3.65
1765627495432,CH1,POWER,3.65
1765627495437,CH1,POWER,3.65
1765627495442,CH1,POWER,3.65
1765627495448,CH1,POWER,3.65
1765627495453,CH1,POWER,3.65
1765627495458,CH1,POWER,3.65
1765627495463,CH1,POWER,3.65
1765627495467,CH1,POWER,3.65
1765627495472,CH1,POWER,3.65
1765627495476,CH1,POWER,3.65
1765627495483,CH1,POWER,3.65
1765627495488,CH1,POWER,3.65
1765627495493,CH1,POWER,3.65
1765627495498,CH1,POWER,3.65
1765627495503,CH1,POWER,3.65
1765627495511,CH1,POWER,3.65
1765627495516,CH1,POWER,3.65
1765627495522,CH1,POWER,3.65
1765627495527,CH1,POWER,3.65
1765627495533,CH1,POWER,3.65
1765627495537,CH1,POWER,3.65
1765627495543,CH1,POWER,3.65
1765627495547,CH1,POWER,3.65
1765627495552,CH1,POWER,3.65
1765627495556,CH1,POWER,3.65
1765627495560,CH1,POWER,3.65
1765627495564,CH1,POWER,3.65
1765627495570,CH1,POWER,3.65
1765627495574,CH1,POWER,3.65
1765627495581,CH1,POWER,3.65
1765627495587,CH1,POWER,3.65
1765627495592,CH1,POWER,3.65
1765627495597,CH1,POWER,3.65
1765627495602,CH1,POWER,3.65
1765627495606,CH1,POWER,3.65
1765627495613,CH1,POWER,3.65
1765627495617,CH1,POWER,3.65
1765627495622,CH1,POWER,3.65
1765627495626,CH1,POWER,3.65
1765627495632,CH1,POWER,3.65
1765627495637,CH1,POWER,3.65
1765627495643,CH1,POWER,3.65
1765627495651,CH1,POWER,3.65
1765627495656,CH1,POWER,3.65
1765627495662,CH1,POWER,3.65
1765627495667,CH1,POWER,3.65
1765627495673,CH1,POWER,3.65
1765627495681,CH1,POWER,3.65
1765627495686,CH1,POWER,3.65
1765627495690,CH1,POWER,3.25
1765627495692,CH1,POWER,3.25
1765627495695,CH1,POWER,3.25
1765627495697,CH1,POWER,3.25
1765627495725,CH1,POWER,3.25
1765627495730,CH1,POWER,3.25
1765627495735,CH1,POWER,3.25
1765627495743,CH1,POWER,3.25
1765627495748,CH1,POWER,3.25
1765627495755,CH1,POWER,3.25
1765627495759,CH1,POWER,3.25
1765627495765,CH1,POWER,3.25
1765627495770,CH1,POWER,3.25
1765627495775,CH1,POWER,3.25
1765627495780,CH1,POWER,3.25
1765627495785,CH1,POWER,3.25
1765627495790,CH1,POWER,3.25
1765627495795,CH1,POWER,3.25
1765627495800,CH1,POWER,3.25
1765627495805,CH1,POWER,3.25
1765627495809,CH1,POWER,3.25
1765627495815,CH1,POWER,3.25
1765627495820,CH1,POWER,3.25
1765627495825,CH1,POWER,3.25
1765627495829,CH1,POWER,3.25
1765627495835,CH1,POWER,3.25
1765627495840,CH1,POWER,3.25
1765627495845,CH1,POWER,3.25
1765627495850,CH1,POWER,3.25
1765627495855,CH1,POWER,3.25
1765627495860,CH1,POWER,3.25
1765627495865,CH1,POWER,3.25
1765627495869,CH1,POWER,3.25
1765627495875,CH1,POWER,3.25
1765627495879,CH1,POWER,3.25
1765627495885,CH1,POWER,3.25
1765627495893,CH1,POWER,3.25
1765627495899,CH1,POWER,3.25
1765627495904,CH1,POWER,3.25
1765627495910,CH1,POWER,3.25
1765627495915,CH1,POWER,3.25
1765627495923,CH1,POWER,3.25
1765627495928,CH1,POWER,3.25
1765627495935,CH1,POWER,3.25
1765627495943,CH1,POWER,3.25
1765627495948,CH1,POWER,3.25
1765627495955,CH1,POWER,3.25
1765627495959,CH1,POWER,3.25
1765627495964,CH1,POWER,3.25
1765627495968,CH1,POWER,3.25
1765627495975,CH1,POWER,3.25
1765627495979,CH1,POWER,3.25
1765627495984,CH1,POWER,3.25
1765627495990,CH1,POWER,3.25
1765627495995,CH1,POWER,3.25
1765627496000,CH1,POWER,3.25
1765627496005,CH1,POWER,3.25
1765627496010,CH1,POWER,3.25
1765627496015,CH1,POWER,3.25
1765627496019,CH1,POWER,3.25
1765627496023,CH1,POWER,3.25
1765627496028,CH1,POWER,3.25
1765627496033,CH1,POWER,3.25
1765627496038,CH1,POWER,3.25
1765627496045,CH1,POWER,3.25
1765627496049,CH1,POWER,3.25
1765627496054,CH1,POWER,3.25
1765627496058,CH1,POWER,3.25
1765627496064,CH1,POWER,3.25
1765627496069,CH1,POWER,3.25
1765627496075,CH1,POWER,3.25
1765627496079,CH1,POWER,3.25
1765627496107,CH1,POWER,3.25
1765627496112,CH1,POWER,3.25
1765627496117,CH1,POWER,3.25
1765627496125,CH1,POWER,3.25
1765627496131,CH1,POWER,3.25
1765627496137,CH1,POWER,3.25
1765627496142,CH1,POWER,3.25
1765627496147,CH1,POWER,3.25
1765627496152,CH1,POWER,3.25
1765627496157,CH1,POWER,3.25
1765627496162,CH1,POWER,3.25
1765627496167,CH1,POWER,3.25
1765627496174,CH1,POWER,3.25
1765627496179,CH1,POWER,3.25
1765627496184,CH1,POWER,3.25
1765627496189,CH1,POWER,3.25
1765627496197,CH1,POWER,3.25
1765627496205,CH1,POWER,3.25
1765627496210,CH1,POWER,3.25
1765627496217,CH1,POWER,3.25
1765627496225,CH1,POWER,3.25
1765627496230,CH1,POWER,3.25
1765627496237,CH1,POWER,3.25
1765627496242,CH1,POWER,3.25
1765627496247,CH1,POWER,3.25
1765627496255,CH1,POWER,3.25
1765627496260,CH1,POWER,3.25
1765627496267,CH1,POWER,3.25
1765627496275,CH1,POWER,3.25
1765627496280,CH1,POWER,3.25
1765627496287,CH1,POWER,3.25
1765627496292,CH1,POWER,3.25
1765627496297,CH1,POWER,3.25
1765627496302,CH1,POWER,3.25
1765627496307,CH1,POWER,3.25
1765627496312,CH1,POWER,3.25
1765627496317,CH1,POWER,3.25
1765627496322,CH1,POWER,3.25
1765627496327,CH1,POWER,3.25
1765627496335,CH1,POWER,3.25
1765627496341,CH1,POWER,3.25
1765627496346,CH1,POWER,3.25
1765627496352,CH1,POWER,3.25
1765627496357,CH1,POWER,3.25
1765627496365,CH1,POWER,3.25
1765627496370,CH1,POWER,3.25
1765627496377,CH1,POWER,3.25
1765627496382,CH1,POWER,3.25
1765627496387,CH1,POWER,3.25
1765627496392,CH1,POWER,3.25
1765627496397,CH1,POWER,3.25
1765627496401,CH1,POWER,3.25
1765627496406,CH1,POWER,3.25
1765627496412,CH1,POWER,3.25
1765627496417,CH1,POWER,3.25
1765627496422,CH1,POWER,3.25
1765627496427,CH1,POWER,3.25
1765627496432,CH1,POWER,3.25
1765627496437,CH1,POWER,3.25
1765627496441,CH1,POWER,3.25
1765627496446,CH1,POWER,3.25
1765627496452,CH1,POWER,3.25
1765627496457,CH1,POWER,3.25
1765627496462,CH1,POWER,3.25
1765627496465,CH1,POWER,3.25
1765627496468,CH1,POWER,3.25
1765627496470,CH1,POWER,3.25
1765627496498,CH1,POWER,3.25
1765627496503,CH1,POWER,3.25
1765627496508,CH1,POWER,3.25
1765627496512,CH1,POWER,3.25
1765627496519,CH1,POWER,3.25
1765627496526,CH1,POWER,3.25
1765627496531,CH1,POWER,3.25
1765627496536,CH1,POWER,3.25
1765627496541,CH1,POWER,3.25
1765627496549,CH1,POWER,3.25
1765627496554,CH1,POWER,3.25
1765627496559,CH1,POWER,3.25
1765627496564,CH1,POWER,3.25
1765627496569,CH1,POWER,3.25
1765627496574,CH1,POWER,3.25
1765627496579,CH1,POWER,3.25
1765627496586,CH1,POWER,3.25
1765627496591,CH1,POWER,3.25
1765627496596,CH1,POWER,3.25
1765627496602,CH1,POWER,3.25
1765627496608,CH1,POWER,3.25
1765627496614,CH1,POWER,3.25
1765627496619,CH1,POWER,3.25
1765627496624,CH1,POWER,3.25
1765627496629,CH1,POWER,3.25
1765627496634,CH1,POWER,3.25
1765627496639,CH1,POWER,3.25
1765627496647,CH1,POWER,3.25
1765627496652,CH1,POWER,3.25
1765627496659,CH1,POWER,3.25
1765627496664,CH1,POWER,3.25
1765627496669,CH1,POWER,3.25
1765627496674,CH1,POWER,3.25
1765627496679,CH1,POWER,3.25
1765627496683,CH1,POWER,3.25
1765627496689,CH1,POWER,3.25
1765627496693,CH1,POWER,3.25
1765627496697,CH1,POWER,3.25
1765627496702,CH1,POWER,3.25
1765627496708,CH1,POWER,3.25
1765627496713,CH1,POWER,3.25
1765627496719,CH1,POWER,3.25
1765627496724,CH1,POWER,3.25
1765627496729,CH1,POWER,3.25
1765627496733,CH1,POWER,3.25
1765627496738,CH1,POWER,3.25
1765627496742,CH1,POWER,3.25
1765627496748,CH1,POWER,3.25
1765627496753,CH1,POWER,3.25
1765627496758,CH1,POWER,3.25
1765627496762,CH1,POWER,3.25
1765627496769,CH1,POWER,3.25
1765627496773,CH1,POWER,3.25
1765627496778,CH1,POWER,3.25
1765627496782,CH1,POWER,3.25
1765627496788,CH1,POWER,3.25
1765627496792,CH1,POWER,3.25
1765627496796,CH1,POWER,3.25
1765627496800,CH1,POWER,3.25
1765627496806,CH1,POWER,3.25
1765627496810,CH1,POWER,3.25
1765627496817,CH1,POWER,3.25
1765627496822,CH1,POWER,3.25
1765627496829,CH1,POWER,3.25
1765627496834,CH1,POWER,3.25
1765627496839,CH1,POWER,3.25
1765627496844,CH1,POWER,3.25
1765627496849,CH1,POWER,3.25
1765627496855,CH1,POWER,3.25
1765627496858,CH1,POWER,3.25
1765627496860,CH1,POWER,3.25
1765627496862,CH1,POWER,3.25
1765627496890,CH1,POWER,3.25
1765627496895,CH1,POWER,3.25
1765627496900,CH1,POWER,3.25
1765627496905,CH1,POWER,3.25
1765627496911,CH1,POWER,3.25
1765627496919,CH1,POWER,3.25
1765627496924,CH1,POWER,3.25
1765627496931,CH1,POWER,3.25
1765627496936,CH1,POWER,3.25
1765627496941,CH1,POWER,3.25
1765627496946,CH1,POWER,3.25
1765627496951,CH1,POWER,3.25
1765627496956,CH1,POWER,3.25
1765627496961,CH1,POWER,3.25
1765627496965,CH1,POWER,3.25
1765627496971,CH1,POWER,3.25
1765627496975,CH1,POWER,3.25
1765627496981,CH1,POWER,3.25
1765627496985,CH1,POWER,3.25
1765627496990,CH1,POWER,3.25
1765627496995,CH1,POWER,3.25
1765627497000,CH1,POWER,3.25
1765627497005,CH1,POWER,3.25
1765627497011,CH1,POWER,3.25
1765627497016,CH1,POWER,3.25
1765627497021,CH1,POWER,3.25
1765627497029,CH1,POWER,3.25
1765627497034,CH1,POWER,3.25
1765627497041,CH1,POWER,3.25
1765627497046,CH1,POWER,3.25
1765627497051,CH1,POWER,3.25
1765627497056,CH1,POWER,3.25
1765627497061,CH1,POWER,3.25
1765627497068,CH1,POWER,3.25
1765627497073,CH1,POWER,3.25
1765627497079,CH1,POWER,3.25
1765627497084,CH1,POWER,3.25
1765627497090,CH1,POWER,3.25
1765627497095,CH1,POWER,3.25
1765627497100,CH1,POWER,3.25
1765627497104,CH1,POWER,3.25
1765627497111,CH1,POWER,3.25
1765627497116,CH1,POWER,3.25
1765627497121,CH1,POWER,3.25
1765627497126,CH1,POWER,3.25
1765627497131,CH1,POWER,3.25
1765627497135,CH1,POWER,3.25
1765627497141,CH1,POWER,3.25
1765627497146,CH1,POWER,3.25
1765627497151,CH1,POWER,3.25
1765627497155,CH1,POWER,3.25
1765627497160,CH1,POWER,3.25
1765627497166,CH1,POWER,3.25
1765627497171,CH1,POWER,3.25
1765627497179,CH1,POWER,3.25
1765627497184,CH1,POWER,3.25
1765627497190,CH1,POWER,3.25
1765627497195,CH1,POWER,3.25
1765627497201,CH1,POWER,3.25
1765627497206,CH1,POWER,3.25
1765627497211,CH1,POWER,3.25
1765627497216,CH1,POWER,3.25
1765627497221,CH1,POWER,3.25
1765627497229,CH1,POWER,3.25
1765627497234,CH1,POWER,3.25
1765627497240,CH1,POWER,3.25
1765627497245,CH1,POWER,3.25
1765627497250,CH1,POWER,3.25
1765627497252,CH1,POWER,3.30
1765627497255,CH1,POWER,3.30
1765627497283,CH1,POWER,3.30
1765627497288,CH1,POWER,3.30
1765627497292,CH1,POWER,3.30
1765627497297,CH1,POWER,3.30
1765627497302,CH1,POWER,3.30
1765627497308,CH1,POWER,3.30
1765627497313,CH1,POWER,3.30
1765627497318,CH1,POWER,3.30
1765627497323,CH1,POWER,3.30
1765627497331,CH1,POWER,3.30
1765627497336,CH1,POWER,3.30
1765627497343,CH1,POWER,3.30
1765627497347,CH1,POWER,3.30
1765627497352,CH1,POWER,3.30
1765627497356,CH1,POWER,3.30
1765627497362,CH1,POWER,3.30
1765627497368,CH1,POWER,3.30
1765627497373,CH1,POWER,3.30
1765627497378,CH1,POWER,3.30
1765627497383,CH1,POWER,3.30
1765627497387,CH1,POWER,3.30
1765627497393,CH1,POWER,3.30
1765627497398,CH1,POWER,3.30
1765627497403,CH1,POWER,3.30
1765627497408,CH1,POWER,3.30
1765627497412,CH1,POWER,3.30
1765627497417,CH1,POWER,3.30
1765627497422,CH1,POWER,3.30
1765627497427,CH1,POWER,3.30
1765627497431,CH1,POWER,3.30
1765627497436,CH1,POWER,3.30
1765627497442,CH1,POWER,3.30
1765627497447,CH1,POWER,3.30
1765627497451,CH1,POWER,3.30
1765627497456,CH1,POWER,3.30
1765627497461,CH1,POWER,3.30
1765627497466,CH1,POWER,3.30
1765627497473,CH1,POWER,3.30
1765627497478,CH1,POWER,3.30
1765627497483,CH1,POWER,3.30
1765627497488,CH1,POWER,3.30
1765627497493,CH1,POWER,3.30
1765627497498,CH1,POWER,3.30
1765627497503,CH1,POWER,3.30
1765627497506,CH1,POWER,3.30
1765627497513,CH1,POWER,3.30
1765627497517,CH1,POWER,3.30
1765627497522,CH1,POWER,3.30
1765627497528,CH1,POWER,3.30
1765627497533,CH1,POWER,3.30
1765627497538,CH1,POWER,3.30
1765627497542,CH1,POWER,3.30
1765627497547,CH1,POWER,3.30
1765627497551,CH1,POWER,3.30
1765627497556,CH1,POWER,3.30
1765627497563,CH1,POWER,3.30
1765627497568,CH1,POWER,3.30
1765627497572,CH1,POWER,3.30
1765627497577,CH1,POWER,3.30
1765627497583,CH1,POWER,3.30
1765627497588,CH1,POWER,3.30
1765627497593,CH1,POWER,3.30
1765627497598,CH1,POWER,3.30
1765627497603,CH1,POWER,3.30
1765627497608,CH1,POWER,3.30
1765627497613,CH1,POWER,3.30
1765627497618,CH1,POWER,3.30
1765627497623,CH1,POWER,3.30
1765627497627,CH1,POWER,3.30
1765627497633,CH1,POWER,3.30
1765627497641,CH1,POWER,3.30
1765627497645,CH1,POWER,3.65
1765627497672,CH1,POWER,3.65
1765627497677,CH1,POWER,3.65
1765627497682,CH1,POWER,3.65
1765627497688,CH1,POWER,3.65
1765627497694,CH1,POWER,3.65
1765627497699,CH1,POWER,3.65
1765627497703,CH1,POWER,3.65
1765627497708,CH1,POWER,3.65
1765627497715,CH1,POWER,3.65
1765627497720,CH1,POWER,3.65
1765627497725,CH1,POWER,3.65
1765627497730,CH1,POWER,3.65
1765627497735,CH1,POWER,3.65
1765627497743,CH1,POWER,3.65
1765627497748,CH1,POWER,3.65
1765627497755,CH1,POWER,3.65
1765627497760,CH1,POWER,3.65
1765627497765,CH1,POWER,3.65
1765627497770,CH1,POWER,3.65
1765627497774,CH1,POWER,3.65
1765627497779,CH1,POWER,3.65
1765627497783,CH1,POWER,3.65
1765627497789,CH1,POWER,3.65
1765627497793,CH1,POWER,3.65
1765627497798,CH1,POWER,3.65
1765627497805,CH1,POWER,3.65
1765627497810,CH1,POWER,3.65
1765627497814,CH1,POWER,3.65
1765627497819,CH1,POWER,3.65
1765627497824,CH1,POWER,3.65
1765627497829,CH1,POWER,3.65
1765627497834,CH1,POWER,3.65
1765627497839,CH1,POWER,3.65
1765627497843,CH1,POWER,3.65
1765627497849,CH1,POWER,3.65
1765627497855,CH1,POWER,3.65
1765627497860,CH1,POWER,3.65
1765627497865,CH1,POWER,3.65
1765627497870,CH1,POWER,3.65
1765627497875,CH1,POWER,3.65
1765627497880,CH1,POWER,3.65
1765627497885,CH1,POWER,3.65
1765627497890,CH1,POWER,3.65
1765627497894,CH1,POWER,3.65
1765627497899,CH1,POWER,3.65
1765627497904,CH1,POWER,3.65
1765627497910,CH1,POWER,3.65
1765627497915,CH1,POWER,3.65
1765627497920,CH1,POWER,3.65
1765627497925,CH1,POWER,3.65
1765627497930,CH1,POWER,3.65
1765627497934,CH1,POWER,3.65
1765627497938,CH1,POWER,3.65
1765627497945,CH1,POWER,3.65
1765627497950,CH1,POWER,3.65
1765627497955,CH1,POWER,3.65
1765627497960,CH1,POWER,3.65
1765627497965,CH1,POWER,3.65
1765627497970,CH1,POWER,3.65
1765627497975,CH1,POWER,3.65
1765627497980,CH1,POWER,3.65
1765627497984,CH1,POWER,3.65
1765627497989,CH1,POWER,3.65
1765627497994,CH1,POWER,3.65
1765627497998,CH1,POWER,3.65
1765627498005,CH1,POWER,3.65
1765627498010,CH1,POWER,3.65
1765627498014,CH1,POWER,3.65
1765627498018,CH1,POWER,3.65
1765627498024,CH1,POWER,3.65
1765627498028,CH1,POWER,3.65
1765627498034,CH1,POWER,3.65
1765627498037,CH1,POWER,3.25
1765627498064,CH1,POWER,3.25
1765627498069,CH1,POWER,3.25
1765627498073,CH1,POWER,3.25
1765627498078,CH1,POWER,3.25
1765627498084,CH1,POWER,3.25
1765627498089,CH1,POWER,3.25
1765627498094,CH1,POWER,3.25
1765627498100,CH1,POWER,3.25
1765627498107,CH1,POWER,3.25
1765627498112,CH1,POWER,3.25
1765627498117,CH1,POWER,3.25
1765627498122,CH1,POWER,3.25
1765627498127,CH1,POWER,3.25
1765627498132,CH1,POWER,3.25
1765627498136,CH1,POWER,3.25
1765627498141,CH1,POWER,3.25
1765627498146,CH1,POWER,3.25
1765627498150,CH1,POWER,3.25
1765627498157,CH1,POWER,3.25
1765627498165,CH1,POWER,3.25
1765627498170,CH1,POWER,3.25
1765627498177,CH1,POWER,3.25
1765627498182,CH1,POWER,3.25
1765627498186,CH1,POWER,3.25
1765627498192,CH1,POWER,3.25
1765627498197,CH1,POWER,3.25
1765627498202,CH1,POWER,3.25
1765627498206,CH1,POWER,3.25
1765627498215,CH1,POWER,3.25
1765627498220,CH1,POWER,3.25
1765627498226,CH1,POWER,3.25
1765627498230,CH1,POWER,3.25
1765627498236,CH1,POWER,3.25
1765627498240,CH1,POWER,3.25
1765627498246,CH1,POWER,3.25
1765627498250,CH1,POWER,3.25
1765627498257,CH1,POWER,3.25
1765627498262,CH1,POWER,3.25
1765627498266,CH1,POWER,3.25
1765627498272,CH1,POWER,3.25
1765627498277,CH1,POWER,3.25
1765627498282,CH1,POWER,3.25
1765627498287,CH1,POWER,3.25
1765627498295,CH1,POWER,3.25
1765627498300,CH1,POWER,3.25
1765627498307,CH1,POWER,3.25
1765627498315,CH1,POWER,3.25
1765627498319,CH1,POWER,3.25
1765627498327,CH1,POWER,3.25
1765627498332,CH1,POWER,3.25
1765627498337,CH1,POWER,3.25
1765627498342,CH1,POWER,3.25
1765627498347,CH1,POWER,3.25
1765627498355,CH1,POWER,3.25
1765627498360,CH1,POWER,3.25
1765627498367,CH1,POWER,3.25
1765627498372,CH1,POWER,3.25
1765627498377,CH1,POWER,3.25
1765627498382,CH1,POWER,3.25
1765627498387,CH1,POWER,3.25
1765627498392,CH1,POWER,3.25
1765627498396,CH1,POWER,3.25
1765627498401,CH1,POWER,3.25
1765627498406,CH1,POWER,3.25
1765627498410,CH1,POWER,3.25
1765627498417,CH1,POWER,3.25
1765627498422,CH1,POWER,3.25
1765627498424,CH1,POWER,3.25
1765627498427,CH1,POWER,3.25
1765627498429,CH1,POWER,3.25
1765627498454,CH1,POWER,3.25
1765627498459,CH1,POWER,3.25
1765627498464,CH1,POWER,3.25
1765627498468,CH1,POWER,3.25
1765627498474,CH1,POWER,3.25
1765627498478,CH1,POWER,3.25
