duration_s,active,3V7_WL_SW_A current(0),3V3_SYS_A current(1),1V8_SYS_A current(2),DDR_VDD2_A current(3),DDR_VDDQ_A current(4),1V1_SYS_A current(5),0V8_SW_A current(6),VDD_CORE_A current(7),3V3_DAC_A current(17),3V3_ADC_A current(18),0V8_AON_A current(16),HDMI_A current(22),3V7_WL_SW_V volt(8),3V3_SYS_V volt(9),1V8_SYS_V volt(10),DDR_VDD2_V volt(11),DDR_VDDQ_V volt(12),1V1_SYS_V volt(13),0V8_SW_V volt(14),VDD_CORE_V volt(15),3V3_DAC_V volt(20),3V3_ADC_V volt(21),0V8_AON_V volt(19),HDMI_V volt(23),EXT5V_V volt(24),BATT_V volt(25)
0.000001,0,0.000000,0.209825,0.144438,0.000000,0.000000,0.177619,0.280092,0.580450,0.000549,0.000672,0.003297,0.016117,3.699776,3.298898,1.797312,1.101830,0.614651,1.101098,0.799633,0.749718,3.307689,3.300363,0.797948,4.925840,4.935220,0.005128
0.050058,0,0.000000,0.212753,0.145414,0.000000,0.000000,0.181523,0.282044,0.258970,0.000244,0.000549,0.003419,0.016361,3.699776,3.297970,1.796824,1.109156,0.610256,1.100732,0.800732,0.749450,3.305857,3.300363,0.797948,4.927180,4.939240,0.003419
0.100055,0,0.000000,0.217632,0.147365,0.000000,0.000000,0.178595,0.281068,0.580450,0.000183,0.000427,0.003297,0.016606,3.711840,3.327664,1.795847,1.104028,0.615750,1.104761,0.800732,0.749450,3.306773,3.299447,0.797948,4.927180,4.939240,0.004274
0.150056,0,0.000000,0.212753,0.148341,0.000000,0.000000,0.180547,0.282044,0.392920,0.000183,0.000672,0.003236,0.016606,3.703488,3.295186,1.797312,1.108424,0.615750,1.100732,0.801831,0.749181,3.306773,3.299447,0.798241,4.924500,4.935220,0.005128
0.200055,0,0.000000,0.217632,0.145414,0.000000,0.000000,0.179571,0.280092,0.580450,0.000061,0.000977,0.003297,0.016484,3.726687,3.303538,1.797312,1.107691,0.614285,1.104761,0.801098,0.749450,3.306773,3.301279,0.797948,4.924500,4.936560,0.005128
0.250056,0,0.000000,0.219584,0.145414,0.000000,0.000000,0.177619,0.281068,0.258970,0.000977,0.000672,0.003297,0.016239,3.699776,3.301682,1.796824,1.104394,0.615384,1.106226,0.799633,0.749987,3.306773,3.301279,0.797948,4.924500,4.939240,0.004274
0.300055,0,0.000000,0.213729,0.146390,0.000000,0.000000,0.180547,0.279116,0.580450,0.000305,0.001038,0.003297,0.016606,3.710912,3.301682,1.796824,1.109156,0.615750,1.104761,0.802930,0.749181,3.305857,3.302194,0.798241,4.924500,4.939240,0.004274
0.350056,0,0.000000,0.212753,0.146390,0.000000,0.000000,0.179571,0.282044,0.258970,0.000305,0.000427,0.003358,0.016728,3.704416,3.295186,1.797312,1.104761,0.607692,1.099999,0.802930,0.748913,3.305857,3.302194,0.798241,4.928520,4.936560,0.004274
0.400056,0,0.000000,0.213729,0.145414,0.000000,0.000000,0.180547,0.281068,0.580450,0.000183,0.000672,0.003175,0.016484,3.704416,3.307249,1.797800,1.109156,0.615750,1.104028,0.800732,0.752405,3.306773,3.301279,0.797948,4.927180,4.929860,0.005128
0.450056,0,0.000000,0.211777,0.146390,0.000000,0.000000,0.178595,0.279116,0.473290,0.000305,0.000672,0.003358,0.016606,3.711840,3.298898,1.796824,1.103296,0.615750,1.099999,0.799633,0.749181,3.305857,3.300363,0.797362,4.928520,4.935220,0.004274
0.489777,1,0.000000,0.211777,0.147365,0.061484,0.000000,0.177619,0.284972,1.062670,0.000183,0.000672,0.003297,0.016361,3.703488,3.301682,1.796824,1.101830,0.599999,1.100732,0.800365,0.749181,3.305857,3.299447,0.797948,4.927180,4.935220,0.004274
0.550056,1,0.000000,0.211777,0.145414,0.000000,0.000000,0.191282,0.279116,0.580450,0.000305,0.000672,0.003297,0.016117,3.715552,3.301682,1.798777,1.101830,0.616483,1.106226,0.799633,0.749450,3.305857,3.302194,0.797655,4.924500,4.936560,0.004274
0.600055,1,0.000000,0.209825,0.148341,0.000000,0.000000,0.185427,0.282044,0.625100,0.000244,0.000672,0.003297,0.016484,3.704416,3.301682,1.797800,1.101830,0.615750,1.100732,0.801098,0.770134,3.305857,3.300363,0.798241,4.919140,4.931200,0.004274
0.650055,1,0.000000,0.214705,0.149317,0.000000,0.000000,0.179571,0.281068,0.625100,0.000244,0.000549,0.003419,0.016361,3.713696,3.298898,1.797312,1.107691,0.616483,1.102929,0.801464,0.770134,3.305857,3.302194,0.797655,4.921820,4.927180,0.005128
0.700056,1,0.000000,0.213729,0.145414,0.000000,0.000000,0.178595,0.281068,0.580450,0.000305,0.000549,0.003419,0.015995,3.699776,3.327664,1.796824,1.106226,0.616849,1.100732,0.800365,0.748644,3.306773,3.301279,0.797948,4.924500,4.939240,0.004274
0.750057,1,0.000000,0.212753,0.147365,0.000000,0.000000,0.179571,0.280092,0.276830,0.000183,0.000427,0.003297,0.016361,3.708128,3.303538,1.798289,1.101830,0.615384,1.104761,0.800732,0.750256,3.305857,3.300363,0.797948,4.924500,4.929860,0.005128
0.800056,1,0.000000,0.215681,0.145414,0.000000,0.000000,0.179571,0.282044,0.580450,0.000061,0.000427,0.003114,0.015995,3.715552,3.301682,1.797312,1.107691,0.615384,1.102197,0.798900,0.749450,3.304942,3.300363,0.797948,4.923160,4.940580,0.004274
0.850056,1,0.000000,0.219584,0.147365,0.000000,0.000000,0.178595,0.281068,0.544730,0.000305,0.000549,0.003297,0.016117,3.719264,3.293330,1.797800,1.103296,0.611355,1.104761,0.800732,0.749718,3.305857,3.302194,0.798241,4.919140,4.935220,0.004274
0.900056,1,0.000000,0.220560,0.146390,0.000000,0.000000,0.180547,0.280092,0.580450,0.000061,0.000672,0.003297,0.016484,3.697920,3.327664,1.797800,1.107691,0.616483,1.102929,0.802930,0.748644,3.307689,3.300363,0.797948,4.925840,4.936560,0.004274
0.950056,1,0.000000,0.213729,0.146390,0.000000,0.000000,0.177619,0.281068,0.294690,0.000305,0.000672,0.003297,0.016728,3.704416,3.293330,1.797312,1.107691,0.615750,1.104761,0.801831,0.749181,3.305857,3.300363,0.798241,4.919140,4.935220,0.004274
1.000056,1,0.000976,0.212753,0.145414,0.000000,0.000000,0.179571,0.280092,0.580450,0.000183,0.000427,0.003419,0.016728,3.711840,3.295186,1.797312,1.102197,0.616117,1.104761,0.800732,0.749450,3.305857,3.300363,0.798241,4.919140,4.929860,0.005128
1.050055,1,0.000000,0.211777,0.146390,0.000000,0.000000,0.179571,0.278140,0.544730,0.000305,0.000549,0.003419,0.016606,3.704416,3.325809,1.796824,1.109156,0.615750,1.101098,0.802930,0.749450,3.307689,3.300363,0.797655,4.928520,4.935220,0.004274
1.100055,1,0.000000,0.210801,0.145414,0.000000,0.000000,0.178595,0.281068,0.580450,0.000305,0.000672,0.003297,0.016484,3.711840,3.298898,1.796824,1.107691,0.615750,1.101464,0.799633,0.749987,3.306773,3.299447,0.797655,4.924500,4.929860,0.004274
1.150056,1,0.000000,0.214705,0.147365,0.000000,0.000000,0.180547,0.282044,0.258970,0.000183,0.000672,0.003297,0.016606,3.703488,3.303538,1.798777,1.101830,0.615750,1.102197,0.801831,0.749718,3.305857,3.301279,0.797948,4.928520,4.941920,0.005128
1.200056,1,0.000000,0.215681,0.146390,0.000000,0.000000,0.191282,0.281068,0.580450,0.000305,0.000672,0.003419,0.016484,3.704416,3.294258,1.798289,1.101830,0.612454,1.102929,0.801831,0.748644,3.305857,3.300363,0.797948,4.920480,4.935220,0.004274
1.250056,1,0.000976,0.212753,0.147365,0.000000,0.000000,0.189330,0.280092,0.258970,0.000305,0.000672,0.003358,0.016361,3.699776,3.311889,1.796824,1.101830,0.616117,1.101464,0.801831,0.749987,3.306773,3.299447,0.797948,4.928520,4.939240,0.004274
1.300056,1,0.000000,0.211777,0.146390,0.000000,0.000000,0.179571,0.282044,0.580450,0.000305,0.000427,0.003358,0.015995,3.711840,3.301682,1.798289,1.107691,0.616483,1.104761,0.801831,0.749450,3.305857,3.300363,0.797655,4.917800,4.935220,0.004274
1.350056,1,0.000000,0.211777,0.145414,0.000000,0.000000,0.190306,0.280092,0.580450,0.000305,0.000672,0.003175,0.016606,3.711840,3.293330,1.796824,1.108424,0.604761,1.102929,0.800732,0.749450,3.304942,3.300363,0.797948,4.925840,4.939240,0.004274
1.400056,1,0.000000,0.213729,0.146390,0.000000,0.000000,0.178595,0.282044,0.580450,0.000305,0.000672,0.003297,0.016361,3.711840,3.298898,1.796824,1.102563,0.616483,1.102929,0.801098,0.749987,3.305857,3.300363,0.798241,4.919140,4.929860,0.005128
1.450056,1,0.000000,0.212753,0.146390,0.000000,0.000000,0.179571,0.281068,0.544730,0.000061,0.000672,0.003297,0.015995,3.701632,3.301682,1.797800,1.106226,0.617582,1.100732,0.800732,0.749181,3.304942,3.301279,0.798241,4.927180,4.935220,0.004274
1.500056,1,0.000000,0.220560,0.146390,0.000000,0.000000,0.178595,0.281068,0.580450,0.000183,0.000427,0.003419,0.016361,3.697920,3.355503,1.797800,1.103296,0.616849,1.102929,0.801831,0.749181,3.305857,3.302194,0.798241,4.924500,4.939240,0.004274
1.550055,1,0.000000,0.222512,0.148341,0.000000,0.000000,0.180547,0.282044,0.276830,0.000183,0.000672,0.003297,0.016606,3.696993,3.327664,1.796824,1.103296,0.615384,1.104028,0.800732,0.748913,3.304942,3.301279,0.798241,4.924500,4.935220,0.004274
1.600056,1,0.000000,0.211777,0.144438,0.000000,0.000000,0.180547,0.281068,0.580450,0.000183,0.000672,0.003358,0.016484,3.704416,3.295186,1.796824,1.110622,0.615750,1.104761,0.800732,0.749450,3.305857,3.302194,0.797948,4.924500,4.935220,0.004274
1.650056,1,0.000976,0.213729,0.147365,0.000000,0.000000,0.179571,0.280092,0.258970,0.000244,0.000672,0.003419,0.016239,3.699776,3.295186,1.798289,1.104761,0.614651,1.099999,0.801464,0.749987,3.305857,3.300363,0.797655,4.928520,4.939240,0.004274
1.700059,1,0.000000,0.212753,0.148341,0.000000,0.000000,0.177619,0.281068,0.580450,0.000305,0.000672,0.003236,0.016361,3.719264,3.301682,1.798777,1.110622,0.616117,1.103296,0.801464,0.748913,3.305857,3.299447,0.797948,4.925840,4.935220,0.004274
1.750056,1,0.000000,0.209825,0.146390,0.000000,0.000000,0.178595,0.281068,0.544730,0.000305,0.000672,0.003419,0.016606,3.711840,3.293330,1.797800,1.101830,0.613186,1.101464,0.802930,0.748644,3.305857,3.301279,0.797655,4.927180,4.935220,0.005128
1.800058,1,0.000000,0.210801,0.146390,0.000000,0.000000,0.179571,0.281068,0.580450,0.000183,0.000427,0.003236,0.016239,3.711840,3.289618,1.798289,1.102197,0.615750,1.100732,0.801831,0.749181,3.306773,3.299447,0.797655,4.920480,4.935220,0.004274
1.850055,1,0.000976,0.212753,0.146390,0.000000,0.000000,0.190306,0.280092,0.258970,0.000305,0.000672,0.003297,0.016606,3.711840,3.291474,1.796824,1.109156,0.616117,1.102929,0.802930,0.748644,3.307689,3.302194,0.798241,4.924500,4.939240,0.004274
1.900058,1,0.000000,0.213729,0.148341,0.000000,0.000000,0.189330,0.281068,0.580450,0.000061,0.000672,0.003236,0.015995,3.703488,3.295186,1.798289,1.102197,0.616117,1.104394,0.800732,0.747569,3.304942,3.300363,0.798241,4.920480,4.935220,0.004274
1.950056,1,0.000976,0.216657,0.146390,0.000000,0.000000,0.180547,0.281068,0.401850,0.000061,0.000427,0.003358,0.016606,3.711840,3.293330,1.799266,1.110622,0.616483,1.102197,0.801831,0.749718,3.304942,3.301279,0.798241,4.925840,4.929860,0.004274
2.000056,1,0.000000,0.219584,0.145414,0.000000,0.000000,0.179571,0.280092,0.580450,0.000061,0.000672,0.003236,0.016728,3.719264,3.299826,1.796824,1.104761,0.615750,1.104761,0.801098,0.748644,3.305857,3.302194,0.798241,4.924500,4.937900,0.004274
2.050056,1,0.000000,0.213729,0.148341,0.000000,0.000000,0.180547,0.279116,0.830490,0.000305,0.000672,0.003419,0.016606,3.719264,3.301682,1.798289,1.104394,0.616117,1.104761,0.803296,0.749450,3.306773,3.300363,0.798241,4.925840,4.939240,0.004274
2.100054,1,0.000000,0.211777,0.145414,0.000000,0.000000,0.180547,0.280092,0.589380,0.000305,0.000672,0.003236,0.016484,3.703488,3.291474,1.797800,1.101830,0.611355,1.102929,0.801098,0.749181,3.305857,3.299447,0.797948,4.920480,4.929860,0.005128
2.150056,1,0.000000,0.220560,0.147365,0.000000,0.000000,0.181523,0.283996,0.258970,0.000305,0.000427,0.003419,0.016361,3.697920,3.297970,1.798289,1.103296,0.616117,1.101098,0.800732,0.749181,3.305857,3.300363,0.798241,4.928520,4.935220,0.004274
2.200056,1,0.000000,0.221536,0.146390,0.000000,0.000000,0.178595,0.280092,0.580450,0.000183,0.000672,0.003297,0.016484,3.715552,3.294258,1.798289,1.101830,0.615750,1.102929,0.799633,0.752136,3.305857,3.300363,0.798241,4.919140,4.935220,0.004274
2.250055,1,0.000000,0.212753,0.147365,0.000000,0.000000,0.179571,0.280092,0.258970,0.000305,0.000672,0.003419,0.016117,3.704416,3.291474,1.796824,1.104028,0.616117,1.104761,0.802930,0.748644,3.304942,3.300363,0.797948,4.925840,4.939240,0.004274
2.300056,1,0.000000,0.212753,0.144438,0.000000,0.000000,0.177619,0.280092,0.580450,0.000183,0.000672,0.003419,0.016239,3.719264,3.293330,1.798289,1.102929,0.616483,1.104394,0.799633,0.749450,3.305857,3.302194,0.797948,4.921820,4.929860,0.004274
2.350056,1,0.000000,0.220560,0.147365,0.000000,0.000000,0.178595,0.283020,0.580450,0.000122,0.000672,0.003236,0.016361,3.698848,3.293330,1.797800,1.105494,0.605860,1.099999,0.800732,0.748644,3.304942,3.302194,0.797948,4.924500,4.935220,0.005128
2.400056,1,0.000000,0.212753,0.147365,0.000000,0.000000,0.179571,0.280092,0.571520,0.000305,0.000672,0.003419,0.016606,3.703488,3.293330,1.798289,1.106226,0.615384,1.101464,0.801464,0.749450,3.305857,3.299447,0.797948,4.925840,4.932540,0.005128
2.450056,1,0.000000,0.215681,0.145414,0.000000,0.000000,0.180547,0.283020,0.544730,0.000244,0.000672,0.003419,0.015995,3.711840,3.299826,1.798289,1.104394,0.616117,1.104028,0.801464,0.748913,3.305857,3.300363,0.797948,4.928520,4.939240,0.004274
2.500056,1,0.000000,0.213729,0.147365,0.000000,0.000000,0.192258,0.281068,0.580450,0.000305,0.000672,0.003907,0.016239,3.711840,3.307249,1.797312,1.104761,0.615750,1.104761,0.801831,0.752136,3.305857,3.300363,0.797948,4.919140,4.935220,0.005128
2.550056,1,0.000000,0.215681,0.147365,0.000000,0.000000,0.179571,0.279116,0.509010,0.000305,0.000549,0.003358,0.016361,3.703488,3.298898,1.797800,1.107691,0.616483,1.102929,0.800732,0.749450,3.304942,3.300363,0.797948,4.921820,4.939240,0.004274
2.600055,1,0.000000,0.213729,0.146390,0.000000,0.000000,0.179571,0.278140,0.580450,0.000305,0.000672,0.003419,0.015995,3.704416,3.307249,1.798289,1.106226,0.615750,1.104761,0.799633,0.749181,3.304942,3.300363,0.797948,4.925840,4.929860,0.004274
2.650056,1,0.000976,0.214705,0.147365,0.000000,0.000000,0.177619,0.280092,0.258970,0.000305,0.000549,0.003419,0.015995,3.711840,3.295186,1.797800,1.112087,0.617216,1.101098,0.800732,0.749450,3.304942,3.299447,0.797948,4.928520,4.935220,0.004274
2.700055,1,0.000000,0.211777,0.145414,0.000000,0.000000,0.180547,0.280092,0.580450,0.000305,0.000672,0.003297,0.015995,3.711840,3.294258,1.798777,1.101464,0.615018,1.104761,0.799633,0.749450,3.305857,3.299447,0.797948,4.920480,4.935220,0.004274
2.750056,1,0.000000,0.211777,0.145414,0.000000,0.000000,0.180547,0.281068,0.258970,0.000061,0.000427,0.003236,0.016361,3.703488,3.295186,1.797312,1.109156,0.615750,1.104394,0.801464,0.748913,3.305857,3.300363,0.797948,4.925840,4.935220,0.005128
2.800056,1,0.000976,0.221536,0.146390,0.000000,0.000000,0.179571,0.281068,0.580450,0.000305,0.000672,0.003236,0.016484,3.699776,3.293330,1.798289,1.106592,0.612820,1.105494,0.800732,0.756434,3.305857,3.301279,0.798241,4.919140,4.929860,0.005128
2.850055,1,0.000000,0.220560,0.146390,0.000000,0.000000,0.181523,0.279116,0.821560,0.000305,0.000427,0.003358,0.016361,3.711840,3.293330,1.797800,1.103296,0.615750,1.102929,0.801464,0.749718,3.305857,3.302194,0.798241,4.924500,4.936560,0.005128
2.900055,1,0.000000,0.215681,0.146390,0.000000,0.000000,0.179571,0.281068,0.580450,0.000183,0.000427,0.003358,0.016728,3.715552,3.327664,1.796824,1.110622,0.612820,1.104028,0.800732,0.749181,3.305857,3.302194,0.798241,4.921820,4.935220,0.004274
2.950055,1,0.000000,0.214705,0.144438,0.000000,0.000000,0.176643,0.281068,0.258970,0.000305,0.000672,0.003297,0.015995,3.711840,3.299826,1.798289,1.101464,0.615750,1.104394,0.799633,0.749450,3.307689,3.300363,0.797948,4.925840,4.935220,0.004274
3.000055,1,0.000976,0.276188,0.145414,0.000000,0.000000,0.178595,0.280092,0.580450,0.000305,0.000549,0.003236,0.016606,3.711840,3.311889,1.798289,1.109889,0.612820,1.103296,0.800732,0.747569,3.306773,3.299447,0.797948,4.925840,4.936560,0.004274
3.050056,1,0.000000,0.212753,0.146390,0.000000,0.000000,0.180547,0.281068,0.258970,0.000305,0.000672,0.003419,0.016606,3.703488,3.297970,1.798289,1.107691,0.616483,1.101098,0.802930,0.749181,3.307689,3.300363,0.797948,4.925840,4.939240,0.004274
3.100055,1,0.000000,0.211777,0.146390,0.000000,0.000000,0.177619,0.280092,0.580450,0.000305,0.000672,0.003297,0.016361,3.699776,3.301682,1.797800,1.110622,0.615018,1.102929,0.799633,0.749450,3.304942,3.301279,0.797948,4.916460,4.936560,0.004274
3.150056,1,0.000000,0.209825,0.146390,0.000000,0.000000,0.179571,0.282044,0.258970,0.000305,0.000672,0.003419,0.016361,3.699776,3.298898,1.796824,1.106226,0.617582,1.104394,0.799633,0.749718,3.304942,3.300363,0.797948,4.928520,4.929860,0.004274
3.200056,1,0.000000,0.210801,0.147365,0.000000,0.000000,0.176643,0.281068,0.580450,0.000183,0.000672,0.003358,0.015995,3.711840,3.291474,1.797312,1.102563,0.615750,1.104394,0.799633,0.749450,3.307689,3.301279,0.797948,4.920480,4.936560,0.004274
3.250056,1,0.000000,0.214705,0.146390,0.000000,0.000000,0.179571,0.282044,0.258970,0.000305,0.000549,0.003297,0.016361,3.711840,3.301682,1.798777,1.109156,0.616117,1.102929,0.801098,0.749987,3.305857,3.300363,0.797655,4.928520,4.939240,0.004274
3.300056,1,0.000000,0.212753,0.146390,0.000000,0.000000,0.184451,0.279116,0.580450,0.000305,0.000427,0.003358,0.015995,3.696064,3.301682,1.797312,1.101464,0.615750,1.101098,0.801831,0.747569,3.305857,3.299447,0.797948,4.923160,4.937900,0.004274
3.350056,1,0.000976,0.213729,0.144438,0.000000,0.000000,0.200066,0.282044,0.830490,0.000305,0.000549,0.003358,0.015995,3.711840,3.325809,1.797312,1.103296,0.606227,1.106226,0.799633,0.749450,3.304026,3.300363,0.797948,4.928520,4.939240,0.004274
3.400055,1,0.000000,0.211777,0.146390,0.000000,0.000000,0.181523,0.281068,0.580450,0.000183,0.000549,0.003297,0.016484,3.700704,3.294258,1.798289,1.101830,0.616117,1.102929,0.800732,0.749450,3.305857,3.300363,0.798241,4.931200,4.941920,0.004274
3.450056,1,0.000000,0.220560,0.147365,0.000000,0.000000,0.176643,0.281068,0.473290,0.000061,0.000672,0.003358,0.016239,3.710912,3.294258,1.797800,1.107691,0.616483,1.104028,0.802930,0.749450,3.305857,3.299447,0.797948,4.928520,4.939240,0.004274
3.500056,1,0.000976,0.219584,0.146390,0.000000,0.000000,0.178595,0.281068,0.580450,0.000305,0.000427,0.003236,0.015995,3.703488,3.293330,1.798289,1.105860,0.615750,1.102929,0.800732,0.749450,3.306773,3.299447,0.797655,4.913780,4.936560,0.004274
3.550056,1,0.000000,0.214705,0.146390,0.000000,0.000000,0.178595,0.282044,0.410780,0.000183,0.000672,0.003358,0.015995,3.711840,3.293330,1.797312,1.103296,0.616483,1.102929,0.801831,0.748644,3.305857,3.300363,0.798241,4.919140,4.939240,0.004274
3.600056,1,0.000000,0.215681,0.156149,0.000000,0.000000,0.177619,0.283020,0.580450,0.000305,0.000549,0.003358,0.016728,3.711840,3.301682,1.797312,1.107691,0.614285,1.104028,0.802930,0.749450,3.304942,3.299447,0.797948,4.921820,4.935220,0.004274
3.650056,1,0.000000,0.216657,0.145414,0.000000,0.000000,0.177619,0.281068,0.267900,0.000183,0.001038,0.003358,0.016484,3.696064,3.299826,1.797312,1.101464,0.616117,1.101098,0.800732,0.749718,3.304026,3.301279,0.797948,4.925840,4.932540,0.004274
3.700055,1,0.000000,0.212753,0.146390,0.000000,0.000000,0.180547,0.279116,0.580450,0.000183,0.000672,0.003297,0.016361,3.704416,3.301682,1.797312,1.104028,0.616483,1.105127,0.799633,0.749450,3.304942,3.300363,0.797948,4.925840,4.937900,0.004274
3.750055,1,0.000976,0.212753,0.148341,0.000000,0.000000,0.179571,0.279116,0.687610,0.000549,0.000672,0.003297,0.016484,3.711840,3.307249,1.796824,1.101830,0.616849,1.102929,0.800732,0.749181,3.304942,3.301279,0.797948,4.927180,4.936560,0.004274
3.800055,1,0.000000,0.212753,0.145414,0.000000,0.000000,0.180547,0.282044,0.580450,0.000244,0.000549,0.003419,0.016239,3.711840,3.293330,1.798289,1.107691,0.613919,1.102929,0.800732,0.749181,3.305857,3.300363,0.797948,4.928520,4.937900,0.004274
3.850056,1,0.001952,0.213729,0.146390,0.000000,0.000000,0.179571,0.281068,0.250040,0.000183,0.001038,0.003297,0.016117,3.696064,3.307249,1.797800,1.102197,0.615750,1.100732,0.798900,0.749450,3.305857,3.299447,0.797948,4.925840,4.939240,0.004274
3.900055,1,0.000976,0.214705,0.145414,0.000000,0.000000,0.181523,0.279116,0.580450,0.000305,0.000672,0.003297,0.016484,3.704416,3.299826,1.798289,1.104761,0.615750,1.104761,0.800732,0.749181,3.306773,3.301279,0.798241,4.921820,4.929860,0.005128
3.950055,1,0.000000,0.213729,0.147365,0.000000,0.000000,0.200066,0.281068,0.830490,0.000305,0.000672,0.003419,0.016361,3.719264,3.293330,1.798289,1.104028,0.615750,1.102929,0.799633,0.749181,3.305857,3.301279,0.797655,4.924500,4.936560,0.004274
4.000055,1,0.000976,0.214705,0.146390,0.000000,0.000000,0.198114,0.280092,0.580450,0.000183,0.000427,0.003358,0.016606,3.710912,3.357359,1.796824,1.104761,0.615018,1.102929,0.800365,0.749181,3.304942,3.300363,0.797948,4.928520,4.935220,0.005128
4.050056,1,0.000000,0.213729,0.148341,0.000000,0.000000,0.179571,0.281068,0.258970,0.000305,0.000672,0.003297,0.016361,3.703488,3.298898,1.796824,1.104394,0.615750,1.100732,0.801831,0.749450,3.305857,3.301279,0.797948,4.925840,4.939240,0.004274
4.100056,1,0.000000,0.221536,0.145414,0.000000,0.000000,0.179571,0.282044,0.580450,0.000305,0.000549,0.003358,0.016361,3.711840,3.301682,1.798289,1.101464,0.615750,1.104761,0.799633,0.748913,3.303110,3.302194,0.798241,4.921820,4.939240,0.004274
4.150056,1,0.000000,0.213729,0.148341,0.000000,0.000000,0.179571,0.281068,0.258970,0.000305,0.000672,0.003297,0.016484,3.700704,3.301682,1.797800,1.104394,0.610622,1.101098,0.800732,0.749450,3.305857,3.300363,0.798241,4.928520,4.935220,0.004274
4.200056,1,0.000000,0.213729,0.147365,0.000000,0.000000,0.179571,0.282044,0.580450,0.000244,0.000733,0.003419,0.016361,3.710912,3.357359,1.796824,1.104761,0.617216,1.099999,0.801098,0.749181,3.306773,3.299447,0.797948,4.919140,4.939240,0.005128
4.250056,1,0.000000,0.213729,0.145414,0.000000,0.000000,0.180547,0.280092,0.258970,0.000305,0.000427,0.003358,0.016117,3.703488,3.291474,1.798289,1.108424,0.615750,1.102197,0.801098,0.749181,3.305857,3.300363,0.797948,4.931200,4.929860,0.004274
4.300055,1,0.000000,0.215681,0.144438,0.000000,0.000000,0.179571,0.280092,0.580450,0.000061,0.000672,0.003358,0.016850,3.700704,3.357359,1.796824,1.104394,0.615750,1.105494,0.801831,0.749987,3.305857,3.302194,0.797948,4.924500,4.935220,0.004274
4.350056,1,0.000976,0.213729,0.144438,0.000000,0.000000,0.180547,0.279116,0.473290,0.000061,0.000672,0.003297,0.016361,3.699776,3.294258,1.797800,1.101464,0.604761,1.101098,0.799633,0.749718,3.305857,3.300363,0.797948,4.915120,4.936560,0.004274
4.400056,1,0.000976,0.213729,0.146390,0.000000,0.000000,0.181523,0.281068,0.580450,0.000244,0.000549,0.003358,0.015995,3.703488,3.301682,1.798289,1.104761,0.615384,1.101098,0.801464,0.749450,3.305857,3.299447,0.797948,4.925840,4.929860,0.004274
4.450058,1,0.000000,0.209825,0.144438,0.000000,0.000000,0.178595,0.279116,0.580450,0.000183,0.000427,0.003358,0.016606,3.704416,3.301682,1.797312,1.107691,0.615384,1.101464,0.800732,0.749450,3.304026,3.301279,0.797948,4.919140,4.935220,0.004274
4.500056,1,0.000976,0.214705,0.146390,0.000000,0.000000,0.178595,0.279116,0.580450,0.000305,0.000427,0.003236,0.015995,3.699776,3.295186,1.798289,1.101830,0.615018,1.104761,0.800732,0.749718,3.305857,3.300363,0.798241,4.924500,4.935220,0.004274
4.550056,1,0.000000,0.212753,0.147365,0.000000,0.000000,0.177619,0.282044,0.258970,0.000977,0.000672,0.003358,0.015995,3.698848,3.327664,1.796824,1.101830,0.616483,1.101098,0.800732,0.749181,3.303110,3.300363,0.797948,4.919140,4.936560,0.004274
4.600056,1,0.000000,0.210801,0.144438,0.000000,0.000000,0.200066,0.280092,0.571520,0.000305,0.000672,0.003419,0.016361,3.704416,3.319313,1.797800,1.102197,0.615018,1.101098,0.801464,0.749718,3.304942,3.300363,0.797655,4.913780,4.935220,0.004274
4.650054,1,0.000000,0.211777,0.144438,0.000000,0.000000,0.194210,0.280092,0.258970,0.000305,0.000672,0.003297,0.015995,3.699776,3.298898,1.798289,1.101464,0.615750,1.101464,0.800732,0.749450,3.304942,3.300363,0.797948,4.925840,4.936560,0.004274
4.700055,1,0.000976,0.212753,0.148341,0.000000,0.000000,0.180547,0.281068,0.580450,0.000244,0.000549,0.003297,0.016361,3.704416,3.293330,1.798289,1.102929,0.615750,1.101098,0.798900,0.748913,3.305857,3.300363,0.797948,4.925840,4.935220,0.004274
4.750056,1,0.000000,0.214705,0.146390,0.000000,0.000000,0.178595,0.281068,0.258970,0.000061,0.000672,0.003236,0.015995,3.697920,3.301682,1.798289,1.104394,0.615018,1.104761,0.800732,0.749181,3.304942,3.301279,0.797948,4.927180,4.937900,0.004274
4.800055,1,0.000000,0.212753,0.146390,0.000000,0.000000,0.178595,0.280092,0.580450,0.000061,0.000427,0.003297,0.016239,3.710912,3.307249,1.798289,1.101464,0.616117,1.101464,0.801831,0.748913,3.306773,3.301279,0.797948,4.920480,4.939240,0.004274
4.850056,1,0.000000,0.213729,0.147365,0.000000,0.000000,0.178595,0.281068,0.839420,0.000183,0.000427,0.003175,0.016606,3.704416,3.298898,1.797800,1.101830,0.613552,1.101464,0.800732,0.749450,3.304942,3.300363,0.797948,4.925840,4.929860,0.004274
4.900056,1,0.000000,0.218608,0.145414,0.000000,0.000000,0.179571,0.281068,0.580450,0.000305,0.000672,0.003297,0.015995,3.719264,3.298898,1.796824,1.102929,0.616117,1.104028,0.798900,0.748913,3.304942,3.301279,0.797948,4.925840,4.939240,0.004274
4.950056,1,0.000000,0.225440,0.143462,0.000000,0.000000,0.178595,0.282044,0.401850,0.000305,0.000549,0.003358,0.016239,3.697920,3.301682,1.797312,1.104394,0.613919,1.102929,0.798900,0.748644,3.304942,3.300363,0.797948,4.921820,4.939240,0.004274
5.000055,1,0.000000,0.214705,0.145414,0.000000,0.000000,0.181523,0.279116,0.580450,0.000305,0.000549,0.003419,0.015873,3.711840,3.293330,1.798289,1.104761,0.616117,1.105127,0.800365,0.749450,3.304942,3.300363,0.797948,4.919140,4.935220,0.004274
5.050056,1,0.000000,0.214705,0.146390,0.000000,0.000000,0.178595,0.280092,0.267900,0.000305,0.000549,0.003358,0.016239,3.711840,3.293330,1.798777,1.101830,0.616483,1.101098,0.799633,0.749718,3.305857,3.300363,0.797948,4.928520,4.929860,0.004274
5.100056,1,0.000976,0.210801,0.146390,0.000000,0.000000,0.178595,0.284972,0.580450,0.000305,0.000549,0.003358,0.016484,3.711840,3.301682,1.797800,1.104394,0.616117,1.104394,0.800732,0.749181,3.305857,3.302194,0.798241,4.924500,4.939240,0.004274
5.150054,1,0.000000,0.212753,0.144438,0.000000,0.000000,0.179571,0.280092,0.258970,0.000305,0.000672,0.003358,0.016361,3.711840,3.301682,1.798289,1.108058,0.616849,1.102197,0.801464,0.748913,3.307689,3.300363,0.797948,4.928520,4.937900,0.004274
5.200056,1,0.000000,0.213729,0.146390,0.000000,0.000000,0.179571,0.283020,0.580450,0.000183,0.000977,0.003297,0.016484,3.702560,3.301682,1.797800,1.110622,0.614651,1.100732,0.800732,0.749450,3.304942,3.300363,0.797948,4.925840,4.939240,0.004274
5.250056,1,0.000000,0.211777,0.147365,0.000000,0.000000,0.194210,0.281068,0.267900,0.000183,0.000672,0.003419,0.016117,3.698848,3.293330,1.797800,1.101830,0.616483,1.102929,0.800732,0.749181,3.305857,3.300363,0.798241,4.919140,4.939240,0.004274
5.300056,1,0.000000,0.212753,0.144438,0.000000,0.000000,0.190306,0.281068,0.580450,0.000305,0.000672,0.003358,0.016606,3.711840,3.298898,1.796824,1.102929,0.616117,1.104394,0.801831,0.749718,3.304942,3.300363,0.797655,4.920480,4.937900,0.004274
5.350056,1,0.000000,0.213729,0.147365,0.000000,0.000000,0.176643,0.281068,0.151810,0.000183,0.000672,0.003358,0.015995,3.697920,3.298898,1.799266,1.109156,0.606227,1.101464,0.799633,0.749987,3.304942,3.301279,0.797948,4.927180,4.935220,0.004274
5.400056,1,0.001952,0.210801,0.144438,0.000000,0.000000,0.178595,0.282044,0.580450,0.000244,0.000549,0.003297,0.016117,3.699776,3.298898,1.797800,1.107691,0.616483,1.104761,0.800732,0.749718,3.304942,3.299447,0.797655,4.913780,4.936560,0.004274
5.450056,1,0.000976,0.214705,0.147365,0.000000,0.000000,0.201042,0.282044,0.589380,0.000305,0.000977,0.003419,0.016606,3.711840,3.293330,1.798289,1.104394,0.615018,1.104028,0.802930,0.749181,3.305857,3.300363,0.797362,4.925840,4.935220,0.004274
5.500056,1,0.000976,0.212753,0.146390,0.000000,0.000000,0.179571,0.282044,0.589380,0.000305,0.000672,0.003297,0.015995,3.704416,3.298898,1.797800,1.104394,0.617582,1.102929,0.800365,0.748913,3.304942,3.300363,0.797948,4.919140,4.929860,0.004274
5.550056,1,0.000000,0.224464,0.146390,0.000000,0.000000,0.177619,0.281068,0.267900,0.000305,0.000549,0.003297,0.015995,3.719264,3.325809,1.795847,1.101830,0.616483,1.104761,0.799633,0.756434,3.304026,3.299447,0.797948,4.925840,4.935220,0.004274
5.600055,1,0.000000,0.292779,0.145414,0.000000,0.000000,0.179571,0.280092,0.580450,0.000183,0.000672,0.003236,0.015995,3.704416,3.291474,1.796824,1.101464,0.608424,1.105127,0.800732,0.748644,3.304942,3.300363,0.797655,4.917800,4.935220,0.004274
5.650056,1,0.000000,0.213729,0.147365,0.000000,0.000000,0.180547,0.281068,0.303620,0.000183,0.000672,0.003358,0.015995,3.697920,3.301682,1.796824,1.110622,0.615018,1.105127,0.800732,0.748644,3.305857,3.302194,0.797948,4.924500,4.936560,0.004274
5.700056,1,0.000976,0.209825,0.146390,0.000000,0.000000,0.178595,0.279116,0.580450,0.000183,0.000672,0.003236,0.016239,3.703488,3.299826,1.796824,1.107691,0.616117,1.102929,0.799633,0.749987,3.304942,3.301279,0.797948,4.921820,4.939240,0.004274
5.750055,1,0.000000,0.211777,0.145414,0.000000,0.000000,0.181523,0.282044,0.571520,0.000305,0.000427,0.003358,0.016239,3.704416,3.327664,1.797800,1.107691,0.616483,1.102929,0.799633,0.748913,3.305857,3.299447,0.797948,4.928520,4.939240,0.004274
5.800056,1,0.000000,0.213729,0.146390,0.000000,0.000000,0.178595,0.279116,0.580450,0.000305,0.000549,0.003297,0.016239,3.711840,3.293330,1.797800,1.107325,0.615384,1.105494,0.802930,0.749181,3.307689,3.300363,0.797948,4.927180,4.936560,0.004274
5.850056,1,0.000000,0.211777,0.147365,0.000000,0.000000,0.178595,0.278140,0.830490,0.000061,0.000427,0.003358,0.016484,3.697920,3.293330,1.797312,1.107691,0.615384,1.102929,0.800732,0.748913,3.304942,3.299447,0.797948,4.925840,4.935220,0.004274
5.900056,1,0.000000,0.209825,0.147365,0.000000,0.000000,0.190306,0.281068,0.580450,0.000305,0.000427,0.003236,0.016606,3.703488,3.295186,1.798289,1.109889,0.616483,1.104761,0.801831,0.749450,3.304942,3.299447,0.797948,4.925840,4.935220,0.004274
5.950056,1,0.000000,0.210801,0.145414,0.000000,0.000000,0.191282,0.283020,0.258970,0.000305,0.000672,0.003358,0.016239,3.713696,3.325809,1.797800,1.103296,0.613552,1.104761,0.798900,0.748644,3.305857,3.300363,0.798241,4.919140,4.939240,0.004274
6.000056,1,0.000000,0.212753,0.147365,0.000000,0.000000,0.178595,0.280092,0.580450,0.000305,0.000672,0.003419,0.016606,3.711840,3.303538,1.797800,1.106226,0.616483,1.101098,0.801464,0.749450,3.305857,3.300363,0.797948,4.925840,4.939240,0.004274
6.050056,1,0.000000,0.213729,0.146390,0.000000,0.000000,0.180547,0.280092,0.473290,0.000305,0.000672,0.003297,0.016239,3.704416,3.293330,1.798289,1.101464,0.615750,1.102929,0.800732,0.749450,3.307689,3.301279,0.797948,4.923160,4.935220,0.004274
6.100055,1,0.000000,0.211777,0.146390,0.000000,0.000000,0.179571,0.280092,0.580450,0.000305,0.000549,0.003236,0.015995,3.703488,3.301682,1.798289,1.102197,0.615018,1.104028,0.800732,0.749987,3.304942,3.301279,0.797948,4.924500,4.935220,0.004274
6.150056,1,0.000000,0.215681,0.147365,0.000000,0.000000,0.177619,0.282044,0.267900,0.000305,0.000672,0.003297,0.016606,3.704416,3.327664,1.796824,1.101830,0.616117,1.100732,0.799633,0.749181,3.307689,3.300363,0.797948,4.928520,4.935220,0.004274
6.200055,1,0.000000,0.226416,0.147365,0.000000,0.000000,0.178595,0.279116,0.580450,0.000305,0.000672,0.003419,0.016239,3.726687,3.327664,1.798777,1.109156,0.612087,1.104394,0.801098,0.749181,3.305857,3.300363,0.798241,4.924500,4.936560,0.004274
6.250056,1,0.000976,0.231295,0.146390,0.000000,0.000000,0.180547,0.281068,0.267900,0.000183,0.000672,0.003297,0.016606,3.711840,3.292402,1.796824,1.102929,0.616483,1.104028,0.798900,0.749450,3.304942,3.299447,0.797948,4.925840,4.936560,0.004274
6.300056,1,0.000000,0.213729,0.145414,0.000000,0.000000,0.180547,0.279116,0.580450,0.000305,0.000672,0.003297,0.016361,3.697920,3.297970,1.796824,1.107691,0.617582,1.101464,0.798900,0.749181,3.305857,3.301279,0.797948,4.919140,4.939240,0.004274
6.350055,1,0.000000,0.213729,0.144438,0.000000,0.000000,0.179571,0.280092,0.258970,0.000183,0.000672,0.003297,0.016117,3.711840,3.301682,1.797800,1.102197,0.601831,1.100732,0.799999,0.749450,3.305857,3.300363,0.797948,4.928520,4.936560,0.004274
6.400055,1,0.000976,0.214705,0.146390,0.000000,0.000000,0.178595,0.280092,0.580450,0.000061,0.000427,0.003236,0.016606,3.704416,3.293330,1.798289,1.103296,0.616117,1.104028,0.800732,0.749450,3.305857,3.300363,0.797655,4.928520,4.941920,0.005128
6.450056,1,0.000000,0.214705,0.146390,0.000000,0.000000,0.178595,0.281068,0.258970,0.000244,0.000672,0.003419,0.016117,3.696993,3.295186,1.798777,1.107691,0.616483,1.102929,0.799633,0.748913,3.306773,3.300363,0.798241,4.927180,4.935220,0.004274
6.500056,1,0.000976,0.213729,0.147365,0.000000,0.000000,0.179571,0.280092,0.580450,0.000244,0.000549,0.003114,0.016850,3.726687,3.327664,1.796824,1.107691,0.615750,1.100732,0.800732,0.749450,3.306773,3.301279,0.797655,4.925840,4.929860,0.004274
6.550059,1,0.000000,0.210801,0.146390,0.000000,0.000000,0.187379,0.280092,0.151810,0.000305,0.000672,0.003358,0.015995,3.697920,3.298898,1.797800,1.103296,0.615750,1.104761,0.801831,0.749450,3.304942,3.300363,0.797948,4.928520,4.936560,0.004274
6.600056,1,0.000000,0.212753,0.148341,0.000000,0.000000,0.189330,0.282044,0.580450,0.000244,0.000672,0.003419,0.016117,3.699776,3.292402,1.798289,1.103296,0.615018,1.102929,0.799633,0.749718,3.307689,3.300363,0.798241,4.919140,4.935220,0.004274
6.650056,1,0.000000,0.214705,0.147365,0.000000,0.000000,0.178595,0.280092,0.544730,0.000183,0.000672,0.003236,0.016606,3.703488,3.307249,1.798289,1.110622,0.616117,1.101464,0.798900,0.752136,3.304942,3.301279,0.798241,4.927180,4.935220,0.004274
6.700055,1,0.000000,0.212753,0.146390,0.000000,0.000000,0.180547,0.281068,0.580450,0.000244,0.000549,0.003358,0.016117,3.711840,3.289618,1.797800,1.102197,0.616849,1.104028,0.800732,0.749450,3.304942,3.302194,0.798241,4.924500,4.935220,0.004274
6.750056,1,0.000000,0.213729,0.147365,0.000000,0.000000,0.177619,0.281068,0.267900,0.000305,0.000427,0.003297,0.016117,3.771229,3.293330,1.796824,1.104761,0.613552,1.102929,0.799267,0.748913,3.304942,3.299447,0.797948,4.925840,4.935220,0.004274
6.800056,1,0.000000,0.213729,0.148341,0.000000,0.000000,0.177619,0.282044,0.580450,0.000244,0.000672,0.003419,0.016361,3.703488,3.294258,1.798289,1.108424,0.615750,1.102929,0.799633,0.749987,3.305857,3.302194,0.797948,4.919140,4.936560,0.004274
6.850056,1,0.000000,0.220560,0.145414,0.000000,0.000000,0.179571,0.280092,0.517940,0.000183,0.000427,0.003358,0.016361,3.719264,3.295186,1.798289,1.101830,0.615018,1.101098,0.800732,0.748913,3.306773,3.304026,0.797948,4.925840,4.939240,0.004274
6.900055,1,0.000976,0.223488,0.147365,0.000000,0.000000,0.180547,0.280092,0.580450,0.000061,0.000672,0.003297,0.016361,3.704416,3.301682,1.798777,1.104761,0.614651,1.102929,0.798900,0.749718,3.305857,3.300363,0.797948,4.924500,4.936560,0.005128
6.950056,1,0.000000,0.212753,0.147365,0.000000,0.000000,0.178595,0.281068,0.258970,0.000305,0.000672,0.003236,0.016361,3.703488,3.299826,1.798777,1.104394,0.615750,1.104761,0.799633,0.749450,3.305857,3.300363,0.797362,4.924500,4.932540,0.004274
7.000055,1,0.000000,0.214705,0.146390,0.000000,0.000000,0.178595,0.279116,0.580450,0.000061,0.000672,0.003236,0.016728,3.697920,3.311889,1.797312,1.101464,0.612820,1.102929,0.801098,0.749450,3.304942,3.300363,0.797948,4.917800,4.935220,0.004274
7.050055,1,0.000000,0.213729,0.146390,0.000000,0.000000,0.179571,0.280092,0.473290,0.000183,0.000427,0.003358,0.015751,3.699776,3.327664,1.796824,1.107691,0.616483,1.102563,0.800732,0.748913,3.305857,3.300363,0.797948,4.928520,4.939240,0.004274
7.100056,1,0.000000,0.212753,0.147365,0.000000,0.000000,0.178595,0.278140,0.580450,0.000061,0.000672,0.003358,0.016728,3.696993,3.301682,1.796335,1.107691,0.616483,1.103662,0.802930,0.748913,3.303110,3.299447,0.797948,4.921820,4.935220,0.004274
7.150056,1,0.000000,0.211777,0.146390,0.000000,0.000000,0.180547,0.283996,0.830490,0.000183,0.000672,0.003358,0.016484,3.699776,3.301682,1.797312,1.101830,0.616483,1.100732,0.799633,0.748913,3.305857,3.299447,0.797948,4.925840,4.939240,0.004274
7.200055,1,0.000000,0.213729,0.147365,0.000000,0.000000,0.190306,0.279116,0.580450,0.000305,0.000672,0.003419,0.015995,3.726687,3.295186,1.797312,1.102929,0.616117,1.101098,0.800365,0.749450,3.305857,3.300363,0.797655,4.928520,4.937900,0.004274
7.250055,1,0.000000,0.214705,0.148341,0.000000,0.000000,0.190306,0.278140,0.258970,0.000183,0.000672,0.003297,0.016606,3.710912,3.295186,1.797312,1.105494,0.616483,1.102929,0.801831,0.752136,3.306773,3.299447,0.797948,4.927180,4.937900,0.005128
7.300055,1,0.000000,0.211777,0.146390,0.000000,0.000000,0.179571,0.279116,0.571520,0.000244,0.000672,0.003358,0.016361,3.699776,3.301682,1.798289,1.107691,0.614651,1.104761,0.799633,0.749450,3.304942,3.299447,0.797948,4.919140,4.936560,0.004274
7.350056,1,0.000000,0.215681,0.145414,0.000000,0.000000,0.180547,0.280092,0.258970,0.000183,0.000672,0.003297,0.016606,3.704416,3.301682,1.798289,1.102929,0.604395,1.104761,0.801098,0.749450,3.304942,3.300363,0.797948,4.928520,4.936560,0.004274
7.400055,1,0.000000,0.213729,0.147365,0.000000,0.000000,0.179571,0.280092,0.580450,0.000244,0.000549,0.003358,0.015507,3.697920,3.311889,1.797800,1.102197,0.615750,1.104028,0.802930,0.749181,3.305857,3.300363,0.798241,4.928520,4.935220,0.004274
7.450056,1,0.000000,0.213729,0.146390,0.000000,0.000000,0.178595,0.281068,0.473290,0.000244,0.000672,0.003358,0.016606,3.699776,3.299826,1.797800,1.101830,0.615384,1.101098,0.803296,0.748644,3.305857,3.300363,0.798241,4.924500,4.936560,0.004274
7.500056,1,0.000000,0.221536,0.145414,0.000000,0.000000,0.178595,0.283020,0.580450,0.000244,0.000549,0.003358,0.016484,3.721120,3.292402,1.798289,1.101830,0.615384,1.100732,0.801464,0.749181,3.304942,3.302194,0.798241,4.924500,4.935220,0.004274
7.550056,1,0.000000,0.215681,0.147365,0.000000,0.000000,0.180547,0.282044,0.580450,0.000061,0.000427,0.003297,0.015995,3.711840,3.307249,1.797312,1.101464,0.616117,1.102929,0.800732,0.748644,3.305857,3.299447,0.797655,4.927180,4.936560,0.004274
7.600056,1,0.000000,0.213729,0.147365,0.000000,0.000000,0.179571,0.282044,0.571520,0.000183,0.000672,0.003297,0.016361,3.699776,3.307249,1.798777,1.101830,0.616117,1.104394,0.801831,0.749450,3.304942,3.300363,0.797948,4.925840,4.936560,0.004274
7.650055,1,0.000000,0.212753,0.147365,0.000000,0.000000,0.178595,0.280092,0.267900,0.000183,0.000672,0.003297,0.016361,3.726687,3.295186,1.798777,1.101464,0.615750,1.104028,0.801098,0.749181,3.306773,3.300363,0.797948,4.928520,4.937900,0.004274
7.700056,1,0.000000,0.214705,0.145414,0.000000,0.000000,0.178595,0.282044,0.580450,0.000305,0.000672,0.003175,0.016239,3.696993,3.293330,1.797800,1.107691,0.615384,1.103662,0.799633,0.749450,3.305857,3.299447,0.797948,4.921820,4.939240,0.004274
7.750055,1,0.000000,0.212753,0.146390,0.000000,0.000000,0.178595,0.280092,0.258970,0.000305,0.000672,0.003175,0.016606,3.703488,3.293330,1.798289,1.107325,0.614285,1.103296,0.800365,0.749718,3.305857,3.300363,0.798241,4.919140,4.935220,0.004274
7.800056,1,0.000000,0.214705,0.144438,0.000000,0.000000,0.179571,0.282044,0.580450,0.000305,0.000549,0.003419,0.016606,3.697920,3.292402,1.798289,1.102197,0.613552,1.100732,0.800365,0.749718,3.305857,3.300363,0.797948,4.919140,4.939240,0.004274
7.850056,1,0.000000,0.214705,0.146390,0.000000,0.000000,0.190306,0.281068,0.267900,0.000977,0.000672,0.003175,0.016361,3.708128,3.299826,1.798289,1.101464,0.616117,1.104761,0.801831,0.749181,3.305857,3.300363,0.797655,4.924500,4.939240,0.004274
7.900055,1,0.000000,0.212753,0.146390,0.000000,0.000000,0.189330,0.280092,0.580450,0.000244,0.000672,0.003419,0.015995,3.726687,3.293330,1.798289,1.102197,0.615750,1.104761,0.799633,0.749987,3.305857,3.299447,0.797948,4.921820,4.939240,0.004274
7.950055,1,0.001952,0.215681,0.146390,0.000000,0.000000,0.178595,0.279116,0.267900,0.000183,0.000427,0.003358,0.015751,3.719264,3.327664,1.797312,1.103296,0.615384,1.106226,0.800365,0.749181,3.305857,3.300363,0.797948,4.928520,4.933880,0.004274
8.000055,1,0.000000,0.213729,0.145414,0.000000,0.000000,0.181523,0.278140,0.589380,0.000061,0.000672,0.003236,0.016239,3.717408,3.293330,1.798777,1.107691,0.612087,1.100732,0.798900,0.749181,3.305857,3.299447,0.797948,4.921820,4.935220,0.004274
8.050055,1,0.000000,0.213729,0.146390,0.000000,0.000000,0.180547,0.280092,0.258970,0.000305,0.000549,0.003297,0.016239,3.711840,3.301682,1.798777,1.104761,0.615750,1.101098,0.800732,0.749450,3.304942,3.300363,0.797948,4.927180,4.939240,0.004274
8.100056,1,0.000000,0.214705,0.143462,0.000000,0.000000,0.179571,0.282044,0.571520,0.000244,0.000672,0.003419,0.016606,3.719264,3.293330,1.797312,1.101464,0.616483,1.101464,0.800732,0.749718,3.306773,3.299447,0.797362,4.925840,4.937900,0.005128
8.150056,1,0.000000,0.218608,0.148341,0.000000,0.000000,0.179571,0.280092,0.258970,0.000977,0.000672,0.003114,0.015751,3.715552,3.293330,1.797312,1.101830,0.616483,1.106226,0.799633,0.749450,3.305857,3.299447,0.797948,4.925840,4.937900,0.004274
8.200056,1,0.000000,0.222512,0.146390,0.000000,0.000000,0.178595,0.281068,0.580450,0.000244,0.000549,0.003236,0.016606,3.711840,3.292402,1.796824,1.110622,0.616483,1.100732,0.801098,0.749181,3.306773,3.301279,0.798241,4.919140,4.939240,0.004274
8.250056,1,0.000000,0.212753,0.147365,0.000000,0.000000,0.180547,0.279116,0.258970,0.000183,0.000672,0.003297,0.016850,3.719264,3.298898,1.797312,1.104761,0.615750,1.104761,0.802930,0.748913,3.304942,3.299447,0.797948,4.925840,4.939240,0.004274
8.300056,1,0.000000,0.214705,0.144438,0.000000,0.000000,0.179571,0.279116,0.580450,0.000305,0.000427,0.003358,0.015995,3.704416,3.299826,1.798777,1.108424,0.615750,1.104394,0.800732,0.749450,3.304026,3.300363,0.797948,4.925840,4.936560,0.004274
8.350056,1,0.000000,0.213729,0.147365,0.000000,0.000000,0.180547,0.279116,0.258970,0.000061,0.001038,0.003297,0.016239,3.715552,3.301682,1.797312,1.108424,0.605128,1.103662,0.801464,0.756434,3.304942,3.300363,0.797948,4.925840,4.939240,0.004274
8.400056,1,0.000000,0.212753,0.147365,0.000000,0.000000,0.180547,0.281068,0.580450,0.000488,0.000672,0.003236,0.016484,3.704416,3.307249,1.798289,1.101830,0.615750,1.105494,0.800365,0.749450,3.305857,3.300363,0.797948,4.925840,4.936560,0.004274
8.450056,1,0.000000,0.215681,0.147365,0.000000,0.000000,0.181523,0.280092,0.294690,0.000061,0.000672,0.003236,0.016606,3.711840,3.298898,1.797800,1.106226,0.615384,1.100732,0.801098,0.748644,3.304942,3.300363,0.797948,4.924500,4.937900,0.005128
8.500056,1,0.000000,0.211777,0.147365,0.000000,0.000000,0.188355,0.280092,0.580450,0.000305,0.000549,0.003480,0.016361,3.719264,3.295186,1.796824,1.112087,0.616117,1.102197,0.801464,0.749181,3.305857,3.300363,0.798241,4.919140,4.937900,0.005128
8.550056,1,0.000000,0.213729,0.144438,0.000000,0.000000,0.179571,0.279116,0.580450,0.000183,0.000427,0.003297,0.016361,3.710912,3.307249,1.798289,1.101830,0.615750,1.101464,0.800365,0.749181,3.304942,3.299447,0.797948,4.928520,4.935220,0.004274
8.600055,1,0.000000,0.212753,0.146390,0.000000,0.000000,0.179571,0.280092,0.580450,0.000244,0.000672,0.003419,0.016606,3.719264,3.293330,1.798289,1.104761,0.615384,1.102929,0.799633,0.749987,3.305857,3.299447,0.798241,4.924500,4.936560,0.004274
8.650056,1,0.000000,0.215681,0.146390,0.000000,0.000000,0.176643,0.282044,0.267900,0.000366,0.000672,0.003358,0.016606,3.700704,3.299826,1.798289,1.107691,0.615750,1.104394,0.800732,0.749450,3.306773,3.300363,0.797948,4.928520,4.935220,0.004274
8.700056,1,0.000000,0.216657,0.146390,0.000000,0.000000,0.178595,0.281068,0.580450,0.000061,0.000672,0.003297,0.016606,3.710912,3.303538,1.797800,1.107691,0.615018,1.102197,0.799633,0.749450,3.304942,3.300363,0.798241,4.919140,4.935220,0.004274
8.750055,1,0.000000,0.276188,0.147365,0.000000,0.000000,0.179571,0.282044,0.544730,0.000183,0.000672,0.003175,0.016484,3.699776,3.298898,1.796824,1.104394,0.616483,1.104761,0.800365,0.748913,3.305857,3.299447,0.797948,4.925840,4.929860,0.004274
8.800055,1,0.000000,0.219584,0.148341,0.000000,0.000000,0.178595,0.281068,0.580450,0.000183,0.000672,0.003297,0.016606,3.711840,3.303538,1.798777,1.102197,0.615750,1.104761,0.800732,0.748913,3.304942,3.299447,0.797948,4.921820,4.936560,0.004274
8.850056,1,0.000976,0.219584,0.146390,0.000000,0.000000,0.178595,0.280092,0.267900,0.000183,0.000427,0.003358,0.016361,3.710912,3.291474,1.798289,1.106226,0.616483,1.102197,0.800732,0.749987,3.304026,3.300363,0.797948,4.925840,4.939240,0.004274
8.900056,1,0.000000,0.214705,0.145414,0.000000,0.000000,0.180547,0.281068,0.580450,0.000305,0.000672,0.003358,0.016728,3.715552,3.327664,1.796824,1.101464,0.614285,1.104028,0.800732,0.748913,3.304942,3.301279,0.797948,4.925840,4.939240,0.004274
8.950056,1,0.000000,0.215681,0.147365,0.000000,0.000000,0.178595,0.283020,0.258970,0.000061,0.000672,0.003297,0.016361,3.697920,3.301682,1.797800,1.104761,0.614651,1.104761,0.800732,0.749450,3.306773,3.299447,0.797948,4.927180,4.939240,0.004274
9.000055,1,0.000000,0.213729,0.146390,0.000000,0.000000,0.179571,0.282044,0.580450,0.000183,0.000427,0.003175,0.016361,3.704416,3.301682,1.796824,1.101830,0.615750,1.105127,0.799633,0.749987,3.307689,3.300363,0.798241,4.919140,4.939240,0.004274
9.050056,1,0.000976,0.212753,0.147365,0.000000,0.000000,0.178595,0.281068,0.267900,0.000305,0.000672,0.003114,0.015995,3.711840,3.293330,1.798289,1.107691,0.616483,1.101464,0.800732,0.749450,3.305857,3.300363,0.798241,4.919140,4.939240,0.004274
9.100056,1,0.000000,0.216657,0.146390,0.000000,0.000000,0.179571,0.282044,0.580450,0.000061,0.000427,0.003297,0.015995,3.719264,3.327664,1.796824,1.110622,0.616849,1.104394,0.798900,0.748913,3.305857,3.302194,0.797948,4.924500,4.937900,0.004274
9.150056,1,0.000000,0.212753,0.155173,0.000000,0.000000,0.191282,0.282044,0.401850,0.000305,0.000549,0.003297,0.015995,3.697920,3.294258,1.796824,1.107691,0.615750,1.102929,0.801098,0.749450,3.305857,3.300363,0.798241,4.924500,4.935220,0.004274
9.200056,1,0.000000,0.212753,0.144438,0.000000,0.000000,0.189330,0.280092,0.580450,0.000305,0.000672,0.003297,0.016117,3.710912,3.299826,1.798289,1.108424,0.615750,1.104761,0.799633,0.749987,3.305857,3.299447,0.797948,4.919140,4.937900,0.004274
9.250056,1,0.000000,0.212753,0.147365,0.000000,0.000000,0.179571,0.283020,0.258970,0.000244,0.000549,0.003358,0.016239,3.704416,3.293330,1.797800,1.106226,0.616849,1.104761,0.801464,0.749450,3.304942,3.300363,0.797948,4.925840,4.935220,0.004274
9.300056,1,0.000000,0.211777,0.147365,0.000000,0.000000,0.179571,0.282044,0.580450,0.000305,0.000549,0.003297,0.016361,3.711840,3.298898,1.797800,1.102197,0.616117,1.102929,0.800732,0.749181,3.304942,3.301279,0.797948,4.919140,4.935220,0.004274
9.350056,1,0.000000,0.213729,0.184451,0.000000,0.000000,0.179571,0.281068,0.258970,0.000183,0.000549,0.003358,0.016361,3.700704,3.327664,1.796824,1.110622,0.604761,1.104761,0.801464,0.749718,3.304942,3.300363,0.798241,4.917800,4.939240,0.004274
9.400054,1,0.000000,0.212753,0.145414,0.000000,0.000000,0.177619,0.280092,0.580450,0.000183,0.000427,0.003358,0.016361,3.719264,3.303538,1.796824,1.106226,0.616483,1.102197,0.800732,0.749181,3.305857,3.301279,0.797948,4.927180,4.939240,0.004274
9.450056,1,0.000976,0.219584,0.146390,0.000000,0.000000,0.178595,0.282044,0.544730,0.000305,0.000672,0.003419,0.016606,3.699776,3.299826,1.797800,1.105860,0.616483,1.102929,0.800732,0.749181,3.305857,3.300363,0.798241,4.928520,4.936560,0.004274
9.500056,1,0.000000,0.220560,0.144438,0.000000,0.000000,0.178595,0.278140,0.580450,0.000183,0.000549,0.003358,0.016484,3.711840,3.293330,1.796824,1.103296,0.615018,1.104761,0.799633,0.749450,3.306773,3.299447,0.797655,4.921820,4.939240,0.004274
9.550056,1,0.000000,0.211777,0.147365,0.000000,0.000000,0.181523,0.280092,0.258970,0.000305,0.000672,0.003419,0.016484,3.713696,3.293330,1.798289,1.102197,0.616849,1.104394,0.800732,0.748913,3.307689,3.300363,0.797948,4.924500,4.935220,0.004274
9.600055,1,0.000000,0.222512,0.146390,0.000000,0.000000,0.177619,0.278140,0.580450,0.000305,0.000672,0.003419,0.015995,3.704416,3.289618,1.798289,1.102197,0.615750,1.104394,0.800732,0.749181,3.305857,3.299447,0.797948,4.924500,4.935220,0.004274
9.650056,1,0.000000,0.212753,0.145414,0.000000,0.000000,0.177619,0.282044,0.830490,0.000977,0.000672,0.003297,0.016117,3.711840,3.301682,1.796824,1.108424,0.616483,1.101464,0.798900,0.749181,3.304942,3.301279,0.797948,4.921820,4.939240,0.004274
9.700056,1,0.000000,0.213729,0.146390,0.000000,0.000000,0.177619,0.281068,0.580450,0.000305,0.000549,0.003358,0.015995,3.710912,3.295186,1.798289,1.108424,0.615750,1.105127,0.801098,0.748913,3.305857,3.299447,0.798241,4.924500,4.939240,0.004274
9.750056,1,0.000000,0.211777,0.146390,0.000000,0.000000,0.179571,0.281068,0.258970,0.000183,0.000549,0.003236,0.015995,3.711840,3.293330,1.798289,1.101464,0.615750,1.104394,0.801464,0.749450,3.304026,3.299447,0.797948,4.925840,4.936560,0.004274
9.800056,1,0.000000,0.217632,0.146390,0.000000,0.000000,0.190306,0.281068,0.589380,0.000183,0.001038,0.003297,0.015995,3.711840,3.289618,1.799266,1.107691,0.616117,1.104028,0.801098,0.749450,3.304942,3.300363,0.797948,4.920480,4.939240,0.004274
9.850055,1,0.000976,0.211777,0.146390,0.000000,0.000000,0.190306,0.282044,0.187530,0.000183,0.000549,0.003358,0.016484,3.726687,3.295186,1.796824,1.102563,0.615750,1.104761,0.798900,0.749450,3.306773,3.299447,0.797948,4.925840,4.936560,0.005128
9.900056,1,0.000000,0.211777,0.145414,0.000000,0.000000,0.178595,0.280092,0.580450,0.000305,0.000672,0.003419,0.015995,3.715552,3.298898,1.797800,1.102929,0.615750,1.104761,0.799633,0.749450,3.304942,3.300363,0.798241,4.924500,4.936560,0.004274
9.950056,1,0.000000,0.213729,0.144438,0.000000,0.000000,0.178595,0.281068,0.258970,0.000244,0.000672,0.003419,0.016484,3.700704,3.325809,1.798289,1.102929,0.616483,1.100732,0.799633,0.751062,3.304942,3.300363,0.797948,4.927180,4.939240,0.004274
10.000056,1,0.000000,0.213729,0.146390,0.000000,0.000000,0.176643,0.281068,0.589380,0.000244,0.000549,0.003236,0.016239,3.722976,3.301682,1.796824,1.104394,0.615750,1.104028,0.800732,0.749450,3.304026,3.299447,0.797948,4.919140,4.931200,0.004274
10.050056,1,0.000000,0.211777,0.144438,0.000000,0.000000,0.178595,0.282044,0.258970,0.000305,0.000672,0.003419,0.016361,3.704416,3.301682,1.796824,1.107691,0.616483,1.102929,0.800732,0.748913,3.304942,3.299447,0.797948,4.925840,4.939240,0.004274
10.100059,1,0.000000,0.221536,0.146390,0.000000,0.000000,0.180547,0.281068,0.580450,0.000183,0.000672,0.003236,0.016117,3.699776,3.299826,1.797800,1.107691,0.616117,1.104761,0.801464,0.749181,3.305857,3.299447,0.797655,4.913780,4.939240,0.004274
10.150056,1,0.000000,0.217632,0.145414,0.000000,0.000000,0.179571,0.282044,0.258970,0.000244,0.000672,0.003419,0.015995,3.703488,3.301682,1.798289,1.108058,0.615018,1.099999,0.799633,0.749718,3.305857,3.300363,0.797655,4.924500,4.936560,0.004274
10.200057,1,0.000000,0.212753,0.145414,0.000000,0.000000,0.178595,0.282044,0.580450,0.000183,0.000672,0.003297,0.016728,3.715552,3.301682,1.797312,1.102197,0.616483,1.104394,0.801098,0.749450,3.304942,3.299447,0.797948,4.925840,4.936560,0.004274
10.250055,1,0.000000,0.213729,0.145414,0.000000,0.000000,0.178595,0.279116,0.839420,0.000122,0.000549,0.003419,0.016606,3.696993,3.357359,1.796824,1.103296,0.616117,1.101464,0.799633,0.749181,3.305857,3.300363,0.798241,4.928520,4.935220,0.004274
10.300057,1,0.000000,0.214705,0.145414,0.000000,0.000000,0.179571,0.281068,0.580450,0.000244,0.000549,0.003297,0.015995,3.719264,3.292402,1.798289,1.103296,0.609523,1.105494,0.801098,0.749181,3.305857,3.300363,0.798241,4.919140,4.939240,0.004274
10.350055,1,0.000976,0.210801,0.145414,0.000000,0.000000,0.177619,0.280092,0.258970,0.000061,0.000427,0.003358,0.015995,3.704416,3.357359,1.797800,1.102929,0.600366,1.101098,0.800365,0.749718,3.305857,3.301279,0.798241,4.919140,4.939240,0.004274
10.400055,1,0.000000,0.213729,0.147365,0.000000,0.000000,0.177619,0.282044,0.589380,0.000061,0.000672,0.003236,0.015995,3.704416,3.301682,1.797800,1.106226,0.615750,1.100732,0.800732,0.750256,3.305857,3.300363,0.798241,4.919140,4.935220,0.004274
10.450056,1,0.000000,0.214705,0.147365,0.000000,0.000000,0.190306,0.278140,0.267900,0.000305,0.000672,0.003419,0.016361,3.711840,3.294258,1.798289,1.109156,0.615384,1.106226,0.801098,0.749450,3.304942,3.300363,0.797655,4.928520,4.937900,0.004274
10.500056,1,0.000000,0.212753,0.146390,0.000000,0.000000,0.181523,0.282044,0.580450,0.000183,0.000672,0.003358,0.016239,3.711840,3.301682,1.796824,1.103296,0.615750,1.100732,0.801098,0.749181,3.305857,3.299447,0.797655,4.924500,4.935220,0.004274
10.550056,1,0.000000,0.212753,0.147365,0.000000,0.000000,0.179571,0.280092,0.258970,0.000183,0.000672,0.003297,0.016239,3.700704,3.299826,1.797800,1.107325,0.615384,1.102929,0.801831,0.749181,3.307689,3.299447,0.797655,4.924500,4.937900,0.005128
10.600055,1,0.000976,0.213729,0.145414,0.000000,0.000000,0.189330,0.279116,0.580450,0.000183,0.000672,0.003297,0.016239,3.711840,3.307249,1.797800,1.110622,0.616483,1.104394,0.800732,0.749181,3.305857,3.299447,0.797948,4.925840,4.935220,0.004274
10.650056,1,0.000000,0.214705,0.146390,0.000000,0.000000,0.180547,0.280092,0.258970,0.000183,0.000427,0.003419,0.016239,3.696064,3.292402,1.798289,1.101830,0.616483,1.100732,0.800732,0.749718,3.305857,3.300363,0.797948,4.928520,4.936560,0.004274
10.700056,1,0.000000,0.211777,0.145414,0.000000,0.000000,0.179571,0.280092,0.589380,0.000061,0.000672,0.003175,0.016239,3.704416,3.299826,1.796824,1.104761,0.616117,1.104394,0.800732,0.749987,3.305857,3.299447,0.797948,4.921820,4.935220,0.004274
10.750056,1,0.000000,0.223488,0.146390,0.000000,0.000000,0.178595,0.280092,0.401850,0.000244,0.000672,0.003419,0.016606,3.697920,3.299826,1.797800,1.107691,0.615384,1.102929,0.799633,0.748913,3.306773,3.299447,0.797655,4.924500,4.939240,0.004274
10.800056,1,0.000976,0.221536,0.147365,0.000000,0.000000,0.180547,0.281068,0.580450,0.000305,0.000672,0.003297,0.016606,3.701632,3.293330,1.798289,1.104028,0.615750,1.100732,0.799633,0.748913,3.307689,3.301279,0.797948,4.925840,4.941920,0.004274
10.850056,1,0.000000,0.213729,0.144438,0.000000,0.000000,0.179571,0.282044,0.285760,0.000244,0.000672,0.003236,0.016361,3.711840,3.299826,1.798777,1.107691,0.616117,1.101464,0.800732,0.749181,3.305857,3.299447,0.798241,4.924500,4.939240,0.004274
10.900056,1,0.000000,0.211777,0.144438,0.000000,0.000000,0.179571,0.279116,0.589380,0.000305,0.000672,0.003419,0.016361,3.710912,3.293330,1.798289,1.103296,0.616849,1.104028,0.801098,0.748644,3.304942,3.301279,0.797948,4.927180,4.936560,0.004274
10.950056,1,0.000000,0.213729,0.146390,0.000000,0.000000,0.180547,0.278140,0.258970,0.000305,0.000672,0.003419,0.016361,3.698848,3.311889,1.798289,1.107691,0.615018,1.101098,0.801464,0.748913,3.304942,3.299447,0.797948,4.925840,4.933880,0.004274
11.000057,1,0.000000,0.215681,0.145414,0.000000,0.000000,0.180547,0.282044,0.589380,0.000183,0.000672,0.003297,0.016606,3.703488,3.294258,1.796824,1.102563,0.613552,1.102563,0.800732,0.748913,3.305857,3.299447,0.797948,4.908420,4.937900,0.004274
11.050056,1,0.000000,0.211777,0.146390,0.000000,0.000000,0.181523,0.280092,0.267900,0.000305,0.000672,0.003236,0.016728,3.698848,3.293330,1.798289,1.103296,0.613186,1.104028,0.800732,0.748913,3.305857,3.299447,0.797948,4.928520,4.939240,0.004274
11.100056,1,0.000976,0.212753,0.146390,0.000000,0.000000,0.178595,0.281068,0.580450,0.000244,0.000672,0.003236,0.015995,3.711840,3.301682,1.798289,1.107691,0.615750,1.100732,0.800732,0.749450,3.305857,3.300363,0.797948,4.925840,4.936560,0.005128
11.150055,1,0.000976,0.211777,0.145414,0.000000,0.000000,0.180547,0.280092,0.267900,0.000183,0.000427,0.003358,0.016361,3.699776,3.295186,1.797800,1.110622,0.615750,1.104761,0.799633,0.749450,3.305857,3.300363,0.797948,4.919140,4.935220,0.004274
11.200055,1,0.000976,0.212753,0.147365,0.000000,0.000000,0.181523,0.281068,0.580450,0.000061,0.000427,0.003358,0.016606,3.710912,3.327664,1.796824,1.107325,0.617582,1.102929,0.800365,0.749450,3.305857,3.300363,0.797948,4.928520,4.935220,0.004274
11.250055,1,0.000000,0.214705,0.146390,0.000000,0.000000,0.184451,0.281068,0.258970,0.000305,0.000672,0.003114,0.016117,3.710912,3.327664,1.796824,1.109156,0.615018,1.104394,0.800732,0.749450,3.305857,3.301279,0.797948,4.927180,4.941920,0.004274
11.300055,1,0.000000,0.212753,0.147365,0.000000,0.000000,0.200066,0.280092,0.580450,0.000305,0.000672,0.003419,0.015995,3.697920,3.295186,1.798289,1.103296,0.616117,1.102197,0.800732,0.748644,3.307689,3.300363,0.797948,4.920480,4.939240,0.004274
11.350055,1,0.000000,0.214705,0.146390,0.000000,0.000000,0.179571,0.279116,0.267900,0.000305,0.000672,0.003236,0.016361,3.711840,3.298898,1.796824,1.103296,0.602197,1.104394,0.799999,0.749181,3.305857,3.299447,0.797948,4.927180,4.935220,0.004274
11.400056,1,0.000976,0.221536,0.146390,0.000000,0.000000,0.176643,0.281068,0.580450,0.000305,0.000672,0.003419,0.016606,3.704416,3.293330,1.797800,1.103296,0.616483,1.102929,0.799267,0.749718,3.305857,3.299447,0.797948,4.924500,4.929860,0.005128
11.450056,1,0.000000,0.221536,0.147365,0.000000,0.000000,0.179571,0.277164,0.544730,0.000061,0.000427,0.003236,0.015995,3.703488,3.289618,1.797312,1.101464,0.615384,1.104394,0.801098,0.749450,3.305857,3.300363,0.797948,4.925840,4.939240,0.004274
11.500054,1,0.000000,0.213729,0.145414,0.000000,0.000000,0.178595,0.279116,0.580450,0.000305,0.000549,0.003114,0.015995,3.699776,3.307249,1.798777,1.102197,0.615384,1.104028,0.800365,0.749987,3.306773,3.302194,0.797655,4.919140,4.935220,0.004274
11.550056,1,0.000000,0.212753,0.145414,0.000000,0.000000,0.178595,0.282044,0.258970,0.000183,0.000672,0.003236,0.016117,3.704416,3.327664,1.796824,1.112087,0.616117,1.104028,0.800732,0.749181,3.306773,3.299447,0.797362,4.925840,4.935220,0.004274
11.600057,1,0.000976,0.210801,0.147365,0.000000,0.000000,0.178595,0.281068,0.580450,0.000183,0.000427,0.003236,0.016606,3.704416,3.300754,1.798289,1.104761,0.614285,1.101098,0.800732,0.748644,3.305857,3.300363,0.797948,4.919140,4.935220,0.004274
11.650056,1,0.000000,0.215681,0.144438,0.000000,0.000000,0.179571,0.282044,0.580450,0.000305,0.000672,0.003175,0.016728,3.711840,3.301682,1.798289,1.101464,0.615750,1.104394,0.799633,0.749450,3.304942,3.300363,0.797948,4.925840,4.929860,0.004274
11.700056,1,0.000000,0.212753,0.146390,0.000000,0.000000,0.180547,0.279116,0.580450,0.000183,0.000672,0.003297,0.015995,3.704416,3.311889,1.796824,1.107691,0.615750,1.102929,0.800732,0.749450,3.304942,3.300363,0.797948,4.925840,4.939240,0.004274
11.750055,1,0.000000,0.213729,0.143462,0.000000,0.000000,0.180547,0.278140,0.258970,0.000366,0.000672,0.003358,0.016606,3.704416,3.295186,1.797312,1.107691,0.616117,1.102929,0.800732,0.749450,3.305857,3.300363,0.798241,4.919140,4.939240,0.004274
11.800056,1,0.000000,0.213729,0.147365,0.000000,0.000000,0.179571,0.278140,0.580450,0.000305,0.000549,0.003114,0.015995,3.710912,3.293330,1.797800,1.109889,0.616849,1.104761,0.801464,0.748644,3.306773,3.300363,0.797655,4.920480,4.939240,0.004274
11.850056,1,0.000000,0.213729,0.144438,0.000000,0.000000,0.177619,0.283996,0.267900,0.000305,0.000672,0.003297,0.016239,3.726687,3.293330,1.798777,1.101830,0.615018,1.102929,0.800732,0.748913,3.304942,3.300363,0.797362,4.925840,4.935220,0.004274
11.900056,1,0.001952,0.215681,0.146390,0.000000,0.000000,0.196162,0.283020,0.580450,0.000244,0.000549,0.003358,0.016117,3.719264,3.294258,1.798289,1.104761,0.615750,1.102929,0.799633,0.748913,3.305857,3.299447,0.798241,4.925840,4.927180,0.004274
11.950057,1,0.000000,0.214705,0.146390,0.000000,0.000000,0.200066,0.280092,0.267900,0.000427,0.000672,0.003358,0.016361,3.696064,3.301682,1.798777,1.107691,0.616117,1.102929,0.800732,0.749181,3.305857,3.299447,0.797655,4.924500,4.935220,0.004274
12.000056,1,0.000000,0.212753,0.147365,0.000000,0.000000,0.177619,0.282044,0.580450,0.000305,0.000672,0.003297,0.015995,3.713696,3.298898,1.798289,1.103296,0.615018,1.100732,0.799633,0.749450,3.304942,3.300363,0.797948,4.920480,4.939240,0.004274
12.050056,1,0.000000,0.220560,0.145414,0.000000,0.000000,0.178595,0.280092,0.267900,0.000305,0.000672,0.003358,0.016117,3.711840,3.298898,1.796824,1.107691,0.616117,1.102929,0.799633,0.749181,3.305857,3.299447,0.797948,4.927180,4.936560,0.004274
12.100055,1,0.000000,0.221536,0.147365,0.000000,0.000000,0.180547,0.281068,0.580450,0.000305,0.000672,0.003236,0.016117,3.711840,3.291474,1.797800,1.104761,0.615384,1.104761,0.800732,0.749181,3.305857,3.301279,0.797948,4.920480,4.937900,0.004274
12.150056,1,0.000000,0.213729,0.146390,0.000000,0.000000,0.178595,0.281068,0.267900,0.000183,0.000672,0.003419,0.016117,3.697920,3.293330,1.797312,1.102929,0.616483,1.106226,0.799633,0.752136,3.304942,3.299447,0.797948,4.927180,4.936560,0.004274
12.200056,1,0.000000,0.215681,0.146390,0.000000,0.000000,0.179571,0.279116,0.580450,0.000183,0.000427,0.003175,0.016606,3.701632,3.301682,1.797312,1.108424,0.615750,1.104761,0.801831,0.747569,3.306773,3.300363,0.797948,4.924500,4.932540,0.005128
12.250056,1,0.000000,0.213729,0.144438,0.000000,0.000000,0.177619,0.282044,0.267900,0.000061,0.000672,0.003297,0.016361,3.700704,3.298898,1.797312,1.102929,0.616483,1.101098,0.800732,0.749181,3.305857,3.300363,0.797948,4.919140,4.936560,0.004274
12.300056,1,0.000000,0.212753,0.143462,0.000000,0.000000,0.179571,0.281068,0.580450,0.000061,0.000672,0.003297,0.016117,3.697920,3.301682,1.798777,1.110622,0.614651,1.105127,0.800732,0.748913,3.304026,3.300363,0.797655,4.908420,4.929860,0.004274
12.350056,1,0.000000,0.216657,0.146390,0.000000,0.000000,0.178595,0.279116,0.401850,0.000061,0.000672,0.003297,0.016484,3.700704,3.307249,1.798289,1.107691,0.606959,1.102929,0.800732,0.749450,3.305857,3.300363,0.798241,4.919140,4.941920,0.005128
12.400055,1,0.000000,0.211777,0.146390,0.000000,0.000000,0.180547,0.280092,0.580450,0.000305,0.000549,0.003419,0.016239,3.710912,3.294258,1.798289,1.103296,0.616483,1.101464,0.800732,0.749718,3.304942,3.300363,0.797948,4.920480,4.935220,0.004274
12.450056,1,0.000000,0.212753,0.147365,0.000000,0.000000,0.180547,0.278140,0.267900,0.000305,0.000672,0.003175,0.016361,3.711840,3.301682,1.798289,1.104761,0.616117,1.104761,0.798900,0.748913,3.304942,3.300363,0.797948,4.925840,4.939240,0.004274
12.500056,1,0.000976,0.212753,0.146390,0.000000,0.000000,0.179571,0.278140,0.589380,0.000305,0.000672,0.003175,0.016606,3.710912,3.291474,1.796824,1.102563,0.615750,1.101098,0.799633,0.748644,3.305857,3.302194,0.798241,4.924500,4.939240,0.004274
12.550056,1,0.000000,0.211777,0.146390,0.000000,0.000000,0.200066,0.281068,0.267900,0.000061,0.000672,0.003358,0.016606,3.710912,3.301682,1.797800,1.107691,0.616117,1.102929,0.800365,0.749450,3.304942,3.300363,0.797948,4.925840,4.929860,0.005128
12.600056,1,0.000000,0.213729,0.147365,0.000000,0.000000,0.202017,0.283020,0.580450,0.000183,0.000427,0.003175,0.015995,3.704416,3.333232,1.796824,1.107691,0.615018,1.101098,0.799633,0.748913,3.306773,3.299447,0.797948,4.927180,4.935220,0.004274
12.650056,1,0.000000,0.213729,0.145414,0.000000,0.000000,0.179571,0.281068,0.553660,0.000244,0.000549,0.003236,0.016484,3.699776,3.311889,1.797800,1.104761,0.615750,1.101098,0.801464,0.749450,3.306773,3.301279,0.797948,4.924500,4.936560,0.004274
12.700055,1,0.000000,0.212753,0.148341,0.000000,0.000000,0.184451,0.296683,0.598310,0.000061,0.000672,0.003236,0.016606,3.711840,3.357359,1.798289,1.104761,0.616483,1.102197,0.801098,0.749450,3.304942,3.300363,0.797948,4.925840,4.935220,0.004274
12.750056,1,0.002928,0.212753,0.144438,0.000000,0.000000,0.179571,0.280092,0.544730,0.000183,0.000672,0.003297,0.016606,3.704416,3.301682,1.796824,1.101464,0.615750,1.101464,0.801464,0.749450,3.304942,3.300363,0.797948,4.925840,4.929860,0.004274
12.800056,1,0.000000,0.214705,0.144438,0.000000,0.000000,0.180547,0.282044,0.580450,0.000305,0.000549,0.003297,0.016606,3.697920,3.301682,1.797800,1.106226,0.615750,1.102929,0.801098,0.749450,3.305857,3.300363,0.797948,4.908420,4.939240,0.004274
12.850056,1,0.000000,0.219584,0.145414,0.000000,0.000000,0.177619,0.281068,0.267900,0.000305,0.000549,0.003297,0.016606,3.710912,3.298898,1.797800,1.103296,0.617216,1.104761,0.801464,0.749181,3.304942,3.299447,0.797948,4.927180,4.929860,0.004274
12.900056,1,0.000000,0.219584,0.146390,0.000000,0.000000,0.178595,0.280092,0.580450,0.000305,0.000549,0.003358,0.015995,3.697920,3.301682,1.798777,1.107691,0.616849,1.105127,0.798900,0.749450,3.306773,3.302194,0.798241,4.924500,4.935220,0.004274
12.950056,1,0.000000,0.212753,0.145414,0.000000,0.000000,0.177619,0.282044,0.509010,0.000061,0.000672,0.003297,0.015507,3.711840,3.291474,1.798289,1.103296,0.616849,1.101464,0.799633,0.748644,3.305857,3.301279,0.797655,4.925840,4.939240,0.004274
13.000056,1,0.000000,0.212753,0.146390,0.000000,0.000000,0.177619,0.281068,0.580450,0.000183,0.000672,0.003297,0.016117,3.700704,3.298898,1.797800,1.101830,0.614651,1.104394,0.801098,0.749181,3.304942,3.301279,0.797948,4.921820,4.939240,0.004274
13.050056,1,0.000000,0.215681,0.147365,0.000000,0.000000,0.177619,0.281068,0.276830,0.000305,0.000549,0.003358,0.015995,3.699776,3.298898,1.797312,1.104394,0.615384,1.102929,0.802930,0.749718,3.305857,3.299447,0.797948,4.925840,4.935220,0.004274
13.100055,1,0.000000,0.212753,0.147365,0.000000,0.000000,0.176643,0.281068,0.571520,0.000244,0.000549,0.003297,0.016239,3.710912,3.293330,1.798289,1.110622,0.615750,1.104761,0.799633,0.749718,3.306773,3.299447,0.797655,4.924500,4.936560,0.004274
13.150055,1,0.000000,0.213729,0.144438,0.000000,0.000000,0.179571,0.280092,0.473290,0.000305,0.000672,0.003114,0.016606,3.711840,3.295186,1.797800,1.108424,0.614651,1.104761,0.799633,0.749450,3.304942,3.300363,0.797948,4.925840,4.939240,0.004274
13.200056,1,0.000000,0.212753,0.145414,0.000000,0.000000,0.199090,0.281068,0.580450,0.000183,0.000672,0.003297,0.015995,3.700704,3.301682,1.797800,1.101830,0.616483,1.102929,0.800732,0.749450,3.303110,3.299447,0.798241,4.920480,4.935220,0.004274
13.250055,1,0.000000,0.215681,0.147365,0.000000,0.000000,0.194210,0.283020,0.267900,0.000244,0.000549,0.003419,0.016239,3.711840,3.357359,1.796824,1.109156,0.616483,1.104761,0.801098,0.749450,3.304942,3.300363,0.797948,4.928520,4.939240,0.004274
13.300056,1,0.000000,0.213729,0.145414,0.000000,0.000000,0.177619,0.279116,0.580450,0.000183,0.000977,0.003358,0.016606,3.715552,3.301682,1.798289,1.103296,0.615750,1.100732,0.799633,0.748913,3.305857,3.299447,0.797948,4.920480,4.935220,0.004274
13.350056,1,0.000976,0.215681,0.145414,0.000000,0.000000,0.179571,0.281068,0.267900,0.000305,0.000672,0.003419,0.016606,3.711840,3.293330,1.797800,1.106959,0.600366,1.104028,0.800732,0.749450,3.304942,3.300363,0.797948,4.907080,4.935220,0.004274
13.400055,1,0.000000,0.220560,0.145414,0.000000,0.000000,0.179571,0.277164,0.589380,0.000183,0.000427,0.003236,0.016361,3.704416,3.293330,1.798289,1.104761,0.613919,1.101098,0.798900,0.749181,3.305857,3.299447,0.797948,4.908420,4.936560,0.004274
13.450054,1,0.000000,0.211777,0.151269,0.000000,0.000000,0.178595,0.279116,0.705470,0.000244,0.000672,0.003419,0.015995,3.711840,3.292402,1.798289,1.101830,0.615750,1.100732,0.802930,0.809889,3.304942,3.300363,0.797948,4.907080,4.925840,0.004274
13.500054,1,0.000000,0.212753,0.151269,0.000000,0.000000,0.177619,0.283020,0.723330,0.000305,0.000672,0.003297,0.016117,3.704416,3.301682,1.797800,1.102197,0.615384,1.100732,0.801831,0.809352,3.305857,3.299447,0.798241,4.917800,4.928520,0.004274
13.550055,1,0.000000,0.228368,0.143462,0.000000,0.000000,0.178595,0.280092,0.258970,0.000366,0.000427,0.003297,0.016361,3.719264,3.307249,1.798777,1.107325,0.616483,1.105127,0.799633,0.749181,3.304026,3.299447,0.797948,4.925840,4.935220,0.004274
13.600055,1,0.000000,0.211777,0.148341,0.000000,0.000000,0.180547,0.282044,0.580450,0.000305,0.000549,0.003297,0.015873,3.710912,3.301682,1.798289,1.110622,0.616483,1.101098,0.801098,0.749181,3.305857,3.302194,0.797655,4.924500,4.935220,0.004274
13.650055,1,0.000000,0.211777,0.149317,0.000000,0.000000,0.179571,0.283020,0.544730,0.000183,0.000977,0.003419,0.016239,3.726687,3.311889,1.795847,1.107691,0.615750,1.101098,0.801464,0.749181,3.305857,3.299447,0.797948,4.928520,4.936560,0.005128
13.700055,1,0.001952,0.211777,0.147365,0.000000,0.000000,0.180547,0.280092,0.580450,0.000183,0.000672,0.003358,0.015995,3.704416,3.311889,1.796824,1.107691,0.616483,1.102929,0.801464,0.749450,3.304942,3.301279,0.797948,4.924500,4.929860,0.004274
13.750055,1,0.000000,0.215681,0.146390,0.000000,0.000000,0.180547,0.281068,0.267900,0.000061,0.001038,0.003297,0.016728,3.700704,3.294258,1.796824,1.102929,0.615750,1.104394,0.800732,0.749718,3.307689,3.300363,0.798241,4.928520,4.935220,0.004274
13.800055,1,0.000000,0.214705,0.145414,0.000000,0.000000,0.179571,0.278140,0.580450,0.000183,0.000672,0.003236,0.015507,3.704416,3.295186,1.796824,1.107691,0.615750,1.104761,0.800365,0.749450,3.305857,3.300363,0.797948,4.917800,4.935220,0.004274
13.850054,1,0.000000,0.213729,0.144438,0.000000,0.000000,0.189330,0.282044,0.258970,0.000183,0.000672,0.003236,0.016239,3.711840,3.311889,1.798289,1.108424,0.615750,1.100732,0.800732,0.748913,3.305857,3.300363,0.798241,4.919140,4.935220,0.004274
13.900055,1,0.000000,0.214705,0.147365,0.000000,0.000000,0.190306,0.278140,0.580450,0.000244,0.000549,0.003358,0.016361,3.710912,3.327664,1.796824,1.104761,0.615750,1.104761,0.801464,0.749181,3.305857,3.299447,0.797948,4.920480,4.937900,0.005128
13.950055,1,0.000000,0.214705,0.146390,0.000000,0.000000,0.177619,0.277164,0.258970,0.000305,0.000549,0.003358,0.016606,3.700704,3.301682,1.798289,1.102563,0.615384,1.104394,0.802930,0.748913,3.304942,3.301279,0.797948,4.925840,4.935220,0.005128
14.000055,1,0.000000,0.215681,0.146390,0.000000,0.000000,0.179571,0.282044,0.580450,0.000305,0.000427,0.003236,0.016606,3.710912,3.295186,1.797312,1.107691,0.613919,1.104028,0.798900,0.749450,3.305857,3.299447,0.797948,4.925840,4.937900,0.004274
14.050055,1,0.000000,0.212753,0.144438,0.000000,0.000000,0.179571,0.282044,0.830490,0.000183,0.000672,0.003297,0.016606,3.711840,3.307249,1.797312,1.107691,0.615750,1.100732,0.799633,0.748644,3.305857,3.302194,0.798241,4.924500,4.937900,0.004274
14.100055,1,0.000000,0.211777,0.146390,0.000000,0.000000,0.177619,0.280092,0.580450,0.000305,0.000427,0.003419,0.016117,3.711840,3.298898,1.797312,1.104028,0.615750,1.100732,0.799633,0.748913,3.304942,3.299447,0.797655,4.924500,4.936560,0.004274
14.150055,1,0.000000,0.225440,0.145414,0.000000,0.000000,0.176643,0.280092,0.267900,0.000305,0.000672,0.003358,0.016484,3.704416,3.298898,1.796824,1.103296,0.615384,1.102929,0.799633,0.749450,3.304942,3.300363,0.797948,4.925840,4.939240,0.004274
14.200055,1,0.000000,0.227392,0.146390,0.000000,0.000000,0.179571,0.281068,0.580450,0.000061,0.000672,0.003297,0.016117,3.701632,3.297970,1.797312,1.107691,0.616117,1.105494,0.800732,0.747569,3.305857,3.301279,0.797948,4.921820,4.933880,0.004274
14.250055,1,0.000000,0.212753,0.146390,0.000000,0.000000,0.179571,0.281068,0.258970,0.000977,0.000672,0.003236,0.016361,3.700704,3.291474,1.797312,1.107691,0.616849,1.102929,0.800365,0.749181,3.307689,3.300363,0.798241,4.919140,4.935220,0.004274
14.300055,1,0.000000,0.212753,0.148341,0.000000,0.000000,0.178595,0.282044,0.580450,0.000244,0.000672,0.003358,0.015995,3.711840,3.293330,1.798289,1.107691,0.616483,1.104761,0.800365,0.748644,3.305857,3.300363,0.798241,4.919140,4.937900,0.004274
14.350055,1,0.000000,0.209825,0.147365,0.000000,0.000000,0.179571,0.282044,0.267900,0.000061,0.000733,0.003297,0.016361,3.710912,3.291474,1.798289,1.102197,0.600366,1.100732,0.800732,0.749718,3.305857,3.300363,0.797948,4.925840,4.936560,0.005128
14.400055,1,0.000000,0.212753,0.146390,0.000000,0.000000,0.180547,0.283020,0.589380,0.000305,0.000672,0.003480,0.015995,3.704416,3.294258,1.798289,1.104394,0.616117,1.102929,0.800732,0.749450,3.306773,3.299447,0.797948,4.917800,4.937900,0.004274
14.450055,1,0.000000,0.211777,0.147365,0.000000,0.000000,0.177619,0.282044,0.276830,0.000305,0.000672,0.003419,0.016606,3.726687,3.294258,1.796824,1.107691,0.616117,1.102929,0.799633,0.749181,3.304942,3.301279,0.797948,4.925840,4.939240,0.004274
14.500055,1,0.000000,0.274236,0.145414,0.000000,0.000000,0.188355,0.282044,0.580450,0.000305,0.000549,0.003297,0.015995,3.699776,3.301682,1.797800,1.106226,0.616117,1.104394,0.800732,0.748644,3.304942,3.299447,0.797948,4.916460,4.939240,0.004274
14.550055,1,0.000000,0.212753,0.147365,0.000000,0.000000,0.190306,0.280092,0.258970,0.000305,0.000672,0.003297,0.016606,3.711840,3.301682,1.797312,1.104028,0.616483,1.100732,0.801098,0.749450,3.305857,3.300363,0.797655,4.928520,4.939240,0.004274
14.600055,1,0.000000,0.213729,0.147365,0.000000,0.000000,0.178595,0.281068,0.580450,0.000305,0.000672,0.003419,0.016484,3.699776,3.357359,1.797800,1.107691,0.616483,1.099999,0.801098,0.749450,3.304942,3.300363,0.797948,4.920480,4.936560,0.004274
14.650057,1,0.000000,0.214705,0.146390,0.000000,0.000000,0.181523,0.279116,0.258970,0.000183,0.000427,0.003236,0.016239,3.697920,3.293330,1.798289,1.101464,0.617216,1.100732,0.801464,0.748913,3.305857,3.299447,0.797948,4.927180,4.939240,0.004274
14.700055,1,0.000976,0.213729,0.145414,0.000000,0.000000,0.189330,0.281068,0.580450,0.000305,0.000672,0.003297,0.016361,3.711840,3.301682,1.798289,1.107691,0.615018,1.104394,0.802930,0.749450,3.305857,3.299447,0.797948,4.925840,4.929860,0.004274
14.750055,1,0.000000,0.212753,0.147365,0.000000,0.000000,0.181523,0.283996,0.267900,0.000061,0.000672,0.003358,0.015995,3.711840,3.301682,1.797800,1.101464,0.616117,1.102929,0.800732,0.749181,3.305857,3.302194,0.797655,4.924500,4.935220,0.004274
14.800055,1,0.001952,0.226416,0.147365,0.000000,0.000000,0.180547,0.282044,0.580450,0.000305,0.000549,0.003358,0.016361,3.699776,3.301682,1.797800,1.104028,0.615750,1.101464,0.800732,0.749181,3.307689,3.300363,0.797655,4.912440,4.936560,0.004274
14.850055,1,0.000000,0.229344,0.145414,0.000000,0.000000,0.179571,0.280092,0.830490,0.000061,0.000672,0.003297,0.016361,3.711840,3.311889,1.798289,1.109156,0.615750,1.102929,0.802930,0.748644,3.305857,3.301279,0.797655,4.923160,4.936560,0.004274
14.900055,1,0.000000,0.210801,0.147365,0.000000,0.000000,0.178595,0.282044,0.580450,0.000244,0.000549,0.003419,0.016239,3.699776,3.294258,1.797800,1.103296,0.616483,1.102929,0.801464,0.749181,3.305857,3.299447,0.797948,4.921820,4.939240,0.004274
14.950055,1,0.000000,0.213729,0.149317,0.000000,0.000000,0.177619,0.280092,0.258970,0.000183,0.000672,0.003297,0.016239,3.700704,3.295186,1.798289,1.102197,0.615384,1.104761,0.801464,0.747032,3.305857,3.300363,0.798241,4.919140,4.941920,0.004274
15.000055,1,0.000000,0.216657,0.146390,0.000000,0.000000,0.180547,0.281068,0.589380,0.000183,0.000672,0.003236,0.016606,3.711840,3.293330,1.796824,1.102197,0.616483,1.104394,0.800732,0.749450,3.305857,3.300363,0.797362,4.925840,4.935220,0.004274
15.050055,1,0.000000,0.211777,0.146390,0.000000,0.000000,0.178595,0.283020,0.553660,0.000183,0.000672,0.003358,0.015995,3.700704,3.357359,1.796824,1.110622,0.616483,1.104028,0.799633,0.749181,3.307689,3.300363,0.797948,4.925840,4.935220,0.004274
15.100055,1,0.000000,0.211777,0.182499,0.000000,0.000000,0.180547,0.280092,0.580450,0.000305,0.000549,0.003297,0.016484,3.704416,3.293330,1.798289,1.101464,0.617216,1.102929,0.801831,0.749450,3.306773,3.299447,0.797948,4.925840,4.935220,0.004274
15.150055,1,0.000000,0.213729,0.147365,0.000000,0.000000,0.191282,0.278140,0.839420,0.000305,0.000549,0.003114,0.016606,3.710912,3.289618,1.798289,1.104028,0.615384,1.104394,0.799633,0.749987,3.306773,3.302194,0.797655,4.924500,4.935220,0.004274
15.200055,1,0.000000,0.213729,0.146390,0.000000,0.000000,0.189330,0.280092,0.580450,0.000061,0.000427,0.003236,0.016361,3.703488,3.291474,1.796335,1.102929,0.615018,1.104761,0.801464,0.749450,3.306773,3.299447,0.797948,4.920480,4.935220,0.004274
15.250055,1,0.000000,0.215681,0.145414,0.000000,0.000000,0.178595,0.283020,0.544730,0.000305,0.000672,0.003419,0.016606,3.711840,3.327664,1.798289,1.106226,0.615018,1.104761,0.800732,0.749181,3.306773,3.300363,0.797948,4.924500,4.939240,0.004274
15.300055,1,0.000000,0.213729,0.146390,0.000000,0.000000,0.179571,0.279116,0.580450,0.000305,0.000549,0.003419,0.016361,3.700704,3.307249,1.798289,1.107691,0.617216,1.104761,0.800732,0.749450,3.307689,3.300363,0.797948,4.925840,4.939240,0.004274
15.350055,1,0.000000,0.213729,0.144438,0.000000,0.000000,0.178595,0.280092,0.830490,0.000061,0.000672,0.003175,0.015995,3.719264,3.299826,1.798289,1.104761,0.601098,1.104028,0.801464,0.750256,3.303110,3.299447,0.797655,4.924500,4.939240,0.004274
15.400055,1,0.000000,0.211777,0.146390,0.000000,0.000000,0.178595,0.280092,0.580450,0.000305,0.000549,0.003236,0.016484,3.711840,3.293330,1.797312,1.107691,0.616117,1.100732,0.799267,0.749450,3.304942,3.299447,0.797948,4.916460,4.939240,0.004274
15.450055,1,0.000000,0.222512,0.146390,0.000000,0.000000,0.180547,0.281068,0.276830,0.000305,0.000672,0.003480,0.016606,3.704416,3.293330,1.797312,1.104761,0.608424,1.104761,0.800732,0.749450,3.304942,3.300363,0.797948,4.925840,4.936560,0.004274
15.500054,1,0.000000,0.219584,0.145414,0.000000,0.000000,0.177619,0.281068,0.589380,0.000244,0.000549,0.003419,0.016239,3.700704,3.301682,1.796824,1.104761,0.615750,1.102929,0.800732,0.748644,3.304942,3.302194,0.798241,4.917800,4.933880,0.004274
15.550056,1,0.000000,0.213729,0.144438,0.000000,0.000000,0.177619,0.281068,0.258970,0.000305,0.000549,0.003358,0.016484,3.711840,3.312817,1.796824,1.106226,0.615750,1.102929,0.800732,0.749181,3.305857,3.300363,0.797655,4.919140,4.939240,0.004274
15.600054,1,0.000000,0.212753,0.147365,0.000000,0.000000,0.180547,0.281068,0.580450,0.000244,0.000549,0.003297,0.016361,3.704416,3.295186,1.797312,1.105494,0.615384,1.104761,0.801831,0.749450,3.305857,3.300363,0.797655,4.925840,4.939240,0.004274
15.650054,1,0.000000,0.214705,0.146390,0.000000,0.000000,0.177619,0.281068,0.830490,0.000183,0.000672,0.003297,0.016117,3.715552,3.291474,1.796824,1.102929,0.616117,1.102563,0.800732,0.749181,3.304942,3.301279,0.797948,4.925840,4.935220,0.004274
15.700055,1,0.000000,0.211777,0.146390,0.000000,0.000000,0.179571,0.283020,0.580450,0.000244,0.000549,0.003297,0.015995,3.699776,3.289618,1.798289,1.108424,0.617582,1.101464,0.799267,0.749450,3.304026,3.299447,0.797948,4.925840,4.939240,0.004274
15.750056,1,0.000976,0.211777,0.148341,0.000000,0.000000,0.180547,0.281068,0.589380,0.000305,0.000427,0.003114,0.016239,3.699776,3.292402,1.798289,1.108790,0.615750,1.102929,0.800365,0.749450,3.307689,3.300363,0.797655,4.928520,4.939240,0.004274
15.800055,1,0.000000,0.213729,0.145414,0.000000,0.000000,0.187379,0.280092,0.580450,0.000305,0.000672,0.003297,0.016606,3.700704,3.301682,1.796824,1.101464,0.616483,1.105494,0.799633,0.749450,3.305857,3.300363,0.798241,4.920480,4.937900,0.004274
15.850055,1,0.000000,0.215681,0.145414,0.000000,0.000000,0.190306,0.283996,0.258970,0.000305,0.000549,0.003297,0.016606,3.711840,3.299826,1.798289,1.104761,0.616117,1.104761,0.799633,0.747569,3.305857,3.299447,0.797948,4.927180,4.929860,0.004274
15.900054,1,0.000976,0.212753,0.145414,0.000000,0.000000,0.179571,0.281068,0.589380,0.000183,0.000672,0.003297,0.015995,3.697920,3.295186,1.797800,1.101830,0.615750,1.100732,0.801831,0.749450,3.304942,3.299447,0.797655,4.917800,4.935220,0.004274
15.950055,1,0.000976,0.211777,0.146390,0.000000,0.000000,0.177619,0.281068,0.258970,0.000061,0.000977,0.003297,0.015995,3.704416,3.301682,1.796824,1.107691,0.615750,1.102929,0.799633,0.752136,3.304026,3.300363,0.797655,4.927180,4.935220,0.004274
16.000055,1,0.000000,0.211777,0.145414,0.000000,0.000000,0.178595,0.279116,0.580450,0.000183,0.000672,0.003297,0.016361,3.700704,3.301682,1.796824,1.107691,0.616117,1.099999,0.802930,0.748644,3.307689,3.300363,0.797948,4.925840,4.935220,0.004274
16.050055,1,0.000000,0.213729,0.146390,0.000000,0.000000,0.181523,0.282044,0.294690,0.000061,0.001038,0.003297,0.016361,3.711840,3.307249,1.797800,1.101464,0.616483,1.101098,0.798900,0.750524,3.305857,3.300363,0.798241,4.928520,4.939240,0.004274
16.100055,1,0.000000,0.220560,0.147365,0.000000,0.000000,0.180547,0.281068,0.580450,0.000305,0.000672,0.003419,0.016361,3.719264,3.293330,1.798777,1.101464,0.616117,1.102197,0.800732,0.749450,3.305857,3.300363,0.797655,4.919140,4.939240,0.004274
16.150056,1,0.000000,0.220560,0.146390,0.000000,0.000000,0.179571,0.283020,0.544730,0.000183,0.000427,0.003358,0.015995,3.711840,3.301682,1.797312,1.107691,0.612820,1.100732,0.800732,0.749181,3.305857,3.300363,0.798241,4.924500,4.935220,0.004274
16.200055,1,0.000000,0.211777,0.145414,0.000000,0.000000,0.179571,0.279116,0.580450,0.000183,0.000427,0.003297,0.015995,3.719264,3.293330,1.798289,1.107325,0.616483,1.104394,0.800732,0.748644,3.305857,3.299447,0.797655,4.923160,4.935220,0.004274
16.250055,1,0.000000,0.211777,0.146390,0.000000,0.000000,0.178595,0.279116,0.544730,0.000183,0.000672,0.003175,0.016728,3.700704,3.307249,1.797800,1.107691,0.615018,1.101098,0.801098,0.748644,3.305857,3.300363,0.798241,4.928520,4.935220,0.004274
16.300056,1,0.000000,0.216657,0.149317,0.000000,0.000000,0.177619,0.282044,0.580450,0.000183,0.000672,0.003419,0.016484,3.711840,3.293330,1.797312,1.101830,0.615018,1.102563,0.799633,0.749181,3.305857,3.302194,0.797655,4.923160,4.935220,0.004274
16.350056,1,0.000000,0.221536,0.146390,0.000000,0.000000,0.178595,0.280092,0.634030,0.000183,0.000427,0.003236,0.016361,3.700704,3.292402,1.797312,1.104761,0.601831,1.103662,0.799633,0.748644,3.305857,3.299447,0.797948,4.928520,4.936560,0.004274
16.400056,1,0.000976,0.211777,0.146390,0.000000,0.000000,0.178595,0.280092,0.580450,0.000305,0.000672,0.003297,0.016361,3.697920,3.291474,1.798289,1.102197,0.615384,1.102929,0.800365,0.748913,3.304942,3.299447,0.797948,4.925840,4.935220,0.004274
16.450055,1,0.000000,0.214705,0.147365,0.000000,0.000000,0.192258,0.281068,0.544730,0.000183,0.000672,0.003297,0.016117,3.697920,3.301682,1.797312,1.101464,0.615750,1.100732,0.800365,0.747569,3.305857,3.299447,0.797948,4.927180,4.939240,0.004274
16.500056,1,0.000000,0.214705,0.146390,0.000000,0.000000,0.190306,0.280092,0.580450,0.000061,0.000672,0.003297,0.016484,3.697920,3.301682,1.796824,1.103296,0.615750,1.101098,0.799633,0.749450,3.305857,3.299447,0.797948,4.925840,4.937900,0.004274
16.550055,1,0.000000,0.212753,0.145414,0.000000,0.000000,0.178595,0.282044,0.267900,0.000305,0.000672,0.003358,0.016361,3.704416,3.295186,1.798289,1.103296,0.617216,1.100732,0.799267,0.749450,3.304942,3.300363,0.797948,4.928520,4.936560,0.004274
16.600056,1,0.000000,0.282044,0.145414,0.024398,0.000000,0.180547,0.282044,0.580450,0.000183,0.000427,0.003297,0.016484,3.711840,3.311889,1.798289,1.103296,0.601465,1.102929,0.801098,0.749718,3.306773,3.300363,0.798241,4.924500,4.939240,0.004274
16.650056,1,0.000000,0.212753,0.146390,0.000000,0.000000,0.179571,0.279116,0.544730,0.000183,0.000672,0.003297,0.016239,3.699776,3.307249,1.796824,1.108790,0.616117,1.102929,0.800365,0.749181,3.305857,3.300363,0.798241,4.924500,4.939240,0.004274
16.700056,1,0.000976,0.209825,0.146390,0.000000,0.000000,0.179571,0.280092,0.589380,0.000122,0.000549,0.003358,0.016239,3.699776,3.298898,1.796824,1.107691,0.615750,1.100732,0.800732,0.748644,3.305857,3.301279,0.798241,4.919140,4.929860,0.005128
16.750055,1,0.000000,0.216657,0.147365,0.000000,0.000000,0.180547,0.280092,0.267900,0.000183,0.000672,0.003358,0.015995,3.699776,3.291474,1.798777,1.109889,0.616483,1.106226,0.799633,0.748913,3.304942,3.301279,0.798241,4.924500,4.933880,0.004274
16.800055,1,0.000000,0.213729,0.146390,0.000000,0.000000,0.179571,0.280092,0.589380,0.000305,0.000549,0.003358,0.016728,3.703488,3.292402,1.798289,1.101830,0.616117,1.104761,0.800732,0.749718,3.305857,3.302194,0.797948,4.923160,4.935220,0.004274
16.850055,1,0.000000,0.212753,0.146390,0.000000,0.000000,0.180547,0.281068,0.401850,0.000305,0.000672,0.003419,0.016117,3.711840,3.292402,1.797800,1.104761,0.615384,1.100732,0.801464,0.749718,3.304942,3.300363,0.797948,4.925840,4.939240,0.004274
16.900055,1,0.000000,0.212753,0.146390,0.000000,0.000000,0.180547,0.281068,0.580450,0.000183,0.000427,0.003297,0.016361,3.711840,3.311889,1.797312,1.108424,0.615384,1.104761,0.800732,0.749987,3.304942,3.300363,0.797948,4.925840,4.929860,0.004274
16.950055,1,0.000000,0.213729,0.146390,0.000000,0.000000,0.182499,0.279116,0.258970,0.000183,0.000427,0.003175,0.016728,3.711840,3.311889,1.798289,1.109156,0.615384,1.105127,0.799633,0.748913,3.305857,3.299447,0.797948,4.925840,4.941920,0.004274
17.000055,1,0.000000,0.211777,0.148341,0.000000,0.000000,0.179571,0.281068,0.580450,0.000183,0.000672,0.003297,0.016484,3.713696,3.301682,1.797312,1.106226,0.616483,1.098534,0.800732,0.749181,3.304026,3.299447,0.797948,4.920480,4.937900,0.004274
17.050055,1,0.001952,0.212753,0.146390,0.000000,0.000000,0.176643,0.281068,0.830490,0.000183,0.000427,0.003358,0.015507,3.715552,3.327664,1.797800,1.106226,0.616483,1.102929,0.799633,0.748644,3.305857,3.300363,0.798241,4.919140,4.939240,0.004274
17.100054,1,0.000000,0.211777,0.146390,0.000000,0.000000,0.191282,0.279116,0.580450,0.000061,0.000672,0.003236,0.016361,3.711840,3.295186,1.798289,1.107691,0.616117,1.101098,0.799633,0.749450,3.304942,3.300363,0.797655,4.917800,4.935220,0.004274
17.150055,1,0.000000,0.212753,0.146390,0.000000,0.000000,0.190306,0.281068,0.258970,0.000183,0.000427,0.003358,0.016361,3.711840,3.298898,1.797800,1.106226,0.616483,1.101464,0.800732,0.748913,3.306773,3.299447,0.797948,4.924500,4.939240,0.004274
17.200055,1,0.000000,0.212753,0.147365,0.000000,0.000000,0.179571,0.279116,0.580450,0.000305,0.000672,0.003175,0.016239,3.699776,3.294258,1.798289,1.101830,0.615750,1.104394,0.800732,0.748913,3.305857,3.301279,0.797948,4.919140,4.939240,0.004274
17.250055,1,0.000000,0.213729,0.145414,0.000000,0.000000,0.179571,0.280092,0.258970,0.000183,0.000427,0.003236,0.015995,3.703488,3.293330,1.798289,1.102563,0.615750,1.100732,0.800365,0.749181,3.305857,3.300363,0.797948,4.925840,4.939240,0.004274
17.300056,1,0.000976,0.214705,0.147365,0.000000,0.000000,0.179571,0.280092,0.580450,0.000305,0.000672,0.003358,0.016484,3.703488,3.298898,1.796824,1.104761,0.615018,1.100732,0.799267,0.748644,3.305857,3.299447,0.797948,4.921820,4.935220,0.004274
17.350056,1,0.000976,0.213729,0.147365,0.000000,0.000000,0.180547,0.280092,0.258970,0.000305,0.000672,0.003236,0.016117,3.703488,3.289618,1.798289,1.109889,0.600366,1.104028,0.799633,0.749181,3.306773,3.301279,0.797948,4.927180,4.939240,0.004274
17.400055,1,0.000000,0.219584,0.147365,0.000000,0.000000,0.182499,0.282044,0.571520,0.000305,0.000672,0.003236,0.015995,3.719264,3.295186,1.798289,1.102929,0.616117,1.104394,0.799267,0.749181,3.306773,3.300363,0.797948,4.925840,4.936560,0.004274
17.450056,1,0.000000,0.220560,0.148341,0.000000,0.000000,0.180547,0.281068,0.473290,0.000366,0.000427,0.003358,0.016361,3.722976,3.299826,1.798289,1.104761,0.616483,1.102929,0.800732,0.749181,3.305857,3.299447,0.797948,4.921820,4.935220,0.004274
17.500056,1,0.000000,0.215681,0.143462,0.000000,0.000000,0.179571,0.281068,0.580450,0.000244,0.000672,0.003419,0.016239,3.711840,3.327664,1.797312,1.107691,0.615750,1.100732,0.802930,0.749450,3.304026,3.300363,0.797948,4.908420,4.935220,0.004274
17.550056,1,0.000000,0.210801,0.144438,0.000000,0.000000,0.182499,0.280092,0.258970,0.000183,0.000672,0.003419,0.016728,3.701632,3.294258,1.796824,1.104761,0.615018,1.101098,0.800732,0.749450,3.305857,3.302194,0.797655,4.924500,4.936560,0.005128
17.600055,1,0.000000,0.212753,0.149317,0.000000,0.000000,0.179571,0.281068,0.589380,0.000305,0.000672,0.003419,0.016606,3.704416,3.301682,1.798289,1.101464,0.615384,1.101464,0.800732,0.749987,3.304942,3.300363,0.797948,4.925840,4.937900,0.004274
17.650055,1,0.000000,0.212753,0.146390,0.000000,0.000000,0.178595,0.280092,0.258970,0.000305,0.000672,0.003236,0.015995,3.697920,3.293330,1.798289,1.108424,0.615750,1.105494,0.800732,0.749718,3.305857,3.300363,0.797948,4.924500,4.936560,0.004274
17.700055,1,0.000000,0.214705,0.147365,0.000000,0.000000,0.177619,0.281068,0.580450,0.000977,0.000427,0.003236,0.016606,3.704416,3.327664,1.795847,1.106226,0.616117,1.101464,0.801831,0.748913,3.304942,3.300363,0.798241,4.921820,4.935220,0.004274
17.750056,1,0.000000,0.211777,0.144438,0.000000,0.000000,0.190306,0.280092,0.258970,0.000183,0.000427,0.003358,0.016361,3.711840,3.327664,1.797312,1.107691,0.616117,1.104761,0.801464,0.748913,3.304942,3.299447,0.797948,4.925840,4.937900,0.005128
17.800055,1,0.000000,0.213729,0.145414,0.000000,0.000000,0.180547,0.278140,0.589380,0.000183,0.000672,0.003114,0.016606,3.697920,3.311889,1.796824,1.101830,0.615018,1.102929,0.801831,0.748375,3.304942,3.301279,0.797948,4.927180,4.939240,0.004274
17.850056,1,0.000000,0.212753,0.146390,0.000000,0.000000,0.180547,0.280092,0.258970,0.000183,0.000427,0.003297,0.016239,3.699776,3.292402,1.798289,1.103296,0.615384,1.102929,0.800732,0.748913,3.305857,3.299447,0.797948,4.927180,4.937900,0.005128
17.900056,1,0.000000,0.212753,0.145414,0.000000,0.000000,0.179571,0.282044,0.580450,0.000244,0.000672,0.003419,0.015995,3.703488,3.295186,1.796824,1.104761,0.615750,1.104394,0.799633,0.749181,3.305857,3.300363,0.797948,4.919140,4.929860,0.005128
17.950055,1,0.000000,0.211777,0.146390,0.000000,0.000000,0.179571,0.282044,0.258970,0.000061,0.000427,0.003358,0.015995,3.710912,3.327664,1.796824,1.104394,0.616117,1.104394,0.800732,0.749181,3.305857,3.299447,0.797948,4.927180,4.939240,0.004274
18.000058,1,0.000000,0.217632,0.147365,0.000000,0.000000,0.179571,0.280092,0.580450,0.000244,0.000549,0.003236,0.016239,3.703488,3.301682,1.797800,1.101830,0.616117,1.102929,0.799633,0.749450,3.305857,3.300363,0.797948,4.919140,4.935220,0.004274
18.050055,1,0.000000,0.220560,0.146390,0.000000,0.000000,0.179571,0.280092,0.267900,0.000244,0.000672,0.003358,0.016606,3.713696,3.301682,1.797800,1.104761,0.616483,1.100732,0.800365,0.749450,3.304942,3.299447,0.797948,4.925840,4.935220,0.004274
18.100055,1,0.000000,0.221536,0.143462,0.000000,0.000000,0.179571,0.281068,0.580450,0.000183,0.000427,0.003236,0.015995,3.726687,3.292402,1.797312,1.107325,0.615018,1.101464,0.800365,0.749181,3.304942,3.299447,0.797948,4.925840,4.935220,0.004274
18.150056,1,0.000000,0.211777,0.146390,0.000000,0.000000,0.178595,0.281068,0.258970,0.000305,0.000672,0.003297,0.016361,3.699776,3.307249,1.798289,1.101830,0.615384,1.104761,0.800365,0.756434,3.303110,3.299447,0.797655,4.924500,4.936560,0.004274
18.200055,1,0.000000,0.214705,0.145414,0.000000,0.000000,0.179571,0.281068,0.580450,0.000244,0.000672,0.003419,0.015995,3.710912,3.294258,1.798289,1.107691,0.616483,1.104394,0.800732,0.748913,3.305857,3.300363,0.798241,4.919140,4.939240,0.004274
18.250055,1,0.000000,0.212753,0.147365,0.000000,0.000000,0.178595,0.280092,0.401850,0.000305,0.000672,0.003297,0.016606,3.704416,3.292402,1.796824,1.103296,0.615018,1.102929,0.800732,0.749181,3.304942,3.301279,0.797948,4.927180,4.935220,0.004274
18.300056,1,0.000976,0.214705,0.148341,0.000000,0.000000,0.180547,0.280092,0.580450,0.000305,0.000672,0.003236,0.016484,3.704416,3.289618,1.799266,1.106959,0.615750,1.104028,0.800732,0.749181,3.304942,3.299447,0.797948,4.921820,4.937900,0.004274
18.350055,1,0.000000,0.210801,0.146390,0.000000,0.000000,0.178595,0.281068,0.544730,0.000305,0.000549,0.003297,0.015995,3.697920,3.301682,1.797800,1.101830,0.606959,1.104394,0.800732,0.749450,3.304026,3.300363,0.797948,4.916460,4.936560,0.004274
18.400055,1,0.000000,0.213729,0.147365,0.000000,0.000000,0.190306,0.279116,0.580450,0.000244,0.000672,0.003297,0.016239,3.719264,3.303538,1.797800,1.108058,0.616483,1.104761,0.802930,0.756434,3.304026,3.300363,0.797948,4.921820,4.939240,0.004274
18.450055,1,0.000000,0.212753,0.144438,0.000000,0.000000,0.186403,0.280092,0.544730,0.000061,0.000427,0.003358,0.015995,3.699776,3.294258,1.798289,1.103296,0.615018,1.104028,0.798900,0.749450,3.306773,3.301279,0.797948,4.925840,4.936560,0.005128
18.500056,1,0.001952,0.214705,0.147365,0.000000,0.000000,0.178595,0.280092,0.580450,0.000305,0.000672,0.003297,0.015751,3.700704,3.298898,1.797312,1.101830,0.615750,1.102929,0.800732,0.748644,3.304026,3.300363,0.798241,4.924500,4.936560,0.004274
18.550055,1,0.000000,0.210801,0.147365,0.000000,0.000000,0.180547,0.280092,0.267900,0.000183,0.000549,0.003358,0.016606,3.704416,3.293330,1.796335,1.101464,0.617216,1.101098,0.801831,0.748913,3.305857,3.302194,0.798241,4.924500,4.935220,0.005128
18.600056,1,0.000000,0.213729,0.146390,0.000000,0.000000,0.176643,0.280092,0.589380,0.000305,0.000672,0.003297,0.016606,3.697920,3.301682,1.797800,1.107691,0.615750,1.105127,0.801098,0.749987,3.305857,3.302194,0.797948,4.921820,4.935220,0.004274
18.650055,1,0.000000,0.212753,0.143462,0.000000,0.000000,0.179571,0.278140,0.250040,0.000061,0.000672,0.003358,0.016606,3.711840,3.301682,1.797800,1.107691,0.616483,1.104394,0.800732,0.748913,3.305857,3.300363,0.798241,4.924500,4.941920,0.004274
18.700055,1,0.000000,0.222512,0.145414,0.000000,0.000000,0.180547,0.280092,0.589380,0.000305,0.000549,0.003297,0.015995,3.711840,3.297970,1.796824,1.110622,0.616117,1.101464,0.799633,0.749987,3.304942,3.300363,0.798241,4.920480,4.935220,0.004274
18.750056,1,0.000000,0.220560,0.147365,0.000000,0.000000,0.178595,0.282044,0.258970,0.000305,0.000672,0.003419,0.016361,3.697920,3.295186,1.798289,1.110622,0.616483,1.104394,0.800732,0.749181,3.303110,3.299447,0.797655,4.928520,4.939240,0.004274
18.800055,1,0.000000,0.213729,0.147365,0.000000,0.000000,0.178595,0.282044,0.580450,0.000183,0.000427,0.003358,0.016361,3.726687,3.327664,1.796824,1.107691,0.616483,1.104028,0.799633,0.749450,3.305857,3.299447,0.797948,4.911100,4.941920,0.004274
18.850055,1,0.000000,0.220560,0.147365,0.000000,0.000000,0.178595,0.281068,0.580450,0.000183,0.000427,0.003358,0.015995,3.703488,3.301682,1.796824,1.101830,0.615750,1.104761,0.802930,0.752405,3.305857,3.300363,0.798241,4.919140,4.936560,0.004274
18.900055,1,0.000000,0.213729,0.147365,0.000000,0.000000,0.178595,0.281068,0.580450,0.000183,0.000427,0.003358,0.015995,3.710912,3.291474,1.799266,1.102929,0.616117,1.105127,0.798900,0.752136,3.304942,3.301279,0.797948,4.925840,4.935220,0.004274
18.950056,1,0.000000,0.214705,0.146390,0.000000,0.000000,0.177619,0.282044,0.839420,0.000305,0.000672,0.003297,0.016117,3.713696,3.298898,1.797312,1.108424,0.616483,1.105127,0.801464,0.749450,3.304942,3.300363,0.797948,4.921820,4.935220,0.004274
19.000055,1,0.000000,0.212753,0.146390,0.000000,0.000000,0.179571,0.281068,0.580450,0.000244,0.000672,0.003419,0.016117,3.711840,3.291474,1.796824,1.102929,0.615750,1.102929,0.799267,0.749987,3.307689,3.301279,0.797362,4.928520,4.936560,0.004274
19.050056,1,0.000000,0.216657,0.146390,0.000000,0.000000,0.179571,0.283020,0.258970,0.000305,0.000549,0.003358,0.016239,3.726687,3.299826,1.798289,1.104761,0.616483,1.104761,0.801831,0.749450,3.304942,3.300363,0.797948,4.925840,4.935220,0.004274
19.100056,1,0.000976,0.211777,0.145414,0.000000,0.000000,0.179571,0.281068,0.580450,0.000305,0.000427,0.003419,0.016484,3.699776,3.301682,1.797800,1.104761,0.612820,1.102929,0.800365,0.749181,3.305857,3.299447,0.798241,4.923160,4.936560,0.004274
19.150055,1,0.000000,0.210801,0.147365,0.000000,0.000000,0.179571,0.280092,0.258970,0.000427,0.000427,0.003358,0.016484,3.711840,3.311889,1.798289,1.106226,0.615750,1.104761,0.800365,0.749450,3.305857,3.302194,0.797948,4.924500,4.936560,0.004274
19.200055,1,0.000000,0.214705,0.144438,0.000000,0.000000,0.179571,0.280092,0.589380,0.000244,0.000427,0.003358,0.016484,3.704416,3.327664,1.805126,1.107691,0.616117,1.100732,0.802930,0.749181,3.304942,3.300363,0.798241,4.919140,4.936560,0.004274
19.250056,1,0.000000,0.211777,0.155173,0.000000,0.000000,0.182499,0.281068,0.258970,0.000061,0.000427,0.003236,0.016606,3.715552,3.294258,1.798289,1.107691,0.615018,1.104028,0.799633,0.749987,3.304942,3.299447,0.797948,4.925840,4.936560,0.004274
19.300055,1,0.000000,0.213729,0.145414,0.000000,0.000000,0.180547,0.281068,0.589380,0.000061,0.000794,0.003358,0.016361,3.711840,3.357359,1.798289,1.104394,0.615018,1.102197,0.800732,0.748913,3.304942,3.300363,0.797948,4.925840,4.936560,0.004274
19.350056,1,0.000000,0.219584,0.147365,0.000000,0.000000,0.176643,0.282044,0.258970,0.000305,0.000672,0.003297,0.015995,3.719264,3.298898,1.797312,1.102197,0.603662,1.102929,0.799633,0.749181,3.304942,3.301279,0.797655,4.919140,4.939240,0.004274
19.400055,1,0.000976,0.222512,0.146390,0.000000,0.000000,0.178595,0.280092,0.776910,0.000305,0.000672,0.003297,0.016728,3.710912,3.298898,1.796824,1.103296,0.615750,1.102197,0.801831,0.879999,3.304026,3.299447,0.797948,4.920480,4.933880,0.004274
19.450058,1,0.000976,0.212753,0.149317,0.000000,0.000000,0.179571,0.280092,0.767980,0.000305,0.000672,0.003236,0.016361,3.704416,3.303538,1.798289,1.101464,0.616849,1.104028,0.801464,0.879193,3.305857,3.302194,0.797948,4.920480,4.931200,0.004274
19.500056,1,0.000000,0.213729,0.148341,0.000000,0.000000,0.181523,0.281068,0.580450,0.000305,0.000672,0.003297,0.016239,3.699776,3.295186,1.796824,1.107691,0.614651,1.102929,0.800732,0.749987,3.304942,3.300363,0.798241,4.927180,4.937900,0.004274
19.550056,1,0.000000,0.214705,0.148341,0.000000,0.000000,0.179571,0.281068,0.544730,0.000305,0.000672,0.003236,0.016361,3.703488,3.292402,1.798289,1.101830,0.616483,1.101464,0.800732,0.749181,3.303110,3.301279,0.797948,4.924500,4.939240,0.004274
19.600056,1,0.000000,0.217632,0.145414,0.000000,0.000000,0.176643,0.281068,0.580450,0.000305,0.000672,0.003236,0.016361,3.711840,3.292402,1.798289,1.107691,0.615750,1.101098,0.800732,0.748644,3.305857,3.300363,0.798241,4.921820,4.929860,0.005128
19.650056,1,0.000000,0.212753,0.145414,0.000000,0.000000,0.178595,0.279116,0.473290,0.000061,0.000733,0.003236,0.016606,3.703488,3.293330,1.797312,1.102929,0.615750,1.104394,0.800732,0.749450,3.305857,3.299447,0.797948,4.925840,4.939240,0.004274
19.700056,1,0.000000,0.214705,0.145414,0.000000,0.000000,0.180547,0.283996,0.580450,0.000305,0.000672,0.003419,0.016606,3.711840,3.293330,1.797312,1.102197,0.615384,1.102929,0.800732,0.748644,3.304942,3.302194,0.798241,4.924500,4.935220,0.004274
19.750056,1,0.000000,0.213729,0.144438,0.000000,0.000000,0.179571,0.282044,0.401850,0.000305,0.000672,0.003480,0.016606,3.700704,3.292402,1.797800,1.101830,0.611721,1.102929,0.802930,0.748913,3.306773,3.302194,0.798827,4.924500,4.935220,0.004274
19.800056,1,0.000000,0.214705,0.146390,0.000000,0.000000,0.179571,0.278140,0.580450,0.000183,0.000672,0.003297,0.016239,3.696064,3.307249,1.797312,1.107691,0.615750,1.102929,0.802930,0.749181,3.305857,3.300363,0.797948,4.919140,4.937900,0.004274
19.850055,1,0.000000,0.211777,0.147365,0.000000,0.000000,0.184451,0.282044,0.580450,0.000305,0.000672,0.003419,0.016117,3.704416,3.292402,1.797800,1.107691,0.615750,1.101464,0.799633,0.748913,3.304942,3.300363,0.798241,4.928520,4.939240,0.004274
19.900055,1,0.000000,0.213729,0.146390,0.000000,0.000000,0.201042,0.278140,0.580450,0.000183,0.000672,0.003236,0.016484,3.726687,3.291474,1.798289,1.109889,0.615384,1.104028,0.799267,0.747569,3.306773,3.301279,0.797948,4.919140,4.939240,0.004274
19.950056,1,0.000000,0.207873,0.148341,0.000000,0.000000,0.179571,0.279116,0.276830,0.000061,0.000427,0.003358,0.016361,3.711840,3.292402,1.796824,1.105127,0.615750,1.100732,0.801098,0.749450,3.305857,3.300363,0.797948,4.928520,4.941920,0.004274
20.000056,1,0.000000,0.222512,0.146390,0.000000,0.000000,0.179571,0.283020,0.580450,0.000244,0.000549,0.003419,0.017094,3.700704,3.307249,1.798289,1.101830,0.615018,1.104761,0.800732,0.749450,3.305857,3.300363,0.797948,4.925840,4.939240,0.004274
20.050056,1,0.000000,0.219584,0.145414,0.000000,0.000000,0.181523,0.280092,0.267900,0.000305,0.000672,0.003236,0.016606,3.699776,3.311889,1.797312,1.107691,0.615018,1.104028,0.801464,0.749181,3.305857,3.299447,0.798241,4.927180,4.936560,0.004274
20.100056,1,0.000000,0.211777,0.148341,0.000000,0.000000,0.177619,0.278140,0.580450,0.000305,0.000672,0.003419,0.016728,3.704416,3.294258,1.797312,1.103296,0.616849,1.104028,0.799633,0.756434,3.305857,3.302194,0.798241,4.924500,4.932540,0.004274
20.150055,1,0.000976,0.212753,0.147365,0.000000,0.000000,0.179571,0.283020,0.544730,0.000305,0.000549,0.003358,0.015995,3.715552,3.298898,1.797800,1.107325,0.616483,1.102929,0.801831,0.748644,3.307689,3.300363,0.797655,4.921820,4.929860,0.005128
20.200056,1,0.000000,0.213729,0.147365,0.000000,0.000000,0.179571,0.282044,0.580450,0.000305,0.000672,0.003419,0.016606,3.701632,3.294258,1.798289,1.108790,0.615384,1.102929,0.800732,0.749450,3.307689,3.300363,0.797948,4.919140,4.929860,0.004274
20.250056,1,0.000000,0.211777,0.146390,0.000000,0.000000,0.178595,0.283996,0.267900,0.000244,0.000672,0.003358,0.016606,3.704416,3.301682,1.797800,1.104761,0.615384,1.101464,0.800732,0.749450,3.305857,3.299447,0.797948,4.919140,4.929860,0.005128
20.300056,1,0.000000,0.212753,0.146390,0.000000,0.000000,0.178595,0.279116,0.580450,0.000305,0.000672,0.003419,0.016361,3.704416,3.299826,1.797800,1.104394,0.615750,1.106226,0.800732,0.749987,3.305857,3.301279,0.797948,4.909760,4.935220,0.004274
20.350056,1,0.000000,0.212753,0.146390,0.000000,0.000000,0.177619,0.280092,0.258970,0.000183,0.000427,0.003236,0.016606,3.703488,3.311889,1.798289,1.102929,0.601831,1.104761,0.801098,0.749987,3.305857,3.302194,0.797948,4.916460,4.936560,0.004274
20.400055,1,0.000000,0.215681,0.146390,0.000000,0.000000,0.179571,0.279116,0.589380,0.000305,0.000672,0.003419,0.016117,3.726687,3.307249,1.796824,1.104761,0.616849,1.104028,0.801098,0.749181,3.304942,3.299447,0.797948,4.927180,4.935220,0.004274
20.450055,1,0.000000,0.214705,0.146390,0.000000,0.000000,0.179571,0.283020,0.544730,0.000244,0.000672,0.003419,0.016361,3.726687,3.299826,1.798289,1.105494,0.616117,1.104761,0.802930,0.749181,3.305857,3.302194,0.798241,4.924500,4.935220,0.004274
20.500056,1,0.000000,0.211777,0.146390,0.000000,0.000000,0.201042,0.280092,0.580450,0.000061,0.000427,0.003297,0.016361,3.726687,3.357359,1.796824,1.107325,0.615384,1.104761,0.801098,0.749181,3.307689,3.300363,0.798241,4.919140,4.929860,0.004274
20.550056,1,0.000000,0.213729,0.146390,0.000000,0.000000,0.201042,0.282044,0.258970,0.000305,0.000549,0.003419,0.016239,3.710912,3.307249,1.797800,1.104394,0.616483,1.104028,0.800365,0.749450,3.305857,3.302194,0.798241,4.925840,4.936560,0.004274
20.600055,1,0.000000,0.212753,0.145414,0.000000,0.000000,0.180547,0.280092,0.580450,0.000305,0.000672,0.003358,0.016484,3.711840,3.297970,1.796824,1.106226,0.616483,1.100732,0.799267,0.749450,3.304942,3.301279,0.797948,4.920480,4.935220,0.004274
20.650056,1,0.000976,0.224464,0.147365,0.000000,0.000000,0.180547,0.282044,0.258970,0.000305,0.000672,0.003358,0.016606,3.711840,3.303538,1.798289,1.107691,0.610622,1.104761,0.800732,0.749718,3.304942,3.300363,0.797655,4.927180,4.935220,0.004274
20.700056,1,0.000976,0.210801,0.148341,0.000000,0.000000,0.179571,0.279116,0.580450,0.000061,0.000672,0.003297,0.016117,3.696064,3.307249,1.797800,1.108424,0.615750,1.104761,0.801831,0.749450,3.304942,3.300363,0.797948,4.925840,4.936560,0.004274
20.750056,1,0.000000,0.213729,0.145414,0.000000,0.000000,0.179571,0.279116,0.267900,0.000244,0.000549,0.003419,0.016239,3.698848,3.357359,1.796824,1.104761,0.615750,1.104394,0.800732,0.748913,3.306773,3.299447,0.798241,4.919140,4.939240,0.004274
20.800056,1,0.000000,0.213729,0.147365,0.000000,0.000000,0.179571,0.281068,0.589380,0.000305,0.000672,0.003297,0.015995,3.715552,3.298898,1.796824,1.104394,0.616117,1.100732,0.802930,0.749450,3.304942,3.300363,0.797948,4.925840,4.929860,0.004274
20.850056,1,0.000000,0.216657,0.147365,0.000000,0.000000,0.178595,0.281068,0.553660,0.000488,0.000672,0.003175,0.016606,3.711840,3.295186,1.799266,1.107325,0.614651,1.103296,0.800365,0.749450,3.304942,3.300363,0.798241,4.924500,4.936560,0.004274
20.900055,1,0.000000,0.212753,0.145414,0.000000,0.000000,0.181523,0.281068,0.580450,0.000305,0.000672,0.003419,0.016728,3.704416,3.303538,1.797312,1.102197,0.615384,1.104761,0.800732,0.748913,3.304942,3.299447,0.797948,4.928520,4.939240,0.005128
20.950056,1,0.000000,0.212753,0.145414,0.000000,0.000000,0.178595,0.279116,0.473290,0.000305,0.000672,0.003297,0.016484,3.711840,3.311889,1.796824,1.102197,0.616483,1.104028,0.800732,0.749181,3.305857,3.301279,0.797948,4.925840,4.935220,0.004274
21.000056,1,0.000000,0.212753,0.146390,0.000000,0.000000,0.179571,0.280092,0.589380,0.000305,0.000672,0.003236,0.016606,3.704416,3.293330,1.798289,1.106959,0.616483,1.100732,0.800365,0.749450,3.304942,3.299447,0.797948,4.920480,4.939240,0.004274
21.050056,1,0.000976,0.211777,0.146390,0.000000,0.000000,0.178595,0.277164,0.267900,0.000183,0.000427,0.003297,0.016606,3.715552,3.298898,1.797800,1.107691,0.616117,1.102929,0.799633,0.749181,3.304942,3.301279,0.797948,4.927180,4.939240,0.004274
21.100056,1,0.000000,0.212753,0.147365,0.000000,0.000000,0.180547,0.280092,0.580450,0.000183,0.000427,0.003236,0.015995,3.711840,3.325809,1.797312,1.103296,0.616117,1.099999,0.801098,0.748644,3.305857,3.302194,0.797948,4.919140,4.939240,0.004274
21.150057,1,0.000000,0.211777,0.147365,0.000000,0.000000,0.193234,0.281068,0.482220,0.000244,0.000549,0.003297,0.016606,3.698848,3.298898,1.798289,1.107691,0.616483,1.100732,0.800732,0.749450,3.307689,3.300363,0.797948,4.928520,4.939240,0.004274
21.200056,1,0.000000,0.208849,0.147365,0.000000,0.000000,0.192258,0.282044,0.580450,0.000305,0.000427,0.003236,0.016361,3.703488,3.295186,1.798777,1.107325,0.615384,1.104028,0.800732,0.749181,3.303110,3.299447,0.797948,4.924500,4.937900,0.004274
21.250055,1,0.001952,0.211777,0.147365,0.000000,0.000000,0.177619,0.281068,0.258970,0.000305,0.000672,0.003358,0.015995,3.711840,3.298898,1.796824,1.104028,0.613186,1.101464,0.799633,0.749450,3.305857,3.299447,0.797948,4.927180,4.939240,0.004274
21.300055,1,0.000000,0.214705,0.146390,0.000000,0.000000,0.179571,0.279116,0.589380,0.000305,0.000549,0.003358,0.016239,3.703488,3.301682,1.797800,1.110622,0.616483,1.104761,0.800732,0.749181,3.304942,3.300363,0.797948,4.920480,4.937900,0.004274
21.350055,1,0.000000,0.213729,0.148341,0.000000,0.000000,0.178595,0.280092,0.839420,0.000183,0.000672,0.003358,0.016117,3.710912,3.301682,1.796824,1.103296,0.601098,1.100732,0.801831,0.750524,3.306773,3.301279,0.797948,4.927180,4.939240,0.004274
21.400055,1,0.000000,0.211777,0.145414,0.000000,0.000000,0.177619,0.283020,0.580450,0.000305,0.000549,0.003358,0.015995,3.719264,3.293330,1.797312,1.107691,0.615750,1.104028,0.800732,0.748913,3.304942,3.300363,0.797948,4.925840,4.939240,0.004274
21.450056,1,0.000000,0.226416,0.146390,0.000000,0.000000,0.179571,0.281068,0.401850,0.000183,0.000427,0.003236,0.016606,3.711840,3.293330,1.798289,1.106959,0.617216,1.101098,0.800365,0.747569,3.305857,3.300363,0.798241,4.919140,4.939240,0.004274
21.500056,1,0.000000,0.224464,0.148341,0.000000,0.000000,0.178595,0.282044,0.580450,0.000305,0.000549,0.003358,0.016117,3.713696,3.298898,1.798289,1.110622,0.615750,1.102929,0.800732,0.748644,3.305857,3.299447,0.797948,4.924500,4.936560,0.004274
21.550055,1,0.000000,0.212753,0.147365,0.000000,0.000000,0.178595,0.281068,0.839420,0.000061,0.000427,0.003236,0.015995,3.704416,3.292402,1.798289,1.107691,0.615750,1.105127,0.801831,0.749450,3.305857,3.299447,0.797948,4.925840,4.936560,0.004274
21.600057,1,0.000000,0.214705,0.147365,0.000000,0.000000,0.178595,0.280092,0.580450,0.000183,0.000672,0.003419,0.016484,3.710912,3.292402,1.796824,1.102197,0.616483,1.102929,0.800732,0.749450,3.304942,3.301279,0.797948,4.925840,4.935220,0.004274
21.650056,1,0.000000,0.210801,0.146390,0.000000,0.000000,0.179571,0.281068,0.258970,0.000061,0.000977,0.003297,0.016484,3.699776,3.294258,1.798289,1.107325,0.616483,1.101464,0.800732,0.749450,3.305857,3.299447,0.797948,4.928520,4.939240,0.004274
21.700056,1,0.000000,0.212753,0.148341,0.000000,0.000000,0.180547,0.282044,0.580450,0.000305,0.000672,0.003419,0.015995,3.704416,3.303538,1.797800,1.103296,0.615384,1.104761,0.800732,0.749450,3.304942,3.299447,0.797948,4.925840,4.939240,0.004274
21.750056,1,0.000000,0.215681,0.146390,0.000000,0.000000,0.178595,0.282044,0.544730,0.000305,0.000549,0.003236,0.016239,3.700704,3.299826,1.797800,1.107691,0.616483,1.102929,0.800732,0.749450,3.304942,3.299447,0.797948,4.925840,4.936560,0.004274
21.800056,1,0.000000,0.212753,0.148341,0.000000,0.000000,0.193234,0.281068,0.580450,0.000183,0.000427,0.003175,0.016117,3.699776,3.293330,1.797800,1.107691,0.616483,1.102929,0.801831,0.748913,3.304942,3.301279,0.797948,4.927180,4.937900,0.004274
21.850056,1,0.000000,0.213729,0.147365,0.000000,0.000000,0.193234,0.278140,0.839420,0.000244,0.000549,0.003297,0.015995,3.701632,3.299826,1.798289,1.102197,0.616483,1.102929,0.799633,0.749450,3.305857,3.301279,0.797948,4.928520,4.939240,0.004274
21.900056,1,0.000000,0.212753,0.146390,0.000000,0.000000,0.177619,0.282044,0.580450,0.000305,0.000672,0.003297,0.016606,3.711840,3.307249,1.798289,1.104761,0.613186,1.100732,0.798900,0.749181,3.306773,3.300363,0.798241,4.923160,4.936560,0.004274
21.950056,1,0.000000,0.211777,0.146390,0.000000,0.000000,0.202017,0.280092,0.580450,0.000061,0.000672,0.003236,0.015995,3.710912,3.295186,1.797312,1.109889,0.616483,1.101098,0.800732,0.749450,3.305857,3.300363,0.798241,4.927180,4.937900,0.004274
22.000055,1,0.000000,0.213729,0.147365,0.000000,0.000000,0.178595,0.280092,0.580450,0.000305,0.000549,0.003236,0.015995,3.704416,3.291474,1.798289,1.102197,0.615750,1.105494,0.799633,0.749450,3.305857,3.299447,0.797948,4.920480,4.935220,0.004274
22.050056,1,0.000000,0.210801,0.145414,0.000000,0.000000,0.177619,0.281068,0.267900,0.000305,0.000672,0.003297,0.016606,3.711840,3.301682,1.798777,1.107691,0.614651,1.101098,0.799633,0.749181,3.304942,3.300363,0.797948,4.928520,4.937900,0.004274
22.100056,1,0.000000,0.227392,0.147365,0.000000,0.000000,0.180547,0.280092,0.589380,0.000305,0.000549,0.003114,0.016239,3.704416,3.307249,1.798289,1.109889,0.616483,1.100732,0.800365,0.749181,3.305857,3.300363,0.797655,4.924500,4.935220,0.004274
22.150056,1,0.000000,0.227392,0.144438,0.000000,0.000000,0.178595,0.278140,0.258970,0.000305,0.000672,0.003114,0.016361,3.697920,3.295186,1.796824,1.102197,0.615384,1.101464,0.801098,0.748913,3.305857,3.299447,0.797655,4.927180,4.937900,0.004274
22.200056,1,0.000000,0.211777,0.147365,0.000000,0.000000,0.180547,0.283996,0.580450,0.000305,0.000672,0.003297,0.016361,3.711840,3.298898,1.797800,1.106226,0.615018,1.104761,0.800732,0.749450,3.305857,3.300363,0.798241,4.919140,4.935220,0.004274
22.250055,1,0.000000,0.212753,0.146390,0.000000,0.000000,0.178595,0.280092,0.125020,0.000244,0.000549,0.003358,0.016606,3.704416,3.311889,1.798289,1.101464,0.616483,1.101464,0.800732,0.749450,3.304942,3.301279,0.797948,4.927180,4.939240,0.004274
22.300055,1,0.000000,0.212753,0.144438,0.000000,0.000000,0.179571,0.283020,0.589380,0.000183,0.000672,0.003236,0.016361,3.705344,3.311889,1.796824,1.101830,0.615750,1.100732,0.800732,0.749450,3.304942,3.299447,0.797948,4.923160,4.939240,0.004274
22.350056,1,0.000000,0.216657,0.145414,0.000000,0.000000,0.180547,0.280092,0.258970,0.000305,0.000549,0.003419,0.016117,3.699776,3.307249,1.797800,1.105127,0.606227,1.101464,0.800365,0.747569,3.304942,3.299447,0.797655,4.927180,4.935220,0.004274
22.400055,1,0.000000,0.215681,0.147365,0.000000,0.000000,0.179571,0.280092,0.580450,0.000061,0.000672,0.003236,0.015995,3.699776,3.311889,1.796824,1.101464,0.615018,1.106226,0.800732,0.749181,3.305857,3.299447,0.797948,4.924500,4.939240,0.004274
22.450056,1,0.000000,0.211777,0.145414,0.000000,0.000000,0.192258,0.282044,0.526870,0.000244,0.000549,0.003358,0.016606,3.726687,3.299826,1.798289,1.107691,0.616117,1.104394,0.800732,0.748913,3.307689,3.300363,0.798241,4.928520,4.935220,0.004274
22.500058,1,0.000000,0.209825,0.146390,0.000000,0.000000,0.189330,0.280092,0.589380,0.000061,0.000672,0.003358,0.016117,3.696993,3.293330,1.796824,1.105494,0.616483,1.104394,0.801098,0.747569,3.306773,3.299447,0.798241,4.924500,4.935220,0.004274
22.550058,1,0.000000,0.215681,0.147365,0.000000,0.000000,0.179571,0.279116,0.482220,0.000183,0.000672,0.003419,0.015995,3.704416,3.294258,1.797312,1.107691,0.615750,1.102929,0.801098,0.749450,3.305857,3.300363,0.797948,4.928520,4.937900,0.004274
22.600056,1,0.000000,0.212753,0.147365,0.000000,0.000000,0.182499,0.280092,0.580450,0.000183,0.000672,0.003297,0.016361,3.699776,3.301682,1.797800,1.110622,0.616117,1.102929,0.799633,0.749718,3.307689,3.300363,0.797948,4.919140,4.935220,0.004274
22.650056,1,0.000976,0.216657,0.144438,0.000000,0.000000,0.179571,0.281068,0.116090,0.000305,0.000672,0.003297,0.016239,3.703488,3.298898,1.796824,1.106226,0.615750,1.100732,0.801831,0.749450,3.306773,3.302194,0.798241,4.924500,4.941920,0.004274
22.700055,1,0.000000,0.211777,0.144438,0.000000,0.000000,0.177619,0.282044,0.580450,0.000061,0.000427,0.003358,0.015995,3.711840,3.298898,1.799266,1.112087,0.616483,1.100732,0.800732,0.749987,3.304942,3.299447,0.797948,4.927180,4.939240,0.004274
22.750055,1,0.000000,0.228368,0.146390,0.000000,0.000000,0.180547,0.281068,0.258970,0.000305,0.000672,0.003419,0.016606,3.704416,3.295186,1.797800,1.101830,0.616483,1.104394,0.799633,0.749450,3.305857,3.302194,0.798241,4.925840,4.935220,0.004274
22.800056,1,0.000976,0.227392,0.146390,0.000000,0.000000,0.178595,0.281068,0.580450,0.000183,0.000672,0.003297,0.016239,3.710912,3.307249,1.797312,1.107691,0.617216,1.104761,0.800732,0.749181,3.306773,3.299447,0.797655,4.924500,4.935220,0.004274
22.850056,1,0.000000,0.213729,0.147365,0.000000,0.000000,0.180547,0.282044,0.258970,0.000305,0.000549,0.003419,0.016239,3.703488,3.294258,1.798289,1.104394,0.615018,1.101464,0.801831,0.749450,3.304942,3.300363,0.798241,4.919140,4.936560,0.004274
22.900055,1,0.000000,0.216657,0.144438,0.000000,0.000000,0.180547,0.282044,0.580450,0.000305,0.000549,0.003297,0.016239,3.710912,3.297970,1.796824,1.109156,0.616117,1.106226,0.800365,0.748913,3.304942,3.300363,0.798241,4.931200,4.936560,0.004274
22.950056,1,0.000000,0.229344,0.145414,0.000000,0.000000,0.179571,0.282044,0.580450,0.000244,0.000549,0.003358,0.015995,3.700704,3.301682,1.798289,1.106226,0.615750,1.104761,0.799633,0.749987,3.306773,3.300363,0.797948,4.924500,4.929860,0.004274
23.000056,1,0.000000,0.213729,0.147365,0.000000,0.000000,0.178595,0.283020,0.589380,0.000061,0.000672,0.003297,0.016361,3.700704,3.291474,1.797312,1.106959,0.615384,1.102929,0.802930,0.749181,3.305857,3.300363,0.798241,4.927180,4.929860,0.004274
23.050056,1,0.000976,0.214705,0.147365,0.000000,0.000000,0.178595,0.282044,0.553660,0.000183,0.000672,0.003114,0.016361,3.697920,3.295186,1.796824,1.102563,0.616117,1.102929,0.800365,0.749987,3.305857,3.299447,0.798241,4.924500,4.935220,0.004274
23.100056,1,0.000000,0.213729,0.147365,0.000000,0.000000,0.189330,0.282044,0.589380,0.000305,0.000549,0.003419,0.015995,3.711840,3.307249,1.797800,1.101464,0.616117,1.100732,0.800732,0.749450,3.304942,3.300363,0.797948,4.927180,4.939240,0.004274
23.150056,1,0.000000,0.212753,0.147365,0.000000,0.000000,0.189330,0.280092,0.267900,0.000305,0.000672,0.003114,0.016361,3.697920,3.313745,1.796824,1.102929,0.615750,1.100732,0.800732,0.749450,3.305857,3.301279,0.797948,4.925840,4.935220,0.004274
23.200056,1,0.000000,0.214705,0.147365,0.000000,0.000000,0.179571,0.279116,0.580450,0.000183,0.000672,0.003358,0.015995,3.710912,3.327664,1.797800,1.107691,0.615750,1.101098,0.802930,0.749181,3.305857,3.302194,0.797655,4.924500,4.929860,0.005128
23.250055,1,0.000000,0.209825,0.148341,0.000000,0.000000,0.178595,0.279116,0.267900,0.000244,0.000549,0.003358,0.016239,3.711840,3.295186,1.798777,1.104761,0.615750,1.100732,0.800732,0.749450,3.304942,3.300363,0.797948,4.925840,4.935220,0.004274
23.300056,1,0.000000,0.212753,0.144438,0.000000,0.000000,0.180547,0.280092,0.580450,0.000061,0.000672,0.003297,0.016606,3.711840,3.307249,1.796824,1.101830,0.616483,1.102929,0.801831,0.749987,3.306773,3.300363,0.797948,4.919140,4.935220,0.004274
23.350055,1,0.000000,0.214705,0.144438,0.000000,0.000000,0.179571,0.282044,0.267900,0.000305,0.000549,0.003419,0.016606,3.704416,3.299826,1.797800,1.101464,0.607325,1.104028,0.800365,0.749450,3.304942,3.301279,0.797948,4.927180,4.939240,0.004274
23.400055,1,0.000000,0.221536,0.147365,0.000000,0.000000,0.178595,0.280092,0.580450,0.000061,0.000672,0.003297,0.016606,3.701632,3.301682,1.803173,1.110622,0.616483,1.105494,0.799267,0.749450,3.304026,3.299447,0.797948,4.925840,4.929860,0.004274
23.450056,1,0.000000,0.218608,0.146390,0.000000,0.000000,0.178595,0.278140,0.401850,0.000183,0.000672,0.003358,0.016484,3.710912,3.293330,1.797312,1.110622,0.615384,1.104394,0.799267,0.749450,3.304942,3.299447,0.797948,4.925840,4.937900,0.005128
23.500056,1,0.000976,0.210801,0.148341,0.000000,0.000000,0.179571,0.280092,0.580450,0.000183,0.000672,0.003419,0.015995,3.711840,3.294258,1.797800,1.107691,0.616483,1.100732,0.801098,0.749987,3.305857,3.299447,0.797948,4.925840,4.939240,0.005128
23.550056,1,0.000000,0.213729,0.147365,0.000000,0.000000,0.177619,0.279116,0.517940,0.000305,0.000672,0.003419,0.016728,3.711840,3.293330,1.798289,1.109156,0.616117,1.106226,0.801464,0.748644,3.304942,3.299447,0.797948,4.927180,4.939240,0.004274
23.600056,1,0.000976,0.213729,0.147365,0.000000,0.000000,0.182499,0.278140,0.580450,0.000183,0.000672,0.003236,0.016606,3.711840,3.295186,1.796824,1.109156,0.616117,1.104761,0.798900,0.748913,3.305857,3.299447,0.797948,4.921820,4.935220,0.004274
23.650056,1,0.000000,0.215681,0.147365,0.000000,0.000000,0.179571,0.281068,0.267900,0.000244,0.000549,0.003419,0.016361,3.699776,3.293330,1.798289,1.103296,0.616117,1.103662,0.801098,0.748644,3.305857,3.301279,0.797948,4.925840,4.935220,0.004274
23.700056,1,0.000976,0.211777,0.146390,0.000000,0.000000,0.178595,0.280092,0.589380,0.000061,0.000672,0.003297,0.017094,3.703488,3.307249,1.797312,1.107691,0.615018,1.104761,0.800732,0.748913,3.305857,3.299447,0.797948,4.921820,4.935220,0.004274
23.750055,1,0.000000,0.213729,0.146390,0.000000,0.000000,0.189330,0.281068,0.258970,0.000305,0.000672,0.003236,0.015995,3.705344,3.293330,1.797800,1.102929,0.615750,1.104394,0.799633,0.749450,3.305857,3.300363,0.797948,4.928520,4.929860,0.004274
23.800055,1,0.000000,0.212753,0.148341,0.000000,0.000000,0.192258,0.280092,0.580450,0.000305,0.000672,0.003297,0.015995,3.711840,3.297970,1.798289,1.106226,0.616117,1.104028,0.800732,0.748644,3.305857,3.299447,0.797948,4.921820,4.929860,0.004274
23.850056,1,0.000000,0.214705,0.145414,0.000000,0.000000,0.177619,0.278140,0.258970,0.000305,0.000672,0.003358,0.016484,3.704416,3.301682,1.798289,1.107691,0.615750,1.104761,0.800732,0.749987,3.304942,3.300363,0.797948,4.928520,4.935220,0.004274
23.900056,1,0.000000,0.211777,0.146390,0.000000,0.000000,0.178595,0.280092,0.580450,0.000061,0.000427,0.003419,0.016361,3.704416,3.307249,1.797312,1.107691,0.616483,1.102929,0.799633,0.749450,3.305857,3.301279,0.797948,4.921820,4.937900,0.004274
23.950055,1,0.000000,0.212753,0.146390,0.000000,0.000000,0.190306,0.278140,0.580450,0.000305,0.000672,0.003419,0.015995,3.710912,3.294258,1.797800,1.104394,0.615750,1.104394,0.801464,0.748913,3.304942,3.300363,0.797948,4.925840,4.939240,0.004274
24.000056,1,0.000000,0.214705,0.144438,0.000000,0.000000,0.179571,0.279116,0.580450,0.000183,0.000672,0.003236,0.016361,3.711840,3.295186,1.796824,1.104761,0.615750,1.102929,0.799633,0.749450,3.305857,3.300363,0.797362,4.925840,4.939240,0.004274
24.050056,1,0.000000,0.219584,0.147365,0.000000,0.000000,0.180547,0.282044,0.410780,0.000305,0.000549,0.003114,0.016606,3.711840,3.298898,1.797800,1.104394,0.614651,1.104761,0.800365,0.749450,3.307689,3.300363,0.797948,4.928520,4.939240,0.004274
24.100056,1,0.000000,0.222512,0.145414,0.000000,0.000000,0.177619,0.279116,0.580450,0.000183,0.000977,0.003419,0.016606,3.696064,3.292402,1.798289,1.101830,0.616483,1.100732,0.800732,0.748644,3.307689,3.300363,0.797655,4.920480,4.939240,0.004274
24.150056,1,0.000000,0.211777,0.147365,0.000000,0.000000,0.181523,0.281068,0.258970,0.000305,0.000672,0.003358,0.016361,3.711840,3.327664,1.797800,1.104761,0.615384,1.102929,0.800732,0.748913,3.304942,3.299447,0.797948,4.925840,4.939240,0.004274
24.200056,1,0.000000,0.211777,0.146390,0.000000,0.000000,0.178595,0.281068,0.580450,0.000305,0.000427,0.003236,0.016728,3.704416,3.293330,1.798289,1.101830,0.613919,1.101464,0.799633,0.749450,3.305857,3.300363,0.798241,4.919140,4.939240,0.004274
24.250055,1,0.000000,0.214705,0.146390,0.000000,0.000000,0.178595,0.281068,0.553660,0.000305,0.000549,0.003419,0.016606,3.704416,3.291474,1.799266,1.102929,0.616483,1.103662,0.801098,0.749718,3.305857,3.302194,0.798241,4.928520,4.939240,0.004274
24.300054,1,0.000000,0.212753,0.146390,0.000000,0.000000,0.179571,0.283996,0.580450,0.000549,0.000672,0.003297,0.016117,3.711840,3.311889,1.798289,1.107691,0.616117,1.103296,0.800732,0.748913,3.305857,3.302194,0.797948,4.925840,4.935220,0.004274
24.350055,1,0.000000,0.211777,0.146390,0.000000,0.000000,0.178595,0.283020,0.267900,0.000305,0.000672,0.003297,0.016117,3.704416,3.295186,1.798289,1.108058,0.601098,1.105494,0.800732,0.749181,3.305857,3.300363,0.798241,4.928520,4.937900,0.004274
24.400056,1,0.000000,0.212753,0.146390,0.000000,0.000000,0.189330,0.280092,0.580450,0.000183,0.000427,0.003358,0.016484,3.726687,3.327664,1.798289,1.109156,0.615018,1.104761,0.799633,0.749450,3.305857,3.300363,0.797948,4.925840,4.936560,0.004274
24.450056,1,0.000000,0.213729,0.146390,0.000000,0.000000,0.190306,0.282044,0.482220,0.000305,0.000549,0.003358,0.016361,3.719264,3.301682,1.797800,1.107691,0.616117,1.101098,0.801098,0.749181,3.304942,3.301279,0.797948,4.925840,4.935220,0.004274
24.500056,1,0.000000,0.211777,0.147365,0.000000,0.000000,0.178595,0.281068,0.580450,0.000183,0.000672,0.003114,0.016484,3.698848,3.357359,1.796824,1.107691,0.616483,1.102197,0.798900,0.748913,3.304942,3.301279,0.798241,4.913780,4.939240,0.004274
24.550056,1,0.000000,0.212753,0.146390,0.000000,0.000000,0.178595,0.280092,0.410780,0.000305,0.000672,0.003297,0.015995,3.699776,3.301682,1.798289,1.107691,0.617216,1.104761,0.801464,0.749987,3.303110,3.299447,0.798241,4.924500,4.939240,0.004274
24.600056,1,0.000000,0.275212,0.147365,0.000000,0.000000,0.179571,0.282044,0.589380,0.000183,0.000427,0.003236,0.016117,3.700704,3.293330,1.797312,1.109156,0.615750,1.104761,0.799633,0.748913,3.305857,3.300363,0.797948,4.928520,4.929860,0.004274
24.650055,1,0.000000,0.211777,0.145414,0.000000,0.000000,0.177619,0.280092,0.687610,0.000244,0.000549,0.003358,0.016361,3.713696,3.311889,1.798289,1.109156,0.616117,1.102929,0.801464,0.749987,3.304942,3.300363,0.797948,4.927180,4.935220,0.004274
24.700056,1,0.000000,0.221536,0.144438,0.000000,0.000000,0.177619,0.280092,0.580450,0.000183,0.000427,0.003358,0.016606,3.711840,3.299826,1.798289,1.104394,0.615018,1.104028,0.801831,0.749718,3.304942,3.300363,0.797948,4.925840,4.936560,0.004274
24.750055,1,0.000000,0.220560,0.148341,0.000000,0.000000,0.178595,0.278140,0.544730,0.000183,0.000672,0.003297,0.016117,3.696064,3.301682,1.796824,1.104761,0.616849,1.102197,0.799633,0.749181,3.304942,3.301279,0.797948,4.925840,4.939240,0.004274
24.800055,1,0.000000,0.214705,0.145414,0.000000,0.000000,0.179571,0.280092,0.580450,0.000305,0.000672,0.003236,0.016361,3.711840,3.298898,1.797312,1.110622,0.616117,1.102929,0.802930,0.748913,3.304942,3.299447,0.797948,4.925840,4.935220,0.004274
24.850056,1,0.000000,0.212753,0.147365,0.000000,0.000000,0.178595,0.279116,0.258970,0.000183,0.000672,0.003297,0.016117,3.711840,3.325809,1.798777,1.107691,0.616117,1.102929,0.798900,0.748913,3.305857,3.299447,0.798241,4.928520,4.929860,0.004274
24.900054,1,0.000000,0.214705,0.147365,0.000000,0.000000,0.180547,0.283020,0.580450,0.000305,0.000672,0.003297,0.016239,3.715552,3.298898,1.796824,1.101830,0.616849,1.103662,0.800732,0.748644,3.305857,3.302194,0.798241,4.912440,4.939240,0.004274
24.950056,1,0.000976,0.212753,0.145414,0.000000,0.000000,0.177619,0.281068,0.151810,0.000305,0.000549,0.003419,0.016850,3.711840,3.325809,1.796824,1.101464,0.616483,1.104028,0.800365,0.749450,3.304026,3.300363,0.797948,4.928520,4.935220,0.004274
25.000056,1,0.000000,0.215681,0.145414,0.000000,0.000000,0.179571,0.281068,0.580450,0.000183,0.000672,0.003297,0.016361,3.710912,3.298898,1.796824,1.101830,0.614285,1.104761,0.799633,0.748644,3.305857,3.300363,0.798241,4.924500,4.939240,0.004274
25.050057,1,0.000000,0.211777,0.147365,0.000000,0.000000,0.190306,0.280092,0.258970,0.000183,0.000672,0.003236,0.015995,3.704416,3.293330,1.797800,1.102563,0.615018,1.104394,0.800732,0.749450,3.305857,3.300363,0.797948,4.925840,4.932540,0.004274
25.100055,1,0.000000,0.211777,0.147365,0.000000,0.000000,0.193234,0.279116,0.589380,0.000305,0.000672,0.003297,0.015751,3.699776,3.295186,1.798289,1.102197,0.616849,1.104394,0.801831,0.748913,3.304942,3.301279,0.797948,4.913780,4.936560,0.004274
25.150056,1,0.000000,0.211777,0.147365,0.000000,0.000000,0.177619,0.280092,0.553660,0.000305,0.000549,0.003419,0.016361,3.715552,3.307249,1.796824,1.104761,0.616483,1.104761,0.799633,0.749987,3.306773,3.299447,0.797655,4.927180,4.937900,0.005128
25.200056,1,0.000000,0.213729,0.182499,0.000000,0.000000,0.178595,0.281068,0.580450,0.000183,0.000549,0.003297,0.016606,3.711840,3.294258,1.798289,1.102563,0.615384,1.104394,0.799633,0.748644,3.304942,3.299447,0.797948,4.925840,4.929860,0.004274
25.250056,1,0.000000,0.215681,0.147365,0.000000,0.000000,0.181523,0.279116,0.696540,0.000244,0.000549,0.003419,0.015995,3.704416,3.294258,1.798777,1.101830,0.616117,1.102929,0.798900,0.748913,3.304942,3.300363,0.798241,4.928520,4.935220,0.004274
25.300056,1,0.000000,0.214705,0.147365,0.000000,0.000000,0.179571,0.280092,0.589380,0.000305,0.000549,0.003419,0.015995,3.711840,3.327664,1.796824,1.106226,0.616117,1.102929,0.800732,0.749718,3.304942,3.300363,0.798241,4.919140,4.929860,0.004274
25.350056,1,0.000000,0.220560,0.146390,0.000000,0.000000,0.180547,0.280092,0.410780,0.000305,0.000427,0.003236,0.016239,3.704416,3.291474,1.798289,1.110622,0.601831,1.104394,0.801098,0.749718,3.305857,3.299447,0.798241,4.917800,4.936560,0.004274
25.400056,1,0.000000,0.220560,0.148341,0.000000,0.000000,0.179571,0.278140,0.580450,0.000183,0.000672,0.003358,0.016361,3.711840,3.293330,1.798289,1.110622,0.615384,1.102929,0.800732,0.748375,3.304942,3.301279,0.797948,4.925840,4.939240,0.004274
25.450056,1,0.000000,0.215681,0.144438,0.000000,0.000000,0.178595,0.280092,0.401850,0.000061,0.000672,0.003419,0.016728,3.711840,3.325809,1.796824,1.106226,0.616849,1.104761,0.800732,0.748644,3.304942,3.300363,0.797948,4.925840,4.935220,0.004274
25.500056,1,0.000000,0.212753,0.149317,0.000000,0.000000,0.178595,0.281068,0.589380,0.000183,0.000672,0.003297,0.016361,3.711840,3.301682,1.797800,1.107691,0.616849,1.101464,0.799633,0.749718,3.304942,3.301279,0.797948,4.921820,4.935220,0.004274
25.550056,1,0.000976,0.213729,0.145414,0.000000,0.000000,0.179571,0.279116,0.267900,0.000183,0.000672,0.003236,0.016239,3.711840,3.303538,1.797312,1.107691,0.616483,1.105127,0.801098,0.748913,3.305857,3.300363,0.797948,4.925840,4.937900,0.004274
25.600056,1,0.000000,0.210801,0.146390,0.000000,0.000000,0.179571,0.280092,0.589380,0.000305,0.000672,0.003236,0.015995,3.704416,3.307249,1.798289,1.101830,0.616117,1.102929,0.801464,0.749718,3.306773,3.301279,0.798241,4.928520,4.929860,0.004274
25.650056,1,0.000000,0.211777,0.146390,0.000000,0.000000,0.178595,0.280092,0.267900,0.000305,0.000549,0.003419,0.016361,3.703488,3.295186,1.798289,1.101464,0.615750,1.101464,0.799633,0.749450,3.307689,3.300363,0.797948,4.925840,4.937900,0.004274
25.700055,1,0.000000,0.211777,0.146390,0.000000,0.000000,0.191282,0.281068,0.580450,0.000061,0.000672,0.003358,0.016606,3.711840,3.292402,1.797312,1.101464,0.616483,1.102929,0.801464,0.749987,3.306773,3.299447,0.798241,4.923160,4.935220,0.004274
25.750056,1,0.000000,0.212753,0.146390,0.000000,0.000000,0.191282,0.280092,0.267900,0.000183,0.000672,0.003236,0.016606,3.711840,3.295186,1.797312,1.104761,0.616117,1.104394,0.799633,0.749450,3.306773,3.301279,0.797948,4.927180,4.939240,0.004274
25.800054,1,0.000000,0.213729,0.145414,0.000000,0.000000,0.179571,0.279116,0.580450,0.000305,0.000672,0.003419,0.016606,3.711840,3.293330,1.798289,1.104028,0.616117,1.102929,0.799633,0.749987,3.304942,3.301279,0.797948,4.925840,4.937900,0.004274
25.850056,1,0.000000,0.214705,0.148341,0.000000,0.000000,0.177619,0.282044,0.267900,0.000305,0.000672,0.003419,0.016606,3.703488,3.293330,1.797312,1.103296,0.616483,1.102929,0.801831,0.749450,3.305857,3.299447,0.797948,4.925840,4.931200,0.004274
25.900055,1,0.000000,0.213729,0.147365,0.000000,0.000000,0.179571,0.282044,0.580450,0.000244,0.000549,0.003419,0.016117,3.711840,3.311889,1.796335,1.110622,0.616483,1.104761,0.801098,0.748644,3.305857,3.301279,0.797948,4.925840,4.939240,0.004274
25.950056,1,0.000000,0.213729,0.145414,0.000000,0.000000,0.178595,0.284972,0.267900,0.000183,0.000672,0.003358,0.015995,3.703488,3.293330,1.798289,1.107691,0.616483,1.100732,0.800732,0.749181,3.305857,3.299447,0.797948,4.925840,4.935220,0.004274
26.000056,1,0.002928,0.223488,0.148341,0.000000,0.000000,0.178595,0.280092,0.580450,0.000061,0.000672,0.003419,0.016361,3.711840,3.293330,1.799266,1.102197,0.616117,1.104394,0.800732,0.749987,3.303110,3.299447,0.798241,4.920480,4.937900,0.004274
26.050055,1,0.000976,0.213729,0.146390,0.000000,0.000000,0.179571,0.280092,0.571520,0.000183,0.000427,0.003419,0.015995,3.711840,3.293330,1.797800,1.108424,0.615750,1.104394,0.799633,0.749450,3.305857,3.299447,0.797948,4.924500,4.936560,0.004274
26.100055,1,0.000000,0.213729,0.146390,0.000000,0.000000,0.178595,0.281068,0.580450,0.000305,0.000427,0.003297,0.016728,3.703488,3.292402,1.798289,1.101830,0.616483,1.104028,0.800732,0.749987,3.305857,3.299447,0.797948,4.920480,4.935220,0.005128
26.150056,1,0.000000,0.214705,0.145414,0.000000,0.000000,0.178595,0.279116,0.267900,0.000183,0.000672,0.003358,0.015995,3.711840,3.301682,1.798289,1.104761,0.616117,1.102929,0.800732,0.749181,3.305857,3.301279,0.797948,4.925840,4.939240,0.005128
26.200055,1,0.000000,0.211777,0.146390,0.000000,0.000000,0.180547,0.280092,0.580450,0.000244,0.000549,0.003419,0.016484,3.710912,3.327664,1.797800,1.109156,0.615750,1.102563,0.801831,0.748913,3.305857,3.300363,0.797655,4.919140,4.935220,0.004274
26.250056,1,0.000000,0.215681,0.146390,0.000000,0.000000,0.179571,0.279116,0.267900,0.000305,0.000672,0.003419,0.016117,3.711840,3.298898,1.796824,1.102929,0.616849,1.101098,0.800732,0.749987,3.306773,3.299447,0.797655,4.924500,4.936560,0.004274
26.300056,1,0.000000,0.212753,0.147365,0.000000,0.000000,0.179571,0.280092,0.589380,0.000061,0.000672,0.003175,0.016361,3.703488,3.307249,1.798289,1.104394,0.616117,1.104028,0.801098,0.749718,3.304942,3.300363,0.797362,4.925840,4.939240,0.004274
26.350055,1,0.000000,0.212753,0.147365,0.000000,0.000000,0.190306,0.283020,0.267900,0.000305,0.000427,0.003236,0.015995,3.711840,3.293330,1.796824,1.102929,0.606959,1.104761,0.801098,0.749718,3.304942,3.301279,0.797948,4.927180,4.935220,0.004274
26.400056,1,0.000000,0.210801,0.147365,0.000000,0.000000,0.191282,0.281068,0.580450,0.000305,0.000672,0.003419,0.015995,3.711840,3.301682,1.796824,1.104394,0.615750,1.104761,0.801098,0.749450,3.305857,3.300363,0.797655,4.919140,4.941920,0.005128
26.450056,1,0.000000,0.215681,0.146390,0.000000,0.000000,0.181523,0.281068,0.258970,0.000244,0.000549,0.003297,0.015995,3.711840,3.301682,1.798289,1.107691,0.616117,1.102929,0.800732,0.749450,3.305857,3.299447,0.797948,4.924500,4.935220,0.004274
26.500056,1,0.000000,0.211777,0.147365,0.000000,0.000000,0.180547,0.284972,0.580450,0.000305,0.000549,0.003297,0.016361,3.715552,3.298898,1.796824,1.110622,0.616483,1.104394,0.801098,0.749718,3.305857,3.300363,0.798241,4.925840,4.936560,0.004274
26.550056,1,0.000000,0.214705,0.148341,0.000000,0.000000,0.177619,0.282044,0.830490,0.000183,0.000549,0.003358,0.016606,3.699776,3.301682,1.798289,1.107691,0.616483,1.100732,0.801831,0.748913,3.304942,3.301279,0.797948,4.925840,4.939240,0.004274
26.600056,1,0.000000,0.215681,0.146390,0.000000,0.000000,0.176643,0.282044,0.580450,0.000305,0.000549,0.003358,0.016117,3.711840,3.307249,1.796824,1.107691,0.616849,1.104761,0.799633,0.749450,3.304942,3.300363,0.797948,4.920480,4.935220,0.004274
26.650056,1,0.000000,0.220560,0.146390,0.000000,0.000000,0.177619,0.281068,0.830490,0.000183,0.000672,0.003297,0.015751,3.697920,3.298898,1.796824,1.109156,0.616117,1.100732,0.799633,0.749181,3.306773,3.302194,0.798241,4.924500,4.939240,0.004274
26.700056,1,0.000000,0.222512,0.146390,0.000000,0.000000,0.179571,0.278140,0.580450,0.000183,0.000672,0.003297,0.016361,3.697920,3.311889,1.799266,1.109156,0.612454,1.104394,0.800732,0.748644,3.305857,3.301279,0.797948,4.927180,4.937900,0.005128
26.750058,1,0.000976,0.211777,0.146390,0.000000,0.000000,0.178595,0.281068,0.509010,0.000305,0.000977,0.003297,0.016361,3.711840,3.298898,1.798289,1.104761,0.617582,1.101098,0.802930,0.752405,3.304942,3.299447,0.797948,4.924500,4.936560,0.004274
26.800057,1,0.000976,0.215681,0.148341,0.000000,0.000000,0.179571,0.282044,0.580450,0.000305,0.000672,0.003419,0.016606,3.704416,3.295186,1.797312,1.110622,0.616483,1.104028,0.801831,0.751062,3.304942,3.300363,0.798241,4.919140,4.935220,0.005128
26.850056,1,0.000976,0.211777,0.146390,0.000000,0.000000,0.177619,0.282044,0.258970,0.000183,0.000672,0.003175,0.016728,3.700704,3.307249,1.797800,1.104028,0.617216,1.101098,0.801464,0.749181,3.304942,3.300363,0.797655,4.924500,4.937900,0.004274
26.900059,1,0.000000,0.211777,0.148341,0.000000,0.000000,0.180547,0.281068,0.580450,0.000305,0.000672,0.003419,0.016361,3.726687,3.299826,1.797800,1.104394,0.616483,1.103296,0.801098,0.749450,3.304942,3.301279,0.798241,4.921820,4.937900,0.004274
26.950056,1,0.000976,0.214705,0.145414,0.000000,0.000000,0.176643,0.281068,0.830490,0.000244,0.000549,0.003419,0.016606,3.696993,3.327664,1.796824,1.109156,0.616483,1.100732,0.800365,0.747569,3.307689,3.300363,0.797948,4.928520,4.939240,0.004274
27.000058,1,0.000976,0.211777,0.146390,0.000000,0.000000,0.181523,0.280092,0.589380,0.000305,0.000427,0.003297,0.016239,3.703488,3.307249,1.798777,1.108424,0.616117,1.104028,0.799633,0.749181,3.306773,3.301279,0.797655,4.928520,4.939240,0.004274
27.050056,1,0.000000,0.211777,0.147365,0.000000,0.000000,0.177619,0.281068,0.580450,0.000305,0.000549,0.003358,0.016239,3.703488,3.298898,1.797312,1.102929,0.616483,1.103662,0.799633,0.749450,3.305857,3.300363,0.797948,4.925840,4.939240,0.004274
27.100064,1,0.000000,0.213729,0.147365,0.000000,0.000000,0.177619,0.279116,0.580450,0.000305,0.000549,0.003419,0.016361,3.711840,3.355503,1.796824,1.107691,0.616483,1.104761,0.800732,0.749181,3.305857,3.299447,0.797948,4.920480,4.929860,0.004274
27.150056,1,0.000000,0.213729,0.147365,0.000000,0.000000,0.178595,0.281068,0.544730,0.000305,0.000549,0.003419,0.015995,3.703488,3.293330,1.789009,1.102929,0.612087,1.101098,0.801464,0.748913,3.305857,3.299447,0.797948,4.927180,4.939240,0.004274
27.200056,1,0.000000,0.213729,0.147365,0.000000,0.000000,0.183475,0.280092,0.589380,0.000305,0.000427,0.003297,0.016606,3.711840,3.293330,1.798289,1.104761,0.615384,1.100732,0.801098,0.749450,3.306773,3.299447,0.798241,4.927180,4.935220,0.004274
27.250055,1,0.000000,0.212753,0.147365,0.000000,0.000000,0.179571,0.280092,0.401850,0.000305,0.000549,0.003358,0.015995,3.697920,3.327664,1.796824,1.104761,0.616483,1.104394,0.798900,0.749181,3.305857,3.299447,0.797948,4.925840,4.936560,0.005128
27.300056,1,0.000000,0.220560,0.145414,0.000000,0.000000,0.181523,0.282044,0.580450,0.000061,0.000672,0.003419,0.016606,3.711840,3.307249,1.798777,1.107691,0.616483,1.102197,0.799633,0.749450,3.304942,3.300363,0.797948,4.917800,4.936560,0.005128
27.350056,1,0.000000,0.220560,0.148341,0.000000,0.000000,0.179571,0.283020,0.258970,0.000061,0.000977,0.003297,0.016484,3.711840,3.293330,1.797312,1.102197,0.603662,1.104394,0.800365,0.749450,3.306773,3.299447,0.797655,4.924500,4.939240,0.004274
27.400056,1,0.000000,0.213729,0.145414,0.000000,0.000000,0.179571,0.281068,0.589380,0.000244,0.000549,0.003297,0.016239,3.711840,3.301682,1.796824,1.107691,0.615750,1.104394,0.802930,0.748913,3.304942,3.299447,0.797948,4.923160,4.935220,0.004274
27.450056,1,0.000000,0.210801,0.147365,0.000000,0.000000,0.179571,0.280092,0.473290,0.000061,0.000672,0.003358,0.016484,3.700704,3.291474,1.798289,1.105494,0.617216,1.104028,0.800732,0.749181,3.305857,3.299447,0.798241,4.924500,4.936560,0.004274
27.500056,1,0.000000,0.213729,0.147365,0.000000,0.000000,0.179571,0.277164,0.580450,0.000183,0.000672,0.003297,0.016484,3.703488,3.301682,1.797312,1.104761,0.615018,1.105127,0.801098,0.749181,3.305857,3.301279,0.797948,4.919140,4.936560,0.004274
27.550056,1,0.000000,0.212753,0.146390,0.000000,0.000000,0.181523,0.280092,0.544730,0.000183,0.000427,0.003358,0.016606,3.704416,3.357359,1.796824,1.101830,0.615384,1.102929,0.798900,0.749181,3.305857,3.300363,0.798241,4.925840,4.935220,0.004274
27.600056,1,0.000000,0.213729,0.147365,0.000000,0.000000,0.177619,0.281068,0.580450,0.000305,0.000549,0.003419,0.016728,3.726687,3.325809,1.796824,1.104028,0.615018,1.104761,0.801098,0.749718,3.306773,3.302194,0.797655,4.925840,4.935220,0.004274
27.650055,1,0.000000,0.211777,0.147365,0.000000,0.000000,0.177619,0.280092,0.544730,0.000305,0.000672,0.003297,0.016606,3.710912,3.298898,1.796824,1.101830,0.616483,1.104394,0.800732,0.749450,3.306773,3.302194,0.797655,4.925840,4.929860,0.004274
27.700056,1,0.000000,0.213729,0.146390,0.000000,0.000000,0.178595,0.278140,0.580450,0.000183,0.000672,0.003419,0.016606,3.704416,3.293330,1.797312,1.106226,0.616483,1.104394,0.802930,0.749450,3.307689,3.300363,0.797948,4.925840,4.939240,0.004274
27.750055,1,0.000976,0.213729,0.148341,0.000000,0.000000,0.179571,0.282044,0.544730,0.000183,0.000672,0.003419,0.016606,3.704416,3.295186,1.798289,1.109156,0.616483,1.104394,0.798900,0.748644,3.307689,3.300363,0.797948,4.928520,4.939240,0.004274
27.800056,1,0.000000,0.211777,0.147365,0.000000,0.000000,0.198114,0.283020,0.580450,0.000305,0.000672,0.003297,0.016484,3.719264,3.307249,1.796824,1.106226,0.616483,1.104761,0.799633,0.749450,3.304026,3.300363,0.797948,4.927180,4.939240,0.004274
27.850055,1,0.000000,0.214705,0.146390,0.000000,0.000000,0.199090,0.281068,0.544730,0.000061,0.000427,0.003358,0.016361,3.726687,3.311889,1.797312,1.102929,0.616483,1.102929,0.801831,0.749181,3.307689,3.300363,0.797948,4.928520,4.937900,0.005128
27.900056,1,0.000000,0.213729,0.143462,0.000000,0.000000,0.179571,0.280092,0.580450,0.000061,0.000427,0.003419,0.015995,3.710912,3.293330,1.796335,1.104761,0.616483,1.104761,0.800732,0.749987,3.305857,3.302194,0.797948,4.924500,4.939240,0.004274
27.950055,1,0.000000,0.219584,0.146390,0.000000,0.000000,0.178595,0.282044,0.526870,0.000305,0.000672,0.003358,0.016117,3.697920,3.301682,1.798289,1.110622,0.615384,1.101464,0.800365,0.749450,3.305857,3.300363,0.798241,4.927180,4.935220,0.004274
28.000056,1,0.000000,0.224464,0.146390,0.000000,0.000000,0.180547,0.282044,0.580450,0.000244,0.000672,0.003236,0.016606,3.700704,3.307249,1.798289,1.101830,0.616483,1.102929,0.802930,0.749450,3.305857,3.299447,0.797948,4.925840,4.939240,0.004274
28.050055,1,0.000000,0.212753,0.146390,0.000000,0.000000,0.179571,0.280092,0.580450,0.000183,0.000672,0.003297,0.016361,3.710912,3.301682,1.797800,1.103296,0.616117,1.101464,0.802930,0.748913,3.304942,3.299447,0.797948,4.925840,4.936560,0.004274
28.100056,1,0.000000,0.213729,0.146390,0.000000,0.000000,0.177619,0.281068,0.580450,0.000183,0.000672,0.003297,0.016850,3.703488,3.298898,1.796824,1.104761,0.615018,1.100732,0.800732,0.752136,3.305857,3.300363,0.798241,4.919140,4.935220,0.004274
28.150055,1,0.001952,0.213729,0.145414,0.000000,0.000000,0.178595,0.282044,0.509010,0.000305,0.000672,0.003297,0.016606,3.701632,3.298898,1.796824,1.101464,0.616483,1.101464,0.800732,0.752136,3.305857,3.302194,0.798241,4.919140,4.935220,0.004274
28.200056,1,0.000000,0.211777,0.148341,0.000000,0.000000,0.179571,0.279116,0.580450,0.000305,0.000427,0.003419,0.016239,3.703488,3.292402,1.798777,1.103296,0.614651,1.101098,0.801464,0.749987,3.305857,3.302194,0.797655,4.919140,4.937900,0.004274
28.250055,1,0.000000,0.211777,0.147365,0.000000,0.000000,0.181523,0.281068,0.544730,0.000305,0.000427,0.003236,0.016728,3.697920,3.301682,1.798289,1.102197,0.616483,1.102929,0.800732,0.748913,3.307689,3.300363,0.797948,4.925840,4.929860,0.004274
28.300056,1,0.000000,0.214705,0.146390,0.000000,0.000000,0.179571,0.278140,0.589380,0.000305,0.000672,0.003297,0.016606,3.704416,3.297970,1.797800,1.103296,0.615018,1.104028,0.800365,0.749181,3.305857,3.300363,0.797948,4.919140,4.935220,0.004274
28.350055,1,0.000000,0.210801,0.146390,0.000000,0.000000,0.178595,0.280092,0.473290,0.000183,0.000427,0.003236,0.015995,3.726687,3.293330,1.798289,1.110622,0.601098,1.102929,0.800365,0.749450,3.305857,3.300363,0.797948,4.924500,4.935220,0.005128
28.400057,1,0.000000,0.215681,0.146390,0.000000,0.000000,0.177619,0.281068,0.580450,0.000305,0.000672,0.003419,0.016239,3.704416,3.327664,1.796824,1.102929,0.612820,1.104394,0.800732,0.749450,3.305857,3.300363,0.797948,4.928520,4.935220,0.005128
28.450058,1,0.000000,0.212753,0.146390,0.000000,0.000000,0.200066,0.280092,0.544730,0.000305,0.000672,0.003358,0.016484,3.703488,3.307249,1.798289,1.102197,0.615384,1.104761,0.802930,0.749718,3.304942,3.300363,0.797948,4.925840,4.939240,0.004274
28.500056,1,0.000000,0.211777,0.145414,0.000000,0.000000,0.200066,0.280092,0.580450,0.000305,0.000672,0.003297,0.016239,3.704416,3.293330,1.796824,1.107691,0.613186,1.101464,0.801831,0.749718,3.305857,3.301279,0.797948,4.927180,4.937900,0.005128
28.550056,1,0.000000,0.211777,0.143462,0.000000,0.000000,0.178595,0.280092,0.473290,0.000305,0.000672,0.003358,0.016606,3.704416,3.293330,1.798289,1.107691,0.615384,1.100732,0.800365,0.749181,3.305857,3.300363,0.798241,4.924500,4.935220,0.005128
28.600055,1,0.000000,0.217632,0.146390,0.000000,0.000000,0.179571,0.279116,0.580450,0.000305,0.000672,0.003236,0.016239,3.704416,3.301682,1.798777,1.104761,0.617948,1.100732,0.800365,0.749987,3.306773,3.301279,0.798241,4.925840,4.937900,0.004274
28.650056,1,0.000000,0.212753,0.146390,0.000000,0.000000,0.177619,0.280092,0.553660,0.000305,0.000549,0.003358,0.016484,3.701632,3.297970,1.798289,1.107691,0.616483,1.101098,0.801831,0.749181,3.305857,3.300363,0.798241,4.924500,4.935220,0.004274
28.700056,1,0.000000,0.210801,0.147365,0.000000,0.000000,0.180547,0.281068,0.580450,0.000305,0.000549,0.003358,0.016606,3.711840,3.293330,1.797800,1.105494,0.614651,1.104394,0.800732,0.749181,3.304942,3.301279,0.797655,4.924500,4.937900,0.004274
28.750056,1,0.000000,0.216657,0.146390,0.000000,0.000000,0.178595,0.283996,0.553660,0.000305,0.000672,0.003297,0.016606,3.699776,3.301682,1.798289,1.108424,0.609523,1.101464,0.800365,0.748644,3.306773,3.301279,0.798241,4.924500,4.929860,0.004274
28.800055,1,0.000000,0.217632,0.144438,0.000000,0.000000,0.179571,0.280092,0.580450,0.000305,0.000672,0.003236,0.017094,3.719264,3.301682,1.797800,1.110622,0.615384,1.105127,0.800732,0.749450,3.305857,3.302194,0.798241,4.924500,4.935220,0.004274
28.850056,1,0.000000,0.213729,0.147365,0.000000,0.000000,0.177619,0.280092,0.517940,0.000305,0.000549,0.003419,0.015995,3.704416,3.307249,1.797800,1.107691,0.616117,1.102563,0.802930,0.748644,3.306773,3.299447,0.797948,4.928520,4.929860,0.005128
28.900055,1,0.000000,0.212753,0.146390,0.000000,0.000000,0.177619,0.279116,0.580450,0.000061,0.000672,0.003358,0.016728,3.696993,3.295186,1.799266,1.106226,0.613919,1.102929,0.800732,0.749450,3.307689,3.301279,0.797948,4.923160,4.939240,0.004274
28.950056,1,0.000000,0.215681,0.146390,0.000000,0.000000,0.182499,0.281068,0.509010,0.000305,0.000427,0.003358,0.016606,3.722976,3.301682,1.797312,1.107691,0.616483,1.104028,0.801831,0.747569,3.305857,3.301279,0.797948,4.925840,4.936560,0.004274
29.000056,1,0.000000,0.212753,0.147365,0.000000,0.000000,0.180547,0.278140,0.580450,0.000183,0.000427,0.003297,0.016606,3.711840,3.301682,1.798289,1.107325,0.614651,1.104394,0.801831,0.749181,3.305857,3.299447,0.798241,4.925840,4.941920,0.004274
29.050056,1,0.000000,0.212753,0.147365,0.000000,0.000000,0.178595,0.281068,0.526870,0.000305,0.000672,0.003419,0.016117,3.711840,3.295186,1.798777,1.106226,0.615018,1.104394,0.801464,0.748913,3.306773,3.299447,0.797948,4.921820,4.939240,0.004274
29.100056,1,0.000000,0.213729,0.147365,0.000000,0.000000,0.179571,0.280092,0.589380,0.000305,0.000672,0.003358,0.017094,3.711840,3.295186,1.797312,1.101830,0.615018,1.102929,0.800732,0.749181,3.306773,3.299447,0.797655,4.924500,4.939240,0.005128
29.150056,1,0.000000,0.212753,0.147365,0.000000,0.000000,0.193234,0.281068,0.544730,0.000061,0.000427,0.003419,0.016361,3.704416,3.294258,1.798289,1.101464,0.616117,1.101098,0.801464,0.751062,3.305857,3.299447,0.797948,4.927180,4.939240,0.004274
29.200056,1,0.000000,0.213729,0.146390,0.000000,0.000000,0.178595,0.283020,0.580450,0.000183,0.000427,0.003236,0.015995,3.711840,3.295186,1.799266,1.102929,0.614651,1.101098,0.801831,0.748913,3.306773,3.299447,0.797948,4.921820,4.940580,0.004274
29.250056,1,0.000000,0.212753,0.146390,0.000000,0.000000,0.179571,0.282044,0.267900,0.000305,0.000427,0.003236,0.015995,3.703488,3.293330,1.798289,1.107691,0.616483,1.101098,0.800732,0.749987,3.305857,3.302194,0.798241,4.924500,4.935220,0.004274
29.300056,1,0.000000,0.209825,0.146390,0.000000,0.000000,0.180547,0.280092,0.571520,0.000183,0.000672,0.003358,0.015995,3.698848,3.291474,1.796824,1.106226,0.612454,1.106226,0.801098,0.748644,3.306773,3.301279,0.797655,4.924500,4.929860,0.005128
29.350056,1,0.000000,0.212753,0.146390,0.000000,0.000000,0.179571,0.280092,0.401850,0.000061,0.000672,0.003358,0.015995,3.699776,3.301682,1.797800,1.110622,0.606959,1.102929,0.799633,0.749450,3.305857,3.300363,0.797948,4.925840,4.939240,0.004274
29.400055,1,0.000976,0.228368,0.147365,0.000000,0.000000,0.180547,0.279116,0.580450,0.000244,0.000549,0.003358,0.016606,3.715552,3.307249,1.798777,1.109156,0.615384,1.102197,0.802930,0.749987,3.306773,3.299447,0.797948,4.919140,4.935220,0.004274
29.450056,1,0.000000,0.224464,0.149317,0.000000,0.000000,0.179571,0.280092,0.544730,0.000305,0.000672,0.003236,0.016239,3.710912,3.299826,1.798289,1.107691,0.616483,1.101098,0.800732,0.748644,3.305857,3.299447,0.798241,4.924500,4.935220,0.004274
29.500056,1,0.000976,0.212753,0.148341,0.000000,0.000000,0.179571,0.280092,0.580450,0.000061,0.000672,0.003358,0.016239,3.711840,3.301682,1.799266,1.102197,0.616849,1.105494,0.800732,0.749450,3.305857,3.300363,0.797948,4.924500,4.929860,0.004274
29.550056,1,0.000000,0.210801,0.146390,0.000000,0.000000,0.179571,0.281068,0.553660,0.000061,0.000427,0.003358,0.016484,3.711840,3.357359,1.796824,1.101464,0.615750,1.100732,0.800732,0.749987,3.305857,3.299447,0.797948,4.927180,4.939240,0.004274
29.600056,1,0.000000,0.210801,0.144438,0.000000,0.000000,0.177619,0.283020,0.580450,0.000305,0.000672,0.003236,0.015995,3.719264,3.293330,1.797312,1.108424,0.616483,1.102929,0.800732,0.749987,3.305857,3.299447,0.797948,4.924500,4.939240,0.004274
29.650056,1,0.000000,0.212753,0.144438,0.000000,0.000000,0.180547,0.279116,0.509010,0.000305,0.000549,0.003419,0.016361,3.704416,3.307249,1.797312,1.101464,0.615018,1.104394,0.799633,0.748644,3.305857,3.300363,0.798241,4.928520,4.939240,0.004274
29.700056,1,0.000000,0.210801,0.145414,0.000000,0.000000,0.180547,0.281068,0.580450,0.000183,0.000672,0.003419,0.016361,3.704416,3.295186,1.797312,1.104028,0.615750,1.104028,0.802930,0.748375,3.306773,3.299447,0.797948,4.925840,4.929860,0.004274
29.750055,1,0.000000,0.213729,0.147365,0.000000,0.000000,0.191282,0.279116,0.517940,0.000061,0.000672,0.003297,0.016361,3.701632,3.299826,1.797800,1.104761,0.612087,1.104394,0.801831,0.749181,3.305857,3.300363,0.797948,4.925840,4.939240,0.004274
29.800056,1,0.000000,0.221536,0.146390,0.000000,0.000000,0.190306,0.278140,0.580450,0.000305,0.000427,0.003236,0.016117,3.699776,3.327664,1.796824,1.106226,0.615750,1.100732,0.801098,0.749181,3.305857,3.300363,0.797948,4.919140,4.931200,0.004274
29.850055,1,0.000000,0.212753,0.152245,0.000000,0.000000,0.177619,0.279116,0.696540,0.000183,0.000672,0.003297,0.016484,3.710912,3.295186,1.797312,1.103296,0.616483,1.100732,0.800732,0.799682,3.305857,3.302194,0.797948,4.917800,4.929860,0.004274
29.900055,1,0.000000,0.212753,0.150293,0.000000,0.000000,0.179571,0.281068,0.687610,0.000244,0.000672,0.003419,0.016361,3.710912,3.295186,1.797312,1.108424,0.616117,1.105494,0.801831,0.799682,3.305857,3.299447,0.797948,4.917800,4.928520,0.004274
29.950055,1,0.000000,0.209825,0.148341,0.000000,0.000000,0.177619,0.280092,0.625100,0.000183,0.000672,0.003236,0.016484,3.704416,3.293330,1.796824,1.104761,0.615750,1.100732,0.801098,0.770134,3.305857,3.300363,0.797948,4.919140,4.927180,0.004274
30.000055,1,0.000000,0.211777,0.146390,0.000000,0.000000,0.179571,0.277164,0.634030,0.000244,0.000672,0.003419,0.016606,3.704416,3.311889,1.798289,1.109156,0.616849,1.102197,0.801831,0.769596,3.304942,3.301279,0.797948,4.916460,4.929860,0.004274
30.050055,1,0.000000,0.230320,0.145414,0.000000,0.000000,0.176643,0.281068,0.473290,0.000244,0.000672,0.003358,0.016117,3.704416,3.289618,1.798289,1.104761,0.615384,1.104394,0.801831,0.749987,3.304942,3.299447,0.798241,4.927180,4.935220,0.004274
30.100055,1,0.000000,0.226416,0.145414,0.000000,0.000000,0.178595,0.281068,0.580450,0.000183,0.000427,0.003419,0.016117,3.726687,3.292402,1.797800,1.101464,0.614651,1.105494,0.800365,0.749987,3.304942,3.301279,0.797948,4.925840,4.939240,0.004274
30.150055,1,0.000000,0.213729,0.145414,0.000000,0.000000,0.178595,0.283020,0.580450,0.000061,0.000672,0.003236,0.016361,3.711840,3.293330,1.798289,1.107325,0.615750,1.104761,0.799633,0.748913,3.305857,3.302194,0.797948,4.927180,4.929860,0.004274
30.200056,1,0.000000,0.215681,0.146390,0.000000,0.000000,0.176643,0.278140,0.589380,0.000305,0.000794,0.003297,0.016239,3.697920,3.313745,1.796824,1.102929,0.616117,1.102929,0.800732,0.749450,3.307689,3.300363,0.797948,4.928520,4.939240,0.004274
30.250055,1,0.000000,0.212753,0.145414,0.000000,0.000000,0.180547,0.281068,0.401850,0.000183,0.000672,0.003175,0.016361,3.711840,3.299826,1.797800,1.101830,0.616483,1.104761,0.800732,0.749718,3.304942,3.299447,0.797948,4.925840,4.935220,0.004274
30.300055,1,0.000000,0.211777,0.147365,0.000000,0.000000,0.180547,0.280092,0.580450,0.000244,0.000672,0.003236,0.016239,3.710912,3.301682,1.797800,1.108424,0.616483,1.102929,0.801831,0.749718,3.307689,3.300363,0.797655,4.925840,4.935220,0.004274
30.350056,1,0.000000,0.274236,0.145414,0.000000,0.000000,0.179571,0.282044,0.553660,0.000183,0.000427,0.003236,0.015995,3.711840,3.293330,1.798289,1.107691,0.600366,1.100732,0.800732,0.748913,3.307689,3.300363,0.797362,4.913780,4.929860,0.005128
30.400055,1,0.000000,0.212753,0.146390,0.000000,0.000000,0.190306,0.281068,0.580450,0.000305,0.000733,0.003297,0.016361,3.697920,3.294258,1.796824,1.107325,0.615018,1.106226,0.799633,0.749450,3.307689,3.300363,0.798241,4.928520,4.935220,0.004274
30.450055,1,0.000000,0.211777,0.147365,0.000000,0.000000,0.190306,0.283020,0.473290,0.000183,0.000427,0.003297,0.016606,3.711840,3.327664,1.797800,1.110622,0.613552,1.102929,0.802930,0.749181,3.305857,3.300363,0.797655,4.928520,4.936560,0.004274
30.500055,1,0.000976,0.212753,0.146390,0.000000,0.000000,0.179571,0.283996,0.580450,0.000183,0.000427,0.003297,0.015995,3.726687,3.292402,1.798289,1.102197,0.616483,1.101098,0.800365,0.749181,3.305857,3.299447,0.797948,4.924500,4.939240,0.004274
30.550055,1,0.000000,0.214705,0.146390,0.000000,0.000000,0.179571,0.283020,0.544730,0.000183,0.000672,0.003297,0.016361,3.704416,3.291474,1.797312,1.107691,0.615018,1.099999,0.801831,0.749987,3.305857,3.302194,0.798241,4.924500,4.935220,0.004274
30.600055,1,0.000000,0.211777,0.145414,0.000000,0.000000,0.180547,0.280092,0.580450,0.000183,0.000672,0.003297,0.016361,3.699776,3.303538,1.798289,1.101830,0.616483,1.104394,0.800732,0.749181,3.304942,3.300363,0.797948,4.925840,4.937900,0.005128
30.650056,1,0.000000,0.212753,0.147365,0.000000,0.000000,0.179571,0.281068,0.553660,0.000061,0.000672,0.003297,0.016606,3.699776,3.294258,1.797800,1.110622,0.615018,1.104394,0.801831,0.749450,3.305857,3.300363,0.798241,4.919140,4.939240,0.004274
30.700055,1,0.000000,0.223488,0.148341,0.000000,0.000000,0.180547,0.281068,0.580450,0.000305,0.000672,0.003236,0.016484,3.711840,3.311889,1.798289,1.101464,0.616117,1.104761,0.802930,0.749450,3.304942,3.300363,0.797948,4.925840,4.937900,0.004274
30.750056,1,0.000000,0.227392,0.146390,0.000000,0.000000,0.178595,0.280092,0.544730,0.000183,0.000427,0.003297,0.015995,3.715552,3.327664,1.797800,1.110622,0.616483,1.105494,0.800732,0.748913,3.305857,3.301279,0.797948,4.925840,4.939240,0.004274
30.800055,1,0.000000,0.215681,0.145414,0.000000,0.000000,0.177619,0.281068,0.580450,0.000305,0.000549,0.003297,0.015995,3.711840,3.298898,1.798289,1.101464,0.616483,1.104761,0.802930,0.749450,3.304942,3.299447,0.797948,4.925840,4.935220,0.004274
30.850056,1,0.000000,0.214705,0.145414,0.000000,0.000000,0.177619,0.279116,0.401850,0.000183,0.001038,0.003419,0.015995,3.715552,3.293330,1.796824,1.110622,0.616483,1.102929,0.800732,0.749718,3.305857,3.300363,0.798241,4.919140,4.939240,0.004274
30.900055,1,0.000976,0.212753,0.147365,0.000000,0.000000,0.179571,0.282044,0.580450,0.000061,0.000427,0.003236,0.016361,3.726687,3.301682,1.797312,1.108058,0.615750,1.104761,0.801464,0.749987,3.305857,3.301279,0.797948,4.927180,4.936560,0.005128
30.950056,1,0.000000,0.212753,0.183475,0.000000,0.000000,0.179571,0.279116,0.509010,0.000244,0.000672,0.003419,0.016606,3.710912,3.319313,1.797312,1.107691,0.616483,1.104761,0.799633,0.749450,3.304942,3.300363,0.797948,4.929860,4.939240,0.004274
31.000056,1,0.000000,0.211777,0.146390,0.000000,0.000000,0.179571,0.281068,0.580450,0.000244,0.000549,0.003419,0.016361,3.699776,3.303538,1.798289,1.107325,0.615384,1.102197,0.801464,0.749718,3.306773,3.302194,0.798241,4.924500,4.941920,0.005128
31.050055,1,0.000000,0.213729,0.146390,0.000000,0.000000,0.190306,0.281068,0.517940,0.000305,0.000672,0.003236,0.015995,3.711840,3.301682,1.798289,1.106226,0.616483,1.102929,0.800732,0.749987,3.305857,3.301279,0.798827,4.927180,4.941920,0.004274
31.100056,1,0.000000,0.210801,0.146390,0.000000,0.000000,0.190306,0.283020,0.580450,0.000305,0.000549,0.003358,0.016484,3.699776,3.298898,1.796824,1.107691,0.615750,1.102929,0.800365,0.749718,3.307689,3.300363,0.797948,4.925840,4.935220,0.005128
31.150055,1,0.000976,0.211777,0.146390,0.000000,0.000000,0.178595,0.278140,0.589380,0.000183,0.000672,0.003114,0.015995,3.711840,3.295186,1.796824,1.104761,0.616483,1.104394,0.800732,0.749450,3.305857,3.302194,0.798241,4.924500,4.937900,0.004274
31.200056,1,0.001952,0.211777,0.146390,0.000000,0.000000,0.180547,0.281068,0.580450,0.000305,0.000672,0.003297,0.016606,3.704416,3.301682,1.798289,1.104761,0.617216,1.104761,0.802930,0.749181,3.307689,3.300363,0.797948,4.925840,4.929860,0.004274
31.250055,1,0.000000,0.213729,0.147365,0.000000,0.000000,0.179571,0.280092,0.517940,0.000183,0.000427,0.003297,0.016606,3.726687,3.327664,1.796824,1.107691,0.614285,1.102929,0.800732,0.749718,3.305857,3.301279,0.797948,4.924500,4.939240,0.004274
31.300055,1,0.000000,0.215681,0.147365,0.000000,0.000000,0.176643,0.280092,0.580450,0.000305,0.000672,0.003297,0.016606,3.719264,3.298898,1.796824,1.101464,0.615750,1.102929,0.800365,0.749450,3.306773,3.300363,0.797948,4.924500,4.929860,0.005128
31.350056,1,0.000000,0.215681,0.147365,0.000000,0.000000,0.177619,0.280092,0.544730,0.000305,0.000549,0.003297,0.016606,3.697920,3.293330,1.798289,1.107325,0.606959,1.100732,0.799633,0.749718,3.307689,3.300363,0.797948,4.928520,4.939240,0.004274
31.400055,1,0.000000,0.219584,0.145414,0.000000,0.000000,0.179571,0.281068,0.580450,0.000305,0.000549,0.003358,0.015995,3.711840,3.295186,1.796824,1.101830,0.616117,1.104028,0.800732,0.749987,3.304942,3.299447,0.797948,4.925840,4.929860,0.004274
31.450056,1,0.000000,0.212753,0.147365,0.000000,0.000000,0.178595,0.279116,0.544730,0.000305,0.000672,0.003419,0.016239,3.726687,3.303538,1.798289,1.102929,0.615750,1.104761,0.799633,0.748913,3.304942,3.300363,0.797948,4.925840,4.939240,0.004274
31.500056,1,0.000000,0.215681,0.145414,0.000000,0.000000,0.179571,0.280092,0.580450,0.000183,0.000427,0.003236,0.016728,3.699776,3.295186,1.798289,1.105494,0.615018,1.100732,0.801098,0.748644,3.305857,3.301279,0.797948,4.917800,4.935220,0.004274
31.550055,1,0.000976,0.214705,0.146390,0.000000,0.000000,0.177619,0.283020,0.473290,0.000305,0.000672,0.003419,0.016484,3.704416,3.327664,1.797800,1.109889,0.615018,1.103296,0.801098,0.749450,3.305857,3.302194,0.798241,4.928520,4.937900,0.005128
31.600056,1,0.000000,0.222512,0.145414,0.000000,0.000000,0.179571,0.281068,0.580450,0.000183,0.000672,0.003236,0.016117,3.711840,3.299826,1.796824,1.107691,0.616483,1.101464,0.800732,0.749181,3.305857,3.301279,0.797948,4.925840,4.929860,0.004274
31.650056,1,0.000000,0.215681,0.145414,0.000000,0.000000,0.179571,0.281068,0.517940,0.000061,0.000672,0.003297,0.016361,3.704416,3.307249,1.798289,1.106226,0.614651,1.104394,0.801831,0.748913,3.306773,3.300363,0.798241,4.924500,4.936560,0.004274
31.700056,1,0.000000,0.213729,0.146390,0.000000,0.000000,0.189330,0.282044,0.580450,0.000183,0.000672,0.003236,0.016239,3.697920,3.293330,1.798289,1.109156,0.615018,1.101464,0.801464,0.747569,3.304942,3.301279,0.797948,4.925840,4.939240,0.004274
31.750056,1,0.000000,0.211777,0.146390,0.000000,0.000000,0.189330,0.279116,0.401850,0.000183,0.000672,0.003297,0.016606,3.711840,3.357359,1.797312,1.107691,0.616117,1.102197,0.801098,0.749181,3.305857,3.300363,0.797948,4.928520,4.937900,0.004274
31.800056,1,0.000000,0.210801,0.145414,0.000000,0.000000,0.178595,0.280092,0.589380,0.000061,0.000672,0.003297,0.016239,3.711840,3.307249,1.797800,1.101830,0.615750,1.100732,0.801098,0.749450,3.305857,3.300363,0.797948,4.916460,4.939240,0.005128
31.850055,1,0.000000,0.211777,0.147365,0.000000,0.000000,0.178595,0.280092,0.526870,0.000305,0.000672,0.003236,0.016117,3.699776,3.325809,1.797800,1.106226,0.615018,1.105494,0.802930,0.749181,3.305857,3.299447,0.797948,4.927180,4.935220,0.004274
31.900056,1,0.000000,0.211777,0.147365,0.000000,0.000000,0.180547,0.280092,0.580450,0.000061,0.000427,0.003358,0.016728,3.704416,3.301682,1.798289,1.104394,0.616117,1.104761,0.799633,0.748913,3.306773,3.301279,0.797948,4.927180,4.935220,0.004274
31.950055,1,0.000976,0.211777,0.144438,0.000000,0.000000,0.177619,0.280092,0.509010,0.000061,0.000672,0.003297,0.016484,3.703488,3.293330,1.799266,1.104761,0.615750,1.102929,0.801831,0.749181,3.305857,3.299447,0.797948,4.927180,4.929860,0.004274
32.000056,1,0.000000,0.220560,0.146390,0.000000,0.000000,0.179571,0.282044,0.571520,0.000183,0.000427,0.003358,0.017094,3.710912,3.327664,1.797312,1.107691,0.615750,1.102929,0.800732,0.749181,3.305857,3.299447,0.797948,4.921820,4.936560,0.004274
32.050055,1,0.000000,0.222512,0.147365,0.000000,0.000000,0.180547,0.282044,0.517940,0.000244,0.000549,0.003297,0.015995,3.703488,3.297970,1.796824,1.106226,0.614651,1.104761,0.800732,0.749987,3.304942,3.300363,0.798241,4.924500,4.935220,0.004274
32.100056,1,0.000976,0.213729,0.148341,0.000000,0.000000,0.180547,0.279116,0.571520,0.000305,0.000672,0.003419,0.015995,3.710912,3.341584,1.796824,1.103296,0.616483,1.101464,0.801464,0.748913,3.306773,3.300363,0.798241,4.924500,4.939240,0.004274
32.150056,1,0.000000,0.229344,0.145414,0.000000,0.000000,0.180547,0.279116,0.580450,0.000244,0.000672,0.003114,0.016606,3.703488,3.298898,1.798289,1.110622,0.613552,1.099999,0.800732,0.749181,3.304942,3.300363,0.797948,4.925840,4.935220,0.004274
32.200056,1,0.000000,0.212753,0.144438,0.000000,0.000000,0.179571,0.281068,0.589380,0.000305,0.000672,0.003297,0.015995,3.719264,3.292402,1.797800,1.103296,0.616483,1.102563,0.801098,0.748644,3.306773,3.302194,0.797948,4.924500,4.939240,0.004274
32.250056,1,0.000000,0.215681,0.146390,0.000000,0.000000,0.180547,0.281068,0.544730,0.000183,0.000549,0.003419,0.016606,3.726687,3.307249,1.797312,1.110622,0.613186,1.102563,0.801464,0.749181,3.306773,3.300363,0.798241,4.924500,4.939240,0.004274
32.300056,1,0.000000,0.212753,0.146390,0.000000,0.000000,0.177619,0.281068,0.580450,0.000183,0.000672,0.003297,0.016117,3.704416,3.295186,1.797800,1.101464,0.616117,1.104394,0.801831,0.749450,3.305857,3.299447,0.797655,4.924500,4.937900,0.004274
32.350056,1,0.000000,0.210801,0.147365,0.000000,0.000000,0.191282,0.281068,0.544730,0.000183,0.000427,0.003175,0.015751,3.704416,3.294258,1.797800,1.101464,0.603296,1.102929,0.799633,0.749181,3.305857,3.300363,0.797948,4.928520,4.935220,0.004274
32.400055,1,0.000000,0.214705,0.148341,0.000000,0.000000,0.191282,0.282044,0.580450,0.000183,0.000672,0.003297,0.016484,3.700704,3.311889,1.798289,1.110622,0.616483,1.102929,0.800732,0.749181,3.307689,3.300363,0.797948,4.928520,4.939240,0.004274
32.450057,1,0.000000,0.214705,0.148341,0.000000,0.000000,0.179571,0.280092,0.544730,0.000305,0.000672,0.003358,0.015995,3.711840,3.301682,1.796824,1.104761,0.614651,1.104761,0.800732,0.748913,3.304942,3.300363,0.797655,4.924500,4.935220,0.004274
32.500055,1,0.000000,0.215681,0.145414,0.000000,0.000000,0.180547,0.280092,0.580450,0.000305,0.000672,0.003358,0.015995,3.711840,3.311889,1.798289,1.101830,0.612820,1.100732,0.800732,0.749987,3.306773,3.299447,0.797948,4.925840,4.939240,0.004274
32.550056,1,0.000000,0.215681,0.147365,0.000000,0.000000,0.177619,0.282044,0.544730,0.000305,0.000672,0.003419,0.016606,3.703488,3.293330,1.796824,1.102197,0.615018,1.104761,0.800732,0.749987,3.305857,3.299447,0.797948,4.924500,4.936560,0.004274
32.600055,1,0.000000,0.214705,0.147365,0.000000,0.000000,0.177619,0.283020,0.580450,0.000305,0.000672,0.003480,0.016606,3.710912,3.293330,1.798289,1.101464,0.614651,1.099999,0.801098,0.749181,3.305857,3.299447,0.797948,4.927180,4.935220,0.004274
32.650056,1,0.000000,0.224464,0.145414,0.000000,0.000000,0.178595,0.283996,0.544730,0.000305,0.000672,0.003114,0.015995,3.711840,3.327664,1.797800,1.110622,0.615750,1.101464,0.799633,0.749450,3.306773,3.302194,0.797948,4.928520,4.936560,0.004274
32.700056,1,0.000000,0.221536,0.147365,0.000000,0.000000,0.179571,0.279116,0.580450,0.000305,0.000672,0.003419,0.016117,3.711840,3.293330,1.796335,1.105494,0.617216,1.102929,0.800732,0.749987,3.306773,3.301279,0.797948,4.924500,4.939240,0.004274
32.750055,1,0.000000,0.208849,0.147365,0.000000,0.000000,0.179571,0.281068,0.509010,0.000244,0.000672,0.003419,0.016606,3.726687,3.293330,1.798289,1.108424,0.616483,1.102929,0.800732,0.749450,3.305857,3.302194,0.797948,4.925840,4.935220,0.004274
32.800056,1,0.000000,0.215681,0.147365,0.000000,0.000000,0.180547,0.281068,0.580450,0.000183,0.000427,0.003358,0.016484,3.710912,3.326736,1.796824,1.104761,0.616483,1.104761,0.800732,0.749718,3.307689,3.300363,0.797948,4.927180,4.939240,0.004274
32.850055,1,0.000000,0.212753,0.146390,0.000000,0.000000,0.178595,0.281068,0.544730,0.000305,0.000549,0.003297,0.015995,3.715552,3.301682,1.796824,1.103296,0.616117,1.101098,0.799633,0.748644,3.304942,3.300363,0.798241,4.924500,4.935220,0.004274
32.900056,1,0.000000,0.211777,0.146390,0.000000,0.000000,0.181523,0.280092,0.580450,0.000305,0.000549,0.003358,0.016239,3.710912,3.291474,1.797312,1.106226,0.615750,1.104028,0.802930,0.749450,3.305857,3.300363,0.797948,4.928520,4.936560,0.004274
32.950055,1,0.000000,0.215681,0.144438,0.000000,0.000000,0.178595,0.281068,0.526870,0.000305,0.000549,0.003114,0.015995,3.719264,3.295186,1.798777,1.102929,0.616483,1.104394,0.801098,0.749181,3.305857,3.302194,0.797948,4.923160,4.936560,0.004274
33.000056,1,0.000000,0.213729,0.146390,0.000000,0.000000,0.189330,0.280092,0.580450,0.000183,0.000672,0.003358,0.016361,3.700704,3.301682,1.798289,1.106226,0.616483,1.101464,0.799267,0.747569,3.304942,3.301279,0.797948,4.925840,4.935220,0.004274
33.050055,1,0.000000,0.215681,0.146390,0.000000,0.000000,0.192258,0.281068,0.473290,0.000061,0.000672,0.003297,0.016850,3.726687,3.292402,1.798289,1.102929,0.615018,1.104761,0.799633,0.756434,3.304942,3.299447,0.797948,4.927180,4.935220,0.004274
33.100056,1,0.000000,0.215681,0.146390,0.000000,0.000000,0.180547,0.281068,0.580450,0.000183,0.000427,0.003358,0.015751,3.703488,3.293330,1.798289,1.104761,0.617948,1.100732,0.800732,0.749718,3.305857,3.300363,0.797948,4.925840,4.929860,0.005128
33.150056,1,0.000000,0.210801,0.147365,0.000000,0.000000,0.189330,0.281068,0.580450,0.000244,0.000672,0.003419,0.016484,3.703488,3.294258,1.798289,1.101830,0.615384,1.104394,0.799633,0.749450,3.305857,3.301279,0.797948,4.925840,4.939240,0.004274
33.200056,1,0.000000,0.211777,0.147365,0.000000,0.000000,0.177619,0.280092,0.580450,0.000183,0.000427,0.003358,0.016117,3.711840,3.301682,1.797312,1.104761,0.616483,1.102929,0.800732,0.749450,3.307689,3.300363,0.797948,4.928520,4.940580,0.004274
33.250056,1,0.000000,0.213729,0.143462,0.000000,0.000000,0.178595,0.279116,0.553660,0.000244,0.000672,0.003358,0.016361,3.719264,3.301682,1.797800,1.104394,0.615750,1.104394,0.800732,0.749987,3.306773,3.302194,0.797655,4.924500,4.939240,0.004274
33.300055,1,0.000000,0.220560,0.145414,0.000000,0.000000,0.178595,0.283020,0.580450,0.000305,0.000427,0.003358,0.016606,3.710912,3.311889,1.797312,1.107691,0.615384,1.104028,0.799633,0.748913,3.304942,3.300363,0.797948,4.920480,4.939240,0.004274
33.350056,1,0.000000,0.220560,0.146390,0.000000,0.000000,0.179571,0.280092,0.473290,0.000183,0.000672,0.003297,0.016361,3.699776,3.298898,1.796824,1.101464,0.602564,1.101098,0.800365,0.749987,3.304942,3.302194,0.797655,4.924500,4.937900,0.004274
33.400058,1,0.000000,0.213729,0.146390,0.000000,0.000000,0.180547,0.281068,0.580450,0.000183,0.000672,0.003175,0.016606,3.719264,3.298898,1.797800,1.104761,0.615750,1.104761,0.800365,0.756434,3.305857,3.300363,0.797948,4.919140,4.935220,0.004274
33.450055,1,0.000000,0.213729,0.144438,0.000000,0.000000,0.178595,0.280092,0.553660,0.000244,0.000672,0.003419,0.016728,3.711840,3.292402,1.796824,1.101830,0.616483,1.102929,0.799633,0.749450,3.305857,3.302194,0.798241,4.931200,4.939240,0.004274
33.500056,1,0.000000,0.224464,0.146390,0.000000,0.000000,0.178595,0.281068,0.580450,0.000244,0.000672,0.003419,0.016606,3.711840,3.355503,1.796824,1.102197,0.615750,1.101098,0.799633,0.749718,3.307689,3.300363,0.797948,4.925840,4.935220,0.004274
33.550056,1,0.000000,0.212753,0.146390,0.000000,0.000000,0.181523,0.278140,0.544730,0.000183,0.000672,0.003358,0.016484,3.715552,3.311889,1.796824,1.107325,0.615750,1.105127,0.801831,0.750524,3.305857,3.299447,0.797948,4.928520,4.939240,0.004274
33.600056,1,0.000000,0.214705,0.146390,0.000000,0.000000,0.178595,0.281068,0.580450,0.000305,0.000672,0.003297,0.016850,3.710912,3.301682,1.798777,1.107691,0.616483,1.102929,0.800365,0.749987,3.306773,3.301279,0.798241,4.924500,4.939240,0.004274
33.650056,1,0.000000,0.216657,0.145414,0.000000,0.000000,0.189330,0.280092,0.544730,0.000305,0.000672,0.003236,0.015995,3.711840,3.307249,1.797800,1.107325,0.615018,1.104394,0.800732,0.749181,3.304942,3.299447,0.797948,4.927180,4.937900,0.004274
33.700056,1,0.000000,0.217632,0.146390,0.000000,0.000000,0.191282,0.282044,0.580450,0.000061,0.000672,0.003358,0.015995,3.711840,3.291474,1.798289,1.101464,0.614651,1.102197,0.802930,0.749450,3.305857,3.300363,0.798241,4.924500,4.936560,0.004274
33.750055,1,0.000000,0.211777,0.146390,0.000000,0.000000,0.178595,0.280092,0.517940,0.000244,0.000549,0.003297,0.016606,3.703488,3.294258,1.798289,1.102929,0.615750,1.102197,0.799633,0.749181,3.307689,3.301279,0.797655,4.924500,4.939240,0.004274
33.800056,1,0.000976,0.212753,0.147365,0.000000,0.000000,0.179571,0.280092,0.580450,0.000183,0.000672,0.003297,0.016239,3.704416,3.293330,1.799266,1.110622,0.616849,1.102929,0.801831,0.749987,3.306773,3.301279,0.797655,4.924500,4.937900,0.005128
33.850056,1,0.000000,0.212753,0.147365,0.000000,0.000000,0.181523,0.281068,0.509010,0.000244,0.000672,0.003297,0.016361,3.711840,3.301682,1.798777,1.107691,0.616483,1.102929,0.802930,0.749181,3.304942,3.300363,0.797948,4.925840,4.937900,0.004274
33.900056,1,0.000000,0.213729,0.147365,0.000000,0.000000,0.177619,0.282044,0.571520,0.000305,0.000672,0.003297,0.016728,3.710912,3.298898,1.796824,1.101830,0.610622,1.104028,0.801464,0.752136,3.306773,3.299447,0.797948,4.921820,4.936560,0.004274
33.950056,1,0.000000,0.217632,0.145414,0.000000,0.000000,0.178595,0.278140,0.526870,0.000183,0.000427,0.003236,0.016606,3.703488,3.292402,1.798289,1.103296,0.616117,1.104761,0.800732,0.749181,3.305857,3.299447,0.797948,4.925840,4.935220,0.004274
34.000056,1,0.000000,0.218608,0.145414,0.000000,0.000000,0.180547,0.281068,0.580450,0.000305,0.000672,0.003358,0.016484,3.696064,3.301682,1.797312,1.107691,0.615750,1.100732,0.800365,0.749450,3.304942,3.300363,0.797655,4.924500,4.937900,0.004274
34.050056,1,0.000000,0.210801,0.147365,0.000000,0.000000,0.177619,0.282044,0.544730,0.000305,0.000672,0.003419,0.016606,3.697920,3.293330,1.798777,1.101830,0.616117,1.102929,0.801831,0.749718,3.305857,3.300363,0.797948,4.928520,4.939240,0.004274
34.100056,1,0.000000,0.212753,0.148341,0.000000,0.000000,0.178595,0.281068,0.580450,0.000305,0.000672,0.003358,0.015995,3.704416,3.325809,1.798289,1.108424,0.616117,1.104028,0.799633,0.749450,3.304942,3.301279,0.798241,4.924500,4.935220,0.005128
34.150056,1,0.000000,0.213729,0.147365,0.000000,0.000000,0.179571,0.278140,0.544730,0.000305,0.000672,0.003236,0.016606,3.704416,3.293330,1.798289,1.101464,0.616483,1.102929,0.801098,0.749181,3.305857,3.299447,0.797948,4.925840,4.939240,0.004274
34.200056,1,0.000000,0.212753,0.147365,0.000000,0.000000,0.177619,0.280092,0.580450,0.000183,0.000427,0.003297,0.016117,3.700704,3.311889,1.797800,1.101464,0.616117,1.100732,0.799633,0.748913,3.305857,3.299447,0.797948,4.925840,4.935220,0.004274
34.250056,1,0.000976,0.214705,0.143462,0.000000,0.000000,0.178595,0.277164,0.553660,0.000183,0.000427,0.003236,0.016361,3.710912,3.293330,1.798289,1.107325,0.615018,1.106226,0.799633,0.749181,3.306773,3.299447,0.798241,4.924500,4.939240,0.004274
34.300056,1,0.000000,0.212753,0.144438,0.000000,0.000000,0.189330,0.281068,0.580450,0.000305,0.000672,0.003419,0.016361,3.700704,3.357359,1.796824,1.106226,0.616483,1.100732,0.798900,0.749987,3.304942,3.299447,0.797948,4.925840,4.929860,0.004274
34.350056,1,0.000000,0.212753,0.148341,0.000000,0.000000,0.191282,0.280092,0.482220,0.000183,0.000427,0.003358,0.016484,3.711840,3.291474,1.796824,1.104761,0.601098,1.102929,0.800732,0.749718,3.305857,3.299447,0.797948,4.917800,4.939240,0.004274
34.400056,1,0.000000,0.212753,0.146390,0.000000,0.000000,0.178595,0.280092,0.571520,0.000061,0.001038,0.003236,0.015995,3.699776,3.299826,1.798289,1.105494,0.612820,1.101464,0.801464,0.749987,3.305857,3.302194,0.798241,4.924500,4.935220,0.004274
34.450055,1,0.000000,0.214705,0.148341,0.000000,0.000000,0.180547,0.279116,0.544730,0.000244,0.000549,0.003297,0.015995,3.711840,3.301682,1.798289,1.106226,0.615750,1.100732,0.802930,0.748913,3.304942,3.299447,0.797655,4.927180,4.935220,0.004274
34.500056,1,0.000000,0.214705,0.147365,0.000000,0.000000,0.177619,0.282044,0.580450,0.000305,0.000427,0.003236,0.016361,3.700704,3.301682,1.798289,1.104761,0.615750,1.104761,0.801098,0.747032,3.305857,3.300363,0.798241,4.928520,4.939240,0.005128
34.550055,1,0.000000,0.212753,0.143462,0.000000,0.000000,0.180547,0.281068,0.544730,0.000183,0.000672,0.003236,0.016606,3.697920,3.294258,1.797312,1.108424,0.613186,1.104394,0.800732,0.749450,3.304942,3.300363,0.797362,4.928520,4.939240,0.004274
34.600055,1,0.000000,0.223488,0.146390,0.000000,0.000000,0.179571,0.282044,0.580450,0.000305,0.000549,0.003358,0.016606,3.703488,3.298898,1.796824,1.107325,0.616117,1.104394,0.800732,0.749450,3.303110,3.299447,0.798241,4.924500,4.935220,0.004274
34.650056,1,0.000000,0.220560,0.145414,0.000000,0.000000,0.178595,0.280092,0.553660,0.000183,0.000672,0.003297,0.016606,3.722976,3.301682,1.798289,1.107691,0.616483,1.104394,0.801831,0.749181,3.305857,3.303110,0.797948,4.927180,4.939240,0.004274
34.700058,1,0.000000,0.211777,0.147365,0.000000,0.000000,0.179571,0.280092,0.580450,0.000183,0.000672,0.003236,0.016728,3.711840,3.299826,1.797800,1.110622,0.615750,1.101098,0.801831,0.748644,3.305857,3.300363,0.797948,4.928520,4.939240,0.003419
34.750056,1,0.000976,0.212753,0.145414,0.000000,0.000000,0.178595,0.280092,0.509010,0.000183,0.000672,0.003297,0.016117,3.704416,3.303538,1.797800,1.103296,0.615750,1.100732,0.799633,0.749718,3.305857,3.300363,0.798241,4.927180,4.939240,0.004274
34.800059,1,0.000000,0.213729,0.147365,0.000000,0.000000,0.179571,0.281068,0.580450,0.000183,0.000427,0.003297,0.016239,3.711840,3.301682,1.798289,1.102563,0.616117,1.102929,0.800732,0.749181,3.304942,3.301279,0.797948,4.921820,4.935220,0.004274
34.850055,1,0.000000,0.215681,0.147365,0.000000,0.000000,0.178595,0.279116,0.544730,0.000305,0.000549,0.003358,0.016361,3.699776,3.301682,1.798777,1.101830,0.616117,1.101098,0.801464,0.749718,3.306773,3.301279,0.797655,4.924500,4.939240,0.004274
34.900056,1,0.000000,0.209825,0.146390,0.000000,0.000000,0.178595,0.279116,0.589380,0.000183,0.000672,0.003297,0.016606,3.711840,3.301682,1.797800,1.109156,0.616483,1.100732,0.801098,0.748644,3.305857,3.302194,0.798241,4.924500,4.939240,0.004274
34.950056,1,0.000000,0.214705,0.145414,0.000000,0.000000,0.184451,0.279116,0.509010,0.000977,0.000672,0.003358,0.016361,3.710912,3.301682,1.796824,1.107691,0.615384,1.101098,0.799633,0.748644,3.306773,3.302194,0.797948,4.925840,4.935220,0.004274
35.000056,1,0.000000,0.210801,0.147365,0.000000,0.000000,0.178595,0.280092,0.580450,0.000061,0.000672,0.003236,0.015995,3.710912,3.311889,1.796824,1.102563,0.616483,1.102929,0.801464,0.748913,3.306773,3.299447,0.797948,4.925840,4.937900,0.004274
35.050055,1,0.000000,0.212753,0.146390,0.000000,0.000000,0.180547,0.283020,0.526870,0.000305,0.000672,0.003236,0.016239,3.704416,3.307249,1.798289,1.101464,0.616117,1.101098,0.800365,0.749718,3.305857,3.300363,0.797948,4.927180,4.939240,0.004274
35.100056,1,0.000000,0.214705,0.145414,0.000000,0.000000,0.182499,0.279116,0.580450,0.000305,0.000549,0.003419,0.016728,3.703488,3.293330,1.798289,1.102563,0.616483,1.100732,0.800732,0.749181,3.304026,3.299447,0.797655,4.925840,4.929860,0.004274
35.150055,1,0.000000,0.213729,0.146390,0.000000,0.000000,0.182499,0.279116,0.517940,0.000305,0.000672,0.003297,0.017582,3.711840,3.293330,1.798289,1.102563,0.615750,1.106226,0.800732,0.747569,3.305857,3.300363,0.798241,4.919140,4.935220,0.004274
35.200056,1,0.000000,0.216657,0.147365,0.000000,0.000000,0.179571,0.280092,0.580450,0.000061,0.000672,0.003358,0.016361,3.715552,3.299826,1.797312,1.102197,0.614651,1.102929,0.801464,0.748913,3.306773,3.300363,0.797655,4.924500,4.936560,0.004274
35.250056,1,0.000000,0.213729,0.147365,0.000000,0.000000,0.178595,0.282044,0.580450,0.000305,0.000549,0.003480,0.016606,3.710912,3.357359,1.796824,1.101830,0.616483,1.102197,0.799633,0.748913,3.305857,3.302194,0.798241,4.928520,4.935220,0.004274
35.300056,1,0.000000,0.222512,0.147365,0.000000,0.000000,0.179571,0.280092,0.580450,0.000183,0.000427,0.003297,0.015995,3.710912,3.293330,1.797312,1.104394,0.616483,1.100732,0.800732,0.749450,3.304942,3.300363,0.797948,4.928520,4.935220,0.004274
35.350056,1,0.000000,0.214705,0.146390,0.000000,0.000000,0.177619,0.281068,0.464360,0.000183,0.000672,0.003236,0.016484,3.696993,3.293330,1.797800,1.103296,0.605128,1.104761,0.800365,0.748644,3.304942,3.301279,0.797655,4.921820,4.939240,0.004274
35.400056,1,0.000000,0.211777,0.146390,0.000000,0.000000,0.179571,0.281068,0.580450,0.000183,0.000672,0.003114,0.015995,3.711840,3.327664,1.796824,1.102197,0.616483,1.104394,0.800732,0.748913,3.305857,3.300363,0.798241,4.924500,4.936560,0.004274
35.450056,1,0.000000,0.210801,0.147365,0.000000,0.000000,0.179571,0.280092,0.544730,0.000305,0.000733,0.003358,0.016361,3.711840,3.327664,1.796824,1.105494,0.616117,1.102929,0.799633,0.749181,3.305857,3.299447,0.797948,4.927180,4.936560,0.004274
35.500056,1,0.000000,0.213729,0.147365,0.000000,0.000000,0.180547,0.280092,0.580450,0.000183,0.000672,0.003358,0.015995,3.719264,3.301682,1.797312,1.102929,0.616117,1.105127,0.800732,0.749718,3.307689,3.300363,0.797948,4.920480,4.935220,0.004274
35.550055,1,0.000000,0.213729,0.144438,0.000000,0.000000,0.179571,0.280092,0.544730,0.000305,0.000672,0.003419,0.016361,3.711840,3.292402,1.798289,1.101464,0.616483,1.104761,0.799633,0.749450,3.305857,3.300363,0.798241,4.924500,4.937900,0.004274
35.600056,1,0.000000,0.211777,0.146390,0.000000,0.000000,0.180547,0.281068,0.580450,0.000061,0.000427,0.003358,0.016239,3.703488,3.294258,1.796824,1.101830,0.615750,1.104394,0.799633,0.749987,3.305857,3.299447,0.797948,4.927180,4.939240,0.004274
35.650056,1,0.000976,0.213729,0.145414,0.000000,0.000000,0.178595,0.282044,0.410780,0.000305,0.000549,0.003297,0.016361,3.719264,3.301682,1.797312,1.108424,0.615018,1.104761,0.800365,0.749181,3.307689,3.299447,0.797948,4.925840,4.939240,0.004274
35.700055,1,0.000976,0.210801,0.144438,0.000000,0.000000,0.178595,0.282044,0.580450,0.000305,0.000672,0.003419,0.016361,3.711840,3.301682,1.796824,1.104761,0.616483,1.102929,0.800732,0.748913,3.305857,3.302194,0.797948,4.924500,4.936560,0.004274
35.750056,1,0.000000,0.212753,0.148341,0.000000,0.000000,0.196162,0.279116,0.544730,0.000305,0.000672,0.003419,0.016484,3.711840,3.307249,1.798289,1.108790,0.616483,1.104394,0.798900,0.749181,3.305857,3.300363,0.797948,4.928520,4.935220,0.004274
35.800056,1,0.000000,0.214705,0.145414,0.000000,0.000000,0.201042,0.279116,0.580450,0.000183,0.000427,0.003297,0.016606,3.715552,3.293330,1.798777,1.107691,0.615750,1.104761,0.800732,0.749718,3.304942,3.304026,0.797948,4.923160,4.935220,0.004274
35.850056,1,0.000000,0.214705,0.146390,0.000000,0.000000,0.180547,0.281068,0.509010,0.000183,0.000672,0.003358,0.016117,3.711840,3.294258,1.798289,1.102929,0.614651,1.102197,0.799633,0.748913,3.306773,3.299447,0.797948,4.927180,4.937900,0.004274
35.900056,1,0.000000,0.216657,0.144438,0.000000,0.000000,0.179571,0.283020,0.580450,0.000366,0.000427,0.003358,0.016606,3.710912,3.289618,1.798289,1.110622,0.616483,1.102197,0.800732,0.749718,3.305857,3.299447,0.797948,4.924500,4.939240,0.004274
35.950056,1,0.000976,0.220560,0.146390,0.000000,0.000000,0.180547,0.281068,0.517940,0.000244,0.000549,0.003297,0.016239,3.726687,3.299826,1.798289,1.107691,0.609889,1.102197,0.800365,0.749450,3.305857,3.299447,0.797948,4.925840,4.939240,0.004274
36.000056,1,0.000000,0.216657,0.146390,0.000000,0.000000,0.179571,0.280092,0.589380,0.000305,0.000672,0.003419,0.016850,3.704416,3.294258,1.798289,1.102563,0.615750,1.101098,0.799267,0.749450,3.305857,3.300363,0.798241,4.928520,4.937900,0.005128
36.050056,1,0.000000,0.212753,0.144438,0.000000,0.000000,0.178595,0.280092,0.473290,0.000305,0.000549,0.003419,0.016361,3.704416,3.303538,1.798289,1.104761,0.616117,1.104761,0.801464,0.749181,3.306773,3.301279,0.798241,4.927180,4.929860,0.004274
36.100056,1,0.000000,0.267405,0.148341,0.000000,0.000000,0.180547,0.280092,0.589380,0.000183,0.000672,0.003297,0.016484,3.711840,3.307249,1.798777,1.103296,0.615384,1.101464,0.800732,0.748644,3.305857,3.300363,0.797948,4.924500,4.935220,0.004274
36.150056,1,0.000000,0.214705,0.146390,0.000000,0.000000,0.177619,0.279116,0.473290,0.000183,0.000427,0.003358,0.016484,3.699776,3.327664,1.798777,1.108424,0.616117,1.101464,0.800732,0.749450,3.305857,3.300363,0.798241,4.919140,4.935220,0.004274
36.200056,1,0.000000,0.214705,0.148341,0.000000,0.000000,0.178595,0.280092,0.580450,0.000977,0.000549,0.003297,0.016239,3.701632,3.301682,1.797800,1.105494,0.615384,1.102197,0.801098,0.749181,3.306773,3.300363,0.798241,4.919140,4.939240,0.004274
36.250056,1,0.000000,0.212753,0.147365,0.000000,0.000000,0.177619,0.280092,0.580450,0.000244,0.000549,0.003358,0.016239,3.699776,3.298898,1.797800,1.101830,0.615750,1.102929,0.802930,0.749181,3.305857,3.299447,0.797948,4.919140,4.939240,0.004274
36.300056,1,0.000000,0.218608,0.145414,0.000000,0.000000,0.179571,0.281068,0.571520,0.000305,0.000427,0.003419,0.015507,3.710912,3.293330,1.797312,1.107691,0.615384,1.104761,0.800732,0.752136,3.305857,3.301279,0.797948,4.921820,4.936560,0.004274
36.350056,1,0.000000,0.213729,0.147365,0.000000,0.000000,0.178595,0.279116,0.509010,0.000183,0.001038,0.003175,0.016484,3.701632,3.299826,1.796824,1.105494,0.601098,1.104028,0.801464,0.749987,3.306773,3.300363,0.797948,4.928520,4.935220,0.004274
36.400057,1,0.000000,0.214705,0.147365,0.000000,0.000000,0.201042,0.281068,0.580450,0.000183,0.000672,0.003419,0.016239,3.704416,3.311889,1.797800,1.110622,0.614651,1.104761,0.800732,0.749718,3.306773,3.301279,0.798241,4.913780,4.936560,0.004274
36.450055,1,0.000000,0.213729,0.146390,0.000000,0.000000,0.201042,0.282044,0.544730,0.000183,0.000672,0.003358,0.016606,3.711840,3.292402,1.798777,1.109156,0.617216,1.104394,0.800732,0.749181,3.304942,3.299447,0.797948,4.927180,4.929860,0.004274
36.500056,1,0.000000,0.215681,0.146390,0.000000,0.000000,0.177619,0.282044,0.571520,0.000305,0.000549,0.003236,0.015995,3.697920,3.292402,1.798289,1.107691,0.615750,1.102929,0.800365,0.748913,3.305857,3.299447,0.797948,4.925840,4.939240,0.004274
36.550056,1,0.000000,0.217632,0.146390,0.000000,0.000000,0.180547,0.281068,0.473290,0.000183,0.000427,0.003358,0.016484,3.710912,3.327664,1.796824,1.102197,0.615750,1.100732,0.801098,0.752136,3.304942,3.300363,0.797655,4.924500,4.939240,0.004274
36.600056,1,0.000000,0.214705,0.148341,0.000000,0.000000,0.178595,0.281068,0.580450,0.000061,0.000427,0.003358,0.016361,3.700704,3.357359,1.796824,1.104761,0.612454,1.104761,0.801831,0.749181,3.304942,3.300363,0.798241,4.919140,4.935220,0.004274
36.650056,1,0.000000,0.213729,0.147365,0.000000,0.000000,0.180547,0.280092,0.258970,0.000305,0.000672,0.003236,0.016484,3.699776,3.299826,1.798289,1.101830,0.615018,1.104761,0.801831,0.748913,3.306773,3.302194,0.797948,4.924500,4.935220,0.004274
36.700056,1,0.000000,0.213729,0.180547,0.000000,0.000000,0.178595,0.281068,0.580450,0.000305,0.000549,0.003419,0.015995,3.701632,3.301682,1.796335,1.107691,0.613919,1.104761,0.800732,0.749450,3.304026,3.299447,0.797948,4.927180,4.929860,0.005128
36.750056,1,0.000000,0.214705,0.145414,0.000000,0.000000,0.180547,0.281068,0.401850,0.000183,0.000672,0.003358,0.016484,3.711840,3.293330,1.798289,1.101830,0.615384,1.102929,0.799633,0.748913,3.304026,3.301279,0.797948,4.921820,4.929860,0.004274
36.800056,1,0.000000,0.213729,0.147365,0.000000,0.000000,0.177619,0.279116,0.580450,0.000305,0.000672,0.003297,0.016361,3.711840,3.301682,1.798289,1.106226,0.615018,1.103662,0.800732,0.749181,3.304026,3.299447,0.797948,4.925840,4.936560,0.005128
36.850056,1,0.000000,0.211777,0.146390,0.000000,0.000000,0.179571,0.279116,0.401850,0.000183,0.000672,0.003297,0.016728,3.726687,3.293330,1.798289,1.102563,0.615750,1.100732,0.803296,0.749718,3.305857,3.302194,0.797948,4.924500,4.939240,0.004274
36.900055,1,0.000000,0.212753,0.147365,0.000000,0.000000,0.179571,0.281068,0.580450,0.000183,0.000672,0.003358,0.016606,3.704416,3.311889,1.798289,1.102197,0.613919,1.104394,0.799633,0.748644,3.304942,3.301279,0.797948,4.921820,4.927180,0.004274
36.950056,1,0.000000,0.211777,0.148341,0.000000,0.000000,0.178595,0.281068,0.509010,0.000183,0.000427,0.003236,0.015995,3.717408,3.298898,1.797800,1.106226,0.616117,1.104028,0.799633,0.749987,3.306773,3.300363,0.798241,4.924500,4.939240,0.004274
37.000056,1,0.000000,0.212753,0.146390,0.000000,0.000000,0.179571,0.280092,0.589380,0.000061,0.000427,0.003297,0.016484,3.715552,3.325809,1.797312,1.107691,0.615018,1.101098,0.799633,0.749450,3.304942,3.299447,0.797948,4.923160,4.937900,0.004274
37.050056,1,0.000000,0.213729,0.145414,0.000000,0.000000,0.202017,0.280092,0.517940,0.000061,0.000427,0.003236,0.015995,3.711840,3.298898,1.797800,1.107325,0.615018,1.100732,0.801831,0.748913,3.305857,3.299447,0.797948,4.927180,4.937900,0.004274
37.100056,1,0.000000,0.214705,0.145414,0.000000,0.000000,0.200066,0.280092,0.580450,0.000305,0.000549,0.003297,0.016239,3.703488,3.298898,1.796824,1.104761,0.614285,1.101098,0.801464,0.749181,3.305857,3.299447,0.798241,4.927180,4.941920,0.004274
37.150056,1,0.000000,0.214705,0.145414,0.000000,0.000000,0.180547,0.280092,0.473290,0.000305,0.000549,0.003480,0.016484,3.699776,3.327664,1.796824,1.104761,0.616117,1.101098,0.799633,0.749987,3.305857,3.301279,0.797948,4.925840,4.939240,0.004274
37.200056,1,0.000976,0.211777,0.143462,0.000000,0.000000,0.180547,0.281068,0.580450,0.000183,0.000672,0.003236,0.016606,3.711840,3.293330,1.797312,1.101464,0.613186,1.102197,0.800732,0.748644,3.304026,3.301279,0.797948,4.925840,4.935220,0.004274
37.250056,1,0.000000,0.212753,0.147365,0.000000,0.000000,0.201042,0.281068,0.580450,0.000305,0.000672,0.003236,0.016117,3.711840,3.291474,1.798289,1.107691,0.615384,1.102929,0.798900,0.749181,3.306773,3.302194,0.797948,4.924500,4.939240,0.004274
37.300056,1,0.000000,0.212753,0.144438,0.000000,0.000000,0.177619,0.283020,0.580450,0.000183,0.001038,0.003297,0.016606,3.711840,3.299826,1.796824,1.107691,0.614651,1.104761,0.800732,0.749450,3.304942,3.300363,0.797948,4.924500,4.939240,0.004274
37.350057,1,0.000000,0.219584,0.146390,0.000000,0.000000,0.179571,0.279116,0.544730,0.000244,0.000549,0.003297,0.015995,3.715552,3.301682,1.798289,1.101464,0.601831,1.106226,0.800732,0.752136,3.304942,3.301279,0.798241,4.928520,4.927180,0.004274
37.400058,1,0.000000,0.221536,0.147365,0.000000,0.000000,0.179571,0.280092,0.571520,0.000244,0.000672,0.003297,0.016606,3.711840,3.298898,1.796824,1.104761,0.615018,1.103662,0.799267,0.748913,3.304942,3.301279,0.797948,4.921820,4.936560,0.004274
37.450055,1,0.000976,0.211777,0.146390,0.000000,0.000000,0.178595,0.279116,0.544730,0.000183,0.001038,0.003236,0.016606,3.696064,3.299826,1.798289,1.107691,0.615750,1.105127,0.798900,0.749718,3.305857,3.301279,0.797655,4.925840,4.935220,0.004274
37.500056,1,0.000976,0.215681,0.145414,0.000000,0.000000,0.176643,0.280092,0.580450,0.000305,0.000549,0.003297,0.016606,3.699776,3.292402,1.797312,1.102929,0.615750,1.102929,0.802930,0.748913,3.307689,3.302194,0.797655,4.924500,4.935220,0.004274
37.550056,1,0.000000,0.215681,0.147365,0.000000,0.000000,0.180547,0.281068,0.509010,0.000183,0.000427,0.003358,0.016606,3.703488,3.295186,1.797312,1.106959,0.615384,1.105494,0.799633,0.749450,3.305857,3.302194,0.798241,4.931200,4.939240,0.004274
37.600056,1,0.000000,0.213729,0.146390,0.000000,0.000000,0.179571,0.279116,0.580450,0.000305,0.000672,0.003358,0.016361,3.713696,3.301682,1.797312,1.101464,0.615018,1.104761,0.800732,0.749718,3.305857,3.302194,0.797948,4.924500,4.939240,0.004274
37.650056,1,0.000976,0.213729,0.146390,0.000000,0.000000,0.178595,0.283020,0.473290,0.000305,0.000549,0.003419,0.016606,3.710912,3.301682,1.797312,1.107691,0.616117,1.104761,0.799633,0.749450,3.304942,3.300363,0.798241,4.928520,4.939240,0.004274
37.700056,1,0.000000,0.211777,0.146390,0.000000,0.000000,0.189330,0.282044,0.580450,0.000244,0.000672,0.003419,0.016606,3.710912,3.303538,1.798777,1.104761,0.616483,1.100732,0.800732,0.749450,3.307689,3.300363,0.797655,4.928520,4.935220,0.004274
37.750056,1,0.000000,0.214705,0.148341,0.000000,0.000000,0.190306,0.280092,0.482220,0.000183,0.000672,0.003358,0.016484,3.697920,3.293330,1.798289,1.105494,0.616483,1.100732,0.801464,0.749181,3.307689,3.300363,0.797948,4.928520,4.939240,0.004274
37.800056,1,0.000000,0.211777,0.146390,0.000000,0.000000,0.179571,0.280092,0.580450,0.000305,0.000549,0.003419,0.016239,3.703488,3.293330,1.798289,1.102563,0.616117,1.101098,0.800732,0.749450,3.304942,3.300363,0.797948,4.925840,4.929860,0.004274
37.850056,1,0.000976,0.212753,0.144438,0.000000,0.000000,0.178595,0.280092,0.401850,0.000305,0.000672,0.003419,0.016361,3.710912,3.299826,1.797800,1.107691,0.615750,1.102929,0.800732,0.749181,3.305857,3.300363,0.797948,4.928520,4.936560,0.004274
37.900056,1,0.000000,0.212753,0.149317,0.000000,0.000000,0.180547,0.281068,0.580450,0.000305,0.000672,0.003358,0.015995,3.713696,3.293330,1.798289,1.108424,0.616117,1.101098,0.799633,0.749181,3.304942,3.300363,0.798241,4.919140,4.935220,0.004274
37.950056,1,0.000000,0.214705,0.147365,0.000000,0.000000,0.177619,0.280092,0.473290,0.000061,0.000672,0.003297,0.016606,3.719264,3.298898,1.796824,1.108424,0.615018,1.104761,0.800732,0.749987,3.305857,3.301279,0.797948,4.925840,4.939240,0.004274
38.000056,1,0.000000,0.226416,0.145414,0.000000,0.000000,0.178595,0.281068,0.580450,0.000183,0.000672,0.003297,0.015995,3.711840,3.307249,1.797312,1.108424,0.609157,1.104761,0.800732,0.752136,3.305857,3.300363,0.798241,4.919140,4.935220,0.004274
38.050057,1,0.000000,0.227392,0.145414,0.000000,0.000000,0.177619,0.280092,0.517940,0.000183,0.000672,0.003358,0.016361,3.703488,3.311889,1.798289,1.102197,0.616483,1.102929,0.799633,0.749450,3.307689,3.300363,0.797948,4.925840,4.936560,0.004274
38.100056,1,0.000000,0.212753,0.148341,0.000000,0.000000,0.180547,0.281068,0.589380,0.000244,0.000672,0.003419,0.016361,3.703488,3.293330,1.797800,1.107691,0.615018,1.105127,0.798900,0.749718,3.305857,3.300363,0.797948,4.924500,4.935220,0.004274
38.150056,1,0.000000,0.214705,0.144438,0.000000,0.000000,0.180547,0.280092,0.544730,0.000183,0.000672,0.003358,0.016850,3.699776,3.327664,1.799266,1.101830,0.614285,1.104394,0.800365,0.749987,3.305857,3.302194,0.797655,4.924500,4.935220,0.004274
38.200055,1,0.000000,0.211777,0.145414,0.000000,0.000000,0.179571,0.279116,0.580450,0.000244,0.000549,0.003297,0.016484,3.703488,3.327664,1.796824,1.102929,0.615750,1.104761,0.801098,0.749181,3.307689,3.300363,0.798241,4.928520,4.929860,0.005128
38.250056,1,0.000000,0.213729,0.146390,0.000000,0.000000,0.177619,0.280092,0.580450,0.000183,0.000672,0.003114,0.016361,3.700704,3.357359,1.796824,1.104761,0.616117,1.104761,0.801831,0.749181,3.304942,3.301279,0.797948,4.925840,4.937900,0.004274
38.300056,1,0.000976,0.214705,0.146390,0.000000,0.000000,0.176643,0.282044,0.580450,0.000061,0.001038,0.003419,0.016606,3.719264,3.295186,1.797800,1.108424,0.615750,1.100732,0.800365,0.749450,3.305857,3.300363,0.797362,4.923160,4.935220,0.004274
38.350055,1,0.000000,0.212753,0.146390,0.000000,0.000000,0.191282,0.283020,0.544730,0.000061,0.000672,0.003358,0.016361,3.710912,3.301682,1.797800,1.107691,0.606227,1.102197,0.800365,0.749181,3.306773,3.299447,0.797948,4.927180,4.939240,0.004274
38.400056,1,0.000000,0.214705,0.146390,0.000000,0.000000,0.192258,0.279116,0.580450,0.000305,0.000549,0.003419,0.016117,3.703488,3.293330,1.798777,1.101464,0.615384,1.104028,0.800732,0.748913,3.305857,3.301279,0.797948,4.925840,4.939240,0.004274
38.450055,1,0.000000,0.214705,0.146390,0.000000,0.000000,0.177619,0.282044,0.544730,0.000183,0.000672,0.003297,0.016239,3.711840,3.298898,1.796335,1.102929,0.617216,1.104761,0.799267,0.748913,3.305857,3.302194,0.797948,4.925840,4.935220,0.004274
38.500056,1,0.000000,0.213729,0.148341,0.000000,0.000000,0.181523,0.280092,0.580450,0.000305,0.000672,0.003236,0.016361,3.713696,3.291474,1.796824,1.101830,0.616483,1.104761,0.800732,0.749450,3.307689,3.301279,0.797948,4.925840,4.939240,0.004274
38.550056,1,0.000000,0.212753,0.146390,0.000000,0.000000,0.177619,0.280092,0.482220,0.000183,0.000672,0.003297,0.016484,3.701632,3.298898,1.797800,1.101830,0.616849,1.102929,0.801831,0.748913,3.306773,3.300363,0.797655,4.924500,4.940580,0.004274
38.600056,1,0.000000,0.213729,0.146390,0.000000,0.000000,0.180547,0.280092,0.589380,0.000244,0.000549,0.003358,0.016606,3.710912,3.293330,1.798289,1.109156,0.616483,1.104394,0.800732,0.749450,3.305857,3.300363,0.797362,4.925840,4.937900,0.004274
38.650056,1,0.000976,0.227392,0.145414,0.000000,0.000000,0.177619,0.279116,0.544730,0.000183,0.000672,0.003419,0.016239,3.700704,3.294258,1.796824,1.108058,0.615750,1.104394,0.800365,0.748644,3.305857,3.300363,0.797948,4.928520,4.935220,0.004274
38.700055,1,0.000000,0.229344,0.146390,0.000000,0.000000,0.180547,0.281068,0.571520,0.000183,0.000672,0.003175,0.016606,3.711840,3.294258,1.798289,1.101830,0.616849,1.106226,0.799633,0.749718,3.305857,3.302194,0.798241,4.924500,4.936560,0.004274
38.750055,1,0.000000,0.215681,0.146390,0.000000,0.000000,0.179571,0.280092,0.544730,0.000244,0.000549,0.003297,0.016361,3.715552,3.299826,1.797800,1.104761,0.614651,1.102929,0.802930,0.748644,3.304942,3.300363,0.797948,4.925840,4.935220,0.004274
38.800056,1,0.000000,0.211777,0.145414,0.000000,0.000000,0.178595,0.281068,0.580450,0.000244,0.000549,0.003358,0.016361,3.703488,3.301682,1.797800,1.104394,0.616483,1.106226,0.800732,0.749450,3.304942,3.300363,0.797948,4.924500,4.935220,0.004274
38.850055,1,0.000000,0.213729,0.147365,0.000000,0.000000,0.178595,0.281068,0.509010,0.000183,0.000672,0.003297,0.016361,3.719264,3.292402,1.797800,1.107691,0.616483,1.102929,0.800365,0.749450,3.307689,3.300363,0.797948,4.928520,4.939240,0.004274
38.900056,1,0.000000,0.215681,0.145414,0.000000,0.000000,0.179571,0.279116,0.580450,0.000183,0.000672,0.003358,0.016606,3.711840,3.299826,1.798289,1.107691,0.615750,1.104761,0.801098,0.749987,3.305857,3.300363,0.797948,4.925840,4.935220,0.004274
38.950055,1,0.000000,0.212753,0.146390,0.000000,0.000000,0.179571,0.279116,0.509010,0.000305,0.000672,0.003297,0.016606,3.697920,3.301682,1.801219,1.104761,0.616117,1.104761,0.800732,0.749987,3.304942,3.302194,0.797655,4.924500,4.937900,0.004274
39.000056,1,0.000976,0.213729,0.147365,0.000000,0.000000,0.192258,0.278140,0.580450,0.000305,0.000549,0.003358,0.015995,3.697920,3.327664,1.797800,1.102929,0.615750,1.102929,0.801831,0.749450,3.307689,3.300363,0.798241,4.924500,4.936560,0.004274
39.050055,1,0.000000,0.213729,0.145414,0.000000,0.000000,0.189330,0.280092,0.544730,0.000183,0.000427,0.003419,0.016239,3.704416,3.295186,1.798289,1.108424,0.615750,1.102197,0.800365,0.749987,3.306773,3.299447,0.798241,4.919140,4.939240,0.004274
39.100055,1,0.000000,0.212753,0.143462,0.000000,0.000000,0.180547,0.279116,0.580450,0.000061,0.000672,0.003419,0.016606,3.711840,3.307249,1.798289,1.104761,0.616117,1.104028,0.799633,0.749987,3.304942,3.299447,0.797948,4.927180,4.935220,0.004274
39.150055,1,0.000000,0.212753,0.145414,0.000000,0.000000,0.178595,0.283996,0.544730,0.000183,0.000672,0.003358,0.016239,3.719264,3.311889,1.797312,1.101464,0.616483,1.102929,0.800732,0.749181,3.305857,3.299447,0.797948,4.927180,4.935220,0.004274
39.200056,1,0.000000,0.211777,0.144438,0.000000,0.000000,0.177619,0.280092,0.580450,0.000061,0.000427,0.003358,0.015995,3.711840,3.327664,1.798289,1.107691,0.615018,1.104394,0.800732,0.748644,3.305857,3.300363,0.797948,4.928520,4.939240,0.004274
39.250056,1,0.000976,0.212753,0.146390,0.000000,0.000000,0.177619,0.279116,0.580450,0.000183,0.000672,0.003297,0.016239,3.703488,3.307249,1.797800,1.104761,0.615018,1.100732,0.800732,0.749450,3.304942,3.299447,0.797948,4.927180,4.939240,0.004274
39.300055,1,0.000000,0.221536,0.145414,0.000000,0.000000,0.180547,0.281068,0.580450,0.000183,0.000672,0.003175,0.016239,3.697920,3.301682,1.796824,1.101464,0.617216,1.106226,0.801831,0.749450,3.305857,3.300363,0.798241,4.924500,4.932540,0.004274
39.350056,1,0.000000,0.222512,0.146390,0.000000,0.000000,0.176643,0.282044,0.553660,0.000183,0.000427,0.003419,0.016484,3.696064,3.307249,1.798777,1.103296,0.600366,1.104394,0.800732,0.749450,3.305857,3.299447,0.797948,4.915120,4.935220,0.004274
39.400055,1,0.000000,0.215681,0.146390,0.000000,0.000000,0.179571,0.280092,0.580450,0.000244,0.000672,0.003236,0.016361,3.699776,3.307249,1.798777,1.101830,0.615750,1.102929,0.800732,0.749450,3.305857,3.301279,0.797948,4.925840,4.939240,0.004274
39.450057,1,0.000000,0.213729,0.148341,0.000000,0.000000,0.178595,0.281068,0.544730,0.000305,0.000672,0.003297,0.016606,3.703488,3.301682,1.798777,1.102929,0.615018,1.102929,0.799633,0.749987,3.306773,3.302194,0.797948,4.925840,4.935220,0.004274
39.500056,1,0.000000,0.212753,0.145414,0.000000,0.000000,0.178595,0.280092,0.580450,0.000183,0.000672,0.003175,0.016606,3.710912,3.295186,1.797312,1.110622,0.611721,1.103662,0.800732,0.749181,3.305857,3.300363,0.797655,4.924500,4.935220,0.004274
39.550055,1,0.000976,0.213729,0.146390,0.000000,0.000000,0.179571,0.281068,0.526870,0.000183,0.000427,0.003419,0.016606,3.726687,3.355503,1.797800,1.101830,0.615750,1.101464,0.801098,0.747032,3.304942,3.299447,0.797948,4.925840,4.936560,0.005128
39.600055,1,0.000000,0.214705,0.146390,0.000000,0.000000,0.177619,0.280092,0.580450,0.000305,0.000549,0.003419,0.016606,3.710912,3.295186,1.796335,1.102929,0.615384,1.100732,0.800732,0.749450,3.304942,3.301279,0.797948,4.925840,4.937900,0.005128
39.650055,1,0.000000,0.214705,0.145414,0.000000,0.000000,0.191282,0.279116,0.473290,0.000305,0.000549,0.003114,0.016606,3.699776,3.313745,1.797800,1.107691,0.616483,1.100732,0.799633,0.749450,3.305857,3.302194,0.797948,4.928520,4.939240,0.004274
39.700055,1,0.000000,0.212753,0.146390,0.000000,0.000000,0.189330,0.280092,0.580450,0.000183,0.000672,0.003358,0.016484,3.710912,3.301682,1.797800,1.103296,0.615750,1.102197,0.800732,0.749987,3.306773,3.302194,0.798827,4.927180,4.939240,0.004274
39.750056,1,0.000000,0.211777,0.146390,0.000000,0.000000,0.181523,0.278140,0.553660,0.000305,0.000672,0.003419,0.016728,3.704416,3.307249,1.798289,1.104028,0.616483,1.104394,0.800365,0.756434,3.305857,3.299447,0.797948,4.924500,4.939240,0.004274
39.800056,1,0.000000,0.212753,0.146390,0.000000,0.000000,0.178595,0.282044,0.571520,0.000305,0.000672,0.003297,0.016239,3.700704,3.301682,1.797800,1.107691,0.614651,1.104394,0.800732,0.749181,3.304942,3.300363,0.797948,4.925840,4.939240,0.004274
39.850056,1,0.000000,0.214705,0.147365,0.000000,0.000000,0.179571,0.278140,0.509010,0.000183,0.000549,0.003358,0.016361,3.704416,3.301682,1.796824,1.103296,0.616483,1.104761,0.801098,0.749450,3.304942,3.300363,0.797948,4.928520,4.935220,0.004274
39.900056,1,0.000000,0.212753,0.145414,0.000000,0.000000,0.178595,0.281068,0.580450,0.000183,0.000672,0.003297,0.015995,3.711840,3.327664,1.797800,1.103296,0.616483,1.102929,0.802930,0.749450,3.304942,3.300363,0.797948,4.917800,4.932540,0.004274
39.950056,1,0.000000,0.220560,0.145414,0.000000,0.000000,0.181523,0.279116,0.509010,0.000305,0.000427,0.003236,0.016606,3.703488,3.293330,1.798289,1.107691,0.615018,1.100732,0.800365,0.749450,3.306773,3.299447,0.797948,4.925840,4.929860,0.005128
40.000056,1,0.000000,0.219584,0.145414,0.000000,0.000000,0.179571,0.279116,0.580450,0.000061,0.000672,0.003358,0.016728,3.704416,3.301682,1.796824,1.102197,0.615750,1.104761,0.800732,0.749450,3.304942,3.300363,0.797948,4.925840,4.929860,0.004274
40.050055,1,0.000000,0.211777,0.147365,0.000000,0.000000,0.179571,0.277164,0.517940,0.000183,0.000672,0.003236,0.016361,3.711840,3.289618,1.798289,1.104394,0.610622,1.102929,0.801831,0.749450,3.305857,3.300363,0.797948,4.925840,4.935220,0.004274
40.100056,1,0.000000,0.209825,0.145414,0.000000,0.000000,0.177619,0.282044,0.580450,0.000183,0.000672,0.003236,0.016361,3.704416,3.293330,1.796824,1.102929,0.616483,1.101098,0.800732,0.749450,3.305857,3.299447,0.797948,4.925840,4.937900,0.004274
40.150055,1,0.000000,0.215681,0.147365,0.000000,0.000000,0.177619,0.283996,0.473290,0.000305,0.000427,0.003297,0.016361,3.704416,3.307249,1.798289,1.101830,0.615384,1.103296,0.802930,0.748913,3.306773,3.299447,0.797655,4.927180,4.935220,0.004274
40.200055,1,0.000000,0.211777,0.147365,0.000000,0.000000,0.180547,0.278140,0.580450,0.000183,0.000672,0.003236,0.015995,3.703488,3.294258,1.797800,1.101830,0.615384,1.101464,0.799633,0.756434,3.305857,3.300363,0.797948,4.925840,4.939240,0.004274
40.250055,1,0.000000,0.209825,0.146390,0.000000,0.000000,0.178595,0.281068,0.509010,0.000244,0.000672,0.003419,0.016239,3.704416,3.295186,1.796824,1.101464,0.615750,1.104761,0.799633,0.749450,3.304942,3.300363,0.797948,4.928520,4.935220,0.004274
40.300056,1,0.000976,0.212753,0.147365,0.000000,0.000000,0.179571,0.281068,0.580450,0.000183,0.000672,0.003236,0.016484,3.719264,3.295186,1.797312,1.102563,0.611355,1.104394,0.801098,0.749450,3.305857,3.300363,0.797948,4.928520,4.936560,0.004274
40.350055,1,0.000000,0.215681,0.144438,0.000000,0.000000,0.189330,0.280092,0.473290,0.000183,0.000427,0.003236,0.015995,3.719264,3.301682,1.797312,1.108058,0.601098,1.102929,0.801831,0.752136,3.305857,3.302194,0.797948,4.928520,4.935220,0.004274
40.400056,1,0.000000,0.213729,0.146390,0.000000,0.000000,0.178595,0.281068,0.580450,0.000305,0.000549,0.003419,0.016361,3.699776,3.293330,1.798289,1.107691,0.614285,1.099999,0.801464,0.749987,3.305857,3.299447,0.798241,4.924500,4.936560,0.004274
40.450057,1,0.000000,0.213729,0.144438,0.000000,0.000000,0.179571,0.282044,0.187530,0.000183,0.000427,0.003297,0.016606,3.699776,3.292402,1.798289,1.108790,0.616117,1.104394,0.800732,0.749181,3.304942,3.299447,0.797948,4.925840,4.936560,0.004274
40.500055,1,0.000000,0.212753,0.146390,0.000000,0.000000,0.179571,0.281068,0.580450,0.000061,0.000427,0.003419,0.016606,3.703488,3.293330,1.796824,1.101464,0.617216,1.104761,0.799633,0.748644,3.305857,3.302194,0.798241,4.928520,4.936560,0.004274
40.550056,1,0.000000,0.211777,0.144438,0.000000,0.000000,0.178595,0.280092,0.473290,0.000305,0.000427,0.003236,0.016117,3.710912,3.293330,1.798289,1.106959,0.615750,1.104761,0.798900,0.748913,3.305857,3.300363,0.797948,4.928520,4.941920,0.004274
40.600056,1,0.000000,0.219584,0.145414,0.000000,0.000000,0.178595,0.282044,0.571520,0.000305,0.000672,0.003419,0.016606,3.713696,3.301682,1.798777,1.110622,0.616117,1.104394,0.800732,0.749718,3.304942,3.300363,0.797948,4.927180,4.929860,0.004274
40.650056,1,0.000000,0.218608,0.147365,0.000000,0.000000,0.181523,0.281068,0.258970,0.000183,0.000672,0.003358,0.015995,3.710912,3.293330,1.798289,1.101830,0.616483,1.105494,0.801831,0.749450,3.304942,3.300363,0.797948,4.925840,4.935220,0.004274
40.700056,1,0.000000,0.212753,0.144438,0.000000,0.000000,0.180547,0.281068,0.580450,0.000305,0.000672,0.003419,0.016728,3.711840,3.303538,1.797800,1.101464,0.615750,1.101464,0.800365,0.749181,3.305857,3.302194,0.798241,4.924500,4.936560,0.004274
40.750056,1,0.000000,0.211777,0.145414,0.000000,0.000000,0.178595,0.280092,0.553660,0.000305,0.000672,0.003175,0.016117,3.699776,3.299826,1.798289,1.108424,0.615018,1.100732,0.800732,0.749450,3.306773,3.300363,0.798241,4.928520,4.939240,0.004274
40.800056,1,0.000000,0.212753,0.145414,0.000000,0.000000,0.180547,0.281068,0.580450,0.000305,0.000672,0.003419,0.015995,3.696993,3.325809,1.797800,1.102929,0.616483,1.101464,0.801831,0.749450,3.305857,3.300363,0.797362,4.928520,4.939240,0.004274
40.850055,1,0.000000,0.213729,0.146390,0.000000,0.000000,0.180547,0.280092,0.517940,0.000183,0.000672,0.003175,0.017094,3.699776,3.294258,1.798289,1.109889,0.616117,1.101464,0.800732,0.749181,3.306773,3.301279,0.797948,4.924500,4.939240,0.005128
40.900056,1,0.000000,0.211777,0.148341,0.000000,0.000000,0.180547,0.280092,0.580450,0.000061,0.000427,0.003297,0.016361,3.710912,3.307249,1.797312,1.104761,0.614651,1.101464,0.800365,0.749450,3.306773,3.302194,0.798241,4.924500,4.935220,0.005128
40.950056,1,0.000000,0.213729,0.146390,0.000000,0.000000,0.190306,0.280092,0.517940,0.000305,0.000427,0.003358,0.016606,3.711840,3.301682,1.798289,1.104394,0.614285,1.102929,0.800732,0.749450,3.305857,3.300363,0.798241,4.919140,4.929860,0.005128
41.000055,1,0.000000,0.211777,0.146390,0.000000,0.000000,0.190306,0.281068,0.580450,0.000305,0.000672,0.003297,0.016484,3.699776,3.355503,1.798289,1.102197,0.616849,1.104761,0.802930,0.749181,3.305857,3.300363,0.798241,4.928520,4.939240,0.004274
41.050056,1,0.000000,0.211777,0.146390,0.000000,0.000000,0.177619,0.279116,0.410780,0.000061,0.000427,0.003419,0.015995,3.710912,3.313745,1.796824,1.106226,0.615384,1.102197,0.800732,0.749450,3.305857,3.300363,0.797948,4.928520,4.939240,0.004274
41.100055,1,0.001952,0.210801,0.147365,0.000000,0.000000,0.177619,0.281068,0.580450,0.000305,0.000549,0.003419,0.015995,3.699776,3.307249,1.797312,1.109156,0.615384,1.104761,0.800732,0.749718,3.305857,3.302194,0.797948,4.924500,4.936560,0.004274
41.150056,1,0.000976,0.213729,0.146390,0.000000,0.000000,0.179571,0.281068,0.473290,0.000305,0.000672,0.003297,0.016484,3.711840,3.298898,1.798289,1.110622,0.616483,1.102929,0.800732,0.752136,3.305857,3.302194,0.798241,4.925840,4.935220,0.004274
41.200055,1,0.000000,0.212753,0.147365,0.000000,0.000000,0.182499,0.282044,0.580450,0.000305,0.000672,0.003358,0.016606,3.710912,3.293330,1.798289,1.107691,0.615750,1.106226,0.799633,0.749181,3.305857,3.300363,0.797948,4.919140,4.937900,0.005128
41.250058,1,0.000000,0.224464,0.147365,0.000000,0.000000,0.178595,0.279116,0.544730,0.000244,0.000549,0.003419,0.016361,3.700704,3.327664,1.797800,1.112087,0.615018,1.104761,0.799633,0.749718,3.307689,3.301279,0.798241,4.927180,4.939240,0.005128
41.300055,1,0.000000,0.219584,0.148341,0.000000,0.000000,0.179571,0.283020,0.580450,0.000183,0.000672,0.003358,0.016606,3.711840,3.298898,1.797312,1.110622,0.616483,1.104394,0.799633,0.749450,3.306773,3.301279,0.798241,4.924500,4.936560,0.004274
41.350056,1,0.000000,0.212753,0.144438,0.000000,0.000000,0.179571,0.283020,0.509010,0.000244,0.000672,0.003236,0.016361,3.697920,3.298898,1.796824,1.101464,0.600366,1.102929,0.801098,0.749718,3.307689,3.301279,0.797948,4.925840,4.937900,0.005128
41.400077,1,0.000000,0.211777,0.146390,0.000000,0.000000,0.179571,0.281068,0.580450,0.000305,0.000672,0.003236,0.016361,3.704416,3.301682,1.797312,1.101464,0.614651,1.101464,0.800732,0.749450,3.305857,3.299447,0.797948,4.927180,4.939240,0.004274
41.450056,1,0.000000,0.213729,0.146390,0.000000,0.000000,0.177619,0.280092,0.553660,0.000305,0.000427,0.003419,0.016606,3.726687,3.293330,1.798289,1.106959,0.615750,1.101098,0.799633,0.748913,3.306773,3.302194,0.797655,4.924500,4.935220,0.004274
41.500056,1,0.000000,0.213729,0.147365,0.000000,0.000000,0.179571,0.283996,0.589380,0.000183,0.000672,0.003236,0.016606,3.704416,3.293330,1.798777,1.101464,0.616483,1.103296,0.801098,0.749450,3.307689,3.300363,0.798241,4.928520,4.939240,0.004274
41.550056,1,0.000000,0.213729,0.145414,0.000000,0.000000,0.180547,0.280092,0.482220,0.000183,0.000672,0.003297,0.016361,3.719264,3.298898,1.796824,1.101464,0.615384,1.104394,0.801098,0.749718,3.307689,3.302194,0.798241,4.924500,4.939240,0.004274
41.600056,1,0.000000,0.213729,0.145414,0.000000,0.000000,0.189330,0.281068,0.580450,0.000183,0.000549,0.003358,0.015995,3.711840,3.301682,1.798289,1.110622,0.616483,1.104761,0.800732,0.749450,3.305857,3.301279,0.797948,4.921820,4.935220,0.004274
41.650055,1,0.000000,0.211777,0.145414,0.000000,0.000000,0.191282,0.280092,0.517940,0.000305,0.000549,0.003236,0.016361,3.696064,3.293330,1.798289,1.104761,0.615384,1.102197,0.799633,0.748644,3.305857,3.302194,0.798241,4.924500,4.929860,0.004274
41.700055,1,0.000976,0.211777,0.148341,0.000000,0.000000,0.180547,0.279116,0.580450,0.000305,0.000427,0.003236,0.016361,3.710912,3.298898,1.797312,1.107691,0.616117,1.102197,0.802930,0.749181,3.305857,3.302194,0.797948,4.927180,4.936560,0.004274
41.750055,1,0.000000,0.213729,0.147365,0.000000,0.000000,0.179571,0.278140,0.517940,0.000305,0.000672,0.003114,0.015995,3.699776,3.293330,1.798289,1.102197,0.616117,1.106226,0.800732,0.749450,3.304942,3.300363,0.797948,4.928520,4.939240,0.004274
41.800055,1,0.000000,0.215681,0.146390,0.000000,0.000000,0.178595,0.279116,0.580450,0.000244,0.000549,0.003358,0.016117,3.703488,3.298898,1.798289,1.104761,0.617216,1.101098,0.799633,0.748913,3.305857,3.302194,0.797948,4.925840,4.935220,0.004274
41.850055,1,0.000000,0.258622,0.145414,0.000000,0.000000,0.179571,0.280092,0.517940,0.000305,0.000672,0.003419,0.016361,3.699776,3.294258,1.797800,1.101830,0.615750,1.104761,0.801464,0.749987,3.304942,3.301279,0.797948,4.925840,4.929860,0.004274
41.900055,1,0.000976,0.220560,0.147365,0.000000,0.000000,0.180547,0.281068,0.580450,0.000305,0.000672,0.003419,0.016361,3.703488,3.293330,1.798289,1.107691,0.616117,1.101098,0.800732,0.749450,3.305857,3.299447,0.797948,4.925840,4.933880,0.004274
41.950055,1,0.000000,0.215681,0.147365,0.000000,0.000000,0.180547,0.281068,0.526870,0.000061,0.000672,0.003175,0.016361,3.711840,3.298898,1.796824,1.104394,0.616849,1.102929,0.800732,0.749181,3.305857,3.300363,0.798241,4.924500,4.936560,0.004274
42.000055,1,0.000000,0.211777,0.147365,0.000000,0.000000,0.180547,0.281068,0.580450,0.000305,0.000427,0.003175,0.016484,3.697920,3.294258,1.798777,1.101464,0.615018,1.101098,0.800365,0.749718,3.306773,3.302194,0.797948,4.928520,4.939240,0.004274
42.050055,1,0.000000,0.259597,0.144438,0.000000,0.000000,0.180547,0.281068,0.482220,0.000183,0.000672,0.003358,0.016239,3.710912,3.295186,1.797800,1.101464,0.616483,1.104394,0.800732,0.749718,3.305857,3.301279,0.797948,4.925840,4.940580,0.004274
42.100056,1,0.001952,0.212753,0.146390,0.000000,0.000000,0.180547,0.281068,0.580450,0.000305,0.000672,0.003297,0.016606,3.710912,3.293330,1.798289,1.104761,0.611721,1.104761,0.800732,0.749181,3.304942,3.300363,0.797948,4.920480,4.939240,0.004274
42.150055,1,0.000000,0.215681,0.145414,0.000000,0.000000,0.178595,0.280092,0.517940,0.000305,0.000672,0.003236,0.016484,3.699776,3.298898,1.797800,1.103296,0.616483,1.101098,0.798900,0.749450,3.304942,3.301279,0.797948,4.920480,4.939240,0.004274
42.200056,1,0.000000,0.211777,0.147365,0.000000,0.000000,0.176643,0.279116,0.580450,0.000244,0.000549,0.003419,0.016484,3.711840,3.307249,1.797800,1.101464,0.614651,1.101098,0.799633,0.749718,3.304942,3.300363,0.797948,4.925840,4.935220,0.004274
42.250055,1,0.000000,0.212753,0.146390,0.000000,0.000000,0.190306,0.279116,0.473290,0.000183,0.000672,0.003358,0.016484,3.703488,3.293330,1.797312,1.104028,0.615750,1.100732,0.801831,0.749450,3.305857,3.301279,0.797948,4.925840,4.932540,0.004274
42.300056,1,0.000000,0.215681,0.148341,0.000000,0.000000,0.190306,0.282044,0.580450,0.000305,0.000549,0.003236,0.016484,3.704416,3.299826,1.796824,1.101464,0.616117,1.105494,0.800732,0.749181,3.304942,3.300363,0.797948,4.923160,4.935220,0.004274
42.350055,1,0.000000,0.213729,0.146390,0.000000,0.000000,0.177619,0.281068,0.580450,0.000183,0.000427,0.003358,0.016484,3.710912,3.357359,1.797800,1.106226,0.600732,1.102929,0.799633,0.749181,3.305857,3.302194,0.797948,4.924500,4.935220,0.004274
42.400055,1,0.000000,0.214705,0.147365,0.000000,0.000000,0.178595,0.279116,0.580450,0.000183,0.000672,0.003236,0.016606,3.710912,3.291474,1.796824,1.104394,0.616849,1.104761,0.801464,0.749181,3.306773,3.300363,0.798241,4.924500,4.937900,0.004274
42.450056,1,0.000000,0.217632,0.178595,0.000000,0.000000,0.180547,0.280092,0.276830,0.000061,0.000672,0.003358,0.015995,3.703488,3.301682,1.798289,1.101830,0.613552,1.100732,0.800365,0.749181,3.307689,3.301279,0.797948,4.919140,4.937900,0.005128
42.500055,1,0.000000,0.211777,0.146390,0.000000,0.000000,0.179571,0.281068,0.580450,0.000183,0.000977,0.003419,0.016361,3.704416,3.293330,1.796824,1.107325,0.616117,1.104761,0.799633,0.749181,3.304942,3.299447,0.797948,4.921820,4.939240,0.004274
42.550056,1,0.000000,0.221536,0.147365,0.000000,0.000000,0.180547,0.279116,0.509010,0.000305,0.000672,0.003358,0.016361,3.710912,3.301682,1.797312,1.107691,0.615750,1.104394,0.799633,0.749450,3.305857,3.299447,0.798241,4.924500,4.939240,0.004274
42.600055,1,0.000000,0.219584,0.147365,0.000000,0.000000,0.179571,0.280092,0.580450,0.000305,0.000549,0.003358,0.016361,3.699776,3.303538,1.797800,1.107325,0.616117,1.106226,0.800365,0.749450,3.305857,3.302194,0.798241,4.925840,4.939240,0.004274
42.650056,1,0.000000,0.215681,0.146390,0.000000,0.000000,0.177619,0.282044,0.535800,0.000305,0.000427,0.003480,0.016606,3.711840,3.295186,1.798289,1.101830,0.616483,1.101464,0.800732,0.749181,3.307689,3.300363,0.797948,4.927180,4.939240,0.004274
42.700056,1,0.000000,0.211777,0.146390,0.000000,0.000000,0.178595,0.280092,0.580450,0.000305,0.000427,0.003297,0.016361,3.696064,3.299826,1.797800,1.106226,0.616483,1.104761,0.800365,0.749450,3.304942,3.300363,0.797948,4.924500,4.939240,0.004274
42.750056,1,0.000976,0.213729,0.146390,0.000000,0.000000,0.179571,0.281068,0.544730,0.000427,0.000427,0.003236,0.016239,3.722976,3.301682,1.797312,1.101830,0.616849,1.104761,0.800732,0.748913,3.307689,3.300363,0.797948,4.921820,4.929860,0.005128
42.800059,1,0.000000,0.212753,0.146390,0.000000,0.000000,0.177619,0.281068,0.580450,0.000305,0.000672,0.003297,0.016484,3.699776,3.307249,1.797800,1.108424,0.616483,1.102929,0.800365,0.749450,3.305857,3.300363,0.798241,4.920480,4.939240,0.004274
42.850055,1,0.000976,0.213729,0.146390,0.000000,0.000000,0.176643,0.280092,0.544730,0.000305,0.000549,0.003419,0.016484,3.726687,3.311889,1.799266,1.107691,0.615750,1.104028,0.800732,0.749181,3.304942,3.300363,0.797948,4.925840,4.936560,0.004274
42.900056,1,0.000000,0.215681,0.144438,0.000000,0.000000,0.184451,0.281068,0.580450,0.000305,0.000672,0.003297,0.016606,3.703488,3.293330,1.798289,1.107691,0.615018,1.104761,0.800732,0.749181,3.305857,3.301279,0.797948,4.925840,4.939240,0.004274
42.950055,1,0.000000,0.210801,0.147365,0.003904,0.000000,0.185427,0.283020,0.517940,0.000305,0.000672,0.003297,0.015995,3.697920,3.297970,1.797800,1.104394,0.605494,1.102929,0.799267,0.749987,3.305857,3.300363,0.798241,4.928520,4.939240,0.004274
43.000056,1,0.000000,0.212753,0.145414,0.000000,0.000000,0.180547,0.278140,0.580450,0.000122,0.000427,0.003358,0.016606,3.703488,3.291474,1.798777,1.101464,0.615750,1.104394,0.799633,0.748913,3.305857,3.299447,0.797948,4.927180,4.937900,0.004274
43.050055,1,0.000000,0.215681,0.147365,0.000000,0.000000,0.180547,0.280092,0.553660,0.000427,0.000427,0.003236,0.016484,3.699776,3.293330,1.798289,1.108424,0.616483,1.105494,0.799633,0.748644,3.305857,3.300363,0.797655,4.927180,4.929860,0.005128
43.100056,1,0.000000,0.213729,0.147365,0.000000,0.000000,0.182499,0.280092,0.580450,0.000244,0.000672,0.003419,0.016117,3.711840,3.311889,1.797800,1.109889,0.615018,1.106226,0.799633,0.749987,3.304942,3.301279,0.797948,4.928520,4.933880,0.004274
43.150056,1,0.000000,0.210801,0.146390,0.000000,0.000000,0.179571,0.283020,0.553660,0.000183,0.000794,0.003358,0.016361,3.711840,3.298898,1.796824,1.104761,0.616117,1.106226,0.801098,0.749181,3.305857,3.300363,0.797948,4.925840,4.935220,0.004274
43.200056,1,0.000000,0.220560,0.144438,0.000000,0.000000,0.178595,0.281068,0.580450,0.000244,0.000549,0.003358,0.016361,3.713696,3.311889,1.797312,1.110622,0.615018,1.104028,0.801464,0.749718,3.305857,3.302194,0.798241,4.924500,4.939240,0.004274
43.250055,1,0.000000,0.224464,0.146390,0.000000,0.000000,0.178595,0.283020,0.509010,0.000305,0.000672,0.003419,0.016606,3.699776,3.293330,1.798777,1.108424,0.614651,1.106226,0.799633,0.747569,3.306773,3.301279,0.797948,4.927180,4.939240,0.004274
43.300056,1,0.000000,0.211777,0.146390,0.000000,0.000000,0.178595,0.281068,0.580450,0.000305,0.000549,0.003297,0.016117,3.711840,3.327664,1.795847,1.107691,0.615750,1.104761,0.799633,0.749181,3.305857,3.300363,0.797948,4.924500,4.935220,0.004274
43.350055,1,0.000000,0.221536,0.145414,0.000000,0.000000,0.181523,0.280092,0.580450,0.000305,0.000427,0.003236,0.015995,3.711840,3.299826,1.798289,1.103296,0.600366,1.102929,0.801098,0.749987,3.304942,3.299447,0.797948,4.927180,4.939240,0.004274
43.400056,1,0.000000,0.212753,0.146390,0.000000,0.000000,0.180547,0.281068,0.580450,0.000061,0.000427,0.003358,0.015995,3.726687,3.301682,1.797800,1.102197,0.615750,1.101098,0.802930,0.749450,3.304942,3.300363,0.797948,4.925840,4.935220,0.004274
43.450056,1,0.000000,0.213729,0.145414,0.000000,0.000000,0.178595,0.279116,0.544730,0.000183,0.000427,0.003236,0.016361,3.710912,3.293330,1.796824,1.104761,0.614651,1.101098,0.800732,0.749181,3.304942,3.301279,0.797948,4.925840,4.935220,0.004274
43.500056,1,0.000000,0.210801,0.145414,0.000000,0.000000,0.178595,0.281068,0.580450,0.000183,0.000672,0.003297,0.016361,3.710912,3.292402,1.797800,1.102929,0.616483,1.100732,0.802930,0.748644,3.305857,3.301279,0.797948,4.921820,4.929860,0.004274
43.550055,1,0.000000,0.211777,0.146390,0.000000,0.000000,0.180547,0.281068,0.544730,0.000183,0.000427,0.003297,0.015995,3.726687,3.292402,1.798289,1.107691,0.615750,1.102929,0.802930,0.749450,3.307689,3.300363,0.797948,4.928520,4.939240,0.004274
43.600056,1,0.000000,0.213729,0.145414,0.000000,0.000000,0.180547,0.279116,0.580450,0.000305,0.000672,0.003297,0.016239,3.710912,3.301682,1.798289,1.107691,0.616849,1.104761,0.798900,0.749718,3.306773,3.302194,0.797948,4.924500,4.929860,0.004274
43.650055,1,0.000000,0.212753,0.149317,0.000000,0.000000,0.178595,0.281068,0.509010,0.000305,0.000672,0.003358,0.016606,3.710912,3.301682,1.797800,1.104761,0.616483,1.101098,0.800365,0.749450,3.305857,3.301279,0.797948,4.925840,4.937900,0.004274
43.700056,1,0.000000,0.213729,0.146390,0.000000,0.000000,0.182499,0.280092,0.580450,0.000305,0.000672,0.003297,0.015995,3.701632,3.301682,1.798777,1.110622,0.615750,1.104761,0.801098,0.749181,3.305857,3.301279,0.797948,4.928520,4.935220,0.004274
43.750056,1,0.000000,0.212753,0.146390,0.000000,0.000000,0.200066,0.278140,0.535800,0.000061,0.000672,0.003297,0.015995,3.711840,3.299826,1.797800,1.101464,0.616483,1.102929,0.800732,0.749718,3.307689,3.302194,0.798241,4.924500,4.935220,0.004274
43.800056,1,0.000000,0.215681,0.147365,0.000000,0.000000,0.179571,0.279116,0.580450,0.000061,0.000672,0.003236,0.016117,3.711840,3.301682,1.797800,1.101830,0.616117,1.104761,0.801831,0.749987,3.306773,3.301279,0.798241,4.927180,4.940580,0.004274
43.850055,1,0.000000,0.224464,0.145414,0.000000,0.000000,0.181523,0.283020,0.544730,0.000244,0.000672,0.003358,0.016361,3.710912,3.293330,1.798289,1.107691,0.616117,1.102929,0.800732,0.747032,3.304942,3.300363,0.797948,4.924500,4.935220,0.004274
43.900056,1,0.000000,0.219584,0.145414,0.000000,0.000000,0.182499,0.282044,0.580450,0.000305,0.000672,0.003114,0.016484,3.697920,3.355503,1.796824,1.101464,0.616483,1.100732,0.799633,0.749450,3.305857,3.301279,0.798241,4.925840,4.935220,0.004274
43.950056,1,0.000000,0.216657,0.145414,0.000000,0.000000,0.179571,0.281068,0.544730,0.000305,0.000733,0.003114,0.016728,3.699776,3.291474,1.796824,1.102929,0.615750,1.104028,0.800732,0.749718,3.305857,3.299447,0.797948,4.928520,4.935220,0.004274
44.000056,1,0.000000,0.213729,0.146390,0.000000,0.000000,0.178595,0.283996,0.580450,0.000305,0.000672,0.003358,0.016361,3.715552,3.311889,1.796335,1.101830,0.616483,1.100732,0.801098,0.748913,3.306773,3.300363,0.797948,4.924500,4.939240,0.004274
44.050056,1,0.000000,0.214705,0.148341,0.000000,0.000000,0.176643,0.281068,0.473290,0.000305,0.000672,0.003419,0.016239,3.713696,3.357359,1.798777,1.103296,0.616117,1.102929,0.799633,0.749181,3.304942,3.301279,0.798241,4.924500,4.933880,0.004274
44.100056,1,0.000000,0.212753,0.147365,0.000000,0.000000,0.180547,0.280092,0.580450,0.000305,0.000672,0.003419,0.016606,3.699776,3.327664,1.796824,1.106226,0.614651,1.101098,0.801098,0.749987,3.305857,3.299447,0.797948,4.920480,4.939240,0.004274
44.150056,1,0.000000,0.213729,0.147365,0.000000,0.000000,0.177619,0.280092,0.544730,0.000305,0.000427,0.003480,0.016361,3.715552,3.327664,1.796824,1.109156,0.610256,1.104761,0.799633,0.749987,3.306773,3.301279,0.797948,4.925840,4.935220,0.004274
44.200056,1,0.000000,0.212753,0.146390,0.000000,0.000000,0.178595,0.279116,0.580450,0.000305,0.000672,0.003358,0.016606,3.699776,3.292402,1.796824,1.101464,0.614285,1.102929,0.802930,0.749450,3.305857,3.300363,0.797948,4.927180,4.939240,0.004274
44.250056,1,0.000000,0.236175,0.145414,0.000000,0.000000,0.178595,0.281068,0.767980,0.000183,0.000672,0.003175,0.016606,3.711840,3.292402,1.796824,1.101830,0.607692,1.102929,0.800732,0.749987,3.306773,3.300363,0.797948,4.925840,4.935220,0.004274
44.300056,1,0.000000,0.212753,0.146390,0.000000,0.000000,0.179571,0.281068,0.580450,0.000183,0.000672,0.003297,0.016606,3.711840,3.298898,1.797800,1.102197,0.614651,1.104761,0.800732,0.749181,3.306773,3.299447,0.797948,4.924500,4.935220,0.004274
44.350055,1,0.000000,0.213729,0.146390,0.000000,0.000000,0.198114,0.283020,0.258970,0.000183,0.000427,0.003358,0.016361,3.710912,3.327664,1.796824,1.102563,0.599999,1.104394,0.800732,0.749181,3.307689,3.300363,0.797948,4.920480,4.935220,0.004274
44.400055,1,0.000000,0.212753,0.147365,0.000000,0.000000,0.180547,0.280092,0.580450,0.000305,0.000672,0.003358,0.016606,3.710912,3.298898,1.799266,1.106226,0.615384,1.101098,0.800732,0.749987,3.306773,3.299447,0.797948,4.925840,4.929860,0.005128
44.450056,1,0.000000,0.213729,0.145414,0.000000,0.000000,0.179571,0.281068,0.482220,0.000183,0.000427,0.003297,0.015995,3.726687,3.311889,1.798289,1.104394,0.615750,1.099999,0.800365,0.749450,3.305857,3.300363,0.797948,4.925840,4.936560,0.004274
44.500056,1,0.000000,0.220560,0.146390,0.000000,0.000000,0.178595,0.280092,0.580450,0.000061,0.000672,0.003297,0.016606,3.699776,3.307249,1.798289,1.101464,0.612820,1.102929,0.800732,0.749450,3.304942,3.300363,0.798241,4.927180,4.941920,0.004274
44.550056,1,0.000000,0.221536,0.147365,0.000000,0.000000,0.179571,0.280092,0.410780,0.000061,0.000427,0.003358,0.016484,3.700704,3.301682,1.797800,1.106226,0.615750,1.104394,0.801831,0.748913,3.306773,3.300363,0.797948,4.928520,4.939240,0.004274
44.600055,1,0.000000,0.214705,0.148341,0.000000,0.000000,0.178595,0.283020,0.589380,0.000305,0.000672,0.003419,0.016361,3.697920,3.292402,1.797800,1.104761,0.615018,1.101098,0.803296,0.749450,3.306773,3.300363,0.798241,4.908420,4.935220,0.004274
44.650055,1,0.000000,0.215681,0.147365,0.000000,0.000000,0.180547,0.280092,0.473290,0.000244,0.000549,0.003419,0.016606,3.698848,3.294258,1.798289,1.102197,0.616117,1.104394,0.801831,0.756434,3.305857,3.299447,0.797948,4.925840,4.933880,0.004274
44.700056,1,0.000000,0.211777,0.146390,0.000000,0.000000,0.178595,0.281068,0.580450,0.000061,0.000672,0.003175,0.016606,3.704416,3.293330,1.798289,1.101830,0.616483,1.103662,0.801831,0.749987,3.304942,3.299447,0.797948,4.925840,4.935220,0.004274
44.750056,1,0.000000,0.212753,0.146390,0.000000,0.000000,0.178595,0.280092,0.410780,0.000061,0.001038,0.003297,0.016117,3.701632,3.307249,1.796824,1.108058,0.616483,1.105127,0.800732,0.748644,3.305857,3.299447,0.797948,4.925840,4.936560,0.004274
44.800056,1,0.000976,0.210801,0.145414,0.000000,0.000000,0.179571,0.278140,0.580450,0.000305,0.000672,0.003175,0.015995,3.700704,3.295186,1.798289,1.104028,0.616117,1.100732,0.798900,0.748913,3.306773,3.300363,0.797948,4.927180,4.935220,0.004274
44.850056,1,0.000000,0.213729,0.147365,0.000000,0.000000,0.178595,0.279116,0.517940,0.000305,0.000672,0.003297,0.015995,3.711840,3.294258,1.796824,1.107691,0.615750,1.102929,0.800732,0.748913,3.306773,3.302194,0.798241,4.924500,4.939240,0.004274
44.900056,1,0.000976,0.214705,0.146390,0.000000,0.000000,0.179571,0.279116,0.580450,0.000183,0.000672,0.003297,0.016361,3.704416,3.295186,1.798289,1.104761,0.616483,1.104394,0.801098,0.749450,3.307689,3.300363,0.798241,4.928520,4.936560,0.004274
44.950055,1,0.000000,0.211777,0.145414,0.000000,0.000000,0.181523,0.278140,0.553660,0.000305,0.000672,0.003297,0.016484,3.711840,3.295186,1.797312,1.104028,0.616483,1.104394,0.799633,0.748913,3.305857,3.301279,0.797948,4.921820,4.939240,0.004274
45.000056,1,0.000000,0.211777,0.146390,0.000000,0.000000,0.200066,0.282044,0.580450,0.000305,0.000672,0.003175,0.016484,3.704416,3.295186,1.798289,1.107691,0.616483,1.102929,0.800732,0.750256,3.306773,3.302194,0.797948,4.924500,4.929860,0.004274
45.050056,1,0.000000,0.212753,0.147365,0.000000,0.000000,0.202993,0.281068,0.553660,0.000305,0.000672,0.003419,0.016606,3.710912,3.313745,1.797800,1.102929,0.616483,1.100732,0.802930,0.749450,3.305857,3.300363,0.797948,4.928520,4.941920,0.004274
45.100056,1,0.000000,0.215681,0.146390,0.000000,0.000000,0.181523,0.281068,0.580450,0.000061,0.000672,0.003358,0.015507,3.703488,3.325809,1.797312,1.107691,0.616483,1.104394,0.800732,0.749450,3.305857,3.300363,0.798241,4.924500,4.935220,0.004274
45.150056,1,0.000000,0.212753,0.146390,0.000000,0.000000,0.178595,0.282044,0.544730,0.000244,0.000549,0.003419,0.016484,3.711840,3.357359,1.797312,1.107691,0.616483,1.102929,0.800732,0.749987,3.307689,3.300363,0.797948,4.925840,4.929860,0.005128
45.200055,1,0.000000,0.213729,0.147365,0.000000,0.000000,0.179571,0.280092,0.580450,0.000244,0.000549,0.003480,0.016117,3.696993,3.295186,1.797312,1.104761,0.615018,1.102929,0.800732,0.749718,3.304942,3.300363,0.797948,4.925840,4.939240,0.003419
45.250056,1,0.000976,0.214705,0.146390,0.000000,0.000000,0.178595,0.281068,0.544730,0.000305,0.000672,0.003419,0.016239,3.711840,3.301682,1.797800,1.103296,0.615384,1.104028,0.799633,0.748913,3.306773,3.302194,0.797948,4.924500,4.935220,0.004274
45.300056,1,0.000000,0.215681,0.146390,0.000000,0.000000,0.178595,0.280092,0.580450,0.000061,0.000672,0.003358,0.016484,3.710912,3.295186,1.796824,1.105494,0.616483,1.100732,0.799633,0.749450,3.305857,3.300363,0.797655,4.919140,4.939240,0.004274
45.350056,1,0.000000,0.220560,0.145414,0.000000,0.000000,0.181523,0.280092,0.473290,0.000244,0.000549,0.003297,0.017094,3.699776,3.301682,1.797800,1.104761,0.605494,1.105127,0.801098,0.749718,3.307689,3.300363,0.797948,4.925840,4.939240,0.004274
45.400056,1,0.000000,0.212753,0.147365,0.000000,0.000000,0.178595,0.281068,0.580450,0.000305,0.000549,0.003297,0.016850,3.699776,3.297970,1.798289,1.103296,0.613552,1.102197,0.799633,0.749181,3.305857,3.300363,0.798241,4.919140,4.935220,0.004274
45.450055,1,0.000000,0.212753,0.146390,0.000000,0.000000,0.178595,0.282044,0.544730,0.000183,0.000427,0.003419,0.016850,3.726687,3.357359,1.797312,1.101464,0.616483,1.104028,0.799633,0.749181,3.306773,3.299447,0.797948,4.927180,4.939240,0.003419
45.500056,1,0.000000,0.211777,0.146390,0.000000,0.000000,0.177619,0.280092,0.589380,0.000305,0.000549,0.003297,0.016484,3.703488,3.301682,1.797800,1.109156,0.615750,1.104761,0.801464,0.749987,3.304942,3.301279,0.797948,4.925840,4.935220,0.005128
45.550055,1,0.000000,0.211777,0.146390,0.000000,0.000000,0.179571,0.279116,0.544730,0.000305,0.000672,0.003297,0.016239,3.710912,3.293330,1.798289,1.103296,0.616483,1.100732,0.799633,0.749450,3.307689,3.301279,0.797948,4.927180,4.935220,0.004274
45.600055,1,0.000000,0.212753,0.147365,0.000000,0.000000,0.180547,0.280092,0.580450,0.000183,0.000672,0.003358,0.016484,3.697920,3.303538,1.798289,1.101464,0.616483,1.100732,0.800732,0.749450,3.305857,3.299447,0.797948,4.925840,4.935220,0.004274
45.650056,1,0.000000,0.210801,0.147365,0.000000,0.000000,0.191282,0.283020,0.509010,0.000183,0.000427,0.003358,0.016606,3.704416,3.291474,1.798289,1.104761,0.616483,1.100732,0.801831,0.749450,3.305857,3.300363,0.798241,4.928520,4.935220,0.004274
45.700055,1,0.000000,0.212753,0.146390,0.000000,0.000000,0.191282,0.281068,0.580450,0.000244,0.000672,0.003236,0.016361,3.703488,3.295186,1.798289,1.104761,0.616117,1.101098,0.800732,0.749450,3.307689,3.300363,0.797948,4.925840,4.929860,0.004274
45.750056,1,0.000000,0.213729,0.146390,0.000000,0.000000,0.180547,0.278140,0.553660,0.000061,0.000672,0.003358,0.016239,3.726687,3.301682,1.798289,1.110622,0.616117,1.102929,0.800732,0.749181,3.307689,3.301279,0.797948,4.927180,4.935220,0.004274
45.800055,1,0.000000,0.215681,0.147365,0.000000,0.000000,0.178595,0.279116,0.580450,0.000244,0.000549,0.003419,0.016361,3.710912,3.298898,1.796824,1.110622,0.616117,1.104394,0.800732,0.752136,3.304942,3.301279,0.798241,4.924500,4.935220,0.004274
45.850055,1,0.000976,0.211777,0.144438,0.000000,0.000000,0.177619,0.279116,0.517940,0.000183,0.000672,0.003236,0.015995,3.704416,3.293330,1.798777,1.104761,0.616483,1.104394,0.801464,0.748913,3.304942,3.300363,0.797948,4.927180,4.939240,0.004274
45.900055,1,0.000000,0.213729,0.146390,0.000000,0.000000,0.179571,0.282044,0.580450,0.000183,0.000672,0.003114,0.016361,3.703488,3.327664,1.793893,1.110622,0.613919,1.104761,0.800732,0.749181,3.304942,3.301279,0.797655,4.921820,4.939240,0.004274
45.950055,1,0.000000,0.223488,0.147365,0.000000,0.000000,0.179571,0.283020,0.509010,0.000183,0.000672,0.003236,0.016606,3.701632,3.301682,1.797800,1.109156,0.616117,1.104028,0.800732,0.748644,3.305857,3.302194,0.797948,4.919140,4.937900,0.004274
46.000056,1,0.000976,0.227392,0.147365,0.000000,0.000000,0.178595,0.279116,0.580450,0.000305,0.000672,0.003419,0.016361,3.703488,3.293330,1.797800,1.109156,0.616117,1.105127,0.798900,0.749181,3.305857,3.301279,0.797948,4.921820,4.936560,0.005128
46.050056,1,0.000000,0.214705,0.146390,0.000000,0.000000,0.178595,0.282044,0.544730,0.000305,0.000672,0.003358,0.016239,3.711840,3.327664,1.797800,1.109889,0.615384,1.105127,0.800732,0.749987,3.305857,3.299447,0.797948,4.925840,4.939240,0.004274
46.100056,1,0.000000,0.211777,0.146390,0.000000,0.000000,0.177619,0.281068,0.580450,0.000061,0.001038,0.003297,0.016361,3.708128,3.294258,1.798289,1.103662,0.615750,1.104761,0.800732,0.749718,3.305857,3.299447,0.798241,4.924500,4.935220,0.004274
46.150055,1,0.000000,0.213729,0.148341,0.000000,0.000000,0.180547,0.282044,0.544730,0.000977,0.000427,0.003114,0.016117,3.715552,3.312817,1.797312,1.102563,0.616117,1.104394,0.800732,0.749181,3.306773,3.302194,0.797948,4.924500,4.935220,0.004274
46.200056,1,0.000976,0.243982,0.146390,0.000000,0.000000,0.179571,0.281068,0.580450,0.000305,0.000672,0.003114,0.015995,3.713696,3.311889,1.798289,1.108424,0.616483,1.104761,0.800732,0.749987,3.306773,3.299447,0.797948,4.921820,4.935220,0.004274
46.250056,1,0.000000,0.213729,0.150293,0.000000,0.000000,0.177619,0.281068,0.678680,0.000305,0.000672,0.003236,0.016484,3.711840,3.291474,1.797312,1.108424,0.616483,1.104761,0.799633,0.784639,3.305857,3.302194,0.798241,4.919140,4.931200,0.004274
46.300055,1,0.000000,0.212753,0.147365,0.000000,0.000000,0.190306,0.282044,0.660820,0.000244,0.000672,0.003419,0.016606,3.711840,3.293330,1.798289,1.107691,0.615750,1.104394,0.798900,0.784370,3.304942,3.300363,0.797948,4.920480,4.931200,0.004274
46.350055,1,0.000000,0.216657,0.149317,0.000000,0.000000,0.190306,0.281068,0.634030,0.000305,0.000672,0.003236,0.015995,3.699776,3.301682,1.798777,1.104761,0.607325,1.102929,0.799267,0.770134,3.305857,3.299447,0.797948,4.920480,4.927180,0.004274
46.400056,1,0.000000,0.213729,0.147365,0.000000,0.000000,0.178595,0.282044,0.642960,0.000061,0.000672,0.003358,0.015995,3.711840,3.293330,1.798289,1.104761,0.616849,1.104761,0.800365,0.770134,3.306773,3.300363,0.797655,4.920480,4.927180,0.005128
46.450056,1,0.000000,0.212753,0.147365,0.000000,0.000000,0.179571,0.282044,0.589380,0.000305,0.000549,0.003236,0.016606,3.711840,3.325809,1.797800,1.101830,0.616483,1.100365,0.800365,0.749181,3.307689,3.300363,0.797948,4.925840,4.941920,0.004274
46.500056,1,0.000976,0.212753,0.147365,0.000000,0.000000,0.181523,0.282044,0.580450,0.000244,0.000549,0.003419,0.016117,3.711840,3.307249,1.796824,1.107691,0.615384,1.102197,0.801831,0.748913,3.304942,3.302194,0.797655,4.924500,4.935220,0.004274
46.550055,1,0.000976,0.212753,0.146390,0.000000,0.000000,0.177619,0.281068,0.473290,0.000183,0.000672,0.003236,0.016606,3.711840,3.311889,1.798777,1.110622,0.615750,1.104394,0.799633,0.749450,3.304942,3.300363,0.797948,4.925840,4.939240,0.004274
46.600056,1,0.000000,0.229344,0.147365,0.000000,0.000000,0.179571,0.280092,0.589380,0.000183,0.000672,0.003297,0.016484,3.711840,3.299826,1.796824,1.102929,0.616483,1.101098,0.800365,0.748913,3.305857,3.300363,0.797948,4.928520,4.936560,0.004274
46.650055,1,0.000000,0.225440,0.146390,0.000000,0.000000,0.178595,0.279116,0.482220,0.000305,0.000672,0.003236,0.016606,3.711840,3.289618,1.798289,1.107691,0.616483,1.101464,0.800732,0.749987,3.304026,3.301279,0.797948,4.925840,4.936560,0.004274
46.700055,1,0.000000,0.213729,0.146390,0.000000,0.000000,0.180547,0.279116,0.580450,0.000122,0.000549,0.003419,0.015995,3.715552,3.298898,1.796824,1.106226,0.616483,1.100732,0.800732,0.749450,3.307689,3.300363,0.797948,4.925840,4.935220,0.004274
46.750056,1,0.000000,0.209825,0.146390,0.000000,0.000000,0.179571,0.281068,0.553660,0.000305,0.000672,0.003358,0.016484,3.711840,3.298898,1.799266,1.109156,0.615750,1.104761,0.799267,0.748644,3.304942,3.300363,0.797948,4.925840,4.939240,0.004274
46.800055,1,0.000976,0.214705,0.147365,0.000000,0.000000,0.177619,0.280092,0.580450,0.000305,0.000549,0.003114,0.016606,3.726687,3.298898,1.798289,1.101464,0.615750,1.104761,0.799633,0.748913,3.304942,3.301279,0.797948,4.927180,4.935220,0.004274
46.850056,1,0.000000,0.213729,0.147365,0.000000,0.000000,0.180547,0.280092,0.553660,0.000305,0.000672,0.003419,0.016484,3.711840,3.293330,1.797312,1.104394,0.615384,1.104394,0.799633,0.748913,3.304942,3.300363,0.797948,4.925840,4.939240,0.004274
46.900055,1,0.000000,0.213729,0.146390,0.000000,0.000000,0.179571,0.281068,0.580450,0.000061,0.000672,0.003114,0.016606,3.710912,3.357359,1.796824,1.103296,0.617582,1.102929,0.799633,0.747301,3.305857,3.299447,0.797948,4.919140,4.939240,0.004274
46.950056,1,0.000000,0.214705,0.145414,0.000000,0.000000,0.189330,0.283020,0.544730,0.000305,0.000672,0.003358,0.016606,3.726687,3.301682,1.797800,1.102563,0.615750,1.102929,0.798900,0.749181,3.306773,3.300363,0.797948,4.928520,4.936560,0.004274
47.000056,1,0.000000,0.211777,0.146390,0.000000,0.000000,0.189330,0.280092,0.580450,0.000305,0.000549,0.003419,0.016606,3.719264,3.294258,1.797312,1.109156,0.616117,1.102929,0.800732,0.749718,3.304942,3.301279,0.797948,4.923160,4.939240,0.004274
47.050056,1,0.000000,0.213729,0.146390,0.000000,0.000000,0.178595,0.279116,0.544730,0.000305,0.000549,0.003358,0.016117,3.726687,3.292402,1.798289,1.107691,0.615018,1.104028,0.799633,0.748913,3.307689,3.300363,0.797948,4.928520,4.929860,0.005128
47.100056,1,0.000000,0.211777,0.146390,0.000000,0.000000,0.178595,0.281068,0.580450,0.000061,0.000672,0.003114,0.016239,3.702560,3.298898,1.797312,1.102929,0.616117,1.104761,0.800732,0.756434,3.305857,3.300363,0.797948,4.925840,4.935220,0.004274
47.150055,1,0.000000,0.209825,0.147365,0.000000,0.000000,0.179571,0.281068,0.544730,0.000305,0.000672,0.003358,0.015995,3.699776,3.313745,1.796824,1.107691,0.616483,1.102929,0.800732,0.749181,3.307689,3.300363,0.797948,4.928520,4.935220,0.004274
47.200056,1,0.000000,0.214705,0.146390,0.000000,0.000000,0.178595,0.281068,0.580450,0.000305,0.000549,0.003236,0.016239,3.711840,3.311889,1.797800,1.102197,0.615384,1.104028,0.800365,0.756434,3.307689,3.301279,0.798241,4.927180,4.929860,0.004274
47.250055,1,0.000000,0.228368,0.145414,0.000000,0.000000,0.179571,0.280092,0.509010,0.000061,0.000672,0.003297,0.016606,3.700704,3.301682,1.796824,1.103296,0.610622,1.104028,0.799633,0.749987,3.306773,3.299447,0.797948,4.927180,4.939240,0.004274
47.300055,1,0.000000,0.225440,0.147365,0.000000,0.000000,0.182499,0.282044,0.580450,0.000183,0.000672,0.003297,0.016484,3.710912,3.298898,1.797312,1.103296,0.616483,1.101098,0.801831,0.747569,3.305857,3.301279,0.797948,4.924500,4.939240,0.004274
47.350056,1,0.000000,0.213729,0.145414,0.000000,0.000000,0.179571,0.281068,0.544730,0.000183,0.000672,0.003358,0.016728,3.697920,3.295186,1.796824,1.107691,0.606593,1.104761,0.799633,0.748913,3.305857,3.299447,0.797948,4.925840,4.935220,0.004274
47.400055,1,0.000000,0.215681,0.147365,0.000000,0.000000,0.180547,0.281068,0.589380,0.000183,0.000672,0.003297,0.016361,3.704416,3.301682,1.796824,1.101830,0.614285,1.102929,0.800732,0.749181,3.306773,3.302194,0.797948,4.925840,4.939240,0.004274
47.450055,1,0.000000,0.227392,0.145414,0.000000,0.000000,0.178595,0.282044,0.580450,0.000244,0.000672,0.003297,0.016606,3.699776,3.301682,1.798289,1.107691,0.615750,1.102929,0.800732,0.748913,3.306773,3.300363,0.797948,4.924500,4.936560,0.004274
47.500056,1,0.000976,0.212753,0.147365,0.000000,0.000000,0.178595,0.281068,0.580450,0.000183,0.000672,0.003236,0.015995,3.703488,3.293330,1.797312,1.102197,0.615384,1.104028,0.799633,0.749987,3.305857,3.299447,0.797948,4.920480,4.939240,0.004274
47.550055,1,0.000000,0.212753,0.148341,0.000000,0.000000,0.179571,0.280092,0.535800,0.000305,0.000672,0.003480,0.016606,3.710912,3.311889,1.798289,1.107691,0.613552,1.104394,0.801098,0.749181,3.306773,3.299447,0.797948,4.927180,4.929860,0.005128
47.600056,1,0.000000,0.218608,0.146390,0.000000,0.000000,0.192258,0.277164,0.580450,0.000244,0.000549,0.003419,0.015995,3.701632,3.293330,1.798289,1.107691,0.616117,1.100732,0.802930,0.749181,3.307689,3.301279,0.798241,4.925840,4.937900,0.005128
47.650055,1,0.000000,0.212753,0.145414,0.000000,0.000000,0.190306,0.283020,0.482220,0.000305,0.000427,0.003358,0.016606,3.711840,3.293330,1.798777,1.107691,0.616483,1.106226,0.799633,0.749450,3.305857,3.300363,0.798241,4.924500,4.935220,0.004274
47.700056,1,0.000000,0.212753,0.145414,0.000000,0.000000,0.178595,0.282044,0.589380,0.000061,0.000427,0.003236,0.015995,3.711840,3.293330,1.798289,1.102929,0.616483,1.102929,0.800732,0.749181,3.305857,3.300363,0.797948,4.924500,4.939240,0.004274
47.750055,1,0.000000,0.212753,0.148341,0.000000,0.000000,0.179571,0.278140,0.544730,0.000244,0.000549,0.003358,0.016239,3.710912,3.295186,1.805126,1.104761,0.616483,1.104761,0.800365,0.749450,3.307689,3.300363,0.797948,4.928520,4.935220,0.004274
47.800056,1,0.000000,0.274236,0.147365,0.000000,0.000000,0.180547,0.280092,0.580450,0.000305,0.000549,0.003297,0.016484,3.697920,3.301682,1.797312,1.103296,0.616483,1.100732,0.799633,0.749181,3.305857,3.299447,0.797948,4.919140,4.935220,0.004274
47.850055,1,0.000000,0.212753,0.146390,0.000000,0.000000,0.179571,0.282044,0.482220,0.000305,0.000427,0.003236,0.016606,3.704416,3.295186,1.798289,1.102197,0.616483,1.104394,0.800365,0.749987,3.306773,3.302194,0.797655,4.924500,4.939240,0.005128
47.900055,1,0.000000,0.221536,0.147365,0.000000,0.000000,0.179571,0.282044,0.580450,0.000366,0.000427,0.003236,0.016606,3.711840,3.327664,1.797312,1.107691,0.615384,1.100365,0.801831,0.749987,3.306773,3.300363,0.797948,4.913780,4.939240,0.004274
47.950055,1,0.000000,0.220560,0.147365,0.000000,0.000000,0.177619,0.280092,0.401850,0.000183,0.000672,0.003297,0.016117,3.703488,3.325809,1.796824,1.101830,0.615750,1.100732,0.800732,0.749718,3.305857,3.301279,0.797948,4.928520,4.936560,0.004274
48.000056,1,0.000000,0.210801,0.146390,0.000000,0.000000,0.178595,0.281068,0.580450,0.000305,0.000672,0.003419,0.016117,3.711840,3.293330,1.796824,1.104394,0.617216,1.104394,0.799633,0.749181,3.304942,3.300363,0.797948,4.925840,4.929860,0.004274
48.050057,1,0.000000,0.212753,0.147365,0.000000,0.000000,0.180547,0.280092,0.258970,0.000305,0.000549,0.003419,0.016606,3.704416,3.293330,1.798289,1.102197,0.616483,1.100732,0.801098,0.749181,3.306773,3.299447,0.797948,4.927180,4.935220,0.004274
48.100055,1,0.000000,0.214705,0.147365,0.000000,0.000000,0.178595,0.280092,0.580450,0.000305,0.000672,0.003236,0.016239,3.700704,3.295186,1.798777,1.109156,0.616117,1.100732,0.801098,0.748107,3.306773,3.302194,0.797948,4.924500,4.939240,0.004274
48.150056,1,0.000000,0.211777,0.147365,0.000000,0.000000,0.181523,0.280092,0.473290,0.000244,0.000549,0.003297,0.016239,3.710912,3.298898,1.797312,1.101464,0.615384,1.103662,0.800732,0.749181,3.307689,3.299447,0.798241,4.919140,4.935220,0.005128
48.200055,1,0.000000,0.214705,0.178595,0.000000,0.000000,0.177619,0.280092,0.580450,0.000183,0.000427,0.003419,0.016484,3.700704,3.292402,1.798289,1.102197,0.616117,1.104028,0.801464,0.752136,3.305857,3.299447,0.797948,4.927180,4.939240,0.004274
48.250056,1,0.000000,0.213729,0.146390,0.000000,0.000000,0.189330,0.281068,0.473290,0.000183,0.000427,0.003114,0.016484,3.697920,3.299826,1.798777,1.109156,0.616483,1.104394,0.800732,0.748644,3.304942,3.300363,0.797948,4.924500,4.939240,0.004274
48.300055,1,0.000000,0.211777,0.146390,0.000000,0.000000,0.190306,0.282044,0.589380,0.000305,0.000672,0.003419,0.016361,3.704416,3.293330,1.798777,1.107691,0.616483,1.104394,0.801831,0.749181,3.304026,3.299447,0.797948,4.925840,4.939240,0.004274
48.350056,1,0.000000,0.214705,0.146390,0.000000,0.000000,0.180547,0.280092,0.526870,0.000305,0.000672,0.003358,0.015995,3.703488,3.293330,1.798289,1.104761,0.600366,1.105127,0.800365,0.749718,3.305857,3.300363,0.798241,4.928520,4.932540,0.005128
48.400055,1,0.000000,0.213729,0.148341,0.000000,0.000000,0.182499,0.283020,0.580450,0.000305,0.000427,0.003175,0.015995,3.726687,3.293330,1.797800,1.103296,0.613552,1.102929,0.800732,0.749450,3.307689,3.302194,0.798241,4.919140,4.941920,0.004274
48.450057,1,0.000000,0.212753,0.145414,0.000000,0.000000,0.182499,0.281068,0.544730,0.000305,0.000672,0.003297,0.016606,3.697920,3.298898,1.798289,1.107691,0.615018,1.104761,0.800732,0.749718,3.305857,3.300363,0.798241,4.928520,4.935220,0.004274
48.500055,1,0.000000,0.211777,0.146390,0.000000,0.000000,0.179571,0.280092,0.580450,0.000427,0.000672,0.003236,0.016484,3.711840,3.289618,1.798289,1.107691,0.616483,1.100732,0.801831,0.749718,3.306773,3.299447,0.797948,4.925840,4.935220,0.004274
48.550056,1,0.000000,0.219584,0.147365,0.000000,0.000000,0.182499,0.280092,0.509010,0.000183,0.000549,0.003297,0.015995,3.710912,3.293330,1.798289,1.101830,0.615018,1.100732,0.800732,0.749718,3.305857,3.302194,0.798241,4.924500,4.935220,0.003419
48.600055,1,0.000000,0.221536,0.147365,0.000000,0.000000,0.180547,0.281068,0.580450,0.000305,0.000549,0.003297,0.015995,3.711840,3.301682,1.797800,1.101830,0.616117,1.102929,0.800732,0.749181,3.305857,3.299447,0.797948,4.924500,4.935220,0.004274
48.650056,1,0.000000,0.213729,0.143462,0.000000,0.000000,0.180547,0.279116,0.473290,0.000183,0.000427,0.003297,0.016361,3.704416,3.327664,1.796824,1.101464,0.616117,1.102929,0.799633,0.748913,3.306773,3.299447,0.797948,4.925840,4.940580,0.004274
48.700055,1,0.000000,0.213729,0.147365,0.000000,0.000000,0.178595,0.279116,0.580450,0.000305,0.000672,0.003419,0.016361,3.710912,3.295186,1.796824,1.108424,0.616483,1.101464,0.801098,0.749181,3.304942,3.300363,0.797948,4.925840,4.933880,0.004274
48.750056,1,0.000000,0.211777,0.144438,0.000000,0.000000,0.179571,0.282044,0.473290,0.000061,0.000672,0.003236,0.016606,3.711840,3.293330,1.796824,1.103296,0.615018,1.102563,0.800732,0.748913,3.304942,3.300363,0.798241,4.928520,4.935220,0.004274
48.800055,1,0.000976,0.212753,0.148341,0.000000,0.000000,0.177619,0.281068,0.589380,0.000183,0.000427,0.003358,0.016484,3.704416,3.293330,1.798289,1.105494,0.615750,1.102563,0.799633,0.752136,3.305857,3.300363,0.797948,4.919140,4.939240,0.004274
48.850056,1,0.000000,0.212753,0.144438,0.000000,0.000000,0.180547,0.282044,0.401850,0.000305,0.000672,0.003419,0.016361,3.704416,3.293330,1.798289,1.106226,0.614651,1.105127,0.798900,0.749181,3.306773,3.301279,0.798827,4.924500,4.939240,0.004274
48.900055,1,0.000000,0.211777,0.146390,0.000000,0.000000,0.189330,0.280092,0.580450,0.000305,0.000672,0.003358,0.016361,3.711840,3.298898,1.796824,1.110622,0.617216,1.104761,0.800732,0.749718,3.306773,3.299447,0.797948,4.927180,4.936560,0.004274
48.950056,1,0.000000,0.213729,0.146390,0.000000,0.000000,0.190306,0.280092,0.482220,0.000183,0.000672,0.003297,0.016606,3.711840,3.357359,1.796824,1.101830,0.614651,1.104028,0.800732,0.749181,3.304942,3.301279,0.797948,4.925840,4.935220,0.004274
49.000055,1,0.000000,0.212753,0.145414,0.000000,0.000000,0.178595,0.280092,0.580450,0.000061,0.000427,0.003358,0.016606,3.711840,3.293330,1.797312,1.102563,0.615750,1.102929,0.798900,0.752136,3.306773,3.301279,0.797948,4.921820,4.936560,0.004274
49.050056,1,0.000976,0.214705,0.147365,0.000000,0.000000,0.178595,0.282044,0.410780,0.000244,0.000672,0.003419,0.016606,3.710912,3.295186,1.798289,1.102563,0.615018,1.102929,0.801098,0.749181,3.304942,3.301279,0.797948,4.928520,4.931200,0.004274
49.100055,1,0.000000,0.211777,0.147365,0.000000,0.000000,0.179571,0.279116,0.580450,0.000183,0.000427,0.003358,0.015995,3.711840,3.295186,1.796824,1.101464,0.615750,1.102929,0.799633,0.749181,3.306773,3.299447,0.797655,4.924500,4.935220,0.004274
49.150056,1,0.000000,0.209825,0.145414,0.000000,0.000000,0.181523,0.279116,0.509010,0.000305,0.000672,0.003297,0.016117,3.703488,3.294258,1.798289,1.109156,0.616117,1.100732,0.800732,0.752136,3.305857,3.302194,0.798241,4.924500,4.929860,0.004274
49.200055,1,0.000000,0.219584,0.148341,0.000000,0.000000,0.178595,0.281068,0.580450,0.000183,0.000672,0.003236,0.015507,3.700704,3.292402,1.797800,1.101830,0.615018,1.106226,0.800732,0.749450,3.304942,3.302194,0.797655,4.924500,4.941920,0.004274
49.250056,1,0.000000,0.219584,0.146390,0.000000,0.000000,0.180547,0.280092,0.526870,0.000549,0.000672,0.003297,0.016484,3.704416,3.298898,1.797800,1.102929,0.615750,1.102929,0.799633,0.749450,3.305857,3.299447,0.798241,4.924500,4.935220,0.004274
49.300055,1,0.000000,0.214705,0.144438,0.000000,0.000000,0.181523,0.281068,0.580450,0.000183,0.000427,0.003236,0.016361,3.710912,3.293330,1.797312,1.107691,0.610622,1.104028,0.799633,0.749181,3.305857,3.302194,0.797948,4.920480,4.929860,0.005128
49.350056,1,0.000000,0.212753,0.147365,0.000000,0.000000,0.179571,0.282044,0.509010,0.000305,0.000549,0.003419,0.016606,3.704416,3.293330,1.796824,1.107691,0.606227,1.104761,0.798900,0.748644,3.304942,3.299447,0.797655,4.916460,4.935220,0.004274
49.400055,1,0.000000,0.211777,0.146390,0.000000,0.000000,0.180547,0.281068,0.580450,0.000305,0.000549,0.003236,0.016484,3.699776,3.301682,1.798289,1.101830,0.613919,1.101464,0.801464,0.749450,3.306773,3.300363,0.797948,4.924500,4.939240,0.004274
49.450056,1,0.000976,0.212753,0.147365,0.000000,0.000000,0.180547,0.280092,0.535800,0.000305,0.000427,0.003236,0.015995,3.719264,3.293330,1.798777,1.102197,0.616849,1.105127,0.801831,0.749718,3.306773,3.302194,0.798241,4.924500,4.929860,0.004274
49.500055,1,0.000000,0.214705,0.146390,0.000000,0.000000,0.181523,0.280092,0.580450,0.000183,0.000427,0.003358,0.016239,3.719264,3.293330,1.798289,1.110622,0.617582,1.104761,0.800732,0.747569,3.306773,3.300363,0.797948,4.925840,4.935220,0.004274
49.550055,1,0.000000,0.212753,0.146390,0.000000,0.000000,0.191282,0.283020,0.267900,0.000977,0.000672,0.003297,0.016606,3.700704,3.327664,1.796824,1.106226,0.615750,1.102197,0.801831,0.747569,3.305857,3.300363,0.797948,4.928520,4.935220,0.005128
49.600055,1,0.000000,0.213729,0.146390,0.000000,0.000000,0.189330,0.280092,0.580450,0.000977,0.000672,0.003236,0.016117,3.719264,3.293330,1.797312,1.106226,0.615750,1.104761,0.800732,0.748644,3.306773,3.300363,0.797948,4.924500,4.939240,0.004274
49.650055,1,0.000000,0.212753,0.144438,0.000000,0.000000,0.178595,0.282044,0.401850,0.000305,0.000549,0.003236,0.016606,3.711840,3.301682,1.798289,1.110622,0.616117,1.100732,0.800732,0.748913,3.307689,3.299447,0.797948,4.925840,4.939240,0.004274
49.700056,1,0.000000,0.213729,0.147365,0.000000,0.000000,0.179571,0.281068,0.571520,0.000244,0.000549,0.003358,0.016484,3.702560,3.301682,1.798777,1.107691,0.615384,1.104028,0.801464,0.749181,3.304942,3.299447,0.797948,4.925840,4.939240,0.004274
49.750055,1,0.000000,0.209825,0.146390,0.000000,0.000000,0.178595,0.282044,0.410780,0.000305,0.000672,0.003358,0.016606,3.711840,3.313745,1.797800,1.104761,0.616483,1.100732,0.801831,0.749181,3.305857,3.300363,0.798241,4.919140,4.939240,0.004274
49.800055,1,0.000000,0.209825,0.145414,0.000000,0.000000,0.178595,0.281068,0.580450,0.000061,0.000672,0.003236,0.016606,3.704416,3.295186,1.798289,1.105127,0.616117,1.104761,0.800732,0.749450,3.305857,3.302194,0.798241,4.924500,4.935220,0.004274
49.850055,1,0.000000,0.221536,0.147365,0.000000,0.000000,0.179571,0.280092,0.401850,0.000305,0.000549,0.003419,0.016484,3.700704,3.298898,1.797312,1.102929,0.615750,1.104761,0.802930,0.749450,3.305857,3.301279,0.797948,4.927180,4.939240,0.004274
49.900056,1,0.000000,0.219584,0.147365,0.000000,0.000000,0.179571,0.278140,0.580450,0.000244,0.000549,0.003419,0.016239,3.704416,3.307249,1.798289,1.102929,0.612820,1.100732,0.799633,0.749987,3.303110,3.302194,0.798241,4.924500,4.936560,0.004274
49.950055,1,0.000000,0.213729,0.146390,0.000000,0.000000,0.179571,0.280092,0.535800,0.000183,0.000672,0.003358,0.016361,3.697920,3.298898,1.797800,1.102929,0.616483,1.104761,0.800732,0.749718,3.303110,3.299447,0.798241,4.924500,4.935220,0.004274
50.000056,1,0.000000,0.212753,0.147365,0.000000,0.000000,0.180547,0.281068,0.580450,0.000305,0.000549,0.003358,0.017582,3.711840,3.357359,1.796824,1.101464,0.613919,1.102929,0.798900,0.749181,3.304942,3.300363,0.797948,4.919140,4.937900,0.004274
50.050055,1,0.000000,0.211777,0.147365,0.000000,0.000000,0.180547,0.283020,0.517940,0.000183,0.000672,0.003297,0.016361,3.715552,3.299826,1.797800,1.104761,0.615750,1.103296,0.800732,0.749450,3.305857,3.299447,0.797948,4.925840,4.935220,0.004274
50.100056,1,0.000000,0.212753,0.147365,0.000000,0.000000,0.178595,0.280092,0.589380,0.000305,0.000672,0.003114,0.016239,3.711840,3.292402,1.798777,1.104761,0.616849,1.102929,0.801831,0.749987,3.305857,3.302194,0.797948,4.927180,4.937900,0.005128
50.150056,1,0.000000,0.214705,0.144438,0.000000,0.000000,0.178595,0.281068,0.509010,0.000183,0.000855,0.003297,0.016606,3.704416,3.292402,1.798289,1.106226,0.615750,1.100732,0.800732,0.749181,3.306773,3.299447,0.797948,4.924500,4.936560,0.004274
50.200056,1,0.000000,0.212753,0.146390,0.000000,0.000000,0.191282,0.281068,0.580450,0.000977,0.000672,0.003114,0.016239,3.711840,3.293330,1.798777,1.104761,0.614651,1.104761,0.799633,0.749718,3.305857,3.300363,0.797948,4.928520,4.937900,0.004274
50.250056,1,0.000000,0.212753,0.146390,0.000000,0.000000,0.190306,0.282044,0.267900,0.000183,0.000672,0.003236,0.016361,3.713696,3.293330,1.797800,1.101464,0.616483,1.104394,0.802930,0.749987,3.305857,3.300363,0.797948,4.924500,4.935220,0.004274
50.300055,1,0.000976,0.213729,0.146390,0.000000,0.000000,0.180547,0.280092,0.580450,0.000061,0.000672,0.003114,0.016239,3.711840,3.311889,1.796824,1.103296,0.616117,1.100732,0.800732,0.749181,3.304942,3.299447,0.797948,4.925840,4.939240,0.004274
50.350056,1,0.000976,0.209825,0.148341,0.000000,0.000000,0.178595,0.280092,0.544730,0.000061,0.000672,0.003358,0.016484,3.719264,3.301682,1.797800,1.101830,0.600732,1.100732,0.799633,0.749718,3.305857,3.302194,0.798241,4.919140,4.929860,0.004274
50.400056,1,0.000000,0.213729,0.145414,0.000000,0.000000,0.180547,0.278140,0.580450,0.000305,0.000549,0.003236,0.016484,3.704416,3.312817,1.797312,1.110622,0.613186,1.101098,0.800365,0.748913,3.306773,3.302194,0.797948,4.924500,4.936560,0.005128
50.450056,1,0.000976,0.214705,0.147365,0.000000,0.000000,0.178595,0.283020,0.544730,0.000305,0.000549,0.003358,0.016606,3.711840,3.298898,1.796824,1.104394,0.615750,1.102929,0.800365,0.752136,3.305857,3.300363,0.797948,4.928520,4.939240,0.004274
50.500056,1,0.000000,0.218608,0.144438,0.000000,0.000000,0.175667,0.279116,0.580450,0.000305,0.000672,0.003419,0.016606,3.704416,3.291474,1.798289,1.101464,0.614285,1.101098,0.800732,0.749450,3.304942,3.299447,0.797948,4.920480,4.936560,0.004274
50.550056,1,0.000000,0.212753,0.148341,0.000000,0.000000,0.179571,0.279116,0.580450,0.000427,0.000427,0.003358,0.016606,3.711840,3.295186,1.797312,1.105494,0.615750,1.104394,0.798900,0.748644,3.305857,3.299447,0.797948,4.925840,4.937900,0.004274
50.600056,1,0.000976,0.212753,0.146390,0.000000,0.000000,0.177619,0.281068,0.580450,0.000183,0.000427,0.003297,0.015995,3.700704,3.327664,1.798777,1.106226,0.617216,1.104761,0.799267,0.749718,3.304942,3.300363,0.797948,4.920480,4.940580,0.004274
50.650056,1,0.000000,0.214705,0.147365,0.000000,0.000000,0.179571,0.282044,0.517940,0.000305,0.000549,0.003297,0.016361,3.719264,3.294258,1.798777,1.101830,0.616117,1.102929,0.801831,0.748913,3.304942,3.302194,0.797948,4.925840,4.929860,0.005128
50.700056,1,0.000976,0.209825,0.144438,0.000000,0.000000,0.178595,0.281068,0.580450,0.000305,0.000549,0.003358,0.016117,3.710912,3.301682,1.796824,1.106226,0.615018,1.104028,0.799633,0.749181,3.306773,3.301279,0.797948,4.927180,4.935220,0.004274
50.750056,1,0.000000,0.213729,0.145414,0.000000,0.000000,0.180547,0.281068,0.517940,0.000305,0.000672,0.003297,0.016606,3.711840,3.298898,1.797800,1.102929,0.615018,1.102929,0.801831,0.749450,3.305857,3.300363,0.797948,4.924500,4.936560,0.004274
50.800056,1,0.000976,0.210801,0.145414,0.000000,0.000000,0.179571,0.280092,0.580450,0.000305,0.000672,0.003114,0.016361,3.711840,3.295186,1.796824,1.107691,0.616117,1.101098,0.802930,0.748644,3.305857,3.302194,0.798241,4.924500,4.936560,0.004274
50.850056,1,0.001952,0.212753,0.146390,0.000000,0.000000,0.191282,0.280092,0.473290,0.000305,0.000549,0.003419,0.016361,3.700704,3.298898,1.796824,1.104761,0.615384,1.104394,0.801464,0.749987,3.307689,3.299447,0.797948,4.928520,4.941920,0.004274
50.900056,1,0.000000,0.211777,0.144438,0.000000,0.000000,0.184451,0.280092,0.580450,0.000244,0.000549,0.003419,0.016117,3.710912,3.313745,1.796824,1.107691,0.612820,1.102929,0.800732,0.748644,3.306773,3.302194,0.797948,4.924500,4.937900,0.005128
50.950056,1,0.000000,0.210801,0.146390,0.000000,0.000000,0.179571,0.282044,0.544730,0.000183,0.000549,0.003358,0.016117,3.719264,3.293330,1.796824,1.102197,0.615384,1.102929,0.800365,0.749181,3.306773,3.300363,0.797948,4.928520,4.935220,0.004274
51.000055,1,0.000976,0.214705,0.146390,0.000000,0.000000,0.180547,0.282044,0.580450,0.000305,0.000549,0.003358,0.016606,3.698848,3.297970,1.797800,1.106226,0.616483,1.104394,0.801098,0.749987,3.305857,3.302194,0.798241,4.924500,4.939240,0.004274
51.050055,1,0.000000,0.212753,0.147365,0.000000,0.000000,0.179571,0.282044,0.535800,0.000183,0.000427,0.003419,0.015995,3.696993,3.357359,1.796824,1.101464,0.616849,1.100732,0.802930,0.749987,3.306773,3.300363,0.797948,4.928520,4.929860,0.005128
51.100056,1,0.000000,0.212753,0.144438,0.000000,0.000000,0.180547,0.281068,0.580450,0.000244,0.000549,0.003419,0.016484,3.704416,3.292402,1.798777,1.101830,0.616117,1.100732,0.800732,0.749181,3.306773,3.299447,0.798241,4.927180,4.935220,0.004274
51.150056,1,0.000000,0.221536,0.146390,0.000000,0.000000,0.179571,0.280092,0.553660,0.000183,0.000672,0.003358,0.016484,3.711840,3.301682,1.798289,1.112087,0.615750,1.104028,0.800732,0.748913,3.304942,3.301279,0.797948,4.924500,4.936560,0.004274
51.200055,1,0.000000,0.220560,0.146390,0.000000,0.000000,0.180547,0.279116,0.580450,0.000305,0.000672,0.003358,0.015995,3.696993,3.293330,1.797312,1.109156,0.616117,1.104761,0.801831,0.748644,3.304942,3.300363,0.797948,4.924500,4.936560,0.004274
51.250055,1,0.000000,0.211777,0.146390,0.000000,0.000000,0.178595,0.282044,0.401850,0.000305,0.000672,0.003297,0.016484,3.715552,3.298898,1.798289,1.107691,0.613552,1.104394,0.800732,0.749450,3.307689,3.300363,0.797948,4.925840,4.939240,0.004274
51.300056,1,0.000000,0.213729,0.146390,0.000000,0.000000,0.179571,0.281068,0.580450,0.000244,0.000549,0.003297,0.016606,3.697920,3.298898,1.797800,1.107691,0.615384,1.104761,0.801464,0.749450,3.307689,3.301279,0.797362,4.925840,4.935220,0.004274
51.350055,1,0.000000,0.213729,0.144438,0.000000,0.000000,0.180547,0.280092,0.544730,0.000183,0.000672,0.003358,0.016239,3.710912,3.325809,1.796824,1.107691,0.600366,1.105127,0.802197,0.749450,3.306773,3.302194,0.798241,4.924500,4.937900,0.004274
51.400055,1,0.000000,0.212753,0.147365,0.000000,0.000000,0.177619,0.281068,0.580450,0.000305,0.000427,0.003236,0.016606,3.697920,3.295186,1.797800,1.104394,0.612087,1.101464,0.798900,0.748644,3.305857,3.300363,0.798241,4.919140,4.941920,0.004274
51.450056,1,0.000976,0.212753,0.145414,0.000000,0.000000,0.179571,0.281068,0.544730,0.000183,0.000672,0.003358,0.016361,3.697920,3.327664,1.797312,1.101464,0.615750,1.104761,0.801098,0.749450,3.304942,3.300363,0.797948,4.928520,4.935220,0.004274
51.500055,1,0.001952,0.211777,0.145414,0.000000,0.000000,0.179571,0.279116,0.580450,0.000061,0.000427,0.003297,0.015995,3.704416,3.301682,1.796824,1.104761,0.616117,1.104028,0.800732,0.749718,3.307689,3.300363,0.797948,4.925840,4.937900,0.004274
51.550056,1,0.000000,0.216657,0.146390,0.000000,0.000000,0.177619,0.280092,0.580450,0.000061,0.000977,0.003297,0.015995,3.722976,3.307249,1.797312,1.109889,0.617216,1.102563,0.799633,0.749450,3.305857,3.299447,0.797948,4.925840,4.936560,0.004274
51.600056,1,0.000000,0.212753,0.145414,0.000000,0.000000,0.178595,0.281068,0.589380,0.000305,0.000427,0.003358,0.016117,3.719264,3.298898,1.796824,1.110622,0.615384,1.100732,0.802930,0.749181,3.304942,3.301279,0.798241,4.927180,4.937900,0.004274
51.650056,1,0.000000,0.212753,0.145414,0.000000,0.000000,0.182499,0.279116,0.401850,0.000305,0.000672,0.003236,0.016361,3.713696,3.291474,1.796824,1.102563,0.615750,1.102197,0.799633,0.752136,3.305857,3.302194,0.798241,4.924500,4.935220,0.004274
51.700056,1,0.000000,0.213729,0.146390,0.000000,0.000000,0.182499,0.280092,0.580450,0.000305,0.000427,0.003114,0.016606,3.713696,3.357359,1.796824,1.107691,0.615018,1.101464,0.800732,0.748644,3.305857,3.300363,0.797948,4.919140,4.939240,0.004274
51.750055,1,0.000000,0.214705,0.144438,0.000000,0.000000,0.179571,0.281068,0.509010,0.000183,0.000672,0.003297,0.016484,3.719264,3.301682,1.796335,1.104761,0.615018,1.104761,0.801831,0.749450,3.305857,3.300363,0.797655,4.927180,4.929860,0.004274
51.800065,1,0.000000,0.221536,0.148341,0.000000,0.000000,0.178595,0.280092,0.580450,0.000305,0.000549,0.003419,0.016361,3.719264,3.293330,1.798289,1.101830,0.616117,1.104761,0.800365,0.748913,3.307689,3.301279,0.797948,4.928520,4.939240,0.005128
51.850056,1,0.000000,0.219584,0.146390,0.000000,0.000000,0.180547,0.279116,0.482220,0.000305,0.000549,0.003358,0.016361,3.699776,3.301682,1.798289,1.109156,0.615750,1.104394,0.802930,0.749450,3.305857,3.301279,0.797655,4.927180,4.929860,0.005128
51.900065,1,0.000000,0.211777,0.148341,0.000000,0.000000,0.177619,0.280092,0.580450,0.000061,0.000672,0.003297,0.016239,3.710912,3.310961,1.796824,1.106226,0.616117,1.102929,0.801831,0.756434,3.306773,3.299447,0.797948,4.927180,4.929860,0.004274
51.950055,1,0.001952,0.213729,0.146390,0.000000,0.000000,0.179571,0.282044,0.544730,0.000183,0.000549,0.003419,0.016239,3.696993,3.293330,1.798289,1.109889,0.614285,1.102929,0.801831,0.748913,3.307689,3.301279,0.797948,4.928520,4.936560,0.004274
52.000056,1,0.000000,0.215681,0.145414,0.000000,0.000000,0.179571,0.281068,0.580450,0.000977,0.000549,0.003358,0.016606,3.717408,3.301682,1.797800,1.107691,0.616117,1.105127,0.800365,0.748913,3.304942,3.300363,0.797948,4.925840,4.939240,0.004274
52.050056,1,0.001952,0.212753,0.144438,0.000000,0.000000,0.179571,0.281068,0.517940,0.000183,0.001038,0.003297,0.016606,3.711840,3.307249,1.798289,1.107691,0.613552,1.105127,0.801098,0.748913,3.304942,3.300363,0.797948,4.925840,4.939240,0.004274
52.100055,1,0.000976,0.212753,0.144438,0.000000,0.000000,0.179571,0.283020,0.580450,0.000244,0.000549,0.003236,0.016484,3.696993,3.291474,1.797312,1.104028,0.616117,1.100732,0.802930,0.749450,3.305857,3.300363,0.798241,4.919140,4.936560,0.004274
52.150055,1,0.000000,0.213729,0.146390,0.000000,0.000000,0.180547,0.280092,0.535800,0.000183,0.000549,0.003419,0.015995,3.715552,3.357359,1.797312,1.101830,0.616483,1.104394,0.800732,0.749987,3.305857,3.299447,0.798241,4.924500,4.935220,0.004274
52.200055,1,0.000000,0.212753,0.146390,0.000000,0.000000,0.179571,0.280092,0.580450,0.000305,0.000549,0.003358,0.016361,3.700704,3.327664,1.797800,1.107691,0.617216,1.102929,0.799633,0.748913,3.305857,3.302194,0.797948,4.927180,4.939240,0.004274
52.250056,1,0.000976,0.213729,0.146390,0.000000,0.000000,0.181523,0.282044,0.526870,0.000061,0.001038,0.003297,0.016606,3.711840,3.294258,1.798289,1.103296,0.616483,1.102929,0.800732,0.749181,3.307689,3.300363,0.797948,4.927180,4.939240,0.004274
52.300055,1,0.000000,0.212753,0.146390,0.000000,0.000000,0.199090,0.281068,0.580450,0.000183,0.000977,0.003419,0.016606,3.699776,3.291474,1.797800,1.101464,0.614651,1.100365,0.800732,0.749181,3.305857,3.300363,0.797948,4.928520,4.936560,0.004274
52.350056,1,0.000976,0.210801,0.144438,0.000000,0.000000,0.200066,0.281068,0.517940,0.000305,0.000733,0.003419,0.016606,3.703488,3.357359,1.796335,1.107691,0.601831,1.101098,0.800732,0.749718,3.306773,3.301279,0.797948,4.928520,4.939240,0.004274
52.400056,1,0.000000,0.212753,0.147365,0.000000,0.000000,0.180547,0.281068,0.571520,0.000183,0.000427,0.003114,0.016361,3.710912,3.307249,1.797800,1.107691,0.613919,1.102929,0.799633,0.749181,3.306773,3.300363,0.798241,4.919140,4.939240,0.004274
52.450055,1,0.000000,0.219584,0.145414,0.000000,0.000000,0.179571,0.282044,0.482220,0.000061,0.000672,0.003297,0.016239,3.711840,3.293330,1.797800,1.101830,0.616117,1.102929,0.802930,0.748913,3.307689,3.300363,0.797948,4.925840,4.936560,0.004274
52.500056,1,0.000000,0.221536,0.146390,0.000000,0.000000,0.179571,0.280092,0.589380,0.000305,0.000549,0.003358,0.016361,3.700704,3.303538,1.798289,1.108790,0.615384,1.104761,0.799633,0.749450,3.304942,3.300363,0.797948,4.925840,4.936560,0.004274
52.550055,1,0.000000,0.211777,0.146390,0.000000,0.000000,0.177619,0.280092,0.553660,0.000183,0.000977,0.003114,0.016728,3.710912,3.292402,1.797800,1.107691,0.615750,1.104028,0.799633,0.748913,3.304942,3.301279,0.797948,4.927180,4.935220,0.004274
52.600056,1,0.000000,0.220560,0.146390,0.000000,0.000000,0.178595,0.278140,0.589380,0.000305,0.000672,0.003297,0.016606,3.711840,3.298898,1.797800,1.103296,0.615750,1.104761,0.799633,0.749450,3.304942,3.300363,0.798241,4.927180,4.935220,0.004274
52.650055,1,0.000000,0.212753,0.147365,0.000000,0.000000,0.180547,0.281068,0.509010,0.000183,0.000427,0.003358,0.016117,3.715552,3.293330,1.798289,1.104761,0.613552,1.101098,0.801098,0.749450,3.305857,3.302194,0.797948,4.924500,4.937900,0.004274
52.700056,1,0.000000,0.210801,0.145414,0.000000,0.000000,0.177619,0.281068,0.580450,0.000183,0.000549,0.003419,0.016361,3.703488,3.292402,1.797800,1.107691,0.616483,1.102929,0.801831,0.749181,3.305857,3.299447,0.797655,4.928520,4.935220,0.004274
52.750056,1,0.000000,0.212753,0.143462,0.000000,0.000000,0.180547,0.280092,0.553660,0.000061,0.000977,0.003358,0.016606,3.710912,3.327664,1.796824,1.101464,0.615750,1.102929,0.801831,0.749181,3.305857,3.300363,0.798241,4.928520,4.929860,0.004274
52.800056,1,0.000000,0.213729,0.147365,0.000000,0.000000,0.179571,0.280092,0.580450,0.000305,0.000672,0.003358,0.016606,3.699776,3.292402,1.798289,1.102197,0.617216,1.102929,0.799633,0.756434,3.305857,3.302194,0.798241,4.924500,4.937900,0.004274
52.850056,1,0.000000,0.213729,0.146390,0.000000,0.000000,0.179571,0.281068,0.473290,0.000183,0.000427,0.003114,0.016239,3.711840,3.327664,1.796824,1.104761,0.616117,1.099999,0.801098,0.748644,3.305857,3.300363,0.797362,4.928520,4.935220,0.004274
52.900056,1,0.000000,0.212753,0.146390,0.000000,0.000000,0.178595,0.281068,0.580450,0.000305,0.000549,0.003419,0.016361,3.719264,3.292402,1.798289,1.101830,0.615750,1.100732,0.801831,0.749987,3.305857,3.299447,0.797948,4.919140,4.929860,0.004274
52.950056,1,0.000000,0.211777,0.146390,0.000000,0.000000,0.202017,0.281068,0.535800,0.000305,0.000672,0.003175,0.016606,3.710912,3.293330,1.798777,1.108058,0.615750,1.101098,0.800365,0.749181,3.307689,3.300363,0.798241,4.928520,4.935220,0.004274
53.000056,1,0.000000,0.212753,0.146390,0.000000,0.000000,0.202017,0.282044,0.580450,0.000183,0.000672,0.003236,0.016484,3.704416,3.293330,1.796335,1.107325,0.615018,1.101098,0.800365,0.749450,3.305857,3.300363,0.797948,4.919140,4.935220,0.004274
53.050056,1,0.000976,0.213729,0.145414,0.000000,0.000000,0.178595,0.281068,0.544730,0.000305,0.000672,0.003358,0.016606,3.715552,3.301682,1.798289,1.107691,0.616483,1.099999,0.800732,0.749181,3.304942,3.301279,0.797948,4.928520,4.937900,0.004274
53.100056,1,0.000976,0.215681,0.146390,0.000000,0.000000,0.179571,0.281068,0.580450,0.000244,0.000549,0.003297,0.015751,3.704416,3.301682,1.798289,1.104394,0.614651,1.101098,0.800365,0.749181,3.306773,3.300363,0.797948,4.925840,4.939240,0.004274
53.150055,1,0.000976,0.212753,0.147365,0.000000,0.000000,0.177619,0.281068,0.482220,0.000061,0.000549,0.003297,0.016117,3.699776,3.297970,1.796824,1.106226,0.616483,1.106226,0.800732,0.747032,3.306773,3.299447,0.797948,4.927180,4.935220,0.004274
53.200056,1,0.000000,0.212753,0.149317,0.000000,0.000000,0.179571,0.281068,0.580450,0.000244,0.000549,0.003114,0.016239,3.704416,3.327664,1.798289,1.102197,0.614285,1.104028,0.800732,0.749450,3.305857,3.300363,0.797948,4.919140,4.936560,0.004274
53.250056,1,0.000000,0.219584,0.147365,0.000000,0.000000,0.177619,0.281068,0.482220,0.000305,0.000549,0.003358,0.015995,3.710912,3.298898,1.798289,1.106226,0.615750,1.104761,0.800365,0.749181,3.305857,3.302194,0.798241,4.924500,4.936560,0.004274
53.300056,1,0.000976,0.218608,0.147365,0.000000,0.000000,0.179571,0.282044,0.589380,0.000183,0.000672,0.003297,0.015995,3.711840,3.292402,1.796824,1.109156,0.616483,1.098534,0.799633,0.749450,3.305857,3.300363,0.797948,4.923160,4.937900,0.004274
53.350056,1,0.000000,0.211777,0.146390,0.000000,0.000000,0.178595,0.280092,0.526870,0.000305,0.000549,0.003358,0.016361,3.697920,3.301682,1.798289,1.104761,0.605494,1.104761,0.800732,0.748913,3.304942,3.300363,0.797362,4.919140,4.936560,0.004274
53.400056,1,0.000000,0.214705,0.146390,0.000000,0.000000,0.179571,0.281068,0.580450,0.000183,0.000672,0.003419,0.016606,3.711840,3.293330,1.797312,1.107691,0.607692,1.101464,0.801831,0.748913,3.304942,3.300363,0.797948,4.924500,4.935220,0.004274
53.450055,1,0.000000,0.211777,0.147365,0.000000,0.000000,0.178595,0.279116,0.553660,0.000305,0.000549,0.003419,0.015995,3.696064,3.293330,1.796824,1.109156,0.613552,1.102929,0.801098,0.749450,3.306773,3.301279,0.797948,4.925840,4.933880,0.004274
53.500056,1,0.000000,0.214705,0.145414,0.000000,0.000000,0.179571,0.278140,0.580450,0.000305,0.000672,0.003114,0.016606,3.698848,3.291474,1.798777,1.105494,0.615018,1.100732,0.801098,0.749450,3.305857,3.300363,0.798241,4.919140,4.929860,0.005128
53.550055,1,0.000976,0.276188,0.146390,0.000000,0.000000,0.177619,0.280092,0.482220,0.000183,0.000549,0.003297,0.016361,3.719264,3.295186,1.797800,1.103296,0.615384,1.104394,0.801831,0.748644,3.305857,3.301279,0.797948,4.928520,4.935220,0.004274
53.600055,1,0.000000,0.214705,0.148341,0.000000,0.000000,0.200066,0.282044,0.580450,0.000305,0.000427,0.003236,0.016239,3.711840,3.293330,1.798289,1.102197,0.615750,1.104761,0.801831,0.749987,3.305857,3.302194,0.798241,4.913780,4.932540,0.004274
53.650055,1,0.000000,0.212753,0.146390,0.000000,0.000000,0.178595,0.282044,0.580450,0.000305,0.000672,0.003236,0.016728,3.719264,3.293330,1.798289,1.110622,0.615018,1.104761,0.801098,0.748913,3.306773,3.302194,0.797655,4.927180,4.939240,0.004274
53.700055,1,0.000000,0.211777,0.144438,0.000000,0.000000,0.180547,0.280092,0.580450,0.000244,0.000549,0.003419,0.016361,3.719264,3.292402,1.798289,1.104761,0.615750,1.105127,0.799633,0.749181,3.305857,3.300363,0.797948,4.925840,4.935220,0.004274
53.750056,1,0.000000,0.212753,0.144438,0.000000,0.000000,0.178595,0.282044,0.517940,0.000977,0.000672,0.003297,0.015995,3.711840,3.293330,1.796824,1.104394,0.615384,1.104761,0.801831,0.749181,3.305857,3.300363,0.797655,4.931200,4.935220,0.004274
53.800055,1,0.000000,0.212753,0.144438,0.000000,0.000000,0.178595,0.279116,0.580450,0.000183,0.000427,0.003236,0.015995,3.699776,3.293330,1.797312,1.105494,0.615384,1.100732,0.800732,0.749181,3.306773,3.300363,0.797948,4.925840,4.939240,0.004274
53.850056,1,0.000000,0.212753,0.146390,0.000000,0.000000,0.180547,0.280092,0.482220,0.000183,0.000672,0.003297,0.016606,3.696993,3.303538,1.798289,1.107691,0.616849,1.099999,0.799633,0.747569,3.306773,3.299447,0.797655,4.924500,4.939240,0.004274
53.900055,1,0.000976,0.228368,0.146390,0.000000,0.000000,0.180547,0.280092,0.580450,0.000305,0.000672,0.003297,0.016606,3.710912,3.297970,1.797800,1.101830,0.614651,1.104761,0.799633,0.749181,3.306773,3.301279,0.798241,4.921820,4.929860,0.004274
53.950056,1,0.000000,0.223488,0.170788,0.000000,0.000000,0.179571,0.281068,0.535800,0.000183,0.000672,0.003419,0.016361,3.719264,3.294258,1.797800,1.104761,0.616117,1.105127,0.800732,0.749450,3.306773,3.300363,0.797948,4.925840,4.935220,0.004274
54.000055,1,0.000976,0.211777,0.144438,0.000000,0.000000,0.179571,0.280092,0.580450,0.000061,0.000977,0.003297,0.016606,3.704416,3.294258,1.798777,1.109889,0.613552,1.105127,0.801831,0.749181,3.305857,3.299447,0.797948,4.923160,4.935220,0.004274
54.050056,1,0.000000,0.212753,0.146390,0.000000,0.000000,0.179571,0.282044,0.517940,0.000305,0.000977,0.003297,0.016606,3.699776,3.298898,1.796824,1.108424,0.616483,1.104394,0.800732,0.752136,3.305857,3.300363,0.798241,4.925840,4.935220,0.004274
54.100055,1,0.000000,0.212753,0.145414,0.000000,0.000000,0.178595,0.282044,0.580450,0.000305,0.000549,0.003419,0.016117,3.719264,3.293330,1.798289,1.104394,0.613186,1.099999,0.799633,0.749181,3.304942,3.299447,0.797948,4.925840,4.929860,0.004274
54.150056,1,0.000000,0.213729,0.163956,0.000000,0.000000,0.179571,0.279116,0.482220,0.000305,0.000672,0.003297,0.016361,3.704416,3.297970,1.797800,1.101830,0.616117,1.102929,0.800732,0.749181,3.307689,3.300363,0.797655,4.928520,4.935220,0.004274
54.200055,1,0.000000,0.213729,0.143462,0.000000,0.000000,0.180547,0.282044,0.580450,0.000366,0.000672,0.003236,0.016606,3.719264,3.295186,1.798289,1.104761,0.615018,1.099999,0.800365,0.749450,3.305857,3.301279,0.797948,4.921820,4.935220,0.004274
54.250056,1,0.000000,0.212753,0.145414,0.000000,0.000000,0.190306,0.280092,0.473290,0.000305,0.000672,0.003419,0.016361,3.715552,3.292402,1.798289,1.107691,0.616849,1.104394,0.801098,0.749987,3.306773,3.301279,0.798241,4.924500,4.936560,0.004274
54.300055,1,0.000000,0.212753,0.144438,0.000000,0.000000,0.192258,0.280092,0.580450,0.000183,0.000672,0.003358,0.016606,3.703488,3.301682,1.797312,1.102563,0.616483,1.102929,0.801464,0.749718,3.306773,3.302194,0.798241,4.921820,4.935220,0.004274
54.350056,1,0.000000,0.214705,0.145414,0.000000,0.000000,0.180547,0.280092,0.526870,0.000183,0.000672,0.003297,0.016361,3.710912,3.294258,1.797800,1.102563,0.606227,1.100732,0.800732,0.749450,3.304026,3.300363,0.797948,4.920480,4.939240,0.004274
54.400055,1,0.000000,0.212753,0.144438,0.000000,0.000000,0.177619,0.280092,0.580450,0.000305,0.000549,0.003419,0.016361,3.704416,3.327664,1.797800,1.107691,0.613552,1.104761,0.801098,0.749181,3.304942,3.300363,0.797948,4.928520,4.937900,0.005128
54.450055,1,0.000000,0.212753,0.147365,0.000000,0.000000,0.178595,0.282044,0.258970,0.000305,0.001038,0.003419,0.016606,3.704416,3.301682,1.798289,1.108424,0.615750,1.100732,0.799633,0.749987,3.306773,3.300363,0.797948,4.924500,4.935220,0.005128
54.500056,1,0.000000,0.211777,0.147365,0.000000,0.000000,0.177619,0.282044,0.580450,0.000061,0.000427,0.003236,0.015995,3.719264,3.293330,1.796824,1.106226,0.615384,1.104761,0.801831,0.748913,3.305857,3.300363,0.798241,4.919140,4.939240,0.005128
54.550055,1,0.000000,0.226416,0.147365,0.000000,0.000000,0.178595,0.281068,0.464360,0.000977,0.000427,0.003297,0.016484,3.703488,3.293330,1.798289,1.101830,0.616483,1.102197,0.802930,0.749181,3.305857,3.299447,0.797655,4.924500,4.935220,0.004274
54.600056,1,0.000000,0.226416,0.147365,0.000000,0.000000,0.179571,0.281068,0.580450,0.000061,0.000427,0.003236,0.016606,3.703488,3.295186,1.796824,1.110622,0.616483,1.102929,0.801831,0.749718,3.305857,3.302194,0.797655,4.924500,4.936560,0.004274
54.650056,1,0.000000,0.213729,0.148341,0.000000,0.000000,0.180547,0.280092,0.258970,0.000305,0.000549,0.003358,0.016239,3.704416,3.357359,1.798289,1.102929,0.615018,1.101464,0.800732,0.749450,3.304942,3.301279,0.797948,4.924500,4.935220,0.004274
54.700056,1,0.000000,0.221536,0.146390,0.000000,0.000000,0.181523,0.280092,0.580450,0.000183,0.000427,0.003297,0.016484,3.696064,3.295186,1.799266,1.107691,0.616483,1.101098,0.800732,0.749181,3.306773,3.300363,0.797655,4.928520,4.935220,0.004274
54.750056,1,0.000000,0.214705,0.146390,0.000000,0.000000,0.178595,0.279116,0.267900,0.000183,0.000672,0.003297,0.016606,3.708128,3.299826,1.797800,1.106226,0.613552,1.100732,0.801831,0.749718,3.306773,3.299447,0.797948,4.925840,4.939240,0.004274
54.800056,1,0.000000,0.214705,0.146390,0.000000,0.000000,0.179571,0.281068,0.580450,0.000977,0.000672,0.003236,0.015751,3.696993,3.295186,1.798289,1.104028,0.612087,1.100732,0.799267,0.749181,3.304942,3.299447,0.797948,4.927180,4.931200,0.004274
54.850055,1,0.000976,0.214705,0.146390,0.000000,0.000000,0.178595,0.280092,0.258970,0.000305,0.000549,0.003358,0.016361,3.719264,3.298898,1.797800,1.103296,0.616483,1.104028,0.803296,0.748913,3.307689,3.301279,0.797948,4.928520,4.939240,0.004274
54.900056,1,0.000000,0.212753,0.144438,0.000000,0.000000,0.190306,0.282044,0.580450,0.000305,0.000672,0.003358,0.016361,3.719264,3.298898,1.797800,1.107691,0.615018,1.100732,0.800732,0.749181,3.304942,3.301279,0.797948,4.925840,4.936560,0.004274
54.950056,1,0.000000,0.212753,0.147365,0.000000,0.000000,0.190306,0.279116,0.410780,0.000305,0.000549,0.003297,0.016606,3.726687,3.301682,1.798777,1.101464,0.615750,1.104394,0.801098,0.749181,3.304942,3.301279,0.797948,4.927180,4.929860,0.004274
55.000056,1,0.000000,0.210801,0.146390,0.000000,0.000000,0.178595,0.280092,0.580450,0.000061,0.000672,0.003297,0.016361,3.697920,3.295186,1.798289,1.109156,0.615750,1.105127,0.800732,0.748644,3.303110,3.302194,0.797655,4.913780,4.935220,0.004274
55.050055,1,0.000000,0.212753,0.144438,0.000000,0.000000,0.178595,0.279116,0.544730,0.000183,0.000427,0.003419,0.015995,3.719264,3.295186,1.797312,1.109156,0.615750,1.100732,0.801464,0.749450,3.303110,3.302194,0.797948,4.924500,4.939240,0.004274
55.100056,1,0.000000,0.216657,0.146390,0.000000,0.000000,0.179571,0.280092,0.589380,0.000305,0.000672,0.003358,0.016606,3.697920,3.327664,1.797800,1.104761,0.615384,1.101464,0.801831,0.749450,3.304942,3.300363,0.797362,4.928520,4.940580,0.004274
55.150056,1,0.000000,0.211777,0.146390,0.000000,0.000000,0.180547,0.280092,0.535800,0.000305,0.000549,0.003419,0.015751,3.699776,3.299826,1.798777,1.102197,0.616483,1.104394,0.801098,0.749450,3.307689,3.301279,0.797948,4.927180,4.937900,0.004274
55.200056,1,0.000000,0.226416,0.145414,0.000000,0.000000,0.177619,0.280092,0.580450,0.000305,0.000549,0.003358,0.015995,3.703488,3.299826,1.798777,1.104761,0.616117,1.102929,0.800732,0.749181,3.304942,3.299447,0.797948,4.925840,4.939240,0.004274
55.250056,1,0.000000,0.229344,0.146390,0.000000,0.000000,0.180547,0.280092,0.482220,0.000305,0.000427,0.003297,0.016606,3.711840,3.293330,1.797800,1.107691,0.616483,1.104761,0.799633,0.749450,3.305857,3.300363,0.797655,4.919140,4.939240,0.004274
55.300055,1,0.001952,0.211777,0.146390,0.000000,0.000000,0.178595,0.283020,0.580450,0.000183,0.000427,0.003419,0.015995,3.699776,3.292402,1.798289,1.102929,0.615750,1.102929,0.800732,0.749181,3.306773,3.301279,0.797948,4.924500,4.939240,0.004274
55.350056,1,0.000976,0.213729,0.146390,0.000000,0.000000,0.181523,0.279116,0.517940,0.000977,0.000672,0.003297,0.015995,3.700704,3.295186,1.798777,1.102929,0.606959,1.104761,0.800365,0.749718,3.304942,3.300363,0.797948,4.925840,4.935220,0.004274
55.400056,1,0.000976,0.211777,0.144438,0.000000,0.000000,0.177619,0.281068,0.580450,0.000061,0.000672,0.003236,0.016117,3.701632,3.299826,1.797800,1.109156,0.612820,1.104761,0.800365,0.749181,3.305857,3.300363,0.798241,4.919140,4.936560,0.004274
55.450057,1,0.000000,0.212753,0.147365,0.000000,0.000000,0.179571,0.280092,0.553660,0.000305,0.000427,0.003358,0.016606,3.711840,3.293330,1.798289,1.104394,0.616849,1.102563,0.799633,0.749181,3.305857,3.299447,0.797948,4.927180,4.936560,0.005128
55.500056,1,0.000976,0.213729,0.146390,0.000000,0.000000,0.180547,0.281068,0.589380,0.000183,0.000672,0.003114,0.016606,3.711840,3.311889,1.798289,1.102929,0.615750,1.101098,0.802930,0.749450,3.305857,3.302194,0.798241,4.919140,4.935220,0.004274
55.550057,1,0.000000,0.214705,0.148341,0.000000,0.000000,0.188355,0.281068,0.553660,0.000305,0.000549,0.003419,0.016117,3.713696,3.357359,1.797800,1.107691,0.615384,1.104394,0.800732,0.749718,3.305857,3.301279,0.797948,4.928520,4.939240,0.004274
55.600055,1,0.001952,0.214705,0.146390,0.000000,0.000000,0.192258,0.279116,0.580450,0.000183,0.000672,0.003236,0.015995,3.711840,3.327664,1.796824,1.101830,0.613552,1.100732,0.799633,0.747569,3.305857,3.301279,0.797948,4.925840,4.936560,0.004274
55.650056,1,0.001952,0.212753,0.146390,0.000000,0.000000,0.178595,0.282044,0.553660,0.000244,0.000549,0.003358,0.016239,3.719264,3.301682,1.797312,1.104761,0.617582,1.100732,0.801464,0.749181,3.304942,3.299447,0.797948,4.928520,4.939240,0.004274
55.700055,1,0.000000,0.212753,0.144438,0.000000,0.000000,0.189330,0.282044,0.580450,0.000305,0.000427,0.003358,0.016239,3.711840,3.301682,1.798289,1.110622,0.616483,1.102929,0.799633,0.749450,3.305857,3.300363,0.797948,4.928520,4.939240,0.004274
55.750056,1,0.000000,0.214705,0.146390,0.000000,0.000000,0.181523,0.280092,0.544730,0.000305,0.000549,0.003419,0.016117,3.696993,3.293330,1.797312,1.107691,0.616117,1.104028,0.801464,0.749181,3.304942,3.301279,0.797948,4.927180,4.936560,0.004274
55.800056,1,0.000000,0.213729,0.146390,0.000000,0.000000,0.180547,0.281068,0.580450,0.000244,0.000549,0.003175,0.016239,3.711840,3.301682,1.797800,1.102929,0.615750,1.106226,0.800732,0.749181,3.306773,3.299447,0.797948,4.925840,4.935220,0.004274
55.850056,1,0.000000,0.220560,0.147365,0.000000,0.000000,0.180547,0.280092,0.482220,0.000977,0.000672,0.003297,0.016606,3.698848,3.357359,1.798289,1.109889,0.615750,1.104761,0.799633,0.749450,3.305857,3.301279,0.797948,4.925840,4.929860,0.004274
55.900055,1,0.000976,0.220560,0.147365,0.000000,0.000000,0.178595,0.283020,0.580450,0.000061,0.000672,0.003297,0.016117,3.713696,3.298898,1.796824,1.110622,0.616483,1.102929,0.800732,0.749450,3.305857,3.302194,0.798241,4.919140,4.935220,0.004274
55.950055,1,0.000000,0.213729,0.146390,0.000000,0.000000,0.182499,0.279116,0.473290,0.000244,0.000672,0.003419,0.016606,3.696993,3.297042,1.797800,1.104761,0.617216,1.102929,0.800732,0.748644,3.305857,3.301279,0.797948,4.927180,4.937900,0.004274
56.000055,1,0.000000,0.212753,0.146390,0.000976,0.000000,0.179571,0.280092,0.580450,0.000183,0.000427,0.003419,0.016239,3.711840,3.295186,1.796824,1.102563,0.615384,1.101098,0.800732,0.749450,3.305857,3.300363,0.797948,4.925840,4.939240,0.004274
56.050055,1,0.000000,0.211777,0.146390,0.000000,0.000000,0.180547,0.283020,0.473290,0.000061,0.000672,0.003297,0.016361,3.699776,3.301682,1.796824,1.101464,0.613552,1.103662,0.801098,0.749450,3.304942,3.302194,0.797655,4.924500,4.935220,0.004274
56.100055,1,0.000000,0.213729,0.149317,0.000000,0.000000,0.178595,0.281068,0.580450,0.000305,0.000549,0.003419,0.016606,3.726687,3.355503,1.797800,1.110622,0.616483,1.103662,0.800365,0.749181,3.304942,3.301279,0.797948,4.923160,4.939240,0.004274
56.150056,1,0.000000,0.212753,0.145414,0.000000,0.000000,0.178595,0.280092,0.535800,0.000305,0.000672,0.003419,0.016239,3.699776,3.303538,1.796824,1.102929,0.614651,1.102197,0.800732,0.748644,3.306773,3.301279,0.797948,4.928520,4.939240,0.004274
56.200055,1,0.000976,0.210801,0.148341,0.000000,0.000000,0.190306,0.283020,0.580450,0.000183,0.000427,0.003358,0.015751,3.711840,3.298898,1.797800,1.104761,0.615750,1.106226,0.799633,0.748913,3.304942,3.300363,0.797948,4.925840,4.937900,0.005128
56.250056,1,0.000000,0.215681,0.147365,0.000000,0.000000,0.189330,0.281068,0.517940,0.000244,0.000549,0.003297,0.016361,3.699776,3.294258,1.797800,1.107691,0.615750,1.104028,0.800732,0.749450,3.305857,3.302194,0.798241,4.928520,4.935220,0.004274
56.300055,1,0.000000,0.213729,0.148341,0.000000,0.000000,0.179571,0.280092,0.580450,0.000183,0.000672,0.003419,0.016606,3.698848,3.307249,1.797800,1.106226,0.615750,1.101098,0.800732,0.749450,3.305857,3.302194,0.797655,4.924500,4.936560,0.004274
56.350056,1,0.000000,0.213729,0.145414,0.000000,0.000000,0.178595,0.282044,0.482220,0.000305,0.000427,0.003419,0.016606,3.704416,3.292402,1.798289,1.103296,0.601831,1.104394,0.800365,0.749450,3.305857,3.301279,0.797655,4.928520,4.939240,0.004274
56.400055,1,0.000000,0.213729,0.146390,0.000000,0.000000,0.177619,0.281068,0.580450,0.000183,0.000427,0.003236,0.016361,3.711840,3.294258,1.798777,1.105494,0.615750,1.099999,0.799267,0.748644,3.305857,3.300363,0.798241,4.924500,4.935220,0.004274
56.450057,1,0.000000,0.212753,0.147365,0.000000,0.000000,0.179571,0.278140,0.544730,0.000305,0.000549,0.003297,0.016606,3.710912,3.295186,1.798289,1.108058,0.615750,1.104394,0.800732,0.749181,3.304942,3.300363,0.797948,4.925840,4.935220,0.004274
56.500055,1,0.000000,0.219584,0.146390,0.000000,0.000000,0.180547,0.281068,0.580450,0.000305,0.000549,0.003297,0.016606,3.719264,3.299826,1.797800,1.107691,0.616117,1.102929,0.802930,0.749987,3.305857,3.300363,0.798241,4.919140,4.929860,0.004274
56.550055,1,0.000000,0.221536,0.145414,0.000000,0.000000,0.179571,0.280092,0.509010,0.000183,0.000672,0.003175,0.016606,3.726687,3.295186,1.798289,1.107691,0.616849,1.104028,0.800732,0.749181,3.305857,3.299447,0.797948,4.925840,4.935220,0.004274
56.600055,1,0.000000,0.213729,0.148341,0.000000,0.000000,0.180547,0.281068,0.580450,0.000061,0.000427,0.003236,0.016484,3.719264,3.292402,1.798289,1.107691,0.616117,1.104394,0.800732,0.749450,3.307689,3.301279,0.797948,4.923160,4.929860,0.005128
56.650056,1,0.000976,0.212753,0.146390,0.000000,0.000000,0.180547,0.279116,0.482220,0.000183,0.000672,0.003297,0.016361,3.701632,3.301682,1.798289,1.101464,0.615750,1.104761,0.802930,0.749450,3.306773,3.299447,0.797948,4.925840,4.935220,0.004274
56.700055,1,0.001952,0.213729,0.146390,0.000000,0.000000,0.179571,0.277164,0.580450,0.000366,0.000672,0.003297,0.015751,3.704416,3.293330,1.800242,1.101464,0.616483,1.104028,0.801098,0.749718,3.307689,3.301279,0.797948,4.925840,4.941920,0.004274
56.750056,1,0.000000,0.212753,0.146390,0.000000,0.000000,0.179571,0.280092,0.580450,0.000183,0.000672,0.003297,0.016484,3.699776,3.301682,1.798777,1.110622,0.616117,1.101464,0.800732,0.751062,3.305857,3.301279,0.797948,4.925840,4.939240,0.004274
56.800055,1,0.001952,0.211777,0.146390,0.000000,0.000000,0.178595,0.281068,0.580450,0.000183,0.000672,0.003358,0.016361,3.711840,3.297970,1.796824,1.107691,0.615750,1.101098,0.799633,0.748913,3.304942,3.299447,0.797948,4.921820,4.935220,0.004274
56.850056,1,0.000000,0.211777,0.148341,0.000000,0.000000,0.190306,0.278140,0.544730,0.000183,0.000549,0.003236,0.016606,3.698848,3.357359,1.796824,1.103296,0.614285,1.104761,0.801098,0.748644,3.305857,3.300363,0.798241,4.927180,4.939240,0.004274
56.900056,1,0.000000,0.215681,0.145414,0.000000,0.000000,0.189330,0.280092,0.580450,0.000183,0.000427,0.003236,0.016239,3.715552,3.301682,1.796824,1.101830,0.615750,1.104028,0.800732,0.749450,3.304942,3.300363,0.797948,4.925840,4.939240,0.004274
56.950056,1,0.000000,0.212753,0.148341,0.000000,0.000000,0.177619,0.278140,0.553660,0.000305,0.000672,0.003419,0.016606,3.710912,3.307249,1.797800,1.110622,0.616117,1.101098,0.801831,0.748644,3.306773,3.300363,0.798241,4.924500,4.937900,0.004274
57.000056,1,0.000976,0.211777,0.147365,0.000000,0.000000,0.178595,0.281068,0.580450,0.000183,0.000549,0.003358,0.015995,3.710912,3.298898,1.796824,1.102197,0.615384,1.104761,0.800732,0.748644,3.305857,3.302194,0.798241,4.924500,4.935220,0.004274
57.050056,1,0.000976,0.211777,0.147365,0.000000,0.000000,0.179571,0.280092,0.544730,0.000244,0.000672,0.003419,0.015995,3.711840,3.292402,1.796824,1.107691,0.615018,1.104394,0.800732,0.749181,3.305857,3.300363,0.798241,4.919140,4.935220,0.004274
57.100056,1,0.000000,0.213729,0.147365,0.000000,0.000000,0.179571,0.280092,0.580450,0.000305,0.000427,0.003297,0.016606,3.710912,3.298898,1.797312,1.101464,0.616483,1.102197,0.801831,0.749181,3.305857,3.300363,0.797948,4.928520,4.937900,0.004274
57.150056,1,0.000000,0.220560,0.147365,0.000000,0.000000,0.179571,0.283996,0.535800,0.000244,0.000672,0.003358,0.016361,3.710912,3.291474,1.797800,1.104761,0.615750,1.104394,0.800732,0.750524,3.306773,3.299447,0.797655,4.924500,4.935220,0.004274
57.200056,1,0.000000,0.216657,0.145414,0.000000,0.000000,0.181523,0.280092,0.580450,0.000183,0.000427,0.003297,0.016484,3.711840,3.292402,1.798289,1.106226,0.615018,1.102929,0.801098,0.749450,3.305857,3.300363,0.797948,4.921820,4.939240,0.004274
57.250055,1,0.000000,0.211777,0.146390,0.000000,0.000000,0.180547,0.282044,0.509010,0.000305,0.000672,0.003297,0.016117,3.711840,3.327664,1.797800,1.101830,0.616483,1.102197,0.800732,0.748913,3.305857,3.300363,0.797948,4.919140,4.939240,0.004274
57.300056,1,0.000000,0.215681,0.145414,0.000000,0.000000,0.178595,0.281068,0.580450,0.000183,0.000672,0.003358,0.016606,3.719264,3.301682,1.798289,1.104761,0.616849,1.100732,0.800732,0.748913,3.305857,3.299447,0.797948,4.921820,4.939240,0.004274
57.350056,1,0.000976,0.215681,0.146390,0.000000,0.000000,0.179571,0.282044,0.473290,0.000244,0.000549,0.003236,0.016117,3.711840,3.298898,1.797800,1.101464,0.602197,1.103662,0.800732,0.749450,3.304942,3.299447,0.798241,4.928520,4.939240,0.005128
57.400056,1,0.000000,0.213729,0.147365,0.000000,0.000000,0.179571,0.280092,0.580450,0.000183,0.000427,0.003297,0.016484,3.700704,3.313745,1.798289,1.104761,0.613919,1.102563,0.799633,0.752136,3.305857,3.299447,0.797948,4.927180,4.935220,0.004274
57.450055,1,0.000000,0.210801,0.145414,0.000000,0.000000,0.178595,0.281068,0.553660,0.000305,0.000672,0.003114,0.017094,3.726687,3.357359,1.797312,1.108058,0.616483,1.106226,0.800732,0.749181,3.304942,3.300363,0.798241,4.924500,4.929860,0.004274
57.500056,1,0.000000,0.214705,0.145414,0.000000,0.000000,0.191282,0.281068,0.589380,0.000061,0.000672,0.003175,0.016484,3.699776,3.292402,1.798289,1.110622,0.615750,1.104394,0.799633,0.749450,3.305857,3.300363,0.798241,4.919140,4.935220,0.005128
57.550056,1,0.000976,0.211777,0.143462,0.000000,0.000000,0.190306,0.282044,0.553660,0.000183,0.000427,0.003297,0.016484,3.726687,3.294258,1.797800,1.101464,0.613552,1.102929,0.802930,0.749181,3.305857,3.301279,0.797948,4.927180,4.937900,0.004274
57.600055,1,0.000000,0.215681,0.147365,0.000000,0.000000,0.178595,0.281068,0.580450,0.000305,0.000672,0.003419,0.016239,3.704416,3.311889,1.798289,1.112087,0.616849,1.102197,0.800732,0.748644,3.305857,3.301279,0.798241,4.924500,4.937900,0.004274
57.650056,1,0.000976,0.213729,0.145414,0.000000,0.000000,0.178595,0.280092,0.553660,0.000183,0.000672,0.003297,0.016606,3.719264,3.325809,1.796824,1.107691,0.615384,1.099999,0.800732,0.748913,3.305857,3.300363,0.797948,4.919140,4.935220,0.005128
57.700055,1,0.000000,0.213729,0.146390,0.000000,0.000000,0.177619,0.280092,0.580450,0.000183,0.001038,0.003297,0.016239,3.711840,3.294258,1.797312,1.106226,0.616483,1.100732,0.799633,0.749181,3.305857,3.300363,0.798241,4.919140,4.936560,0.005128
57.750056,1,0.000000,0.211777,0.145414,0.000000,0.000000,0.179571,0.282044,0.589380,0.000305,0.000672,0.003419,0.016361,3.711840,3.293330,1.797312,1.107691,0.612087,1.104028,0.801464,0.749718,3.305857,3.302194,0.798241,4.929860,4.935220,0.004274
57.800055,1,0.000000,0.224464,0.144438,0.000000,0.000000,0.177619,0.279116,0.580450,0.000061,0.000427,0.003358,0.016606,3.698848,3.357359,1.798289,1.104761,0.615750,1.100732,0.800732,0.749450,3.307689,3.300363,0.797948,4.919140,4.935220,0.004274
57.850056,1,0.000976,0.220560,0.145414,0.000000,0.000000,0.178595,0.277164,0.544730,0.000183,0.000427,0.003236,0.016484,3.696993,3.293330,1.796824,1.104394,0.616483,1.101098,0.801464,0.749450,3.305857,3.299447,0.797948,4.924500,4.939240,0.004274
57.900055,1,0.000000,0.212753,0.145414,0.000000,0.000000,0.178595,0.281068,0.580450,0.000183,0.000427,0.003358,0.016728,3.719264,3.295186,1.798289,1.101830,0.616483,1.104761,0.799267,0.749718,3.305857,3.300363,0.798241,4.924500,4.937900,0.004274
57.950056,1,0.000000,0.212753,0.147365,0.000000,0.000000,0.178595,0.279116,0.473290,0.000244,0.000549,0.003419,0.016850,3.699776,3.298898,1.796824,1.106226,0.615018,1.104394,0.800732,0.749450,3.304942,3.299447,0.797948,4.925840,4.929860,0.004274
58.000055,1,0.000000,0.212753,0.146390,0.000000,0.000000,0.177619,0.279116,0.580450,0.000305,0.000672,0.003297,0.016361,3.704416,3.293330,1.797312,1.101464,0.616483,1.101098,0.800732,0.748913,3.305857,3.300363,0.797948,4.919140,4.937900,0.004274
58.050056,1,0.000000,0.211777,0.147365,0.000000,0.000000,0.179571,0.281068,0.535800,0.000305,0.000672,0.003236,0.016606,3.703488,3.299826,1.798289,1.101464,0.615750,1.105127,0.800732,0.749987,3.305857,3.299447,0.797655,4.924500,4.939240,0.004274
58.100056,1,0.000000,0.214705,0.146390,0.000000,0.000000,0.180547,0.281068,0.580450,0.000183,0.000427,0.003236,0.016361,3.726687,3.293330,1.797800,1.104761,0.614285,1.102197,0.800365,0.749450,3.305857,3.300363,0.798241,4.919140,4.939240,0.004274
58.150056,1,0.000000,0.211777,0.147365,0.000000,0.000000,0.189330,0.280092,0.473290,0.000183,0.000427,0.003358,0.015995,3.715552,3.293330,1.798289,1.109156,0.615384,1.104394,0.801098,0.749450,3.304942,3.299447,0.797948,4.927180,4.929860,0.004274
58.200056,1,0.000976,0.211777,0.146390,0.000000,0.000000,0.190306,0.281068,0.589380,0.000183,0.000672,0.003297,0.015995,3.711840,3.298898,1.797312,1.107691,0.612820,1.106226,0.800732,0.748913,3.304942,3.300363,0.797948,4.925840,4.937900,0.004274
58.250056,1,0.000000,0.211777,0.146390,0.000000,0.000000,0.178595,0.282044,0.544730,0.000305,0.000672,0.003419,0.016117,3.699776,3.301682,1.798289,1.102197,0.615750,1.102929,0.799267,0.749450,3.304942,3.300363,0.797948,4.928520,4.927180,0.004274
58.300056,1,0.000000,0.215681,0.147365,0.000000,0.000000,0.179571,0.282044,0.580450,0.000305,0.000672,0.003358,0.015995,3.715552,3.301682,1.798289,1.109889,0.616849,1.106226,0.800732,0.748913,3.304942,3.300363,0.797362,4.928520,4.936560,0.004274
58.350056,1,0.000000,0.212753,0.145414,0.000000,0.000000,0.178595,0.280092,0.196460,0.000244,0.000549,0.003419,0.016606,3.726687,3.293330,1.798777,1.107691,0.606593,1.102929,0.801098,0.748644,3.307689,3.300363,0.797948,4.915120,4.929860,0.004274
58.400056,1,0.000000,0.212753,0.147365,0.000000,0.000000,0.180547,0.280092,0.580450,0.000305,0.000427,0.003297,0.015751,3.719264,3.327664,1.796335,1.104761,0.612087,1.102929,0.800732,0.748644,3.305857,3.302194,0.797948,4.924500,4.939240,0.004274
58.450056,1,0.000000,0.220560,0.146390,0.000000,0.000000,0.178595,0.281068,0.258970,0.000305,0.000427,0.003297,0.015995,3.719264,3.295186,1.798289,1.102929,0.616483,1.104761,0.800732,0.749181,3.305857,3.302194,0.797948,4.924500,4.936560,0.004274
58.500056,1,0.000000,0.224464,0.146390,0.000000,0.000000,0.181523,0.280092,0.571520,0.000183,0.000427,0.003419,0.016117,3.711840,3.303538,1.798289,1.102563,0.616117,1.104761,0.800732,0.748913,3.304942,3.299447,0.797948,4.925840,4.935220,0.005128
58.550055,1,0.000000,0.213729,0.148341,0.000000,0.000000,0.180547,0.280092,0.517940,0.000305,0.000549,0.003114,0.016117,3.697920,3.297970,1.797800,1.101830,0.615018,1.104761,0.801098,0.749718,3.305857,3.300363,0.798241,4.924500,4.939240,0.004274
58.600056,1,0.000000,0.214705,0.147365,0.000000,0.000000,0.178595,0.281068,0.580450,0.000183,0.000549,0.003358,0.016484,3.710912,3.357359,1.796824,1.107691,0.616483,1.104761,0.800732,0.749181,3.305857,3.300363,0.797948,4.925840,4.936560,0.004274
58.650055,1,0.000000,0.212753,0.145414,0.000000,0.000000,0.178595,0.279116,0.509010,0.000183,0.000672,0.003358,0.016239,3.699776,3.295186,1.798777,1.102929,0.616117,1.098534,0.800732,0.748913,3.305857,3.299447,0.797948,4.925840,4.937900,0.004274
58.700056,1,0.000000,0.211777,0.146390,0.000000,0.000000,0.178595,0.280092,0.580450,0.000183,0.000427,0.003358,0.016606,3.697920,3.327664,1.798289,1.104761,0.616483,1.105127,0.802930,0.748644,3.305857,3.302194,0.797948,4.924500,4.935220,0.004274
58.750056,1,0.000000,0.214705,0.146390,0.000000,0.000000,0.178595,0.280092,0.473290,0.000183,0.000672,0.003297,0.015751,3.699776,3.301682,1.798777,1.104394,0.615018,1.104394,0.801831,0.749181,3.307689,3.301279,0.797948,4.928520,4.937900,0.005128
58.800056,1,0.000000,0.214705,0.146390,0.000000,0.000000,0.181523,0.281068,0.589380,0.000305,0.000672,0.003175,0.016606,3.711840,3.297970,1.796824,1.103296,0.615018,1.102929,0.799633,0.749181,3.306773,3.300363,0.797948,4.924500,4.936560,0.004274
58.850055,1,0.000000,0.213729,0.144438,0.000000,0.000000,0.190306,0.280092,0.473290,0.000244,0.000672,0.003358,0.016239,3.711840,3.299826,1.798777,1.107691,0.615750,1.104761,0.800365,0.749718,3.305857,3.299447,0.797948,4.925840,4.935220,0.004274
58.900056,1,0.000000,0.213729,0.144438,0.000000,0.000000,0.180547,0.282044,0.580450,0.000183,0.000672,0.003419,0.015995,3.711840,3.293330,1.798289,1.101830,0.615750,1.101464,0.801098,0.747569,3.306773,3.300363,0.797948,4.928520,4.929860,0.004274
58.950056,1,0.000000,0.212753,0.146390,0.000000,0.000000,0.178595,0.282044,0.509010,0.000305,0.000672,0.003419,0.016606,3.711840,3.355503,1.798289,1.107691,0.615750,1.102929,0.800732,0.749718,3.305857,3.300363,0.797948,4.919140,4.935220,0.004274
59.000056,1,0.000000,0.212753,0.147365,0.000000,0.000000,0.178595,0.282044,0.580450,0.000305,0.000672,0.003419,0.016728,3.703488,3.295186,1.796335,1.107691,0.615750,1.104761,0.801831,0.749718,3.305857,3.300363,0.798241,4.919140,4.935220,0.004274
59.050056,1,0.000000,0.212753,0.145414,0.000000,0.000000,0.179571,0.278140,0.553660,0.000305,0.000672,0.003419,0.016606,3.710912,3.293330,1.798289,1.109156,0.615750,1.100732,0.801098,0.749181,3.304942,3.301279,0.797948,4.924500,4.936560,0.004274
59.100056,1,0.000000,0.219584,0.145414,0.000000,0.000000,0.180547,0.280092,0.580450,0.000305,0.000672,0.003236,0.016117,3.699776,3.293330,1.798777,1.103296,0.616483,1.101098,0.800732,0.749987,3.305857,3.302194,0.798241,4.928520,4.929860,0.004274
59.150056,1,0.000000,0.223488,0.147365,0.000000,0.000000,0.178595,0.281068,0.482220,0.000305,0.000672,0.003297,0.016361,3.699776,3.291474,1.796824,1.101464,0.615750,1.102929,0.800732,0.749181,3.304942,3.301279,0.797362,4.928520,4.935220,0.004274
59.200055,1,0.000000,0.214705,0.148341,0.000000,0.000000,0.178595,0.283020,0.580450,0.000061,0.000672,0.003419,0.016239,3.704416,3.293330,1.797312,1.109156,0.616483,1.104394,0.801831,0.751062,3.305857,3.300363,0.796776,4.919140,4.937900,0.004274
59.250056,1,0.000000,0.215681,0.146390,0.000000,0.000000,0.179571,0.281068,0.258970,0.000183,0.000427,0.003297,0.015995,3.711840,3.295186,1.796824,1.101464,0.615750,1.104394,0.801464,0.749450,3.305857,3.302194,0.798241,4.924500,4.936560,0.004274
59.300056,1,0.000000,0.275212,0.146390,0.000000,0.000000,0.176643,0.280092,0.580450,0.000183,0.000427,0.003297,0.016606,3.710912,3.298898,1.798289,1.104394,0.615750,1.101464,0.803296,0.749181,3.306773,3.299447,0.797948,4.921820,4.936560,0.004274
59.350056,1,0.000000,0.211777,0.146390,0.000000,0.000000,0.178595,0.280092,0.544730,0.000183,0.000672,0.003297,0.015995,3.699776,3.301682,1.798289,1.104761,0.601098,1.101098,0.799633,0.749450,3.304942,3.300363,0.797948,4.925840,4.929860,0.004274
59.400055,1,0.000000,0.212753,0.144438,0.000000,0.000000,0.178595,0.278140,0.589380,0.000061,0.000672,0.003358,0.016606,3.699776,3.298898,1.797800,1.107691,0.612454,1.104761,0.801464,0.749718,3.304942,3.301279,0.798241,4.919140,4.929860,0.004274
59.450056,1,0.000000,0.212753,0.144438,0.000000,0.000000,0.179571,0.283020,0.544730,0.000305,0.000549,0.003358,0.015995,3.713696,3.301682,1.798289,1.107691,0.617216,1.104761,0.801098,0.749181,3.305857,3.300363,0.797948,4.928520,4.935220,0.004274
59.500056,1,0.000000,0.215681,0.146390,0.000000,0.000000,0.178595,0.280092,0.580450,0.000183,0.000672,0.003297,0.016606,3.697920,3.298898,1.797800,1.103296,0.615750,1.104394,0.799633,0.748644,3.305857,3.302194,0.798241,4.919140,4.939240,0.004274
59.550056,1,0.000976,0.211777,0.144438,0.000000,0.000000,0.180547,0.283020,0.544730,0.000305,0.000427,0.003297,0.016239,3.726687,3.293330,1.798289,1.102929,0.615750,1.104394,0.801098,0.748644,3.305857,3.300363,0.797362,4.928520,4.935220,0.004274
59.600055,1,0.000000,0.208849,0.144438,0.000000,0.000000,0.181523,0.279116,0.589380,0.000183,0.000672,0.003297,0.016239,3.704416,3.355503,1.797312,1.103296,0.615750,1.102929,0.799633,0.749450,3.305857,3.299447,0.797948,4.920480,4.936560,0.004274
59.650056,1,0.000000,0.213729,0.148341,0.000000,0.000000,0.181523,0.281068,0.473290,0.000183,0.000427,0.003236,0.015995,3.704416,3.293330,1.797312,1.109156,0.615750,1.104028,0.800732,0.748644,3.306773,3.302194,0.797655,4.924500,4.935220,0.004274
59.700055,1,0.000000,0.212753,0.147365,0.000000,0.000000,0.178595,0.280092,0.580450,0.000244,0.000672,0.003358,0.016484,3.697920,3.293330,1.797312,1.101830,0.616849,1.104394,0.800732,0.749181,3.306773,3.302194,0.797655,4.924500,4.935220,0.004274
59.750056,1,0.000000,0.221536,0.146390,0.000000,0.000000,0.180547,0.283020,0.473290,0.000183,0.000672,0.003236,0.015751,3.697920,3.311889,1.796824,1.107691,0.615750,1.100732,0.800732,0.748913,3.305857,3.301279,0.797362,4.928520,4.935220,0.004274
59.800056,1,0.000000,0.223488,0.146390,0.000000,0.000000,0.180547,0.283020,0.580450,0.000305,0.000427,0.003175,0.016239,3.703488,3.293330,1.805126,1.104761,0.616483,1.102929,0.800732,0.748644,3.305857,3.300363,0.797948,4.925840,4.935220,0.004274
59.850056,1,0.000976,0.213729,0.146390,0.000000,0.000000,0.179571,0.282044,0.580450,0.000183,0.000427,0.003114,0.016606,3.699776,3.357359,1.797800,1.104761,0.615384,1.104394,0.801464,0.748913,3.304942,3.300363,0.798241,4.925840,4.935220,0.004274
59.900056,1,0.000000,0.215681,0.183475,0.000000,0.000000,0.177619,0.281068,0.580450,0.000183,0.000672,0.003175,0.016361,3.704416,3.303538,1.796824,1.103296,0.616483,1.104761,0.801831,0.749450,3.304942,3.300363,0.797948,4.925840,4.936560,0.004274
59.950055,1,0.000976,0.212753,0.147365,0.000000,0.000000,0.178595,0.281068,0.509010,0.000183,0.000549,0.003358,0.015995,3.711840,3.355503,1.796824,1.107325,0.615750,1.103296,0.800732,0.749181,3.305857,3.299447,0.797655,4.924500,4.935220,0.004274
60.000056,1,0.000000,0.213729,0.146390,0.000000,0.000000,0.179571,0.280092,0.580450,0.000305,0.000672,0.003419,0.016484,3.715552,3.303538,1.798289,1.110622,0.616117,1.104028,0.800732,0.748913,3.304942,3.300363,0.797948,4.923160,4.935220,0.004274
60.050056,1,0.000000,0.212753,0.146390,0.000000,0.000000,0.180547,0.284972,0.473290,0.000061,0.000427,0.003358,0.016361,3.703488,3.292402,1.797312,1.109156,0.615750,1.102929,0.800732,0.748913,3.305857,3.299447,0.797655,4.919140,4.929860,0.004274
60.100056,1,0.000000,0.212753,0.146390,0.000000,0.000000,0.178595,0.280092,0.580450,0.000305,0.000672,0.003358,0.016484,3.710912,3.301682,1.797800,1.106226,0.615750,1.104028,0.800732,0.748644,3.304942,3.299447,0.797948,4.919140,4.929860,0.004274
60.150055,1,0.000000,0.210801,0.147365,0.000000,0.000000,0.179571,0.280092,0.473290,0.000244,0.000672,0.003419,0.016239,3.726687,3.292402,1.797800,1.102563,0.614651,1.102197,0.800732,0.749718,3.307689,3.300363,0.797948,4.925840,4.935220,0.004274
60.200056,1,0.000000,0.214705,0.146390,0.000000,0.000000,0.179571,0.280092,0.580450,0.000183,0.000855,0.003358,0.016606,3.710912,3.292402,1.798289,1.102197,0.616117,1.104761,0.801464,0.749181,3.306773,3.299447,0.797948,4.921820,4.939240,0.004274
60.250056,1,0.000000,0.214705,0.147365,0.000000,0.000000,0.199090,0.280092,0.509010,0.000061,0.000427,0.003358,0.016361,3.697920,3.311889,1.798289,1.107691,0.616117,1.100365,0.800732,0.749181,3.306773,3.299447,0.797948,4.924500,4.929860,0.004274
60.300056,1,0.000000,0.212753,0.146390,0.000000,0.000000,0.201042,0.280092,0.580450,0.000061,0.000672,0.003297,0.016239,3.711840,3.298898,1.797312,1.107691,0.616117,1.104761,0.801831,0.749181,3.305857,3.300363,0.798241,4.919140,4.937900,0.004274
60.350055,1,0.000000,0.212753,0.145414,0.000000,0.000000,0.180547,0.281068,0.553660,0.000061,0.001038,0.003297,0.016606,3.704416,3.294258,1.798289,1.104761,0.606959,1.104028,0.799633,0.750524,3.305857,3.300363,0.798241,4.928520,4.941920,0.004274
60.400056,1,0.000000,0.222512,0.146390,0.000000,0.000000,0.178595,0.280092,0.580450,0.000183,0.000672,0.003236,0.016361,3.697920,3.289618,1.796824,1.101464,0.616483,1.101464,0.802930,0.752136,3.305857,3.300363,0.798241,4.919140,4.936560,0.004274
60.450056,1,0.000976,0.220560,0.146390,0.000000,0.000000,0.177619,0.278140,0.544730,0.000061,0.000672,0.003358,0.016117,3.711840,3.291474,1.798289,1.104028,0.615750,1.104028,0.799633,0.749450,3.307689,3.300363,0.797948,4.925840,4.935220,0.004274
60.500056,1,0.000000,0.216657,0.147365,0.000000,0.000000,0.179571,0.279116,0.580450,0.000305,0.000672,0.003419,0.016606,3.697920,3.311889,1.797312,1.101830,0.615018,1.100732,0.799633,0.748913,3.307689,3.301279,0.798241,4.924500,4.939240,0.004274
60.550056,1,0.000000,0.211777,0.147365,0.000000,0.000000,0.180547,0.279116,0.473290,0.000183,0.000427,0.003358,0.016484,3.726687,3.311889,1.797312,1.101830,0.615750,1.106226,0.800732,0.750524,3.305857,3.299447,0.797948,4.927180,4.927180,0.004274
60.600056,1,0.000000,0.214705,0.146390,0.000000,0.000000,0.176643,0.283020,0.580450,0.000305,0.000549,0.003419,0.016606,3.702560,3.301682,1.797312,1.103296,0.616483,1.105127,0.801831,0.749450,3.306773,3.302194,0.797948,4.913780,4.935220,0.004274
60.650056,1,0.000000,0.215681,0.145414,0.000000,0.000000,0.179571,0.281068,0.544730,0.000183,0.000672,0.003358,0.016606,3.719264,3.293330,1.797800,1.107691,0.615750,1.101464,0.800732,0.749987,3.306773,3.302194,0.797948,4.925840,4.935220,0.004274
60.700059,1,0.000976,0.216657,0.146390,0.000000,0.000000,0.178595,0.279116,0.589380,0.000305,0.000672,0.003236,0.015995,3.711840,3.295186,1.798289,1.103296,0.615018,1.102197,0.799633,0.748644,3.305857,3.300363,0.797948,4.925840,4.939240,0.004274
60.750056,1,0.000000,0.211777,0.146390,0.000000,0.000000,0.177619,0.281068,0.553660,0.000305,0.000672,0.003419,0.015995,3.711840,3.294258,1.796824,1.109156,0.616117,1.104761,0.801098,0.748644,3.305857,3.302194,0.798241,4.919140,4.935220,0.004274
60.800058,1,0.000000,0.215681,0.145414,0.000000,0.000000,0.178595,0.280092,0.580450,0.000061,0.000672,0.003358,0.016361,3.699776,3.298898,1.796824,1.101464,0.616483,1.104761,0.800732,0.749450,3.305857,3.299447,0.797948,4.925840,4.939240,0.004274
60.850056,1,0.000000,0.211777,0.146390,0.000000,0.000000,0.179571,0.282044,0.580450,0.000183,0.000427,0.003297,0.015995,3.710912,3.298898,1.797800,1.101830,0.615384,1.099999,0.799633,0.748913,3.305857,3.299447,0.797948,4.925840,4.939240,0.004274
60.900055,1,0.000000,0.212753,0.146390,0.000000,0.000000,0.201042,0.283020,0.580450,0.000305,0.000672,0.003419,0.016239,3.719264,3.293330,1.798289,1.104028,0.615018,1.104761,0.799633,0.748913,3.305857,3.300363,0.797948,4.928520,4.936560,0.004274
60.950056,1,0.000000,0.212753,0.146390,0.000000,0.000000,0.200066,0.280092,0.473290,0.000183,0.001038,0.003297,0.016117,3.710912,3.301682,1.796824,1.101464,0.615018,1.104394,0.800732,0.749450,3.304942,3.300363,0.797948,4.928520,4.939240,0.004274
61.000056,1,0.000000,0.212753,0.147365,0.000000,0.000000,0.180547,0.281068,0.580450,0.000183,0.000672,0.003114,0.016484,3.715552,3.295186,1.797312,1.102197,0.615384,1.104394,0.800732,0.749718,3.305857,3.300363,0.798241,4.921820,4.939240,0.004274
61.050055,1,0.000976,0.213729,0.144438,0.000000,0.000000,0.179571,0.280092,0.553660,0.000061,0.000672,0.003358,0.016606,3.700704,3.298898,1.798289,1.107691,0.615750,1.104761,0.800732,0.748644,3.304942,3.300363,0.797948,4.924500,4.936560,0.004274
61.100056,1,0.000000,0.218608,0.145414,0.000000,0.000000,0.181523,0.280092,0.580450,0.000244,0.000672,0.003358,0.016484,3.704416,3.295186,1.798777,1.110622,0.615750,1.101098,0.799633,0.748644,3.307689,3.300363,0.797948,4.925840,4.935220,0.004274
61.150055,1,0.000000,0.211777,0.145414,0.000000,0.000000,0.179571,0.277164,0.509010,0.000061,0.000672,0.003297,0.016606,3.699776,3.299826,1.797800,1.104761,0.615750,1.099999,0.799633,0.749450,3.307689,3.300363,0.797948,4.925840,4.929860,0.004274
61.200056,1,0.000000,0.213729,0.145414,0.000000,0.000000,0.180547,0.281068,0.580450,0.000305,0.000549,0.003297,0.016239,3.697920,3.299826,1.798289,1.107325,0.615018,1.104761,0.800732,0.749181,3.306773,3.299447,0.797948,4.924500,4.936560,0.004274
61.250056,1,0.000976,0.218608,0.147365,0.000000,0.000000,0.179571,0.282044,0.553660,0.000305,0.000672,0.003419,0.016239,3.704416,3.295186,1.798289,1.108424,0.612087,1.102929,0.800732,0.749181,3.304942,3.299447,0.797948,4.921820,4.935220,0.004274
61.300056,1,0.000000,0.214705,0.147365,0.000000,0.000000,0.178595,0.280092,0.580450,0.000366,0.000427,0.003297,0.016361,3.711840,3.307249,1.798289,1.107691,0.615750,1.101098,0.802930,0.749718,3.305857,3.300363,0.797655,4.919140,4.935220,0.004274
61.350056,1,0.000976,0.212753,0.145414,0.000000,0.000000,0.182499,0.280092,0.509010,0.000305,0.000549,0.003297,0.016117,3.703488,3.294258,1.798777,1.101830,0.600366,1.102929,0.800732,0.749450,3.304942,3.300363,0.797948,4.924500,4.939240,0.004274
61.400056,1,0.000000,0.210801,0.147365,0.000000,0.000000,0.178595,0.282044,0.580450,0.000305,0.000427,0.003358,0.015995,3.703488,3.303538,1.796824,1.109889,0.614285,1.104761,0.799633,0.748644,3.305857,3.299447,0.797655,4.927180,4.939240,0.004274
61.450056,1,0.000000,0.213729,0.145414,0.000000,0.000000,0.177619,0.280092,0.553660,0.000183,0.000672,0.003297,0.016484,3.711840,3.292402,1.797800,1.102563,0.615018,1.101464,0.800732,0.749181,3.305857,3.300363,0.797655,4.931200,4.935220,0.004274
61.500055,1,0.000000,0.211777,0.146390,0.000000,0.000000,0.179571,0.280092,0.580450,0.000305,0.000427,0.003297,0.016117,3.719264,3.299826,1.797800,1.101464,0.615384,1.104394,0.801098,0.749450,3.304942,3.299447,0.797948,4.925840,4.929860,0.004274
61.550056,1,0.000000,0.212753,0.147365,0.000000,0.000000,0.200066,0.281068,0.553660,0.000183,0.000427,0.003297,0.016484,3.719264,3.295186,1.798289,1.102929,0.616483,1.104394,0.801098,0.749181,3.305857,3.302194,0.798241,4.928520,4.939240,0.004274
61.600055,1,0.000000,0.211777,0.146390,0.000000,0.000000,0.201042,0.279116,0.580450,0.000061,0.000427,0.003175,0.016361,3.697920,3.289618,1.799266,1.104028,0.615018,1.102929,0.802930,0.748375,3.304942,3.300363,0.797948,4.928520,4.939240,0.004274
61.650055,1,0.000000,0.211777,0.144438,0.000000,0.000000,0.179571,0.281068,0.258970,0.000183,0.000672,0.003297,0.016606,3.699776,3.301682,1.797312,1.104394,0.616483,1.104761,0.800732,0.749718,3.305857,3.300363,0.797362,4.928520,4.937900,0.004274
61.700056,1,0.000000,0.213729,0.144438,0.000000,0.000000,0.178595,0.283020,0.580450,0.000183,0.000427,0.003419,0.016361,3.711840,3.294258,1.801219,1.109156,0.615018,1.101464,0.800365,0.749181,3.305857,3.299447,0.797655,4.924500,4.935220,0.004274
61.750055,1,0.000000,0.215681,0.147365,0.000000,0.000000,0.179571,0.281068,0.544730,0.000305,0.000549,0.003297,0.016606,3.703488,3.327664,1.798777,1.102197,0.615750,1.104761,0.799633,0.749718,3.305857,3.300363,0.798241,4.928520,4.939240,0.004274
61.800056,1,0.000000,0.213729,0.146390,0.000000,0.000000,0.180547,0.283996,0.580450,0.000061,0.000672,0.003297,0.016484,3.719264,3.297970,1.797312,1.103296,0.616483,1.104761,0.800365,0.749718,3.305857,3.300363,0.797948,4.919140,4.939240,0.004274
61.850055,1,0.000000,0.223488,0.147365,0.000000,0.000000,0.178595,0.281068,0.509010,0.000183,0.000672,0.003236,0.015995,3.697920,3.293330,1.797312,1.105494,0.615750,1.102197,0.802930,0.749450,3.304026,3.299447,0.797948,4.925840,4.936560,0.004274
61.900056,1,0.000000,0.218608,0.145414,0.000000,0.000000,0.179571,0.281068,0.580450,0.000305,0.000427,0.003419,0.016606,3.704416,3.298898,1.798289,1.104761,0.615750,1.104761,0.801098,0.749450,3.305857,3.301279,0.797655,4.928520,4.939240,0.004274
61.950055,1,0.000000,0.215681,0.146390,0.000000,0.000000,0.178595,0.278140,0.473290,0.000183,0.000672,0.003236,0.016606,3.703488,3.293330,1.798777,1.109156,0.615750,1.101464,0.800732,0.749718,3.305857,3.302194,0.797948,4.925840,4.935220,0.004274
62.000056,1,0.000000,0.212753,0.146390,0.000000,0.000000,0.180547,0.281068,0.580450,0.000305,0.000672,0.003358,0.016484,3.719264,3.301682,1.798289,1.104761,0.615750,1.104761,0.800732,0.748913,3.306773,3.299447,0.798241,4.924500,4.939240,0.004274
62.050055,1,0.000000,0.216657,0.146390,0.000000,0.000000,0.177619,0.281068,0.473290,0.000183,0.000427,0.003358,0.016239,3.715552,3.355503,1.798289,1.106226,0.617216,1.104394,0.799633,0.749450,3.305857,3.301279,0.797948,4.925840,4.936560,0.004274
62.100055,1,0.000000,0.211777,0.146390,0.000000,0.000000,0.179571,0.281068,0.589380,0.000244,0.000672,0.003358,0.016606,3.711840,3.325809,1.796824,1.107691,0.614651,1.104761,0.801098,0.749450,3.306773,3.299447,0.798241,4.927180,4.935220,0.004274
62.150055,1,0.000000,0.213729,0.144438,0.000000,0.000000,0.180547,0.279116,0.509010,0.000305,0.000549,0.003358,0.016239,3.710912,3.299826,1.798289,1.104761,0.616483,1.104761,0.801464,0.748644,3.306773,3.302194,0.798241,4.924500,4.935220,0.004274
62.200056,1,0.000000,0.214705,0.146390,0.000000,0.000000,0.190306,0.282044,0.580450,0.000305,0.000672,0.003419,0.016239,3.697920,3.357359,1.797800,1.103296,0.612087,1.106226,0.798900,0.749181,3.304942,3.301279,0.797948,4.927180,4.941920,0.005128
62.250055,1,0.000000,0.213729,0.147365,0.000000,0.000000,0.189330,0.280092,0.526870,0.000183,0.000672,0.003236,0.016239,3.703488,3.292402,1.798777,1.110622,0.615018,1.104394,0.800732,0.749450,3.304942,3.300363,0.797948,4.924500,4.939240,0.004274
62.300056,1,0.000000,0.211777,0.147365,0.000000,0.000000,0.178595,0.277164,0.580450,0.000183,0.000672,0.003114,0.016728,3.710912,3.313745,1.796824,1.101830,0.615018,1.102929,0.799633,0.749181,3.305857,3.300363,0.797362,4.919140,4.937900,0.004274
62.350056,1,0.000000,0.211777,0.146390,0.000000,0.000000,0.178595,0.282044,0.544730,0.000061,0.000672,0.003236,0.016606,3.710912,3.301682,1.798289,1.104761,0.604761,1.104394,0.800732,0.749181,3.305857,3.299447,0.797948,4.928520,4.939240,0.004274
62.400056,1,0.000000,0.211777,0.145414,0.000000,0.000000,0.178595,0.278140,0.580450,0.000305,0.000549,0.003297,0.016484,3.711840,3.298898,1.797800,1.102197,0.615750,1.104761,0.800365,0.749450,3.305857,3.300363,0.797655,4.925840,4.939240,0.004274
62.450056,1,0.000000,0.215681,0.148341,0.000000,0.000000,0.178595,0.282044,0.544730,0.000183,0.000427,0.003419,0.016484,3.719264,3.293330,1.797800,1.107691,0.616117,1.104394,0.801464,0.748913,3.305857,3.299447,0.797948,4.927180,4.935220,0.004274
62.500055,1,0.000000,0.228368,0.147365,0.000000,0.000000,0.178595,0.282044,0.580450,0.000305,0.000549,0.003358,0.015995,3.710912,3.301682,1.796824,1.103296,0.616117,1.104761,0.800732,0.748913,3.304942,3.301279,0.797948,4.921820,4.935220,0.004274
62.550056,1,0.000976,0.225440,0.145414,0.000000,0.000000,0.180547,0.279116,0.544730,0.000183,0.000427,0.003358,0.015995,3.715552,3.295186,1.796824,1.103296,0.616483,1.104761,0.799267,0.748644,3.304026,3.299447,0.797948,4.924500,4.936560,0.004274
62.600056,1,0.000976,0.211777,0.146390,0.000000,0.000000,0.179571,0.280092,0.580450,0.000305,0.000672,0.003297,0.016850,3.700704,3.294258,1.796824,1.108058,0.615750,1.105127,0.799267,0.748644,3.304942,3.301279,0.797948,4.925840,4.935220,0.004274
62.650056,1,0.000000,0.221536,0.145414,0.000000,0.000000,0.180547,0.280092,0.258970,0.000183,0.000427,0.003297,0.015995,3.704416,3.295186,1.798289,1.104761,0.615018,1.102929,0.799633,0.749718,3.304026,3.300363,0.797948,4.928520,4.939240,0.004274
62.700056,1,0.000000,0.214705,0.146390,0.000000,0.000000,0.178595,0.280092,0.571520,0.000305,0.000672,0.003419,0.015873,3.696993,3.295186,1.797312,1.101830,0.612454,1.104394,0.801464,0.749450,3.305857,3.300363,0.798241,4.919140,4.935220,0.004274
62.750055,1,0.000000,0.210801,0.149317,0.000000,0.000000,0.180547,0.279116,0.723330,0.000244,0.000549,0.003358,0.016239,3.699776,3.301682,1.796824,1.109156,0.615384,1.102929,0.800732,0.809889,3.305857,3.302194,0.798241,4.913780,4.924500,0.004274
62.800055,1,0.000000,0.214705,0.148341,0.000000,0.000000,0.178595,0.278140,0.723330,0.000244,0.000549,0.003297,0.016606,3.710912,3.301682,1.797312,1.110622,0.616117,1.102929,0.799633,0.809621,3.304942,3.300363,0.797948,4.917800,4.924500,0.004274
62.850056,1,0.000976,0.212753,0.146390,0.000000,0.000000,0.189330,0.280092,0.535800,0.000183,0.000427,0.003297,0.016361,3.715552,3.311889,1.798289,1.104394,0.613552,1.102197,0.799267,0.749450,3.305857,3.299447,0.797655,4.924500,4.939240,0.004274
62.900056,1,0.000000,0.212753,0.145414,0.000000,0.000000,0.180547,0.282044,0.571520,0.000183,0.000427,0.003297,0.016606,3.699776,3.298898,1.796824,1.104394,0.615384,1.104028,0.800732,0.749181,3.306773,3.300363,0.797948,4.924500,4.937900,0.004274
62.950055,1,0.000000,0.212753,0.146390,0.000000,0.000000,0.179571,0.280092,0.544730,0.000061,0.000672,0.003297,0.016606,3.699776,3.301682,1.798289,1.104761,0.617216,1.104394,0.801831,0.748644,3.305857,3.300363,0.797948,4.927180,4.929860,0.004274
63.000055,1,0.000000,0.211777,0.147365,0.000000,0.000000,0.178595,0.280092,0.580450,0.000183,0.000672,0.003236,0.015995,3.699776,3.301682,1.797800,1.106226,0.615018,1.100732,0.801098,0.749450,3.304942,3.299447,0.798241,4.924500,4.935220,0.004274
63.050055,1,0.000000,0.212753,0.147365,0.000000,0.000000,0.180547,0.282044,0.544730,0.000183,0.000427,0.003297,0.016484,3.704416,3.295186,1.798289,1.104761,0.613186,1.106226,0.799633,0.748644,3.305857,3.300363,0.798241,4.924500,4.935220,0.004274
63.100055,1,0.000000,0.214705,0.146390,0.000000,0.000000,0.179571,0.280092,0.580450,0.000305,0.000672,0.003419,0.016361,3.699776,3.307249,1.797800,1.101830,0.616117,1.104761,0.800732,0.749181,3.306773,3.302194,0.797655,4.924500,4.939240,0.004274
63.150056,1,0.000000,0.227392,0.143462,0.000000,0.000000,0.179571,0.280092,0.517940,0.000183,0.000672,0.003175,0.016361,3.696993,3.293330,1.798289,1.102929,0.615750,1.104394,0.800732,0.748913,3.304942,3.300363,0.797948,4.925840,4.929860,0.004274
63.200056,1,0.000000,0.226416,0.146390,0.000000,0.000000,0.178595,0.280092,0.571520,0.000183,0.000672,0.003358,0.015995,3.711840,3.294258,1.796335,1.102197,0.616117,1.100732,0.802930,0.749181,3.306773,3.301279,0.797948,4.925840,4.939240,0.004274
63.250055,1,0.000000,0.211777,0.146390,0.000000,0.000000,0.177619,0.279116,0.509010,0.000183,0.000427,0.003358,0.016239,3.719264,3.291474,1.798289,1.103296,0.615750,1.099999,0.801098,0.749181,3.305857,3.301279,0.797948,4.927180,4.935220,0.004274
63.300056,1,0.000000,0.213729,0.145414,0.000000,0.000000,0.177619,0.279116,0.580450,0.000183,0.000427,0.003297,0.015995,3.700704,3.295186,1.798289,1.107691,0.616117,1.101464,0.801464,0.749450,3.306773,3.299447,0.797948,4.927180,4.929860,0.004274
63.350055,1,0.000976,0.214705,0.146390,0.000000,0.000000,0.179571,0.280092,0.553660,0.000244,0.000672,0.003419,0.015995,3.719264,3.307249,1.799266,1.109156,0.606959,1.101098,0.801098,0.748913,3.306773,3.301279,0.797655,4.913780,4.935220,0.004274
63.400056,1,0.000000,0.215681,0.149317,0.000000,0.000000,0.179571,0.280092,0.580450,0.000061,0.000427,0.003114,0.015995,3.697920,3.292402,1.798289,1.103296,0.616117,1.102929,0.799633,0.748644,3.306773,3.300363,0.798241,4.928520,4.929860,0.005128
63.450056,1,0.000000,0.212753,0.144438,0.000000,0.000000,0.180547,0.280092,0.544730,0.000183,0.000427,0.003297,0.016728,3.704416,3.295186,1.797800,1.107691,0.616483,1.100732,0.801831,0.748913,3.304942,3.299447,0.797948,4.925840,4.936560,0.004274
63.500056,1,0.000000,0.213729,0.148341,0.000000,0.000000,0.188355,0.280092,0.580450,0.000183,0.000672,0.003114,0.016361,3.697920,3.311889,1.796824,1.106226,0.615018,1.102929,0.801831,0.749450,3.305857,3.302194,0.797948,4.927180,4.936560,0.004274
63.550056,1,0.000000,0.212753,0.148341,0.000000,0.000000,0.190306,0.279116,0.482220,0.000183,0.000672,0.003358,0.016606,3.699776,3.325809,1.798289,1.101830,0.616117,1.104028,0.800732,0.749181,3.304942,3.301279,0.797948,4.927180,4.939240,0.004274
63.600055,1,0.000000,0.216657,0.146390,0.000000,0.000000,0.177619,0.281068,0.580450,0.000244,0.000549,0.003358,0.016606,3.711840,3.301682,1.797800,1.106226,0.616117,1.106226,0.801098,0.749718,3.304942,3.301279,0.798241,4.919140,4.941920,0.004274
63.650056,1,0.000000,0.214705,0.146390,0.000000,0.000000,0.178595,0.282044,0.473290,0.000305,0.000549,0.003297,0.016361,3.799996,3.301682,1.798777,1.109156,0.615018,1.100732,0.799633,0.749450,3.305857,3.302194,0.797655,4.924500,4.935220,0.005128
63.700056,1,0.000976,0.215681,0.144438,0.000000,0.000000,0.179571,0.280092,0.580450,0.000061,0.000672,0.003297,0.016606,3.710912,3.301682,1.796824,1.101830,0.615750,1.104761,0.801831,0.749181,3.305857,3.300363,0.798241,4.924500,4.939240,0.004274
63.750055,1,0.000000,0.213729,0.146390,0.000000,0.000000,0.179571,0.281068,0.535800,0.000305,0.000672,0.003358,0.016361,3.699776,3.301682,1.798289,1.102929,0.615750,1.104394,0.799633,0.749181,3.306773,3.302194,0.797948,4.924500,4.935220,0.004274
63.800056,1,0.000000,0.218608,0.148341,0.000000,0.000000,0.179571,0.279116,0.580450,0.000305,0.000672,0.003297,0.016728,3.699776,3.301682,1.796824,1.104761,0.616483,1.104761,0.800732,0.749181,3.305857,3.302194,0.797948,4.928520,4.939240,0.004274
63.850056,1,0.000000,0.220560,0.148341,0.000000,0.000000,0.180547,0.281068,0.473290,0.000305,0.000672,0.003419,0.016117,3.703488,3.295186,1.796824,1.106226,0.616117,1.104028,0.802930,0.756434,3.305857,3.301279,0.798241,4.919140,4.936560,0.004274
63.900056,1,0.000000,0.212753,0.147365,0.000000,0.000000,0.178595,0.280092,0.589380,0.000244,0.000427,0.003236,0.015751,3.704416,3.291474,1.798289,1.101830,0.616117,1.102197,0.801464,0.749181,3.305857,3.301279,0.797655,4.925840,4.937900,0.004274
63.950055,1,0.000000,0.230320,0.144438,0.000000,0.000000,0.180547,0.282044,0.580450,0.000061,0.000672,0.003358,0.015995,3.710912,3.295186,1.798289,1.104761,0.616849,1.100732,0.801098,0.749450,3.305857,3.302194,0.798241,4.924500,4.935220,0.004274
64.000055,1,0.000000,0.215681,0.147365,0.000000,0.000000,0.178595,0.281068,0.580450,0.000183,0.000672,0.003297,0.016606,3.711840,3.298898,1.797800,1.104394,0.615750,1.102563,0.799633,0.749450,3.305857,3.299447,0.797948,4.925840,4.935220,0.004274
64.050056,1,0.000000,0.212753,0.147365,0.000000,0.000000,0.178595,0.281068,0.258970,0.000061,0.000427,0.003358,0.016239,3.710912,3.301682,1.797800,1.101464,0.615750,1.103662,0.799633,0.749181,3.305857,3.301279,0.797948,4.925840,4.929860,0.004274
64.100056,1,0.000000,0.212753,0.146390,0.000000,0.000000,0.179571,0.279116,0.589380,0.000061,0.000672,0.003358,0.015995,3.710912,3.311889,1.796824,1.104761,0.616483,1.102929,0.800732,0.749450,3.305857,3.300363,0.797948,4.928520,4.939240,0.004274
64.150056,1,0.000000,0.211777,0.145414,0.000000,0.000000,0.191282,0.280092,0.544730,0.000183,0.000672,0.003297,0.015995,3.696064,3.295186,1.798289,1.109156,0.616117,1.101464,0.799633,0.749181,3.306773,3.299447,0.797948,4.927180,4.939240,0.004274
64.200056,1,0.000000,0.214705,0.145414,0.000000,0.000000,0.190306,0.279116,0.571520,0.000305,0.000672,0.003297,0.015995,3.710912,3.295186,1.797312,1.108058,0.616117,1.104394,0.798900,0.749987,3.306773,3.302194,0.798241,4.924500,4.939240,0.004274
64.250055,1,0.001952,0.214705,0.146390,0.000000,0.000000,0.178595,0.281068,0.544730,0.000183,0.000672,0.003297,0.016117,3.711840,3.297970,1.796824,1.106226,0.615750,1.104394,0.800732,0.749450,3.304942,3.299447,0.797948,4.925840,4.929860,0.004274
64.300055,1,0.000000,0.210801,0.146390,0.000000,0.000000,0.179571,0.281068,0.580450,0.000183,0.000427,0.003175,0.016484,3.699776,3.292402,1.798777,1.101830,0.616117,1.104394,0.800732,0.749181,3.305857,3.301279,0.797948,4.921820,4.941920,0.004274
64.350056,1,0.000000,0.213729,0.146390,0.000000,0.000000,0.177619,0.281068,0.526870,0.000183,0.000672,0.003419,0.015995,3.710912,3.293330,1.798289,1.104761,0.600732,1.101464,0.799633,0.749718,3.304942,3.301279,0.797948,4.927180,4.937900,0.004274
64.400056,1,0.000976,0.212753,0.146390,0.000000,0.000000,0.180547,0.279116,0.580450,0.000183,0.000672,0.003297,0.016606,3.698848,3.295186,1.797312,1.105494,0.615018,1.104394,0.800732,0.749450,3.304942,3.301279,0.797948,4.927180,4.935220,0.004274
64.450055,1,0.000000,0.217632,0.147365,0.000000,0.000000,0.179571,0.279116,0.482220,0.000183,0.000427,0.003297,0.015995,3.710912,3.301682,1.796824,1.102929,0.615750,1.102197,0.800365,0.748913,3.303110,3.299447,0.797948,4.927180,4.935220,0.004274
64.500056,1,0.000000,0.222512,0.146390,0.000000,0.000000,0.177619,0.279116,0.580450,0.000183,0.000427,0.003114,0.016484,3.703488,3.293330,1.798289,1.104761,0.616117,1.102197,0.800732,0.751062,3.306773,3.299447,0.797948,4.921820,4.939240,0.004274
64.550055,1,0.000000,0.211777,0.146390,0.000000,0.000000,0.178595,0.280092,0.544730,0.000305,0.000672,0.003297,0.016361,3.703488,3.301682,1.798777,1.104761,0.616849,1.104761,0.802930,0.751062,3.304942,3.301279,0.797948,4.927180,4.929860,0.005128
64.600056,1,0.000000,0.213729,0.146390,0.000000,0.000000,0.180547,0.281068,0.571520,0.000244,0.000549,0.003297,0.015507,3.701632,3.298898,1.796824,1.103296,0.615018,1.104761,0.802930,0.749450,3.305857,3.302194,0.798241,4.928520,4.939240,0.004274
64.650056,1,0.001952,0.212753,0.148341,0.000000,0.000000,0.181523,0.281068,0.473290,0.000183,0.000672,0.003358,0.016606,3.711840,3.301682,1.798289,1.107691,0.615750,1.102563,0.801831,0.748913,3.306773,3.301279,0.797948,4.921820,4.937900,0.005128
64.700056,1,0.000000,0.213729,0.143462,0.000000,0.000000,0.181523,0.278140,0.580450,0.000061,0.000672,0.003236,0.016239,3.715552,3.307249,1.796824,1.107691,0.609157,1.103662,0.799633,0.749450,3.304942,3.300363,0.798241,4.919140,4.929860,0.004274
64.750055,1,0.000000,0.215681,0.146390,0.000000,0.000000,0.177619,0.281068,0.544730,0.000305,0.000672,0.003297,0.016606,3.719264,3.301682,1.797800,1.103296,0.616117,1.104761,0.800732,0.748913,3.306773,3.299447,0.797948,4.927180,4.939240,0.004274
64.800056,1,0.000000,0.214705,0.145414,0.000000,0.000000,0.187379,0.283996,0.580450,0.000305,0.000672,0.003297,0.016239,3.711840,3.298898,1.798289,1.107691,0.615384,1.102197,0.801464,0.749181,3.306773,3.301279,0.797655,4.924500,4.936560,0.004274
64.850055,1,0.000000,0.214705,0.145414,0.000000,0.000000,0.190306,0.281068,0.517940,0.000305,0.000672,0.003419,0.016361,3.699776,3.327664,1.796824,1.104394,0.616483,1.102929,0.800732,0.749181,3.305857,3.301279,0.797948,4.928520,4.935220,0.004274
64.900056,1,0.000000,0.210801,0.147365,0.000000,0.000000,0.179571,0.279116,0.580450,0.000183,0.000427,0.003175,0.015995,3.711840,3.293330,1.797800,1.102197,0.616117,1.102197,0.800732,0.748913,3.305857,3.300363,0.797948,4.928520,4.935220,0.004274
64.950055,1,0.000000,0.214705,0.145414,0.000000,0.000000,0.191282,0.278140,0.580450,0.000183,0.000672,0.003358,0.016606,3.703488,3.307249,1.798289,1.104761,0.615750,1.104761,0.801464,0.749718,3.305857,3.301279,0.797948,4.928520,4.939240,0.004274
65.000056,1,0.000000,0.215681,0.146390,0.000000,0.000000,0.178595,0.281068,0.580450,0.000061,0.000427,0.003236,0.016239,3.699776,3.301682,1.797800,1.107691,0.615750,1.104761,0.800732,0.749450,3.305857,3.300363,0.797948,4.925840,4.936560,0.004274
65.050055,1,0.000000,0.272284,0.146390,0.000000,0.000000,0.178595,0.282044,0.544730,0.000183,0.000672,0.003236,0.015995,3.710912,3.295186,1.797800,1.108424,0.616483,1.101464,0.799267,0.749718,3.304942,3.299447,0.797948,4.925840,4.936560,0.004274
65.100056,1,0.000000,0.221536,0.148341,0.000000,0.000000,0.177619,0.283996,0.580450,0.000305,0.000549,0.003236,0.016484,3.696064,3.301682,1.798777,1.102197,0.616117,1.104761,0.800732,0.749181,3.305857,3.301279,0.797948,4.921820,4.936560,0.004274
65.150055,1,0.000000,0.223488,0.147365,0.000000,0.000000,0.179571,0.282044,0.535800,0.000183,0.000672,0.003297,0.016117,3.710912,3.325809,1.795847,1.109156,0.616483,1.104761,0.799633,0.750524,3.305857,3.299447,0.797948,4.925840,4.935220,0.004274
65.200056,1,0.000000,0.213729,0.148341,0.000000,0.000000,0.180547,0.281068,0.580450,0.000244,0.000549,0.003297,0.016361,3.710912,3.301682,1.796824,1.104761,0.614651,1.100732,0.800732,0.749450,3.306773,3.301279,0.797948,4.925840,4.935220,0.005128
65.250055,1,0.000000,0.213729,0.146390,0.000000,0.000000,0.178595,0.281068,0.553660,0.000183,0.000427,0.003358,0.016361,3.719264,3.325809,1.797800,1.107691,0.616117,1.104761,0.801831,0.748913,3.305857,3.299447,0.797948,4.927180,4.936560,0.004274
65.300055,1,0.000000,0.213729,0.144438,0.000000,0.000000,0.179571,0.279116,0.580450,0.000061,0.000427,0.003236,0.016484,3.697920,3.291474,1.798289,1.106226,0.615750,1.099999,0.802930,0.749450,3.305857,3.300363,0.797655,4.928520,4.935220,0.004274
65.350055,1,0.000000,0.212753,0.146390,0.000000,0.000000,0.180547,0.278140,0.535800,0.000183,0.000427,0.003114,0.016606,3.710912,3.298898,1.796824,1.110622,0.606959,1.101464,0.800365,0.752136,3.305857,3.301279,0.798241,4.919140,4.929860,0.005128
65.400056,1,0.000000,0.213729,0.146390,0.000000,0.000000,0.178595,0.280092,0.580450,0.000183,0.000672,0.003297,0.015995,3.711840,3.295186,1.798289,1.105494,0.615750,1.104394,0.800365,0.749450,3.305857,3.300363,0.797948,4.925840,4.936560,0.004274
65.450055,1,0.000000,0.213729,0.146390,0.000000,0.000000,0.188355,0.282044,0.553660,0.000305,0.000672,0.003297,0.016239,3.711840,3.298898,1.796824,1.103296,0.615384,1.102929,0.799633,0.748913,3.304942,3.300363,0.797948,4.925840,4.935220,0.005128
65.500056,1,0.000000,0.214705,0.146390,0.000000,0.000000,0.190306,0.280092,0.580450,0.000244,0.000672,0.003236,0.016361,3.710912,3.291474,1.798777,1.102563,0.615750,1.104394,0.800732,0.749450,3.304942,3.300363,0.797948,4.925840,4.935220,0.004274
65.550056,1,0.000000,0.214705,0.146390,0.000000,0.000000,0.177619,0.281068,0.526870,0.000305,0.000672,0.003419,0.016117,3.698848,3.293330,1.798289,1.104028,0.614651,1.106226,0.800732,0.749450,3.305857,3.299447,0.797948,4.927180,4.936560,0.004274
65.600056,1,0.000000,0.211777,0.147365,0.000000,0.000000,0.181523,0.281068,0.580450,0.000061,0.000977,0.003297,0.016606,3.711840,3.293330,1.797312,1.102197,0.616483,1.104761,0.800365,0.749718,3.306773,3.300363,0.798241,4.924500,4.939240,0.004274
65.650056,1,0.000976,0.211777,0.183475,0.000000,0.000000,0.179571,0.282044,0.517940,0.000305,0.000427,0.003236,0.016361,3.704416,3.295186,1.797800,1.109889,0.613919,1.100732,0.800732,0.749450,3.304942,3.300363,0.797948,4.925840,4.939240,0.004274
65.700056,1,0.000000,0.215681,0.146390,0.000000,0.000000,0.179571,0.280092,0.580450,0.000244,0.000672,0.003358,0.016239,3.713696,3.295186,1.798289,1.106226,0.616117,1.104394,0.801464,0.749450,3.305857,3.300363,0.798241,4.919140,4.939240,0.004274
65.750055,1,0.000000,0.221536,0.143462,0.000000,0.000000,0.180547,0.282044,0.517940,0.000183,0.000672,0.003419,0.015751,3.710912,3.297970,1.797800,1.106226,0.615750,1.102929,0.800732,0.748644,3.305857,3.302194,0.798827,4.924500,4.939240,0.004274
65.800056,1,0.000000,0.217632,0.146390,0.000000,0.000000,0.180547,0.282044,0.580450,0.000061,0.000672,0.003297,0.016361,3.711840,3.307249,1.798777,1.107691,0.613552,1.104761,0.800732,0.748913,3.306773,3.299447,0.797948,4.924500,4.935220,0.004274
65.850056,1,0.000000,0.213729,0.146390,0.000000,0.000000,0.179571,0.282044,0.482220,0.000244,0.000549,0.003297,0.016606,3.711840,3.292402,1.798289,1.102197,0.613552,1.100732,0.800732,0.748913,3.305857,3.301279,0.798241,4.924500,4.935220,0.004274
65.900056,1,0.000000,0.213729,0.146390,0.000000,0.000000,0.181523,0.281068,0.580450,0.000305,0.000672,0.003419,0.016361,3.711840,3.293330,1.798289,1.107691,0.616483,1.102929,0.801098,0.748913,3.305857,3.299447,0.797948,4.921820,4.939240,0.004274
65.950056,1,0.000000,0.213729,0.145414,0.000000,0.000000,0.179571,0.279116,0.473290,0.000183,0.000672,0.003358,0.016484,3.719264,3.298898,1.798289,1.104761,0.615750,1.105127,0.798900,0.749181,3.306773,3.301279,0.797948,4.927180,4.937900,0.004274
66.000055,1,0.000000,0.211777,0.145414,0.000000,0.000000,0.180547,0.280092,0.580450,0.000183,0.000427,0.003236,0.016606,3.704416,3.292402,1.798289,1.109156,0.616483,1.101098,0.800732,0.749450,3.304942,3.300363,0.797948,4.925840,4.939240,0.004274
66.050055,1,0.000000,0.211777,0.146390,0.000000,0.000000,0.178595,0.278140,0.482220,0.000305,0.000672,0.003236,0.015995,3.699776,3.295186,1.798289,1.102197,0.614285,1.104394,0.801464,0.748644,3.305857,3.299447,0.797948,4.928520,4.939240,0.004274
66.100056,1,0.000000,0.212753,0.146390,0.000000,0.000000,0.190306,0.280092,0.580450,0.000183,0.000672,0.003236,0.016361,3.703488,3.292402,1.797312,1.107691,0.617216,1.102929,0.800732,0.748913,3.305857,3.299447,0.798241,4.924500,4.939240,0.004274
66.150055,1,0.000000,0.215681,0.146390,0.000000,0.000000,0.190306,0.280092,0.544730,0.000244,0.000672,0.003236,0.015995,3.719264,3.301682,1.796824,1.103296,0.616849,1.102929,0.801464,0.749181,3.305857,3.299447,0.797948,4.924500,4.935220,0.004274
66.200055,1,0.000000,0.214705,0.145414,0.000000,0.000000,0.181523,0.280092,0.580450,0.000305,0.000977,0.003358,0.016606,3.703488,3.301682,1.797800,1.104761,0.615750,1.100732,0.800732,0.749987,3.305857,3.300363,0.797948,4.925840,4.936560,0.004274
66.250055,1,0.000000,0.212753,0.146390,0.000000,0.000000,0.181523,0.279116,0.544730,0.000549,0.000672,0.003114,0.016361,3.711840,3.298898,1.798289,1.103296,0.616483,1.101098,0.799633,0.752136,3.305857,3.300363,0.797362,4.925840,4.935220,0.004274
66.300057,1,0.000976,0.213729,0.147365,0.000000,0.000000,0.178595,0.280092,0.580450,0.000183,0.000427,0.003114,0.015995,3.703488,3.311889,1.797800,1.107325,0.615750,1.106226,0.800732,0.749181,3.306773,3.301279,0.797948,4.927180,4.931200,0.004274
66.350055,1,0.000000,0.212753,0.146390,0.000000,0.000000,0.180547,0.279116,0.482220,0.000305,0.000427,0.003297,0.015995,3.711840,3.301682,1.798777,1.110622,0.606227,1.104761,0.800365,0.752405,3.305857,3.299447,0.797948,4.927180,4.935220,0.004274
66.400055,1,0.000000,0.219584,0.146390,0.000000,0.000000,0.181523,0.277164,0.580450,0.000183,0.000427,0.003358,0.017582,3.711840,3.295186,1.796824,1.104761,0.616483,1.106226,0.800732,0.748913,3.304942,3.301279,0.797948,4.924500,4.929860,0.005128
66.450056,1,0.000000,0.221536,0.145414,0.000000,0.000000,0.179571,0.279116,0.696540,0.000305,0.000733,0.003114,0.015995,3.697920,3.293330,1.797800,1.101830,0.615384,1.102197,0.800732,0.748913,3.305857,3.299447,0.797948,4.925840,4.935220,0.004274
66.500055,1,0.000000,0.212753,0.146390,0.000000,0.000000,0.179571,0.282044,0.580450,0.000305,0.000672,0.003114,0.015995,3.699776,3.307249,1.797800,1.103296,0.616117,1.100732,0.801098,0.749181,3.305857,3.302194,0.798241,4.924500,4.936560,0.004274
66.550056,1,0.000000,0.214705,0.147365,0.000000,0.000000,0.181523,0.282044,0.410780,0.000305,0.000427,0.003297,0.016117,3.697920,3.299826,1.798289,1.101464,0.616483,1.104761,0.801831,0.749450,3.306773,3.299447,0.797655,4.924500,4.936560,0.004274
66.600055,1,0.000000,0.215681,0.146390,0.000000,0.000000,0.180547,0.279116,0.580450,0.000305,0.000427,0.003236,0.015995,3.697920,3.293330,1.798289,1.109156,0.615384,1.101464,0.801098,0.748913,3.305857,3.299447,0.797948,4.925840,4.939240,0.003419
66.650055,1,0.000000,0.213729,0.146390,0.000000,0.000000,0.178595,0.282044,0.526870,0.000183,0.000672,0.003297,0.015995,3.711840,3.327664,1.797800,1.110622,0.616849,1.101464,0.801098,0.749181,3.307689,3.300363,0.797948,4.925840,4.929860,0.004274
66.700055,1,0.000000,0.212753,0.146390,0.000000,0.000000,0.177619,0.280092,0.580450,0.000183,0.000427,0.003358,0.015751,3.704416,3.311889,1.796824,1.101830,0.616483,1.105494,0.800365,0.749450,3.305857,3.301279,0.797362,4.919140,4.935220,0.004274
66.750056,1,0.000000,0.212753,0.146390,0.000000,0.000000,0.191282,0.281068,0.473290,0.000183,0.000672,0.003236,0.016239,3.697920,3.293330,1.798289,1.102197,0.615750,1.101098,0.800732,0.749181,3.305857,3.300363,0.797948,4.928520,4.935220,0.004274
66.800055,1,0.000000,0.213729,0.146390,0.000000,0.000000,0.191282,0.282044,0.580450,0.000183,0.000427,0.003297,0.016606,3.711840,3.294258,1.797800,1.102197,0.616483,1.104761,0.800732,0.749450,3.304942,3.302194,0.797948,4.924500,4.939240,0.004274
66.850056,1,0.000000,0.212753,0.148341,0.000000,0.000000,0.179571,0.282044,0.509010,0.000183,0.000672,0.003358,0.015995,3.696064,3.311889,1.797312,1.106226,0.616483,1.100732,0.799633,0.749181,3.305857,3.300363,0.797655,4.919140,4.941920,0.004274
66.900055,1,0.000976,0.210801,0.148341,0.000000,0.000000,0.179571,0.280092,0.580450,0.000061,0.000672,0.003297,0.016361,3.715552,3.299826,1.796824,1.107691,0.616483,1.104761,0.801098,0.752136,3.305857,3.299447,0.797948,4.921820,4.935220,0.004274
66.950056,1,0.000976,0.212753,0.145414,0.000000,0.000000,0.177619,0.279116,0.258970,0.000183,0.000672,0.003358,0.016606,3.703488,3.301682,1.797800,1.104761,0.616117,1.104761,0.801098,0.749987,3.305857,3.300363,0.797948,4.925840,4.935220,0.004274
67.000055,1,0.000000,0.214705,0.145414,0.000000,0.000000,0.180547,0.282044,0.580450,0.000305,0.000549,0.003236,0.015995,3.715552,3.307249,1.796824,1.104028,0.616849,1.102929,0.801831,0.749987,3.306773,3.302194,0.797948,4.924500,4.939240,0.004274
67.050056,1,0.000000,0.212753,0.148341,0.000000,0.000000,0.180547,0.280092,0.580450,0.000305,0.000672,0.003297,0.016361,3.704416,3.307249,1.797800,1.101464,0.615018,1.102929,0.801464,0.749181,3.304942,3.301279,0.797948,4.927180,4.939240,0.003419
67.100055,1,0.000000,0.220560,0.146390,0.000000,0.000000,0.178595,0.281068,0.580450,0.000183,0.000672,0.003297,0.016361,3.704416,3.297970,1.797800,1.104761,0.615750,1.104761,0.800365,0.749181,3.304942,3.301279,0.797948,4.927180,4.937900,0.004274
67.150056,1,0.000000,0.212753,0.144438,0.000000,0.000000,0.179571,0.281068,0.473290,0.000061,0.000427,0.003114,0.016361,3.704416,3.299826,1.797312,1.108424,0.615750,1.101098,0.801098,0.749181,3.304942,3.299447,0.797948,4.925840,4.939240,0.004274
67.200056,1,0.000000,0.214705,0.148341,0.000000,0.000000,0.180547,0.278140,0.580450,0.000183,0.000427,0.003358,0.015995,3.711840,3.311889,1.799266,1.102929,0.615750,1.104028,0.800732,0.749181,3.305857,3.299447,0.797655,4.924500,4.929860,0.004274
67.250055,1,0.000000,0.212753,0.146390,0.000000,0.000000,0.178595,0.282044,0.544730,0.000061,0.000672,0.003358,0.015995,3.703488,3.293330,1.798289,1.107691,0.615750,1.101464,0.800732,0.749181,3.305857,3.300363,0.798241,4.919140,4.941920,0.005128
67.300056,1,0.000000,0.215681,0.146390,0.000000,0.000000,0.178595,0.276188,0.580450,0.000244,0.000672,0.003419,0.016606,3.704416,3.299826,1.798777,1.110622,0.616483,1.102929,0.800732,0.748644,3.306773,3.299447,0.797948,4.921820,4.935220,0.004274
67.350056,1,0.000000,0.214705,0.144438,0.000000,0.000000,0.180547,0.282044,0.544730,0.000183,0.000672,0.003236,0.016239,3.703488,3.301682,1.796335,1.107691,0.601831,1.102929,0.801098,0.749450,3.306773,3.299447,0.797948,4.925840,4.935220,0.004274
67.400056,1,0.000000,0.214705,0.147365,0.000000,0.000000,0.179571,0.281068,0.580450,0.000183,0.000427,0.003236,0.016606,3.696064,3.303538,1.797312,1.107691,0.615750,1.102929,0.800732,0.749181,3.305857,3.302194,0.798241,4.924500,4.935220,0.004274
67.450056,1,0.000000,0.212753,0.145414,0.000000,0.000000,0.185427,0.279116,0.526870,0.000244,0.000672,0.003419,0.016117,3.703488,3.293330,1.798289,1.102563,0.615018,1.104028,0.800732,0.749181,3.304942,3.300363,0.798241,4.928520,4.939240,0.004274
67.500056,1,0.000000,0.211777,0.144438,0.000000,0.000000,0.180547,0.281068,0.580450,0.000183,0.000549,0.003297,0.015995,3.700704,3.355503,1.796824,1.101830,0.616117,1.102929,0.800732,0.749450,3.305857,3.301279,0.797948,4.927180,4.935220,0.004274
67.550055,1,0.000000,0.213729,0.146390,0.000000,0.000000,0.179571,0.281068,0.258970,0.000427,0.000427,0.003358,0.016361,3.704416,3.291474,1.798289,1.104761,0.616483,1.100732,0.799633,0.748644,3.307689,3.300363,0.797948,4.931200,4.929860,0.005128
67.600056,1,0.000000,0.212753,0.145414,0.000000,0.000000,0.181523,0.283996,0.580450,0.000305,0.000672,0.003419,0.016484,3.710912,3.313745,1.796824,1.106226,0.615018,1.101098,0.801098,0.749718,3.305857,3.300363,0.798241,4.925840,4.941920,0.004274
67.650056,1,0.000000,0.212753,0.145414,0.000000,0.000000,0.180547,0.277164,0.258970,0.000244,0.000549,0.003297,0.016361,3.713696,3.301682,1.796824,1.109156,0.615750,1.100732,0.800732,0.748644,3.305857,3.302194,0.798241,4.924500,4.940580,0.004274
67.700055,1,0.000000,0.219584,0.145414,0.000000,0.000000,0.179571,0.281068,0.580450,0.000244,0.000672,0.003236,0.016117,3.696993,3.293330,1.796824,1.101830,0.616117,1.104761,0.800732,0.749450,3.304942,3.301279,0.797948,4.921820,4.940580,0.004274
67.750055,1,0.000000,0.219584,0.145414,0.000000,0.000000,0.180547,0.279116,0.544730,0.000061,0.000427,0.003236,0.015995,3.710912,3.355503,1.797800,1.110622,0.617216,1.104394,0.800732,0.749450,3.305857,3.302194,0.798241,4.928520,4.936560,0.004274
67.800056,1,0.000000,0.214705,0.145414,0.000000,0.000000,0.181523,0.278140,0.580450,0.000183,0.000672,0.003297,0.016361,3.699776,3.301682,1.796824,1.102197,0.615750,1.104761,0.798900,0.748913,3.303110,3.299447,0.798241,4.924500,4.935220,0.004274
67.850055,1,0.000000,0.213729,0.147365,0.000000,0.000000,0.177619,0.279116,0.258970,0.000061,0.000672,0.003358,0.016728,3.711840,3.292402,1.799266,1.101464,0.616483,1.102929,0.799633,0.748913,3.305857,3.300363,0.797948,4.928520,4.936560,0.004274
67.900056,1,0.000000,0.214705,0.146390,0.000000,0.000000,0.180547,0.280092,0.571520,0.000183,0.000672,0.003114,0.015995,3.699776,3.311889,1.796824,1.102563,0.616849,1.102929,0.798900,0.749987,3.304942,3.301279,0.797948,4.924500,4.932540,0.004274
67.950056,1,0.000000,0.213729,0.147365,0.000000,0.000000,0.179571,0.278140,0.473290,0.000183,0.000672,0.003297,0.016239,3.699776,3.301682,1.796824,1.102197,0.612820,1.098534,0.799633,0.748913,3.304942,3.301279,0.797948,4.925840,4.941920,0.004274
68.000055,1,0.001952,0.210801,0.144438,0.000000,0.000000,0.177619,0.280092,0.580450,0.000183,0.000427,0.003297,0.016606,3.726687,3.292402,1.798777,1.107325,0.615384,1.104028,0.800732,0.748913,3.304942,3.301279,0.797655,4.925840,4.939240,0.004274
68.050056,1,0.000000,0.212753,0.145414,0.000000,0.000000,0.179571,0.281068,0.580450,0.000244,0.000549,0.003419,0.016606,3.711840,3.295186,1.798289,1.101464,0.613552,1.105127,0.801831,0.749450,3.305857,3.300363,0.798241,4.925840,4.932540,0.004274
68.100055,1,0.000000,0.215681,0.145414,0.000000,0.000000,0.178595,0.280092,0.580450,0.000305,0.000672,0.003419,0.016606,3.704416,3.293330,1.798289,1.101830,0.615750,1.100732,0.801831,0.749181,3.305857,3.299447,0.797948,4.924500,4.935220,0.004274
68.150056,1,0.000000,0.213729,0.148341,0.000000,0.000000,0.178595,0.282044,0.535800,0.000183,0.000549,0.003419,0.016606,3.719264,3.307249,1.796824,1.106226,0.616849,1.102929,0.800732,0.748644,3.305857,3.302194,0.798241,4.929860,4.936560,0.004274
68.200055,1,0.000000,0.211777,0.147365,0.000000,0.000000,0.198114,0.282044,0.580450,0.000061,0.000672,0.003236,0.016606,3.696993,3.295186,1.798289,1.102929,0.616483,1.102929,0.800365,0.749181,3.304026,3.300363,0.798241,4.928520,4.939240,0.004274
68.250056,1,0.000000,0.212753,0.147365,0.000000,0.000000,0.200066,0.280092,0.517940,0.000244,0.000549,0.003419,0.016606,3.719264,3.293330,1.797800,1.107691,0.616483,1.104394,0.800365,0.749718,3.305857,3.299447,0.797948,4.928520,4.935220,0.004274
68.300058,1,0.000000,0.214705,0.148341,0.000000,0.000000,0.178595,0.277164,0.580450,0.000305,0.000549,0.003419,0.016239,3.704416,3.299826,1.797800,1.110622,0.616483,1.104394,0.802930,0.749450,3.307689,3.301279,0.797948,4.925840,4.939240,0.004274
68.350056,1,0.000000,0.221536,0.146390,0.000000,0.000000,0.179571,0.279116,0.517940,0.000183,0.000672,0.003175,0.016606,3.700704,3.301682,1.798289,1.104394,0.601098,1.106226,0.800732,0.749181,3.305857,3.298531,0.797948,4.917800,4.935220,0.004274
68.400055,1,0.000000,0.221536,0.147365,0.000000,0.000000,0.177619,0.279116,0.580450,0.000549,0.000672,0.003175,0.016239,3.699776,3.292402,1.796824,1.101464,0.616117,1.104394,0.799633,0.749181,3.303110,3.302194,0.797948,4.925840,4.935220,0.004274
68.450058,1,0.000000,0.213729,0.146390,0.000000,0.000000,0.176643,0.278140,0.553660,0.000305,0.000549,0.003419,0.015995,3.697920,3.327664,1.798289,1.101830,0.616483,1.104761,0.802930,0.749181,3.305857,3.300363,0.798241,4.919140,4.935220,0.004274
68.500055,1,0.000000,0.212753,0.148341,0.000000,0.000000,0.179571,0.279116,0.580450,0.000305,0.000672,0.003419,0.015995,3.699776,3.294258,1.796824,1.102929,0.615750,1.101098,0.801831,0.749450,3.304942,3.300363,0.797948,4.928520,4.937900,0.004274
68.550056,1,0.000000,0.213729,0.144438,0.000000,0.000000,0.179571,0.280092,0.544730,0.000183,0.000672,0.003114,0.016606,3.697920,3.291474,1.798289,1.102197,0.617216,1.105127,0.799633,0.748913,3.305857,3.299447,0.797948,4.925840,4.933880,0.004274
68.600056,1,0.000000,0.214705,0.146390,0.000000,0.000000,0.179571,0.281068,0.580450,0.000183,0.000672,0.003175,0.016117,3.700704,3.299826,1.798289,1.107691,0.615750,1.105127,0.800365,0.748913,3.305857,3.302194,0.797655,4.924500,4.936560,0.004274
68.650055,1,0.000000,0.210801,0.146390,0.000000,0.000000,0.177619,0.280092,0.544730,0.000183,0.000672,0.003297,0.015995,3.699776,3.293330,1.798289,1.102197,0.616483,1.104761,0.800365,0.749450,3.304942,3.300363,0.797948,4.928520,4.929860,0.004274
68.700055,1,0.000000,0.216657,0.144438,0.000000,0.000000,0.179571,0.282044,0.580450,0.000305,0.000427,0.003358,0.016606,3.715552,3.301682,1.798289,1.101830,0.615750,1.102929,0.799633,0.749450,3.307689,3.299447,0.797948,4.925840,4.935220,0.004274
68.750056,1,0.000976,0.213729,0.146390,0.000000,0.000000,0.177619,0.280092,0.509010,0.000305,0.000549,0.003358,0.015995,3.711840,3.298898,1.797312,1.107691,0.613919,1.104028,0.799633,0.749718,3.303110,3.299447,0.797655,4.924500,4.939240,0.005128
68.800056,1,0.000000,0.211777,0.148341,0.000000,0.000000,0.178595,0.280092,0.580450,0.000061,0.000672,0.003358,0.015995,3.710912,3.294258,1.797312,1.107691,0.616117,1.102197,0.801464,0.749450,3.303110,3.301279,0.797948,4.925840,4.939240,0.004274
68.850056,1,0.000000,0.214705,0.146390,0.000000,0.000000,0.201042,0.280092,0.509010,0.000305,0.000549,0.003419,0.015995,3.719264,3.303538,1.798777,1.106226,0.616117,1.100732,0.799633,0.751062,3.306773,3.301279,0.797655,4.927180,4.937900,0.005128
68.900056,1,0.000000,0.210801,0.147365,0.000000,0.000000,0.201042,0.281068,0.580450,0.000183,0.000427,0.003419,0.016484,3.711840,3.301682,1.797800,1.101464,0.615750,1.102929,0.799633,0.749181,3.304942,3.301279,0.797948,4.921820,4.939240,0.004274
68.950056,1,0.000000,0.212753,0.146390,0.000000,0.000000,0.179571,0.283020,0.482220,0.000305,0.000672,0.003236,0.016606,3.703488,3.311889,1.797312,1.101830,0.615750,1.100732,0.799633,0.749450,3.304942,3.300363,0.797948,4.925840,4.935220,0.004274
69.000056,1,0.000000,0.221536,0.147365,0.000000,0.000000,0.179571,0.280092,0.580450,0.000061,0.000672,0.003114,0.016484,3.700704,3.355503,1.798777,1.112087,0.615750,1.104394,0.801098,0.749450,3.305857,3.300363,0.797655,4.924500,4.929860,0.004274
69.050056,1,0.000000,0.221536,0.147365,0.000000,0.000000,0.177619,0.279116,0.544730,0.000183,0.000672,0.003236,0.015995,3.711840,3.301682,1.797312,1.102929,0.616117,1.104394,0.800732,0.748913,3.305857,3.299447,0.798241,4.919140,4.939240,0.004274
69.100056,1,0.000000,0.214705,0.146390,0.000000,0.000000,0.178595,0.280092,0.580450,0.000305,0.000672,0.003236,0.016606,3.711840,3.293330,1.796824,1.106226,0.612820,1.104761,0.802930,0.748913,3.305857,3.300363,0.797948,4.925840,4.939240,0.004274
69.150055,1,0.000000,0.210801,0.146390,0.000000,0.000000,0.178595,0.279116,0.553660,0.000183,0.000672,0.003297,0.016239,3.715552,3.301682,1.797312,1.101464,0.616483,1.101098,0.800732,0.749450,3.304942,3.300363,0.797948,4.925840,4.936560,0.004274
69.200056,1,0.000000,0.212753,0.146390,0.000000,0.000000,0.180547,0.281068,0.580450,0.000305,0.000672,0.003297,0.016484,3.711840,3.301682,1.797312,1.107691,0.613919,1.103296,0.801831,0.750256,3.305857,3.299447,0.797948,4.921820,4.935220,0.004274
69.250055,1,0.000000,0.211777,0.147365,0.000000,0.000000,0.177619,0.282044,0.553660,0.000305,0.000549,0.003419,0.015995,3.704416,3.293330,1.798289,1.109889,0.615750,1.105127,0.800732,0.748644,3.305857,3.300363,0.797655,4.925840,4.929860,0.004274
69.300056,1,0.000000,0.213729,0.146390,0.000000,0.000000,0.180547,0.281068,0.580450,0.000061,0.000427,0.003358,0.016361,3.719264,3.293330,1.796824,1.104761,0.615018,1.100732,0.800732,0.748644,3.305857,3.300363,0.797948,4.925840,4.937900,0.004274
69.350056,1,0.000000,0.213729,0.147365,0.000000,0.000000,0.182499,0.280092,0.482220,0.000244,0.000549,0.003297,0.016606,3.710912,3.301682,1.798777,1.110622,0.601098,1.104394,0.801831,0.749987,3.305857,3.302194,0.797948,4.925840,4.937900,0.004274
69.400056,1,0.000000,0.213729,0.146390,0.000000,0.000000,0.178595,0.282044,0.580450,0.000305,0.000427,0.003114,0.016239,3.711840,3.298898,1.798289,1.107691,0.615750,1.102929,0.798900,0.748644,3.305857,3.299447,0.797948,4.924500,4.939240,0.004274
69.450055,1,0.000000,0.210801,0.145414,0.000000,0.000000,0.178595,0.281068,0.258970,0.000244,0.000672,0.003419,0.015751,3.711840,3.301682,1.798289,1.107691,0.615750,1.102929,0.800732,0.749450,3.306773,3.301279,0.797948,4.927180,4.941920,0.004274
69.500055,1,0.000000,0.212753,0.145414,0.000000,0.000000,0.200066,0.283020,0.580450,0.000061,0.000794,0.003297,0.016361,3.697920,3.292402,1.796824,1.107325,0.615018,1.102929,0.800732,0.749718,3.305857,3.299447,0.797948,4.925840,4.929860,0.004274
69.550055,1,0.000000,0.212753,0.147365,0.000000,0.000000,0.199090,0.283020,0.482220,0.000244,0.000549,0.003419,0.016606,3.703488,3.307249,1.797800,1.102197,0.615018,1.104028,0.800732,0.749181,3.305857,3.302194,0.797948,4.925840,4.939240,0.004274
69.600056,1,0.000976,0.214705,0.147365,0.000000,0.000000,0.179571,0.280092,0.580450,0.000183,0.000427,0.003358,0.015995,3.696993,3.311889,1.797800,1.104761,0.615018,1.104394,0.800732,0.749450,3.305857,3.299447,0.797655,4.924500,4.936560,0.004274
69.650056,1,0.000000,0.215681,0.146390,0.000000,0.000000,0.179571,0.283020,0.410780,0.000183,0.000672,0.003297,0.016239,3.710912,3.293330,1.796335,1.106226,0.616483,1.100732,0.799633,0.749181,3.306773,3.301279,0.798241,4.924500,4.935220,0.004274
69.700055,1,0.000000,0.213729,0.147365,0.000000,0.000000,0.179571,0.281068,0.580450,0.000305,0.000672,0.003236,0.016606,3.699776,3.298898,1.796824,1.107691,0.616483,1.102929,0.800732,0.749450,3.305857,3.300363,0.797948,4.917800,4.935220,0.004274
69.750056,1,0.000000,0.213729,0.146390,0.000000,0.000000,0.179571,0.280092,0.482220,0.000305,0.000427,0.003419,0.016606,3.726687,3.303538,1.798289,1.101464,0.615384,1.100732,0.799633,0.749987,3.304942,3.301279,0.797948,4.924500,4.937900,0.004274
69.800055,1,0.000000,0.219584,0.146390,0.000000,0.000000,0.178595,0.280092,0.580450,0.000183,0.000672,0.003236,0.016361,3.699776,3.299826,1.797800,1.104394,0.610988,1.104761,0.802930,0.749450,3.305857,3.302194,0.798241,4.919140,4.939240,0.004274
69.850056,1,0.000000,0.221536,0.146390,0.000000,0.000000,0.181523,0.281068,0.482220,0.000061,0.000672,0.003297,0.016361,3.710912,3.301682,1.798289,1.104761,0.615750,1.104761,0.799633,0.749181,3.305857,3.299447,0.797948,4.925840,4.937900,0.004274
69.900056,1,0.000000,0.212753,0.146390,0.000000,0.000000,0.178595,0.280092,0.580450,0.000183,0.000427,0.003358,0.016239,3.703488,3.301682,1.798289,1.101830,0.615750,1.105127,0.800732,0.749181,3.306773,3.302194,0.798241,4.919140,4.939240,0.004274
69.950056,1,0.000000,0.213729,0.146390,0.000000,0.000000,0.178595,0.279116,0.482220,0.000183,0.000549,0.003419,0.016239,3.715552,3.307249,1.797800,1.108790,0.616117,1.102929,0.801831,0.748913,3.306773,3.301279,0.797948,4.927180,4.935220,0.004274
70.000055,1,0.000000,0.214705,0.146390,0.000000,0.000000,0.178595,0.279116,0.580450,0.000061,0.000672,0.003297,0.015507,3.711840,3.301682,1.797800,1.101464,0.615018,1.101464,0.800732,0.749718,3.305857,3.299447,0.797948,4.920480,4.935220,0.004274
70.050056,1,0.000000,0.212753,0.146390,0.000000,0.000000,0.179571,0.279116,0.410780,0.000305,0.000672,0.003297,0.016361,3.710912,3.291474,1.798289,1.104761,0.615384,1.104394,0.801098,0.749450,3.306773,3.301279,0.797948,4.925840,4.939240,0.004274
70.100055,1,0.000000,0.214705,0.148341,0.000000,0.000000,0.178595,0.282044,0.580450,0.000427,0.000672,0.003358,0.016361,3.710912,3.301682,1.797312,1.106226,0.614651,1.104761,0.799633,0.749450,3.305857,3.300363,0.797948,4.923160,4.936560,0.004274
70.150056,1,0.000000,0.216657,0.146390,0.000000,0.000000,0.180547,0.281068,0.580450,0.000305,0.000549,0.003358,0.015995,3.721120,3.307249,1.798777,1.108058,0.616117,1.102929,0.800732,0.747032,3.306773,3.301279,0.797655,4.924500,4.939240,0.004274
70.200056,1,0.000000,0.212753,0.146390,0.000000,0.000000,0.190306,0.279116,0.580450,0.000305,0.000549,0.003419,0.016117,3.704416,3.301682,1.798289,1.102929,0.614651,1.100732,0.802930,0.749450,3.304942,3.301279,0.797948,4.925840,4.929860,0.004274
70.250056,1,0.000000,0.213729,0.146390,0.000000,0.000000,0.177619,0.282044,0.473290,0.000305,0.000672,0.003358,0.016239,3.711840,3.313745,1.796824,1.105494,0.617216,1.104761,0.801098,0.749450,3.304942,3.299447,0.797948,4.925840,4.939240,0.004274
70.300056,1,0.000000,0.210801,0.147365,0.000000,0.000000,0.179571,0.278140,0.571520,0.000305,0.000672,0.003358,0.016239,3.697920,3.327664,1.797312,1.107691,0.615384,1.101098,0.800365,0.749450,3.305857,3.300363,0.797948,4.921820,4.939240,0.004274
70.350056,1,0.000000,0.214705,0.145414,0.000000,0.000000,0.181523,0.282044,0.482220,0.000061,0.000672,0.003236,0.015995,3.699776,3.298898,1.798289,1.106226,0.601098,1.102929,0.801464,0.749450,3.304942,3.299447,0.797948,4.924500,4.929860,0.005128
70.400056,1,0.000000,0.211777,0.143462,0.000000,0.000000,0.179571,0.281068,0.580450,0.000244,0.000672,0.003419,0.015995,3.696993,3.295186,1.798777,1.107325,0.616483,1.102929,0.800732,0.748913,3.304942,3.299447,0.797948,4.925840,4.939240,0.004274
70.450055,1,0.000000,0.227392,0.146390,0.000000,0.000000,0.180547,0.281068,0.553660,0.000305,0.000672,0.003236,0.016361,3.719264,3.301682,1.797800,1.104394,0.615018,1.104761,0.800732,0.749450,3.304942,3.300363,0.797948,4.928520,4.935220,0.004274
70.500056,1,0.000976,0.230320,0.148341,0.000000,0.000000,0.179571,0.279116,0.580450,0.000183,0.001038,0.003297,0.015995,3.711840,3.307249,1.796824,1.101830,0.616117,1.101098,0.800732,0.748913,3.305857,3.300363,0.797948,4.925840,4.936560,0.004274
70.550055,1,0.000000,0.213729,0.147365,0.000000,0.000000,0.181523,0.281068,0.553660,0.000183,0.000672,0.003175,0.016239,3.715552,3.299826,1.798777,1.104394,0.616483,1.101098,0.801831,0.748913,3.306773,3.299447,0.797948,4.928520,4.939240,0.004274
70.600056,1,0.000000,0.212753,0.147365,0.000000,0.000000,0.181523,0.281068,0.580450,0.000305,0.000549,0.003419,0.016361,3.699776,3.298898,1.796824,1.102929,0.615750,1.104761,0.800732,0.748913,3.305857,3.299447,0.797948,4.925840,4.941920,0.004274
70.650055,1,0.000000,0.211777,0.145414,0.000000,0.000000,0.177619,0.281068,0.553660,0.000183,0.000427,0.003175,0.016606,3.719264,3.293330,1.798289,1.107691,0.616849,1.104761,0.802930,0.749718,3.306773,3.301279,0.798241,4.927180,4.935220,0.004274
70.700056,1,0.000000,0.211777,0.147365,0.000000,0.000000,0.177619,0.282044,0.580450,0.000183,0.000977,0.003297,0.016361,3.719264,3.310961,1.797312,1.107691,0.615384,1.100732,0.800365,0.749181,3.305857,3.300363,0.797948,4.925840,4.936560,0.004274
70.750055,1,0.000000,0.214705,0.145414,0.000000,0.000000,0.180547,0.281068,0.517940,0.000305,0.000672,0.003297,0.016239,3.698848,3.298898,1.797800,1.102929,0.616483,1.102929,0.800365,0.748913,3.304942,3.301279,0.797948,4.925840,4.939240,0.004274
70.800056,1,0.000000,0.271309,0.147365,0.000000,0.000000,0.190306,0.281068,0.580450,0.000305,0.000549,0.003419,0.015507,3.697920,3.327664,1.796824,1.101830,0.615750,1.104761,0.800732,0.749450,3.304942,3.301279,0.797655,4.928520,4.929860,0.004274
70.850056,1,0.000000,0.212753,0.146390,0.000000,0.000000,0.189330,0.281068,0.553660,0.000305,0.000672,0.003419,0.016606,3.700704,3.313745,1.797312,1.106226,0.616117,1.102929,0.800365,0.749181,3.303110,3.299447,0.798241,4.924500,4.939240,0.004274
70.900056,1,0.000000,0.214705,0.145414,0.000000,0.000000,0.178595,0.280092,0.580450,0.000305,0.000672,0.003419,0.016606,3.703488,3.295186,1.798777,1.101830,0.613919,1.102929,0.800732,0.749450,3.307689,3.301279,0.797948,4.925840,4.939240,0.004274
70.950056,1,0.000000,0.211777,0.147365,0.000000,0.000000,0.178595,0.281068,0.473290,0.000183,0.000427,0.003419,0.016606,3.719264,3.293330,1.798289,1.109156,0.615750,1.104028,0.801098,0.749181,3.305857,3.300363,0.797948,4.925840,4.935220,0.004274
71.000056,1,0.000000,0.228368,0.145414,0.000000,0.000000,0.177619,0.281068,0.589380,0.000305,0.000672,0.003297,0.016484,3.726687,3.294258,1.797312,1.102197,0.616117,1.100732,0.798900,0.749450,3.304942,3.300363,0.797948,4.928520,4.936560,0.004274
71.050056,1,0.000000,0.215681,0.146390,0.000000,0.000000,0.179571,0.280092,0.410780,0.000244,0.000672,0.003419,0.016606,3.703488,3.295186,1.798289,1.101830,0.616849,1.104394,0.800732,0.749181,3.307689,3.300363,0.797948,4.925840,4.940580,0.004274
71.100056,1,0.000000,0.226416,0.147365,0.000000,0.000000,0.180547,0.280092,0.571520,0.000305,0.000672,0.003297,0.015995,3.713696,3.313745,1.798289,1.102197,0.615750,1.101098,0.800732,0.749450,3.307689,3.301279,0.797948,4.907080,4.936560,0.004274
71.150056,1,0.000000,0.214705,0.148341,0.000000,0.000000,0.177619,0.282044,0.580450,0.000183,0.000672,0.003297,0.015995,3.711840,3.301682,1.796824,1.101830,0.616483,1.104761,0.800732,0.749181,3.305857,3.302194,0.798241,4.928520,4.935220,0.004274
71.200056,1,0.000000,0.215681,0.145414,0.000000,0.000000,0.178595,0.281068,0.580450,0.000305,0.000672,0.003297,0.016117,3.701632,3.298898,1.798289,1.104761,0.616483,1.102929,0.800732,0.749450,3.305857,3.300363,0.798241,4.919140,4.939240,0.004274
71.250056,1,0.000000,0.210801,0.144438,0.000000,0.000000,0.179571,0.281068,0.482220,0.000061,0.000427,0.003297,0.015995,3.699776,3.327664,1.796824,1.104761,0.616117,1.100732,0.801831,0.749181,3.306773,3.299447,0.798241,4.924500,4.941920,0.004274
71.300056,1,0.000000,0.216657,0.146390,0.000000,0.000000,0.181523,0.281068,0.589380,0.000183,0.000672,0.003297,0.016361,3.699776,3.293330,1.797312,1.105494,0.616849,1.101098,0.801098,0.749987,3.305857,3.302194,0.798241,4.924500,4.936560,0.004274
71.350056,1,0.000000,0.210801,0.146390,0.000000,0.000000,0.178595,0.280092,0.303620,0.000305,0.000549,0.003114,0.016484,3.710912,3.298898,1.798777,1.101464,0.601098,1.104761,0.800732,0.749450,3.304942,3.300363,0.797948,4.924500,4.929860,0.005128
71.400055,1,0.000000,0.210801,0.181523,0.000000,0.000000,0.178595,0.282044,0.580450,0.000183,0.000427,0.003419,0.016606,3.710912,3.355503,1.796824,1.110622,0.615750,1.104394,0.799633,0.752136,3.305857,3.299447,0.797948,4.925840,4.929860,0.005128
71.450056,1,0.000000,0.210801,0.148341,0.000000,0.000000,0.191282,0.278140,0.258970,0.000183,0.000672,0.003236,0.016361,3.697920,3.295186,1.796824,1.101830,0.616117,1.102197,0.800732,0.749718,3.304942,3.299447,0.797948,4.928520,4.935220,0.004274
71.500055,1,0.000000,0.212753,0.145414,0.000000,0.000000,0.189330,0.281068,0.589380,0.000305,0.000549,0.003358,0.016117,3.719264,3.293330,1.798289,1.104761,0.614651,1.104394,0.800732,0.749450,3.307689,3.299447,0.797948,4.907080,4.939240,0.004274
71.550055,1,0.000000,0.210801,0.148341,0.000000,0.000000,0.178595,0.281068,0.544730,0.000305,0.000549,0.003419,0.016239,3.699776,3.307249,1.797800,1.107691,0.616483,1.100732,0.800732,0.749181,3.305857,3.301279,0.797948,4.928520,4.937900,0.004274
71.600056,1,0.000000,0.211777,0.143462,0.000000,0.000000,0.178595,0.278140,0.580450,0.000183,0.000672,0.003236,0.016606,3.711840,3.295186,1.797312,1.107325,0.616483,1.104761,0.798900,0.749987,3.306773,3.301279,0.797948,4.919140,4.935220,0.004274
71.650056,1,0.000000,0.213729,0.147365,0.000000,0.000000,0.180547,0.281068,0.517940,0.000305,0.000672,0.003297,0.016606,3.699776,3.301682,1.797312,1.107691,0.615018,1.102929,0.799267,0.749181,3.305857,3.300363,0.798241,4.924500,4.932540,0.004274
71.700056,1,0.000000,0.212753,0.143462,0.000000,0.000000,0.177619,0.282044,0.580450,0.000366,0.000672,0.003297,0.016117,3.701632,3.298898,1.798777,1.101830,0.615384,1.104394,0.800365,0.752136,3.305857,3.299447,0.797948,4.923160,4.939240,0.004274
71.750056,1,0.000000,0.227392,0.146390,0.000000,0.000000,0.181523,0.279116,0.401850,0.000305,0.000672,0.003297,0.016606,3.719264,3.298898,1.797800,1.102197,0.614651,1.104394,0.800732,0.749450,3.305857,3.300363,0.797948,4.925840,4.939240,0.004274
71.800055,1,0.000000,0.221536,0.148341,0.000000,0.000000,0.180547,0.282044,0.571520,0.000244,0.000549,0.003358,0.016117,3.704416,3.297970,1.796824,1.101830,0.615750,1.102929,0.801831,0.749450,3.305857,3.300363,0.797948,4.919140,4.935220,0.004274
71.850056,1,0.000000,0.213729,0.144438,0.000000,0.000000,0.180547,0.281068,0.509010,0.000305,0.000672,0.003236,0.016117,3.696993,3.293330,1.798289,1.102929,0.615384,1.102197,0.800732,0.748913,3.305857,3.299447,0.798241,4.925840,4.939240,0.004274
71.900056,1,0.000000,0.214705,0.146390,0.000000,0.000000,0.180547,0.282044,0.589380,0.000305,0.000549,0.003419,0.016239,3.711840,3.292402,1.797800,1.102197,0.613919,1.102929,0.799633,0.749987,3.305857,3.300363,0.798241,4.923160,4.939240,0.004274
71.950056,1,0.000000,0.213729,0.146390,0.000000,0.000000,0.178595,0.282044,0.473290,0.000305,0.000549,0.003297,0.016117,3.710912,3.301682,1.797312,1.107691,0.615750,1.103296,0.800365,0.748644,3.306773,3.299447,0.797948,4.924500,4.939240,0.004274
72.000056,1,0.000000,0.210801,0.146390,0.000000,0.000000,0.178595,0.278140,0.580450,0.000183,0.000549,0.003358,0.016484,3.698848,3.311889,1.796824,1.102929,0.616117,1.102563,0.800732,0.748913,3.304942,3.301279,0.797948,4.921820,4.936560,0.004274
72.050056,1,0.000000,0.212753,0.147365,0.000000,0.000000,0.179571,0.283020,0.473290,0.000305,0.000672,0.003297,0.015995,3.711840,3.297970,1.798289,1.106226,0.615018,1.104761,0.801464,0.749181,3.304942,3.300363,0.797655,4.928520,4.933880,0.004274
72.100056,1,0.000000,0.216657,0.146390,0.000000,0.000000,0.189330,0.280092,0.580450,0.000305,0.000549,0.003297,0.016606,3.715552,3.313745,1.797800,1.107691,0.615384,1.100732,0.800732,0.749718,3.305857,3.302194,0.798241,4.919140,4.936560,0.004274
72.150056,1,0.000000,0.212753,0.144438,0.000000,0.000000,0.190306,0.279116,0.482220,0.000305,0.000549,0.003297,0.015995,3.704416,3.293330,1.798289,1.101830,0.616117,1.104394,0.799633,0.749718,3.305857,3.300363,0.798241,4.919140,4.939240,0.004274
72.200055,1,0.000000,0.211777,0.146390,0.000000,0.000000,0.178595,0.279116,0.580450,0.000244,0.000549,0.003358,0.016606,3.710912,3.301682,1.796824,1.104394,0.616483,1.106226,0.800732,0.748913,3.304942,3.301279,0.797948,4.924500,4.935220,0.004274
72.250056,1,0.000000,0.213729,0.146390,0.000000,0.000000,0.177619,0.280092,0.517940,0.000305,0.000427,0.003297,0.015751,3.699776,3.289618,1.797312,1.104761,0.615750,1.105127,0.800732,0.749718,3.305857,3.300363,0.798241,4.925840,4.929860,0.004274
72.300056,1,0.000000,0.212753,0.145414,0.000000,0.000000,0.176643,0.282044,0.580450,0.000305,0.000549,0.003297,0.016361,3.701632,3.301682,1.798777,1.107691,0.616117,1.101098,0.800732,0.749450,3.306773,3.300363,0.797948,4.924500,4.935220,0.004274
72.350056,1,0.000000,0.212753,0.146390,0.000000,0.000000,0.178595,0.281068,0.482220,0.000305,0.000672,0.003419,0.016117,3.711840,3.295186,1.796824,1.107691,0.600366,1.104761,0.801464,0.748644,3.305857,3.299447,0.798241,4.924500,4.941920,0.004274
72.400056,1,0.000000,0.220560,0.147365,0.000000,0.000000,0.178595,0.280092,0.580450,0.000244,0.000549,0.003358,0.016117,3.713696,3.311889,1.796824,1.102929,0.615750,1.101098,0.801098,0.749181,3.307689,3.302194,0.798241,4.925840,4.937900,0.004274
72.450056,1,0.000000,0.219584,0.148341,0.000000,0.000000,0.181523,0.280092,0.553660,0.000305,0.000549,0.003419,0.016484,3.710912,3.327664,1.797800,1.110622,0.615750,1.104394,0.800732,0.749987,3.306773,3.300363,0.797948,4.927180,4.937900,0.004274
72.500056,1,0.000000,0.214705,0.146390,0.000000,0.000000,0.177619,0.281068,0.580450,0.000305,0.000672,0.003419,0.016117,3.726687,3.301682,1.798289,1.110622,0.616483,1.104028,0.801098,0.748644,3.304942,3.300363,0.797948,4.925840,4.935220,0.004274
72.550055,1,0.000000,0.214705,0.145414,0.000000,0.000000,0.178595,0.279116,0.544730,0.000183,0.000672,0.003114,0.016117,3.700704,3.298898,1.798289,1.104761,0.615750,1.104028,0.799633,0.749181,3.306773,3.301279,0.797948,4.927180,4.941920,0.004274
72.600056,1,0.000000,0.213729,0.146390,0.000000,0.000000,0.177619,0.280092,0.589380,0.000305,0.000427,0.003297,0.016606,3.711840,3.307249,1.798777,1.104028,0.616483,1.102563,0.800732,0.749181,3.304942,3.300363,0.797948,4.925840,4.929860,0.005128
72.650055,1,0.000000,0.214705,0.146390,0.000000,0.000000,0.177619,0.280092,0.517940,0.000305,0.000549,0.003419,0.015995,3.711840,3.303538,1.798289,1.109889,0.616483,1.103296,0.802930,0.749450,3.306773,3.300363,0.797948,4.925840,4.939240,0.004274
72.700056,1,0.000000,0.212753,0.147365,0.000000,0.000000,0.178595,0.282044,0.580450,0.000305,0.000549,0.003297,0.016117,3.711840,3.311889,1.798289,1.101464,0.615018,1.101098,0.800732,0.749450,3.304942,3.300363,0.798241,4.921820,4.935220,0.004274
72.750056,1,0.000000,0.211777,0.145414,0.000000,0.000000,0.190306,0.282044,0.410780,0.000183,0.000427,0.003419,0.016117,3.711840,3.293330,1.798289,1.102563,0.616483,1.104761,0.801831,0.749181,3.306773,3.302194,0.797655,4.924500,4.939240,0.004274
72.800056,1,0.000000,0.213729,0.146390,0.000000,0.000000,0.190306,0.278140,0.580450,0.000183,0.000672,0.003358,0.016606,3.711840,3.293330,1.798289,1.104761,0.615750,1.104394,0.801831,0.748913,3.306773,3.300363,0.798241,4.924500,4.939240,0.004274
72.850056,1,0.000000,0.216657,0.144438,0.000000,0.000000,0.177619,0.282044,0.267900,0.000305,0.000549,0.003236,0.016361,3.699776,3.293330,1.797800,1.107691,0.616117,1.104761,0.800365,0.749450,3.305857,3.300363,0.798241,4.928520,4.935220,0.004274
72.900055,1,0.000000,0.214705,0.144438,0.000000,0.000000,0.178595,0.281068,0.580450,0.000183,0.000549,0.003419,0.016361,3.711840,3.303538,1.796824,1.102929,0.617948,1.102929,0.801098,0.752136,3.307689,3.302194,0.798241,4.919140,4.939240,0.004274
72.950055,1,0.000000,0.214705,0.146390,0.000000,0.000000,0.179571,0.281068,0.482220,0.000183,0.000672,0.003236,0.016239,3.711840,3.301682,1.798289,1.109156,0.616483,1.104394,0.800732,0.749450,3.305857,3.302194,0.798241,4.924500,4.935220,0.004274
73.000056,1,0.000000,0.212753,0.146390,0.000000,0.000000,0.179571,0.280092,0.580450,0.000244,0.000549,0.003358,0.016239,3.713696,3.325809,1.797800,1.101464,0.616483,1.104761,0.800365,0.749181,3.305857,3.300363,0.798241,4.924500,4.935220,0.004274
73.050055,1,0.000000,0.220560,0.146390,0.000000,0.000000,0.179571,0.278140,0.267900,0.000244,0.000672,0.003358,0.016606,3.711840,3.293330,1.798289,1.106226,0.609523,1.101098,0.799633,0.749718,3.305857,3.302194,0.798241,4.919140,4.939240,0.004274
73.100055,1,0.001952,0.215681,0.146390,0.000000,0.000000,0.177619,0.282044,0.580450,0.000305,0.000549,0.003419,0.015995,3.711840,3.303538,1.797312,1.104761,0.616483,1.104394,0.799633,0.749718,3.306773,3.302194,0.797948,4.924500,4.941920,0.004274
73.150056,1,0.000000,0.216657,0.145414,0.000000,0.000000,0.179571,0.279116,0.473290,0.000305,0.000549,0.003297,0.016606,3.703488,3.292402,1.798289,1.102197,0.616483,1.104761,0.800732,0.749450,3.305857,3.300363,0.797948,4.919140,4.939240,0.004274
73.200056,1,0.000000,0.220560,0.145414,0.000000,0.000000,0.179571,0.287899,0.598310,0.000305,0.000549,0.003358,0.016850,3.704416,3.297970,1.797800,1.101464,0.614651,1.104761,0.799633,0.749450,3.307689,3.300363,0.797948,4.928520,4.935220,0.004274
73.250056,1,0.000000,0.211777,0.144438,0.000000,0.000000,0.178595,0.280092,0.580450,0.000305,0.000549,0.003297,0.016606,3.715552,3.307249,1.798289,1.110622,0.615750,1.104028,0.799633,0.749450,3.304942,3.299447,0.797948,4.925840,4.939240,0.004274
73.300056,1,0.000000,0.213729,0.144438,0.000000,0.000000,0.181523,0.281068,0.580450,0.000305,0.000672,0.003236,0.016117,3.711840,3.311889,1.798289,1.107691,0.616117,1.103296,0.801464,0.748644,3.305857,3.301279,0.797948,4.924500,4.940580,0.004274
73.350056,1,0.000000,0.214705,0.146390,0.000000,0.000000,0.180547,0.282044,0.544730,0.000183,0.000427,0.003236,0.016239,3.711840,3.293330,1.798289,1.107691,0.601465,1.104761,0.799633,0.748913,3.304942,3.300363,0.797948,4.915120,4.936560,0.004274
73.400056,1,0.000000,0.212753,0.147365,0.000000,0.000000,0.187379,0.279116,0.580450,0.000183,0.000427,0.003358,0.016239,3.711840,3.327664,1.796824,1.104394,0.615384,1.106226,0.800732,0.749450,3.306773,3.302194,0.797948,4.921820,4.932540,0.005128
73.450056,1,0.000000,0.214705,0.144438,0.000000,0.000000,0.190306,0.282044,0.544730,0.000183,0.000672,0.003114,0.016239,3.711840,3.357359,1.796335,1.110622,0.614285,1.104761,0.801098,0.748644,3.304942,3.300363,0.797948,4.924500,4.939240,0.004274
73.500055,1,0.000000,0.214705,0.144438,0.000000,0.000000,0.178595,0.281068,0.580450,0.000305,0.000549,0.003358,0.016239,3.710912,3.327664,1.796824,1.104394,0.616117,1.102929,0.799633,0.747301,3.305857,3.301279,0.797948,4.928520,4.939240,0.004274
73.550056,1,0.000000,0.214705,0.146390,0.000000,0.000000,0.179571,0.281068,0.544730,0.000061,0.000672,0.003358,0.016361,3.711840,3.301682,1.797800,1.110622,0.615018,1.104761,0.800732,0.749450,3.305857,3.300363,0.797948,4.928520,4.939240,0.004274
73.600055,1,0.000000,0.213729,0.146390,0.000000,0.000000,0.180547,0.277164,0.589380,0.000244,0.000549,0.003358,0.016606,3.699776,3.298898,1.797800,1.106226,0.616117,1.100732,0.801098,0.749450,3.304942,3.300363,0.797948,4.925840,4.939240,0.004274
73.650056,1,0.000000,0.213729,0.146390,0.000000,0.000000,0.179571,0.280092,0.544730,0.000183,0.000427,0.003297,0.016606,3.711840,3.355503,1.796824,1.101830,0.615750,1.102929,0.801831,0.749181,3.305857,3.299447,0.797948,4.925840,4.936560,0.004274
73.700055,1,0.000000,0.219584,0.145414,0.000000,0.000000,0.179571,0.283996,0.580450,0.000305,0.000672,0.003236,0.016606,3.719264,3.291474,1.798289,1.104028,0.617216,1.102929,0.800732,0.748913,3.304026,3.300363,0.797948,4.925840,4.935220,0.004274
73.750056,1,0.000000,0.220560,0.145414,0.000000,0.000000,0.180547,0.280092,0.544730,0.000305,0.000549,0.003358,0.015995,3.711840,3.327664,1.796824,1.105494,0.615018,1.102929,0.802930,0.752136,3.306773,3.301279,0.797948,4.924500,4.936560,0.004274
73.800055,1,0.000000,0.212753,0.144438,0.000000,0.000000,0.178595,0.276188,0.580450,0.000549,0.000549,0.003297,0.016484,3.711840,3.291474,1.797312,1.102563,0.616849,1.100732,0.800365,0.748644,3.306773,3.300363,0.797655,4.924500,4.939240,0.004274
73.850056,1,0.000000,0.217632,0.147365,0.000000,0.000000,0.177619,0.281068,0.553660,0.000305,0.000549,0.003236,0.016239,3.699776,3.294258,1.797312,1.109156,0.615384,1.104761,0.799633,0.749450,3.304942,3.300363,0.797948,4.928520,4.935220,0.004274
73.900055,1,0.000000,0.213729,0.145414,0.000000,0.000000,0.179571,0.281068,0.580450,0.000244,0.000549,0.003236,0.016361,3.699776,3.301682,1.798289,1.104761,0.611721,1.105127,0.800732,0.749450,3.305857,3.299447,0.797948,4.927180,4.937900,0.005128
73.950056,1,0.000000,0.213729,0.144438,0.000000,0.000000,0.177619,0.281068,0.544730,0.000366,0.000427,0.003297,0.016361,3.699776,3.298898,1.797800,1.104761,0.615750,1.104028,0.800732,0.749718,3.305857,3.302194,0.798241,4.925840,4.937900,0.004274
74.000055,1,0.000000,0.212753,0.144438,0.000000,0.000000,0.178595,0.280092,0.580450,0.000183,0.000672,0.003419,0.016239,3.699776,3.295186,1.797312,1.109156,0.616483,1.104761,0.802930,0.749450,3.304942,3.300363,0.797655,4.925840,4.939240,0.004274
74.050056,1,0.000000,0.210801,0.145414,0.000000,0.000000,0.190306,0.280092,0.553660,0.000305,0.000549,0.003419,0.016484,3.711840,3.307249,1.797312,1.101464,0.615018,1.104394,0.799633,0.749718,3.305857,3.300363,0.797948,4.927180,4.941920,0.004274
74.100055,1,0.000000,0.214705,0.146390,0.000000,0.000000,0.190306,0.282044,0.580450,0.000305,0.000672,0.003297,0.016606,3.713696,3.297970,1.798289,1.107325,0.615750,1.104761,0.801098,0.748913,3.306773,3.299447,0.797655,4.924500,4.937900,0.004274
74.150056,1,0.000000,0.213729,0.145414,0.000000,0.000000,0.177619,0.282044,0.544730,0.000183,0.001038,0.003419,0.016239,3.710912,3.295186,1.798289,1.101464,0.615018,1.104394,0.800365,0.749181,3.305857,3.300363,0.797948,4.928520,4.939240,0.004274
74.200055,1,0.000000,0.213729,0.146390,0.000000,0.000000,0.178595,0.282044,0.580450,0.000183,0.000549,0.003419,0.015751,3.703488,3.301682,1.798777,1.104761,0.616483,1.101464,0.799633,0.749450,3.304942,3.299447,0.797948,4.925840,4.937900,0.005128
74.250056,1,0.000000,0.211777,0.144438,0.000000,0.000000,0.191282,0.281068,0.580450,0.000305,0.000672,0.003114,0.016484,3.711840,3.313745,1.797800,1.101830,0.616117,1.104394,0.800732,0.749181,3.304942,3.300363,0.797948,4.927180,4.939240,0.004274
74.300055,1,0.000000,0.215681,0.144438,0.000000,0.000000,0.182499,0.281068,0.580450,0.000183,0.000427,0.003114,0.016117,3.711840,3.291474,1.798289,1.104761,0.616483,1.101098,0.800732,0.748644,3.305857,3.300363,0.797948,4.919140,4.937900,0.004274
74.350056,1,0.000000,0.221536,0.145414,0.000000,0.000000,0.179571,0.281068,0.473290,0.000244,0.000549,0.003358,0.016361,3.697920,3.298898,1.797800,1.107691,0.606593,1.100732,0.800365,0.750524,3.304942,3.300363,0.797948,4.928520,4.941920,0.005128
74.400055,1,0.000000,0.221536,0.148341,0.000000,0.000000,0.177619,0.281068,0.580450,0.000305,0.000672,0.003419,0.016117,3.703488,3.298898,1.798289,1.101464,0.616117,1.102197,0.801464,0.748913,3.305857,3.299447,0.797948,4.921820,4.935220,0.004274
74.450057,1,0.000000,0.212753,0.147365,0.000000,0.000000,0.179571,0.281068,0.544730,0.000183,0.000427,0.003358,0.016239,3.704416,3.293330,1.797312,1.108424,0.615750,1.102929,0.801831,0.748913,3.305857,3.300363,0.798241,4.925840,4.936560,0.004274
74.500055,1,0.000000,0.210801,0.144438,0.000000,0.000000,0.177619,0.282044,0.580450,0.000244,0.000549,0.003419,0.016484,3.711840,3.299826,1.797312,1.102929,0.616483,1.102929,0.802930,0.748913,3.305857,3.299447,0.797948,4.925840,4.939240,0.004274
74.550056,1,0.000000,0.215681,0.145414,0.000000,0.000000,0.178595,0.279116,0.553660,0.000305,0.000549,0.003419,0.015995,3.704416,3.301682,1.796824,1.101830,0.616483,1.105127,0.800732,0.748913,3.305857,3.302194,0.797948,4.928520,4.935220,0.004274
74.600055,1,0.000000,0.215681,0.146390,0.000000,0.000000,0.177619,0.280092,0.580450,0.000305,0.000549,0.003358,0.015995,3.711840,3.301682,1.798289,1.107691,0.616849,1.105127,0.801464,0.748913,3.304942,3.299447,0.797948,4.925840,4.939240,0.004274
74.650056,1,0.000000,0.215681,0.147365,0.000000,0.000000,0.179571,0.280092,0.473290,0.000305,0.000549,0.003419,0.015751,3.711840,3.301682,1.797800,1.107325,0.615384,1.102929,0.799633,0.748913,3.305857,3.300363,0.797655,4.928520,4.935220,0.004274
74.700056,1,0.000000,0.212753,0.145414,0.000000,0.000000,0.190306,0.280092,0.580450,0.000244,0.000549,0.003297,0.016239,3.699776,3.295186,1.798289,1.104394,0.615018,1.100732,0.801098,0.748644,3.305857,3.300363,0.798241,4.919140,4.935220,0.004274
74.750055,1,0.000000,0.211777,0.147365,0.000000,0.000000,0.189330,0.280092,0.473290,0.000183,0.000672,0.003358,0.016117,3.711840,3.293330,1.798289,1.102197,0.615018,1.104028,0.799633,0.748913,3.304942,3.299447,0.797948,4.925840,4.937900,0.004274
74.800056,1,0.000000,0.212753,0.144438,0.000000,0.000000,0.178595,0.282044,0.580450,0.000305,0.000672,0.003419,0.016606,3.710912,3.292402,1.798289,1.107325,0.616483,1.102929,0.800732,0.749718,3.305857,3.301279,0.797948,4.919140,4.935220,0.004274
74.850055,1,0.000000,0.213729,0.146390,0.000000,0.000000,0.179571,0.279116,0.473290,0.000061,0.000427,0.003236,0.016606,3.699776,3.311889,1.798289,1.109889,0.615018,1.101098,0.800732,0.749181,3.307689,3.300363,0.798241,4.928520,4.940580,0.004274
74.900056,1,0.000000,0.211777,0.146390,0.000000,0.000000,0.179571,0.281068,0.580450,0.000305,0.000549,0.003358,0.017582,3.726687,3.298898,1.798289,1.104761,0.616483,1.100732,0.800732,0.756434,3.305857,3.300363,0.797948,4.928520,4.939240,0.004274
74.950055,1,0.000000,0.215681,0.147365,0.000000,0.000000,0.178595,0.278140,0.482220,0.000183,0.000977,0.003297,0.016361,3.704416,3.301682,1.797800,1.102197,0.615750,1.104394,0.800732,0.749181,3.304942,3.299447,0.797948,4.924500,4.939240,0.004274
75.000056,1,0.000000,0.222512,0.147365,0.000000,0.000000,0.177619,0.281068,0.571520,0.000244,0.000549,0.003297,0.015995,3.711840,3.301682,1.798289,1.102197,0.615750,1.104761,0.799633,0.749450,3.305857,3.302194,0.798241,4.924500,4.935220,0.004274
75.050055,1,0.000000,0.222512,0.145414,0.000000,0.000000,0.180547,0.279116,0.258970,0.000305,0.000672,0.003297,0.016606,3.697920,3.292402,1.797800,1.102929,0.617582,1.101098,0.800365,0.748913,3.304026,3.299447,0.797948,4.925840,4.935220,0.004274
75.100056,1,0.000000,0.212753,0.146390,0.000000,0.000000,0.179571,0.282044,0.580450,0.000305,0.000549,0.003297,0.016117,3.710912,3.301682,1.797312,1.106226,0.617582,1.102929,0.799267,0.749718,3.304942,3.299447,0.797948,4.925840,4.935220,0.004274
75.150055,1,0.000000,0.214705,0.146390,0.000000,0.000000,0.180547,0.280092,0.482220,0.000305,0.000977,0.003297,0.016728,3.711840,3.292402,1.798289,1.104028,0.614285,1.100365,0.799633,0.749450,3.305857,3.299447,0.797948,4.928520,4.937900,0.004274
75.200056,1,0.000000,0.212753,0.148341,0.000000,0.000000,0.179571,0.281068,0.580450,0.000183,0.000672,0.003419,0.016606,3.711840,3.298898,1.796824,1.104394,0.616483,1.105127,0.799633,0.749181,3.305857,3.300363,0.798241,4.924500,4.935220,0.005128
75.250055,1,0.000000,0.209825,0.146390,0.000000,0.000000,0.179571,0.281068,0.401850,0.000305,0.000549,0.003419,0.016606,3.700704,3.311889,1.797312,1.101464,0.615750,1.105127,0.801098,0.749181,3.305857,3.302194,0.798241,4.924500,4.939240,0.003419
75.300056,1,0.000000,0.214705,0.148341,0.000000,0.000000,0.178595,0.281068,0.580450,0.000305,0.000733,0.003358,0.016484,3.699776,3.327664,1.796824,1.101830,0.616117,1.104761,0.800365,0.749718,3.305857,3.300363,0.797948,4.928520,4.939240,0.004274
75.350055,1,0.000000,0.211777,0.145414,0.000000,0.000000,0.188355,0.280092,0.482220,0.000061,0.000427,0.003358,0.016484,3.703488,3.295186,1.796824,1.104394,0.604029,1.102929,0.800732,0.749181,3.304942,3.300363,0.797948,4.925840,4.935220,0.004274
75.400056,1,0.000000,0.213729,0.147365,0.000000,0.000000,0.183475,0.279116,0.580450,0.000183,0.000427,0.003297,0.016361,3.711840,3.357359,1.796824,1.106226,0.613919,1.104761,0.800365,0.749181,3.306773,3.299447,0.797948,4.925840,4.936560,0.005128
75.450055,1,0.000000,0.214705,0.146390,0.000000,0.000000,0.178595,0.281068,0.553660,0.000183,0.000672,0.003236,0.016484,3.704416,3.301682,1.794870,1.101464,0.615750,1.104394,0.799633,0.749987,3.305857,3.299447,0.797655,4.928520,4.937900,0.004274
75.500056,1,0.000000,0.214705,0.145414,0.000000,0.000000,0.177619,0.281068,0.589380,0.000183,0.000549,0.003419,0.016117,3.713696,3.327664,1.797312,1.107691,0.613552,1.102929,0.799633,0.750524,3.305857,3.300363,0.797948,4.925840,4.927180,0.004274
75.550056,1,0.000000,0.212753,0.146390,0.000000,0.000000,0.178595,0.280092,0.526870,0.000183,0.000427,0.003358,0.015995,3.719264,3.311889,1.798289,1.104761,0.616483,1.100732,0.798900,0.748913,3.304942,3.300363,0.797948,4.925840,4.939240,0.004274
75.600056,1,0.000000,0.211777,0.146390,0.000000,0.000000,0.178595,0.280092,0.580450,0.000244,0.000672,0.003419,0.016606,3.711840,3.295186,1.796335,1.106226,0.613552,1.100732,0.801464,0.749181,3.306773,3.299447,0.797948,4.928520,4.935220,0.004274
75.650056,1,0.000000,0.220560,0.145414,0.000000,0.000000,0.180547,0.280092,0.473290,0.000305,0.000672,0.003297,0.016117,3.711840,3.298898,1.797312,1.103662,0.617582,1.104394,0.800732,0.747569,3.305857,3.301279,0.797948,4.925840,4.939240,0.004274
75.700056,1,0.000000,0.218608,0.146390,0.000000,0.000000,0.177619,0.281068,0.580450,0.000305,0.000549,0.003358,0.016361,3.710912,3.293330,1.798289,1.107691,0.614651,1.106226,0.801831,0.749450,3.307689,3.301279,0.797948,4.928520,4.935220,0.004274
75.750055,1,0.000000,0.212753,0.145414,0.000000,0.000000,0.176643,0.279116,0.401850,0.000244,0.000549,0.003114,0.016361,3.711840,3.327664,1.796824,1.101464,0.616849,1.102929,0.801464,0.749450,3.306773,3.299447,0.797948,4.925840,4.939240,0.004274
75.800055,1,0.000000,0.211777,0.146390,0.000000,0.000000,0.179571,0.280092,0.580450,0.000183,0.000672,0.003358,0.015995,3.703488,3.298898,1.796824,1.104761,0.615018,1.104394,0.802930,0.749450,3.305857,3.300363,0.797362,4.919140,4.935220,0.004274
75.850056,1,0.000000,0.212753,0.147365,0.000000,0.000000,0.179571,0.279116,0.473290,0.000183,0.000427,0.003419,0.016606,3.711840,3.294258,1.798289,1.102563,0.615750,1.101464,0.800732,0.748644,3.305857,3.300363,0.798241,4.925840,4.939240,0.004274
75.900056,1,0.000000,0.212753,0.145414,0.000000,0.000000,0.179571,0.281068,0.580450,0.000244,0.000549,0.003419,0.016484,3.719264,3.293330,1.798289,1.101830,0.615018,1.102929,0.800732,0.749450,3.304942,3.300363,0.797948,4.923160,4.940580,0.004274
75.950056,1,0.000000,0.212753,0.145414,0.000000,0.000000,0.180547,0.281068,0.258970,0.000183,0.000672,0.003297,0.016484,3.697920,3.311889,1.797312,1.102563,0.609889,1.104394,0.799633,0.749181,3.305857,3.299447,0.797655,4.924500,4.939240,0.004274
76.000056,1,0.000000,0.210801,0.146390,0.000000,0.000000,0.178595,0.280092,0.580450,0.000305,0.000672,0.003236,0.015751,3.711840,3.293330,1.799266,1.101464,0.613186,1.104761,0.799633,0.748644,3.305857,3.300363,0.797948,4.927180,4.939240,0.004274
76.050056,1,0.000000,0.214705,0.144438,0.000000,0.000000,0.179571,0.280092,0.473290,0.000305,0.000672,0.003297,0.016361,3.719264,3.299826,1.798289,1.108424,0.615750,1.102929,0.801464,0.749987,3.305857,3.300363,0.797948,4.928520,4.939240,0.004274
76.100055,1,0.000000,0.210801,0.148341,0.000000,0.000000,0.179571,0.280092,0.580450,0.000244,0.000549,0.003419,0.016606,3.699776,3.292402,1.798289,1.103296,0.615750,1.102197,0.799633,0.749450,3.307689,3.300363,0.797948,4.925840,4.935220,0.004274
76.150056,1,0.000000,0.213729,0.148341,0.000000,0.000000,0.184451,0.280092,0.473290,0.000244,0.000672,0.003297,0.016239,3.719264,3.289618,1.797312,1.102197,0.617582,1.106226,0.801098,0.749450,3.306773,3.301279,0.797948,4.927180,4.935220,0.004274
76.200056,1,0.000000,0.211777,0.146390,0.000000,0.000000,0.183475,0.281068,0.580450,0.000183,0.000549,0.003297,0.015507,3.700704,3.297970,1.797800,1.104761,0.616117,1.104028,0.800732,0.749181,3.304942,3.299447,0.797948,4.925840,4.939240,0.004274
76.250055,1,0.000000,0.213729,0.145414,0.000000,0.000000,0.180547,0.279116,0.473290,0.000183,0.000672,0.003297,0.016117,3.711840,3.295186,1.798289,1.102197,0.615750,1.102197,0.799633,0.749181,3.306773,3.299447,0.797655,4.924500,4.939240,0.004274
76.300056,1,0.000000,0.213729,0.146390,0.000000,0.000000,0.175667,0.282044,0.580450,0.000305,0.000672,0.003419,0.017582,3.711840,3.293330,1.798289,1.107691,0.616117,1.104394,0.801098,0.748913,3.307689,3.300363,0.798241,4.919140,4.936560,0.004274
76.350056,1,0.000000,0.219584,0.147365,0.000000,0.000000,0.179571,0.280092,0.482220,0.000305,0.000672,0.003297,0.016239,3.710912,3.298898,1.798289,1.102197,0.600366,1.102197,0.801098,0.749181,3.305857,3.302194,0.798241,4.924500,4.936560,0.004274
76.400056,1,0.000000,0.213729,0.147365,0.000000,0.000000,0.178595,0.279116,0.580450,0.000366,0.000427,0.003297,0.016361,3.715552,3.299826,1.798289,1.101830,0.616483,1.104761,0.800732,0.748913,3.305857,3.299447,0.797948,4.925840,4.936560,0.004274
76.450056,1,0.000976,0.215681,0.146390,0.000000,0.000000,0.180547,0.282044,0.544730,0.000183,0.000427,0.003236,0.016117,3.710912,3.357359,1.796824,1.101464,0.615750,1.100732,0.800732,0.749450,3.304942,3.300363,0.797948,4.925840,4.929860,0.004274
76.500055,1,0.000000,0.214705,0.144438,0.000000,0.000000,0.178595,0.282044,0.580450,0.000061,0.000427,0.003358,0.016606,3.719264,3.301682,1.798289,1.104394,0.600732,1.101098,0.800365,0.748644,3.306773,3.301279,0.797948,4.917800,4.935220,0.004274
76.550056,1,0.000000,0.213729,0.145414,0.000000,0.000000,0.177619,0.283020,0.571520,0.000305,0.000549,0.003358,0.016606,3.719264,3.301682,1.798777,1.110622,0.615750,1.105127,0.800732,0.748913,3.305857,3.299447,0.797948,4.925840,4.939240,0.004274
76.600055,1,0.000000,0.212753,0.146390,0.000000,0.000000,0.181523,0.282044,0.589380,0.000244,0.000549,0.003419,0.016361,3.697920,3.299826,1.798289,1.106226,0.616483,1.100732,0.799633,0.749450,3.305857,3.300363,0.797948,4.928520,4.940580,0.004274
76.650056,1,0.000000,0.215681,0.148341,0.000000,0.000000,0.181523,0.280092,0.401850,0.000183,0.000672,0.003297,0.015995,3.711840,3.299826,1.798289,1.104761,0.615018,1.104394,0.802930,0.749181,3.307689,3.302194,0.798241,4.924500,4.935220,0.004274
76.700056,1,0.000000,0.212753,0.144438,0.000000,0.000000,0.178595,0.281068,0.571520,0.000305,0.000549,0.003236,0.016361,3.715552,3.313745,1.797800,1.112087,0.614285,1.104761,0.800732,0.748913,3.304942,3.301279,0.797948,4.927180,4.936560,0.004274
76.750055,1,0.000000,0.212753,0.144438,0.000000,0.000000,0.179571,0.279116,0.509010,0.000183,0.000427,0.003358,0.016361,3.711840,3.293330,1.796824,1.101464,0.617216,1.104761,0.802930,0.749450,3.305857,3.300363,0.798241,4.925840,4.936560,0.005128
76.800056,1,0.000000,0.212753,0.147365,0.000000,0.000000,0.199090,0.283020,0.580450,0.000183,0.000672,0.003297,0.016484,3.711840,3.301682,1.797312,1.110622,0.614651,1.104394,0.799267,0.749181,3.305857,3.299447,0.797948,4.925840,4.939240,0.004274
76.850055,1,0.000000,0.213729,0.147365,0.000000,0.000000,0.202017,0.283020,0.401850,0.000183,0.000427,0.003419,0.016361,3.719264,3.295186,1.797312,1.104761,0.616483,1.102197,0.802930,0.749718,3.305857,3.300363,0.797948,4.928520,4.936560,0.004274
76.900056,1,0.000000,0.212753,0.146390,0.000000,0.000000,0.180547,0.283020,0.571520,0.000977,0.000672,0.003175,0.015995,3.711840,3.303538,1.796824,1.101830,0.615750,1.104394,0.800732,0.748913,3.305857,3.299447,0.797948,4.925840,4.935220,0.004274
76.950055,1,0.000000,0.219584,0.144438,0.000000,0.000000,0.178595,0.283020,0.482220,0.000183,0.000672,0.003297,0.016239,3.711840,3.327664,1.796824,1.102929,0.616849,1.100365,0.800732,0.749181,3.306773,3.299447,0.797948,4.924500,4.939240,0.004274
77.000056,1,0.000000,0.219584,0.147365,0.000000,0.000000,0.177619,0.280092,0.580450,0.000305,0.000549,0.003419,0.016606,3.710912,3.295186,1.798289,1.108424,0.616117,1.102929,0.800732,0.749181,3.304942,3.301279,0.797948,4.927180,4.935220,0.004274
77.050056,1,0.000000,0.212753,0.147365,0.000000,0.000000,0.179571,0.281068,0.473290,0.000183,0.000672,0.003175,0.016728,3.711840,3.294258,1.798289,1.101830,0.615750,1.102929,0.801831,0.749450,3.305857,3.300363,0.797948,4.928520,4.933880,0.004274
77.100055,1,0.000000,0.213729,0.147365,0.000000,0.000000,0.180547,0.278140,0.580450,0.000244,0.000549,0.003358,0.016484,3.710912,3.301682,1.798289,1.110622,0.615750,1.104394,0.801098,0.748913,3.306773,3.301279,0.797948,4.925840,4.935220,0.004274
77.150055,1,0.000000,0.214705,0.147365,0.000000,0.000000,0.178595,0.282044,0.544730,0.000305,0.000672,0.003480,0.016484,3.719264,3.295186,1.798289,1.101464,0.616117,1.105127,0.801464,0.748913,3.304942,3.302194,0.797655,4.924500,4.935220,0.004274
77.200055,1,0.000000,0.213729,0.144438,0.000000,0.000000,0.177619,0.281068,0.571520,0.000305,0.000549,0.003114,0.016239,3.699776,3.357359,1.797800,1.101464,0.615384,1.105127,0.801831,0.749718,3.306773,3.301279,0.797655,4.927180,4.939240,0.004274
77.250055,1,0.000000,0.210801,0.146390,0.000000,0.000000,0.177619,0.281068,0.509010,0.000305,0.000549,0.003419,0.016239,3.719264,3.289618,1.796824,1.101464,0.616483,1.102929,0.800732,0.749450,3.306773,3.301279,0.797948,4.927180,4.935220,0.004274
77.300056,1,0.000000,0.212753,0.148341,0.000000,0.000000,0.177619,0.279116,0.580450,0.000305,0.000549,0.003419,0.015995,3.711840,3.294258,1.796824,1.102197,0.615750,1.102929,0.799633,0.748913,3.304942,3.300363,0.797948,4.925840,4.935220,0.004274
77.350056,1,0.000000,0.215681,0.146390,0.000000,0.000000,0.179571,0.282044,0.580450,0.000183,0.000427,0.003236,0.016117,3.697920,3.311889,1.796824,1.101830,0.599999,1.098534,0.799633,0.748913,3.305857,3.299447,0.797948,4.925840,4.937900,0.004274
77.400060,1,0.000000,0.214705,0.145414,0.000000,0.000000,0.179571,0.279116,0.580450,0.000427,0.001038,0.003297,0.016606,3.696064,3.293330,1.798289,1.110988,0.616117,1.104394,0.802930,0.748644,3.305857,3.300363,0.797948,4.928520,4.941920,0.004274
77.450055,1,0.000000,0.212753,0.146390,0.000000,0.000000,0.200066,0.279116,0.401850,0.000244,0.000549,0.003419,0.016117,3.708128,3.307249,1.798289,1.107691,0.616483,1.104394,0.802930,0.749181,3.307689,3.300363,0.798241,4.928520,4.936560,0.004274
77.500063,1,0.000000,0.215681,0.146390,0.000000,0.000000,0.201042,0.281068,0.580450,0.000183,0.000427,0.003236,0.016361,3.704416,3.293330,1.798289,1.104028,0.616483,1.101098,0.799633,0.749181,3.305857,3.300363,0.797948,4.928520,4.939240,0.004274
77.550055,1,0.000000,0.211777,0.146390,0.000000,0.000000,0.178595,0.280092,0.473290,0.000183,0.000672,0.003236,0.015751,3.704416,3.311889,1.797312,1.102563,0.613552,1.099999,0.800732,0.748913,3.304942,3.299447,0.797948,4.925840,4.935220,0.004274
77.600055,1,0.000000,0.213729,0.146390,0.000000,0.000000,0.180547,0.282044,0.580450,0.000244,0.000549,0.003419,0.016606,3.710912,3.357359,1.798289,1.101830,0.616117,1.102197,0.801098,0.749718,3.307689,3.301279,0.797655,4.919140,4.937900,0.004274
77.650056,1,0.000000,0.214705,0.147365,0.000000,0.000000,0.178595,0.281068,0.517940,0.000061,0.000427,0.003175,0.016117,3.703488,3.292402,1.798289,1.104394,0.613186,1.102929,0.801098,0.749181,3.305857,3.299447,0.798241,4.921820,4.939240,0.004274
77.700056,1,0.000000,0.214705,0.147365,0.000000,0.000000,0.178595,0.282044,0.580450,0.000122,0.000672,0.003297,0.016117,3.715552,3.298898,1.796824,1.103296,0.616117,1.100732,0.799633,0.748644,3.305857,3.300363,0.798241,4.919140,4.939240,0.004274
77.750056,1,0.000000,0.219584,0.146390,0.000000,0.000000,0.179571,0.282044,0.544730,0.000305,0.000672,0.003236,0.015995,3.704416,3.311889,1.798289,1.107691,0.616117,1.104394,0.800732,0.748913,3.305857,3.300363,0.798241,4.924500,4.939240,0.004274
77.800055,1,0.000000,0.216657,0.146390,0.000000,0.000000,0.178595,0.281068,0.580450,0.000305,0.000549,0.003419,0.016239,3.696064,3.303538,1.798289,1.102929,0.615750,1.105127,0.798900,0.749450,3.306773,3.300363,0.798241,4.919140,4.929860,0.004274
77.850056,1,0.000000,0.213729,0.146390,0.000000,0.000000,0.180547,0.280092,0.535800,0.000305,0.000672,0.003419,0.016239,3.703488,3.307249,1.798289,1.104761,0.616483,1.102929,0.798900,0.749181,3.305857,3.299447,0.797948,4.927180,4.939240,0.004274
77.900056,1,0.000000,0.210801,0.146390,0.000000,0.000000,0.179571,0.281068,0.580450,0.000305,0.000672,0.003419,0.015995,3.719264,3.326736,1.797800,1.101464,0.616483,1.104761,0.801098,0.749718,3.305857,3.301279,0.797948,4.921820,4.936560,0.004274
77.950056,1,0.000000,0.210801,0.147365,0.000000,0.000000,0.179571,0.282044,0.473290,0.000061,0.000672,0.003358,0.016117,3.710912,3.291474,1.796824,1.112087,0.616117,1.102197,0.801464,0.749987,3.307689,3.302194,0.798827,4.924500,4.939240,0.004274
78.000056,1,0.000000,0.213729,0.142486,0.000000,0.000000,0.178595,0.280092,0.580450,0.000305,0.000672,0.003297,0.016606,3.710912,3.298898,1.796335,1.107691,0.610622,1.100732,0.801464,0.749987,3.306773,3.302194,0.797948,4.924500,4.935220,0.004274
78.050056,1,0.000000,0.212753,0.148341,0.000000,0.000000,0.178595,0.283020,0.509010,0.000183,0.001038,0.003297,0.016361,3.703488,3.307249,1.798777,1.110622,0.615384,1.101098,0.801098,0.749450,3.307689,3.300363,0.797655,4.925840,4.935220,0.004274
78.100056,1,0.000000,0.211777,0.147365,0.000000,0.000000,0.192258,0.279116,0.580450,0.000305,0.000549,0.003114,0.015995,3.711840,3.293330,1.796335,1.104028,0.615750,1.104394,0.801831,0.749450,3.305857,3.299447,0.797948,4.927180,4.936560,0.004274
78.150055,1,0.000000,0.211777,0.147365,0.000000,0.000000,0.190306,0.280092,0.553660,0.000244,0.000672,0.003175,0.016239,3.726687,3.301682,1.798289,1.107691,0.613552,1.104761,0.799633,0.749450,3.304942,3.300363,0.798241,4.928520,4.939240,0.004274
78.200056,1,0.000000,0.211777,0.145414,0.000000,0.000000,0.178595,0.281068,0.589380,0.000061,0.000672,0.003358,0.016239,3.713696,3.311889,1.797312,1.102563,0.616117,1.104761,0.802930,0.748913,3.306773,3.301279,0.797655,4.919140,4.929860,0.004274
78.250056,1,0.000000,0.212753,0.146390,0.000000,0.000000,0.180547,0.282044,0.553660,0.000305,0.000549,0.003419,0.015995,3.704416,3.295186,1.798289,1.107691,0.615384,1.104394,0.800732,0.756434,3.305857,3.302194,0.798241,4.924500,4.939240,0.004274
78.300056,1,0.000000,0.214705,0.146390,0.000000,0.000000,0.180547,0.282044,0.571520,0.000061,0.000977,0.003297,0.016606,3.719264,3.299826,1.796824,1.101830,0.615018,1.104028,0.802930,0.749450,3.305857,3.301279,0.797948,4.925840,4.936560,0.004274
78.350055,1,0.000976,0.212753,0.146390,0.000000,0.000000,0.178595,0.280092,0.580450,0.000061,0.000672,0.003358,0.015995,3.710912,3.301682,1.797800,1.102929,0.601098,1.104394,0.799633,0.749450,3.305857,3.300363,0.797948,4.927180,4.939240,0.004274
78.400056,1,0.000000,0.224464,0.147365,0.000000,0.000000,0.177619,0.281068,0.580450,0.000305,0.000672,0.003175,0.016361,3.704416,3.294258,1.797800,1.107325,0.615750,1.100732,0.799633,0.748913,3.304942,3.301279,0.797655,4.924500,4.935220,0.004274
78.450057,1,0.000000,0.225440,0.147365,0.000000,0.000000,0.178595,0.281068,0.571520,0.000305,0.000549,0.003358,0.015995,3.719264,3.301682,1.798289,1.101830,0.615750,1.105127,0.800732,0.749181,3.304942,3.300363,0.798241,4.928520,4.936560,0.004274
78.500055,1,0.000000,0.212753,0.146390,0.000000,0.000000,0.182499,0.279116,0.580450,0.000305,0.000549,0.003419,0.016850,3.711840,3.294258,1.797800,1.104761,0.615750,1.101464,0.800365,0.749450,3.304942,3.300363,0.797948,4.925840,4.937900,0.004274
78.550056,1,0.000000,0.214705,0.146390,0.000000,0.000000,0.180547,0.282044,0.544730,0.000183,0.000672,0.003236,0.015873,3.710912,3.299826,1.797800,1.106226,0.615018,1.102197,0.801831,0.748913,3.304942,3.301279,0.797948,4.928520,4.935220,0.004274
78.600056,1,0.000000,0.212753,0.146390,0.000000,0.000000,0.178595,0.280092,0.580450,0.000305,0.000672,0.003419,0.016239,3.715552,3.299826,1.797800,1.108424,0.615018,1.101464,0.799633,0.749987,3.306773,3.301279,0.797948,4.921820,4.929860,0.004274
78.650056,1,0.000000,0.212753,0.147365,0.000000,0.000000,0.180547,0.280092,0.553660,0.000305,0.000672,0.003419,0.016117,3.710912,3.293330,1.798289,1.108424,0.615384,1.104394,0.800732,0.749450,3.305857,3.300363,0.797948,4.925840,4.936560,0.004274
78.700056,1,0.000000,0.210801,0.147365,0.000000,0.000000,0.180547,0.281068,0.589380,0.000183,0.000427,0.003297,0.016239,3.711840,3.293330,1.797312,1.109156,0.616483,1.100732,0.803296,0.749718,3.305857,3.300363,0.798241,4.919140,4.935220,0.004274
78.750056,1,0.000000,0.212753,0.147365,0.000000,0.000000,0.190306,0.283020,0.473290,0.000305,0.000549,0.003419,0.015995,3.703488,3.307249,1.798289,1.107691,0.615384,1.104761,0.800732,0.749450,3.305857,3.300363,0.797362,4.925840,4.939240,0.004274
78.800056,1,0.001952,0.214705,0.148341,0.000000,0.000000,0.189330,0.280092,0.580450,0.000183,0.000672,0.003297,0.016361,3.726687,3.295186,1.796824,1.101464,0.614285,1.101098,0.802930,0.749718,3.305857,3.299447,0.797948,4.925840,4.941920,0.005128
78.850056,1,0.000000,0.212753,0.147365,0.000000,0.000000,0.178595,0.282044,0.517940,0.000061,0.000427,0.003297,0.016606,3.697920,3.327664,1.797312,1.110622,0.616117,1.104394,0.799633,0.749450,3.305857,3.301279,0.797948,4.927180,4.935220,0.004274
78.900056,1,0.000000,0.213729,0.146390,0.000000,0.000000,0.178595,0.281068,0.589380,0.000183,0.000672,0.003297,0.016606,3.711840,3.299826,1.798777,1.105494,0.616117,1.104394,0.800732,0.748644,3.304942,3.299447,0.797948,4.925840,4.935220,0.004274
78.950056,1,0.000000,0.211777,0.147365,0.000000,0.000000,0.181523,0.280092,0.473290,0.000305,0.000549,0.003419,0.015995,3.700704,3.294258,1.797800,1.103296,0.614651,1.104394,0.800365,0.750524,3.306773,3.302194,0.797655,4.924500,4.935220,0.004274
79.000056,1,0.000000,0.213729,0.145414,0.000000,0.000000,0.179571,0.281068,0.580450,0.000183,0.000672,0.003297,0.016117,3.704416,3.307249,1.797800,1.107691,0.615018,1.099999,0.800732,0.748644,3.305857,3.299447,0.797948,4.919140,4.940580,0.004274
79.050055,1,0.000976,0.235199,0.145414,0.000000,0.000000,0.177619,0.279116,0.616170,0.000244,0.000672,0.003419,0.016361,3.711840,3.292402,1.798289,1.102197,0.611355,1.100732,0.801098,0.752136,3.305857,3.300363,0.797948,4.917800,4.935220,0.003419
79.100056,1,0.000000,0.226416,0.148341,0.000000,0.000000,0.179571,0.278140,0.580450,0.000061,0.000672,0.003297,0.015995,3.711840,3.298898,1.797800,1.103296,0.612087,1.101464,0.801098,0.749450,3.304942,3.300363,0.797655,4.925840,4.937900,0.004274
79.150054,1,0.000000,0.211777,0.149317,0.000000,0.000000,0.177619,0.281068,0.714400,0.000305,0.000672,0.003297,0.016606,3.726687,3.301682,1.798777,1.104761,0.615384,1.105127,0.801831,0.809352,3.304942,3.300363,0.798241,4.913780,4.928520,0.004274
79.200055,1,0.000000,0.216657,0.148341,0.000000,0.000000,0.178595,0.281068,0.705470,0.000305,0.000672,0.003114,0.016606,3.710912,3.298898,1.796824,1.107691,0.612820,1.102929,0.801464,0.809352,3.305857,3.299447,0.797948,4.920480,4.924500,0.004274
79.250055,1,0.000000,0.210801,0.146390,0.000000,0.000000,0.177619,0.281068,0.276830,0.000061,0.000672,0.003114,0.015751,3.699776,3.298898,1.793893,1.110622,0.615018,1.100732,0.799633,0.749450,3.304942,3.300363,0.797948,4.928520,4.937900,0.004274
79.300056,1,0.000000,0.209825,0.143462,0.000000,0.000000,0.177619,0.279116,0.580450,0.000244,0.000672,0.003358,0.016361,3.699776,3.295186,1.798777,1.101464,0.615750,1.101098,0.798900,0.749987,3.306773,3.299447,0.797948,4.927180,4.935220,0.004274
79.350055,1,0.000000,0.212753,0.146390,0.000000,0.000000,0.177619,0.279116,0.580450,0.000061,0.000427,0.003236,0.016850,3.704416,3.295186,1.798289,1.107691,0.600366,1.104761,0.801464,0.749450,3.304942,3.300363,0.797948,4.908420,4.939240,0.004274
79.400055,1,0.000000,0.213729,0.150293,0.000000,0.000000,0.191282,0.280092,0.767980,0.000305,0.000977,0.003297,0.016606,3.715552,3.292402,1.798289,1.104761,0.615018,1.102929,0.800732,0.879999,3.304942,3.300363,0.797948,4.923160,4.933880,0.004274
79.450056,1,0.000000,0.215681,0.149317,0.000000,0.000000,0.190306,0.280092,0.750120,0.000305,0.000672,0.003297,0.016361,3.710912,3.298898,1.798289,1.107691,0.615750,1.104394,0.800732,0.879193,3.306773,3.300363,0.797948,4.921820,4.931200,0.004274
79.500056,1,0.000000,0.212753,0.146390,0.000000,0.000000,0.176643,0.279116,0.580450,0.000183,0.000427,0.003236,0.016606,3.710912,3.293330,1.798777,1.104761,0.615018,1.100732,0.800732,0.749181,3.305857,3.299447,0.797948,4.927180,4.939240,0.004274
79.550056,1,0.000000,0.211777,0.149317,0.000000,0.000000,0.178595,0.282044,0.571520,0.000183,0.000672,0.003114,0.016606,3.726687,3.355503,1.798289,1.102929,0.615750,1.102197,0.801098,0.749181,3.305857,3.300363,0.798241,4.928520,4.939240,0.004274
79.600055,1,0.000000,0.212753,0.147365,0.000000,0.000000,0.178595,0.282044,0.580450,0.000183,0.000672,0.003358,0.016361,3.696064,3.297970,1.798289,1.106226,0.613552,1.102929,0.800732,0.749181,3.305857,3.299447,0.797948,4.925840,4.937900,0.004274
79.650056,1,0.000000,0.212753,0.146390,0.000000,0.000000,0.178595,0.281068,0.509010,0.000305,0.000549,0.003297,0.016606,3.711840,3.301682,1.796824,1.104761,0.616117,1.104394,0.798900,0.749987,3.304942,3.301279,0.797948,4.927180,4.939240,0.004274
79.700056,1,0.000000,0.228368,0.147365,0.000000,0.000000,0.179571,0.280092,0.580450,0.000183,0.000427,0.003358,0.016361,3.719264,3.301682,1.797800,1.107325,0.612087,1.104761,0.801831,0.749987,3.305857,3.301279,0.797948,4.927180,4.935220,0.004274
79.750055,1,0.000000,0.228368,0.146390,0.000000,0.000000,0.178595,0.278140,0.544730,0.000305,0.000672,0.003236,0.015995,3.704416,3.311889,1.798289,1.102563,0.616117,1.100732,0.800365,0.749718,3.304942,3.301279,0.797948,4.927180,4.939240,0.004274
79.800056,1,0.000000,0.212753,0.147365,0.000000,0.000000,0.178595,0.280092,0.580450,0.000183,0.000427,0.003419,0.016361,3.711840,3.301682,1.797312,1.107691,0.609157,1.104394,0.800732,0.749450,3.305857,3.299447,0.798241,4.924500,4.929860,0.004274
79.850055,1,0.000000,0.211777,0.147365,0.000000,0.000000,0.179571,0.282044,0.544730,0.000244,0.000672,0.003297,0.016484,3.719264,3.301682,1.798289,1.104761,0.616117,1.104028,0.800365,0.749450,3.304942,3.301279,0.797948,4.925840,4.939240,0.004274
79.900056,1,0.000000,0.214705,0.146390,0.000000,0.000000,0.178595,0.282044,0.580450,0.000305,0.000672,0.003114,0.016117,3.726687,3.297970,1.798777,1.104761,0.616483,1.101098,0.801464,0.749718,3.306773,3.301279,0.797655,4.925840,4.939240,0.004274
79.950055,1,0.000000,0.214705,0.146390,0.000000,0.000000,0.180547,0.280092,0.509010,0.000061,0.000672,0.003297,0.015751,3.711840,3.295186,1.798777,1.108424,0.615018,1.104761,0.801831,0.749718,3.305857,3.300363,0.798241,4.928520,4.935220,0.004274
80.000056,1,0.000000,0.274236,0.146390,0.000000,0.000000,0.181523,0.281068,0.580450,0.000305,0.000672,0.003419,0.015995,3.711840,3.293330,1.798289,1.107691,0.616483,1.102929,0.800732,0.749718,3.307689,3.300363,0.797948,4.925840,4.939240,0.004274
80.050055,1,0.000000,0.215681,0.146390,0.000000,0.000000,0.190306,0.281068,0.517940,0.000366,0.000672,0.003358,0.016606,3.711840,3.297970,1.798289,1.102929,0.616849,1.104761,0.801464,0.749181,3.306773,3.300363,0.797948,4.924500,4.935220,0.004274
80.100056,1,0.000000,0.213729,0.146390,0.000000,0.000000,0.190306,0.281068,0.580450,0.000305,0.000427,0.003419,0.015995,3.715552,3.301682,1.797800,1.102197,0.615750,1.102929,0.800732,0.749450,3.305857,3.302194,0.797948,4.921820,4.939240,0.004274
80.150055,1,0.000000,0.214705,0.146390,0.000000,0.000000,0.176643,0.280092,0.509010,0.000977,0.000427,0.003236,0.016606,3.698848,3.311889,1.797800,1.107325,0.615750,1.100732,0.801098,0.749987,3.306773,3.299447,0.797948,4.927180,4.935220,0.004274
80.200056,1,0.000000,0.213729,0.145414,0.000000,0.000000,0.180547,0.280092,0.571520,0.000183,0.000427,0.003358,0.016361,3.711840,3.289618,1.798289,1.107691,0.615018,1.101464,0.800732,0.749450,3.305857,3.301279,0.797362,4.925840,4.935220,0.004274
80.250055,1,0.000000,0.210801,0.148341,0.000000,0.000000,0.177619,0.281068,0.473290,0.000305,0.000672,0.003297,0.016361,3.717408,3.297970,1.797312,1.106226,0.616483,1.100732,0.798900,0.751062,3.306773,3.301279,0.797948,4.924500,4.939240,0.004274
80.300056,1,0.000976,0.210801,0.147365,0.000000,0.000000,0.178595,0.281068,0.580450,0.000305,0.000549,0.003419,0.016606,3.703488,3.295186,1.798289,1.101464,0.616117,1.100732,0.798900,0.748913,3.305857,3.301279,0.797948,4.921820,4.939240,0.004274
80.350055,1,0.000000,0.219584,0.146390,0.000000,0.000000,0.177619,0.281068,0.509010,0.000305,0.000672,0.003419,0.016606,3.711840,3.293330,1.798289,1.101830,0.599999,1.106226,0.798900,0.749181,3.305857,3.300363,0.798241,4.917800,4.939240,0.004274
80.400056,1,0.000000,0.216657,0.147365,0.000000,0.000000,0.178595,0.279116,0.580450,0.000122,0.000549,0.003419,0.016728,3.704416,3.292402,1.796824,1.102197,0.614285,1.104761,0.800732,0.749181,3.305857,3.300363,0.797948,4.919140,4.939240,0.004274
80.450056,1,0.000000,0.212753,0.146390,0.000000,0.000000,0.181523,0.282044,0.544730,0.000122,0.000672,0.003236,0.016361,3.711840,3.298898,1.796824,1.107691,0.615750,1.104761,0.800732,0.748913,3.306773,3.299447,0.797948,4.924500,4.939240,0.004274
80.500055,0,0.000000,0.212753,0.148341,0.020495,0.000000,0.177619,0.296683,1.062670,0.000305,0.000549,0.003297,0.016728,3.726687,3.301682,1.797312,1.104394,0.603662,1.106226,0.800365,0.749181,3.304942,3.302194,0.798241,4.924500,4.937900,0.004274
80.550056,0,0.000000,0.211777,0.147365,0.000000,0.000000,0.178595,0.281068,0.634030,0.000305,0.000427,0.003297,0.016606,3.719264,3.292402,1.798289,1.107691,0.615384,1.105127,0.799633,0.769596,3.306773,3.299447,0.797948,4.920480,4.927180,0.004274
80.600055,0,0.000000,0.211777,0.148341,0.000000,0.000000,0.180547,0.281068,0.625100,0.000244,0.000549,0.003358,0.016361,3.710912,3.301682,1.797800,1.104761,0.615750,1.105494,0.799633,0.769865,3.307689,3.300363,0.797948,4.920480,4.931200,0.004274
80.650055,0,0.000000,0.213729,0.148341,0.000000,0.000000,0.177619,0.279116,0.526870,0.000305,0.000549,0.003419,0.016239,3.715552,3.307249,1.797312,1.101830,0.610988,1.106226,0.800732,0.748644,3.305857,3.300363,0.798241,4.919140,4.939240,0.004274
80.700056,0,0.000000,0.215681,0.146390,0.000000,0.000000,0.189330,0.283020,0.580450,0.000061,0.000672,0.003297,0.016361,3.703488,3.293330,1.798289,1.104028,0.616117,1.102929,0.800732,0.749987,3.305857,3.299447,0.797948,4.927180,4.939240,0.004274
80.750055,0,0.000000,0.216657,0.146390,0.000000,0.000000,0.190306,0.281068,0.544730,0.000305,0.000549,0.003419,0.016606,3.711840,3.325809,1.797312,1.106226,0.615750,1.100732,0.800732,0.749450,3.304942,3.299447,0.797948,4.925840,4.937900,0.004274
80.800055,0,0.000000,0.214705,0.146390,0.000000,0.000000,0.179571,0.279116,0.580450,0.000244,0.000672,0.003236,0.015995,3.704416,3.293330,1.798289,1.104028,0.616849,1.104761,0.800365,0.748913,3.306773,3.302194,0.797655,4.924500,4.936560,0.004274
80.850055,0,0.000000,0.213729,0.146390,0.000000,0.000000,0.181523,0.281068,0.553660,0.000977,0.000672,0.003236,0.015995,3.719264,3.295186,1.796824,1.103296,0.616483,1.101464,0.800732,0.749181,3.306773,3.301279,0.797948,4.927180,4.939240,0.004274
80.900056,0,0.000000,0.211777,0.145414,0.000000,0.000000,0.180547,0.280092,0.580450,0.000183,0.000427,0.003175,0.016484,3.711840,3.301682,1.797800,1.104761,0.615750,1.101098,0.799633,0.749718,3.305857,3.300363,0.797948,4.919140,4.935220,0.004274
80.950055,0,0.000000,0.211777,0.145414,0.000000,0.000000,0.179571,0.283020,0.544730,0.000061,0.000977,0.003358,0.015995,3.703488,3.293330,1.797800,1.104028,0.616117,1.104761,0.800365,0.749181,3.305857,3.299447,0.797948,4.927180,4.939240,0.004274
81.000056,0,0.000000,0.220560,0.146390,0.000000,0.000000,0.178595,0.280092,0.571520,0.000305,0.000549,0.003358,0.015995,3.710912,3.295186,1.798289,1.104761,0.616117,1.101098,0.802930,0.749450,3.305857,3.300363,0.797948,4.925840,4.936560,0.004274
81.050055,0,0.000000,0.220560,0.147365,0.000000,0.000000,0.180547,0.279116,0.553660,0.000183,0.000427,0.003358,0.016361,3.726687,3.357359,1.798289,1.103296,0.616117,1.104761,0.801098,0.749181,3.304942,3.300363,0.797948,4.925840,4.935220,0.004274
81.100056,0,0.000000,0.212753,0.147365,0.000000,0.000000,0.179571,0.280092,0.580450,0.000183,0.000427,0.003297,0.016361,3.703488,3.293330,1.798289,1.105494,0.608791,1.104394,0.801831,0.749181,3.303110,3.302194,0.797655,4.924500,4.935220,0.004274
81.150055,0,0.000000,0.212753,0.148341,0.000000,0.000000,0.179571,0.281068,0.544730,0.000183,0.001038,0.003297,0.016239,3.719264,3.355503,1.796824,1.102929,0.617948,1.100732,0.800732,0.749450,3.305857,3.302194,0.798241,4.928520,4.940580,0.004274
81.200056,0,0.000000,0.214705,0.146390,0.000000,0.000000,0.179571,0.280092,0.580450,0.000183,0.000672,0.003297,0.015995,3.719264,3.295186,1.797800,1.102197,0.615750,1.102563,0.799633,0.749450,3.305857,3.300363,0.797948,4.919140,4.939240,0.004274
81.250055,0,0.000000,0.214705,0.146390,0.000000,0.000000,0.180547,0.280092,0.553660,0.000061,0.000977,0.003297,0.015995,3.700704,3.294258,1.797800,1.107691,0.616483,1.103662,0.800732,0.748644,3.303110,3.302194,0.797948,4.924500,4.933880,0.004274
81.300056,0,0.000000,0.213729,0.146390,0.000000,0.000000,0.180547,0.279116,0.571520,0.000183,0.000672,0.003114,0.015995,3.711840,3.291474,1.798289,1.107691,0.615750,1.104394,0.801831,0.749181,3.305857,3.300363,0.797948,4.925840,4.936560,0.004274
81.350055,0,0.000000,0.212753,0.145414,0.000000,0.000000,0.190306,0.280092,0.553660,0.000183,0.000427,0.003480,0.016239,3.711840,3.292402,1.799266,1.105127,0.600366,1.104761,0.800365,0.749718,3.304942,3.302194,0.797655,4.924500,4.935220,0.004274
81.400056,0,0.000000,0.216657,0.145414,0.000000,0.000000,0.190306,0.279116,0.571520,0.000061,0.000427,0.003297,0.015751,3.704416,3.293330,1.798289,1.102197,0.616483,1.102929,0.800365,0.749450,3.305857,3.299447,0.797655,4.924500,4.939240,0.004274
81.450056,0,0.000000,0.214705,0.146390,0.000000,0.000000,0.178595,0.281068,0.580450,0.000244,0.000549,0.003114,0.016361,3.713696,3.327664,1.798289,1.102929,0.615750,1.106226,0.800732,0.749450,3.306773,3.300363,0.797948,4.919140,4.936560,0.004274
81.500056,0,0.000000,0.210801,0.145414,0.000000,0.000000,0.182499,0.279116,0.580450,0.000183,0.000672,0.003175,0.015995,3.711840,3.293330,1.798777,1.101464,0.615018,1.100732,0.800365,0.748913,3.307689,3.300363,0.797948,4.928520,4.939240,0.004274
81.550055,0,0.000000,0.214705,0.146390,0.000000,0.000000,0.179571,0.281068,0.544730,0.000305,0.000549,0.003297,0.015751,3.711840,3.325809,1.796824,1.102197,0.616849,1.101098,0.798900,0.748913,3.305857,3.299447,0.797948,4.925840,4.939240,0.004274
81.600055,0,0.000000,0.213729,0.146390,0.000000,0.000000,0.181523,0.281068,0.580450,0.000305,0.000672,0.003236,0.016606,3.719264,3.293330,1.798289,1.110622,0.615384,1.101098,0.800732,0.748913,3.307689,3.300363,0.797948,4.915120,4.935220,0.004274
81.650055,0,0.000000,0.225440,0.148341,0.000000,0.000000,0.178595,0.282044,0.267900,0.000305,0.000672,0.003297,0.016361,3.701632,3.301682,1.797312,1.102563,0.615750,1.102929,0.800732,0.749181,3.307689,3.300363,0.798241,4.919140,4.939240,0.004274
81.700056,0,0.000000,0.222512,0.146390,0.000000,0.000000,0.179571,0.280092,0.589380,0.000244,0.000549,0.003419,0.016606,3.711840,3.327664,1.797800,1.112087,0.616849,1.104761,0.800732,0.749987,3.306773,3.302194,0.797655,4.913780,4.937900,0.003419
81.750056,0,0.000000,0.212753,0.146390,0.000000,0.000000,0.178595,0.282044,0.544730,0.000305,0.000672,0.003297,0.016361,3.703488,3.298898,1.797800,1.106226,0.612820,1.104761,0.800732,0.749718,3.305857,3.300363,0.797948,4.925840,4.939240,0.004274
81.800056,0,0.001952,0.212753,0.147365,0.000000,0.000000,0.178595,0.279116,0.589380,0.000977,0.000672,0.003297,0.015995,3.715552,3.307249,1.798289,1.101464,0.615018,1.104394,0.800732,0.749987,3.306773,3.299447,0.797948,4.923160,4.937900,0.004274
81.850056,0,0.000976,0.211777,0.146390,0.000000,0.000000,0.176643,0.281068,0.544730,0.000977,0.000549,0.003297,0.015995,3.697920,3.301682,1.796824,1.107325,0.615750,1.101098,0.799633,0.749450,3.304942,3.299447,0.797948,4.925840,4.935220,0.004274
81.900056,0,0.000976,0.211777,0.146390,0.000000,0.000000,0.179571,0.280092,0.580450,0.000244,0.000549,0.003358,0.016117,3.711840,3.327664,1.797800,1.109889,0.614285,1.104028,0.800732,0.748375,3.305857,3.301279,0.797948,4.925840,4.939240,0.004274
81.950056,0,0.000000,0.215681,0.145414,0.000000,0.000000,0.179571,0.280092,0.544730,0.000305,0.000672,0.003236,0.016606,3.704416,3.299826,1.798289,1.101830,0.615384,1.104028,0.801831,0.749450,3.305857,3.299447,0.797948,4.927180,4.939240,0.004274
82.000056,0,0.000000,0.211777,0.147365,0.000000,0.000000,0.188355,0.281068,0.580450,0.000244,0.000549,0.003358,0.016606,3.696064,3.294258,1.798289,1.107325,0.615750,1.101464,0.800732,0.749450,3.305857,3.300363,0.797948,4.919140,4.935220,0.004274
82.050056,0,0.000000,0.213729,0.146390,0.000000,0.000000,0.189330,0.282044,0.517940,0.000244,0.000549,0.003297,0.016606,3.711840,3.311889,1.797800,1.101464,0.616117,1.104028,0.799633,0.749181,3.306773,3.300363,0.797655,4.924500,4.939240,0.004274
82.100056,0,0.000976,0.214705,0.147365,0.000000,0.000000,0.180547,0.281068,0.580450,0.000305,0.000672,0.003175,0.016606,3.711840,3.301682,1.796824,1.101830,0.616117,1.104394,0.800732,0.749181,3.303110,3.302194,0.798241,4.919140,4.939240,0.004274
82.150056,0,0.000000,0.211777,0.147365,0.000000,0.000000,0.181523,0.281068,0.482220,0.000183,0.000672,0.003236,0.016361,3.696993,3.291474,1.797312,1.109889,0.615384,1.102929,0.800732,0.749987,3.305857,3.300363,0.798241,4.919140,4.935220,0.004274
82.200056,0,0.000000,0.211777,0.144438,0.000000,0.000000,0.178595,0.281068,0.580450,0.000183,0.000427,0.003114,0.016239,3.710912,3.327664,1.796824,1.110622,0.615384,1.102929,0.801831,0.749450,3.305857,3.300363,0.797948,4.919140,4.935220,0.004274
82.250056,0,0.000000,0.213729,0.146390,0.000000,0.000000,0.178595,0.283020,0.509010,0.000305,0.000549,0.003297,0.016361,3.699776,3.298898,1.798777,1.110622,0.615750,1.102929,0.799633,0.749181,3.306773,3.302194,0.797655,4.924500,4.939240,0.004274
82.300055,0,0.000000,0.219584,0.145414,0.000000,0.000000,0.179571,0.282044,0.580450,0.000061,0.000427,0.003175,0.016361,3.711840,3.293330,1.798289,1.107325,0.616483,1.104394,0.799633,0.748913,3.306773,3.299447,0.797948,4.927180,4.937900,0.004274
82.350056,0,0.000000,0.222512,0.147365,0.000000,0.000000,0.180547,0.282044,0.267900,0.000244,0.000672,0.003358,0.015995,3.704416,3.301682,1.798777,1.101464,0.600366,1.104761,0.801464,0.749450,3.305857,3.302194,0.798241,4.924500,4.939240,0.004274
82.400055,0,0.000000,0.215681,0.145414,0.000000,0.000000,0.179571,0.282044,0.580450,0.000183,0.000672,0.003236,0.016728,3.696993,3.301682,1.797800,1.101464,0.615750,1.105494,0.801831,0.749450,3.304942,3.300363,0.797948,4.921820,4.935220,0.004274
82.450057,0,0.000000,0.213729,0.146390,0.000000,0.000000,0.177619,0.279116,0.544730,0.000305,0.000549,0.003358,0.016117,3.711840,3.307249,1.797800,1.101464,0.615018,1.099999,0.800732,0.749181,3.304942,3.299447,0.797948,4.928520,4.939240,0.004274
82.500056,0,0.000000,0.221536,0.145414,0.000000,0.000000,0.179571,0.281068,0.580450,0.000183,0.000672,0.003297,0.016484,3.722976,3.301682,1.797312,1.102929,0.599999,1.104761,0.801098,0.748913,3.305857,3.300363,0.798241,4.928520,4.933880,0.004274
