duration_s,active,3V7_WL_SW_A current(0),3V3_SYS_A current(1),1V8_SYS_A current(2),DDR_VDD2_A current(3),DDR_VDDQ_A current(4),1V1_SYS_A current(5),0V8_SW_A current(6),VDD_CORE_A current(7),3V3_DAC_A current(17),3V3_ADC_A current(18),0V8_AON_A current(16),HDMI_A current(22),3V7_WL_SW_V volt(8),3V3_SYS_V volt(9),1V8_SYS_V volt(10),DDR_VDD2_V volt(11),DDR_VDDQ_V volt(12),1V1_SYS_V volt(13),0V8_SW_V volt(14),VDD_CORE_V volt(15),3V3_DAC_V volt(20),3V3_ADC_V volt(21),0V8_AON_V volt(19),HDMI_V volt(23),EXT5V_V volt(24),BATT_V volt(25)
0.000001,0,0.000000,0.217632,0.149317,0.000000,0.000000,0.179571,0.283020,0.669750,0.000061,0.000427,0.003114,0.015873,3.711840,3.292402,1.797312,1.102929,0.615750,1.100732,0.800732,0.749718,3.305857,3.300363,0.797655,4.924500,4.932540,0.004274
0.030059,0,0.000000,0.215681,0.148341,0.000000,0.000000,0.180547,0.280092,0.669750,0.000305,0.000672,0.003358,0.015263,3.711840,3.291474,1.797312,1.107691,0.616117,1.104028,0.799633,0.749987,3.304942,3.299447,0.797655,4.925840,4.935220,0.004274
0.060055,0,0.000000,0.220560,0.148341,0.000000,0.000000,0.178595,0.280092,0.678680,0.000183,0.000427,0.003358,0.015263,3.711840,3.327664,1.796335,1.110622,0.614285,1.101464,0.799633,0.749718,3.304942,3.298531,0.797948,4.925840,4.935220,0.004274
0.090055,0,0.000000,0.222512,0.149317,0.000000,0.000000,0.191282,0.281068,0.669750,0.000122,0.000549,0.003358,0.015263,3.713696,3.291474,1.796824,1.107325,0.615750,1.100732,0.802930,0.749718,3.304026,3.299447,0.797948,4.925840,4.936560,0.004274
0.120055,0,0.000000,0.221536,0.148341,0.000000,0.000000,0.191282,0.282044,0.669750,0.000183,0.000672,0.003358,0.015263,3.715552,3.313745,1.796824,1.109156,0.614285,1.104761,0.801098,0.749718,3.305857,3.300363,0.797362,4.919140,4.936560,0.004274
0.150056,0,0.000976,0.220560,0.145414,0.000000,0.000000,0.190306,0.283020,0.669750,0.000244,0.000549,0.003297,0.015018,3.719264,3.297970,1.797312,1.104028,0.615750,1.104028,0.801464,0.749987,3.304942,3.299447,0.797655,4.927180,4.936560,0.004274
0.180055,0,0.000000,0.219584,0.148341,0.000000,0.000000,0.191282,0.280092,0.669750,0.000183,0.000549,0.003419,0.015629,3.711840,3.293330,1.796824,1.102197,0.615384,1.104394,0.800732,0.749987,3.304942,3.299447,0.797948,4.920480,4.939240,0.004274
0.210055,0,0.000000,0.220560,0.147365,0.000000,0.000000,0.199090,0.283020,0.669750,0.000183,0.000549,0.003236,0.015385,3.711840,3.301682,1.797800,1.107691,0.616483,1.104394,0.800365,0.750256,3.303110,3.299447,0.797655,4.924500,4.936560,0.004274
0.240055,0,0.000000,0.218608,0.146390,0.000000,0.000000,0.181523,0.282044,0.669750,0.000061,0.000672,0.003297,0.015629,3.719264,3.293330,1.798289,1.108424,0.616483,1.104028,0.800732,0.749718,3.305857,3.300363,0.797362,4.919140,4.936560,0.004274
0.270055,0,0.000000,0.223488,0.147365,0.000000,0.000000,0.180547,0.285948,0.669750,0.000183,0.000549,0.003419,0.015507,3.711840,3.293330,1.796824,1.106226,0.616483,1.101098,0.801464,0.749987,3.304942,3.299447,0.797948,4.927180,4.939240,0.004274
0.300055,0,0.000000,0.222512,0.148341,0.000000,0.000000,0.201042,0.282044,0.544730,0.000244,0.000549,0.003419,0.015385,3.713696,3.301682,1.798289,1.104394,0.615018,1.104761,0.799633,0.749987,3.304942,3.299447,0.797655,4.927180,4.936560,0.004274
0.330055,0,0.000000,0.218608,0.148341,0.000000,0.000000,0.179571,0.281068,0.669750,0.000183,0.000427,0.003419,0.015385,3.719264,3.292402,1.797800,1.107691,0.615750,1.102929,0.799633,0.749718,3.303110,3.300363,0.797362,4.919140,4.935220,0.004274
0.360055,0,0.000000,0.229344,0.146390,0.000000,0.000000,0.180547,0.280092,0.669750,0.000061,0.000427,0.003297,0.015507,3.711840,3.292402,1.797312,1.101830,0.615018,1.104761,0.801464,0.749718,3.305857,3.300363,0.797362,4.924500,4.936560,0.004274
0.390055,0,0.000000,0.227392,0.147365,0.000000,0.000000,0.178595,0.283020,0.669750,0.000183,0.000427,0.003419,0.015263,3.719264,3.293330,1.796824,1.102197,0.615750,1.101098,0.802930,0.750256,3.305857,3.300363,0.797362,4.924500,4.935220,0.004274
0.420055,0,0.000000,0.229344,0.148341,0.000000,0.000000,0.179571,0.280092,0.669750,0.000061,0.000427,0.003419,0.015018,3.719264,3.292402,1.796824,1.107325,0.615750,1.101464,0.799633,0.749718,3.304026,3.300363,0.797362,4.925840,4.935220,0.004274
0.450056,0,0.000000,0.231295,0.145414,0.000000,0.000000,0.180547,0.282044,0.669750,0.000061,0.000427,0.003236,0.015507,3.715552,3.291474,1.796824,1.102197,0.615384,1.105127,0.800365,0.749718,3.303110,3.299447,0.797655,4.924500,4.935220,0.004274
0.480061,1,0.000000,0.321081,0.157125,0.000000,0.000000,0.180547,0.305466,1.125180,0.000183,0.000672,0.003236,0.015629,3.719264,3.293330,1.796824,1.104028,0.604761,1.104761,0.800365,0.749718,3.305857,3.300363,0.797362,4.912440,4.921820,0.004274
0.510056,1,0.000000,0.230320,0.146390,0.000000,0.000000,0.178595,0.281068,0.919790,0.000183,0.000672,0.003358,0.015507,3.711840,3.292402,1.797312,1.104028,0.601831,1.104028,0.800732,0.750256,3.303110,3.299447,0.797655,4.913780,4.920480,0.004274
0.540057,1,0.000000,0.221536,0.146390,0.000000,0.000000,0.182499,0.280092,1.071600,0.000061,0.000549,0.003358,0.015629,3.704416,3.291474,1.797312,1.104028,0.604029,1.100732,0.801831,0.750256,3.303110,3.298531,0.797655,4.912440,4.927180,0.004274
0.570056,1,0.000000,0.218608,0.148341,0.000000,0.000000,0.180547,0.283020,1.044810,0.000183,0.000977,0.003419,0.015385,3.704416,3.292402,1.797312,1.104028,0.611355,1.104028,0.801464,0.749718,3.304942,3.299447,0.797948,4.925840,4.935220,0.004274
0.600054,1,0.000000,0.222512,0.152245,0.000000,0.000000,0.180547,0.280092,0.991230,0.000061,0.000549,0.003419,0.015629,3.711840,3.299826,1.798289,1.101464,0.615750,1.102563,0.801098,0.879462,3.304942,3.300363,0.796776,4.908420,4.920480,0.004274
0.630054,1,0.000000,0.223488,0.154197,0.000000,0.000000,0.193234,0.283020,0.991230,0.000183,0.000794,0.003358,0.015263,3.711840,3.355503,1.796824,1.101830,0.604029,1.105494,0.800732,0.879462,3.304026,3.299447,0.797655,4.904400,4.912440,0.003419
0.660054,1,0.000000,0.220560,0.153221,0.000000,0.000000,0.192258,0.281068,1.535960,0.000244,0.000672,0.003419,0.015751,3.704416,3.293330,1.798289,1.104028,0.605860,1.102929,0.800732,0.879462,3.304942,3.299447,0.797948,4.893680,4.907080,0.004274
0.690054,1,0.000000,0.218608,0.153221,0.000000,0.000000,0.202993,0.283996,0.991230,0.000061,0.000549,0.003297,0.015629,3.711840,3.293330,1.796824,1.107691,0.612087,1.104761,0.803662,0.879193,3.304942,3.299447,0.797655,4.907080,4.920480,0.004274
0.720054,1,0.000976,0.217632,0.153221,0.000000,0.000000,0.181523,0.283020,1.830650,0.000183,0.000672,0.003358,0.015385,3.711840,3.301682,1.796824,1.109156,0.601465,1.102197,0.801098,0.878925,3.304942,3.299447,0.797655,4.900380,4.899040,0.004274
0.750054,1,0.000000,0.220560,0.152245,0.000000,0.000000,0.180547,0.283020,1.786000,0.000183,0.000672,0.003297,0.015385,3.711840,3.301682,1.798289,1.106226,0.599999,1.101098,0.801098,0.879462,3.303110,3.300363,0.796776,4.908420,4.919140,0.003419
0.780053,1,0.000000,0.221536,0.153221,0.000000,0.000000,0.180547,0.283020,0.991230,0.000122,0.000549,0.003419,0.015018,3.726687,3.292402,1.798289,1.107691,0.613552,1.104394,0.800732,0.879462,3.304026,3.299447,0.797362,4.896360,4.908420,0.004274
0.810054,1,0.000000,0.220560,0.152245,0.000000,0.000000,0.181523,0.282044,1.473450,0.000183,0.000672,0.003297,0.015629,3.710912,3.299826,1.797800,1.104761,0.604395,1.102197,0.800732,0.879999,3.305857,3.299447,0.797362,4.891000,4.912440,0.004274
0.840053,1,0.000000,0.227392,0.152245,0.000000,0.000000,0.179571,0.283996,1.000160,0.000183,0.000427,0.003297,0.015507,3.722976,3.292402,1.798289,1.104761,0.614285,1.104394,0.799633,0.879193,3.304942,3.299447,0.797655,4.911100,4.919140,0.003419
0.870053,1,0.000000,0.226416,0.154197,0.000000,0.000000,0.181523,0.282044,1.000160,0.000183,0.000427,0.003236,0.015629,3.710912,3.293330,1.797312,1.104761,0.610988,1.104761,0.799633,0.879193,3.304942,3.299447,0.797655,4.895020,4.895020,0.004274
0.900054,1,0.000000,0.226416,0.154197,0.000000,0.000000,0.179571,0.281068,1.482380,0.000244,0.000549,0.003297,0.015385,3.713696,3.298898,1.796824,1.107691,0.606959,1.100732,0.800365,0.879193,3.305857,3.298531,0.797069,4.901720,4.899040,0.004274
0.930054,1,0.000000,0.228368,0.152245,0.000000,0.000000,0.179571,0.282044,1.000160,0.000244,0.000549,0.003358,0.015507,3.713696,3.301682,1.797800,1.104761,0.615750,1.100732,0.801831,0.879999,3.304942,3.299447,0.797655,4.907080,4.917800,0.004274
0.960053,1,0.000976,0.293755,0.153221,0.000000,0.000000,0.182499,0.283020,2.411100,0.000061,0.000427,0.003236,0.015507,3.696064,3.299826,1.797800,1.107691,0.613919,1.099999,0.799633,0.879193,3.303110,3.300363,0.797362,4.895020,4.893680,0.004274
0.990054,1,0.000000,0.219584,0.153221,0.000000,0.000000,0.181523,0.283020,1.491310,0.000183,0.000427,0.003297,0.015140,3.711840,3.327664,1.795847,1.110622,0.601098,1.102929,0.801098,0.879462,3.304942,3.300363,0.797362,4.882960,4.904400,0.004274
1.020053,1,0.000000,0.223488,0.153221,0.000000,0.000000,0.179571,0.282044,1.000160,0.000061,0.001038,0.003297,0.015507,3.715552,3.294258,1.798777,1.107325,0.615384,1.104394,0.800365,0.879731,3.305857,3.299447,0.797655,4.909760,4.920480,0.004274
1.050054,1,0.000976,0.221536,0.152245,0.000000,0.000000,0.178595,0.281068,1.812790,0.000183,0.000427,0.003419,0.015629,3.703488,3.297970,1.797800,1.106226,0.608791,1.104761,0.801098,0.879731,3.305857,3.300363,0.797655,4.886980,4.884300,0.004274
1.080054,1,0.002928,0.219584,0.153221,0.023422,0.000000,0.180547,0.283020,2.152130,0.000061,0.000427,0.003358,0.015629,3.711840,3.301682,1.797312,1.101830,0.605860,1.102929,0.801098,0.879193,3.305857,3.299447,0.797655,4.895020,4.920480,0.004274
1.110053,1,0.000000,0.222512,0.153221,0.000000,0.000000,0.180547,0.280092,1.000160,0.000183,0.000427,0.003358,0.015385,3.719264,3.291474,1.797312,1.101464,0.615018,1.102929,0.801464,0.879731,3.304942,3.299447,0.797948,4.909760,4.919140,0.004274
1.140053,1,0.000976,0.218608,0.152245,0.000000,0.000000,0.180547,0.283020,1.732420,0.000061,0.000549,0.003358,0.015385,3.710912,3.301682,1.797800,1.107691,0.609157,1.104028,0.801831,0.879731,3.304942,3.299447,0.797655,4.881620,4.884300,0.004274
1.170054,1,0.000976,0.218608,0.153221,0.000000,0.000000,0.180547,0.286923,2.116410,0.000244,0.000549,0.003358,0.015751,3.719264,3.298898,1.798777,1.107325,0.600732,1.104761,0.799633,0.879462,3.305857,3.300363,0.796776,4.912440,4.921820,0.004274
1.200054,1,0.000000,0.221536,0.154197,0.000000,0.000000,0.179571,0.282044,1.009090,0.000244,0.000488,0.003419,0.015385,3.726687,3.294258,1.797800,1.107691,0.614285,1.102929,0.802930,0.879462,3.303110,3.299447,0.797655,4.912440,4.901720,0.004274
1.230054,1,0.000976,0.218608,0.154197,0.000000,0.000000,0.181523,0.283020,1.723490,0.000061,0.000977,0.003236,0.015263,3.719264,3.299826,1.796824,1.104761,0.604029,1.104761,0.801098,0.879731,3.305857,3.298531,0.797655,4.870900,4.911100,0.004274
1.260055,1,0.000000,0.222512,0.155173,0.000000,0.000000,0.179571,0.280092,2.027110,0.000305,0.000672,0.003358,0.015140,3.715552,3.295186,1.797312,1.107691,0.611355,1.102929,0.801098,0.879462,3.305857,3.300363,0.797655,4.912440,4.919140,0.004274
1.290053,1,0.000976,0.218608,0.154197,0.000000,0.000000,0.178595,0.283020,1.000160,0.000183,0.000427,0.003358,0.015507,3.711840,3.293330,1.797312,1.104761,0.609889,1.104761,0.800732,0.879731,3.304942,3.300363,0.797655,4.881620,4.891000,0.004274
1.320053,1,0.000000,0.224464,0.152245,0.000000,0.000000,0.179571,0.281068,1.723490,0.000183,0.000427,0.003297,0.015507,3.704416,3.293330,1.798289,1.108058,0.604761,1.104761,0.800732,0.879462,3.304026,3.299447,0.797655,4.901720,4.896360,0.004274
1.350054,1,0.000000,0.222512,0.152245,0.000000,0.000000,0.179571,0.281068,1.009090,0.000183,0.000427,0.003358,0.015263,3.711840,3.298898,1.797312,1.103662,0.611355,1.102929,0.801831,0.879193,3.305857,3.299447,0.798241,4.912440,4.920480,0.004274
1.380053,1,0.000000,0.221536,0.152245,0.000000,0.000000,0.180547,0.283020,1.009090,0.000183,0.000427,0.003419,0.015140,3.703488,3.292402,1.798777,1.102197,0.602564,1.104028,0.800365,0.879462,3.304942,3.300363,0.797362,4.882960,4.907080,0.004274
1.410054,1,0.000000,0.219584,0.152245,0.000000,0.000000,0.180547,0.280092,1.848510,0.000183,0.000427,0.003297,0.015507,3.696064,3.301682,1.798289,1.107691,0.603662,1.104028,0.801831,0.879193,3.304026,3.298531,0.797948,4.899040,4.897700,0.004274
1.440053,1,0.000000,0.221536,0.153221,0.000000,0.000000,0.179571,0.283020,1.000160,0.000122,0.000549,0.003419,0.015629,3.710912,3.292402,1.797312,1.107691,0.613919,1.102929,0.802930,0.879731,3.305857,3.300363,0.797655,4.909760,4.924500,0.004274
1.470054,1,0.000976,0.217632,0.153221,0.000000,0.000000,0.178595,0.282044,2.107480,0.000183,0.000672,0.003297,0.015263,3.704416,3.299826,1.797800,1.107691,0.601465,1.100732,0.800732,0.879193,3.304942,3.299447,0.797655,4.895020,4.907080,0.004274
1.500053,1,0.000000,0.218608,0.152245,0.000000,0.000000,0.179571,0.283996,2.723650,0.000061,0.000855,0.003297,0.015629,3.715552,3.297970,1.796824,1.104761,0.611355,1.104028,0.799633,0.879193,3.304942,3.299447,0.797655,4.911100,4.920480,0.004274
1.530053,1,0.000000,0.220560,0.154197,0.000000,0.000000,0.180547,0.283020,1.500240,0.000122,0.000549,0.003419,0.015629,3.710912,3.293330,1.796824,1.107691,0.605494,1.104761,0.801098,0.879462,3.304942,3.300363,0.797655,4.889660,4.911100,0.004274
1.560054,1,0.000000,0.218608,0.155173,0.000000,0.000000,0.180547,0.281068,2.420030,0.000122,0.000549,0.003419,0.015629,3.699776,3.293330,1.796824,1.107691,0.612820,1.104028,0.800732,0.879462,3.304942,3.299447,0.797362,4.896360,4.919140,0.004274
1.590054,1,0.000000,0.218608,0.154197,0.000000,0.000000,0.180547,0.282044,1.000160,0.000183,0.000672,0.003297,0.015507,3.711840,3.292402,1.796824,1.105860,0.615018,1.099999,0.798900,0.879193,3.304942,3.299447,0.797655,4.911100,4.920480,0.004274
1.620053,1,0.000000,0.219584,0.151269,0.000000,0.000000,0.180547,0.281068,1.500240,0.000244,0.000549,0.003419,0.015507,3.719264,3.295186,1.798289,1.105494,0.618314,1.099999,0.801098,0.879731,3.305857,3.299447,0.797362,4.885640,4.903060,0.004274
1.650054,1,0.000000,0.222512,0.153221,0.000000,0.000000,0.178595,0.281068,1.759210,0.000244,0.000549,0.003480,0.015507,3.710912,3.295186,1.797312,1.108424,0.609157,1.104394,0.801098,0.879193,3.304942,3.299447,0.797655,4.911100,4.920480,0.004274
1.680053,1,0.000000,0.221536,0.152245,0.000000,0.000000,0.180547,0.282044,1.000160,0.000183,0.000672,0.003419,0.016117,3.715552,3.299826,1.798289,1.107691,0.605860,1.104761,0.801831,0.878925,3.304942,3.300363,0.797948,4.911100,4.888320,0.004274
1.710054,1,0.000000,0.218608,0.155173,0.000000,0.000000,0.180547,0.286923,2.116410,0.000244,0.000549,0.003358,0.015507,3.715552,3.298898,1.797800,1.102929,0.600366,1.102929,0.802930,0.879462,3.305857,3.298531,0.797655,4.892340,4.907080,0.004274
1.740054,1,0.000000,0.218608,0.152245,0.000000,0.000000,0.179571,0.282044,1.723490,0.000183,0.000672,0.003663,0.015507,3.700704,3.299826,1.796824,1.107691,0.603296,1.104761,0.800732,0.878925,3.304942,3.299447,0.797362,4.907080,4.921820,0.004274
1.770053,1,0.000000,0.219584,0.152245,0.000000,0.000000,0.179571,0.280092,1.009090,0.000061,0.000427,0.003358,0.016117,3.711840,3.357359,1.797800,1.107691,0.608424,1.104761,0.801098,0.879462,3.304026,3.300363,0.796776,4.897700,4.886980,0.004274
1.800054,1,0.000000,0.218608,0.152245,0.000000,0.000000,0.180547,0.283020,2.250360,0.000183,0.000672,0.003358,0.015629,3.715552,3.294258,1.797312,1.101464,0.602930,1.101464,0.798900,0.879193,3.304942,3.299447,0.797362,4.889660,4.896360,0.004274
1.830054,1,0.001952,0.220560,0.152245,0.000000,0.000000,0.179571,0.282044,1.750280,0.000061,0.000427,0.003358,0.015629,3.726687,3.313745,1.796824,1.104761,0.615018,1.101098,0.800732,0.879193,3.304942,3.299447,0.797655,4.909760,4.919140,0.003419
1.860053,1,0.000000,0.218608,0.153221,0.000000,0.000000,0.181523,0.282044,1.000160,0.000244,0.000733,0.003358,0.015507,3.710912,3.298898,1.796824,1.107691,0.605494,1.105127,0.800732,0.879731,3.303110,3.298531,0.797655,4.870900,4.911100,0.004274
1.890054,1,0.000000,0.216657,0.153221,0.000000,0.000000,0.179571,0.283020,2.027110,0.000061,0.000549,0.003297,0.015385,3.722976,3.301682,1.797800,1.104761,0.601098,1.102929,0.800732,0.879193,3.304942,3.299447,0.797948,4.888320,4.920480,0.004274
1.920054,1,0.000000,0.218608,0.154197,0.000000,0.000000,0.179571,0.283996,1.000160,0.000244,0.000672,0.003419,0.015629,3.726687,3.293330,1.796824,1.107691,0.615750,1.101464,0.800732,0.879999,3.304942,3.299447,0.797362,4.907080,4.908420,0.003419
1.950054,1,0.000000,0.220560,0.153221,0.000000,0.000000,0.179571,0.280092,2.187850,0.000061,0.000977,0.003358,0.015507,3.699776,3.307249,1.796824,1.107691,0.604029,1.104394,0.800732,0.879193,3.305857,3.300363,0.797069,4.888320,4.900380,0.004274
1.980054,1,0.000000,0.217632,0.152245,0.000000,0.000000,0.179571,0.283996,1.723490,0.000061,0.000672,0.003541,0.015263,3.711840,3.307249,1.797312,1.101464,0.611721,1.100732,0.801831,0.879462,3.303110,3.299447,0.796776,4.912440,4.924500,0.003419
2.010054,1,0.000000,0.220560,0.154197,0.000000,0.000000,0.191282,0.281068,1.000160,0.000061,0.001038,0.003358,0.015629,3.704416,3.294258,1.797312,1.102197,0.604761,1.101098,0.799633,0.879193,3.304942,3.299447,0.797655,4.895020,4.897700,0.004274
2.040053,1,0.000000,0.217632,0.153221,0.000000,0.000000,0.191282,0.283020,2.714720,0.000122,0.000549,0.003358,0.015629,3.701632,3.301682,1.797800,1.107691,0.600366,1.104761,0.799633,0.879462,3.304026,3.300363,0.797362,4.888320,4.901720,0.003419
2.070054,1,0.000976,0.263501,0.152245,0.000000,0.000000,0.191282,0.282044,1.018020,0.000061,0.001038,0.003297,0.015751,3.719264,3.299826,1.797312,1.101464,0.613919,1.104761,0.801098,0.879462,3.304026,3.298531,0.797655,4.907080,4.919140,0.004274
2.100053,1,0.000976,0.218608,0.152245,0.000000,0.000000,0.193234,0.284972,1.000160,0.000183,0.000427,0.003419,0.016117,3.711840,3.292402,1.798289,1.104761,0.606227,1.102929,0.800732,0.879731,3.303110,3.299447,0.797655,4.892340,4.909760,0.004274
2.130054,1,0.000000,0.219584,0.153221,0.000000,0.000000,0.202993,0.283020,1.500240,0.000244,0.000549,0.003419,0.015263,3.710912,3.299826,1.798289,1.104761,0.601831,1.104028,0.801831,0.879462,3.305857,3.300363,0.797362,4.891000,4.912440,0.004274
2.160054,1,0.000000,0.222512,0.154197,0.000000,0.000000,0.180547,0.282044,1.018020,0.000061,0.000977,0.003297,0.015751,3.715552,3.294258,1.797800,1.104394,0.612820,1.102929,0.801831,0.879462,3.304026,3.298531,0.797362,4.912440,4.920480,0.004274
2.190054,1,0.000976,0.219584,0.161028,0.000000,0.000000,0.180547,0.281068,1.026950,0.000183,0.000672,0.003236,0.015629,3.711840,3.293330,1.797312,1.107325,0.603296,1.102929,0.801098,0.879193,3.305857,3.300363,0.798241,4.892340,4.904400,0.004274
2.220053,1,0.000000,0.217632,0.153221,0.000000,0.000000,0.180547,0.282044,1.509170,0.000122,0.000733,0.003480,0.015385,3.697920,3.295186,1.796824,1.102929,0.600732,1.104761,0.801831,0.879999,3.304942,3.299447,0.797655,4.878940,4.904400,0.004274
2.250054,1,0.000976,0.220560,0.152245,0.000000,0.000000,0.178595,0.282044,1.009090,0.000244,0.000549,0.003419,0.015873,3.713696,3.298898,1.797312,1.104761,0.615018,1.102197,0.800732,0.879462,3.304026,3.298531,0.797362,4.907080,4.921820,0.004274
2.280054,1,0.000000,0.227392,0.152245,0.000000,0.000000,0.181523,0.283020,1.527030,0.000122,0.000549,0.003419,0.015018,3.710912,3.292402,1.797800,1.104761,0.612454,1.100732,0.802930,0.879462,3.304942,3.300363,0.797362,4.896360,4.899040,0.004274
2.310053,1,0.000000,0.227392,0.157125,0.000000,0.000000,0.179571,0.282044,1.509170,0.000183,0.000427,0.003358,0.015018,3.711840,3.293330,1.797312,1.106226,0.601098,1.104761,0.801098,0.879193,3.307689,3.299447,0.797362,4.896360,4.920480,0.003419
2.340054,1,0.002928,0.228368,0.155173,0.000000,0.000000,0.179571,0.281068,1.009090,0.000244,0.000672,0.003419,0.015140,3.711840,3.292402,1.798289,1.104761,0.615018,1.101464,0.799633,0.879462,3.304026,3.299447,0.797362,4.907080,4.917800,0.004274
2.370055,1,0.000000,0.226416,0.153221,0.000000,0.000000,0.181523,0.282044,2.402170,0.000061,0.000672,0.003358,0.015507,3.710912,3.294258,1.796824,1.101830,0.611721,1.101098,0.802930,0.879193,3.304942,3.299447,0.797655,4.884300,4.882960,0.004274
2.400053,1,0.000000,0.232271,0.153221,0.000000,0.000000,0.180547,0.282044,2.143200,0.000061,0.000427,0.003358,0.015629,3.711840,3.311889,1.796335,1.107325,0.602197,1.105127,0.801831,0.879731,3.305857,3.298531,0.797655,4.909760,4.920480,0.004274
2.430054,1,0.000000,0.224464,0.153221,0.000000,0.000000,0.179571,0.283996,1.026950,0.000183,0.000427,0.003419,0.015263,3.711840,3.292402,1.798289,1.102197,0.612087,1.102929,0.801098,0.879462,3.304026,3.298531,0.797655,4.888320,4.904400,0.004274
2.460054,1,0.000000,0.218608,0.153221,0.000000,0.000000,0.178595,0.283020,1.750280,0.000183,0.000549,0.003297,0.015507,3.722976,3.299826,1.798289,1.110622,0.604761,1.102563,0.799633,0.879193,3.304026,3.298531,0.797362,4.874920,4.909760,0.003419
2.490054,1,0.000000,0.217632,0.153221,0.000000,0.000000,0.179571,0.281068,1.937810,0.000183,0.000672,0.003297,0.015385,3.697920,3.301682,1.796824,1.102929,0.610988,1.101464,0.799633,0.879999,3.304942,3.297616,0.797948,4.908420,4.920480,0.004274
2.520053,1,0.000000,0.220560,0.152245,0.000000,0.000000,0.180547,0.283020,1.009090,0.000183,0.000427,0.003297,0.016117,3.701632,3.294258,1.797800,1.107691,0.603662,1.101098,0.800732,0.879193,3.304942,3.299447,0.797948,4.899040,4.904400,0.004274
2.550054,1,0.000000,0.217632,0.154197,0.000000,0.000000,0.193234,0.284972,1.741350,0.000061,0.000672,0.003358,0.016117,3.703488,3.311889,1.796824,1.101464,0.600366,1.100732,0.802930,0.879999,3.304942,3.299447,0.797948,4.899040,4.907080,0.004274
2.580054,1,0.000976,0.219584,0.151269,0.000000,0.000000,0.193234,0.283996,1.026950,0.000061,0.000549,0.003358,0.015385,3.715552,3.294258,1.797312,1.107691,0.614651,1.102929,0.801464,0.879462,3.306773,3.299447,0.797655,4.909760,4.920480,0.004274
2.610053,1,0.000000,0.220560,0.158101,0.000000,0.000000,0.191282,0.283020,2.027110,0.000183,0.000672,0.003297,0.015385,3.719264,3.301682,1.797800,1.101464,0.604029,1.104394,0.801098,0.879462,3.304026,3.299447,0.797948,4.891000,4.897700,0.004274
2.640053,1,0.000976,0.222512,0.153221,0.000000,0.000000,0.178595,0.283996,1.902090,0.000061,0.001038,0.003297,0.015263,3.711840,3.307249,1.798289,1.101464,0.611721,1.099999,0.800365,0.879193,3.304942,3.299447,0.797655,4.911100,4.919140,0.003419
2.670054,1,0.000976,0.218608,0.188355,0.000000,0.000000,0.200066,0.283020,2.732580,0.000122,0.000549,0.003419,0.015385,3.699776,3.307249,1.797800,1.107691,0.603296,1.104028,0.801464,0.879999,3.304942,3.299447,0.797362,4.888320,4.904400,0.003419
2.700054,1,0.000000,0.217632,0.153221,0.000000,0.000000,0.182499,0.287899,1.509170,0.000122,0.000549,0.003419,0.015507,3.698848,3.357359,1.796824,1.107691,0.614285,1.104028,0.800365,0.879462,3.303110,3.299447,0.797655,4.892340,4.895020,0.004274
2.730053,1,0.000000,0.223488,0.155173,0.000000,0.000000,0.180547,0.284972,1.018020,0.000183,0.000427,0.003419,0.015140,3.719264,3.291474,1.798289,1.104394,0.613552,1.106226,0.801098,0.879193,3.304942,3.299447,0.797948,4.909760,4.917800,0.003419
2.760053,1,0.002928,0.221536,0.155173,0.000000,0.000000,0.178595,0.283020,2.687930,0.000183,0.000427,0.003419,0.015629,3.699776,3.295186,1.798289,1.104761,0.600732,1.101098,0.800732,0.879999,3.304026,3.299447,0.797655,4.889660,4.911100,0.003419
2.790054,1,0.000000,0.221536,0.153221,0.000000,0.000000,0.180547,0.283996,2.437890,0.000122,0.000549,0.003358,0.015507,3.699776,3.298898,1.796824,1.101464,0.613552,1.100732,0.801831,0.879731,3.305857,3.298531,0.797655,4.892340,4.920480,0.003419
2.820053,1,0.000976,0.225440,0.152245,0.000000,0.000000,0.180547,0.282044,1.009090,0.000183,0.000427,0.003358,0.015385,3.715552,3.327664,1.797312,1.101464,0.614651,1.104761,0.801831,0.879193,3.304942,3.300363,0.797069,4.911100,4.920480,0.004274
2.850054,1,0.000000,0.228368,0.153221,0.000000,0.000000,0.179571,0.282044,1.500240,0.000183,0.000672,0.003358,0.015507,3.715552,3.301682,1.798289,1.104761,0.606227,1.102929,0.799633,0.879462,3.304942,3.299447,0.797655,4.882960,4.900380,0.004274
2.880054,1,0.000000,0.230320,0.153221,0.000000,0.000000,0.180547,0.284972,1.777070,0.000183,0.000672,0.003419,0.015263,3.722976,3.299826,1.797800,1.104761,0.613186,1.099999,0.802930,0.879193,3.304942,3.298531,0.797362,4.907080,4.921820,0.004274
2.910053,1,0.000000,0.231295,0.151269,0.000000,0.000000,0.178595,0.283020,1.018020,0.000244,0.000549,0.003419,0.015140,3.710912,3.292402,1.797800,1.108058,0.613552,1.104028,0.799633,0.879462,3.304942,3.299447,0.797948,4.907080,4.899040,0.004274
2.940054,1,0.000976,0.232271,0.152245,0.022446,0.000000,0.181523,0.282044,1.500240,0.000122,0.000549,0.003297,0.015629,3.701632,3.299826,1.796824,1.107691,0.601098,1.104394,0.800732,0.879462,3.305857,3.300363,0.797362,4.897700,4.903060,0.004274
2.970055,1,0.000000,0.226416,0.153221,0.000000,0.000000,0.178595,0.283020,1.018020,0.000061,0.000549,0.003297,0.015140,3.715552,3.299826,1.798289,1.104761,0.612820,1.104394,0.800732,0.879193,3.303110,3.299447,0.797362,4.912440,4.920480,0.004274
3.000054,1,0.000976,0.223488,0.154197,0.000000,0.000000,0.179571,0.281068,1.732420,0.000244,0.000549,0.003419,0.015507,3.726687,3.292402,1.798289,1.101464,0.604761,1.102929,0.801464,0.879462,3.304942,3.299447,0.797362,4.877600,4.907080,0.004274
3.030054,1,0.000000,0.218608,0.152245,0.000000,0.000000,0.180547,0.281068,2.036040,0.000244,0.000549,0.003419,0.015507,3.710912,3.299826,1.797312,1.101830,0.604761,1.101098,0.802930,0.879462,3.303110,3.300363,0.797362,4.882960,4.921820,0.004274
3.060054,1,0.000000,0.220560,0.153221,0.000000,0.000000,0.182499,0.281068,1.018020,0.000183,0.000427,0.003358,0.015629,3.711840,3.298898,1.798289,1.104761,0.614651,1.104028,0.800732,0.879462,3.304026,3.300363,0.797362,4.909760,4.920480,0.004274
3.090053,1,0.000000,0.219584,0.152245,0.000000,0.000000,0.179571,0.283996,1.732420,0.000183,0.000427,0.003358,0.016117,3.711840,3.293330,1.797800,1.101464,0.603296,1.104761,0.800732,0.879193,3.304942,3.299447,0.797948,4.899040,4.911100,0.004274
3.120054,1,0.000000,0.220560,0.151269,0.000000,0.000000,0.179571,0.282044,1.571680,0.000061,0.000549,0.003297,0.015507,3.710912,3.297970,1.796824,1.102197,0.611721,1.100732,0.799267,0.878925,3.305857,3.299447,0.797948,4.911100,4.908420,0.004274
3.150054,1,0.000976,0.224464,0.153221,0.000000,0.000000,0.180547,0.283020,1.018020,0.000183,0.000427,0.003297,0.015263,3.715552,3.301682,1.797312,1.107691,0.601465,1.104761,0.801831,0.879999,3.304942,3.299447,0.797948,4.882960,4.909760,0.004274
3.180054,1,0.000000,0.283020,0.153221,0.000000,0.000000,0.180547,0.283020,1.919950,0.000061,0.000977,0.003358,0.015385,3.696993,3.327664,1.796824,1.109156,0.601831,1.100732,0.802930,0.879193,3.305857,3.300363,0.797655,4.901720,4.900380,0.004274
3.210054,1,0.000000,0.219584,0.154197,0.000000,0.000000,0.180547,0.281068,1.794930,0.000244,0.000549,0.003419,0.015385,3.711840,3.292402,1.798289,1.102197,0.609889,1.104028,0.801831,0.879462,3.304026,3.299447,0.797655,4.907080,4.920480,0.004274
3.240054,1,0.000000,0.218608,0.152245,0.000000,0.000000,0.179571,0.283020,1.026950,0.000061,0.000672,0.003419,0.015507,3.703488,3.291474,1.797312,1.102197,0.602197,1.104028,0.801464,0.879462,3.304942,3.298531,0.797655,4.886980,4.900380,0.004274
3.270054,1,0.000000,0.219584,0.153221,0.000000,0.000000,0.178595,0.282044,2.366450,0.000244,0.000549,0.003419,0.015629,3.699776,3.293330,1.797800,1.103296,0.606959,1.099999,0.802930,0.879999,3.304026,3.299447,0.797948,4.888320,4.897700,0.004274
3.300054,1,0.000000,0.220560,0.154197,0.000000,0.000000,0.178595,0.286923,2.027110,0.000244,0.000549,0.003419,0.015507,3.703488,3.294258,1.796824,1.107691,0.613186,1.104761,0.801098,0.879462,3.304026,3.299447,0.797362,4.907080,4.919140,0.004274
3.330054,1,0.000000,0.220560,0.154197,0.000000,0.000000,0.181523,0.282044,1.009090,0.000244,0.000549,0.003419,0.015507,3.710912,3.357359,1.799266,1.104761,0.605860,1.102197,0.800732,0.879193,3.303110,3.299447,0.797655,4.892340,4.904400,0.004274
3.360054,1,0.000000,0.221536,0.153221,0.000000,0.000000,0.179571,0.282044,2.732580,0.000183,0.000427,0.003297,0.015140,3.704416,3.307249,1.796824,1.110622,0.602197,1.102929,0.800732,0.879999,3.304026,3.300363,0.796776,4.888320,4.901720,0.004274
3.390054,1,0.000000,0.220560,0.152245,0.000000,0.000000,0.180547,0.282044,1.026950,0.000183,0.000427,0.003358,0.015018,3.711840,3.292402,1.797800,1.102929,0.612087,1.104028,0.800732,0.879193,3.304026,3.299447,0.797948,4.909760,4.923160,0.004274
3.420054,1,0.000000,0.219584,0.153221,0.000000,0.000000,0.179571,0.283996,1.026950,0.000183,0.000427,0.003358,0.015507,3.711840,3.327664,1.796824,1.101464,0.604395,1.100732,0.801464,0.879193,3.303110,3.299447,0.797655,4.892340,4.903060,0.004274
3.450054,1,0.000000,0.219584,0.152245,0.000000,0.000000,0.178595,0.281068,2.670070,0.000061,0.000672,0.003297,0.015629,3.710912,3.299826,1.798289,1.105127,0.599999,1.100365,0.800732,0.879731,3.304026,3.300363,0.797362,4.891000,4.909760,0.004274
3.480054,1,0.000000,0.220560,0.152245,0.000000,0.000000,0.177619,0.281068,1.026950,0.000183,0.000427,0.003419,0.015263,3.711840,3.292402,1.797312,1.102929,0.615750,1.104761,0.801098,0.879999,3.304942,3.299447,0.797655,4.911100,4.919140,0.004274
3.510054,1,0.000000,0.219584,0.153221,0.000000,0.000000,0.181523,0.303514,1.500240,0.000183,0.000672,0.003297,0.015263,3.704416,3.294258,1.798289,1.110622,0.612087,1.100732,0.800732,0.879193,3.304942,3.299447,0.797655,4.895020,4.896360,0.003419
3.540053,1,0.000000,0.217632,0.156149,0.000000,0.000000,0.180547,0.284972,1.509170,0.000244,0.000549,0.003358,0.015629,3.711840,3.299826,1.798777,1.104761,0.603296,1.104761,0.800732,0.879462,3.305857,3.300363,0.797362,4.897700,4.919140,0.004274
3.570054,1,0.002928,0.218608,0.152245,0.000000,0.000000,0.180547,0.283020,1.009090,0.000061,0.000549,0.003358,0.015507,3.711840,3.301682,1.796824,1.102197,0.612820,1.104761,0.800732,0.878925,3.304026,3.297616,0.797655,4.907080,4.923160,0.004274
3.600053,1,0.000000,0.219584,0.152245,0.000000,0.000000,0.180547,0.283996,2.455750,0.000183,0.000672,0.003236,0.015873,3.726687,3.299826,1.796824,1.104761,0.614651,1.104028,0.800732,0.879193,3.304942,3.299447,0.797655,4.884300,4.885640,0.004274
3.630054,1,0.000976,0.221536,0.154197,0.000000,0.000000,0.179571,0.287899,2.178920,0.000183,0.000672,0.003358,0.015263,3.719264,3.291474,1.799266,1.101464,0.608791,1.100732,0.802930,0.879731,3.304942,3.300363,0.797069,4.912440,4.920480,0.004274
3.660053,1,0.000000,0.219584,0.153221,0.000000,0.000000,0.180547,0.283020,1.018020,0.000244,0.000549,0.003358,0.015385,3.710912,3.301682,1.796824,1.104761,0.601098,1.102929,0.801831,0.879462,3.303110,3.299447,0.797362,4.896360,4.892340,0.004274
3.690055,1,0.000000,0.217632,0.153221,0.000000,0.000000,0.179571,0.282044,1.768140,0.000061,0.000672,0.003358,0.015629,3.699776,3.301682,1.798289,1.101830,0.605860,1.104028,0.801831,0.879731,3.303110,3.298531,0.797362,4.877600,4.909760,0.004274
3.720055,1,0.000976,0.219584,0.152245,0.000000,0.000000,0.180547,0.283020,1.026950,0.000061,0.000672,0.003358,0.015263,3.704416,3.289618,1.797312,1.106959,0.614285,1.104028,0.799633,0.879462,3.304942,3.299447,0.797362,4.907080,4.921820,0.004274
3.750053,1,0.002928,0.221536,0.153221,0.000000,0.000000,0.179571,0.283020,1.009090,0.000244,0.000672,0.003419,0.015629,3.719264,3.293330,1.798289,1.106226,0.606593,1.102929,0.799633,0.878925,3.304026,3.299447,0.797948,4.895020,4.907080,0.004274
3.780054,1,0.000000,0.221536,0.189330,0.000000,0.000000,0.179571,0.283996,1.723490,0.000061,0.000427,0.003358,0.015263,3.711840,3.311889,1.798289,1.104761,0.605494,1.104761,0.799633,0.878925,3.304026,3.299447,0.797948,4.907080,4.920480,0.003419
3.810053,1,0.000000,0.219584,0.154197,0.000000,0.000000,0.179571,0.282044,1.018020,0.000061,0.000672,0.003358,0.015385,3.700704,3.293330,1.797312,1.104394,0.604029,1.104761,0.801464,0.879462,3.304026,3.298531,0.797362,4.897700,4.900380,0.004274
3.840054,1,0.000000,0.218608,0.153221,0.000000,0.000000,0.179571,0.283996,1.812790,0.000122,0.000549,0.003419,0.015140,3.711840,3.294258,1.796824,1.104761,0.604761,1.105127,0.800365,0.878925,3.304942,3.299447,0.797655,4.886980,4.905740,0.004274
3.870054,1,0.000976,0.220560,0.153221,0.000000,0.000000,0.179571,0.283996,1.018020,0.000061,0.000672,0.003358,0.015629,3.715552,3.297970,1.797312,1.107691,0.615750,1.101098,0.801831,0.878925,3.304942,3.299447,0.797655,4.911100,4.919140,0.004274
3.900053,1,0.000000,0.220560,0.153221,0.000000,0.000000,0.181523,0.284972,2.232500,0.000061,0.000672,0.003358,0.015140,3.719264,3.291474,1.796335,1.105494,0.602930,1.105494,0.798900,0.879999,3.305857,3.299447,0.797948,4.888320,4.901720,0.004274
3.930054,1,0.000000,0.220560,0.154197,0.000000,0.000000,0.180547,0.281068,1.893160,0.000244,0.000549,0.003419,0.015263,3.700704,3.311889,1.796335,1.106226,0.604395,1.100732,0.802930,0.879731,3.305857,3.300363,0.797655,4.896360,4.904400,0.004274
3.960054,1,0.000000,0.220560,0.153221,0.000000,0.000000,0.178595,0.284972,1.026950,0.000183,0.000549,0.003297,0.015263,3.715552,3.301682,1.797312,1.107691,0.613186,1.105494,0.799633,0.878925,3.304942,3.299447,0.797948,4.909760,4.920480,0.004274
3.990053,1,0.000000,0.219584,0.153221,0.000000,0.000000,0.183475,0.282044,2.723650,0.000183,0.000427,0.003297,0.015385,3.703488,3.301682,1.798289,1.101830,0.606227,1.104028,0.800732,0.879731,3.304942,3.299447,0.797655,4.881620,4.889660,0.004274
4.020054,1,0.000000,0.222512,0.152245,0.000000,0.000000,0.189330,0.283996,1.634190,0.000183,0.000427,0.003297,0.015263,3.710912,3.291474,1.796824,1.107325,0.613186,1.100365,0.802930,0.879731,3.304942,3.299447,0.797655,4.892340,4.921820,0.004274
4.050053,1,0.000000,0.220560,0.152245,0.000000,0.000000,0.192258,0.282044,1.018020,0.000061,0.000427,0.003358,0.016117,3.726687,3.291474,1.797312,1.107691,0.615018,1.104394,0.802930,0.879462,3.304026,3.300363,0.796776,4.907080,4.921820,0.004274
4.080053,1,0.000976,0.222512,0.154197,0.000000,0.000000,0.191282,0.282044,1.509170,0.000061,0.000549,0.003297,0.015263,3.710912,3.298898,1.796824,1.104761,0.602930,1.104394,0.801831,0.879193,3.304942,3.299447,0.797655,4.889660,4.912440,0.004274
4.110054,1,0.001952,0.220560,0.154197,0.000000,0.000000,0.202017,0.281068,2.455750,0.000244,0.000549,0.003419,0.015507,3.710912,3.292402,1.796824,1.107691,0.612087,1.102929,0.801831,0.879193,3.303110,3.299447,0.797362,4.909760,4.921820,0.004274
4.140054,1,0.000976,0.219584,0.152245,0.000000,0.000000,0.182499,0.282044,1.803860,0.000183,0.000427,0.003419,0.015263,3.710912,3.327664,1.796824,1.106226,0.608791,1.104761,0.799633,0.879731,3.305857,3.300363,0.797362,4.876260,4.881620,0.004274
4.170054,1,0.000000,0.220560,0.153221,0.000000,0.000000,0.180547,0.280092,2.187850,0.000061,0.000977,0.003297,0.015507,3.715552,3.307249,1.798289,1.104761,0.601098,1.105494,0.799633,0.879731,3.305857,3.298531,0.798241,4.892340,4.920480,0.004274
4.200054,1,0.000000,0.222512,0.154197,0.000000,0.000000,0.179571,0.282044,1.018020,0.000061,0.000427,0.003358,0.015385,3.703488,3.301682,1.798777,1.104761,0.615018,1.101464,0.801464,0.879462,3.304026,3.299447,0.797948,4.905740,4.920480,0.004274
4.230054,1,0.000000,0.219584,0.153221,0.000000,0.000000,0.180547,0.282044,1.723490,0.000122,0.000549,0.003419,0.015263,3.719264,3.355503,1.797800,1.104761,0.604761,1.104761,0.801098,0.879999,3.304942,3.299447,0.797362,4.877600,4.907080,0.004274
4.260054,1,0.000000,0.220560,0.152245,0.000000,0.000000,0.179571,0.280092,2.053900,0.000061,0.000427,0.003297,0.015507,3.719264,3.307249,1.797312,1.104761,0.608791,1.104761,0.800365,0.879731,3.303110,3.298531,0.796776,4.909760,4.921820,0.004274
4.290054,1,0.000000,0.260573,0.152245,0.000000,0.000000,0.180547,0.283020,1.018020,0.000244,0.000549,0.003358,0.014774,3.719264,3.301682,1.796824,1.107325,0.615018,1.100732,0.800732,0.879193,3.303110,3.300363,0.797362,4.908420,4.886980,0.004274
4.320053,1,0.000976,0.228368,0.153221,0.000000,0.000000,0.181523,0.283020,1.750280,0.000244,0.000549,0.003297,0.015385,3.719264,3.307249,1.798289,1.108790,0.601098,1.105127,0.801831,0.879462,3.305857,3.300363,0.797362,4.897700,4.911100,0.003419
4.350055,1,0.000000,0.226416,0.154197,0.000000,0.000000,0.179571,0.282044,1.598470,0.000244,0.000549,0.003358,0.015629,3.699776,3.301682,1.798289,1.101464,0.609523,1.104761,0.802930,0.879193,3.303110,3.298531,0.796776,4.908420,4.921820,0.004274
4.380054,1,0.001952,0.234223,0.152245,0.000000,0.000000,0.180547,0.282044,1.000160,0.000183,0.000427,0.003297,0.015629,3.719264,3.301682,1.797800,1.101830,0.615018,1.102563,0.801098,0.879193,3.304026,3.299447,0.797362,4.899040,4.897700,0.003419
4.410054,1,0.000000,0.221536,0.153221,0.000000,0.000000,0.178595,0.282044,1.830650,0.000244,0.000549,0.003297,0.015751,3.703488,3.299826,1.798289,1.101830,0.606227,1.105127,0.799267,0.879462,3.304942,3.300363,0.797362,4.897700,4.899040,0.003419
4.440054,1,0.000976,0.219584,0.153221,0.000000,0.000000,0.179571,0.280092,2.411100,0.000183,0.000672,0.003297,0.015385,3.701632,3.298898,1.796824,1.103296,0.610622,1.101464,0.802930,0.879462,3.307689,3.299447,0.797362,4.907080,4.920480,0.004274
4.470054,1,0.000000,0.219584,0.152245,0.000000,0.000000,0.181523,0.283996,1.018020,0.000061,0.000672,0.003358,0.015629,3.697920,3.293330,1.796824,1.104761,0.605494,1.104761,0.802930,0.879193,3.303110,3.299447,0.797362,4.882960,4.903060,0.004274
4.500053,1,0.000000,0.222512,0.155173,0.000000,0.000000,0.179571,0.284972,1.902090,0.000183,0.000427,0.003419,0.015263,3.711840,3.307249,1.798289,1.107691,0.601831,1.100732,0.800365,0.879462,3.304026,3.298531,0.797655,4.901720,4.896360,0.004274
4.530054,1,0.000000,0.219584,0.153221,0.000000,0.000000,0.181523,0.283996,1.768140,0.000122,0.000549,0.003419,0.015018,3.710912,3.295186,1.796824,1.102929,0.611355,1.099999,0.801831,0.879193,3.305857,3.300363,0.797069,4.912440,4.921820,0.004274
4.560053,1,0.000976,0.218608,0.153221,0.000000,0.000000,0.193234,0.282044,1.026950,0.000122,0.000549,0.003419,0.015385,3.704416,3.307249,1.797800,1.104761,0.602930,1.104394,0.801098,0.879462,3.304026,3.300363,0.797362,4.882960,4.905740,0.004274
4.590054,1,0.000000,0.219584,0.154197,0.000000,0.000000,0.191282,0.282044,1.777070,0.000244,0.000488,0.003358,0.015507,3.711840,3.301682,1.798289,1.104761,0.602564,1.102929,0.798900,0.879193,3.304942,3.299447,0.797655,4.881620,4.899040,0.004274
4.620054,1,0.000976,0.220560,0.152245,0.000000,0.000000,0.192258,0.283020,1.026950,0.000061,0.000549,0.003358,0.015263,3.715552,3.301682,1.797800,1.104761,0.613552,1.100365,0.800732,0.879193,3.304942,3.299447,0.797655,4.911100,4.920480,0.004274
4.650054,1,0.000976,0.218608,0.154197,0.000000,0.000000,0.202017,0.283996,1.723490,0.000244,0.000549,0.003297,0.015629,3.711840,3.298898,1.797800,1.107691,0.602564,1.102929,0.800732,0.879731,3.303110,3.299447,0.797655,4.892340,4.909760,0.004274
4.680053,1,0.002928,0.220560,0.152245,0.000000,0.000000,0.192258,0.283020,1.509170,0.000183,0.000427,0.003419,0.015385,3.719264,3.293330,1.796824,1.102929,0.606593,1.102929,0.801464,0.879193,3.304942,3.299447,0.797655,4.888320,4.919140,0.004274
4.710053,1,0.000000,0.217632,0.155173,0.000000,0.000000,0.178595,0.283020,1.018020,0.000244,0.000549,0.003297,0.015385,3.719264,3.298898,1.797800,1.104761,0.608424,1.104761,0.801831,0.879462,3.304026,3.299447,0.797362,4.907080,4.919140,0.003419
4.740054,1,0.000976,0.220560,0.153221,0.000000,0.000000,0.179571,0.282044,1.544890,0.000122,0.000549,0.003419,0.015385,3.711840,3.299826,1.798289,1.106226,0.613552,1.100732,0.799633,0.879462,3.305857,3.298531,0.797362,4.896360,4.904400,0.004274
4.770054,1,0.000000,0.221536,0.152245,0.000000,0.000000,0.179571,0.282044,1.509170,0.000061,0.000549,0.003358,0.015385,3.704416,3.301682,1.797800,1.104028,0.601465,1.102929,0.801098,0.878925,3.304026,3.299447,0.797362,4.911100,4.920480,0.004274
4.800054,1,0.000000,0.219584,0.152245,0.000000,0.000000,0.179571,0.282044,1.026950,0.000183,0.000427,0.003419,0.015140,3.719264,3.299826,1.798289,1.104394,0.613552,1.104028,0.801831,0.879999,3.304942,3.298531,0.797655,4.888320,4.896360,0.004274
4.830054,1,0.000000,0.227392,0.152245,0.000000,0.000000,0.178595,0.283020,2.446820,0.000183,0.000672,0.003358,0.015140,3.710912,3.301682,1.797312,1.101464,0.609157,1.104394,0.801831,0.879462,3.307689,3.300363,0.797362,4.893680,4.885640,0.004274
4.860053,1,0.001952,0.228368,0.151269,0.000976,0.000000,0.179571,0.283996,2.259290,0.000061,0.000672,0.003358,0.015629,3.711840,3.299826,1.797800,1.110622,0.609157,1.106226,0.799633,0.879193,3.304026,3.299447,0.797655,4.911100,4.921820,0.004274
4.890054,1,0.000000,0.229344,0.190306,0.000000,0.000000,0.179571,0.283996,1.018020,0.000244,0.000549,0.003419,0.015507,3.719264,3.292402,1.798289,1.102563,0.601831,1.101464,0.801098,0.879462,3.305857,3.300363,0.797362,4.897700,4.903060,0.004274
4.920054,1,0.000000,0.236175,0.152245,0.000000,0.000000,0.180547,0.283020,1.768140,0.000183,0.000427,0.003419,0.015140,3.710912,3.301682,1.797800,1.104394,0.608058,1.101098,0.800365,0.879999,3.304942,3.300363,0.797069,4.881620,4.917800,0.003419
4.950054,1,0.000000,0.223488,0.153221,0.000000,0.000000,0.180547,0.283020,1.018020,0.000061,0.000672,0.003419,0.015140,3.715552,3.293330,1.797800,1.102929,0.602564,1.100732,0.800732,0.879999,3.304942,3.299447,0.797948,4.901720,4.911100,0.004274
4.980054,1,0.000000,0.218608,0.151269,0.000000,0.000000,0.179571,0.283020,2.562910,0.000183,0.000427,0.003297,0.015140,3.711840,3.299826,1.797312,1.107691,0.600366,1.104028,0.802930,0.879462,3.304026,3.299447,0.797655,4.882960,4.903060,0.004274
5.010054,1,0.000000,0.222512,0.152245,0.000000,0.000000,0.179571,0.282044,2.196780,0.000183,0.000427,0.003419,0.015629,3.715552,3.298898,1.798289,1.102929,0.614651,1.104761,0.801098,0.879193,3.304026,3.300363,0.797362,4.909760,4.920480,0.004274
5.040053,1,0.000000,0.224464,0.152245,0.000000,0.000000,0.180547,0.283996,1.026950,0.000061,0.000549,0.003297,0.015385,3.711840,3.301682,1.796824,1.102197,0.601831,1.104394,0.799633,0.879462,3.304026,3.299447,0.797362,4.901720,4.892340,0.004274
5.070054,1,0.002928,0.219584,0.151269,0.000000,0.000000,0.179571,0.280092,1.598470,0.000244,0.000488,0.003358,0.015140,3.726687,3.298898,1.797312,1.103296,0.603662,1.104761,0.800732,0.879462,3.304942,3.300363,0.797655,4.892340,4.905740,0.004274
5.100054,1,0.000000,0.222512,0.152245,0.000000,0.000000,0.180547,0.283020,1.035880,0.000061,0.000183,0.003358,0.015629,3.715552,3.301682,1.796824,1.104761,0.612820,1.101098,0.801831,0.879193,3.303110,3.299447,0.797655,4.911100,4.921820,0.004274
5.130054,1,0.000000,0.219584,0.152245,0.000000,0.000000,0.180547,0.281068,1.160900,0.000183,0.000427,0.003358,0.015263,3.715552,3.301682,1.798289,1.107691,0.599633,1.101464,0.800732,0.879193,3.304026,3.299447,0.797655,4.899040,4.899040,0.004274
5.160054,1,0.000000,0.219584,0.150293,0.000000,0.000000,0.179571,0.280092,1.794930,0.000244,0.000549,0.003358,0.015873,3.704416,3.301682,1.797312,1.107691,0.603296,1.104761,0.798900,0.879731,3.303110,3.299447,0.797655,4.892340,4.907080,0.004274
5.190054,1,0.000000,0.220560,0.153221,0.000000,0.000000,0.179571,0.281068,1.026950,0.000244,0.000549,0.003419,0.015263,3.719264,3.294258,1.797800,1.104394,0.615750,1.104394,0.800732,0.879462,3.304942,3.297616,0.797362,4.907080,4.919140,0.004274
5.220054,1,0.000000,0.221536,0.153221,0.000000,0.000000,0.179571,0.282044,1.759210,0.000183,0.000427,0.003358,0.015507,3.710912,3.291474,1.798289,1.106226,0.602197,1.099999,0.799633,0.879193,3.303110,3.299447,0.797655,4.881620,4.899040,0.004274
5.250055,1,0.000000,0.220560,0.153221,0.000000,0.000000,0.180547,0.283996,1.884230,0.000183,0.000427,0.003358,0.015263,3.715552,3.301682,1.797312,1.104761,0.603662,1.101464,0.801831,0.878925,3.304942,3.298531,0.797362,4.907080,4.921820,0.004274
5.280054,1,0.000976,0.223488,0.155173,0.000000,0.000000,0.179571,0.284972,1.026950,0.000122,0.000549,0.003358,0.015873,3.703488,3.301682,1.796824,1.107691,0.615018,1.104761,0.800732,0.879193,3.303110,3.298531,0.797655,4.892340,4.899040,0.004274
5.310053,1,0.000000,0.219584,0.160052,0.022446,0.000000,0.180547,0.282044,1.509170,0.000061,0.000549,0.003297,0.015263,3.711840,3.301682,1.796824,1.101830,0.605860,1.104761,0.800732,0.879193,3.304942,3.299447,0.797655,4.888320,4.905740,0.004274
5.340054,1,0.000000,0.221536,0.151269,0.000000,0.000000,0.179571,0.282044,1.026950,0.000183,0.000427,0.003419,0.015385,3.715552,3.299826,1.798289,1.106226,0.612087,1.104761,0.800732,0.879462,3.304026,3.299447,0.797948,4.908420,4.920480,0.004274
5.370054,1,0.000000,0.215681,0.153221,0.000000,0.000000,0.180547,0.281068,1.803860,0.000183,0.000672,0.003297,0.015385,3.699776,3.301682,1.796824,1.110622,0.611355,1.102929,0.800365,0.879462,3.303110,3.299447,0.797655,4.888320,4.881620,0.004274
5.400053,1,0.000000,0.217632,0.154197,0.000000,0.000000,0.179571,0.286923,2.134270,0.000244,0.000549,0.003358,0.015018,3.711840,3.301682,1.798289,1.107691,0.602197,1.100732,0.801098,0.879462,3.303110,3.298531,0.796776,4.892340,4.921820,0.003419
5.430054,1,0.000000,0.219584,0.153221,0.000000,0.000000,0.179571,0.282044,1.026950,0.000305,0.000427,0.003358,0.015263,3.710912,3.291474,1.796824,1.106226,0.613552,1.102929,0.799633,0.879462,3.304942,3.298531,0.797362,4.907080,4.919140,0.004274
5.460054,1,0.000000,0.222512,0.152245,0.000000,0.000000,0.179571,0.282044,1.750280,0.000061,0.000977,0.003297,0.015263,3.722976,3.299826,1.798289,1.107691,0.605860,1.101464,0.800732,0.879462,3.305857,3.300363,0.797069,4.881620,4.913780,0.003419
5.490054,1,0.000000,0.220560,0.154197,0.000000,0.000000,0.179571,0.283020,2.125340,0.000122,0.000549,0.003419,0.015629,3.719264,3.293330,1.797800,1.108424,0.600366,1.104028,0.801464,0.879462,3.304026,3.299447,0.797948,4.893680,4.920480,0.004274
5.520054,1,0.000000,0.219584,0.151269,0.001952,0.000000,0.178595,0.283020,1.018020,0.000183,0.000672,0.003358,0.015629,3.711840,3.301682,1.796824,1.110622,0.613186,1.104394,0.798900,0.879193,3.304942,3.299447,0.797655,4.911100,4.900380,0.003419
5.550054,1,0.000000,0.224464,0.152245,0.000000,0.000000,0.180547,0.283020,1.732420,0.000183,0.000427,0.003236,0.015140,3.715552,3.293330,1.797800,1.101464,0.604761,1.104394,0.801098,0.879462,3.305857,3.299447,0.796776,4.876260,4.911100,0.004274
5.580055,1,0.000000,0.229344,0.154197,0.000000,0.000000,0.179571,0.283996,2.062830,0.000122,0.000549,0.003419,0.015018,3.710912,3.292402,1.796824,1.108058,0.611355,1.104761,0.800365,0.879462,3.303110,3.300363,0.797362,4.909760,4.921820,0.004274
5.610055,1,0.001952,0.227392,0.153221,0.000000,0.000000,0.181523,0.283996,1.026950,0.000122,0.000549,0.003419,0.015385,3.722976,3.299826,1.796824,1.107691,0.603662,1.104761,0.801831,0.879999,3.304942,3.298531,0.797655,4.904400,4.893680,0.004274
5.640055,1,0.000000,0.221536,0.152245,0.000000,0.000000,0.179571,0.283020,1.732420,0.000061,0.000672,0.003358,0.015629,3.711840,3.299826,1.796824,1.104761,0.605494,1.104761,0.801831,0.879193,3.303110,3.299447,0.797655,4.900380,4.912440,0.004274
5.670054,1,0.000000,0.217632,0.153221,0.000000,0.000000,0.179571,0.283020,2.634350,0.000183,0.000427,0.003297,0.016117,3.703488,3.301682,1.798289,1.104394,0.601465,1.104028,0.799633,0.879462,3.307689,3.298531,0.797069,4.907080,4.920480,0.003419
5.700054,1,0.002928,0.220560,0.154197,0.000000,0.000000,0.178595,0.283020,1.026950,0.000061,0.000549,0.003297,0.015140,3.719264,3.299826,1.798289,1.101830,0.601098,1.105127,0.800732,0.879193,3.305857,3.299447,0.797655,4.901720,4.905740,0.004274
5.730054,1,0.000000,0.218608,0.154197,0.000000,0.000000,0.179571,0.283020,1.821720,0.000122,0.000549,0.003419,0.015263,3.704416,3.292402,1.797800,1.107691,0.601831,1.104028,0.798900,0.879462,3.304026,3.300363,0.797362,4.897700,4.892340,0.004274
5.760054,1,0.000976,0.220560,0.152245,0.000000,0.000000,0.178595,0.283020,1.035880,0.000183,0.000672,0.003297,0.015385,3.715552,3.301682,1.796824,1.104761,0.614651,1.100732,0.802930,0.879193,3.304942,3.300363,0.796776,4.908420,4.919140,0.004274
5.790054,1,0.000000,0.220560,0.154197,0.000000,0.000000,0.181523,0.283020,1.018020,0.000061,0.000549,0.003236,0.015263,3.715552,3.299826,1.797800,1.101830,0.600366,1.101098,0.801831,0.879193,3.303110,3.298531,0.797655,4.881620,4.905740,0.004274
5.820054,1,0.000000,0.222512,0.154197,0.000000,0.000000,0.178595,0.283020,2.259290,0.000183,0.000672,0.003297,0.015263,3.711840,3.307249,1.798777,1.102929,0.603296,1.105127,0.801464,0.879193,3.304942,3.297616,0.797948,4.888320,4.899040,0.004274
5.850055,1,0.000000,0.220560,0.154197,0.000000,0.000000,0.180547,0.283996,1.026950,0.000122,0.000549,0.003419,0.015629,3.710912,3.293330,1.797312,1.105494,0.615018,1.102929,0.801831,0.879462,3.304942,3.298531,0.797362,4.907080,4.921820,0.004274
5.880054,1,0.000000,0.220560,0.155173,0.000000,0.000000,0.178595,0.283020,1.803860,0.000122,0.000549,0.003358,0.015385,3.711840,3.291474,1.798289,1.110622,0.599999,1.103662,0.801831,0.879193,3.305857,3.299447,0.797655,4.895020,4.907080,0.004274
5.910054,1,0.000000,0.222512,0.152245,0.000000,0.000000,0.178595,0.283020,2.768300,0.000122,0.000549,0.003419,0.015507,3.710912,3.293330,1.796335,1.104394,0.600366,1.102929,0.802930,0.879462,3.304026,3.300363,0.797362,4.892340,4.923160,0.004274
5.940054,1,0.000976,0.218608,0.153221,0.000000,0.000000,0.180547,0.283020,1.026950,0.000061,0.001038,0.003297,0.015629,3.715552,3.299826,1.797800,1.107691,0.615750,1.104761,0.800732,0.879193,3.303110,3.298531,0.796776,4.912440,4.900380,0.004274
5.970054,1,0.000976,0.221536,0.153221,0.000000,0.000000,0.180547,0.283020,2.196780,0.000122,0.000549,0.003358,0.015507,3.710912,3.291474,1.797312,1.107691,0.603662,1.102929,0.801098,0.879462,3.304026,3.299447,0.797362,4.896360,4.896360,0.003419
6.000054,1,0.000000,0.219584,0.189330,0.000000,0.000000,0.191282,0.283020,1.518100,0.000061,0.000977,0.003297,0.015629,3.715552,3.294258,1.798289,1.101464,0.614285,1.104028,0.799633,0.879462,3.305857,3.299447,0.797362,4.912440,4.920480,0.004274
6.030054,1,0.000976,0.221536,0.152245,0.000000,0.000000,0.193234,0.283996,1.026950,0.000061,0.000427,0.003297,0.015263,3.703488,3.299826,1.797800,1.107691,0.600732,1.104761,0.800365,0.879731,3.305857,3.298531,0.797655,4.886980,4.892340,0.004274
6.060055,1,0.000000,0.219584,0.153221,0.000000,0.000000,0.190306,0.283020,1.857440,0.000061,0.000977,0.003297,0.016117,3.726687,3.299826,1.797800,1.110622,0.611355,1.101098,0.801098,0.879462,3.303110,3.299447,0.797362,4.886980,4.921820,0.004274
6.090053,1,0.000000,0.218608,0.153221,0.000000,0.000000,0.202993,0.283020,1.018020,0.000183,0.000427,0.003358,0.015263,3.726687,3.291474,1.796824,1.107691,0.600366,1.102197,0.798900,0.879999,3.304942,3.299447,0.797655,4.878940,4.911100,0.003419
6.120055,1,0.000000,0.217632,0.153221,0.000000,0.000000,0.200066,0.282044,2.125340,0.000061,0.000672,0.003419,0.015507,3.711840,3.295186,1.796824,1.103296,0.602564,1.104761,0.801831,0.879462,3.304026,3.300363,0.797362,4.891000,4.892340,0.004274
6.150054,1,0.000000,0.221536,0.156149,0.000000,0.000000,0.179571,0.283020,1.759210,0.000244,0.000549,0.003419,0.015140,3.704416,3.293330,1.798289,1.107325,0.606959,1.104761,0.799633,0.879193,3.304026,3.298531,0.797362,4.907080,4.923160,0.003419
6.180053,1,0.000000,0.222512,0.151269,0.000000,0.000000,0.180547,0.285948,1.018020,0.000061,0.000427,0.003358,0.015507,3.715552,3.357359,1.796824,1.101830,0.601831,1.105494,0.801098,0.879999,3.304026,3.299447,0.797362,4.877600,4.907080,0.004274
6.210054,1,0.000000,0.220560,0.153221,0.023422,0.000000,0.179571,0.282044,2.036040,0.000244,0.000549,0.003358,0.015385,3.719264,3.298898,1.796824,1.106226,0.604029,1.100732,0.799633,0.879193,3.305857,3.298531,0.797655,4.878940,4.905740,0.004274
6.240054,1,0.000000,0.219584,0.152245,0.000000,0.000000,0.180547,0.282044,2.187850,0.000061,0.000427,0.003297,0.015507,3.726687,3.301682,1.797800,1.109156,0.615384,1.100732,0.800732,0.879462,3.304942,3.298531,0.797655,4.911100,4.919140,0.003419
6.270054,1,0.000000,0.225440,0.152245,0.000000,0.000000,0.180547,0.283996,1.009090,0.000061,0.000427,0.003419,0.015507,3.710912,3.327664,1.796824,1.107691,0.604395,1.104028,0.801831,0.879193,3.304026,3.298531,0.797362,4.899040,4.907080,0.004274
6.300055,1,0.000976,0.228368,0.153221,0.000000,0.000000,0.180547,0.282044,2.491470,0.000061,0.000672,0.003358,0.015629,3.710912,3.293330,1.798289,1.108424,0.606227,1.104028,0.799267,0.879462,3.304942,3.299447,0.797655,4.878940,4.905740,0.004274
6.330054,1,0.000976,0.227392,0.152245,0.000000,0.000000,0.179571,0.283996,1.035880,0.000122,0.000549,0.003236,0.015263,3.715552,3.299826,1.797800,1.105494,0.615018,1.105127,0.801831,0.879462,3.304942,3.300363,0.797362,4.908420,4.921820,0.004274
6.360053,1,0.000000,0.234223,0.153221,0.000000,0.000000,0.181523,0.283020,1.830650,0.000183,0.000427,0.003358,0.015263,3.710912,3.293330,1.797312,1.101464,0.600366,1.101098,0.800732,0.879193,3.304942,3.299447,0.797655,4.892340,4.897700,0.004274
6.390055,1,0.000000,0.229344,0.152245,0.000000,0.000000,0.179571,0.283996,1.821720,0.000122,0.000549,0.003358,0.015507,3.711840,3.311889,1.796824,1.106226,0.604761,1.102929,0.800732,0.879462,3.304942,3.300363,0.797655,4.909760,4.913780,0.004274
6.420053,1,0.000976,0.221536,0.153221,0.000000,0.000000,0.180547,0.283020,1.026950,0.000061,0.000672,0.003236,0.015507,3.710912,3.299826,1.796824,1.108424,0.612820,1.103662,0.800365,0.879193,3.304942,3.298531,0.797362,4.892340,4.904400,0.003419
6.450053,1,0.000000,0.218608,0.153221,0.000000,0.000000,0.180547,0.283020,1.527030,0.000122,0.000549,0.003480,0.015873,3.726687,3.293330,1.796335,1.109889,0.599999,1.100732,0.800732,0.879731,3.305857,3.299447,0.797655,4.886980,4.909760,0.003419
6.480054,1,0.000000,0.223488,0.152245,0.000000,0.000000,0.179571,0.282044,1.035880,0.000183,0.000427,0.003297,0.015263,3.722976,3.294258,1.798289,1.102197,0.614651,1.101098,0.801831,0.879999,3.304942,3.298531,0.797362,4.907080,4.920480,0.004274
6.510054,1,0.000000,0.220560,0.152245,0.000000,0.000000,0.181523,0.283020,1.026950,0.000183,0.000427,0.003297,0.015507,3.719264,3.292402,1.796824,1.107691,0.613919,1.104761,0.799633,0.879999,3.304942,3.299447,0.797948,4.896360,4.904400,0.004274
6.540054,1,0.000000,0.217632,0.154197,0.000000,0.000000,0.193234,0.283996,1.509170,0.000061,0.000427,0.003358,0.015263,3.710912,3.311889,1.796824,1.104761,0.605494,1.099999,0.799633,0.878925,3.304942,3.299447,0.797948,4.896360,4.907080,0.004274
6.570054,1,0.000000,0.220560,0.154197,0.000000,0.000000,0.192258,0.282044,1.026950,0.000244,0.000549,0.003358,0.015751,3.710912,3.298898,1.796824,1.104394,0.614285,1.101464,0.800732,0.879193,3.303110,3.299447,0.797655,4.909760,4.921820,0.004274
6.600053,1,0.000000,0.218608,0.154197,0.000000,0.000000,0.192258,0.283996,2.455750,0.000244,0.000549,0.003358,0.015263,3.719264,3.301682,1.798777,1.104761,0.612820,1.104028,0.801098,0.879462,3.305857,3.299447,0.797362,4.893680,4.886980,0.004274
6.630054,1,0.000000,0.219584,0.151269,0.000000,0.000000,0.202017,0.313273,1.509170,0.000122,0.000549,0.003419,0.015507,3.703488,3.292402,1.797800,1.106226,0.602564,1.100732,0.800732,0.879462,3.303110,3.299447,0.797362,4.882960,4.897700,0.004274
6.660054,1,0.000000,0.222512,0.153221,0.000000,0.000000,0.194210,0.283996,1.026950,0.000061,0.000549,0.003419,0.015385,3.719264,3.294258,1.796824,1.101830,0.615018,1.104394,0.800732,0.879731,3.305857,3.300363,0.797362,4.909760,4.921820,0.003419
6.690055,1,0.000000,0.217632,0.152245,0.000000,0.000000,0.178595,0.284972,1.821720,0.000183,0.000427,0.003236,0.015629,3.696064,3.291474,1.797312,1.107691,0.608058,1.104761,0.801098,0.879193,3.303110,3.299447,0.797655,4.884300,4.881620,0.004274
6.720054,1,0.000000,0.219584,0.152245,0.000000,0.000000,0.192258,0.284972,2.187850,0.000061,0.000672,0.003358,0.016117,3.726687,3.299826,1.797312,1.104761,0.604761,1.101098,0.800732,0.879193,3.304942,3.298531,0.797655,4.892340,4.919140,0.003419
6.750053,1,0.000976,0.221536,0.152245,0.000000,0.000000,0.178595,0.283020,1.026950,0.000183,0.000427,0.003419,0.015385,3.710912,3.293330,1.798289,1.103296,0.606593,1.104028,0.801831,0.879193,3.305857,3.298531,0.797655,4.911100,4.920480,0.003419
6.780054,1,0.000000,0.219584,0.154197,0.000000,0.000000,0.179571,0.286923,1.759210,0.000122,0.000549,0.003419,0.015629,3.699776,3.294258,1.797800,1.102929,0.604761,1.102197,0.799633,0.879462,3.304026,3.298531,0.796776,4.885640,4.912440,0.003419
6.810055,1,0.000000,0.227392,0.152245,0.000000,0.000000,0.182499,0.281068,2.205710,0.000244,0.000549,0.003297,0.015507,3.715552,3.298898,1.797312,1.107691,0.604029,1.104761,0.798900,0.879462,3.305857,3.298531,0.797655,4.903060,4.917800,0.003419
6.840053,1,0.000000,0.226416,0.152245,0.000000,0.000000,0.178595,0.284972,1.026950,0.000244,0.000549,0.003297,0.015018,3.715552,3.299826,1.798289,1.105494,0.615750,1.104028,0.801464,0.879193,3.304026,3.299447,0.797362,4.909760,4.912440,0.004274
6.870054,1,0.000000,0.224464,0.152245,0.000000,0.000000,0.181523,0.283996,1.732420,0.000183,0.000427,0.003358,0.015263,3.726687,3.327664,1.796335,1.107325,0.605128,1.104028,0.801098,0.879193,3.303110,3.299447,0.797655,4.877600,4.909760,0.003419
6.900054,1,0.000000,0.232271,0.154197,0.000000,0.000000,0.180547,0.283020,2.062830,0.000183,0.000672,0.003297,0.015507,3.711840,3.301682,1.797800,1.107691,0.610256,1.102929,0.801098,0.879193,3.303110,3.299447,0.797655,4.912440,4.917800,0.003419
6.930054,1,0.000000,0.224464,0.153221,0.000000,0.000000,0.182499,0.283020,1.035880,0.000061,0.000672,0.003358,0.015263,3.711840,3.291474,1.798777,1.101464,0.610988,1.100732,0.801831,0.879462,3.305857,3.300363,0.797362,4.886980,4.889660,0.003419
6.960053,1,0.000000,0.221536,0.151269,0.000000,0.000000,0.180547,0.284972,1.759210,0.000183,0.000427,0.003358,0.015385,3.703488,3.291474,1.796335,1.107691,0.602197,1.101098,0.800732,0.879731,3.305857,3.298531,0.796776,4.901720,4.896360,0.003419
6.990054,1,0.000976,0.218608,0.154197,0.000000,0.000000,0.182499,0.283020,1.044810,0.000183,0.000672,0.003297,0.015263,3.715552,3.301682,1.797800,1.101464,0.616483,1.100732,0.800732,0.879999,3.304026,3.298531,0.797362,4.907080,4.919140,0.003419
7.020054,1,0.000000,0.219584,0.153221,0.000000,0.000000,0.179571,0.282044,1.089460,0.000061,0.000427,0.003419,0.015263,3.711840,3.292402,1.798289,1.102197,0.600732,1.104761,0.800732,0.879462,3.304026,3.300363,0.797362,4.882960,4.905740,0.004274
7.050054,1,0.000976,0.220560,0.156149,0.000000,0.000000,0.181523,0.283020,2.214640,0.000122,0.000549,0.003419,0.015873,3.719264,3.292402,1.796824,1.104761,0.599999,1.099999,0.801098,0.879999,3.304026,3.299447,0.797362,4.888320,4.905740,0.004274
7.080054,1,0.000000,0.217632,0.153221,0.000000,0.000000,0.180547,0.282044,1.035880,0.000183,0.000672,0.003419,0.015385,3.719264,3.298898,1.795847,1.112087,0.615018,1.101464,0.801464,0.879193,3.304026,3.299447,0.797948,4.909760,4.920480,0.004274
7.110053,1,0.000000,0.218608,0.175667,0.000000,0.000000,0.178595,0.283996,2.036040,0.000061,0.000549,0.003297,0.015385,3.711840,3.298898,1.797312,1.101464,0.605494,1.101098,0.802930,0.879193,3.303110,3.299447,0.797655,4.895020,4.907080,0.004274
7.140054,1,0.000000,0.220560,0.153221,0.000000,0.000000,0.180547,0.280092,2.759370,0.000061,0.000427,0.003358,0.015629,3.711840,3.295186,1.799266,1.109156,0.612820,1.104394,0.802930,0.879462,3.304026,3.298531,0.797362,4.908420,4.919140,0.003419
7.170054,1,0.000000,0.220560,0.152245,0.000000,0.000000,0.179571,0.283020,1.518100,0.000061,0.000427,0.003236,0.015263,3.726687,3.293330,1.797312,1.101464,0.605494,1.102929,0.799633,0.879462,3.304026,3.299447,0.797362,4.891000,4.897700,0.004274
7.200053,1,0.000000,0.219584,0.153221,0.000000,0.000000,0.181523,0.282044,2.455750,0.000183,0.000427,0.003358,0.015263,3.726687,3.301682,1.798289,1.107691,0.613186,1.104028,0.801464,0.879999,3.304942,3.299447,0.797362,4.893680,4.919140,0.004274
7.230053,1,0.000000,0.220560,0.152245,0.000000,0.000000,0.178595,0.283020,1.026950,0.000061,0.000672,0.003297,0.016117,3.715552,3.301682,1.797800,1.104761,0.614651,1.104028,0.801098,0.879193,3.304942,3.299447,0.797948,4.905740,4.893680,0.004274
7.260053,1,0.000976,0.219584,0.151269,0.000000,0.000000,0.178595,0.283996,1.509170,0.000183,0.000427,0.003419,0.015629,3.711840,3.299826,1.798289,1.104394,0.617582,1.102929,0.799633,0.879462,3.304026,3.299447,0.797655,4.882960,4.897700,0.004274
7.290055,1,0.000000,0.219584,0.153221,0.000000,0.000000,0.178595,0.283020,1.794930,0.000183,0.000427,0.003297,0.015629,3.711840,3.298898,1.797800,1.104761,0.611721,1.104761,0.800365,0.879462,3.304026,3.300363,0.797362,4.907080,4.921820,0.004274
7.320053,1,0.000000,0.219584,0.152245,0.000000,0.000000,0.182499,0.283996,1.044810,0.000244,0.000549,0.003419,0.015629,3.710912,3.299826,1.798289,1.101830,0.613186,1.104761,0.799633,0.879999,3.304026,3.298531,0.797362,4.888320,4.888320,0.004274
7.350054,1,0.000000,0.217632,0.154197,0.000000,0.000000,0.180547,0.284972,2.152130,0.000061,0.000549,0.003358,0.015140,3.719264,3.301682,1.797800,1.110622,0.603662,1.102197,0.799633,0.879462,3.304026,3.298531,0.797362,4.896360,4.897700,0.003419
7.380054,1,0.000000,0.218608,0.151269,0.000000,0.000000,0.177619,0.284972,1.750280,0.000244,0.000488,0.003419,0.015385,3.697920,3.298898,1.797800,1.110622,0.613552,1.101098,0.798900,0.879193,3.303110,3.299447,0.797655,4.911100,4.920480,0.004274
7.410053,1,0.000000,0.219584,0.154197,0.000000,0.000000,0.181523,0.281068,1.026950,0.000122,0.000549,0.003358,0.015018,3.710912,3.291474,1.796824,1.104394,0.605494,1.100732,0.799633,0.879731,3.303110,3.299447,0.797362,4.877600,4.911100,0.004274
7.440055,1,0.000000,0.222512,0.152245,0.000000,0.000000,0.178595,0.283020,1.866370,0.000183,0.000427,0.003358,0.015263,3.711840,3.301682,1.798289,1.102563,0.601831,1.102929,0.801831,0.879999,3.304026,3.299447,0.797655,4.888320,4.886980,0.003419
7.470054,1,0.002928,0.219584,0.154197,0.000000,0.000000,0.180547,0.286923,1.777070,0.000122,0.000549,0.003419,0.015385,3.704416,3.294258,1.797800,1.107691,0.615018,1.099999,0.800732,0.879462,3.304942,3.297616,0.797362,4.907080,4.919140,0.004274
7.500053,1,0.000000,0.218608,0.153221,0.000000,0.000000,0.181523,0.282044,1.026950,0.000244,0.000488,0.003358,0.015263,3.726687,3.291474,1.797312,1.105494,0.604029,1.102929,0.800732,0.879731,3.303110,3.298531,0.797362,4.876260,4.911100,0.004274
7.530054,1,0.000000,0.220560,0.152245,0.000000,0.000000,0.178595,0.284972,2.044970,0.000183,0.000427,0.003480,0.015629,3.710912,3.293330,1.798289,1.107691,0.603662,1.104761,0.800365,0.879731,3.305857,3.300363,0.797362,4.876260,4.919140,0.004274
7.560054,1,0.000000,0.222512,0.153221,0.000000,0.000000,0.179571,0.283020,1.035880,0.000061,0.000549,0.003297,0.015629,3.715552,3.301682,1.797312,1.106226,0.613919,1.099999,0.800732,0.879193,3.303110,3.299447,0.797655,4.909760,4.905740,0.004274
7.590054,1,0.000000,0.223488,0.152245,0.000000,0.000000,0.181523,0.283996,1.937810,0.000061,0.000427,0.003358,0.015263,3.711840,3.311889,1.797800,1.104761,0.606593,1.104028,0.801098,0.879193,3.303110,3.299447,0.797655,4.881620,4.899040,0.003419
7.620054,1,0.000000,0.221536,0.153221,0.000000,0.000000,0.179571,0.282044,1.902090,0.000122,0.000549,0.003358,0.015873,3.719264,3.307249,1.798289,1.107691,0.613919,1.102929,0.801464,0.879193,3.305857,3.299447,0.797655,4.911100,4.920480,0.004274
7.650054,1,0.000000,0.220560,0.153221,0.000000,0.000000,0.181523,0.284972,1.026950,0.000122,0.000549,0.003419,0.015629,3.699776,3.292402,1.797800,1.107691,0.603662,1.099999,0.801098,0.879999,3.305857,3.299447,0.797948,4.896360,4.907080,0.004274
7.680053,1,0.000000,0.219584,0.152245,0.000000,0.000000,0.179571,0.282044,2.786160,0.000061,0.000549,0.003297,0.015385,3.696064,3.301682,1.797312,1.108424,0.602930,1.104761,0.800732,0.879462,3.304942,3.299447,0.797655,4.889660,4.907080,0.004274
7.710054,1,0.000000,0.219584,0.155173,0.000000,0.000000,0.179571,0.283996,1.035880,0.000244,0.000549,0.003236,0.015629,3.719264,3.299826,1.798289,1.102197,0.615750,1.099999,0.799633,0.879462,3.305857,3.299447,0.797362,4.909760,4.921820,0.004274
7.740054,1,0.000976,0.218608,0.161028,0.000000,0.000000,0.179571,0.283020,1.035880,0.000244,0.000549,0.003358,0.015263,3.704416,3.327664,1.797312,1.101830,0.603296,1.104761,0.799633,0.879462,3.304942,3.299447,0.797655,4.892340,4.904400,0.004274
7.770053,1,0.000976,0.221536,0.154197,0.000000,0.000000,0.179571,0.283996,1.518100,0.000122,0.000549,0.003419,0.015263,3.726687,3.294258,1.797800,1.107691,0.602564,1.101098,0.801831,0.879731,3.305857,3.300363,0.797362,4.891000,4.886980,0.004274
7.800054,1,0.000000,0.221536,0.153221,0.000000,0.000000,0.179571,0.283996,1.026950,0.000183,0.000427,0.003297,0.015507,3.719264,3.327664,1.796824,1.104761,0.614285,1.101098,0.800732,0.879462,3.304942,3.300363,0.796776,4.907080,4.919140,0.004274
7.830054,1,0.000000,0.222512,0.152245,0.000000,0.000000,0.178595,0.283996,1.544890,0.000061,0.000549,0.003358,0.015629,3.711840,3.301682,1.797800,1.104761,0.613186,1.102929,0.800365,0.879193,3.304942,3.299447,0.797655,4.895020,4.892340,0.004274
7.860054,1,0.000000,0.222512,0.152245,0.000000,0.000000,0.179571,0.284972,1.518100,0.000183,0.000672,0.003236,0.015507,3.704416,3.301682,1.796335,1.107691,0.606959,1.103296,0.801831,0.879193,3.303110,3.299447,0.797655,4.900380,4.907080,0.003419
7.890054,1,0.000000,0.220560,0.152245,0.000000,0.000000,0.179571,0.283996,1.035880,0.000183,0.000427,0.003358,0.015507,3.719264,3.291474,1.797312,1.102197,0.614651,1.103662,0.800732,0.879193,3.304942,3.299447,0.797655,4.909760,4.920480,0.003419
7.920054,1,0.000000,0.218608,0.153221,0.000000,0.000000,0.181523,0.281068,2.464680,0.000061,0.000427,0.003358,0.015263,3.722976,3.299826,1.797312,1.102563,0.613552,1.104028,0.800732,0.879462,3.304026,3.297616,0.797362,4.888320,4.893680,0.004274
7.950053,1,0.000000,0.219584,0.154197,0.000000,0.000000,0.179571,0.287899,1.518100,0.000244,0.000549,0.003358,0.015018,3.711840,3.298898,1.797312,1.104761,0.601098,1.102929,0.801464,0.879731,3.305857,3.298531,0.796776,4.881620,4.920480,0.004274
7.980054,1,0.000000,0.218608,0.154197,0.000000,0.000000,0.190306,0.283996,1.035880,0.000061,0.000427,0.003358,0.015629,3.715552,3.298898,1.797800,1.101464,0.615018,1.104394,0.801098,0.879999,3.304026,3.297616,0.797948,4.907080,4.919140,0.003419
8.010054,1,0.000000,0.219584,0.154197,0.000000,0.000000,0.191282,0.283020,1.803860,0.000244,0.000549,0.003297,0.015140,3.710912,3.298898,1.797312,1.107691,0.611355,1.104394,0.801098,0.879731,3.305857,3.299447,0.797655,4.886980,4.884300,0.003419
8.040054,1,0.000000,0.218608,0.153221,0.000000,0.000000,0.192258,0.283996,2.187850,0.000244,0.000549,0.003114,0.015385,3.711840,3.298898,1.797312,1.112087,0.602564,1.104761,0.800732,0.879193,3.305857,3.299447,0.797655,4.911100,4.920480,0.004274
8.070054,1,0.000000,0.220560,0.154197,0.000000,0.000000,0.193234,0.282044,1.026950,0.000183,0.000427,0.003297,0.015385,3.715552,3.301682,1.797800,1.102197,0.613552,1.104028,0.799633,0.879999,3.304026,3.299447,0.797362,4.893680,4.897700,0.004274
8.100054,1,0.000000,0.219584,0.153221,0.000000,0.000000,0.199090,0.283996,1.741350,0.000244,0.000733,0.003358,0.015629,3.719264,3.297970,1.797800,1.104394,0.604761,1.102929,0.800732,0.879731,3.303110,3.299447,0.797655,4.877600,4.912440,0.004274
8.130055,1,0.000000,0.220560,0.153221,0.000000,0.000000,0.180547,0.283996,2.053900,0.000122,0.000733,0.003358,0.015629,3.726687,3.327664,1.797312,1.104761,0.612820,1.104394,0.800732,0.879462,3.305857,3.300363,0.797362,4.908420,4.921820,0.003419
8.160054,1,0.000000,0.221536,0.153221,0.000000,0.000000,0.181523,0.282044,1.035880,0.000122,0.000549,0.003419,0.015629,3.700704,3.299826,1.798777,1.104761,0.603296,1.101464,0.800732,0.879462,3.304942,3.299447,0.797948,4.889660,4.893680,0.004274
8.190054,1,0.000000,0.220560,0.152245,0.000000,0.000000,0.180547,0.284972,1.759210,0.000183,0.000427,0.003419,0.015751,3.711840,3.295186,1.798289,1.101464,0.606227,1.104761,0.799633,0.879193,3.304942,3.299447,0.797655,4.900380,4.909760,0.004274
8.220054,1,0.000000,0.220560,0.185427,0.000000,0.000000,0.181523,0.283020,1.026950,0.000061,0.000672,0.003358,0.015385,3.711840,3.297970,1.797800,1.101830,0.614651,1.104761,0.802930,0.879193,3.304942,3.299447,0.797948,4.911100,4.920480,0.004274
8.250054,1,0.000000,0.227392,0.151269,0.000000,0.000000,0.181523,0.283020,2.027110,0.000061,0.000549,0.003358,0.015629,3.711840,3.298898,1.798289,1.104394,0.600366,1.104028,0.801831,0.879999,3.304942,3.299447,0.797948,4.880280,4.903060,0.003419
8.280053,1,0.000000,0.228368,0.152245,0.000000,0.000000,0.180547,0.281068,2.053900,0.000183,0.000427,0.003358,0.015018,3.719264,3.293330,1.799266,1.102563,0.611355,1.099999,0.800732,0.879193,3.305857,3.299447,0.797655,4.909760,4.920480,0.004274
8.310054,1,0.000000,0.229344,0.152245,0.000000,0.000000,0.179571,0.281068,2.759370,0.000183,0.000427,0.003419,0.015263,3.710912,3.298898,1.797312,1.107691,0.604395,1.100732,0.801098,0.879193,3.304942,3.299447,0.797655,4.889660,4.889660,0.004274
8.340054,1,0.000976,0.228368,0.152245,0.000000,0.000000,0.180547,0.282044,2.455750,0.000061,0.000427,0.003419,0.015629,3.700704,3.311889,1.797312,1.107691,0.615018,1.102563,0.801098,0.879462,3.304026,3.299447,0.796776,4.893680,4.905740,0.004274
8.370054,1,0.000000,0.229344,0.153221,0.000000,0.000000,0.178595,0.283996,1.044810,0.000183,0.000427,0.003419,0.015385,3.715552,3.294258,1.798289,1.104761,0.615018,1.104761,0.801831,0.879193,3.304942,3.299447,0.797655,4.911100,4.920480,0.004274
8.400053,1,0.000000,0.220560,0.153221,0.000000,0.000000,0.180547,0.283996,1.535960,0.000244,0.000549,0.003297,0.015507,3.717408,3.298898,1.796824,1.110622,0.605494,1.103662,0.799633,0.879999,3.304026,3.299447,0.797362,4.888320,4.891000,0.004274
8.430054,1,0.000000,0.218608,0.152245,0.000000,0.000000,0.180547,0.283996,2.455750,0.000122,0.000549,0.003358,0.015018,3.710912,3.311889,1.796824,1.107691,0.610988,1.102563,0.799633,0.878925,3.305857,3.299447,0.797655,4.893680,4.917800,0.004274
8.460054,1,0.000000,0.219584,0.152245,0.000000,0.000000,0.179571,0.282044,1.018020,0.000244,0.000733,0.003480,0.015385,3.710912,3.327664,1.798289,1.102197,0.613919,1.100732,0.799633,0.879193,3.304942,3.299447,0.797948,4.909760,4.920480,0.004274
8.490054,1,0.000000,0.218608,0.152245,0.000000,0.000000,0.179571,0.283020,1.518100,0.000122,0.000549,0.003114,0.015263,3.711840,3.327664,1.796335,1.104761,0.601465,1.104761,0.800365,0.879193,3.304942,3.300363,0.797655,4.900380,4.907080,0.004274
8.520054,1,0.000000,0.218608,0.154197,0.000000,0.000000,0.193234,0.283996,1.786000,0.000244,0.000549,0.003419,0.015629,3.703488,3.292402,1.798777,1.104761,0.611355,1.104028,0.800732,0.879193,3.304942,3.299447,0.797655,4.911100,4.921820,0.003419
8.550054,1,0.000000,0.220560,0.153221,0.000000,0.000000,0.191282,0.284972,1.018020,0.000183,0.000672,0.003297,0.015629,3.711840,3.301682,1.797312,1.104394,0.615018,1.101098,0.802930,0.879999,3.304026,3.299447,0.797948,4.907080,4.895020,0.003419
8.580053,1,0.000000,0.219584,0.154197,0.000000,0.000000,0.193234,0.303514,1.571680,0.000183,0.000427,0.003419,0.015507,3.700704,3.301682,1.798289,1.101464,0.606227,1.100732,0.799633,0.879999,3.304942,3.297616,0.796776,4.896360,4.899040,0.004274
8.610055,1,0.000000,0.220560,0.153221,0.000000,0.000000,0.191282,0.282044,1.035880,0.000244,0.000549,0.003358,0.015140,3.711840,3.289618,1.798289,1.104394,0.610988,1.101464,0.799633,0.879462,3.304942,3.299447,0.797948,4.905740,4.920480,0.004274
8.640053,1,0.000000,0.220560,0.151269,0.000000,0.000000,0.185427,0.283996,1.741350,0.000183,0.000427,0.003419,0.015385,3.711840,3.291474,1.797312,1.109156,0.604029,1.100732,0.800732,0.879731,3.305857,3.298531,0.797655,4.900380,4.912440,0.004274
8.670055,1,0.000000,0.220560,0.153221,0.000000,0.000000,0.179571,0.283020,1.625260,0.000122,0.000549,0.003419,0.015263,3.726687,3.293330,1.798289,1.104394,0.602197,1.101098,0.801098,0.879731,3.305857,3.300363,0.796776,4.876260,4.919140,0.003419
8.700054,1,0.000976,0.219584,0.154197,0.000000,0.000000,0.179571,0.283020,1.035880,0.000244,0.000549,0.003114,0.015385,3.726687,3.313745,1.797312,1.104761,0.611721,1.104761,0.801831,0.879193,3.305857,3.299447,0.797655,4.911100,4.920480,0.004274
8.730054,1,0.000000,0.222512,0.151269,0.000000,0.000000,0.179571,0.283020,1.750280,0.000244,0.000549,0.003419,0.015018,3.711840,3.292402,1.798289,1.104761,0.604761,1.104394,0.800365,0.879462,3.304942,3.300363,0.797362,4.901720,4.896360,0.004274
8.760054,1,0.000000,0.219584,0.152245,0.000000,0.000000,0.203969,0.282044,2.411100,0.000183,0.000427,0.003358,0.016117,3.710912,3.301682,1.798289,1.110622,0.610256,1.101098,0.800365,0.879193,3.303110,3.299447,0.797655,4.911100,4.919140,0.004274
8.790053,1,0.000000,0.228368,0.152245,0.000000,0.000000,0.180547,0.281068,1.018020,0.000183,0.000672,0.003419,0.015140,3.711840,3.299826,1.798289,1.108424,0.601831,1.102929,0.800365,0.879462,3.303110,3.299447,0.797362,4.882960,4.907080,0.004274
8.820054,1,0.000000,0.228368,0.153221,0.000000,0.000000,0.178595,0.281068,2.205710,0.000061,0.000549,0.003114,0.015507,3.711840,3.357359,1.796824,1.104394,0.599999,1.099999,0.801464,0.879462,3.304026,3.300363,0.796776,4.886980,4.907080,0.004274
8.850054,1,0.000000,0.227392,0.154197,0.000000,0.000000,0.181523,0.281068,1.723490,0.000061,0.000427,0.003297,0.015263,3.715552,3.301682,1.797312,1.104761,0.611355,1.100732,0.801098,0.879731,3.305857,3.300363,0.797362,4.912440,4.921820,0.004274
8.880053,1,0.000000,0.235199,0.151269,0.000000,0.000000,0.178595,0.283996,1.035880,0.000061,0.000427,0.003114,0.016117,3.703488,3.327664,1.795847,1.106226,0.602930,1.104394,0.801831,0.879193,3.305857,3.300363,0.797069,4.895020,4.903060,0.004274
8.910054,1,0.000976,0.231295,0.152245,0.000000,0.000000,0.181523,0.284972,2.750440,0.000183,0.000427,0.003358,0.015629,3.699776,3.307249,1.796824,1.107691,0.604761,1.102929,0.801831,0.879462,3.305857,3.298531,0.797362,4.891000,4.899040,0.003419
8.940054,1,0.000000,0.222512,0.153221,0.000000,0.000000,0.181523,0.282044,1.026950,0.000183,0.000427,0.003358,0.015263,3.711840,3.357359,1.796824,1.104761,0.615384,1.102197,0.800732,0.879462,3.304026,3.299447,0.797362,4.907080,4.920480,0.004274
8.970054,1,0.000000,0.222512,0.152245,0.000000,0.000000,0.180547,0.282044,1.018020,0.000122,0.000549,0.003358,0.015507,3.699776,3.295186,1.797312,1.101830,0.604761,1.104028,0.801464,0.879999,3.305857,3.299447,0.797362,4.893680,4.897700,0.003419
9.000054,1,0.000000,0.219584,0.153221,0.000000,0.000000,0.179571,0.282044,2.759370,0.000183,0.000427,0.003419,0.015385,3.710912,3.291474,1.798777,1.107691,0.601098,1.104394,0.800732,0.879731,3.303110,3.299447,0.797655,4.886980,4.909760,0.003419
9.030054,1,0.000000,0.221536,0.152245,0.000000,0.000000,0.180547,0.283020,1.035880,0.000183,0.000672,0.003236,0.015018,3.719264,3.293330,1.798289,1.106959,0.615018,1.104394,0.799633,0.878925,3.304026,3.299447,0.797948,4.904400,4.920480,0.004274
9.060054,1,0.002928,0.219584,0.153221,0.000000,0.000000,0.179571,0.281068,1.035880,0.000183,0.000427,0.003297,0.015385,3.711840,3.294258,1.798289,1.101464,0.604761,1.104761,0.800732,0.879193,3.304942,3.299447,0.797948,4.893680,4.907080,0.004274
9.090054,1,0.000000,0.221536,0.153221,0.000000,0.000000,0.179571,0.282044,1.527030,0.000183,0.000427,0.003419,0.015629,3.710912,3.291474,1.796335,1.109156,0.606959,1.104028,0.800732,0.879462,3.305857,3.298531,0.797362,4.886980,4.900380,0.004274
9.120053,1,0.000000,0.218608,0.152245,0.000000,0.000000,0.177619,0.283996,1.035880,0.000183,0.000427,0.003419,0.015385,3.719264,3.293330,1.798289,1.104761,0.614285,1.104761,0.801831,0.879193,3.304942,3.300363,0.797655,4.911100,4.920480,0.004274
9.150054,1,0.000000,0.220560,0.154197,0.000000,0.000000,0.181523,0.283996,2.464680,0.000244,0.000672,0.003419,0.015018,3.703488,3.291474,1.798289,1.101830,0.612087,1.104761,0.800732,0.879999,3.304942,3.299447,0.797362,4.893680,4.907080,0.004274
9.180053,1,0.000976,0.220560,0.155173,0.000000,0.000000,0.179571,0.284972,1.527030,0.000061,0.000549,0.003114,0.015263,3.726687,3.327664,1.797312,1.102929,0.601831,1.101098,0.801464,0.878925,3.304942,3.299447,0.797362,4.909760,4.920480,0.004274
9.210054,1,0.000000,0.224464,0.152245,0.000000,0.000000,0.181523,0.283020,1.018020,0.000183,0.000672,0.003297,0.015140,3.711840,3.298898,1.797800,1.104761,0.614285,1.102929,0.800365,0.879193,3.303110,3.298531,0.797069,4.911100,4.889660,0.004274
9.240054,1,0.000976,0.218608,0.152245,0.000000,0.000000,0.180547,0.283996,2.428960,0.000061,0.000427,0.003358,0.015140,3.722976,3.299826,1.797800,1.104394,0.612087,1.102929,0.800732,0.879462,3.304942,3.299447,0.797655,4.888320,4.885640,0.004274
9.270054,1,0.000976,0.220560,0.157125,0.000000,0.000000,0.179571,0.283996,2.169990,0.000244,0.000549,0.003236,0.015140,3.697920,3.301682,1.798289,1.110622,0.610622,1.100365,0.801831,0.879462,3.305857,3.300363,0.797362,4.909760,4.920480,0.004274
9.300053,1,0.000000,0.219584,0.153221,0.000000,0.000000,0.179571,0.283996,1.035880,0.000244,0.000488,0.003358,0.015629,3.710912,3.357359,1.796824,1.109889,0.601831,1.102929,0.801464,0.879193,3.304942,3.299447,0.797655,4.895020,4.912440,0.003419
9.330054,1,0.000000,0.219584,0.151269,0.000000,0.000000,0.180547,0.282044,1.759210,0.000183,0.000427,0.003419,0.015140,3.719264,3.292402,1.798289,1.101830,0.606593,1.104028,0.801098,0.879731,3.303110,3.299447,0.797655,4.878940,4.911100,0.003419
9.360055,1,0.000976,0.220560,0.152245,0.000000,0.000000,0.180547,0.284972,1.026950,0.000244,0.000549,0.003419,0.015018,3.715552,3.327664,1.797312,1.109156,0.614285,1.104028,0.800732,0.879462,3.305857,3.300363,0.796776,4.912440,4.919140,0.003419
9.390054,1,0.000000,0.220560,0.154197,0.000000,0.000000,0.179571,0.283020,1.018020,0.000183,0.000672,0.003297,0.015507,3.711840,3.307249,1.796824,1.105127,0.606593,1.104761,0.801098,0.879193,3.304942,3.299447,0.797655,4.886980,4.889660,0.003419
9.420054,1,0.000976,0.220560,0.153221,0.000000,0.000000,0.179571,0.280092,1.759210,0.000183,0.000427,0.003297,0.015629,3.719264,3.299826,1.798289,1.101464,0.608058,1.104761,0.800732,0.879193,3.303110,3.299447,0.797069,4.911100,4.920480,0.004274
9.450053,1,0.000000,0.220560,0.153221,0.000000,0.000000,0.178595,0.283996,1.035880,0.000122,0.000549,0.003419,0.015018,3.699776,3.292402,1.798777,1.102197,0.602197,1.104761,0.799633,0.879462,3.304942,3.300363,0.797655,4.885640,4.905740,0.004274
9.480054,1,0.000000,0.220560,0.155173,0.000000,0.000000,0.179571,0.283996,1.741350,0.000183,0.000427,0.003114,0.015140,3.711840,3.311889,1.797312,1.107691,0.600366,1.100732,0.800732,0.879999,3.304942,3.298531,0.797655,4.893680,4.907080,0.003419
9.510054,1,0.001952,0.218608,0.154197,0.000000,0.000000,0.179571,0.282044,1.026950,0.000244,0.000549,0.003419,0.015140,3.715552,3.299826,1.796824,1.103296,0.615018,1.102929,0.800365,0.879462,3.304026,3.300363,0.797362,4.909760,4.921820,0.003419
9.540053,1,0.002928,0.220560,0.153221,0.000000,0.000000,0.179571,0.282044,2.732580,0.000244,0.000549,0.003358,0.015385,3.696064,3.299826,1.798777,1.110622,0.604761,1.102929,0.800365,0.879462,3.305857,3.299447,0.797362,4.888320,4.900380,0.004274
9.570055,1,0.000000,0.219584,0.153221,0.083930,0.000000,0.179571,0.282044,2.143200,0.000183,0.000672,0.003358,0.015385,3.700704,3.298898,1.796824,1.103296,0.600366,1.104028,0.801464,0.879999,3.304026,3.298531,0.797362,4.893680,4.907080,0.003419
9.600053,1,0.000000,0.220560,0.153221,0.000000,0.000000,0.181523,0.282044,1.044810,0.000183,0.000672,0.003297,0.015385,3.715552,3.299826,1.797312,1.103296,0.614285,1.100732,0.800732,0.879193,3.303110,3.299447,0.797655,4.911100,4.920480,0.004274
9.630054,1,0.000000,0.220560,0.154197,0.000000,0.000000,0.179571,0.283996,2.768300,0.000061,0.000427,0.003297,0.015751,3.699776,3.294258,1.798777,1.107691,0.605494,1.104394,0.801098,0.879462,3.305857,3.300363,0.796776,4.891000,4.912440,0.003419
9.660054,1,0.001952,0.219584,0.153221,0.000000,0.000000,0.179571,0.283996,2.455750,0.000183,0.000427,0.003297,0.014896,3.722976,3.292402,1.797800,1.101464,0.613186,1.104761,0.801098,0.879193,3.304942,3.299447,0.797655,4.895020,4.920480,0.004274
9.690054,1,0.000000,0.219584,0.155173,0.000000,0.000000,0.181523,0.281068,1.044810,0.000122,0.000549,0.003297,0.015385,3.726687,3.307249,1.798289,1.107325,0.615750,1.104394,0.800732,0.879462,3.304026,3.299447,0.797362,4.907080,4.919140,0.003419
9.720053,1,0.000000,0.221536,0.154197,0.000000,0.000000,0.179571,0.283996,1.527030,0.000183,0.000549,0.003297,0.015385,3.700704,3.298898,1.796824,1.107691,0.604395,1.102929,0.799633,0.879462,3.304942,3.299447,0.797655,4.889660,4.893680,0.004274
9.750054,1,0.000000,0.218608,0.152245,0.000000,0.000000,0.180547,0.283020,2.286080,0.000183,0.000672,0.003236,0.015629,3.715552,3.299826,1.798777,1.110622,0.615018,1.101464,0.800732,0.879193,3.304942,3.299447,0.797948,4.905740,4.920480,0.004274
9.780054,1,0.000976,0.218608,0.152245,0.000000,0.000000,0.181523,0.284972,1.777070,0.000244,0.000549,0.003236,0.015385,3.726687,3.289618,1.798289,1.109889,0.604761,1.102929,0.799633,0.879462,3.304942,3.299447,0.797655,4.877600,4.911100,0.003419
9.810055,1,0.000976,0.220560,0.153221,0.000000,0.000000,0.180547,0.283020,2.161060,0.000244,0.000549,0.003419,0.015140,3.711840,3.307249,1.798289,1.101464,0.602930,1.105127,0.800732,0.879999,3.304942,3.300363,0.797362,4.888320,4.920480,0.004274
9.840054,1,0.000000,0.219584,0.153221,0.000000,0.000000,0.179571,0.282044,1.035880,0.000244,0.000549,0.003297,0.015018,3.713696,3.298898,1.797800,1.101830,0.613919,1.105127,0.801831,0.879462,3.304942,3.299447,0.797655,4.911100,4.920480,0.004274
9.870054,1,0.000976,0.220560,0.153221,0.000000,0.000000,0.181523,0.282044,1.759210,0.000122,0.000549,0.003236,0.015263,3.711840,3.301682,1.798289,1.103296,0.605860,1.101464,0.801098,0.879462,3.304942,3.300363,0.797362,4.897700,4.907080,0.004274
9.900054,1,0.000000,0.222512,0.153221,0.000000,0.000000,0.179571,0.288875,2.053900,0.000122,0.000549,0.003419,0.015140,3.711840,3.307249,1.797312,1.104761,0.608424,1.100732,0.802930,0.879462,3.305857,3.298531,0.796776,4.908420,4.919140,0.003419
9.930054,1,0.000976,0.221536,0.152245,0.000000,0.000000,0.181523,0.283996,1.035880,0.000183,0.000672,0.003358,0.015385,3.713696,3.301682,1.796824,1.102929,0.614285,1.104028,0.801831,0.878925,3.304942,3.299447,0.797655,4.911100,4.893680,0.003419
9.960053,1,0.000000,0.220560,0.152245,0.000000,0.000000,0.191282,0.282044,1.768140,0.000183,0.000427,0.003297,0.015140,3.711840,3.307249,1.798289,1.105127,0.607325,1.101098,0.801098,0.879193,3.304942,3.299447,0.797362,4.900380,4.911100,0.003419
9.990055,1,0.000000,0.222512,0.153221,0.000000,0.000000,0.190306,0.282044,1.598470,0.000122,0.000549,0.003419,0.015629,3.703488,3.311889,1.798777,1.106226,0.610256,1.101098,0.802930,0.879462,3.304942,3.299447,0.797948,4.907080,4.921820,0.003419
10.020054,1,0.000000,0.218608,0.154197,0.000000,0.000000,0.190306,0.283996,1.026950,0.000122,0.000672,0.003419,0.015629,3.703488,3.301682,1.798289,1.101464,0.602197,1.104761,0.800732,0.879999,3.304942,3.300363,0.797362,4.889660,4.907080,0.004274
10.050053,1,0.000000,0.218608,0.153221,0.000000,0.000000,0.192258,0.283020,1.857440,0.000122,0.000549,0.003419,0.015751,3.710912,3.293330,1.798289,1.106226,0.602564,1.102197,0.800732,0.879193,3.304026,3.299447,0.797948,4.899040,4.896360,0.004274
10.080054,1,0.000000,0.218608,0.153221,0.000000,0.000000,0.201042,0.283996,1.812790,0.000061,0.000549,0.003297,0.015385,3.711840,3.327664,1.796824,1.104761,0.612087,1.104394,0.799633,0.879462,3.304026,3.300363,0.797362,4.908420,4.919140,0.003419
10.110054,1,0.000000,0.220560,0.155173,0.000000,0.000000,0.179571,0.283020,1.018020,0.000183,0.000672,0.003297,0.015629,3.722976,3.307249,1.797800,1.106226,0.601098,1.101098,0.800732,0.879999,3.305857,3.298531,0.797655,4.881620,4.900380,0.003419
10.140054,1,0.000000,0.220560,0.152245,0.000000,0.000000,0.179571,0.282044,2.223570,0.000122,0.000549,0.003358,0.015507,3.703488,3.298898,1.797312,1.101464,0.603296,1.106226,0.801098,0.879193,3.303110,3.298531,0.797655,4.881620,4.897700,0.003419
10.170054,1,0.002928,0.219584,0.151269,0.000000,0.000000,0.180547,0.283996,1.759210,0.000183,0.000672,0.003297,0.015263,3.711840,3.301682,1.796824,1.102929,0.612454,1.104761,0.799267,0.879193,3.304942,3.299447,0.797948,4.909760,4.920480,0.004274
10.200053,1,0.000976,0.222512,0.153221,0.000000,0.000000,0.179571,0.282044,1.035880,0.000244,0.000549,0.003419,0.015629,3.704416,3.292402,1.798777,1.107691,0.604761,1.105494,0.802930,0.879462,3.304026,3.298531,0.797655,4.896360,4.908420,0.004274
10.230054,1,0.000000,0.227392,0.154197,0.000000,0.000000,0.179571,0.283020,2.071760,0.000061,0.000549,0.003297,0.015385,3.710912,3.301682,1.798289,1.107691,0.606227,1.104028,0.801831,0.879731,3.305857,3.298531,0.797069,4.886980,4.899040,0.003419
10.260054,1,0.001952,0.228368,0.152245,0.000000,0.000000,0.179571,0.283996,1.026950,0.000183,0.000672,0.003297,0.015263,3.715552,3.299826,1.797800,1.101830,0.613552,1.104028,0.802930,0.879999,3.304942,3.299447,0.797362,4.907080,4.919140,0.003419
10.290054,1,0.000000,0.228368,0.153221,0.000000,0.000000,0.180547,0.282044,1.902090,0.000183,0.000427,0.003419,0.015018,3.704416,3.293330,1.797312,1.102197,0.606227,1.101464,0.801464,0.879193,3.303110,3.299447,0.797655,4.886980,4.904400,0.004274
10.320053,1,0.000000,0.226416,0.157125,0.000000,0.000000,0.180547,0.282044,1.527030,0.000183,0.000427,0.003236,0.015263,3.715552,3.299826,1.797312,1.101464,0.605860,1.105127,0.800732,0.879193,3.304942,3.299447,0.797655,4.888320,4.920480,0.004274
10.350054,1,0.002928,0.233247,0.154197,0.000000,0.000000,0.179571,0.283996,1.035880,0.000244,0.000549,0.003419,0.015263,3.711840,3.325809,1.796335,1.102929,0.616117,1.105127,0.800732,0.879999,3.304942,3.299447,0.797655,4.905740,4.921820,0.003419
10.380053,1,0.000000,0.220560,0.152245,0.000000,0.000000,0.177619,0.340600,1.750280,0.000061,0.000672,0.003358,0.015018,3.711840,3.327664,1.796824,1.105494,0.613919,1.103296,0.801831,0.879193,3.304942,3.299447,0.797362,4.895020,4.893680,0.004274
10.410054,1,0.000000,0.220560,0.153221,0.014639,0.000000,0.179571,0.282044,1.518100,0.000244,0.000549,0.003114,0.015385,3.711840,3.327664,1.797312,1.110622,0.606593,1.103662,0.800732,0.879193,3.304942,3.299447,0.797655,4.911100,4.920480,0.003419
10.440054,1,0.000000,0.220560,0.151269,0.000000,0.000000,0.180547,0.284972,1.044810,0.000122,0.000549,0.003419,0.015385,3.715552,3.299826,1.796824,1.110622,0.604029,1.104761,0.800732,0.879731,3.305857,3.300363,0.796776,4.876260,4.904400,0.004274
10.470054,1,0.002928,0.217632,0.152245,0.000000,0.000000,0.180547,0.282044,1.830650,0.000244,0.000549,0.003358,0.015140,3.704416,3.301682,1.797312,1.101464,0.607692,1.101098,0.801831,0.879731,3.305857,3.300363,0.796776,4.886980,4.888320,0.004274
10.500054,1,0.000000,0.223488,0.152245,0.000000,0.000000,0.193234,0.284972,2.143200,0.000183,0.000549,0.003236,0.015507,3.715552,3.301682,1.797312,1.107691,0.611355,1.104761,0.799633,0.879462,3.305857,3.299447,0.797362,4.907080,4.921820,0.003419
10.530054,1,0.000976,0.217632,0.153221,0.000000,0.000000,0.192258,0.283020,1.035880,0.000183,0.000672,0.003358,0.015263,3.700704,3.301682,1.797800,1.105494,0.606593,1.104761,0.800732,0.879999,3.304942,3.299447,0.797362,4.899040,4.908420,0.004274
10.560054,1,0.000000,0.218608,0.152245,0.000000,0.000000,0.191282,0.282044,1.786000,0.000061,0.000427,0.003236,0.015507,3.719264,3.301682,1.797312,1.101830,0.604029,1.101098,0.800732,0.878925,3.303110,3.299447,0.797655,4.909760,4.919140,0.003419
10.590054,1,0.000000,0.217632,0.152245,0.000000,0.000000,0.192258,0.281068,1.026950,0.000122,0.000549,0.003358,0.015507,3.700704,3.327664,1.797312,1.107691,0.602564,1.100732,0.800365,0.879462,3.303110,3.299447,0.797655,4.900380,4.911100,0.004274
10.620054,1,0.000000,0.219584,0.151269,0.000000,0.000000,0.202993,0.281068,1.598470,0.000061,0.000549,0.003358,0.015263,3.719264,3.357359,1.796824,1.110622,0.605494,1.102929,0.800365,0.879462,3.304026,3.300363,0.797069,4.896360,4.907080,0.004274
10.650054,1,0.000000,0.218608,0.154197,0.000000,0.000000,0.181523,0.284972,1.035880,0.000122,0.000549,0.003419,0.015018,3.711840,3.292402,1.797800,1.105127,0.616849,1.106226,0.801098,0.879193,3.304942,3.298531,0.797655,4.911100,4.919140,0.003419
10.680053,1,0.001952,0.222512,0.153221,0.000000,0.000000,0.179571,0.283020,1.035880,0.000122,0.000549,0.003419,0.015507,3.710912,3.293330,1.798289,1.108424,0.601098,1.099999,0.800732,0.879462,3.304026,3.300363,0.797362,4.897700,4.897700,0.004274
10.710055,1,0.000976,0.221536,0.153221,0.000000,0.000000,0.180547,0.283020,2.393240,0.000183,0.000672,0.003297,0.015018,3.711840,3.301682,1.797800,1.110622,0.604029,1.104761,0.800732,0.879193,3.304026,3.298531,0.797069,4.896360,4.907080,0.004274
10.740054,1,0.000976,0.219584,0.152245,0.000000,0.000000,0.179571,0.280092,1.018020,0.000183,0.000427,0.003419,0.015507,3.715552,3.294258,1.798289,1.104761,0.607325,1.100732,0.800732,0.879193,3.303110,3.299447,0.797655,4.903060,4.920480,0.004274
10.770054,1,0.000000,0.228368,0.151269,0.000000,0.000000,0.179571,0.283020,2.196780,0.000122,0.000549,0.003419,0.015629,3.711840,3.294258,1.797800,1.104394,0.606959,1.101464,0.801831,0.879462,3.304026,3.300363,0.796776,4.886980,4.903060,0.004274
10.800054,1,0.001952,0.223488,0.153221,0.000000,0.000000,0.179571,0.283020,1.902090,0.000183,0.000427,0.003419,0.016117,3.699776,3.307249,1.797800,1.104761,0.604761,1.102929,0.800732,0.879999,3.304942,3.299447,0.796776,4.895020,4.904400,0.004274
10.830054,1,0.000000,0.227392,0.151269,0.000000,0.000000,0.180547,0.283996,1.044810,0.000244,0.000549,0.003419,0.015385,3.726687,3.294258,1.797800,1.102563,0.613919,1.101464,0.798900,0.879193,3.305857,3.299447,0.797362,4.909760,4.919140,0.004274
10.860054,1,0.000000,0.227392,0.154197,0.000000,0.000000,0.179571,0.284972,2.732580,0.000183,0.000427,0.003419,0.015263,3.696993,3.291474,1.796824,1.107691,0.605128,1.100732,0.801831,0.879731,3.303110,3.299447,0.797655,4.881620,4.900380,0.004274
10.890054,1,0.000000,0.233247,0.154197,0.060508,0.000000,0.179571,0.283020,2.062830,0.000183,0.000427,0.003419,0.015263,3.726687,3.294258,1.796824,1.101830,0.604029,1.102197,0.801831,0.878925,3.303110,3.299447,0.797362,4.907080,4.917800,0.004274
10.920053,1,0.000000,0.221536,0.152245,0.000000,0.000000,0.180547,0.281068,1.026950,0.000061,0.000549,0.003358,0.015263,3.719264,3.301682,1.796824,1.104394,0.613919,1.104761,0.799633,0.879731,3.305857,3.300363,0.797362,4.896360,4.891000,0.004274
10.950054,1,0.000000,0.217632,0.154197,0.000000,0.000000,0.179571,0.283996,1.535960,0.000183,0.000427,0.003419,0.015995,3.711840,3.301682,1.798289,1.107691,0.604395,1.102929,0.800732,0.879462,3.304026,3.299447,0.797948,4.882960,4.904400,0.004274
10.980055,1,0.000976,0.220560,0.154197,0.000000,0.000000,0.180547,0.280092,1.035880,0.000183,0.000427,0.003358,0.015873,3.726687,3.295186,1.798289,1.101464,0.615384,1.101098,0.800732,0.879462,3.304026,3.298531,0.797655,4.907080,4.919140,0.003419
11.010054,1,0.000000,0.219584,0.152245,0.000000,0.000000,0.178595,0.283020,1.803860,0.000183,0.000672,0.003297,0.015629,3.719264,3.301682,1.796824,1.106226,0.609523,1.101464,0.799633,0.879462,3.305857,3.300363,0.797362,4.888320,4.885640,0.004274
11.040055,1,0.000000,0.220560,0.151269,0.000000,0.000000,0.179571,0.283020,2.152130,0.000183,0.000672,0.003358,0.015751,3.711840,3.301682,1.796824,1.106226,0.604029,1.104761,0.801464,0.879731,3.305857,3.298531,0.797362,4.895020,4.919140,0.004274
11.070054,1,0.000976,0.220560,0.154197,0.000000,0.000000,0.180547,0.283996,1.044810,0.000183,0.000427,0.003419,0.015385,3.726687,3.293330,1.798289,1.101464,0.614651,1.104761,0.802930,0.879193,3.303110,3.299447,0.797655,4.911100,4.920480,0.004274
11.100054,1,0.000000,0.216657,0.153221,0.000000,0.000000,0.178595,0.283020,1.794930,0.000183,0.000427,0.003297,0.015507,3.719264,3.299826,1.798777,1.107691,0.605860,1.104394,0.799633,0.879462,3.304026,3.298531,0.797655,4.877600,4.911100,0.004274
11.130054,1,0.000976,0.218608,0.152245,0.000000,0.000000,0.180547,0.283020,1.982460,0.000122,0.000549,0.003419,0.015507,3.711840,3.299826,1.797312,1.104394,0.604395,1.100732,0.802930,0.879462,3.303110,3.300363,0.796776,4.908420,4.920480,0.004274
11.160054,1,0.000976,0.218608,0.154197,0.000000,0.000000,0.180547,0.283020,1.035880,0.000183,0.000672,0.003297,0.015507,3.715552,3.299826,1.797800,1.101830,0.614285,1.100732,0.802930,0.879999,3.304026,3.299447,0.797655,4.907080,4.907080,0.004274
11.190054,1,0.000000,0.220560,0.153221,0.000000,0.000000,0.181523,0.282044,1.750280,0.000183,0.000672,0.003358,0.015629,3.715552,3.295186,1.796335,1.108424,0.606227,1.104028,0.801098,0.879462,3.304942,3.299447,0.797655,4.899040,4.907080,0.004274
11.220055,1,0.000000,0.220560,0.155173,0.000000,0.000000,0.179571,0.283996,2.062830,0.000183,0.000427,0.003358,0.016117,3.710912,3.295186,1.798289,1.108424,0.612454,1.100365,0.802930,0.879462,3.305857,3.300363,0.797362,4.909760,4.923160,0.004274
11.250054,1,0.000000,0.218608,0.153221,0.000000,0.000000,0.181523,0.283020,1.035880,0.000244,0.000549,0.003358,0.015629,3.719264,3.298898,1.797312,1.107691,0.612087,1.100732,0.799633,0.879193,3.304942,3.299447,0.797655,4.905740,4.891000,0.004274
11.280053,1,0.001952,0.221536,0.155173,0.000000,0.000000,0.180547,0.283020,1.759210,0.000244,0.000733,0.003358,0.015629,3.700704,3.295186,1.796824,1.102197,0.601098,1.100732,0.800732,0.879462,3.305857,3.300363,0.796776,4.897700,4.909760,0.004274
11.310055,1,0.000976,0.224464,0.151269,0.000000,0.000000,0.180547,0.283020,1.598470,0.000061,0.000672,0.003419,0.015629,3.704416,3.291474,1.797312,1.109889,0.612087,1.101098,0.801831,0.879193,3.303110,3.299447,0.796776,4.911100,4.919140,0.003419
11.340053,1,0.000000,0.220560,0.153221,0.000000,0.000000,0.181523,0.283020,1.035880,0.000183,0.000427,0.003297,0.015507,3.715552,3.298898,1.796824,1.110622,0.601831,1.100732,0.801098,0.879462,3.305857,3.300363,0.796776,4.896360,4.904400,0.004274
11.370053,1,0.000976,0.218608,0.153221,0.000000,0.000000,0.180547,0.283020,1.839580,0.000061,0.000549,0.003297,0.015629,3.710912,3.299826,1.797800,1.101830,0.605128,1.102929,0.802930,0.879731,3.304026,3.300363,0.797069,4.897700,4.897700,0.004274
11.400055,1,0.000976,0.219584,0.153221,0.000000,0.000000,0.178595,0.281068,1.035880,0.000183,0.000672,0.003480,0.015385,3.715552,3.357359,1.796824,1.103296,0.615018,1.099999,0.801098,0.879193,3.303110,3.299447,0.797655,4.909760,4.917800,0.004274
11.430054,1,0.000000,0.220560,0.152245,0.000000,0.000000,0.182499,0.283020,1.035880,0.000183,0.000427,0.003297,0.015263,3.719264,3.301682,1.797312,1.107691,0.603662,1.104394,0.802930,0.879462,3.304942,3.300363,0.797362,4.893680,4.907080,0.004274
11.460054,1,0.000000,0.220560,0.154197,0.000000,0.000000,0.178595,0.282044,2.312870,0.000122,0.000549,0.003419,0.015629,3.697920,3.292402,1.798289,1.101830,0.605494,1.100732,0.800365,0.879999,3.304942,3.299447,0.797655,4.881620,4.899040,0.004274
11.490054,1,0.000000,0.218608,0.152245,0.000000,0.000000,0.179571,0.283996,1.044810,0.000183,0.000427,0.003297,0.015263,3.715552,3.301682,1.798289,1.107691,0.610622,1.106226,0.801464,0.879193,3.304942,3.299447,0.797948,4.905740,4.920480,0.004274
11.520053,1,0.000000,0.221536,0.154197,0.000000,0.000000,0.179571,0.283996,1.768140,0.000183,0.000672,0.003358,0.015385,3.715552,3.301682,1.798289,1.101830,0.599633,1.102929,0.800732,0.879462,3.305857,3.300363,0.797362,4.896360,4.904400,0.004274
11.550054,1,0.000000,0.218608,0.153221,0.000000,0.000000,0.177619,0.281068,2.705790,0.000183,0.000427,0.003419,0.015629,3.703488,3.295186,1.798289,1.107691,0.603296,1.100732,0.801098,0.879462,3.305857,3.298531,0.797362,4.912440,4.920480,0.004274
11.580054,1,0.000000,0.219584,0.154197,0.000000,0.000000,0.180547,0.280092,1.035880,0.000183,0.000427,0.003297,0.015751,3.719264,3.298898,1.796824,1.110622,0.613552,1.102929,0.799633,0.879462,3.304026,3.300363,0.797362,4.907080,4.896360,0.003419
11.610053,1,0.000976,0.218608,0.152245,0.000000,0.001961,0.179571,0.281068,1.544890,0.000244,0.000549,0.003419,0.015263,3.699776,3.299826,1.797800,1.104761,0.613552,1.104761,0.801098,0.879462,3.305857,3.300363,0.796776,4.897700,4.903060,0.003419
11.640054,1,0.000976,0.222512,0.154197,0.000000,0.000000,0.180547,0.283020,1.527030,0.000183,0.000427,0.003358,0.015629,3.715552,3.313745,1.796824,1.101464,0.614285,1.100732,0.801831,0.879193,3.303110,3.299447,0.797362,4.909760,4.920480,0.003419
11.670054,1,0.001952,0.219584,0.154197,0.000000,0.000000,0.179571,0.282044,1.026950,0.000183,0.000672,0.003297,0.015385,3.715552,3.298898,1.797800,1.107691,0.607325,1.102929,0.800732,0.879193,3.303110,3.299447,0.797655,4.878940,4.904400,0.004274
11.700054,1,0.000976,0.221536,0.153221,0.000000,0.000000,0.182499,0.282044,1.812790,0.000183,0.000427,0.003236,0.015873,3.719264,3.301682,1.797312,1.110622,0.608791,1.101464,0.799633,0.879462,3.304942,3.299447,0.797948,4.895020,4.923160,0.004274
11.730053,1,0.000976,0.224464,0.154197,0.000000,0.000000,0.180547,0.283996,1.044810,0.000183,0.000672,0.003358,0.015629,3.715552,3.357359,1.797312,1.104761,0.600366,1.105494,0.800732,0.879999,3.304026,3.299447,0.797655,4.877600,4.907080,0.004274
11.760054,1,0.000000,0.219584,0.152245,0.000000,0.000000,0.180547,0.282044,2.018180,0.000183,0.000672,0.003297,0.015507,3.711840,3.307249,1.797312,1.102563,0.600366,1.103296,0.802930,0.879193,3.304942,3.298531,0.797362,4.896360,4.893680,0.004274
11.790054,1,0.000000,0.218608,0.153221,0.000000,0.000000,0.180547,0.283996,1.839580,0.000183,0.000427,0.003419,0.015263,3.719264,3.292402,1.796824,1.104761,0.608791,1.105127,0.800732,0.879999,3.304026,3.299447,0.797948,4.909760,4.919140,0.004274
11.820054,1,0.001952,0.221536,0.151269,0.000000,0.000000,0.180547,0.283996,1.035880,0.000183,0.000427,0.003419,0.015263,3.719264,3.299826,1.798289,1.104761,0.602197,1.100365,0.800365,0.879731,3.303110,3.298531,0.797069,4.900380,4.886980,0.004274
11.850054,1,0.001952,0.219584,0.152245,0.000000,0.000000,0.180547,0.283996,2.071760,0.000244,0.000549,0.003419,0.015629,3.719264,3.311889,1.798289,1.107691,0.602930,1.101464,0.801464,0.879999,3.304942,3.299447,0.797948,4.882960,4.903060,0.004274
11.880053,1,0.000000,0.218608,0.153221,0.000000,0.000000,0.181523,0.282044,1.044810,0.000183,0.000427,0.003358,0.015629,3.715552,3.301682,1.796824,1.104761,0.614651,1.104761,0.798900,0.879462,3.304026,3.299447,0.797362,4.907080,4.920480,0.003419
11.910054,1,0.000976,0.219584,0.153221,0.000000,0.000000,0.182499,0.280092,1.026950,0.000061,0.000549,0.003358,0.015385,3.711840,3.298898,1.797312,1.101464,0.599999,1.100732,0.799633,0.879999,3.304942,3.299447,0.797948,4.899040,4.907080,0.004274
11.940054,1,0.000000,0.220560,0.153221,0.000000,0.000000,0.182499,0.283020,1.598470,0.000183,0.000427,0.003358,0.015140,3.722976,3.301682,1.797800,1.101464,0.602197,1.101464,0.799633,0.879462,3.305857,3.298531,0.797069,4.892340,4.904400,0.004274
11.970054,1,0.000000,0.222512,0.154197,0.000000,0.000000,0.192258,0.284972,1.035880,0.000183,0.000672,0.003358,0.016117,3.700704,3.299826,1.797800,1.102563,0.614651,1.104028,0.802930,0.879999,3.304942,3.299447,0.797948,4.909760,4.923160,0.004274
12.000054,1,0.000000,0.223488,0.154197,0.000000,0.000000,0.192258,0.282044,1.750280,0.000183,0.000427,0.003419,0.015018,3.715552,3.357359,1.798289,1.102929,0.602197,1.100732,0.799633,0.879462,3.305857,3.300363,0.796776,4.904400,4.897700,0.004274
12.030054,1,0.000000,0.219584,0.153221,0.000000,0.000000,0.190306,0.283020,1.821720,0.000183,0.000672,0.003358,0.015507,3.700704,3.299826,1.798289,1.104761,0.599999,1.102929,0.800365,0.879462,3.305857,3.299447,0.797948,4.909760,4.919140,0.003419
12.060054,1,0.000000,0.221536,0.152245,0.000000,0.000000,0.201042,0.283996,1.053740,0.000183,0.000427,0.003358,0.015507,3.719264,3.292402,1.798289,1.107691,0.615018,1.102929,0.800732,0.879462,3.307689,3.299447,0.797655,4.896360,4.904400,0.004274
12.090054,1,0.000000,0.219584,0.153221,0.000000,0.000000,0.179571,0.281068,1.535960,0.000183,0.000427,0.003236,0.015263,3.719264,3.293330,1.798289,1.102563,0.606593,1.104028,0.800732,0.879731,3.305857,3.298531,0.797655,4.886980,4.896360,0.004274
12.120054,1,0.000976,0.222512,0.152245,0.000000,0.000000,0.179571,0.282044,1.053740,0.000183,0.000672,0.003297,0.015263,3.715552,3.299826,1.796824,1.101830,0.613552,1.099999,0.801831,0.879193,3.304942,3.299447,0.797655,4.911100,4.920480,0.004274
12.150054,1,0.000000,0.217632,0.153221,0.000000,0.000000,0.179571,0.284972,2.455750,0.000244,0.000549,0.003358,0.015629,3.719264,3.301682,1.797800,1.104761,0.613552,1.101098,0.800732,0.879462,3.303110,3.300363,0.797362,4.896360,4.900380,0.003419
12.180053,1,0.000000,0.218608,0.153221,0.015615,0.003431,0.180547,0.282044,1.535960,0.000183,0.000672,0.003236,0.015751,3.711840,3.313745,1.797312,1.105494,0.604761,1.105494,0.801831,0.879462,3.304026,3.298531,0.797362,4.888320,4.897700,0.004274
12.210054,1,0.000000,0.219584,0.153221,0.000000,0.000000,0.179571,0.284972,1.044810,0.000122,0.000549,0.003358,0.015385,3.726687,3.298898,1.796824,1.104394,0.614285,1.104394,0.801098,0.879193,3.304942,3.299447,0.797655,4.909760,4.919140,0.003419
12.240053,1,0.000976,0.227392,0.154197,0.000000,0.000000,0.180547,0.284972,2.473610,0.000244,0.000549,0.003419,0.015263,3.710912,3.298898,1.798289,1.110622,0.612087,1.102929,0.801098,0.879193,3.304942,3.299447,0.797655,4.884300,4.885640,0.003419
12.270054,1,0.000000,0.227392,0.153221,0.000000,0.000000,0.179571,0.290827,2.178920,0.000061,0.000549,0.003297,0.015263,3.715552,3.298898,1.797312,1.102929,0.602197,1.103662,0.802930,0.879731,3.305857,3.298531,0.797655,4.892340,4.920480,0.004274
12.300053,1,0.000000,0.227392,0.153221,0.000000,0.000000,0.181523,0.283996,1.035880,0.000183,0.000672,0.003114,0.015629,3.715552,3.299826,1.798289,1.107691,0.614651,1.105127,0.800732,0.879193,3.305857,3.299447,0.797655,4.905740,4.920480,0.004274
12.330054,1,0.000000,0.233247,0.155173,0.000000,0.000000,0.178595,0.283020,1.803860,0.000183,0.000427,0.003419,0.015629,3.700704,3.303538,1.796824,1.102563,0.607325,1.101098,0.801831,0.879999,3.304942,3.299447,0.797362,4.888320,4.885640,0.004274
12.360054,1,0.000000,0.227392,0.153221,0.000000,0.000000,0.179571,0.285948,2.241430,0.000183,0.000427,0.003419,0.015263,3.719264,3.293330,1.798289,1.107691,0.603296,1.101464,0.801464,0.879193,3.304942,3.299447,0.797948,4.893680,4.920480,0.003419
12.390054,1,0.000000,0.220560,0.153221,0.000000,0.000000,0.178595,0.283996,1.035880,0.000183,0.000672,0.003297,0.015507,3.715552,3.299826,1.796824,1.102563,0.616117,1.102563,0.801831,0.878925,3.304942,3.299447,0.797362,4.905740,4.920480,0.004274
12.420053,1,0.000976,0.219584,0.153221,0.000000,0.000000,0.179571,0.282044,1.786000,0.000183,0.000672,0.003236,0.015629,3.719264,3.311889,1.798289,1.107691,0.599633,1.104761,0.801098,0.879731,3.303110,3.300363,0.797362,4.876260,4.912440,0.004274
12.450055,1,0.000000,0.218608,0.153221,0.000000,0.000000,0.181523,0.283996,1.991390,0.000183,0.000672,0.003297,0.015507,3.726687,3.299826,1.798289,1.104394,0.602197,1.100365,0.801098,0.879193,3.304942,3.299447,0.797655,4.911100,4.920480,0.004274
12.480054,1,0.000000,0.222512,0.154197,0.000000,0.000000,0.188355,0.283996,1.018020,0.000244,0.000549,0.003297,0.015507,3.710912,3.295186,1.798777,1.104761,0.615750,1.100732,0.800732,0.879462,3.304026,3.299447,0.797655,4.896360,4.891000,0.004274
12.510054,1,0.000976,0.219584,0.153221,0.000000,0.000000,0.191282,0.283020,1.768140,0.000244,0.000672,0.003480,0.015018,3.711840,3.293330,1.798289,1.101464,0.601465,1.104761,0.800732,0.879999,3.304026,3.299447,0.797948,4.899040,4.912440,0.004274
12.540054,1,0.000000,0.221536,0.153221,0.001952,0.000000,0.192258,0.284972,2.589700,0.000061,0.000549,0.003297,0.015263,3.715552,3.301682,1.797312,1.107691,0.610988,1.104761,0.800732,0.879462,3.304026,3.300363,0.797362,4.909760,4.917800,0.004274
12.570054,1,0.000000,0.218608,0.153221,0.000000,0.000000,0.191282,0.283020,1.026950,0.000183,0.000672,0.003236,0.015140,3.711840,3.307249,1.797800,1.102197,0.600732,1.106226,0.802930,0.879193,3.306773,3.299447,0.797655,4.895020,4.904400,0.004274
12.600054,1,0.000000,0.220560,0.156149,0.000000,0.000000,0.202017,0.284972,1.839580,0.000061,0.000427,0.003358,0.015385,3.726687,3.291474,1.797312,1.102563,0.599999,1.101098,0.800732,0.879193,3.304942,3.299447,0.797948,4.904400,4.899040,0.004274
12.630055,1,0.000976,0.221536,0.154197,0.000000,0.000000,0.179571,0.283996,1.035880,0.000122,0.000549,0.003419,0.015507,3.726687,3.292402,1.798289,1.107325,0.615384,1.100732,0.799633,0.879999,3.304026,3.299447,0.797948,4.907080,4.919140,0.004274
12.660054,1,0.000000,0.219584,0.153221,0.000000,0.000000,0.182499,0.284972,1.598470,0.000244,0.000488,0.003297,0.015140,3.719264,3.298898,1.797800,1.104761,0.602564,1.102197,0.800365,0.879731,3.303110,3.299447,0.797655,4.886980,4.907080,0.004274
12.690054,1,0.000976,0.217632,0.152245,0.000000,0.000000,0.179571,0.282044,2.455750,0.000183,0.000672,0.003358,0.015629,3.700704,3.298898,1.797800,1.109156,0.603296,1.102929,0.801098,0.879999,3.303110,3.299447,0.798241,4.886980,4.923160,0.004274
12.720053,1,0.000976,0.219584,0.154197,0.000000,0.000000,0.180547,0.282044,1.044810,0.000183,0.000672,0.003419,0.015507,3.699776,3.298898,1.796824,1.103296,0.615384,1.104394,0.798900,0.879193,3.304942,3.298531,0.797655,4.911100,4.921820,0.004274
12.750054,1,0.002928,0.226416,0.151269,0.000000,0.000000,0.181523,0.283996,1.821720,0.000183,0.000672,0.003297,0.015263,3.700704,3.295186,1.796824,1.109156,0.604761,1.100732,0.801098,0.879462,3.304942,3.299447,0.797655,4.895020,4.904400,0.004274
12.780054,1,0.000000,0.228368,0.153221,0.000000,0.000000,0.180547,0.283020,2.696860,0.000244,0.000549,0.003419,0.015629,3.726687,3.299826,1.798289,1.107691,0.614651,1.104028,0.799267,0.879462,3.305857,3.298531,0.797362,4.909760,4.920480,0.004274
12.810054,1,0.000976,0.227392,0.154197,0.000000,0.000000,0.181523,0.282044,1.527030,0.000183,0.000427,0.003297,0.015629,3.711840,3.307249,1.798289,1.101464,0.606593,1.104761,0.798900,0.879193,3.306773,3.299447,0.797655,4.878940,4.904400,0.004274
12.840055,1,0.000976,0.220560,0.155173,0.000000,0.000000,0.177619,0.283020,1.786000,0.000183,0.000427,0.003358,0.015629,3.710912,3.357359,1.797800,1.109156,0.609157,1.100732,0.800365,0.879193,3.303110,3.299447,0.797655,4.912440,4.917800,0.004274
12.870054,1,0.000976,0.235199,0.155173,0.000000,0.000000,0.178595,0.281068,1.026950,0.000244,0.000549,0.003419,0.015385,3.715552,3.298898,1.796824,1.107691,0.614651,1.104394,0.800732,0.879193,3.304942,3.299447,0.797655,4.911100,4.885640,0.004274
12.900053,1,0.000000,0.219584,0.154197,0.000000,0.000000,0.181523,0.283996,2.178920,0.000183,0.000427,0.003358,0.015507,3.715552,3.292402,1.798289,1.104394,0.618314,1.104761,0.800732,0.879193,3.303110,3.299447,0.797655,4.892340,4.909760,0.003419
12.930055,1,0.001952,0.217632,0.154197,0.000000,0.000000,0.179571,0.283996,1.759210,0.000122,0.000549,0.003419,0.015385,3.726687,3.298898,1.797800,1.103296,0.612454,1.100732,0.800365,0.879731,3.305857,3.300363,0.797362,4.912440,4.920480,0.004274
12.960053,1,0.000976,0.220560,0.153221,0.000000,0.000000,0.179571,0.283996,1.044810,0.000244,0.000549,0.003419,0.015629,3.719264,3.307249,1.797800,1.107691,0.609523,1.100732,0.799633,0.879731,3.303110,3.299447,0.796776,4.885640,4.912440,0.003419
12.990055,1,0.000000,0.218608,0.153221,0.000000,0.000000,0.179571,0.283996,2.178920,0.000122,0.000549,0.003419,0.015507,3.711840,3.357359,1.796824,1.101830,0.603296,1.102929,0.801831,0.879193,3.304942,3.299447,0.797655,4.889660,4.891000,0.003419
13.020054,1,0.000976,0.222512,0.152245,0.000000,0.000000,0.181523,0.284972,1.759210,0.000061,0.000733,0.003297,0.015507,3.711840,3.327664,1.798289,1.107691,0.614651,1.100732,0.800732,0.879193,3.304942,3.299447,0.797655,4.911100,4.920480,0.003419
13.050054,1,0.000000,0.217632,0.152245,0.000000,0.000000,0.181523,0.283996,1.018020,0.000183,0.000427,0.003236,0.015263,3.711840,3.292402,1.797312,1.107691,0.605128,1.101098,0.801831,0.879731,3.304942,3.298531,0.797655,4.877600,4.912440,0.003419
13.080055,1,0.000976,0.219584,0.153221,0.000000,0.000000,0.178595,0.284972,2.044970,0.000061,0.000549,0.003297,0.015263,3.715552,3.294258,1.797312,1.107691,0.600366,1.100732,0.799633,0.879193,3.305857,3.300363,0.797069,4.897700,4.907080,0.004274
13.110054,1,0.000000,0.220560,0.153221,0.000000,0.000000,0.180547,0.283996,1.035880,0.000244,0.000549,0.003297,0.015263,3.715552,3.298898,1.796824,1.107691,0.613186,1.104394,0.798900,0.879193,3.304942,3.299447,0.797655,4.911100,4.920480,0.004274
13.140053,1,0.000000,0.220560,0.153221,0.000000,0.000000,0.178595,0.282044,1.026950,0.000183,0.000427,0.003236,0.015263,3.711840,3.295186,1.797312,1.110622,0.605860,1.102929,0.799633,0.879193,3.304942,3.299447,0.797655,4.900380,4.909760,0.003419
13.170055,1,0.000976,0.221536,0.152245,0.000000,0.000000,0.182499,0.284972,2.491470,0.000183,0.000427,0.003419,0.015140,3.715552,3.292402,1.797800,1.101464,0.617216,1.102929,0.800732,0.879462,3.304026,3.299447,0.797362,4.882960,4.919140,0.004274
13.200053,1,0.000000,0.220560,0.152245,0.000000,0.000000,0.180547,0.286923,1.035880,0.000183,0.000427,0.003419,0.015140,3.719264,3.292402,1.798289,1.107691,0.612820,1.104761,0.801464,0.879193,3.303110,3.299447,0.797655,4.892340,4.907080,0.004274
13.230054,1,0.000976,0.217632,0.152245,0.000000,0.000000,0.179571,0.283020,2.732580,0.000183,0.000427,0.003419,0.015263,3.699776,3.292402,1.797800,1.101464,0.601465,1.104761,0.799633,0.879999,3.304026,3.298531,0.797362,4.888320,4.897700,0.004274
13.260054,1,0.000000,0.222512,0.153221,0.000000,0.000000,0.178595,0.282044,2.152130,0.000183,0.000672,0.003297,0.015507,3.715552,3.301682,1.798289,1.104761,0.615384,1.102929,0.801831,0.879462,3.305857,3.300363,0.796776,4.909760,4.921820,0.004274
13.290054,1,0.000000,0.219584,0.153221,0.000000,0.000000,0.180547,0.283996,1.035880,0.000061,0.000427,0.003358,0.015507,3.711840,3.293330,1.797312,1.101830,0.605494,1.102929,0.802930,0.879462,3.304942,3.299447,0.797362,4.896360,4.903060,0.003419
13.320054,1,0.000976,0.219584,0.152245,0.000000,0.000000,0.181523,0.284972,1.544890,0.000183,0.000672,0.003419,0.015140,3.703488,3.295186,1.798289,1.108424,0.600732,1.104761,0.801098,0.879462,3.304942,3.299447,0.797655,4.886980,4.909760,0.004274
13.350054,1,0.000000,0.218608,0.154197,0.000000,0.000000,0.178595,0.283020,1.035880,0.000244,0.000549,0.003358,0.015018,3.717408,3.301682,1.798289,1.104761,0.613186,1.102929,0.801098,0.879193,3.305857,3.298531,0.797655,4.912440,4.920480,0.004274
13.380053,1,0.000000,0.221536,0.153221,0.000000,0.000000,0.178595,0.283996,1.044810,0.000183,0.000672,0.003419,0.015263,3.704416,3.291474,1.797312,1.102563,0.600732,1.104028,0.799633,0.879462,3.305857,3.300363,0.796776,4.896360,4.903060,0.004274
13.410054,1,0.000000,0.219584,0.153221,0.000000,0.000000,0.181523,0.283020,1.527030,0.000183,0.000672,0.003297,0.015385,3.711840,3.301682,1.797312,1.101464,0.604761,1.104761,0.800732,0.879462,3.304026,3.298531,0.797655,4.899040,4.904400,0.003419
13.440054,1,0.001952,0.218608,0.154197,0.000000,0.000000,0.180547,0.283020,1.035880,0.000183,0.000672,0.003236,0.015507,3.715552,3.299826,1.798289,1.106226,0.615750,1.104394,0.799633,0.879462,3.304942,3.300363,0.797362,4.907080,4.919140,0.003419
13.470054,1,0.000000,0.218608,0.153221,0.000000,0.000000,0.178595,0.283996,2.455750,0.000244,0.000672,0.003419,0.015018,3.704416,3.293330,1.798289,1.102563,0.614651,1.101098,0.800732,0.879193,3.304942,3.298531,0.797362,4.893680,4.903060,0.004274
13.500053,1,0.000000,0.219584,0.154197,0.000000,0.003922,0.180547,0.282044,1.535960,0.000122,0.000549,0.003419,0.015385,3.726687,3.294258,1.797312,1.110622,0.604029,1.104394,0.799633,0.879462,3.304026,3.297616,0.797362,4.882960,4.903060,0.004274
13.530054,1,0.002928,0.219584,0.154197,0.000000,0.000000,0.179571,0.283996,1.035880,0.000183,0.000427,0.003358,0.015263,3.715552,3.301682,1.796824,1.104394,0.615384,1.102929,0.801464,0.879462,3.307689,3.300363,0.796776,4.909760,4.920480,0.004274
13.560053,1,0.000000,0.221536,0.152245,0.000000,0.000000,0.180547,0.281068,2.464680,0.000183,0.000549,0.003358,0.015263,3.726687,3.311889,1.797312,1.104761,0.614651,1.104761,0.801464,0.879193,3.304942,3.299447,0.797655,4.892340,4.884300,0.004274
13.590054,1,0.000000,0.220560,0.152245,0.007807,0.000000,0.181523,0.283020,2.169990,0.000183,0.000427,0.003358,0.015385,3.711840,3.327664,1.797312,1.104761,0.600366,1.104028,0.800732,0.879462,3.304026,3.297616,0.797362,4.893680,4.917800,0.004274
13.620054,1,0.000000,0.222512,0.154197,0.000000,0.000000,0.179571,0.283996,1.053740,0.000183,0.000672,0.003297,0.015140,3.715552,3.287762,1.796824,1.104761,0.613919,1.104761,0.799633,0.879999,3.304942,3.297616,0.797362,4.907080,4.905740,0.003419
13.650054,1,0.000976,0.219584,0.155173,0.000000,0.000000,0.179571,0.283996,1.786000,0.000183,0.000427,0.003419,0.015018,3.703488,3.292402,1.797800,1.107691,0.606227,1.104028,0.801098,0.879999,3.304942,3.299447,0.797948,4.877600,4.907080,0.004274
13.680055,1,0.000000,0.220560,0.154197,0.000000,0.000000,0.180547,0.282044,1.857440,0.000244,0.000549,0.003419,0.015507,3.710912,3.293330,1.798289,1.103296,0.605494,1.104028,0.799633,0.879999,3.304026,3.298531,0.797362,4.907080,4.920480,0.004274
13.710054,1,0.000000,0.219584,0.155173,0.000000,0.000000,0.180547,0.282044,1.026950,0.000183,0.000549,0.003297,0.015263,3.710912,3.301682,1.796824,1.102929,0.611721,1.101464,0.799633,0.879999,3.304942,3.299447,0.797655,4.895020,4.909760,0.003419
13.740054,1,0.002928,0.218608,0.154197,0.000000,0.000000,0.181523,0.283996,1.759210,0.000122,0.000549,0.003419,0.015873,3.726687,3.355503,1.796824,1.101830,0.601831,1.105127,0.800732,0.878925,3.304942,3.299447,0.797655,4.900380,4.907080,0.004274
13.770054,1,0.000000,0.219584,0.153221,0.000000,0.000000,0.182499,0.288875,2.053900,0.000244,0.000549,0.003358,0.015629,3.715552,3.299826,1.798289,1.101464,0.616483,1.102929,0.802930,0.879462,3.304026,3.300363,0.796776,4.907080,4.919140,0.004274
13.800054,1,0.000000,0.220560,0.153221,0.000000,0.000000,0.179571,0.282044,1.026950,0.000183,0.000427,0.003419,0.016117,3.726687,3.294258,1.798289,1.108424,0.600732,1.104761,0.800365,0.879462,3.304942,3.300363,0.797362,4.897700,4.893680,0.004274
13.830055,1,0.002928,0.218608,0.154197,0.000000,0.000000,0.180547,0.281068,1.839580,0.000244,0.000549,0.003419,0.015873,3.701632,3.301682,1.798289,1.104761,0.606959,1.100732,0.801464,0.879731,3.305857,3.299447,0.797069,4.901720,4.899040,0.004274
13.860054,1,0.000976,0.220560,0.152245,0.000000,0.000000,0.179571,0.282044,1.044810,0.000061,0.000549,0.003358,0.015385,3.715552,3.301682,1.796824,1.107691,0.614285,1.105127,0.800732,0.879193,3.304942,3.298531,0.797362,4.907080,4.920480,0.004274
13.890053,1,0.000000,0.221536,0.153221,0.000000,0.000000,0.179571,0.281068,2.473610,0.000183,0.000427,0.003419,0.015263,3.726687,3.307249,1.797800,1.107691,0.600366,1.101098,0.801098,0.879462,3.304026,3.299447,0.796776,4.882960,4.907080,0.004274
13.920054,1,0.000000,0.220560,0.154197,0.000000,0.000000,0.180547,0.282044,1.786000,0.000183,0.000427,0.003419,0.015629,3.715552,3.357359,1.796824,1.103296,0.609157,1.104028,0.801098,0.879193,3.304942,3.298531,0.797655,4.911100,4.921820,0.003419
13.950054,1,0.002928,0.222512,0.153221,0.000000,0.000000,0.192258,0.283996,1.535960,0.000061,0.000427,0.003358,0.015507,3.726687,3.327664,1.798289,1.104761,0.602197,1.104028,0.801464,0.879193,3.304942,3.300363,0.797655,4.889660,4.909760,0.003419
13.980054,1,0.000000,0.217632,0.155173,0.000000,0.000000,0.190306,0.284972,2.473610,0.000244,0.000549,0.003480,0.015018,3.699776,3.298898,1.797800,1.104028,0.615018,1.102929,0.802930,0.879462,3.307689,3.299447,0.797362,4.888320,4.921820,0.004274
14.010054,1,0.000000,0.219584,0.153221,0.000000,0.000000,0.190306,0.283020,1.044810,0.000183,0.000427,0.003480,0.015507,3.726687,3.357359,1.797312,1.109156,0.615018,1.100365,0.801464,0.879193,3.303110,3.299447,0.797655,4.911100,4.920480,0.004274
14.040053,1,0.000976,0.221536,0.151269,0.000000,0.000000,0.202017,0.283020,1.535960,0.000061,0.000549,0.003358,0.015263,3.711840,3.299826,1.797800,1.107325,0.606959,1.104761,0.801831,0.879999,3.304942,3.299447,0.797362,4.877600,4.904400,0.004274
14.070055,1,0.000000,0.219584,0.152245,0.000000,0.000000,0.201042,0.282044,1.803860,0.000122,0.000549,0.003297,0.016117,3.726687,3.299826,1.797312,1.110622,0.610622,1.104761,0.801831,0.879462,3.305857,3.300363,0.797069,4.912440,4.920480,0.004274
14.100053,1,0.000000,0.221536,0.151269,0.000000,0.000000,0.179571,0.283996,1.044810,0.000061,0.000549,0.003236,0.015263,3.719264,3.301682,1.797312,1.104761,0.616483,1.104028,0.801831,0.879462,3.304026,3.300363,0.796776,4.909760,4.907080,0.003419
14.130054,1,0.000000,0.221536,0.153221,0.000000,0.005392,0.179571,0.282044,1.535960,0.000183,0.000427,0.003419,0.015385,3.711840,3.293330,1.798289,1.109156,0.605860,1.104394,0.800732,0.879193,3.304942,3.300363,0.797655,4.882960,4.897700,0.003419
14.160054,1,0.000000,0.219584,0.154197,0.000000,0.000000,0.179571,0.282044,1.794930,0.000183,0.000427,0.003419,0.015263,3.696064,3.303538,1.798777,1.107325,0.610622,1.104761,0.801098,0.879462,3.304942,3.299447,0.797362,4.907080,4.919140,0.004274
14.190054,1,0.000000,0.220560,0.153221,0.000000,0.000000,0.180547,0.283020,1.053740,0.000061,0.000549,0.003358,0.015263,3.711840,3.301682,1.796824,1.110622,0.610622,1.104394,0.802930,0.879193,3.303110,3.298531,0.797069,4.892340,4.884300,0.004274
14.220054,1,0.000000,0.228368,0.152245,0.000000,0.000000,0.181523,0.282044,2.187850,0.000183,0.000427,0.003419,0.015140,3.699776,3.307249,1.798289,1.107691,0.603662,1.100365,0.801098,0.879462,3.304942,3.298531,0.797655,4.886980,4.907080,0.004274
14.250055,1,0.001952,0.227392,0.153221,0.000000,0.000000,0.179571,0.283020,1.035880,0.000183,0.000427,0.003419,0.015140,3.711840,3.313745,1.796824,1.102197,0.614285,1.100732,0.801098,0.879462,3.304026,3.300363,0.797362,4.908420,4.920480,0.004274
14.280053,1,0.000000,0.227392,0.153221,0.000000,0.000000,0.179571,0.283996,1.768140,0.000244,0.000549,0.003358,0.015629,3.699776,3.301682,1.796824,1.109156,0.604395,1.105127,0.801464,0.879999,3.304026,3.299447,0.797948,4.899040,4.892340,0.004274
14.310055,1,0.000000,0.234223,0.153221,0.000000,0.000000,0.179571,0.283020,1.625260,0.000183,0.000427,0.003419,0.015385,3.710912,3.292402,1.796824,1.109156,0.600732,1.104028,0.801831,0.879999,3.304942,3.299447,0.797362,4.907080,4.919140,0.003419
14.340053,1,0.000000,0.226416,0.151269,0.000000,0.000000,0.179571,0.282044,1.044810,0.000122,0.000488,0.003358,0.015263,3.721120,3.301682,1.797800,1.104761,0.612087,1.102929,0.801098,0.879462,3.305857,3.300363,0.797362,4.912440,4.904400,0.004274
14.370054,1,0.000976,0.220560,0.154197,0.000000,0.000000,0.180547,0.283020,1.848510,0.000183,0.000427,0.003419,0.015629,3.711840,3.293330,1.798289,1.107691,0.600732,1.103662,0.800365,0.879462,3.304942,3.299447,0.797655,4.900380,4.892340,0.004274
14.400054,1,0.002928,0.220560,0.156149,0.000000,0.000000,0.180547,0.283996,1.821720,0.000183,0.000427,0.003419,0.015385,3.700704,3.294258,1.798777,1.107691,0.610256,1.102197,0.800732,0.879462,3.304026,3.298531,0.797362,4.907080,4.920480,0.003419
14.430054,1,0.000000,0.222512,0.151269,0.000000,0.000000,0.180547,0.284972,1.044810,0.000122,0.000549,0.003358,0.015385,3.715552,3.289618,1.797312,1.106226,0.606227,1.104394,0.800732,0.879462,3.304026,3.299447,0.797948,4.893680,4.904400,0.004274
14.460053,1,0.000000,0.217632,0.152245,0.000000,0.000000,0.187379,0.283020,2.482540,0.000183,0.000672,0.003297,0.015140,3.704416,3.301682,1.796824,1.105494,0.604029,1.102929,0.800732,0.879731,3.304026,3.300363,0.797069,4.885640,4.897700,0.003419
14.490055,1,0.000976,0.219584,0.154197,0.000000,0.000000,0.191282,0.286923,2.027110,0.000244,0.000488,0.003419,0.015385,3.719264,3.298898,1.796824,1.101830,0.615750,1.104028,0.803296,0.879193,3.304942,3.298531,0.797362,4.909760,4.920480,0.004274
14.520054,1,0.000976,0.223488,0.152245,0.000000,0.000000,0.191282,0.283020,1.044810,0.000183,0.000427,0.003297,0.015507,3.700704,3.298898,1.796824,1.109156,0.604029,1.104761,0.799633,0.879462,3.304026,3.299447,0.797362,4.893680,4.904400,0.004274
14.550054,1,0.001952,0.221536,0.153221,0.000000,0.000000,0.190306,0.283020,2.777230,0.000122,0.000549,0.003419,0.015263,3.703488,3.295186,1.796824,1.106226,0.602564,1.102929,0.798900,0.879193,3.304026,3.298531,0.797655,4.891000,4.908420,0.004274
14.580054,1,0.000000,0.220560,0.153221,0.000000,0.000000,0.202993,0.282044,1.044810,0.000244,0.000549,0.003114,0.015018,3.715552,3.301682,1.796824,1.102197,0.615018,1.104028,0.800732,0.879462,3.305857,3.299447,0.797362,4.912440,4.920480,0.004274
14.610054,1,0.000000,0.220560,0.155173,0.000000,0.000000,0.178595,0.283020,1.035880,0.000122,0.000549,0.003297,0.015629,3.700704,3.297970,1.797800,1.104761,0.600732,1.102929,0.801831,0.879731,3.305857,3.298531,0.797655,4.892340,4.905740,0.004274
14.640053,1,0.000976,0.219584,0.154197,0.000000,0.000000,0.182499,0.283020,1.535960,0.000183,0.000427,0.003358,0.015507,3.715552,3.301682,1.797312,1.103662,0.604395,1.099999,0.801464,0.879462,3.304942,3.299447,0.797948,4.888320,4.896360,0.004274
14.670054,1,0.001952,0.219584,0.152245,0.000000,0.000000,0.180547,0.282044,1.044810,0.000183,0.000427,0.003419,0.015263,3.715552,3.298898,1.797312,1.104761,0.604395,1.104761,0.801831,0.879999,3.304942,3.299447,0.797362,4.909760,4.920480,0.004274
14.700054,1,0.000976,0.220560,0.154197,0.000000,0.000000,0.180547,0.280092,2.062830,0.000183,0.000427,0.003419,0.015507,3.699776,3.294258,1.797800,1.103296,0.606593,1.102929,0.801831,0.879731,3.303110,3.300363,0.797362,4.896360,4.897700,0.003419
14.730053,1,0.000976,0.222512,0.153221,0.000000,0.000000,0.180547,0.281068,1.544890,0.000183,0.000549,0.003297,0.015140,3.700704,3.295186,1.798289,1.102197,0.604395,1.104028,0.800732,0.879193,3.306773,3.298531,0.797362,4.881620,4.920480,0.003419
14.760053,1,0.000000,0.228368,0.154197,0.000000,0.000000,0.181523,0.283020,1.044810,0.000183,0.000672,0.003297,0.015385,3.711840,3.301682,1.797800,1.110622,0.615018,1.104761,0.799633,0.879999,3.304942,3.299447,0.797362,4.907080,4.920480,0.004274
14.790054,1,0.000000,0.228368,0.155173,0.000000,0.000000,0.180547,0.283996,2.473610,0.000183,0.000672,0.003358,0.015140,3.711840,3.301682,1.796824,1.107691,0.611721,1.104028,0.800732,0.879731,3.307689,3.300363,0.797362,4.891000,4.884300,0.003419
14.820053,1,0.000000,0.228368,0.153221,0.000000,0.000000,0.179571,0.284972,2.169990,0.000244,0.000488,0.003358,0.015507,3.711840,3.301682,1.798777,1.102929,0.602930,1.102929,0.801831,0.879462,3.305857,3.299447,0.797362,4.912440,4.912440,0.004274
14.850055,1,0.000976,0.234223,0.155173,0.000000,0.000000,0.182499,0.283020,1.035880,0.000122,0.000549,0.003297,0.015140,3.711840,3.301682,1.797800,1.102929,0.612087,1.100732,0.798900,0.878925,3.304026,3.299447,0.796776,4.905740,4.904400,0.004274
14.880054,1,0.000976,0.225440,0.153221,0.000000,0.000000,0.179571,0.283996,1.786000,0.000061,0.000549,0.003358,0.016117,3.696064,3.301682,1.797800,1.104394,0.599999,1.102929,0.800732,0.879193,3.304942,3.299447,0.797655,4.877600,4.907080,0.004274
14.910055,1,0.000000,0.219584,0.154197,0.008783,0.000000,0.180547,0.283020,2.169990,0.000183,0.000427,0.003358,0.015263,3.715552,3.301682,1.797312,1.106226,0.613552,1.101464,0.799633,0.879462,3.307689,3.299447,0.797362,4.908420,4.917800,0.004274
14.940053,1,0.000976,0.220560,0.154197,0.000000,0.000000,0.180547,0.283996,1.035880,0.000061,0.000427,0.003236,0.015385,3.711840,3.293330,1.798289,1.101464,0.603296,1.101098,0.802930,0.879462,3.305857,3.300363,0.797362,4.896360,4.886980,0.004274
14.970055,1,0.000000,0.219584,0.155173,0.000000,0.000000,0.180547,0.283996,1.768140,0.000061,0.000549,0.003297,0.015263,3.703488,3.301682,1.797312,1.107691,0.599999,1.101098,0.800732,0.879462,3.303110,3.299447,0.797655,4.900380,4.909760,0.004274
15.000055,1,0.000000,0.220560,0.152245,0.000000,0.000000,0.182499,0.282044,1.044810,0.000183,0.000427,0.003419,0.015751,3.715552,3.357359,1.797800,1.102563,0.614651,1.102929,0.799633,0.879193,3.304942,3.298531,0.797655,4.911100,4.919140,0.003419
15.030053,1,0.002928,0.217632,0.152245,0.000000,0.000000,0.180547,0.283020,2.027110,0.000061,0.000549,0.003358,0.015263,3.715552,3.327664,1.798289,1.107325,0.602197,1.101098,0.799633,0.878656,3.304026,3.300363,0.797362,4.897700,4.886980,0.004274
15.060053,1,0.000000,0.220560,0.154197,0.000000,0.000000,0.180547,0.283020,1.857440,0.000061,0.000549,0.003358,0.015385,3.697920,3.301682,1.796824,1.101830,0.607325,1.104761,0.799267,0.878925,3.304942,3.299447,0.797655,4.911100,4.920480,0.004274
15.090054,1,0.000000,0.219584,0.155173,0.000000,0.000000,0.180547,0.299611,1.018020,0.000183,0.000427,0.003419,0.015507,3.711840,3.293330,1.798289,1.109156,0.604761,1.102929,0.800732,0.879731,3.304942,3.298531,0.797069,4.886980,4.900380,0.004274
15.120053,1,0.000000,0.220560,0.152245,0.000000,0.000000,0.179571,0.283996,2.053900,0.000061,0.000549,0.003297,0.015263,3.696064,3.301682,1.796824,1.104761,0.603662,1.101464,0.801831,0.879193,3.305857,3.299447,0.797948,4.899040,4.904400,0.004274
15.150054,1,0.000976,0.219584,0.152245,0.000000,0.000000,0.179571,0.285948,1.044810,0.000183,0.000427,0.003419,0.015140,3.719264,3.293330,1.797312,1.107325,0.616117,1.101098,0.801831,0.879193,3.304942,3.299447,0.797655,4.909760,4.919140,0.004274
15.180053,1,0.000000,0.220560,0.153221,0.000000,0.000000,0.181523,0.282044,2.768300,0.000061,0.000549,0.003419,0.015140,3.703488,3.298898,1.796824,1.103296,0.601465,1.102929,0.801464,0.879462,3.304942,3.299447,0.797948,4.893680,4.891000,0.004274
15.210054,1,0.000000,0.217632,0.153221,0.000000,0.000000,0.181523,0.284972,2.411100,0.000183,0.000427,0.003358,0.015263,3.710912,3.301682,1.797800,1.106226,0.612820,1.104394,0.801098,0.879731,3.307689,3.300363,0.797362,4.896360,4.920480,0.003419
15.240053,1,0.000000,0.221536,0.155173,0.000000,0.000000,0.180547,0.283996,1.044810,0.000183,0.000427,0.003297,0.015507,3.719264,3.307249,1.797312,1.107691,0.614285,1.104394,0.800732,0.879731,3.304026,3.300363,0.796776,4.909760,4.919140,0.003419
15.270054,1,0.000000,0.220560,0.152245,0.000000,0.000000,0.181523,0.283996,1.544890,0.000183,0.000427,0.003297,0.015140,3.711840,3.301682,1.797800,1.107691,0.600366,1.104394,0.799633,0.879193,3.304942,3.299447,0.797362,4.888320,4.886980,0.004274
15.300054,1,0.000976,0.220560,0.151269,0.000000,0.000000,0.178595,0.282044,2.482540,0.000122,0.000488,0.003419,0.015873,3.698848,3.327664,1.796824,1.102929,0.615018,1.104394,0.800732,0.879462,3.303110,3.299447,0.797655,4.911100,4.920480,0.004274
15.330054,1,0.000000,0.220560,0.154197,0.000000,0.000000,0.183475,0.281068,1.044810,0.000183,0.000427,0.003236,0.016117,3.711840,3.299826,1.797800,1.102563,0.615018,1.102929,0.799633,0.879999,3.304942,3.299447,0.797362,4.907080,4.901720,0.003419
15.360053,1,0.000976,0.219584,0.157125,0.000000,0.000000,0.181523,0.286923,1.544890,0.000061,0.000427,0.003419,0.015873,3.699776,3.292402,1.797800,1.107691,0.600366,1.102197,0.802930,0.879462,3.304026,3.299447,0.797362,4.899040,4.905740,0.003419
15.390054,1,0.000976,0.221536,0.154197,0.000000,0.000000,0.181523,0.283020,1.044810,0.000061,0.001038,0.003297,0.015140,3.715552,3.307249,1.797312,1.104761,0.612820,1.104028,0.800732,0.879193,3.303110,3.299447,0.797655,4.911100,4.920480,0.004274
15.420054,1,0.000976,0.218608,0.153221,0.000000,0.000000,0.180547,0.283020,1.759210,0.000122,0.000733,0.003358,0.015507,3.711840,3.325809,1.796824,1.104394,0.605860,1.100732,0.801098,0.879193,3.304942,3.299447,0.797655,4.877600,4.909760,0.004274
15.450054,1,0.002928,0.220560,0.152245,0.000000,0.000000,0.180547,0.283020,2.071760,0.000183,0.000427,0.003358,0.015263,3.711840,3.293330,1.797312,1.108424,0.602564,1.104028,0.800732,0.879731,3.306773,3.298531,0.797655,4.912440,4.920480,0.004274
15.480054,1,0.000000,0.219584,0.153221,0.000000,0.000000,0.181523,0.283996,1.044810,0.000122,0.000611,0.003236,0.015507,3.719264,3.295186,1.796824,1.107691,0.616483,1.104028,0.799633,0.879462,3.304942,3.298531,0.797362,4.907080,4.889660,0.004274
15.510054,1,0.000000,0.223488,0.153221,0.000000,0.000000,0.182499,0.283020,1.777070,0.000183,0.000427,0.003419,0.015873,3.704416,3.293330,1.797312,1.107691,0.599999,1.101464,0.799633,0.878925,3.304942,3.299447,0.797655,4.900380,4.897700,0.004274
15.540053,1,0.000000,0.222512,0.151269,0.000000,0.000000,0.180547,0.281068,1.589540,0.000183,0.000427,0.003236,0.015140,3.719264,3.303538,1.797312,1.104761,0.610622,1.102197,0.800732,0.879999,3.304942,3.299447,0.797362,4.907080,4.919140,0.003419
15.570054,1,0.000000,0.224464,0.151269,0.000000,0.000000,0.177619,0.283020,1.035880,0.000244,0.000549,0.003419,0.015873,3.711840,3.298898,1.797312,1.106226,0.606593,1.104761,0.799633,0.879731,3.304942,3.299447,0.797655,4.911100,4.905740,0.004274
15.600053,1,0.002928,0.218608,0.152245,0.005856,0.000000,0.179571,0.283996,1.848510,0.000061,0.000977,0.003358,0.015140,3.719264,3.301682,1.797800,1.107691,0.601098,1.104761,0.800732,0.879462,3.304942,3.297616,0.797362,4.901720,4.899040,0.003419
15.630054,1,0.000000,0.219584,0.152245,0.000000,0.000000,0.178595,0.282044,1.821720,0.000122,0.000549,0.003480,0.015751,3.710912,3.293330,1.797312,1.105494,0.611721,1.104761,0.799633,0.879462,3.303110,3.299447,0.797655,4.909760,4.921820,0.003419
15.660053,1,0.000976,0.220560,0.153221,0.000000,0.000000,0.179571,0.283020,1.044810,0.000061,0.000427,0.003297,0.015263,3.715552,3.299826,1.798777,1.104394,0.602197,1.104028,0.801464,0.879193,3.303110,3.299447,0.797655,4.881620,4.905740,0.003419
15.690054,1,0.000000,0.222512,0.153221,0.000000,0.000000,0.180547,0.283020,1.902090,0.000061,0.000672,0.003419,0.016117,3.722976,3.307249,1.797312,1.102563,0.601465,1.102929,0.801831,0.879999,3.303110,3.299447,0.797362,4.888320,4.897700,0.004274
15.720055,1,0.000000,0.220560,0.154197,0.000000,0.000000,0.180547,0.283996,1.902090,0.000122,0.000549,0.003419,0.015385,3.704416,3.307249,1.798289,1.104028,0.613919,1.104761,0.799633,0.879462,3.305857,3.299447,0.797655,4.911100,4.920480,0.004274
15.750053,1,0.000976,0.216657,0.153221,0.000000,0.000000,0.180547,0.283996,1.035880,0.000061,0.000427,0.003480,0.015385,3.711840,3.327664,1.796824,1.104394,0.605860,1.105127,0.801464,0.879462,3.304942,3.299447,0.797948,4.893680,4.908420,0.004274
15.780053,1,0.000000,0.224464,0.154197,0.000000,0.000000,0.179571,0.283996,2.741510,0.000244,0.000549,0.003358,0.015385,3.710912,3.327664,1.796824,1.103296,0.605494,1.101098,0.801464,0.879999,3.304942,3.299447,0.797655,4.881620,4.900380,0.004274
15.810055,1,0.000976,0.222512,0.152245,0.000000,0.000000,0.178595,0.282044,1.044810,0.000183,0.000672,0.003297,0.015140,3.711840,3.297970,1.798289,1.109156,0.615384,1.100732,0.801831,0.878925,3.304942,3.299447,0.797948,4.905740,4.921820,0.004274
15.840053,1,0.000976,0.220560,0.151269,0.000000,0.000000,0.179571,0.282044,1.044810,0.000244,0.000549,0.003419,0.015385,3.704416,3.299826,1.798289,1.107691,0.603296,1.102929,0.801098,0.879462,3.304942,3.299447,0.797655,4.895020,4.905740,0.004274
15.870054,1,0.000976,0.219584,0.154197,0.000000,0.000000,0.181523,0.282044,2.777230,0.000122,0.000549,0.003419,0.015018,3.726687,3.307249,1.797312,1.104761,0.604761,1.104028,0.802930,0.879462,3.304942,3.299447,0.797655,4.889660,4.889660,0.004274
15.900054,1,0.000000,0.278140,0.153221,0.000000,0.000000,0.181523,0.283020,1.044810,0.000183,0.000427,0.003480,0.015140,3.719264,3.293330,1.797312,1.104761,0.615750,1.102929,0.801098,0.878925,3.307689,3.299447,0.797362,4.907080,4.921820,0.003419
15.930053,1,0.000000,0.219584,0.155173,0.000000,0.000000,0.193234,0.283020,1.535960,0.000061,0.000672,0.003297,0.015263,3.704416,3.299826,1.798289,1.107691,0.613552,1.102929,0.800365,0.879462,3.304942,3.299447,0.797655,4.895020,4.889660,0.004274
15.960053,1,0.000976,0.217632,0.152245,0.000000,0.000000,0.190306,0.282044,1.544890,0.000061,0.000427,0.003297,0.015629,3.726687,3.299826,1.797312,1.103296,0.603296,1.104394,0.801831,0.879193,3.305857,3.298531,0.797362,4.909760,4.920480,0.004274
15.990054,1,0.000000,0.224464,0.155173,0.000000,0.000000,0.190306,0.281068,1.035880,0.000061,0.000977,0.003297,0.015263,3.726687,3.294258,1.798289,1.104394,0.613919,1.105494,0.801831,0.879731,3.305857,3.300363,0.797362,4.909760,4.900380,0.004274
16.020054,1,0.000000,0.222512,0.152245,0.000000,0.000000,0.202993,0.283020,2.473610,0.000183,0.000733,0.003358,0.015629,3.715552,3.299826,1.797800,1.104394,0.612087,1.104761,0.799633,0.879999,3.304026,3.299447,0.797948,4.885640,4.881620,0.004274
16.050054,1,0.000000,0.221536,0.155173,0.000976,0.000000,0.186403,0.283996,2.178920,0.000122,0.000488,0.003358,0.015507,3.699776,3.298898,1.796824,1.103296,0.608424,1.104761,0.801098,0.879193,3.303110,3.299447,0.797655,4.911100,4.921820,0.004274
16.080053,1,0.002928,0.221536,0.152245,0.000000,0.000000,0.180547,0.283020,1.044810,0.000061,0.000549,0.003358,0.015018,3.711840,3.301682,1.796824,1.101464,0.603662,1.104761,0.800732,0.879999,3.304026,3.299447,0.797655,4.888320,4.904400,0.004274
16.110054,1,0.000976,0.220560,0.152245,0.000000,0.000000,0.178595,0.283996,1.794930,0.000122,0.000549,0.003419,0.015385,3.719264,3.292402,1.797800,1.107691,0.606227,1.104394,0.801464,0.879999,3.303110,3.299447,0.797655,4.874920,4.912440,0.004274
16.140054,1,0.000000,0.219584,0.153221,0.000000,0.000000,0.180547,0.283020,1.035880,0.000183,0.000427,0.003358,0.015018,3.719264,3.293330,1.798289,1.102929,0.615018,1.102929,0.801831,0.879193,3.304942,3.299447,0.797362,4.909760,4.921820,0.004274
16.170054,1,0.000000,0.222512,0.153221,0.000000,0.000000,0.180547,0.283996,1.035880,0.000244,0.000549,0.003419,0.015629,3.711840,3.311889,1.796824,1.110622,0.601831,1.101464,0.800732,0.879731,3.305857,3.300363,0.797362,4.895020,4.913780,0.003419
16.200053,1,0.000000,0.226416,0.153221,0.000000,0.000000,0.180547,0.283996,1.750280,0.000183,0.000183,0.003297,0.015385,3.711840,3.294258,1.798777,1.107691,0.609889,1.104761,0.802930,0.879462,3.304026,3.298531,0.797362,4.907080,4.920480,0.004274
16.230053,1,0.000000,0.225440,0.152245,0.000000,0.000000,0.179571,0.282044,1.053740,0.000183,0.000427,0.003419,0.015507,3.711840,3.357359,1.796824,1.109156,0.603662,1.105127,0.802930,0.879193,3.304942,3.299447,0.797655,4.900380,4.892340,0.003419
16.260054,1,0.000000,0.228368,0.154197,0.000000,0.000000,0.180547,0.284972,1.821720,0.000061,0.000549,0.003297,0.016117,3.711840,3.301682,1.798777,1.102197,0.599633,1.102929,0.799633,0.879462,3.305857,3.298531,0.797362,4.892340,4.905740,0.004274
16.290054,1,0.000000,0.234223,0.151269,0.000000,0.000000,0.180547,0.283020,1.053740,0.000061,0.000549,0.003297,0.015263,3.711840,3.299826,1.797800,1.107691,0.613919,1.101098,0.800732,0.879193,3.303110,3.298531,0.796776,4.909760,4.921820,0.003419
16.320053,1,0.000000,0.227392,0.154197,0.000000,0.000000,0.179571,0.283996,1.026950,0.000122,0.000549,0.003358,0.015140,3.719264,3.301682,1.797800,1.109156,0.600732,1.104028,0.801098,0.879193,3.304026,3.299447,0.797655,4.884300,4.904400,0.004274
16.350054,1,0.000000,0.220560,0.152245,0.000000,0.000000,0.181523,0.282044,1.741350,0.000061,0.000549,0.003297,0.015385,3.704416,3.299826,1.797800,1.103296,0.604029,1.103662,0.801831,0.879193,3.305857,3.299447,0.797655,4.892340,4.904400,0.004274
16.380053,1,0.000000,0.219584,0.153221,0.000000,0.000000,0.182499,0.283020,1.044810,0.000183,0.000427,0.003419,0.015385,3.715552,3.311889,1.796335,1.107691,0.613186,1.099999,0.801098,0.879193,3.304942,3.298531,0.798241,4.909760,4.920480,0.004274
16.410054,1,0.000000,0.219584,0.154197,0.000000,0.000000,0.180547,0.285948,2.768300,0.000061,0.000549,0.003358,0.015263,3.696064,3.301682,1.798777,1.110622,0.604029,1.100732,0.801464,0.879462,3.304026,3.299447,0.796776,4.888320,4.896360,0.004274
16.440054,1,0.000000,0.219584,0.153221,0.000000,0.000000,0.179571,0.283020,1.553820,0.000061,0.000549,0.003297,0.015385,3.700704,3.301682,1.796824,1.102929,0.611355,1.102197,0.801098,0.879462,3.304942,3.297616,0.797362,4.896360,4.919140,0.003419
16.470054,1,0.000976,0.220560,0.152245,0.000000,0.000000,0.193234,0.283996,1.053740,0.000183,0.000427,0.003419,0.015263,3.704416,3.293330,1.798289,1.107691,0.615384,1.100732,0.802930,0.878925,3.304942,3.298531,0.797948,4.907080,4.920480,0.004274
16.500054,1,0.000976,0.220560,0.151269,0.000000,0.000000,0.191282,0.283020,2.768300,0.000061,0.000427,0.003358,0.015629,3.696064,3.293330,1.798289,1.102197,0.606593,1.104761,0.802930,0.879731,3.305857,3.300363,0.797069,4.892340,4.911100,0.004274
16.530054,1,0.000000,0.218608,0.152245,0.000000,0.000000,0.192258,0.283996,2.473610,0.000183,0.000427,0.003419,0.015629,3.711840,3.301682,1.796824,1.104761,0.610622,1.104394,0.801098,0.879462,3.304942,3.300363,0.797362,4.907080,4.920480,0.003419
16.560053,1,0.002928,0.221536,0.153221,0.000000,0.000000,0.201042,0.283996,1.839580,0.000183,0.000427,0.003419,0.015629,3.726687,3.307249,1.797312,1.109156,0.610622,1.104394,0.799633,0.879462,3.304942,3.297616,0.797362,4.888320,4.888320,0.004274
16.590054,1,0.000000,0.232271,0.155173,0.000000,0.000000,0.182499,0.283996,2.169990,0.000183,0.000427,0.003358,0.015507,3.711840,3.301682,1.796824,1.110622,0.603662,1.104394,0.802930,0.879731,3.304026,3.300363,0.797655,4.896360,4.916460,0.004274
16.620053,1,0.000000,0.221536,0.152245,0.000000,0.000000,0.180547,0.285948,1.053740,0.000244,0.000549,0.003358,0.015385,3.713696,3.298898,1.797312,1.107691,0.613919,1.104761,0.800732,0.879462,3.303110,3.299447,0.797655,4.911100,4.920480,0.003419
16.650053,1,0.000976,0.219584,0.152245,0.000000,0.000000,0.181523,0.283996,1.777070,0.000183,0.000427,0.003419,0.015507,3.719264,3.291474,1.796335,1.104028,0.600366,1.100732,0.801464,0.879193,3.303110,3.299447,0.797362,4.877600,4.911100,0.004274
16.680054,1,0.000000,0.222512,0.153221,0.000000,0.000000,0.178595,0.282044,2.089620,0.000122,0.000549,0.003419,0.015385,3.726687,3.299826,1.798289,1.102197,0.604395,1.102929,0.800365,0.879193,3.305857,3.299447,0.797655,4.911100,4.920480,0.004274
16.710054,1,0.000000,0.223488,0.152245,0.000000,0.000000,0.180547,0.283020,1.053740,0.000122,0.000549,0.003419,0.015018,3.726687,3.295186,1.798289,1.104761,0.608424,1.102929,0.799633,0.879999,3.304026,3.300363,0.797362,4.908420,4.920480,0.004274
16.740053,1,0.000000,0.229344,0.153221,0.000000,0.000000,0.179571,0.284972,1.768140,0.000122,0.000549,0.003236,0.015873,3.711840,3.292402,1.798777,1.110622,0.605494,1.104761,0.799267,0.879731,3.305857,3.300363,0.797362,4.897700,4.911100,0.004274
16.770054,1,0.000976,0.229344,0.155173,0.000000,0.000000,0.181523,0.290827,2.036040,0.000122,0.000549,0.003419,0.015018,3.704416,3.294258,1.797312,1.109156,0.611355,1.101098,0.801098,0.879462,3.303110,3.299447,0.797362,4.909760,4.923160,0.003419
16.800054,1,0.000976,0.228368,0.153221,0.000000,0.000000,0.180547,0.282044,1.044810,0.000244,0.000549,0.003419,0.015629,3.726687,3.295186,1.798289,1.101464,0.614285,1.101098,0.800732,0.879462,3.303110,3.299447,0.797362,4.909760,4.886980,0.004274
16.830054,1,0.000000,0.235199,0.152245,0.000000,0.000000,0.179571,0.282044,1.777070,0.000122,0.000549,0.003419,0.015018,3.700704,3.292402,1.798777,1.101464,0.603296,1.104394,0.800732,0.879462,3.306773,3.299447,0.797655,4.900380,4.899040,0.004274
16.860054,1,0.000000,0.232271,0.153221,0.000000,0.000000,0.181523,0.284972,1.616330,0.000183,0.000427,0.002869,0.016117,3.710912,3.307249,1.796824,1.104394,0.613552,1.101098,0.800365,0.879462,3.304026,3.297616,0.796776,4.907080,4.920480,0.004274
16.890054,1,0.000000,0.222512,0.153221,0.000000,0.000000,0.182499,0.283996,1.044810,0.000061,0.000977,0.003297,0.016117,3.711840,3.301682,1.797800,1.107691,0.600366,1.099999,0.801098,0.879731,3.303110,3.299447,0.797655,4.886980,4.900380,0.004274
16.920053,1,0.000976,0.226416,0.154197,0.000000,0.000000,0.177619,0.284972,1.866370,0.000122,0.000611,0.003236,0.015385,3.711840,3.293330,1.797312,1.107325,0.599633,1.105494,0.800732,0.879462,3.304026,3.299447,0.797362,4.899040,4.897700,0.004274
16.950055,1,0.000976,0.222512,0.155173,0.000000,0.000000,0.180547,0.284972,1.830650,0.000061,0.000427,0.003297,0.015140,3.719264,3.292402,1.798289,1.101830,0.612820,1.100732,0.800732,0.879462,3.304026,3.300363,0.797362,4.911100,4.921820,0.004274
16.980054,1,0.000976,0.221536,0.151269,0.000000,0.000000,0.179571,0.284972,1.044810,0.000061,0.000549,0.003236,0.015140,3.701632,3.301682,1.797800,1.104761,0.605494,1.104394,0.799633,0.879731,3.305857,3.299447,0.797655,4.881620,4.907080,0.003419
17.010054,1,0.000976,0.218608,0.154197,0.000000,0.000000,0.182499,0.283020,1.884230,0.000061,0.000549,0.003358,0.015263,3.699776,3.301682,1.796824,1.104761,0.605128,1.104761,0.800732,0.879731,3.304942,3.299447,0.797655,4.881620,4.900380,0.004274
17.040054,1,0.000976,0.221536,0.154197,0.000000,0.000000,0.178595,0.283020,1.035880,0.000061,0.000549,0.003236,0.015263,3.719264,3.293330,1.797312,1.102197,0.615018,1.102929,0.801831,0.879462,3.305857,3.298531,0.797362,4.911100,4.911100,0.004274
17.070053,1,0.000000,0.221536,0.153221,0.000000,0.000000,0.179571,0.284972,1.812790,0.000183,0.000427,0.003236,0.015751,3.711840,3.293330,1.796335,1.104761,0.604395,1.104761,0.801464,0.879999,3.304942,3.299447,0.797655,4.893680,4.904400,0.003419
17.100053,1,0.000000,0.283020,0.151269,0.000000,0.000000,0.179571,0.283020,2.777230,0.000183,0.000427,0.003419,0.014774,3.719264,3.293330,1.797312,1.106226,0.605128,1.102929,0.801098,0.879193,3.304942,3.299447,0.797362,4.888320,4.919140,0.003419
17.130054,1,0.000000,0.218608,0.152245,0.000000,0.000000,0.180547,0.283020,1.062670,0.000183,0.000427,0.003297,0.015018,3.711840,3.297970,1.796824,1.102929,0.614651,1.104761,0.800732,0.878925,3.304942,3.299447,0.797948,4.909760,4.920480,0.004274
17.160053,1,0.000000,0.220560,0.152245,0.022446,0.000000,0.180547,0.283996,2.062830,0.000183,0.000549,0.003297,0.015263,3.701632,3.301682,1.796824,1.108424,0.602564,1.104761,0.800732,0.879999,3.304026,3.298531,0.797655,4.896360,4.900380,0.004274
17.190054,1,0.000976,0.221536,0.153221,0.000000,0.000000,0.178595,0.283020,1.535960,0.000061,0.000549,0.003358,0.015507,3.719264,3.298898,1.797312,1.107691,0.603662,1.104761,0.799267,0.879193,3.304942,3.299447,0.797655,4.911100,4.920480,0.003419
17.220054,1,0.000000,0.220560,0.153221,0.000000,0.000000,0.181523,0.283020,1.035880,0.000244,0.000549,0.003419,0.015385,3.699776,3.292402,1.797800,1.102197,0.610622,1.101098,0.801098,0.879462,3.304026,3.299447,0.797362,4.893680,4.908420,0.003419
17.250053,1,0.000000,0.219584,0.153221,0.000000,0.000000,0.179571,0.282044,2.482540,0.000183,0.000427,0.003297,0.015263,3.710912,3.294258,1.797312,1.104028,0.613186,1.100732,0.801098,0.879462,3.305857,3.300363,0.796776,4.896360,4.886980,0.004274
17.280053,1,0.000000,0.222512,0.153221,0.000000,0.000000,0.180547,0.283996,1.044810,0.000183,0.000427,0.003419,0.015263,3.719264,3.293330,1.796824,1.106226,0.616117,1.102197,0.800732,0.879193,3.304026,3.299447,0.797655,4.909760,4.919140,0.003419
17.310054,1,0.000000,0.217632,0.154197,0.000000,0.000000,0.179571,0.282044,1.044810,0.000183,0.000427,0.003358,0.015507,3.703488,3.301682,1.796824,1.102197,0.605860,1.104028,0.801831,0.879462,3.304026,3.299447,0.797362,4.882960,4.904400,0.004274
17.340054,1,0.002928,0.217632,0.153221,0.000000,0.000000,0.179571,0.283020,1.803860,0.000183,0.000427,0.003419,0.015385,3.710912,3.327664,1.796824,1.104761,0.609889,1.104761,0.801098,0.879462,3.307689,3.300363,0.797069,4.909760,4.920480,0.004274
17.370053,1,0.000000,0.217632,0.153221,0.000000,0.000000,0.181523,0.283020,1.044810,0.000061,0.000427,0.003419,0.015263,3.719264,3.293330,1.798289,1.101464,0.601831,1.102929,0.800365,0.879462,3.304026,3.300363,0.797362,4.897700,4.912440,0.004274
17.400054,1,0.000000,0.221536,0.155173,0.000000,0.000000,0.180547,0.291803,2.071760,0.000122,0.000549,0.003358,0.015507,3.713696,3.301682,1.796824,1.102563,0.601098,1.104028,0.799633,0.879731,3.303110,3.299447,0.797655,4.881620,4.905740,0.004274
17.430054,1,0.000976,0.218608,0.154197,0.000000,0.000000,0.182499,0.284972,2.232500,0.000244,0.000549,0.003114,0.015629,3.711840,3.311889,1.797312,1.102197,0.614651,1.104761,0.800732,0.879193,3.304942,3.299447,0.797655,4.909760,4.919140,0.003419
17.460054,1,0.000000,0.223488,0.153221,0.000000,0.000000,0.179571,0.283020,1.044810,0.000183,0.000427,0.003358,0.015385,3.711840,3.301682,1.798289,1.107691,0.602930,1.104394,0.801098,0.879193,3.304026,3.298531,0.797362,4.901720,4.895020,0.004274
17.490054,1,0.002928,0.220560,0.155173,0.000000,0.000000,0.180547,0.283996,1.589540,0.000061,0.000549,0.003297,0.015507,3.719264,3.301682,1.796824,1.110622,0.602930,1.102929,0.801831,0.878925,3.304942,3.299447,0.797655,4.895020,4.904400,0.004274
17.520054,1,0.000000,0.219584,0.152245,0.000000,0.000000,0.179571,0.283020,1.053740,0.000122,0.000488,0.003419,0.015263,3.719264,3.293330,1.797800,1.109889,0.616483,1.101098,0.798900,0.878925,3.304026,3.299447,0.797362,4.905740,4.920480,0.004274
17.550054,1,0.000000,0.220560,0.153221,0.000000,0.000000,0.179571,0.284972,1.026950,0.000183,0.000427,0.003297,0.015263,3.719264,3.301682,1.797800,1.102197,0.602564,1.100732,0.799633,0.879462,3.303110,3.299447,0.797069,4.897700,4.896360,0.004274
17.580054,1,0.000000,0.219584,0.153221,0.000000,0.000000,0.178595,0.283996,1.821720,0.000244,0.000549,0.003419,0.015385,3.711840,3.292402,1.797800,1.107691,0.600366,1.102929,0.802930,0.879731,3.304026,3.300363,0.797362,4.896360,4.897700,0.004274
17.610054,1,0.000000,0.219584,0.152245,0.000000,0.000000,0.180547,0.283020,1.044810,0.000183,0.000672,0.003358,0.015263,3.715552,3.301682,1.797800,1.107691,0.612454,1.102929,0.802930,0.879193,3.304942,3.300363,0.796776,4.908420,4.919140,0.003419
17.640053,1,0.000000,0.219584,0.155173,0.000000,0.000000,0.181523,0.283996,2.303940,0.000244,0.000549,0.003480,0.015629,3.726687,3.298898,1.796824,1.101830,0.604761,1.102929,0.801831,0.879462,3.304942,3.299447,0.797655,4.881620,4.900380,0.004274
17.670054,1,0.000000,0.223488,0.153221,0.000000,0.000000,0.180547,0.283996,2.044970,0.000183,0.000427,0.003297,0.015263,3.710912,3.298898,1.796824,1.104394,0.604395,1.104761,0.800732,0.879731,3.304026,3.300363,0.797362,4.909760,4.921820,0.003419
17.700054,1,0.000000,0.220560,0.159077,0.000000,0.000000,0.181523,0.283020,1.044810,0.000183,0.000427,0.003297,0.015263,3.703488,3.298898,1.798289,1.109156,0.613186,1.101464,0.800732,0.879462,3.303110,3.297616,0.797069,4.895020,4.899040,0.004274
17.730054,1,0.000000,0.218608,0.159077,0.000000,0.000000,0.179571,0.283996,1.544890,0.000183,0.000427,0.003419,0.015385,3.711840,3.301682,1.796824,1.107691,0.603296,1.100732,0.800732,0.879193,3.304942,3.299447,0.797655,4.895020,4.909760,0.003419
17.760054,1,0.000000,0.220560,0.152245,0.000000,0.000000,0.179571,0.283020,1.044810,0.000183,0.000427,0.003541,0.015140,3.711840,3.298898,1.796824,1.109156,0.613552,1.102929,0.801098,0.879462,3.304026,3.300363,0.797069,4.908420,4.920480,0.004274
17.790054,1,0.001952,0.218608,0.153221,0.000000,0.000000,0.180547,0.283996,1.803860,0.000183,0.000427,0.003297,0.015629,3.697920,3.301682,1.798289,1.107325,0.612820,1.102563,0.800732,0.879999,3.304026,3.298531,0.797362,4.888320,4.888320,0.004274
17.820053,1,0.000000,0.221536,0.152245,0.000000,0.000000,0.179571,0.281068,2.321800,0.000183,0.000427,0.003419,0.015263,3.711840,3.293330,1.798289,1.102929,0.602930,1.104761,0.801098,0.879193,3.304942,3.299447,0.797948,4.893680,4.908420,0.004274
17.850054,1,0.000000,0.220560,0.152245,0.000000,0.000000,0.179571,0.283996,1.044810,0.000061,0.000549,0.003358,0.015263,3.715552,3.297970,1.796824,1.101830,0.614651,1.101464,0.800732,0.879193,3.304942,3.299447,0.797655,4.911100,4.920480,0.004274
17.880054,1,0.002928,0.221536,0.152245,0.000000,0.000000,0.179571,0.283020,1.786000,0.000122,0.000549,0.003419,0.015140,3.710912,3.292402,1.798777,1.104761,0.606593,1.100732,0.798900,0.879999,3.304942,3.300363,0.796776,4.885640,4.912440,0.003419
17.910054,1,0.000000,0.223488,0.152245,0.000000,0.000000,0.192258,0.283020,2.205710,0.000183,0.000427,0.003419,0.016117,3.711840,3.298898,1.796824,1.104761,0.604761,1.103662,0.800365,0.879462,3.304026,3.300363,0.797362,4.891000,4.920480,0.003419
17.940054,1,0.000000,0.222512,0.153221,0.000000,0.000000,0.180547,0.283020,1.053740,0.000183,0.000427,0.003358,0.015629,3.711840,3.301682,1.796824,1.104761,0.615750,1.103662,0.799633,0.879999,3.307689,3.299447,0.797362,4.907080,4.911100,0.003419
17.970054,1,0.000000,0.222512,0.155173,0.000000,0.000000,0.191282,0.283020,1.786000,0.000183,0.000427,0.003419,0.015263,3.711840,3.292402,1.797312,1.102197,0.606593,1.102929,0.799633,0.879731,3.304942,3.298531,0.797655,4.877600,4.913780,0.004274
18.000055,1,0.001952,0.220560,0.153221,0.000000,0.000000,0.191282,0.282044,2.062830,0.000183,0.000427,0.003419,0.015263,3.711840,3.294258,1.798289,1.107691,0.606593,1.100732,0.800732,0.879999,3.304942,3.299447,0.797655,4.909760,4.920480,0.003419
18.030054,1,0.000000,0.222512,0.153221,0.000000,0.000000,0.201042,0.282044,1.018020,0.000183,0.000427,0.003358,0.015263,3.715552,3.301682,1.796824,1.104761,0.615750,1.100732,0.799633,0.879462,3.304942,3.300363,0.797362,4.909760,4.907080,0.003419
18.060054,1,0.000976,0.220560,0.153221,0.000000,0.000000,0.180547,0.283020,1.768140,0.000244,0.000549,0.003419,0.015018,3.715552,3.298898,1.796824,1.107691,0.605128,1.104028,0.800732,0.879193,3.304942,3.299447,0.797655,4.903060,4.907080,0.004274
18.090054,1,0.000976,0.219584,0.153221,0.000000,0.000000,0.179571,0.283020,2.080690,0.000183,0.000427,0.003419,0.015629,3.696993,3.293330,1.798289,1.108424,0.613186,1.106226,0.800732,0.879193,3.304026,3.299447,0.797362,4.909760,4.920480,0.004274
18.120053,1,0.000000,0.223488,0.154197,0.000000,0.000000,0.180547,0.282044,1.044810,0.000061,0.000427,0.003358,0.015140,3.713696,3.298898,1.797800,1.103296,0.611721,1.101098,0.800732,0.879193,3.304942,3.299447,0.797362,4.899040,4.886980,0.003419
18.150054,1,0.000000,0.218608,0.153221,0.000000,0.000000,0.181523,0.283020,1.839580,0.000122,0.000549,0.003419,0.015385,3.710912,3.301682,1.796824,1.104761,0.604395,1.100732,0.801098,0.879462,3.303110,3.299447,0.797362,4.897700,4.892340,0.003419
18.180054,1,0.000000,0.227392,0.151269,0.000000,0.000000,0.181523,0.282044,1.044810,0.000061,0.000427,0.003114,0.015629,3.711840,3.357359,1.796824,1.101830,0.613552,1.104761,0.800732,0.879462,3.304026,3.299447,0.797948,4.907080,4.919140,0.004274
18.210054,1,0.000000,0.289851,0.152245,0.000000,0.000000,0.179571,0.282044,1.035880,0.000244,0.000488,0.003419,0.015385,3.715552,3.325809,1.796824,1.107691,0.606227,1.102929,0.799633,0.879999,3.304026,3.299447,0.797655,4.880280,4.904400,0.003419
18.240054,1,0.000000,0.230320,0.155173,0.000000,0.000000,0.180547,0.285948,1.902090,0.000183,0.000427,0.003297,0.015385,3.710912,3.298898,1.796824,1.106226,0.606593,1.105127,0.800365,0.879731,3.303110,3.299447,0.797655,4.881620,4.904400,0.004274
18.270055,1,0.000000,0.229344,0.154197,0.000000,0.000000,0.181523,0.283020,1.044810,0.000183,0.000427,0.003419,0.015140,3.715552,3.307249,1.797312,1.102929,0.615018,1.101098,0.801464,0.879462,3.305857,3.300363,0.797362,4.909760,4.920480,0.003419
18.300054,1,0.000000,0.231295,0.154197,0.000000,0.000000,0.179571,0.283020,1.821720,0.000061,0.000977,0.003297,0.015507,3.711840,3.293330,1.799266,1.101830,0.604761,1.102929,0.798900,0.879731,3.305857,3.298531,0.797362,4.896360,4.903060,0.004274
18.330053,1,0.000000,0.221536,0.154197,0.000000,0.000000,0.179571,0.283020,2.795090,0.000244,0.000549,0.003419,0.015629,3.710912,3.291474,1.798289,1.101830,0.602930,1.102563,0.802930,0.879193,3.305857,3.298531,0.797655,4.908420,4.916460,0.003419
18.360053,1,0.000976,0.219584,0.152245,0.000000,0.000000,0.179571,0.283020,1.053740,0.000183,0.000427,0.003419,0.015629,3.711840,3.299826,1.798289,1.107691,0.616117,1.100732,0.799633,0.879462,3.304026,3.300363,0.797362,4.909760,4.897700,0.004274
18.390054,1,0.000000,0.224464,0.154197,0.000000,0.000000,0.178595,0.283996,2.178920,0.000061,0.000549,0.003358,0.015140,3.696064,3.301682,1.797800,1.101464,0.604029,1.102929,0.802197,0.879462,3.305857,3.299447,0.797655,4.895020,4.896360,0.004274
18.420054,1,0.000000,0.219584,0.152245,0.000000,0.000000,0.180547,0.283020,1.053740,0.000183,0.000427,0.003419,0.015507,3.719264,3.293330,1.797312,1.108424,0.615384,1.101464,0.801831,0.879193,3.304942,3.299447,0.797362,4.909760,4.920480,0.004274
18.450054,1,0.000000,0.219584,0.153221,0.000000,0.000000,0.191282,0.283020,1.527030,0.000183,0.000427,0.003419,0.015507,3.704416,3.293330,1.796824,1.104761,0.600366,1.104761,0.802930,0.879462,3.304026,3.298531,0.797069,4.876260,4.903060,0.004274
18.480054,1,0.000000,0.220560,0.153221,0.000000,0.000000,0.191282,0.284972,1.794930,0.000122,0.000549,0.003358,0.015018,3.719264,3.301682,1.796824,1.106226,0.608791,1.102929,0.800732,0.879193,3.304026,3.299447,0.797362,4.909760,4.920480,0.004274
18.510054,1,0.000000,0.216657,0.154197,0.000000,0.000000,0.191282,0.283020,1.053740,0.000061,0.000427,0.003419,0.015140,3.719264,3.293330,1.798289,1.104394,0.602197,1.102197,0.801098,0.879462,3.305857,3.300363,0.797069,4.876260,4.911100,0.004274
18.540054,1,0.000000,0.218608,0.154197,0.000000,0.000000,0.191282,0.283020,2.143200,0.000183,0.000427,0.003358,0.015140,3.711840,3.301682,1.798289,1.104761,0.603296,1.104394,0.800732,0.879999,3.304942,3.299447,0.797655,4.895020,4.893680,0.004274
18.570054,1,0.000000,0.219584,0.151269,0.000000,0.000000,0.199090,0.283996,1.786000,0.000122,0.000549,0.003297,0.015263,3.704416,3.307249,1.796824,1.110622,0.610622,1.102929,0.802930,0.879462,3.304026,3.299447,0.797362,4.907080,4.920480,0.003419
18.600053,1,0.002928,0.219584,0.155173,0.000000,0.000000,0.179571,0.283996,1.044810,0.000061,0.000427,0.003419,0.015507,3.715552,3.293330,1.797312,1.102197,0.600366,1.102929,0.800732,0.879462,3.304026,3.297616,0.797362,4.874920,4.912440,0.004274
18.630055,1,0.000000,0.219584,0.157125,0.000000,0.000000,0.181523,0.283996,2.053900,0.000183,0.000427,0.003419,0.015629,3.715552,3.301682,1.796824,1.101830,0.602930,1.101098,0.799633,0.879462,3.303110,3.300363,0.797362,4.876260,4.903060,0.004274
18.660053,1,0.000000,0.220560,0.155173,0.000000,0.000000,0.177619,0.282044,1.053740,0.000183,0.000427,0.003358,0.015385,3.699776,3.301682,1.798289,1.106226,0.612820,1.100732,0.800732,0.879999,3.304942,3.297616,0.796776,4.907080,4.919140,0.003419
18.690056,1,0.000976,0.220560,0.153221,0.000000,0.000000,0.180547,0.283996,1.044810,0.000183,0.000427,0.003419,0.015385,3.710912,3.301682,1.797312,1.104761,0.600732,1.104394,0.801098,0.879731,3.305857,3.298531,0.796776,4.897700,4.911100,0.004274
18.720056,1,0.000976,0.228368,0.153221,0.000000,0.000000,0.180547,0.283996,1.598470,0.000183,0.000427,0.003358,0.015507,3.697920,3.301682,1.796824,1.101464,0.602930,1.104028,0.800732,0.879999,3.303110,3.299447,0.797362,4.882960,4.904400,0.003419
18.750054,1,0.000000,0.227392,0.153221,0.000000,0.000000,0.181523,0.282044,1.044810,0.000122,0.000488,0.003419,0.015018,3.719264,3.293330,1.798289,1.104028,0.613919,1.101098,0.800732,0.878925,3.304026,3.298531,0.797948,4.907080,4.919140,0.004274
18.780053,1,0.000000,0.227392,0.151269,0.000000,0.000000,0.178595,0.281068,1.857440,0.000061,0.000549,0.003358,0.015263,3.719264,3.295186,1.798289,1.107691,0.606959,1.104761,0.801831,0.879193,3.304942,3.299447,0.797655,4.900380,4.899040,0.004274
18.810054,1,0.000000,0.231295,0.185427,0.000000,0.000000,0.180547,0.283996,1.839580,0.000122,0.000549,0.003419,0.015385,3.715552,3.307249,1.798289,1.102197,0.617948,1.104394,0.800365,0.878656,3.305857,3.300363,0.797362,4.912440,4.921820,0.003419
18.840054,1,0.000000,0.228368,0.154197,0.000000,0.000000,0.179571,0.283996,1.053740,0.000244,0.000549,0.003419,0.015873,3.710912,3.299826,1.797312,1.101830,0.613186,1.101464,0.800732,0.879731,3.305857,3.298531,0.797069,4.892340,4.904400,0.004274
18.870054,1,0.000000,0.219584,0.154197,0.000000,0.000000,0.180547,0.283996,1.553820,0.000061,0.000427,0.003358,0.015140,3.710912,3.292402,1.797800,1.107691,0.601098,1.102197,0.799633,0.879731,3.305857,3.300363,0.797362,4.891000,4.903060,0.004274
18.900054,1,0.000976,0.219584,0.154197,0.000000,0.000000,0.181523,0.283020,1.053740,0.000061,0.000672,0.003358,0.015140,3.719264,3.293330,1.798289,1.107691,0.615750,1.104394,0.800732,0.879462,3.304026,3.298531,0.797362,4.907080,4.919140,0.003419
18.930053,1,0.001952,0.221536,0.153221,0.000000,0.000000,0.179571,0.283996,1.044810,0.000244,0.000549,0.003419,0.015629,3.726687,3.298898,1.796824,1.109156,0.613552,1.102929,0.799267,0.878925,3.304942,3.299447,0.796776,4.896360,4.897700,0.004274
18.960053,1,0.000000,0.236175,0.155173,0.014639,0.007843,0.181523,0.283020,1.535960,0.000183,0.000427,0.003358,0.015263,3.711840,3.294258,1.797312,1.102929,0.600366,1.102929,0.800732,0.879999,3.304942,3.299447,0.797362,4.888320,4.903060,0.004274
18.990054,1,0.000000,0.219584,0.153221,0.000000,0.000000,0.181523,0.283020,1.062670,0.000183,0.000427,0.003236,0.015385,3.715552,3.299826,1.797800,1.106226,0.615018,1.104394,0.800732,0.879193,3.304942,3.299447,0.797655,4.909760,4.919140,0.003419
19.020053,1,0.000000,0.220560,0.152245,0.000000,0.000000,0.181523,0.283996,2.464680,0.000061,0.001038,0.003297,0.015629,3.715552,3.299826,1.798289,1.107691,0.615018,1.100732,0.801464,0.879462,3.305857,3.298531,0.797655,4.886980,4.888320,0.004274
19.050054,1,0.000000,0.219584,0.154197,0.006832,0.000000,0.180547,0.283020,2.196780,0.000183,0.000672,0.003358,0.015385,3.711840,3.301682,1.796824,1.110622,0.605860,1.101464,0.800732,0.879999,3.304942,3.298531,0.797362,4.891000,4.919140,0.004274
19.080054,1,0.000000,0.219584,0.156149,0.000000,0.000000,0.180547,0.283020,1.044810,0.000061,0.000427,0.003419,0.015140,3.719264,3.293330,1.797312,1.108424,0.615018,1.104394,0.801464,0.879462,3.304026,3.299447,0.796776,4.909760,4.920480,0.003419
19.110054,1,0.000000,0.219584,0.154197,0.000000,0.000000,0.181523,0.282044,1.803860,0.000061,0.000427,0.003358,0.015629,3.697920,3.292402,1.798289,1.103296,0.612820,1.101098,0.801831,0.879462,3.305857,3.298531,0.796776,4.896360,4.881620,0.004274
19.140053,1,0.000000,0.219584,0.153221,0.000000,0.000000,0.180547,0.284972,2.187850,0.000183,0.000672,0.003419,0.015385,3.704416,3.299826,1.796824,1.101464,0.603296,1.104761,0.801098,0.879999,3.304942,3.299447,0.797948,4.893680,4.920480,0.003419
19.170054,1,0.000000,0.217632,0.153221,0.000000,0.000000,0.178595,0.282044,1.035880,0.000183,0.000427,0.003358,0.015263,3.711840,3.327664,1.796824,1.110622,0.615384,1.104028,0.802930,0.879193,3.305857,3.298531,0.797655,4.909760,4.923160,0.003419
19.200054,1,0.000976,0.218608,0.152245,0.000000,0.000000,0.180547,0.282044,1.794930,0.000061,0.000977,0.003419,0.015629,3.715552,3.299826,1.796824,1.103296,0.600366,1.100732,0.800732,0.879999,3.304942,3.299447,0.797948,4.877600,4.911100,0.003419
19.230055,1,0.000976,0.224464,0.153221,0.000000,0.000000,0.180547,0.284972,1.857440,0.000183,0.000427,0.003236,0.015263,3.711840,3.299826,1.797312,1.108424,0.603296,1.104761,0.801098,0.879193,3.304026,3.299447,0.797362,4.908420,4.920480,0.004274
19.260053,1,0.000000,0.220560,0.153221,0.000000,0.000000,0.179571,0.283020,1.044810,0.000122,0.000549,0.003419,0.015018,3.719264,3.293330,1.797312,1.105494,0.613552,1.102929,0.800732,0.879462,3.304026,3.299447,0.797948,4.893680,4.907080,0.004274
19.290054,1,0.000976,0.221536,0.152245,0.000000,0.000000,0.178595,0.283996,1.768140,0.000122,0.000549,0.003236,0.015507,3.719264,3.299826,1.798289,1.104761,0.600366,1.104761,0.799633,0.879462,3.305857,3.300363,0.796776,4.897700,4.907080,0.004274
19.320054,1,0.000000,0.280092,0.153221,0.000000,0.000000,0.179571,0.296683,2.053900,0.000244,0.000549,0.003175,0.015629,3.715552,3.301682,1.798289,1.101464,0.612820,1.102929,0.799633,0.879462,3.303110,3.298531,0.797069,4.911100,4.921820,0.003419
19.350054,1,0.000000,0.222512,0.155173,0.000000,0.000000,0.181523,0.283996,1.053740,0.000122,0.000549,0.003419,0.015507,3.699776,3.292402,1.797800,1.104761,0.610988,1.104761,0.801831,0.879462,3.304942,3.298531,0.797655,4.900380,4.891000,0.004274
19.380053,1,0.000000,0.220560,0.153221,0.000000,0.000000,0.178595,0.281068,1.839580,0.000244,0.000549,0.003419,0.015018,3.715552,3.301682,1.798289,1.104761,0.606959,1.100732,0.799633,0.879462,3.305857,3.300363,0.797069,4.897700,4.892340,0.004274
19.410055,1,0.000000,0.221536,0.154197,0.000000,0.000000,0.181523,0.282044,1.053740,0.000183,0.000427,0.003358,0.015263,3.711840,3.294258,1.798289,1.101830,0.615384,1.100732,0.800732,0.879193,3.303110,3.299447,0.797655,4.909760,4.919140,0.003419
19.440054,1,0.000000,0.219584,0.153221,0.000000,0.000000,0.178595,0.283020,2.598630,0.000183,0.000672,0.003419,0.015385,3.711840,3.294258,1.796824,1.101464,0.600366,1.104028,0.801464,0.879193,3.304942,3.299447,0.797362,4.882960,4.903060,0.003419
19.470054,1,0.000000,0.219584,0.153221,0.000000,0.000000,0.179571,0.282044,1.919950,0.000183,0.000427,0.003419,0.015629,3.715552,3.307249,1.798289,1.102563,0.605860,1.102929,0.799633,0.879462,3.307689,3.299447,0.797362,4.888320,4.921820,0.004274
19.500054,1,0.000976,0.220560,0.153221,0.000000,0.000000,0.182499,0.282044,1.053740,0.000244,0.000549,0.003480,0.015263,3.717408,3.301682,1.796335,1.104761,0.615018,1.104394,0.798900,0.879462,3.304026,3.299447,0.797655,4.907080,4.920480,0.004274
19.530054,1,0.000000,0.219584,0.152245,0.000000,0.000000,0.178595,0.281068,1.821720,0.000061,0.000427,0.003358,0.015263,3.711840,3.298898,1.797312,1.109156,0.605128,1.104761,0.800732,0.879999,3.304942,3.299447,0.797948,4.893680,4.907080,0.004274
19.560054,1,0.000976,0.219584,0.155173,0.000976,0.000000,0.180547,0.283996,1.053740,0.000061,0.000427,0.003480,0.015873,3.719264,3.327664,1.796824,1.109156,0.615750,1.104761,0.801831,0.879999,3.304026,3.298531,0.797948,4.907080,4.919140,0.004274
19.590053,1,0.000000,0.222512,0.154197,0.000000,0.000000,0.179571,0.283996,1.535960,0.000061,0.000549,0.003358,0.015385,3.711840,3.301682,1.796824,1.107691,0.604761,1.104028,0.802930,0.879193,3.304942,3.300363,0.797655,4.899040,4.905740,0.004274
19.620054,1,0.000000,0.219584,0.152245,0.000000,0.000000,0.180547,0.283020,1.777070,0.000122,0.000549,0.003419,0.015873,3.726687,3.325809,1.796824,1.106226,0.610988,1.104761,0.799633,0.879462,3.303110,3.299447,0.797655,4.903060,4.920480,0.004274
19.650054,1,0.000000,0.221536,0.155173,0.000000,0.000000,0.180547,0.282044,1.053740,0.000183,0.000427,0.003419,0.015263,3.719264,3.291474,1.796824,1.105494,0.613186,1.104761,0.799633,0.879193,3.304942,3.300363,0.797655,4.909760,4.896360,0.004274
19.680053,1,0.000000,0.218608,0.152245,0.000000,0.000000,0.177619,0.316201,1.607400,0.000061,0.000427,0.003358,0.015751,3.719264,3.298898,1.797800,1.103296,0.606227,1.104761,0.801098,0.879193,3.304026,3.299447,0.797655,4.895020,4.901720,0.004274
19.710055,1,0.000000,0.220560,0.153221,0.000000,0.000000,0.179571,0.283996,1.786000,0.000183,0.000427,0.003236,0.015140,3.715552,3.299826,1.798289,1.106226,0.607692,1.105127,0.801098,0.879731,3.305857,3.300363,0.797362,4.909760,4.920480,0.004274
19.740054,1,0.000000,0.219584,0.152245,0.000000,0.000000,0.179571,0.282044,1.044810,0.000061,0.000672,0.003358,0.015385,3.715552,3.301682,1.798289,1.102197,0.612454,1.104761,0.800365,0.879193,3.304942,3.299447,0.797655,4.886980,4.884300,0.004274
19.770053,1,0.000000,0.219584,0.152245,0.000000,0.000000,0.179571,0.282044,2.321800,0.000305,0.000427,0.003236,0.015140,3.703488,3.293330,1.798289,1.107691,0.601098,1.104028,0.802930,0.879462,3.304942,3.300363,0.797362,4.893680,4.893680,0.004274
19.800054,1,0.000000,0.218608,0.155173,0.000000,0.000000,0.179571,0.284972,1.768140,0.000183,0.000427,0.003358,0.015507,3.699776,3.297970,1.796824,1.101464,0.614285,1.100732,0.801831,0.879731,3.305857,3.298531,0.797655,4.911100,4.921820,0.003419
19.830054,1,0.000000,0.223488,0.153221,0.000000,0.000000,0.178595,0.281068,1.044810,0.000183,0.000427,0.003419,0.015140,3.711840,3.297970,1.796824,1.104394,0.607325,1.102929,0.802930,0.879999,3.304026,3.298531,0.797362,4.874920,4.907080,0.004274
19.860055,1,0.001952,0.219584,0.152245,0.000000,0.000000,0.178595,0.283020,2.009250,0.000122,0.000549,0.003419,0.015263,3.719264,3.303538,1.797312,1.106226,0.602197,1.102929,0.800732,0.879462,3.303110,3.298531,0.797362,4.897700,4.886980,0.004274
19.890053,1,0.000000,0.224464,0.151269,0.000000,0.000000,0.192258,0.284972,1.044810,0.000122,0.000549,0.003419,0.015385,3.726687,3.291474,1.796824,1.109156,0.610622,1.100732,0.801464,0.879462,3.304026,3.299447,0.797362,4.909760,4.903060,0.004274
19.920053,1,0.000000,0.220560,0.189330,0.000000,0.000000,0.193234,0.282044,2.241430,0.000122,0.000549,0.003358,0.015018,3.704416,3.298898,1.796824,1.106226,0.601831,1.104394,0.799999,0.879731,3.303110,3.299447,0.797655,4.881620,4.892340,0.004274
19.950054,1,0.000976,0.219584,0.151269,0.000000,0.000000,0.192258,0.283020,1.759210,0.000244,0.000549,0.003419,0.015140,3.711840,3.295186,1.797312,1.107691,0.601098,1.104761,0.800365,0.879193,3.304942,3.299447,0.797655,4.911100,4.920480,0.004274
19.980054,1,0.000976,0.220560,0.154197,0.000000,0.000000,0.179571,0.284972,1.053740,0.000183,0.000427,0.003358,0.015263,3.711840,3.301682,1.798289,1.101464,0.615384,1.104761,0.801464,0.879999,3.304942,3.297616,0.797362,4.896360,4.904400,0.004274
20.010053,1,0.002928,0.220560,0.155173,0.000000,0.000000,0.202993,0.284972,2.321800,0.000061,0.000549,0.003297,0.015629,3.715552,3.299826,1.798289,1.104394,0.600732,1.100732,0.801831,0.879731,3.305857,3.299447,0.797655,4.881620,4.901720,0.003419
20.040054,1,0.000000,0.220560,0.152245,0.000000,0.000000,0.180547,0.285948,2.062830,0.000122,0.000549,0.003419,0.015629,3.711840,3.301682,1.798289,1.101464,0.614651,1.102929,0.802930,0.879462,3.304026,3.298531,0.797362,4.907080,4.921820,0.004274
20.070054,1,0.000976,0.221536,0.154197,0.000000,0.000000,0.180547,0.283996,1.053740,0.000244,0.000549,0.003419,0.015140,3.726687,3.294258,1.798289,1.101464,0.601831,1.104394,0.801831,0.879193,3.304942,3.299447,0.797655,4.895020,4.908420,0.003419
20.100054,1,0.000000,0.221536,0.152245,0.000000,0.000000,0.178595,0.284972,1.544890,0.000061,0.000427,0.003358,0.015507,3.696064,3.291474,1.797312,1.102197,0.605494,1.104394,0.801098,0.879999,3.304026,3.299447,0.797362,4.891000,4.911100,0.004274
20.130054,1,0.000000,0.220560,0.154197,0.000000,0.000000,0.180547,0.282044,1.044810,0.000183,0.000427,0.003419,0.015263,3.715552,3.301682,1.796824,1.110622,0.613552,1.104394,0.801831,0.879462,3.304026,3.300363,0.797362,4.907080,4.921820,0.003419
20.160053,1,0.000000,0.227392,0.160052,0.000000,0.000000,0.179571,0.281068,1.053740,0.000244,0.000549,0.003419,0.015018,3.704416,3.299826,1.798289,1.107691,0.615750,1.100732,0.799633,0.879731,3.305857,3.298531,0.796776,4.896360,4.903060,0.003419
20.190054,1,0.000000,0.227392,0.154197,0.000000,0.000000,0.179571,0.284972,1.544890,0.000122,0.000549,0.003419,0.015018,3.711840,3.295186,1.796824,1.104761,0.602930,1.102929,0.800732,0.879193,3.304942,3.299447,0.797655,4.877600,4.897700,0.004274
20.220054,1,0.000976,0.229344,0.153221,0.000000,0.000000,0.178595,0.283020,1.044810,0.000183,0.000427,0.003297,0.015140,3.711840,3.301682,1.797800,1.106226,0.615018,1.102929,0.800365,0.879731,3.305857,3.300363,0.797069,4.909760,4.921820,0.004274
20.250053,1,0.000000,0.227392,0.152245,0.000000,0.000000,0.179571,0.283996,2.196780,0.000061,0.000427,0.003358,0.015385,3.715552,3.327664,1.796824,1.104028,0.613919,1.102929,0.800732,0.879193,3.303110,3.299447,0.797655,4.892340,4.897700,0.004274
20.280053,1,0.000000,0.232271,0.153221,0.054652,0.000000,0.178595,0.283020,1.535960,0.000061,0.000549,0.003358,0.015507,3.715552,3.327664,1.795847,1.103296,0.604029,1.102563,0.801464,0.879462,3.304026,3.299447,0.797655,4.899040,4.907080,0.004274
20.310054,1,0.000000,0.225440,0.153221,0.000000,0.000000,0.179571,0.283996,1.044810,0.000061,0.000549,0.003297,0.015385,3.711840,3.301682,1.797800,1.101830,0.615750,1.105127,0.799633,0.879193,3.305857,3.299447,0.797655,4.911100,4.920480,0.004274
20.340054,1,0.000000,0.219584,0.153221,0.000000,0.000000,0.178595,0.283996,2.464680,0.000305,0.000427,0.003358,0.015629,3.726687,3.291474,1.798289,1.101464,0.615750,1.100732,0.800732,0.879462,3.304026,3.299447,0.797362,4.893680,4.896360,0.003419
20.370054,1,0.000000,0.219584,0.154197,0.000000,0.000000,0.178595,0.283020,2.107480,0.000122,0.000549,0.003297,0.015507,3.702560,3.298898,1.796824,1.109156,0.600732,1.104761,0.799633,0.879193,3.305857,3.298531,0.797362,4.911100,4.920480,0.003419
20.400054,1,0.000000,0.218608,0.152245,0.000000,0.000000,0.181523,0.284972,1.044810,0.000061,0.000977,0.003419,0.015140,3.711840,3.299826,1.797800,1.109156,0.614285,1.104761,0.801464,0.879193,3.305857,3.299447,0.797362,4.909760,4.903060,0.003419
20.430054,1,0.000000,0.268381,0.152245,0.000000,0.000000,0.193234,0.282044,1.786000,0.000122,0.000549,0.003358,0.015263,3.726687,3.293330,1.797312,1.102929,0.606593,1.104761,0.800732,0.879193,3.304942,3.297616,0.797655,4.877600,4.907080,0.004274
20.460055,1,0.001952,0.220560,0.152245,0.000000,0.000000,0.188355,0.283020,2.018180,0.000244,0.000549,0.003480,0.015629,3.719264,3.299826,1.797800,1.104761,0.603662,1.104761,0.800732,0.879462,3.305857,3.300363,0.797362,4.912440,4.920480,0.004274
20.490054,1,0.000976,0.219584,0.153221,0.000000,0.000000,0.193234,0.285948,1.053740,0.000244,0.000549,0.003419,0.015629,3.715552,3.298898,1.796824,1.107691,0.612454,1.102197,0.800732,0.879462,3.303110,3.299447,0.797655,4.886980,4.909760,0.004274
20.520054,1,0.000000,0.221536,0.154197,0.000000,0.000000,0.192258,0.283996,1.768140,0.000061,0.000427,0.003358,0.015263,3.719264,3.295186,1.797800,1.108424,0.605494,1.104761,0.799633,0.879462,3.305857,3.300363,0.797362,4.876260,4.911100,0.004274
20.550055,1,0.000000,0.221536,0.154197,0.000000,0.000000,0.201042,0.283996,1.044810,0.000061,0.000549,0.003419,0.015751,3.711840,3.327664,1.797312,1.104761,0.614285,1.101098,0.799633,0.879193,3.305857,3.299447,0.797948,4.907080,4.919140,0.004274
20.580053,1,0.000000,0.223488,0.153221,0.000000,0.000000,0.178595,0.283996,2.062830,0.000183,0.000427,0.003358,0.016117,3.696064,3.291474,1.797312,1.110622,0.604395,1.104028,0.802930,0.879462,3.303110,3.299447,0.797655,4.882960,4.904400,0.004274
20.610054,1,0.001952,0.221536,0.154197,0.000000,0.000000,0.178595,0.283996,2.027110,0.000244,0.000549,0.003419,0.015385,3.726687,3.293330,1.798289,1.104028,0.600732,1.104761,0.800732,0.879731,3.305857,3.299447,0.796776,4.901720,4.899040,0.004274
20.640054,1,0.000976,0.222512,0.153221,0.000000,0.000000,0.182499,0.283020,1.053740,0.000183,0.000427,0.003297,0.015140,3.715552,3.301682,1.797800,1.107691,0.614285,1.104394,0.800732,0.879999,3.307689,3.300363,0.797362,4.907080,4.921820,0.004274
20.670054,1,0.000000,0.221536,0.152245,0.000000,0.000000,0.182499,0.282044,2.670070,0.000244,0.000549,0.003419,0.015140,3.715552,3.294258,1.798289,1.103662,0.604029,1.102929,0.800732,0.879999,3.304942,3.299447,0.797362,4.882960,4.908420,0.003419
20.700054,1,0.000000,0.225440,0.154197,0.000000,0.000000,0.181523,0.283996,1.911020,0.000244,0.000549,0.003419,0.015140,3.710912,3.311889,1.796824,1.109889,0.607692,1.102929,0.801831,0.879193,3.305857,3.299447,0.797655,4.912440,4.920480,0.004274
20.730054,1,0.000000,0.226416,0.157125,0.000000,0.000000,0.178595,0.283020,1.544890,0.000183,0.000427,0.003297,0.015385,3.697920,3.301682,1.797312,1.108424,0.606593,1.104394,0.801464,0.879193,3.304942,3.298531,0.798241,4.881620,4.911100,0.003419
20.760054,1,0.000000,0.227392,0.152245,0.000000,0.000000,0.180547,0.283996,2.482540,0.000183,0.000672,0.003297,0.015507,3.711840,3.297970,1.797800,1.101830,0.612087,1.102929,0.801098,0.879462,3.304026,3.300363,0.797362,4.896360,4.920480,0.004274
20.790053,1,0.000000,0.227392,0.153221,0.000000,0.000000,0.180547,0.282044,1.044810,0.000061,0.000427,0.003358,0.015507,3.719264,3.293330,1.797312,1.109156,0.614285,1.104761,0.802930,0.879462,3.304942,3.300363,0.796776,4.907080,4.919140,0.004274
20.820054,1,0.000000,0.234223,0.154197,0.000000,0.000000,0.180547,0.282044,1.544890,0.000061,0.000549,0.003358,0.015629,3.711840,3.301682,1.797800,1.110622,0.605860,1.101098,0.799633,0.879462,3.304942,3.299447,0.797655,4.878940,4.904400,0.004274
20.850054,1,0.000000,0.222512,0.153221,0.000000,0.000000,0.179571,0.280092,1.812790,0.000183,0.000427,0.003419,0.015263,3.726687,3.292402,1.798777,1.102563,0.612087,1.104028,0.800732,0.879999,3.304942,3.298531,0.797948,4.907080,4.919140,0.004274
20.880054,1,0.002928,0.221536,0.152245,0.000000,0.000000,0.180547,0.283020,1.044810,0.000183,0.000427,0.003419,0.015385,3.719264,3.293330,1.796824,1.104761,0.614651,1.104761,0.800732,0.879193,3.304942,3.300363,0.797655,4.911100,4.904400,0.004274
20.910053,1,0.000000,0.219584,0.154197,0.000000,0.000000,0.181523,0.281068,1.544890,0.000183,0.000427,0.003297,0.015140,3.700704,3.298898,1.797312,1.107325,0.605128,1.102929,0.800732,0.879193,3.304942,3.298531,0.797655,4.886980,4.903060,0.004274
20.940054,1,0.000000,0.222512,0.153221,0.000000,0.000000,0.180547,0.283996,1.786000,0.000122,0.000549,0.003297,0.015507,3.719264,3.299826,1.798289,1.107691,0.612820,1.104028,0.802930,0.879462,3.303110,3.298531,0.796776,4.912440,4.923160,0.004274
20.970054,1,0.000000,0.219584,0.152245,0.000000,0.000000,0.181523,0.283996,1.053740,0.000122,0.000549,0.003236,0.015385,3.697920,3.301682,1.796824,1.101830,0.610988,1.100732,0.799633,0.879462,3.304942,3.299447,0.797655,4.886980,4.888320,0.004274
21.000053,1,0.000000,0.222512,0.153221,0.000000,0.000000,0.180547,0.284972,2.169990,0.000183,0.000427,0.003419,0.015507,3.711840,3.327664,1.797312,1.107325,0.601831,1.104761,0.800732,0.879193,3.304942,3.299447,0.797362,4.896360,4.899040,0.004274
21.030055,1,0.000000,0.218608,0.169812,0.000000,0.000000,0.180547,0.283996,1.053740,0.000183,0.000427,0.003297,0.015263,3.711840,3.301682,1.797312,1.104761,0.609523,1.102929,0.800732,0.879462,3.304942,3.300363,0.796776,4.912440,4.921820,0.003419
21.060054,1,0.000000,0.218608,0.152245,0.000000,0.000000,0.181523,0.282044,1.768140,0.000061,0.000549,0.003297,0.015385,3.703488,3.301682,1.797312,1.107691,0.603296,1.104394,0.800732,0.879193,3.304942,3.300363,0.797655,4.903060,4.892340,0.003419
21.090054,1,0.000000,0.221536,0.153221,0.000000,0.000000,0.181523,0.283020,1.598470,0.000183,0.000427,0.003358,0.015263,3.715552,3.301682,1.797312,1.102929,0.604029,1.100365,0.800732,0.879193,3.303110,3.299447,0.797655,4.911100,4.917800,0.004274
21.120054,1,0.000000,0.219584,0.152245,0.000000,0.000000,0.180547,0.283996,1.035880,0.000183,0.000427,0.003419,0.015263,3.719264,3.292402,1.798289,1.102563,0.603296,1.106226,0.801098,0.879462,3.304942,3.299447,0.797655,4.878940,4.905740,0.004274
21.150054,1,0.000000,0.220560,0.151269,0.000000,0.000000,0.178595,0.282044,2.286080,0.000183,0.000427,0.003358,0.015263,3.697920,3.293330,1.798289,1.107691,0.602197,1.100732,0.801831,0.879193,3.305857,3.299447,0.797362,4.897700,4.897700,0.004274
21.180054,1,0.000976,0.219584,0.151269,0.000000,0.000000,0.179571,0.283996,1.759210,0.000061,0.000427,0.003236,0.015385,3.711840,3.289618,1.798289,1.101830,0.610622,1.100732,0.801098,0.879462,3.304026,3.299447,0.797362,4.907080,4.919140,0.004274
21.210053,1,0.000000,0.220560,0.153221,0.000000,0.000000,0.180547,0.283020,1.044810,0.000122,0.000549,0.003358,0.015507,3.713696,3.298898,1.796335,1.107691,0.603296,1.105127,0.801831,0.879193,3.304942,3.298531,0.797655,4.881620,4.904400,0.004274
21.240053,1,0.000000,0.222512,0.156149,0.000000,0.000000,0.179571,0.283996,2.473610,0.000061,0.000427,0.003358,0.015385,3.711840,3.311889,1.797312,1.105494,0.603662,1.104028,0.801098,0.879999,3.304942,3.299447,0.797362,4.888320,4.900380,0.004274
21.270054,1,0.000000,0.219584,0.152245,0.000000,0.000000,0.180547,0.284972,1.928880,0.000183,0.000427,0.003419,0.015629,3.711840,3.292402,1.797800,1.103296,0.610988,1.102197,0.801831,0.879193,3.304942,3.298531,0.797069,4.909760,4.921820,0.004274
21.300053,1,0.000000,0.223488,0.155173,0.000000,0.000000,0.180547,0.283996,1.053740,0.000183,0.000427,0.003358,0.015385,3.710912,3.327664,1.796824,1.101830,0.606593,1.104761,0.799633,0.878925,3.304942,3.299447,0.797655,4.895020,4.905740,0.004274
21.330054,1,0.002928,0.220560,0.153221,0.000000,0.000000,0.179571,0.283996,2.768300,0.000061,0.000549,0.003358,0.015140,3.699776,3.301682,1.798289,1.101464,0.600732,1.100732,0.801464,0.879462,3.304942,3.298531,0.797655,4.886980,4.889660,0.004274
21.360054,1,0.000000,0.218608,0.152245,0.000000,0.000000,0.182499,0.284972,1.044810,0.000061,0.000549,0.003114,0.015507,3.711840,3.298898,1.796824,1.101464,0.615750,1.100732,0.800732,0.878925,3.304026,3.299447,0.797948,4.911100,4.920480,0.004274
21.390053,1,0.000000,0.220560,0.153221,0.000000,0.000000,0.179571,0.283020,1.035880,0.000183,0.000427,0.003419,0.015629,3.711840,3.291474,1.798289,1.105494,0.603296,1.102929,0.801464,0.879462,3.304942,3.300363,0.797655,4.893680,4.907080,0.004274
21.420053,1,0.000000,0.218608,0.153221,0.000000,0.000000,0.179571,0.284972,1.553820,0.000244,0.000488,0.003419,0.015629,3.726687,3.298898,1.797800,1.107691,0.606227,1.104394,0.798900,0.879193,3.304942,3.299447,0.797655,4.889660,4.908420,0.004274
21.450054,1,0.000976,0.222512,0.153221,0.000000,0.000000,0.180547,0.284972,1.053740,0.000183,0.000427,0.003358,0.015385,3.711840,3.298898,1.797800,1.102929,0.615018,1.102929,0.801464,0.879193,3.304942,3.299447,0.797362,4.909760,4.919140,0.004274
21.480054,1,0.000000,0.218608,0.151269,0.000000,0.000000,0.179571,0.283020,2.036040,0.000244,0.000549,0.003358,0.015873,3.697920,3.298898,1.796824,1.101830,0.599633,1.100732,0.801464,0.879193,3.305857,3.299447,0.797655,4.892340,4.905740,0.004274
21.510054,1,0.000000,0.220560,0.152245,0.000000,0.000000,0.182499,0.283996,1.544890,0.000244,0.000488,0.003480,0.015629,3.711840,3.295186,1.798777,1.102929,0.606959,1.104394,0.801464,0.879462,3.304026,3.299447,0.796776,4.882960,4.919140,0.003419
21.540054,1,0.000000,0.277164,0.152245,0.000000,0.000000,0.179571,0.283020,1.026950,0.000244,0.000549,0.003419,0.015263,3.711840,3.297970,1.798289,1.104394,0.613552,1.104761,0.802930,0.879462,3.304026,3.297616,0.797362,4.907080,4.921820,0.004274
21.570054,1,0.000976,0.224464,0.154197,0.000000,0.000000,0.178595,0.283020,2.473610,0.000244,0.000549,0.003419,0.015385,3.717408,3.297970,1.797800,1.102197,0.613186,1.104761,0.800732,0.879731,3.303110,3.299447,0.797655,4.886980,4.884300,0.004274
21.600053,1,0.000000,0.219584,0.156149,0.000000,0.000000,0.180547,0.292779,2.178920,0.000122,0.000549,0.003419,0.015385,3.715552,3.292402,1.798289,1.103296,0.599999,1.102929,0.800732,0.878925,3.304942,3.299447,0.797948,4.905740,4.920480,0.004274
21.630053,1,0.000000,0.220560,0.152245,0.000000,0.000000,0.180547,0.283020,1.044810,0.000183,0.000427,0.003358,0.015263,3.711840,3.299826,1.797312,1.101464,0.613552,1.104761,0.802930,0.879462,3.304026,3.299447,0.797362,4.896360,4.908420,0.004274
21.660053,1,0.000976,0.220560,0.152245,0.000000,0.000000,0.181523,0.283020,1.786000,0.000244,0.000549,0.003419,0.015385,3.719264,3.303538,1.796824,1.106959,0.600366,1.101098,0.800732,0.879731,3.303110,3.298531,0.797362,4.886980,4.911100,0.004274
21.690058,1,0.000000,0.220560,0.152245,0.000000,0.000000,0.179571,0.281068,2.303940,0.000244,0.000549,0.003419,0.015507,3.719264,3.299826,1.798289,1.107691,0.615018,1.101098,0.801831,0.878925,3.305857,3.299447,0.797655,4.909760,4.920480,0.004274
21.720054,1,0.000976,0.220560,0.153221,0.000000,0.000000,0.179571,0.281068,1.035880,0.000183,0.000549,0.003297,0.015140,3.696064,3.297970,1.797800,1.109889,0.601098,1.105127,0.799633,0.879462,3.304942,3.298531,0.797362,4.896360,4.911100,0.004274
21.750054,1,0.000000,0.216657,0.152245,0.000000,0.000000,0.181523,0.281068,1.786000,0.000244,0.000549,0.003419,0.015263,3.715552,3.292402,1.797800,1.104761,0.604761,1.105127,0.799633,0.879462,3.304942,3.300363,0.797362,4.897700,4.912440,0.004274
21.780055,1,0.000000,0.220560,0.152245,0.000000,0.000000,0.180547,0.284972,1.053740,0.000183,0.000427,0.003419,0.015263,3.719264,3.291474,1.796335,1.102197,0.612087,1.102563,0.799633,0.879999,3.304942,3.299447,0.797948,4.911100,4.917800,0.004274
21.810055,1,0.000000,0.220560,0.154197,0.000000,0.000000,0.180547,0.283020,1.857440,0.000122,0.000549,0.003419,0.015018,3.711840,3.293330,1.796824,1.107691,0.599999,1.102929,0.799633,0.879731,3.304942,3.299447,0.797655,4.881620,4.891000,0.004274
21.840053,1,0.002928,0.219584,0.153221,0.000000,0.000000,0.181523,0.283996,1.786000,0.000244,0.000488,0.003358,0.015140,3.704416,3.301682,1.797800,1.104761,0.608424,1.104028,0.800732,0.879731,3.305857,3.299447,0.797655,4.903060,4.921820,0.004274
21.870054,1,0.000000,0.220560,0.152245,0.000000,0.000000,0.191282,0.282044,1.053740,0.000061,0.000549,0.003419,0.015507,3.699776,3.299826,1.798289,1.102563,0.599999,1.100732,0.800732,0.879193,3.303110,3.298531,0.797655,4.881620,4.897700,0.004274
21.900054,1,0.000000,0.218608,0.153221,0.000000,0.000000,0.192258,0.283020,2.053900,0.000244,0.000549,0.003297,0.015507,3.700704,3.298898,1.797800,1.107691,0.606593,1.102929,0.800732,0.879462,3.306773,3.299447,0.797655,4.886980,4.904400,0.004274
21.930055,1,0.000000,0.219584,0.154197,0.000000,0.000000,0.190306,0.283020,1.044810,0.000122,0.000549,0.003419,0.015507,3.726687,3.307249,1.797800,1.108058,0.613919,1.102929,0.799633,0.879193,3.305857,3.299447,0.797362,4.909760,4.921820,0.004274
21.960054,1,0.000000,0.219584,0.154197,0.000000,0.000000,0.191282,0.283996,2.768300,0.000183,0.000427,0.003419,0.015385,3.696064,3.301682,1.797800,1.104394,0.600732,1.104028,0.801098,0.879193,3.304942,3.299447,0.797948,4.888320,4.897700,0.004274
21.990053,1,0.000000,0.219584,0.153221,0.000000,0.000000,0.201042,0.288875,1.723490,0.000183,0.000672,0.003358,0.015385,3.715552,3.301682,1.796824,1.104761,0.612087,1.102197,0.802930,0.879462,3.304942,3.300363,0.797362,4.896360,4.920480,0.003419
22.020053,1,0.000000,0.220560,0.154197,0.000000,0.000000,0.190306,0.282044,1.044810,0.000122,0.000549,0.003419,0.015385,3.715552,3.327664,1.797312,1.103296,0.614285,1.104028,0.800732,0.878925,3.304942,3.299447,0.797655,4.909760,4.920480,0.004274
22.050054,1,0.000976,0.223488,0.152245,0.000000,0.000000,0.181523,0.283996,1.562750,0.000061,0.000549,0.003358,0.015507,3.719264,3.301682,1.796824,1.107325,0.601098,1.099999,0.800732,0.879462,3.304026,3.300363,0.797362,4.888320,4.892340,0.004274
22.080054,1,0.000000,0.222512,0.152245,0.000000,0.000000,0.181523,0.283996,2.473610,0.000183,0.000427,0.003419,0.015507,3.710912,3.301682,1.797312,1.104394,0.613919,1.100732,0.799633,0.879193,3.303110,3.298531,0.797362,4.909760,4.920480,0.003419
22.110054,1,0.000000,0.219584,0.154197,0.000000,0.000000,0.178595,0.283020,1.044810,0.000305,0.000549,0.003358,0.015385,3.710912,3.298898,1.798289,1.109156,0.610256,1.102929,0.800732,0.879999,3.304942,3.299447,0.797948,4.909760,4.904400,0.004274
22.140053,1,0.000000,0.232271,0.168836,0.000000,0.000000,0.181523,0.283996,1.535960,0.000183,0.000672,0.003358,0.015385,3.711840,3.301682,1.796824,1.101464,0.605494,1.104028,0.800732,0.879999,3.304026,3.299447,0.797362,4.899040,4.907080,0.004274
22.170054,1,0.000000,0.232271,0.154197,0.000000,0.000000,0.180547,0.283996,1.044810,0.000183,0.000427,0.003297,0.015629,3.711840,3.301682,1.796824,1.104394,0.616483,1.101464,0.800732,0.879193,3.304026,3.298531,0.797362,4.907080,4.921820,0.004274
22.200054,1,0.001952,0.227392,0.152245,0.000000,0.000000,0.180547,0.282044,1.794930,0.000122,0.000549,0.003419,0.015385,3.713696,3.301682,1.798289,1.107691,0.605860,1.105127,0.799633,0.879462,3.304942,3.299447,0.797655,4.873580,4.907080,0.004274
22.230054,1,0.000000,0.227392,0.154197,0.000000,0.000000,0.180547,0.282044,2.062830,0.000183,0.000427,0.003358,0.015263,3.715552,3.301682,1.797800,1.104394,0.601831,1.101098,0.800732,0.879999,3.304942,3.297616,0.797362,4.896360,4.920480,0.003419
22.260054,1,0.000000,0.233247,0.154197,0.000000,0.000000,0.179571,0.283996,1.044810,0.000061,0.000427,0.003358,0.015018,3.719264,3.293330,1.798289,1.101464,0.613552,1.101464,0.801831,0.879462,3.304026,3.298531,0.797655,4.907080,4.891000,0.004274
22.290053,1,0.000000,0.217632,0.153221,0.000000,0.000000,0.180547,0.284972,1.777070,0.000183,0.000427,0.003358,0.015263,3.711840,3.301682,1.797800,1.109156,0.606959,1.105127,0.800732,0.879462,3.304942,3.299447,0.797362,4.899040,4.909760,0.004274
22.320054,1,0.001952,0.220560,0.154197,0.000000,0.000000,0.182499,0.282044,1.607400,0.000122,0.000549,0.003419,0.015140,3.711840,3.292402,1.797800,1.101464,0.610622,1.102563,0.801098,0.879193,3.303110,3.299447,0.797655,4.911100,4.920480,0.004274
22.350054,1,0.000976,0.222512,0.153221,0.000000,0.000000,0.179571,0.282044,1.053740,0.000183,0.000427,0.003419,0.015507,3.719264,3.294258,1.797800,1.103296,0.615384,1.100732,0.801098,0.879999,3.304942,3.299447,0.797362,4.907080,4.886980,0.003419
22.380054,1,0.000000,0.219584,0.154197,0.000000,0.000000,0.180547,0.284972,1.857440,0.000061,0.000672,0.003358,0.015263,3.710912,3.291474,1.798289,1.104761,0.600366,1.104761,0.801098,0.879999,3.304942,3.299447,0.797362,4.901720,4.900380,0.004274
22.410054,1,0.002928,0.219584,0.155173,0.000000,0.000000,0.184451,0.283996,2.446820,0.000122,0.000488,0.003419,0.015018,3.710912,3.357359,1.797312,1.112087,0.611721,1.104028,0.799633,0.879193,3.304942,3.299447,0.797655,4.909760,4.920480,0.004274
22.440053,1,0.000976,0.221536,0.153221,0.000000,0.000000,0.194210,0.282044,1.044810,0.000183,0.000427,0.003419,0.015629,3.711840,3.291474,1.797312,1.102929,0.601465,1.101098,0.800732,0.879462,3.304942,3.298531,0.797655,4.881620,4.904400,0.004274
22.470054,1,0.000000,0.223488,0.152245,0.000000,0.000000,0.193234,0.282044,2.232500,0.000061,0.000427,0.003358,0.015385,3.715552,3.327664,1.798289,1.101464,0.601831,1.104761,0.799633,0.879462,3.304942,3.299447,0.797948,4.888320,4.904400,0.004274
22.500054,1,0.000000,0.222512,0.155173,0.000000,0.000000,0.191282,0.283996,1.759210,0.000122,0.000611,0.003419,0.015507,3.710912,3.291474,1.798289,1.104761,0.612820,1.105494,0.800732,0.879999,3.304026,3.299447,0.797948,4.907080,4.917800,0.004274
22.530054,1,0.001952,0.223488,0.155173,0.000000,0.000000,0.202017,0.284972,1.053740,0.000061,0.000672,0.003358,0.015629,3.711840,3.301682,1.797312,1.104394,0.600732,1.104028,0.799633,0.879193,3.304942,3.299447,0.797948,4.895020,4.907080,0.004274
22.560053,1,0.000000,0.220560,0.152245,0.000000,0.000000,0.179571,0.283996,2.303940,0.000244,0.000549,0.003358,0.015873,3.699776,3.301682,1.797312,1.103296,0.606227,1.101098,0.799633,0.879999,3.304026,3.299447,0.796776,4.885640,4.896360,0.004274
22.590054,1,0.000976,0.221536,0.154197,0.000000,0.000000,0.180547,0.282044,1.044810,0.000122,0.000549,0.003419,0.015140,3.711840,3.301682,1.796824,1.106226,0.615018,1.104394,0.800732,0.879462,3.305857,3.300363,0.796776,4.912440,4.913780,0.003419
22.620053,1,0.001952,0.219584,0.155173,0.000000,0.000000,0.180547,0.285948,1.044810,0.000183,0.000427,0.003419,0.015385,3.703488,3.293330,1.797312,1.104761,0.601465,1.102929,0.801464,0.879731,3.304942,3.299447,0.797655,4.892340,4.909760,0.004274
22.650053,1,0.000000,0.218608,0.153221,0.000000,0.000000,0.178595,0.284972,2.777230,0.000061,0.000549,0.003358,0.015140,3.696064,3.298898,1.796335,1.107691,0.604029,1.102929,0.801831,0.878925,3.304026,3.299447,0.797362,4.889660,4.891000,0.003419
22.680054,1,0.000000,0.220560,0.152245,0.000000,0.000000,0.179571,0.281068,1.044810,0.000061,0.000549,0.003114,0.015140,3.719264,3.307249,1.798289,1.101464,0.605494,1.102929,0.800365,0.879193,3.303110,3.298531,0.797655,4.911100,4.920480,0.004274
22.710054,1,0.000000,0.229344,0.154197,0.022446,0.000000,0.179571,0.283020,2.161060,0.000183,0.000427,0.003419,0.015385,3.704416,3.295186,1.798289,1.107691,0.601831,1.104028,0.800732,0.879731,3.304942,3.300363,0.797655,4.886980,4.909760,0.003419
22.740054,1,0.000000,0.223488,0.153221,0.000000,0.000000,0.179571,0.283996,1.535960,0.000183,0.000427,0.003419,0.015385,3.711840,3.292402,1.797312,1.108424,0.600366,1.100732,0.801831,0.879193,3.304026,3.300363,0.797362,4.907080,4.917800,0.004274
22.770054,1,0.000000,0.228368,0.153221,0.000000,0.000000,0.180547,0.281068,1.035880,0.000122,0.000549,0.003297,0.015385,3.713696,3.301682,1.798777,1.107691,0.614651,1.104028,0.801831,0.879193,3.303110,3.299447,0.797655,4.911100,4.909760,0.004274
22.800053,1,0.000000,0.233247,0.154197,0.000000,0.000000,0.178595,0.284972,2.482540,0.000183,0.000427,0.003419,0.015263,3.703488,3.292402,1.797312,1.108424,0.612454,1.104761,0.801464,0.879462,3.304942,3.299447,0.797655,4.893680,4.888320,0.004274
22.830054,1,0.000000,0.219584,0.152245,0.000000,0.000000,0.179571,0.283020,2.071760,0.000061,0.000549,0.003297,0.015018,3.715552,3.299826,1.798289,1.104761,0.606959,1.104028,0.799633,0.879193,3.305857,3.298531,0.796776,4.912440,4.920480,0.004274
22.860053,1,0.000976,0.219584,0.153221,0.000000,0.000000,0.179571,0.283020,1.053740,0.000122,0.000549,0.003419,0.015140,3.699776,3.294258,1.798289,1.107325,0.601831,1.105494,0.800732,0.879462,3.304942,3.300363,0.797362,4.897700,4.903060,0.004274
22.890053,1,0.000000,0.219584,0.154197,0.000000,0.000000,0.180547,0.283020,1.794930,0.000183,0.000427,0.003419,0.015751,3.719264,3.293330,1.797312,1.107691,0.600366,1.104394,0.802930,0.879462,3.305857,3.299447,0.797655,4.881620,4.909760,0.004274
22.920053,1,0.000976,0.220560,0.154197,0.000000,0.000000,0.182499,0.286923,1.044810,0.000183,0.000549,0.003297,0.015385,3.711840,3.301682,1.796824,1.104761,0.616483,1.101098,0.799633,0.879462,3.305857,3.300363,0.796776,4.909760,4.921820,0.003419
22.950054,1,0.000000,0.218608,0.154197,0.000000,0.000000,0.179571,0.282044,2.187850,0.000061,0.000611,0.003236,0.015385,3.711840,3.295186,1.796824,1.108424,0.606227,1.102197,0.803662,0.879462,3.304026,3.298531,0.797362,4.888320,4.891000,0.004274
22.980054,1,0.000000,0.221536,0.153221,0.000000,0.000000,0.180547,0.284972,1.768140,0.000244,0.000549,0.003358,0.015140,3.713696,3.301682,1.798289,1.104761,0.609157,1.104394,0.800732,0.879462,3.305857,3.298531,0.797362,4.912440,4.921820,0.004274
23.010053,1,0.000976,0.219584,0.153221,0.000000,0.000000,0.179571,0.283996,1.035880,0.000183,0.000549,0.003358,0.015385,3.711840,3.301682,1.797312,1.107691,0.602930,1.104394,0.801831,0.879731,3.303110,3.299447,0.797362,4.897700,4.899040,0.003419
23.040055,1,0.000000,0.220560,0.154197,0.000000,0.000000,0.179571,0.283996,1.839580,0.000061,0.000549,0.003358,0.015629,3.704416,3.293330,1.797312,1.103296,0.603296,1.101464,0.800365,0.879999,3.304942,3.297616,0.796776,4.896360,4.907080,0.003419
23.070054,1,0.000000,0.220560,0.152245,0.000000,0.000000,0.181523,0.284972,1.044810,0.000061,0.000427,0.003297,0.015385,3.711840,3.301682,1.797800,1.103296,0.615750,1.100732,0.801831,0.879462,3.304026,3.299447,0.796776,4.907080,4.920480,0.004274
23.100054,1,0.001952,0.219584,0.155173,0.000000,0.000000,0.180547,0.283996,1.053740,0.000183,0.000427,0.003419,0.015385,3.711840,3.293330,1.798289,1.107691,0.602930,1.100732,0.800732,0.879999,3.305857,3.300363,0.796776,4.886980,4.899040,0.004274
23.130054,1,0.000000,0.220560,0.154197,0.000000,0.000000,0.180547,0.282044,1.768140,0.000183,0.000427,0.003297,0.015263,3.700704,3.298898,1.797800,1.102929,0.605128,1.104761,0.800365,0.879462,3.304026,3.298531,0.797362,4.896360,4.905740,0.004274
23.160054,1,0.000000,0.219584,0.154197,0.000000,0.000000,0.180547,0.283996,1.044810,0.000122,0.000611,0.003358,0.015629,3.711840,3.291474,1.796824,1.101830,0.616483,1.104028,0.800732,0.879193,3.304942,3.299447,0.797362,4.909760,4.919140,0.004274
23.190054,1,0.000000,0.218608,0.153221,0.000000,0.000000,0.180547,0.282044,2.777230,0.000244,0.000549,0.003358,0.015873,3.703488,3.299826,1.797800,1.102929,0.603662,1.104394,0.802930,0.879193,3.305857,3.299447,0.797362,4.886980,4.899040,0.004274
23.220055,1,0.000976,0.222512,0.153221,0.076123,0.000000,0.178595,0.283020,2.116410,0.000183,0.000427,0.003419,0.015263,3.711840,3.293330,1.797800,1.106226,0.599999,1.104761,0.800732,0.879999,3.304942,3.299447,0.797948,4.893680,4.917800,0.004274
23.250054,1,0.000000,0.222512,0.153221,0.000000,0.000000,0.179571,0.283996,1.053740,0.000061,0.000427,0.003358,0.016117,3.715552,3.301682,1.797312,1.101830,0.616483,1.105494,0.799267,0.879999,3.304942,3.298531,0.797362,4.907080,4.921820,0.003419
23.280053,1,0.000000,0.220560,0.155173,0.000000,0.000000,0.183475,0.281068,1.553820,0.000061,0.000672,0.003358,0.015140,3.710912,3.289618,1.797312,1.107691,0.604761,1.104761,0.801464,0.879193,3.304026,3.299447,0.797948,4.888320,4.909760,0.004274
23.310054,1,0.000000,0.220560,0.151269,0.000000,0.000000,0.179571,0.282044,2.500400,0.000061,0.000427,0.003358,0.015385,3.711840,3.301682,1.796824,1.104761,0.612454,1.099999,0.799633,0.879193,3.304942,3.299447,0.797655,4.911100,4.920480,0.004274
23.340054,1,0.000000,0.220560,0.154197,0.000000,0.000000,0.182499,0.283996,1.071600,0.000183,0.000427,0.003419,0.015507,3.719264,3.293330,1.797312,1.107691,0.610622,1.100732,0.800732,0.879731,3.303110,3.299447,0.797362,4.886980,4.886980,0.004274
23.370054,1,0.000000,0.220560,0.157125,0.000000,0.000000,0.178595,0.283996,2.169990,0.000244,0.000488,0.003358,0.015385,3.715552,3.301682,1.797312,1.106226,0.602197,1.104761,0.801098,0.879193,3.303110,3.298531,0.797655,4.892340,4.907080,0.004274
23.400053,1,0.000000,0.222512,0.153221,0.000000,0.000000,0.180547,0.283020,1.044810,0.000122,0.000549,0.003236,0.015140,3.711840,3.299826,1.797312,1.102197,0.613552,1.104394,0.799633,0.879462,3.303110,3.298531,0.797362,4.912440,4.921820,0.004274
23.430054,1,0.000000,0.218608,0.154197,0.000000,0.000000,0.180547,0.281068,1.794930,0.000061,0.000427,0.003358,0.015629,3.711840,3.291474,1.797312,1.106226,0.601098,1.102197,0.799633,0.879462,3.304942,3.300363,0.796776,4.874920,4.911100,0.004274
23.460055,1,0.000000,0.219584,0.153221,0.000000,0.000000,0.179571,0.282044,2.053900,0.000183,0.000427,0.003419,0.015263,3.700704,3.294258,1.796824,1.101464,0.606227,1.104761,0.801464,0.879193,3.304026,3.299447,0.797655,4.899040,4.917800,0.004274
23.490054,1,0.000000,0.219584,0.152245,0.000000,0.000000,0.181523,0.283020,1.062670,0.000183,0.000427,0.003358,0.015385,3.711840,3.301682,1.797312,1.110622,0.613552,1.101464,0.799633,0.878656,3.304026,3.299447,0.797362,4.907080,4.923160,0.004274
23.520054,1,0.000000,0.224464,0.154197,0.000000,0.000000,0.180547,0.282044,1.768140,0.000244,0.000488,0.003419,0.015385,3.711840,3.301682,1.798289,1.101830,0.604029,1.104394,0.801831,0.879462,3.305857,3.299447,0.797362,4.876260,4.911100,0.004274
23.550055,1,0.002928,0.218608,0.153221,0.000000,0.000000,0.180547,0.282044,2.062830,0.000183,0.000427,0.003358,0.015140,3.711840,3.295186,1.796824,1.107691,0.606227,1.104761,0.800732,0.879193,3.304942,3.299447,0.797655,4.911100,4.919140,0.004274
23.580054,1,0.002928,0.221536,0.152245,0.000000,0.000000,0.181523,0.283020,1.044810,0.000183,0.000427,0.003297,0.015385,3.711840,3.301682,1.798289,1.107691,0.616483,1.104028,0.801831,0.879193,3.307689,3.300363,0.796776,4.907080,4.891000,0.004274
23.610054,1,0.000000,0.218608,0.154197,0.000000,0.000000,0.179571,0.283020,1.777070,0.000183,0.000672,0.003358,0.016117,3.699776,3.301682,1.798289,1.104761,0.605494,1.104394,0.801831,0.879999,3.304942,3.298531,0.797655,4.899040,4.899040,0.004274
23.640054,1,0.000000,0.219584,0.153221,0.000000,0.000000,0.181523,0.282044,1.598470,0.000183,0.000427,0.003236,0.015263,3.710912,3.301682,1.797800,1.107691,0.611355,1.104028,0.800732,0.879462,3.304026,3.300363,0.797362,4.907080,4.923160,0.003419
23.670054,1,0.000000,0.219584,0.154197,0.000000,0.000000,0.179571,0.283020,1.035880,0.000183,0.000427,0.003419,0.015018,3.719264,3.327664,1.797312,1.104761,0.605494,1.101464,0.801831,0.879193,3.304942,3.299447,0.797655,4.900380,4.904400,0.004274
23.700053,1,0.000976,0.220560,0.154197,0.000000,0.000000,0.179571,0.283996,1.866370,0.000244,0.000488,0.003358,0.015507,3.710912,3.301682,1.797800,1.110622,0.601465,1.098534,0.800365,0.879193,3.304942,3.298531,0.797655,4.900380,4.899040,0.004274
23.730055,1,0.000000,0.220560,0.151269,0.000000,0.000000,0.179571,0.283020,2.411100,0.000244,0.000549,0.003419,0.015018,3.726687,3.291474,1.797800,1.107691,0.613919,1.104761,0.801831,0.878925,3.304942,3.299447,0.797655,4.909760,4.921820,0.004274
23.760054,1,0.000000,0.221536,0.152245,0.000000,0.000000,0.179571,0.283996,1.044810,0.000061,0.000672,0.003358,0.016117,3.696064,3.301682,1.798289,1.101464,0.603662,1.100732,0.800732,0.879999,3.304026,3.299447,0.797948,4.882960,4.907080,0.003419
23.790054,1,0.000976,0.220560,0.151269,0.000000,0.000000,0.178595,0.282044,1.794930,0.000183,0.000427,0.003358,0.015751,3.699776,3.301682,1.798289,1.107691,0.602197,1.100732,0.800732,0.879193,3.304942,3.299447,0.797655,4.884300,4.899040,0.004274
23.820054,1,0.002928,0.218608,0.154197,0.000000,0.000000,0.180547,0.283020,1.044810,0.000244,0.000549,0.003358,0.015263,3.713696,3.301682,1.798289,1.107691,0.613919,1.100732,0.801831,0.879193,3.304942,3.298531,0.797655,4.911100,4.919140,0.003419
23.850054,1,0.000000,0.219584,0.154197,0.000000,0.000000,0.181523,0.283996,1.839580,0.000122,0.000488,0.003236,0.015018,3.711840,3.293330,1.796824,1.101464,0.605860,1.101098,0.799267,0.879999,3.304942,3.299447,0.797362,4.899040,4.903060,0.004274
23.880053,1,0.000976,0.222512,0.153221,0.000000,0.000000,0.192258,0.283020,2.768300,0.000122,0.000549,0.003358,0.015507,3.710912,3.301682,1.796824,1.101830,0.606593,1.101098,0.801464,0.879193,3.303110,3.299447,0.797655,4.886980,4.919140,0.004274
23.910054,1,0.000000,0.218608,0.154197,0.000000,0.000000,0.192258,0.279116,1.035880,0.000183,0.000427,0.003358,0.015140,3.711840,3.298898,1.797312,1.107691,0.615750,1.102929,0.801464,0.879462,3.304026,3.299447,0.797362,4.907080,4.920480,0.003419
23.940053,1,0.000976,0.219584,0.151269,0.000000,0.000000,0.193234,0.283996,2.044970,0.000183,0.000427,0.003419,0.015629,3.710912,3.301682,1.798289,1.101464,0.599633,1.104028,0.803662,0.879462,3.304026,3.298531,0.797655,4.896360,4.903060,0.004274
23.970054,1,0.000000,0.220560,0.152245,0.000000,0.000000,0.202993,0.283996,1.535960,0.000183,0.000427,0.003419,0.015263,3.703488,3.293330,1.798289,1.101464,0.600366,1.104394,0.799633,0.879193,3.304942,3.299447,0.797655,4.911100,4.920480,0.004274
24.000053,1,0.000000,0.219584,0.152245,0.000000,0.000000,0.185427,0.282044,1.035880,0.000122,0.000488,0.003358,0.015385,3.710912,3.301682,1.797800,1.107691,0.612087,1.104761,0.801831,0.879462,3.304942,3.299447,0.797655,4.888320,4.908420,0.004274
24.030054,1,0.000000,0.217632,0.152245,0.000000,0.000000,0.181523,0.282044,2.482540,0.000183,0.000427,0.003297,0.015507,3.700704,3.301682,1.797800,1.104394,0.615018,1.104028,0.801464,0.878925,3.304942,3.299447,0.797362,4.893680,4.893680,0.004274
24.060053,1,0.000976,0.219584,0.152245,0.000000,0.000000,0.191282,0.283020,1.044810,0.000122,0.000488,0.003419,0.015385,3.711840,3.325809,1.797800,1.101464,0.614651,1.104761,0.801098,0.879193,3.304942,3.299447,0.797655,4.909760,4.912440,0.003419
24.090054,1,0.000000,0.219584,0.153221,0.000000,0.000000,0.181523,0.286923,2.169990,0.000122,0.000549,0.003358,0.015385,3.711840,3.301682,1.797800,1.107691,0.602930,1.104028,0.800732,0.879193,3.303110,3.298531,0.796776,4.892340,4.889660,0.004274
24.120054,1,0.000000,0.221536,0.153221,0.000000,0.000000,0.180547,0.283996,1.777070,0.000061,0.000427,0.003419,0.016117,3.719264,3.301682,1.798289,1.101830,0.608424,1.104761,0.801464,0.879462,3.304942,3.299447,0.797362,4.907080,4.919140,0.004274
24.150054,1,0.000000,0.229344,0.152245,0.000000,0.000000,0.179571,0.283020,1.044810,0.000061,0.000549,0.003297,0.015629,3.719264,3.301682,1.797800,1.107691,0.602197,1.100732,0.800365,0.879462,3.304942,3.298531,0.797655,4.870900,4.907080,0.004274
24.180055,1,0.000000,0.227392,0.154197,0.000000,0.000000,0.177619,0.283020,2.071760,0.000061,0.000549,0.003236,0.015385,3.711840,3.292402,1.797800,1.104394,0.604761,1.102929,0.800365,0.879462,3.304026,3.300363,0.797069,4.876260,4.903060,0.004274
24.210054,1,0.000000,0.227392,0.153221,0.000000,0.000000,0.181523,0.283996,2.241430,0.000122,0.000549,0.003419,0.015385,3.711840,3.301682,1.796824,1.107691,0.615750,1.103662,0.801098,0.879193,3.303110,3.299447,0.797655,4.911100,4.920480,0.004274
24.240054,1,0.000976,0.236175,0.153221,0.000000,0.000000,0.178595,0.283996,1.035880,0.000122,0.000549,0.003358,0.015385,3.711840,3.301682,1.796824,1.107691,0.599999,1.102929,0.800732,0.879193,3.304942,3.300363,0.797655,4.900380,4.900380,0.003419
24.270055,1,0.000000,0.228368,0.155173,0.000000,0.000000,0.179571,0.282044,1.616330,0.000183,0.000427,0.003419,0.015263,3.696064,3.294258,1.798289,1.102197,0.602564,1.101098,0.799633,0.879193,3.303110,3.299447,0.797655,4.892340,4.907080,0.003419
24.300053,1,0.000000,0.218608,0.153221,0.000000,0.000000,0.181523,0.283020,1.044810,0.000244,0.000549,0.003236,0.015385,3.711840,3.289618,1.798289,1.107691,0.614285,1.102563,0.800732,0.878656,3.304026,3.298531,0.797362,4.907080,4.917800,0.003419
24.330054,1,0.000000,0.218608,0.155173,0.000000,0.000000,0.179571,0.280092,1.044810,0.000061,0.000672,0.003358,0.015140,3.710912,3.301682,1.798289,1.107691,0.602197,1.104761,0.799633,0.879193,3.304942,3.299447,0.797655,4.900380,4.897700,0.003419
24.360054,1,0.000000,0.220560,0.152245,0.000000,0.000000,0.180547,0.283020,1.821720,0.000183,0.000672,0.003297,0.015140,3.711840,3.297970,1.798289,1.107691,0.604761,1.100732,0.801831,0.879462,3.304026,3.300363,0.797362,4.896360,4.907080,0.004274
24.390054,1,0.000000,0.218608,0.155173,0.000000,0.000000,0.181523,0.283020,1.062670,0.000244,0.000549,0.003419,0.015385,3.726687,3.293330,1.797800,1.108424,0.612820,1.104394,0.798900,0.879462,3.303110,3.300363,0.797362,4.909760,4.923160,0.004274
24.420053,1,0.000000,0.220560,0.153221,0.000000,0.000000,0.191282,0.283020,2.312870,0.000122,0.000549,0.003419,0.015629,3.703488,3.292402,1.797800,1.110622,0.602930,1.104761,0.799633,0.879462,3.304942,3.299447,0.797948,4.889660,4.901720,0.004274
24.450055,1,0.000000,0.220560,0.153221,0.000000,0.000000,0.192258,0.283020,1.919950,0.000244,0.000549,0.003419,0.015629,3.719264,3.307249,1.798289,1.102563,0.617216,1.104761,0.801098,0.879193,3.303110,3.299447,0.797655,4.908420,4.921820,0.003419
24.480054,1,0.000000,0.216657,0.152245,0.000000,0.000000,0.190306,0.280092,1.053740,0.000122,0.000488,0.003358,0.015385,3.710912,3.327664,1.796824,1.112087,0.612820,1.102197,0.800732,0.879999,3.304942,3.299447,0.797655,4.896360,4.904400,0.003419
24.510054,1,0.000000,0.219584,0.152245,0.000000,0.000000,0.202993,0.283996,1.535960,0.000244,0.000549,0.003358,0.015507,3.710912,3.298898,1.797312,1.101464,0.605128,1.104028,0.799633,0.879462,3.303110,3.299447,0.797655,4.900380,4.905740,0.003419
24.540054,1,0.000000,0.219584,0.152245,0.000000,0.000000,0.182499,0.283996,1.062670,0.000244,0.000488,0.003419,0.015018,3.710912,3.298898,1.796824,1.104028,0.611355,1.104028,0.799633,0.879193,3.303110,3.299447,0.797655,4.909760,4.921820,0.004274
24.570054,1,0.000976,0.218608,0.152245,0.000000,0.000000,0.179571,0.287899,2.473610,0.000061,0.000549,0.003358,0.015507,3.726687,3.327664,1.795847,1.105494,0.612087,1.104394,0.801464,0.879999,3.304942,3.299447,0.797655,4.889660,4.885640,0.004274
24.600053,1,0.000000,0.224464,0.153221,0.000000,0.000000,0.179571,0.285948,2.196780,0.000122,0.000549,0.003419,0.015507,3.701632,3.299826,1.796824,1.101464,0.603662,1.104761,0.801831,0.879462,3.304026,3.300363,0.796776,4.896360,4.919140,0.004274
24.630054,1,0.000000,0.219584,0.152245,0.000000,0.000000,0.180547,0.282044,1.053740,0.000061,0.000427,0.003358,0.015140,3.711840,3.298898,1.797312,1.110622,0.616117,1.102929,0.800732,0.879193,3.304942,3.299447,0.797655,4.909760,4.920480,0.004274
24.660054,1,0.000000,0.221536,0.154197,0.000000,0.000000,0.178595,0.282044,1.794930,0.000244,0.000549,0.003419,0.015018,3.710912,3.294258,1.797800,1.104761,0.601098,1.104028,0.801464,0.879462,3.304942,3.300363,0.797362,4.885640,4.907080,0.004274
24.690056,1,0.000000,0.228368,0.152245,0.000000,0.000000,0.179571,0.283020,2.196780,0.000061,0.000427,0.003358,0.015263,3.711840,3.327664,1.796824,1.110622,0.606227,1.104761,0.800732,0.879462,3.304026,3.300363,0.797362,4.891000,4.920480,0.004274
24.720054,1,0.000000,0.227392,0.153221,0.000000,0.000000,0.176643,0.284972,1.044810,0.000122,0.000549,0.003419,0.015507,3.703488,3.299826,1.797800,1.102197,0.616483,1.104761,0.801098,0.879462,3.304026,3.299447,0.797362,4.907080,4.919140,0.004274
24.750054,1,0.000000,0.228368,0.152245,0.000000,0.000000,0.179571,0.282044,1.794930,0.000183,0.000427,0.003297,0.015385,3.715552,3.298898,1.796824,1.104761,0.605494,1.102929,0.800732,0.879999,3.304026,3.299447,0.797948,4.877600,4.911100,0.004274
24.780055,1,0.000000,0.237151,0.151269,0.000000,0.000000,0.180547,0.283996,2.053900,0.000183,0.000427,0.003419,0.015385,3.719264,3.295186,1.796824,1.106226,0.602197,1.106226,0.800732,0.879731,3.305857,3.299447,0.797362,4.911100,4.920480,0.004274
24.810054,1,0.000000,0.222512,0.153221,0.000000,0.000000,0.179571,0.282044,1.053740,0.000244,0.000549,0.003419,0.015385,3.711840,3.301682,1.796824,1.104761,0.612820,1.099999,0.801464,0.879462,3.305857,3.300363,0.797362,4.912440,4.911100,0.004274
24.840053,1,0.000000,0.217632,0.152245,0.000000,0.000000,0.182499,0.284972,1.794930,0.000183,0.000427,0.003419,0.015140,3.711840,3.301682,1.798289,1.107691,0.603296,1.102929,0.800732,0.879193,3.303110,3.299447,0.797069,4.870900,4.909760,0.003419
24.870054,1,0.000000,0.218608,0.151269,0.000000,0.000000,0.180547,0.283996,2.062830,0.000061,0.000549,0.003358,0.015018,3.711840,3.292402,1.797800,1.107325,0.609157,1.106226,0.802930,0.879462,3.304942,3.300363,0.797655,4.907080,4.919140,0.004274
24.900054,1,0.002928,0.223488,0.154197,0.000000,0.000000,0.179571,0.283996,1.053740,0.000183,0.000427,0.003480,0.015263,3.719264,3.293330,1.797800,1.102197,0.609157,1.104761,0.801464,0.879193,3.304942,3.299447,0.797948,4.888320,4.893680,0.004274
24.930053,1,0.000000,0.219584,0.152245,0.000000,0.000000,0.178595,0.283996,1.777070,0.000183,0.000672,0.003419,0.015140,3.722976,3.301682,1.796824,1.101830,0.606593,1.101098,0.801831,0.879731,3.304942,3.300363,0.797362,4.897700,4.897700,0.004274
24.960054,1,0.000000,0.220560,0.153221,0.000000,0.000000,0.180547,0.282044,1.044810,0.000183,0.000427,0.003419,0.015140,3.719264,3.292402,1.797312,1.107691,0.615018,1.104761,0.799267,0.879462,3.304942,3.300363,0.797362,4.907080,4.919140,0.004274
24.990054,1,0.000976,0.218608,0.152245,0.000000,0.000000,0.178595,0.283020,1.044810,0.000183,0.000427,0.003419,0.015629,3.708128,3.292402,1.796824,1.108424,0.604395,1.102929,0.800732,0.879462,3.304942,3.299447,0.797362,4.882960,4.904400,0.004274
25.020054,1,0.001952,0.219584,0.151269,0.000000,0.000000,0.180547,0.283020,2.223570,0.000183,0.000549,0.003297,0.015629,3.710912,3.299826,1.797800,1.107691,0.604395,1.104028,0.801098,0.879999,3.304942,3.299447,0.797362,4.884300,4.904400,0.004274
25.050054,1,0.000000,0.219584,0.154197,0.000000,0.000000,0.181523,0.283996,1.053740,0.000244,0.000549,0.003419,0.015995,3.719264,3.299826,1.797312,1.101830,0.612454,1.105494,0.799633,0.879462,3.304026,3.299447,0.797655,4.909760,4.920480,0.004274
25.080054,1,0.000000,0.217632,0.153221,0.000000,0.000000,0.180547,0.283020,1.821720,0.000061,0.000549,0.003297,0.015263,3.704416,3.301682,1.798289,1.104761,0.600732,1.104028,0.803296,0.879193,3.305857,3.299447,0.797362,4.895020,4.904400,0.003419
25.110054,1,0.000000,0.222512,0.154197,0.000000,0.000000,0.180547,0.283020,2.777230,0.000122,0.000549,0.003358,0.015629,3.710912,3.299826,1.797800,1.104761,0.599633,1.102929,0.802930,0.879462,3.305857,3.298531,0.796776,4.886980,4.921820,0.004274
25.140054,1,0.000000,0.220560,0.153221,0.000000,0.000000,0.180547,0.281068,1.044810,0.000183,0.000672,0.003419,0.015263,3.711840,3.293330,1.797800,1.101464,0.615750,1.104761,0.801831,0.879193,3.303110,3.299447,0.796776,4.909760,4.901720,0.004274
25.170054,1,0.000000,0.220560,0.153221,0.000000,0.000000,0.180547,0.284972,1.928880,0.000122,0.000549,0.003419,0.015385,3.703488,3.294258,1.798777,1.101464,0.599999,1.104394,0.802930,0.879462,3.304026,3.299447,0.797362,4.896360,4.904400,0.004274
25.200054,1,0.000000,0.221536,0.153221,0.000000,0.000000,0.179571,0.284972,1.062670,0.000183,0.000427,0.003419,0.015629,3.719264,3.294258,1.796824,1.107325,0.614285,1.104394,0.801098,0.879999,3.304942,3.299447,0.797655,4.907080,4.885640,0.004274
25.230054,1,0.000000,0.220560,0.152245,0.000000,0.000000,0.180547,0.283020,2.295010,0.000183,0.000427,0.003358,0.015385,3.715552,3.301682,1.796824,1.104761,0.605860,1.104028,0.801831,0.879999,3.304026,3.299447,0.797948,4.893680,4.911100,0.003419
25.260056,1,0.000000,0.219584,0.152245,0.000000,0.000000,0.182499,0.282044,1.786000,0.000183,0.000427,0.003297,0.015018,3.711840,3.301682,1.797312,1.104394,0.614651,1.104028,0.800732,0.879999,3.304942,3.299447,0.797948,4.907080,4.920480,0.004274
25.290053,1,0.000000,0.221536,0.153221,0.000000,0.000000,0.180547,0.283996,1.053740,0.000244,0.000549,0.003419,0.015263,3.704416,3.292402,1.798289,1.102929,0.611355,1.100732,0.800732,0.879462,3.305857,3.297616,0.797362,4.908420,4.886980,0.003419
25.320054,1,0.000000,0.219584,0.154197,0.000000,0.000000,0.180547,0.283996,2.205710,0.000183,0.000672,0.003297,0.015263,3.711840,3.297970,1.796824,1.107691,0.601831,1.100732,0.799633,0.879462,3.304026,3.299447,0.797362,4.893680,4.891000,0.003419
25.350054,1,0.000000,0.221536,0.153221,0.000000,0.000000,0.179571,0.283996,1.786000,0.000183,0.000427,0.003419,0.015140,3.696064,3.307249,1.798289,1.107691,0.613186,1.104761,0.801464,0.879999,3.304026,3.299447,0.797362,4.907080,4.921820,0.003419
25.380054,1,0.000000,0.220560,0.153221,0.000000,0.000000,0.179571,0.283996,1.053740,0.000244,0.000549,0.003358,0.015018,3.711840,3.298898,1.796824,1.107325,0.606593,1.102197,0.800732,0.879193,3.303110,3.299447,0.797655,4.878940,4.909760,0.003419
25.410054,1,0.000000,0.219584,0.152245,0.000000,0.000000,0.179571,0.283996,2.062830,0.000183,0.000427,0.003419,0.015140,3.715552,3.299826,1.798289,1.101464,0.600366,1.102197,0.801464,0.879999,3.304026,3.298531,0.797362,4.899040,4.907080,0.004274
25.440054,1,0.000000,0.218608,0.153221,0.000000,0.000000,0.180547,0.281068,1.875300,0.000183,0.000427,0.003419,0.015629,3.711840,3.292402,1.797800,1.101830,0.615018,1.104394,0.800732,0.879193,3.303110,3.299447,0.797655,4.911100,4.919140,0.003419
25.470054,1,0.000976,0.219584,0.154197,0.000000,0.000000,0.181523,0.282044,1.062670,0.000122,0.000549,0.003419,0.015629,3.711840,3.299826,1.797800,1.104761,0.605494,1.101098,0.801098,0.879462,3.305857,3.300363,0.797362,4.897700,4.912440,0.004274
25.500054,1,0.000000,0.220560,0.153221,0.000000,0.000000,0.180547,0.283996,2.089620,0.000122,0.000549,0.003297,0.015385,3.711840,3.298898,1.795847,1.107325,0.604761,1.104761,0.800732,0.879731,3.304942,3.298531,0.797069,4.876260,4.920480,0.004274
25.530054,1,0.000000,0.222512,0.153221,0.000000,0.000000,0.181523,0.283996,1.053740,0.000244,0.000549,0.003419,0.015018,3.711840,3.298898,1.795847,1.110622,0.613919,1.104761,0.801831,0.879193,3.303110,3.299447,0.797655,4.886980,4.907080,0.004274
25.560053,1,0.001952,0.220560,0.153221,0.000000,0.000000,0.179571,0.283020,2.777230,0.000183,0.000977,0.003419,0.015263,3.726687,3.299826,1.798777,1.108058,0.602564,1.101464,0.800732,0.879999,3.307689,3.299447,0.797655,4.885640,4.899040,0.003419
25.590054,1,0.000000,0.220560,0.152245,0.000000,0.000000,0.179571,0.282044,1.562750,0.000244,0.000549,0.003358,0.015629,3.719264,3.299826,1.798289,1.102563,0.610622,1.102929,0.801098,0.879462,3.303110,3.300363,0.797362,4.911100,4.921820,0.003419
25.620054,1,0.000000,0.218608,0.153221,0.000000,0.000000,0.180547,0.283020,1.053740,0.000183,0.000672,0.003358,0.015263,3.711840,3.299826,1.798289,1.105127,0.613186,1.102929,0.799633,0.879462,3.305857,3.299447,0.797655,4.895020,4.904400,0.004274
25.650053,1,0.000976,0.221536,0.155173,0.000000,0.000000,0.181523,0.281068,2.777230,0.000244,0.000549,0.003236,0.015018,3.710912,3.291474,1.798289,1.104761,0.604029,1.105127,0.799633,0.879999,3.304942,3.299447,0.797655,4.893680,4.909760,0.004274
25.680054,1,0.000000,0.220560,0.152245,0.000000,0.000000,0.181523,0.284972,1.053740,0.000061,0.000549,0.003297,0.015018,3.715552,3.299826,1.797800,1.101830,0.604761,1.104028,0.801098,0.879462,3.304942,3.300363,0.797362,4.908420,4.919140,0.004274
25.710054,1,0.000000,0.220560,0.155173,0.054652,0.000000,0.180547,0.282044,1.035880,0.000122,0.000549,0.003419,0.015263,3.715552,3.303538,1.796824,1.103296,0.606227,1.101464,0.800732,0.879999,3.304942,3.298531,0.797362,4.893680,4.907080,0.003419
25.740054,1,0.000000,0.217632,0.154197,0.000000,0.000000,0.179571,0.283020,1.535960,0.000244,0.000672,0.003419,0.015629,3.704416,3.292402,1.798289,1.103296,0.600366,1.103662,0.801098,0.879999,3.304942,3.299447,0.797362,4.899040,4.907080,0.003419
25.770053,1,0.000000,0.220560,0.156149,0.000000,0.000000,0.179571,0.283996,1.044810,0.000244,0.000549,0.003419,0.015385,3.711840,3.299826,1.796824,1.103296,0.615750,1.102563,0.802930,0.879462,3.304026,3.300363,0.796776,4.911100,4.921820,0.004274
25.800054,1,0.000976,0.246910,0.154197,0.000000,0.000000,0.178595,0.282044,2.482540,0.000061,0.000549,0.003236,0.015507,3.696993,3.293330,1.798289,1.104394,0.610622,1.099999,0.799633,0.879462,3.304942,3.299447,0.797362,4.891000,4.891000,0.004274
25.830054,1,0.000000,0.246910,0.154197,0.000000,0.000000,0.180547,0.281068,1.544890,0.000122,0.000549,0.003419,0.015629,3.711840,3.307249,1.797312,1.108058,0.604761,1.101098,0.802930,0.879462,3.304026,3.300363,0.797362,4.881620,4.897700,0.004274
25.860054,1,0.000000,0.220560,0.153221,0.000000,0.000000,0.195186,0.283020,1.053740,0.000244,0.000549,0.003419,0.015018,3.711840,3.299826,1.798289,1.102197,0.615018,1.104394,0.801831,0.879731,3.305857,3.300363,0.797362,4.912440,4.921820,0.004274
25.890054,1,0.000000,0.222512,0.153221,0.000000,0.000000,0.192258,0.287899,2.482540,0.000183,0.000427,0.003358,0.015385,3.699776,3.301682,1.797800,1.107691,0.611721,1.104394,0.800732,0.879193,3.304942,3.299447,0.797948,4.893680,4.885640,0.004274
25.920054,1,0.000000,0.220560,0.152245,0.000000,0.000000,0.192258,0.283020,2.205710,0.000183,0.000427,0.003419,0.015507,3.711840,3.291474,1.799266,1.102563,0.601465,1.102929,0.801831,0.879193,3.304942,3.299447,0.797655,4.895020,4.920480,0.004274
25.950054,1,0.000000,0.219584,0.152245,0.000000,0.000000,0.191282,0.283996,1.053740,0.000183,0.000672,0.003358,0.015629,3.711840,3.301682,1.796824,1.107691,0.615384,1.104394,0.800732,0.879462,3.304026,3.300363,0.796776,4.912440,4.919140,0.004274
25.980054,1,0.000000,0.220560,0.153221,0.000000,0.000000,0.193234,0.283020,1.821720,0.000183,0.000427,0.003419,0.015263,3.726687,3.301682,1.796824,1.102929,0.610256,1.104761,0.801098,0.879462,3.304942,3.299447,0.797948,4.895020,4.885640,0.004274
26.010054,1,0.002928,0.218608,0.155173,0.000000,0.000000,0.179571,0.283020,2.223570,0.000122,0.000549,0.003419,0.015507,3.726687,3.298898,1.796824,1.101830,0.602930,1.104394,0.800732,0.879193,3.305857,3.298531,0.797655,4.911100,4.920480,0.004274
26.040054,1,0.000976,0.217632,0.152245,0.000000,0.000000,0.181523,0.287899,1.053740,0.000183,0.000672,0.003419,0.015018,3.711840,3.299826,1.796824,1.104394,0.612820,1.104394,0.802930,0.879731,3.304942,3.297616,0.797362,4.896360,4.909760,0.003419
26.070054,1,0.000000,0.218608,0.155173,0.000000,0.000000,0.181523,0.283996,1.794930,0.000183,0.000427,0.003419,0.015263,3.726687,3.299826,1.797800,1.101830,0.603662,1.104761,0.801098,0.879193,3.304942,3.299447,0.797362,4.877600,4.907080,0.004274
26.100055,1,0.000976,0.219584,0.152245,0.000000,0.000000,0.203969,0.281068,2.607560,0.000183,0.000427,0.003358,0.015140,3.711840,3.311889,1.796335,1.107691,0.608058,1.100732,0.798900,0.879193,3.304942,3.299447,0.797362,4.909760,4.920480,0.004274
26.130054,1,0.000000,0.227392,0.153221,0.000000,0.000000,0.180547,0.284972,1.044810,0.000244,0.000549,0.003358,0.015385,3.704416,3.298898,1.796824,1.104761,0.609157,1.101098,0.799633,0.879999,3.304026,3.299447,0.797362,4.888320,4.886980,0.004274
26.160054,1,0.000000,0.225440,0.151269,0.000000,0.000000,0.181523,0.283020,1.777070,0.000061,0.000549,0.003297,0.015507,3.699776,3.299826,1.797800,1.104028,0.604761,1.104394,0.802930,0.879731,3.304026,3.300363,0.797362,4.897700,4.892340,0.004274
26.190054,1,0.000000,0.227392,0.153221,0.000000,0.000000,0.179571,0.284972,1.035880,0.000122,0.000549,0.003358,0.015140,3.711840,3.301682,1.798777,1.103296,0.615750,1.104761,0.800732,0.879462,3.305857,3.300363,0.796776,4.908420,4.920480,0.004274
26.220053,1,0.000000,0.231295,0.152245,0.000000,0.000000,0.181523,0.283020,1.723490,0.000244,0.000488,0.003419,0.015018,3.713696,3.298898,1.796824,1.107325,0.605494,1.102929,0.801098,0.879999,3.304942,3.299447,0.797655,4.882960,4.903060,0.004274
26.250054,1,0.000000,0.231295,0.153221,0.000000,0.000000,0.179571,0.283020,1.839580,0.000061,0.000549,0.003236,0.015263,3.703488,3.299826,1.798289,1.108424,0.604029,1.101098,0.800365,0.879193,3.304942,3.298531,0.797655,4.881620,4.920480,0.004274
26.280053,1,0.000000,0.218608,0.151269,0.000000,0.000000,0.180547,0.283996,1.062670,0.000122,0.000549,0.003419,0.015263,3.719264,3.293330,1.798289,1.107325,0.615750,1.103296,0.799633,0.879462,3.304026,3.299447,0.797362,4.907080,4.920480,0.004274
26.310054,1,0.000000,0.220560,0.154197,0.000000,0.000000,0.182499,0.284972,2.437890,0.000183,0.000427,0.003419,0.015018,3.711840,3.292402,1.798289,1.107691,0.605128,1.104394,0.802930,0.879999,3.304942,3.298531,0.797362,4.893680,4.904400,0.004274
26.340054,1,0.000976,0.217632,0.154197,0.000000,0.000000,0.180547,0.283996,1.053740,0.000244,0.000549,0.003358,0.015385,3.710912,3.298898,1.797800,1.109889,0.611721,1.100732,0.800365,0.879193,3.303110,3.298531,0.797655,4.912440,4.920480,0.004274
26.370053,1,0.001952,0.223488,0.153221,0.000000,0.000000,0.182499,0.283996,1.535960,0.000244,0.000549,0.003419,0.015385,3.711840,3.298898,1.796824,1.101464,0.602564,1.102929,0.801831,0.879999,3.305857,3.298531,0.796776,4.881620,4.905740,0.004274
26.400055,1,0.000000,0.216657,0.155173,0.000000,0.000000,0.193234,0.283020,1.821720,0.000061,0.000427,0.003358,0.016117,3.719264,3.293330,1.798289,1.109156,0.610256,1.102929,0.801098,0.879193,3.304942,3.299447,0.797948,4.889660,4.920480,0.004274
26.430054,1,0.001952,0.222512,0.155173,0.000000,0.000000,0.193234,0.284972,1.053740,0.000244,0.000549,0.003419,0.015385,3.715552,3.299826,1.798289,1.110622,0.615750,1.102929,0.801098,0.879462,3.305857,3.300363,0.796776,4.908420,4.921820,0.003419
26.460054,1,0.002928,0.223488,0.152245,0.014639,0.000000,0.191282,0.283020,1.544890,0.000061,0.000549,0.003297,0.015263,3.711840,3.301682,1.796824,1.107691,0.603662,1.104761,0.802930,0.879999,3.304026,3.299447,0.797362,4.888320,4.907080,0.004274
26.490055,1,0.000000,0.222512,0.153221,0.000000,0.000000,0.194210,0.283996,1.794930,0.000061,0.000549,0.003358,0.016117,3.711840,3.301682,1.797800,1.101830,0.612820,1.102929,0.801098,0.879193,3.304942,3.299447,0.797655,4.911100,4.920480,0.003419
26.520053,1,0.001952,0.220560,0.152245,0.000000,0.000000,0.182499,0.283996,1.071600,0.000183,0.000672,0.003419,0.015629,3.711840,3.301682,1.796824,1.104761,0.614651,1.101098,0.801098,0.879193,3.304942,3.299447,0.797362,4.907080,4.885640,0.004274
26.550054,1,0.000000,0.218608,0.153221,0.000000,0.000000,0.179571,0.285948,2.196780,0.000183,0.000427,0.003419,0.015263,3.704416,3.357359,1.796824,1.106226,0.601831,1.104761,0.799633,0.879462,3.304942,3.299447,0.797655,4.895020,4.909760,0.004274
26.580053,1,0.000000,0.218608,0.154197,0.000000,0.000000,0.179571,0.283996,1.768140,0.000244,0.000488,0.003297,0.015385,3.696993,3.293330,1.796335,1.101464,0.613186,1.104028,0.801098,0.879193,3.304942,3.299447,0.797948,4.909760,4.921820,0.003419
26.610053,1,0.002928,0.220560,0.154197,0.000000,0.000000,0.181523,0.284972,1.035880,0.000244,0.000549,0.003358,0.015385,3.711840,3.298898,1.796824,1.105127,0.604761,1.104028,0.801464,0.879193,3.303110,3.299447,0.797655,4.881620,4.909760,0.004274
26.640054,1,0.000000,0.222512,0.153221,0.000000,0.000000,0.179571,0.284972,2.223570,0.000122,0.000488,0.003236,0.015385,3.711840,3.289618,1.797312,1.101464,0.602197,1.104028,0.800732,0.879193,3.304026,3.299447,0.797948,4.889660,4.891000,0.004274
26.670055,1,0.000000,0.226416,0.153221,0.000000,0.000000,0.180547,0.284972,1.053740,0.000122,0.000488,0.003419,0.015507,3.711840,3.357359,1.796824,1.110622,0.599633,1.099999,0.799633,0.879462,3.304026,3.299447,0.797362,4.907080,4.907080,0.004274
26.700054,1,0.000000,0.226416,0.155173,0.000000,0.000000,0.179571,0.283020,1.893160,0.000122,0.000488,0.003358,0.015385,3.710912,3.293330,1.797312,1.106226,0.601831,1.104761,0.800732,0.879462,3.304026,3.300363,0.796776,4.897700,4.896360,0.004274
26.730054,1,0.000000,0.229344,0.154197,0.000000,0.000000,0.182499,0.283020,1.821720,0.000183,0.000427,0.003419,0.015507,3.711840,3.301682,1.797800,1.101830,0.610256,1.104761,0.801098,0.879462,3.304942,3.300363,0.796776,4.908420,4.920480,0.004274
26.760053,1,0.000000,0.232271,0.153221,0.000000,0.000000,0.178595,0.283996,1.062670,0.000183,0.000427,0.003419,0.015385,3.719264,3.292402,1.797312,1.107691,0.605860,1.102929,0.802930,0.879193,3.304942,3.297616,0.797362,4.895020,4.907080,0.004274
26.790054,1,0.000000,0.228368,0.154197,0.000000,0.000000,0.180547,0.281068,2.107480,0.000061,0.000549,0.003358,0.015385,3.711840,3.301682,1.797800,1.107691,0.602930,1.099999,0.799633,0.878925,3.304942,3.299447,0.797655,4.884300,4.897700,0.004274
26.820054,1,0.000000,0.219584,0.151269,0.000000,0.000000,0.181523,0.283020,2.241430,0.000183,0.000427,0.003297,0.015385,3.711840,3.301682,1.798289,1.101464,0.613186,1.100732,0.800732,0.879462,3.304026,3.297616,0.797362,4.907080,4.920480,0.004274
26.850054,1,0.000976,0.219584,0.152245,0.000000,0.000000,0.179571,0.282044,1.044810,0.000061,0.000549,0.003358,0.015507,3.699776,3.301682,1.797800,1.101464,0.606227,1.099999,0.801831,0.879462,3.305857,3.300363,0.797362,4.896360,4.903060,0.004274
26.880054,1,0.000976,0.220560,0.152245,0.000000,0.000000,0.181523,0.283996,2.768300,0.000061,0.000672,0.003297,0.015263,3.710912,3.299826,1.797312,1.101830,0.604761,1.101464,0.798900,0.879193,3.304026,3.299447,0.797362,4.891000,4.892340,0.003419
26.910054,1,0.000000,0.218608,0.153221,0.000000,0.000000,0.178595,0.283996,1.053740,0.000122,0.000488,0.003358,0.015385,3.711840,3.327664,1.796824,1.107691,0.614285,1.104761,0.801831,0.879193,3.305857,3.299447,0.797655,4.911100,4.920480,0.004274
26.940054,1,0.000000,0.218608,0.156149,0.000000,0.000000,0.181523,0.284972,1.053740,0.000061,0.000977,0.003419,0.016117,3.704416,3.307249,1.797312,1.104761,0.601831,1.104761,0.801831,0.879462,3.305857,3.298531,0.796776,4.892340,4.903060,0.004274
26.970054,1,0.000000,0.220560,0.153221,0.000000,0.000000,0.180547,0.282044,1.562750,0.000183,0.000427,0.003419,0.015140,3.703488,3.292402,1.798777,1.106959,0.606959,1.104761,0.801831,0.879462,3.304942,3.299447,0.797362,4.891000,4.899040,0.004274
27.000054,1,0.000000,0.220560,0.152245,0.000000,0.000000,0.181523,0.285948,1.044810,0.000183,0.000672,0.003358,0.015263,3.711840,3.299826,1.797312,1.104761,0.615018,1.104394,0.799633,0.879193,3.304026,3.299447,0.797948,4.907080,4.919140,0.004274
27.030054,1,0.002928,0.219584,0.152245,0.069291,0.000000,0.180547,0.282044,2.053900,0.000183,0.000427,0.003419,0.014774,3.711840,3.292402,1.798289,1.103296,0.606959,1.102929,0.800365,0.879731,3.305857,3.299447,0.797069,4.892340,4.899040,0.004274
27.060053,1,0.000000,0.222512,0.151269,0.000000,0.000000,0.181523,0.283996,1.553820,0.000305,0.000549,0.003480,0.015263,3.710912,3.293330,1.797312,1.104761,0.600366,1.104761,0.800732,0.879462,3.304026,3.299447,0.796776,4.896360,4.905740,0.004274
27.090054,1,0.000000,0.221536,0.153221,0.000000,0.000000,0.180547,0.283020,1.053740,0.000183,0.000549,0.003358,0.015629,3.711840,3.301682,1.796824,1.103296,0.613186,1.104394,0.801098,0.879193,3.303110,3.299447,0.796776,4.912440,4.919140,0.004274
27.120054,1,0.000976,0.217632,0.152245,0.000000,0.000000,0.179571,0.280092,2.482540,0.000061,0.000549,0.003358,0.015629,3.711840,3.301682,1.797800,1.107691,0.615018,1.100732,0.800732,0.879193,3.305857,3.299447,0.797655,4.886980,4.895020,0.004274
27.150053,1,0.000000,0.221536,0.154197,0.000000,0.006863,0.178595,0.283020,1.562750,0.000061,0.000427,0.003419,0.015629,3.704416,3.292402,1.798289,1.103662,0.601098,1.104761,0.801098,0.879731,3.305857,3.300363,0.796776,4.891000,4.921820,0.004274
27.180054,1,0.000976,0.225440,0.154197,0.000000,0.000000,0.180547,0.284972,1.044810,0.000244,0.000549,0.003419,0.015507,3.704416,3.299826,1.797800,1.106226,0.612454,1.105494,0.801098,0.879462,3.305857,3.300363,0.797362,4.909760,4.909760,0.004274
27.210054,1,0.002928,0.220560,0.152245,0.000000,0.000000,0.180547,0.283996,1.794930,0.000244,0.000549,0.003480,0.015018,3.726687,3.292402,1.798289,1.102197,0.608058,1.102929,0.800732,0.879731,3.304026,3.299447,0.797362,4.882960,4.912440,0.004274
27.240054,1,0.001952,0.218608,0.151269,0.000000,0.000000,0.179571,0.283020,2.214640,0.000183,0.000427,0.003419,0.015263,3.710912,3.294258,1.797800,1.101464,0.604761,1.100732,0.801464,0.879999,3.304942,3.300363,0.797362,4.907080,4.920480,0.004274
27.270054,1,0.000000,0.220560,0.152245,0.000000,0.000000,0.180547,0.284972,1.053740,0.000122,0.000549,0.003419,0.015385,3.726687,3.327664,1.796824,1.102197,0.606593,1.102929,0.800732,0.879193,3.306773,3.299447,0.797655,4.892340,4.897700,0.003419
27.300054,1,0.000000,0.220560,0.151269,0.000000,0.000000,0.181523,0.284972,1.777070,0.000183,0.000427,0.003419,0.015629,3.711840,3.307249,1.798289,1.101464,0.599999,1.104394,0.802930,0.879731,3.305857,3.299447,0.796776,4.876260,4.912440,0.004274
27.330054,1,0.000000,0.220560,0.155173,0.000000,0.000000,0.181523,0.282044,1.044810,0.000122,0.000549,0.003419,0.015873,3.711840,3.294258,1.798289,1.103296,0.615750,1.104394,0.801831,0.879462,3.304026,3.299447,0.796776,4.907080,4.920480,0.004274
27.360054,1,0.000000,0.217632,0.152245,0.000000,0.000000,0.180547,0.283020,1.053740,0.000122,0.000488,0.003358,0.015018,3.719264,3.298898,1.797312,1.101830,0.602564,1.099999,0.802930,0.879462,3.304026,3.300363,0.796776,4.888320,4.893680,0.004274
27.390054,1,0.000000,0.219584,0.153221,0.000000,0.000000,0.179571,0.283996,1.786000,0.000061,0.000427,0.003358,0.015507,3.710912,3.295186,1.798777,1.101464,0.604761,1.102197,0.800732,0.879462,3.304026,3.299447,0.797362,4.897700,4.896360,0.004274
27.420054,1,0.000000,0.222512,0.152245,0.000000,0.000000,0.179571,0.283020,1.053740,0.000183,0.000427,0.003419,0.015263,3.711840,3.355503,1.795847,1.104761,0.614285,1.104394,0.801464,0.879462,3.303110,3.299447,0.797655,4.911100,4.919140,0.003419
27.450054,1,0.002928,0.220560,0.153221,0.000000,0.000000,0.179571,0.283020,2.062830,0.000183,0.000427,0.003419,0.015263,3.719264,3.295186,1.797312,1.110622,0.599999,1.106226,0.801464,0.879193,3.304026,3.299447,0.797655,4.882960,4.904400,0.004274
27.480054,1,0.000976,0.220560,0.153221,0.000000,0.000000,0.178595,0.283996,1.794930,0.000061,0.000977,0.003297,0.015263,3.711840,3.301682,1.798289,1.101830,0.613186,1.100732,0.800365,0.879193,3.303110,3.299447,0.797655,4.911100,4.920480,0.004274
27.510054,1,0.002928,0.220560,0.153221,0.000000,0.000000,0.180547,0.282044,2.777230,0.000061,0.000672,0.003297,0.015873,3.703488,3.307249,1.798289,1.102929,0.606593,1.104761,0.801098,0.879193,3.303110,3.299447,0.797655,4.886980,4.899040,0.004274
27.540054,1,0.000000,0.220560,0.153221,0.000000,0.000000,0.179571,0.283020,1.652050,0.000183,0.000672,0.003297,0.015140,3.711840,3.301682,1.798289,1.104761,0.615018,1.102929,0.800732,0.879462,3.304942,3.299447,0.797655,4.896360,4.892340,0.004274
27.570054,1,0.002928,0.223488,0.152245,0.000000,0.000000,0.181523,0.283996,1.053740,0.000122,0.000549,0.003419,0.015629,3.713696,3.357359,1.796824,1.107691,0.616483,1.104028,0.801464,0.879193,3.304942,3.299447,0.797655,4.909760,4.920480,0.004274
27.600053,1,0.002928,0.220560,0.151269,0.000000,0.000000,0.181523,0.283020,1.562750,0.000183,0.000427,0.003419,0.015507,3.711840,3.307249,1.798289,1.107691,0.602564,1.102929,0.800732,0.879462,3.304942,3.297616,0.797362,4.888320,4.909760,0.003419
27.630054,1,0.000000,0.220560,0.151269,0.000000,0.000000,0.179571,0.282044,2.473610,0.000244,0.000549,0.003358,0.015263,3.715552,3.299826,1.798289,1.101464,0.614285,1.102929,0.800732,0.879462,3.304942,3.299447,0.797655,4.881620,4.921820,0.004274
27.660053,1,0.000976,0.223488,0.152245,0.000000,0.000000,0.181523,0.283020,1.053740,0.000183,0.000427,0.003297,0.015140,3.715552,3.301682,1.796824,1.110622,0.616117,1.105127,0.801831,0.879193,3.303110,3.300363,0.796776,4.907080,4.919140,0.004274
27.690054,1,0.000000,0.219584,0.153221,0.000000,0.000000,0.180547,0.283996,1.535960,0.000061,0.000427,0.003419,0.015629,3.699776,3.303538,1.797800,1.107691,0.601098,1.101098,0.801831,0.879462,3.304942,3.298531,0.797655,4.900380,4.904400,0.004274
27.720054,1,0.000976,0.222512,0.153221,0.000000,0.000000,0.181523,0.282044,1.830650,0.000183,0.000672,0.003297,0.015507,3.697920,3.298898,1.796824,1.103296,0.610622,1.102929,0.800732,0.879462,3.304026,3.299447,0.796776,4.907080,4.920480,0.004274
27.750053,1,0.000000,0.220560,0.154197,0.000000,0.000000,0.179571,0.283020,1.053740,0.000122,0.000549,0.003419,0.015873,3.719264,3.294258,1.798289,1.102197,0.615750,1.100732,0.802930,0.879193,3.304026,3.300363,0.796776,4.907080,4.897700,0.004274
27.780054,1,0.000976,0.220560,0.153221,0.000976,0.002941,0.178595,0.286923,1.544890,0.000183,0.000427,0.003419,0.015140,3.701632,3.301682,1.798289,1.101830,0.601465,1.104394,0.800732,0.879193,3.304942,3.299447,0.797655,4.882960,4.904400,0.004274
27.810054,1,0.000000,0.220560,0.153221,0.000000,0.000000,0.180547,0.284972,1.062670,0.000183,0.000427,0.003419,0.015507,3.711840,3.307249,1.797312,1.110622,0.613186,1.104761,0.801831,0.879462,3.304942,3.299447,0.797362,4.905740,4.920480,0.004274
27.840053,1,0.002928,0.221536,0.152245,0.000000,0.000000,0.192258,0.283020,1.768140,0.000183,0.000427,0.003480,0.015507,3.711840,3.293330,1.796824,1.107691,0.606227,1.102929,0.800732,0.879193,3.304942,3.298531,0.797069,4.900380,4.911100,0.004274
27.870054,1,0.000000,0.220560,0.152245,0.000000,0.000000,0.191282,0.283020,2.116410,0.000183,0.000672,0.003236,0.015385,3.711840,3.301682,1.797312,1.107691,0.605494,1.104394,0.800732,0.879193,3.304942,3.299447,0.798241,4.912440,4.920480,0.004274
27.900054,1,0.001952,0.221536,0.153221,0.000000,0.000000,0.191282,0.285948,1.053740,0.000244,0.000488,0.003358,0.015263,3.711840,3.301682,1.796824,1.107691,0.609523,1.104028,0.799267,0.879193,3.304942,3.299447,0.797655,4.911100,4.904400,0.004274
27.930054,1,0.000976,0.220560,0.152245,0.000000,0.000000,0.195186,0.284972,1.857440,0.000244,0.000549,0.003358,0.015507,3.719264,3.301682,1.797800,1.104761,0.605494,1.104761,0.799267,0.879193,3.304942,3.300363,0.797655,4.903060,4.896360,0.003419
27.960054,1,0.000000,0.219584,0.153221,0.000000,0.000000,0.201042,0.283020,2.009250,0.000183,0.000672,0.003297,0.015263,3.699776,3.299826,1.797800,1.104394,0.610988,1.104761,0.800732,0.879193,3.304942,3.299447,0.797948,4.909760,4.921820,0.004274
27.990053,1,0.000976,0.220560,0.154197,0.000000,0.000000,0.178595,0.282044,1.044810,0.000183,0.000672,0.003358,0.015263,3.711840,3.301682,1.797312,1.106226,0.605860,1.104394,0.800732,0.879999,3.304026,3.299447,0.797362,4.882960,4.907080,0.004274
28.020053,1,0.000000,0.221536,0.152245,0.000000,0.000000,0.181523,0.283996,2.295010,0.000244,0.000672,0.003419,0.015629,3.719264,3.301682,1.797800,1.107691,0.605860,1.104028,0.801464,0.879193,3.304942,3.298531,0.797655,4.881620,4.897700,0.004274
28.050054,1,0.000000,0.224464,0.154197,0.000000,0.000000,0.180547,0.282044,1.750280,0.000183,0.000672,0.003236,0.015629,3.711840,3.299826,1.796824,1.101464,0.611721,1.102929,0.802930,0.879193,3.304942,3.299447,0.797948,4.905740,4.921820,0.004274
28.080053,1,0.000976,0.223488,0.152245,0.000000,0.000000,0.181523,0.282044,1.044810,0.000122,0.000549,0.003419,0.015385,3.711840,3.301682,1.798777,1.104761,0.601098,1.100732,0.800732,0.879731,3.305857,3.300363,0.797362,4.896360,4.907080,0.004274
28.110054,1,0.000000,0.228368,0.153221,0.000000,0.000000,0.180547,0.283020,2.768300,0.000122,0.000549,0.003419,0.015507,3.726687,3.307249,1.797312,1.102563,0.601831,1.104394,0.799633,0.879462,3.304942,3.300363,0.796776,4.888320,4.901720,0.003419
28.140054,1,0.000000,0.217632,0.153221,0.000000,0.000000,0.179571,0.282044,1.062670,0.000244,0.000549,0.003358,0.015507,3.711840,3.301682,1.796824,1.104394,0.615018,1.102929,0.801464,0.879462,3.304026,3.299447,0.796776,4.907080,4.919140,0.004274
28.170053,1,0.000976,0.226416,0.153221,0.000000,0.000000,0.180547,0.283020,1.062670,0.000244,0.000549,0.003419,0.015629,3.715552,3.299826,1.797800,1.101464,0.605494,1.102929,0.800732,0.879462,3.305857,3.300363,0.797362,4.896360,4.903060,0.004274
28.200053,1,0.002928,0.227392,0.153221,0.000000,0.000000,0.180547,0.283020,2.786160,0.000244,0.000549,0.003358,0.015507,3.710912,3.299826,1.797312,1.102197,0.603296,1.102197,0.800732,0.879999,3.304942,3.299447,0.797655,4.889660,4.881620,0.004274
28.230054,1,0.000976,0.234223,0.152245,0.000000,0.000000,0.182499,0.284972,1.053740,0.000183,0.000672,0.003419,0.015140,3.711840,3.294258,1.797312,1.107691,0.613186,1.101098,0.800732,0.878925,3.304026,3.299447,0.797948,4.905740,4.919140,0.004274
28.260053,1,0.000976,0.221536,0.155173,0.000000,0.000000,0.180547,0.283996,1.911020,0.000183,0.000427,0.003419,0.015385,3.711840,3.293330,1.796824,1.105494,0.606593,1.099999,0.802930,0.879462,3.303110,3.299447,0.797655,4.892340,4.900380,0.004274
28.290054,1,0.000000,0.222512,0.153221,0.000000,0.000000,0.180547,0.280092,1.553820,0.000244,0.000549,0.003419,0.015385,3.711840,3.293330,1.798289,1.104394,0.606227,1.102929,0.801098,0.879999,3.303110,3.299447,0.797362,4.891000,4.920480,0.004274
28.320054,1,0.000000,0.221536,0.153221,0.000000,0.000000,0.180547,0.283996,1.062670,0.000061,0.000427,0.003419,0.015385,3.711840,3.289618,1.798289,1.102197,0.613919,1.104028,0.800365,0.879193,3.305857,3.298531,0.797655,4.908420,4.920480,0.004274
28.350054,1,0.000000,0.218608,0.152245,0.000000,0.000000,0.181523,0.283996,2.473610,0.000061,0.000549,0.003358,0.015385,3.726687,3.291474,1.796824,1.104761,0.613552,1.102929,0.802930,0.879999,3.304942,3.299447,0.797362,4.893680,4.892340,0.003419
28.380054,1,0.000000,0.218608,0.152245,0.000000,0.000000,0.191282,0.283020,1.544890,0.000183,0.000427,0.003419,0.015263,3.711840,3.293330,1.796824,1.107325,0.604395,1.101098,0.802197,0.878925,3.304942,3.299447,0.797655,4.911100,4.920480,0.003419
28.410054,1,0.000000,0.217632,0.153221,0.000000,0.000000,0.193234,0.282044,1.035880,0.000183,0.000427,0.003419,0.016606,3.711840,3.295186,1.798289,1.101830,0.605128,1.102929,0.800365,0.879193,3.304942,3.298531,0.797655,4.878940,4.903060,0.004274
28.440053,1,0.000976,0.221536,0.154197,0.000000,0.000000,0.191282,0.283020,1.830650,0.000122,0.000549,0.003419,0.015385,3.719264,3.299826,1.797800,1.101464,0.610256,1.104394,0.801098,0.879731,3.304026,3.300363,0.797069,4.892340,4.881620,0.004274
28.470054,1,0.000000,0.220560,0.154197,0.000000,0.000000,0.193234,0.285948,2.187850,0.000183,0.000427,0.003419,0.015140,3.697920,3.293330,1.797312,1.104394,0.613919,1.100732,0.801464,0.879193,3.304942,3.298531,0.797655,4.912440,4.920480,0.004274
28.500054,1,0.000000,0.220560,0.152245,0.000000,0.000000,0.202017,0.284972,1.044810,0.000122,0.000549,0.003480,0.015629,3.710912,3.355503,1.796824,1.109156,0.602197,1.104028,0.799633,0.879193,3.304942,3.299447,0.797655,4.895020,4.896360,0.004274
28.530054,1,0.000000,0.220560,0.153221,0.000000,0.000000,0.178595,0.283996,1.777070,0.000122,0.000549,0.003419,0.015385,3.711840,3.292402,1.797800,1.104761,0.604761,1.104761,0.801098,0.879462,3.304942,3.297616,0.797655,4.874920,4.911100,0.004274
28.560053,1,0.000000,0.217632,0.153221,0.000000,0.000000,0.180547,0.283996,1.035880,0.000061,0.000427,0.003419,0.015629,3.711840,3.292402,1.797800,1.104394,0.615384,1.104761,0.800732,0.879193,3.305857,3.297616,0.797362,4.907080,4.923160,0.004274
28.590055,1,0.000976,0.218608,0.152245,0.000000,0.000000,0.180547,0.282044,2.053900,0.000183,0.000672,0.003358,0.016117,3.711840,3.301682,1.798289,1.110622,0.601831,1.100732,0.801098,0.879462,3.304942,3.299447,0.797362,4.899040,4.897700,0.004274
28.620053,1,0.000000,0.221536,0.155173,0.000000,0.000000,0.180547,0.284972,1.857440,0.000244,0.000549,0.003358,0.015385,3.697920,3.301682,1.798289,1.103296,0.610622,1.102929,0.801831,0.879193,3.305857,3.299447,0.797362,4.911100,4.921820,0.004274
28.650054,1,0.000000,0.224464,0.153221,0.000000,0.000000,0.179571,0.281068,1.035880,0.000122,0.000549,0.003358,0.015629,3.711840,3.327664,1.796824,1.101830,0.601831,1.100732,0.800732,0.878925,3.304942,3.299447,0.797948,4.888320,4.896360,0.004274
28.680054,1,0.001952,0.230320,0.152245,0.000000,0.000000,0.180547,0.283996,1.750280,0.000122,0.000672,0.003358,0.015018,3.711840,3.293330,1.798777,1.107691,0.602564,1.102929,0.800732,0.878925,3.304942,3.297616,0.797362,4.893680,4.905740,0.004274
28.710054,1,0.000000,0.226416,0.153221,0.000000,0.000000,0.179571,0.283020,1.053740,0.000244,0.000488,0.003480,0.015263,3.711840,3.327664,1.796824,1.102929,0.615750,1.104028,0.800732,0.879462,3.304026,3.299447,0.797362,4.907080,4.919140,0.004274
28.740053,1,0.000000,0.230320,0.153221,0.000000,0.000000,0.179571,0.283996,2.482540,0.000244,0.000733,0.003358,0.015385,3.713696,3.301682,1.796824,1.104394,0.604761,1.104028,0.800365,0.879193,3.304942,3.299447,0.797655,4.881620,4.897700,0.004274
28.770055,1,0.000976,0.234223,0.159077,0.000000,0.000000,0.180547,0.284972,1.875300,0.000244,0.000549,0.003358,0.015018,3.710912,3.301682,1.797800,1.104761,0.600732,1.102929,0.802930,0.879731,3.303110,3.299447,0.797655,4.892340,4.903060,0.004274
28.800053,1,0.000976,0.224464,0.153221,0.000000,0.000000,0.180547,0.281068,1.044810,0.000061,0.000549,0.003419,0.015385,3.711840,3.298898,1.796824,1.101464,0.612820,1.104761,0.798900,0.878925,3.304942,3.299447,0.797655,4.905740,4.920480,0.004274
28.830054,1,0.000000,0.218608,0.154197,0.000000,0.000000,0.180547,0.281068,2.786160,0.000183,0.000427,0.003419,0.015629,3.726687,3.291474,1.797312,1.104761,0.603662,1.104761,0.801464,0.879731,3.304942,3.299447,0.797655,4.889660,4.888320,0.004274
28.860054,1,0.002928,0.222512,0.154197,0.000000,0.000000,0.180547,0.283020,2.473610,0.000183,0.000549,0.003297,0.016117,3.700704,3.298898,1.797800,1.101830,0.612087,1.104028,0.799267,0.879462,3.304026,3.300363,0.797362,4.909760,4.919140,0.004274
28.890054,1,0.002928,0.221536,0.152245,0.000000,0.000000,0.179571,0.282044,1.053740,0.000183,0.000672,0.003358,0.015629,3.711840,3.301682,1.798289,1.104761,0.613186,1.100732,0.798900,0.879193,3.305857,3.299447,0.797655,4.911100,4.903060,0.003419
28.920053,1,0.000000,0.218608,0.151269,0.000000,0.000000,0.177619,0.283020,1.544890,0.000244,0.000549,0.003419,0.015873,3.704416,3.294258,1.797800,1.104394,0.600732,1.104028,0.799633,0.878656,3.305857,3.300363,0.796776,4.891000,4.903060,0.004274
28.950054,1,0.000976,0.221536,0.152245,0.000000,0.000000,0.179571,0.282044,1.062670,0.000061,0.000549,0.003358,0.015385,3.711840,3.327664,1.796824,1.110622,0.613919,1.100732,0.799633,0.879193,3.304942,3.299447,0.797362,4.911100,4.920480,0.003419
28.980054,1,0.000000,0.221536,0.153221,0.000000,0.000000,0.180547,0.283020,1.786000,0.000183,0.000427,0.003358,0.015263,3.711840,3.301682,1.796824,1.104761,0.600366,1.104761,0.801464,0.879999,3.304942,3.299447,0.797362,4.882960,4.907080,0.004274
29.010054,1,0.000000,0.220560,0.153221,0.000000,0.000000,0.180547,0.282044,2.196780,0.000183,0.000672,0.003358,0.015385,3.711840,3.301682,1.796824,1.101830,0.600732,1.104394,0.801831,0.879999,3.304942,3.298531,0.797948,4.888320,4.920480,0.004274
29.040053,1,0.000000,0.223488,0.153221,0.000000,0.000000,0.178595,0.284972,1.044810,0.000244,0.000549,0.003358,0.015629,3.711840,3.301682,1.798777,1.104394,0.616483,1.100732,0.802930,0.879193,3.305857,3.300363,0.796776,4.912440,4.921820,0.004274
29.070054,1,0.001952,0.219584,0.153221,0.000000,0.000000,0.179571,0.283996,1.759210,0.000244,0.000488,0.003358,0.015507,3.711840,3.301682,1.798289,1.107325,0.599999,1.104761,0.801464,0.879193,3.304026,3.300363,0.797069,4.901720,4.909760,0.004274
29.100055,1,0.000976,0.221536,0.152245,0.000000,0.000000,0.178595,0.286923,2.089620,0.000183,0.000427,0.003419,0.015018,3.719264,3.293330,1.797312,1.107691,0.609889,1.101098,0.800732,0.879462,3.305857,3.298531,0.797362,4.911100,4.919140,0.003419
29.130054,1,0.000000,0.222512,0.152245,0.000000,0.000000,0.180547,0.283996,1.044810,0.000061,0.000427,0.003419,0.015263,3.711840,3.327664,1.797312,1.107691,0.614285,1.104028,0.799267,0.879462,3.304026,3.298531,0.796776,4.907080,4.892340,0.004274
29.160054,1,0.000000,0.221536,0.154197,0.000000,0.000000,0.179571,0.284972,1.786000,0.000244,0.000549,0.003419,0.015385,3.699776,3.294258,1.798289,1.102563,0.606593,1.101098,0.800365,0.879193,3.305857,3.298531,0.796776,4.897700,4.899040,0.004274
29.190054,1,0.000000,0.219584,0.153221,0.000000,0.000000,0.179571,0.283996,1.607400,0.000183,0.000427,0.003419,0.015263,3.711840,3.292402,1.797312,1.107691,0.611721,1.104394,0.798900,0.879193,3.304942,3.299447,0.797655,4.911100,4.920480,0.004274
29.220053,1,0.000000,0.217632,0.152245,0.000000,0.000000,0.182499,0.283020,1.044810,0.000183,0.000672,0.003358,0.016117,3.696064,3.299826,1.797800,1.101830,0.606593,1.101464,0.801831,0.879731,3.305857,3.298531,0.797362,4.897700,4.903060,0.004274
29.250054,1,0.000976,0.218608,0.154197,0.000000,0.000000,0.181523,0.283996,1.875300,0.000061,0.000549,0.003297,0.015385,3.711840,3.301682,1.796824,1.104761,0.602197,1.104761,0.802930,0.879193,3.303110,3.299447,0.797655,4.892340,4.899040,0.004274
29.280054,1,0.000000,0.220560,0.153221,0.000000,0.000000,0.179571,0.284972,1.839580,0.000244,0.000549,0.003236,0.015629,3.711840,3.299826,1.798777,1.110622,0.610622,1.100732,0.801831,0.878656,3.305857,3.300363,0.797362,4.912440,4.921820,0.004274
29.310054,1,0.000000,0.219584,0.156149,0.000000,0.000000,0.181523,0.283996,1.053740,0.000244,0.000549,0.003358,0.015385,3.711840,3.299826,1.797800,1.101464,0.602197,1.100732,0.801098,0.879731,3.305857,3.300363,0.797362,4.882960,4.907080,0.004274
29.340054,1,0.004880,0.221536,0.154197,0.000000,0.000000,0.181523,0.283020,2.241430,0.000183,0.000672,0.003419,0.015385,3.715552,3.299826,1.797312,1.102929,0.602564,1.104028,0.800732,0.881074,3.304942,3.299447,0.797948,4.884300,4.899040,0.004274
29.370054,1,0.000000,0.216657,0.154197,0.000000,0.000000,0.179571,0.283020,1.053740,0.000183,0.000427,0.003358,0.015263,3.711840,3.299826,1.797312,1.104761,0.613186,1.104028,0.801464,0.879193,3.304942,3.299447,0.797948,4.908420,4.921820,0.004274
29.400053,1,0.000000,0.221536,0.153221,0.000000,0.000000,0.180547,0.280092,1.035880,0.000122,0.000549,0.003419,0.015385,3.711840,3.301682,1.796824,1.107691,0.603662,1.106226,0.801464,0.879731,3.304942,3.298531,0.797069,4.892340,4.907080,0.004274
29.430054,1,0.001952,0.220560,0.153221,0.000000,0.000000,0.181523,0.282044,2.768300,0.000183,0.000427,0.003358,0.015507,3.710912,3.301682,1.797312,1.107691,0.599999,1.104761,0.800732,0.881074,3.304942,3.299447,0.797948,4.884300,4.899040,0.004274
29.460054,1,0.000000,0.222512,0.152245,0.000000,0.000000,0.179571,0.283996,1.044810,0.000183,0.000427,0.003114,0.015263,3.711840,3.327664,1.796824,1.102929,0.615018,1.100732,0.800732,0.879462,3.304026,3.299447,0.797362,4.907080,4.919140,0.003419
29.490053,1,0.000000,0.218608,0.153221,0.000000,0.000000,0.178595,0.282044,1.768140,0.000244,0.000549,0.003358,0.015629,3.711840,3.301682,1.796824,1.106226,0.604029,1.101098,0.801831,0.879193,3.305857,3.300363,0.797362,4.892340,4.904400,0.004274
29.520054,1,0.001952,0.222512,0.152245,0.000000,0.000000,0.181523,0.283996,1.544890,0.000183,0.000427,0.003480,0.015385,3.711840,3.289618,1.798289,1.104761,0.602930,1.100732,0.800365,0.879731,3.303110,3.299447,0.797655,4.881620,4.921820,0.004274
29.550054,1,0.000000,0.218608,0.153221,0.000000,0.000000,0.179571,0.283996,1.053740,0.000122,0.000488,0.003419,0.015751,3.711840,3.293330,1.797312,1.104761,0.616483,1.099999,0.801098,0.879999,3.304942,3.299447,0.797948,4.907080,4.891000,0.004274
29.580054,1,0.000000,0.221536,0.155173,0.000000,0.000000,0.180547,0.283020,1.982460,0.000183,0.000672,0.003297,0.015873,3.711840,3.301682,1.797312,1.101830,0.613552,1.102197,0.802930,0.879193,3.304942,3.299447,0.797948,4.893680,4.901720,0.003419
29.610054,1,0.001952,0.220560,0.152245,0.022446,0.000000,0.179571,0.284972,1.553820,0.000183,0.000427,0.003419,0.015263,3.711840,3.299826,1.796824,1.104761,0.603662,1.101464,0.801464,0.878925,3.304942,3.299447,0.797362,4.907080,4.921820,0.004274
29.640053,1,0.000000,0.221536,0.153221,0.000000,0.000000,0.179571,0.283020,1.053740,0.000183,0.000427,0.003358,0.016117,3.712768,3.289618,1.796824,1.102197,0.602564,1.105127,0.800365,0.879462,3.304026,3.300363,0.796776,4.876260,4.903060,0.004274
29.670055,1,0.000000,0.221536,0.155173,0.000000,0.000000,0.178595,0.281068,1.812790,0.000183,0.000427,0.003419,0.016117,3.715552,3.307249,1.797800,1.101464,0.601831,1.101098,0.799633,0.879999,3.304942,3.299447,0.797948,4.889660,4.885640,0.004274
29.700053,1,0.000000,0.221536,0.153221,0.000000,0.000000,0.180547,0.283996,1.053740,0.000244,0.000488,0.003419,0.015507,3.711840,3.301682,1.797800,1.101464,0.615018,1.104761,0.800365,0.879731,3.305857,3.298531,0.797655,4.911100,4.911100,0.004274
29.730054,1,0.000000,0.221536,0.151269,0.000000,0.000000,0.180547,0.282044,2.080690,0.000122,0.000549,0.003419,0.015385,3.710912,3.307249,1.797800,1.110622,0.606959,1.103662,0.802930,0.879462,3.304026,3.300363,0.797362,4.897700,4.886980,0.003419
29.760054,1,0.000000,0.222512,0.153221,0.000000,0.000000,0.177619,0.283996,1.866370,0.000244,0.000549,0.003175,0.015507,3.701632,3.301682,1.796824,1.101830,0.609157,1.101098,0.801831,0.879731,3.305857,3.298531,0.797362,4.912440,4.921820,0.004274
29.790053,1,0.000000,0.218608,0.153221,0.000000,0.000000,0.180547,0.283020,1.053740,0.000183,0.000427,0.003358,0.015385,3.719264,3.301682,1.797800,1.104761,0.601831,1.102929,0.800732,0.879462,3.304942,3.300363,0.797362,4.899040,4.907080,0.004274
29.820054,1,0.000000,0.219584,0.153221,0.000000,0.000000,0.190306,0.283020,1.607400,0.000061,0.000427,0.003358,0.015385,3.711840,3.291474,1.796824,1.102197,0.602197,1.104028,0.800732,0.879193,3.304942,3.299447,0.797655,4.886980,4.907080,0.004274
29.850055,1,0.000000,0.220560,0.152245,0.000000,0.000000,0.193234,0.286923,1.044810,0.000061,0.000427,0.003358,0.015385,3.711840,3.301682,1.797800,1.104761,0.615018,1.100732,0.800732,0.878925,3.304942,3.299447,0.797948,4.909760,4.919140,0.004274
29.880054,1,0.000976,0.220560,0.155173,0.000000,0.000000,0.192258,0.280092,1.053740,0.000061,0.000427,0.003114,0.015263,3.711840,3.291474,1.799266,1.104761,0.602930,1.100732,0.800732,0.879193,3.304942,3.299447,0.797362,4.899040,4.899040,0.004274
29.910054,1,0.000000,0.222512,0.152245,0.000000,0.000000,0.191282,0.283020,1.839580,0.000122,0.000549,0.003419,0.015263,3.711840,3.299826,1.797800,1.104761,0.601465,1.102929,0.799633,0.879462,3.305857,3.298531,0.797362,4.896360,4.907080,0.004274
29.940054,1,0.000976,0.219584,0.152245,0.000000,0.000000,0.200066,0.284972,1.062670,0.000183,0.000427,0.003358,0.015140,3.711840,3.301682,1.796824,1.104394,0.613186,1.102929,0.800732,0.879462,3.304026,3.300363,0.797362,4.907080,4.921820,0.004274
29.970054,1,0.000976,0.219584,0.152245,0.000000,0.000000,0.180547,0.283996,1.902090,0.000183,0.000427,0.003419,0.015629,3.715552,3.299826,1.797800,1.101830,0.606227,1.102929,0.801831,0.879731,3.306773,3.299447,0.797655,4.881620,4.900380,0.004274
30.000054,1,0.000000,0.224464,0.152245,0.000000,0.000000,0.178595,0.282044,1.759210,0.000244,0.000549,0.003419,0.015629,3.699776,3.301682,1.796824,1.101464,0.604761,1.100732,0.801098,0.879731,3.303110,3.298531,0.797362,4.892340,4.920480,0.004274
30.030053,1,0.000000,0.221536,0.153221,0.000000,0.000000,0.180547,0.283020,1.062670,0.000061,0.000427,0.003419,0.015629,3.711840,3.299826,1.798289,1.108424,0.615018,1.104761,0.800732,0.879462,3.305857,3.300363,0.797362,4.912440,4.921820,0.003419
30.060054,1,0.000000,0.220560,0.153221,0.000000,0.000000,0.178595,0.282044,2.768300,0.000244,0.000549,0.003297,0.015263,3.699776,3.298898,1.798289,1.104394,0.605128,1.102929,0.801831,0.879462,3.303110,3.299447,0.797655,4.881620,4.900380,0.004274
30.090054,1,0.000000,0.224464,0.156149,0.003904,0.000000,0.178595,0.284972,1.571680,0.000061,0.000549,0.003297,0.015140,3.699776,3.294258,1.798289,1.102929,0.610988,1.104394,0.802930,0.879193,3.305857,3.300363,0.797362,4.909760,4.923160,0.004274
30.120054,1,0.000000,0.227392,0.151269,0.000000,0.000000,0.181523,0.282044,1.044810,0.000061,0.000427,0.003297,0.015263,3.710912,3.301682,1.798289,1.110622,0.614651,1.100732,0.801831,0.878925,3.304026,3.299447,0.797655,4.893680,4.897700,0.003419
30.150054,1,0.002928,0.230320,0.154197,0.000000,0.000000,0.180547,0.303514,1.544890,0.000183,0.000427,0.003480,0.015263,3.719264,3.291474,1.797312,1.108424,0.600732,1.105127,0.799267,0.879462,3.304026,3.300363,0.796776,4.881620,4.899040,0.004274
30.180054,1,0.000000,0.224464,0.151269,0.000000,0.000000,0.181523,0.283996,1.053740,0.000183,0.000427,0.003419,0.015507,3.711840,3.301682,1.797800,1.102929,0.614651,1.101464,0.802930,0.879462,3.304026,3.300363,0.796776,4.908420,4.920480,0.004274
30.210054,1,0.000976,0.233247,0.152245,0.000000,0.000000,0.180547,0.283996,1.794930,0.000244,0.000549,0.003236,0.015629,3.699776,3.307249,1.798289,1.101464,0.609157,1.102563,0.800732,0.879462,3.305857,3.300363,0.797362,4.876260,4.881620,0.004274
30.240054,1,0.000976,0.223488,0.154197,0.000000,0.000000,0.179571,0.284972,2.169990,0.000244,0.000672,0.003358,0.015263,3.713696,3.289618,1.798289,1.104028,0.603662,1.103662,0.800732,0.879193,3.304026,3.299447,0.797362,4.888320,4.920480,0.003419
30.270053,1,0.001952,0.223488,0.153221,0.000000,0.000000,0.181523,0.282044,1.044810,0.000183,0.000427,0.003419,0.016117,3.711840,3.293330,1.797312,1.107691,0.612820,1.103296,0.801464,0.879193,3.303110,3.299447,0.797655,4.911100,4.921820,0.004274
30.300054,1,0.001952,0.221536,0.153221,0.000000,0.000000,0.176643,0.282044,1.803860,0.000244,0.000733,0.003358,0.015507,3.710912,3.298898,1.796824,1.106226,0.606227,1.100732,0.801831,0.879462,3.304026,3.298531,0.797362,4.877600,4.912440,0.003419
30.330055,1,0.000000,0.219584,0.155173,0.000000,0.000000,0.182499,0.283020,2.062830,0.000244,0.000549,0.003297,0.015629,3.719264,3.294258,1.797312,1.102929,0.600732,1.100365,0.799267,0.879731,3.305857,3.297616,0.797362,4.912440,4.920480,0.004274
30.360053,1,0.000000,0.222512,0.153221,0.000000,0.000000,0.193234,0.283020,1.053740,0.000122,0.000488,0.003358,0.015507,3.704416,3.291474,1.797312,1.112087,0.617216,1.104761,0.801831,0.879462,3.304026,3.298531,0.797362,4.907080,4.903060,0.004274
30.390054,1,0.000976,0.218608,0.155173,0.000000,0.000000,0.191282,0.283020,1.768140,0.000122,0.000549,0.003419,0.015018,3.711840,3.293330,1.798289,1.101464,0.606227,1.101098,0.801098,0.879193,3.305857,3.297616,0.797362,4.901720,4.912440,0.004274
30.420055,1,0.000976,0.222512,0.152245,0.000000,0.000000,0.192258,0.282044,2.080690,0.000183,0.000427,0.003419,0.015140,3.711840,3.293330,1.796824,1.110622,0.610988,1.101098,0.800365,0.879193,3.305857,3.298531,0.797655,4.912440,4.921820,0.004274
30.450054,1,0.000976,0.221536,0.155173,0.000000,0.000000,0.193234,0.283996,1.053740,0.000244,0.000549,0.003419,0.015385,3.715552,3.307249,1.798289,1.104761,0.613552,1.099999,0.799267,0.879462,3.305857,3.299447,0.797362,4.909760,4.892340,0.004274
30.480053,1,0.001952,0.222512,0.152245,0.000000,0.000000,0.201042,0.283996,1.786000,0.000183,0.000427,0.003419,0.015507,3.704416,3.289618,1.799266,1.104761,0.604029,1.104761,0.800732,0.879193,3.304942,3.299447,0.797655,4.900380,4.895020,0.004274
30.510055,1,0.000000,0.218608,0.152245,0.000000,0.000000,0.181523,0.282044,1.607400,0.000183,0.000427,0.003419,0.015140,3.704416,3.301682,1.798289,1.107691,0.612820,1.101098,0.799633,0.879462,3.304942,3.299447,0.796776,4.907080,4.920480,0.004274
30.540054,1,0.000976,0.221536,0.153221,0.000000,0.000000,0.181523,0.282044,1.053740,0.000183,0.000427,0.003297,0.015385,3.704416,3.301682,1.796824,1.104394,0.604761,1.104761,0.800732,0.879462,3.304942,3.299447,0.797948,4.882960,4.907080,0.003419
30.570053,1,0.000000,0.220560,0.153221,0.000000,0.000000,0.179571,0.284972,1.794930,0.000183,0.000427,0.003419,0.015263,3.710912,3.298898,1.796824,1.104394,0.600366,1.101098,0.800365,0.879462,3.304026,3.300363,0.796776,4.897700,4.899040,0.003419
30.600054,1,0.000000,0.222512,0.155173,0.000000,0.000000,0.178595,0.282044,1.044810,0.000183,0.000427,0.003236,0.015263,3.711840,3.291474,1.798289,1.107325,0.615018,1.104761,0.799633,0.879193,3.305857,3.299447,0.797655,4.909760,4.920480,0.004274
30.630054,1,0.000000,0.230320,0.154197,0.000000,0.000000,0.179571,0.284972,1.107320,0.000183,0.000427,0.003419,0.015263,3.719264,3.291474,1.797312,1.102197,0.618314,1.102929,0.800365,0.879731,3.303110,3.298531,0.797362,4.892340,4.905740,0.003419
30.660053,1,0.000000,0.225440,0.154197,0.000000,0.000000,0.182499,0.283020,2.768300,0.000183,0.000672,0.003358,0.015263,3.710912,3.301682,1.796824,1.101830,0.602197,1.104028,0.801831,0.879193,3.304942,3.299447,0.797655,4.884300,4.896360,0.004274
30.690055,1,0.000000,0.228368,0.153221,0.000000,0.000000,0.180547,0.283020,1.053740,0.000061,0.000672,0.003358,0.015507,3.711840,3.301682,1.797800,1.102929,0.613186,1.100732,0.801098,0.878925,3.303110,3.299447,0.797655,4.911100,4.920480,0.004274
30.720054,1,0.000000,0.228368,0.153221,0.000000,0.000000,0.178595,0.284972,1.750280,0.000061,0.000427,0.003358,0.015629,3.715552,3.301682,1.796824,1.107325,0.600366,1.102929,0.801831,0.879193,3.305857,3.299447,0.797362,4.893680,4.904400,0.004274
30.750053,1,0.000976,0.232271,0.153221,0.000000,0.000000,0.179571,0.285948,1.535960,0.000244,0.000549,0.003419,0.015507,3.710912,3.295186,1.797312,1.104394,0.602564,1.104761,0.801831,0.879193,3.303110,3.299447,0.797655,4.912440,4.920480,0.004274
30.780053,1,0.000976,0.222512,0.153221,0.000000,0.000000,0.178595,0.283020,1.044810,0.000061,0.000427,0.003419,0.015140,3.711840,3.297970,1.797800,1.106226,0.614651,1.104394,0.798900,0.878925,3.306773,3.299447,0.797655,4.911100,4.893680,0.004274
30.810054,1,0.000000,0.221536,0.153221,0.000000,0.000000,0.180547,0.282044,2.187850,0.000122,0.000549,0.003358,0.015263,3.711840,3.327664,1.796824,1.102929,0.614651,1.104761,0.801098,0.879193,3.304942,3.300363,0.797655,4.892340,4.895020,0.004274
30.840053,1,0.002928,0.221536,0.155173,0.000000,0.000000,0.178595,0.283996,1.053740,0.000183,0.000427,0.003480,0.015385,3.711840,3.291474,1.797312,1.108424,0.615750,1.100732,0.801831,0.879193,3.303110,3.299447,0.797655,4.911100,4.884300,0.003419
30.870055,1,0.000000,0.218608,0.151269,0.000000,0.000000,0.180547,0.286923,2.169990,0.000183,0.000672,0.003419,0.015263,3.700704,3.299826,1.798289,1.107691,0.599999,1.102929,0.801464,0.879462,3.304026,3.300363,0.797362,4.893680,4.893680,0.004274
30.900054,1,0.000000,0.220560,0.152245,0.000000,0.000000,0.179571,0.282044,1.786000,0.000183,0.000427,0.003419,0.015385,3.696064,3.294258,1.797800,1.106226,0.615018,1.104761,0.799267,0.879193,3.303110,3.299447,0.797655,4.912440,4.921820,0.003419
30.930054,1,0.000000,0.235199,0.155173,0.000000,0.000000,0.179571,0.283020,1.044810,0.000122,0.000488,0.003480,0.015263,3.713696,3.293330,1.797312,1.107691,0.605860,1.104761,0.801831,0.879999,3.304942,3.299447,0.797362,4.877600,4.912440,0.004274
30.960056,1,0.000000,0.223488,0.151269,0.000000,0.000000,0.180547,0.283996,2.062830,0.000183,0.000427,0.003419,0.015629,3.719264,3.293330,1.797312,1.106226,0.601098,1.100732,0.800365,0.879462,3.304026,3.299447,0.797655,4.899040,4.897700,0.003419
30.990054,1,0.000000,0.224464,0.155173,0.000000,0.000000,0.179571,0.281068,1.866370,0.000061,0.000549,0.003358,0.015263,3.711840,3.327664,1.796335,1.104394,0.611721,1.102929,0.801831,0.879999,3.304026,3.299447,0.797655,4.907080,4.919140,0.004274
31.020053,1,0.000000,0.286923,0.153221,0.000000,0.000000,0.181523,0.284972,1.053740,0.000183,0.000427,0.003297,0.015629,3.697920,3.297970,1.797800,1.106592,0.601098,1.104028,0.801464,0.879462,3.304026,3.300363,0.797362,4.896360,4.909760,0.004274
31.050055,1,0.000000,0.224464,0.153221,0.000000,0.000000,0.181523,0.284972,2.330730,0.000183,0.000427,0.003419,0.015629,3.711840,3.293330,1.798289,1.107691,0.600366,1.104394,0.801464,0.879193,3.304942,3.299447,0.797948,4.882960,4.907080,0.004274
31.080053,1,0.000000,0.221536,0.154197,0.000000,0.000000,0.180547,0.283996,1.053740,0.000244,0.000488,0.003419,0.016117,3.719264,3.301682,1.797800,1.101830,0.614285,1.100732,0.798900,0.878656,3.305857,3.298531,0.796776,4.908420,4.917800,0.004274
31.110054,1,0.000000,0.222512,0.153221,0.000000,0.000000,0.179571,0.282044,1.044810,0.000122,0.000488,0.003358,0.015385,3.711840,3.327664,1.797312,1.101830,0.604029,1.104761,0.799633,0.879462,3.305857,3.299447,0.796776,4.897700,4.900380,0.004274
31.140054,1,0.000000,0.221536,0.153221,0.000000,0.000000,0.179571,0.283996,1.634190,0.000183,0.000427,0.003419,0.016117,3.711840,3.298898,1.796824,1.101464,0.600366,1.102929,0.801098,0.879462,3.304026,3.299447,0.797362,4.907080,4.919140,0.003419
31.170054,1,0.002928,0.219584,0.153221,0.000000,0.000000,0.177619,0.283020,1.053740,0.000122,0.000549,0.003419,0.015140,3.719264,3.293330,1.798289,1.102197,0.615018,1.102929,0.800365,0.879462,3.303110,3.298531,0.796776,4.892340,4.905740,0.004274
31.200053,1,0.000976,0.220560,0.152245,0.000000,0.000000,0.180547,0.284972,1.553820,0.000183,0.000427,0.003358,0.015385,3.711840,3.295186,1.797312,1.109156,0.604395,1.102929,0.801831,0.879193,3.304942,3.299447,0.797655,4.888320,4.907080,0.004274
31.230054,1,0.000000,0.223488,0.153221,0.000000,0.000000,0.180547,0.284972,2.473610,0.000183,0.000427,0.003419,0.015629,3.719264,3.295186,1.796824,1.108424,0.612820,1.104761,0.801098,0.878925,3.304942,3.299447,0.797948,4.907080,4.920480,0.003419
31.260053,1,0.000976,0.223488,0.154197,0.000000,0.000000,0.180547,0.283996,1.062670,0.000183,0.000427,0.003419,0.015263,3.711840,3.294258,1.797800,1.104394,0.612820,1.104761,0.801831,0.879999,3.304942,3.299447,0.797362,4.896360,4.907080,0.004274
31.290054,1,0.000000,0.222512,0.153221,0.000000,0.000000,0.181523,0.283996,1.544890,0.000122,0.000549,0.003419,0.015629,3.711840,3.292402,1.796824,1.107691,0.601465,1.104394,0.799633,0.879193,3.304942,3.297616,0.797362,4.888320,4.896360,0.004274
31.320054,1,0.002928,0.223488,0.151269,0.000000,0.000000,0.179571,0.283020,1.053740,0.000122,0.000549,0.003419,0.015873,3.715552,3.292402,1.797800,1.107691,0.614285,1.102197,0.801831,0.879462,3.305857,3.298531,0.797362,4.909760,4.920480,0.004274
31.350054,1,0.000000,0.222512,0.151269,0.000000,0.000000,0.181523,0.282044,2.482540,0.000183,0.000672,0.003236,0.015018,3.715552,3.301682,1.797312,1.104761,0.612087,1.102929,0.798900,0.878925,3.304942,3.299447,0.797948,4.895020,4.886980,0.004274
31.380053,1,0.000976,0.224464,0.152245,0.000000,0.000000,0.181523,0.283020,1.544890,0.000183,0.000672,0.003297,0.015263,3.699776,3.299826,1.797312,1.101830,0.602197,1.104028,0.802930,0.879731,3.304942,3.300363,0.796776,4.882960,4.897700,0.003419
31.410054,1,0.000000,0.223488,0.152245,0.000000,0.000000,0.180547,0.282044,1.044810,0.000061,0.000549,0.003297,0.015507,3.711840,3.301682,1.797312,1.109156,0.615018,1.104761,0.799633,0.879462,3.304026,3.300363,0.797362,4.912440,4.920480,0.003419
31.440053,1,0.000976,0.223488,0.152245,0.000000,0.000000,0.179571,0.282044,1.857440,0.000183,0.000427,0.003419,0.015385,3.711840,3.291474,1.798289,1.109156,0.612820,1.102929,0.801098,0.879462,3.303110,3.299447,0.797655,4.886980,4.881620,0.003419
31.470054,1,0.000976,0.224464,0.153221,0.000000,0.000000,0.180547,0.283020,2.214640,0.000122,0.000549,0.003358,0.015873,3.719264,3.298898,1.797800,1.107691,0.602197,1.100732,0.801831,0.879193,3.304942,3.299447,0.797655,4.892340,4.920480,0.003419
31.500054,1,0.000000,0.222512,0.152245,0.000000,0.000000,0.180547,0.283996,1.053740,0.000183,0.000427,0.003419,0.015263,3.715552,3.298898,1.797312,1.102929,0.615018,1.102929,0.802930,0.879462,3.305857,3.298531,0.797362,4.909760,4.920480,0.003419
31.530054,1,0.001952,0.221536,0.153221,0.000000,0.000000,0.180547,0.283996,1.794930,0.000244,0.000549,0.003358,0.015507,3.713696,3.298898,1.797312,1.110622,0.605494,1.104028,0.802930,0.879193,3.303110,3.299447,0.797655,4.881620,4.912440,0.003419
31.560055,1,0.000000,0.223488,0.155173,0.000000,0.000000,0.179571,0.284972,2.169990,0.000183,0.000427,0.003358,0.015263,3.711840,3.293330,1.797312,1.104394,0.604761,1.104028,0.799267,0.879193,3.304942,3.298531,0.797069,4.908420,4.920480,0.004274
31.590054,1,0.002928,0.224464,0.152245,0.000000,0.000000,0.179571,0.283996,1.044810,0.000183,0.000427,0.003297,0.015507,3.711840,3.299826,1.797800,1.104761,0.613186,1.104761,0.802930,0.879193,3.305857,3.300363,0.797362,4.909760,4.920480,0.004274
31.620054,1,0.000976,0.221536,0.154197,0.000000,0.000000,0.178595,0.282044,1.803860,0.000122,0.000549,0.003419,0.015629,3.719264,3.293330,1.798289,1.109156,0.600366,1.104028,0.801831,0.879999,3.304026,3.300363,0.797362,4.874920,4.907080,0.004274
31.650055,1,0.000000,0.222512,0.154197,0.000000,0.000000,0.181523,0.283996,2.071760,0.000061,0.000672,0.003358,0.016117,3.710912,3.293330,1.797312,1.109156,0.604761,1.105127,0.799633,0.878925,3.304942,3.299447,0.797948,4.907080,4.919140,0.004274
31.680054,1,0.000000,0.223488,0.153221,0.000000,0.000000,0.181523,0.284972,1.044810,0.000122,0.000549,0.003358,0.015018,3.711840,3.295186,1.796824,1.106226,0.604761,1.102929,0.800732,0.878925,3.304942,3.298531,0.796776,4.893680,4.893680,0.004274
31.710054,1,0.000976,0.220560,0.153221,0.000000,0.000000,0.178595,0.283020,1.777070,0.000183,0.000672,0.003358,0.015018,3.697920,3.301682,1.798289,1.103296,0.602930,1.101464,0.800732,0.879999,3.304026,3.300363,0.797362,4.901720,4.886980,0.004274
31.740054,1,0.000000,0.223488,0.152245,0.000000,0.000000,0.179571,0.283020,1.616330,0.000183,0.000427,0.003419,0.015263,3.711840,3.291474,1.797312,1.104394,0.614285,1.104761,0.801831,0.879193,3.305857,3.298531,0.796776,4.909760,4.920480,0.004274
31.770054,1,0.000976,0.222512,0.154197,0.000000,0.000000,0.179571,0.282044,1.044810,0.000244,0.000549,0.003419,0.015507,3.719264,3.291474,1.797312,1.104394,0.602564,1.104028,0.801831,0.879462,3.305857,3.299447,0.796776,4.881620,4.903060,0.004274
31.800053,1,0.000000,0.222512,0.152245,0.000000,0.000000,0.184451,0.283996,2.169990,0.000183,0.000549,0.003297,0.015263,3.710912,3.301682,1.796824,1.101830,0.600366,1.104394,0.799633,0.879999,3.305857,3.299447,0.797948,4.900380,4.897700,0.004274
31.830055,1,0.000976,0.222512,0.152245,0.000000,0.000000,0.190306,0.284972,1.044810,0.000183,0.000427,0.003297,0.015140,3.711840,3.301682,1.796824,1.105494,0.615384,1.102929,0.800732,0.879462,3.305857,3.298531,0.797362,4.911100,4.920480,0.004274
31.860053,1,0.000000,0.224464,0.153221,0.000000,0.000000,0.192258,0.283996,2.402170,0.000122,0.000549,0.003419,0.015018,3.711840,3.307249,1.796824,1.107691,0.604761,1.104761,0.800365,0.879462,3.305857,3.299447,0.796776,4.896360,4.903060,0.003419
31.890054,1,0.002928,0.222512,0.153221,0.000000,0.000000,0.194210,0.283996,2.777230,0.000183,0.000672,0.003358,0.015385,3.710912,3.301682,1.796824,1.107691,0.599999,1.102929,0.801464,0.879193,3.304942,3.299447,0.797948,4.893680,4.920480,0.004274
31.920054,1,0.002928,0.222512,0.151269,0.000000,0.000000,0.202017,0.283996,1.062670,0.000183,0.000427,0.003419,0.015507,3.711840,3.291474,1.798289,1.108424,0.612820,1.104761,0.800365,0.879193,3.303110,3.299447,0.797362,4.909760,4.921820,0.004274
31.950053,1,0.000976,0.223488,0.155173,0.000000,0.000000,0.177619,0.283020,1.768140,0.000183,0.000427,0.003358,0.015263,3.704416,3.291474,1.796824,1.109889,0.601098,1.104028,0.801098,0.879462,3.305857,3.298531,0.797362,4.892340,4.907080,0.004274
31.980054,1,0.000000,0.221536,0.155173,0.000000,0.000000,0.179571,0.282044,1.062670,0.000183,0.000977,0.003297,0.015140,3.700704,3.299826,1.797800,1.101464,0.612454,1.104761,0.800732,0.879462,3.303110,3.299447,0.797655,4.911100,4.920480,0.004274
32.010054,1,0.000000,0.224464,0.152245,0.000976,0.000000,0.178595,0.284972,1.544890,0.000183,0.000427,0.003358,0.015263,3.697920,3.311889,1.798289,1.101464,0.603296,1.104761,0.801098,0.879731,3.304026,3.300363,0.796776,4.876260,4.904400,0.003419
32.040054,1,0.000000,0.222512,0.153221,0.000000,0.000000,0.181523,0.284972,1.803860,0.000061,0.000549,0.003297,0.015140,3.711840,3.298898,1.796824,1.104761,0.613186,1.101098,0.801098,0.879462,3.307689,3.300363,0.797362,4.911100,4.917800,0.004274
32.070053,1,0.000000,0.232271,0.151269,0.000000,0.000000,0.179571,0.282044,1.062670,0.000183,0.000672,0.003358,0.015263,3.703488,3.301682,1.796824,1.104761,0.611721,1.104761,0.801098,0.879731,3.304026,3.300363,0.796776,4.908420,4.876260,0.003419
32.100053,1,0.000000,0.230320,0.152245,0.000000,0.000000,0.180547,0.283996,2.223570,0.000244,0.000549,0.003358,0.015629,3.711840,3.297970,1.796824,1.107325,0.602197,1.102929,0.799633,0.879193,3.304942,3.298531,0.797655,4.892340,4.907080,0.003419
32.130055,1,0.000976,0.240079,0.153221,0.000000,0.000000,0.179571,0.282044,1.786000,0.000122,0.000549,0.003358,0.015507,3.710912,3.298898,1.796824,1.104394,0.611721,1.099999,0.802930,0.879193,3.303110,3.299447,0.797655,4.909760,4.919140,0.003419
32.160054,1,0.000000,0.230320,0.152245,0.000000,0.000000,0.181523,0.283996,1.044810,0.000183,0.000977,0.003358,0.015385,3.711840,3.325809,1.796335,1.109156,0.600366,1.105127,0.799633,0.879462,3.304026,3.299447,0.797069,4.872240,4.912440,0.004274
32.190054,1,0.000976,0.237151,0.151269,0.000000,0.000000,0.180547,0.283020,1.866370,0.000061,0.000549,0.003297,0.015263,3.700704,3.298898,1.797800,1.107691,0.605128,1.101098,0.800365,0.879193,3.304942,3.299447,0.797655,4.881620,4.886980,0.003419
32.220054,1,0.000000,0.229344,0.152245,0.000000,0.000000,0.181523,0.283020,1.857440,0.000183,0.000427,0.003297,0.015018,3.696064,3.299826,1.797312,1.104761,0.615750,1.104394,0.800732,0.879193,3.305857,3.299447,0.797655,4.909760,4.920480,0.004274
32.250054,1,0.000000,0.220560,0.154197,0.000000,0.000000,0.179571,0.282044,1.044810,0.000122,0.000549,0.003419,0.015263,3.711840,3.307249,1.797800,1.102563,0.602930,1.102563,0.800732,0.879731,3.307689,3.300363,0.797362,4.874920,4.909760,0.004274
32.280054,1,0.003904,0.223488,0.153221,0.000000,0.000000,0.178595,0.281068,2.071760,0.000183,0.000427,0.003236,0.015629,3.715552,3.293330,1.798289,1.102197,0.602564,1.104761,0.800732,0.879731,3.307689,3.299447,0.797362,4.882960,4.917800,0.004274
32.310053,1,0.000000,0.219584,0.153221,0.000000,0.000000,0.180547,0.283020,1.044810,0.000183,0.000427,0.003419,0.015263,3.711840,3.299826,1.797312,1.107691,0.614651,1.104028,0.800732,0.878925,3.305857,3.299447,0.797948,4.893680,4.904400,0.003419
32.340053,1,0.000000,0.221536,0.153221,0.000000,0.000000,0.193234,0.283020,2.366450,0.000122,0.000549,0.003419,0.015018,3.711840,3.299826,1.797800,1.104761,0.606593,1.101098,0.803296,0.879462,3.305857,3.298531,0.796776,4.888320,4.897700,0.003419
32.370054,1,0.001952,0.223488,0.151269,0.000000,0.000000,0.193234,0.283020,2.036040,0.000183,0.000427,0.003419,0.015629,3.711840,3.294258,1.798289,1.107691,0.612087,1.100732,0.799633,0.879193,3.304942,3.299447,0.797362,4.907080,4.920480,0.004274
32.400053,1,0.000000,0.221536,0.154197,0.000000,0.000000,0.192258,0.282044,1.062670,0.000244,0.000549,0.003419,0.015873,3.713696,3.301682,1.797312,1.108058,0.601831,1.102197,0.800365,0.879193,3.303110,3.299447,0.797655,4.892340,4.907080,0.004274
32.430054,1,0.000000,0.223488,0.152245,0.000000,0.000000,0.190306,0.284972,2.723650,0.000122,0.000549,0.003419,0.015629,3.726687,3.293330,1.796824,1.107325,0.604761,1.104394,0.801831,0.879999,3.304942,3.299447,0.797362,4.888320,4.907080,0.004274
32.460054,1,0.000000,0.222512,0.154197,0.000000,0.000000,0.203969,0.283020,1.062670,0.000244,0.000549,0.003419,0.015018,3.711840,3.292402,1.797800,1.102197,0.613186,1.106226,0.800732,0.879193,3.304942,3.299447,0.797655,4.905740,4.920480,0.004274
32.490054,1,0.000000,0.223488,0.154197,0.000000,0.000000,0.180547,0.281068,1.062670,0.000183,0.000427,0.003236,0.015018,3.697920,3.291474,1.796824,1.104394,0.604761,1.106226,0.803296,0.879193,3.303110,3.299447,0.797655,4.892340,4.904400,0.004274
32.520053,1,0.000000,0.223488,0.153221,0.000000,0.000000,0.178595,0.283020,1.544890,0.000244,0.000733,0.003419,0.015263,3.711840,3.292402,1.798777,1.102197,0.600366,1.104028,0.799633,0.879462,3.304942,3.300363,0.797362,4.891000,4.893680,0.004274
32.550054,1,0.000976,0.222512,0.155173,0.000000,0.000000,0.178595,0.282044,1.071600,0.000244,0.000549,0.003419,0.015140,3.719264,3.292402,1.797800,1.107691,0.615018,1.104761,0.800365,0.879462,3.304026,3.299447,0.797362,4.907080,4.919140,0.003419
32.580053,1,0.000000,0.224464,0.154197,0.000000,0.000000,0.178595,0.286923,1.732420,0.000122,0.000549,0.003358,0.015018,3.711840,3.291474,1.796335,1.105494,0.614285,1.104394,0.799633,0.879462,3.304942,3.297616,0.797362,4.896360,4.897700,0.003419
32.610054,1,0.000000,0.231295,0.157125,0.053676,0.000000,0.179571,0.281068,1.544890,0.000183,0.000427,0.003358,0.015140,3.700704,3.293330,1.798289,1.108424,0.602930,1.100732,0.799633,0.879999,3.304942,3.297616,0.797655,4.899040,4.907080,0.004274
32.640054,1,0.000976,0.231295,0.154197,0.000000,0.000000,0.180547,0.283020,1.062670,0.000244,0.000549,0.003358,0.015385,3.711840,3.298898,1.796824,1.101830,0.615018,1.104028,0.800365,0.879193,3.303110,3.299447,0.797655,4.911100,4.919140,0.004274
32.670054,1,0.000000,0.230320,0.154197,0.000000,0.000000,0.181523,0.283996,2.491470,0.000061,0.000549,0.003175,0.015018,3.711840,3.299826,1.796824,1.105127,0.599999,1.100732,0.799267,0.879462,3.304026,3.300363,0.796776,4.896360,4.896360,0.003419
32.700054,1,0.000976,0.233247,0.152245,0.000000,0.000000,0.179571,0.283020,2.125340,0.000183,0.000672,0.003358,0.015507,3.699776,3.301682,1.798289,1.101464,0.601098,1.099999,0.802930,0.879999,3.305857,3.299447,0.797655,4.893680,4.920480,0.004274
32.730054,1,0.000000,0.234223,0.154197,0.000000,0.000000,0.182499,0.283020,1.053740,0.000183,0.000427,0.003419,0.015629,3.711840,3.291474,1.798289,1.107691,0.614285,1.104761,0.801831,0.878656,3.303110,3.298531,0.797362,4.909760,4.920480,0.004274
32.760054,1,0.000976,0.224464,0.155173,0.000000,0.000000,0.179571,0.280092,1.857440,0.000122,0.000549,0.003419,0.015263,3.711840,3.299826,1.797312,1.107691,0.612454,1.101098,0.801831,0.879731,3.303110,3.299447,0.796776,4.886980,4.884300,0.004274
32.790054,1,0.000000,0.221536,0.154197,0.000000,0.000000,0.180547,0.283020,2.161060,0.000061,0.000549,0.003358,0.015385,3.711840,3.301682,1.797800,1.107691,0.605128,1.102197,0.800365,0.879193,3.305857,3.299447,0.797362,4.911100,4.920480,0.004274
32.820053,1,0.002928,0.224464,0.155173,0.000000,0.000000,0.180547,0.287899,1.044810,0.000122,0.000549,0.003419,0.015629,3.711840,3.299826,1.798289,1.102929,0.612454,1.100732,0.800732,0.879193,3.304026,3.299447,0.797069,4.892340,4.907080,0.003419
32.850054,1,0.000000,0.218608,0.154197,0.000000,0.000000,0.181523,0.284972,1.777070,0.000122,0.000488,0.003480,0.015873,3.711840,3.357359,1.796824,1.103296,0.606227,1.106226,0.799633,0.879193,3.304942,3.299447,0.797655,4.877600,4.911100,0.004274
32.880054,1,0.000000,0.224464,0.153221,0.000000,0.000000,0.179571,0.281068,2.080690,0.000183,0.000672,0.003297,0.015263,3.711840,3.297970,1.796824,1.110622,0.612454,1.104028,0.800365,0.878656,3.304026,3.300363,0.797362,4.909760,4.920480,0.003419
32.910054,1,0.000000,0.222512,0.153221,0.000000,0.000000,0.182499,0.283996,1.053740,0.000244,0.000549,0.003480,0.015629,3.703488,3.293330,1.798289,1.107691,0.611721,1.106226,0.800732,0.879193,3.304942,3.299447,0.797948,4.888320,4.886980,0.004274
32.940054,1,0.000976,0.218608,0.154197,0.000000,0.000000,0.179571,0.283996,1.786000,0.000244,0.000549,0.003358,0.015873,3.710912,3.298898,1.796824,1.102563,0.604395,1.101464,0.801831,0.879193,3.304942,3.299447,0.797948,4.899040,4.897700,0.004274
32.970055,1,0.000976,0.224464,0.153221,0.000000,0.000000,0.181523,0.282044,1.053740,0.000061,0.000549,0.003297,0.015385,3.696064,3.299826,1.797800,1.104394,0.615018,1.104761,0.801098,0.879999,3.304942,3.299447,0.797362,4.907080,4.920480,0.004274
33.000054,1,0.000000,0.222512,0.154197,0.000000,0.000000,0.180547,0.283020,2.107480,0.000183,0.000672,0.003297,0.015140,3.711840,3.299826,1.796335,1.104761,0.605494,1.104028,0.801464,0.879999,3.304026,3.299447,0.797069,4.882960,4.903060,0.004274
33.030054,1,0.000000,0.222512,0.153221,0.000000,0.000000,0.180547,0.283020,2.223570,0.000183,0.000549,0.003297,0.015263,3.701632,3.297970,1.796824,1.107691,0.601098,1.104028,0.801098,0.879462,3.304942,3.298531,0.797069,4.886980,4.920480,0.003419
33.060053,1,0.000000,0.221536,0.153221,0.000000,0.000000,0.180547,0.283020,1.053740,0.000122,0.000549,0.003419,0.015018,3.711840,3.299826,1.796824,1.104761,0.615018,1.102929,0.801098,0.879193,3.303110,3.299447,0.797655,4.911100,4.920480,0.004274
33.090054,1,0.000000,0.222512,0.154197,0.000000,0.000000,0.182499,0.283020,1.634190,0.000183,0.000427,0.003358,0.015263,3.711840,3.357359,1.797800,1.110622,0.601098,1.100732,0.800732,0.879462,3.305857,3.299447,0.797362,4.893680,4.907080,0.004274
33.120053,1,0.000000,0.222512,0.153221,0.000000,0.000000,0.181523,0.284972,1.053740,0.000183,0.000427,0.003358,0.015263,3.711840,3.291474,1.798289,1.104028,0.615384,1.100732,0.799633,0.879462,3.304026,3.300363,0.796776,4.911100,4.920480,0.003419
33.150054,1,0.002928,0.224464,0.154197,0.000000,0.000000,0.178595,0.283996,1.553820,0.000183,0.000427,0.003236,0.015873,3.711840,3.295186,1.798289,1.104761,0.602197,1.104761,0.799267,0.879731,3.303110,3.298531,0.797655,4.886980,4.886980,0.004274
33.180054,1,0.000000,0.222512,0.153221,0.000000,0.000000,0.178595,0.283996,1.848510,0.000183,0.000427,0.003358,0.016117,3.719264,3.293330,1.798289,1.101830,0.609157,1.102929,0.801831,0.879999,3.304942,3.299447,0.797362,4.884300,4.912440,0.004274
33.210054,1,0.000000,0.224464,0.154197,0.000000,0.000000,0.179571,0.283020,1.044810,0.000183,0.000427,0.003419,0.015385,3.704416,3.294258,1.796824,1.101464,0.614651,1.104028,0.801098,0.879193,3.304026,3.299447,0.796776,4.905740,4.920480,0.004274
33.240054,1,0.000000,0.225440,0.152245,0.000000,0.003431,0.182499,0.282044,1.544890,0.000183,0.000427,0.003297,0.015263,3.699776,3.294258,1.797312,1.104761,0.605494,1.102929,0.800732,0.879731,3.303110,3.299447,0.796776,4.886980,4.904400,0.004274
33.270054,1,0.000000,0.222512,0.153221,0.000000,0.000000,0.179571,0.283996,1.794930,0.000183,0.000427,0.003358,0.015263,3.715552,3.301682,1.798289,1.104761,0.612454,1.104761,0.800365,0.879462,3.304026,3.300363,0.796776,4.909760,4.920480,0.003419
33.300053,1,0.000000,0.224464,0.155173,0.000000,0.000000,0.179571,0.283996,1.062670,0.000244,0.000549,0.003419,0.015629,3.719264,3.292402,1.798777,1.107691,0.614285,1.104394,0.801464,0.879193,3.305857,3.298531,0.797655,4.908420,4.884300,0.003419
33.330054,1,0.000000,0.221536,0.153221,0.000000,0.000000,0.180547,0.283020,2.303940,0.000122,0.000549,0.003358,0.015263,3.698848,3.291474,1.798289,1.105860,0.606593,1.104761,0.801831,0.879193,3.304942,3.299447,0.797655,4.895020,4.907080,0.004274
33.360054,1,0.000000,0.222512,0.153221,0.000000,0.000000,0.179571,0.283020,1.777070,0.000183,0.000427,0.003297,0.015263,3.711840,3.301682,1.796824,1.104394,0.611355,1.104761,0.801464,0.878925,3.304026,3.299447,0.797362,4.907080,4.920480,0.004274
33.390054,1,0.000000,0.223488,0.152245,0.000000,0.000000,0.180547,0.283996,1.053740,0.000183,0.000427,0.003419,0.015018,3.711840,3.293330,1.796824,1.109889,0.609889,1.102197,0.800732,0.879193,3.303110,3.300363,0.797362,4.896360,4.876260,0.004274
33.420054,1,0.000976,0.223488,0.153221,0.000000,0.000000,0.178595,0.285948,2.196780,0.000244,0.000549,0.003236,0.015385,3.697920,3.307249,1.798777,1.108058,0.601098,1.102197,0.799633,0.879999,3.304942,3.299447,0.797362,4.893680,4.889660,0.004274
33.450054,1,0.002928,0.224464,0.153221,0.000000,0.000000,0.182499,0.283020,1.053740,0.000122,0.000611,0.003419,0.015018,3.711840,3.293330,1.798289,1.102197,0.613552,1.102929,0.799267,0.879193,3.304026,3.299447,0.797948,4.907080,4.904400,0.004274
33.480053,1,0.000000,0.223488,0.154197,0.000000,0.000000,0.179571,0.283020,1.875300,0.000244,0.000549,0.003419,0.015507,3.696064,3.307249,1.798289,1.109156,0.605128,1.101098,0.801098,0.879193,3.304942,3.299447,0.797655,4.900380,4.899040,0.004274
33.510054,1,0.000000,0.224464,0.155173,0.000000,0.000000,0.180547,0.282044,2.303940,0.000061,0.000427,0.003358,0.015018,3.726687,3.293330,1.797312,1.103296,0.609889,1.102929,0.800732,0.879193,3.304026,3.299447,0.796776,4.907080,4.919140,0.003419
33.540053,1,0.001952,0.223488,0.153221,0.000000,0.000000,0.182499,0.283996,1.053740,0.000061,0.000427,0.003358,0.015263,3.711840,3.293330,1.796824,1.106226,0.601831,1.104394,0.799633,0.879999,3.304026,3.299447,0.797948,4.886980,4.903060,0.004274
33.570054,1,0.000000,0.221536,0.155173,0.000000,0.000000,0.177619,0.293755,2.384310,0.000122,0.000549,0.003419,0.015140,3.715552,3.294258,1.797800,1.103296,0.604761,1.105127,0.801831,0.879462,3.303110,3.300363,0.797362,4.885640,4.903060,0.004274
33.600054,1,0.002928,0.223488,0.154197,0.000000,0.000000,0.177619,0.282044,2.053900,0.000061,0.000427,0.003419,0.016117,3.711840,3.292402,1.798289,1.108058,0.612087,1.104761,0.800732,0.879731,3.305857,3.300363,0.796776,4.909760,4.920480,0.004274
33.630054,1,0.000000,0.223488,0.153221,0.000000,0.000000,0.179571,0.283996,1.044810,0.000183,0.000427,0.003419,0.016117,3.704416,3.294258,1.797800,1.102197,0.605128,1.102929,0.800732,0.879462,3.304026,3.300363,0.796776,4.893680,4.897700,0.004274
33.660053,1,0.000000,0.222512,0.153221,0.000000,0.000000,0.179571,0.283020,2.786160,0.000183,0.000427,0.003419,0.015140,3.703488,3.298898,1.797800,1.107691,0.602197,1.102929,0.801098,0.879731,3.304942,3.298531,0.797655,4.881620,4.903060,0.003419
33.690056,1,0.000976,0.225440,0.152245,0.000000,0.000000,0.177619,0.283996,1.053740,0.000244,0.000549,0.003419,0.015018,3.713696,3.311889,1.796824,1.107691,0.614285,1.103662,0.800365,0.879462,3.304942,3.300363,0.797362,4.908420,4.923160,0.004274
33.720054,1,0.000000,0.223488,0.155173,0.000000,0.000000,0.178595,0.282044,1.053740,0.000061,0.000427,0.003419,0.015018,3.719264,3.293330,1.797312,1.110622,0.602197,1.104028,0.800732,0.879731,3.305857,3.298531,0.796776,4.896360,4.903060,0.004274
33.750054,1,0.000000,0.224464,0.152245,0.000000,0.000000,0.179571,0.283020,1.553820,0.000061,0.000549,0.003297,0.015263,3.719264,3.298898,1.797800,1.107691,0.601098,1.104761,0.801831,0.879462,3.304942,3.299447,0.797948,4.888320,4.911100,0.004274
33.780054,1,0.000000,0.222512,0.155173,0.000000,0.000000,0.180547,0.283020,1.053740,0.000061,0.000672,0.003419,0.015018,3.711840,3.294258,1.795847,1.109156,0.615018,1.101098,0.801098,0.879731,3.305857,3.298531,0.797362,4.912440,4.920480,0.004274
33.810054,1,0.000000,0.223488,0.154197,0.000000,0.000000,0.192258,0.285948,1.053740,0.000122,0.000549,0.003419,0.015507,3.701632,3.307249,1.798777,1.107325,0.604029,1.104394,0.799633,0.879462,3.305857,3.299447,0.797362,4.896360,4.903060,0.003419
33.840054,1,0.000000,0.222512,0.188355,0.000000,0.000000,0.191282,0.283020,1.544890,0.000061,0.000549,0.003358,0.015873,3.700704,3.299826,1.797800,1.108424,0.601831,1.106226,0.801831,0.879462,3.303110,3.299447,0.797655,4.878940,4.904400,0.004274
33.870054,1,0.000000,0.223488,0.153221,0.000000,0.000000,0.192258,0.283020,1.053740,0.000122,0.000549,0.003419,0.015140,3.711840,3.357359,1.796824,1.102197,0.616117,1.104761,0.800365,0.879462,3.303110,3.299447,0.797655,4.911100,4.920480,0.004274
33.900053,1,0.000000,0.223488,0.154197,0.000000,0.000000,0.200066,0.283020,2.482540,0.000122,0.000488,0.003358,0.015629,3.711840,3.301682,1.798289,1.104761,0.615018,1.102197,0.800732,0.879731,3.305857,3.298531,0.796776,4.892340,4.900380,0.003419
33.930054,1,0.000976,0.221536,0.154197,0.000000,0.004902,0.185427,0.283996,1.553820,0.000122,0.000549,0.003419,0.015629,3.697920,3.293330,1.797312,1.102563,0.604761,1.104761,0.799633,0.879999,3.304026,3.299447,0.797948,4.904400,4.919140,0.003419
33.960055,1,0.002928,0.232271,0.153221,0.000000,0.000000,0.178595,0.282044,1.053740,0.000244,0.000488,0.003358,0.015140,3.713696,3.298898,1.798289,1.109156,0.615018,1.100732,0.802930,0.879462,3.303110,3.299447,0.797655,4.909760,4.905740,0.004274
33.990053,1,0.001952,0.221536,0.152245,0.000000,0.000000,0.180547,0.283996,1.812790,0.000061,0.000427,0.003358,0.016117,3.711840,3.301682,1.798289,1.110622,0.609157,1.102929,0.800732,0.879999,3.304942,3.299447,0.797948,4.896360,4.886980,0.004274
34.020054,1,0.000976,0.219584,0.154197,0.000000,0.000000,0.179571,0.286923,2.187850,0.000183,0.000427,0.003541,0.015263,3.726687,3.357359,1.796824,1.101464,0.606593,1.104028,0.800365,0.879193,3.304942,3.299447,0.797655,4.909760,4.920480,0.003419
34.050054,1,0.002928,0.215681,0.154197,0.000000,0.000000,0.180547,0.284972,1.062670,0.000061,0.000427,0.003419,0.015507,3.711840,3.298898,1.796335,1.101464,0.604029,1.100732,0.799267,0.879462,3.304026,3.299447,0.797655,4.893680,4.892340,0.003419
34.080053,1,0.000000,0.223488,0.153221,0.000000,0.000000,0.179571,0.282044,1.777070,0.000244,0.000488,0.003358,0.015140,3.704416,3.298898,1.796824,1.104761,0.605494,1.100365,0.802930,0.879462,3.304942,3.298531,0.797655,4.870900,4.908420,0.004274
34.110054,1,0.000976,0.227392,0.152245,0.000000,0.000000,0.179571,0.283996,1.044810,0.000183,0.000427,0.003419,0.015507,3.711840,3.294258,1.797312,1.102197,0.611721,1.101098,0.799633,0.879193,3.304942,3.299447,0.797655,4.905740,4.920480,0.004274
34.140053,1,0.000000,0.226416,0.154197,0.000000,0.000000,0.179571,0.283996,1.053740,0.000183,0.000427,0.003419,0.015629,3.711840,3.301682,1.796824,1.102929,0.600366,1.101098,0.800732,0.879462,3.304026,3.299447,0.797362,4.888320,4.891000,0.004274
34.170054,1,0.000000,0.233247,0.153221,0.000000,0.000000,0.180547,0.284972,1.794930,0.000061,0.000549,0.003358,0.015018,3.719264,3.311889,1.797312,1.107325,0.599999,1.102929,0.801831,0.879193,3.304942,3.297616,0.797948,4.895020,4.920480,0.004274
34.200053,1,0.000000,0.230320,0.154197,0.000000,0.000000,0.179571,0.281068,1.053740,0.000183,0.000427,0.003419,0.015018,3.711840,3.295186,1.798289,1.101464,0.615018,1.102929,0.800732,0.878925,3.304942,3.299447,0.797655,4.903060,4.919140,0.003419
34.230054,1,0.000000,0.217632,0.155173,0.000000,0.000000,0.180547,0.280092,1.616330,0.000244,0.000549,0.003297,0.015873,3.711840,3.301682,1.796824,1.104761,0.604029,1.103662,0.801464,0.879462,3.305857,3.298531,0.797655,4.892340,4.903060,0.004274
34.260054,1,0.000000,0.227392,0.152245,0.000000,0.000000,0.179571,0.283996,1.062670,0.000061,0.000672,0.003358,0.015385,3.711840,3.301682,1.797312,1.110622,0.613552,1.102929,0.801098,0.878925,3.304942,3.299447,0.797948,4.909760,4.920480,0.004274
34.290054,1,0.000000,0.224464,0.151269,0.000000,0.000000,0.180547,0.281068,2.777230,0.000183,0.000427,0.003297,0.015385,3.719264,3.301682,1.796824,1.102197,0.606593,1.100732,0.800365,0.879193,3.303110,3.298531,0.797362,4.886980,4.899040,0.004274
34.320054,1,0.000000,0.215681,0.154197,0.000000,0.000000,0.181523,0.317177,1.723490,0.000122,0.000549,0.003419,0.015385,3.719264,3.292402,1.798289,1.106226,0.611355,1.104761,0.799633,0.878656,3.304026,3.300363,0.796776,4.896360,4.897700,0.004274
34.350054,1,0.000000,0.281068,0.151269,0.000000,0.000000,0.190306,0.282044,1.035880,0.000244,0.000549,0.003419,0.015140,3.715552,3.303538,1.798289,1.107691,0.615018,1.104028,0.799633,0.879193,3.304942,3.298531,0.797655,4.911100,4.920480,0.004274
34.380053,1,0.000000,0.221536,0.152245,0.000000,0.000000,0.191282,0.280092,1.553820,0.000122,0.000549,0.003297,0.015629,3.719264,3.307249,1.796824,1.108424,0.604761,1.100732,0.800732,0.879462,3.304026,3.300363,0.796776,4.891000,4.909760,0.004274
34.410054,1,0.000000,0.220560,0.153221,0.000000,0.000000,0.189330,0.284972,2.482540,0.000061,0.000549,0.003297,0.015385,3.722976,3.294258,1.796824,1.104394,0.613919,1.102929,0.801464,0.879731,3.303110,3.300363,0.797362,4.886980,4.920480,0.003419
34.440053,1,0.000000,0.221536,0.152245,0.000000,0.000000,0.202993,0.281068,1.044810,0.000122,0.000549,0.003419,0.015385,3.711840,3.301682,1.796824,1.101464,0.613919,1.104761,0.802930,0.879193,3.304942,3.299447,0.797948,4.905740,4.920480,0.003419
34.470054,1,0.001952,0.220560,0.152245,0.000000,0.000000,0.181523,0.283996,1.562750,0.000122,0.000549,0.003358,0.015385,3.711840,3.301682,1.795847,1.101464,0.599999,1.101098,0.800732,0.879193,3.304026,3.299447,0.797948,4.878940,4.904400,0.003419
34.500054,1,0.000000,0.221536,0.153221,0.000000,0.000000,0.180547,0.284972,1.812790,0.000183,0.000427,0.003419,0.015263,3.711840,3.299826,1.798289,1.101830,0.611721,1.104761,0.801098,0.879193,3.304026,3.299447,0.797948,4.907080,4.920480,0.004274
34.530054,1,0.000976,0.221536,0.152245,0.000000,0.000000,0.181523,0.282044,1.044810,0.000244,0.000549,0.003297,0.015507,3.711840,3.301682,1.798289,1.110622,0.613919,1.102929,0.800732,0.879731,3.304942,3.300363,0.797069,4.896360,4.893680,0.004274
34.560054,1,0.000000,0.220560,0.152245,0.000000,0.000000,0.181523,0.295707,2.169990,0.000122,0.000488,0.003358,0.015629,3.703488,3.325809,1.797800,1.103296,0.603296,1.104761,0.799633,0.879193,3.304942,3.299447,0.797655,4.895020,4.892340,0.003419
34.590054,1,0.000000,0.221536,0.152245,0.000000,0.000000,0.179571,0.283996,1.053740,0.000122,0.000549,0.003358,0.015018,3.715552,3.294258,1.797312,1.107691,0.616483,1.102929,0.801831,0.879462,3.304026,3.300363,0.797362,4.912440,4.921820,0.003419
34.620053,1,0.000000,0.225440,0.152245,0.000000,0.000000,0.181523,0.283020,1.777070,0.000061,0.000427,0.003297,0.015263,3.711840,3.298898,1.796335,1.102929,0.603296,1.101464,0.801098,0.879999,3.304942,3.299447,0.797362,4.899040,4.911100,0.004274
34.650054,1,0.001952,0.225440,0.154197,0.000000,0.000000,0.179571,0.292779,2.062830,0.000244,0.000611,0.003419,0.015629,3.711840,3.292402,1.798777,1.101464,0.608424,1.104761,0.800365,0.879462,3.305857,3.299447,0.797069,4.909760,4.921820,0.003419
34.680053,1,0.002928,0.225440,0.153221,0.000000,0.000000,0.179571,0.283996,1.044810,0.000244,0.000672,0.003419,0.015018,3.715552,3.293330,1.798289,1.108058,0.602564,1.102929,0.802930,0.879731,3.305857,3.300363,0.797655,4.912440,4.900380,0.004274
34.710054,1,0.000000,0.233247,0.155173,0.000000,0.000000,0.181523,0.282044,1.839580,0.000122,0.000611,0.003480,0.015385,3.719264,3.289618,1.798289,1.101830,0.600732,1.101098,0.803296,0.879193,3.304942,3.300363,0.797069,4.897700,4.897700,0.004274
34.740055,1,0.000976,0.229344,0.153221,0.000000,0.000000,0.179571,0.283020,2.402170,0.000061,0.000427,0.003419,0.015018,3.719264,3.292402,1.796335,1.108058,0.602564,1.099999,0.802930,0.879193,3.303110,3.299447,0.797655,4.911100,4.920480,0.004274
34.770054,1,0.000000,0.222512,0.153221,0.000000,0.000000,0.178595,0.283996,1.053740,0.000183,0.000427,0.003419,0.015263,3.711840,3.292402,1.797800,1.101830,0.605128,1.104761,0.800732,0.879193,3.304942,3.299447,0.797655,4.881620,4.904400,0.004274
34.800053,1,0.000000,0.224464,0.153221,0.000000,0.000000,0.183475,0.283996,1.955670,0.000183,0.000427,0.003419,0.015385,3.697920,3.293330,1.798289,1.106226,0.604029,1.101098,0.800365,0.879999,3.304942,3.299447,0.797655,4.901720,4.899040,0.004274
34.830055,1,0.000000,0.218608,0.156149,0.000000,0.000000,0.180547,0.284972,1.759210,0.000061,0.000549,0.003297,0.015385,3.715552,3.294258,1.798289,1.101830,0.610256,1.106226,0.801464,0.879193,3.303110,3.299447,0.797655,4.911100,4.920480,0.004274
34.860053,1,0.000000,0.219584,0.153221,0.000000,0.000000,0.180547,0.283996,1.071600,0.000061,0.000488,0.003358,0.015263,3.713696,3.291474,1.798289,1.101830,0.606227,1.104028,0.799633,0.879462,3.304942,3.297616,0.797948,4.896360,4.907080,0.004274
34.890055,1,0.000000,0.220560,0.152245,0.000000,0.000000,0.180547,0.283996,2.500400,0.000183,0.000427,0.003419,0.015263,3.696064,3.293330,1.796335,1.104394,0.603662,1.100732,0.798900,0.879193,3.303110,3.299447,0.797655,4.881620,4.899040,0.004274
34.920054,1,0.001952,0.221536,0.150293,0.000000,0.000000,0.179571,0.283996,1.053740,0.000061,0.000549,0.003297,0.015385,3.715552,3.299826,1.798289,1.104761,0.614285,1.104394,0.800732,0.879731,3.303110,3.298531,0.797069,4.909760,4.920480,0.004274
34.950054,1,0.000000,0.221536,0.189330,0.000000,0.000000,0.180547,0.284972,1.062670,0.000183,0.000427,0.003358,0.015507,3.699776,3.301682,1.798289,1.104394,0.603662,1.102929,0.800732,0.879462,3.304026,3.299447,0.797362,4.896360,4.904400,0.004274
34.980054,1,0.000000,0.219584,0.153221,0.000000,0.000000,0.178595,0.283996,2.795090,0.000183,0.000427,0.003419,0.015018,3.722976,3.294258,1.797800,1.101830,0.605860,1.104028,0.800732,0.879999,3.304942,3.299447,0.797655,4.893680,4.889660,0.004274
35.010055,1,0.000976,0.219584,0.151269,0.000000,0.000000,0.179571,0.283996,1.053740,0.000183,0.000427,0.003358,0.015263,3.711840,3.301682,1.797800,1.104761,0.614285,1.100732,0.802930,0.879462,3.304026,3.297616,0.796776,4.907080,4.920480,0.004274
35.040053,1,0.000976,0.220560,0.153221,0.000000,0.000000,0.181523,0.283020,1.911020,0.000183,0.000427,0.003358,0.015263,3.726687,3.292402,1.797312,1.103296,0.605494,1.100732,0.802197,0.879731,3.303110,3.300363,0.797362,4.896360,4.905740,0.004274
35.070054,1,0.000976,0.220560,0.154197,0.000000,0.000000,0.180547,0.282044,1.553820,0.000183,0.000427,0.003419,0.015507,3.711840,3.327664,1.796824,1.109889,0.600732,1.102929,0.800732,0.879731,3.303110,3.298531,0.796776,4.886980,4.919140,0.004274
35.100053,1,0.000000,0.219584,0.153221,0.000000,0.000000,0.181523,0.282044,1.053740,0.000244,0.000488,0.003419,0.015018,3.711840,3.301682,1.797312,1.107691,0.615018,1.105494,0.801831,0.879462,3.303110,3.299447,0.797069,4.912440,4.921820,0.003419
35.130054,1,0.000000,0.220560,0.155173,0.000000,0.000000,0.180547,0.283996,2.464680,0.000122,0.000733,0.003480,0.015507,3.711840,3.357359,1.796824,1.101830,0.611355,1.104761,0.799633,0.879462,3.305857,3.300363,0.797362,4.892340,4.903060,0.004274
35.160053,1,0.001952,0.220560,0.151269,0.019519,0.000000,0.179571,0.283020,1.562750,0.000183,0.000427,0.003358,0.015385,3.699776,3.301682,1.796824,1.106226,0.599999,1.102929,0.801098,0.878656,3.304942,3.297616,0.796776,4.907080,4.920480,0.003419
35.190054,1,0.001952,0.219584,0.152245,0.000000,0.000000,0.180547,0.283996,1.071600,0.000061,0.000549,0.003236,0.015629,3.711840,3.293330,1.798289,1.101830,0.606593,1.104028,0.802930,0.879731,3.305857,3.299447,0.797362,4.880280,4.907080,0.004274
35.220054,1,0.002928,0.219584,0.153221,0.000000,0.000000,0.180547,0.283020,1.821720,0.000183,0.000427,0.003358,0.015018,3.703488,3.293330,1.798289,1.104761,0.612087,1.100732,0.802930,0.879462,3.304942,3.299447,0.797655,4.889660,4.885640,0.004274
35.250054,1,0.000000,0.218608,0.155173,0.000000,0.000000,0.179571,0.287899,2.223570,0.000183,0.000427,0.003358,0.015507,3.711840,3.301682,1.797312,1.106226,0.613919,1.102929,0.801098,0.879462,3.304026,3.300363,0.796776,4.907080,4.921820,0.004274
35.280053,1,0.000976,0.221536,0.153221,0.000000,0.000000,0.180547,0.283996,1.053740,0.000061,0.000427,0.003419,0.015507,3.711840,3.301682,1.798289,1.107691,0.603662,1.102929,0.800732,0.878925,3.304026,3.299447,0.797655,4.893680,4.912440,0.004274
35.310054,1,0.000000,0.217632,0.152245,0.000000,0.000000,0.178595,0.283996,1.786000,0.000244,0.000549,0.003419,0.015018,3.711840,3.291474,1.796824,1.107691,0.600366,1.100732,0.800365,0.879462,3.304026,3.299447,0.797948,4.877600,4.920480,0.004274
35.340054,1,0.000000,0.223488,0.155173,0.000000,0.000000,0.179571,0.280092,1.053740,0.000061,0.000672,0.003236,0.015263,3.711840,3.291474,1.798289,1.106226,0.615750,1.100732,0.801831,0.879462,3.304026,3.299447,0.797362,4.901720,4.912440,0.004274
35.370055,1,0.000000,0.219584,0.151269,0.000000,0.000000,0.179571,0.283020,1.616330,0.000183,0.000427,0.003419,0.016117,3.711840,3.294258,1.796824,1.104761,0.604029,1.101098,0.801098,0.879193,3.302194,3.298531,0.797069,4.882960,4.907080,0.004274
35.400054,1,0.000000,0.221536,0.153221,0.000000,0.000000,0.181523,0.284972,1.768140,0.000061,0.000427,0.003419,0.015263,3.711840,3.293330,1.798289,1.106226,0.614285,1.104394,0.801098,0.879462,3.305857,3.298531,0.797362,4.909760,4.921820,0.003419
35.430053,1,0.000000,0.219584,0.154197,0.000000,0.000000,0.180547,0.283020,1.035880,0.000122,0.000488,0.003236,0.015629,3.699776,3.291474,1.797800,1.107325,0.600366,1.102197,0.802930,0.879462,3.304026,3.299447,0.797948,4.900380,4.895020,0.004274
35.460055,1,0.000000,0.280092,0.155173,0.000000,0.000000,0.180547,0.284972,1.768140,0.000122,0.000733,0.003358,0.015629,3.711840,3.327664,1.796824,1.102929,0.606227,1.099999,0.801831,0.879193,3.304942,3.299447,0.797655,4.895020,4.907080,0.003419
35.490054,1,0.000000,0.220560,0.152245,0.000000,0.000000,0.178595,0.283996,1.044810,0.000122,0.000549,0.003419,0.015507,3.708128,3.294258,1.796824,1.106226,0.613552,1.104028,0.800365,0.879462,3.305857,3.300363,0.797362,4.912440,4.920480,0.004274
35.520053,1,0.000000,0.220560,0.153221,0.000000,0.000000,0.177619,0.283020,2.634350,0.000061,0.000549,0.003297,0.015629,3.699776,3.301682,1.798289,1.108424,0.604029,1.104028,0.799633,0.879731,3.304026,3.298531,0.797362,4.886980,4.901720,0.004274
35.550055,1,0.000976,0.215681,0.152245,0.000000,0.000000,0.181523,0.283020,2.036040,0.000061,0.000427,0.003297,0.015263,3.711840,3.301682,1.798289,1.107691,0.603662,1.104761,0.799633,0.879462,3.304026,3.297616,0.797362,4.896360,4.897700,0.003419
35.580060,1,0.000000,0.221536,0.154197,0.000000,0.000000,0.181523,0.283996,1.053740,0.000061,0.000427,0.003419,0.015263,3.711840,3.301682,1.797800,1.102929,0.615750,1.102929,0.801831,0.879193,3.303110,3.299447,0.797655,4.911100,4.920480,0.004274
35.610054,1,0.000000,0.220560,0.153221,0.000000,0.000000,0.180547,0.283020,2.786160,0.000183,0.000427,0.003358,0.015507,3.722976,3.301682,1.797800,1.106226,0.600366,1.105127,0.801098,0.879999,3.304026,3.299447,0.797655,4.888320,4.881620,0.004274
35.640054,1,0.000000,0.220560,0.154197,0.000000,0.000000,0.179571,0.283020,2.482540,0.000122,0.000611,0.003358,0.015385,3.719264,3.301682,1.798289,1.110622,0.610622,1.102929,0.799633,0.879999,3.304026,3.299447,0.797948,4.907080,4.919140,0.003419
35.670054,1,0.000000,0.221536,0.152245,0.000000,0.000000,0.179571,0.282044,1.062670,0.000244,0.000549,0.003358,0.015263,3.711840,3.301682,1.797800,1.104761,0.605860,1.102563,0.800365,0.879462,3.303110,3.298531,0.797655,4.911100,4.904400,0.004274
35.700054,1,0.000000,0.219584,0.152245,0.000000,0.000000,0.180547,0.281068,1.544890,0.000183,0.000672,0.003297,0.015629,3.711840,3.301682,1.796824,1.104394,0.605128,1.103662,0.802930,0.879731,3.304942,3.298531,0.797362,4.891000,4.886980,0.004274
35.730055,1,0.000976,0.220560,0.152245,0.000000,0.000000,0.181523,0.283020,1.053740,0.000122,0.000549,0.003358,0.015629,3.711840,3.301682,1.797312,1.104761,0.610622,1.104394,0.802930,0.879193,3.307689,3.298531,0.797362,4.907080,4.919140,0.004274
35.760054,1,0.000000,0.222512,0.152245,0.000000,0.000000,0.178595,0.282044,1.794930,0.000244,0.000611,0.003419,0.015507,3.711840,3.289618,1.797312,1.102563,0.610256,1.100732,0.800732,0.879999,3.304942,3.298531,0.797655,4.874920,4.884300,0.004274
35.790055,1,0.000976,0.222512,0.153221,0.000000,0.000000,0.191282,0.282044,2.187850,0.000061,0.000427,0.003297,0.016117,3.700704,3.301682,1.796824,1.104761,0.601831,1.104028,0.799633,0.879193,3.305857,3.299447,0.797362,4.889660,4.919140,0.003419
35.820053,1,0.000000,0.222512,0.153221,0.000000,0.000000,0.190306,0.283020,1.062670,0.000122,0.000488,0.003297,0.016117,3.711840,3.299826,1.797800,1.103296,0.612087,1.101098,0.799633,0.879462,3.305857,3.299447,0.796776,4.912440,4.919140,0.003419
35.850054,1,0.000000,0.220560,0.152245,0.000000,0.000000,0.192258,0.283020,1.786000,0.000061,0.000427,0.003419,0.016117,3.711840,3.301682,1.797800,1.110622,0.606227,1.100732,0.800732,0.879462,3.304026,3.296700,0.796776,4.874920,4.909760,0.004274
35.880054,1,0.002928,0.219584,0.153221,0.000000,0.000000,0.194210,0.283020,2.089620,0.000183,0.000427,0.003114,0.015140,3.700704,3.292402,1.798289,1.107691,0.609889,1.104761,0.799633,0.879462,3.305857,3.299447,0.797362,4.908420,4.920480,0.004274
35.910054,1,0.000000,0.220560,0.155173,0.000000,0.000000,0.199090,0.284972,1.062670,0.000183,0.000427,0.003419,0.015507,3.711840,3.299826,1.798289,1.101464,0.615018,1.101464,0.799633,0.879193,3.304942,3.299447,0.797655,4.911100,4.891000,0.004274
35.940054,1,0.000976,0.222512,0.152245,0.000000,0.000000,0.180547,0.283020,1.794930,0.000122,0.000549,0.003419,0.015507,3.719264,3.307249,1.797312,1.107691,0.606959,1.102929,0.800732,0.879731,3.303110,3.298531,0.796776,4.897700,4.899040,0.004274
35.970055,1,0.000000,0.218608,0.153221,0.000000,0.000000,0.179571,0.284972,1.616330,0.000244,0.000488,0.003480,0.015018,3.704416,3.293330,1.798289,1.104761,0.610988,1.100732,0.801831,0.879731,3.305857,3.298531,0.797655,4.912440,4.917800,0.004274
36.000054,1,0.000000,0.221536,0.154197,0.000000,0.000000,0.181523,0.283020,1.062670,0.000122,0.000488,0.003358,0.015507,3.711840,3.301682,1.796824,1.110622,0.602930,1.100732,0.799633,0.879731,3.304942,3.299447,0.797948,4.899040,4.905740,0.004274
36.030053,1,0.000976,0.219584,0.154197,0.000000,0.000000,0.180547,0.282044,1.848510,0.000183,0.000427,0.003419,0.015507,3.711840,3.293330,1.797312,1.102197,0.605494,1.100732,0.800732,0.879193,3.303110,3.299447,0.797655,4.886980,4.896360,0.003419
36.060055,1,0.000000,0.230320,0.189330,0.000000,0.000000,0.179571,0.283996,1.839580,0.000122,0.000549,0.003419,0.015385,3.700704,3.299826,1.798289,1.101464,0.612087,1.101098,0.799633,0.879193,3.303110,3.298531,0.797655,4.912440,4.917800,0.003419
36.090054,1,0.000000,0.226416,0.153221,0.000000,0.000000,0.181523,0.282044,1.062670,0.000244,0.000488,0.003358,0.015263,3.711840,3.295186,1.796824,1.104761,0.603662,1.104761,0.801831,0.879999,3.304942,3.299447,0.797655,4.882960,4.909760,0.004274
36.120054,1,0.000000,0.229344,0.156149,0.000000,0.000000,0.180547,0.282044,1.893160,0.000183,0.000427,0.003419,0.015140,3.704416,3.295186,1.797312,1.107691,0.605860,1.102929,0.801464,0.879462,3.306773,3.299447,0.797655,4.884300,4.899040,0.004274
36.150054,1,0.000000,0.225440,0.154197,0.000000,0.000000,0.180547,0.283020,1.044810,0.000244,0.000488,0.003358,0.015385,3.711840,3.297970,1.796824,1.107691,0.611355,1.104761,0.801098,0.879193,3.304942,3.298531,0.797655,4.909760,4.920480,0.004274
36.180053,1,0.000000,0.231295,0.152245,0.000000,0.000000,0.180547,0.283020,1.062670,0.000183,0.000427,0.003480,0.015385,3.711840,3.327664,1.797312,1.103296,0.606593,1.102929,0.801831,0.879999,3.304942,3.298531,0.797655,4.896360,4.904400,0.004274
36.210054,1,0.000000,0.221536,0.153221,0.000000,0.000000,0.180547,0.284972,2.777230,0.000244,0.000733,0.003480,0.015507,3.710912,3.327664,1.797312,1.102929,0.602197,1.103662,0.801464,0.879462,3.305857,3.299447,0.797655,4.888320,4.900380,0.004274
36.240054,1,0.000976,0.220560,0.154197,0.000000,0.000000,0.182499,0.284972,1.062670,0.000183,0.000427,0.003358,0.015385,3.711840,3.297970,1.797800,1.101830,0.612454,1.102929,0.800365,0.879193,3.304942,3.298531,0.797655,4.911100,4.920480,0.004274
36.270053,1,0.000976,0.223488,0.152245,0.000000,0.000000,0.181523,0.283020,1.768140,0.000244,0.000549,0.003358,0.015629,3.710912,3.301682,1.797800,1.104394,0.617582,1.101464,0.800732,0.879462,3.304942,3.299447,0.797655,4.895020,4.904400,0.004274
36.300054,1,0.000000,0.235199,0.153221,0.000000,0.000000,0.179571,0.282044,1.553820,0.000183,0.000427,0.003419,0.015507,3.701632,3.299826,1.798289,1.104761,0.605860,1.104761,0.801098,0.879462,3.304942,3.300363,0.796776,4.891000,4.920480,0.003419
36.330054,1,0.002928,0.219584,0.152245,0.000000,0.000000,0.191282,0.283020,1.053740,0.000183,0.000427,0.003419,0.015629,3.711840,3.293330,1.797312,1.101830,0.615750,1.104028,0.800732,0.879462,3.304942,3.299447,0.797655,4.911100,4.893680,0.004274
36.360054,1,0.000976,0.221536,0.154197,0.000000,0.000000,0.191282,0.283020,1.643120,0.000244,0.000672,0.003419,0.015385,3.719264,3.301682,1.797800,1.107691,0.613919,1.104394,0.801831,0.879462,3.305857,3.298531,0.796776,4.896360,4.892340,0.004274
36.390053,1,0.000000,0.217632,0.154197,0.022446,0.000000,0.192258,0.282044,1.562750,0.000183,0.000427,0.003419,0.015629,3.711840,3.325809,1.797312,1.104761,0.604395,1.104028,0.800732,0.879193,3.304942,3.299447,0.797655,4.911100,4.919140,0.004274
36.420053,1,0.000976,0.219584,0.152245,0.000000,0.000000,0.202993,0.283996,1.044810,0.000061,0.000427,0.003358,0.015629,3.711840,3.301682,1.797800,1.101464,0.601465,1.104028,0.801831,0.879193,3.304026,3.299447,0.797948,4.878940,4.907080,0.004274
36.450054,1,0.003904,0.220560,0.152245,0.000000,0.000000,0.194210,0.283020,1.839580,0.000122,0.000488,0.003358,0.015018,3.711840,3.301682,1.796824,1.110622,0.612087,1.100732,0.801464,0.879193,3.304942,3.299447,0.797655,4.886980,4.920480,0.004274
36.480053,1,0.000000,0.220560,0.155173,0.000000,0.000000,0.180547,0.281068,1.053740,0.000183,0.000427,0.003358,0.016117,3.711840,3.293330,1.797312,1.103296,0.603296,1.100732,0.799633,0.879193,3.304026,3.299447,0.797362,4.877600,4.907080,0.003419
36.510055,1,0.000976,0.221536,0.154197,0.000000,0.000000,0.179571,0.283996,2.062830,0.000183,0.000427,0.003480,0.015629,3.711840,3.311889,1.798289,1.109156,0.604029,1.104394,0.800732,0.879731,3.304026,3.300363,0.797362,4.882960,4.904400,0.004274
36.540054,1,0.000000,0.220560,0.152245,0.000000,0.000000,0.178595,0.283020,1.955670,0.000244,0.000488,0.003358,0.015018,3.711840,3.301682,1.797312,1.110622,0.615384,1.102929,0.799267,0.879193,3.304942,3.299447,0.797948,4.909760,4.921820,0.004274
36.570054,1,0.000000,0.220560,0.152245,0.000000,0.000000,0.181523,0.283020,1.062670,0.000122,0.000549,0.003419,0.015018,3.719264,3.299826,1.797312,1.108424,0.602564,1.101830,0.800732,0.879462,3.303110,3.298531,0.797362,4.897700,4.911100,0.004274
36.600054,1,0.000976,0.228368,0.153221,0.000000,0.000000,0.179571,0.283020,1.634190,0.000244,0.000549,0.003358,0.015263,3.711840,3.301682,1.797800,1.108058,0.604761,1.100732,0.801831,0.879462,3.305857,3.298531,0.796776,4.896360,4.904400,0.003419
36.630054,1,0.000000,0.228368,0.153221,0.000000,0.000000,0.180547,0.283020,1.062670,0.000183,0.000427,0.003358,0.015629,3.711840,3.301682,1.797312,1.104761,0.615384,1.102929,0.801831,0.879462,3.304026,3.300363,0.796776,4.908420,4.919140,0.003419
36.660053,1,0.000000,0.227392,0.152245,0.000000,0.000000,0.182499,0.282044,1.062670,0.000183,0.000427,0.003297,0.015140,3.711840,3.301682,1.797800,1.101464,0.602930,1.102929,0.801098,0.879462,3.304026,3.300363,0.796776,4.899040,4.892340,0.003419
36.690057,1,0.000000,0.226416,0.154197,0.000000,0.000000,0.180547,0.283996,1.848510,0.000183,0.000427,0.003419,0.015263,3.697920,3.311889,1.797312,1.107691,0.601098,1.104761,0.800365,0.879731,3.303110,3.298531,0.797362,4.896360,4.903060,0.004274
36.720054,1,0.001952,0.227392,0.153221,0.000000,0.000000,0.180547,0.281068,1.053740,0.000061,0.000427,0.003358,0.015751,3.710912,3.291474,1.799266,1.110622,0.613552,1.104761,0.801831,0.879462,3.303110,3.297616,0.797362,4.909760,4.920480,0.004274
36.750054,1,0.000000,0.218608,0.153221,0.000000,0.000000,0.179571,0.284972,1.893160,0.000183,0.000549,0.003358,0.015263,3.697920,3.301682,1.796824,1.110622,0.604761,1.104761,0.802930,0.879999,3.304942,3.299447,0.797362,4.884300,4.900380,0.004274
36.780054,1,0.002928,0.218608,0.153221,0.000000,0.000000,0.178595,0.283020,1.928880,0.000183,0.000427,0.003358,0.015629,3.704416,3.291474,1.797312,1.110622,0.601098,1.104761,0.801098,0.879462,3.305857,3.299447,0.797362,4.912440,4.921820,0.004274
36.810054,1,0.000000,0.219584,0.153221,0.000000,0.000000,0.180547,0.283996,1.044810,0.000122,0.000549,0.003419,0.015629,3.719264,3.301682,1.797800,1.107691,0.616117,1.104394,0.800732,0.879462,3.305857,3.300363,0.797362,4.896360,4.892340,0.004274
36.840053,1,0.000000,0.222512,0.156149,0.000000,0.000000,0.178595,0.283020,1.553820,0.000061,0.000488,0.003358,0.015385,3.715552,3.293330,1.796824,1.101830,0.601831,1.104761,0.801831,0.878925,3.304942,3.299447,0.797362,4.899040,4.907080,0.004274
36.870055,1,0.002928,0.222512,0.154197,0.000000,0.000000,0.179571,0.283020,1.053740,0.000122,0.000549,0.003358,0.015629,3.711840,3.299826,1.797312,1.105494,0.608424,1.102197,0.800365,0.879193,3.305857,3.298531,0.796776,4.897700,4.920480,0.004274
36.900054,1,0.002928,0.220560,0.151269,0.000000,0.000000,0.181523,0.283020,1.053740,0.000122,0.000549,0.003419,0.015507,3.711840,3.294258,1.796824,1.107691,0.614651,1.102929,0.801831,0.879462,3.304026,3.299447,0.796776,4.895020,4.893680,0.004274
36.930054,1,0.000000,0.220560,0.153221,0.000000,0.000000,0.178595,0.318153,1.571680,0.000061,0.000427,0.003358,0.015751,3.711840,3.299826,1.796824,1.107691,0.602930,1.102929,0.801464,0.878925,3.304942,3.297616,0.797655,4.884300,4.901720,0.004274
36.960054,1,0.001952,0.221536,0.154197,0.000000,0.000000,0.180547,0.283020,1.053740,0.000183,0.000672,0.003114,0.015385,3.711840,3.301682,1.796824,1.104761,0.614651,1.102929,0.801098,0.879193,3.304026,3.298531,0.797069,4.907080,4.920480,0.004274
36.990053,1,0.000000,0.221536,0.152245,0.000000,0.000000,0.180547,0.283020,1.794930,0.000183,0.000427,0.003236,0.015263,3.715552,3.293330,1.797312,1.102197,0.605494,1.102929,0.801831,0.879731,3.305857,3.300363,0.797069,4.881620,4.907080,0.003419
37.020055,1,0.000000,0.219584,0.153221,0.000000,0.000000,0.180547,0.283020,2.241430,0.000122,0.000549,0.003419,0.015507,3.699776,3.299826,1.798289,1.104761,0.603296,1.104761,0.799633,0.879731,3.305857,3.299447,0.797655,4.886980,4.920480,0.004274
37.050055,1,0.000000,0.220560,0.154197,0.000000,0.000000,0.181523,0.283996,1.044810,0.000061,0.000427,0.003297,0.015507,3.711840,3.301682,1.797312,1.101830,0.613186,1.102929,0.798900,0.879193,3.304942,3.299447,0.797655,4.911100,4.920480,0.004274
37.080054,1,0.000000,0.219584,0.153221,0.000000,0.000000,0.180547,0.283996,1.803860,0.000122,0.000549,0.003419,0.015385,3.725759,3.301682,1.796824,1.105494,0.602197,1.102929,0.801831,0.879193,3.304942,3.297616,0.797655,4.877600,4.911100,0.004274
37.110054,1,0.002928,0.222512,0.153221,0.000976,0.000000,0.180547,0.281068,2.071760,0.000183,0.000672,0.003358,0.015385,3.711840,3.301682,1.796824,1.110622,0.602197,1.104394,0.801831,0.879193,3.303110,3.299447,0.797655,4.911100,4.920480,0.004274
37.140053,1,0.000000,0.219584,0.154197,0.000000,0.000000,0.180547,0.283020,1.053740,0.000122,0.000549,0.003419,0.015385,3.711840,3.301682,1.797800,1.104761,0.615384,1.104394,0.803296,0.879193,3.303110,3.298531,0.797069,4.909760,4.899040,0.004274
37.170054,1,0.000000,0.220560,0.184451,0.000000,0.000000,0.180547,0.282044,1.777070,0.000244,0.000488,0.003358,0.015629,3.710912,3.327664,1.797800,1.107691,0.603296,1.104028,0.800732,0.879462,3.304942,3.299447,0.797655,4.900380,4.912440,0.003419
37.200055,1,0.001952,0.222512,0.153221,0.000000,0.000000,0.181523,0.283020,2.428960,0.000183,0.000427,0.003419,0.015507,3.704416,3.295186,1.797312,1.104761,0.611721,1.100732,0.800732,0.879193,3.303110,3.298531,0.797655,4.911100,4.919140,0.004274
37.230054,1,0.000000,0.217632,0.154197,0.000000,0.000000,0.181523,0.283996,1.044810,0.000061,0.000427,0.003358,0.015629,3.711840,3.301682,1.797312,1.103296,0.612820,1.104761,0.801098,0.879731,3.305857,3.300363,0.796776,4.912440,4.889660,0.003419
37.260053,1,0.000000,0.220560,0.152245,0.000000,0.000000,0.178595,0.283020,1.794930,0.000244,0.000549,0.003419,0.015629,3.726687,3.298898,1.796824,1.101830,0.606593,1.104028,0.800732,0.879462,3.304942,3.298531,0.797069,4.901720,4.900380,0.004274
37.290054,1,0.000976,0.219584,0.151269,0.000000,0.000000,0.180547,0.283996,1.616330,0.000244,0.000549,0.003419,0.015140,3.711840,3.292402,1.797312,1.101464,0.613186,1.100732,0.801464,0.878925,3.304942,3.299447,0.797655,4.911100,4.920480,0.004274
37.320053,1,0.000000,0.220560,0.153221,0.000000,0.000000,0.178595,0.283996,1.053740,0.000183,0.000427,0.003419,0.015629,3.704416,3.294258,1.798289,1.104394,0.603296,1.104028,0.801831,0.878656,3.304026,3.299447,0.797069,4.882960,4.907080,0.004274
37.350053,1,0.000976,0.220560,0.154197,0.006832,0.000000,0.181523,0.284972,2.214640,0.000244,0.000549,0.003358,0.015629,3.711840,3.298898,1.798289,1.107691,0.604761,1.104394,0.799633,0.879462,3.304942,3.299447,0.797655,4.884300,4.904400,0.003419
37.380055,1,0.002928,0.222512,0.153221,0.000000,0.000000,0.180547,0.282044,1.053740,0.000061,0.000427,0.003358,0.015629,3.711840,3.299826,1.797312,1.109156,0.612820,1.104761,0.800732,0.878925,3.304942,3.299447,0.797655,4.911100,4.920480,0.004274
37.410054,1,0.000976,0.221536,0.152245,0.000000,0.000000,0.179571,0.284972,2.152130,0.000244,0.000549,0.003419,0.015507,3.719264,3.293330,1.798289,1.104394,0.604029,1.104394,0.799633,0.879462,3.304026,3.298531,0.797362,4.893680,4.907080,0.003419
37.440054,1,0.000000,0.221536,0.153221,0.000000,0.000000,0.178595,0.282044,2.768300,0.000122,0.000549,0.003358,0.015018,3.699776,3.294258,1.796824,1.109156,0.605494,1.104028,0.801464,0.879462,3.305857,3.300363,0.796776,4.888320,4.920480,0.004274
37.470054,1,0.001952,0.219584,0.153221,0.000000,0.000000,0.178595,0.281068,1.044810,0.000122,0.000549,0.003419,0.015629,3.699776,3.294258,1.797800,1.104761,0.615750,1.102929,0.800732,0.879999,3.304942,3.297616,0.796776,4.907080,4.900380,0.004274
37.500054,1,0.000000,0.219584,0.161028,0.000000,0.000000,0.180547,0.282044,2.009250,0.000183,0.000427,0.003419,0.015140,3.719264,3.292402,1.798777,1.102197,0.606227,1.104028,0.801098,0.879462,3.305857,3.298531,0.797655,4.892340,4.905740,0.004274
37.530054,1,0.000000,0.221536,0.153221,0.000000,0.000000,0.179571,0.281068,1.553820,0.000183,0.000427,0.003358,0.015263,3.711840,3.293330,1.798289,1.103296,0.599633,1.104028,0.800365,0.879193,3.303110,3.298531,0.797655,4.909760,4.920480,0.003419
37.560054,1,0.000000,0.219584,0.152245,0.000000,0.000000,0.179571,0.282044,1.053740,0.000183,0.000672,0.003297,0.015629,3.711840,3.297970,1.797800,1.110622,0.614651,1.101098,0.799633,0.878925,3.304942,3.299447,0.797948,4.893680,4.881620,0.003419
37.590054,1,0.000000,0.219584,0.154197,0.000000,0.000000,0.179571,0.284972,2.491470,0.000183,0.000427,0.003480,0.015140,3.719264,3.293330,1.798289,1.102929,0.611355,1.104761,0.800732,0.879193,3.304942,3.298531,0.797362,4.892340,4.904400,0.003419
37.620054,1,0.000000,0.217632,0.153221,0.000000,0.000000,0.181523,0.284972,1.062670,0.000061,0.000427,0.003358,0.015507,3.722976,3.301682,1.796824,1.107691,0.613919,1.105127,0.799267,0.878925,3.304942,3.299447,0.796776,4.909760,4.886980,0.004274
37.650054,1,0.000000,0.219584,0.153221,0.000000,0.000000,0.180547,0.283996,2.169990,0.000183,0.000427,0.003419,0.015263,3.704416,3.311889,1.799266,1.105494,0.603296,1.103662,0.801831,0.879462,3.304942,3.299447,0.797948,4.893680,4.893680,0.003419
37.680054,1,0.001952,0.221536,0.152245,0.000000,0.000000,0.179571,0.284972,1.786000,0.000061,0.000549,0.003358,0.015140,3.726687,3.291474,1.797312,1.107691,0.600366,1.101464,0.800732,0.878925,3.304942,3.297616,0.797655,4.907080,4.920480,0.004274
37.710054,1,0.000000,0.218608,0.153221,0.000000,0.000000,0.179571,0.282044,1.053740,0.000061,0.000549,0.003358,0.015140,3.711840,3.313745,1.797312,1.107691,0.602197,1.099999,0.800732,0.879999,3.304942,3.299447,0.797655,4.877600,4.907080,0.003419
37.740056,1,0.000000,0.218608,0.153221,0.000000,0.000000,0.179571,0.283020,2.062830,0.000122,0.000488,0.003358,0.015018,3.715552,3.301682,1.797800,1.101830,0.602564,1.100732,0.800365,0.879193,3.305857,3.298531,0.797655,4.896360,4.903060,0.003419
37.770055,1,0.000000,0.221536,0.153221,0.000000,0.000000,0.194210,0.282044,1.866370,0.000061,0.000427,0.003297,0.015507,3.711840,3.298898,1.796824,1.102929,0.615018,1.104761,0.799633,0.879999,3.304942,3.297616,0.797362,4.907080,4.917800,0.004274
37.800054,1,0.000976,0.221536,0.153221,0.000000,0.000000,0.192258,0.281068,1.053740,0.000122,0.000549,0.003419,0.015263,3.696064,3.293330,1.797800,1.101464,0.606227,1.100732,0.799633,0.879999,3.304942,3.297616,0.796776,4.901720,4.912440,0.003419
37.830054,1,0.000000,0.219584,0.152245,0.000000,0.000000,0.194210,0.283020,2.607560,0.000122,0.000549,0.003297,0.015629,3.700704,3.299826,1.797800,1.101830,0.600366,1.105127,0.801098,0.879731,3.303110,3.299447,0.796776,4.876260,4.905740,0.004274
37.860054,1,0.000000,0.221536,0.153221,0.000000,0.000000,0.193234,0.283996,1.062670,0.000244,0.000549,0.003297,0.015385,3.719264,3.298898,1.796824,1.107325,0.614651,1.104394,0.799633,0.879193,3.304942,3.299447,0.797948,4.905740,4.920480,0.004274
37.890054,1,0.000000,0.217632,0.154197,0.000000,0.000000,0.200066,0.283996,1.062670,0.000183,0.000427,0.003419,0.015507,3.699776,3.295186,1.797312,1.107691,0.599999,1.101098,0.801464,0.879193,3.303110,3.299447,0.797655,4.900380,4.900380,0.003419
37.920055,1,0.000000,0.219584,0.157125,0.000000,0.000000,0.177619,0.284972,2.205710,0.000183,0.000427,0.003114,0.015507,3.711840,3.293330,1.798289,1.107691,0.604029,1.104761,0.800732,0.879193,3.304942,3.299447,0.797362,4.908420,4.920480,0.004274
37.950054,1,0.000976,0.217632,0.154197,0.000000,0.000000,0.179571,0.283996,1.044810,0.000183,0.000427,0.003297,0.015018,3.711840,3.301682,1.797800,1.105494,0.612087,1.104028,0.801098,0.879731,3.303110,3.298531,0.796776,4.892340,4.904400,0.003419
37.980053,1,0.000000,0.224464,0.152245,0.000000,0.000000,0.180547,0.283996,2.714720,0.000000,0.000427,0.003358,0.015018,3.726687,3.293330,1.796335,1.110622,0.606593,1.102929,0.801098,0.879193,3.305857,3.298531,0.797069,4.881620,4.908420,0.003419
38.010054,1,0.000000,0.218608,0.152245,0.000000,0.000000,0.179571,0.282044,1.053740,0.000183,0.000427,0.003419,0.015385,3.711840,3.301682,1.796824,1.104394,0.613919,1.104028,0.802930,0.879193,3.303110,3.299447,0.797655,4.911100,4.921820,0.003419
38.040053,1,0.000000,0.228368,0.153221,0.000000,0.000000,0.179571,0.283996,1.062670,0.000244,0.000549,0.003358,0.015385,3.703488,3.293330,1.797312,1.104761,0.611355,1.100732,0.800732,0.879462,3.304942,3.298531,0.797362,4.896360,4.896360,0.004274
38.070054,1,0.000000,0.227392,0.154197,0.000000,0.000000,0.180547,0.283996,1.544890,0.000183,0.000427,0.003419,0.015385,3.703488,3.293330,1.797312,1.101830,0.606227,1.102197,0.800732,0.879193,3.305857,3.298531,0.797362,4.896360,4.905740,0.003419
38.100054,1,0.000976,0.229344,0.152245,0.000000,0.000000,0.178595,0.283996,1.053740,0.000061,0.000427,0.003297,0.015385,3.711840,3.301682,1.796824,1.107691,0.615750,1.101464,0.800732,0.879462,3.305857,3.300363,0.796776,4.909760,4.921820,0.004274
38.130053,1,0.000976,0.231295,0.154197,0.000000,0.000000,0.180547,0.283996,2.455750,0.000183,0.000427,0.003419,0.015263,3.711840,3.307249,1.798289,1.107691,0.613552,1.098534,0.799633,0.879999,3.304942,3.298531,0.796776,4.893680,4.891000,0.004274
38.160054,1,0.000000,0.235199,0.153221,0.000000,0.000000,0.181523,0.295707,1.553820,0.000183,0.000427,0.003419,0.015263,3.697920,3.355503,1.796824,1.103296,0.600732,1.102563,0.799633,0.879731,3.304026,3.300363,0.797362,4.876260,4.897700,0.003419
38.190055,1,0.001952,0.222512,0.153221,0.000000,0.000000,0.179571,0.283996,1.044810,0.000183,0.000427,0.003419,0.015018,3.704416,3.294258,1.797800,1.103296,0.614651,1.102563,0.799633,0.879193,3.304942,3.299447,0.797655,4.911100,4.920480,0.003419
38.220054,1,0.000000,0.219584,0.152245,0.000000,0.000000,0.180547,0.283020,1.848510,0.000061,0.000427,0.003358,0.015629,3.703488,3.301682,1.798289,1.104761,0.612820,1.099999,0.802930,0.879999,3.304026,3.299447,0.797948,4.884300,4.885640,0.003419
38.250053,1,0.000000,0.218608,0.153221,0.000000,0.000000,0.179571,0.283020,2.169990,0.000061,0.000549,0.003358,0.015873,3.710912,3.301682,1.797312,1.107325,0.604761,1.101098,0.802930,0.879193,3.304026,3.299447,0.797655,4.893680,4.919140,0.004274
38.280054,1,0.000000,0.219584,0.185427,0.000000,0.000000,0.178595,0.282044,1.053740,0.000061,0.000427,0.003297,0.015263,3.711840,3.301682,1.796824,1.104761,0.615018,1.104394,0.801098,0.879462,3.304942,3.298531,0.796776,4.907080,4.921820,0.003419
38.310054,1,0.001952,0.219584,0.153221,0.000000,0.000000,0.191282,0.283020,1.794930,0.000122,0.000549,0.003297,0.015263,3.711840,3.301682,1.797800,1.107691,0.602197,1.100732,0.801098,0.879731,3.304942,3.298531,0.797069,4.881620,4.912440,0.003419
38.340054,1,0.000000,0.220560,0.153221,0.000000,0.000000,0.178595,0.282044,2.018180,0.000061,0.000427,0.003236,0.015385,3.719264,3.293330,1.798289,1.109889,0.602564,1.102563,0.799633,0.878925,3.304026,3.299447,0.797069,4.907080,4.917800,0.003419
38.370054,1,0.000000,0.221536,0.152245,0.000000,0.000000,0.190306,0.284972,1.071600,0.000183,0.000427,0.003419,0.015629,3.711840,3.293330,1.797312,1.104028,0.615018,1.102929,0.801831,0.878925,3.304942,3.299447,0.797948,4.909760,4.900380,0.004274
38.400054,1,0.000000,0.220560,0.154197,0.000000,0.000000,0.199090,0.283020,1.794930,0.000122,0.000488,0.003358,0.015018,3.711840,3.301682,1.796824,1.110622,0.602564,1.101464,0.801831,0.879999,3.304026,3.298531,0.797948,4.877600,4.908420,0.004274
38.430055,1,0.001952,0.218608,0.152245,0.000000,0.000000,0.202017,0.283020,2.089620,0.000061,0.000427,0.003419,0.015385,3.703488,3.301682,1.796824,1.110622,0.606227,1.102197,0.802930,0.879462,3.304026,3.298531,0.797362,4.907080,4.924500,0.003419
38.460054,1,0.000000,0.219584,0.151269,0.000000,0.000000,0.179571,0.282044,1.053740,0.000061,0.000549,0.003358,0.015263,3.699776,3.301682,1.796824,1.101464,0.609157,1.104394,0.801464,0.879731,3.304026,3.300363,0.796776,4.888320,4.891000,0.004274
38.490054,1,0.000000,0.219584,0.153221,0.000000,0.000000,0.180547,0.283996,1.777070,0.000244,0.000549,0.003419,0.015385,3.717408,3.301682,1.798289,1.104761,0.599633,1.104761,0.801464,0.879193,3.304942,3.299447,0.797655,4.903060,4.897700,0.003419
38.520055,1,0.000000,0.221536,0.153221,0.000000,0.000000,0.180547,0.282044,1.053740,0.000183,0.000549,0.003358,0.015018,3.711840,3.301682,1.796824,1.101830,0.615750,1.104028,0.799633,0.879462,3.304942,3.297616,0.796776,4.907080,4.917800,0.003419
38.550054,1,0.000000,0.229344,0.154197,0.000000,0.000000,0.178595,0.283020,1.071600,0.000122,0.000549,0.003419,0.015385,3.704416,3.294258,1.797800,1.102563,0.605128,1.102929,0.801831,0.879462,3.304942,3.299447,0.797655,4.878940,4.899040,0.004274
38.580054,1,0.000000,0.238127,0.154197,0.000000,0.000000,0.180547,0.283996,2.607560,0.000183,0.000427,0.003419,0.015385,3.711840,3.327664,1.797312,1.101830,0.604395,1.104028,0.801831,0.879731,3.303110,3.299447,0.797655,4.888320,4.886980,0.004274
38.610054,1,0.000000,0.228368,0.155173,0.000000,0.000000,0.181523,0.283020,1.044810,0.000183,0.000672,0.003358,0.015385,3.711840,3.301682,1.798289,1.101830,0.615018,1.100732,0.800732,0.879462,3.304026,3.298531,0.797362,4.907080,4.923160,0.004274
38.640054,1,0.000000,0.226416,0.154197,0.000000,0.000000,0.182499,0.283020,2.437890,0.000122,0.000611,0.003236,0.015629,3.697920,3.293330,1.797312,1.103296,0.601831,1.099999,0.800732,0.879999,3.304942,3.299447,0.796776,4.893680,4.904400,0.004274
38.670054,1,0.000000,0.234223,0.154197,0.000000,0.000000,0.178595,0.284972,2.795090,0.000122,0.000549,0.003419,0.015507,3.719264,3.299826,1.797800,1.107691,0.605494,1.104761,0.800732,0.878925,3.304026,3.299447,0.797948,4.888320,4.919140,0.003419
38.700053,1,0.000000,0.233247,0.153221,0.000000,0.000000,0.180547,0.283020,1.071600,0.000183,0.000427,0.003419,0.015629,3.711840,3.301682,1.797800,1.110622,0.615018,1.100365,0.800365,0.878656,3.304942,3.300363,0.797655,4.911100,4.920480,0.004274
38.730053,1,0.000000,0.221536,0.153221,0.000000,0.000000,0.178595,0.283996,1.768140,0.000122,0.000488,0.003358,0.015018,3.703488,3.301682,1.796824,1.107691,0.604029,1.101098,0.801831,0.879462,3.303110,3.299447,0.797362,4.897700,4.904400,0.004274
38.760054,1,0.000000,0.217632,0.153221,0.000000,0.000000,0.179571,0.285948,1.044810,0.000122,0.000488,0.003297,0.015629,3.701632,3.301682,1.798777,1.107691,0.616117,1.102929,0.801098,0.878925,3.304942,3.299447,0.797655,4.911100,4.920480,0.003419
38.790053,1,0.000000,0.221536,0.154197,0.000000,0.000000,0.181523,0.284972,1.553820,0.000061,0.000549,0.003358,0.015263,3.704416,3.293330,1.798289,1.102197,0.600366,1.102929,0.799633,0.879999,3.304942,3.297616,0.797362,4.882960,4.897700,0.003419
38.820054,1,0.001952,0.222512,0.154197,0.000000,0.000000,0.178595,0.282044,1.812790,0.000244,0.000549,0.003419,0.015385,3.715552,3.299826,1.798777,1.104394,0.608791,1.104028,0.802197,0.879462,3.304026,3.299447,0.797362,4.905740,4.917800,0.003419
38.850053,1,0.000000,0.219584,0.152245,0.000000,0.000000,0.178595,0.283020,1.062670,0.000122,0.000549,0.003297,0.015385,3.711840,3.299826,1.796824,1.108058,0.615750,1.104761,0.800732,0.879462,3.303110,3.300363,0.797362,4.912440,4.881620,0.003419
38.880053,1,0.000976,0.218608,0.153221,0.000000,0.000000,0.178595,0.283020,2.196780,0.000061,0.000427,0.003297,0.015263,3.713696,3.301682,1.796824,1.101830,0.600366,1.101098,0.801464,0.878925,3.304026,3.299447,0.797362,4.893680,4.911100,0.004274
38.910055,1,0.000000,0.221536,0.152245,0.000000,0.000000,0.179571,0.283020,1.786000,0.000183,0.000427,0.003419,0.015263,3.719264,3.295186,1.797312,1.106226,0.611355,1.104761,0.800365,0.879193,3.303110,3.299447,0.797655,4.911100,4.919140,0.003419
38.940054,1,0.000000,0.220560,0.154197,0.000000,0.000000,0.178595,0.281068,1.053740,0.000061,0.000549,0.003358,0.015385,3.711840,3.291474,1.796335,1.106226,0.600732,1.102929,0.801831,0.879193,3.304942,3.300363,0.797655,4.878940,4.911100,0.004274
38.970054,1,0.000976,0.222512,0.154197,0.000000,0.000000,0.178595,0.283996,2.152130,0.000122,0.000488,0.003419,0.015385,3.711840,3.299826,1.798289,1.101830,0.603296,1.104028,0.801464,0.878656,3.304942,3.299447,0.797655,4.884300,4.891000,0.003419
39.000053,1,0.000000,0.219584,0.153221,0.000000,0.000000,0.180547,0.281068,1.786000,0.000183,0.000427,0.003419,0.015629,3.711840,3.293330,1.799266,1.107691,0.610256,1.102929,0.799633,0.879193,3.303110,3.299447,0.797655,4.911100,4.920480,0.004274
39.030054,1,0.000000,0.220560,0.153221,0.000000,0.000000,0.181523,0.283996,1.053740,0.000183,0.000427,0.003419,0.015629,3.700704,3.292402,1.799266,1.107691,0.605860,1.102929,0.800732,0.879999,3.304942,3.298531,0.797362,4.877600,4.907080,0.004274
39.060054,1,0.000000,0.219584,0.154197,0.000000,0.000000,0.181523,0.283996,2.071760,0.000183,0.000427,0.003480,0.015018,3.711840,3.357359,1.798289,1.102929,0.602564,1.101098,0.801464,0.879731,3.305857,3.298531,0.797362,4.876260,4.921820,0.003419
39.090053,1,0.000000,0.222512,0.154197,0.000000,0.000000,0.179571,0.285948,1.071600,0.000122,0.000549,0.003358,0.015385,3.711840,3.291474,1.798289,1.106226,0.615018,1.103296,0.800732,0.878925,3.304942,3.299447,0.797655,4.904400,4.903060,0.003419
39.120053,1,0.000976,0.220560,0.153221,0.000000,0.000000,0.179571,0.282044,1.911020,0.000244,0.000549,0.003419,0.015629,3.710912,3.299826,1.798289,1.108058,0.603662,1.101830,0.800732,0.879999,3.303110,3.299447,0.797655,4.881620,4.897700,0.003419
39.150054,1,0.000000,0.220560,0.153221,0.000000,0.000000,0.179571,0.283020,1.919950,0.000061,0.000427,0.003419,0.015263,3.711840,3.294258,1.797312,1.101464,0.610988,1.104394,0.802930,0.878925,3.304942,3.299447,0.797655,4.909760,4.921820,0.004274
39.180053,1,0.000000,0.219584,0.152245,0.000000,0.000000,0.180547,0.283020,1.062670,0.000122,0.000488,0.003419,0.015140,3.726687,3.357359,1.797312,1.102929,0.605860,1.104028,0.799633,0.879193,3.304942,3.299447,0.797655,4.895020,4.907080,0.004274
39.210054,1,0.000000,0.222512,0.153221,0.000000,0.000000,0.179571,0.283020,2.795090,0.000122,0.000549,0.003236,0.015385,3.719264,3.291474,1.798289,1.105127,0.603296,1.104761,0.799633,0.879193,3.304942,3.299447,0.797362,4.889660,4.905740,0.003419
39.240053,1,0.000000,0.221536,0.153221,0.000000,0.000000,0.180547,0.283020,1.053740,0.000244,0.000549,0.003358,0.015385,3.711840,3.301682,1.797800,1.101830,0.615750,1.106226,0.801098,0.879193,3.303110,3.298531,0.798241,4.909760,4.920480,0.004274
39.270053,1,0.000000,0.222512,0.154197,0.000000,0.000000,0.180547,0.284972,1.062670,0.000244,0.000549,0.003358,0.015140,3.711840,3.301682,1.798289,1.107691,0.606593,1.101464,0.801464,0.879999,3.304026,3.299447,0.797948,4.896360,4.907080,0.004274
39.300053,1,0.000976,0.220560,0.153221,0.000000,0.000000,0.179571,0.283020,1.553820,0.000244,0.000488,0.003358,0.015507,3.704416,3.327664,1.797312,1.103296,0.600732,1.102929,0.798900,0.879731,3.303110,3.298531,0.796776,4.889660,4.892340,0.004274
39.330054,1,0.000000,0.217632,0.153221,0.000000,0.000000,0.180547,0.284972,1.053740,0.000061,0.000427,0.003358,0.015385,3.711840,3.301682,1.796824,1.109156,0.615384,1.104028,0.800365,0.879999,3.304026,3.299447,0.797362,4.907080,4.919140,0.004274
39.360054,1,0.000000,0.220560,0.152245,0.000000,0.000000,0.182499,0.287899,1.759210,0.000122,0.000549,0.003419,0.015018,3.704416,3.294258,1.797312,1.104761,0.614285,1.104761,0.799633,0.879462,3.304026,3.300363,0.796776,4.896360,4.892340,0.004274
39.390054,1,0.000000,0.223488,0.153221,0.000000,0.000000,0.178595,0.284972,1.544890,0.000122,0.000549,0.003419,0.015385,3.700704,3.295186,1.798289,1.107691,0.606593,1.104028,0.801831,0.879193,3.304942,3.299447,0.797655,4.900380,4.903060,0.003419
39.420054,1,0.000000,0.221536,0.152245,0.000000,0.000000,0.179571,0.284972,1.062670,0.000061,0.000427,0.003419,0.015873,3.711840,3.298898,1.796824,1.102929,0.613552,1.104394,0.799633,0.879462,3.304026,3.300363,0.797362,4.908420,4.921820,0.004274
39.450054,1,0.000976,0.220560,0.153221,0.000000,0.000000,0.179571,0.284972,2.473610,0.000061,0.000427,0.003419,0.015385,3.711840,3.292402,1.797800,1.101830,0.613919,1.100732,0.801464,0.879193,3.303110,3.299447,0.797655,4.886980,4.892340,0.004274
39.480053,1,0.000000,0.219584,0.154197,0.000000,0.000000,0.177619,0.283996,1.535960,0.000244,0.000549,0.003358,0.015507,3.711840,3.311889,1.797312,1.112087,0.602930,1.099999,0.799267,0.879999,3.304942,3.299447,0.797655,4.882960,4.923160,0.003419
39.510054,1,0.000000,0.221536,0.152245,0.000000,0.000000,0.180547,0.283020,1.053740,0.000183,0.000672,0.003297,0.015385,3.711840,3.299826,1.796824,1.101830,0.616117,1.100732,0.801831,0.879193,3.304942,3.299447,0.797655,4.909760,4.920480,0.004274
39.540053,1,0.000000,0.217632,0.153221,0.000000,0.000000,0.179571,0.283020,1.866370,0.000183,0.000427,0.003419,0.015385,3.711840,3.301682,1.798289,1.104761,0.611721,1.104761,0.800365,0.879462,3.305857,3.300363,0.796776,4.885640,4.888320,0.003419
39.570054,1,0.000976,0.219584,0.153221,0.000000,0.000000,0.179571,0.283020,2.214640,0.000061,0.000427,0.003419,0.015018,3.719264,3.357359,1.797800,1.103296,0.602930,1.101464,0.799633,0.879462,3.305857,3.300363,0.796776,4.909760,4.921820,0.003419
39.600053,1,0.000000,0.222512,0.153221,0.000000,0.000000,0.180547,0.283020,1.053740,0.000122,0.000549,0.003419,0.015140,3.711840,3.299826,1.796824,1.106226,0.614285,1.101464,0.799633,0.879999,3.304942,3.298531,0.797362,4.893680,4.897700,0.003419
39.630053,1,0.000000,0.232271,0.153221,0.000000,0.000000,0.178595,0.282044,1.812790,0.000183,0.000427,0.003236,0.015018,3.711840,3.293330,1.799266,1.112087,0.599633,1.104028,0.799633,0.879462,3.305857,3.298531,0.797655,4.870900,4.909760,0.003419
39.660055,1,0.000000,0.220560,0.153221,0.000000,0.000000,0.180547,0.284972,2.080690,0.000061,0.000672,0.003236,0.015263,3.711840,3.301682,1.797800,1.110622,0.613186,1.103662,0.799633,0.879193,3.304942,3.299447,0.797655,4.911100,4.921820,0.003419
39.690054,1,0.000000,0.217632,0.152245,0.000000,0.000000,0.181523,0.283996,1.062670,0.000183,0.000427,0.003419,0.015263,3.719264,3.299826,1.797800,1.107691,0.604395,1.104761,0.799633,0.879462,3.304026,3.300363,0.796776,4.893680,4.886980,0.003419
39.720053,1,0.000000,0.219584,0.152245,0.000000,0.000000,0.179571,0.286923,1.777070,0.000183,0.000427,0.003236,0.015507,3.711840,3.301682,1.797312,1.104394,0.605128,1.101464,0.799633,0.879999,3.304942,3.298531,0.797948,4.899040,4.909760,0.003419
39.750054,1,0.000000,0.222512,0.153221,0.000000,0.000000,0.183475,0.284972,1.053740,0.000183,0.000427,0.003419,0.016117,3.711840,3.299826,1.798777,1.102197,0.615750,1.101098,0.800732,0.878925,3.304942,3.299447,0.797948,4.907080,4.920480,0.004274
39.780053,1,0.000000,0.219584,0.152245,0.000000,0.000000,0.192258,0.282044,2.080690,0.000183,0.000427,0.003419,0.015263,3.711840,3.293330,1.798289,1.107325,0.602564,1.100732,0.802930,0.879462,3.305857,3.298531,0.797362,4.882960,4.903060,0.003419
39.810054,1,0.000000,0.219584,0.154197,0.000000,0.000000,0.190306,0.285948,1.919950,0.000122,0.000549,0.003419,0.015629,3.704416,3.299826,1.797800,1.101464,0.602564,1.104028,0.801831,0.879462,3.305857,3.300363,0.797655,4.901720,4.921820,0.003419
39.840053,1,0.000976,0.222512,0.152245,0.000000,0.000000,0.191282,0.283020,1.044810,0.000244,0.000549,0.003419,0.015507,3.726687,3.292402,1.798289,1.101830,0.615018,1.100732,0.799633,0.879462,3.304026,3.299447,0.797069,4.907080,4.899040,0.004274
39.870054,1,0.000000,0.219584,0.152245,0.000000,0.000000,0.201042,0.283020,1.848510,0.000183,0.000427,0.003297,0.015263,3.699776,3.301682,1.797800,1.101464,0.599999,1.104028,0.801831,0.879462,3.304026,3.300363,0.797362,4.896360,4.907080,0.004274
39.900053,1,0.000000,0.217632,0.155173,0.000000,0.000000,0.178595,0.282044,1.053740,0.000183,0.000427,0.003419,0.015507,3.711840,3.293330,1.796824,1.102563,0.615384,1.099999,0.801464,0.879999,3.303110,3.298531,0.797655,4.911100,4.919140,0.003419
39.930053,1,0.000000,0.220560,0.154197,0.000000,0.000000,0.179571,0.281068,1.544890,0.000183,0.000427,0.003358,0.015385,3.715552,3.327664,1.796824,1.104761,0.602197,1.102929,0.800365,0.879193,3.305857,3.298531,0.797655,4.886980,4.899040,0.004274
39.960054,1,0.000000,0.222512,0.153221,0.000000,0.000000,0.177619,0.284972,2.482540,0.000183,0.000427,0.003419,0.015507,3.711840,3.293330,1.798289,1.102197,0.611355,1.104394,0.800732,0.879462,3.303110,3.299447,0.797655,4.886980,4.920480,0.004274
39.990053,1,0.000000,0.222512,0.155173,0.000000,0.000000,0.178595,0.282044,1.044810,0.000183,0.000427,0.003419,0.015507,3.711840,3.298898,1.796824,1.104394,0.615750,1.104761,0.801098,0.879731,3.304026,3.300363,0.797069,4.912440,4.919140,0.003419
40.020053,1,0.000000,0.227392,0.152245,0.000000,0.000000,0.181523,0.285948,1.553820,0.000122,0.000488,0.003419,0.015385,3.710912,3.298898,1.797800,1.103296,0.605494,1.104761,0.799633,0.878925,3.304026,3.298531,0.797362,4.896360,4.907080,0.004274
40.050054,1,0.000000,0.228368,0.152245,0.000000,0.000000,0.179571,0.284972,1.794930,0.000122,0.000488,0.003419,0.015385,3.703488,3.311889,1.796824,1.104761,0.612087,1.104761,0.801464,0.879193,3.304942,3.298531,0.797362,4.907080,4.920480,0.003419
40.080053,1,0.000976,0.230320,0.153221,0.000000,0.000000,0.180547,0.283020,1.044810,0.000183,0.000427,0.003419,0.015629,3.711840,3.293330,1.797312,1.101464,0.613919,1.101098,0.801098,0.879193,3.303110,3.299447,0.797655,4.911100,4.886980,0.003419
40.110054,1,0.000976,0.226416,0.154197,0.000000,0.000000,0.179571,0.295707,1.580610,0.000061,0.000427,0.003358,0.015018,3.696993,3.295186,1.797312,1.107691,0.604029,1.105127,0.802930,0.879999,3.304026,3.298531,0.797362,4.882960,4.897700,0.004274
40.140053,1,0.000000,0.236175,0.155173,0.000000,0.000000,0.179571,0.283020,1.794930,0.000061,0.000549,0.003236,0.015018,3.700704,3.311889,1.797312,1.107691,0.612820,1.102563,0.801098,0.879193,3.303110,3.299447,0.797362,4.911100,4.920480,0.003419
40.170054,1,0.000000,0.218608,0.154197,0.000000,0.000000,0.179571,0.283020,1.053740,0.000122,0.000549,0.003236,0.015629,3.711840,3.301682,1.797800,1.101830,0.609889,1.103662,0.802930,0.879462,3.305857,3.299447,0.797362,4.893680,4.881620,0.004274
40.200054,1,0.000000,0.220560,0.154197,0.000000,0.000000,0.179571,0.284972,2.321800,0.000244,0.000549,0.003175,0.014774,3.701632,3.301682,1.798777,1.101464,0.603296,1.103296,0.802930,0.879731,3.305857,3.298531,0.797362,4.886980,4.889660,0.003419
40.230054,1,0.000000,0.218608,0.153221,0.000000,0.000000,0.179571,0.283996,1.062670,0.000183,0.000427,0.003358,0.015018,3.711840,3.327664,1.797312,1.103296,0.615750,1.100732,0.799633,0.878925,3.303110,3.299447,0.797655,4.911100,4.917800,0.003419
40.260053,1,0.000976,0.219584,0.154197,0.000000,0.000000,0.179571,0.283020,1.786000,0.000061,0.000427,0.003358,0.015873,3.710912,3.301682,1.797800,1.107691,0.604029,1.104761,0.799633,0.879193,3.305857,3.299447,0.797948,4.899040,4.896360,0.004274
40.290054,1,0.000000,0.222512,0.154197,0.000000,0.000000,0.194210,0.283020,2.027110,0.000122,0.000549,0.003480,0.015018,3.726687,3.327664,1.797800,1.104761,0.611355,1.104028,0.799633,0.878925,3.304026,3.298531,0.797948,4.907080,4.919140,0.003419
40.320054,1,0.000000,0.221536,0.154197,0.000000,0.000000,0.192258,0.286923,1.053740,0.000183,0.000427,0.003419,0.015385,3.711840,3.293330,1.798289,1.109889,0.600366,1.104761,0.801831,0.879462,3.304026,3.300363,0.797362,4.882960,4.907080,0.004274
40.350054,1,0.000000,0.222512,0.154197,0.018543,0.000000,0.193234,0.283996,2.009250,0.000244,0.000549,0.003358,0.016117,3.710912,3.301682,1.798289,1.105494,0.605494,1.104761,0.801098,0.879193,3.304942,3.298531,0.797655,4.881620,4.899040,0.004274
40.380054,1,0.000000,0.219584,0.154197,0.000000,0.000000,0.182499,0.283020,1.919950,0.000122,0.000549,0.003358,0.015018,3.719264,3.301682,1.797312,1.107691,0.609157,1.104394,0.801831,0.879193,3.304942,3.299447,0.797655,4.911100,4.920480,0.003419
40.410054,1,0.000000,0.220560,0.154197,0.000000,0.000000,0.201042,0.283996,1.053740,0.000122,0.000488,0.003419,0.015140,3.711840,3.298898,1.796824,1.103296,0.602930,1.106226,0.801831,0.879193,3.304942,3.299447,0.797655,4.895020,4.903060,0.004274
40.440054,1,0.000000,0.220560,0.155173,0.000000,0.000000,0.179571,0.282044,2.759370,0.000061,0.000427,0.003419,0.015385,3.726687,3.293330,1.797312,1.102563,0.602197,1.104761,0.801831,0.879462,3.306773,3.299447,0.797655,4.881620,4.897700,0.003419
40.470054,1,0.000000,0.219584,0.152245,0.000000,0.000000,0.178595,0.282044,1.053740,0.000244,0.000488,0.003358,0.015018,3.710912,3.291474,1.798289,1.102563,0.616117,1.102929,0.799633,0.879999,3.304942,3.299447,0.797948,4.907080,4.919140,0.004274
40.500053,1,0.000000,0.220560,0.154197,0.000000,0.000000,0.178595,0.282044,1.062670,0.000122,0.000549,0.003419,0.016117,3.711840,3.294258,1.798289,1.107691,0.605128,1.104761,0.798900,0.879462,3.304942,3.297616,0.796776,4.896360,4.907080,0.004274
40.530053,1,0.000000,0.220560,0.155173,0.000000,0.000000,0.178595,0.282044,2.786160,0.000061,0.000427,0.003419,0.015140,3.719264,3.293330,1.797312,1.107325,0.601831,1.105494,0.801098,0.879999,3.304026,3.299447,0.797655,4.888320,4.912440,0.004274
40.560054,1,0.000000,0.226416,0.153221,0.000000,0.000000,0.180547,0.283020,1.053740,0.000122,0.000549,0.003358,0.015629,3.711840,3.299826,1.797312,1.107691,0.614285,1.100732,0.801098,0.879462,3.305857,3.298531,0.797362,4.912440,4.919140,0.003419
40.590053,1,0.000000,0.226416,0.154197,0.000000,0.000000,0.179571,0.283996,1.044810,0.000122,0.000549,0.003236,0.015385,3.715552,3.301682,1.797800,1.101464,0.601831,1.100732,0.800365,0.879731,3.305857,3.298531,0.797069,4.897700,4.904400,0.003419
40.620053,1,0.000000,0.225440,0.153221,0.000000,0.000000,0.179571,0.283020,1.562750,0.000183,0.000549,0.003358,0.015018,3.711840,3.301682,1.798289,1.104394,0.600366,1.102929,0.801831,0.879462,3.304942,3.299447,0.797655,4.891000,4.893680,0.004274
40.650053,1,0.000000,0.232271,0.154197,0.000000,0.000000,0.179571,0.283020,1.062670,0.000183,0.000427,0.003419,0.015140,3.711840,3.293330,1.798289,1.106226,0.615018,1.102929,0.801831,0.879462,3.306773,3.299447,0.797655,4.911100,4.919140,0.003419
40.680053,1,0.000000,0.233247,0.154197,0.000000,0.000000,0.180547,0.283020,2.044970,0.000183,0.000672,0.003358,0.015507,3.696064,3.301682,1.797312,1.104761,0.602197,1.104761,0.802930,0.879731,3.305857,3.300363,0.796776,4.897700,4.897700,0.003419
40.710054,1,0.000000,0.219584,0.153221,0.022446,0.000000,0.179571,0.281068,1.544890,0.000061,0.000427,0.003297,0.015507,3.721120,3.301682,1.798289,1.102563,0.606593,1.104761,0.800732,0.879193,3.304026,3.299447,0.797948,4.888320,4.919140,0.003419
40.740053,1,0.000000,0.220560,0.152245,0.000000,0.000000,0.179571,0.283020,1.053740,0.000183,0.000427,0.003419,0.015629,3.711840,3.298898,1.796824,1.109156,0.614651,1.102929,0.801831,0.879731,3.303110,3.298531,0.796776,4.908420,4.897700,0.004274
40.770054,1,0.000000,0.221536,0.154197,0.000000,0.000000,0.181523,0.284972,1.875300,0.000244,0.000549,0.003236,0.015629,3.711840,3.301682,1.796824,1.104761,0.612087,1.100732,0.799633,0.879999,3.305857,3.299447,0.797948,4.885640,4.888320,0.004274
40.800053,1,0.000976,0.217632,0.153221,0.000000,0.000000,0.182499,0.283020,2.223570,0.000061,0.000427,0.003358,0.015629,3.711840,3.301682,1.797312,1.102929,0.608791,1.102929,0.801464,0.879999,3.304942,3.299447,0.797948,4.909760,4.921820,0.004274
40.830054,1,0.000000,0.219584,0.153221,0.000000,0.000000,0.180547,0.281068,1.053740,0.000061,0.000488,0.003236,0.015018,3.711840,3.293330,1.797312,1.104761,0.604761,1.101098,0.801464,0.879193,3.304026,3.300363,0.797362,4.880280,4.901720,0.004274
40.860053,1,0.000976,0.219584,0.152245,0.000000,0.000000,0.180547,0.283020,1.812790,0.000183,0.000427,0.003419,0.015385,3.710912,3.301682,1.796824,1.104761,0.604761,1.101464,0.801831,0.879462,3.304942,3.297616,0.797362,4.874920,4.907080,0.004274
40.890055,1,0.000000,0.217632,0.153221,0.000000,0.000000,0.181523,0.282044,1.062670,0.000061,0.000427,0.003419,0.015140,3.711840,3.298898,1.796824,1.104761,0.615750,1.104028,0.801464,0.879462,3.304026,3.299447,0.797362,4.907080,4.921820,0.003419
40.920054,1,0.000000,0.219584,0.155173,0.000000,0.000000,0.180547,0.282044,1.044810,0.000061,0.000427,0.003358,0.015385,3.704416,3.293330,1.799266,1.108424,0.600366,1.104028,0.802930,0.878925,3.304942,3.299447,0.797362,4.893680,4.893680,0.004274
40.950054,1,0.000000,0.223488,0.151269,0.000000,0.000000,0.179571,0.283020,1.786000,0.000061,0.000549,0.003297,0.015385,3.703488,3.301682,1.796824,1.104394,0.603662,1.102929,0.799633,0.879999,3.304026,3.299447,0.797948,4.909760,4.919140,0.003419
40.980053,1,0.000000,0.219584,0.153221,0.000000,0.000000,0.180547,0.283020,1.062670,0.000183,0.000427,0.003419,0.015385,3.711840,3.294258,1.797800,1.104028,0.616483,1.102929,0.801464,0.879193,3.304942,3.299447,0.797655,4.899040,4.897700,0.004274
41.010054,1,0.000976,0.220560,0.153221,0.000000,0.000000,0.181523,0.283020,1.848510,0.000183,0.000427,0.003358,0.015140,3.710912,3.311889,1.796824,1.109156,0.606959,1.101098,0.800732,0.879731,3.303110,3.299447,0.797069,4.892340,4.903060,0.003419
41.040053,1,0.000000,0.220560,0.155173,0.000000,0.000000,0.180547,0.281068,1.062670,0.000244,0.000733,0.003419,0.015018,3.726687,3.293330,1.797312,1.107691,0.612820,1.102197,0.800732,0.879193,3.304942,3.298531,0.797069,4.909760,4.919140,0.003419
41.070054,1,0.000000,0.220560,0.154197,0.000000,0.000000,0.179571,0.283020,2.750440,0.000183,0.000427,0.003297,0.015018,3.722976,3.301682,1.797312,1.108058,0.603662,1.102929,0.800732,0.879462,3.305857,3.299447,0.797069,4.885640,4.899040,0.004274
41.100054,1,0.000000,0.221536,0.153221,0.000000,0.000000,0.180547,0.283996,1.571680,0.000122,0.000549,0.003419,0.015629,3.704416,3.307249,1.797800,1.107691,0.613552,1.101098,0.800732,0.878925,3.304942,3.299447,0.796776,4.896360,4.903060,0.004274
41.130054,1,0.000000,0.219584,0.154197,0.000000,0.000000,0.178595,0.283020,1.053740,0.000061,0.000549,0.003236,0.015140,3.711840,3.291474,1.796335,1.109889,0.613552,1.106226,0.799633,0.879999,3.304942,3.299447,0.797948,4.907080,4.921820,0.003419
41.160053,1,0.000976,0.218608,0.153221,0.000000,0.000000,0.179571,0.284972,2.723650,0.000061,0.000427,0.003419,0.015263,3.699776,3.293330,1.798289,1.110622,0.600366,1.102929,0.801831,0.879462,3.304942,3.299447,0.797655,4.886980,4.907080,0.004274
41.190055,1,0.001952,0.219584,0.151269,0.000000,0.000000,0.181523,0.282044,2.491470,0.000244,0.000549,0.003358,0.015873,3.711840,3.301682,1.796824,1.101464,0.610256,1.100732,0.799633,0.879193,3.304942,3.298531,0.797655,4.892340,4.920480,0.004274
41.220054,1,0.000976,0.220560,0.151269,0.000000,0.000000,0.179571,0.283996,1.053740,0.000244,0.000488,0.003358,0.015385,3.710912,3.291474,1.796824,1.102197,0.615018,1.100732,0.801464,0.879462,3.304026,3.300363,0.796776,4.909760,4.919140,0.004274
41.250053,1,0.000000,0.223488,0.154197,0.000000,0.000000,0.181523,0.282044,1.562750,0.000122,0.000549,0.003358,0.015629,3.700704,3.301682,1.798289,1.104394,0.605494,1.100732,0.800732,0.879999,3.303110,3.300363,0.797655,4.886980,4.904400,0.004274
41.280054,1,0.000976,0.219584,0.153221,0.000000,0.000000,0.181523,0.284972,1.857440,0.000183,0.000427,0.003419,0.015629,3.711840,3.293330,1.798289,1.107691,0.609889,1.102197,0.800732,0.879193,3.305857,3.300363,0.796776,4.911100,4.920480,0.004274
41.310054,1,0.000976,0.220560,0.153221,0.000000,0.000000,0.180547,0.283020,1.053740,0.000122,0.000549,0.003419,0.015140,3.711840,3.307249,1.796824,1.104761,0.614285,1.102929,0.801831,0.879462,3.305857,3.299447,0.797362,4.896360,4.903060,0.003419
41.340053,1,0.000000,0.220560,0.153221,0.000000,0.000000,0.179571,0.283996,1.553820,0.000244,0.000549,0.003358,0.015629,3.703488,3.301682,1.797800,1.104761,0.604761,1.100732,0.800732,0.879462,3.304026,3.300363,0.796776,4.891000,4.904400,0.004274
41.370055,1,0.001952,0.224464,0.154197,0.000000,0.000000,0.181523,0.283996,1.062670,0.000122,0.000549,0.003419,0.015385,3.711840,3.292402,1.796824,1.104394,0.614651,1.104761,0.801831,0.879999,3.304942,3.300363,0.797069,4.907080,4.920480,0.004274
41.400053,1,0.000976,0.221536,0.153221,0.000000,0.000000,0.180547,0.283020,1.777070,0.000244,0.000549,0.003419,0.015507,3.711840,3.291474,1.798289,1.104028,0.605860,1.105494,0.801098,0.879999,3.304026,3.298531,0.797948,4.886980,4.912440,0.004274
41.430055,1,0.000976,0.222512,0.152245,0.000000,0.000000,0.178595,0.282044,2.080690,0.000122,0.000488,0.003358,0.015385,3.711840,3.289618,1.797312,1.103296,0.607325,1.100732,0.801464,0.879193,3.304026,3.299447,0.797655,4.909760,4.921820,0.004274
41.460054,1,0.000000,0.224464,0.156149,0.000000,0.000000,0.179571,0.283020,1.053740,0.000122,0.000488,0.003358,0.015873,3.711840,3.301682,1.796824,1.107691,0.613919,1.100732,0.800365,0.879731,3.305857,3.298531,0.797655,4.909760,4.891000,0.004274
41.490054,1,0.000976,0.220560,0.151269,0.000000,0.000000,0.181523,0.283020,1.786000,0.000244,0.000549,0.003419,0.015263,3.711840,3.294258,1.798289,1.102929,0.604761,1.104394,0.800732,0.879462,3.305857,3.299447,0.797362,4.897700,4.900380,0.003419
41.520054,1,0.000000,0.221536,0.153221,0.000000,0.000000,0.180547,0.283996,1.678840,0.000183,0.000427,0.003419,0.015507,3.699776,3.357359,1.797312,1.104761,0.611355,1.104761,0.799633,0.879999,3.304026,3.298531,0.796776,4.907080,4.921820,0.003419
41.550054,1,0.000000,0.220560,0.152245,0.000000,0.000000,0.178595,0.283020,1.071600,0.000122,0.000549,0.003419,0.015140,3.715552,3.299826,1.798777,1.101464,0.600732,1.105127,0.800732,0.879193,3.304942,3.299447,0.797655,4.878940,4.904400,0.004274
41.580053,1,0.000976,0.222512,0.154197,0.000000,0.000000,0.180547,0.281068,1.830650,0.000183,0.000427,0.003419,0.015140,3.711840,3.293330,1.798289,1.102197,0.602564,1.101464,0.800732,0.879462,3.303110,3.299447,0.797655,4.900380,4.891000,0.004274
41.610054,1,0.000000,0.221536,0.153221,0.000000,0.000000,0.179571,0.283996,1.839580,0.000061,0.000672,0.003236,0.015385,3.711840,3.293330,1.796824,1.107691,0.612087,1.102929,0.801464,0.879193,3.303110,3.299447,0.797655,4.911100,4.920480,0.004274
41.640053,1,0.000000,0.224464,0.152245,0.000000,0.000000,0.180547,0.283020,1.062670,0.000122,0.000488,0.003358,0.015140,3.711840,3.355503,1.796824,1.102929,0.603662,1.103662,0.800732,0.879462,3.304026,3.299447,0.797362,4.882960,4.903060,0.003419
41.670054,1,0.000976,0.221536,0.156149,0.000000,0.000000,0.179571,0.284972,1.964600,0.000122,0.000488,0.003419,0.015385,3.703488,3.291474,1.797800,1.106226,0.600366,1.104761,0.799633,0.879462,3.304942,3.300363,0.797362,4.888320,4.899040,0.003419
41.700054,1,0.000976,0.220560,0.154197,0.000000,0.000000,0.178595,0.283020,1.928880,0.000122,0.000549,0.003114,0.015629,3.711840,3.291474,1.797800,1.104761,0.613919,1.100732,0.801098,0.879193,3.304942,3.299447,0.797948,4.909760,4.921820,0.003419
41.730054,1,0.000000,0.219584,0.153221,0.000000,0.000000,0.192258,0.283020,1.053740,0.000122,0.000549,0.003358,0.015385,3.700704,3.327664,1.796824,1.104761,0.604761,1.104028,0.803296,0.879462,3.304942,3.299447,0.797655,4.892340,4.905740,0.004274
41.760054,1,0.000000,0.218608,0.154197,0.000000,0.000000,0.190306,0.283020,2.777230,0.000183,0.000427,0.003419,0.015629,3.710912,3.293330,1.798289,1.102197,0.606593,1.104761,0.800732,0.879462,3.303110,3.299447,0.797655,4.881620,4.899040,0.004274
41.790054,1,0.000000,0.220560,0.152245,0.000000,0.000000,0.192258,0.284972,1.053740,0.000061,0.000549,0.003358,0.015140,3.711840,3.293330,1.798289,1.105494,0.614651,1.099999,0.801098,0.879193,3.304026,3.299447,0.797362,4.907080,4.920480,0.004274
41.820053,1,0.000000,0.218608,0.154197,0.000000,0.000000,0.190306,0.280092,1.768140,0.000122,0.000549,0.003297,0.015385,3.697920,3.301682,1.796824,1.105860,0.602197,1.104761,0.801098,0.879731,3.305857,3.298531,0.797655,4.892340,4.907080,0.004274
41.850054,1,0.000000,0.220560,0.152245,0.000000,0.000000,0.200066,0.283996,1.553820,0.000244,0.000488,0.003358,0.015140,3.711840,3.291474,1.797312,1.106226,0.603662,1.104028,0.802930,0.879193,3.304026,3.299447,0.797655,4.888320,4.911100,0.003419
41.880054,1,0.000000,0.223488,0.154197,0.000000,0.000000,0.194210,0.283996,1.053740,0.000122,0.000549,0.003419,0.015385,3.711840,3.301682,1.797800,1.108058,0.615384,1.104761,0.800732,0.879193,3.303110,3.299447,0.797655,4.912440,4.920480,0.004274
41.910054,1,0.000976,0.220560,0.154197,0.000000,0.000000,0.181523,0.283996,1.562750,0.000061,0.000427,0.003358,0.015873,3.715552,3.301682,1.798289,1.104761,0.616849,1.099999,0.801464,0.879999,3.304942,3.299447,0.797948,4.893680,4.896360,0.004274
41.940054,1,0.000000,0.222512,0.154197,0.000000,0.000000,0.178595,0.283996,1.562750,0.000061,0.000549,0.003358,0.016117,3.711840,3.301682,1.796824,1.110622,0.605494,1.104394,0.802930,0.879462,3.305857,3.300363,0.797362,4.909760,4.920480,0.004274
41.970055,1,0.000000,0.224464,0.154197,0.000000,0.000000,0.178595,0.283020,1.044810,0.000122,0.000488,0.003358,0.015018,3.710912,3.301682,1.797800,1.107691,0.615384,1.102929,0.800365,0.879462,3.304942,3.298531,0.797362,4.911100,4.897700,0.003419
42.000053,1,0.000000,0.219584,0.153221,0.000000,0.000000,0.179571,0.282044,2.473610,0.000122,0.000488,0.003358,0.015629,3.719264,3.301682,1.797800,1.102929,0.612087,1.102929,0.801098,0.879462,3.304942,3.300363,0.797069,4.892340,4.886980,0.003419
42.030054,1,0.000000,0.231295,0.154197,0.000000,0.000000,0.180547,0.283996,2.178920,0.000122,0.000488,0.003358,0.015629,3.711840,3.301682,1.796824,1.107325,0.609157,1.102197,0.802930,0.879193,3.305857,3.299447,0.797655,4.909760,4.921820,0.004274
42.060053,1,0.000000,0.227392,0.154197,0.000000,0.000000,0.177619,0.283020,1.053740,0.000244,0.000549,0.003419,0.015385,3.699776,3.307249,1.798289,1.104761,0.602197,1.105127,0.800732,0.879731,3.303110,3.299447,0.797655,4.881620,4.904400,0.004274
42.090054,1,0.002928,0.226416,0.153221,0.000000,0.000000,0.178595,0.283020,1.794930,0.000061,0.000427,0.003419,0.015751,3.704416,3.293330,1.798289,1.103296,0.606593,1.105494,0.801098,0.879462,3.303110,3.299447,0.797069,4.909760,4.921820,0.004274
42.120054,1,0.000000,0.232271,0.154197,0.000000,0.000000,0.180547,0.283020,1.062670,0.000061,0.000427,0.003358,0.015873,3.710912,3.293330,1.797312,1.104394,0.603662,1.104761,0.799633,0.879999,3.307689,3.300363,0.797362,4.896360,4.896360,0.003419
42.150054,1,0.000000,0.223488,0.153221,0.000000,0.000000,0.182499,0.285948,1.616330,0.000061,0.000427,0.003358,0.015140,3.711840,3.301682,1.797800,1.104394,0.604395,1.101098,0.801098,0.879999,3.305857,3.299447,0.797655,4.895020,4.907080,0.003419
42.180054,1,0.000976,0.219584,0.152245,0.000000,0.000000,0.180547,0.283996,1.053740,0.000122,0.000549,0.003419,0.015385,3.711840,3.295186,1.798289,1.106226,0.616117,1.101098,0.801464,0.879999,3.304026,3.299447,0.797655,4.909760,4.919140,0.004274
42.210054,1,0.000976,0.219584,0.154197,0.000000,0.000000,0.178595,0.282044,1.053740,0.000122,0.000549,0.003419,0.015629,3.711840,3.294258,1.797800,1.102197,0.600366,1.104761,0.800365,0.879462,3.305857,3.299447,0.797655,4.901720,4.889660,0.004274
42.240055,1,0.000976,0.223488,0.151269,0.000000,0.000000,0.181523,0.280092,1.857440,0.000183,0.000427,0.003419,0.015507,3.699776,3.292402,1.798777,1.107691,0.602564,1.102929,0.800732,0.879462,3.304942,3.300363,0.797362,4.896360,4.903060,0.004274
42.270054,1,0.000000,0.220560,0.153221,0.000000,0.000000,0.192258,0.283020,1.062670,0.000244,0.000549,0.003358,0.015629,3.711840,3.301682,1.796824,1.104761,0.613919,1.099999,0.801464,0.879731,3.305857,3.298531,0.797655,4.911100,4.920480,0.004274
42.300053,1,0.000000,0.220560,0.153221,0.000000,0.000000,0.192258,0.284972,1.911020,0.000244,0.000549,0.003358,0.015873,3.699776,3.301682,1.797800,1.109156,0.602197,1.100732,0.800732,0.879462,3.306773,3.299447,0.797362,4.886980,4.900380,0.004274
42.330055,1,0.000000,0.218608,0.153221,0.000000,0.000000,0.194210,0.285948,1.919950,0.000183,0.000427,0.003419,0.015629,3.710912,3.293330,1.798289,1.102563,0.603296,1.104028,0.800732,0.879462,3.304026,3.299447,0.797948,4.895020,4.903060,0.004274
42.360054,1,0.000000,0.219584,0.154197,0.000000,0.000000,0.192258,0.280092,1.053740,0.000244,0.000549,0.003358,0.015385,3.710912,3.298898,1.797312,1.106226,0.614651,1.104028,0.802930,0.879193,3.304942,3.300363,0.797655,4.911100,4.919140,0.003419
42.390053,1,0.000000,0.222512,0.153221,0.000000,0.000000,0.202017,0.282044,2.777230,0.000183,0.000427,0.003419,0.015263,3.719264,3.298898,1.797800,1.101830,0.604761,1.102929,0.799633,0.879462,3.304942,3.300363,0.797362,4.888320,4.897700,0.004274
42.420054,1,0.000000,0.219584,0.153221,0.000000,0.000000,0.190306,0.283996,1.607400,0.000244,0.000488,0.003419,0.015629,3.703488,3.298898,1.798289,1.102197,0.612820,1.104028,0.802930,0.879193,3.304942,3.298531,0.797655,4.911100,4.920480,0.003419
42.450055,1,0.000000,0.220560,0.154197,0.000000,0.000000,0.180547,0.283996,1.053740,0.000122,0.000549,0.003358,0.015507,3.711840,3.291474,1.797800,1.106226,0.615018,1.102197,0.799633,0.879462,3.304026,3.298531,0.797655,4.893680,4.885640,0.004274
42.480053,1,0.000000,0.221536,0.153221,0.000000,0.000000,0.180547,0.283020,2.062830,0.000183,0.000427,0.003236,0.015263,3.699776,3.301682,1.798777,1.103296,0.606593,1.106226,0.800365,0.879193,3.303110,3.299447,0.797655,4.892340,4.899040,0.004274
42.510054,1,0.000000,0.224464,0.152245,0.000000,0.000000,0.179571,0.282044,1.053740,0.000183,0.000427,0.003236,0.015507,3.711840,3.289618,1.797312,1.101464,0.615384,1.102929,0.801098,0.879193,3.304942,3.299447,0.797069,4.911100,4.919140,0.003419
42.540053,1,0.000000,0.228368,0.153221,0.000000,0.000000,0.181523,0.283020,1.839580,0.000183,0.000427,0.003419,0.015385,3.699776,3.292402,1.797312,1.107691,0.612087,1.100732,0.800732,0.879462,3.304026,3.299447,0.797362,4.888320,4.885640,0.004274
42.570054,1,0.000000,0.228368,0.153221,0.007807,0.000000,0.181523,0.282044,2.187850,0.000183,0.000427,0.003358,0.015263,3.699776,3.299826,1.797800,1.105127,0.604029,1.102929,0.800365,0.879462,3.303110,3.297616,0.797362,4.896360,4.920480,0.004274
42.600054,1,0.000000,0.225440,0.154197,0.000000,0.000000,0.180547,0.283020,1.053740,0.000183,0.000427,0.003480,0.015507,3.711840,3.293330,1.798289,1.102563,0.613552,1.102197,0.800732,0.879462,3.303110,3.300363,0.797069,4.909760,4.920480,0.003419
42.630053,1,0.000000,0.229344,0.153221,0.000000,0.000000,0.180547,0.284972,1.812790,0.000183,0.000427,0.003297,0.015629,3.711840,3.299826,1.798777,1.110622,0.606959,1.100732,0.801831,0.879731,3.305857,3.300363,0.796776,4.876260,4.909760,0.003419
42.660055,1,0.000000,0.233247,0.155173,0.000000,0.000000,0.181523,0.282044,2.062830,0.000183,0.000427,0.003297,0.015263,3.715552,3.292402,1.798289,1.105127,0.602197,1.102929,0.801831,0.879193,3.305857,3.299447,0.798241,4.911100,4.917800,0.004274
42.690055,1,0.002928,0.225440,0.153221,0.000000,0.000000,0.180547,0.283020,1.044810,0.000183,0.000427,0.003419,0.015629,3.711840,3.292402,1.798289,1.107691,0.616849,1.102929,0.801098,0.879193,3.304942,3.299447,0.797948,4.907080,4.886980,0.004274
42.720054,1,0.000000,0.222512,0.153221,0.000000,0.000000,0.182499,0.284972,1.786000,0.000122,0.000488,0.003419,0.015385,3.717408,3.301682,1.796824,1.107691,0.615750,1.100732,0.801098,0.879999,3.304026,3.298531,0.797655,4.899040,4.907080,0.004274
42.750054,1,0.000000,0.221536,0.152245,0.000000,0.000000,0.180547,0.283996,2.679000,0.000061,0.000549,0.003297,0.015385,3.700704,3.301682,1.797312,1.102197,0.608424,1.100732,0.802930,0.879193,3.305857,3.298531,0.797362,4.912440,4.919140,0.003419
42.780054,1,0.000000,0.220560,0.153221,0.000000,0.000000,0.180547,0.283996,1.053740,0.000183,0.000427,0.003419,0.015263,3.711840,3.292402,1.797800,1.110622,0.612087,1.104394,0.801831,0.879999,3.304026,3.300363,0.797362,4.888320,4.893680,0.004274
42.810054,1,0.000000,0.219584,0.153221,0.000000,0.000000,0.180547,0.283996,1.777070,0.000183,0.000427,0.003419,0.015873,3.711840,3.307249,1.796824,1.102197,0.605128,1.106226,0.801464,0.879193,3.303110,3.299447,0.797655,4.900380,4.899040,0.003419
42.840055,1,0.000000,0.220560,0.154197,0.000000,0.000000,0.178595,0.283020,1.634190,0.000244,0.000488,0.003297,0.015385,3.717408,3.301682,1.797800,1.107691,0.611721,1.101098,0.800732,0.879193,3.303110,3.299447,0.797362,4.912440,4.921820,0.004274
42.870053,1,0.000000,0.223488,0.154197,0.000000,0.000000,0.178595,0.282044,1.035880,0.000244,0.000549,0.003419,0.015263,3.715552,3.307249,1.797312,1.104394,0.603662,1.102197,0.800365,0.879193,3.305857,3.300363,0.797362,4.897700,4.904400,0.004274
42.900054,1,0.000000,0.220560,0.155173,0.000000,0.000000,0.182499,0.282044,1.875300,0.000183,0.000427,0.003419,0.015507,3.711840,3.293330,1.797800,1.101464,0.602197,1.100365,0.801464,0.879193,3.304942,3.299447,0.797655,4.900380,4.896360,0.004274
42.930055,1,0.000000,0.218608,0.154197,0.000000,0.000000,0.181523,0.283020,1.053740,0.000122,0.000549,0.003419,0.015140,3.704416,3.299826,1.797800,1.101830,0.615750,1.101098,0.801831,0.879193,3.304942,3.298531,0.797655,4.911100,4.921820,0.004274
42.960054,1,0.000000,0.219584,0.153221,0.000000,0.000000,0.182499,0.283996,1.062670,0.000061,0.000977,0.003297,0.015263,3.711840,3.301682,1.796824,1.101830,0.603662,1.104028,0.801098,0.879462,3.304942,3.300363,0.797362,4.892340,4.905740,0.004274
42.990053,1,0.000976,0.221536,0.153221,0.000000,0.000000,0.178595,0.281068,2.768300,0.000183,0.000672,0.003358,0.015629,3.681217,3.299826,1.798289,1.107691,0.601098,1.104394,0.801098,0.879462,3.304026,3.300363,0.797362,4.888320,4.897700,0.004274
43.020054,1,0.000976,0.220560,0.155173,0.000000,0.000000,0.180547,0.285948,1.053740,0.000061,0.000672,0.003236,0.015263,3.711840,3.293330,1.798289,1.109156,0.615750,1.106226,0.801098,0.879462,3.304026,3.299447,0.797655,4.907080,4.919140,0.003419
43.050053,1,0.000976,0.219584,0.152245,0.000000,0.000000,0.178595,0.282044,1.839580,0.000183,0.000427,0.003297,0.016361,3.697920,3.295186,1.796335,1.101464,0.603662,1.100732,0.801831,0.879731,3.305857,3.300363,0.797362,4.892340,4.904400,0.004274
43.080053,1,0.000000,0.220560,0.154197,0.000000,0.000000,0.179571,0.283020,2.812950,0.000122,0.000549,0.003419,0.015629,3.726687,3.299826,1.796824,1.101830,0.604395,1.100732,0.802930,0.879462,3.305857,3.300363,0.796776,4.908420,4.921820,0.003419
43.110054,1,0.000000,0.217632,0.152245,0.000000,0.000000,0.178595,0.281068,1.053740,0.000183,0.000427,0.003236,0.015263,3.711840,3.289618,1.798289,1.109156,0.613552,1.102197,0.800732,0.879193,3.303110,3.298531,0.798241,4.912440,4.888320,0.004274
43.140053,1,0.000976,0.220560,0.154197,0.000000,0.000000,0.179571,0.282044,2.330730,0.000183,0.000427,0.003297,0.015507,3.711840,3.298898,1.797800,1.106226,0.613919,1.100732,0.800732,0.879731,3.304942,3.299447,0.797655,4.892340,4.903060,0.003419
43.170054,1,0.000976,0.220560,0.153221,0.024398,0.003922,0.179571,0.282044,1.562750,0.000061,0.000427,0.003419,0.015140,3.719264,3.292402,1.797800,1.102929,0.602197,1.102929,0.801098,0.879193,3.303110,3.298531,0.797655,4.911100,4.921820,0.003419
43.200053,1,0.000000,0.219584,0.152245,0.000000,0.000000,0.180547,0.285948,1.053740,0.000122,0.000488,0.003419,0.015263,3.711840,3.301682,1.796824,1.107691,0.613552,1.104761,0.801831,0.879999,3.304942,3.299447,0.797655,4.889660,4.899040,0.004274
43.230054,1,0.000000,0.222512,0.153221,0.000000,0.000000,0.182499,0.283020,2.500400,0.000061,0.000549,0.003358,0.015140,3.722976,3.301682,1.797800,1.101830,0.612454,1.104761,0.801831,0.879193,3.303110,3.298531,0.796776,4.892340,4.919140,0.004274
43.260053,1,0.000000,0.218608,0.154197,0.000000,0.000000,0.182499,0.284972,1.053740,0.000061,0.000549,0.003358,0.015507,3.710912,3.301682,1.796824,1.101830,0.601831,1.101464,0.800732,0.879999,3.304942,3.297616,0.797362,4.877600,4.908420,0.003419
43.290054,1,0.003904,0.219584,0.154197,0.000000,0.000000,0.181523,0.281068,2.071760,0.000061,0.000549,0.003358,0.015263,3.713696,3.301682,1.797312,1.107691,0.606593,1.104761,0.802197,0.878925,3.304942,3.300363,0.797362,4.895020,4.907080,0.004274
43.320053,1,0.002928,0.220560,0.152245,0.000976,0.000000,0.181523,0.283996,1.875300,0.000183,0.000672,0.003297,0.015385,3.711840,3.301682,1.798289,1.104761,0.612454,1.104394,0.802930,0.879462,3.304026,3.300363,0.797362,4.908420,4.921820,0.004274
43.350054,1,0.000000,0.221536,0.153221,0.000000,0.000000,0.179571,0.282044,1.062670,0.000183,0.000427,0.003419,0.015385,3.700704,3.301682,1.796824,1.104761,0.600366,1.102929,0.799633,0.879462,3.304942,3.300363,0.796776,4.897700,4.911100,0.003419
43.380054,1,0.000000,0.222512,0.152245,0.000000,0.000000,0.179571,0.283996,2.053900,0.000244,0.000549,0.003358,0.015751,3.710912,3.297970,1.796824,1.107691,0.603296,1.102929,0.800732,0.879462,3.305857,3.299447,0.797655,4.881620,4.907080,0.003419
43.410054,1,0.000000,0.222512,0.153221,0.000000,0.000000,0.178595,0.283996,1.062670,0.000183,0.000427,0.003419,0.015629,3.711840,3.293330,1.799266,1.109889,0.613186,1.101098,0.802930,0.879193,3.304942,3.299447,0.797655,4.911100,4.920480,0.004274
43.440053,1,0.000000,0.219584,0.153221,0.000000,0.000000,0.180547,0.283020,1.053740,0.000061,0.000549,0.003358,0.015873,3.711840,3.297970,1.797312,1.103296,0.599999,1.102197,0.801098,0.879999,3.305857,3.299447,0.797362,4.899040,4.896360,0.004274
43.470054,1,0.000000,0.221536,0.153221,0.000000,0.000000,0.179571,0.283996,2.187850,0.000122,0.000488,0.003358,0.015507,3.710912,3.301682,1.796824,1.107691,0.606227,1.104028,0.800365,0.879193,3.304026,3.299447,0.797362,4.893680,4.908420,0.003419
43.500054,1,0.000000,0.220560,0.153221,0.000000,0.000000,0.179571,0.283996,1.062670,0.000061,0.000549,0.003358,0.015873,3.711840,3.298898,1.796824,1.102929,0.615018,1.101098,0.800732,0.879462,3.304026,3.300363,0.797362,4.907080,4.919140,0.003419
43.530053,1,0.000976,0.219584,0.151269,0.000000,0.000000,0.180547,0.284972,1.794930,0.000061,0.000427,0.003297,0.015263,3.701632,3.293330,1.798289,1.104028,0.614285,1.104761,0.799633,0.879462,3.305857,3.298531,0.797655,4.901720,4.892340,0.004274
43.560054,1,0.000976,0.224464,0.151269,0.000000,0.000000,0.180547,0.283020,1.848510,0.000244,0.000488,0.003297,0.015018,3.710912,3.298898,1.797800,1.104761,0.602197,1.103662,0.800732,0.879462,3.305857,3.298531,0.797362,4.908420,4.921820,0.004274
43.590054,1,0.000000,0.219584,0.155173,0.000000,0.000000,0.181523,0.283996,1.062670,0.000061,0.000427,0.003419,0.015140,3.704416,3.292402,1.798289,1.101830,0.613552,1.101098,0.800732,0.879731,3.305857,3.299447,0.797362,4.896360,4.903060,0.004274
43.620054,1,0.000000,0.220560,0.153221,0.000000,0.000000,0.179571,0.283996,1.562750,0.000183,0.000427,0.003297,0.015385,3.701632,3.301682,1.797312,1.110622,0.601831,1.103662,0.800732,0.879731,3.303110,3.299447,0.797362,4.882960,4.907080,0.004274
43.650054,1,0.000000,0.220560,0.152245,0.000000,0.000000,0.177619,0.284972,1.053740,0.000061,0.000427,0.003358,0.015507,3.711840,3.327664,1.797312,1.101830,0.615018,1.104394,0.802930,0.879999,3.304942,3.299447,0.797362,4.907080,4.920480,0.004274
43.680054,1,0.000000,0.217632,0.151269,0.000000,0.000000,0.179571,0.284972,2.491470,0.000061,0.000672,0.003358,0.015629,3.711840,3.295186,1.797800,1.102929,0.599999,1.100732,0.800732,0.879193,3.305857,3.298531,0.797655,4.892340,4.889660,0.004274
43.710054,1,0.000976,0.224464,0.152245,0.000976,0.000000,0.179571,0.310346,2.125340,0.000183,0.000427,0.003419,0.015629,3.700704,3.294258,1.798289,1.101464,0.605860,1.104028,0.801098,0.879999,3.304942,3.299447,0.797655,4.893680,4.899040,0.004274
43.740054,1,0.000000,0.219584,0.154197,0.000000,0.000000,0.191282,0.284972,1.053740,0.000061,0.000549,0.003541,0.015140,3.719264,3.298898,1.797312,1.104761,0.615018,1.100732,0.799633,0.879193,3.304942,3.299447,0.797655,4.911100,4.921820,0.003419
43.770054,1,0.000000,0.220560,0.153221,0.000000,0.000000,0.191282,0.283996,1.902090,0.000061,0.000427,0.003419,0.015140,3.711840,3.292402,1.799266,1.102563,0.612087,1.104394,0.801098,0.879999,3.303110,3.299447,0.797362,4.888320,4.880280,0.004274
43.800053,1,0.000976,0.218608,0.154197,0.000000,0.000000,0.191282,0.284972,2.205710,0.000061,0.000977,0.003297,0.015263,3.711840,3.301682,1.796335,1.107691,0.602930,1.104028,0.800732,0.879193,3.304026,3.299447,0.797655,4.899040,4.919140,0.003419
43.830054,1,0.000000,0.219584,0.154197,0.000000,0.000000,0.193234,0.283020,1.053740,0.000183,0.000672,0.003419,0.015263,3.711840,3.301682,1.798289,1.107691,0.612087,1.104761,0.801831,0.879193,3.307689,3.298531,0.797362,4.907080,4.920480,0.004274
43.860054,1,0.001952,0.220560,0.153221,0.000000,0.000000,0.181523,0.283996,1.812790,0.000244,0.000488,0.003419,0.015385,3.715552,3.301682,1.797312,1.107691,0.602197,1.104028,0.799633,0.879731,3.303110,3.299447,0.797362,4.877600,4.911100,0.003419
43.890055,1,0.000000,0.218608,0.153221,0.000000,0.000000,0.179571,0.283996,1.866370,0.000244,0.000488,0.003358,0.015018,3.700704,3.327664,1.797312,1.104761,0.601465,1.100732,0.801831,0.879193,3.304942,3.299447,0.797655,4.911100,4.920480,0.004274
43.920054,1,0.000000,0.217632,0.153221,0.000000,0.000000,0.181523,0.281068,1.062670,0.000061,0.000427,0.003419,0.015263,3.711840,3.293330,1.797312,1.104028,0.616483,1.101098,0.800732,0.879462,3.305857,3.300363,0.796776,4.912440,4.919140,0.003419
43.950055,1,0.000000,0.222512,0.153221,0.000000,0.000000,0.179571,0.283020,1.812790,0.000183,0.000427,0.003419,0.015263,3.711840,3.294258,1.798289,1.102197,0.605128,1.104761,0.799267,0.879193,3.304942,3.299447,0.797948,4.877600,4.905740,0.004274
43.980054,1,0.000000,0.219584,0.155173,0.000000,0.000000,0.179571,0.283020,2.071760,0.000061,0.000549,0.003114,0.015385,3.711840,3.297970,1.796824,1.102929,0.604761,1.104028,0.799633,0.879462,3.304026,3.300363,0.797362,4.907080,4.920480,0.004274
44.010054,1,0.000000,0.227392,0.153221,0.000000,0.000000,0.180547,0.283020,1.062670,0.000061,0.000549,0.003358,0.016117,3.719264,3.301682,1.798289,1.107691,0.613919,1.102929,0.801831,0.879193,3.303110,3.299447,0.797655,4.911100,4.899040,0.004274
44.040053,1,0.000000,0.228368,0.153221,0.000000,0.000000,0.180547,0.284972,1.786000,0.000122,0.000733,0.003358,0.015873,3.726687,3.311889,1.796824,1.107691,0.599999,1.105127,0.799633,0.879999,3.305857,3.299447,0.797948,4.899040,4.909760,0.004274
44.070055,1,0.000000,0.226416,0.153221,0.000000,0.000000,0.181523,0.283020,2.437890,0.000122,0.000549,0.003419,0.015629,3.711840,3.299826,1.797312,1.101830,0.613186,1.105127,0.800732,0.878925,3.304942,3.299447,0.797655,4.909760,4.920480,0.004274
44.100053,1,0.000000,0.230320,0.154197,0.000000,0.000000,0.181523,0.283996,1.062670,0.000061,0.000427,0.003419,0.015385,3.719264,3.295186,1.797312,1.103296,0.601098,1.101464,0.801831,0.879999,3.304026,3.298531,0.797362,4.877600,4.897700,0.003419
44.130054,1,0.000000,0.228368,0.154197,0.000976,0.000000,0.180547,0.282044,1.803860,0.000183,0.000427,0.003419,0.015507,3.715552,3.292402,1.798289,1.107691,0.601465,1.104761,0.801464,0.879731,3.303110,3.299447,0.797362,4.901720,4.895020,0.004274
44.160054,1,0.000000,0.219584,0.155173,0.000000,0.000000,0.180547,0.283020,1.071600,0.000061,0.000672,0.003419,0.015263,3.711840,3.295186,1.797312,1.107691,0.614285,1.102563,0.801831,0.879462,3.305857,3.300363,0.796776,4.912440,4.921820,0.003419
44.190054,1,0.000000,0.220560,0.154197,0.000000,0.000000,0.181523,0.283020,1.634190,0.000061,0.000549,0.003358,0.015629,3.701632,3.301682,1.797800,1.102197,0.601465,1.104394,0.800732,0.879193,3.304942,3.299447,0.797362,4.893680,4.907080,0.004274
44.220053,1,0.000000,0.223488,0.152245,0.000000,0.000000,0.180547,0.283020,2.303940,0.000183,0.000427,0.003419,0.015629,3.711840,3.292402,1.798289,1.107691,0.602564,1.101098,0.801464,0.879193,3.304942,3.297616,0.797362,4.888320,4.920480,0.004274
44.250054,1,0.000000,0.221536,0.152245,0.000000,0.000000,0.181523,0.283996,1.035880,0.000061,0.000549,0.003297,0.016117,3.711840,3.299826,1.798289,1.107325,0.615018,1.104028,0.800732,0.879193,3.303110,3.299447,0.797655,4.912440,4.921820,0.003419
44.280053,1,0.000000,0.217632,0.153221,0.000000,0.000000,0.192258,0.282044,1.768140,0.000244,0.000549,0.003358,0.015263,3.704416,3.301682,1.796824,1.101464,0.606227,1.102197,0.800732,0.879462,3.303110,3.299447,0.797655,4.892340,4.905740,0.004274
44.310054,1,0.000000,0.221536,0.154197,0.000000,0.000000,0.191282,0.283996,1.562750,0.000183,0.000427,0.003358,0.015385,3.711840,3.301682,1.796824,1.102197,0.602564,1.104028,0.799633,0.879731,3.303110,3.299447,0.796776,4.909760,4.920480,0.004274
44.340054,1,0.000000,0.221536,0.153221,0.000000,0.000000,0.191282,0.280092,1.053740,0.000061,0.000672,0.003358,0.015018,3.711840,3.293330,1.797312,1.107691,0.612087,1.104761,0.801098,0.879193,3.304942,3.299447,0.797655,4.909760,4.901720,0.004274
44.370053,1,0.000000,0.220560,0.153221,0.000000,0.000000,0.202993,0.284972,2.250360,0.000061,0.000549,0.003358,0.015873,3.697920,3.301682,1.798289,1.110622,0.606227,1.101098,0.800732,0.879193,3.304942,3.299447,0.797362,4.895020,4.899040,0.004274
44.400053,1,0.000976,0.220560,0.153221,0.000000,0.000000,0.180547,0.283020,1.053740,0.000244,0.000549,0.003419,0.015385,3.704416,3.289618,1.797312,1.101830,0.615750,1.102929,0.800732,0.879193,3.304026,3.299447,0.797655,4.907080,4.881620,0.003419
44.430054,1,0.000000,0.218608,0.154197,0.000000,0.000000,0.180547,0.281068,2.178920,0.000061,0.000549,0.003358,0.015263,3.704416,3.292402,1.798289,1.104394,0.601465,1.102197,0.800365,0.879193,3.304942,3.299447,0.797655,4.895020,4.907080,0.004274
44.460054,1,0.000000,0.222512,0.153221,0.000000,0.000000,0.192258,0.283996,1.794930,0.000061,0.000672,0.003419,0.015629,3.719264,3.295186,1.797312,1.107691,0.610988,1.102197,0.799633,0.879462,3.304026,3.300363,0.796776,4.911100,4.921820,0.004274
44.490054,1,0.000976,0.219584,0.154197,0.000000,0.000000,0.178595,0.281068,1.053740,0.000122,0.000549,0.003419,0.015629,3.711840,3.292402,1.797800,1.103296,0.601098,1.104761,0.799267,0.879731,3.304026,3.300363,0.797362,4.888320,4.912440,0.003419
44.520054,1,0.000976,0.218608,0.152245,0.000000,0.000000,0.180547,0.283996,2.187850,0.000244,0.000488,0.003419,0.015385,3.711840,3.299826,1.797800,1.103296,0.601465,1.104761,0.800732,0.879193,3.305857,3.299447,0.797655,4.889660,4.891000,0.004274
44.550054,1,0.000000,0.227392,0.153221,0.000000,0.000000,0.179571,0.283996,1.786000,0.000122,0.000549,0.003419,0.015507,3.711840,3.307249,1.797312,1.101464,0.609889,1.102197,0.799633,0.879462,3.304026,3.299447,0.797362,4.907080,4.919140,0.004274
44.580053,1,0.000000,0.229344,0.153221,0.000000,0.000000,0.179571,0.284972,1.053740,0.000061,0.000549,0.003358,0.015629,3.704416,3.301682,1.796824,1.104394,0.603296,1.104761,0.801098,0.879462,3.304942,3.299447,0.797362,4.877600,4.907080,0.004274
44.610055,1,0.000000,0.226416,0.153221,0.000000,0.000000,0.179571,0.283996,2.071760,0.000122,0.000488,0.003358,0.015385,3.719264,3.301682,1.797800,1.107691,0.605860,1.101098,0.801831,0.879462,3.303110,3.299447,0.797655,4.881620,4.904400,0.004274
44.640054,1,0.000000,0.231295,0.152245,0.000000,0.000000,0.178595,0.283020,1.062670,0.000183,0.000427,0.003297,0.015140,3.711840,3.297970,1.796824,1.101464,0.613186,1.104761,0.802930,0.879462,3.304942,3.297616,0.797362,4.909760,4.920480,0.004274
44.670054,1,0.000000,0.223488,0.154197,0.000000,0.000000,0.182499,0.283020,1.053740,0.000183,0.000427,0.003358,0.015385,3.704416,3.311889,1.796824,1.109156,0.602564,1.104761,0.800732,0.879193,3.304942,3.300363,0.797655,4.901720,4.907080,0.004274
44.700054,1,0.002928,0.222512,0.153221,0.000000,0.000000,0.179571,0.283996,2.562910,0.000122,0.000549,0.003358,0.015140,3.704416,3.301682,1.796824,1.110622,0.601831,1.102197,0.801831,0.879731,3.305857,3.300363,0.797655,4.878940,4.919140,0.004274
44.730054,1,0.000000,0.219584,0.152245,0.000000,0.000000,0.181523,0.282044,1.053740,0.000061,0.000549,0.003358,0.015263,3.711840,3.301682,1.797312,1.107691,0.612087,1.104761,0.801098,0.879999,3.304942,3.299447,0.797655,4.895020,4.904400,0.004274
44.760054,1,0.000976,0.220560,0.155173,0.000000,0.000000,0.180547,0.282044,2.795090,0.000122,0.000611,0.003419,0.015018,3.711840,3.293330,1.797800,1.109156,0.600732,1.102929,0.799633,0.879462,3.305857,3.300363,0.797362,4.888320,4.899040,0.003419
44.790053,1,0.000000,0.216657,0.155173,0.000000,0.000000,0.179571,0.283020,1.562750,0.000244,0.000488,0.003358,0.015873,3.711840,3.327664,1.796824,1.103296,0.613186,1.104028,0.801464,0.879193,3.304942,3.299447,0.797362,4.909760,4.920480,0.004274
44.820054,1,0.000000,0.222512,0.155173,0.000000,0.000000,0.181523,0.284972,1.062670,0.000183,0.000427,0.003419,0.015873,3.703488,3.293330,1.796824,1.110622,0.606227,1.100732,0.800732,0.879999,3.304026,3.298531,0.797362,4.896360,4.907080,0.004274
44.850053,1,0.000000,0.218608,0.154197,0.000000,0.000000,0.181523,0.282044,1.562750,0.000061,0.000549,0.003297,0.015629,3.711840,3.297970,1.796824,1.109156,0.601465,1.101098,0.800732,0.879999,3.304942,3.299447,0.797948,4.888320,4.893680,0.004274
44.880054,1,0.000000,0.222512,0.154197,0.000000,0.000000,0.178595,0.281068,1.062670,0.000122,0.000549,0.003297,0.015385,3.711840,3.299826,1.796824,1.109889,0.612087,1.104394,0.800732,0.879462,3.304942,3.299447,0.797362,4.907080,4.920480,0.004274
44.910054,1,0.000000,0.222512,0.153221,0.000000,0.003431,0.178595,0.283996,1.053740,0.000183,0.000427,0.003419,0.015629,3.704416,3.292402,1.796824,1.104761,0.613919,1.102929,0.799267,0.879999,3.304026,3.298531,0.797362,4.896360,4.900380,0.003419
44.940054,1,0.000976,0.231295,0.152245,0.000000,0.000000,0.178595,0.283020,1.562750,0.000061,0.000427,0.003358,0.015263,3.703488,3.293330,1.797312,1.108424,0.600732,1.104394,0.801831,0.879731,3.305857,3.300363,0.797069,4.897700,4.903060,0.003419
44.970054,1,0.000000,0.221536,0.153221,0.000000,0.000000,0.181523,0.283020,1.053740,0.000061,0.000549,0.003358,0.015263,3.710912,3.298898,1.796824,1.102197,0.614651,1.101464,0.798900,0.879999,3.305857,3.299447,0.797655,4.909760,4.920480,0.004274
45.000053,1,0.000000,0.219584,0.153221,0.000000,0.000000,0.180547,0.283020,2.482540,0.000061,0.000549,0.003358,0.015629,3.711840,3.301682,1.797800,1.101830,0.613919,1.104761,0.800365,0.879462,3.305857,3.299447,0.797362,4.892340,4.892340,0.004274
45.030054,1,0.000976,0.217632,0.153221,0.000000,0.000000,0.179571,0.303514,2.178920,0.000122,0.000549,0.003297,0.015385,3.701632,3.301682,1.797800,1.110622,0.599999,1.104761,0.801098,0.879731,3.305857,3.300363,0.797362,4.892340,4.905740,0.004274
45.060054,1,0.000000,0.219584,0.153221,0.000000,0.000000,0.180547,0.283996,1.062670,0.000061,0.000549,0.003358,0.015507,3.711840,3.301682,1.796824,1.102197,0.614651,1.104028,0.801098,0.879193,3.304942,3.299447,0.797655,4.911100,4.920480,0.004274
45.090054,1,0.000000,0.221536,0.153221,0.000000,0.000000,0.179571,0.283996,1.866370,0.000122,0.000549,0.003358,0.015385,3.715552,3.301682,1.796824,1.110622,0.609157,1.104761,0.799633,0.879462,3.305857,3.298531,0.797362,4.886980,4.884300,0.004274
45.120053,1,0.000000,0.221536,0.153221,0.000000,0.000000,0.179571,0.287899,2.205710,0.000061,0.000427,0.003419,0.015140,3.711840,3.293330,1.798289,1.110622,0.603662,1.100732,0.799633,0.879462,3.305857,3.300363,0.796776,4.896360,4.921820,0.003419
45.150054,1,0.000000,0.217632,0.152245,0.000000,0.000000,0.178595,0.283996,1.062670,0.000122,0.000549,0.003297,0.015507,3.711840,3.301682,1.796824,1.104394,0.615018,1.102929,0.801831,0.879731,3.303110,3.298531,0.796776,4.912440,4.913780,0.004274
45.180054,1,0.000000,0.218608,0.152245,0.000000,0.000000,0.178595,0.283996,1.812790,0.000183,0.000427,0.003419,0.016117,3.715552,3.301682,1.797800,1.107691,0.601098,1.100732,0.801098,0.879462,3.304026,3.299447,0.797655,4.874920,4.912440,0.004274
45.210055,1,0.000976,0.224464,0.154197,0.000000,0.000000,0.180547,0.283996,1.884230,0.000183,0.000427,0.003480,0.015507,3.711840,3.292402,1.796824,1.106226,0.604761,1.099999,0.801098,0.879193,3.304026,3.299447,0.797948,4.911100,4.919140,0.004274
45.240054,1,0.000000,0.219584,0.154197,0.000000,0.000000,0.180547,0.283020,1.071600,0.000122,0.000488,0.003419,0.015507,3.711840,3.327664,1.796824,1.112087,0.615018,1.104761,0.798900,0.879462,3.306773,3.299447,0.797655,4.892340,4.893680,0.004274
45.270054,1,0.000976,0.220560,0.153221,0.000000,0.000000,0.180547,0.284972,1.777070,0.000061,0.000549,0.003358,0.015385,3.703488,3.301682,1.797800,1.107691,0.601098,1.101464,0.801831,0.879193,3.305857,3.299447,0.797655,4.900380,4.908420,0.004274
45.300054,1,0.000000,0.221536,0.154197,0.000000,0.000000,0.179571,0.283996,1.071600,0.000244,0.000549,0.003358,0.015629,3.719264,3.291474,1.797312,1.105494,0.613186,1.104761,0.800732,0.878925,3.304942,3.299447,0.796776,4.905740,4.920480,0.004274
45.330054,1,0.000000,0.219584,0.156149,0.000000,0.000000,0.179571,0.283996,1.071600,0.000183,0.000427,0.003419,0.015629,3.711840,3.293330,1.797312,1.107691,0.602197,1.100732,0.800732,0.879999,3.304942,3.299447,0.797948,4.888320,4.904400,0.003419
45.360053,1,0.000976,0.222512,0.152245,0.000000,0.000000,0.178595,0.283020,1.866370,0.000183,0.000427,0.003358,0.015263,3.711840,3.293330,1.797312,1.107691,0.606593,1.102929,0.800732,0.879193,3.304942,3.299447,0.797948,4.899040,4.899040,0.004274
45.390053,1,0.000000,0.219584,0.152245,0.000000,0.000000,0.180547,0.281068,1.053740,0.000305,0.000549,0.003358,0.015263,3.711840,3.298898,1.797800,1.106226,0.614285,1.104394,0.799633,0.879462,3.304026,3.298531,0.797362,4.907080,4.919140,0.003419
45.420054,1,0.000000,0.218608,0.153221,0.000000,0.000000,0.180547,0.283020,1.616330,0.000122,0.000549,0.003419,0.015018,3.711840,3.292402,1.798289,1.104394,0.601831,1.104394,0.801464,0.879999,3.304942,3.297616,0.797948,4.896360,4.903060,0.004274
45.450054,1,0.000000,0.232271,0.152245,0.000000,0.000000,0.181523,0.283996,2.339660,0.000122,0.000549,0.003419,0.015018,3.719264,3.307249,1.797800,1.105127,0.611721,1.104761,0.801831,0.879462,3.303110,3.299447,0.797362,4.909760,4.920480,0.004274
45.480054,1,0.000000,0.224464,0.152245,0.000000,0.000000,0.178595,0.281068,1.053740,0.000061,0.000427,0.003419,0.015263,3.711840,3.293330,1.797312,1.102197,0.602197,1.101464,0.801831,0.879193,3.304942,3.299447,0.797948,4.888320,4.903060,0.004274
45.510055,1,0.000000,0.222512,0.154197,0.000000,0.000000,0.181523,0.283020,1.919950,0.000183,0.000427,0.003358,0.015263,3.710912,3.327664,1.796335,1.101830,0.604029,1.105127,0.800732,0.879731,3.305857,3.300363,0.797362,4.896360,4.904400,0.004274
45.540054,1,0.000000,0.224464,0.152245,0.000000,0.000000,0.179571,0.282044,1.062670,0.000122,0.000488,0.003419,0.015507,3.711840,3.301682,1.796824,1.107691,0.612087,1.102929,0.800732,0.879193,3.305857,3.298531,0.797362,4.909760,4.913780,0.004274
45.570054,1,0.000976,0.219584,0.157125,0.000000,0.000000,0.179571,0.282044,1.562750,0.000183,0.000427,0.003419,0.015263,3.711840,3.327664,1.798289,1.107325,0.604761,1.102929,0.801831,0.879193,3.304942,3.300363,0.796776,4.897700,4.904400,0.004274
45.600054,1,0.000000,0.224464,0.152245,0.000000,0.000000,0.179571,0.281068,1.812790,0.000183,0.000427,0.003358,0.015140,3.700704,3.291474,1.798289,1.103296,0.609523,1.103662,0.800732,0.879193,3.304942,3.299447,0.797655,4.911100,4.917800,0.004274
45.630053,1,0.000000,0.223488,0.153221,0.000000,0.000000,0.180547,0.282044,1.062670,0.000244,0.000549,0.003419,0.015385,3.711840,3.301682,1.798289,1.104761,0.615018,1.101464,0.800732,0.879462,3.305857,3.298531,0.796776,4.909760,4.892340,0.003419
45.660053,1,0.000000,0.222512,0.152245,0.000000,0.000000,0.180547,0.318153,1.562750,0.000183,0.000427,0.003419,0.015629,3.704416,3.295186,1.797312,1.106226,0.603662,1.104028,0.800365,0.879462,3.304942,3.299447,0.797655,4.886980,4.901720,0.003419
45.690055,1,0.000000,0.222512,0.152245,0.000000,0.000000,0.180547,0.283020,1.812790,0.000183,0.000427,0.003358,0.015140,3.711840,3.313745,1.796824,1.102197,0.612087,1.100732,0.801831,0.879193,3.303110,3.299447,0.797655,4.911100,4.921820,0.004274
45.720054,1,0.000000,0.221536,0.153221,0.000000,0.000000,0.191282,0.283996,1.053740,0.000183,0.000427,0.003358,0.015385,3.701632,3.301682,1.797312,1.104394,0.610622,1.102197,0.800732,0.879731,3.305857,3.300363,0.796776,4.888320,4.885640,0.003419
45.750054,1,0.000000,0.223488,0.151269,0.000000,0.000000,0.192258,0.282044,2.312870,0.000183,0.000427,0.003358,0.016117,3.699776,3.301682,1.797800,1.107691,0.602930,1.102197,0.800732,0.879462,3.304942,3.299447,0.797655,4.895020,4.886980,0.004274
45.780054,1,0.001952,0.220560,0.153221,0.000000,0.000000,0.190306,0.282044,1.794930,0.000244,0.000488,0.003419,0.015507,3.711840,3.298898,1.796824,1.101464,0.614285,1.101098,0.802930,0.879462,3.305857,3.300363,0.796776,4.912440,4.921820,0.004274
45.810054,1,0.000000,0.223488,0.153221,0.000000,0.000000,0.199090,0.283020,1.062670,0.000244,0.000549,0.003358,0.015140,3.711840,3.301682,1.797800,1.101830,0.604029,1.100732,0.801098,0.879731,3.303110,3.299447,0.797069,4.877600,4.911100,0.004274
45.840055,1,0.000000,0.217632,0.152245,0.000000,0.000000,0.203969,0.283996,2.080690,0.000244,0.000549,0.003236,0.015385,3.699776,3.301682,1.796824,1.104761,0.602564,1.104394,0.800732,0.879462,3.304026,3.300363,0.796776,4.897700,4.921820,0.004274
45.870054,1,0.000000,0.225440,0.154197,0.000000,0.000000,0.180547,0.284972,1.053740,0.000061,0.000427,0.003358,0.015018,3.700704,3.292402,1.798289,1.101464,0.614651,1.104394,0.799633,0.879731,3.303110,3.300363,0.797362,4.912440,4.903060,0.003419
45.900053,1,0.000000,0.222512,0.153221,0.000000,0.000000,0.180547,0.282044,1.893160,0.000061,0.000672,0.003358,0.015385,3.717408,3.301682,1.796824,1.101464,0.603662,1.101464,0.800365,0.879462,3.305857,3.299447,0.797655,4.899040,4.899040,0.004274
45.930055,1,0.000000,0.225440,0.153221,0.000000,0.000000,0.178595,0.283020,1.839580,0.000183,0.000427,0.003419,0.015629,3.696064,3.299826,1.797800,1.107325,0.609157,1.100732,0.802930,0.879193,3.305857,3.299447,0.797069,4.912440,4.921820,0.004274
45.960054,1,0.000976,0.224464,0.154197,0.000000,0.000000,0.178595,0.284972,1.062670,0.000122,0.000549,0.003297,0.015385,3.704416,3.297970,1.797800,1.101830,0.601831,1.104761,0.801098,0.879731,3.305857,3.299447,0.797655,4.892340,4.904400,0.004274
45.990054,1,0.000000,0.230320,0.152245,0.000000,0.000000,0.180547,0.283996,2.777230,0.000061,0.000427,0.003419,0.015018,3.719264,3.292402,1.798289,1.104761,0.599633,1.104394,0.802930,0.879999,3.307689,3.300363,0.797362,4.886980,4.892340,0.003419
46.020054,1,0.000000,0.229344,0.154197,0.000000,0.000000,0.182499,0.283020,1.571680,0.000244,0.000549,0.003297,0.015629,3.711840,3.301682,1.797312,1.101464,0.615384,1.101098,0.800732,0.879193,3.303110,3.298531,0.797655,4.909760,4.920480,0.004274
46.050054,1,0.000000,0.294731,0.154197,0.000000,0.000000,0.179571,0.282044,1.062670,0.000183,0.000427,0.003297,0.016117,3.711840,3.299826,1.796824,1.104761,0.602197,1.104761,0.801831,0.879731,3.304026,3.300363,0.796776,4.892340,4.904400,0.003419
46.080053,1,0.000000,0.229344,0.156149,0.000000,0.000000,0.182499,0.281068,2.795090,0.000122,0.000549,0.003358,0.015507,3.713696,3.301682,1.797312,1.101830,0.601831,1.105494,0.799633,0.879462,3.305857,3.298531,0.797362,4.886980,4.909760,0.004274
46.110054,1,0.000000,0.235199,0.152245,0.000000,0.000000,0.180547,0.283996,1.071600,0.000183,0.000672,0.003236,0.016117,3.711840,3.299826,1.797312,1.102197,0.612820,1.101098,0.800365,0.879193,3.304026,3.300363,0.796776,4.912440,4.920480,0.004274
46.140053,1,0.000976,0.222512,0.153221,0.000000,0.000000,0.181523,0.285948,1.053740,0.000244,0.000549,0.003419,0.015385,3.710912,3.298898,1.797800,1.107325,0.601098,1.103662,0.798900,0.879731,3.303110,3.299447,0.797655,4.892340,4.900380,0.003419
46.170054,1,0.000000,0.224464,0.155173,0.000000,0.000000,0.181523,0.283996,1.562750,0.000122,0.000549,0.003419,0.015873,3.704416,3.298898,1.796824,1.104761,0.601831,1.104394,0.799633,0.878925,3.304942,3.298531,0.797655,4.881620,4.892340,0.003419
46.200054,1,0.000976,0.219584,0.154197,0.000000,0.000000,0.182499,0.283020,1.062670,0.000122,0.000549,0.003419,0.015263,3.700704,3.299826,1.797800,1.110622,0.615384,1.104761,0.801831,0.879462,3.304026,3.300363,0.797362,4.912440,4.921820,0.004274
46.230054,1,0.000976,0.224464,0.153221,0.000000,0.000000,0.181523,0.282044,1.571680,0.000183,0.000427,0.003236,0.015018,3.719264,3.293330,1.798289,1.102197,0.611355,1.104761,0.799633,0.879731,3.303110,3.298531,0.797362,4.892340,4.893680,0.004274
46.260054,1,0.001952,0.222512,0.154197,0.000000,0.000000,0.191282,0.283020,1.562750,0.000061,0.000672,0.003358,0.015629,3.703488,3.293330,1.798289,1.101464,0.606959,1.102929,0.801098,0.879462,3.304026,3.300363,0.797362,4.896360,4.921820,0.003419
46.290054,1,0.000000,0.220560,0.154197,0.000000,0.000000,0.192258,0.284972,1.062670,0.000183,0.000672,0.003297,0.015263,3.711840,3.301682,1.797800,1.101464,0.614651,1.101098,0.802930,0.879193,3.304942,3.298531,0.797069,4.911100,4.920480,0.004274
46.320053,1,0.000976,0.222512,0.153221,0.000000,0.000000,0.190306,0.282044,2.482540,0.000244,0.000549,0.003297,0.015629,3.711840,3.297970,1.796824,1.103296,0.612087,1.102929,0.800732,0.878656,3.304942,3.298531,0.797655,4.886980,4.884300,0.004274
46.350054,1,0.000000,0.224464,0.153221,0.000000,0.000000,0.202993,0.282044,2.321800,0.000061,0.000427,0.003419,0.015385,3.711840,3.292402,1.798289,1.104394,0.602930,1.104761,0.801098,0.879462,3.305857,3.298531,0.797362,4.912440,4.920480,0.003419
46.380054,1,0.000976,0.222512,0.155173,0.000000,0.000000,0.199090,0.283020,1.062670,0.000061,0.000549,0.003358,0.015507,3.715552,3.297970,1.796824,1.104761,0.613919,1.102929,0.801464,0.879999,3.304942,3.299447,0.797948,4.907080,4.903060,0.004274
46.410054,1,0.000976,0.225440,0.153221,0.000000,0.000000,0.180547,0.283996,1.803860,0.000244,0.000549,0.003419,0.015140,3.711840,3.298898,1.797312,1.101464,0.602930,1.100732,0.801464,0.879731,3.304942,3.299447,0.797655,4.870900,4.909760,0.004274
46.440055,1,0.000976,0.226416,0.152245,0.000000,0.000000,0.180547,0.282044,1.884230,0.000061,0.000549,0.003419,0.015629,3.700704,3.295186,1.797800,1.107325,0.611355,1.102197,0.799633,0.879999,3.304026,3.299447,0.797362,4.907080,4.919140,0.004274
46.470054,1,0.000000,0.219584,0.153221,0.000000,0.000000,0.180547,0.281068,1.062670,0.000183,0.000427,0.003419,0.015507,3.719264,3.293330,1.798289,1.104761,0.605128,1.102929,0.800732,0.879462,3.304942,3.299447,0.797362,4.895020,4.904400,0.004274
46.500053,1,0.000000,0.221536,0.152245,0.000000,0.000000,0.202993,0.283996,1.794930,0.000183,0.000427,0.003419,0.015385,3.710912,3.301682,1.797312,1.107691,0.605128,1.104028,0.801464,0.879731,3.303110,3.299447,0.797655,4.900380,4.907080,0.004274
46.530054,1,0.000000,0.231295,0.153221,0.000000,0.000000,0.179571,0.282044,1.053740,0.000183,0.000427,0.003419,0.015629,3.711840,3.301682,1.797800,1.104394,0.612087,1.104028,0.800732,0.879462,3.305857,3.298531,0.797362,4.912440,4.919140,0.004274
46.560054,1,0.000000,0.230320,0.159077,0.000000,0.000000,0.180547,0.282044,2.071760,0.000305,0.000549,0.003297,0.015263,3.711840,3.307249,1.798289,1.109156,0.601831,1.100365,0.800365,0.880536,3.304942,3.299447,0.797655,4.900380,4.904400,0.004274
46.590054,1,0.000000,0.228368,0.153221,0.000000,0.000000,0.180547,0.282044,1.875300,0.000183,0.000427,0.003419,0.015140,3.719264,3.293330,1.797312,1.108424,0.606959,1.106226,0.800732,0.879193,3.304942,3.299447,0.797948,4.909760,4.920480,0.003419
46.620053,1,0.000000,0.233247,0.152245,0.000000,0.000000,0.180547,0.283020,1.053740,0.000183,0.000427,0.003419,0.015507,3.703488,3.293330,1.797312,1.107325,0.605494,1.102929,0.801831,0.879193,3.304942,3.299447,0.797655,4.884300,4.904400,0.004274
46.650055,1,0.000000,0.231295,0.153221,0.000000,0.000000,0.179571,0.283020,1.928880,0.000183,0.000427,0.003419,0.015263,3.719264,3.299826,1.797312,1.107691,0.606593,1.102197,0.801831,0.879731,3.303110,3.299447,0.797655,4.896360,4.897700,0.003419
46.680054,1,0.000000,0.224464,0.152245,0.000000,0.000000,0.181523,0.283996,1.053740,0.000183,0.000305,0.003419,0.015385,3.711840,3.292402,1.796824,1.105494,0.605128,1.104028,0.800732,0.879731,3.304026,3.300363,0.797362,4.908420,4.921820,0.003419
46.710054,1,0.000000,0.222512,0.151269,0.000000,0.000000,0.180547,0.283996,2.732580,0.000244,0.000549,0.003419,0.015018,3.715552,3.299826,1.798289,1.103296,0.606593,1.102197,0.802930,0.879462,3.305857,3.300363,0.797362,4.891000,4.909760,0.004274
46.740054,1,0.000976,0.224464,0.154197,0.000000,0.000000,0.178595,0.283020,2.491470,0.000122,0.000549,0.003419,0.015263,3.704416,3.293330,1.797800,1.103662,0.601098,1.104761,0.801464,0.879462,3.304026,3.299447,0.797362,4.896360,4.921820,0.003419
46.770054,1,0.000000,0.223488,0.154197,0.000000,0.000000,0.179571,0.283996,1.062670,0.000061,0.000549,0.003358,0.015507,3.711840,3.357359,1.795847,1.104761,0.615750,1.104761,0.801098,0.879462,3.304942,3.298531,0.797362,4.907080,4.919140,0.003419
46.800053,1,0.000000,0.222512,0.152245,0.000000,0.000000,0.180547,0.282044,1.562750,0.000183,0.000427,0.003480,0.015385,3.696064,3.301682,1.797312,1.101464,0.603296,1.100732,0.801831,0.879999,3.307689,3.300363,0.797362,4.882960,4.903060,0.004274
46.830055,1,0.000000,0.224464,0.152245,0.000000,0.000000,0.180547,0.282044,1.839580,0.000122,0.000549,0.003358,0.015385,3.711840,3.301682,1.796824,1.102929,0.612454,1.102929,0.800365,0.879462,3.305857,3.300363,0.797655,4.909760,4.921820,0.004274
46.860054,1,0.000000,0.222512,0.152245,0.000000,0.000000,0.180547,0.282044,1.062670,0.000061,0.000549,0.003358,0.015263,3.710912,3.291474,1.797312,1.106226,0.615018,1.100732,0.799633,0.879999,3.304942,3.300363,0.796776,4.907080,4.892340,0.004274
46.890054,1,0.000000,0.222512,0.151269,0.024398,0.000000,0.181523,0.283996,1.562750,0.000183,0.000427,0.003419,0.015507,3.711840,3.301682,1.797312,1.110622,0.606227,1.104394,0.800732,0.879999,3.307689,3.299447,0.797069,4.899040,4.909760,0.003419
46.920055,1,0.000000,0.224464,0.154197,0.000000,0.000000,0.179571,0.283020,1.812790,0.000244,0.000549,0.003114,0.015385,3.719264,3.298898,1.797312,1.101830,0.611355,1.102929,0.801464,0.879462,3.304942,3.299447,0.797655,4.911100,4.920480,0.004274
46.950054,1,0.000000,0.223488,0.153221,0.000000,0.000000,0.179571,0.281068,1.053740,0.000122,0.000611,0.003480,0.015140,3.711840,3.293330,1.798289,1.104394,0.606959,1.101098,0.801831,0.879462,3.304026,3.300363,0.797362,4.888320,4.886980,0.004274
46.980053,1,0.000000,0.225440,0.153221,0.000000,0.000000,0.180547,0.280092,2.303940,0.000183,0.000427,0.003419,0.015629,3.715552,3.301682,1.796824,1.101464,0.602197,1.100732,0.801464,0.879193,3.304942,3.299447,0.797655,4.895020,4.908420,0.004274
47.010054,1,0.000000,0.225440,0.152245,0.000000,0.000000,0.180547,0.283996,1.062670,0.000183,0.000427,0.003419,0.015140,3.711840,3.294258,1.798777,1.103296,0.614651,1.102197,0.802930,0.879193,3.303110,3.299447,0.797069,4.908420,4.919140,0.003419
47.040054,1,0.000000,0.222512,0.152245,0.000000,0.000000,0.181523,0.283996,1.794930,0.000244,0.000549,0.003419,0.015629,3.711840,3.307249,1.798777,1.104761,0.606593,1.100732,0.802930,0.879462,3.304942,3.300363,0.797362,4.897700,4.911100,0.003419
47.070054,1,0.000000,0.222512,0.151269,0.000000,0.000000,0.181523,0.282044,1.634190,0.000183,0.000427,0.003358,0.015507,3.700704,3.357359,1.797312,1.109156,0.606959,1.100732,0.801831,0.878925,3.304942,3.299447,0.797655,4.907080,4.920480,0.004274
47.100053,1,0.000000,0.224464,0.152245,0.000000,0.000000,0.181523,0.283996,1.062670,0.000183,0.000427,0.003358,0.015140,3.711840,3.289618,1.797312,1.101464,0.606593,1.102929,0.800732,0.879193,3.304942,3.299447,0.797655,4.878940,4.897700,0.004274
47.130054,1,0.000976,0.223488,0.152245,0.000000,0.000000,0.180547,0.282044,1.866370,0.000183,0.000427,0.003358,0.016117,3.719264,3.301682,1.796824,1.109156,0.602564,1.104394,0.801831,0.879462,3.305857,3.300363,0.797362,4.897700,4.900380,0.004274
47.160054,1,0.001952,0.230320,0.153221,0.000000,0.000000,0.180547,0.283996,1.848510,0.000183,0.000427,0.003358,0.015629,3.719264,3.293330,1.797312,1.105494,0.610622,1.100732,0.802930,0.878656,3.304942,3.300363,0.797069,4.907080,4.920480,0.004274
47.190054,1,0.000000,0.222512,0.152245,0.000000,0.000000,0.180547,0.280092,1.062670,0.000061,0.000672,0.003419,0.015263,3.704416,3.293330,1.796824,1.105494,0.604395,1.104761,0.800732,0.879999,3.304942,3.299447,0.797948,4.893680,4.907080,0.004274
47.220054,1,0.000976,0.223488,0.152245,0.000000,0.000000,0.181523,0.284972,2.214640,0.000061,0.000977,0.003358,0.015140,3.715552,3.291474,1.797312,1.101830,0.604761,1.105494,0.801098,0.879193,3.304026,3.299447,0.797362,4.888320,4.897700,0.003419
47.250055,1,0.000000,0.223488,0.153221,0.000000,0.000000,0.180547,0.283996,2.080690,0.000183,0.000427,0.003419,0.015263,3.704416,3.295186,1.798289,1.104761,0.614651,1.102929,0.800732,0.879193,3.303110,3.299447,0.797655,4.911100,4.921820,0.004274
47.280054,1,0.000000,0.221536,0.153221,0.000000,0.000000,0.180547,0.283020,1.053740,0.000061,0.000549,0.003358,0.015140,3.719264,3.301682,1.798289,1.102563,0.599999,1.101098,0.800365,0.879462,3.304942,3.299447,0.797655,4.886980,4.905740,0.004274
47.310054,1,0.000000,0.222512,0.155173,0.000000,0.000000,0.180547,0.284972,2.786160,0.000183,0.000427,0.003419,0.015629,3.710912,3.295186,1.796824,1.101464,0.604395,1.104028,0.801098,0.879462,3.304026,3.299447,0.797362,4.888320,4.899040,0.004274
47.340053,1,0.000000,0.223488,0.154197,0.000000,0.000000,0.178595,0.284972,1.062670,0.000183,0.000427,0.003236,0.015385,3.719264,3.291474,1.797312,1.102197,0.614285,1.104761,0.799633,0.879462,3.305857,3.298531,0.796776,4.912440,4.913780,0.004274
47.370054,1,0.000000,0.223488,0.154197,0.000000,0.000000,0.180547,0.283996,1.044810,0.000183,0.000427,0.003419,0.015263,3.711840,3.293330,1.797312,1.107691,0.606227,1.100732,0.800365,0.879193,3.303110,3.299447,0.797655,4.886980,4.903060,0.003419
47.400053,1,0.000000,0.222512,0.152245,0.000000,0.000000,0.180547,0.280092,2.795090,0.000244,0.000672,0.003358,0.015385,3.719264,3.301682,1.797800,1.104761,0.606959,1.104394,0.800732,0.879731,3.303110,3.299447,0.796776,4.886980,4.911100,0.004274
47.430055,1,0.000000,0.224464,0.154197,0.000000,0.000000,0.178595,0.282044,1.053740,0.000061,0.000549,0.003358,0.015385,3.699776,3.299826,1.797800,1.104394,0.612087,1.104028,0.801464,0.879193,3.304942,3.299447,0.797655,4.909760,4.920480,0.003419
47.460054,1,0.000976,0.223488,0.153221,0.000976,0.000000,0.179571,0.283996,2.098550,0.000061,0.000549,0.003358,0.015629,3.710912,3.301682,1.798289,1.102929,0.601098,1.102929,0.800365,0.879999,3.304942,3.299447,0.797362,4.893680,4.907080,0.004274
47.490053,1,0.001952,0.220560,0.155173,0.000000,0.000000,0.181523,0.283020,1.553820,0.000061,0.000672,0.003358,0.015263,3.696064,3.307249,1.797800,1.102197,0.603296,1.105127,0.801831,0.879193,3.304026,3.298531,0.796776,4.896360,4.919140,0.003419
47.520054,1,0.000000,0.221536,0.153221,0.000000,0.000000,0.178595,0.282044,1.071600,0.000061,0.000427,0.003358,0.015263,3.711840,3.311889,1.798289,1.107691,0.612087,1.104761,0.800732,0.879462,3.304942,3.300363,0.796776,4.908420,4.892340,0.004274
47.550054,1,0.000000,0.222512,0.153221,0.000000,0.000000,0.179571,0.283996,2.473610,0.000183,0.000427,0.003480,0.015263,3.711840,3.293330,1.797312,1.101464,0.614651,1.102563,0.800732,0.879193,3.304942,3.299447,0.797655,4.882960,4.888320,0.004274
47.580054,1,0.000976,0.225440,0.155173,0.000000,0.000000,0.179571,0.281068,2.178920,0.000061,0.000427,0.003358,0.015263,3.710912,3.293330,1.797312,1.103296,0.608424,1.104028,0.800732,0.879462,3.303110,3.299447,0.797362,4.907080,4.919140,0.004274
47.610054,1,0.000000,0.223488,0.151269,0.000000,0.000000,0.180547,0.283996,1.053740,0.000061,0.000427,0.003358,0.015629,3.711840,3.293330,1.798289,1.102197,0.604029,1.100732,0.799633,0.879731,3.303110,3.299447,0.797362,4.897700,4.903060,0.003419
47.640054,1,0.000000,0.222512,0.153221,0.000976,0.000000,0.181523,0.283996,1.803860,0.000244,0.000549,0.003358,0.015018,3.711840,3.301682,1.798289,1.103296,0.605494,1.101098,0.801464,0.879999,3.304942,3.299447,0.796776,4.882960,4.909760,0.004274
47.670054,1,0.000976,0.222512,0.151269,0.000000,0.000000,0.178595,0.282044,2.196780,0.000183,0.000427,0.003419,0.016117,3.704416,3.307249,1.797312,1.104394,0.605494,1.100732,0.801831,0.879193,3.305857,3.299447,0.796776,4.909760,4.920480,0.004274
47.700053,1,0.000976,0.221536,0.153221,0.000000,0.000000,0.192258,0.284972,1.053740,0.000183,0.000427,0.003358,0.015385,3.711840,3.301682,1.798289,1.101464,0.606227,1.104028,0.799267,0.879462,3.304026,3.299447,0.797362,4.896360,4.909760,0.004274
47.730054,1,0.000000,0.224464,0.152245,0.000000,0.000000,0.191282,0.284972,1.786000,0.000183,0.000427,0.003419,0.015140,3.703488,3.294258,1.798289,1.109156,0.610256,1.104028,0.799633,0.879193,3.307689,3.300363,0.797362,4.909760,4.919140,0.004274
47.760054,1,0.000976,0.219584,0.186403,0.000000,0.000000,0.192258,0.284972,1.062670,0.000244,0.000549,0.003419,0.015385,3.717408,3.297970,1.796824,1.101830,0.604395,1.100732,0.800732,0.879193,3.304026,3.299447,0.797948,4.900380,4.896360,0.004274
47.790055,1,0.000000,0.224464,0.152245,0.000000,0.000000,0.194210,0.283996,1.839580,0.000061,0.001038,0.003297,0.015263,3.726687,3.307249,1.797312,1.104761,0.601465,1.102929,0.801098,0.879462,3.305857,3.298531,0.796776,4.892340,4.903060,0.004274
47.820054,1,0.000000,0.223488,0.154197,0.000000,0.000000,0.200066,0.283996,1.062670,0.000061,0.000427,0.003358,0.015385,3.711840,3.293330,1.797312,1.104028,0.616117,1.104761,0.800732,0.879193,3.304026,3.299447,0.797948,4.907080,4.921820,0.003419
47.850054,1,0.000000,0.223488,0.156149,0.000000,0.000000,0.182499,0.285948,1.116250,0.000244,0.000549,0.003297,0.015385,3.711840,3.298898,1.797800,1.102929,0.604029,1.100732,0.800732,0.879999,3.304026,3.297616,0.796776,4.888320,4.900380,0.003419
47.880054,1,0.000000,0.225440,0.154197,0.000000,0.000000,0.180547,0.283020,1.928880,0.000061,0.000549,0.003297,0.015385,3.719264,3.301682,1.796824,1.104761,0.600732,1.102929,0.799633,0.879193,3.304942,3.299447,0.797655,4.892340,4.900380,0.004274
47.910054,1,0.000000,0.222512,0.155173,0.000000,0.000000,0.180547,0.284972,1.062670,0.000183,0.000427,0.003297,0.015263,3.700704,3.307249,1.798289,1.107691,0.614285,1.104761,0.799633,0.879193,3.303110,3.298531,0.797362,4.909760,4.921820,0.003419
47.940054,1,0.000000,0.222512,0.156149,0.000000,0.000000,0.181523,0.283020,2.786160,0.000244,0.000549,0.003358,0.015629,3.719264,3.297970,1.796824,1.104761,0.602564,1.100732,0.799633,0.879462,3.303110,3.299447,0.797362,4.888320,4.900380,0.004274
47.970054,1,0.000000,0.225440,0.155173,0.000000,0.000000,0.181523,0.288875,1.768140,0.000061,0.000672,0.003358,0.015629,3.710912,3.301682,1.798289,1.104761,0.614285,1.102929,0.802930,0.879999,3.304026,3.299447,0.797362,4.893680,4.913780,0.003419
48.000053,1,0.000000,0.231295,0.154197,0.000000,0.000000,0.178595,0.283996,1.053740,0.000061,0.000427,0.003358,0.015385,3.711840,3.289618,1.797312,1.108424,0.615018,1.099999,0.799633,0.879999,3.304942,3.297616,0.796776,4.907080,4.919140,0.004274
48.030054,1,0.000000,0.229344,0.153221,0.000000,0.000000,0.178595,0.283996,1.562750,0.000122,0.000549,0.003419,0.015018,3.696064,3.293330,1.797800,1.102197,0.600366,1.101098,0.799633,0.879999,3.304026,3.298531,0.797362,4.888320,4.908420,0.004274
48.060053,1,0.000000,0.230320,0.153221,0.000000,0.000000,0.179571,0.283020,2.509330,0.000244,0.000549,0.003419,0.015018,3.704416,3.293330,1.798289,1.101830,0.604761,1.101464,0.800365,0.879731,3.303110,3.298531,0.797655,4.909760,4.916460,0.004274
48.090055,1,0.000000,0.237151,0.152245,0.000000,0.000000,0.180547,0.283020,1.803860,0.000122,0.000549,0.003419,0.015385,3.711840,3.298898,1.796824,1.103296,0.615384,1.102929,0.800365,0.879999,3.304026,3.299447,0.797362,4.882960,4.885640,0.004274
48.120054,1,0.001952,0.219584,0.154197,0.000000,0.000000,0.178595,0.283996,2.196780,0.000244,0.000549,0.003419,0.015385,3.719264,3.295186,1.797312,1.102563,0.604395,1.101464,0.800732,0.879999,3.304026,3.299447,0.797948,4.893680,4.893680,0.004274
48.150054,1,0.000976,0.224464,0.154197,0.000000,0.000000,0.180547,0.283020,1.053740,0.000122,0.000549,0.003480,0.015263,3.704416,3.299826,1.797800,1.102929,0.612820,1.101464,0.800732,0.879462,3.304026,3.300363,0.797362,4.912440,4.919140,0.003419
48.180054,1,0.000000,0.223488,0.153221,0.000000,0.000000,0.180547,0.283020,1.821720,0.000183,0.000427,0.003358,0.015507,3.711840,3.293330,1.798289,1.107691,0.600366,1.100732,0.801831,0.879999,3.304942,3.299447,0.797948,4.877600,4.907080,0.004274
48.210054,1,0.000000,0.224464,0.153221,0.000000,0.000000,0.181523,0.283996,1.991390,0.000061,0.000427,0.003358,0.015263,3.696064,3.295186,1.796824,1.104761,0.602197,1.100732,0.800365,0.879193,3.303110,3.299447,0.797069,4.899040,4.912440,0.003419
48.240053,1,0.000000,0.220560,0.153221,0.000000,0.000000,0.190306,0.284972,1.053740,0.000061,0.000549,0.003297,0.016117,3.711840,3.301682,1.796824,1.110622,0.615750,1.102929,0.798900,0.878925,3.304942,3.299447,0.797948,4.907080,4.891000,0.004274
48.270054,1,0.000000,0.284972,0.153221,0.000000,0.000000,0.193234,0.283020,1.777070,0.000061,0.000549,0.003358,0.015140,3.696064,3.327664,1.796824,1.102929,0.604395,1.102929,0.801098,0.879462,3.304942,3.299447,0.796776,4.899040,4.907080,0.004274
48.300054,1,0.000000,0.225440,0.153221,0.000000,0.000000,0.191282,0.282044,1.634190,0.000183,0.000672,0.003419,0.015507,3.704416,3.301682,1.798289,1.107691,0.609889,1.104761,0.801098,0.879193,3.303110,3.299447,0.797362,4.911100,4.920480,0.004274
48.330054,1,0.000000,0.223488,0.154197,0.000000,0.000000,0.203969,0.283996,1.062670,0.000183,0.000427,0.003419,0.015507,3.711840,3.293330,1.798289,1.108424,0.613186,1.102929,0.800732,0.879462,3.303110,3.299447,0.797655,4.903060,4.904400,0.004274
48.360053,1,0.000000,0.222512,0.153221,0.000000,0.000000,0.185427,0.283020,1.875300,0.000061,0.000549,0.003297,0.015629,3.710912,3.298898,1.797312,1.107691,0.618681,1.101464,0.801831,0.879462,3.304026,3.297616,0.797362,4.901720,4.899040,0.004274
48.390054,1,0.000000,0.222512,0.154197,0.000000,0.000000,0.180547,0.283996,2.437890,0.000122,0.000549,0.003358,0.015263,3.703488,3.292402,1.796824,1.101464,0.613552,1.100732,0.800732,0.879462,3.303110,3.300363,0.797362,4.907080,4.920480,0.004274
48.420053,1,0.000976,0.221536,0.153221,0.000000,0.000000,0.178595,0.282044,1.062670,0.000122,0.000611,0.003419,0.015629,3.711840,3.293330,1.798289,1.107325,0.601098,1.104028,0.802930,0.879462,3.304942,3.297616,0.797362,4.882960,4.907080,0.004274
48.450053,1,0.001952,0.222512,0.153221,0.000000,0.000000,0.180547,0.283020,2.312870,0.000244,0.000488,0.003358,0.015140,3.710912,3.325809,1.796824,1.103296,0.600732,1.104028,0.800365,0.879193,3.304942,3.298531,0.797655,4.900380,4.897700,0.004274
48.480054,1,0.000000,0.224464,0.152245,0.000000,0.000000,0.179571,0.282044,1.768140,0.000244,0.000549,0.003419,0.015385,3.711840,3.294258,1.798289,1.101830,0.612087,1.104761,0.800732,0.879462,3.305857,3.299447,0.797362,4.909760,4.921820,0.004274
48.510054,1,0.000000,0.229344,0.154197,0.000000,0.000000,0.179571,0.281068,1.062670,0.000183,0.000427,0.003419,0.015263,3.704416,3.295186,1.797800,1.104761,0.602564,1.102929,0.801098,0.879462,3.304026,3.299447,0.797362,4.882960,4.907080,0.004274
48.540053,1,0.000000,0.222512,0.152245,0.000000,0.000000,0.178595,0.282044,2.732580,0.000061,0.000549,0.003358,0.015263,3.715552,3.301682,1.796824,1.102197,0.601098,1.101098,0.801098,0.879999,3.304942,3.299447,0.796776,4.888320,4.897700,0.004274
48.570053,1,0.000000,0.228368,0.154197,0.000000,0.000000,0.177619,0.283020,1.053740,0.000244,0.000549,0.003419,0.016117,3.719264,3.294258,1.798289,1.107691,0.612820,1.104761,0.800732,0.879462,3.305857,3.300363,0.797362,4.908420,4.921820,0.004274
48.600053,1,0.000976,0.235199,0.152245,0.000000,0.000000,0.179571,0.283996,1.759210,0.000061,0.000427,0.003358,0.015629,3.703488,3.293330,1.796335,1.107691,0.605494,1.104761,0.800365,0.879731,3.303110,3.299447,0.797655,4.886980,4.904400,0.003419
48.630054,1,0.000000,0.231295,0.154197,0.000000,0.000000,0.181523,0.283996,1.553820,0.000122,0.000549,0.003419,0.015507,3.711840,3.291474,1.797312,1.103296,0.613186,1.104761,0.801098,0.879999,3.304942,3.298531,0.797655,4.888320,4.909760,0.004274
48.660054,1,0.000000,0.222512,0.154197,0.000000,0.000000,0.178595,0.284972,1.062670,0.000061,0.000427,0.003419,0.015629,3.711840,3.293330,1.798289,1.105494,0.614651,1.100732,0.800732,0.879193,3.303110,3.299447,0.797655,4.911100,4.920480,0.004274
48.690053,1,0.000000,0.226416,0.154197,0.000000,0.000000,0.179571,0.283020,2.018180,0.000122,0.000488,0.003297,0.015873,3.697920,3.355503,1.795847,1.109156,0.605860,1.104394,0.800732,0.879193,3.303110,3.299447,0.797655,4.886980,4.896360,0.003419
48.720054,1,0.000000,0.223488,0.154197,0.000000,0.000000,0.181523,0.282044,1.562750,0.000122,0.000549,0.003419,0.015507,3.710912,3.292402,1.798289,1.109889,0.602197,1.106226,0.801098,0.879462,3.305857,3.300363,0.796776,4.908420,4.920480,0.004274
48.750054,1,0.000000,0.223488,0.154197,0.000000,0.000000,0.180547,0.283020,1.062670,0.000122,0.000611,0.003419,0.015873,3.711840,3.291474,1.798289,1.107691,0.605494,1.102929,0.801464,0.879462,3.304026,3.299447,0.797948,4.888320,4.892340,0.004274
48.780054,1,0.000000,0.222512,0.152245,0.000000,0.000000,0.180547,0.283020,1.884230,0.000122,0.000488,0.003419,0.015507,3.711840,3.298898,1.796824,1.107325,0.610988,1.102929,0.802930,0.879462,3.303110,3.299447,0.797655,4.881620,4.884300,0.004274
48.810053,1,0.000000,0.222512,0.152245,0.000000,0.000000,0.179571,0.282044,2.241430,0.000244,0.000488,0.003419,0.015385,3.704416,3.301682,1.796824,1.107691,0.609523,1.104761,0.801464,0.879731,3.303110,3.299447,0.797069,4.912440,4.920480,0.004274
48.840054,1,0.000000,0.224464,0.155173,0.000000,0.000000,0.179571,0.284972,1.053740,0.000061,0.000549,0.003297,0.015507,3.696064,3.301682,1.798289,1.109156,0.602930,1.102197,0.798900,0.878925,3.304942,3.299447,0.797362,4.899040,4.905740,0.004274
48.870054,1,0.000976,0.224464,0.189330,0.000000,0.000000,0.180547,0.283020,1.803860,0.000122,0.000549,0.003358,0.015018,3.711840,3.299826,1.797312,1.101830,0.609889,1.101098,0.801831,0.879462,3.305857,3.299447,0.797362,4.912440,4.921820,0.004274
48.900053,1,0.000000,0.222512,0.153221,0.000000,0.000000,0.182499,0.281068,1.062670,0.000244,0.000549,0.003419,0.015263,3.675650,3.293330,1.797800,1.101464,0.616117,1.099999,0.801831,0.879731,3.305857,3.300363,0.797362,4.897700,4.911100,0.004274
48.930055,1,0.000000,0.222512,0.153221,0.000000,0.000000,0.179571,0.283020,1.634190,0.000061,0.000672,0.003480,0.015018,3.711840,3.293330,1.797312,1.107691,0.601098,1.102929,0.801831,0.879999,3.304942,3.300363,0.796776,4.882960,4.903060,0.004274
48.960054,1,0.000976,0.221536,0.153221,0.000000,0.000000,0.177619,0.284972,1.062670,0.000183,0.000183,0.003419,0.015507,3.711840,3.293330,1.797312,1.109889,0.613552,1.104761,0.801098,0.879193,3.304942,3.299447,0.797655,4.909760,4.920480,0.004274
48.990054,1,0.000000,0.224464,0.152245,0.000000,0.000000,0.181523,0.284972,1.062670,0.000244,0.000549,0.003419,0.015629,3.699776,3.307249,1.798777,1.110622,0.600366,1.104028,0.799633,0.879193,3.305857,3.299447,0.797655,4.900380,4.899040,0.004274
49.020054,1,0.000000,0.224464,0.153221,0.000000,0.000000,0.178595,0.284972,2.455750,0.000183,0.000672,0.003297,0.015629,3.711840,3.301682,1.797800,1.104761,0.599999,1.101098,0.802930,0.879462,3.304942,3.299447,0.797655,4.896360,4.903060,0.003419
49.050054,1,0.000000,0.223488,0.153221,0.000000,0.000000,0.180547,0.282044,1.062670,0.000183,0.000427,0.003419,0.015629,3.711840,3.293330,1.797312,1.109156,0.613186,1.101464,0.801831,0.879193,3.304942,3.299447,0.797948,4.907080,4.920480,0.004274
49.080053,1,0.000976,0.223488,0.154197,0.000000,0.000000,0.180547,0.285948,2.241430,0.000122,0.000733,0.003114,0.015629,3.711840,3.357359,1.796824,1.109156,0.605128,1.104028,0.801098,0.879462,3.304942,3.299447,0.797655,4.884300,4.904400,0.004274
49.110055,1,0.000000,0.224464,0.152245,0.000000,0.000000,0.179571,0.283996,1.777070,0.000244,0.000549,0.003358,0.015873,3.704416,3.301682,1.797800,1.110622,0.599633,1.104761,0.800732,0.879193,3.305857,3.298531,0.797362,4.892340,4.907080,0.004274
49.140054,1,0.000000,0.224464,0.154197,0.000000,0.000000,0.181523,0.284972,1.062670,0.000061,0.000549,0.003419,0.015140,3.711840,3.301682,1.797312,1.102197,0.613552,1.104761,0.799633,0.878925,3.304026,3.297616,0.797655,4.907080,4.921820,0.003419
49.170053,1,0.000976,0.224464,0.154197,0.000000,0.000000,0.181523,0.283996,2.768300,0.000122,0.000488,0.003480,0.015385,3.710912,3.295186,1.797800,1.103296,0.605494,1.100732,0.802930,0.878925,3.304942,3.299447,0.797655,4.884300,4.901720,0.004274
49.200054,1,0.000000,0.225440,0.154197,0.024398,0.000000,0.177619,0.283996,2.143200,0.000061,0.000427,0.003236,0.015140,3.719264,3.327664,1.797312,1.107691,0.604029,1.104394,0.800732,0.879999,3.307689,3.299447,0.797362,4.907080,4.919140,0.003419
49.230054,1,0.000000,0.223488,0.153221,0.000000,0.000000,0.181523,0.283020,1.053740,0.000122,0.000549,0.003419,0.015385,3.711840,3.307249,1.797800,1.107325,0.614285,1.099999,0.799633,0.879462,3.305857,3.298531,0.797362,4.896360,4.886980,0.003419
49.260053,1,0.000000,0.223488,0.154197,0.000000,0.000000,0.179571,0.284972,1.553820,0.000183,0.000427,0.003419,0.015263,3.699776,3.289618,1.798289,1.101464,0.600366,1.104394,0.801831,0.879731,3.304942,3.299447,0.797655,4.881620,4.904400,0.003419
49.290054,1,0.000000,0.218608,0.152245,0.000000,0.000000,0.179571,0.283020,1.062670,0.000122,0.000611,0.003419,0.015263,3.711840,3.295186,1.796824,1.106226,0.615018,1.104028,0.802930,0.879193,3.304026,3.299447,0.797655,4.907080,4.920480,0.004274
49.320054,1,0.000000,0.224464,0.154197,0.000000,0.000000,0.179571,0.283996,1.848510,0.000061,0.000427,0.003358,0.015263,3.711840,3.291474,1.798289,1.104761,0.609889,1.101098,0.802930,0.879462,3.305857,3.298531,0.796776,4.876260,4.881620,0.004274
49.350056,1,0.000000,0.224464,0.154197,0.000000,0.000000,0.180547,0.284972,2.196780,0.000183,0.000672,0.003358,0.015263,3.703488,3.301682,1.797800,1.102563,0.604761,1.099999,0.801831,0.879462,3.304942,3.299447,0.797069,4.893680,4.920480,0.004274
49.380054,1,0.000000,0.285948,0.154197,0.000000,0.000000,0.180547,0.282044,1.062670,0.000244,0.000733,0.003358,0.015507,3.711840,3.291474,1.797312,1.107691,0.610622,1.104761,0.800732,0.879999,3.304942,3.299447,0.797948,4.909760,4.920480,0.004274
49.410054,1,0.000000,0.223488,0.153221,0.000000,0.000000,0.177619,0.282044,1.812790,0.000122,0.000488,0.003419,0.015385,3.711840,3.301682,1.797800,1.107691,0.606593,1.104394,0.801831,0.879731,3.303110,3.299447,0.797655,4.874920,4.911100,0.004274
49.440055,1,0.000976,0.224464,0.151269,0.000000,0.000000,0.179571,0.283996,2.009250,0.000183,0.000427,0.003419,0.015263,3.711840,3.357359,1.797312,1.107691,0.608424,1.104761,0.801098,0.879462,3.305857,3.298531,0.796776,4.909760,4.920480,0.004274
49.470054,1,0.000000,0.225440,0.152245,0.000000,0.000000,0.177619,0.283020,1.053740,0.000244,0.000488,0.003358,0.015873,3.710912,3.301682,1.796824,1.101464,0.611355,1.105127,0.800732,0.879193,3.305857,3.300363,0.797362,4.909760,4.911100,0.004274
49.500054,1,0.000000,0.224464,0.153221,0.000000,0.000000,0.180547,0.283996,1.786000,0.000183,0.000549,0.003358,0.015385,3.700704,3.301682,1.796824,1.101830,0.605494,1.105127,0.801464,0.879462,3.304026,3.299447,0.797362,4.865540,4.907080,0.004274
49.530055,1,0.000000,0.223488,0.153221,0.000000,0.000000,0.180547,0.283996,2.080690,0.000122,0.000549,0.003419,0.015263,3.710912,3.301682,1.797312,1.107691,0.611355,1.105494,0.801098,0.879462,3.305857,3.298531,0.797655,4.909760,4.921820,0.004274
49.560053,1,0.000000,0.222512,0.153221,0.000000,0.000000,0.178595,0.283020,1.053740,0.000183,0.000427,0.003419,0.015263,3.715552,3.301682,1.798289,1.106226,0.612454,1.104761,0.801831,0.878925,3.304026,3.299447,0.797362,4.908420,4.886980,0.004274
49.590054,1,0.000000,0.223488,0.154197,0.000000,0.000000,0.179571,0.281068,1.786000,0.000061,0.000549,0.003358,0.015629,3.696064,3.293330,1.799266,1.108790,0.599999,1.102563,0.799633,0.879462,3.304942,3.300363,0.797362,4.901720,4.909760,0.004274
49.620055,1,0.000000,0.222512,0.154197,0.000000,0.000000,0.178595,0.283996,1.634190,0.000061,0.000427,0.003358,0.015629,3.721120,3.301682,1.797800,1.104761,0.612087,1.102929,0.799633,0.879462,3.305857,3.299447,0.797655,4.911100,4.919140,0.003419
49.650054,1,0.000000,0.224464,0.153221,0.000000,0.000000,0.181523,0.282044,1.053740,0.000122,0.000488,0.003358,0.015140,3.711840,3.301682,1.796824,1.112087,0.612454,1.105494,0.801098,0.879462,3.304942,3.300363,0.796776,4.897700,4.886980,0.003419
49.680053,1,0.000000,0.225440,0.153221,0.000000,0.000000,0.187379,0.283020,1.866370,0.000061,0.000427,0.003419,0.015140,3.715552,3.295186,1.797800,1.104761,0.602564,1.100732,0.799633,0.879193,3.305857,3.300363,0.797655,4.886980,4.899040,0.004274
49.710054,1,0.001952,0.226416,0.154197,0.000000,0.000000,0.190306,0.281068,1.053740,0.000122,0.000549,0.003419,0.015385,3.699776,3.301682,1.797312,1.101830,0.613919,1.106226,0.801464,0.879462,3.304942,3.299447,0.797655,4.911100,4.919140,0.003419
49.740054,1,0.000000,0.224464,0.154197,0.000000,0.000000,0.192258,0.283020,1.062670,0.000122,0.000549,0.003297,0.015385,3.711840,3.301682,1.797800,1.106959,0.603662,1.104028,0.801098,0.879193,3.303110,3.298531,0.797655,4.892340,4.903060,0.004274
49.770054,1,0.000976,0.222512,0.152245,0.000000,0.000000,0.191282,0.283996,2.295010,0.000183,0.000427,0.003297,0.015263,3.699776,3.301682,1.798777,1.107691,0.599999,1.100732,0.801098,0.879999,3.304026,3.299447,0.797362,4.888320,4.899040,0.004274
49.800054,1,0.000000,0.224464,0.153221,0.000000,0.000000,0.202017,0.283020,1.062670,0.000244,0.000488,0.003358,0.015018,3.704416,3.301682,1.797800,1.101830,0.614651,1.102929,0.800732,0.879193,3.304942,3.298531,0.797655,4.911100,4.919140,0.004274
49.830054,1,0.000000,0.224464,0.153221,0.000000,0.000000,0.180547,0.281068,1.839580,0.000061,0.000427,0.003358,0.015629,3.696064,3.293330,1.797800,1.103296,0.605494,1.102929,0.800732,0.879462,3.305857,3.300363,0.797362,4.896360,4.903060,0.004274
49.860053,1,0.000000,0.224464,0.153221,0.000000,0.000000,0.180547,0.283020,2.804020,0.000122,0.000488,0.003419,0.015385,3.710912,3.293330,1.797800,1.102563,0.602930,1.104028,0.801464,0.879193,3.304942,3.297616,0.797948,4.905740,4.917800,0.004274
49.890054,1,0.000000,0.221536,0.152245,0.000000,0.000000,0.178595,0.282044,1.062670,0.000122,0.000549,0.003297,0.015507,3.711840,3.301682,1.796824,1.110622,0.615750,1.100732,0.801831,0.879731,3.305857,3.298531,0.797362,4.912440,4.900380,0.004274
49.920053,1,0.000000,0.222512,0.153221,0.000000,0.003922,0.180547,0.280092,1.562750,0.000183,0.000549,0.003419,0.015263,3.711840,3.301682,1.798777,1.104394,0.613186,1.104761,0.800732,0.879731,3.303110,3.299447,0.797655,4.895020,4.900380,0.004274
49.950055,1,0.000000,0.232271,0.153221,0.000000,0.000000,0.180547,0.284972,1.571680,0.000183,0.000427,0.003480,0.015263,3.710912,3.291474,1.798289,1.102197,0.606959,1.101464,0.801464,0.879462,3.307689,3.299447,0.797069,4.907080,4.919140,0.004274
49.980054,1,0.000000,0.229344,0.190306,0.000000,0.000000,0.178595,0.282044,1.053740,0.000183,0.000427,0.003419,0.015140,3.711840,3.292402,1.798289,1.107691,0.609523,1.104761,0.801098,0.879731,3.303110,3.300363,0.797362,4.888320,4.909760,0.004274
50.010054,1,0.000000,0.230320,0.151269,0.000000,0.000000,0.179571,0.284972,2.491470,0.000061,0.000427,0.003419,0.015140,3.711840,3.298898,1.798289,1.105127,0.613919,1.104761,0.800732,0.879999,3.304026,3.299447,0.797948,4.893680,4.908420,0.004274
50.040053,1,0.000000,0.232271,0.153221,0.000000,0.000000,0.180547,0.282044,1.071600,0.000244,0.000488,0.003358,0.015263,3.711840,3.298898,1.798289,1.102929,0.603296,1.102929,0.801831,0.879193,3.304942,3.299447,0.797655,4.870900,4.907080,0.004274
50.070054,1,0.000000,0.237151,0.153221,0.000000,0.000000,0.178595,0.283996,2.009250,0.000183,0.000427,0.003419,0.015507,3.719264,3.298898,1.796824,1.107691,0.600732,1.102929,0.802930,0.879731,3.304026,3.300363,0.797069,4.897700,4.892340,0.004274
50.100054,1,0.000000,0.224464,0.152245,0.000000,0.000000,0.180547,0.284972,1.857440,0.000061,0.000427,0.003358,0.015385,3.726687,3.298898,1.796824,1.102197,0.611355,1.102929,0.800365,0.879731,3.303110,3.298531,0.797655,4.911100,4.920480,0.004274
50.130053,1,0.000976,0.223488,0.153221,0.000000,0.000000,0.179571,0.282044,1.062670,0.000122,0.000549,0.003419,0.015507,3.704416,3.299826,1.796824,1.110622,0.599633,1.104761,0.801831,0.879462,3.305857,3.300363,0.797362,4.874920,4.911100,0.004274
50.160054,1,0.000000,0.224464,0.153221,0.000000,0.000000,0.181523,0.283020,2.071760,0.000183,0.000427,0.003419,0.015507,3.711840,3.294258,1.797312,1.104394,0.602930,1.102197,0.801098,0.879731,3.303110,3.300363,0.796776,4.876260,4.907080,0.003419
50.190054,1,0.000000,0.224464,0.153221,0.000000,0.000000,0.181523,0.283996,1.696700,0.000244,0.000549,0.003419,0.015140,3.704416,3.294258,1.798289,1.101830,0.614285,1.100732,0.801831,0.879462,3.304026,3.297616,0.797655,4.907080,4.921820,0.004274
50.220053,1,0.000976,0.223488,0.152245,0.000000,0.000000,0.191282,0.283996,1.053740,0.000122,0.000549,0.003419,0.015873,3.711840,3.307249,1.798289,1.104761,0.606593,1.100732,0.800732,0.879462,3.305857,3.300363,0.797362,4.897700,4.892340,0.004274
50.250054,1,0.000000,0.224464,0.153221,0.000000,0.000000,0.193234,0.283020,1.634190,0.000061,0.000427,0.003419,0.015507,3.704416,3.327664,1.796824,1.107691,0.603296,1.100732,0.801831,0.879999,3.305857,3.299447,0.796776,4.896360,4.905740,0.004274
50.280054,1,0.000000,0.222512,0.153221,0.000000,0.000000,0.191282,0.283996,1.062670,0.000183,0.000427,0.003480,0.015140,3.704416,3.293330,1.797312,1.107691,0.614651,1.102197,0.801831,0.879193,3.304942,3.299447,0.797655,4.911100,4.920480,0.003419
50.310053,1,0.000000,0.225440,0.153221,0.000000,0.000000,0.199090,0.283020,1.044810,0.000183,0.000427,0.003419,0.015507,3.711840,3.301682,1.796824,1.104761,0.602197,1.104028,0.801464,0.879193,3.304942,3.298531,0.797948,4.900380,4.899040,0.004274
50.340054,1,0.000000,0.223488,0.156149,0.000000,0.000000,0.202993,0.282044,1.848510,0.000244,0.000549,0.003419,0.015263,3.710912,3.299826,1.797800,1.110622,0.605494,1.104761,0.799633,0.879731,3.305857,3.300363,0.797069,4.908420,4.921820,0.003419
50.370054,1,0.000000,0.222512,0.151269,0.000000,0.000000,0.181523,0.282044,1.053740,0.000244,0.000488,0.003236,0.015629,3.700704,3.299826,1.797800,1.104761,0.613919,1.104028,0.800732,0.879193,3.305857,3.300363,0.797069,4.896360,4.903060,0.004274
50.400054,1,0.000976,0.224464,0.153221,0.000000,0.000000,0.179571,0.283996,1.562750,0.000061,0.000611,0.003236,0.015385,3.711840,3.295186,1.798289,1.102929,0.599999,1.100732,0.800365,0.879193,3.304942,3.299447,0.797655,4.886980,4.899040,0.004274
50.430054,1,0.000000,0.221536,0.153221,0.000000,0.000000,0.180547,0.283020,1.062670,0.000244,0.000488,0.003358,0.015263,3.711840,3.291474,1.796824,1.104761,0.610622,1.104028,0.799633,0.879462,3.304026,3.300363,0.797362,4.907080,4.919140,0.004274
50.460053,1,0.000000,0.224464,0.153221,0.000000,0.000000,0.179571,0.283996,2.482540,0.000122,0.000549,0.003419,0.015018,3.711840,3.292402,1.798777,1.108058,0.613552,1.100732,0.799633,0.879999,3.304026,3.299447,0.797948,4.893680,4.904400,0.004274
50.490054,1,0.000000,0.276188,0.152245,0.000000,0.000000,0.180547,0.283020,1.562750,0.000244,0.000549,0.003419,0.015385,3.710912,3.298898,1.797312,1.107691,0.600366,1.100365,0.800732,0.879193,3.304942,3.298531,0.797655,4.881620,4.897700,0.003419
50.520054,1,0.000000,0.233247,0.154197,0.000000,0.000000,0.180547,0.283996,1.062670,0.000122,0.000549,0.003297,0.015507,3.711840,3.311889,1.797312,1.102563,0.616117,1.104028,0.799633,0.879462,3.304942,3.299447,0.796776,4.909760,4.920480,0.004274
50.550053,1,0.000000,0.232271,0.153221,0.000000,0.000000,0.180547,0.283996,2.509330,0.000061,0.000549,0.003114,0.015629,3.711840,3.291474,1.797800,1.106226,0.614651,1.101098,0.800732,0.879193,3.304942,3.299447,0.797948,4.884300,4.885640,0.004274
50.580053,1,0.000000,0.224464,0.151269,0.000000,0.000000,0.179571,0.286923,2.161060,0.000183,0.000427,0.003419,0.016117,3.710912,3.299826,1.798777,1.110622,0.606227,1.099999,0.801464,0.879462,3.304942,3.299447,0.797362,4.896360,4.919140,0.004274
50.610054,1,0.000000,0.236175,0.152245,0.000000,0.000000,0.180547,0.283020,1.062670,0.000183,0.000427,0.003358,0.015140,3.711840,3.311889,1.796824,1.104761,0.612820,1.102929,0.802930,0.879193,3.305857,3.300363,0.796776,4.909760,4.919140,0.003419
50.640054,1,0.000000,0.222512,0.153221,0.000000,0.000000,0.180547,0.283020,1.812790,0.000183,0.000427,0.003297,0.015629,3.711840,3.299826,1.797312,1.107691,0.609889,1.104028,0.801464,0.879462,3.304942,3.297616,0.797362,4.882960,4.882960,0.004274
50.670054,1,0.000000,0.219584,0.152245,0.000000,0.000000,0.179571,0.286923,2.187850,0.000183,0.000672,0.003358,0.015385,3.699776,3.301682,1.797800,1.107691,0.601831,1.102929,0.801831,0.879999,3.304942,3.299447,0.797948,4.893680,4.920480,0.004274
50.700054,1,0.000000,0.224464,0.155173,0.000000,0.000000,0.180547,0.283020,1.062670,0.000183,0.000427,0.003358,0.016117,3.704416,3.299826,1.797800,1.101830,0.617216,1.101098,0.801098,0.879462,3.304026,3.300363,0.797362,4.908420,4.919140,0.004274
50.730053,1,0.000000,0.219584,0.156149,0.000000,0.000000,0.180547,0.284972,1.812790,0.000122,0.000549,0.003419,0.015263,3.711840,3.299826,1.797800,1.107691,0.605494,1.104761,0.802930,0.879462,3.305857,3.300363,0.796776,4.876260,4.908420,0.004274
50.760055,1,0.000000,0.224464,0.153221,0.000000,0.000000,0.180547,0.282044,2.089620,0.000244,0.000549,0.003297,0.015385,3.711840,3.298898,1.796824,1.107325,0.602197,1.100365,0.800732,0.879193,3.303110,3.299447,0.797655,4.911100,4.917800,0.004274
50.790054,1,0.002928,0.224464,0.152245,0.000000,0.000000,0.179571,0.282044,1.071600,0.000122,0.000549,0.003419,0.015629,3.711840,3.292402,1.797312,1.101464,0.615018,1.104761,0.798900,0.879193,3.304942,3.299447,0.797655,4.903060,4.908420,0.003419
50.820053,1,0.000000,0.222512,0.154197,0.000000,0.000000,0.180547,0.283020,1.794930,0.000244,0.000549,0.003297,0.015751,3.711840,3.298898,1.797800,1.103296,0.600366,1.101098,0.800365,0.879731,3.304026,3.300363,0.797069,4.897700,4.907080,0.004274
50.850055,1,0.000000,0.223488,0.152245,0.000000,0.000000,0.179571,0.292779,2.080690,0.000183,0.000427,0.003419,0.015507,3.704416,3.291474,1.798289,1.102563,0.603662,1.104761,0.801464,0.879731,3.303110,3.299447,0.797069,4.912440,4.913780,0.003419
50.880053,1,0.000000,0.222512,0.153221,0.000000,0.000000,0.182499,0.282044,1.062670,0.000122,0.000488,0.003419,0.015263,3.719264,3.357359,1.796824,1.103296,0.606593,1.102929,0.798900,0.879462,3.304942,3.299447,0.797655,4.895020,4.903060,0.003419
50.910054,1,0.000000,0.223488,0.154197,0.000000,0.000000,0.180547,0.283996,1.875300,0.000183,0.000427,0.003419,0.015263,3.715552,3.293330,1.797800,1.101464,0.606959,1.099999,0.800732,0.879999,3.304942,3.300363,0.797362,4.901720,4.896360,0.004274
50.940054,1,0.000000,0.224464,0.152245,0.000000,0.000000,0.180547,0.284972,1.062670,0.000183,0.000427,0.003358,0.015140,3.711840,3.311889,1.796824,1.107691,0.615384,1.102929,0.801098,0.879193,3.304026,3.300363,0.796776,4.912440,4.919140,0.004274
50.970054,1,0.000000,0.222512,0.153221,0.000000,0.000000,0.180547,0.282044,1.616330,0.000122,0.000488,0.003297,0.015018,3.719264,3.301682,1.796824,1.103296,0.605494,1.102929,0.799633,0.879731,3.305857,3.299447,0.797362,4.876260,4.903060,0.004274
51.000053,1,0.000976,0.223488,0.152245,0.000000,0.000000,0.179571,0.284972,2.473610,0.000183,0.000427,0.003297,0.015263,3.699776,3.301682,1.797800,1.107691,0.605128,1.104028,0.802930,0.879999,3.304942,3.299447,0.796776,4.888320,4.920480,0.004274
51.030054,1,0.000000,0.224464,0.152245,0.000000,0.000000,0.179571,0.282044,1.062670,0.000183,0.000427,0.003419,0.015385,3.711840,3.292402,1.798777,1.107325,0.614651,1.104028,0.799633,0.879193,3.304942,3.299447,0.797362,4.909760,4.920480,0.003419
51.060053,1,0.000000,0.224464,0.153221,0.000000,0.000000,0.179571,0.283020,1.848510,0.000061,0.000549,0.003358,0.015385,3.711840,3.292402,1.797800,1.107691,0.599999,1.102929,0.800732,0.879999,3.304942,3.297616,0.797362,4.896360,4.903060,0.003419
51.090054,1,0.000976,0.223488,0.190306,0.000000,0.000000,0.179571,0.283996,2.804020,0.000122,0.000549,0.003419,0.015140,3.710912,3.294258,1.797800,1.107691,0.612087,1.104394,0.800365,0.879462,3.303110,3.299447,0.796776,4.908420,4.923160,0.003419
51.120053,1,0.000000,0.224464,0.153221,0.000000,0.000000,0.178595,0.283996,1.071600,0.000183,0.000427,0.003419,0.015140,3.711840,3.292402,1.798289,1.101830,0.600366,1.102929,0.800732,0.879999,3.304942,3.299447,0.797362,4.893680,4.891000,0.004274
51.150054,1,0.000000,0.221536,0.153221,0.001952,0.000000,0.179571,0.286923,2.330730,0.000244,0.000488,0.003358,0.015263,3.711840,3.301682,1.797800,1.110622,0.612087,1.104761,0.801464,0.879731,3.305857,3.298531,0.797655,4.892340,4.900380,0.004274
51.180054,1,0.000000,0.224464,0.152245,0.000000,0.000000,0.182499,0.283020,1.053740,0.000122,0.000549,0.003419,0.015507,3.711840,3.298898,1.797800,1.103296,0.615018,1.104394,0.800732,0.879193,3.303110,3.298531,0.797655,4.911100,4.884300,0.004274
51.210054,1,0.000000,0.222512,0.154197,0.000000,0.000000,0.181523,0.283996,2.196780,0.000061,0.000427,0.003297,0.015385,3.719264,3.301682,1.797312,1.104761,0.605860,1.104761,0.801464,0.879462,3.304026,3.299447,0.796776,4.895020,4.908420,0.004274
51.240054,1,0.000976,0.223488,0.153221,0.000000,0.000000,0.180547,0.283996,1.777070,0.000244,0.000549,0.003358,0.015629,3.711840,3.301682,1.794870,1.104761,0.612087,1.104761,0.800732,0.879193,3.303110,3.299447,0.797655,4.911100,4.919140,0.003419
51.270053,1,0.000000,0.249838,0.155173,0.000000,0.000000,0.179571,0.359142,1.062670,0.000061,0.000549,0.003358,0.015385,3.697920,3.298898,1.796824,1.107691,0.604395,1.104028,0.801098,0.879999,3.304026,3.299447,0.797655,4.893680,4.888320,0.003419
51.300055,1,0.000976,0.218608,0.153221,0.000000,0.000000,0.179571,0.285948,2.187850,0.000183,0.000427,0.003419,0.015263,3.697920,3.293330,1.798289,1.110622,0.602197,1.100732,0.798900,0.879462,3.304942,3.299447,0.797655,4.886980,4.889660,0.004274
51.330055,1,0.000000,0.222512,0.153221,0.000000,0.000000,0.179571,0.284972,1.794930,0.000061,0.000427,0.003419,0.015263,3.719264,3.298898,1.797312,1.106226,0.612820,1.105494,0.801098,0.879462,3.304026,3.298531,0.797655,4.907080,4.913780,0.004274
51.360055,1,0.000000,0.222512,0.153221,0.000000,0.000000,0.179571,0.283020,1.062670,0.000183,0.000549,0.003358,0.015263,3.719264,3.301682,1.797800,1.104761,0.604029,1.104028,0.800732,0.879462,3.304026,3.297616,0.797362,4.874920,4.907080,0.004274
51.390054,1,0.000000,0.220560,0.154197,0.000000,0.000000,0.179571,0.282044,2.071760,0.000122,0.000488,0.003419,0.015263,3.711840,3.291474,1.798289,1.101830,0.601831,1.104394,0.798900,0.879999,3.304942,3.299447,0.797948,4.899040,4.901720,0.004274
51.420054,1,0.000000,0.218608,0.153221,0.000000,0.000000,0.180547,0.283020,1.062670,0.000244,0.000488,0.003297,0.015385,3.711840,3.301682,1.796824,1.104394,0.613186,1.101464,0.801098,0.879193,3.303110,3.299447,0.797655,4.911100,4.919140,0.003419
51.450054,1,0.000000,0.220560,0.152245,0.000000,0.000000,0.179571,0.283020,1.053740,0.000244,0.000549,0.003358,0.015140,3.699776,3.301682,1.797800,1.103296,0.603662,1.101464,0.802930,0.879193,3.305857,3.300363,0.796776,4.897700,4.907080,0.004274
51.480054,1,0.000000,0.219584,0.154197,0.000000,0.000000,0.180547,0.283020,2.545050,0.000061,0.000549,0.003236,0.015629,3.704416,3.293330,1.799266,1.104761,0.604395,1.104761,0.799633,0.879193,3.304942,3.299447,0.797655,4.878940,4.920480,0.004274
51.510054,1,0.000000,0.217632,0.153221,0.000000,0.000000,0.179571,0.283996,1.053740,0.000122,0.000488,0.003419,0.015385,3.711840,3.327664,1.797800,1.103296,0.612087,1.101464,0.799633,0.879462,3.303110,3.299447,0.797655,4.895020,4.907080,0.004274
51.540053,1,0.000976,0.221536,0.154197,0.000000,0.000000,0.181523,0.283020,2.768300,0.000183,0.000427,0.003358,0.015385,3.719264,3.311889,1.796335,1.101830,0.602197,1.102563,0.800732,0.879731,3.303110,3.298531,0.797069,4.881620,4.901720,0.004274
51.570054,1,0.000000,0.219584,0.154197,0.000000,0.000000,0.180547,0.283020,2.089620,0.000183,0.000427,0.003480,0.015385,3.721120,3.301682,1.798289,1.104761,0.613919,1.101464,0.801831,0.879193,3.303110,3.299447,0.797655,4.909760,4.921820,0.004274
51.600053,1,0.000000,0.222512,0.152245,0.000000,0.000000,0.179571,0.283020,1.062670,0.000183,0.000427,0.003419,0.015629,3.711840,3.293330,1.797312,1.102197,0.604761,1.105127,0.800732,0.879462,3.304942,3.299447,0.797655,4.892340,4.904400,0.004274
51.630054,1,0.000976,0.219584,0.152245,0.000000,0.000000,0.180547,0.283996,1.562750,0.000183,0.000427,0.003358,0.015507,3.715552,3.301682,1.797312,1.104394,0.601831,1.102929,0.801831,0.879731,3.304026,3.300363,0.797362,4.891000,4.897700,0.004274
51.660053,1,0.000000,0.220560,0.153221,0.000000,0.000000,0.180547,0.283020,1.053740,0.000061,0.000427,0.003236,0.015629,3.711840,3.299826,1.797800,1.109156,0.614651,1.100732,0.801831,0.879193,3.304942,3.299447,0.797655,4.911100,4.920480,0.004274
51.690056,1,0.000000,0.220560,0.155173,0.000000,0.000000,0.191282,0.282044,1.053740,0.000183,0.000427,0.003358,0.015140,3.710912,3.301682,1.798289,1.104761,0.599999,1.102197,0.801464,0.879193,3.304942,3.299447,0.797362,4.896360,4.899040,0.003419
51.720054,1,0.000000,0.221536,0.154197,0.000000,0.000000,0.192258,0.284972,1.553820,0.000061,0.000427,0.003419,0.015507,3.700704,3.327664,1.796335,1.109156,0.604029,1.100732,0.801831,0.879462,3.304026,3.298531,0.796776,4.877600,4.903060,0.003419
51.750054,1,0.000000,0.220560,0.156149,0.000000,0.000000,0.191282,0.282044,1.062670,0.000122,0.000488,0.003419,0.014896,3.711840,3.327664,1.797800,1.106226,0.614651,1.104761,0.802930,0.879193,3.304942,3.299447,0.797655,4.911100,4.920480,0.004274
51.780053,1,0.000000,0.221536,0.151269,0.000000,0.000000,0.202017,0.283996,2.482540,0.000183,0.000427,0.003419,0.015018,3.711840,3.292402,1.797312,1.102929,0.614285,1.100732,0.801831,0.879462,3.305857,3.298531,0.796776,4.892340,4.892340,0.003419
51.810054,1,0.000976,0.220560,0.152245,0.006832,0.000000,0.180547,0.283996,1.562750,0.000061,0.000427,0.003358,0.015385,3.710912,3.301682,1.796824,1.101464,0.602930,1.102929,0.801831,0.879999,3.304026,3.299447,0.797362,4.878940,4.897700,0.004274
51.840054,1,0.000000,0.218608,0.153221,0.000000,0.000000,0.180547,0.283020,1.044810,0.000061,0.000427,0.003358,0.015385,3.711840,3.301682,1.797312,1.107691,0.613186,1.101464,0.802930,0.879999,3.304026,3.299447,0.796776,4.909760,4.919140,0.003419
51.870054,1,0.000000,0.223488,0.154197,0.000000,0.000000,0.180547,0.284972,2.482540,0.000061,0.000427,0.003419,0.015263,3.704416,3.294258,1.797312,1.104028,0.604761,1.102929,0.799633,0.879999,3.305857,3.297616,0.797362,4.889660,4.884300,0.003419
51.900054,1,0.000976,0.220560,0.155173,0.000000,0.000000,0.180547,0.282044,2.232500,0.000244,0.000488,0.003358,0.015385,3.710912,3.301682,1.796824,1.101830,0.602197,1.102197,0.800732,0.879193,3.304942,3.300363,0.797069,4.886980,4.920480,0.004274
51.930054,1,0.000000,0.220560,0.155173,0.000000,0.000000,0.180547,0.284972,1.053740,0.000183,0.000427,0.003358,0.015385,3.700704,3.301682,1.796824,1.103296,0.616117,1.104028,0.799633,0.878925,3.304942,3.299447,0.797362,4.905740,4.904400,0.004274
51.960054,1,0.000976,0.229344,0.152245,0.000000,0.000000,0.181523,0.282044,1.803860,0.000183,0.000427,0.003419,0.015385,3.711840,3.301682,1.796824,1.101830,0.601831,1.104028,0.800732,0.879462,3.307689,3.299447,0.797069,4.874920,4.911100,0.004274
51.990054,1,0.000976,0.225440,0.154197,0.000000,0.000000,0.179571,0.282044,1.884230,0.000061,0.000549,0.003358,0.015263,3.708128,3.294258,1.797800,1.102929,0.602930,1.102929,0.801831,0.879193,3.304026,3.298531,0.797362,4.909760,4.920480,0.004274
52.020053,1,0.000000,0.230320,0.153221,0.000000,0.000000,0.179571,0.284972,1.053740,0.000244,0.000488,0.003358,0.015629,3.711840,3.298898,1.796824,1.104761,0.614651,1.102929,0.799267,0.879193,3.304942,3.299447,0.797655,4.895020,4.907080,0.004274
52.050054,1,0.000976,0.233247,0.151269,0.000000,0.000000,0.181523,0.283996,1.786000,0.000061,0.000427,0.003419,0.015263,3.711840,3.325809,1.795847,1.107691,0.606959,1.101464,0.800732,0.879193,3.304026,3.298531,0.797362,4.896360,4.911100,0.004274
52.080055,1,0.000000,0.232271,0.154197,0.000000,0.000000,0.178595,0.284972,2.036040,0.000244,0.000672,0.003358,0.015263,3.711840,3.293330,1.798289,1.103296,0.614651,1.105127,0.801831,0.879193,3.304026,3.299447,0.797362,4.907080,4.917800,0.004274
52.110053,1,0.000000,0.222512,0.152245,0.000000,0.000000,0.179571,0.282044,1.053740,0.000244,0.000549,0.003358,0.015018,3.696064,3.298898,1.797312,1.104761,0.600366,1.100732,0.802930,0.879731,3.303110,3.298531,0.797655,4.901720,4.889660,0.003419
52.140053,1,0.000000,0.221536,0.152245,0.000000,0.000000,0.180547,0.282044,1.866370,0.000061,0.000427,0.003419,0.015385,3.710912,3.301682,1.797800,1.107691,0.599999,1.102929,0.800732,0.879999,3.304942,3.299447,0.797948,4.899040,4.897700,0.004274
52.170054,1,0.000000,0.222512,0.153221,0.000000,0.000000,0.180547,0.282044,1.053740,0.000244,0.000488,0.003419,0.015385,3.704416,3.327664,1.798289,1.106226,0.615018,1.104761,0.800732,0.878925,3.305857,3.299447,0.797655,4.911100,4.920480,0.004274
52.200054,1,0.000976,0.221536,0.166884,0.000000,0.000000,0.192258,0.283020,1.616330,0.000183,0.000427,0.003297,0.016117,3.699776,3.298898,1.796824,1.107325,0.601098,1.104028,0.800732,0.879999,3.304026,3.298531,0.797948,4.885640,4.897700,0.004274
52.230054,1,0.000000,0.219584,0.150293,0.000000,0.000000,0.190306,0.282044,2.482540,0.000244,0.000549,0.003358,0.015629,3.700704,3.313745,1.796824,1.101830,0.612087,1.104761,0.801464,0.879999,3.304026,3.299447,0.797655,4.909760,4.920480,0.004274
52.260053,1,0.000000,0.219584,0.152245,0.000000,0.000000,0.191282,0.280092,1.053740,0.000122,0.000488,0.003419,0.015263,3.710912,3.293330,1.796824,1.103662,0.600366,1.104394,0.801464,0.879999,3.304942,3.298531,0.797655,4.893680,4.889660,0.004274
52.290054,1,0.000000,0.221536,0.154197,0.000000,0.000000,0.188355,0.282044,2.491470,0.000122,0.000549,0.003358,0.015018,3.704416,3.311889,1.796824,1.104761,0.612087,1.102929,0.799633,0.879999,3.304942,3.299447,0.797948,4.895020,4.901720,0.004274
52.320053,1,0.000000,0.219584,0.154197,0.000000,0.000000,0.202017,0.282044,1.053740,0.000244,0.000733,0.003419,0.015385,3.704416,3.293330,1.796824,1.104761,0.613552,1.104028,0.801098,0.879462,3.305857,3.300363,0.797362,4.911100,4.921820,0.004274
52.350053,1,0.000000,0.221536,0.154197,0.000000,0.000000,0.181523,0.283996,1.544890,0.000061,0.000427,0.003358,0.015263,3.697920,3.327664,1.796824,1.104394,0.606959,1.104761,0.800732,0.879999,3.304026,3.297616,0.797362,4.899040,4.903060,0.004274
52.380055,1,0.000000,0.221536,0.151269,0.000000,0.000000,0.179571,0.283996,1.848510,0.000244,0.000549,0.003419,0.015385,3.711840,3.292402,1.797312,1.107691,0.612087,1.101464,0.801098,0.878925,3.304942,3.299447,0.797655,4.909760,4.919140,0.004274
52.410054,1,0.000000,0.219584,0.155173,0.000000,0.000000,0.180547,0.283020,1.053740,0.000183,0.000427,0.003419,0.015140,3.704416,3.299826,1.798289,1.101830,0.615750,1.102197,0.800732,0.879193,3.304942,3.297616,0.797655,4.907080,4.893680,0.004274
52.440054,1,0.000000,0.221536,0.154197,0.000000,0.000000,0.179571,0.303514,1.571680,0.000061,0.000549,0.003358,0.015629,3.710912,3.311889,1.796824,1.102563,0.603296,1.104028,0.801831,0.879999,3.304942,3.299447,0.797948,4.878940,4.897700,0.004274
52.470054,1,0.000976,0.222512,0.152245,0.000000,0.000000,0.178595,0.283020,1.821720,0.000183,0.000427,0.003419,0.015263,3.711840,3.299826,1.797312,1.108058,0.610988,1.104028,0.800732,0.879193,3.304942,3.299447,0.797655,4.911100,4.917800,0.004274
52.500053,1,0.000000,0.228368,0.152245,0.000000,0.000000,0.180547,0.283996,1.062670,0.000061,0.000549,0.003419,0.015507,3.700704,3.327664,1.798289,1.101464,0.612087,1.101098,0.800732,0.879462,3.304026,3.297616,0.797362,4.888320,4.881620,0.003419
52.530054,1,0.000000,0.225440,0.152245,0.000000,0.000000,0.181523,0.282044,2.205710,0.000061,0.000427,0.003358,0.015263,3.710912,3.298898,1.796824,1.104761,0.602564,1.104761,0.801098,0.879999,3.305857,3.299447,0.797362,4.896360,4.897700,0.004274
52.560054,1,0.000000,0.228368,0.152245,0.000000,0.000000,0.181523,0.284972,1.794930,0.000122,0.000672,0.003419,0.015385,3.711840,3.294258,1.796824,1.104761,0.613552,1.104761,0.800732,0.879193,3.303110,3.299447,0.797655,4.911100,4.920480,0.004274
52.590054,1,0.000976,0.232271,0.152245,0.000000,0.000000,0.180547,0.283020,1.062670,0.000061,0.000549,0.003236,0.015140,3.699776,3.291474,1.797312,1.102563,0.606227,1.100732,0.799633,0.879999,3.304026,3.298531,0.797362,4.877600,4.907080,0.003419
52.620054,1,0.000000,0.231295,0.157125,0.000000,0.000000,0.179571,0.283996,2.080690,0.000183,0.000427,0.003419,0.015629,3.719264,3.293330,1.797312,1.104394,0.603662,1.104394,0.801831,0.879731,3.303110,3.302194,0.797655,4.888320,4.920480,0.004274
52.650054,1,0.000000,0.219584,0.155173,0.000000,0.000000,0.181523,0.283020,1.053740,0.000061,0.000427,0.003419,0.014774,3.704416,3.293330,1.798289,1.106226,0.613919,1.101098,0.800732,0.879462,3.305857,3.299447,0.797948,4.909760,4.903060,0.004274
52.680053,1,0.000000,0.219584,0.152245,0.000000,0.000000,0.180547,0.283996,2.161060,0.000061,0.000427,0.003297,0.015385,3.710912,3.301682,1.798777,1.104394,0.599999,1.100732,0.799633,0.879999,3.304942,3.299447,0.797362,4.900380,4.897700,0.003419
52.710053,1,0.000976,0.224464,0.154197,0.000000,0.000000,0.180547,0.283020,1.848510,0.000244,0.000488,0.003358,0.015018,3.711840,3.293330,1.797312,1.107691,0.611355,1.104761,0.800732,0.879462,3.304026,3.299447,0.797362,4.907080,4.919140,0.003419
52.740053,1,0.000976,0.222512,0.155173,0.000000,0.000000,0.180547,0.281068,1.062670,0.000183,0.000427,0.003419,0.015263,3.711840,3.327664,1.795847,1.104394,0.600732,1.102929,0.799633,0.879731,3.305857,3.298531,0.797362,4.896360,4.907080,0.004274
52.770054,1,0.000000,0.220560,0.152245,0.000000,0.000000,0.180547,0.283020,2.795090,0.000183,0.000427,0.003297,0.015263,3.719264,3.301682,1.797312,1.107691,0.603662,1.101464,0.800732,0.879462,3.304942,3.300363,0.797362,4.888320,4.897700,0.003419
52.800053,1,0.000000,0.217632,0.153221,0.000000,0.000000,0.180547,0.284972,1.071600,0.000061,0.000549,0.003358,0.015263,3.711840,3.297970,1.795847,1.102929,0.612820,1.102929,0.801098,0.879999,3.304026,3.299447,0.797362,4.907080,4.919140,0.004274
52.830054,1,0.000000,0.220560,0.154197,0.000000,0.000000,0.177619,0.284972,1.062670,0.000122,0.000549,0.003419,0.015263,3.711840,3.294258,1.797312,1.104761,0.606593,1.102929,0.801464,0.878925,3.305857,3.299447,0.797655,4.895020,4.907080,0.004274
52.860053,1,0.000000,0.218608,0.152245,0.000000,0.000000,0.178595,0.283020,2.732580,0.000183,0.000427,0.003419,0.015263,3.704416,3.293330,1.796824,1.104761,0.606593,1.100732,0.800365,0.879462,3.304942,3.299447,0.797655,4.886980,4.907080,0.004274
52.890054,1,0.001952,0.220560,0.153221,0.000000,0.000000,0.181523,0.282044,1.062670,0.000244,0.000549,0.003236,0.015507,3.711840,3.289618,1.797312,1.101830,0.613186,1.104761,0.801464,0.879462,3.304026,3.298531,0.797362,4.907080,4.921820,0.004274
52.920053,1,0.000000,0.220560,0.151269,0.000000,0.000000,0.181523,0.283996,1.053740,0.000061,0.000427,0.003358,0.015140,3.711840,3.293330,1.799266,1.107691,0.604029,1.104761,0.802930,0.879999,3.303110,3.299447,0.797655,4.896360,4.907080,0.003419
52.950054,1,0.000000,0.220560,0.152245,0.000000,0.000000,0.180547,0.282044,1.562750,0.000244,0.000488,0.003419,0.015629,3.726687,3.298898,1.797312,1.102929,0.601465,1.104761,0.800732,0.879193,3.304942,3.299447,0.797655,4.889660,4.893680,0.004274
52.980053,1,0.000000,0.220560,0.154197,0.000000,0.000000,0.179571,0.283996,1.062670,0.000122,0.000549,0.003419,0.015385,3.711840,3.301682,1.796824,1.104761,0.615018,1.104761,0.801831,0.879462,3.304026,3.300363,0.796776,4.912440,4.920480,0.004274
53.010054,1,0.000000,0.219584,0.152245,0.000000,0.000000,0.181523,0.283020,1.571680,0.000061,0.000549,0.003358,0.015263,3.704416,3.357359,1.796824,1.101830,0.613552,1.100732,0.799633,0.879462,3.304942,3.298531,0.797362,4.888320,4.903060,0.003419
53.040053,1,0.000000,0.220560,0.154197,0.000000,0.000000,0.181523,0.285948,1.553820,0.000244,0.000549,0.003358,0.015018,3.699776,3.298898,1.797312,1.107691,0.606593,1.104028,0.800732,0.879462,3.304026,3.299447,0.797362,4.897700,4.921820,0.004274
53.070053,1,0.000000,0.220560,0.152245,0.000000,0.000000,0.179571,0.282044,1.062670,0.000061,0.000488,0.003358,0.015263,3.711840,3.357359,1.796824,1.104761,0.615384,1.104761,0.800732,0.879193,3.304942,3.297616,0.797362,4.907080,4.920480,0.004274
53.100053,1,0.000000,0.219584,0.153221,0.000000,0.000000,0.180547,0.283020,2.491470,0.000122,0.000488,0.003419,0.015018,3.704416,3.303538,1.798289,1.104394,0.614285,1.101098,0.799633,0.879731,3.304026,3.300363,0.796776,4.896360,4.881620,0.004274
53.130055,1,0.000000,0.222512,0.154197,0.000000,0.000000,0.181523,0.286923,2.169990,0.000122,0.000549,0.003419,0.015629,3.704416,3.293330,1.797312,1.106226,0.602564,1.100732,0.800732,0.879462,3.304026,3.298531,0.797655,4.907080,4.919140,0.004274
53.160054,1,0.000000,0.219584,0.152245,0.000000,0.000000,0.180547,0.285948,1.053740,0.000122,0.000549,0.003419,0.015629,3.704416,3.325809,1.796824,1.109156,0.612454,1.102929,0.800732,0.879193,3.303110,3.299447,0.797655,4.911100,4.905740,0.004274
53.190054,1,0.000976,0.224464,0.154197,0.000000,0.000000,0.179571,0.282044,1.812790,0.000061,0.000427,0.003419,0.015018,3.719264,3.293330,1.797312,1.102929,0.605494,1.101098,0.800732,0.879731,3.305857,3.298531,0.797655,4.870900,4.912440,0.003419
53.220056,1,0.000000,0.222512,0.154197,0.000000,0.000000,0.179571,0.283996,1.893160,0.000183,0.000427,0.003114,0.015385,3.719264,3.301682,1.796824,1.110622,0.612087,1.104761,0.800732,0.879462,3.304942,3.300363,0.797362,4.908420,4.919140,0.004274
53.250054,1,0.000000,0.221536,0.153221,0.000000,0.000000,0.180547,0.283020,1.053740,0.000244,0.000549,0.003419,0.015385,3.703488,3.293330,1.797312,1.106959,0.602930,1.100732,0.800732,0.879462,3.304026,3.300363,0.796776,4.896360,4.911100,0.004274
53.280054,1,0.000000,0.222512,0.155173,0.000000,0.000000,0.179571,0.282044,1.786000,0.000244,0.000549,0.003297,0.015385,3.711840,3.299826,1.797800,1.101830,0.603662,1.100732,0.802930,0.879462,3.304942,3.297616,0.797362,4.896360,4.909760,0.004274
53.310055,1,0.000000,0.219584,0.168836,0.000000,0.000000,0.181523,0.282044,1.062670,0.000244,0.000549,0.003358,0.015385,3.711840,3.301682,1.797312,1.103296,0.615384,1.104028,0.800732,0.879462,3.303110,3.298531,0.797655,4.912440,4.921820,0.003419
53.340053,1,0.000000,0.220560,0.153221,0.000000,0.000000,0.180547,0.283020,2.062830,0.000061,0.000427,0.003419,0.015385,3.719264,3.301682,1.796824,1.110622,0.600366,1.101098,0.801098,0.879193,3.304026,3.299447,0.797362,4.899040,4.903060,0.003419
53.370054,1,0.000000,0.224464,0.155173,0.000000,0.000000,0.180547,0.282044,1.866370,0.000244,0.000549,0.003419,0.015385,3.711840,3.298898,1.798289,1.102929,0.611721,1.104028,0.801464,0.879462,3.304026,3.299447,0.797655,4.907080,4.920480,0.003419
53.400054,1,0.000000,0.217632,0.153221,0.000000,0.000000,0.181523,0.284972,2.777230,0.000122,0.000549,0.003358,0.015629,3.710912,3.307249,1.798289,1.106226,0.601831,1.104028,0.801831,0.879462,3.304026,3.300363,0.797362,4.885640,4.901720,0.003419
53.430054,1,0.000976,0.219584,0.153221,0.000000,0.007353,0.180547,0.284972,1.562750,0.000244,0.000488,0.003297,0.015140,3.703488,3.298898,1.797312,1.103296,0.609157,1.100732,0.799633,0.879999,3.304942,3.299447,0.797362,4.893680,4.903060,0.003419
53.460054,1,0.000000,0.220560,0.155173,0.000000,0.000000,0.179571,0.283020,1.071600,0.000183,0.000427,0.003419,0.015507,3.700704,3.293330,1.796824,1.107691,0.614285,1.101464,0.799633,0.879193,3.305857,3.298531,0.797362,4.908420,4.920480,0.004274
53.490053,1,0.000000,0.225440,0.153221,0.000000,0.000000,0.180547,0.283020,2.786160,0.000244,0.000549,0.003419,0.015140,3.710912,3.294258,1.798289,1.102563,0.604029,1.105127,0.800732,0.879462,3.303110,3.299447,0.797362,4.886980,4.912440,0.004274
53.520053,1,0.000000,0.216657,0.151269,0.000000,0.000000,0.179571,0.283996,2.482540,0.000061,0.000549,0.003297,0.015629,3.711840,3.299826,1.797800,1.102197,0.615018,1.101464,0.800365,0.879731,3.303110,3.299447,0.797362,4.892340,4.913780,0.003419
53.550054,1,0.000000,0.222512,0.153221,0.000000,0.000000,0.181523,0.283996,1.062670,0.000183,0.000427,0.003419,0.015629,3.704416,3.298898,1.798289,1.106226,0.615750,1.102563,0.800365,0.879193,3.303110,3.298531,0.797069,4.912440,4.921820,0.004274
53.580053,1,0.000000,0.219584,0.153221,0.000000,0.000000,0.180547,0.283020,1.553820,0.000122,0.000549,0.003358,0.015385,3.699776,3.301682,1.796824,1.104028,0.604029,1.100732,0.801831,0.879999,3.304942,3.297616,0.797948,4.888320,4.892340,0.004274
53.610055,1,0.000976,0.220560,0.153221,0.000000,0.000000,0.181523,0.283996,1.866370,0.000183,0.000672,0.003358,0.015263,3.711840,3.301682,1.797800,1.101830,0.613919,1.104028,0.801098,0.879193,3.304942,3.299447,0.797655,4.905740,4.921820,0.004274
53.640054,1,0.000000,0.220560,0.153221,0.000000,0.000000,0.178595,0.283020,1.071600,0.000244,0.000549,0.003358,0.015629,3.711840,3.301682,1.798777,1.107691,0.613919,1.101098,0.801464,0.879193,3.304942,3.299447,0.797655,4.909760,4.904400,0.004274
53.670054,1,0.000000,0.220560,0.153221,0.000000,0.000000,0.190306,0.282044,1.562750,0.000122,0.000488,0.003419,0.015140,3.711840,3.291474,1.796824,1.110622,0.603662,1.101098,0.799633,0.879462,3.304026,3.300363,0.797362,4.897700,4.904400,0.003419
53.700054,1,0.000000,0.222512,0.153221,0.000000,0.000000,0.192258,0.284972,1.062670,0.000122,0.000488,0.003419,0.015018,3.711840,3.291474,1.798289,1.104761,0.612820,1.102929,0.801831,0.879462,3.304026,3.299447,0.797948,4.907080,4.917800,0.004274
53.730054,1,0.000000,0.220560,0.152245,0.000000,0.000000,0.192258,0.282044,1.768140,0.000244,0.000488,0.003358,0.015873,3.711840,3.301682,1.797312,1.107691,0.617948,1.104028,0.801464,0.879731,3.305857,3.299447,0.797655,4.870900,4.908420,0.004274
53.760055,1,0.000000,0.224464,0.152245,0.000000,0.000000,0.191282,0.283996,2.107480,0.000183,0.000427,0.003358,0.015629,3.711840,3.297970,1.797800,1.104761,0.602197,1.104761,0.801098,0.879999,3.304026,3.299447,0.797655,4.882960,4.920480,0.004274
53.790054,1,0.000000,0.219584,0.153221,0.000000,0.000000,0.194210,0.283020,1.053740,0.000244,0.000488,0.003480,0.015385,3.711840,3.298898,1.796824,1.109156,0.615018,1.104761,0.800732,0.879193,3.304942,3.299447,0.797948,4.907080,4.921820,0.004274
53.820054,1,0.000976,0.218608,0.155173,0.000000,0.000000,0.179571,0.283020,1.786000,0.000183,0.000427,0.003419,0.015263,3.711840,3.293330,1.796824,1.107691,0.605494,1.101098,0.800732,0.879193,3.304942,3.299447,0.797655,4.900380,4.911100,0.004274
53.850054,1,0.000000,0.220560,0.152245,0.000000,0.000000,0.178595,0.283020,2.607560,0.000183,0.000427,0.003419,0.015140,3.715552,3.298898,1.796824,1.104761,0.611721,1.104761,0.802930,0.879462,3.304942,3.300363,0.797069,4.912440,4.920480,0.004274
53.880053,1,0.000976,0.219584,0.154197,0.000000,0.000000,0.179571,0.282044,1.062670,0.000122,0.000488,0.003419,0.015629,3.711840,3.307249,1.796824,1.110622,0.604761,1.104761,0.801831,0.879462,3.305857,3.300363,0.797362,4.876260,4.907080,0.004274
53.910053,1,0.000000,0.220560,0.153221,0.000000,0.000000,0.181523,0.283996,1.893160,0.000183,0.000427,0.003419,0.015385,3.710912,3.325809,1.796824,1.103296,0.602197,1.104394,0.800732,0.879193,3.303110,3.300363,0.797362,4.897700,4.896360,0.004274
53.940054,1,0.000000,0.227392,0.154197,0.000000,0.000000,0.177619,0.283020,1.848510,0.000061,0.000427,0.003358,0.015629,3.711840,3.298898,1.796824,1.102197,0.609157,1.101098,0.802930,0.879731,3.303110,3.298531,0.796776,4.909760,4.921820,0.004274
53.970054,1,0.000000,0.228368,0.153221,0.000000,0.000000,0.179571,0.283020,1.053740,0.000122,0.000549,0.003419,0.015873,3.719264,3.301682,1.796824,1.104394,0.605494,1.101464,0.800732,0.879731,3.305857,3.298531,0.796776,4.881620,4.905740,0.003419
54.000053,1,0.000000,0.226416,0.153221,0.000000,0.000000,0.181523,0.283996,1.973530,0.000061,0.000427,0.003419,0.015140,3.699776,3.298898,1.797800,1.103296,0.603662,1.105127,0.801464,0.879462,3.304942,3.299447,0.797655,4.884300,4.897700,0.003419
54.030054,1,0.000000,0.229344,0.154197,0.000000,0.000000,0.179571,0.283020,1.937810,0.000122,0.000488,0.003480,0.015140,3.704416,3.293330,1.796824,1.102197,0.614651,1.101464,0.802930,0.879462,3.305857,3.299447,0.797362,4.908420,4.920480,0.003419
54.060053,1,0.000000,0.228368,0.152245,0.000000,0.000000,0.181523,0.282044,1.053740,0.000244,0.000549,0.003419,0.015873,3.703488,3.294258,1.797800,1.107691,0.602197,1.105127,0.800732,0.879999,3.304026,3.300363,0.797655,4.896360,4.903060,0.004274
54.090054,1,0.000976,0.222512,0.152245,0.000000,0.000000,0.181523,0.283996,2.804020,0.000244,0.000549,0.003358,0.015629,3.711840,3.298898,1.796824,1.104761,0.606227,1.101464,0.800732,0.879999,3.304026,3.299447,0.797655,4.888320,4.899040,0.004274
54.120053,1,0.000000,0.219584,0.152245,0.000000,0.000000,0.179571,0.283020,1.071600,0.000183,0.000427,0.003419,0.015263,3.711840,3.297970,1.796824,1.106226,0.615384,1.102929,0.801464,0.879462,3.304942,3.297616,0.796776,4.897700,4.919140,0.004274
54.150054,1,0.000000,0.221536,0.153221,0.000000,0.000000,0.180547,0.285948,1.062670,0.000183,0.000427,0.003419,0.015140,3.711840,3.298898,1.798289,1.102929,0.603662,1.104761,0.799267,0.879731,3.305857,3.298531,0.796776,4.896360,4.903060,0.004274
54.180053,1,0.000000,0.218608,0.153221,0.000000,0.000000,0.186403,0.283996,2.786160,0.000244,0.000672,0.003358,0.015629,3.715552,3.299826,1.798777,1.107691,0.605128,1.104028,0.801464,0.879193,3.304942,3.299447,0.797948,4.889660,4.909760,0.004274
54.210054,1,0.000976,0.218608,0.153221,0.000000,0.000000,0.190306,0.282044,1.062670,0.000183,0.000549,0.003358,0.015507,3.704416,3.301682,1.796824,1.107691,0.614651,1.104394,0.800732,0.879462,3.304026,3.300363,0.797362,4.909760,4.919140,0.003419
54.240053,1,0.000000,0.219584,0.153221,0.000000,0.000000,0.190306,0.283020,1.571680,0.000183,0.000427,0.003419,0.015629,3.711840,3.292402,1.796824,1.107691,0.610256,1.100732,0.800732,0.879193,3.304942,3.299447,0.797655,4.895020,4.904400,0.004274
54.270054,1,0.000976,0.218608,0.153221,0.000000,0.000000,0.193234,0.283020,1.562750,0.000244,0.000488,0.003358,0.015507,3.710912,3.301682,1.796824,1.103296,0.610256,1.104028,0.801098,0.879193,3.305857,3.299447,0.797655,4.899040,4.921820,0.003419
54.300053,1,0.000000,0.222512,0.154197,0.000000,0.000000,0.202993,0.281068,1.062670,0.000183,0.000427,0.003419,0.015629,3.704416,3.292402,1.797800,1.105127,0.613186,1.104028,0.801098,0.878925,3.304942,3.299447,0.797948,4.909760,4.920480,0.004274
54.330054,1,0.000000,0.219584,0.154197,0.000000,0.000000,0.178595,0.282044,2.473610,0.000122,0.000488,0.003419,0.015263,3.711840,3.293330,1.797312,1.104394,0.614285,1.104761,0.799633,0.879462,3.305857,3.298531,0.796776,4.896360,4.892340,0.004274
54.360053,1,0.000000,0.220560,0.156149,0.000000,0.000000,0.180547,0.315225,1.589540,0.000061,0.000427,0.003419,0.015629,3.699776,3.291474,1.797800,1.107691,0.606959,1.102929,0.799633,0.879462,3.303110,3.297616,0.797362,4.909760,4.920480,0.004274
54.390054,1,0.000976,0.218608,0.154197,0.000000,0.000000,0.179571,0.281068,1.062670,0.000183,0.000427,0.003358,0.015263,3.711840,3.299826,1.797800,1.104761,0.604029,1.102929,0.799633,0.879731,3.305857,3.298531,0.797362,4.886980,4.904400,0.004274
54.420053,1,0.000000,0.220560,0.153221,0.000000,0.000000,0.179571,0.283020,1.803860,0.000061,0.000427,0.003297,0.015263,3.711840,3.301682,1.797800,1.107691,0.601098,1.101098,0.800732,0.879999,3.304942,3.299447,0.797655,4.877600,4.912440,0.003419
54.450054,1,0.000976,0.220560,0.153221,0.000000,0.000000,0.179571,0.283996,1.071600,0.000244,0.000549,0.003419,0.015018,3.711840,3.294258,1.798289,1.101464,0.615750,1.104761,0.799633,0.879462,3.304942,3.298531,0.797948,4.907080,4.919140,0.004274
54.480053,1,0.000976,0.227392,0.151269,0.000000,0.000000,0.181523,0.283020,1.053740,0.000244,0.000488,0.003358,0.015385,3.703488,3.301682,1.797800,1.104761,0.600732,1.104761,0.801464,0.879731,3.303110,3.299447,0.797069,4.892340,4.911100,0.004274
54.510054,1,0.000000,0.228368,0.152245,0.000000,0.000000,0.180547,0.283996,1.794930,0.000122,0.000488,0.003358,0.015263,3.711840,3.301682,1.797800,1.102929,0.608791,1.102929,0.801831,0.879193,3.304942,3.299447,0.797362,4.911100,4.919140,0.004274
54.540053,1,0.000000,0.232271,0.155173,0.000000,0.000000,0.180547,0.283996,1.053740,0.000061,0.000427,0.003358,0.015629,3.703488,3.298898,1.796824,1.107691,0.617216,1.102929,0.800365,0.879999,3.304942,3.299447,0.797362,4.899040,4.886980,0.004274
54.570055,1,0.000976,0.234223,0.155173,0.000000,0.000000,0.180547,0.283020,1.857440,0.000183,0.000427,0.003419,0.015629,3.696064,3.301682,1.797312,1.101830,0.604029,1.104761,0.800732,0.879193,3.304942,3.299447,0.797655,4.893680,4.905740,0.004274
54.600054,1,0.000976,0.223488,0.153221,0.000000,0.000000,0.178595,0.284972,1.062670,0.000061,0.000427,0.003419,0.015140,3.704416,3.303538,1.797800,1.101464,0.616483,1.100732,0.800732,0.879999,3.304942,3.299447,0.797948,4.907080,4.913780,0.004274
54.630053,1,0.000976,0.218608,0.154197,0.007807,0.000000,0.181523,0.283020,1.053740,0.000244,0.000488,0.003419,0.015263,3.710912,3.313745,1.797800,1.105494,0.603662,1.104761,0.801098,0.879462,3.304026,3.299447,0.796776,4.888320,4.897700,0.004274
54.660053,1,0.000000,0.232271,0.152245,0.001952,0.000000,0.180547,0.283996,1.937810,0.000244,0.000488,0.003358,0.015385,3.710912,3.297970,1.797800,1.109156,0.604029,1.102929,0.799633,0.879193,3.304026,3.298531,0.797362,4.893680,4.900380,0.004274
54.690054,1,0.000976,0.216657,0.152245,0.000000,0.000000,0.179571,0.282044,1.053740,0.000183,0.000427,0.003358,0.015507,3.701632,3.301682,1.797312,1.103296,0.615018,1.104028,0.801098,0.879462,3.304942,3.300363,0.796776,4.909760,4.920480,0.004274
54.720054,1,0.000000,0.219584,0.153221,0.000000,0.000000,0.179571,0.284972,2.768300,0.000061,0.000488,0.003358,0.015507,3.711840,3.301682,1.797800,1.104394,0.602197,1.101098,0.800732,0.879193,3.304942,3.299447,0.797655,4.886980,4.899040,0.004274
54.750056,1,0.000976,0.219584,0.154197,0.000000,0.000000,0.179571,0.282044,1.562750,0.000183,0.000427,0.003419,0.015018,3.696064,3.293330,1.797312,1.102563,0.608791,1.100732,0.801831,0.879193,3.304942,3.299447,0.797948,4.895020,4.920480,0.004274
54.780054,1,0.000000,0.221536,0.153221,0.000000,0.000000,0.179571,0.283020,1.062670,0.000061,0.000427,0.003419,0.015385,3.711840,3.297970,1.796824,1.101830,0.615750,1.104028,0.801098,0.879462,3.303110,3.298531,0.797362,4.909760,4.920480,0.004274
54.810053,1,0.000000,0.221536,0.154197,0.000000,0.000000,0.179571,0.282044,2.732580,0.000244,0.000488,0.003419,0.015629,3.711840,3.293330,1.798289,1.107691,0.608791,1.104761,0.800365,0.879999,3.304942,3.299447,0.797948,4.888320,4.909760,0.004274
54.840054,1,0.000000,0.222512,0.153221,0.000000,0.000000,0.182499,0.283020,2.491470,0.000244,0.000488,0.003358,0.015629,3.711840,3.297970,1.797800,1.103296,0.613552,1.100732,0.801098,0.879193,3.304942,3.298531,0.797655,4.911100,4.921820,0.004274
54.870053,1,0.000000,0.222512,0.153221,0.000000,0.000000,0.180547,0.281068,1.857440,0.000183,0.000427,0.003419,0.015263,3.711840,3.307249,1.797800,1.109156,0.611721,1.104761,0.801464,0.879462,3.304942,3.299447,0.797948,4.884300,4.885640,0.004274
54.900053,1,0.000976,0.221536,0.152245,0.000000,0.000000,0.179571,0.283020,2.169990,0.000061,0.000427,0.003297,0.015629,3.703488,3.297970,1.797312,1.107691,0.601831,1.101464,0.800732,0.879999,3.304942,3.299447,0.797362,4.896360,4.919140,0.004274
54.930054,1,0.000000,0.219584,0.154197,0.000000,0.000000,0.180547,0.283996,1.053740,0.000122,0.000488,0.003480,0.015263,3.711840,3.291474,1.798289,1.101830,0.615018,1.104761,0.800732,0.879462,3.304026,3.299447,0.797362,4.907080,4.920480,0.004274
54.960054,1,0.000000,0.232271,0.153221,0.000000,0.000000,0.180547,0.283020,1.830650,0.000122,0.000488,0.003358,0.015629,3.711840,3.301682,1.797800,1.107691,0.605860,1.104761,0.801098,0.879999,3.304942,3.299447,0.797948,4.877600,4.907080,0.003419
54.990055,1,0.000000,0.226416,0.155173,0.000000,0.000000,0.179571,0.282044,2.071760,0.000244,0.000488,0.003358,0.015263,3.711840,3.298898,1.797312,1.101830,0.606227,1.102929,0.801098,0.879462,3.304026,3.298531,0.797655,4.907080,4.917800,0.004274
55.020054,1,0.000000,0.220560,0.152245,0.000000,0.000000,0.180547,0.283020,1.062670,0.000061,0.000427,0.003419,0.015140,3.711840,3.297970,1.796824,1.103296,0.614285,1.104761,0.801464,0.879462,3.303110,3.298531,0.797655,4.912440,4.921820,0.004274
55.050054,1,0.000000,0.221536,0.154197,0.000000,0.000000,0.180547,0.283996,1.786000,0.000122,0.000549,0.003419,0.015263,3.711840,3.299826,1.797800,1.102197,0.605494,1.100732,0.800732,0.879462,3.305857,3.298531,0.797362,4.897700,4.911100,0.004274
55.080055,1,0.000000,0.220560,0.154197,0.000000,0.000000,0.179571,0.288875,2.080690,0.000244,0.000488,0.003480,0.015018,3.710912,3.295186,1.798289,1.101830,0.611355,1.102197,0.800732,0.879462,3.304942,3.298531,0.797362,4.907080,4.919140,0.004274
55.110054,1,0.000000,0.219584,0.151269,0.000000,0.000000,0.179571,0.282044,1.053740,0.000244,0.000488,0.003358,0.015873,3.711840,3.297970,1.797800,1.106226,0.614285,1.102929,0.802930,0.879462,3.305857,3.299447,0.797655,4.911100,4.891000,0.004274
55.140054,1,0.000000,0.220560,0.154197,0.000000,0.000000,0.179571,0.283996,1.794930,0.000183,0.000427,0.003419,0.015629,3.696064,3.292402,1.797312,1.107691,0.606959,1.104761,0.800732,0.879462,3.305857,3.299447,0.797655,4.900380,4.896360,0.004274
55.170055,1,0.000000,0.219584,0.153221,0.000000,0.000000,0.179571,0.282044,1.660980,0.000244,0.000488,0.003358,0.015018,3.711840,3.301682,1.798289,1.104394,0.613552,1.101098,0.800732,0.879999,3.304942,3.299447,0.797948,4.908420,4.920480,0.003419
55.200054,1,0.000000,0.221536,0.153221,0.000000,0.000000,0.181523,0.283020,1.044810,0.000122,0.000488,0.003358,0.015018,3.711840,3.301682,1.798777,1.101830,0.600366,1.104394,0.802930,0.879731,3.305857,3.298531,0.797362,4.881620,4.905740,0.004274
55.230054,1,0.000000,0.219584,0.153221,0.000000,0.000000,0.180547,0.283996,1.875300,0.000183,0.000427,0.003419,0.015263,3.719264,3.293330,1.796824,1.107691,0.602197,1.102929,0.801464,0.879462,3.305857,3.299447,0.797948,4.899040,4.897700,0.004274
55.260055,1,0.000000,0.221536,0.152245,0.000000,0.000000,0.180547,0.283020,1.857440,0.000244,0.000611,0.003419,0.015263,3.704416,3.292402,1.798289,1.101830,0.612820,1.100732,0.801831,0.879462,3.304026,3.299447,0.797655,4.907080,4.920480,0.004274
55.290054,1,0.000000,0.218608,0.154197,0.000000,0.000000,0.179571,0.283020,1.062670,0.000122,0.000488,0.003358,0.015263,3.701632,3.301682,1.798289,1.104394,0.599633,1.099999,0.801098,0.879462,3.305857,3.299447,0.797362,4.880280,4.905740,0.004274
55.320054,1,0.000000,0.225440,0.152245,0.019519,0.000000,0.178595,0.281068,2.223570,0.000061,0.000427,0.003358,0.015263,3.710912,3.298898,1.796824,1.107691,0.603296,1.104761,0.801831,0.879731,3.304026,3.299447,0.797655,4.886980,4.904400,0.004274
55.350055,1,0.000000,0.221536,0.155173,0.000000,0.000000,0.180547,0.284972,1.071600,0.000183,0.000427,0.003419,0.015385,3.711840,3.301682,1.796824,1.104761,0.612454,1.104761,0.801098,0.879462,3.304942,3.299447,0.797362,4.907080,4.919140,0.003419
55.380053,1,0.000000,0.217632,0.154197,0.000000,0.000000,0.178595,0.283020,1.830650,0.000183,0.000427,0.003358,0.015507,3.719264,3.293330,1.798289,1.109156,0.604761,1.104761,0.800732,0.879462,3.304026,3.298531,0.797362,4.893680,4.907080,0.004274
55.410054,1,0.000000,0.224464,0.151269,0.000000,0.000000,0.181523,0.282044,2.795090,0.000061,0.000427,0.003358,0.015629,3.715552,3.298898,1.797800,1.103296,0.602564,1.105494,0.799633,0.879999,3.304026,3.298531,0.797362,4.888320,4.921820,0.004274
55.440054,1,0.000000,0.220560,0.152245,0.000000,0.000000,0.179571,0.283996,1.062670,0.000183,0.000427,0.003419,0.015263,3.700704,3.292402,1.798289,1.107691,0.615018,1.102929,0.799633,0.879193,3.304942,3.299447,0.797655,4.911100,4.920480,0.004274
55.470054,1,0.000000,0.220560,0.162980,0.000000,0.000000,0.179571,0.283020,2.169990,0.000061,0.000427,0.003419,0.015263,3.711840,3.294258,1.797800,1.104028,0.600366,1.102929,0.799633,0.879731,3.306773,3.299447,0.797655,4.886980,4.904400,0.004274
55.500054,1,0.000000,0.219584,0.152245,0.000000,0.000000,0.179571,0.283020,1.553820,0.000244,0.000611,0.003419,0.015385,3.703488,3.293330,1.797312,1.109889,0.600366,1.101464,0.800732,0.879999,3.304026,3.298531,0.796776,4.907080,4.920480,0.004274
55.530054,1,0.000000,0.222512,0.152245,0.000000,0.000000,0.180547,0.282044,1.062670,0.000244,0.000488,0.003419,0.015140,3.715552,3.301682,1.797800,1.104761,0.610622,1.100732,0.800732,0.879731,3.303110,3.299447,0.797655,4.886980,4.908420,0.004274
55.560053,1,0.000000,0.222512,0.152245,0.000000,0.000000,0.180547,0.283020,2.500400,0.000061,0.000549,0.003419,0.015140,3.710912,3.325809,1.796824,1.104761,0.615384,1.102929,0.800732,0.879462,3.304942,3.297616,0.797362,4.888320,4.881620,0.004274
55.590054,1,0.000976,0.220560,0.152245,0.000000,0.000000,0.178595,0.283020,2.241430,0.000183,0.000427,0.003419,0.015140,3.711840,3.298898,1.796824,1.104761,0.609889,1.101098,0.800732,0.879731,3.305857,3.298531,0.797362,4.911100,4.921820,0.004274
55.620054,1,0.000000,0.219584,0.153221,0.000000,0.000000,0.179571,0.283020,1.053740,0.000061,0.000611,0.003236,0.015751,3.703488,3.293330,1.797312,1.103296,0.602564,1.101830,0.801098,0.879462,3.304942,3.299447,0.797655,4.878940,4.904400,0.004274
55.650054,1,0.000976,0.221536,0.154197,0.000000,0.000000,0.192258,0.283020,1.830650,0.000244,0.000488,0.003419,0.015385,3.711840,3.298898,1.797800,1.107691,0.612087,1.104028,0.800732,0.879193,3.304942,3.299447,0.797655,4.889660,4.920480,0.004274
55.680053,1,0.000000,0.221536,0.153221,0.000000,0.000000,0.179571,0.283020,1.044810,0.000244,0.000549,0.003358,0.015629,3.699776,3.301682,1.797800,1.107691,0.602930,1.103662,0.801831,0.879193,3.304942,3.300363,0.797655,4.900380,4.912440,0.004274
55.710054,1,0.000976,0.218608,0.153221,0.000000,0.000000,0.192258,0.290827,2.071760,0.000183,0.000427,0.003419,0.015385,3.703488,3.293330,1.798289,1.102929,0.604029,1.104761,0.800732,0.879462,3.305857,3.300363,0.796776,4.881620,4.905740,0.004274
55.740054,1,0.000000,0.220560,0.155173,0.000000,0.000000,0.193234,0.283020,2.250360,0.000183,0.000427,0.003419,0.015140,3.711840,3.295186,1.798289,1.107325,0.613919,1.104394,0.801098,0.879462,3.307689,3.299447,0.797362,4.907080,4.920480,0.004274
55.770054,1,0.000000,0.222512,0.152245,0.000000,0.000000,0.198114,0.284972,1.044810,0.000183,0.000427,0.003419,0.015140,3.711840,3.297042,1.796824,1.103296,0.601831,1.100732,0.799633,0.879731,3.305857,3.299447,0.796776,4.897700,4.899040,0.004274
55.800055,1,0.000976,0.218608,0.155173,0.000000,0.000000,0.179571,0.283020,1.634190,0.000183,0.000672,0.003297,0.016117,3.701632,3.301682,1.796824,1.104761,0.605860,1.104761,0.801098,0.879462,3.304942,3.300363,0.796776,4.896360,4.903060,0.004274
55.830054,1,0.000000,0.220560,0.153221,0.000000,0.000000,0.181523,0.284972,1.062670,0.000122,0.000549,0.003297,0.015629,3.711840,3.301682,1.798289,1.107691,0.614285,1.102929,0.800732,0.879731,3.305857,3.300363,0.797655,4.911100,4.913780,0.004274
55.860053,1,0.000976,0.219584,0.152245,0.000000,0.000000,0.179571,0.284972,1.053740,0.000183,0.000672,0.003358,0.015140,3.699776,3.301682,1.798289,1.104761,0.603296,1.101098,0.799267,0.879999,3.304026,3.299447,0.797362,4.901720,4.897700,0.004274
55.890055,1,0.000000,0.220560,0.153221,0.000000,0.000000,0.180547,0.283996,1.848510,0.000244,0.000549,0.003419,0.016117,3.703488,3.292402,1.798777,1.104394,0.603662,1.102929,0.801464,0.879462,3.304026,3.299447,0.797362,4.896360,4.907080,0.003419
55.920054,1,0.000000,0.228368,0.153221,0.000000,0.000000,0.180547,0.283020,1.062670,0.000183,0.000672,0.003297,0.015140,3.711840,3.301682,1.798289,1.107691,0.614285,1.100732,0.801098,0.878925,3.304942,3.299447,0.797362,4.907080,4.919140,0.003419
55.950055,1,0.000976,0.228368,0.151269,0.000000,0.000000,0.180547,0.281068,1.928880,0.000061,0.000549,0.003358,0.015629,3.703488,3.299826,1.798289,1.108424,0.601098,1.101464,0.799633,0.879462,3.305857,3.300363,0.797362,4.888320,4.899040,0.003419
55.980054,1,0.000976,0.229344,0.154197,0.000000,0.000000,0.180547,0.284972,1.946740,0.000183,0.000427,0.003419,0.015629,3.719264,3.293330,1.798289,1.101830,0.605860,1.102563,0.799633,0.879193,3.304942,3.299447,0.797655,4.911100,4.919140,0.004274
56.010054,1,0.000000,0.232271,0.153221,0.000000,0.000000,0.179571,0.283996,1.062670,0.000244,0.000549,0.003419,0.015140,3.719264,3.298898,1.796824,1.109156,0.605860,1.105127,0.800732,0.879193,3.306773,3.299447,0.797655,4.886980,4.895020,0.004274
56.040054,1,0.000000,0.231295,0.159077,0.000000,0.000000,0.179571,0.283996,1.553820,0.000061,0.000427,0.003358,0.015629,3.710912,3.293330,1.797312,1.102197,0.603296,1.105127,0.802930,0.879731,3.305857,3.298531,0.797655,4.900380,4.905740,0.004274
56.070054,1,0.000000,0.219584,0.153221,0.000000,0.000000,0.179571,0.283020,1.071600,0.000244,0.000488,0.003419,0.015263,3.711840,3.327664,1.796824,1.107691,0.615384,1.101464,0.801098,0.879193,3.304942,3.299447,0.797655,4.911100,4.917800,0.003419
56.100053,1,0.000000,0.219584,0.153221,0.000000,0.000000,0.181523,0.283020,1.794930,0.000183,0.000794,0.003297,0.015263,3.704416,3.307249,1.797800,1.110622,0.609157,1.102929,0.801831,0.879462,3.304026,3.300363,0.797362,4.888320,4.888320,0.004274
56.130054,1,0.000000,0.220560,0.152245,0.003904,0.000000,0.183475,0.282044,2.241430,0.000183,0.000672,0.003419,0.015385,3.699776,3.294258,1.797312,1.102197,0.606227,1.101098,0.801098,0.879193,3.305857,3.299447,0.797655,4.895020,4.905740,0.004274
56.160054,1,0.000000,0.222512,0.154197,0.000000,0.000000,0.180547,0.284972,1.053740,0.000183,0.000427,0.003236,0.015629,3.704416,3.291474,1.799266,1.101464,0.612087,1.102197,0.801831,0.879462,3.304026,3.300363,0.796776,4.912440,4.921820,0.004274
56.190054,1,0.001952,0.219584,0.154197,0.000000,0.000000,0.193234,0.283996,1.794930,0.000244,0.000549,0.003419,0.015873,3.699776,3.293330,1.796824,1.101464,0.610622,1.104761,0.800732,0.879193,3.304942,3.300363,0.797362,4.882960,4.907080,0.004274
56.220054,1,0.000000,0.220560,0.153221,0.000000,0.000000,0.192258,0.281068,2.223570,0.000061,0.000427,0.003297,0.015263,3.711840,3.301682,1.797312,1.107691,0.603296,1.099999,0.801098,0.879731,3.305857,3.300363,0.797362,4.886980,4.921820,0.004274
56.250054,1,0.000000,0.222512,0.154197,0.000000,0.000000,0.192258,0.283020,1.053740,0.000183,0.000427,0.003419,0.015385,3.711840,3.301682,1.796824,1.107691,0.615018,1.102929,0.801831,0.879462,3.307689,3.299447,0.797362,4.907080,4.919140,0.003419
56.280053,1,0.000000,0.220560,0.153221,0.000000,0.000000,0.202017,0.283020,1.812790,0.000183,0.000427,0.003419,0.015385,3.711840,3.307249,1.798289,1.105127,0.606227,1.100732,0.800732,0.879731,3.304942,3.298531,0.797655,4.877600,4.907080,0.004274
56.310054,1,0.000976,0.220560,0.153221,0.000000,0.000000,0.199090,0.284972,2.080690,0.000183,0.000672,0.003358,0.015385,3.700704,3.301682,1.797312,1.107691,0.599999,1.104761,0.800732,0.879193,3.304942,3.299447,0.797655,4.905740,4.919140,0.003419
56.340053,1,0.000000,0.221536,0.152245,0.000000,0.000000,0.178595,0.281068,1.053740,0.000122,0.000549,0.003419,0.015385,3.704416,3.291474,1.796824,1.103296,0.614285,1.102929,0.801098,0.879462,3.303110,3.298531,0.797362,4.912440,4.903060,0.004274
56.370053,1,0.000976,0.222512,0.154197,0.000000,0.000000,0.179571,0.283996,1.777070,0.000183,0.000427,0.003419,0.015140,3.704416,3.295186,1.798289,1.104761,0.604029,1.104394,0.800732,0.879731,3.303110,3.298531,0.797655,4.901720,4.907080,0.004274
56.400054,1,0.000976,0.222512,0.153221,0.000000,0.000000,0.181523,0.282044,2.089620,0.000244,0.000488,0.003419,0.014530,3.699776,3.298898,1.796824,1.107691,0.610988,1.104394,0.800732,0.879193,3.304942,3.298531,0.797362,4.911100,4.920480,0.004274
56.430054,1,0.000000,0.218608,0.153221,0.000000,0.000000,0.180547,0.283020,1.062670,0.000122,0.000549,0.003297,0.015263,3.704416,3.307249,1.797800,1.104761,0.611355,1.102929,0.800732,0.879462,3.304026,3.300363,0.797362,4.891000,4.886980,0.003419
56.460054,1,0.000000,0.227392,0.154197,0.000000,0.000000,0.181523,0.283020,1.786000,0.000183,0.000549,0.003297,0.016117,3.711840,3.301682,1.796824,1.109156,0.599999,1.104761,0.800732,0.879999,3.304942,3.299447,0.797655,4.901720,4.891000,0.004274
56.490055,1,0.000000,0.228368,0.152245,0.000000,0.000000,0.179571,0.283020,2.143200,0.000183,0.000672,0.003297,0.015507,3.699776,3.297970,1.796824,1.104761,0.614651,1.106226,0.801831,0.879193,3.304942,3.299447,0.797655,4.909760,4.920480,0.004274
56.520054,1,0.000000,0.228368,0.152245,0.000000,0.000000,0.179571,0.282044,1.053740,0.000061,0.000549,0.003297,0.015873,3.711840,3.301682,1.796824,1.103296,0.602930,1.104394,0.801464,0.879193,3.304942,3.299447,0.797655,4.881620,4.904400,0.004274
56.550054,1,0.000000,0.231295,0.154197,0.000000,0.000000,0.181523,0.283020,1.919950,0.000183,0.000427,0.003419,0.015140,3.711840,3.301682,1.798289,1.104394,0.601465,1.100732,0.800732,0.879999,3.304942,3.299447,0.797362,4.888320,4.899040,0.004274
56.580054,1,0.000000,0.230320,0.154197,0.000000,0.000000,0.179571,0.283020,1.053740,0.000122,0.000549,0.003419,0.015507,3.711840,3.307249,1.797800,1.104394,0.613552,1.104761,0.801098,0.879193,3.303110,3.299447,0.797655,4.911100,4.921820,0.004274
56.610054,1,0.000000,0.222512,0.152245,0.000000,0.000000,0.180547,0.284972,1.839580,0.000183,0.000427,0.003480,0.015140,3.710912,3.293330,1.798289,1.101464,0.604761,1.100732,0.800732,0.879193,3.304942,3.299447,0.797655,4.895020,4.903060,0.004274
56.640054,1,0.000000,0.222512,0.152245,0.000000,0.000000,0.180547,0.282044,2.804020,0.000183,0.000549,0.003358,0.015385,3.715552,3.301682,1.797312,1.102197,0.606593,1.104761,0.799633,0.879462,3.304942,3.300363,0.797362,4.896360,4.919140,0.004274
56.670054,1,0.000000,0.221536,0.153221,0.000000,0.000000,0.179571,0.284972,1.053740,0.000183,0.000427,0.003419,0.016117,3.701632,3.297970,1.797800,1.107691,0.602564,1.101464,0.800365,0.879731,3.304942,3.299447,0.797655,4.911100,4.900380,0.004274
56.700054,1,0.000000,0.234223,0.153221,0.000000,0.000000,0.179571,0.282044,2.232500,0.000061,0.000427,0.003358,0.015629,3.703488,3.301682,1.797312,1.107691,0.606593,1.104394,0.800732,0.879731,3.305857,3.300363,0.797069,4.895020,4.905740,0.003419
56.730054,1,0.000976,0.222512,0.152245,0.000000,0.000000,0.180547,0.283996,1.571680,0.000061,0.000427,0.003419,0.015629,3.699776,3.301682,1.797800,1.104761,0.611355,1.104394,0.801831,0.879462,3.305857,3.299447,0.797362,4.909760,4.921820,0.003419
56.760053,1,0.000976,0.220560,0.152245,0.000000,0.000000,0.180547,0.285948,1.053740,0.000244,0.000549,0.003236,0.015385,3.719264,3.299826,1.798289,1.102929,0.601098,1.099999,0.802930,0.879462,3.305857,3.298531,0.797362,4.891000,4.899040,0.004274
56.790054,1,0.000000,0.222512,0.153221,0.000000,0.000000,0.179571,0.283020,2.482540,0.000183,0.000427,0.003419,0.015263,3.711840,3.311889,1.796824,1.104761,0.610988,1.104394,0.801098,0.879193,3.303110,3.299447,0.797655,4.886980,4.921820,0.004274
56.820055,1,0.000976,0.222512,0.153221,0.000000,0.000000,0.181523,0.283020,1.053740,0.000122,0.000549,0.003419,0.015018,3.711840,3.301682,1.796824,1.107691,0.613186,1.104761,0.800732,0.879193,3.305857,3.299447,0.797362,4.909760,4.886980,0.003419
56.850054,1,0.000976,0.221536,0.155173,0.000000,0.000000,0.178595,0.283996,2.187850,0.000183,0.000427,0.003419,0.015263,3.703488,3.293330,1.797312,1.104761,0.601465,1.104028,0.801464,0.879462,3.304942,3.299447,0.797655,4.893680,4.891000,0.004274
56.880054,1,0.000000,0.221536,0.154197,0.000000,0.000000,0.180547,0.283996,1.794930,0.000061,0.000549,0.003358,0.015507,3.710912,3.301682,1.798289,1.110622,0.611721,1.104761,0.800732,0.879999,3.304942,3.299447,0.797655,4.909760,4.919140,0.004274
56.910054,1,0.000000,0.219584,0.153221,0.000000,0.000000,0.181523,0.283020,1.053740,0.000244,0.000549,0.003419,0.015018,3.711840,3.299826,1.798289,1.107691,0.599633,1.104028,0.799633,0.879731,3.305857,3.300363,0.797362,4.876260,4.913780,0.004274
56.940055,1,0.000976,0.219584,0.155173,0.000000,0.000000,0.179571,0.282044,2.089620,0.000122,0.000488,0.003358,0.015507,3.719264,3.291474,1.796824,1.102563,0.606593,1.102929,0.801831,0.879999,3.304942,3.299447,0.797655,4.878940,4.903060,0.003419
56.970054,1,0.000000,0.219584,0.153221,0.000000,0.000000,0.181523,0.282044,1.857440,0.000122,0.000549,0.003480,0.015140,3.710912,3.357359,1.797312,1.104761,0.616117,1.102929,0.801831,0.879193,3.304026,3.300363,0.797362,4.908420,4.920480,0.004274
57.000054,1,0.000000,0.221536,0.153221,0.000000,0.000000,0.180547,0.283996,1.053740,0.000061,0.000549,0.003358,0.015385,3.719264,3.301682,1.797800,1.103296,0.602197,1.104761,0.799633,0.879462,3.304026,3.299447,0.797948,4.899040,4.912440,0.003419
57.030055,1,0.001952,0.220560,0.153221,0.000000,0.000000,0.180547,0.281068,2.339660,0.000244,0.000488,0.003419,0.015385,3.699776,3.301682,1.798777,1.110622,0.606593,1.104761,0.801831,0.879193,3.303110,3.299447,0.797655,4.881620,4.907080,0.004274
57.060054,1,0.000000,0.222512,0.152245,0.000000,0.000000,0.181523,0.281068,1.062670,0.000183,0.000427,0.003358,0.015385,3.711840,3.301682,1.796824,1.110622,0.613186,1.106226,0.802930,0.879193,3.303110,3.299447,0.797362,4.912440,4.919140,0.003419
57.090054,1,0.000000,0.222512,0.154197,0.000000,0.000000,0.180547,0.284972,1.866370,0.000244,0.000488,0.003419,0.015385,3.703488,3.293330,1.798289,1.107691,0.605494,1.104028,0.798900,0.879462,3.303110,3.298531,0.797655,4.900380,4.900380,0.004274
57.120055,1,0.000976,0.219584,0.152245,0.000000,0.000000,0.181523,0.283020,2.455750,0.000183,0.000427,0.003419,0.015507,3.704416,3.293330,1.797312,1.107691,0.606593,1.104028,0.799633,0.879193,3.303110,3.298531,0.797655,4.911100,4.920480,0.004274
57.150054,1,0.000976,0.221536,0.152245,0.000000,0.000000,0.180547,0.283020,1.080530,0.000183,0.000427,0.003358,0.015263,3.711840,3.298898,1.797312,1.103296,0.612087,1.104761,0.799633,0.879462,3.304942,3.300363,0.797362,4.896360,4.905740,0.004274
57.180054,1,0.000000,0.223488,0.154197,0.000000,0.000000,0.179571,0.283020,2.777230,0.000244,0.000549,0.003358,0.015507,3.713696,3.301682,1.796824,1.104394,0.603296,1.101098,0.799633,0.879193,3.305857,3.298531,0.796776,4.886980,4.907080,0.004274
57.210055,1,0.000000,0.221536,0.154197,0.000000,0.000000,0.180547,0.283996,1.053740,0.000061,0.000427,0.003419,0.015018,3.704416,3.294258,1.797800,1.102929,0.614285,1.102929,0.800732,0.879999,3.304026,3.298531,0.797948,4.907080,4.920480,0.004274
57.240053,1,0.000000,0.217632,0.153221,0.000000,0.009804,0.179571,0.283020,1.053740,0.000183,0.000672,0.003297,0.015507,3.711840,3.301682,1.797312,1.102197,0.614285,1.101464,0.801831,0.879999,3.304026,3.298531,0.797069,4.896360,4.904400,0.004274
57.270054,1,0.001952,0.222512,0.154197,0.000000,0.000000,0.181523,0.283996,1.571680,0.000122,0.000549,0.003419,0.015873,3.711840,3.291474,1.798289,1.102929,0.606227,1.101098,0.800732,0.878925,3.304942,3.299447,0.797948,4.899040,4.904400,0.004274
57.300054,1,0.000000,0.219584,0.152245,0.000000,0.000000,0.179571,0.283996,1.062670,0.000122,0.000488,0.003358,0.015018,3.704416,3.301682,1.797312,1.104761,0.614651,1.104761,0.801098,0.879193,3.303110,3.298531,0.797069,4.911100,4.919140,0.003419
57.330054,1,0.001952,0.217632,0.153221,0.000000,0.000000,0.181523,0.284972,2.482540,0.000244,0.000549,0.003236,0.015385,3.705344,3.301682,1.796824,1.110622,0.614285,1.106226,0.800732,0.879999,3.305857,3.299447,0.797655,4.895020,4.897700,0.004274
57.360054,1,0.000000,0.221536,0.154197,0.000000,0.000000,0.181523,0.283020,1.544890,0.000183,0.000427,0.003419,0.015263,3.719264,3.291474,1.798289,1.101464,0.603662,1.101098,0.799633,0.879999,3.304026,3.299447,0.797362,4.888320,4.897700,0.004274
57.390054,1,0.000976,0.221536,0.153221,0.000000,0.000000,0.179571,0.283996,1.062670,0.000244,0.000549,0.003419,0.015507,3.704416,3.294258,1.798289,1.104761,0.615384,1.102929,0.802930,0.879462,3.307689,3.300363,0.797362,4.907080,4.920480,0.004274
57.420054,1,0.000000,0.220560,0.153221,0.000000,0.000000,0.179571,0.282044,2.446820,0.000122,0.000549,0.003419,0.015385,3.711840,3.293330,1.798289,1.104394,0.613186,1.102929,0.801831,0.879731,3.305857,3.299447,0.797362,4.885640,4.888320,0.004274
57.450054,1,0.000000,0.220560,0.154197,0.000000,0.000000,0.179571,0.284972,2.223570,0.000183,0.000427,0.003358,0.016117,3.701632,3.301682,1.798289,1.102929,0.603662,1.102929,0.800365,0.879999,3.304942,3.299447,0.796776,4.896360,4.920480,0.004274
57.480054,1,0.000000,0.221536,0.155173,0.000000,0.000000,0.181523,0.283996,1.053740,0.000183,0.000427,0.003419,0.015385,3.711840,3.293330,1.798289,1.107691,0.615018,1.101098,0.801831,0.879193,3.303110,3.299447,0.797655,4.909760,4.920480,0.004274
57.510054,1,0.000000,0.218608,0.154197,0.000000,0.000000,0.181523,0.284972,1.830650,0.000244,0.000611,0.003480,0.015629,3.711840,3.293330,1.798289,1.108424,0.608791,1.105127,0.799633,0.879999,3.304026,3.298531,0.797948,4.885640,4.888320,0.004274
57.540055,1,0.000000,0.220560,0.152245,0.000000,0.000000,0.179571,0.281068,2.196780,0.000183,0.000427,0.003297,0.016117,3.701632,3.299826,1.798289,1.107691,0.606959,1.102563,0.800732,0.879462,3.304942,3.300363,0.796776,4.912440,4.920480,0.004274
57.570054,1,0.000000,0.219584,0.154197,0.000000,0.000000,0.179571,0.284972,1.053740,0.000122,0.000549,0.003419,0.015018,3.711840,3.293330,1.796824,1.104394,0.613919,1.102929,0.801831,0.879731,3.305857,3.298531,0.797362,4.911100,4.900380,0.004274
57.600054,1,0.000000,0.223488,0.154197,0.000000,0.000000,0.179571,0.283996,1.794930,0.000122,0.000549,0.003419,0.016117,3.719264,3.303538,1.797800,1.101464,0.606593,1.104394,0.802930,0.879462,3.304026,3.300363,0.797362,4.874920,4.913780,0.003419
57.630055,1,0.000000,0.222512,0.154197,0.000000,0.000000,0.187379,0.284972,2.062830,0.000183,0.000427,0.003419,0.015629,3.703488,3.327664,1.797312,1.104394,0.611721,1.100732,0.800732,0.879193,3.304942,3.299447,0.797655,4.911100,4.921820,0.004274
57.660053,1,0.000000,0.222512,0.154197,0.000000,0.000000,0.192258,0.283996,1.062670,0.000183,0.000427,0.003419,0.015140,3.711840,3.295186,1.797312,1.111354,0.609889,1.101098,0.800732,0.879462,3.304942,3.299447,0.797655,4.886980,4.893680,0.003419
57.690055,1,0.000976,0.220560,0.152245,0.000000,0.000000,0.192258,0.283996,1.794930,0.000061,0.000427,0.003358,0.015507,3.710912,3.301682,1.797312,1.101830,0.604761,1.104028,0.799267,0.879462,3.304942,3.299447,0.797362,4.899040,4.897700,0.004274
57.720055,1,0.000000,0.219584,0.153221,0.000000,0.000000,0.179571,0.283020,1.071600,0.000244,0.000549,0.003419,0.015018,3.703488,3.293330,1.796824,1.104028,0.611355,1.104761,0.801464,0.878925,3.304026,3.299447,0.797362,4.907080,4.920480,0.003419
57.750056,1,0.000000,0.217632,0.153221,0.000000,0.000000,0.202017,0.283020,1.053740,0.000244,0.000549,0.003419,0.015018,3.699776,3.301682,1.797800,1.104761,0.606593,1.104028,0.800365,0.879731,3.304942,3.300363,0.797655,4.881620,4.907080,0.003419
57.780054,1,0.000000,0.222512,0.153221,0.000000,0.000000,0.180547,0.284972,1.964600,0.000183,0.000427,0.003480,0.015263,3.711840,3.291474,1.798289,1.107691,0.604761,1.104394,0.800732,0.879193,3.305857,3.299447,0.797655,4.901720,4.895020,0.003419
57.810054,1,0.000000,0.217632,0.153221,0.000000,0.000000,0.181523,0.283020,1.062670,0.000061,0.000427,0.003297,0.015140,3.711840,3.301682,1.797800,1.101830,0.616117,1.104394,0.799633,0.879193,3.304942,3.299447,0.797948,4.911100,4.917800,0.004274
57.840054,1,0.000000,0.224464,0.154197,0.000000,0.000000,0.181523,0.284972,2.428960,0.000061,0.000427,0.003419,0.015385,3.711840,3.301682,1.798289,1.106226,0.601098,1.104394,0.802930,0.879462,3.304026,3.299447,0.797362,4.896360,4.907080,0.004274
57.870055,1,0.000000,0.220560,0.154197,0.000000,0.000000,0.177619,0.283020,2.786160,0.000183,0.000427,0.003419,0.015140,3.711840,3.293330,1.798289,1.101830,0.613919,1.104394,0.799633,0.879462,3.303110,3.299447,0.797655,4.911100,4.920480,0.004274
57.900054,1,0.000000,0.226416,0.154197,0.000000,0.000000,0.180547,0.283996,1.553820,0.000183,0.000427,0.003419,0.015385,3.711840,3.327664,1.797312,1.112087,0.601098,1.104761,0.803296,0.879731,3.305857,3.298531,0.797362,4.891000,4.909760,0.004274
57.930054,1,0.001952,0.230320,0.153221,0.000000,0.000000,0.178595,0.282044,2.482540,0.000183,0.000427,0.003419,0.015140,3.711840,3.311889,1.797312,1.106226,0.612454,1.104761,0.800732,0.879193,3.305857,3.300363,0.797655,4.888320,4.921820,0.003419
57.960054,1,0.000000,0.228368,0.153221,0.000000,0.000000,0.180547,0.282044,1.071600,0.000061,0.000549,0.003297,0.015140,3.711840,3.301682,1.798289,1.109156,0.616483,1.105127,0.800732,0.879462,3.305857,3.299447,0.797655,4.909760,4.919140,0.004274
57.990053,1,0.000000,0.230320,0.154197,0.022446,0.000000,0.179571,0.284972,1.562750,0.000061,0.000427,0.003297,0.015263,3.711840,3.301682,1.797312,1.101464,0.603662,1.102929,0.800732,0.879462,3.304942,3.300363,0.796776,4.885640,4.903060,0.004274
58.020054,1,0.000000,0.235199,0.153221,0.000000,0.000000,0.179571,0.283996,1.794930,0.000122,0.000488,0.003480,0.015018,3.703488,3.311889,1.797312,1.104028,0.612454,1.105127,0.801098,0.879193,3.304942,3.299447,0.797655,4.905740,4.921820,0.004274
58.050054,1,0.000000,0.220560,0.154197,0.000000,0.000000,0.180547,0.283996,1.062670,0.000061,0.000549,0.003358,0.015140,3.700704,3.289618,1.796824,1.110622,0.608058,1.101464,0.801098,0.879999,3.304942,3.299447,0.797655,4.907080,4.885640,0.004274
58.080054,1,0.000000,0.220560,0.154197,0.000000,0.000000,0.180547,0.283020,2.214640,0.000122,0.000488,0.003358,0.015629,3.699776,3.301682,1.797312,1.107691,0.603296,1.102197,0.800732,0.879999,3.305857,3.299447,0.797362,4.893680,4.907080,0.004274
58.110054,1,0.000000,0.220560,0.154197,0.000000,0.000000,0.179571,0.283020,1.786000,0.000122,0.000549,0.003358,0.015140,3.713696,3.301682,1.796824,1.104761,0.611721,1.100732,0.800365,0.879731,3.305857,3.299447,0.797362,4.912440,4.921820,0.004274
58.140053,1,0.000000,0.219584,0.152245,0.000000,0.000000,0.180547,0.283020,1.062670,0.000061,0.000672,0.003419,0.015385,3.704416,3.301682,1.797312,1.104761,0.602197,1.104028,0.800732,0.879462,3.304942,3.299447,0.797655,4.881620,4.907080,0.004274
58.170055,1,0.000000,0.217632,0.153221,0.000000,0.000000,0.192258,0.287899,2.205710,0.000244,0.000549,0.003419,0.015140,3.703488,3.292402,1.798289,1.108424,0.601098,1.102929,0.800732,0.879731,3.305857,3.300363,0.797655,4.891000,4.889660,0.004274
58.200053,1,0.000000,0.222512,0.154197,0.000000,0.000000,0.192258,0.280092,1.786000,0.000183,0.000427,0.003419,0.015385,3.711840,3.289618,1.798289,1.101830,0.614651,1.104761,0.801831,0.879193,3.303110,3.299447,0.797655,4.911100,4.920480,0.004274
58.230054,1,0.000000,0.219584,0.153221,0.000000,0.000000,0.192258,0.284972,1.062670,0.000122,0.000488,0.003358,0.015629,3.711840,3.301682,1.796824,1.107691,0.603296,1.104028,0.799633,0.879731,3.305857,3.298531,0.796776,4.870900,4.911100,0.003419
58.260054,1,0.000976,0.217632,0.153221,0.000000,0.000000,0.193234,0.283020,2.089620,0.000244,0.000549,0.003358,0.015263,3.704416,3.301682,1.798289,1.101830,0.606959,1.104761,0.801831,0.879731,3.303110,3.299447,0.797362,4.876260,4.920480,0.004274
58.290055,1,0.000000,0.222512,0.152245,0.000000,0.000000,0.200066,0.283020,1.062670,0.000122,0.000733,0.003358,0.015507,3.711840,3.357359,1.796824,1.102929,0.612087,1.104761,0.801831,0.879462,3.304942,3.299447,0.797655,4.911100,4.904400,0.004274
58.320053,1,0.000000,0.220560,0.154197,0.000000,0.000000,0.179571,0.282044,2.241430,0.000244,0.000549,0.003419,0.015751,3.701632,3.294258,1.798289,1.107691,0.606959,1.104394,0.800732,0.879462,3.304026,3.300363,0.796776,4.888320,4.903060,0.004274
58.350055,1,0.000000,0.221536,0.153221,0.000000,0.000000,0.179571,0.283020,1.768140,0.000244,0.000549,0.003419,0.015263,3.703488,3.301682,1.797312,1.107691,0.612087,1.100732,0.801098,0.879731,3.303110,3.300363,0.797069,4.909760,4.920480,0.004274
58.380053,1,0.000000,0.219584,0.154197,0.000000,0.000000,0.179571,0.283020,1.062670,0.000183,0.000672,0.003419,0.015385,3.696064,3.307249,1.797800,1.107325,0.599999,1.104761,0.801831,0.879999,3.304026,3.299447,0.797362,4.893680,4.907080,0.004274
58.410054,1,0.000000,0.221536,0.153221,0.000000,0.000000,0.180547,0.281068,2.795090,0.000061,0.000427,0.003236,0.015629,3.719264,3.295186,1.797312,1.105494,0.605494,1.102929,0.802930,0.879193,3.303110,3.300363,0.796776,4.896360,4.888320,0.004274
58.440054,1,0.000000,0.229344,0.153221,0.000000,0.000000,0.181523,0.284972,1.062670,0.000122,0.000549,0.003419,0.015140,3.701632,3.299826,1.796824,1.110622,0.613919,1.102929,0.800365,0.879731,3.303110,3.299447,0.797362,4.912440,4.921820,0.004274
58.470053,1,0.000000,0.228368,0.156149,0.000000,0.000000,0.178595,0.284972,1.071600,0.000122,0.000549,0.003419,0.015385,3.726687,3.307249,1.796824,1.104761,0.606593,1.099999,0.801098,0.879462,3.305857,3.300363,0.797362,4.896360,4.903060,0.004274
58.500054,1,0.000000,0.228368,0.153221,0.000000,0.000000,0.180547,0.284972,1.562750,0.000244,0.000488,0.003358,0.015873,3.711840,3.301682,1.798289,1.104761,0.602930,1.100732,0.800732,0.879193,3.304942,3.300363,0.797655,4.886980,4.897700,0.003419
58.530054,1,0.000000,0.228368,0.153221,0.000000,0.000000,0.180547,0.283996,1.062670,0.000061,0.000427,0.003236,0.015263,3.711840,3.293330,1.797312,1.107691,0.612820,1.104028,0.801831,0.879462,3.304026,3.299447,0.797362,4.907080,4.917800,0.003419
58.560054,1,0.000000,0.223488,0.152245,0.054652,0.000000,0.180547,0.283020,2.232500,0.000061,0.000427,0.003358,0.015751,3.715552,3.301682,1.797312,1.101830,0.604761,1.102197,0.801464,0.879193,3.304942,3.299447,0.797948,4.895020,4.904400,0.004274
58.590054,1,0.000000,0.222512,0.153221,0.000000,0.000000,0.180547,0.282044,1.535960,0.000183,0.000427,0.003480,0.015507,3.719264,3.293330,1.797800,1.102197,0.604761,1.104394,0.801831,0.879731,3.305857,3.299447,0.797655,4.900380,4.904400,0.004274
58.620054,1,0.000976,0.223488,0.153221,0.000000,0.000000,0.180547,0.283020,1.062670,0.000183,0.000549,0.003419,0.015629,3.711840,3.301682,1.796824,1.101830,0.615384,1.099999,0.801098,0.879462,3.307689,3.299447,0.797069,4.907080,4.919140,0.004274
58.650054,1,0.002928,0.220560,0.152245,0.000000,0.000000,0.179571,0.282044,2.518260,0.000244,0.000672,0.003358,0.015385,3.704416,3.291474,1.797312,1.102929,0.615018,1.101464,0.802197,0.879999,3.304942,3.299447,0.797362,4.896360,4.904400,0.004274
58.680053,1,0.000000,0.220560,0.153221,0.026350,0.000000,0.181523,0.283996,1.544890,0.000244,0.000488,0.003419,0.015385,3.711840,3.292402,1.796824,1.101464,0.606227,1.104394,0.800365,0.879999,3.307689,3.300363,0.797362,4.888320,4.920480,0.004274
58.710054,1,0.000000,0.218608,0.152245,0.000000,0.000000,0.179571,0.283996,1.071600,0.000122,0.000549,0.003419,0.015507,3.711840,3.301682,1.796824,1.107691,0.615750,1.104761,0.801098,0.879193,3.303110,3.299447,0.797069,4.912440,4.920480,0.004274
58.740054,1,0.000000,0.221536,0.153221,0.000000,0.000000,0.180547,0.283996,1.839580,0.000244,0.000549,0.003358,0.015385,3.699776,3.301682,1.797800,1.104394,0.603296,1.102929,0.800732,0.879193,3.304026,3.299447,0.797948,4.893680,4.882960,0.004274
58.770054,1,0.000000,0.220560,0.153221,0.000000,0.000000,0.180547,0.284972,2.214640,0.000122,0.000488,0.003358,0.015507,3.704416,3.295186,1.797312,1.106226,0.602930,1.104761,0.801098,0.878925,3.304942,3.299447,0.797655,4.905740,4.921820,0.004274
58.800054,1,0.000000,0.219584,0.154197,0.000000,0.000000,0.179571,0.284972,1.062670,0.000061,0.000549,0.003419,0.015751,3.711840,3.293330,1.799266,1.104028,0.614651,1.101098,0.801098,0.879731,3.303110,3.300363,0.797362,4.876260,4.903060,0.004274
58.830054,1,0.000000,0.220560,0.152245,0.000000,0.000000,0.180547,0.283020,1.803860,0.000122,0.000549,0.003419,0.015385,3.715552,3.299826,1.797800,1.101464,0.600366,1.104028,0.799633,0.879731,3.305857,3.298531,0.797362,4.876260,4.912440,0.004274
58.860054,1,0.000000,0.220560,0.153221,0.000000,0.000000,0.180547,0.283996,2.080690,0.000244,0.000549,0.003419,0.015385,3.710912,3.307249,1.798777,1.107325,0.610622,1.104394,0.799633,0.879462,3.304026,3.299447,0.797069,4.912440,4.921820,0.003419
58.890054,1,0.000000,0.220560,0.153221,0.000000,0.000000,0.180547,0.282044,1.053740,0.000122,0.000549,0.003419,0.015629,3.696064,3.298898,1.795847,1.110622,0.602197,1.102929,0.801831,0.879462,3.304942,3.299447,0.797655,4.892340,4.889660,0.004274
58.920053,1,0.000000,0.221536,0.154197,0.000000,0.000000,0.180547,0.283020,1.786000,0.000122,0.000549,0.003358,0.015018,3.699776,3.301682,1.797312,1.102929,0.606593,1.104761,0.801831,0.879731,3.305857,3.300363,0.797069,4.897700,4.911100,0.004274
58.950054,1,0.000000,0.222512,0.152245,0.000000,0.000000,0.180547,0.283996,1.071600,0.000061,0.000427,0.003297,0.015140,3.711840,3.301682,1.798289,1.104761,0.612087,1.104761,0.799633,0.879999,3.304026,3.299447,0.797362,4.907080,4.919140,0.004274
58.980053,1,0.000000,0.221536,0.153221,0.022446,0.000000,0.179571,0.283996,2.053900,0.000244,0.000549,0.003419,0.015140,3.704416,3.303538,1.798289,1.101830,0.605494,1.104394,0.801098,0.879999,3.304026,3.300363,0.796776,4.882960,4.904400,0.004274
59.010054,1,0.000000,0.215681,0.153221,0.000000,0.000000,0.180547,0.282044,2.196780,0.000183,0.000427,0.003419,0.015140,3.710912,3.301682,1.797800,1.107691,0.611721,1.104394,0.801098,0.879462,3.304026,3.298531,0.797069,4.909760,4.919140,0.003419
59.040053,1,0.000000,0.219584,0.154197,0.000000,0.000000,0.179571,0.283996,2.777230,0.000061,0.000427,0.003358,0.015263,3.715552,3.301682,1.796824,1.104761,0.601831,1.101098,0.801464,0.879999,3.304026,3.299447,0.797948,4.888320,4.897700,0.003419
59.070054,1,0.000976,0.220560,0.151269,0.000000,0.000000,0.180547,0.283020,1.580610,0.000183,0.000672,0.003297,0.015263,3.710912,3.301682,1.797800,1.101464,0.606593,1.100732,0.798900,0.879462,3.303110,3.298531,0.797069,4.892340,4.899040,0.004274
59.100054,1,0.000000,0.223488,0.153221,0.000000,0.000000,0.180547,0.282044,1.062670,0.000183,0.000427,0.003358,0.014774,3.699776,3.301682,1.797312,1.107691,0.613919,1.100732,0.800732,0.879193,3.304942,3.299447,0.797069,4.908420,4.917800,0.004274
59.130054,1,0.000000,0.219584,0.153221,0.000000,0.000000,0.178595,0.283020,1.562750,0.000061,0.000427,0.003236,0.015385,3.711840,3.291474,1.798289,1.108424,0.604761,1.102929,0.801831,0.879999,3.304026,3.300363,0.797655,4.888320,4.911100,0.004274
59.160053,1,0.000000,0.220560,0.152245,0.000000,0.000000,0.179571,0.283020,2.491470,0.000122,0.000549,0.003480,0.015018,3.704416,3.295186,1.798289,1.101464,0.614285,1.102929,0.800732,0.879999,3.304942,3.299447,0.797948,4.889660,4.920480,0.004274
59.190053,1,0.000000,0.223488,0.154197,0.000000,0.000000,0.179571,0.283996,1.062670,0.000122,0.000488,0.003480,0.015140,3.715552,3.357359,1.797800,1.106226,0.611721,1.104028,0.801464,0.879193,3.304942,3.299447,0.797655,4.911100,4.921820,0.004274
59.220053,1,0.000976,0.218608,0.153221,0.000000,0.000000,0.179571,0.282044,1.553820,0.000122,0.000549,0.003419,0.015385,3.711840,3.307249,1.797800,1.101830,0.602930,1.099999,0.802930,0.879999,3.303110,3.299447,0.797655,4.880280,4.904400,0.004274
59.250055,1,0.000000,0.220560,0.155173,0.000000,0.000000,0.178595,0.283996,1.857440,0.000183,0.000427,0.003480,0.015263,3.711840,3.291474,1.797312,1.104028,0.613186,1.104394,0.800365,0.879462,3.303110,3.299447,0.797655,4.911100,4.921820,0.004274
59.280054,1,0.000000,0.220560,0.153221,0.000000,0.000000,0.179571,0.283996,1.053740,0.000244,0.000549,0.003419,0.015140,3.711840,3.301682,1.798289,1.108424,0.615750,1.104761,0.800732,0.879462,3.305857,3.300363,0.796776,4.912440,4.903060,0.004274
59.310053,1,0.000000,0.220560,0.152245,0.022446,0.000000,0.181523,0.283020,1.553820,0.000061,0.000427,0.003419,0.015385,3.704416,3.301682,1.797800,1.104761,0.600366,1.102929,0.798900,0.879999,3.304026,3.299447,0.797362,4.888320,4.903060,0.003419
59.340054,1,0.002928,0.219584,0.154197,0.000000,0.000000,0.181523,0.283020,1.062670,0.000183,0.000672,0.003358,0.015263,3.711840,3.299826,1.798289,1.104761,0.614285,1.104028,0.800732,0.879193,3.303110,3.300363,0.797655,4.909760,4.920480,0.004274
59.370054,1,0.000000,0.219584,0.151269,0.000000,0.000000,0.180547,0.283996,1.786000,0.000183,0.000427,0.003297,0.015140,3.699776,3.298898,1.798289,1.109156,0.606593,1.102197,0.802930,0.879462,3.304026,3.300363,0.797069,4.897700,4.912440,0.004274
59.400055,1,0.000000,0.221536,0.153221,0.000000,0.000000,0.179571,0.289851,2.089620,0.000122,0.000549,0.003419,0.015629,3.726687,3.294258,1.797312,1.107691,0.599633,1.102929,0.800732,0.879462,3.304942,3.297616,0.797362,4.882960,4.921820,0.004274
59.430054,1,0.002928,0.219584,0.153221,0.000000,0.000000,0.180547,0.283996,1.062670,0.000122,0.000549,0.003419,0.014896,3.704416,3.291474,1.796824,1.110622,0.614651,1.102929,0.799633,0.879193,3.304942,3.299447,0.797362,4.909760,4.921820,0.004274
59.460053,1,0.000000,0.219584,0.155173,0.000000,0.000000,0.181523,0.283996,1.794930,0.000061,0.000549,0.003114,0.015629,3.713696,3.311889,1.796824,1.109889,0.605860,1.102929,0.801831,0.879193,3.304942,3.299447,0.797362,4.899040,4.912440,0.004274
59.490054,1,0.000000,0.216657,0.154197,0.000000,0.000000,0.180547,0.283996,1.634190,0.000061,0.000427,0.003358,0.015507,3.711840,3.301682,1.796824,1.101830,0.608791,1.102929,0.799267,0.879462,3.304026,3.299447,0.797948,4.909760,4.924500,0.003419
59.520053,1,0.000000,0.217632,0.153221,0.000000,0.000000,0.181523,0.283996,1.053740,0.000122,0.000488,0.003358,0.015140,3.711840,3.293330,1.796824,1.101464,0.605494,1.104761,0.801831,0.879999,3.304026,3.299447,0.797655,4.882960,4.907080,0.003419
59.550054,1,0.000000,0.225440,0.154197,0.000000,0.000000,0.180547,0.284972,1.937810,0.000244,0.000488,0.003358,0.015385,3.699776,3.297970,1.796824,1.102197,0.606959,1.104761,0.800732,0.879193,3.303110,3.299447,0.797655,4.900380,4.886980,0.004274
59.580054,1,0.000000,0.221536,0.153221,0.000000,0.000000,0.180547,0.283996,1.794930,0.000183,0.000427,0.003419,0.015385,3.711840,3.293330,1.798289,1.101464,0.611355,1.101464,0.801098,0.879462,3.304942,3.299447,0.797655,4.911100,4.917800,0.004274
59.610053,1,0.000000,0.221536,0.155173,0.000000,0.000000,0.191282,0.283996,1.053740,0.000244,0.000549,0.003358,0.015140,3.711840,3.291474,1.798289,1.107691,0.602930,1.102197,0.799633,0.879462,3.304026,3.299447,0.797948,4.893680,4.904400,0.004274
59.640054,1,0.000000,0.220560,0.153221,0.000000,0.000000,0.190306,0.282044,2.402170,0.000122,0.000488,0.003297,0.015507,3.719264,3.301682,1.797312,1.108424,0.619413,1.099999,0.801831,0.879731,3.304942,3.298531,0.797655,4.881620,4.899040,0.004274
59.670054,1,0.000000,0.225440,0.154197,0.000000,0.000000,0.191282,0.284972,2.027110,0.000183,0.000427,0.003297,0.015140,3.700704,3.301682,1.798777,1.104761,0.604395,1.104761,0.800732,0.879462,3.304942,3.299447,0.797655,4.911100,4.920480,0.004274
59.700054,1,0.000000,0.219584,0.154197,0.000000,0.000000,0.191282,0.283996,1.071600,0.000061,0.000488,0.003236,0.015507,3.719264,3.293330,1.798289,1.104394,0.601465,1.102929,0.800732,0.879999,3.304026,3.300363,0.797362,4.896360,4.897700,0.004274
59.730054,1,0.000000,0.220560,0.155173,0.000000,0.000000,0.201042,0.282044,2.804020,0.000061,0.000427,0.003419,0.015629,3.711840,3.297970,1.796824,1.107325,0.605494,1.104028,0.799633,0.879999,3.304026,3.299447,0.797362,4.888320,4.900380,0.003419
59.760054,1,0.000000,0.220560,0.152245,0.000000,0.000000,0.191282,0.283996,1.053740,0.000122,0.000549,0.003419,0.015629,3.711840,3.292402,1.797800,1.103296,0.612820,1.099999,0.800732,0.879999,3.304026,3.299447,0.797362,4.907080,4.921820,0.004274
59.790054,1,0.000000,0.220560,0.154197,0.000000,0.000000,0.178595,0.280092,1.062670,0.000122,0.000549,0.003358,0.015385,3.699776,3.294258,1.797800,1.101830,0.606593,1.102929,0.800732,0.879462,3.305857,3.298531,0.797362,4.896360,4.904400,0.004274
59.820053,1,0.000000,0.219584,0.153221,0.000000,0.000000,0.180547,0.283020,2.723650,0.000061,0.000427,0.003358,0.015140,3.711840,3.297970,1.797312,1.101464,0.602564,1.102197,0.800732,0.879731,3.305857,3.300363,0.796776,4.891000,4.911100,0.004274
59.850054,1,0.000000,0.216657,0.152245,0.000000,0.000000,0.179571,0.282044,1.062670,0.000122,0.000549,0.003419,0.015385,3.710912,3.294258,1.798289,1.107691,0.612454,1.104761,0.801831,0.879462,3.303110,3.300363,0.796776,4.904400,4.920480,0.004274
59.880054,1,0.000000,0.228368,0.154197,0.000000,0.000000,0.179571,0.342551,1.768140,0.000061,0.000611,0.003236,0.015140,3.719264,3.293330,1.797312,1.109889,0.612087,1.105494,0.801831,0.879462,3.304026,3.300363,0.797069,4.896360,4.896360,0.003419
59.910054,1,0.000976,0.225440,0.159077,0.006832,0.000000,0.180547,0.283020,1.571680,0.000183,0.000427,0.003358,0.015629,3.699776,3.292402,1.797800,1.107691,0.616849,1.100732,0.800732,0.879731,3.305857,3.298531,0.797362,4.899040,4.921820,0.004274
59.940054,1,0.000976,0.229344,0.153221,0.000000,0.000000,0.180547,0.284972,1.062670,0.000122,0.000549,0.003419,0.015385,3.711840,3.307249,1.796824,1.102563,0.617216,1.102563,0.798900,0.879462,3.304942,3.299447,0.797655,4.909760,4.899040,0.004274
59.970054,1,0.000000,0.228368,0.153221,0.000000,0.000000,0.179571,0.283996,2.500400,0.000244,0.000549,0.003419,0.015629,3.710912,3.301682,1.798289,1.110622,0.610622,1.104028,0.800732,0.879731,3.303110,3.299447,0.797069,4.886980,4.886980,0.004274
60.000053,1,0.000976,0.234223,0.154197,0.000000,0.000000,0.182499,0.285948,2.196780,0.000122,0.000549,0.003297,0.015018,3.710912,3.301682,1.797800,1.110622,0.609157,1.104761,0.799633,0.879462,3.304026,3.298531,0.797362,4.907080,4.919140,0.004274
60.030055,1,0.000000,0.227392,0.155173,0.000000,0.000000,0.180547,0.284972,1.053740,0.000183,0.000549,0.003358,0.015507,3.699776,3.301682,1.797800,1.110622,0.602564,1.104761,0.800732,0.879999,3.305857,3.299447,0.797362,4.882960,4.897700,0.004274
60.060054,1,0.000000,0.219584,0.153221,0.000000,0.000000,0.179571,0.282044,1.803860,0.000183,0.000427,0.003541,0.015629,3.711840,3.301682,1.797800,1.104761,0.606593,1.101464,0.799633,0.879731,3.303110,3.299447,0.797362,4.874920,4.911100,0.004274
60.090054,1,0.000000,0.220560,0.154197,0.000000,0.000000,0.180547,0.283996,1.044810,0.000183,0.000427,0.003297,0.015263,3.711840,3.301682,1.798289,1.102197,0.614651,1.100732,0.800365,0.879193,3.304942,3.300363,0.797069,4.909760,4.920480,0.004274
60.120053,1,0.000000,0.218608,0.154197,0.000000,0.000000,0.179571,0.283996,1.044810,0.000061,0.000427,0.003297,0.015263,3.710912,3.301682,1.797800,1.101830,0.604761,1.104394,0.802930,0.879193,3.303110,3.299447,0.797655,4.886980,4.909760,0.004274
60.150054,1,0.000000,0.220560,0.187379,0.000000,0.000000,0.193234,0.283020,1.794930,0.000244,0.000488,0.003358,0.015507,3.699776,3.301682,1.798777,1.102197,0.608424,1.104761,0.800732,0.879731,3.303110,3.300363,0.797655,4.909760,4.919140,0.004274
60.180053,1,0.000000,0.219584,0.153221,0.000000,0.000000,0.191282,0.284972,1.044810,0.000244,0.000549,0.003358,0.015507,3.699776,3.299826,1.797800,1.104761,0.615384,1.104028,0.801098,0.879462,3.304026,3.299447,0.797655,4.899040,4.900380,0.004274
60.210055,1,0.000976,0.221536,0.153221,0.000000,0.000000,0.192258,0.283996,1.866370,0.000122,0.000549,0.003419,0.015140,3.711840,3.292402,1.798289,1.106226,0.601831,1.100732,0.799633,0.879462,3.305857,3.299447,0.797362,4.896360,4.903060,0.004274
60.240053,1,0.000000,0.224464,0.154197,0.000000,0.000000,0.191282,0.283996,1.071600,0.000122,0.000672,0.003419,0.015385,3.708128,3.307249,1.797800,1.107325,0.615018,1.101098,0.802930,0.879462,3.305857,3.300363,0.797362,4.912440,4.921820,0.004274
60.270054,1,0.000976,0.222512,0.153221,0.000000,0.000000,0.200066,0.283996,2.241430,0.000122,0.000549,0.003419,0.015263,3.711840,3.307249,1.797312,1.104394,0.600732,1.101098,0.801098,0.879731,3.304026,3.300363,0.796776,4.889660,4.900380,0.003419
60.300054,1,0.000000,0.221536,0.153221,0.000000,0.000000,0.180547,0.284972,1.946740,0.000122,0.000549,0.003297,0.015018,3.711840,3.298898,1.797312,1.103296,0.604029,1.104761,0.801098,0.879193,3.306773,3.299447,0.797655,4.892340,4.900380,0.004274
60.330054,1,0.002928,0.219584,0.154197,0.000000,0.000000,0.180547,0.283020,1.062670,0.000122,0.000549,0.003419,0.015507,3.711840,3.294258,1.798289,1.105127,0.612087,1.104394,0.799633,0.879462,3.305857,3.300363,0.797362,4.912440,4.920480,0.003419
60.360053,1,0.000000,0.221536,0.152245,0.000000,0.000000,0.179571,0.283996,2.777230,0.000183,0.000427,0.003419,0.015140,3.700704,3.301682,1.798289,1.110622,0.599999,1.102929,0.801098,0.879462,3.304942,3.300363,0.796776,4.886980,4.899040,0.004274
60.390054,1,0.000000,0.218608,0.152245,0.000000,0.000000,0.180547,0.283020,1.625260,0.000244,0.000488,0.003419,0.015873,3.710912,3.327664,1.796824,1.102197,0.614285,1.104761,0.800732,0.879731,3.305857,3.300363,0.797655,4.892340,4.919140,0.004274
60.420054,1,0.000000,0.227392,0.152245,0.000000,0.000000,0.180547,0.284972,1.071600,0.000183,0.000427,0.003419,0.015018,3.711840,3.293330,1.798289,1.108424,0.613552,1.104761,0.802930,0.879462,3.305857,3.300363,0.796776,4.912440,4.913780,0.003419
60.450054,1,0.002928,0.228368,0.152245,0.000000,0.000000,0.180547,0.285948,1.562750,0.000122,0.000549,0.003419,0.015140,3.711840,3.307249,1.798777,1.107691,0.614285,1.104761,0.799633,0.879462,3.305857,3.298531,0.796776,4.886980,4.911100,0.004274
60.480054,1,0.000000,0.227392,0.154197,0.000000,0.000000,0.179571,0.283020,2.500400,0.000061,0.000427,0.003358,0.015385,3.719264,3.301682,1.797800,1.104761,0.612087,1.104028,0.800732,0.879999,3.304942,3.298531,0.797948,4.905740,4.919140,0.003419
60.510054,1,0.000000,0.229344,0.152245,0.000000,0.000000,0.179571,0.283996,1.830650,0.000244,0.000488,0.003419,0.015385,3.700704,3.357359,1.797800,1.101830,0.609157,1.101098,0.801831,0.879462,3.305857,3.298531,0.796776,4.884300,4.884300,0.004274
60.540054,1,0.000976,0.232271,0.152245,0.000000,0.000000,0.179571,0.283020,2.223570,0.000122,0.000733,0.003114,0.015629,3.711840,3.357359,1.795847,1.102929,0.601465,1.104761,0.802930,0.879193,3.304942,3.299447,0.797948,4.889660,4.921820,0.004274
60.570054,1,0.000000,0.219584,0.153221,0.000000,0.000000,0.179571,0.283996,1.053740,0.000183,0.000427,0.003419,0.015140,3.711840,3.293330,1.798289,1.102563,0.613552,1.104761,0.801831,0.879462,3.304942,3.299447,0.797362,4.907080,4.917800,0.004274
60.600054,1,0.000976,0.219584,0.154197,0.000000,0.000000,0.180547,0.283020,1.786000,0.000244,0.000549,0.003419,0.015629,3.711840,3.307249,1.797312,1.102929,0.606959,1.099999,0.800732,0.879462,3.304026,3.299447,0.797362,4.874920,4.907080,0.004274
60.630055,1,0.000000,0.222512,0.154197,0.000000,0.000000,0.178595,0.283020,2.071760,0.000244,0.000672,0.003358,0.015629,3.711840,3.289618,1.797312,1.108424,0.609889,1.104028,0.799633,0.879462,3.304026,3.299447,0.796776,4.907080,4.919140,0.003419
60.660053,1,0.000000,0.218608,0.154197,0.000000,0.000000,0.180547,0.283996,1.053740,0.000122,0.000549,0.003419,0.015629,3.711840,3.294258,1.797800,1.104761,0.615018,1.104394,0.800365,0.879462,3.305857,3.300363,0.796776,4.912440,4.886980,0.004274
60.690054,1,0.000976,0.219584,0.154197,0.000000,0.000000,0.178595,0.282044,1.794930,0.000244,0.000549,0.003419,0.015385,3.711840,3.307249,1.798289,1.104761,0.605494,1.104394,0.799633,0.879462,3.305857,3.299447,0.797362,4.897700,4.913780,0.004274
60.720055,1,0.000000,0.219584,0.152245,0.000000,0.000000,0.180547,0.284972,2.545050,0.000061,0.000672,0.003297,0.015385,3.711840,3.301682,1.796824,1.101464,0.615750,1.104028,0.800365,0.879462,3.304942,3.299447,0.797948,4.907080,4.919140,0.004274
60.750053,1,0.000976,0.221536,0.153221,0.000000,0.000000,0.179571,0.281068,1.062670,0.000122,0.000549,0.003358,0.015385,3.700704,3.301682,1.796824,1.107691,0.612820,1.101098,0.802930,0.879193,3.304942,3.299447,0.797655,4.900380,4.892340,0.004274
60.780053,1,0.000976,0.220560,0.153221,0.000000,0.000000,0.182499,0.284972,1.884230,0.000183,0.000427,0.003419,0.015629,3.696064,3.327664,1.796824,1.104761,0.601831,1.104761,0.801464,0.879731,3.304942,3.300363,0.797069,4.897700,4.897700,0.004274
60.810055,1,0.000000,0.220560,0.153221,0.000000,0.000000,0.180547,0.283996,2.464680,0.000183,0.000427,0.003358,0.015385,3.710912,3.301682,1.796824,1.104761,0.612820,1.099999,0.799633,0.879462,3.304026,3.299447,0.797362,4.907080,4.917800,0.004274
60.840055,1,0.000976,0.221536,0.152245,0.000000,0.000000,0.180547,0.283020,1.062670,0.000244,0.000488,0.003419,0.015140,3.704416,3.293330,1.798289,1.110622,0.606593,1.100732,0.801464,0.879999,3.304942,3.297616,0.797655,4.882960,4.905740,0.004274
60.870053,1,0.000000,0.221536,0.153221,0.000000,0.000000,0.178595,0.283020,1.946740,0.000244,0.000549,0.003358,0.015629,3.711840,3.301682,1.796824,1.107691,0.602930,1.100732,0.801831,0.879462,3.305857,3.298531,0.797362,4.901720,4.900380,0.003419
60.900054,1,0.000000,0.221536,0.153221,0.000000,0.000000,0.178595,0.281068,1.839580,0.000122,0.000549,0.003419,0.015140,3.704416,3.299826,1.798289,1.101830,0.611355,1.099999,0.802930,0.879731,3.303110,3.300363,0.796776,4.912440,4.920480,0.004274
60.930054,1,0.001952,0.218608,0.155173,0.000000,0.000000,0.179571,0.283996,1.053740,0.000183,0.000427,0.003419,0.015140,3.697920,3.293330,1.797312,1.102563,0.602197,1.104761,0.801464,0.879731,3.304942,3.298531,0.797655,4.878940,4.907080,0.004274
60.960054,1,0.000000,0.221536,0.152245,0.000000,0.000000,0.179571,0.284972,1.830650,0.000122,0.000733,0.003480,0.015629,3.703488,3.291474,1.798289,1.104761,0.607325,1.104761,0.800365,0.879193,3.304942,3.299447,0.797655,4.878940,4.892340,0.003419
60.990054,1,0.000000,0.222512,0.152245,0.000000,0.000000,0.180547,0.283020,1.071600,0.000244,0.000549,0.003358,0.015385,3.710912,3.301682,1.797800,1.101464,0.611355,1.101098,0.801464,0.879193,3.305857,3.300363,0.797362,4.911100,4.917800,0.004274
61.020054,1,0.001952,0.219584,0.152245,0.000000,0.000000,0.178595,0.283996,1.768140,0.000061,0.000549,0.003297,0.015385,3.703488,3.301682,1.797800,1.104761,0.604395,1.104761,0.801831,0.879731,3.305857,3.299447,0.797362,4.895020,4.904400,0.004274
61.050054,1,0.002928,0.222512,0.154197,0.000000,0.000000,0.180547,0.283996,1.553820,0.000244,0.000549,0.003419,0.015385,3.711840,3.293330,1.796335,1.103296,0.606959,1.101098,0.800732,0.879193,3.304026,3.298531,0.797362,4.888320,4.920480,0.004274
61.080054,1,0.000000,0.221536,0.152245,0.000000,0.000000,0.180547,0.283996,1.062670,0.000183,0.000427,0.003114,0.015385,3.704416,3.295186,1.797800,1.110622,0.614651,1.100732,0.802930,0.879193,3.304942,3.299447,0.797655,4.911100,4.920480,0.004274
61.110054,1,0.000000,0.219584,0.152245,0.000000,0.000000,0.181523,0.285948,2.134270,0.000183,0.000427,0.003419,0.015140,3.699776,3.301682,1.798289,1.101830,0.603662,1.102197,0.799633,0.879193,3.304942,3.300363,0.797655,4.892340,4.903060,0.003419
61.140054,1,0.000000,0.219584,0.153221,0.000000,0.000000,0.182499,0.283996,1.553820,0.000122,0.000611,0.003419,0.015507,3.711840,3.327664,1.796824,1.102197,0.599633,1.100732,0.801098,0.879193,3.304942,3.298531,0.797362,4.909760,4.920480,0.004274
61.170053,1,0.000000,0.219584,0.152245,0.000000,0.000000,0.179571,0.284972,1.062670,0.000061,0.000427,0.003419,0.015018,3.697920,3.301682,1.796824,1.103296,0.614285,1.102929,0.800732,0.879462,3.304026,3.298531,0.797362,4.885640,4.892340,0.004274
61.200054,1,0.000000,0.219584,0.154197,0.000000,0.000000,0.179571,0.283996,2.473610,0.000244,0.000488,0.003358,0.015873,3.711840,3.301682,1.798289,1.107691,0.613186,1.104028,0.801098,0.879193,3.303110,3.298531,0.797655,4.886980,4.884300,0.004274
61.230054,1,0.000000,0.221536,0.154197,0.000000,0.000000,0.179571,0.281068,2.232500,0.000244,0.000488,0.003419,0.015507,3.704416,3.301682,1.797800,1.104761,0.611355,1.104394,0.800365,0.879193,3.305857,3.299447,0.796776,4.909760,4.920480,0.004274
61.260055,1,0.000000,0.220560,0.185427,0.000000,0.000000,0.181523,0.283996,1.053740,0.000244,0.000488,0.003419,0.015140,3.726687,3.293330,1.797312,1.109889,0.600366,1.100732,0.801098,0.879999,3.304942,3.299447,0.797655,4.899040,4.907080,0.004274
61.290054,1,0.000000,0.220560,0.152245,0.000000,0.000000,0.179571,0.281068,1.812790,0.000183,0.000427,0.003419,0.015263,3.703488,3.294258,1.798289,1.104761,0.609157,1.104761,0.800365,0.879193,3.304026,3.299447,0.797655,4.884300,4.920480,0.004274
61.320054,1,0.000976,0.220560,0.154197,0.000000,0.000000,0.181523,0.283020,1.062670,0.000183,0.000427,0.003236,0.016117,3.704416,3.293330,1.798289,1.104761,0.603296,1.102929,0.799633,0.879462,3.304942,3.299447,0.797655,4.900380,4.908420,0.004274
61.350054,1,0.000000,0.222512,0.152245,0.000000,0.000000,0.180547,0.283020,2.625420,0.000244,0.000427,0.003358,0.015507,3.699776,3.293330,1.797312,1.103296,0.600732,1.104028,0.800365,0.879193,3.303110,3.298531,0.797655,4.881620,4.905740,0.004274
61.380054,1,0.000000,0.217632,0.153221,0.000000,0.000000,0.179571,0.283020,1.928880,0.000061,0.000427,0.003358,0.015140,3.711840,3.301682,1.797800,1.101464,0.615750,1.101464,0.801098,0.879999,3.304026,3.299447,0.797948,4.907080,4.919140,0.004274
61.410054,1,0.000976,0.219584,0.153221,0.000000,0.000000,0.180547,0.283020,1.053740,0.000244,0.000549,0.003419,0.015385,3.699776,3.298898,1.796824,1.106226,0.601465,1.105127,0.801464,0.879999,3.304942,3.299447,0.797948,4.899040,4.896360,0.004274
61.440055,1,0.000000,0.222512,0.152245,0.000000,0.000000,0.179571,0.280092,2.214640,0.000061,0.000427,0.003419,0.015385,3.704416,3.292402,1.796824,1.104028,0.606593,1.103296,0.800732,0.879193,3.305857,3.298531,0.796776,4.892340,4.905740,0.004274
61.470054,1,0.000000,0.221536,0.153221,0.000000,0.000000,0.180547,0.283020,1.071600,0.000183,0.000427,0.003358,0.015018,3.726687,3.327664,1.797312,1.109156,0.615018,1.105127,0.800732,0.879462,3.304026,3.298531,0.797362,4.907080,4.921820,0.004274
61.500054,1,0.000000,0.220560,0.152245,0.000000,0.000000,0.181523,0.283996,1.964600,0.000122,0.000549,0.003358,0.015018,3.703488,3.301682,1.797312,1.107325,0.602930,1.103662,0.800365,0.879731,3.303110,3.298531,0.797362,4.897700,4.896360,0.003419
61.530054,1,0.000000,0.225440,0.153221,0.000000,0.000000,0.179571,0.284972,1.777070,0.000122,0.000549,0.003419,0.015385,3.719264,3.303538,1.797312,1.107691,0.603662,1.104761,0.799633,0.879462,3.304942,3.299447,0.797655,4.895020,4.907080,0.004274
61.560054,1,0.000000,0.220560,0.153221,0.000000,0.000000,0.180547,0.283020,1.062670,0.000122,0.000549,0.003419,0.015507,3.711840,3.294258,1.796824,1.102197,0.616117,1.104394,0.801464,0.878925,3.304942,3.299447,0.797362,4.911100,4.921820,0.004274
61.590054,1,0.000000,0.222512,0.152245,0.000000,0.000000,0.181523,0.283996,2.312870,0.000122,0.000549,0.003419,0.015507,3.711840,3.299826,1.797800,1.107691,0.604395,1.104761,0.801831,0.879731,3.305857,3.298531,0.797069,4.881620,4.900380,0.004274
61.620054,1,0.000000,0.219584,0.153221,0.000000,0.000000,0.191282,0.285948,2.089620,0.000122,0.000549,0.003419,0.016606,3.699776,3.294258,1.796824,1.101464,0.603662,1.104761,0.801098,0.878925,3.304942,3.299447,0.797948,4.909760,4.920480,0.004274
61.650054,1,0.000976,0.230320,0.152245,0.000000,0.000000,0.192258,0.282044,1.071600,0.000183,0.000427,0.003358,0.015140,3.719264,3.301682,1.796824,1.101830,0.606227,1.100732,0.801831,0.879462,3.304026,3.298531,0.797362,4.896360,4.897700,0.003419
61.680054,1,0.000000,0.218608,0.153221,0.026350,0.000000,0.190306,0.282044,1.553820,0.000183,0.000427,0.003358,0.015385,3.722976,3.301682,1.797800,1.104394,0.602197,1.100732,0.801831,0.879462,3.304942,3.300363,0.797655,4.900380,4.907080,0.004274
61.710054,1,0.000000,0.222512,0.152245,0.000000,0.000000,0.194210,0.282044,1.062670,0.000183,0.000427,0.003297,0.015263,3.701632,3.301682,1.796824,1.107691,0.615384,1.104761,0.799633,0.879462,3.304942,3.298531,0.797362,4.907080,4.921820,0.003419
61.740054,1,0.000000,0.221536,0.153221,0.000000,0.000000,0.182499,0.284972,1.866370,0.000244,0.000549,0.003358,0.015263,3.711840,3.298898,1.797800,1.102929,0.603296,1.100732,0.800732,0.879193,3.304942,3.298531,0.797655,4.881620,4.884300,0.004274
61.770054,1,0.000000,0.219584,0.153221,0.000000,0.000000,0.180547,0.283996,2.187850,0.000061,0.000427,0.003419,0.015385,3.696064,3.301682,1.797312,1.104394,0.604029,1.104028,0.798900,0.878925,3.304942,3.299447,0.797362,4.895020,4.919140,0.003419
61.800054,1,0.000000,0.219584,0.153221,0.000000,0.000000,0.192258,0.284972,1.080530,0.000061,0.000549,0.003358,0.014774,3.711840,3.301682,1.797800,1.104761,0.612087,1.104761,0.801464,0.879193,3.304942,3.299447,0.797655,4.911100,4.920480,0.004274
61.830054,1,0.000000,0.220560,0.153221,0.000000,0.000000,0.182499,0.283020,1.812790,0.000183,0.000427,0.003358,0.015018,3.710912,3.301682,1.798289,1.104761,0.605860,1.100732,0.801831,0.876507,3.304942,3.298531,0.797655,4.881620,4.911100,0.004274
61.860054,1,0.000000,0.222512,0.153221,0.000000,0.000000,0.181523,0.281068,2.196780,0.000244,0.000549,0.003419,0.015629,3.719264,3.293330,1.798777,1.101464,0.604761,1.100732,0.799633,0.879462,3.305857,3.297616,0.796776,4.891000,4.923160,0.004274
61.890054,1,0.001952,0.227392,0.151269,0.000000,0.000000,0.179571,0.282044,1.062670,0.000122,0.000549,0.003419,0.015507,3.711840,3.292402,1.796824,1.102197,0.614285,1.100732,0.800732,0.879462,3.304026,3.299447,0.797362,4.909760,4.920480,0.004274
61.920053,1,0.000000,0.228368,0.151269,0.000000,0.000000,0.179571,0.283020,1.786000,0.000061,0.000427,0.003297,0.015629,3.704416,3.303538,1.797800,1.107325,0.606593,1.101464,0.802930,0.879462,3.304942,3.300363,0.796776,4.874920,4.909760,0.004274
61.950054,1,0.000000,0.227392,0.153221,0.017567,0.000000,0.182499,0.283020,2.089620,0.000183,0.000427,0.003419,0.015385,3.711840,3.301682,1.796824,1.102929,0.602564,1.101464,0.801831,0.879462,3.304026,3.300363,0.797069,4.907080,4.919140,0.004274
61.980054,1,0.000000,0.233247,0.153221,0.000000,0.000000,0.182499,0.283020,1.062670,0.000122,0.000488,0.003358,0.015018,3.711840,3.301682,1.797312,1.107691,0.615750,1.105127,0.800732,0.879193,3.305857,3.298531,0.797655,4.908420,4.899040,0.003419
62.010053,1,0.000000,0.226416,0.153221,0.000000,0.000000,0.178595,0.284972,1.794930,0.000183,0.000427,0.003480,0.015507,3.697920,3.293330,1.798289,1.102929,0.606227,1.100732,0.802930,0.879462,3.304942,3.299447,0.797655,4.900380,4.909760,0.003419
62.040055,1,0.000000,0.221536,0.153221,0.000000,0.000000,0.179571,0.283020,2.446820,0.000244,0.000549,0.003358,0.015385,3.715552,3.301682,1.796824,1.110622,0.612820,1.103662,0.801831,0.879193,3.305857,3.298531,0.797655,4.912440,4.913780,0.003419
62.070054,1,0.000000,0.218608,0.151269,0.000000,0.000000,0.181523,0.283020,1.062670,0.000244,0.000549,0.003297,0.015140,3.699776,3.298898,1.798289,1.110622,0.608424,1.101098,0.800732,0.879462,3.304026,3.298531,0.797655,4.885640,4.891000,0.004274
62.100054,1,0.000000,0.220560,0.152245,0.000000,0.000000,0.180547,0.284972,1.786000,0.000122,0.000488,0.003358,0.015629,3.696993,3.311889,1.797312,1.110622,0.606593,1.104761,0.801831,0.879999,3.304942,3.299447,0.797362,4.899040,4.896360,0.003419
62.130054,1,0.000000,0.217632,0.153221,0.000000,0.000000,0.181523,0.283020,2.152130,0.000061,0.000549,0.003297,0.015385,3.704416,3.293330,1.798289,1.101464,0.613552,1.100732,0.802930,0.879999,3.304026,3.299447,0.797948,4.907080,4.920480,0.004274
62.160054,1,0.000000,0.218608,0.153221,0.000000,0.000000,0.192258,0.283020,1.053740,0.000183,0.000427,0.003297,0.015140,3.710912,3.301682,1.796824,1.101464,0.599999,1.100365,0.800732,0.879462,3.303110,3.299447,0.797655,4.881620,4.905740,0.003419
62.190053,1,0.000000,0.220560,0.154197,0.000000,0.000000,0.190306,0.285948,1.919950,0.000244,0.000549,0.003358,0.015385,3.726687,3.298898,1.798289,1.102197,0.606959,1.100732,0.799633,0.879462,3.304026,3.299447,0.797948,4.882960,4.904400,0.004274
62.220054,1,0.000000,0.223488,0.153221,0.000000,0.000000,0.192258,0.282044,1.053740,0.000122,0.000549,0.003419,0.015507,3.726687,3.292402,1.796824,1.104761,0.614285,1.102197,0.802930,0.879462,3.303110,3.298531,0.797655,4.911100,4.920480,0.004274
62.250054,1,0.000000,0.221536,0.153221,0.000000,0.000000,0.202017,0.283020,1.857440,0.000183,0.000427,0.003419,0.015263,3.719264,3.293330,1.796335,1.102197,0.604395,1.104394,0.798900,0.879999,3.304942,3.299447,0.797655,4.895020,4.907080,0.004274
62.280054,1,0.000000,0.222512,0.153221,0.000000,0.000000,0.179571,0.282044,2.786160,0.000061,0.000427,0.003358,0.015629,3.711840,3.299826,1.797312,1.106226,0.601831,1.104028,0.799633,0.879462,3.304942,3.299447,0.797655,4.886980,4.919140,0.003419
62.310054,1,0.000000,0.219584,0.152245,0.000000,0.000000,0.178595,0.283996,1.053740,0.000183,0.000427,0.003419,0.015629,3.711840,3.293330,1.798289,1.104761,0.615018,1.102929,0.801098,0.879462,3.304026,3.299447,0.796776,4.907080,4.897700,0.003419
62.340053,1,0.000000,0.218608,0.151269,0.000000,0.000000,0.180547,0.283020,2.053900,0.000183,0.000427,0.003358,0.015263,3.719264,3.301682,1.797800,1.103296,0.606959,1.100732,0.801831,0.879462,3.304026,3.298531,0.797362,4.896360,4.897700,0.004274
62.370054,1,0.000000,0.223488,0.152245,0.000000,0.000000,0.180547,0.282044,1.544890,0.000183,0.000427,0.003419,0.015629,3.697920,3.301682,1.797800,1.107691,0.613552,1.104028,0.801464,0.879462,3.307689,3.300363,0.797362,4.909760,4.920480,0.004274
62.400053,1,0.000000,0.226416,0.153221,0.000000,0.000000,0.181523,0.283020,1.053740,0.000183,0.000427,0.003419,0.015018,3.719264,3.293330,1.798289,1.107325,0.599999,1.104394,0.800732,0.879999,3.304942,3.299447,0.797362,4.889660,4.899040,0.004274
62.430054,1,0.000000,0.238127,0.152245,0.000000,0.000000,0.179571,0.288875,2.491470,0.000061,0.000488,0.003358,0.015629,3.703488,3.301682,1.796824,1.108058,0.611355,1.102929,0.800365,0.879731,3.303110,3.299447,0.797655,4.886980,4.920480,0.003419
62.460054,1,0.000000,0.231295,0.152245,0.000000,0.000000,0.180547,0.284972,1.053740,0.000183,0.000305,0.003297,0.015263,3.711840,3.298898,1.797800,1.110622,0.614651,1.099999,0.800732,0.879462,3.304942,3.300363,0.797655,4.909760,4.882960,0.004274
62.490054,1,0.000000,0.231295,0.152245,0.000000,0.000000,0.179571,0.288875,2.169990,0.000183,0.000427,0.003419,0.015507,3.699776,3.293330,1.798289,1.107691,0.601465,1.102929,0.800732,0.879462,3.305857,3.299447,0.797655,4.892340,4.891000,0.004274
62.520053,1,0.000000,0.236175,0.151269,0.000000,0.000000,0.182499,0.282044,1.794930,0.000183,0.000427,0.003419,0.015140,3.711840,3.298898,1.797800,1.102929,0.609889,1.104761,0.801098,0.879462,3.303110,3.299447,0.797362,4.908420,4.919140,0.004274
62.550053,1,0.000000,0.223488,0.154197,0.000000,0.000000,0.180547,0.283996,1.062670,0.000183,0.000427,0.003358,0.015263,3.701632,3.301682,1.797800,1.103296,0.606959,1.102929,0.799633,0.879999,3.304026,3.299447,0.797655,4.874920,4.912440,0.003419
62.580055,1,0.000976,0.222512,0.152245,0.000000,0.000000,0.178595,0.283996,2.089620,0.000122,0.000549,0.003419,0.015018,3.704416,3.333232,1.796824,1.101830,0.602930,1.102929,0.800732,0.879731,3.304942,3.298531,0.796776,4.896360,4.904400,0.004274
62.610054,1,0.000000,0.221536,0.154197,0.000000,0.000000,0.180547,0.279116,1.875300,0.000183,0.000549,0.003358,0.015507,3.699776,3.301682,1.798289,1.104761,0.615384,1.104761,0.801098,0.879462,3.304026,3.299447,0.797655,4.907080,4.919140,0.003419
62.640053,1,0.000000,0.222512,0.152245,0.000000,0.000000,0.179571,0.284972,1.053740,0.000183,0.000549,0.003419,0.015385,3.715552,3.301682,1.797800,1.107691,0.606227,1.102929,0.800732,0.879999,3.304942,3.299447,0.797948,4.899040,4.909760,0.004274
62.670055,1,0.000000,0.221536,0.154197,0.000000,0.000000,0.180547,0.284972,2.473610,0.000122,0.000549,0.003419,0.015263,3.708128,3.294258,1.798289,1.104761,0.602564,1.104761,0.801464,0.879731,3.305857,3.298531,0.796776,4.881620,4.905740,0.003419
62.700053,1,0.000976,0.222512,0.153221,0.000000,0.000000,0.179571,0.283996,1.071600,0.000183,0.000427,0.003419,0.015507,3.711840,3.298898,1.798289,1.112087,0.615018,1.101098,0.800365,0.879462,3.304026,3.299447,0.797362,4.907080,4.919140,0.003419
62.730053,1,0.000976,0.223488,0.152245,0.000000,0.000000,0.182499,0.282044,1.866370,0.000183,0.000427,0.003419,0.015140,3.711840,3.301682,1.796824,1.104761,0.599633,1.104761,0.801098,0.879193,3.303110,3.298531,0.796776,4.901720,4.899040,0.004274
62.760054,1,0.000000,0.221536,0.153221,0.000000,0.000000,0.177619,0.284972,2.455750,0.000183,0.000427,0.003419,0.015629,3.711840,3.292402,1.797800,1.101830,0.602930,1.100732,0.801831,0.879193,3.304942,3.299447,0.797655,4.905740,4.920480,0.004274
62.790053,1,0.000976,0.222512,0.153221,0.000000,0.000000,0.181523,0.281068,1.053740,0.000183,0.000427,0.003419,0.015263,3.703488,3.301682,1.797800,1.104394,0.610256,1.104761,0.801831,0.879999,3.304942,3.299447,0.797362,4.893680,4.907080,0.004274
62.820053,1,0.001952,0.222512,0.152245,0.000000,0.000000,0.179571,0.283020,1.553820,0.000183,0.000427,0.003419,0.015263,3.711840,3.298898,1.797312,1.106226,0.601098,1.104761,0.801831,0.879731,3.303110,3.299447,0.797655,4.886980,4.907080,0.004274
62.850054,1,0.000000,0.224464,0.153221,0.000000,0.000000,0.180547,0.283020,1.062670,0.000244,0.000549,0.003358,0.015385,3.701632,3.297970,1.797800,1.107691,0.615384,1.104761,0.801831,0.879462,3.304942,3.299447,0.797655,4.909760,4.920480,0.003419
62.880054,1,0.000000,0.222512,0.153221,0.000000,0.000000,0.180547,0.282044,1.062670,0.000244,0.000549,0.003358,0.015263,3.719264,3.301682,1.797800,1.101830,0.612820,1.102929,0.802930,0.879462,3.305857,3.300363,0.796776,4.896360,4.903060,0.004274
62.910053,1,0.000000,0.222512,0.152245,0.000000,0.000000,0.181523,0.283020,1.544890,0.000061,0.000672,0.003236,0.015140,3.697920,3.293330,1.797800,1.102929,0.600366,1.100732,0.801831,0.879999,3.304026,3.299447,0.797069,4.899040,4.907080,0.004274
62.940054,1,0.000976,0.222512,0.152245,0.000000,0.000000,0.183475,0.282044,1.053740,0.000061,0.000549,0.003297,0.015385,3.704416,3.301682,1.796824,1.104761,0.614651,1.104028,0.801098,0.879193,3.303110,3.299447,0.797362,4.909760,4.919140,0.003419
62.970054,1,0.000000,0.221536,0.152245,0.000000,0.000000,0.181523,0.283020,2.491470,0.000183,0.000672,0.003297,0.015140,3.701632,3.301682,1.796824,1.104394,0.613919,1.104761,0.801098,0.879731,3.305857,3.300363,0.796776,4.896360,4.909760,0.004274
63.000053,1,0.000000,0.224464,0.154197,0.000000,0.000000,0.180547,0.282044,1.562750,0.000244,0.000427,0.003297,0.015263,3.697920,3.291474,1.798289,1.105494,0.605128,1.104028,0.800732,0.879731,3.305857,3.298531,0.796776,4.881620,4.904400,0.004274
63.030054,1,0.000976,0.224464,0.152245,0.000000,0.000000,0.179571,0.282044,1.062670,0.000122,0.000549,0.003480,0.015507,3.704416,3.357359,1.798289,1.102929,0.615384,1.104761,0.802930,0.879462,3.304942,3.300363,0.797362,4.909760,4.920480,0.004274
63.060053,1,0.000976,0.223488,0.153221,0.000000,0.000000,0.181523,0.283020,1.893160,0.000183,0.000427,0.003419,0.015385,3.711840,3.301682,1.796824,1.104394,0.610622,1.104761,0.800732,0.879462,3.304026,3.300363,0.796776,4.886980,4.885640,0.004274
63.090054,1,0.000000,0.224464,0.155173,0.000000,0.000000,0.180547,0.279116,2.241430,0.000183,0.000427,0.003419,0.015018,3.696064,3.295186,1.797312,1.109156,0.602564,1.101464,0.800365,0.879193,3.305857,3.298531,0.797655,4.892340,4.920480,0.004274
63.120053,1,0.000000,0.222512,0.152245,0.000000,0.000000,0.181523,0.284972,1.044810,0.000183,0.000427,0.003358,0.016117,3.701632,3.301682,1.797800,1.101464,0.613919,1.104394,0.798900,0.879462,3.304942,3.300363,0.797362,4.907080,4.920480,0.004274
63.150054,1,0.000000,0.221536,0.152245,0.000000,0.000000,0.180547,0.283020,1.803860,0.000183,0.000672,0.003358,0.015385,3.711840,3.301682,1.797800,1.107691,0.605860,1.104761,0.800732,0.879462,3.304026,3.299447,0.797655,4.882960,4.907080,0.004274
63.180054,1,0.000976,0.222512,0.153221,0.000000,0.000000,0.179571,0.286923,2.205710,0.000183,0.000427,0.003419,0.015629,3.703488,3.303538,1.798289,1.110622,0.604761,1.104761,0.800732,0.879999,3.303110,3.299447,0.797362,4.904400,4.919140,0.004274
63.210054,1,0.000000,0.223488,0.152245,0.000000,0.000000,0.183475,0.282044,1.062670,0.000183,0.000427,0.003297,0.015629,3.700704,3.301682,1.797312,1.104761,0.616117,1.102929,0.801831,0.879193,3.303110,3.299447,0.797655,4.911100,4.912440,0.004274
63.240054,1,0.000000,0.223488,0.153221,0.000000,0.000000,0.179571,0.283020,1.786000,0.000183,0.000427,0.003297,0.015263,3.699776,3.301682,1.798777,1.104761,0.600366,1.102929,0.801831,0.879731,3.305857,3.300363,0.797362,4.874920,4.912440,0.004274
63.270055,1,0.000000,0.224464,0.153221,0.000000,0.000000,0.180547,0.281068,2.080690,0.000061,0.000549,0.003358,0.015385,3.703488,3.301682,1.798289,1.104394,0.612820,1.104394,0.802930,0.879193,3.303110,3.299447,0.797655,4.911100,4.920480,0.004274
63.300053,1,0.000000,0.223488,0.151269,0.000000,0.000000,0.180547,0.283996,1.062670,0.000122,0.000488,0.003358,0.015507,3.700704,3.357359,1.796824,1.104761,0.610622,1.104028,0.802930,0.879731,3.304942,3.298531,0.797362,4.888320,4.886980,0.004274
63.330053,1,0.000000,0.225440,0.154197,0.000000,0.000000,0.179571,0.283996,1.777070,0.000122,0.000549,0.003419,0.015507,3.699776,3.327664,1.798289,1.109156,0.599999,1.100732,0.799633,0.878925,3.303110,3.299447,0.797655,4.897700,4.896360,0.004274
63.360055,1,0.000000,0.222512,0.153221,0.000000,0.000000,0.180547,0.283020,1.062670,0.000183,0.000549,0.003358,0.015140,3.701632,3.301682,1.796824,1.102929,0.615018,1.101464,0.799633,0.879462,3.304026,3.298531,0.797362,4.907080,4.913780,0.003419
63.390054,1,0.001952,0.225440,0.154197,0.000000,0.000000,0.180547,0.284972,1.062670,0.000122,0.000549,0.003419,0.015018,3.703488,3.294258,1.798289,1.107691,0.606959,1.102563,0.799633,0.879462,3.304026,3.299447,0.797362,4.882960,4.903060,0.004274
63.420054,1,0.000000,0.222512,0.154197,0.000000,0.000000,0.180547,0.283020,2.232500,0.000183,0.000733,0.003541,0.015385,3.715552,3.301682,1.797312,1.107691,0.602564,1.105127,0.801464,0.879462,3.305857,3.299447,0.796776,4.885640,4.903060,0.003419
63.450054,1,0.000000,0.222512,0.154197,0.000000,0.000000,0.181523,0.283020,1.071600,0.000122,0.000549,0.003419,0.015385,3.711840,3.292402,1.797800,1.102563,0.613552,1.101098,0.801464,0.879731,3.305857,3.299447,0.797362,4.909760,4.921820,0.004274
63.480054,1,0.000000,0.222512,0.153221,0.000000,0.000000,0.180547,0.282044,2.428960,0.000183,0.000427,0.003358,0.015385,3.703488,3.301682,1.798289,1.104394,0.605128,1.103296,0.800732,0.879731,3.304942,3.299447,0.797655,4.892340,4.907080,0.004274
63.510054,1,0.000000,0.224464,0.152245,0.000000,0.000000,0.179571,0.283996,2.795090,0.000183,0.000672,0.003358,0.015507,3.700704,3.301682,1.797312,1.107691,0.614285,1.104761,0.799633,0.879999,3.304942,3.299447,0.797948,4.907080,4.919140,0.003419
63.540053,1,0.000000,0.222512,0.153221,0.000000,0.000000,0.179571,0.280092,1.553820,0.000183,0.000427,0.003358,0.015507,3.701632,3.301682,1.796824,1.101830,0.603296,1.102929,0.801831,0.879731,3.305857,3.300363,0.796776,4.891000,4.892340,0.004274
63.570054,1,0.000000,0.223488,0.153221,0.000000,0.000000,0.180547,0.283020,2.518260,0.000183,0.000427,0.003419,0.015140,3.711840,3.293330,1.798289,1.108790,0.614285,1.101098,0.801098,0.879462,3.304026,3.298531,0.797362,4.893680,4.917800,0.004274
63.600054,1,0.000000,0.224464,0.154197,0.000000,0.000000,0.190306,0.282044,1.053740,0.000122,0.000549,0.003358,0.015385,3.704416,3.301682,1.798777,1.107691,0.614285,1.102929,0.801464,0.879462,3.303110,3.300363,0.796776,4.909760,4.886980,0.003419
63.630053,1,0.000000,0.223488,0.153221,0.006832,0.000000,0.190306,0.283996,1.553820,0.000244,0.000488,0.003358,0.015385,3.697920,3.298898,1.796824,1.107691,0.600366,1.102929,0.800732,0.879193,3.303110,3.299447,0.797655,4.881620,4.904400,0.004274
63.660054,1,0.000000,0.223488,0.153221,0.000000,0.000000,0.191282,0.278140,1.812790,0.000183,0.000672,0.003236,0.015629,3.699776,3.301682,1.797312,1.107691,0.609889,1.104761,0.800732,0.879999,3.304942,3.299447,0.797362,4.905740,4.920480,0.004274
63.690055,1,0.000000,0.223488,0.155173,0.000000,0.000000,0.201042,0.283020,1.062670,0.000122,0.000549,0.003419,0.015385,3.704416,3.291474,1.798289,1.104028,0.612454,1.102197,0.801098,0.879999,3.304942,3.299447,0.797948,4.888320,4.881620,0.004274
63.720054,1,0.000000,0.224464,0.151269,0.000000,0.000000,0.193234,0.282044,2.214640,0.000244,0.000549,0.003358,0.015629,3.726687,3.298898,1.797800,1.104761,0.601465,1.102929,0.802930,0.879193,3.304942,3.298531,0.797655,4.886980,4.907080,0.004274
63.750054,1,0.000000,0.221536,0.153221,0.000000,0.000000,0.179571,0.283996,1.786000,0.000244,0.000549,0.003419,0.015385,3.726687,3.295186,1.796824,1.104761,0.610256,1.106226,0.801831,0.879193,3.304942,3.299447,0.797362,4.909760,4.920480,0.004274
63.780054,1,0.000000,0.224464,0.153221,0.000000,0.000000,0.182499,0.283996,1.062670,0.000244,0.000549,0.003297,0.015018,3.704416,3.301682,1.797312,1.105127,0.600366,1.104761,0.800732,0.879731,3.303110,3.299447,0.797655,4.877600,4.911100,0.003419
63.810054,1,0.000976,0.223488,0.152245,0.000000,0.000000,0.178595,0.284972,2.152130,0.000183,0.000427,0.003419,0.016117,3.715552,3.301682,1.797800,1.104761,0.606593,1.104761,0.800732,0.879731,3.303110,3.298531,0.797362,4.876260,4.886980,0.004274
63.840054,1,0.002928,0.222512,0.153221,0.000000,0.000000,0.202017,0.283020,1.062670,0.000061,0.000549,0.003358,0.015263,3.699776,3.297970,1.796824,1.107691,0.615018,1.104394,0.802930,0.879193,3.304942,3.299447,0.797948,4.909760,4.920480,0.004274
63.870054,1,0.000000,0.231295,0.155173,0.000000,0.000000,0.179571,0.283996,1.080530,0.000244,0.000488,0.003480,0.015873,3.711840,3.311889,1.797312,1.101464,0.604395,1.101098,0.802930,0.879999,3.304942,3.299447,0.796776,4.877600,4.909760,0.003419
63.900054,1,0.000000,0.231295,0.151269,0.000000,0.000000,0.180547,0.283996,2.089620,0.000183,0.000427,0.003358,0.015263,3.711840,3.301682,1.798289,1.107691,0.602564,1.100732,0.801098,0.879731,3.303110,3.299447,0.797069,4.881620,4.920480,0.003419
63.930054,1,0.000000,0.231295,0.151269,0.000000,0.000000,0.179571,0.284972,1.053740,0.000122,0.000549,0.003358,0.015018,3.704416,3.299826,1.797312,1.102929,0.613919,1.104761,0.802930,0.879193,3.304942,3.300363,0.797655,4.909760,4.903060,0.003419
63.960053,1,0.000000,0.237151,0.154197,0.000000,0.000000,0.178595,0.283020,1.982460,0.000244,0.000549,0.003419,0.015263,3.726687,3.294258,1.797800,1.110622,0.604029,1.105127,0.799633,0.879731,3.303110,3.299447,0.796776,4.885640,4.886980,0.004274
63.990055,1,0.000000,0.236175,0.152245,0.000000,0.000000,0.182499,0.282044,1.937810,0.000183,0.000427,0.003358,0.015263,3.704416,3.357359,1.796824,1.108424,0.612454,1.105127,0.801831,0.879462,3.305857,3.300363,0.797362,4.909760,4.913780,0.004274
64.020053,1,0.000000,0.222512,0.154197,0.000000,0.000000,0.180547,0.283020,1.062670,0.000061,0.000427,0.003358,0.015140,3.711840,3.291474,1.797312,1.109156,0.605128,1.102563,0.801098,0.878925,3.304942,3.299447,0.796776,4.893680,4.904400,0.003419
64.050053,1,0.000000,0.223488,0.155173,0.000000,0.000000,0.179571,0.284972,2.786160,0.000122,0.000488,0.003358,0.015018,3.719264,3.291474,1.797800,1.106592,0.604761,1.104761,0.798900,0.879999,3.304026,3.299447,0.797948,4.888320,4.907080,0.004274
64.080054,1,0.000976,0.224464,0.153221,0.000000,0.000000,0.180547,0.283020,1.080530,0.000244,0.000549,0.003358,0.015018,3.699776,3.301682,1.798289,1.101464,0.616483,1.101464,0.799633,0.879462,3.303110,3.299447,0.797655,4.909760,4.919140,0.003419
64.110054,1,0.000976,0.223488,0.153221,0.000000,0.000000,0.187379,0.283996,1.062670,0.000183,0.000427,0.003419,0.015385,3.711840,3.301682,1.796824,1.110622,0.604761,1.101464,0.799633,0.879999,3.304942,3.299447,0.797948,4.893680,4.903060,0.004274
64.140053,1,0.000976,0.223488,0.153221,0.000000,0.000000,0.191282,0.282044,1.544890,0.000061,0.000549,0.003297,0.015629,3.704416,3.293330,1.798289,1.106226,0.603662,1.101098,0.800732,0.879999,3.304942,3.300363,0.797069,4.888320,4.893680,0.004274
64.170054,1,0.000000,0.224464,0.154197,0.000000,0.000000,0.193234,0.284972,1.071600,0.000122,0.000488,0.003419,0.015629,3.711840,3.357359,1.797312,1.104761,0.613186,1.106226,0.801831,0.879462,3.304942,3.300363,0.796776,4.909760,4.920480,0.004274
64.200053,1,0.000000,0.223488,0.152245,0.000000,0.000000,0.191282,0.283020,1.562750,0.000183,0.000427,0.003358,0.016117,3.696064,3.301682,1.797312,1.102197,0.612087,1.104761,0.799633,0.879999,3.304026,3.299447,0.797948,4.896360,4.896360,0.004274
64.230053,1,0.000000,0.221536,0.155173,0.000000,0.000000,0.202017,0.283996,1.544890,0.000122,0.000488,0.003419,0.015507,3.697920,3.291474,1.796335,1.106226,0.604761,1.102929,0.802930,0.879999,3.304942,3.299447,0.797948,4.899040,4.903060,0.004274
64.260054,1,0.000000,0.223488,0.153221,0.000000,0.000000,0.193234,0.283020,1.062670,0.000183,0.000427,0.003419,0.015140,3.711840,3.293330,1.797312,1.103296,0.615018,1.101098,0.800365,0.879193,3.304942,3.299447,0.797655,4.911100,4.920480,0.004274
64.290054,1,0.000000,0.223488,0.153221,0.000000,0.000000,0.179571,0.283996,2.491470,0.000244,0.000488,0.003358,0.015140,3.699776,3.301682,1.797800,1.104761,0.614285,1.104761,0.801464,0.879462,3.305857,3.298531,0.797362,4.892340,4.889660,0.004274
64.320053,1,0.000000,0.223488,0.152245,0.000000,0.000000,0.179571,0.283020,1.571680,0.000183,0.000427,0.003419,0.016117,3.722976,3.294258,1.798289,1.101830,0.604761,1.102929,0.800732,0.879999,3.303110,3.297616,0.797362,4.882960,4.919140,0.003419
64.350054,1,0.000000,0.224464,0.155173,0.000000,0.000000,0.179571,0.285948,1.071600,0.000183,0.000672,0.003358,0.015385,3.701632,3.301682,1.797800,1.101830,0.614651,1.102929,0.799633,0.879462,3.304942,3.299447,0.797655,4.911100,4.913780,0.004274
64.380054,1,0.000000,0.223488,0.152245,0.000000,0.000000,0.180547,0.283020,1.839580,0.000183,0.000427,0.003358,0.015507,3.719264,3.301682,1.796824,1.101464,0.612087,1.100732,0.800732,0.879462,3.304026,3.299447,0.797362,4.893680,4.885640,0.003419
64.410054,1,0.000000,0.230320,0.153221,0.000000,0.000000,0.180547,0.282044,2.241430,0.000183,0.000427,0.003419,0.015263,3.719264,3.301682,1.797312,1.104761,0.602930,1.100732,0.799633,0.879462,3.304026,3.300363,0.796776,4.907080,4.920480,0.003419
64.440053,1,0.000000,0.230320,0.154197,0.000000,0.000000,0.180547,0.283020,1.044810,0.000183,0.000427,0.003358,0.015263,3.700704,3.301682,1.797800,1.110622,0.614651,1.102197,0.800732,0.879731,3.304942,3.298531,0.796776,4.896360,4.903060,0.004274
64.470054,1,0.000000,0.232271,0.152245,0.000000,0.000000,0.179571,0.283996,1.786000,0.000122,0.000488,0.003419,0.015507,3.726687,3.357359,1.796824,1.102929,0.607325,1.102929,0.799633,0.879462,3.304942,3.299447,0.797655,4.877600,4.909760,0.004274
64.500054,1,0.000976,0.234223,0.152245,0.000000,0.000000,0.180547,0.282044,2.098550,0.000183,0.000427,0.003297,0.015018,3.711840,3.301682,1.796824,1.110622,0.611721,1.100732,0.801464,0.879193,3.304942,3.299447,0.797655,4.911100,4.916460,0.004274
64.530054,1,0.000000,0.227392,0.154197,0.000000,0.000000,0.180547,0.281068,1.071600,0.000183,0.000427,0.003480,0.015385,3.719264,3.293330,1.798289,1.104394,0.602197,1.104028,0.801098,0.879462,3.303110,3.298531,0.797655,4.886980,4.893680,0.004274
64.560053,1,0.000000,0.224464,0.154197,0.000000,0.000000,0.179571,0.283020,1.794930,0.000183,0.000427,0.003419,0.015629,3.704416,3.299826,1.796824,1.107691,0.604395,1.104028,0.800732,0.879731,3.304942,3.300363,0.797362,4.897700,4.909760,0.004274
64.590054,1,0.000000,0.222512,0.152245,0.000000,0.000000,0.179571,0.282044,1.062670,0.000061,0.000549,0.003358,0.015385,3.700704,3.295186,1.796824,1.112087,0.615750,1.100732,0.801098,0.879462,3.304942,3.300363,0.796776,4.907080,4.920480,0.004274
64.620053,1,0.000000,0.223488,0.154197,0.000000,0.000000,0.181523,0.283996,2.098550,0.000061,0.000549,0.003236,0.015507,3.711840,3.294258,1.797800,1.101830,0.601098,1.104028,0.800732,0.879462,3.304026,3.300363,0.796776,4.876260,4.903060,0.004274
64.650054,1,0.000000,0.223488,0.153221,0.000000,0.000000,0.180547,0.283020,2.223570,0.000183,0.000427,0.003419,0.015263,3.715552,3.357359,1.798777,1.110622,0.612454,1.102929,0.800365,0.879193,3.303110,3.298531,0.796776,4.912440,4.921820,0.003419
64.680053,1,0.000000,0.220560,0.153221,0.000000,0.000000,0.180547,0.282044,2.795090,0.000183,0.000427,0.003297,0.015263,3.715552,3.301682,1.798289,1.105494,0.605494,1.104761,0.799633,0.879999,3.304942,3.299447,0.797362,4.893680,4.907080,0.004274
64.710054,1,0.000000,0.225440,0.153221,0.000000,0.000000,0.180547,0.284972,2.482540,0.000244,0.000488,0.003358,0.015751,3.711840,3.301682,1.797800,1.101830,0.613186,1.104394,0.801098,0.879731,3.303110,3.299447,0.797362,4.892340,4.907080,0.004274
64.740053,1,0.000000,0.224464,0.152245,0.000000,0.000000,0.179571,0.286923,1.062670,0.000061,0.000549,0.003358,0.015385,3.700704,3.301682,1.797800,1.107691,0.612820,1.104394,0.802930,0.879193,3.303110,3.300363,0.797362,4.909760,4.917800,0.004274
64.770054,1,0.000000,0.223488,0.155173,0.000000,0.000000,0.181523,0.283020,1.553820,0.000183,0.000427,0.003358,0.015507,3.696993,3.298898,1.797312,1.107691,0.601831,1.100732,0.799633,0.879462,3.304026,3.300363,0.797362,4.888320,4.892340,0.003419
64.800054,1,0.000000,0.223488,0.154197,0.000000,0.000000,0.179571,0.283996,2.491470,0.000183,0.000427,0.003419,0.015629,3.719264,3.293330,1.798289,1.101464,0.612087,1.102929,0.799633,0.879731,3.305857,3.299447,0.797655,4.886980,4.920480,0.003419
64.830053,1,0.000000,0.219584,0.154197,0.000000,0.000000,0.179571,0.281068,1.053740,0.000122,0.000488,0.003358,0.015018,3.700704,3.301682,1.796824,1.104394,0.615018,1.101098,0.800732,0.879462,3.304942,3.299447,0.797948,4.909760,4.892340,0.004274
64.860054,1,0.000000,0.223488,0.153221,0.022446,0.000000,0.180547,0.282044,1.544890,0.000183,0.000427,0.003297,0.015263,3.704416,3.299826,1.798289,1.108424,0.603296,1.104761,0.801831,0.879462,3.304942,3.300363,0.797069,4.888320,4.904400,0.004274
64.890055,1,0.000000,0.221536,0.151269,0.000000,0.000000,0.182499,0.284972,1.803860,0.000183,0.000427,0.003419,0.015263,3.711840,3.301682,1.797800,1.105127,0.612087,1.102929,0.801831,0.879999,3.304942,3.299447,0.797655,4.907080,4.920480,0.004274
64.920053,1,0.000000,0.224464,0.152245,0.000000,0.000000,0.179571,0.284972,1.062670,0.000183,0.000549,0.003419,0.015018,3.701632,3.299826,1.796824,1.104761,0.613552,1.100732,0.799633,0.879731,3.305857,3.300363,0.796776,4.911100,4.891000,0.004274
64.950054,1,0.000000,0.223488,0.153221,0.000000,0.000000,0.181523,0.320105,2.116410,0.000183,0.000427,0.003419,0.015507,3.711840,3.297970,1.797800,1.101464,0.604395,1.102929,0.800732,0.879731,3.303110,3.299447,0.797655,4.892340,4.897700,0.004274
64.980054,1,0.000000,0.223488,0.152245,0.000000,0.000000,0.180547,0.283020,1.062670,0.000244,0.000488,0.003358,0.015018,3.701632,3.301682,1.797312,1.110622,0.611355,1.102929,0.801831,0.879731,3.305857,3.298531,0.797069,4.909760,4.921820,0.003419
65.010054,1,0.000000,0.220560,0.153221,0.000000,0.000000,0.179571,0.283020,1.786000,0.000061,0.000549,0.003297,0.015263,3.710912,3.301682,1.796824,1.112087,0.605860,1.104761,0.801098,0.879731,3.304942,3.298531,0.797655,4.901720,4.909760,0.003419
65.040054,1,0.001952,0.225440,0.152245,0.000000,0.000000,0.178595,0.286923,1.625260,0.000183,0.000427,0.003419,0.015629,3.697920,3.293330,1.797312,1.102197,0.601831,1.101098,0.800365,0.879193,3.303110,3.298531,0.797069,4.876260,4.921820,0.003419
65.070054,1,0.000000,0.222512,0.154197,0.000000,0.000000,0.179571,0.283020,1.062670,0.000061,0.000549,0.003358,0.015385,3.699776,3.301682,1.796824,1.104761,0.615384,1.101464,0.801831,0.879193,3.303110,3.298531,0.797655,4.911100,4.921820,0.003419
65.100053,1,0.000000,0.225440,0.154197,0.000000,0.000000,0.179571,0.284972,1.794930,0.000061,0.000427,0.003419,0.015140,3.696064,3.293330,1.797800,1.104028,0.604761,1.099999,0.799633,0.879462,3.305857,3.300363,0.796776,4.897700,4.899040,0.004274
65.130054,1,0.000000,0.225440,0.152245,0.000000,0.000000,0.181523,0.283996,2.205710,0.000183,0.000427,0.003358,0.015140,3.711840,3.301682,1.796824,1.103296,0.610622,1.101098,0.802930,0.879731,3.304026,3.298531,0.796776,4.908420,4.920480,0.004274
65.160053,1,0.000976,0.226416,0.152245,0.000000,0.000000,0.180547,0.283996,1.053740,0.000122,0.000488,0.003358,0.015263,3.711840,3.355503,1.796824,1.109156,0.604761,1.104394,0.799633,0.879999,3.304942,3.299447,0.797655,4.878940,4.907080,0.003419
65.190053,1,0.000000,0.224464,0.151269,0.000000,0.000000,0.179571,0.284972,1.928880,0.000244,0.000549,0.003297,0.015629,3.711840,3.299826,1.797800,1.103296,0.600366,1.099999,0.801831,0.879731,3.304026,3.300363,0.796776,4.886980,4.903060,0.003419
65.220054,1,0.000000,0.221536,0.154197,0.000000,0.000000,0.179571,0.281068,1.937810,0.000122,0.000488,0.003297,0.015263,3.703488,3.298898,1.796824,1.101830,0.608424,1.102929,0.800732,0.879193,3.304942,3.298531,0.797655,4.903060,4.920480,0.003419
65.250054,1,0.000000,0.223488,0.154197,0.000000,0.000000,0.178595,0.283996,1.062670,0.000183,0.000427,0.003419,0.015751,3.696064,3.293330,1.796335,1.102563,0.605494,1.104761,0.798900,0.879731,3.303110,3.298531,0.797655,4.892340,4.907080,0.004274
65.280053,1,0.000000,0.220560,0.155173,0.000000,0.000000,0.180547,0.283996,2.786160,0.000183,0.000733,0.003297,0.015385,3.710912,3.301682,1.796824,1.104761,0.604029,1.104394,0.799633,0.879462,3.304026,3.299447,0.797362,4.888320,4.897700,0.003419
65.310054,1,0.000000,0.222512,0.153221,0.000000,0.000000,0.181523,0.286923,1.062670,0.000183,0.000427,0.003419,0.015385,3.701632,3.301682,1.796824,1.101830,0.612820,1.102197,0.800732,0.879462,3.304026,3.299447,0.797948,4.907080,4.920480,0.003419
65.340053,1,0.000000,0.224464,0.153221,0.000000,0.000000,0.179571,0.283020,1.062670,0.000183,0.000427,0.003419,0.015629,3.710912,3.293330,1.797312,1.107691,0.606959,1.099999,0.800732,0.879193,3.303110,3.299447,0.797655,4.886980,4.904400,0.003419
65.370053,1,0.000000,0.221536,0.152245,0.000000,0.000000,0.180547,0.283996,2.714720,0.000122,0.000488,0.003419,0.015507,3.704416,3.357359,1.796824,1.112087,0.604029,1.105127,0.800732,0.879462,3.304026,3.300363,0.796776,4.888320,4.905740,0.004274
65.400054,1,0.000976,0.224464,0.152245,0.000000,0.000000,0.182499,0.282044,1.062670,0.000183,0.000427,0.003419,0.015263,3.704416,3.293330,1.798289,1.108424,0.614651,1.101098,0.800732,0.879193,3.303110,3.299447,0.797362,4.909760,4.920480,0.004274
65.430053,1,0.000000,0.223488,0.153221,0.000000,0.000000,0.179571,0.284972,1.071600,0.000183,0.000427,0.003419,0.015385,3.699776,3.307249,1.796824,1.101464,0.600366,1.101464,0.800732,0.879462,3.304942,3.300363,0.797069,4.896360,4.897700,0.003419
65.460053,1,0.000000,0.223488,0.153221,0.000000,0.000000,0.180547,0.282044,1.571680,0.000183,0.000427,0.003419,0.015263,3.699776,3.291474,1.798289,1.107691,0.605128,1.103662,0.799633,0.879462,3.304942,3.299447,0.797655,4.888320,4.893680,0.004274
65.490054,1,0.000000,0.225440,0.155173,0.000000,0.000000,0.180547,0.283020,1.053740,0.000122,0.000549,0.003358,0.015629,3.704416,3.291474,1.797312,1.107691,0.613186,1.101464,0.801831,0.879193,3.304942,3.297616,0.797362,4.909760,4.920480,0.004274
65.520054,1,0.000000,0.222512,0.153221,0.000000,0.000000,0.181523,0.284972,2.482540,0.000061,0.000549,0.003358,0.015385,3.711840,3.301682,1.796824,1.104761,0.613919,1.099999,0.800732,0.879462,3.304942,3.298531,0.797655,4.886980,4.886980,0.003419
65.550053,1,0.001952,0.222512,0.152245,0.000000,0.000000,0.180547,0.319129,1.589540,0.000122,0.000488,0.003358,0.015385,3.696993,3.327664,1.796335,1.102197,0.604395,1.104394,0.801831,0.879193,3.304942,3.299447,0.797655,4.911100,4.920480,0.004274
65.580053,1,0.000000,0.221536,0.153221,0.000000,0.000000,0.191282,0.281068,1.053740,0.000122,0.000549,0.003358,0.015018,3.699776,3.301682,1.796824,1.107691,0.615018,1.102929,0.800732,0.879193,3.304942,3.299447,0.797655,4.909760,4.900380,0.004274
65.610053,1,0.000000,0.224464,0.152245,0.000000,0.000000,0.191282,0.283996,1.848510,0.000183,0.000427,0.003419,0.015385,3.711840,3.301682,1.796824,1.101830,0.612820,1.101098,0.799633,0.879462,3.304026,3.299447,0.797362,4.885640,4.885640,0.004274
65.640053,1,0.000000,0.223488,0.153221,0.000000,0.000000,0.192258,0.283996,2.196780,0.000061,0.000549,0.003358,0.015507,3.711840,3.292402,1.799266,1.102197,0.612087,1.102929,0.801098,0.879193,3.303110,3.298531,0.797069,4.911100,4.920480,0.003419
65.670054,1,0.000000,0.219584,0.153221,0.000000,0.000000,0.191282,0.282044,1.062670,0.000122,0.000549,0.003419,0.015873,3.704416,3.292402,1.797312,1.109156,0.601098,1.104394,0.800732,0.879193,3.304942,3.299447,0.797655,4.892340,4.912440,0.003419
65.700054,1,0.000976,0.219584,0.153221,0.000000,0.000000,0.202017,0.284972,1.794930,0.000183,0.000427,0.003358,0.015263,3.715552,3.301682,1.797800,1.107691,0.606959,1.102929,0.803662,0.879462,3.305857,3.300363,0.797362,4.897700,4.909760,0.003419
65.730054,1,0.000000,0.224464,0.152245,0.000000,0.000000,0.180547,0.283996,1.062670,0.000183,0.000427,0.003419,0.015263,3.700704,3.301682,1.796824,1.101830,0.615018,1.104028,0.801098,0.879462,3.303110,3.298531,0.797069,4.909760,4.920480,0.004274
65.760053,1,0.000976,0.222512,0.152245,0.000000,0.000000,0.177619,0.283996,1.044810,0.000000,0.000733,0.003419,0.015629,3.711840,3.293330,1.797800,1.101830,0.601098,1.104394,0.800732,0.879193,3.303110,3.298531,0.797655,4.891000,4.889660,0.004274
65.790053,1,0.000000,0.219584,0.154197,0.000000,0.000000,0.179571,0.283996,1.803860,0.000122,0.000549,0.003358,0.015018,3.711840,3.301682,1.796824,1.110622,0.610622,1.104761,0.800732,0.879462,3.305857,3.299447,0.797655,4.909760,4.920480,0.004274
65.820054,1,0.000000,0.224464,0.152245,0.000000,0.000000,0.178595,0.283020,1.062670,0.000183,0.000427,0.003419,0.015140,3.703488,3.293330,1.798289,1.104761,0.612820,1.106226,0.800365,0.879193,3.304942,3.299447,0.797948,4.888320,4.900380,0.004274
65.850054,1,0.000976,0.231295,0.153221,0.000000,0.000000,0.179571,0.283996,1.928880,0.000305,0.000427,0.003358,0.015140,3.710912,3.293330,1.798289,1.103296,0.605494,1.104761,0.801831,0.879462,3.304942,3.299447,0.797362,4.896360,4.903060,0.004274
65.880054,1,0.000000,0.222512,0.153221,0.000000,0.000000,0.180547,0.283996,1.062670,0.000122,0.000488,0.003419,0.015385,3.704416,3.307249,1.797312,1.103296,0.613552,1.104394,0.799633,0.879999,3.304942,3.298531,0.797362,4.907080,4.919140,0.003419
65.910054,1,0.000000,0.230320,0.153221,0.000000,0.000000,0.179571,0.284972,2.768300,0.000061,0.000549,0.003297,0.015385,3.715552,3.294258,1.796824,1.104761,0.600366,1.105127,0.801098,0.879999,3.304942,3.299447,0.797362,4.885640,4.900380,0.003419
65.940054,1,0.000000,0.230320,0.152245,0.000000,0.000000,0.180547,0.283020,1.580610,0.000244,0.000549,0.003358,0.015629,3.699776,3.301682,1.798289,1.107691,0.613552,1.105127,0.800365,0.879193,3.303110,3.299447,0.797655,4.892340,4.917800,0.004274
65.970054,1,0.000000,0.236175,0.152245,0.000000,0.000000,0.180547,0.281068,1.062670,0.000183,0.000427,0.003419,0.015140,3.726687,3.301682,1.798289,1.101464,0.615750,1.105127,0.800732,0.879999,3.304942,3.299447,0.797362,4.907080,4.917800,0.003419
66.000054,1,0.000000,0.224464,0.154197,0.000000,0.000000,0.180547,0.283996,1.553820,0.000183,0.000427,0.003419,0.015629,3.711840,3.301682,1.797312,1.104761,0.605860,1.102563,0.801464,0.879462,3.304942,3.297616,0.797948,4.888320,4.905740,0.004274
66.030054,1,0.000000,0.224464,0.152245,0.000000,0.000000,0.180547,0.283020,2.482540,0.000061,0.000427,0.003358,0.015385,3.701632,3.301682,1.798289,1.101830,0.613552,1.104761,0.801098,0.879193,3.304026,3.299447,0.797948,4.893680,4.919140,0.003419
66.060053,1,0.000000,0.223488,0.156149,0.000000,0.000000,0.179571,0.283020,1.062670,0.000183,0.000427,0.003358,0.015507,3.699776,3.301682,1.797312,1.107691,0.616117,1.102929,0.801831,0.879193,3.304942,3.299447,0.797655,4.909760,4.897700,0.003419
66.090054,1,0.000976,0.224464,0.154197,0.000000,0.000000,0.181523,0.283996,1.553820,0.000183,0.000427,0.003419,0.015385,3.697920,3.327664,1.797800,1.104394,0.610256,1.104761,0.801831,0.879731,3.305857,3.298531,0.797655,4.877600,4.904400,0.004274
66.120054,1,0.000000,0.222512,0.154197,0.000000,0.000000,0.191282,0.282044,1.071600,0.000122,0.000488,0.003297,0.015385,3.703488,3.298898,1.796824,1.110622,0.615384,1.102929,0.801098,0.879462,3.304026,3.299447,0.796776,4.907080,4.921820,0.003419
66.150053,1,0.000000,0.222512,0.153221,0.000000,0.000000,0.192258,0.283020,1.812790,0.000122,0.000549,0.003358,0.015018,3.697920,3.299826,1.798289,1.101830,0.605494,1.104394,0.800732,0.879731,3.304026,3.300363,0.797362,4.874920,4.912440,0.003419
66.180056,1,0.000000,0.220560,0.153221,0.000000,0.000000,0.191282,0.283996,2.080690,0.000244,0.000488,0.003358,0.015385,3.699776,3.301682,1.798289,1.101464,0.601831,1.104761,0.801464,0.879462,3.304026,3.298531,0.797362,4.897700,4.916460,0.003419
66.210053,1,0.000000,0.222512,0.151269,0.000000,0.000000,0.200066,0.283996,1.071600,0.000122,0.000488,0.003480,0.015018,3.711840,3.357359,1.797800,1.107691,0.613552,1.104761,0.799633,0.878925,3.304942,3.297616,0.796776,4.907080,4.893680,0.004274
66.240054,1,0.000976,0.222512,0.153221,0.000000,0.000000,0.185427,0.284972,1.794930,0.000061,0.000427,0.003419,0.015507,3.697920,3.325809,1.797312,1.102929,0.605494,1.102929,0.801831,0.879193,3.305857,3.300363,0.797362,4.897700,4.911100,0.004274
66.270055,1,0.000000,0.223488,0.152245,0.000000,0.000000,0.180547,0.284972,1.625260,0.000061,0.000427,0.003358,0.015385,3.711840,3.301682,1.797800,1.109156,0.610622,1.102197,0.799633,0.879731,3.305857,3.300363,0.797362,4.908420,4.920480,0.004274
66.300054,1,0.000000,0.223488,0.151269,0.000000,0.000000,0.179571,0.283996,1.044810,0.000183,0.000427,0.003297,0.016117,3.711840,3.298898,1.796824,1.107691,0.613919,1.104028,0.801831,0.879193,3.304942,3.300363,0.797655,4.909760,4.886980,0.003419
66.330054,1,0.000000,0.224464,0.153221,0.000000,0.000000,0.180547,0.283996,1.884230,0.000183,0.000427,0.003358,0.015507,3.711840,3.301682,1.798289,1.109156,0.605860,1.104761,0.801098,0.879193,3.307689,3.300363,0.797362,4.899040,4.893680,0.003419
66.360054,1,0.000976,0.222512,0.153221,0.000000,0.000000,0.179571,0.284972,2.143200,0.000061,0.000427,0.003480,0.016117,3.711840,3.301682,1.796824,1.107691,0.615750,1.102929,0.801464,0.879193,3.303110,3.299447,0.797362,4.911100,4.917800,0.004274
66.390054,1,0.000000,0.231295,0.153221,0.000000,0.000000,0.180547,0.283996,1.071600,0.000061,0.000672,0.003358,0.015140,3.697920,3.301682,1.797800,1.110622,0.602197,1.106226,0.802930,0.879999,3.304942,3.299447,0.797362,4.882960,4.907080,0.004274
66.420055,1,0.000000,0.231295,0.153221,0.000000,0.000000,0.180547,0.283020,2.312870,0.000183,0.000427,0.003419,0.015263,3.711840,3.293330,1.797312,1.106226,0.599633,1.104761,0.800365,0.879731,3.303110,3.299447,0.797655,4.900380,4.893680,0.004274
66.450054,1,0.000000,0.230320,0.153221,0.000000,0.000000,0.178595,0.282044,1.777070,0.000183,0.000427,0.003419,0.015629,3.699776,3.355503,1.796824,1.106226,0.612454,1.100732,0.800365,0.879193,3.305857,3.300363,0.796776,4.909760,4.920480,0.004274
66.480053,1,0.000000,0.236175,0.154197,0.000000,0.000000,0.178595,0.283996,1.062670,0.000061,0.000672,0.003358,0.015018,3.699776,3.293330,1.798289,1.107325,0.602197,1.104028,0.801098,0.879731,3.304026,3.300363,0.796776,4.893680,4.904400,0.004274
66.510055,1,0.000000,0.227392,0.153221,0.000000,0.000000,0.181523,0.282044,2.321800,0.000244,0.000549,0.003358,0.015507,3.697920,3.298898,1.797312,1.104761,0.600732,1.104761,0.800732,0.879193,3.304942,3.300363,0.797655,4.881620,4.899040,0.004274
66.540054,1,0.000000,0.223488,0.152245,0.000000,0.000000,0.180547,0.283996,1.080530,0.000244,0.000549,0.003419,0.015140,3.711840,3.307249,1.797800,1.101830,0.615018,1.101098,0.801098,0.879193,3.304942,3.299447,0.797948,4.909760,4.917800,0.004274
66.570054,1,0.000000,0.224464,0.151269,0.000000,0.000000,0.181523,0.282044,1.053740,0.000183,0.000427,0.003419,0.015263,3.711840,3.301682,1.796335,1.104761,0.601831,1.100732,0.799633,0.879462,3.305857,3.300363,0.797362,4.896360,4.903060,0.004274
66.600053,1,0.000000,0.220560,0.152245,0.000000,0.000000,0.181523,0.284972,2.786160,0.000061,0.000427,0.003297,0.015507,3.711840,3.301682,1.796824,1.104394,0.604761,1.102197,0.801831,0.879462,3.304942,3.300363,0.796776,4.888320,4.900380,0.003419
66.630054,1,0.000000,0.221536,0.154197,0.000000,0.000000,0.179571,0.283996,1.071600,0.000244,0.000549,0.003358,0.015629,3.699776,3.301682,1.798289,1.107325,0.614285,1.104028,0.799633,0.879193,3.303110,3.299447,0.797655,4.912440,4.920480,0.004274
66.660054,1,0.000000,0.222512,0.154197,0.000000,0.000000,0.182499,0.282044,2.223570,0.000244,0.000611,0.003419,0.015873,3.711840,3.291474,1.798289,1.102563,0.606959,1.104761,0.801831,0.879193,3.304942,3.297616,0.797362,4.893680,4.896360,0.004274
66.690054,1,0.000976,0.224464,0.153221,0.000000,0.000000,0.179571,0.283020,1.553820,0.000244,0.000488,0.003358,0.015385,3.719264,3.297970,1.798289,1.110622,0.599999,1.104761,0.802930,0.878925,3.303110,3.299447,0.797655,4.878940,4.919140,0.004274
66.720054,1,0.000000,0.223488,0.152245,0.000000,0.000000,0.180547,0.282044,1.062670,0.000122,0.000733,0.003419,0.015263,3.710912,3.327664,1.796824,1.110622,0.614285,1.104394,0.801831,0.879193,3.303110,3.299447,0.797655,4.911100,4.909760,0.004274
66.750055,1,0.000000,0.222512,0.151269,0.000000,0.000000,0.179571,0.282044,2.491470,0.000183,0.000427,0.003358,0.015385,3.711840,3.301682,1.797312,1.104761,0.608424,1.104028,0.801098,0.879999,3.304026,3.299447,0.797655,4.893680,4.886980,0.004274
66.780054,1,0.000000,0.225440,0.153221,0.000000,0.000000,0.181523,0.295707,1.580610,0.000183,0.000549,0.003358,0.015018,3.699776,3.301682,1.798289,1.104761,0.603662,1.099999,0.801098,0.879462,3.304942,3.300363,0.797362,4.908420,4.920480,0.004274
66.810054,1,0.000000,0.223488,0.153221,0.000000,0.000000,0.180547,0.285948,1.071600,0.000244,0.000488,0.003419,0.015629,3.700704,3.313745,1.796824,1.104394,0.603296,1.106226,0.800365,0.879999,3.304942,3.299447,0.797362,4.899040,4.903060,0.003419
66.840054,1,0.000000,0.221536,0.155173,0.000000,0.000000,0.179571,0.283996,1.803860,0.000183,0.000427,0.003419,0.015263,3.711840,3.294258,1.797800,1.107691,0.600732,1.102929,0.800732,0.879462,3.303110,3.299447,0.797362,4.882960,4.912440,0.003419
66.870055,1,0.000000,0.224464,0.154197,0.000000,0.000000,0.181523,0.283996,2.187850,0.000183,0.000427,0.003358,0.015507,3.697920,3.291474,1.798289,1.110622,0.613919,1.104761,0.800732,0.879193,3.304942,3.299447,0.797655,4.909760,4.919140,0.004274
66.900054,1,0.000976,0.221536,0.154197,0.000000,0.000000,0.181523,0.284972,1.071600,0.000183,0.000427,0.003419,0.015263,3.711840,3.293330,1.796824,1.101464,0.604395,1.104394,0.800732,0.879193,3.304026,3.298531,0.797069,4.892340,4.909760,0.003419
66.930054,1,0.000000,0.220560,0.152245,0.000000,0.000000,0.182499,0.283996,1.803860,0.000183,0.000427,0.003297,0.015873,3.711840,3.301682,1.797312,1.110622,0.609889,1.104028,0.801464,0.879462,3.304026,3.299447,0.797948,4.907080,4.920480,0.004274
66.960054,1,0.000000,0.223488,0.154197,0.000000,0.000000,0.178595,0.283020,1.053740,0.000244,0.000611,0.003419,0.016117,3.704416,3.293330,1.797312,1.104761,0.603662,1.102929,0.802930,0.879193,3.304942,3.299447,0.797362,4.899040,4.896360,0.003419
66.990054,1,0.000000,0.222512,0.153221,0.000000,0.000000,0.180547,0.281068,2.464680,0.000244,0.000549,0.003419,0.015385,3.697920,3.298898,1.796824,1.107691,0.602930,1.104761,0.801831,0.879999,3.304026,3.298531,0.796776,4.896360,4.903060,0.004274
67.020054,1,0.000000,0.223488,0.154197,0.000000,0.000000,0.179571,0.284972,1.071600,0.000183,0.000427,0.003541,0.015018,3.711840,3.327664,1.797312,1.106226,0.615750,1.100732,0.801831,0.879462,3.304026,3.298531,0.797362,4.909760,4.919140,0.004274
67.050054,1,0.000976,0.223488,0.154197,0.000000,0.000000,0.181523,0.283020,1.062670,0.000183,0.000427,0.003419,0.015629,3.696064,3.301682,1.797312,1.108424,0.601465,1.101464,0.801831,0.879999,3.305857,3.299447,0.797948,4.899040,4.896360,0.004274
67.080054,1,0.000000,0.225440,0.154197,0.000000,0.000000,0.178595,0.283996,1.777070,0.000244,0.000549,0.003358,0.015385,3.710912,3.325809,1.795847,1.102197,0.603296,1.100732,0.801831,0.879193,3.304942,3.299447,0.797655,4.892340,4.907080,0.003419
67.110054,1,0.000000,0.223488,0.152245,0.000000,0.000000,0.179571,0.283020,1.071600,0.000183,0.000427,0.003419,0.015507,3.711840,3.303538,1.797800,1.101830,0.612087,1.104394,0.801098,0.879193,3.304942,3.299447,0.797362,4.907080,4.917800,0.004274
67.140054,1,0.000000,0.222512,0.153221,0.000000,0.000000,0.181523,0.283996,2.214640,0.000183,0.000427,0.003419,0.015629,3.701632,3.294258,1.799266,1.102929,0.606959,1.099999,0.801098,0.879999,3.304942,3.299447,0.797362,4.888320,4.897700,0.004274
67.170054,1,0.000976,0.223488,0.155173,0.000000,0.000000,0.179571,0.284972,2.080690,0.000183,0.000427,0.003297,0.015385,3.715552,3.301682,1.797312,1.107691,0.617216,1.099999,0.799633,0.878925,3.304942,3.299447,0.797948,4.893680,4.920480,0.004274
67.200054,1,0.000000,0.224464,0.153221,0.000000,0.000000,0.178595,0.283020,1.080530,0.000061,0.000733,0.003358,0.015873,3.701632,3.301682,1.798289,1.101464,0.614651,1.104028,0.801098,0.879731,3.305857,3.300363,0.797069,4.909760,4.919140,0.003419
67.230054,1,0.000000,0.224464,0.153221,0.000000,0.000000,0.182499,0.281068,2.795090,0.000244,0.000549,0.003236,0.015507,3.711840,3.299826,1.798777,1.102197,0.605494,1.104394,0.801831,0.879731,3.305857,3.300363,0.797362,4.896360,4.881620,0.004274
67.260054,1,0.000000,0.224464,0.156149,0.000000,0.000000,0.179571,0.283996,2.509330,0.000183,0.000427,0.003419,0.015385,3.711840,3.295186,1.798289,1.106226,0.613186,1.101464,0.799633,0.879193,3.304942,3.299447,0.797069,4.911100,4.921820,0.004274
67.290054,1,0.000000,0.222512,0.153221,0.000000,0.000000,0.181523,0.283996,1.053740,0.000244,0.000549,0.003358,0.015140,3.711840,3.298898,1.796824,1.104761,0.611355,1.104761,0.801098,0.879731,3.305857,3.300363,0.796776,4.892340,4.885640,0.004274
67.320054,1,0.000000,0.223488,0.154197,0.000000,0.000000,0.180547,0.286923,2.196780,0.000183,0.000427,0.003419,0.015263,3.704416,3.355503,1.796824,1.104761,0.602564,1.104761,0.800365,0.879462,3.304026,3.300363,0.797069,4.896360,4.909760,0.004274
67.350054,1,0.000000,0.224464,0.153221,0.000000,0.000000,0.179571,0.283996,1.053740,0.000183,0.000427,0.003419,0.015507,3.704416,3.293330,1.798289,1.104761,0.612820,1.101098,0.800732,0.879193,3.305857,3.298531,0.797362,4.909760,4.920480,0.003419
67.380054,1,0.000000,0.226416,0.155173,0.000000,0.000000,0.180547,0.284972,1.803860,0.000122,0.000549,0.003419,0.015629,3.719264,3.307249,1.796824,1.104394,0.599999,1.101098,0.800732,0.879731,3.305857,3.298531,0.797362,4.870900,4.911100,0.003419
67.410055,1,0.000000,0.222512,0.152245,0.000000,0.000000,0.180547,0.283020,2.116410,0.000122,0.000549,0.003419,0.015263,3.726687,3.303538,1.796824,1.107691,0.604029,1.101464,0.799633,0.879462,3.304942,3.298531,0.797655,4.892340,4.919140,0.003419
67.440054,1,0.000000,0.224464,0.153221,0.000000,0.000000,0.179571,0.282044,1.071600,0.000183,0.000855,0.003419,0.015629,3.710912,3.293330,1.797312,1.101830,0.610622,1.101098,0.801098,0.879462,3.305857,3.298531,0.797362,4.911100,4.920480,0.003419
67.470054,1,0.000000,0.223488,0.152245,0.000000,0.000000,0.178595,0.283996,1.794930,0.000122,0.000549,0.003419,0.015018,3.696064,3.294258,1.798777,1.104761,0.605494,1.104761,0.801831,0.879462,3.304942,3.299447,0.797655,4.877600,4.907080,0.004274
67.500056,1,0.000000,0.218608,0.153221,0.000000,0.000000,0.179571,0.282044,2.089620,0.000122,0.000549,0.003419,0.015385,3.711840,3.307249,1.798289,1.107691,0.611355,1.104394,0.801831,0.879462,3.304026,3.298531,0.797362,4.908420,4.920480,0.004274
67.530054,1,0.000000,0.224464,0.151269,0.000000,0.000000,0.180547,0.282044,1.062670,0.000183,0.000427,0.003419,0.015140,3.696993,3.325809,1.796824,1.101830,0.614651,1.104394,0.801464,0.879193,3.305857,3.299447,0.797655,4.909760,4.886980,0.004274
67.560053,1,0.000000,0.223488,0.153221,0.000000,0.000000,0.191282,0.281068,1.786000,0.000122,0.000549,0.003419,0.015385,3.704416,3.301682,1.798777,1.104761,0.604761,1.101464,0.802930,0.879462,3.305857,3.299447,0.796776,4.897700,4.886980,0.003419
67.590054,1,0.001952,0.224464,0.153221,0.000000,0.000000,0.193234,0.286923,1.634190,0.000061,0.000549,0.003358,0.015263,3.697920,3.301682,1.797800,1.101464,0.612820,1.104761,0.800732,0.879193,3.304942,3.300363,0.797069,4.911100,4.913780,0.004274
67.620053,1,0.000000,0.220560,0.153221,0.000000,0.000000,0.192258,0.283020,1.062670,0.000183,0.000427,0.003358,0.016117,3.701632,3.301682,1.796824,1.102197,0.610988,1.100732,0.799633,0.879731,3.305857,3.298531,0.796776,4.897700,4.900380,0.004274
67.650054,1,0.000000,0.224464,0.153221,0.000000,0.000000,0.193234,0.283996,1.866370,0.000183,0.000427,0.003419,0.015385,3.699776,3.307249,1.797800,1.107691,0.600366,1.104761,0.800732,0.879193,3.304942,3.299447,0.797655,4.900380,4.899040,0.004274
67.680054,1,0.000000,0.223488,0.155173,0.000000,0.000000,0.202993,0.283020,2.420030,0.000122,0.000672,0.003358,0.015385,3.708128,3.307249,1.796824,1.108058,0.604761,1.099999,0.801831,0.879462,3.304026,3.298531,0.797362,4.907080,4.917800,0.003419
67.710054,1,0.000000,0.224464,0.152245,0.000000,0.000000,0.179571,0.282044,1.071600,0.000183,0.000427,0.003419,0.015507,3.711840,3.293330,1.796824,1.101464,0.603296,1.099999,0.800732,0.879731,3.305857,3.298531,0.797362,4.881620,4.907080,0.003419
67.740054,1,0.000976,0.224464,0.155173,0.000000,0.000000,0.178595,0.283020,2.232500,0.000244,0.000549,0.003358,0.015507,3.710912,3.301682,1.797312,1.106226,0.601098,1.100732,0.800732,0.879731,3.304942,3.298531,0.797655,4.881620,4.904400,0.004274
67.770054,1,0.000000,0.221536,0.153221,0.000000,0.000000,0.179571,0.283020,1.071600,0.000183,0.000427,0.003358,0.015140,3.700704,3.301682,1.797312,1.104394,0.615018,1.099999,0.800732,0.879462,3.304942,3.299447,0.797948,4.907080,4.917800,0.004274
67.800053,1,0.000000,0.224464,0.153221,0.000000,0.000000,0.179571,0.283020,1.857440,0.000061,0.000427,0.003358,0.015629,3.710912,3.293330,1.796824,1.107691,0.606593,1.101098,0.802930,0.879462,3.305857,3.300363,0.796776,4.896360,4.903060,0.004274
67.830054,1,0.000000,0.228368,0.153221,0.000000,0.000000,0.181523,0.283996,2.786160,0.000183,0.000427,0.003358,0.015140,3.711840,3.301682,1.797312,1.104028,0.600732,1.102929,0.800732,0.879731,3.303110,3.299447,0.797069,4.892340,4.920480,0.004274
67.860054,1,0.000976,0.230320,0.152245,0.000000,0.000000,0.180547,0.282044,1.062670,0.000122,0.000549,0.003480,0.015018,3.713696,3.327664,1.796824,1.112087,0.612087,1.104761,0.801098,0.879462,3.304942,3.297616,0.797655,4.907080,4.919140,0.004274
67.890054,1,0.000000,0.229344,0.151269,0.000000,0.000000,0.181523,0.283020,2.071760,0.000061,0.000427,0.003480,0.015507,3.719264,3.293330,1.798289,1.102197,0.606593,1.101464,0.801098,0.879462,3.306773,3.299447,0.796776,4.895020,4.904400,0.004274
67.920054,1,0.000000,0.223488,0.153221,0.000000,0.000000,0.179571,0.284972,1.562750,0.000244,0.000549,0.003358,0.015385,3.703488,3.298898,1.796824,1.104761,0.600732,1.104394,0.799633,0.879193,3.304942,3.298531,0.797655,4.911100,4.919140,0.003419
67.950055,1,0.000000,0.237151,0.153221,0.000000,0.000000,0.179571,0.283020,1.062670,0.000122,0.000549,0.003419,0.015629,3.704416,3.294258,1.798289,1.102929,0.610988,1.102929,0.802930,0.879193,3.304942,3.299447,0.797655,4.889660,4.907080,0.004274
67.980054,1,0.000976,0.222512,0.154197,0.000000,0.000000,0.178595,0.281068,2.500400,0.000244,0.000733,0.003419,0.015018,3.711840,3.299826,1.798289,1.107691,0.611721,1.100732,0.801464,0.879999,3.305857,3.298531,0.796776,4.892340,4.892340,0.004274
68.010054,1,0.000000,0.222512,0.153221,0.000000,0.000000,0.178595,0.285948,1.544890,0.000183,0.000549,0.003419,0.015385,3.699776,3.301682,1.796824,1.110622,0.615750,1.101464,0.800732,0.879462,3.305857,3.300363,0.797362,4.912440,4.920480,0.003419
68.040053,1,0.000000,0.222512,0.153221,0.022446,0.000000,0.180547,0.283996,1.071600,0.000061,0.000427,0.003419,0.015507,3.726687,3.292402,1.798289,1.104761,0.601831,1.100732,0.801831,0.879731,3.305857,3.299447,0.797362,4.886980,4.905740,0.004274
68.070054,1,0.000976,0.224464,0.153221,0.000000,0.000000,0.180547,0.283020,1.812790,0.000122,0.000549,0.003358,0.015507,3.701632,3.301682,1.798777,1.101464,0.609889,1.100732,0.800732,0.879462,3.303110,3.299447,0.797655,4.911100,4.920480,0.004274
68.100053,1,0.000000,0.223488,0.153221,0.000000,0.000000,0.191282,0.286923,1.062670,0.000061,0.000427,0.003419,0.015018,3.711840,3.293330,1.797312,1.103296,0.601831,1.104394,0.799633,0.879462,3.303110,3.298531,0.796776,4.873580,4.911100,0.003419
68.130054,1,0.000000,0.222512,0.153221,0.000000,0.000000,0.191282,0.283020,2.080690,0.000061,0.000427,0.003297,0.015263,3.715552,3.294258,1.796824,1.102197,0.601098,1.104761,0.801464,0.879731,3.303110,3.298531,0.797362,4.881620,4.905740,0.004274
68.160054,1,0.000000,0.222512,0.153221,0.000000,0.000000,0.192258,0.282044,1.955670,0.000061,0.000549,0.003358,0.015140,3.697920,3.327664,1.796824,1.107325,0.613552,1.100732,0.801831,0.879999,3.304026,3.298531,0.797362,4.907080,4.921820,0.003419
68.190053,1,0.002928,0.223488,0.154197,0.000000,0.000000,0.202017,0.283996,1.071600,0.000122,0.000549,0.003419,0.015018,3.711840,3.307249,1.798289,1.107691,0.602930,1.100732,0.799633,0.879193,3.304942,3.299447,0.797655,4.900380,4.907080,0.004274
68.220053,1,0.000000,0.221536,0.152245,0.000000,0.000000,0.202017,0.284972,1.625260,0.000183,0.000427,0.003419,0.015263,3.719264,3.294258,1.797312,1.101464,0.599999,1.104761,0.800732,0.879999,3.304026,3.299447,0.797362,4.893680,4.901720,0.004274
68.250054,1,0.000000,0.222512,0.153221,0.000000,0.000000,0.179571,0.283996,1.071600,0.000122,0.000549,0.003419,0.015263,3.704416,3.299826,1.796824,1.104394,0.616849,1.104761,0.800732,0.879462,3.305857,3.300363,0.796776,4.912440,4.921820,0.004274
68.280053,1,0.000000,0.222512,0.152245,0.000000,0.000000,0.181523,0.283996,1.062670,0.000183,0.000733,0.003419,0.015385,3.719264,3.301682,1.796824,1.102929,0.600732,1.104761,0.799633,0.879462,3.304942,3.300363,0.796776,4.897700,4.900380,0.004274
68.310055,1,0.000000,0.223488,0.151269,0.000000,0.000000,0.178595,0.283996,1.848510,0.000122,0.000488,0.003419,0.015263,3.699776,3.291474,1.797312,1.109156,0.603296,1.104761,0.801831,0.879999,3.304942,3.299447,0.797948,4.893680,4.907080,0.004274
68.340054,1,0.000000,0.224464,0.153221,0.000000,0.000000,0.181523,0.283996,1.062670,0.000061,0.000427,0.003358,0.015018,3.703488,3.293330,1.796824,1.107691,0.613552,1.104394,0.801464,0.879999,3.304026,3.298531,0.797362,4.907080,4.921820,0.004274
68.370054,1,0.000000,0.229344,0.152245,0.000000,0.000000,0.180547,0.283020,1.848510,0.000061,0.000549,0.003358,0.015263,3.703488,3.301682,1.798289,1.106226,0.603296,1.102929,0.801831,0.879462,3.304942,3.299447,0.797655,4.884300,4.900380,0.004274
68.400053,1,0.000000,0.233247,0.152245,0.000000,0.000000,0.178595,0.284972,1.919950,0.000183,0.000672,0.003297,0.015263,3.715552,3.297970,1.795847,1.101464,0.604761,1.100732,0.801831,0.878656,3.303110,3.300363,0.796776,4.908420,4.920480,0.003419
68.430054,1,0.000000,0.228368,0.153221,0.000000,0.000000,0.180547,0.284972,1.062670,0.000183,0.000427,0.003419,0.015385,3.711840,3.327664,1.795847,1.102929,0.609157,1.104028,0.800365,0.879731,3.305857,3.298531,0.796776,4.896360,4.899040,0.004274
68.460054,1,0.000976,0.232271,0.154197,0.000000,0.000000,0.180547,0.285948,1.571680,0.000122,0.000549,0.003358,0.015385,3.719264,3.301682,1.796824,1.104761,0.603296,1.100732,0.801464,0.879462,3.304026,3.299447,0.797655,4.900380,4.904400,0.004274
68.490054,1,0.000976,0.236175,0.154197,0.000000,0.000000,0.179571,0.284972,1.062670,0.000183,0.000427,0.003419,0.015385,3.704416,3.311889,1.796824,1.101830,0.613919,1.104028,0.802930,0.879193,3.304942,3.299447,0.797655,4.911100,4.920480,0.003419
68.520054,1,0.000000,0.221536,0.153221,0.000000,0.000000,0.181523,0.283996,2.500400,0.000122,0.000488,0.003358,0.015873,3.699776,3.301682,1.798289,1.108058,0.614285,1.104394,0.800732,0.879462,3.303110,3.299447,0.797069,4.892340,4.881620,0.004274
68.550053,1,0.000000,0.219584,0.152245,0.000000,0.000000,0.180547,0.283020,2.196780,0.000122,0.000549,0.003419,0.015140,3.699776,3.294258,1.798777,1.104761,0.601831,1.102929,0.800365,0.879999,3.304942,3.300363,0.796776,4.893680,4.908420,0.004274
68.580053,1,0.000000,0.217632,0.152245,0.000000,0.000000,0.180547,0.283996,1.062670,0.000061,0.000427,0.003358,0.015507,3.699776,3.289618,1.798289,1.105494,0.612820,1.100732,0.801098,0.879462,3.305857,3.300363,0.797362,4.909760,4.921820,0.003419
68.610054,1,0.000000,0.221536,0.153221,0.000000,0.000000,0.179571,0.281068,1.839580,0.000183,0.000427,0.003419,0.015140,3.711840,3.327664,1.797800,1.106226,0.610622,1.100732,0.801831,0.879462,3.304026,3.300363,0.797362,4.893680,4.885640,0.004274
68.640053,1,0.000000,0.219584,0.153221,0.000000,0.000000,0.179571,0.279116,2.178920,0.000183,0.000427,0.003419,0.015263,3.703488,3.292402,1.798289,1.102563,0.605860,1.100732,0.802930,0.879999,3.304942,3.299447,0.797948,4.893680,4.919140,0.004274
68.670054,1,0.000000,0.217632,0.153221,0.000000,0.000000,0.180547,0.282044,1.062670,0.000183,0.000427,0.003419,0.015263,3.697920,3.292402,1.797800,1.108790,0.606227,1.104028,0.800732,0.879193,3.304942,3.299447,0.797655,4.909760,4.919140,0.003419
68.700054,1,0.000000,0.222512,0.153221,0.000000,0.000000,0.179571,0.282044,1.821720,0.000061,0.000549,0.003358,0.016117,3.701632,3.301682,1.796824,1.104761,0.603662,1.104761,0.800732,0.879193,3.304026,3.299447,0.797948,4.877600,4.907080,0.004274
68.730055,1,0.000976,0.220560,0.153221,0.000000,0.000000,0.180547,0.280092,2.071760,0.000183,0.000427,0.003358,0.015385,3.719264,3.325809,1.796824,1.109156,0.600366,1.104394,0.799633,0.879462,3.304942,3.300363,0.797362,4.907080,4.919140,0.003419
68.760054,1,0.000000,0.219584,0.151269,0.000000,0.000000,0.179571,0.283996,1.071600,0.000183,0.000427,0.003358,0.015263,3.711840,3.301682,1.796824,1.102197,0.612087,1.104761,0.801098,0.879462,3.305857,3.300363,0.796776,4.911100,4.908420,0.004274
68.790054,1,0.000000,0.220560,0.152245,0.000000,0.000000,0.179571,0.283996,1.786000,0.000183,0.000427,0.003419,0.015140,3.699776,3.293330,1.797312,1.104394,0.606593,1.104761,0.800732,0.879462,3.305857,3.298531,0.796776,4.874920,4.911100,0.003419
68.820054,1,0.000000,0.217632,0.154197,0.000000,0.000000,0.179571,0.284972,2.080690,0.000122,0.000549,0.003358,0.015140,3.700704,3.297970,1.796824,1.110622,0.612087,1.100732,0.801098,0.879462,3.303110,3.298531,0.797655,4.911100,4.920480,0.004274
68.850054,1,0.000976,0.223488,0.152245,0.000000,0.000000,0.180547,0.283020,1.053740,0.000183,0.000672,0.003297,0.015140,3.699776,3.301682,1.798289,1.101464,0.610622,1.102197,0.799633,0.879999,3.303110,3.299447,0.797362,4.885640,4.886980,0.004274
68.880053,1,0.000000,0.221536,0.153221,0.000000,0.000000,0.179571,0.283020,1.803860,0.000122,0.000549,0.003419,0.015263,3.719264,3.307249,1.797312,1.102563,0.604761,1.100732,0.801831,0.879462,3.304026,3.300363,0.796776,4.896360,4.896360,0.004274
68.910054,1,0.000000,0.221536,0.155173,0.000000,0.000000,0.179571,0.283996,1.634190,0.000122,0.000549,0.003419,0.015018,3.711840,3.294258,1.797312,1.102563,0.613552,1.104761,0.800732,0.879462,3.304026,3.298531,0.797362,4.907080,4.919140,0.004274
68.940054,1,0.000000,0.261549,0.152245,0.000000,0.000000,0.179571,0.283996,1.071600,0.000122,0.000549,0.003297,0.014896,3.699776,3.301682,1.797800,1.102929,0.602930,1.101098,0.801831,0.879731,3.305857,3.298531,0.797069,4.876260,4.903060,0.004274
68.970054,1,0.000000,0.219584,0.152245,0.000000,0.000000,0.181523,0.282044,2.250360,0.000061,0.000549,0.003419,0.015385,3.711840,3.307249,1.798289,1.103662,0.602197,1.102929,0.801098,0.879731,3.305857,3.299447,0.797069,4.886980,4.892340,0.004274
69.000054,1,0.000976,0.219584,0.154197,0.000000,0.000000,0.179571,0.283020,1.053740,0.000183,0.000427,0.003419,0.015385,3.704416,3.293330,1.798289,1.105494,0.615018,1.104028,0.801831,0.879999,3.304942,3.298531,0.797655,4.907080,4.920480,0.004274
69.030054,1,0.000976,0.247886,0.152245,0.000000,0.000000,0.181523,0.283020,2.437890,0.000122,0.000549,0.003419,0.015018,3.726687,3.301682,1.797800,1.101464,0.601098,1.104394,0.800732,0.879462,3.304942,3.299447,0.797362,4.893680,4.903060,0.004274
69.060054,1,0.000000,0.221536,0.152245,0.000000,0.000000,0.179571,0.283020,2.777230,0.000061,0.000427,0.003419,0.015629,3.711840,3.292402,1.798289,1.102929,0.603296,1.100365,0.801464,0.879731,3.305857,3.298531,0.797362,4.886980,4.921820,0.003419
69.090054,1,0.000000,0.219584,0.153221,0.000000,0.000000,0.179571,0.283020,1.071600,0.000183,0.000427,0.003480,0.015507,3.704416,3.293330,1.798289,1.112087,0.610988,1.102929,0.800365,0.879193,3.304942,3.299447,0.797655,4.909760,4.900380,0.003419
69.120054,1,0.000000,0.218608,0.153221,0.000000,0.000000,0.179571,0.286923,1.937810,0.000122,0.000733,0.003419,0.015018,3.711840,3.293330,1.797312,1.102929,0.604395,1.100732,0.801098,0.879193,3.304026,3.299447,0.797362,4.893680,4.904400,0.004274
69.150054,1,0.000000,0.220560,0.153221,0.000000,0.000000,0.178595,0.283020,1.071600,0.000183,0.000427,0.003358,0.015385,3.700704,3.301682,1.798777,1.110622,0.615750,1.102929,0.801098,0.879462,3.304942,3.299447,0.797948,4.907080,4.919140,0.003419
69.180053,1,0.000000,0.220560,0.156149,0.023422,0.000000,0.180547,0.283020,1.553820,0.000244,0.000549,0.003297,0.015018,3.703488,3.293330,1.798289,1.102197,0.601098,1.100732,0.800732,0.879731,3.305857,3.298531,0.797362,4.897700,4.904400,0.004274
69.210055,1,0.000000,0.217632,0.152245,0.000000,0.000000,0.179571,0.283996,1.821720,0.000061,0.000427,0.003358,0.015263,3.700704,3.298898,1.795847,1.109156,0.608791,1.104761,0.801831,0.879999,3.304942,3.299447,0.797948,4.909760,4.919140,0.003419
69.240054,1,0.000000,0.220560,0.154197,0.000000,0.000000,0.180547,0.284972,1.062670,0.000061,0.000672,0.003358,0.015263,3.700704,3.301682,1.796824,1.110622,0.615384,1.100732,0.800732,0.879462,3.304942,3.299447,0.797655,4.911100,4.888320,0.004274
69.270053,1,0.000000,0.218608,0.153221,0.000000,0.000000,0.180547,0.283020,2.187850,0.000183,0.000427,0.003419,0.015385,3.704416,3.293330,1.797800,1.109156,0.602930,1.102929,0.800732,0.879999,3.304942,3.299447,0.797362,4.893680,4.891000,0.004274
69.300054,1,0.000000,0.223488,0.151269,0.000000,0.000000,0.180547,0.284972,1.803860,0.000061,0.000549,0.003358,0.015385,3.697920,3.301682,1.798777,1.104394,0.610622,1.104761,0.802930,0.879462,3.304026,3.299447,0.796776,4.907080,4.923160,0.004274
69.330054,1,0.000000,0.218608,0.150293,0.000000,0.000000,0.182499,0.282044,1.071600,0.000061,0.000549,0.003358,0.015507,3.701632,3.301682,1.797800,1.101464,0.599633,1.102563,0.801464,0.879462,3.304942,3.299447,0.797655,4.870900,4.909760,0.004274
69.360054,1,0.000000,0.221536,0.154197,0.000000,0.000000,0.181523,0.282044,2.071760,0.000122,0.000733,0.003419,0.015385,3.711840,3.327664,1.796824,1.101830,0.603296,1.104761,0.799633,0.879193,3.304942,3.299447,0.797655,4.900380,4.897700,0.004274
69.390054,1,0.000976,0.217632,0.155173,0.000000,0.000000,0.181523,0.284972,1.893160,0.000183,0.000427,0.003419,0.015018,3.703488,3.357359,1.796335,1.101464,0.612820,1.098534,0.802930,0.879999,3.304026,3.300363,0.796776,4.907080,4.919140,0.004274
69.420054,1,0.000000,0.220560,0.153221,0.000000,0.000000,0.179571,0.283996,1.062670,0.000061,0.000549,0.003358,0.015873,3.711840,3.301682,1.798289,1.107691,0.605860,1.101098,0.800732,0.879462,3.304942,3.299447,0.797655,4.900380,4.908420,0.004274
69.450054,1,0.000000,0.224464,0.153221,0.000000,0.000000,0.181523,0.283996,2.080690,0.000183,0.000427,0.003358,0.015140,3.711840,3.301682,1.797800,1.104761,0.601098,1.103662,0.802930,0.879462,3.304026,3.299447,0.797655,4.882960,4.903060,0.003419
69.480054,1,0.000000,0.220560,0.153221,0.000000,0.000000,0.180547,0.283020,1.071600,0.000183,0.000427,0.003419,0.015018,3.704416,3.293330,1.798289,1.104761,0.614651,1.104394,0.800732,0.879731,3.304942,3.299447,0.797655,4.911100,4.917800,0.004274
69.510054,1,0.002928,0.222512,0.154197,0.000000,0.000000,0.179571,0.283020,1.062670,0.000061,0.000427,0.003358,0.015263,3.711840,3.293330,1.797312,1.104028,0.604761,1.104761,0.799633,0.879462,3.304026,3.300363,0.796776,4.897700,4.899040,0.004274
69.540054,1,0.000976,0.219584,0.154197,0.000000,0.000000,0.180547,0.283020,1.660980,0.000122,0.000549,0.003480,0.015629,3.711840,3.307249,1.798777,1.104761,0.602197,1.104761,0.799633,0.879193,3.304942,3.299447,0.797655,4.909760,4.920480,0.004274
69.570054,1,0.000000,0.222512,0.153221,0.000000,0.000000,0.191282,0.283996,1.062670,0.000183,0.000427,0.003419,0.015385,3.711840,3.289618,1.797312,1.107691,0.612454,1.102929,0.800732,0.879462,3.305857,3.298531,0.796776,4.896360,4.904400,0.003419
69.600053,1,0.000000,0.220560,0.153221,0.000000,0.000000,0.191282,0.283996,2.786160,0.000122,0.000549,0.003419,0.015629,3.719264,3.293330,1.796824,1.101464,0.602197,1.104028,0.799633,0.879731,3.305857,3.300363,0.797362,4.896360,4.886980,0.004274
69.630054,1,0.000000,0.221536,0.153221,0.000000,0.000000,0.191282,0.284972,1.062670,0.000244,0.000488,0.003358,0.015385,3.711840,3.301682,1.798777,1.107691,0.613552,1.104761,0.801831,0.879193,3.304942,3.297616,0.797362,4.909760,4.920480,0.003419
69.660054,1,0.000000,0.220560,0.163956,0.000000,0.000000,0.202017,0.283996,1.062670,0.000183,0.000427,0.003419,0.015263,3.711840,3.293330,1.797312,1.103296,0.604395,1.104761,0.801098,0.879462,3.303110,3.299447,0.797655,4.886980,4.904400,0.004274
69.690054,1,0.000000,0.218608,0.153221,0.000000,0.000000,0.181523,0.283020,1.553820,0.000183,0.000427,0.003419,0.015507,3.710912,3.295186,1.798289,1.101464,0.602564,1.102929,0.800732,0.879193,3.303110,3.300363,0.797069,4.876260,4.904400,0.004274
69.720054,1,0.000000,0.218608,0.151269,0.000000,0.000000,0.179571,0.282044,1.071600,0.000122,0.000549,0.003480,0.015385,3.710912,3.301682,1.797312,1.103296,0.613919,1.104394,0.800732,0.879193,3.303110,3.298531,0.797069,4.911100,4.920480,0.003419
69.750053,1,0.000000,0.220560,0.155173,0.000000,0.000000,0.178595,0.283020,2.473610,0.000183,0.000427,0.003419,0.015263,3.700704,3.293330,1.797312,1.101464,0.614651,1.102929,0.801831,0.879193,3.304942,3.299447,0.797655,4.895020,4.903060,0.003419
69.780054,1,0.000000,0.218608,0.157125,0.000000,0.002451,0.180547,0.283996,1.562750,0.000061,0.000549,0.003358,0.015385,3.719264,3.299826,1.798777,1.101464,0.601831,1.104761,0.801831,0.879462,3.304942,3.298531,0.797655,4.881620,4.900380,0.004274
69.810054,1,0.000000,0.220560,0.155173,0.000000,0.000000,0.179571,0.282044,1.053740,0.000183,0.000427,0.003297,0.015385,3.711840,3.311889,1.797312,1.107691,0.613919,1.099999,0.800732,0.879193,3.303110,3.299447,0.797362,4.907080,4.913780,0.004274
69.840054,1,0.000000,0.229344,0.153221,0.000000,0.000000,0.180547,0.283020,2.482540,0.000244,0.000549,0.003419,0.015140,3.711840,3.303538,1.798289,1.107691,0.615018,1.102929,0.799633,0.879999,3.304026,3.297616,0.797362,4.896360,4.888320,0.004274
69.870054,1,0.000976,0.228368,0.152245,0.000000,0.000000,0.182499,0.284972,2.205710,0.000061,0.000549,0.003419,0.016117,3.699776,3.299826,1.797800,1.107691,0.600732,1.104761,0.799633,0.879193,3.304942,3.299447,0.797948,4.893680,4.920480,0.004274
69.900054,1,0.000000,0.227392,0.153221,0.000000,0.000000,0.179571,0.283996,1.071600,0.000183,0.000427,0.003480,0.015629,3.704416,3.289618,1.797312,1.107691,0.615018,1.098534,0.798900,0.879193,3.304942,3.297616,0.797948,4.905740,4.920480,0.004274
69.930054,1,0.000000,0.230320,0.155173,0.000000,0.000000,0.178595,0.285948,1.821720,0.000183,0.000672,0.003358,0.015263,3.711840,3.291474,1.797312,1.101464,0.611721,1.101098,0.802930,0.879193,3.305857,3.298531,0.797655,4.886980,4.885640,0.004274
69.960053,1,0.000000,0.226416,0.152245,0.000000,0.000000,0.181523,0.283996,2.187850,0.000061,0.000549,0.003419,0.015140,3.711840,3.292402,1.797800,1.107325,0.602930,1.104761,0.801098,0.879193,3.304942,3.299447,0.797655,4.905740,4.920480,0.004274
69.990054,1,0.000000,0.222512,0.151269,0.000000,0.000000,0.180547,0.283020,1.080530,0.000183,0.000427,0.003419,0.015263,3.700704,3.298898,1.798289,1.107691,0.615018,1.105494,0.801831,0.879731,3.303110,3.299447,0.797655,4.911100,4.899040,0.004274
70.020055,1,0.000000,0.218608,0.152245,0.000000,0.000000,0.178595,0.282044,1.821720,0.000122,0.000488,0.003419,0.015140,3.696993,3.293330,1.797312,1.101464,0.605494,1.105127,0.799633,0.879731,3.305857,3.298531,0.797362,4.877600,4.911100,0.004274
70.050055,1,0.000000,0.217632,0.156149,0.000000,0.000000,0.179571,0.284972,2.089620,0.000183,0.000427,0.003297,0.015263,3.711840,3.298898,1.797800,1.103296,0.601098,1.100732,0.802930,0.879462,3.304942,3.300363,0.797362,4.911100,4.920480,0.003419
70.080053,1,0.000000,0.219584,0.153221,0.000000,0.000000,0.190306,0.283996,1.071600,0.000183,0.000427,0.003419,0.015018,3.704416,3.292402,1.797312,1.109156,0.612087,1.104761,0.800732,0.879999,3.304026,3.299447,0.797362,4.893680,4.881620,0.004274
70.110054,1,0.000000,0.218608,0.152245,0.000000,0.000000,0.191282,0.282044,1.803860,0.000183,0.000427,0.003419,0.015629,3.711840,3.299826,1.797800,1.110622,0.605494,1.102929,0.801098,0.879462,3.304942,3.299447,0.797362,4.904400,4.912440,0.004274
70.140054,1,0.000000,0.245934,0.155173,0.000000,0.000000,0.192258,0.283020,1.062670,0.000061,0.000549,0.003297,0.015263,3.703488,3.294258,1.798289,1.101464,0.612454,1.102929,0.801831,0.879999,3.304026,3.299447,0.797655,4.909760,4.920480,0.003419
70.170054,1,0.000000,0.221536,0.153221,0.000000,0.000000,0.192258,0.283020,1.053740,0.000061,0.000549,0.003297,0.015140,3.701632,3.299826,1.798289,1.103296,0.604029,1.102929,0.801464,0.879462,3.304942,3.298531,0.797655,4.881620,4.905740,0.003419
70.200054,1,0.000000,0.221536,0.153221,0.000000,0.000000,0.202017,0.281068,2.161060,0.000061,0.000427,0.003358,0.015629,3.710912,3.327664,1.796824,1.101464,0.600732,1.102929,0.800365,0.879731,3.305857,3.300363,0.796776,4.897700,4.892340,0.004274
70.230054,1,0.000000,0.222512,0.152245,0.000000,0.000000,0.179571,0.284972,1.062670,0.000061,0.000427,0.003358,0.015263,3.711840,3.293330,1.798289,1.104394,0.615750,1.104028,0.799633,0.879462,3.304026,3.300363,0.797362,4.908420,4.921820,0.003419
70.260054,1,0.000000,0.221536,0.155173,0.000000,0.000000,0.179571,0.284972,2.223570,0.000122,0.000549,0.003419,0.015140,3.711840,3.307249,1.796824,1.102929,0.604761,1.100732,0.801831,0.879999,3.307689,3.299447,0.796776,4.896360,4.904400,0.004274
70.290054,1,0.000000,0.220560,0.154197,0.000000,0.000000,0.182499,0.283996,1.062670,0.000061,0.000549,0.003297,0.015385,3.700704,3.307249,1.797800,1.107691,0.615018,1.100732,0.801831,0.879193,3.303110,3.300363,0.797069,4.909760,4.920480,0.004274
70.320054,1,0.000000,0.219584,0.153221,0.000000,0.000000,0.181523,0.282044,1.544890,0.000183,0.000427,0.003358,0.015385,3.704416,3.301682,1.796824,1.101464,0.605860,1.101464,0.801098,0.879999,3.304942,3.299447,0.797362,4.885640,4.903060,0.003419
70.350054,1,0.000000,0.225440,0.154197,0.000000,0.000000,0.179571,0.283996,1.875300,0.000122,0.000549,0.003419,0.015507,3.697920,3.293330,1.798289,1.101464,0.609889,1.102929,0.801098,0.879999,3.304026,3.299447,0.796776,4.885640,4.920480,0.003419
70.380054,1,0.000000,0.227392,0.154197,0.000000,0.000000,0.179571,0.283996,1.080530,0.000061,0.000672,0.003358,0.015385,3.704416,3.291474,1.798289,1.102929,0.615018,1.104028,0.801831,0.879999,3.304942,3.299447,0.797948,4.907080,4.920480,0.004274
70.410054,1,0.000000,0.227392,0.155173,0.006832,0.000000,0.179571,0.283020,1.553820,0.000183,0.000427,0.003358,0.015140,3.697920,3.291474,1.798289,1.101464,0.603662,1.104761,0.801831,0.879999,3.304942,3.298531,0.797948,4.899040,4.903060,0.004274
70.440055,1,0.000000,0.227392,0.152245,0.000000,0.000000,0.178595,0.279116,1.830650,0.000183,0.000672,0.003419,0.015629,3.700704,3.301682,1.796824,1.110622,0.612454,1.102929,0.801098,0.879193,3.305857,3.298531,0.797362,4.909760,4.920480,0.004274
70.470053,1,0.000000,0.230320,0.153221,0.000000,0.000000,0.180547,0.282044,1.053740,0.000122,0.000549,0.003419,0.015263,3.719264,3.299826,1.798777,1.107691,0.613552,1.102929,0.800732,0.879462,3.304026,3.298531,0.796776,4.909760,4.885640,0.004274
70.500053,1,0.000000,0.218608,0.152245,0.000000,0.000000,0.179571,0.285948,2.205710,0.000183,0.000427,0.003358,0.015018,3.696064,3.295186,1.797312,1.103296,0.600366,1.104394,0.800365,0.879462,3.303110,3.298531,0.797655,4.892340,4.909760,0.004274
70.530054,1,0.000000,0.221536,0.154197,0.000000,0.000000,0.179571,0.281068,1.786000,0.000244,0.000549,0.003419,0.015385,3.711840,3.293330,1.798289,1.104028,0.611721,1.100732,0.801831,0.878925,3.304026,3.299447,0.797948,4.909760,4.920480,0.004274
70.560054,1,0.002928,0.219584,0.153221,0.000000,0.000000,0.180547,0.282044,1.053740,0.000244,0.000549,0.003358,0.015018,3.699776,3.298898,1.797800,1.101464,0.606959,1.101464,0.802930,0.879731,3.304026,3.300363,0.797362,4.886980,4.881620,0.003419
70.590056,1,0.000976,0.220560,0.154197,0.000000,0.000000,0.176643,0.283020,2.321800,0.000122,0.000549,0.003419,0.015507,3.719264,3.295186,1.798289,1.101830,0.601098,1.106226,0.800732,0.879193,3.303110,3.299447,0.797655,4.886980,4.893680,0.004274
70.620054,1,0.000000,0.219584,0.151269,0.000000,0.000000,0.181523,0.281068,1.062670,0.000183,0.000427,0.003358,0.015629,3.701632,3.301682,1.797800,1.107691,0.615018,1.106226,0.799633,0.879462,3.304942,3.299447,0.797655,4.909760,4.904400,0.004274
70.650054,1,0.000976,0.219584,0.152245,0.000000,0.000000,0.179571,0.282044,1.893160,0.000244,0.000549,0.003419,0.015263,3.704416,3.294258,1.798289,1.107691,0.602930,1.104761,0.800732,0.879462,3.304026,3.299447,0.796776,4.897700,4.886980,0.003419
70.680055,1,0.002928,0.221536,0.153221,0.000000,0.000000,0.181523,0.283020,1.857440,0.000183,0.000427,0.003419,0.015385,3.703488,3.307249,1.797800,1.101464,0.603662,1.104028,0.803296,0.879999,3.304942,3.297616,0.796776,4.907080,4.919140,0.003419
70.710054,1,0.000000,0.221536,0.154197,0.000000,0.000000,0.178595,0.283996,1.062670,0.000244,0.000733,0.003114,0.015263,3.700704,3.327664,1.796824,1.101830,0.615384,1.106226,0.801098,0.879193,3.304942,3.299447,0.797655,4.909760,4.905740,0.004274
70.740054,1,0.000000,0.219584,0.161028,0.000000,0.000000,0.179571,0.283996,1.875300,0.000183,0.000427,0.003297,0.015507,3.710912,3.301682,1.796824,1.107691,0.605494,1.104761,0.799633,0.879731,3.305857,3.298531,0.796776,4.886980,4.899040,0.004274
70.770055,1,0.000000,0.218608,0.154197,0.000000,0.000000,0.178595,0.282044,1.777070,0.000244,0.000549,0.003419,0.015263,3.726687,3.299826,1.798289,1.110622,0.610622,1.105127,0.799267,0.879462,3.304942,3.299447,0.797655,4.909760,4.908420,0.004274
70.800054,1,0.000000,0.217632,0.153221,0.000000,0.000000,0.180547,0.280092,1.053740,0.000122,0.000549,0.003419,0.015629,3.699776,3.294258,1.797800,1.106959,0.601831,1.100732,0.801098,0.879462,3.303110,3.300363,0.797362,4.896360,4.904400,0.004274
70.830053,1,0.000976,0.221536,0.155173,0.000000,0.000000,0.180547,0.282044,2.804020,0.000183,0.000427,0.003419,0.015140,3.722976,3.299826,1.798289,1.107325,0.606227,1.101098,0.800732,0.879462,3.304942,3.299447,0.797655,4.885640,4.901720,0.003419
70.860054,1,0.000000,0.219584,0.154197,0.000000,0.000000,0.181523,0.283020,1.080530,0.000244,0.000549,0.003358,0.015140,3.699776,3.301682,1.797800,1.101830,0.612820,1.102929,0.801464,0.879193,3.303110,3.299447,0.797655,4.911100,4.920480,0.004274
70.890054,1,0.000000,0.219584,0.153221,0.000000,0.000000,0.180547,0.283020,1.062670,0.000244,0.000549,0.003419,0.015385,3.726687,3.298898,1.796824,1.102197,0.605494,1.104028,0.800732,0.879193,3.304942,3.299447,0.797655,4.892340,4.905740,0.004274
70.920054,1,0.000000,0.220560,0.156149,0.000000,0.000000,0.180547,0.284972,1.562750,0.000244,0.000488,0.003358,0.015507,3.711840,3.301682,1.794870,1.104761,0.600732,1.102929,0.800732,0.879731,3.303110,3.299447,0.797362,4.886980,4.909760,0.004274
70.950054,1,0.000976,0.218608,0.153221,0.000000,0.000000,0.181523,0.283020,1.071600,0.000122,0.000549,0.003419,0.016117,3.704416,3.307249,1.798289,1.103296,0.614285,1.100732,0.802930,0.879999,3.305857,3.300363,0.796776,4.909760,4.920480,0.003419
70.980053,1,0.000000,0.221536,0.153221,0.000000,0.009314,0.179571,0.283020,1.571680,0.000183,0.000427,0.003419,0.016117,3.715552,3.295186,1.798289,1.102563,0.611355,1.102929,0.801464,0.879462,3.304026,3.299447,0.797362,4.896360,4.897700,0.003419
71.010053,1,0.000000,0.219584,0.153221,0.000000,0.000000,0.181523,0.283996,1.571680,0.000061,0.000549,0.003358,0.015507,3.696064,3.301682,1.797312,1.107691,0.602197,1.102197,0.801831,0.879193,3.304942,3.299447,0.797655,4.877600,4.903060,0.004274
71.040055,1,0.000000,0.220560,0.153221,0.000000,0.000000,0.180547,0.283996,1.062670,0.000183,0.000427,0.003358,0.015385,3.711840,3.294258,1.798289,1.107691,0.615750,1.104761,0.802930,0.879462,3.304942,3.298531,0.797362,4.907080,4.917800,0.004274
71.070054,1,0.000000,0.220560,0.152245,0.000000,0.000000,0.179571,0.342551,1.768140,0.000183,0.000549,0.003297,0.015385,3.697920,3.301682,1.798289,1.104394,0.614285,1.101830,0.801831,0.879193,3.303110,3.299447,0.797655,4.892340,4.892340,0.004274
71.100054,1,0.001952,0.222512,0.155173,0.023422,0.000000,0.181523,0.283020,1.571680,0.000183,0.000549,0.003297,0.015507,3.719264,3.301682,1.797312,1.107691,0.600366,1.104028,0.800732,0.879999,3.304026,3.299447,0.797362,4.899040,4.920480,0.003419
71.130054,1,0.000000,0.221536,0.152245,0.000000,0.000000,0.180547,0.284972,1.071600,0.000183,0.000427,0.003419,0.015385,3.703488,3.299826,1.798777,1.107691,0.614285,1.101098,0.799633,0.879462,3.304026,3.300363,0.797362,4.907080,4.905740,0.004274
71.160054,1,0.000000,0.220560,0.153221,0.000000,0.000000,0.181523,0.282044,1.848510,0.000183,0.000427,0.003358,0.015263,3.711840,3.301682,1.796824,1.104761,0.612820,1.100732,0.799633,0.879731,3.305857,3.298531,0.796776,4.892340,4.881620,0.004274
71.190054,1,0.000000,0.220560,0.155173,0.000000,0.000000,0.179571,0.285948,2.214640,0.000122,0.000549,0.003358,0.015263,3.719264,3.301682,1.794870,1.102929,0.604029,1.102197,0.801831,0.879731,3.304942,3.298531,0.797069,4.912440,4.915120,0.004274
71.220054,1,0.000000,0.218608,0.152245,0.000000,0.000000,0.179571,0.283996,1.062670,0.000244,0.000549,0.003419,0.015385,3.726687,3.299826,1.798289,1.101464,0.614651,1.102929,0.800732,0.879462,3.305857,3.298531,0.796776,4.876260,4.903060,0.003419
71.250055,1,0.000000,0.283020,0.153221,0.000000,0.000000,0.180547,0.283020,1.821720,0.000061,0.000549,0.003358,0.015385,3.700704,3.301682,1.796824,1.110622,0.605860,1.104028,0.800732,0.879731,3.303110,3.299447,0.797069,4.870900,4.909760,0.004274
71.280055,1,0.000976,0.218608,0.155173,0.000000,0.000000,0.177619,0.284972,2.152130,0.000183,0.000427,0.003297,0.014774,3.711840,3.301682,1.796824,1.107691,0.613919,1.101098,0.800732,0.879193,3.304942,3.298531,0.797655,4.904400,4.919140,0.004274
71.310054,1,0.000000,0.220560,0.154197,0.000000,0.000000,0.180547,0.285948,1.062670,0.000061,0.000427,0.003419,0.015629,3.696064,3.295186,1.798289,1.103296,0.600366,1.104028,0.800732,0.879731,3.304026,3.300363,0.797362,4.888320,4.886980,0.003419
71.340054,1,0.000000,0.220560,0.153221,0.000000,0.000000,0.180547,0.284972,1.803860,0.000122,0.000488,0.003358,0.015140,3.719264,3.298898,1.798289,1.109156,0.605128,1.101098,0.799633,0.879462,3.306773,3.299447,0.797655,4.900380,4.896360,0.004274
71.370055,1,0.000000,0.228368,0.153221,0.000000,0.000000,0.181523,0.283020,1.062670,0.000122,0.000549,0.003358,0.015629,3.697920,3.301682,1.796824,1.101464,0.614285,1.104761,0.799633,0.879462,3.305857,3.298531,0.797362,4.903060,4.920480,0.004274
71.400054,1,0.000000,0.227392,0.153221,0.022446,0.000000,0.181523,0.282044,2.071760,0.000183,0.000427,0.003419,0.015385,3.700704,3.301682,1.797800,1.104394,0.605494,1.101098,0.801831,0.879462,3.307689,3.299447,0.797362,4.882960,4.904400,0.003419
71.430054,1,0.000000,0.217632,0.154197,0.000000,0.000000,0.179571,0.284972,2.187850,0.000183,0.000427,0.003419,0.015140,3.710912,3.298898,1.796335,1.109156,0.613186,1.102563,0.801464,0.879193,3.304942,3.299447,0.797655,4.909760,4.920480,0.003419
71.460054,1,0.000000,0.218608,0.152245,0.000000,0.000000,0.179571,0.283020,2.768300,0.000183,0.000427,0.003419,0.015140,3.711840,3.298898,1.797800,1.101464,0.600366,1.102929,0.802930,0.879193,3.304026,3.299447,0.797655,4.884300,4.899040,0.004274
71.490054,1,0.000000,0.219584,0.154197,0.000000,0.000000,0.181523,0.283020,1.571680,0.000183,0.000427,0.003419,0.015385,3.719264,3.301682,1.798289,1.104761,0.613552,1.102929,0.801831,0.879462,3.304026,3.299447,0.797948,4.896360,4.893680,0.004274
71.520054,1,0.000000,0.221536,0.155173,0.000000,0.000000,0.181523,0.283996,1.080530,0.000183,0.000427,0.003358,0.015263,3.697920,3.301682,1.797800,1.104761,0.613552,1.102929,0.803296,0.879731,3.303110,3.300363,0.797362,4.912440,4.920480,0.003419
71.550054,1,0.000000,0.219584,0.155173,0.000000,0.000000,0.190306,0.283020,1.562750,0.000122,0.000549,0.003419,0.015385,3.703488,3.294258,1.797800,1.101464,0.604029,1.102929,0.799633,0.879462,3.304942,3.298531,0.797362,4.891000,4.909760,0.004274
71.580054,1,0.000976,0.221536,0.154197,0.000000,0.000000,0.193234,0.283020,2.491470,0.000122,0.000549,0.003419,0.015018,3.715552,3.307249,1.798289,1.102197,0.614651,1.104761,0.800732,0.879462,3.304026,3.300363,0.797362,4.893680,4.920480,0.004274
71.610054,1,0.000000,0.218608,0.154197,0.000000,0.000000,0.190306,0.283996,1.071600,0.000183,0.000427,0.003419,0.015629,3.711840,3.293330,1.798289,1.107691,0.614285,1.102929,0.801831,0.879731,3.305857,3.300363,0.796776,4.912440,4.920480,0.004274
71.640054,1,0.002928,0.219584,0.153221,0.000000,0.000000,0.202017,0.283020,1.562750,0.000183,0.000427,0.003358,0.015140,3.696064,3.298898,1.796824,1.104761,0.600366,1.100732,0.800732,0.879462,3.303110,3.298531,0.796776,4.880280,4.909760,0.004274
71.670054,1,0.000000,0.224464,0.152245,0.000000,0.000000,0.200066,0.283020,1.848510,0.000183,0.000672,0.003297,0.015507,3.704416,3.301682,1.798289,1.107691,0.604761,1.099999,0.802930,0.879462,3.304026,3.300363,0.797362,4.908420,4.919140,0.003419
71.700054,1,0.000000,0.220560,0.154197,0.000000,0.000000,0.179571,0.283020,1.062670,0.000183,0.000427,0.003419,0.015140,3.711840,3.293330,1.797800,1.104028,0.614651,1.100732,0.801831,0.879999,3.304942,3.298531,0.796776,4.907080,4.904400,0.004274
71.730054,1,0.000000,0.226416,0.151269,0.000000,0.003922,0.181523,0.283020,1.562750,0.000061,0.000549,0.003419,0.015385,3.711840,3.292402,1.798289,1.107691,0.618314,1.100732,0.800365,0.879462,3.303110,3.299447,0.797655,4.884300,4.904400,0.004274
71.760054,1,0.000976,0.219584,0.153221,0.000000,0.000000,0.180547,0.283020,1.062670,0.000061,0.000549,0.003236,0.015018,3.699776,3.299826,1.797312,1.104761,0.613919,1.104394,0.802930,0.879193,3.304942,3.299447,0.797655,4.911100,4.920480,0.003419
71.790053,1,0.000000,0.222512,0.151269,0.000000,0.000000,0.180547,0.283020,1.794930,0.000183,0.000427,0.003419,0.015385,3.711840,3.298898,1.796824,1.103296,0.603296,1.104394,0.801464,0.879999,3.304942,3.299447,0.797362,4.899040,4.907080,0.004274
71.820055,1,0.000976,0.229344,0.152245,0.000000,0.000000,0.180547,0.285948,2.107480,0.000183,0.000427,0.003419,0.015385,3.697920,3.311889,1.796824,1.109156,0.610622,1.104761,0.801831,0.879193,3.303110,3.299447,0.796776,4.911100,4.920480,0.003419
71.850054,1,0.000000,0.225440,0.188355,0.000000,0.000000,0.180547,0.282044,1.053740,0.000183,0.000672,0.003236,0.015140,3.701632,3.301682,1.797800,1.110622,0.616849,1.102929,0.800732,0.879462,3.305857,3.299447,0.797655,4.911100,4.897700,0.003419
71.880054,1,0.000000,0.289851,0.154197,0.000000,0.000000,0.180547,0.284972,1.866370,0.000061,0.000549,0.003297,0.015385,3.713696,3.298898,1.796824,1.101464,0.599633,1.104761,0.800365,0.879193,3.303110,3.299447,0.797655,4.900380,4.892340,0.004274
71.910055,1,0.000000,0.228368,0.153221,0.000000,0.000000,0.178595,0.283996,2.428960,0.000183,0.000427,0.003419,0.015629,3.711840,3.301682,1.797800,1.107691,0.606227,1.101098,0.799633,0.879999,3.304942,3.299447,0.797362,4.907080,4.919140,0.003419
71.940054,1,0.000000,0.226416,0.154197,0.000000,0.000000,0.180547,0.283996,1.062670,0.000244,0.000733,0.003419,0.015385,3.700704,3.298898,1.796824,1.110622,0.600732,1.102929,0.800732,0.879193,3.304942,3.300363,0.797655,4.881620,4.904400,0.004274
71.970054,1,0.000976,0.220560,0.154197,0.000000,0.000000,0.180547,0.283020,2.321800,0.000244,0.000549,0.003419,0.015507,3.696064,3.307249,1.798289,1.101830,0.604029,1.102563,0.799633,0.879462,3.304026,3.298531,0.797948,4.899040,4.896360,0.004274
72.000054,1,0.000000,0.225440,0.153221,0.000000,0.000000,0.179571,0.282044,1.786000,0.000183,0.000549,0.003358,0.015629,3.697920,3.301682,1.796824,1.102563,0.615750,1.103296,0.800732,0.879193,3.305857,3.298531,0.797069,4.909760,4.920480,0.004274
72.030054,1,0.000000,0.218608,0.154197,0.000000,0.000000,0.181523,0.282044,1.062670,0.000122,0.000549,0.003419,0.015385,3.699776,3.327664,1.796824,1.109156,0.604395,1.102929,0.800732,0.879731,3.303110,3.299447,0.797655,4.895020,4.907080,0.003419
72.060054,1,0.000000,0.220560,0.154197,0.000000,0.000000,0.191282,0.283020,2.768300,0.000061,0.000549,0.003358,0.014774,3.711840,3.298898,1.798289,1.107325,0.606593,1.099999,0.801831,0.879193,3.303110,3.299447,0.797655,4.881620,4.899040,0.004274
72.090055,1,0.000000,0.218608,0.153221,0.000000,0.000000,0.191282,0.283020,1.071600,0.000183,0.000672,0.003358,0.015263,3.699776,3.301682,1.796824,1.101830,0.613919,1.100732,0.803296,0.879193,3.305857,3.300363,0.797362,4.908420,4.920480,0.004274
72.120053,1,0.000000,0.219584,0.153221,0.000000,0.000000,0.193234,0.285948,1.071600,0.000977,0.000549,0.003358,0.015263,3.711840,3.301682,1.796824,1.107325,0.600366,1.100365,0.800732,0.879731,3.305857,3.300363,0.797362,4.896360,4.904400,0.004274
72.150054,1,0.000976,0.222512,0.152245,0.000000,0.000000,0.191282,0.282044,2.786160,0.000183,0.000427,0.003358,0.015263,3.711840,3.301682,1.797800,1.101830,0.601465,1.099999,0.802930,0.879731,3.304026,3.300363,0.797362,4.896360,4.886980,0.004274
72.180054,1,0.000000,0.220560,0.153221,0.000000,0.000000,0.202017,0.283020,1.062670,0.000183,0.000549,0.003236,0.015385,3.697920,3.301682,1.796824,1.102929,0.615750,1.101098,0.799267,0.879999,3.304942,3.299447,0.797948,4.907080,4.919140,0.004274
72.210054,1,0.000000,0.222512,0.155173,0.000976,0.000000,0.182499,0.283020,1.071600,0.000183,0.000427,0.003419,0.015263,3.719264,3.292402,1.798289,1.102197,0.599999,1.104761,0.800365,0.879731,3.304942,3.298531,0.797655,4.892340,4.904400,0.004274
72.240053,1,0.000976,0.221536,0.153221,0.000000,0.000000,0.180547,0.282044,1.553820,0.000183,0.000977,0.003419,0.015629,3.701632,3.301682,1.797312,1.107691,0.602930,1.102929,0.800732,0.879999,3.304942,3.299447,0.797948,4.888320,4.899040,0.004274
72.270054,1,0.000000,0.214705,0.153221,0.000000,0.000000,0.179571,0.282044,1.053740,0.000122,0.000549,0.003419,0.015018,3.699776,3.298898,1.796824,1.104761,0.616117,1.104761,0.800732,0.879193,3.305857,3.299447,0.797362,4.909760,4.917800,0.004274
72.300053,1,0.000000,0.222512,0.152245,0.000000,0.000000,0.180547,0.282044,2.482540,0.000244,0.000549,0.003419,0.015018,3.704416,3.325809,1.797800,1.101464,0.612454,1.104761,0.801098,0.879193,3.304942,3.299447,0.797655,4.892340,4.899040,0.004274
72.330054,1,0.000000,0.227392,0.153221,0.000000,0.000000,0.179571,0.283996,1.571680,0.000244,0.000549,0.003419,0.015385,3.708128,3.307249,1.798289,1.107325,0.602564,1.100732,0.801464,0.879462,3.304026,3.300363,0.797362,4.908420,4.920480,0.003419
72.360054,1,0.000000,0.288875,0.153221,0.000000,0.000000,0.179571,0.283020,1.071600,0.000122,0.000549,0.003419,0.015263,3.704416,3.307249,1.797312,1.107691,0.614285,1.100732,0.802930,0.879462,3.304026,3.300363,0.797362,4.909760,4.903060,0.004274
72.390055,1,0.000976,0.225440,0.154197,0.000000,0.000000,0.180547,0.282044,1.830650,0.000122,0.000549,0.003419,0.015018,3.711840,3.327664,1.796824,1.109156,0.611721,1.104761,0.800732,0.879193,3.304942,3.299447,0.797362,4.893680,4.881620,0.004274
72.420054,1,0.000000,0.227392,0.153221,0.000000,0.000000,0.180547,0.287899,2.214640,0.000244,0.000488,0.003480,0.015018,3.704416,3.291474,1.798289,1.107691,0.608058,1.104394,0.801098,0.879999,3.304026,3.299447,0.797362,4.907080,4.919140,0.004274
72.450054,1,0.000000,0.231295,0.155173,0.000000,0.000000,0.181523,0.284972,1.062670,0.000183,0.000427,0.003480,0.015263,3.711840,3.291474,1.796824,1.109156,0.602564,1.100732,0.800732,0.879193,3.304942,3.297616,0.796776,4.896360,4.900380,0.004274
72.480054,1,0.000000,0.222512,0.152245,0.000000,0.000000,0.178595,0.284972,1.803860,0.000183,0.000427,0.003419,0.015140,3.726687,3.299826,1.798289,1.101464,0.607325,1.101098,0.799633,0.879462,3.304942,3.299447,0.797655,4.877600,4.907080,0.004274
72.510055,1,0.000000,0.223488,0.153221,0.000000,0.000000,0.180547,0.283020,1.062670,0.000122,0.000549,0.003419,0.015507,3.704416,3.293330,1.797312,1.102563,0.611721,1.104761,0.799267,0.878925,3.304942,3.299447,0.797948,4.909760,4.919140,0.003419
72.540053,1,0.000976,0.220560,0.152245,0.000000,0.000000,0.180547,0.283020,1.062670,0.000244,0.000549,0.003419,0.015751,3.703488,3.292402,1.798289,1.107691,0.614285,1.104394,0.801464,0.879462,3.304942,3.300363,0.796776,4.893680,4.886980,0.004274
72.570054,1,0.000000,0.221536,0.154197,0.000000,0.000000,0.181523,0.283996,1.812790,0.000122,0.000549,0.003419,0.015018,3.711840,3.294258,1.796824,1.107691,0.608058,1.100732,0.801464,0.879193,3.305857,3.298531,0.797069,4.912440,4.921820,0.003419
72.600053,1,0.000000,0.219584,0.155173,0.000000,0.000000,0.180547,0.284972,1.062670,0.000183,0.000427,0.003297,0.015263,3.722976,3.301682,1.796824,1.107691,0.601098,1.101464,0.802930,0.879731,3.303110,3.300363,0.797655,4.891000,4.899040,0.003419
72.630055,1,0.000000,0.220560,0.154197,0.000000,0.000000,0.180547,0.283996,1.777070,0.000183,0.000427,0.003419,0.015263,3.703488,3.293330,1.797312,1.108424,0.602564,1.102929,0.800732,0.879462,3.304026,3.300363,0.797362,4.896360,4.904400,0.003419
72.660054,1,0.000000,0.217632,0.154197,0.000000,0.000000,0.180547,0.283996,1.062670,0.000183,0.000977,0.003419,0.015629,3.711840,3.299826,1.797800,1.107691,0.614285,1.104761,0.799633,0.879462,3.304026,3.300363,0.796776,4.908420,4.919140,0.004274
72.690054,1,0.000000,0.222512,0.154197,0.000000,0.000000,0.180547,0.283996,2.464680,0.000061,0.000672,0.003480,0.015629,3.710912,3.295186,1.797312,1.107691,0.602930,1.101098,0.802930,0.879731,3.305857,3.299447,0.797655,4.891000,4.897700,0.003419
72.720054,1,0.000000,0.218608,0.156149,0.000000,0.000000,0.180547,0.283996,1.875300,0.000122,0.000549,0.003358,0.014896,3.699776,3.327664,1.796824,1.103296,0.604029,1.104394,0.800732,0.879193,3.306773,3.299447,0.797655,4.892340,4.904400,0.004274
72.750053,1,0.000000,0.223488,0.153221,0.000000,0.000000,0.180547,0.283020,1.062670,0.000183,0.000672,0.003297,0.015507,3.701632,3.299826,1.796824,1.110622,0.613919,1.101464,0.802930,0.879999,3.304942,3.299447,0.797362,4.907080,4.923160,0.003419
72.780054,1,0.000000,0.219584,0.155173,0.000000,0.000000,0.179571,0.283996,2.812950,0.000183,0.000672,0.003297,0.015629,3.711840,3.301682,1.797800,1.104761,0.600732,1.100732,0.800732,0.879731,3.305857,3.300363,0.797362,4.892340,4.909760,0.003419
72.810054,1,0.000000,0.222512,0.153221,0.000000,0.000000,0.180547,0.282044,2.500400,0.000122,0.000549,0.003419,0.015140,3.719264,3.292402,1.798289,1.107691,0.614285,1.104761,0.799633,0.879462,3.304026,3.299447,0.797362,4.893680,4.919140,0.003419
72.840053,1,0.000000,0.222512,0.156149,0.000000,0.000000,0.180547,0.283996,1.071600,0.000122,0.000549,0.003419,0.015018,3.711840,3.294258,1.798289,1.101464,0.614651,1.102929,0.799633,0.879193,3.304942,3.299447,0.797948,4.909760,4.920480,0.004274
72.870054,1,0.000000,0.221536,0.155173,0.000000,0.000000,0.180547,0.284972,1.562750,0.000061,0.000549,0.003358,0.015507,3.704416,3.301682,1.797312,1.101464,0.601831,1.102929,0.801831,0.879999,3.304942,3.299447,0.797655,4.889660,4.892340,0.003419
72.900053,1,0.000000,0.221536,0.152245,0.000000,0.000000,0.179571,0.282044,2.509330,0.000244,0.000549,0.003358,0.015385,3.713696,3.298898,1.796824,1.109156,0.612087,1.104761,0.801464,0.879731,3.304942,3.299447,0.797948,4.909760,4.921820,0.003419
72.930054,1,0.000000,0.222512,0.154197,0.000000,0.000000,0.180547,0.284972,1.803860,0.000061,0.000549,0.003419,0.015140,3.711840,3.307249,1.797312,1.104394,0.604395,1.100732,0.801098,0.879999,3.305857,3.299447,0.797655,4.881620,4.909760,0.004274
72.960055,1,0.000976,0.217632,0.183475,0.000000,0.000000,0.180547,0.283996,2.187850,0.000061,0.000672,0.003297,0.015263,3.710912,3.301682,1.797800,1.101830,0.602564,1.104761,0.799633,0.879193,3.303110,3.299447,0.797655,4.895020,4.920480,0.003419
72.990054,1,0.000976,0.219584,0.153221,0.000000,0.000000,0.180547,0.283020,1.071600,0.000061,0.000427,0.003419,0.015629,3.711840,3.295186,1.797312,1.101830,0.613186,1.104394,0.801831,0.879462,3.305857,3.299447,0.797362,4.911100,4.921820,0.003419
73.020054,1,0.000976,0.221536,0.153221,0.000000,0.000000,0.179571,0.283020,1.803860,0.000122,0.000549,0.003358,0.015018,3.719264,3.301682,1.796824,1.104761,0.604761,1.101464,0.800365,0.879462,3.304942,3.300363,0.797362,4.899040,4.911100,0.003419
73.050054,1,0.000000,0.220560,0.154197,0.000000,0.000000,0.179571,0.293755,2.062830,0.000061,0.000427,0.003358,0.016117,3.710912,3.301682,1.797312,1.104394,0.609157,1.104394,0.800732,0.879193,3.304942,3.299447,0.797655,4.911100,4.917800,0.004274
73.080054,1,0.000976,0.220560,0.152245,0.000000,0.000000,0.179571,0.283996,1.071600,0.000183,0.000427,0.003419,0.015629,3.711840,3.292402,1.797312,1.104394,0.614285,1.104761,0.800732,0.879193,3.303110,3.299447,0.797655,4.911100,4.889660,0.004274
73.110054,1,0.000000,0.223488,0.153221,0.000000,0.000000,0.180547,0.284972,1.794930,0.000122,0.000549,0.003419,0.015018,3.703488,3.301682,1.798777,1.104761,0.605860,1.102929,0.801831,0.879462,3.304026,3.300363,0.796776,4.897700,4.912440,0.003419
73.140054,1,0.000000,0.223488,0.153221,0.000000,0.000000,0.180547,0.284972,1.634190,0.000061,0.000427,0.003419,0.015385,3.711840,3.299826,1.797800,1.103296,0.610988,1.102929,0.800732,0.879462,3.305857,3.299447,0.797655,4.911100,4.920480,0.004274
73.170053,1,0.000000,0.220560,0.155173,0.000000,0.000000,0.181523,0.283996,1.062670,0.000244,0.000549,0.003419,0.015263,3.711840,3.303538,1.798777,1.101830,0.602930,1.104761,0.801098,0.879462,3.305857,3.300363,0.797362,4.891000,4.903060,0.004274
73.200053,1,0.000000,0.215681,0.152245,0.000000,0.000000,0.178595,0.281068,1.875300,0.000244,0.000488,0.003358,0.015629,3.697920,3.301682,1.798289,1.104761,0.601098,1.102929,0.800732,0.879193,3.305857,3.300363,0.797069,4.897700,4.899040,0.003419
73.230054,1,0.000000,0.222512,0.155173,0.000000,0.000000,0.181523,0.283020,1.857440,0.000122,0.000549,0.003419,0.015751,3.719264,3.307249,1.797800,1.109889,0.612820,1.104761,0.799633,0.879462,3.305857,3.300363,0.797069,4.912440,4.920480,0.004274
73.260053,1,0.000000,0.222512,0.153221,0.000000,0.000000,0.181523,0.284972,1.071600,0.000183,0.000672,0.003297,0.016117,3.701632,3.301682,1.798289,1.107691,0.602197,1.104761,0.800732,0.879999,3.304942,3.299447,0.797362,4.882960,4.904400,0.004274
73.290053,1,0.000000,0.219584,0.156149,0.000000,0.000000,0.180547,0.283020,2.259290,0.000122,0.000549,0.003358,0.015018,3.711840,3.298898,1.797312,1.107691,0.605128,1.102929,0.801831,0.879999,3.304942,3.298531,0.797655,4.881620,4.904400,0.003419
73.320054,1,0.000000,0.220560,0.151269,0.000000,0.000000,0.179571,0.282044,1.786000,0.000122,0.000549,0.003175,0.015263,3.701632,3.301682,1.796824,1.102929,0.614651,1.105127,0.801098,0.879462,3.305857,3.299447,0.797655,4.909760,4.920480,0.004274
73.350054,1,0.000000,0.223488,0.152245,0.000000,0.000000,0.179571,0.283020,1.071600,0.000061,0.000427,0.003419,0.015629,3.710912,3.291474,1.798289,1.107691,0.601098,1.102929,0.798900,0.879462,3.304026,3.300363,0.797362,4.893680,4.907080,0.004274
73.380053,1,0.000000,0.220560,0.153221,0.000000,0.000000,0.179571,0.283020,2.768300,0.000061,0.000427,0.003419,0.015140,3.719264,3.295186,1.798289,1.111354,0.600732,1.103296,0.801098,0.879193,3.303110,3.299447,0.797069,4.881620,4.900380,0.004274
73.410055,1,0.000000,0.223488,0.153221,0.000000,0.000000,0.179571,0.284972,1.071600,0.000244,0.000549,0.003358,0.015140,3.699776,3.299826,1.798777,1.106226,0.612820,1.105127,0.802930,0.879462,3.303110,3.299447,0.797362,4.908420,4.912440,0.004274
73.440053,1,0.000000,0.221536,0.152245,0.000000,0.000000,0.180547,0.283996,1.777070,0.000183,0.000427,0.003358,0.015263,3.701632,3.301682,1.796824,1.103296,0.601465,1.102929,0.800732,0.879999,3.305857,3.299447,0.797948,4.893680,4.904400,0.004274
73.470054,1,0.000000,0.276188,0.153221,0.000000,0.000000,0.178595,0.283020,1.553820,0.000122,0.000549,0.003419,0.015140,3.703488,3.307249,1.798289,1.110622,0.600732,1.104761,0.802930,0.879462,3.304026,3.297616,0.797362,4.891000,4.920480,0.004274
73.500053,1,0.000000,0.220560,0.152245,0.000000,0.000000,0.179571,0.283996,1.062670,0.000061,0.000427,0.003358,0.015385,3.704416,3.313745,1.796824,1.101830,0.613919,1.104761,0.802930,0.879193,3.303110,3.300363,0.796776,4.912440,4.888320,0.004274
73.530054,1,0.000000,0.219584,0.153221,0.000000,0.000000,0.192258,0.284972,2.473610,0.000183,0.000427,0.003419,0.015018,3.703488,3.295186,1.798777,1.102929,0.613186,1.104028,0.800732,0.879999,3.305857,3.299447,0.797948,4.893680,4.904400,0.004274
73.560054,1,0.000000,0.219584,0.155173,0.013663,0.000000,0.191282,0.283020,1.553820,0.000122,0.000549,0.003358,0.015873,3.726687,3.311889,1.797800,1.107691,0.602564,1.106226,0.801098,0.879193,3.304942,3.299447,0.797655,4.911100,4.920480,0.004274
73.590054,1,0.000000,0.220560,0.153221,0.000000,0.000000,0.191282,0.283020,1.053740,0.000061,0.000427,0.003419,0.015263,3.697920,3.293330,1.797312,1.107325,0.603662,1.104394,0.800732,0.879999,3.303110,3.299447,0.797362,4.882960,4.903060,0.004274
73.620054,1,0.000000,0.219584,0.153221,0.000000,0.000000,0.195186,0.284972,1.857440,0.000061,0.000427,0.003419,0.015385,3.719264,3.357359,1.797800,1.102197,0.610622,1.104761,0.799633,0.879462,3.304026,3.299447,0.797362,4.885640,4.881620,0.004274
73.650054,1,0.000000,0.223488,0.152245,0.000000,0.000000,0.186403,0.283020,1.062670,0.000244,0.000549,0.003419,0.015385,3.697920,3.297970,1.796824,1.102197,0.615018,1.104761,0.800732,0.879462,3.305857,3.300363,0.797362,4.909760,4.921820,0.004274
73.680053,1,0.000976,0.221536,0.152245,0.005856,0.000000,0.182499,0.283020,2.321800,0.000244,0.000855,0.003419,0.015629,3.703488,3.293330,1.798289,1.107691,0.602930,1.104394,0.800732,0.879193,3.304026,3.299447,0.797655,4.893680,4.911100,0.003419
73.710054,1,0.000000,0.219584,0.153221,0.000000,0.000000,0.180547,0.283020,1.794930,0.000244,0.000549,0.003358,0.015140,3.699776,3.301682,1.798289,1.107691,0.609157,1.100732,0.801098,0.879193,3.305857,3.298531,0.796776,4.909760,4.921820,0.003419
73.740054,1,0.000000,0.219584,0.155173,0.000000,0.000000,0.181523,0.283020,1.062670,0.000061,0.000549,0.003358,0.015385,3.715552,3.301682,1.798777,1.107691,0.601465,1.102929,0.800732,0.879462,3.304942,3.299447,0.797948,4.900380,4.907080,0.004274
73.770054,1,0.000000,0.221536,0.151269,0.000000,0.000000,0.179571,0.283996,1.625260,0.000122,0.000549,0.003358,0.015263,3.704416,3.293330,1.798289,1.104761,0.603662,1.104761,0.801098,0.879462,3.304026,3.300363,0.797362,4.891000,4.905740,0.003419
73.800054,1,0.000000,0.229344,0.152245,0.000000,0.000000,0.180547,0.284972,1.062670,0.000244,0.000549,0.003358,0.015018,3.697920,3.301682,1.797800,1.104761,0.614285,1.102197,0.800732,0.879462,3.303110,3.299447,0.797069,4.909760,4.921820,0.003419
73.830054,1,0.000000,0.229344,0.154197,0.000000,0.000000,0.180547,0.284972,1.062670,0.000122,0.000549,0.003419,0.015018,3.700704,3.294258,1.798289,1.107691,0.601465,1.105127,0.801831,0.879193,3.303110,3.299447,0.797655,4.900380,4.897700,0.004274
73.860053,1,0.000000,0.227392,0.153221,0.000000,0.000000,0.180547,0.283996,1.839580,0.000122,0.000488,0.003419,0.015385,3.710912,3.295186,1.797312,1.101830,0.601831,1.105127,0.801098,0.879462,3.305857,3.299447,0.797362,4.892340,4.903060,0.004274
73.890054,1,0.000000,0.232271,0.152245,0.000000,0.000000,0.180547,0.284972,1.071600,0.000183,0.000427,0.003297,0.015629,3.701632,3.299826,1.797800,1.104761,0.609889,1.098534,0.800365,0.879462,3.304942,3.299447,0.797655,4.907080,4.920480,0.003419
73.920053,1,0.000000,0.231295,0.154197,0.000000,0.000000,0.181523,0.282044,1.928880,0.000183,0.000427,0.003358,0.015385,3.704416,3.289618,1.797312,1.106226,0.600366,1.105127,0.800365,0.879731,3.304026,3.298531,0.797069,4.886980,4.900380,0.004274
73.950054,1,0.000000,0.220560,0.153221,0.000000,0.000000,0.179571,0.283996,1.786000,0.000183,0.000427,0.003419,0.015385,3.715552,3.299826,1.797800,1.103296,0.599999,1.103662,0.800732,0.879193,3.304942,3.297616,0.797948,4.895020,4.920480,0.004274
73.980053,1,0.000000,0.222512,0.153221,0.000000,0.000000,0.180547,0.279116,1.062670,0.000183,0.000427,0.003419,0.015385,3.704416,3.293330,1.796824,1.110622,0.615018,1.100732,0.800365,0.879462,3.305857,3.298531,0.797655,4.909760,4.919140,0.003419
74.010053,1,0.000976,0.218608,0.153221,0.000000,0.000000,0.181523,0.283996,2.786160,0.000183,0.000427,0.003419,0.015140,3.719264,3.292402,1.797312,1.101830,0.599999,1.104394,0.801831,0.879193,3.304942,3.299447,0.797655,4.886980,4.899040,0.004274
74.040054,1,0.000976,0.235199,0.156149,0.000000,0.000000,0.180547,0.283020,2.500400,0.000061,0.000549,0.003297,0.015140,3.711840,3.298898,1.798289,1.110622,0.613919,1.101464,0.802930,0.879462,3.304942,3.299447,0.797655,4.911100,4.920480,0.004274
74.070054,1,0.000000,0.217632,0.188355,0.000000,0.000000,0.192258,0.280092,1.071600,0.000244,0.000549,0.003419,0.015629,3.699776,3.301682,1.797800,1.104761,0.612087,1.102929,0.801098,0.879462,3.305857,3.298531,0.796776,4.892340,4.892340,0.003419
74.100054,1,0.000000,0.219584,0.152245,0.000000,0.000000,0.193234,0.294731,1.553820,0.000061,0.000427,0.003297,0.015629,3.703488,3.298898,1.798289,1.103296,0.606227,1.104761,0.800732,0.878925,3.304026,3.297616,0.797362,4.882960,4.901720,0.003419
74.130054,1,0.000000,0.221536,0.153221,0.000000,0.000000,0.194210,0.283020,1.089460,0.000061,0.000549,0.003358,0.015140,3.704416,3.293330,1.797312,1.102929,0.614651,1.104028,0.801464,0.879193,3.304942,3.298531,0.797069,4.911100,4.920480,0.003419
74.160054,1,0.000976,0.219584,0.152245,0.000000,0.000000,0.202993,0.282044,1.821720,0.000122,0.000549,0.003419,0.015629,3.697920,3.292402,1.798289,1.102563,0.610622,1.104028,0.800732,0.879999,3.304026,3.298531,0.797655,4.880280,4.884300,0.004274
74.190054,1,0.000976,0.221536,0.155173,0.000000,0.000000,0.186403,0.284972,2.178920,0.000061,0.000427,0.003419,0.015629,3.710912,3.301682,1.798289,1.110622,0.603296,1.100732,0.801831,0.879999,3.304026,3.299447,0.797362,4.893680,4.919140,0.003419
74.220054,1,0.000000,0.219584,0.154197,0.000000,0.000000,0.179571,0.283020,1.062670,0.000122,0.000977,0.003419,0.015507,3.696064,3.301682,1.796824,1.107691,0.613552,1.104028,0.799633,0.879193,3.305857,3.299447,0.797655,4.908420,4.920480,0.003419
74.250054,1,0.000976,0.219584,0.153221,0.000000,0.000000,0.181523,0.283996,1.812790,0.000061,0.000427,0.003358,0.015018,3.697920,3.292402,1.798289,1.101464,0.600366,1.100732,0.801464,0.879999,3.304942,3.300363,0.796776,4.865540,4.907080,0.004274
74.280055,1,0.000976,0.224464,0.153221,0.000000,0.000000,0.182499,0.284972,2.116410,0.000122,0.000549,0.003419,0.015629,3.719264,3.325809,1.796824,1.107691,0.603296,1.104394,0.802930,0.879193,3.304942,3.299447,0.797655,4.911100,4.917800,0.004274
74.310054,1,0.000000,0.219584,0.154197,0.000000,0.000000,0.179571,0.283996,1.062670,0.000122,0.000488,0.003419,0.015018,3.711840,3.327664,1.796824,1.107691,0.615750,1.104394,0.799633,0.879193,3.305857,3.299447,0.797655,4.911100,4.907080,0.004274
74.340054,1,0.000000,0.223488,0.152245,0.000000,0.000000,0.180547,0.283996,1.803860,0.000183,0.000427,0.003358,0.015140,3.710912,3.301682,1.797312,1.107691,0.606593,1.104761,0.801831,0.879731,3.305857,3.300363,0.797069,4.897700,4.912440,0.004274
74.370054,1,0.000976,0.227392,0.152245,0.000000,0.000000,0.179571,0.294731,2.089620,0.000183,0.000427,0.003358,0.015140,3.715552,3.301682,1.798289,1.104394,0.610622,1.104394,0.799633,0.879999,3.304942,3.298531,0.797948,4.907080,4.917800,0.004274
74.400054,1,0.000000,0.227392,0.152245,0.000000,0.000000,0.180547,0.283020,1.053740,0.000183,0.000427,0.003419,0.015629,3.711840,3.293330,1.798289,1.108424,0.615018,1.102929,0.800732,0.879731,3.305857,3.298531,0.797362,4.912440,4.889660,0.003419
74.430054,1,0.000000,0.234223,0.151269,0.000000,0.000000,0.183475,0.280092,1.803860,0.000244,0.000488,0.003419,0.015140,3.711840,3.293330,1.798289,1.102563,0.605860,1.101098,0.800732,0.879999,3.304942,3.299447,0.797655,4.900380,4.907080,0.004274
74.460054,1,0.000000,0.227392,0.153221,0.000000,0.000000,0.180547,0.283020,1.616330,0.000183,0.000427,0.003419,0.015385,3.710912,3.293330,1.799266,1.101464,0.608424,1.104394,0.802930,0.879193,3.304942,3.299447,0.796776,4.908420,4.920480,0.004274
74.490054,1,0.000000,0.219584,0.153221,0.000000,0.000000,0.179571,0.283996,1.053740,0.000061,0.000672,0.003358,0.015629,3.699776,3.293330,1.797312,1.108424,0.603296,1.101098,0.801098,0.879462,3.304026,3.298531,0.797362,4.882960,4.903060,0.003419
74.520054,1,0.000000,0.220560,0.155173,0.000000,0.000000,0.179571,0.283020,1.777070,0.000061,0.000549,0.003358,0.015140,3.715552,3.301682,1.796824,1.103296,0.602197,1.100732,0.802930,0.879193,3.305857,3.298531,0.797069,4.901720,4.899040,0.004274
74.550054,1,0.000976,0.222512,0.152245,0.000000,0.000000,0.179571,0.284972,1.071600,0.000061,0.000427,0.003419,0.015629,3.700704,3.293330,1.797312,1.102563,0.614651,1.104394,0.800732,0.879462,3.304026,3.300363,0.796776,4.907080,4.920480,0.003419
74.580054,1,0.000976,0.220560,0.154197,0.000000,0.000000,0.179571,0.284972,1.053740,0.000183,0.000427,0.003419,0.016117,3.711840,3.293330,1.798289,1.109156,0.606959,1.102929,0.802930,0.879462,3.303110,3.299447,0.797655,4.892340,4.904400,0.003419
74.610054,1,0.000000,0.220560,0.152245,0.000000,0.000000,0.179571,0.280092,2.786160,0.000122,0.000549,0.003419,0.015140,3.719264,3.307249,1.797800,1.109156,0.604029,1.101464,0.801831,0.879462,3.304026,3.297616,0.797362,4.888320,4.899040,0.004274
74.640054,1,0.000000,0.221536,0.153221,0.000000,0.000000,0.179571,0.283996,1.062670,0.000244,0.000549,0.003358,0.015263,3.703488,3.301682,1.797800,1.104028,0.615018,1.102929,0.801464,0.879193,3.304942,3.300363,0.797655,4.911100,4.917800,0.004274
74.670054,1,0.000976,0.216657,0.154197,0.000000,0.000000,0.181523,0.284972,1.768140,0.000244,0.000488,0.003419,0.015629,3.699776,3.311889,1.797800,1.107691,0.602197,1.104761,0.801464,0.879462,3.304942,3.299447,0.797655,4.895020,4.904400,0.004274
74.700053,1,0.000976,0.218608,0.153221,0.000000,0.000000,0.181523,0.283020,1.553820,0.000061,0.000672,0.003419,0.015385,3.711840,3.293330,1.797312,1.107691,0.605494,1.102929,0.800732,0.879462,3.305857,3.300363,0.796776,4.912440,4.921820,0.003419
74.730054,1,0.000000,0.217632,0.153221,0.000000,0.000000,0.179571,0.283020,1.062670,0.000122,0.000549,0.003419,0.015385,3.711840,3.295186,1.798289,1.104761,0.616117,1.102929,0.801831,0.879999,3.304942,3.298531,0.796776,4.908420,4.901720,0.003419
74.760054,1,0.000000,0.223488,0.155173,0.000000,0.000000,0.180547,0.303514,1.571680,0.000122,0.000977,0.003419,0.015385,3.711840,3.292402,1.797800,1.104394,0.612454,1.100365,0.802930,0.879462,3.305857,3.298531,0.797362,4.896360,4.886980,0.004274
74.790054,1,0.000000,0.219584,0.153221,0.000000,0.000000,0.180547,0.283996,1.071600,0.000061,0.000549,0.003297,0.015263,3.699776,3.301682,1.797800,1.101464,0.615018,1.104761,0.800732,0.879193,3.303110,3.298531,0.797069,4.909760,4.923160,0.004274
74.820053,1,0.000000,0.220560,0.151269,0.000000,0.000000,0.180547,0.284972,2.303940,0.000183,0.000427,0.003419,0.015263,3.722976,3.301682,1.797800,1.107691,0.606959,1.100732,0.799267,0.879193,3.304942,3.298531,0.797362,4.896360,4.912440,0.004274
74.850055,1,0.000000,0.222512,0.152245,0.000000,0.000000,0.181523,0.283020,1.794930,0.000183,0.000427,0.003419,0.015140,3.700704,3.295186,1.797312,1.101830,0.610256,1.104761,0.801464,0.879462,3.304942,3.300363,0.796776,4.912440,4.920480,0.004274
74.880054,1,0.000000,0.217632,0.153221,0.000000,0.000000,0.181523,0.282044,1.053740,0.000183,0.000427,0.003358,0.015507,3.701632,3.301682,1.798289,1.103296,0.603662,1.104028,0.800732,0.879193,3.304942,3.298531,0.796776,4.869560,4.909760,0.004274
74.910055,1,0.000000,0.218608,0.153221,0.000000,0.000000,0.181523,0.283020,2.080690,0.000183,0.000427,0.003480,0.015263,3.710912,3.293330,1.798289,1.106226,0.600366,1.104028,0.799633,0.879999,3.304942,3.297616,0.797362,4.896360,4.897700,0.003419
74.940054,1,0.000000,0.219584,0.154197,0.000000,0.000000,0.180547,0.284972,1.884230,0.000183,0.000427,0.003541,0.015263,3.711840,3.307249,1.797312,1.104761,0.611355,1.104028,0.802930,0.879462,3.304942,3.299447,0.797362,4.907080,4.919140,0.003419
74.970053,1,0.000000,0.218608,0.153221,0.000000,0.000000,0.180547,0.283020,1.071600,0.000061,0.000427,0.003358,0.015385,3.710912,3.327664,1.796824,1.102929,0.600366,1.104761,0.803662,0.879462,3.304026,3.299447,0.796776,4.899040,4.912440,0.003419
75.000055,1,0.000000,0.218608,0.156149,0.000000,0.000000,0.178595,0.283996,2.089620,0.000183,0.000427,0.003419,0.015507,3.711840,3.293330,1.797312,1.101464,0.606593,1.100732,0.800732,0.879193,3.305857,3.300363,0.797655,4.881620,4.904400,0.003419
75.030054,1,0.000000,0.220560,0.153221,0.000000,0.000000,0.179571,0.283020,1.053740,0.000183,0.000427,0.003419,0.015385,3.711840,3.294258,1.797800,1.101830,0.615750,1.102929,0.802197,0.879193,3.304942,3.297616,0.797948,4.909760,4.920480,0.004274
75.060054,1,0.000000,0.217632,0.153221,0.000000,0.000000,0.180547,0.282044,1.053740,0.000183,0.000427,0.003358,0.015263,3.700704,3.301682,1.796824,1.106226,0.605494,1.102929,0.801831,0.879999,3.304026,3.299447,0.797948,4.899040,4.899040,0.003419
75.090054,1,0.000000,0.220560,0.153221,0.000000,0.000000,0.180547,0.282044,1.634190,0.000183,0.000427,0.003419,0.015263,3.700704,3.293330,1.798289,1.103296,0.602564,1.102929,0.801831,0.879731,3.305857,3.298531,0.797069,4.892340,4.909760,0.004274
75.120055,1,0.000000,0.216657,0.152245,0.000000,0.000000,0.179571,0.284972,1.071600,0.000122,0.000549,0.003419,0.015873,3.711840,3.294258,1.798777,1.110622,0.615018,1.104394,0.799633,0.879462,3.305857,3.299447,0.797362,4.912440,4.920480,0.003419
75.150054,1,0.000000,0.219584,0.155173,0.000000,0.000000,0.180547,0.283996,1.857440,0.000122,0.000549,0.003297,0.015018,3.711840,3.292402,1.798289,1.101830,0.602564,1.102929,0.802930,0.879462,3.304026,3.300363,0.796776,4.897700,4.896360,0.004274
75.180054,1,0.000000,0.219584,0.191282,0.000000,0.000000,0.180547,0.282044,1.848510,0.000183,0.000427,0.003419,0.015385,3.719264,3.301682,1.796824,1.101464,0.600732,1.102929,0.799633,0.879193,3.303110,3.298531,0.797655,4.911100,4.920480,0.004274
75.210054,1,0.000000,0.223488,0.152245,0.000000,0.000000,0.179571,0.283020,1.062670,0.000183,0.000427,0.003419,0.015385,3.696064,3.299826,1.797800,1.107691,0.612087,1.104761,0.801098,0.879462,3.304942,3.300363,0.796776,4.896360,4.904400,0.003419
75.240054,1,0.000000,0.223488,0.152245,0.000000,0.000000,0.180547,0.282044,1.562750,0.000183,0.000427,0.003236,0.015140,3.704416,3.295186,1.797312,1.103296,0.603662,1.102929,0.799633,0.879462,3.304026,3.299447,0.797948,4.888320,4.896360,0.004274
75.270054,1,0.000000,0.221536,0.153221,0.000000,0.000000,0.180547,0.285948,1.080530,0.000122,0.000549,0.003419,0.015263,3.704416,3.307249,1.797800,1.101830,0.613552,1.100732,0.800732,0.878925,3.304026,3.300363,0.797069,4.907080,4.920480,0.003419
75.300054,1,0.000000,0.221536,0.154197,0.000000,0.000000,0.179571,0.283020,2.482540,0.000183,0.000427,0.003419,0.015140,3.700704,3.293330,1.797312,1.105494,0.613919,1.105127,0.799633,0.879193,3.304942,3.299447,0.797362,4.893680,4.897700,0.003419
75.330054,1,0.000976,0.220560,0.153221,0.000000,0.002941,0.179571,0.283996,1.571680,0.000183,0.000427,0.003358,0.015140,3.696064,3.291474,1.797800,1.109156,0.602197,1.103296,0.801464,0.879462,3.304942,3.299447,0.797655,4.884300,4.904400,0.004274
75.360054,1,0.000000,0.221536,0.153221,0.000000,0.000000,0.179571,0.283996,1.062670,0.000183,0.000427,0.003358,0.015263,3.699776,3.301682,1.798777,1.103296,0.615018,1.105127,0.802930,0.879462,3.305857,3.298531,0.797948,4.907080,4.920480,0.004274
75.390054,1,0.000000,0.220560,0.153221,0.000000,0.000000,0.179571,0.284972,2.491470,0.000061,0.000549,0.003297,0.015140,3.700704,3.301682,1.797312,1.104761,0.612454,1.102563,0.802930,0.879731,3.305857,3.300363,0.797655,4.892340,4.885640,0.004274
75.420054,1,0.000000,0.224464,0.152245,0.000000,0.000000,0.178595,0.286923,2.223570,0.000183,0.000549,0.003358,0.015507,3.710912,3.301682,1.798777,1.112087,0.601465,1.101098,0.802930,0.879731,3.303110,3.300363,0.797069,4.897700,4.919140,0.004274
75.450054,1,0.000000,0.221536,0.155173,0.000000,0.000000,0.181523,0.283020,1.062670,0.000122,0.000549,0.003419,0.015018,3.704416,3.291474,1.797312,1.107691,0.614651,1.100732,0.799633,0.879999,3.304026,3.299447,0.797655,4.909760,4.920480,0.003419
75.480054,1,0.000000,0.219584,0.153221,0.000000,0.000000,0.181523,0.285948,1.848510,0.000122,0.000549,0.003358,0.015140,3.711840,3.294258,1.797312,1.109156,0.610622,1.100732,0.801098,0.879462,3.304026,3.300363,0.796776,4.893680,4.882960,0.003419
75.510054,1,0.000976,0.219584,0.153221,0.000000,0.000000,0.190306,0.284972,2.303940,0.000122,0.000549,0.003419,0.015140,3.699776,3.307249,1.798777,1.107691,0.602930,1.100732,0.799633,0.879462,3.305857,3.299447,0.797362,4.892340,4.920480,0.003419
75.540054,1,0.000000,0.221536,0.152245,0.000000,0.000000,0.193234,0.282044,1.062670,0.000183,0.000427,0.003358,0.015507,3.697920,3.298898,1.797312,1.107691,0.616483,1.102929,0.800732,0.879462,3.304942,3.299447,0.796776,4.907080,4.920480,0.004274
75.570054,1,0.000000,0.220560,0.152245,0.000000,0.000000,0.192258,0.283996,1.821720,0.000244,0.000549,0.003419,0.015018,3.711840,3.297970,1.797312,1.101830,0.606959,1.102929,0.800365,0.879999,3.304942,3.297616,0.797948,4.877600,4.912440,0.004274
75.600054,1,0.000000,0.223488,0.152245,0.000000,0.000000,0.190306,0.284972,2.018180,0.000183,0.000427,0.003236,0.015018,3.711840,3.327664,1.796824,1.102929,0.602564,1.104394,0.800732,0.878656,3.305857,3.300363,0.796776,4.909760,4.921820,0.004274
75.630054,1,0.000976,0.220560,0.153221,0.000000,0.000000,0.202017,0.284972,1.053740,0.000122,0.000549,0.003419,0.015385,3.704416,3.292402,1.797800,1.109889,0.612087,1.101098,0.801098,0.879193,3.304026,3.298531,0.797362,4.893680,4.899040,0.004274
75.660054,1,0.000000,0.219584,0.154197,0.000000,0.000000,0.179571,0.283020,1.794930,0.000183,0.000427,0.003419,0.014774,3.722976,3.299826,1.796824,1.104394,0.605860,1.102929,0.798900,0.879462,3.304942,3.299447,0.797948,4.900380,4.907080,0.004274
75.690055,1,0.000000,0.261549,0.153221,0.000000,0.000000,0.181523,0.284972,2.455750,0.000122,0.000549,0.003419,0.015385,3.704416,3.294258,1.797800,1.107691,0.610622,1.104028,0.801831,0.879193,3.304942,3.299447,0.797362,4.907080,4.920480,0.004274
75.720054,1,0.000000,0.220560,0.154197,0.000976,0.000000,0.179571,0.283996,1.071600,0.000122,0.000488,0.003419,0.014896,3.704416,3.293330,1.796824,1.107325,0.610622,1.104394,0.801464,0.879999,3.304942,3.299447,0.797362,4.901720,4.904400,0.004274
75.750054,1,0.000000,0.222512,0.156149,0.000000,0.000000,0.179571,0.283020,1.884230,0.000122,0.000549,0.003419,0.015385,3.715552,3.307249,1.798289,1.108424,0.606959,1.104028,0.802930,0.879462,3.305857,3.300363,0.797362,4.897700,4.892340,0.003419
75.780056,1,0.000000,0.228368,0.153221,0.000000,0.000000,0.178595,0.283996,1.080530,0.000122,0.000488,0.003419,0.015140,3.699776,3.301682,1.798777,1.104761,0.615018,1.101098,0.800732,0.879193,3.305857,3.298531,0.797069,4.909760,4.920480,0.004274
75.810054,1,0.000000,0.230320,0.152245,0.000000,0.000000,0.180547,0.281068,2.580770,0.000183,0.000427,0.003297,0.015140,3.699776,3.299826,1.798289,1.107691,0.604029,1.104761,0.800732,0.879193,3.303110,3.299447,0.797655,4.878940,4.907080,0.003419
75.840054,1,0.000000,0.225440,0.155173,0.000000,0.000000,0.181523,0.285948,1.919950,0.000061,0.000427,0.003358,0.015385,3.711840,3.293330,1.796335,1.102563,0.600366,1.101098,0.800732,0.879731,3.304026,3.298531,0.797362,4.885640,4.920480,0.004274
75.870054,1,0.000000,0.226416,0.153221,0.000000,0.000000,0.179571,0.283020,1.062670,0.000244,0.000488,0.003358,0.015385,3.711840,3.301682,1.798289,1.110622,0.616117,1.104761,0.800732,0.879193,3.303110,3.299447,0.797655,4.908420,4.920480,0.004274
75.900054,1,0.000000,0.234223,0.153221,0.000000,0.000000,0.181523,0.283996,1.839580,0.000122,0.000549,0.003358,0.015385,3.700704,3.298898,1.796824,1.104394,0.607325,1.103296,0.800732,0.879731,3.304942,3.298531,0.797655,4.886980,4.897700,0.004274
75.930053,1,0.000000,0.220560,0.152245,0.000000,0.000000,0.179571,0.283020,1.062670,0.000122,0.000488,0.003419,0.015873,3.699776,3.301682,1.797800,1.101830,0.615750,1.103296,0.801464,0.879462,3.305857,3.298531,0.796776,4.909760,4.920480,0.004274
75.960054,1,0.000976,0.219584,0.154197,0.000000,0.000000,0.180547,0.282044,1.562750,0.000183,0.000427,0.003236,0.015629,3.711840,3.299826,1.796824,1.102197,0.600366,1.101464,0.800732,0.878925,3.304942,3.299447,0.797655,4.900380,4.904400,0.004274
75.990055,1,0.000000,0.218608,0.152245,0.000000,0.000000,0.180547,0.282044,1.812790,0.000061,0.000549,0.003236,0.015385,3.701632,3.299826,1.796824,1.110622,0.610256,1.100732,0.802930,0.879462,3.305857,3.300363,0.797362,4.904400,4.919140,0.003419
76.020054,1,0.000000,0.220560,0.154197,0.000000,0.000000,0.181523,0.283020,1.071600,0.000183,0.000672,0.003236,0.015873,3.699776,3.301682,1.797800,1.101830,0.615750,1.102197,0.801098,0.879462,3.305857,3.300363,0.796776,4.909760,4.899040,0.004274
76.050054,1,0.000000,0.218608,0.152245,0.000000,0.000000,0.191282,0.282044,2.143200,0.000122,0.000549,0.003419,0.015140,3.726687,3.298898,1.796824,1.104761,0.602564,1.104394,0.799633,0.879999,3.304942,3.299447,0.797948,4.893680,4.896360,0.004274
76.080055,1,0.000000,0.220560,0.153221,0.000000,0.000000,0.179571,0.282044,1.786000,0.000183,0.000427,0.003419,0.015140,3.704416,3.307249,1.798289,1.107691,0.612087,1.101464,0.802930,0.879462,3.304942,3.297616,0.797948,4.907080,4.920480,0.004274
76.110053,1,0.000976,0.220560,0.157125,0.000000,0.000000,0.193234,0.285948,1.053740,0.000183,0.000672,0.003419,0.015629,3.696064,3.301682,1.797312,1.104761,0.611721,1.104761,0.799633,0.878925,3.304942,3.299447,0.797655,4.893680,4.885640,0.004274
76.140054,1,0.000000,0.217632,0.154197,0.000000,0.000000,0.191282,0.284972,2.187850,0.000183,0.000427,0.003480,0.015629,3.710912,3.293330,1.798289,1.101464,0.600366,1.100732,0.799633,0.879462,3.304026,3.300363,0.797069,4.892340,4.889660,0.004274
76.170055,1,0.000976,0.221536,0.152245,0.000000,0.000000,0.202993,0.283996,1.786000,0.000061,0.000549,0.003236,0.015629,3.719264,3.301682,1.797800,1.109156,0.613919,1.106226,0.800365,0.879193,3.304942,3.299447,0.797655,4.911100,4.920480,0.003419
76.200054,1,0.000000,0.223488,0.153221,0.000000,0.000000,0.180547,0.283996,1.062670,0.000122,0.000549,0.003297,0.015140,3.699776,3.301682,1.796824,1.107691,0.600366,1.104761,0.799633,0.879999,3.304026,3.299447,0.797362,4.877600,4.909760,0.004274
76.230054,1,0.000976,0.219584,0.151269,0.000000,0.000000,0.178595,0.283996,2.000320,0.000183,0.000672,0.003297,0.015385,3.711840,3.298898,1.796824,1.107691,0.602197,1.104394,0.799633,0.879193,3.304942,3.299447,0.797655,4.900380,4.889660,0.004274
76.260054,1,0.000000,0.224464,0.155173,0.000000,0.000000,0.181523,0.283020,1.071600,0.000183,0.000427,0.003419,0.015018,3.704416,3.292402,1.798289,1.108790,0.616483,1.102929,0.801831,0.879462,3.304942,3.299447,0.797655,4.907080,4.904400,0.004274
76.290054,1,0.000000,0.224464,0.168836,0.000000,0.000000,0.179571,0.284972,2.241430,0.000183,0.000427,0.003419,0.015507,3.700704,3.299826,1.799266,1.105494,0.601098,1.106226,0.801098,0.879999,3.304026,3.299447,0.797655,4.885640,4.896360,0.004274
76.320054,1,0.000976,0.226416,0.152245,0.000000,0.000000,0.181523,0.282044,1.777070,0.000183,0.000427,0.003419,0.015507,3.710912,3.355503,1.798289,1.103296,0.604761,1.100732,0.801831,0.879193,3.304942,3.299447,0.797362,4.909760,4.917800,0.004274
76.350054,1,0.000000,0.226416,0.153221,0.000000,0.000000,0.179571,0.283996,1.062670,0.000061,0.000427,0.003419,0.015140,3.697920,3.293330,1.796824,1.102563,0.612820,1.101098,0.802930,0.879462,3.304026,3.300363,0.796776,4.896360,4.907080,0.003419
76.380053,1,0.000976,0.225440,0.151269,0.000000,0.000000,0.180547,0.285948,2.384310,0.000122,0.000549,0.003419,0.015263,3.704416,3.299826,1.797800,1.101464,0.604029,1.102929,0.801098,0.879999,3.304026,3.300363,0.796776,4.888320,4.897700,0.004274
76.410055,1,0.000000,0.230320,0.154197,0.000000,0.000000,0.178595,0.285948,2.071760,0.000061,0.000427,0.003358,0.016117,3.704416,3.291474,1.798289,1.102197,0.614285,1.104028,0.802930,0.879462,3.305857,3.299447,0.797948,4.907080,4.919140,0.003419
76.440054,1,0.000000,0.224464,0.153221,0.000000,0.000000,0.179571,0.283020,1.062670,0.000061,0.001038,0.003297,0.015140,3.699776,3.299826,1.796824,1.110622,0.604029,1.104394,0.801098,0.879731,3.303110,3.299447,0.797655,4.892340,4.903060,0.003419
76.470054,1,0.001952,0.220560,0.152245,0.000000,0.000000,0.178595,0.283020,1.571680,0.000122,0.000549,0.003297,0.015385,3.719264,3.301682,1.797312,1.108424,0.604029,1.104394,0.799267,0.879731,3.305857,3.298531,0.796776,4.891000,4.909760,0.003419
76.500054,1,0.000000,0.219584,0.153221,0.000000,0.000000,0.179571,0.284972,1.062670,0.000183,0.000672,0.003358,0.015629,3.697920,3.301682,1.797800,1.105494,0.615018,1.104028,0.801831,0.879193,3.304942,3.300363,0.796776,4.907080,4.917800,0.003419
76.530054,1,0.000976,0.223488,0.160052,0.000000,0.000000,0.178595,0.282044,1.062670,0.000061,0.000549,0.003358,0.015140,3.696064,3.301682,1.796824,1.106226,0.602930,1.102929,0.800732,0.879193,3.304942,3.299447,0.797655,4.892340,4.904400,0.004274
76.560054,1,0.000000,0.219584,0.153221,0.000000,0.000000,0.180547,0.283020,1.562750,0.000061,0.000427,0.003358,0.015873,3.710912,3.301682,1.798289,1.103296,0.603296,1.100732,0.801831,0.879462,3.305857,3.299447,0.797655,4.878940,4.903060,0.003419
76.590054,1,0.000000,0.221536,0.152245,0.000000,0.000000,0.181523,0.284972,1.071600,0.000122,0.000549,0.003419,0.015018,3.697920,3.301682,1.798777,1.104761,0.614285,1.104761,0.801098,0.879193,3.303110,3.299447,0.797655,4.911100,4.919140,0.004274
76.620054,1,0.000000,0.220560,0.152245,0.000000,0.000000,0.179571,0.283996,2.161060,0.000183,0.000427,0.003419,0.015263,3.700704,3.301682,1.797800,1.101464,0.614285,1.104028,0.800732,0.879999,3.304942,3.298531,0.797362,4.893680,4.899040,0.003419
76.650054,1,0.000000,0.219584,0.155173,0.025374,0.000000,0.179571,0.283996,1.562750,0.000183,0.000427,0.003419,0.015629,3.711840,3.293330,1.797312,1.102197,0.605128,1.104761,0.801831,0.879462,3.304942,3.299447,0.797948,4.899040,4.907080,0.004274
76.680054,1,0.000000,0.220560,0.154197,0.000000,0.000000,0.178595,0.283996,1.053740,0.000122,0.000488,0.003480,0.015629,3.711840,3.325809,1.797312,1.103296,0.600366,1.102929,0.801464,0.879462,3.304942,3.300363,0.797948,4.907080,4.919140,0.004274
76.710054,1,0.000000,0.221536,0.153221,0.000000,0.000000,0.181523,0.282044,2.500400,0.000244,0.000488,0.003358,0.015629,3.710912,3.301682,1.798289,1.108424,0.615018,1.104028,0.801098,0.879193,3.305857,3.299447,0.797655,4.895020,4.888320,0.003419
76.740054,1,0.000000,0.220560,0.153221,0.000000,0.000000,0.179571,0.286923,2.161060,0.000244,0.000488,0.003358,0.015018,3.710912,3.291474,1.797800,1.103296,0.602930,1.099999,0.801831,0.879193,3.304942,3.297616,0.797948,4.907080,4.919140,0.004274
76.770054,1,0.000000,0.219584,0.153221,0.000000,0.000000,0.182499,0.284972,1.062670,0.000244,0.000488,0.003419,0.015018,3.704416,3.291474,1.798289,1.104761,0.614285,1.102929,0.799633,0.878925,3.304026,3.299447,0.797362,4.904400,4.907080,0.004274
76.800054,1,0.000976,0.224464,0.152245,0.000000,0.000000,0.180547,0.283996,1.812790,0.000244,0.000488,0.003358,0.015629,3.704416,3.301682,1.798777,1.106226,0.606227,1.104028,0.801831,0.879731,3.304942,3.298531,0.797362,4.870900,4.909760,0.004274
76.830054,1,0.000000,0.220560,0.153221,0.000000,0.000000,0.178595,0.281068,1.893160,0.000122,0.000549,0.003419,0.015629,3.711840,3.292402,1.798289,1.107691,0.603296,1.100732,0.799267,0.879462,3.305857,3.299447,0.797362,4.907080,4.920480,0.004274
76.860054,1,0.000000,0.223488,0.153221,0.000000,0.000000,0.180547,0.282044,1.062670,0.000061,0.000672,0.003297,0.015140,3.697920,3.297970,1.798289,1.107325,0.612820,1.102197,0.801831,0.879731,3.305857,3.298531,0.797655,4.892340,4.905740,0.004274
76.890054,1,0.000000,0.219584,0.153221,0.000000,0.000000,0.180547,0.283996,1.786000,0.000244,0.000549,0.003358,0.015140,3.696064,3.299826,1.798289,1.102929,0.605494,1.104761,0.801831,0.879462,3.305857,3.300363,0.796776,4.876260,4.911100,0.003419
76.920056,1,0.000976,0.220560,0.153221,0.000000,0.000000,0.179571,0.281068,1.080530,0.000061,0.000549,0.003297,0.015018,3.711840,3.307249,1.797800,1.107691,0.615018,1.102929,0.800365,0.879731,3.304026,3.300363,0.797069,4.912440,4.921820,0.003419
76.950054,1,0.000976,0.222512,0.156149,0.000000,0.000000,0.179571,0.283996,2.098550,0.000122,0.000549,0.003419,0.015018,3.697920,3.357359,1.796824,1.102197,0.603662,1.102929,0.800732,0.879193,3.304942,3.299447,0.797655,4.884300,4.903060,0.003419
76.980054,1,0.000000,0.219584,0.155173,0.000000,0.000000,0.179571,0.283996,1.875300,0.000122,0.000549,0.003358,0.015629,3.696064,3.301682,1.796824,1.102563,0.602197,1.104761,0.800732,0.879193,3.304026,3.299447,0.797655,4.899040,4.892340,0.003419
77.010054,1,0.000000,0.221536,0.152245,0.000000,0.000000,0.181523,0.283996,1.071600,0.000061,0.000427,0.003358,0.015507,3.701632,3.301682,1.798289,1.107691,0.615384,1.104761,0.799633,0.879462,3.305857,3.300363,0.796776,4.912440,4.921820,0.003419
77.040054,1,0.000000,0.221536,0.156149,0.000000,0.000000,0.181523,0.284972,2.393240,0.000122,0.000488,0.003358,0.015873,3.700704,3.301682,1.797312,1.107691,0.602197,1.102197,0.802197,0.879193,3.303110,3.299447,0.797655,4.881620,4.905740,0.003419
77.070054,1,0.000000,0.218608,0.153221,0.000000,0.000000,0.181523,0.284972,2.223570,0.000183,0.000427,0.003297,0.015140,3.697920,3.298898,1.797800,1.110622,0.615018,1.104761,0.800732,0.879731,3.303110,3.299447,0.796776,4.912440,4.919140,0.003419
77.100054,1,0.001952,0.220560,0.153221,0.000000,0.000000,0.181523,0.283020,1.571680,0.000122,0.000549,0.003358,0.015385,3.711840,3.298898,1.796824,1.107691,0.602930,1.102929,0.800732,0.879193,3.303110,3.299447,0.797655,4.886980,4.912440,0.003419
77.130054,1,0.000000,0.223488,0.152245,0.000000,0.000000,0.178595,0.282044,2.500400,0.000122,0.000611,0.003480,0.015263,3.699776,3.298898,1.798289,1.103296,0.612454,1.102929,0.801464,0.879731,3.304942,3.299447,0.797655,4.895020,4.921820,0.004274
77.160054,1,0.000000,0.217632,0.153221,0.000000,0.000000,0.178595,0.283996,1.071600,0.000061,0.000427,0.003297,0.015140,3.699776,3.297970,1.797800,1.107691,0.614285,1.105494,0.800732,0.879462,3.304026,3.299447,0.797362,4.907080,4.919140,0.004274
77.190053,1,0.000000,0.221536,0.154197,0.000000,0.000000,0.179571,0.283020,1.553820,0.000183,0.000427,0.003419,0.015629,3.704416,3.289618,1.798289,1.104761,0.604761,1.104761,0.801098,0.879731,3.303110,3.299447,0.797362,4.893680,4.893680,0.004274
77.220055,1,0.000000,0.221536,0.152245,0.000000,0.000000,0.181523,0.282044,1.866370,0.000122,0.000611,0.003419,0.015385,3.726687,3.293330,1.797312,1.104028,0.612454,1.102197,0.801831,0.879462,3.304026,3.300363,0.796776,4.908420,4.919140,0.003419
77.250053,1,0.000000,0.220560,0.152245,0.000000,0.000000,0.180547,0.283020,1.062670,0.000183,0.000427,0.003419,0.015629,3.711840,3.292402,1.798289,1.102197,0.615018,1.104761,0.799633,0.879193,3.304942,3.299447,0.797655,4.911100,4.895020,0.004274
77.280054,1,0.000000,0.220560,0.155173,0.022446,0.000000,0.181523,0.283996,1.571680,0.000244,0.000488,0.003358,0.015629,3.711840,3.301682,1.797800,1.101464,0.605128,1.104761,0.800365,0.879193,3.304942,3.300363,0.797655,4.892340,4.905740,0.004274
77.310054,1,0.000000,0.223488,0.154197,0.000000,0.000000,0.181523,0.283020,1.821720,0.000183,0.000427,0.003419,0.015018,3.703488,3.291474,1.799266,1.108424,0.613919,1.102929,0.800365,0.879193,3.304942,3.299447,0.797655,4.903060,4.921820,0.003419
77.340054,1,0.000000,0.221536,0.154197,0.000000,0.000000,0.180547,0.283020,1.062670,0.000244,0.000488,0.003358,0.015629,3.704416,3.301682,1.796824,1.101830,0.614651,1.101098,0.799633,0.879193,3.304942,3.299447,0.797655,4.884300,4.881620,0.003419
77.370054,1,0.000000,0.220560,0.153221,0.000000,0.000000,0.179571,0.285948,2.223570,0.000122,0.000488,0.003358,0.015385,3.699776,3.298898,1.798289,1.105494,0.618681,1.099999,0.801464,0.879193,3.304942,3.299447,0.796776,4.893680,4.911100,0.003419
77.400054,1,0.000000,0.222512,0.190306,0.000000,0.000000,0.178595,0.283020,1.071600,0.000122,0.000549,0.003419,0.015263,3.704416,3.307249,1.798289,1.107691,0.614651,1.101464,0.799267,0.879462,3.305857,3.300363,0.797362,4.911100,4.920480,0.003419
77.430054,1,0.000000,0.219584,0.153221,0.000000,0.000000,0.178595,0.283020,1.794930,0.000061,0.000427,0.003358,0.015385,3.710912,3.301682,1.797800,1.110622,0.606593,1.102929,0.801831,0.879462,3.305857,3.298531,0.796776,4.897700,4.912440,0.003419
77.460054,1,0.000000,0.220560,0.153221,0.000000,0.000000,0.178595,0.283020,1.643120,0.000122,0.000488,0.003236,0.015629,3.704416,3.293330,1.796824,1.102197,0.611355,1.104028,0.799633,0.878925,3.304942,3.298531,0.797362,4.907080,4.919140,0.003419
77.490054,1,0.000000,0.223488,0.152245,0.000000,0.000000,0.192258,0.283020,1.071600,0.000061,0.000549,0.003297,0.015140,3.711840,3.298898,1.797800,1.103296,0.600732,1.104028,0.801464,0.879462,3.304942,3.297616,0.797655,4.878940,4.904400,0.004274
77.520054,1,0.000000,0.218608,0.153221,0.000000,0.000000,0.189330,0.283020,1.973530,0.000122,0.000672,0.003419,0.015018,3.703488,3.293330,1.796824,1.105494,0.600366,1.104394,0.802197,0.879193,3.303110,3.298531,0.797362,4.901720,4.896360,0.004274
77.550055,1,0.000000,0.218608,0.152245,0.000000,0.000000,0.192258,0.283996,1.803860,0.000122,0.000549,0.003419,0.015385,3.719264,3.292402,1.798289,1.107325,0.611721,1.106226,0.800365,0.879193,3.303110,3.299447,0.797655,4.911100,4.921820,0.004274
77.580054,1,0.000976,0.220560,0.153221,0.000000,0.000000,0.192258,0.283020,1.062670,0.000183,0.000427,0.003358,0.015385,3.701632,3.301682,1.797312,1.107691,0.606593,1.099999,0.800365,0.879462,3.304026,3.300363,0.797362,4.882960,4.903060,0.003419
77.610054,1,0.000976,0.220560,0.152245,0.000000,0.000000,0.202993,0.283020,1.812790,0.000061,0.000427,0.003358,0.015263,3.710912,3.301682,1.797800,1.104761,0.605494,1.104028,0.801831,0.879999,3.304942,3.299447,0.797948,4.888320,4.897700,0.003419
77.640054,1,0.000976,0.219584,0.154197,0.000000,0.000000,0.181523,0.283020,1.937810,0.000061,0.000549,0.003236,0.015751,3.711840,3.299826,1.797800,1.107691,0.617216,1.099999,0.801098,0.879193,3.303110,3.299447,0.797655,4.909760,4.920480,0.004274
77.670054,1,0.000000,0.221536,0.153221,0.000000,0.000000,0.179571,0.284972,1.062670,0.000183,0.000427,0.003419,0.015018,3.715552,3.301682,1.797312,1.104761,0.599633,1.104028,0.801464,0.879999,3.304942,3.300363,0.796776,4.893680,4.907080,0.004274
77.700054,1,0.000000,0.218608,0.153221,0.000000,0.000000,0.181523,0.283996,2.804020,0.000183,0.000427,0.003419,0.015507,3.703488,3.292402,1.798289,1.104761,0.601831,1.104028,0.801098,0.879462,3.304026,3.298531,0.797362,4.888320,4.900380,0.003419
77.730054,1,0.000000,0.220560,0.153221,0.000000,0.000000,0.182499,0.283996,1.071600,0.000244,0.000549,0.003419,0.015018,3.711840,3.293330,1.798289,1.101830,0.616117,1.100732,0.799633,0.879193,3.304942,3.299447,0.797948,4.909760,4.920480,0.004274
77.760054,1,0.000000,0.228368,0.152245,0.000000,0.000000,0.180547,0.283020,1.053740,0.000122,0.000488,0.003419,0.015018,3.719264,3.295186,1.798289,1.107691,0.606227,1.099999,0.800732,0.879193,3.304942,3.298531,0.796776,4.893680,4.904400,0.003419
77.790054,1,0.000000,0.224464,0.153221,0.000000,0.000000,0.179571,0.283996,1.571680,0.000061,0.000549,0.003419,0.016117,3.711840,3.295186,1.798289,1.107691,0.605494,1.100732,0.800365,0.879731,3.305857,3.300363,0.797362,4.891000,4.909760,0.003419
77.820054,1,0.000000,0.229344,0.155173,0.000000,0.000000,0.178595,0.282044,1.062670,0.000061,0.000672,0.003236,0.015629,3.704416,3.293330,1.796824,1.102197,0.615018,1.101098,0.802930,0.879999,3.303110,3.299447,0.797362,4.908420,4.919140,0.004274
77.850054,1,0.000000,0.228368,0.153221,0.000000,0.000000,0.181523,0.283996,1.089460,0.000122,0.000549,0.003419,0.015263,3.715552,3.307249,1.797312,1.107691,0.605860,1.101464,0.802930,0.879462,3.305857,3.300363,0.797362,4.896360,4.903060,0.004274
77.880054,1,0.000000,0.233247,0.154197,0.000000,0.000000,0.180547,0.283020,1.553820,0.000183,0.000427,0.003297,0.015385,3.710912,3.298898,1.796824,1.104394,0.604029,1.104028,0.801831,0.880536,3.305857,3.300363,0.797362,4.888320,4.920480,0.004274
77.910054,1,0.000000,0.223488,0.154197,0.000000,0.000000,0.182499,0.284972,1.071600,0.000183,0.000427,0.003419,0.015140,3.711840,3.299826,1.796824,1.104761,0.616483,1.103662,0.801464,0.879999,3.305857,3.299447,0.797655,4.907080,4.917800,0.003419
77.940054,1,0.000000,0.219584,0.152245,0.000000,0.000000,0.180547,0.282044,2.473610,0.000244,0.000549,0.003236,0.015018,3.711840,3.299826,1.798289,1.104761,0.613552,1.104761,0.800365,0.879193,3.304942,3.299447,0.797655,4.884300,4.885640,0.004274
77.970054,1,0.000976,0.220560,0.153221,0.000000,0.000000,0.177619,0.283996,2.143200,0.000183,0.000427,0.003358,0.015140,3.722976,3.299826,1.797312,1.104394,0.599999,1.104761,0.801098,0.879731,3.305857,3.298531,0.797362,4.911100,4.920480,0.003419
78.000054,1,0.000000,0.219584,0.154197,0.000000,0.000000,0.178595,0.284972,1.062670,0.000122,0.000733,0.003236,0.014896,3.696993,3.289618,1.798289,1.103296,0.614651,1.104394,0.801098,0.879193,3.304942,3.299447,0.797655,4.899040,4.903060,0.003419
78.030054,1,0.000000,0.218608,0.153221,0.000000,0.000000,0.191282,0.283996,1.812790,0.000244,0.000488,0.003419,0.015385,3.698848,3.301682,1.797800,1.102929,0.609523,1.100732,0.800732,0.879731,3.305857,3.298531,0.797655,4.881620,4.911100,0.004274
78.060055,1,0.000000,0.223488,0.154197,0.000000,0.000000,0.191282,0.281068,2.250360,0.000183,0.000427,0.003419,0.016117,3.697920,3.293330,1.797312,1.102197,0.612087,1.102929,0.802197,0.878925,3.305857,3.299447,0.797655,4.909760,4.920480,0.003419
78.090054,1,0.000000,0.220560,0.153221,0.000000,0.000000,0.192258,0.280092,1.071600,0.000061,0.000427,0.003419,0.015140,3.697920,3.301682,1.798289,1.101464,0.602564,1.105494,0.800732,0.879193,3.304026,3.299447,0.797948,4.893680,4.912440,0.003419
78.120054,1,0.000976,0.220560,0.151269,0.000000,0.000000,0.181523,0.283996,1.794930,0.000244,0.000488,0.003236,0.015385,3.699776,3.301682,1.797800,1.104761,0.599999,1.102197,0.800732,0.879731,3.303110,3.299447,0.797069,4.901720,4.913780,0.003419
78.150054,1,0.000000,0.231295,0.153221,0.000000,0.000000,0.202017,0.282044,1.062670,0.000183,0.000427,0.003419,0.015018,3.704416,3.292402,1.797312,1.107325,0.611721,1.104761,0.801098,0.879193,3.304026,3.299447,0.797655,4.911100,4.920480,0.004274
78.180054,1,0.000976,0.217632,0.152245,0.000000,0.000000,0.179571,0.284972,1.062670,0.000061,0.000488,0.003358,0.015018,3.710912,3.298898,1.798289,1.110622,0.615018,1.100732,0.801098,0.879462,3.303110,3.298531,0.796776,4.891000,4.893680,0.004274
78.210054,1,0.000000,0.218608,0.153221,0.000000,0.000000,0.179571,0.283996,1.803860,0.000183,0.000427,0.003419,0.015018,3.719264,3.293330,1.797800,1.102197,0.610622,1.104028,0.801464,0.878925,3.304026,3.299447,0.797655,4.911100,4.920480,0.003419
78.240054,1,0.000000,0.223488,0.157125,0.000000,0.000000,0.181523,0.283020,1.062670,0.000122,0.000488,0.003419,0.015018,3.699776,3.294258,1.797800,1.107691,0.604395,1.101464,0.800732,0.879462,3.304026,3.298531,0.797362,4.888320,4.901720,0.004274
78.270054,1,0.000000,0.220560,0.154197,0.000000,0.000000,0.180547,0.284972,1.946740,0.000061,0.000427,0.003419,0.015507,3.696064,3.293330,1.797312,1.107691,0.606959,1.104761,0.799633,0.879193,3.304942,3.299447,0.797655,4.895020,4.904400,0.004274
78.300054,1,0.000000,0.227392,0.153221,0.000000,0.000000,0.178595,0.282044,1.071600,0.000244,0.000488,0.003419,0.015140,3.711840,3.298898,1.796824,1.109156,0.615018,1.104761,0.800732,0.879193,3.305857,3.299447,0.797655,4.911100,4.920480,0.004274
78.330054,1,0.000000,0.229344,0.153221,0.000000,0.000000,0.180547,0.282044,2.795090,0.000183,0.000427,0.003419,0.015140,3.719264,3.293330,1.798289,1.107691,0.602564,1.102929,0.799633,0.879999,3.305857,3.299447,0.797362,4.885640,4.897700,0.003419
78.360054,1,0.000000,0.229344,0.153221,0.000000,0.000000,0.181523,0.283020,1.571680,0.000244,0.000549,0.003236,0.015385,3.711840,3.301682,1.797800,1.106226,0.612087,1.104761,0.799633,0.879193,3.303110,3.299447,0.797655,4.892340,4.919140,0.003419
78.390054,1,0.000000,0.229344,0.154197,0.000000,0.000000,0.179571,0.283996,1.071600,0.000122,0.000549,0.003419,0.015018,3.704416,3.299826,1.798289,1.106226,0.615750,1.102929,0.801098,0.879193,3.303110,3.299447,0.797655,4.911100,4.920480,0.004274
78.420054,1,0.000000,0.232271,0.154197,0.000000,0.000000,0.179571,0.283996,1.562750,0.000061,0.000672,0.003297,0.015629,3.711840,3.301682,1.796824,1.104761,0.599999,1.104394,0.801098,0.879193,3.304942,3.299447,0.796776,4.891000,4.907080,0.004274
78.450055,1,0.000976,0.219584,0.154197,0.000000,0.000000,0.180547,0.286923,2.500400,0.000061,0.000427,0.003236,0.015263,3.704416,3.299826,1.797800,1.110622,0.613552,1.104761,0.798900,0.879731,3.303110,3.298531,0.797069,4.892340,4.921820,0.004274
78.480053,1,0.000000,0.221536,0.152245,0.000000,0.000000,0.180547,0.283020,1.071600,0.000183,0.000427,0.003297,0.015018,3.699776,3.301682,1.796824,1.101830,0.615750,1.104028,0.801098,0.879999,3.304026,3.299447,0.797362,4.907080,4.920480,0.003419
78.510053,1,0.000000,0.219584,0.152245,0.000000,0.000000,0.180547,0.283020,1.562750,0.000183,0.000427,0.003297,0.015629,3.715552,3.298898,1.798777,1.101830,0.603662,1.104761,0.801831,0.879999,3.304026,3.299447,0.797362,4.880280,4.903060,0.004274
78.540054,1,0.000000,0.221536,0.155173,0.000000,0.000000,0.178595,0.283020,1.053740,0.000061,0.000549,0.003358,0.015140,3.697920,3.301682,1.797800,1.107691,0.615750,1.100732,0.801831,0.879462,3.304942,3.299447,0.797362,4.909760,4.921820,0.003419
78.570054,1,0.000976,0.219584,0.155173,0.000000,0.000000,0.181523,0.284972,1.830650,0.000061,0.000427,0.003419,0.015629,3.711840,3.292402,1.798289,1.107325,0.606593,1.102197,0.800732,0.879999,3.305857,3.298531,0.797362,4.876260,4.912440,0.004274
78.600054,1,0.000000,0.218608,0.154197,0.000000,0.000000,0.180547,0.285948,2.018180,0.000061,0.000427,0.003358,0.015140,3.711840,3.301682,1.798289,1.102197,0.602930,1.104394,0.800732,0.879999,3.304026,3.299447,0.797948,4.901720,4.919140,0.003419
78.630054,1,0.000000,0.221536,0.152245,0.000000,0.000000,0.180547,0.283020,1.071600,0.000183,0.000427,0.003419,0.015018,3.700704,3.297970,1.797800,1.104761,0.613919,1.102929,0.800732,0.879193,3.304942,3.299447,0.797362,4.907080,4.892340,0.004274
78.660054,1,0.000000,0.220560,0.153221,0.000000,0.000000,0.180547,0.283996,1.794930,0.000122,0.000488,0.003358,0.015385,3.710912,3.311889,1.797800,1.108058,0.605860,1.101464,0.800732,0.879193,3.304942,3.299447,0.797655,4.900380,4.913780,0.004274
78.690055,1,0.000000,0.220560,0.152245,0.000000,0.000000,0.180547,0.282044,2.571840,0.000183,0.000672,0.003358,0.015507,3.715552,3.301682,1.797800,1.101464,0.610256,1.105494,0.801831,0.879462,3.304942,3.299447,0.797948,4.909760,4.919140,0.004274
78.720055,1,0.000000,0.221536,0.154197,0.000000,0.000000,0.180547,0.283996,1.071600,0.000244,0.000549,0.003358,0.015018,3.711840,3.301682,1.796824,1.104394,0.614285,1.102929,0.802930,0.879462,3.304942,3.299447,0.797655,4.911100,4.889660,0.004274
78.750056,1,0.000000,0.221536,0.152245,0.000000,0.000000,0.179571,0.281068,1.803860,0.000122,0.000611,0.003419,0.015385,3.711840,3.293330,1.798289,1.105494,0.604761,1.100732,0.801464,0.879999,3.304942,3.297616,0.797948,4.899040,4.899040,0.003419
78.780054,1,0.000000,0.219584,0.153221,0.000000,0.000000,0.180547,0.283020,1.652050,0.000183,0.000427,0.003358,0.015018,3.711840,3.293330,1.798289,1.104761,0.610622,1.104394,0.800732,0.879462,3.304026,3.300363,0.797362,4.907080,4.919140,0.004274
78.810054,1,0.001952,0.220560,0.154197,0.000000,0.000000,0.178595,0.284972,1.044810,0.000183,0.000427,0.003419,0.015263,3.699776,3.294258,1.797800,1.107691,0.605128,1.104761,0.801098,0.879193,3.304942,3.299447,0.797948,4.882960,4.900380,0.004274
78.840054,1,0.000976,0.220560,0.153221,0.000000,0.000000,0.179571,0.284972,1.937810,0.000244,0.000733,0.003480,0.015018,3.711840,3.327664,1.796824,1.107691,0.602930,1.104394,0.801098,0.879193,3.304942,3.299447,0.797655,4.900380,4.899040,0.004274
78.870054,1,0.000000,0.222512,0.155173,0.000000,0.000000,0.179571,0.283996,1.857440,0.000122,0.000549,0.003358,0.015140,3.704416,3.291474,1.797800,1.104761,0.612454,1.101098,0.800732,0.879193,3.304942,3.299447,0.797655,4.911100,4.919140,0.004274
78.900054,1,0.000000,0.220560,0.154197,0.000000,0.000000,0.179571,0.283996,1.062670,0.000244,0.000488,0.003419,0.015385,3.700704,3.297970,1.796824,1.110622,0.605128,1.101464,0.802930,0.879731,3.303110,3.299447,0.797655,4.878940,4.905740,0.003419
78.930054,1,0.000976,0.221536,0.153221,0.000000,0.000000,0.178595,0.283020,1.937810,0.000061,0.000427,0.003419,0.016117,3.719264,3.301682,1.797312,1.106226,0.599999,1.104761,0.798900,0.878925,3.304942,3.299447,0.797948,4.884300,4.900380,0.003419
78.960055,1,0.000000,0.221536,0.152245,0.000000,0.000000,0.179571,0.283996,1.053740,0.000183,0.000427,0.003419,0.015140,3.699776,3.298898,1.797312,1.109156,0.614651,1.101098,0.802930,0.879193,3.303110,3.299447,0.797655,4.909760,4.921820,0.004274
78.990054,1,0.000000,0.219584,0.154197,0.000000,0.000000,0.180547,0.283996,1.053740,0.000122,0.000549,0.003358,0.015385,3.711840,3.301682,1.796824,1.102563,0.605494,1.104028,0.800365,0.879193,3.303110,3.298531,0.797655,4.892340,4.905740,0.003419
79.020054,1,0.000000,0.220560,0.154197,0.000000,0.000000,0.181523,0.283020,2.786160,0.000183,0.000427,0.003419,0.015140,3.711840,3.293330,1.798289,1.107691,0.599999,1.102929,0.800732,0.879462,3.305857,3.300363,0.797362,4.888320,4.901720,0.003419
79.050054,1,0.000000,0.222512,0.153221,0.000000,0.000000,0.180547,0.284972,1.062670,0.000183,0.000427,0.003419,0.015385,3.711840,3.293330,1.798289,1.101464,0.615018,1.100732,0.800732,0.879462,3.303110,3.299447,0.797655,4.911100,4.920480,0.003419
79.080054,1,0.000000,0.221536,0.154197,0.000000,0.000000,0.179571,0.284972,1.928880,0.000122,0.000488,0.003419,0.015018,3.697920,3.357359,1.796824,1.103296,0.601098,1.104028,0.801098,0.878925,3.304942,3.299447,0.797655,4.895020,4.904400,0.004274
79.110054,1,0.000000,0.222512,0.154197,0.000000,0.000000,0.179571,0.283996,1.553820,0.000122,0.000549,0.003419,0.015263,3.700704,3.307249,1.797800,1.108424,0.600366,1.104761,0.799633,0.879731,3.303110,3.298531,0.797362,4.889660,4.920480,0.003419
79.140054,1,0.002928,0.218608,0.154197,0.000000,0.000000,0.180547,0.285948,1.062670,0.000061,0.000549,0.003358,0.015140,3.704416,3.293330,1.798289,1.104761,0.614651,1.104761,0.799633,0.879462,3.304942,3.298531,0.796776,4.907080,4.909760,0.003419
79.170054,1,0.000976,0.218608,0.153221,0.000000,0.000000,0.181523,0.283020,2.500400,0.000183,0.000427,0.003297,0.015385,3.699776,3.299826,1.797800,1.107691,0.612087,1.104761,0.800732,0.879999,3.304942,3.297616,0.797655,4.893680,4.909760,0.003419
79.200054,1,0.000000,0.219584,0.153221,0.000000,0.003431,0.177619,0.285948,1.562750,0.000122,0.000488,0.003236,0.015385,3.704416,3.301682,1.797800,1.104761,0.605494,1.101098,0.802930,0.879462,3.305857,3.298531,0.797362,4.909760,4.921820,0.003419
79.230053,1,0.000000,0.219584,0.154197,0.000000,0.000000,0.179571,0.283996,1.071600,0.000183,0.000672,0.003358,0.015385,3.711840,3.301682,1.796824,1.102197,0.603296,1.104028,0.801464,0.879193,3.304026,3.299447,0.797655,4.877600,4.904400,0.003419
79.260054,1,0.000000,0.221536,0.154197,0.000000,0.000000,0.180547,0.283996,1.839580,0.000183,0.000427,0.003419,0.015629,3.697920,3.293330,1.797312,1.102929,0.609157,1.104394,0.801098,0.879193,3.304942,3.299447,0.797655,4.889660,4.882960,0.004274
79.290053,1,0.000976,0.221536,0.153221,0.000000,0.000000,0.180547,0.283996,1.071600,0.000122,0.000488,0.003480,0.015263,3.700704,3.357359,1.796824,1.102929,0.615018,1.104761,0.801098,0.879193,3.304942,3.299447,0.797655,4.909760,4.921820,0.004274
79.320054,1,0.000000,0.224464,0.152245,0.000000,0.000000,0.180547,0.283996,2.205710,0.000183,0.000427,0.003419,0.015385,3.697920,3.301682,1.797312,1.101464,0.601831,1.101098,0.801098,0.879462,3.304942,3.300363,0.797362,4.896360,4.911100,0.003419
79.350055,1,0.000000,0.219584,0.151269,0.000000,0.000000,0.180547,0.283996,1.794930,0.000122,0.000549,0.003358,0.015018,3.710912,3.299826,1.796824,1.107691,0.609889,1.103296,0.800732,0.878656,3.303110,3.300363,0.797362,4.909760,4.921820,0.003419
79.380054,1,0.000000,0.220560,0.154197,0.000000,0.000000,0.180547,0.283020,1.062670,0.000122,0.000549,0.003236,0.015018,3.696064,3.299826,1.797800,1.109156,0.602564,1.101464,0.801831,0.879462,3.303110,3.299447,0.797362,4.897700,4.895020,0.004274
79.410054,1,0.000000,0.221536,0.153221,0.000000,0.000000,0.180547,0.284972,1.634190,0.000122,0.000549,0.003419,0.014896,3.704416,3.299826,1.797800,1.104761,0.601465,1.101098,0.800732,0.879462,3.304026,3.299447,0.797948,4.893680,4.903060,0.004274
79.440054,1,0.000000,0.221536,0.153221,0.000000,0.000000,0.178595,0.283996,1.062670,0.000244,0.000488,0.003297,0.015263,3.711840,3.294258,1.798289,1.103296,0.615018,1.102197,0.799633,0.878656,3.305857,3.300363,0.797362,4.912440,4.921820,0.003419
79.470054,1,0.000000,0.220560,0.154197,0.000000,0.000000,0.186403,0.283020,1.071600,0.000122,0.000549,0.003358,0.015140,3.703488,3.294258,1.798289,1.107325,0.601098,1.104028,0.801464,0.879731,3.303110,3.299447,0.797655,4.901720,4.899040,0.004274
79.500054,1,0.000000,0.221536,0.153221,0.000000,0.000000,0.192258,0.283996,1.857440,0.000183,0.000427,0.003297,0.015629,3.719264,3.297970,1.797312,1.109156,0.604395,1.101464,0.801098,0.879462,3.304942,3.298531,0.797362,4.893680,4.907080,0.004274
79.530054,1,0.000000,0.218608,0.152245,0.000000,0.000000,0.193234,0.283020,1.062670,0.000061,0.000427,0.003297,0.015629,3.697920,3.297970,1.797312,1.102929,0.612820,1.100732,0.801464,0.879999,3.304026,3.298531,0.797362,4.907080,4.921820,0.004274
79.560054,1,0.000976,0.278140,0.152245,0.000000,0.000000,0.190306,0.283020,1.928880,0.000183,0.000427,0.003419,0.015629,3.697920,3.293330,1.798289,1.101464,0.602930,1.104028,0.801464,0.879999,3.304942,3.300363,0.797362,4.888320,4.901720,0.003419
79.590055,1,0.000976,0.220560,0.153221,0.000000,0.000000,0.200066,0.282044,1.937810,0.000244,0.000488,0.003358,0.015385,3.717408,3.301682,1.797312,1.103296,0.599999,1.102929,0.800365,0.879193,3.303110,3.299447,0.797655,4.892340,4.917800,0.003419
79.620054,1,0.000000,0.220560,0.153221,0.000000,0.000000,0.181523,0.285948,1.071600,0.000122,0.000488,0.003480,0.015507,3.704416,3.293330,1.796824,1.109156,0.614285,1.104761,0.800732,0.879999,3.304942,3.299447,0.797362,4.907080,4.919140,0.003419
79.650054,1,0.000000,0.219584,0.154197,0.000000,0.000000,0.181523,0.283020,2.795090,0.000244,0.000488,0.003358,0.015140,3.710912,3.297970,1.797800,1.103296,0.599633,1.104028,0.800732,0.879193,3.304942,3.299447,0.797655,4.881620,4.897700,0.004274
79.680054,1,0.000000,0.221536,0.152245,0.000000,0.000000,0.178595,0.282044,1.660980,0.000244,0.000549,0.003419,0.015385,3.715552,3.301682,1.797312,1.107691,0.604395,1.104028,0.799633,0.879193,3.304942,3.299447,0.797655,4.909760,4.921820,0.003419
79.710054,1,0.000000,0.222512,0.152245,0.000000,0.000000,0.177619,0.283996,1.062670,0.000061,0.000427,0.003358,0.015385,3.711840,3.301682,1.798289,1.104761,0.612087,1.104761,0.802930,0.879999,3.304942,3.299447,0.796776,4.893680,4.893680,0.003419
79.740054,1,0.000000,0.219584,0.153221,0.000000,0.000000,0.179571,0.318153,1.589540,0.000122,0.000488,0.003358,0.015018,3.697920,3.291474,1.798289,1.102197,0.603662,1.104761,0.801098,0.879193,3.303110,3.299447,0.797655,4.889660,4.903060,0.004274
79.770054,1,0.000000,0.229344,0.151269,0.000000,0.000000,0.179571,0.280092,1.071600,0.000122,0.000488,0.003480,0.015385,3.704416,3.291474,1.798289,1.104394,0.612454,1.102929,0.801098,0.879999,3.304942,3.299447,0.797948,4.907080,4.920480,0.004274
79.800054,1,0.000000,0.228368,0.153221,0.000000,0.000000,0.178595,0.283020,1.821720,0.000183,0.000427,0.003358,0.015263,3.715552,3.301682,1.797800,1.107325,0.600732,1.102563,0.800365,0.879999,3.304942,3.299447,0.797362,4.882960,4.907080,0.004274
79.830054,1,0.000000,0.228368,0.153221,0.000000,0.000000,0.179571,0.285948,2.232500,0.000061,0.000549,0.003297,0.015629,3.710912,3.299826,1.797800,1.107691,0.602564,1.104761,0.801098,0.879193,3.304942,3.299447,0.797655,4.886980,4.920480,0.004274
79.860054,1,0.000976,0.234223,0.153221,0.000000,0.000000,0.182499,0.283020,1.062670,0.000244,0.000549,0.003358,0.015385,3.711840,3.301682,1.797312,1.101464,0.614651,1.101098,0.801464,0.879462,3.303110,3.298531,0.797069,4.908420,4.917800,0.004274
79.890054,1,0.000976,0.224464,0.153221,0.000000,0.000000,0.179571,0.283020,1.821720,0.000061,0.000427,0.003358,0.015263,3.711840,3.301682,1.796824,1.110622,0.600366,1.101464,0.800732,0.879999,3.304942,3.299447,0.797362,4.877600,4.912440,0.003419
79.920056,1,0.000976,0.218608,0.153221,0.000000,0.000000,0.181523,0.282044,2.071760,0.000061,0.000549,0.003236,0.015385,3.699776,3.297970,1.796824,1.109156,0.602564,1.101464,0.800732,0.879462,3.306773,3.299447,0.797655,4.911100,4.920480,0.004274
79.950054,1,0.000000,0.218608,0.155173,0.000000,0.000000,0.181523,0.283020,1.071600,0.000122,0.000549,0.003358,0.015873,3.698848,3.311889,1.798289,1.102929,0.616483,1.104394,0.800732,0.878925,3.304026,3.299447,0.797948,4.909760,4.909760,0.003419
79.980054,1,0.000976,0.221536,0.154197,0.000000,0.000000,0.179571,0.282044,1.794930,0.000061,0.000672,0.003358,0.015629,3.699776,3.301682,1.798289,1.104394,0.605128,1.104761,0.800732,0.879731,3.304942,3.299447,0.797655,4.900380,4.909760,0.004274
80.010054,1,0.000000,0.222512,0.154197,0.000000,0.000000,0.191282,0.286923,2.080690,0.000122,0.000549,0.003358,0.015385,3.699776,3.301682,1.798777,1.110622,0.611721,1.100732,0.798900,0.879193,3.304942,3.299447,0.797655,4.911100,4.920480,0.004274
80.040054,1,0.000000,0.217632,0.155173,0.000000,0.000000,0.192258,0.283996,1.053740,0.000122,0.000549,0.003419,0.015263,3.700704,3.327664,1.797800,1.109156,0.616117,1.100365,0.800732,0.879731,3.304942,3.299447,0.797655,4.911100,4.889660,0.004274
80.070054,1,0.000976,0.221536,0.153221,0.000000,0.000000,0.193234,0.284972,1.803860,0.000244,0.000549,0.003297,0.015018,3.719264,3.301682,1.797800,1.104394,0.605494,1.104028,0.801831,0.879999,3.304942,3.299447,0.797948,4.899040,4.911100,0.004274
80.100054,1,0.000000,0.222512,0.153221,0.000000,0.000000,0.192258,0.283020,1.643120,0.000244,0.000549,0.003419,0.015385,3.715552,3.298898,1.796824,1.103296,0.610256,1.100732,0.801098,0.879462,3.303110,3.299447,0.796776,4.911100,4.919140,0.003419
80.130054,1,0.000000,0.220560,0.154197,0.000000,0.000000,0.203969,0.283996,1.062670,0.000183,0.000427,0.003419,0.015018,3.699776,3.292402,1.796824,1.110622,0.605128,1.104761,0.801831,0.879462,3.304942,3.299447,0.797948,4.882960,4.904400,0.004274
80.160054,1,0.000000,0.219584,0.157125,0.000000,0.000000,0.193234,0.283020,2.259290,0.000244,0.000549,0.003419,0.015263,3.704416,3.307249,1.796824,1.107691,0.600366,1.100732,0.800732,0.878656,3.304942,3.300363,0.797362,4.886980,4.899040,0.004274
80.190055,1,0.000000,0.220560,0.153221,0.000000,0.000000,0.182499,0.283996,1.071600,0.000122,0.000549,0.003419,0.015018,3.701632,3.307249,1.797800,1.101830,0.610622,1.101098,0.799633,0.879462,3.303110,3.299447,0.796776,4.909760,4.921820,0.004274
80.220054,1,0.000000,0.222512,0.153221,0.000000,0.000000,0.179571,0.283996,1.062670,0.000183,0.000672,0.003297,0.015507,3.722976,3.301682,1.796824,1.107691,0.603296,1.100732,0.802930,0.879193,3.305857,3.299447,0.797655,4.895020,4.903060,0.004274
80.250054,1,0.004880,0.220560,0.154197,0.000000,0.000000,0.179571,0.285948,2.786160,0.000061,0.000549,0.003297,0.015629,3.719264,3.292402,1.796824,1.103662,0.603662,1.101098,0.802197,0.879999,3.304026,3.299447,0.797362,4.888320,4.899040,0.004274
80.280054,1,0.000000,0.232271,0.152245,0.000000,0.000000,0.179571,0.283996,1.062670,0.000122,0.000549,0.003358,0.015263,3.699776,3.301682,1.797800,1.104394,0.613919,1.104028,0.801464,0.879193,3.304942,3.299447,0.797655,4.911100,4.919140,0.004274
80.310054,1,0.000000,0.228368,0.153221,0.000000,0.000000,0.179571,0.283020,1.777070,0.000122,0.000549,0.003297,0.014896,3.715552,3.301682,1.797312,1.104761,0.602930,1.100732,0.800732,0.879999,3.304942,3.299447,0.797362,4.893680,4.903060,0.003419
80.340054,1,0.000000,0.229344,0.153221,0.000000,0.000000,0.181523,0.284972,1.571680,0.000061,0.000427,0.003297,0.015263,3.711840,3.297970,1.797800,1.102929,0.600366,1.101464,0.800732,0.879999,3.304942,3.297616,0.797948,4.907080,4.919140,0.003419
80.370054,1,0.000000,0.226416,0.152245,0.000000,0.000000,0.180547,0.286923,1.071600,0.000183,0.000427,0.003358,0.015140,3.703488,3.301682,1.798289,1.102563,0.615384,1.102929,0.801831,0.879462,3.307689,3.300363,0.796776,4.909760,4.897700,0.003419
80.400054,1,0.000976,0.232271,0.153221,0.000000,0.000000,0.179571,0.343527,1.759210,0.000183,0.000427,0.003358,0.015385,3.711840,3.298898,1.798777,1.109156,0.613919,1.099999,0.802930,0.879731,3.305857,3.298531,0.797655,4.892340,4.893680,0.004274
80.430054,1,0.000000,0.218608,0.156149,0.000000,0.000000,0.179571,0.283996,1.062670,0.000122,0.000549,0.003480,0.015385,3.711840,3.325809,1.796824,1.104761,0.616117,1.102929,0.798900,0.879193,3.305857,3.299447,0.797655,4.911100,4.920480,0.004274
80.460054,1,0.000000,0.220560,0.153221,0.006832,0.000000,0.180547,0.283996,2.187850,0.000244,0.000549,0.003419,0.015385,3.697920,3.293330,1.798289,1.104761,0.601831,1.105127,0.801098,0.879462,3.304026,3.299447,0.796776,4.893680,4.908420,0.004274
80.490054,1,0.000000,0.221536,0.153221,0.000000,0.000000,0.180547,0.282044,1.812790,0.000183,0.000427,0.003419,0.015140,3.711840,3.301682,1.796824,1.102197,0.608791,1.102929,0.801831,0.879462,3.304942,3.298531,0.797948,4.907080,4.919140,0.004274
80.520054,0,0.000976,0.223488,0.153221,0.000000,0.000000,0.181523,0.282044,1.062670,0.000061,0.000427,0.003419,0.015140,3.715552,3.291474,1.797312,1.106592,0.603662,1.104761,0.800732,0.879462,3.303110,3.298531,0.797655,4.886980,4.920480,0.003419
80.550054,0,0.000000,0.218608,0.153221,0.000000,0.000000,0.180547,0.284972,1.062670,0.000183,0.000427,0.003480,0.015629,3.696993,3.291474,1.798289,1.110622,0.604761,1.100365,0.801831,0.879731,3.303110,3.299447,0.797655,4.911100,4.921820,0.003419
80.580054,0,0.000000,0.217632,0.153221,0.000000,0.000000,0.179571,0.283996,1.053740,0.000183,0.000427,0.003419,0.015629,3.704416,3.293330,1.797800,1.107691,0.613186,1.104761,0.802930,0.879193,3.303110,3.299447,0.797069,4.912440,4.920480,0.003419
80.610053,0,0.000000,0.216657,0.155173,0.000000,0.000000,0.178595,0.282044,1.071600,0.000183,0.000672,0.003297,0.015263,3.701632,3.301682,1.797800,1.107691,0.610988,1.104394,0.800732,0.879462,3.304942,3.299447,0.797362,4.907080,4.919140,0.003419
80.640054,0,0.000976,0.220560,0.154197,0.000000,0.000000,0.179571,0.283020,1.053740,0.000183,0.000427,0.003419,0.015263,3.704416,3.292402,1.798289,1.104761,0.615018,1.104394,0.799633,0.879462,3.304026,3.299447,0.797655,4.911100,4.920480,0.003419
80.670053,0,0.000000,0.221536,0.154197,0.000000,0.000000,0.179571,0.283996,1.062670,0.000183,0.000427,0.003419,0.015629,3.711840,3.327664,1.798289,1.102929,0.604761,1.104761,0.800732,0.879731,3.305857,3.300363,0.797362,4.912440,4.920480,0.004274
80.700054,0,0.000000,0.221536,0.153221,0.000000,0.000000,0.182499,0.283020,1.044810,0.000061,0.000427,0.003419,0.015018,3.704416,3.292402,1.797800,1.104761,0.617216,1.104761,0.801098,0.879462,3.305857,3.298531,0.797362,4.912440,4.921820,0.004274
80.730053,0,0.000000,0.224464,0.154197,0.000000,0.000000,0.180547,0.283020,1.062670,0.000183,0.000427,0.003419,0.016117,3.700704,3.299826,1.796824,1.101830,0.616483,1.100732,0.800732,0.879462,3.304942,3.298531,0.797948,4.907080,4.919140,0.003419
80.760054,0,0.000976,0.218608,0.151269,0.000000,0.000000,0.180547,0.282044,1.053740,0.000183,0.000427,0.003419,0.015385,3.711840,3.301682,1.798289,1.107691,0.614651,1.100732,0.800732,0.879193,3.304942,3.297616,0.797362,4.907080,4.919140,0.003419
80.790053,0,0.000000,0.219584,0.154197,0.000000,0.000000,0.178595,0.283020,1.062670,0.000122,0.000549,0.003419,0.015629,3.708128,3.293330,1.797312,1.107325,0.615018,1.104761,0.800732,0.879462,3.305857,3.300363,0.796776,4.907080,4.921820,0.003419
80.820054,0,0.000000,0.219584,0.154197,0.000000,0.000000,0.179571,0.283020,1.044810,0.000183,0.000427,0.003358,0.015140,3.696993,3.291474,1.797312,1.109889,0.616117,1.104761,0.801098,0.879462,3.303110,3.299447,0.797655,4.911100,4.921820,0.004274
80.850054,0,0.000000,0.221536,0.152245,0.000000,0.000000,0.180547,0.282044,1.053740,0.000122,0.000549,0.003297,0.015140,3.711840,3.298898,1.797312,1.104394,0.615750,1.104028,0.801464,0.879193,3.303110,3.299447,0.797655,4.911100,4.921820,0.004274
80.880053,0,0.000000,0.219584,0.152245,0.000000,0.000000,0.179571,0.283020,1.053740,0.000183,0.000427,0.003419,0.015629,3.700704,3.327664,1.797800,1.104761,0.615750,1.100732,0.801831,0.879462,3.305857,3.299447,0.797362,4.907080,4.923160,0.004274
80.910054,0,0.000000,0.219584,0.154197,0.000000,0.000000,0.179571,0.280092,1.062670,0.000122,0.000549,0.003480,0.015385,3.704416,3.291474,1.798289,1.102197,0.616117,1.100732,0.800732,0.879193,3.304026,3.299447,0.797655,4.911100,4.919140,0.003419
80.940054,0,0.000000,0.218608,0.154197,0.000000,0.000000,0.180547,0.283020,1.062670,0.000061,0.000427,0.003297,0.015385,3.697920,3.301682,1.797800,1.110622,0.616849,1.101464,0.801831,0.879193,3.304942,3.299447,0.797655,4.911100,4.920480,0.004274
80.970054,0,0.000976,0.221536,0.155173,0.000000,0.000000,0.181523,0.282044,1.053740,0.000244,0.000488,0.003358,0.015385,3.721120,3.301682,1.797800,1.104761,0.614651,1.104761,0.800732,0.879193,3.304026,3.299447,0.797655,4.909760,4.921820,0.004274
81.000053,0,0.000976,0.221536,0.153221,0.000000,0.000000,0.181523,0.283020,1.053740,0.000122,0.000549,0.003419,0.015140,3.711840,3.294258,1.798289,1.109156,0.615750,1.104394,0.799633,0.879462,3.304026,3.299447,0.797362,4.909760,4.919140,0.004274
81.030054,0,0.000000,0.222512,0.152245,0.000000,0.000000,0.178595,0.282044,1.044810,0.000122,0.000549,0.003358,0.015140,3.699776,3.301682,1.796824,1.104761,0.616483,1.104394,0.799633,0.879193,3.304026,3.299447,0.797948,4.909760,4.920480,0.003419
81.060054,0,0.000000,0.221536,0.152245,0.000000,0.000000,0.181523,0.283020,1.062670,0.000183,0.000427,0.003358,0.015385,3.697920,3.327664,1.796824,1.101830,0.616117,1.104028,0.800732,0.879462,3.304942,3.300363,0.796776,4.907080,4.919140,0.004274
81.090054,0,0.000000,0.217632,0.188355,0.000000,0.000000,0.181523,0.282044,1.053740,0.000122,0.000549,0.003358,0.015873,3.700704,3.299826,1.797800,1.101830,0.616483,1.102929,0.801098,0.879193,3.304942,3.299447,0.797948,4.909760,4.920480,0.003419
81.120053,0,0.000000,0.220560,0.154197,0.000000,0.000000,0.179571,0.283020,1.053740,0.000183,0.000427,0.003358,0.015140,3.704416,3.301682,1.797312,1.104394,0.612820,1.102929,0.798900,0.879462,3.304026,3.300363,0.796776,4.908420,4.919140,0.003419
81.150054,0,0.000000,0.216657,0.152245,0.000000,0.000000,0.180547,0.285948,1.053740,0.000061,0.000427,0.003419,0.015629,3.701632,3.301682,1.797800,1.104761,0.613186,1.102929,0.801831,0.878925,3.305857,3.299447,0.797655,4.909760,4.920480,0.004274
81.180054,0,0.000000,0.220560,0.152245,0.000000,0.000000,0.181523,0.283996,1.062670,0.000183,0.000427,0.003297,0.015385,3.701632,3.301682,1.798289,1.104761,0.615384,1.104761,0.800732,0.879731,3.303110,3.300363,0.797362,4.912440,4.919140,0.004274
81.210053,0,0.000976,0.219584,0.153221,0.000000,0.000000,0.180547,0.283020,1.053740,0.000122,0.000549,0.003419,0.015140,3.711840,3.307249,1.798777,1.107691,0.616483,1.100732,0.801098,0.879462,3.304026,3.300363,0.797362,4.909760,4.921820,0.003419
81.240054,0,0.000976,0.223488,0.153221,0.000000,0.000000,0.178595,0.283996,1.071600,0.000244,0.000549,0.003297,0.015385,3.711840,3.297970,1.796824,1.106226,0.615750,1.101098,0.801831,0.879462,3.303110,3.299447,0.797362,4.911100,4.921820,0.003419
81.270054,0,0.000976,0.224464,0.153221,0.000000,0.000000,0.178595,0.283020,1.053740,0.000122,0.000549,0.003480,0.015385,3.704416,3.295186,1.798289,1.104761,0.616483,1.105127,0.801098,0.879999,3.304026,3.299447,0.797655,4.907080,4.919140,0.003419
81.300054,0,0.000976,0.218608,0.153221,0.000000,0.000000,0.179571,0.283996,1.053740,0.000183,0.000672,0.003297,0.015263,3.700704,3.301682,1.796824,1.108424,0.616483,1.104028,0.801831,0.879462,3.304942,3.299447,0.797655,4.909760,4.920480,0.004274
81.330054,0,0.000000,0.222512,0.153221,0.000000,0.000000,0.178595,0.283020,1.053740,0.000183,0.000427,0.003419,0.015263,3.711840,3.327664,1.796824,1.103662,0.613919,1.102929,0.801098,0.879462,3.305857,3.300363,0.796776,4.912440,4.920480,0.003419
81.360053,0,0.000976,0.219584,0.153221,0.000000,0.000000,0.178595,0.281068,1.053740,0.000183,0.000427,0.003358,0.015385,3.704416,3.327664,1.796824,1.103296,0.616483,1.102563,0.801464,0.879462,3.304942,3.299447,0.797362,4.907080,4.919140,0.004274
81.390054,0,0.002928,0.221536,0.153221,0.000000,0.000000,0.181523,0.283020,1.053740,0.000061,0.000427,0.003358,0.015629,3.700704,3.301682,1.798289,1.107691,0.615018,1.104761,0.800732,0.879999,3.304026,3.299447,0.797655,4.907080,4.919140,0.003419
81.420054,0,0.000976,0.219584,0.154197,0.000000,0.000000,0.181523,0.283020,1.062670,0.000061,0.000549,0.003358,0.015140,3.711840,3.313745,1.798289,1.101830,0.617582,1.101098,0.801831,0.879462,3.304942,3.299447,0.797655,4.909760,4.920480,0.004274
81.450054,0,0.001952,0.224464,0.153221,0.000000,0.000000,0.182499,0.283020,1.062670,0.000061,0.000427,0.003419,0.015140,3.700704,3.313745,1.796824,1.101830,0.615750,1.106226,0.801831,0.879462,3.305857,3.299447,0.797362,4.907080,4.924500,0.003419
81.480054,0,0.002928,0.220560,0.154197,0.000000,0.000000,0.190306,0.282044,1.044810,0.000061,0.000427,0.003419,0.015140,3.700704,3.301682,1.798289,1.110622,0.615384,1.104028,0.800732,0.879999,3.304942,3.299447,0.797362,4.911100,4.921820,0.003419
81.510054,0,0.000976,0.222512,0.152245,0.000000,0.000000,0.191282,0.283996,1.062670,0.000183,0.000427,0.003419,0.015507,3.701632,3.294258,1.798289,1.104761,0.606227,1.100732,0.801831,0.878925,3.305857,3.299447,0.797655,4.909760,4.920480,0.004274
81.540054,0,0.002928,0.221536,0.154197,0.000000,0.000000,0.191282,0.283996,1.053740,0.000061,0.000427,0.003358,0.015385,3.704416,3.291474,1.797800,1.106226,0.611721,1.101098,0.801098,0.879193,3.303110,3.298531,0.796776,4.912440,4.913780,0.003419
81.570054,0,0.000000,0.221536,0.152245,0.000000,0.000000,0.202993,0.283020,1.044810,0.000061,0.000427,0.003419,0.016117,3.701632,3.301682,1.796824,1.103296,0.614285,1.101098,0.801831,0.879462,3.305857,3.298531,0.797655,4.911100,4.920480,0.004274
81.600053,0,0.000000,0.278140,0.153221,0.000000,0.000000,0.180547,0.281068,1.053740,0.000183,0.000427,0.003358,0.015507,3.704416,3.293330,1.796824,1.101464,0.616849,1.101098,0.800732,0.879999,3.304942,3.299447,0.797655,4.911100,4.921820,0.003419
81.630054,0,0.000000,0.220560,0.153221,0.000000,0.000000,0.179571,0.284972,1.062670,0.000244,0.000549,0.003419,0.015507,3.697920,3.299826,1.798289,1.104761,0.615750,1.104394,0.798900,0.879193,3.303110,3.299447,0.797069,4.909760,4.920480,0.004274
81.660054,0,0.000976,0.220560,0.154197,0.000000,0.000000,0.180547,0.284972,1.062670,0.000183,0.000427,0.003419,0.015507,3.701632,3.299826,1.796824,1.107691,0.615384,1.104761,0.799633,0.879999,3.304942,3.298531,0.797362,4.907080,4.919140,0.003419
81.690054,0,0.000976,0.218608,0.153221,0.000000,0.000000,0.181523,0.283020,1.071600,0.000122,0.000549,0.003419,0.015263,3.711840,3.293330,1.798289,1.101464,0.615750,1.104761,0.801831,0.879193,3.305857,3.298531,0.797362,4.912440,4.921820,0.004274
81.720054,0,0.000000,0.222512,0.154197,0.000000,0.000000,0.181523,0.283996,1.062670,0.000122,0.000549,0.003419,0.015629,3.704416,3.294258,1.798289,1.102563,0.616849,1.101464,0.801831,0.878925,3.304942,3.299447,0.797655,4.905740,4.919140,0.004274
81.750054,0,0.000000,0.231295,0.153221,0.000000,0.000000,0.181523,0.282044,1.053740,0.000122,0.000611,0.003419,0.015385,3.711840,3.295186,1.797800,1.106226,0.617216,1.099999,0.798900,0.879462,3.305857,3.299447,0.797655,4.907080,4.919140,0.003419
81.780054,0,0.000000,0.228368,0.153221,0.000000,0.000000,0.181523,0.283020,1.035880,0.000061,0.000427,0.003419,0.015263,3.704416,3.311889,1.798289,1.109156,0.615750,1.102929,0.799633,0.879731,3.305857,3.300363,0.797362,4.909760,4.921820,0.004274
81.810054,0,0.000976,0.226416,0.154197,0.000000,0.000000,0.179571,0.283020,1.053740,0.000183,0.000427,0.003419,0.015629,3.711840,3.295186,1.796824,1.108424,0.616117,1.105127,0.801464,0.878925,3.304942,3.299447,0.797655,4.911100,4.920480,0.004274
81.840054,0,0.000000,0.234223,0.152245,0.000000,0.000000,0.181523,0.282044,1.053740,0.000183,0.000427,0.003358,0.015140,3.701632,3.298898,1.797312,1.107691,0.615384,1.102929,0.800732,0.879999,3.304942,3.297616,0.797362,4.907080,4.920480,0.004274
81.870054,0,0.000000,0.223488,0.153221,0.000000,0.000000,0.180547,0.285948,1.044810,0.000244,0.000549,0.003419,0.015385,3.711840,3.298898,1.796824,1.110622,0.613919,1.100732,0.800365,0.879193,3.305857,3.299447,0.797655,4.911100,4.920480,0.004274
81.900054,0,0.000000,0.220560,0.154197,0.000000,0.000000,0.181523,0.284972,1.035880,0.000244,0.000488,0.003419,0.015629,3.704416,3.301682,1.796824,1.109156,0.616117,1.102563,0.800365,0.879193,3.303110,3.298531,0.797655,4.903060,4.919140,0.003419
81.930054,0,0.000976,0.218608,0.153221,0.000000,0.000000,0.180547,0.283020,1.044810,0.000061,0.000549,0.003358,0.015263,3.701632,3.301682,1.798289,1.101830,0.616483,1.102197,0.800732,0.879462,3.305857,3.300363,0.797362,4.909760,4.921820,0.003419
81.960054,0,0.000000,0.221536,0.154197,0.000000,0.000000,0.179571,0.280092,1.053740,0.000183,0.000427,0.003541,0.015385,3.697920,3.297970,1.797800,1.102929,0.615750,1.104761,0.803296,0.879462,3.305857,3.300363,0.797362,4.911100,4.921820,0.003419
81.990054,0,0.000000,0.220560,0.152245,0.000000,0.000000,0.192258,0.284972,1.053740,0.000122,0.000549,0.003419,0.015385,3.711840,3.292402,1.797800,1.107691,0.615750,1.100732,0.800732,0.879462,3.305857,3.300363,0.796776,4.912440,4.921820,0.003419
82.020054,0,0.000976,0.220560,0.153221,0.000000,0.000000,0.192258,0.283020,1.044810,0.000061,0.000427,0.003297,0.015263,3.700704,3.301682,1.796824,1.101830,0.616483,1.104761,0.800732,0.879193,3.305857,3.299447,0.797948,4.909760,4.919140,0.003419
82.050054,0,0.000976,0.219584,0.152245,0.000000,0.000000,0.192258,0.281068,1.053740,0.000183,0.000427,0.003419,0.015629,3.711840,3.298898,1.796824,1.104761,0.615750,1.102929,0.800365,0.878656,3.304026,3.300363,0.796776,4.912440,4.919140,0.003419
82.080053,0,0.000000,0.218608,0.153221,0.000000,0.000000,0.192258,0.283996,1.044810,0.000122,0.000549,0.003358,0.015263,3.711840,3.307249,1.798289,1.101830,0.617216,1.102929,0.801098,0.879462,3.305857,3.298531,0.797362,4.912440,4.921820,0.003419
82.110054,0,0.000000,0.222512,0.152245,0.000000,0.000000,0.202993,0.283996,1.053740,0.000122,0.000549,0.003419,0.015385,3.701632,3.301682,1.796824,1.101830,0.615384,1.101464,0.800732,0.879999,3.305857,3.299447,0.797655,4.911100,4.920480,0.003419
82.140054,0,0.000000,0.223488,0.152245,0.000000,0.000000,0.183475,0.283020,1.053740,0.000183,0.000427,0.003358,0.015385,3.700704,3.325809,1.797312,1.103296,0.616483,1.104761,0.800732,0.879462,3.304026,3.300363,0.796776,4.912440,4.920480,0.003419
82.170054,0,0.000000,0.219584,0.152245,0.000000,0.000000,0.180547,0.282044,1.044810,0.000122,0.000549,0.003419,0.015873,3.711840,3.293330,1.796335,1.105494,0.616117,1.104028,0.801831,0.878925,3.304942,3.297616,0.796776,4.909760,4.920480,0.004274
82.200054,0,0.000000,0.220560,0.153221,0.000000,0.000000,0.191282,0.283996,1.044810,0.000122,0.000549,0.003419,0.015263,3.700704,3.293330,1.797312,1.101464,0.615750,1.104394,0.801098,0.879462,3.304026,3.298531,0.797655,4.907080,4.919140,0.003419
82.230054,0,0.000000,0.219584,0.154197,0.000000,0.000000,0.180547,0.283020,1.044810,0.000183,0.000427,0.003358,0.015263,3.701632,3.299826,1.797312,1.110622,0.616849,1.101098,0.801831,0.879462,3.304942,3.299447,0.797655,4.911100,4.920480,0.003419
82.260054,0,0.000000,0.232271,0.152245,0.000000,0.000000,0.179571,0.283020,1.062670,0.000061,0.000549,0.003297,0.015385,3.711840,3.301682,1.796824,1.104761,0.614651,1.102929,0.801464,0.879193,3.304942,3.299447,0.797655,4.911100,4.917800,0.003419
82.290054,0,0.000976,0.227392,0.154197,0.000000,0.000000,0.179571,0.282044,1.053740,0.000061,0.000672,0.003358,0.015385,3.704416,3.291474,1.798289,1.101830,0.615384,1.104028,0.801098,0.879193,3.303110,3.299447,0.797655,4.912440,4.920480,0.003419
82.320054,0,0.000000,0.229344,0.154197,0.000000,0.000000,0.181523,0.283020,1.044810,0.000122,0.000549,0.003236,0.015140,3.701632,3.299826,1.797800,1.101464,0.616483,1.104761,0.801098,0.879999,3.304026,3.299447,0.797655,4.907080,4.919140,0.003419
82.350054,0,0.000000,0.228368,0.154197,0.000000,0.000000,0.178595,0.283996,1.044810,0.000183,0.000672,0.003297,0.015263,3.697920,3.301682,1.796824,1.107691,0.616117,1.100365,0.799633,0.879462,3.304942,3.299447,0.797948,4.911100,4.919140,0.003419
82.380053,0,0.000000,0.234223,0.153221,0.000000,0.000000,0.181523,0.283996,1.035880,0.000183,0.000427,0.003419,0.015140,3.704416,3.292402,1.797800,1.107691,0.615384,1.101098,0.801831,0.879462,3.305857,3.298531,0.797069,4.911100,4.920480,0.003419
82.410054,0,0.000000,0.224464,0.152245,0.000000,0.000000,0.180547,0.283020,1.044810,0.000183,0.000427,0.003358,0.015629,3.701632,3.301682,1.797312,1.106226,0.615750,1.104761,0.801464,0.879462,3.304942,3.299447,0.797362,4.907080,4.917800,0.004274
82.440054,0,0.000000,0.220560,0.153221,0.000000,0.000000,0.179571,0.284972,1.044810,0.000061,0.000672,0.003297,0.015629,3.701632,3.301682,1.797800,1.104761,0.615018,1.101098,0.800365,0.878656,3.303110,3.299447,0.797362,4.909760,4.921820,0.003419
82.470053,0,0.000000,0.220560,0.152245,0.000000,0.000000,0.180547,0.282044,1.035880,0.000061,0.000427,0.003419,0.015018,3.726687,3.313745,1.797312,1.107691,0.616483,1.104761,0.799633,0.879462,3.304026,3.298531,0.797362,4.907080,4.913780,0.004274
82.500054,0,0.000000,0.222512,0.154197,0.000000,0.000000,0.179571,0.282044,1.044810,0.000244,0.000488,0.003358,0.015629,3.701632,3.301682,1.798289,1.104394,0.616483,1.104761,0.801098,0.879193,3.303110,3.299447,0.797069,4.912440,4.919140,0.003419
82.530054,0,0.000000,0.220560,0.153221,0.000000,0.000000,0.180547,0.283996,1.044810,0.000183,0.000427,0.003419,0.015263,3.704416,3.294258,1.797312,1.109156,0.603296,1.102929,0.800732,0.879193,3.304942,3.299447,0.797948,4.911100,4.917800,0.004274
