duration_s,active,3V7_WL_SW_A current(0),3V3_SYS_A current(1),1V8_SYS_A current(2),DDR_VDD2_A current(3),DDR_VDDQ_A current(4),1V1_SYS_A current(5),0V8_SW_A current(6),VDD_CORE_A current(7),3V3_DAC_A current(17),3V3_ADC_A current(18),0V8_AON_A current(16),HDMI_A current(22),3V7_WL_SW_V volt(8),3V3_SYS_V volt(9),1V8_SYS_V volt(10),DDR_VDD2_V volt(11),DDR_VDDQ_V volt(12),1V1_SYS_V volt(13),0V8_SW_V volt(14),VDD_CORE_V volt(15),3V3_DAC_V volt(20),3V3_ADC_V volt(21),0V8_AON_V volt(19),HDMI_V volt(23),EXT5V_V volt(24),BATT_V volt(25)
0.000001,0,0.000000,0.218608,0.148341,0.000000,0.000000,0.179571,0.283996,0.678680,0.000244,0.000549,0.003358,0.015385,3.711840,3.293330,1.798289,1.110622,0.615750,1.099999,0.801464,0.749987,3.304942,3.297616,0.796776,4.925840,4.935220,0.004274
0.100069,0,0.000000,0.221536,0.146390,0.000000,0.000000,0.179571,0.283996,0.687610,0.000061,0.000427,0.003358,0.015507,3.726687,3.327664,1.797800,1.107691,0.615750,1.104394,0.799633,0.749718,3.304942,3.299447,0.797948,4.925840,4.935220,0.004274
0.200062,0,0.000000,0.217632,0.145414,0.000000,0.000000,0.180547,0.283020,0.687610,0.000061,0.000427,0.003114,0.015751,3.715552,3.293330,1.798289,1.106226,0.615750,1.102929,0.801831,0.750256,3.306773,3.300363,0.797655,4.924500,4.935220,0.004274
0.300057,0,0.000000,0.217632,0.147365,0.000000,0.000000,0.179571,0.283020,0.687610,0.000244,0.000549,0.003419,0.015263,3.710912,3.293330,1.798289,1.104761,0.615750,1.100732,0.800732,0.750256,3.304026,3.299447,0.797948,4.925840,4.937900,0.004274
0.400057,0,0.000000,0.221536,0.146390,0.000000,0.000000,0.179571,0.282044,0.687610,0.000061,0.000549,0.003358,0.015263,3.711840,3.327664,1.796824,1.107691,0.616483,1.105127,0.800732,0.749718,3.304942,3.300363,0.797948,4.925840,4.935220,0.004274
0.489784,1,0.000976,0.220560,0.150293,0.014639,0.000000,0.179571,0.284972,1.187690,0.000122,0.000611,0.003419,0.015018,3.699776,3.295186,1.797312,1.105494,0.604395,1.102929,0.799633,0.749987,3.304942,3.299447,0.797655,4.909760,4.933880,0.004274
0.600065,1,0.000976,0.219584,0.150293,0.000000,0.000000,0.179571,0.283020,0.714400,0.000244,0.000488,0.003358,0.015385,3.710912,3.311889,1.797312,1.101830,0.605128,1.102197,0.801831,0.770134,3.305857,3.299447,0.797948,4.900380,4.911100,0.004274
0.700056,1,0.000976,0.220560,0.151269,0.000000,0.000000,0.179571,0.284972,1.509170,0.000122,0.000549,0.003419,0.015385,3.704416,3.301682,1.796824,1.104761,0.600732,1.104761,0.799633,0.879193,3.305857,3.299447,0.797655,4.889660,4.892340,0.004274
0.800056,1,0.000976,0.222512,0.152245,0.000000,0.000000,0.180547,0.281068,1.018020,0.000183,0.000427,0.003419,0.015629,3.711840,3.357359,1.797800,1.101464,0.615750,1.101098,0.801098,0.879999,3.305857,3.300363,0.797655,4.912440,4.893680,0.004274
0.900055,1,0.000000,0.227392,0.154197,0.000000,0.000000,0.181523,0.283020,1.750280,0.000183,0.000427,0.003419,0.015263,3.710912,3.293330,1.796824,1.104761,0.599999,1.101098,0.801831,0.879999,3.305857,3.298531,0.797655,4.876260,4.911100,0.004274
1.000055,1,0.001952,0.220560,0.152245,0.000000,0.000000,0.180547,0.282044,2.169990,0.000061,0.000427,0.003358,0.015507,3.704416,3.289618,1.796824,1.101464,0.606959,1.100732,0.799633,0.879999,3.304942,3.299447,0.797948,4.896360,4.919140,0.004274
1.100057,1,0.000976,0.220560,0.153221,0.000000,0.000000,0.178595,0.282044,1.026950,0.000183,0.000427,0.003419,0.015385,3.711840,3.289618,1.796824,1.103296,0.610622,1.101464,0.800732,0.879731,3.303110,3.299447,0.797655,4.886980,4.893680,0.004274
1.200055,1,0.000000,0.221536,0.153221,0.000000,0.000000,0.179571,0.284972,1.732420,0.000183,0.000427,0.003236,0.016606,3.711840,3.299826,1.796824,1.107691,0.605494,1.104761,0.801831,0.879462,3.305857,3.299447,0.797655,4.877600,4.913780,0.004274
1.300055,1,0.000000,0.220560,0.154197,0.000000,0.000000,0.181523,0.280092,2.321800,0.000183,0.000427,0.003419,0.015140,3.715552,3.292402,1.797800,1.110622,0.615018,1.102929,0.800732,0.879193,3.304942,3.299447,0.797948,4.908420,4.921820,0.004274
1.400055,1,0.000000,0.221536,0.154197,0.000000,0.000000,0.179571,0.283996,1.750280,0.000183,0.000427,0.003419,0.015140,3.711840,3.327664,1.797312,1.102929,0.599633,1.104761,0.800732,0.879999,3.304942,3.298531,0.797948,4.896360,4.908420,0.004274
1.500055,1,0.000000,0.228368,0.153221,0.000000,0.000000,0.178595,0.280092,1.018020,0.000122,0.000549,0.003358,0.015385,3.711840,3.298898,1.796824,1.110622,0.616483,1.104394,0.802930,0.879462,3.304942,3.299447,0.797362,4.907080,4.919140,0.004274
1.600054,1,0.002928,0.219584,0.152245,0.000000,0.000000,0.179571,0.282044,2.714720,0.000244,0.000549,0.003419,0.015385,3.710912,3.307249,1.797312,1.103296,0.601831,1.100732,0.799633,0.879462,3.304026,3.299447,0.797362,4.888320,4.897700,0.004274
1.700057,1,0.002928,0.222512,0.155173,0.000000,0.000000,0.180547,0.281068,1.794930,0.000183,0.000427,0.003358,0.015507,3.701632,3.301682,1.798777,1.104761,0.602197,1.105127,0.800732,0.879999,3.304942,3.299447,0.797362,4.907080,4.920480,0.004274
1.800056,1,0.001952,0.218608,0.153221,0.000000,0.000000,0.180547,0.281068,2.420030,0.000183,0.000549,0.003358,0.015507,3.713696,3.301682,1.798289,1.107691,0.615750,1.102929,0.800365,0.879999,3.307689,3.299447,0.797655,4.896360,4.888320,0.004274
1.900055,1,0.000976,0.221536,0.152245,0.000000,0.000000,0.190306,0.280092,1.518100,0.000183,0.000427,0.003419,0.015263,3.711840,3.301682,1.797312,1.103296,0.600366,1.100732,0.801464,0.879462,3.304026,3.300363,0.797362,4.897700,4.907080,0.004274
2.000055,1,0.000976,0.221536,0.153221,0.000000,0.000000,0.181523,0.280092,1.026950,0.000183,0.000427,0.003297,0.015507,3.711840,3.301682,1.798289,1.110622,0.615750,1.104761,0.801098,0.879462,3.304942,3.300363,0.797362,4.907080,4.921820,0.004274
2.100057,1,0.001952,0.219584,0.152245,0.000000,0.000000,0.182499,0.283020,1.839580,0.000061,0.000427,0.003358,0.015140,3.715552,3.297970,1.798289,1.107691,0.612820,1.102929,0.801831,0.879462,3.305857,3.300363,0.797362,4.888320,4.884300,0.004274
2.200055,1,0.000000,0.229344,0.156149,0.007807,0.000000,0.181523,0.282044,1.527030,0.000061,0.000427,0.003358,0.015263,3.700704,3.307249,1.797312,1.101830,0.602197,1.104761,0.801464,0.879193,3.304942,3.298531,0.797655,4.903060,4.920480,0.004274
2.300055,1,0.000976,0.220560,0.154197,0.000000,0.000000,0.180547,0.283020,1.026950,0.000244,0.000549,0.003419,0.015385,3.704416,3.294258,1.798289,1.107691,0.604761,1.104761,0.799633,0.879462,3.305857,3.298531,0.797362,4.895020,4.892340,0.004274
2.400055,1,0.000976,0.216657,0.152245,0.000000,0.000000,0.180547,0.281068,1.839580,0.000244,0.000488,0.003358,0.015385,3.703488,3.301682,1.798289,1.107691,0.610622,1.100732,0.801098,0.879462,3.307689,3.300363,0.797362,4.907080,4.921820,0.004274
2.500055,1,0.000976,0.220560,0.154197,0.000000,0.000000,0.182499,0.283020,1.026950,0.000183,0.000427,0.003358,0.015263,3.711840,3.301682,1.797800,1.101830,0.604761,1.104761,0.800732,0.879999,3.304942,3.299447,0.797948,4.901720,4.900380,0.004274
2.600055,1,0.000000,0.215681,0.155173,0.000000,0.000000,0.179571,0.280092,1.580610,0.000183,0.000427,0.003419,0.015263,3.719264,3.289618,1.798289,1.101830,0.599633,1.104761,0.801464,0.879999,3.304026,3.300363,0.797655,4.881620,4.921820,0.004274
2.700056,1,0.000000,0.221536,0.153221,0.000000,0.000000,0.180547,0.283020,1.035880,0.000244,0.000549,0.003358,0.015263,3.699776,3.299826,1.798289,1.107691,0.615018,1.102197,0.800732,0.879731,3.303110,3.299447,0.797362,4.896360,4.905740,0.004274
2.800055,1,0.000000,0.228368,0.156149,0.000000,0.000000,0.181523,0.283020,2.741510,0.000061,0.000549,0.003419,0.015629,3.710912,3.292402,1.798777,1.107691,0.602930,1.102929,0.801831,0.879731,3.304942,3.300363,0.797362,4.893680,4.907080,0.004274
2.900056,1,0.000000,0.220560,0.152245,0.000000,0.000000,0.181523,0.284972,1.875300,0.000183,0.000672,0.003297,0.015873,3.711840,3.301682,1.796824,1.104761,0.615018,1.099999,0.802930,0.879193,3.304026,3.299447,0.797948,4.909760,4.919140,0.004274
3.000055,1,0.002928,0.220560,0.154197,0.000000,0.000000,0.179571,0.282044,1.518100,0.000122,0.000549,0.003358,0.015263,3.713696,3.301682,1.796824,1.104761,0.612820,1.105127,0.801831,0.879193,3.304942,3.299447,0.797362,4.895020,4.904400,0.004274
3.100055,1,0.000000,0.217632,0.154197,0.000000,0.000000,0.181523,0.283996,1.527030,0.000061,0.000549,0.003358,0.015629,3.712768,3.355503,1.798289,1.102929,0.605494,1.101464,0.800732,0.879999,3.304942,3.299447,0.797655,4.891000,4.919140,0.003419
3.200056,1,0.000976,0.219584,0.153221,0.000000,0.000000,0.182499,0.282044,1.035880,0.000061,0.000427,0.003419,0.015629,3.699776,3.301682,1.798289,1.108424,0.601465,1.100732,0.801831,0.879999,3.305857,3.299447,0.797948,4.884300,4.904400,0.004274
3.300057,1,0.000000,0.220560,0.151269,0.000000,0.000000,0.202017,0.281068,2.446820,0.000061,0.000549,0.003419,0.015385,3.715552,3.301682,1.797800,1.101464,0.613919,1.101098,0.801464,0.879193,3.305857,3.299447,0.797948,4.893680,4.920480,0.004274
3.400056,1,0.000000,0.220560,0.188355,0.000000,0.000000,0.180547,0.282044,1.026950,0.000244,0.000549,0.003419,0.015873,3.711840,3.301682,1.796824,1.110622,0.604761,1.102929,0.800732,0.879462,3.305857,3.300363,0.796776,4.897700,4.899040,0.004274
3.500055,1,0.000000,0.229344,0.154197,0.000000,0.000000,0.180547,0.283020,2.018180,0.000122,0.000549,0.003358,0.015507,3.700704,3.301682,1.797800,1.109156,0.609889,1.102929,0.799633,0.879731,3.305857,3.300363,0.797362,4.901720,4.905740,0.004274
3.600055,1,0.000000,0.219584,0.153221,0.000000,0.000000,0.180547,0.284972,1.035880,0.000183,0.000427,0.003419,0.015507,3.711840,3.293330,1.798289,1.110622,0.614285,1.104761,0.799633,0.879999,3.304942,3.299447,0.797948,4.896360,4.908420,0.004274
3.700055,1,0.000000,0.221536,0.152245,0.000000,0.000000,0.180547,0.283020,1.786000,0.000061,0.000427,0.003419,0.015140,3.704416,3.301682,1.796824,1.109156,0.600366,1.101098,0.801464,0.879462,3.306773,3.299447,0.797948,4.884300,4.899040,0.004274
3.800055,1,0.000000,0.278140,0.153221,0.000000,0.000000,0.179571,0.282044,2.125340,0.000183,0.000427,0.003358,0.015629,3.721120,3.301682,1.796824,1.104761,0.612820,1.099999,0.801831,0.879193,3.307689,3.299447,0.797655,4.907080,4.920480,0.004274
3.900055,1,0.000000,0.216657,0.153221,0.000000,0.000000,0.182499,0.283996,1.026950,0.000183,0.000427,0.003419,0.015263,3.699776,3.293330,1.797800,1.106226,0.605494,1.100732,0.801831,0.879462,3.305857,3.298531,0.797362,4.897700,4.909760,0.004274
4.000055,1,0.000000,0.248862,0.152245,0.000000,0.000000,0.181523,0.282044,1.902090,0.000183,0.000427,0.003297,0.015629,3.710912,3.307249,1.798289,1.107325,0.604395,1.102929,0.799633,0.879462,3.304942,3.299447,0.797948,4.888320,4.901720,0.004274
4.100055,1,0.000976,0.220560,0.153221,0.000000,0.000000,0.180547,0.282044,1.053740,0.000183,0.000427,0.003358,0.015507,3.711840,3.301682,1.797800,1.110622,0.615018,1.104394,0.800732,0.879462,3.304026,3.300363,0.796776,4.904400,4.907080,0.004274
4.200056,1,0.000000,0.220560,0.156149,0.000000,0.000000,0.180547,0.283020,2.018180,0.000244,0.000488,0.003480,0.015018,3.704416,3.293330,1.797312,1.101830,0.615384,1.100732,0.800365,0.879731,3.307689,3.300363,0.796776,4.896360,4.903060,0.004274
4.300054,1,0.000000,0.218608,0.154197,0.000000,0.000000,0.179571,0.282044,1.053740,0.000183,0.000427,0.003419,0.015507,3.711840,3.292402,1.796824,1.107691,0.604029,1.101098,0.800732,0.879731,3.305857,3.299447,0.797362,4.876260,4.909760,0.004274
4.400055,1,0.000000,0.221536,0.188355,0.000000,0.000000,0.180547,0.284972,2.241430,0.000183,0.000427,0.003419,0.015263,3.711840,3.301682,1.796335,1.107325,0.606593,1.100732,0.801831,0.879193,3.304942,3.299447,0.797655,4.895020,4.907080,0.004274
4.500055,1,0.000000,0.220560,0.153221,0.000000,0.000000,0.180547,0.283020,1.777070,0.000183,0.000427,0.003419,0.015385,3.711840,3.294258,1.798289,1.102563,0.614651,1.105127,0.801831,0.879462,3.304942,3.299447,0.797655,4.909760,4.920480,0.004274
4.600055,1,0.000000,0.221536,0.155173,0.000000,0.000000,0.191282,0.282044,1.768140,0.000122,0.000549,0.003358,0.015629,3.699776,3.295186,1.796824,1.106959,0.603662,1.100732,0.801464,0.879462,3.304942,3.300363,0.796776,4.901720,4.903060,0.004274
4.700057,1,0.000000,0.220560,0.153221,0.000000,0.000000,0.179571,0.282044,2.036040,0.000183,0.000427,0.003419,0.015629,3.719264,3.293330,1.798289,1.110622,0.612454,1.104761,0.801464,0.879731,3.305857,3.300363,0.797362,4.912440,4.920480,0.004274
4.800056,1,0.000000,0.227392,0.153221,0.000000,0.000000,0.181523,0.282044,1.044810,0.000244,0.000549,0.003358,0.015385,3.704416,3.307249,1.798289,1.108424,0.604029,1.104761,0.800732,0.879731,3.305857,3.299447,0.797655,4.896360,4.907080,0.004274
4.900055,1,0.000000,0.233247,0.155173,0.000000,0.000000,0.179571,0.282044,1.839580,0.000122,0.000549,0.003480,0.015385,3.710912,3.293330,1.798289,1.104761,0.602930,1.104761,0.801098,0.879462,3.304942,3.299447,0.797948,4.900380,4.897700,0.004274
5.000055,1,0.000000,0.219584,0.151269,0.000000,0.000000,0.180547,0.283996,2.044970,0.000244,0.000549,0.003358,0.015873,3.697920,3.301682,1.798289,1.104761,0.613552,1.104761,0.801464,0.879193,3.304942,3.299447,0.797655,4.912440,4.919140,0.004274
5.100056,1,0.000000,0.216657,0.152245,0.000000,0.000000,0.181523,0.282044,1.821720,0.000183,0.000427,0.003358,0.015140,3.711840,3.301682,1.796824,1.107691,0.602930,1.101098,0.801098,0.879193,3.304942,3.299447,0.797655,4.895020,4.908420,0.004274
5.200054,1,0.000000,0.220560,0.152245,0.000000,0.000000,0.180547,0.283020,1.884230,0.000183,0.000427,0.003419,0.015507,3.704416,3.307249,1.796824,1.110622,0.613186,1.104761,0.799633,0.879462,3.305857,3.299447,0.797655,4.911100,4.920480,0.004274
5.300056,1,0.000000,0.220560,0.152245,0.000000,0.000000,0.202017,0.284972,1.527030,0.000244,0.000488,0.003358,0.015385,3.699776,3.298898,1.797800,1.109156,0.599999,1.100732,0.801831,0.879193,3.305857,3.299447,0.797948,4.899040,4.907080,0.004274
5.400056,1,0.000000,0.221536,0.153221,0.000000,0.000000,0.182499,0.282044,2.455750,0.000183,0.000427,0.003358,0.015385,3.711840,3.297970,1.798289,1.109156,0.615018,1.104761,0.800732,0.879462,3.307689,3.300363,0.797362,4.896360,4.920480,0.004274
5.500055,1,0.000000,0.222512,0.156149,0.000000,0.000000,0.179571,0.281068,1.044810,0.000122,0.000549,0.003358,0.015629,3.719264,3.301682,1.798289,1.101830,0.611355,1.104394,0.801831,0.879731,3.305857,3.300363,0.797655,4.892340,4.881620,0.004274
5.600054,1,0.000000,0.229344,0.153221,0.000000,0.000000,0.179571,0.283020,2.152130,0.000183,0.000427,0.003419,0.014774,3.711840,3.295186,1.797312,1.101830,0.608058,1.100365,0.800365,0.879193,3.304942,3.299447,0.797655,4.886980,4.920480,0.004274
5.700057,1,0.000000,0.220560,0.153221,0.000000,0.000000,0.180547,0.283996,1.044810,0.000244,0.000549,0.003419,0.015385,3.711840,3.301682,1.796824,1.106226,0.615018,1.100732,0.800732,0.879193,3.305857,3.299447,0.797655,4.911100,4.889660,0.004274
5.800055,1,0.000976,0.248862,0.153221,0.000000,0.000000,0.180547,0.284972,1.759210,0.000244,0.000611,0.003419,0.015629,3.711840,3.293330,1.797312,1.108424,0.604761,1.105127,0.801831,0.879731,3.303110,3.299447,0.797362,4.874920,4.908420,0.004274
5.900056,1,0.000000,0.224464,0.153221,0.000000,0.000000,0.193234,0.284972,2.187850,0.000061,0.000549,0.003358,0.015018,3.711840,3.291474,1.796824,1.106226,0.605494,1.104394,0.800732,0.879193,3.304942,3.299447,0.797655,4.909760,4.920480,0.004274
6.000056,1,0.000000,0.217632,0.152245,0.000000,0.000000,0.177619,0.283996,1.026950,0.000061,0.000427,0.003358,0.015263,3.719264,3.301682,1.798289,1.107691,0.604761,1.104761,0.801831,0.879999,3.304942,3.299447,0.797948,4.882960,4.907080,0.004274
6.100055,1,0.000976,0.218608,0.154197,0.000000,0.000000,0.181523,0.283020,1.759210,0.000122,0.000549,0.003480,0.015263,3.710912,3.355503,1.796824,1.104028,0.603296,1.100732,0.800365,0.879193,3.304942,3.299447,0.797655,4.900380,4.908420,0.004274
6.200056,1,0.000976,0.227392,0.152245,0.000000,0.000000,0.180547,0.282044,1.044810,0.000183,0.000672,0.003297,0.015140,3.710912,3.301682,1.797312,1.104761,0.606227,1.104394,0.801464,0.879999,3.307689,3.299447,0.797948,4.888320,4.899040,0.004274
6.300056,1,0.001952,0.219584,0.152245,0.000000,0.000000,0.177619,0.283996,1.759210,0.000061,0.000549,0.003358,0.015263,3.698848,3.311889,1.799266,1.110622,0.600366,1.101098,0.801464,0.879462,3.304942,3.299447,0.797948,4.893680,4.907080,0.004274
6.400054,1,0.000000,0.220560,0.152245,0.000000,0.000000,0.181523,0.283020,1.053740,0.000244,0.000549,0.003419,0.015018,3.711840,3.299826,1.797800,1.110622,0.615750,1.099999,0.803296,0.879462,3.305857,3.300363,0.797362,4.912440,4.892340,0.004274
6.500054,1,0.000976,0.223488,0.155173,0.000000,0.000000,0.178595,0.283020,1.544890,0.000183,0.000427,0.003419,0.015140,3.711840,3.298898,1.796824,1.102929,0.605128,1.105127,0.801098,0.879462,3.304942,3.300363,0.797362,4.893680,4.912440,0.004274
6.600055,1,0.001952,0.220560,0.153221,0.000000,0.000000,0.194210,0.283996,1.053740,0.000061,0.000549,0.003358,0.015018,3.711840,3.291474,1.799266,1.107691,0.614651,1.106226,0.801464,0.879462,3.304026,3.299447,0.796776,4.907080,4.919140,0.003419
6.700056,1,0.000976,0.222512,0.154197,0.000000,0.000000,0.192258,0.281068,1.786000,0.000244,0.000549,0.003358,0.015018,3.726687,3.298898,1.798289,1.107691,0.603662,1.104028,0.802930,0.879731,3.306773,3.299447,0.797655,4.886980,4.911100,0.004274
6.800055,1,0.000000,0.220560,0.152245,0.000000,0.003431,0.180547,0.283996,1.535960,0.000122,0.000549,0.003480,0.015507,3.700704,3.355503,1.796824,1.104761,0.602564,1.102929,0.800732,0.879999,3.304026,3.299447,0.797948,4.888320,4.904400,0.004274
6.900056,1,0.000000,0.234223,0.152245,0.000000,0.000000,0.180547,0.283020,1.044810,0.000244,0.000549,0.003236,0.015873,3.711840,3.291474,1.796824,1.102929,0.613552,1.104761,0.800732,0.879193,3.304942,3.299447,0.797655,4.895020,4.899040,0.004274
7.000054,1,0.000000,0.217632,0.153221,0.000000,0.000000,0.179571,0.283020,1.786000,0.000061,0.000427,0.003419,0.015629,3.711840,3.293330,1.798289,1.102929,0.603296,1.104761,0.800732,0.879462,3.304942,3.299447,0.797655,4.878940,4.907080,0.004274
7.100075,1,0.000000,0.219584,0.153221,0.000000,0.000000,0.180547,0.283020,2.169990,0.000061,0.000427,0.003358,0.015385,3.711840,3.301682,1.797312,1.110622,0.611721,1.104028,0.801831,0.878925,3.304942,3.299447,0.797948,4.909760,4.919140,0.004274
7.200055,1,0.000000,0.220560,0.153221,0.000000,0.000000,0.191282,0.282044,1.634190,0.000244,0.000549,0.003419,0.015629,3.719264,3.307249,1.798777,1.103296,0.601098,1.104761,0.800732,0.879462,3.304942,3.298531,0.797362,4.896360,4.908420,0.004274
7.300057,1,0.000000,0.220560,0.152245,0.000000,0.000000,0.178595,0.282044,1.902090,0.000061,0.000672,0.003236,0.015629,3.715552,3.293330,1.797312,1.104028,0.615750,1.104761,0.802930,0.879462,3.304942,3.299447,0.797655,4.907080,4.919140,0.004274
7.400056,1,0.000976,0.220560,0.153221,0.000000,0.000000,0.181523,0.281068,1.964600,0.000061,0.000427,0.003419,0.015140,3.704416,3.301682,1.798777,1.104394,0.600366,1.104761,0.801464,0.879999,3.304942,3.299447,0.797948,4.889660,4.897700,0.004274
7.500056,1,0.000000,0.229344,0.154197,0.000000,0.000000,0.180547,0.283996,1.911020,0.000122,0.000549,0.003358,0.015629,3.704416,3.301682,1.796824,1.104394,0.599999,1.104394,0.800732,0.879462,3.304942,3.299447,0.797362,4.909760,4.921820,0.004274
7.600055,1,0.000000,0.218608,0.154197,0.000000,0.000000,0.179571,0.281068,2.446820,0.000244,0.000549,0.003419,0.015263,3.696064,3.299826,1.798777,1.102929,0.615384,1.101098,0.800732,0.879999,3.307689,3.299447,0.797362,4.893680,4.900380,0.004274
7.700055,1,0.000000,0.235199,0.153221,0.000000,0.000000,0.180547,0.284972,1.544890,0.000061,0.000427,0.003419,0.015507,3.704416,3.293330,1.798289,1.101464,0.604761,1.104761,0.801098,0.879731,3.305857,3.298531,0.797069,4.886980,4.903060,0.004274
7.800056,1,0.000000,0.220560,0.153221,0.000000,0.000000,0.180547,0.281068,1.053740,0.000183,0.000427,0.003358,0.015263,3.711840,3.301682,1.796824,1.103296,0.616849,1.101098,0.800732,0.879462,3.304942,3.300363,0.796776,4.908420,4.919140,0.003419
7.900054,1,0.000000,0.220560,0.153221,0.000000,0.000000,0.195186,0.283020,2.464680,0.000244,0.000488,0.003358,0.015018,3.711840,3.301682,1.798289,1.106226,0.613552,1.104394,0.799633,0.879462,3.305857,3.300363,0.797362,4.888320,4.881620,0.004274
8.000054,1,0.000000,0.220560,0.154197,0.000000,0.000000,0.179571,0.284972,1.544890,0.000244,0.000488,0.003358,0.015507,3.710912,3.301682,1.798289,1.107691,0.606227,1.104028,0.800732,0.879731,3.305857,3.298531,0.797655,4.911100,4.921820,0.004274
8.100056,1,0.000000,0.217632,0.153221,0.000000,0.000000,0.179571,0.283020,1.053740,0.000183,0.000672,0.003358,0.015140,3.697920,3.301682,1.797800,1.106226,0.608058,1.104028,0.799633,0.879193,3.304942,3.299447,0.797655,4.895020,4.907080,0.004274
8.200055,1,0.000976,0.226416,0.154197,0.000000,0.000000,0.180547,0.282044,1.759210,0.000244,0.000549,0.003419,0.015751,3.711840,3.301682,1.798777,1.110622,0.609157,1.102929,0.800365,0.879462,3.304942,3.299447,0.797655,4.911100,4.920480,0.004274
8.300055,1,0.000000,0.220560,0.155173,0.000000,0.000000,0.180547,0.283020,1.044810,0.000244,0.000549,0.003358,0.015507,3.719264,3.301682,1.796824,1.110622,0.601098,1.102929,0.802930,0.879462,3.304942,3.300363,0.797655,4.900380,4.899040,0.004274
8.400055,1,0.000000,0.222512,0.152245,0.000000,0.000000,0.182499,0.284972,2.071760,0.000183,0.000427,0.003358,0.015263,3.711840,3.301682,1.797312,1.107691,0.606593,1.101464,0.802930,0.879731,3.305857,3.300363,0.797362,4.876260,4.923160,0.004274
8.500056,1,0.001952,0.223488,0.155173,0.000000,0.000000,0.192258,0.282044,1.053740,0.000061,0.000427,0.003358,0.015385,3.710912,3.301682,1.798289,1.104761,0.604029,1.106226,0.801464,0.879462,3.304026,3.300363,0.797655,4.896360,4.904400,0.004274
8.600055,1,0.000000,0.217632,0.153221,0.000000,0.000000,0.179571,0.282044,2.759370,0.000244,0.000549,0.003419,0.015140,3.699776,3.299826,1.798289,1.110622,0.601098,1.102929,0.801098,0.879999,3.304942,3.299447,0.797948,4.888320,4.899040,0.004274
8.700056,1,0.000976,0.218608,0.153221,0.000000,0.000000,0.180547,0.283020,1.830650,0.000183,0.000427,0.003419,0.014774,3.711840,3.299826,1.797800,1.101830,0.613919,1.104394,0.802930,0.879462,3.305857,3.300363,0.797655,4.912440,4.920480,0.004274
8.800056,1,0.000000,0.220560,0.156149,0.000000,0.000000,0.180547,0.284972,2.036040,0.000244,0.000549,0.003419,0.015385,3.711840,3.299826,1.798777,1.101830,0.599633,1.104761,0.802930,0.879462,3.305857,3.300363,0.797362,4.897700,4.905740,0.004274
8.900055,1,0.000000,0.222512,0.152245,0.000000,0.000000,0.179571,0.284972,2.759370,0.000122,0.000549,0.003358,0.015263,3.710912,3.291474,1.797312,1.102929,0.602564,1.101098,0.801464,0.879462,3.304026,3.300363,0.797948,4.891000,4.897700,0.004274
9.000056,1,0.000000,0.220560,0.153221,0.000000,0.000000,0.179571,0.284972,1.053740,0.000061,0.000427,0.003297,0.016117,3.711840,3.301682,1.796824,1.107691,0.608791,1.105127,0.801464,0.879193,3.304942,3.299447,0.797948,4.899040,4.907080,0.004274
9.100055,1,0.000000,0.217632,0.154197,0.000000,0.000000,0.180547,0.281068,2.464680,0.000244,0.000549,0.003358,0.015385,3.711840,3.301682,1.797800,1.107691,0.614285,1.100732,0.801831,0.879731,3.305857,3.299447,0.797362,4.892340,4.899040,0.004274
9.200056,1,0.000000,0.219584,0.151269,0.000000,0.000000,0.191282,0.283996,1.044810,0.000122,0.000549,0.003419,0.015507,3.715552,3.307249,1.796824,1.107325,0.600732,1.102929,0.799633,0.879731,3.305857,3.300363,0.797069,4.901720,4.911100,0.004274
9.300055,1,0.000000,0.218608,0.152245,0.000000,0.000000,0.180547,0.284972,2.187850,0.000183,0.000427,0.003297,0.015263,3.697920,3.301682,1.796824,1.104761,0.607325,1.104028,0.800732,0.879462,3.305857,3.300363,0.796776,4.891000,4.892340,0.004274
9.400055,1,0.000976,0.220560,0.154197,0.000000,0.000000,0.180547,0.282044,1.062670,0.000183,0.000427,0.003358,0.015018,3.711840,3.327664,1.796824,1.107691,0.616849,1.104761,0.801464,0.879999,3.304942,3.299447,0.797948,4.889660,4.907080,0.004274
9.500055,1,0.000976,0.229344,0.152245,0.000000,0.000000,0.179571,0.286923,1.937810,0.000183,0.000427,0.003358,0.015140,3.715552,3.301682,1.797800,1.110622,0.603662,1.100732,0.801098,0.879462,3.304026,3.300363,0.797655,4.899040,4.897700,0.004274
9.600055,1,0.000000,0.220560,0.152245,0.000000,0.000000,0.180547,0.280092,1.616330,0.000244,0.000488,0.003358,0.015018,3.711840,3.301682,1.797312,1.107691,0.612087,1.100732,0.800732,0.879731,3.305857,3.298531,0.798241,4.911100,4.919140,0.004274
9.700056,1,0.000000,0.221536,0.154197,0.000000,0.000000,0.179571,0.283996,1.035880,0.000244,0.000549,0.003358,0.015018,3.703488,3.298898,1.798289,1.107691,0.606227,1.103296,0.801831,0.879193,3.303110,3.299447,0.797655,4.892340,4.900380,0.004274
9.800055,1,0.000000,0.222512,0.154197,0.000000,0.000000,0.179571,0.283020,1.902090,0.000244,0.000549,0.003358,0.015018,3.700704,3.325809,1.796824,1.103296,0.606593,1.104761,0.801098,0.879193,3.303110,3.299447,0.797655,4.881620,4.892340,0.004274
9.900055,1,0.000000,0.221536,0.153221,0.000000,0.000000,0.181523,0.281068,1.062670,0.000061,0.000672,0.003358,0.015385,3.711840,3.301682,1.797312,1.107691,0.614651,1.100365,0.802930,0.879193,3.304942,3.299447,0.797948,4.911100,4.897700,0.004274
10.000055,1,0.000000,0.221536,0.152245,0.000000,0.000000,0.181523,0.281068,1.902090,0.000244,0.000549,0.003358,0.015385,3.710912,3.301682,1.798289,1.101830,0.602930,1.104394,0.800365,0.879193,3.304942,3.300363,0.797655,4.892340,4.903060,0.004274
10.100055,1,0.000000,0.228368,0.153221,0.000000,0.000000,0.178595,0.283996,1.062670,0.000061,0.000427,0.003297,0.015385,3.711840,3.301682,1.797312,1.104761,0.605128,1.104761,0.802930,0.879193,3.304942,3.299447,0.797948,4.888320,4.912440,0.003419
10.200055,1,0.000000,0.221536,0.154197,0.000000,0.000000,0.181523,0.303514,1.571680,0.000183,0.000427,0.003480,0.015507,3.704416,3.295186,1.797312,1.102197,0.606227,1.099999,0.801831,0.879462,3.305857,3.299447,0.797655,4.895020,4.901720,0.004274
10.300056,1,0.000000,0.221536,0.154197,0.000000,0.000000,0.179571,0.282044,1.857440,0.000183,0.000427,0.003419,0.015629,3.711840,3.293330,1.798289,1.107325,0.613919,1.105127,0.801831,0.879193,3.305857,3.299447,0.797655,4.911100,4.920480,0.004274
10.400055,1,0.000000,0.220560,0.153221,0.000000,0.000000,0.178595,0.283020,1.777070,0.000183,0.000427,0.003358,0.015140,3.711840,3.291474,1.798289,1.101464,0.602564,1.102929,0.802930,0.879462,3.304026,3.300363,0.797362,4.897700,4.909760,0.004274
10.500055,1,0.000000,0.219584,0.154197,0.000000,0.000000,0.191282,0.283020,2.053900,0.000183,0.000427,0.003419,0.015140,3.711840,3.293330,1.798289,1.107691,0.607325,1.099999,0.802930,0.879731,3.304942,3.300363,0.797655,4.903060,4.923160,0.004274
10.600056,1,0.000000,0.221536,0.153221,0.000000,0.000000,0.184451,0.283996,1.053740,0.000122,0.000549,0.003358,0.014896,3.711840,3.301682,1.797800,1.101464,0.599999,1.101464,0.801831,0.879462,3.303110,3.299447,0.797362,4.881620,4.905740,0.004274
10.700083,1,0.000000,0.220560,0.153221,0.000000,0.000000,0.180547,0.283020,1.777070,0.000122,0.000549,0.003419,0.015385,3.704416,3.299826,1.797800,1.101830,0.603296,1.104761,0.801098,0.879462,3.305857,3.300363,0.797362,4.897700,4.903060,0.004274
10.800056,1,0.000000,0.220560,0.154197,0.000000,0.000000,0.179571,0.281068,2.089620,0.000244,0.000549,0.003358,0.015018,3.696993,3.293330,1.798289,1.107691,0.612087,1.104028,0.802930,0.879462,3.305857,3.300363,0.797362,4.912440,4.919140,0.004274
10.900056,1,0.000000,0.217632,0.152245,0.000000,0.000000,0.180547,0.282044,1.634190,0.000061,0.000549,0.003358,0.015629,3.719264,3.301682,1.797312,1.107691,0.602930,1.100732,0.801098,0.879193,3.304942,3.299447,0.797655,4.895020,4.904400,0.004274
11.000054,1,0.000000,0.221536,0.154197,0.000000,0.000000,0.182499,0.282044,2.286080,0.000244,0.000549,0.003358,0.015507,3.710912,3.291474,1.798289,1.104761,0.604761,1.098534,0.800732,0.879999,3.307689,3.300363,0.797362,4.907080,4.920480,0.004274
11.100055,1,0.000000,0.223488,0.154197,0.000000,0.000000,0.182499,0.281068,1.544890,0.000244,0.000488,0.003358,0.015385,3.704416,3.301682,1.796824,1.110622,0.603296,1.102929,0.800732,0.879999,3.304942,3.299447,0.797655,4.878940,4.903060,0.004274
11.200056,1,0.000976,0.220560,0.154197,0.000000,0.000000,0.180547,0.284972,1.634190,0.000122,0.000488,0.003358,0.015873,3.710912,3.295186,1.797312,1.104761,0.614285,1.104394,0.799633,0.879999,3.305857,3.299447,0.797948,4.899040,4.919140,0.003419
11.300058,1,0.000000,0.221536,0.151269,0.000000,0.000000,0.180547,0.283020,1.044810,0.000244,0.000549,0.003419,0.014896,3.711840,3.299826,1.797800,1.110622,0.609157,1.101098,0.800732,0.879193,3.304942,3.301279,0.797948,4.893680,4.888320,0.004274
11.400055,1,0.000000,0.227392,0.153221,0.000000,0.000000,0.179571,0.283996,2.098550,0.000244,0.000549,0.003236,0.015140,3.699776,3.301682,1.797800,1.110622,0.606593,1.102929,0.801831,0.879462,3.306773,3.299447,0.797948,4.886980,4.896360,0.004274
11.500057,1,0.000000,0.220560,0.151269,0.000000,0.000000,0.181523,0.283020,1.044810,0.000061,0.000427,0.003297,0.015263,3.711840,3.301682,1.798777,1.107691,0.615018,1.104028,0.801831,0.878925,3.304942,3.299447,0.797655,4.909760,4.893680,0.004274
11.600055,1,0.000000,0.220560,0.154197,0.000000,0.000000,0.181523,0.281068,1.794930,0.000244,0.000549,0.003419,0.015385,3.711840,3.298898,1.796824,1.110622,0.604029,1.101098,0.801831,0.879731,3.305857,3.298531,0.797655,4.870900,4.911100,0.004274
11.700055,1,0.002928,0.221536,0.154197,0.000000,0.000000,0.180547,0.282044,2.178920,0.000122,0.000549,0.003419,0.015018,3.704416,3.292402,1.798289,1.104394,0.607692,1.105494,0.800732,0.879462,3.304026,3.300363,0.797362,4.907080,4.919140,0.004274
11.800057,1,0.000000,0.219584,0.154197,0.000000,0.000000,0.180547,0.284972,1.053740,0.000122,0.000549,0.003419,0.015140,3.715552,3.311889,1.798289,1.102197,0.601098,1.101098,0.801098,0.879193,3.305857,3.298531,0.797655,4.881620,4.907080,0.004274
11.900055,1,0.000000,0.219584,0.152245,0.000000,0.000000,0.202017,0.283020,1.777070,0.000183,0.000427,0.003358,0.015385,3.696993,3.291474,1.798289,1.111354,0.604029,1.099999,0.799633,0.879462,3.304026,3.299447,0.797362,4.897700,4.912440,0.004274
12.000056,1,0.000000,0.222512,0.154197,0.000000,0.000000,0.181523,0.283020,2.777230,0.000244,0.000549,0.003419,0.015263,3.703488,3.294258,1.798289,1.108790,0.601098,1.104761,0.800365,0.879462,3.305857,3.300363,0.797362,4.885640,4.901720,0.004274
12.100055,1,0.000000,0.226416,0.154197,0.000000,0.000000,0.181523,0.283996,1.768140,0.000061,0.000549,0.003297,0.015385,3.700704,3.298898,1.796824,1.110622,0.602564,1.104028,0.801831,0.879999,3.304942,3.299447,0.797362,4.899040,4.907080,0.004274
12.200056,1,0.000000,0.238127,0.153221,0.000000,0.000000,0.182499,0.283020,1.044810,0.000183,0.000427,0.003419,0.015140,3.711840,3.307249,1.797800,1.102197,0.615018,1.104394,0.800732,0.879462,3.304026,3.299447,0.797655,4.907080,4.921820,0.003419
12.300055,1,0.001952,0.215681,0.153221,0.000000,0.000000,0.179571,0.283020,1.544890,0.000122,0.000549,0.003419,0.015629,3.703488,3.293330,1.798289,1.101464,0.602930,1.101464,0.801831,0.879462,3.304026,3.299447,0.797948,4.877600,4.907080,0.004274
12.400055,1,0.000000,0.220560,0.154197,0.000000,0.000000,0.180547,0.282044,1.723490,0.000122,0.000488,0.003419,0.015629,3.711840,3.327664,1.796824,1.102929,0.613919,1.102929,0.801464,0.879193,3.305857,3.299447,0.797655,4.911100,4.920480,0.004274
12.500054,1,0.000000,0.220560,0.152245,0.000000,0.000000,0.179571,0.282044,1.875300,0.000183,0.000427,0.003358,0.015263,3.711840,3.299826,1.796824,1.101464,0.613186,1.101098,0.801098,0.879193,3.305857,3.299447,0.797948,4.885640,4.888320,0.004274
12.600055,1,0.000000,0.222512,0.155173,0.000000,0.000000,0.181523,0.282044,1.544890,0.000183,0.000427,0.003419,0.015263,3.697920,3.291474,1.798289,1.102929,0.607325,1.104028,0.800732,0.879193,3.304026,3.299447,0.797948,4.899040,4.904400,0.004274
12.700058,1,0.000976,0.222512,0.155173,0.000000,0.000000,0.179571,0.283020,1.071600,0.000122,0.000488,0.003358,0.015263,3.704416,3.291474,1.797312,1.107691,0.615018,1.104761,0.801098,0.879731,3.304942,3.299447,0.797655,4.892340,4.911100,0.004274
12.800056,1,0.000000,0.219584,0.152245,0.000000,0.000000,0.181523,0.282044,1.803860,0.000244,0.000549,0.003358,0.015629,3.711840,3.293330,1.798289,1.102929,0.610622,1.104394,0.801464,0.879193,3.304942,3.299447,0.797948,4.878940,4.888320,0.004274
12.900055,1,0.000976,0.227392,0.156149,0.000000,0.000000,0.181523,0.281068,2.312870,0.000061,0.000549,0.003297,0.015140,3.703488,3.301682,1.798289,1.103296,0.611721,1.104028,0.800732,0.879193,3.304942,3.299447,0.797655,4.909760,4.920480,0.004274
13.000055,1,0.000976,0.234223,0.153221,0.001952,0.000000,0.180547,0.283020,1.607400,0.000183,0.000427,0.003419,0.015629,3.711840,3.295186,1.796335,1.103296,0.612454,1.104394,0.798900,0.879193,3.304942,3.299447,0.797655,4.886980,4.889660,0.004274
13.100057,1,0.000000,0.219584,0.154197,0.000000,0.000000,0.180547,0.283996,1.803860,0.000183,0.000427,0.003419,0.015140,3.719264,3.311889,1.797312,1.106226,0.612820,1.104394,0.801831,0.879462,3.304942,3.298531,0.797655,4.911100,4.917800,0.003419
13.200057,1,0.000000,0.220560,0.153221,0.000000,0.000000,0.192258,0.282044,1.053740,0.000122,0.000549,0.003419,0.015629,3.699776,3.294258,1.797800,1.102563,0.601465,1.104028,0.801098,0.879462,3.304942,3.299447,0.797948,4.877600,4.912440,0.004274
13.300057,1,0.000000,0.221536,0.154197,0.000000,0.000000,0.177619,0.283996,2.089620,0.000244,0.000488,0.003358,0.015140,3.711840,3.327664,1.798289,1.107325,0.612087,1.102929,0.799633,0.879193,3.305857,3.299447,0.797362,4.911100,4.920480,0.004274
13.400057,1,0.000000,0.218608,0.155173,0.000000,0.000000,0.180547,0.283020,1.053740,0.000061,0.000427,0.003419,0.015629,3.704416,3.293330,1.797312,1.105860,0.603296,1.100732,0.802930,0.879731,3.305857,3.299447,0.797655,4.892340,4.905740,0.004274
13.500055,1,0.000976,0.236175,0.155173,0.000000,0.000000,0.182499,0.283020,2.169990,0.000183,0.000427,0.003419,0.015507,3.722976,3.307249,1.798289,1.102197,0.603296,1.104028,0.801098,0.879193,3.304942,3.298531,0.797948,4.899040,4.899040,0.004274
13.600056,1,0.000000,0.222512,0.153221,0.000000,0.000000,0.180547,0.282044,2.580770,0.000061,0.000427,0.003358,0.015385,3.713696,3.297970,1.797800,1.101830,0.612820,1.105127,0.801098,0.879193,3.304942,3.299447,0.797948,4.907080,4.919140,0.004274
13.700058,1,0.000000,0.219584,0.153221,0.000000,0.000000,0.180547,0.282044,1.830650,0.000183,0.000427,0.003358,0.015140,3.699776,3.301682,1.798289,1.102929,0.615750,1.104761,0.800732,0.879462,3.305857,3.300363,0.797362,4.893680,4.907080,0.004274
13.800056,1,0.000000,0.218608,0.156149,0.000000,0.000000,0.179571,0.283020,1.964600,0.000183,0.000427,0.003297,0.014896,3.701632,3.301682,1.796824,1.101830,0.606227,1.104761,0.802930,0.879462,3.305857,3.299447,0.797362,4.888320,4.917800,0.004274
13.900056,1,0.000000,0.219584,0.154197,0.000000,0.000000,0.178595,0.283020,1.053740,0.000244,0.000549,0.003419,0.015629,3.726687,3.294258,1.797800,1.104761,0.612820,1.104394,0.801831,0.879462,3.305857,3.299447,0.797655,4.886980,4.909760,0.004274
14.000054,1,0.000000,0.220560,0.152245,0.000000,0.000000,0.179571,0.283020,2.482540,0.000061,0.000427,0.003297,0.015140,3.711840,3.301682,1.797800,1.107691,0.613919,1.104761,0.800732,0.879193,3.304942,3.297616,0.797362,4.895020,4.919140,0.003419
14.100055,1,0.000000,0.220560,0.151269,0.000000,0.000000,0.178595,0.283996,1.053740,0.000122,0.000549,0.003358,0.015629,3.711840,3.299826,1.796824,1.107325,0.603296,1.104028,0.801831,0.879462,3.305857,3.300363,0.797362,4.886980,4.911100,0.004274
14.200055,1,0.000976,0.232271,0.151269,0.002928,0.000000,0.179571,0.312298,1.553820,0.000122,0.000549,0.003297,0.015018,3.700704,3.294258,1.798777,1.104761,0.604029,1.104761,0.801831,0.879731,3.303110,3.298531,0.796776,4.876260,4.899040,0.004274
14.300056,1,0.000000,0.220560,0.152245,0.000000,0.000000,0.181523,0.283996,1.053740,0.000183,0.000672,0.003358,0.015507,3.711840,3.301682,1.797800,1.107325,0.604029,1.104761,0.801831,0.879462,3.304942,3.299447,0.797069,4.882960,4.904400,0.004274
14.400056,1,0.000000,0.220560,0.154197,0.000000,0.000000,0.181523,0.282044,1.786000,0.000244,0.000549,0.003419,0.015140,3.704416,3.307249,1.798289,1.101830,0.602564,1.104394,0.800732,0.879462,3.305857,3.300363,0.797362,4.897700,4.911100,0.004274
14.500056,1,0.000000,0.221536,0.151269,0.000000,0.000000,0.193234,0.281068,2.161060,0.000244,0.000549,0.003419,0.015385,3.726687,3.307249,1.796824,1.101830,0.606593,1.102197,0.802930,0.879462,3.305857,3.300363,0.796776,4.912440,4.920480,0.004274
14.600057,1,0.000000,0.221536,0.154197,0.000000,0.000000,0.180547,0.283020,1.062670,0.000244,0.000549,0.003358,0.015140,3.704416,3.311889,1.798289,1.104394,0.601831,1.100732,0.800732,0.879462,3.304942,3.300363,0.797362,4.882960,4.907080,0.004274
14.700057,1,0.000000,0.222512,0.154197,0.000000,0.000000,0.179571,0.283020,1.866370,0.000122,0.000549,0.003419,0.015018,3.703488,3.292402,1.798289,1.109889,0.602930,1.104394,0.801831,0.879193,3.305857,3.299447,0.797362,4.901720,4.892340,0.004274
14.800056,1,0.000000,0.225440,0.153221,0.000000,0.000000,0.179571,0.283020,1.071600,0.000061,0.000549,0.003236,0.015018,3.711840,3.292402,1.797312,1.107691,0.615018,1.104761,0.799633,0.879731,3.304026,3.300363,0.796776,4.912440,4.897700,0.004274
14.900056,1,0.000000,0.222512,0.188355,0.000000,0.000000,0.179571,0.282044,1.777070,0.000183,0.000427,0.003419,0.015140,3.699776,3.294258,1.798289,1.107691,0.600732,1.101098,0.798900,0.879999,3.304942,3.299447,0.797362,4.893680,4.907080,0.004274
15.000057,1,0.000000,0.219584,0.152245,0.000000,0.000000,0.181523,0.281068,1.062670,0.000061,0.000427,0.003419,0.015629,3.711840,3.293330,1.796824,1.106226,0.614651,1.101464,0.801098,0.879462,3.305857,3.298531,0.797362,4.912440,4.899040,0.004274
15.100055,1,0.000976,0.220560,0.152245,0.000000,0.000000,0.181523,0.284972,1.553820,0.000244,0.000549,0.003419,0.015263,3.704416,3.301682,1.797800,1.107691,0.606593,1.102929,0.799633,0.879731,3.305857,3.300363,0.796776,4.876260,4.904400,0.004274
15.200056,1,0.000000,0.220560,0.152245,0.000000,0.000000,0.193234,0.283996,2.473610,0.000244,0.000549,0.003419,0.015385,3.711840,3.292402,1.798777,1.107325,0.613186,1.104761,0.800732,0.879193,3.305857,3.299447,0.797948,4.909760,4.920480,0.004274
15.300057,1,0.000976,0.271309,0.153221,0.000000,0.000000,0.181523,0.282044,1.794930,0.000183,0.000672,0.003297,0.015385,3.711840,3.301682,1.797800,1.109156,0.602564,1.102929,0.799633,0.879462,3.304942,3.299447,0.797948,4.878940,4.912440,0.004274
15.400055,1,0.000000,0.220560,0.151269,0.000000,0.000000,0.177619,0.284972,2.178920,0.000122,0.000549,0.003358,0.015018,3.699776,3.292402,1.797312,1.102929,0.605494,1.104761,0.801098,0.879462,3.304026,3.299447,0.797655,4.896360,4.921820,0.004274
15.500056,1,0.000000,0.295707,0.153221,0.000000,0.000000,0.179571,0.283996,1.053740,0.000061,0.000549,0.003358,0.015263,3.711840,3.311889,1.798289,1.106226,0.612454,1.102929,0.801464,0.879462,3.304942,3.300363,0.797362,4.909760,4.892340,0.004274
15.600055,1,0.000000,0.220560,0.152245,0.000000,0.000000,0.177619,0.282044,1.777070,0.000122,0.000549,0.003236,0.015385,3.711840,3.311889,1.797312,1.104028,0.606227,1.104028,0.801464,0.879999,3.304026,3.299447,0.797362,4.869560,4.911100,0.004274
15.700058,1,0.000000,0.221536,0.185427,0.000000,0.000000,0.179571,0.282044,1.723490,0.000061,0.000549,0.003358,0.015018,3.710912,3.298898,1.797312,1.107691,0.612820,1.105127,0.801831,0.799682,3.305857,3.299447,0.797655,4.911100,4.913780,0.004274
15.800055,1,0.000976,0.220560,0.154197,0.000000,0.000000,0.191282,0.282044,2.169990,0.000244,0.000549,0.003419,0.015629,3.715552,3.294258,1.798289,1.104394,0.613552,1.104761,0.800732,0.879462,3.304942,3.300363,0.796776,4.909760,4.921820,0.004274
15.900055,1,0.000000,0.219584,0.184451,0.000000,0.000000,0.180547,0.284972,1.634190,0.000183,0.000427,0.003297,0.015385,3.711840,3.301682,1.797800,1.101830,0.603662,1.102929,0.800365,0.879462,3.304026,3.300363,0.797655,4.896360,4.897700,0.004274
16.000055,1,0.000000,0.222512,0.154197,0.000000,0.000000,0.191282,0.283996,1.982460,0.000244,0.000488,0.003419,0.015385,3.713696,3.298898,1.798289,1.107691,0.614651,1.106226,0.801098,0.879193,3.305857,3.299447,0.797948,4.905740,4.920480,0.003419
16.100055,1,0.001952,0.227392,0.160052,0.000000,0.000000,0.178595,0.284972,2.437890,0.000244,0.000549,0.003358,0.015873,3.711840,3.301682,1.798289,1.101830,0.605494,1.104761,0.801831,0.879999,3.304026,3.299447,0.797362,4.888320,4.899040,0.004274
16.200056,1,0.000000,0.220560,0.153221,0.000000,0.000000,0.180547,0.282044,2.411100,0.000183,0.000427,0.003297,0.015263,3.701632,3.298898,1.797800,1.104761,0.605494,1.099999,0.801831,0.879462,3.304942,3.299447,0.797655,4.907080,4.920480,0.004274
16.300057,1,0.000000,0.220560,0.152245,0.000000,0.000000,0.181523,0.283996,2.473610,0.000183,0.000427,0.003358,0.015263,3.711840,3.311889,1.797312,1.103296,0.613186,1.100732,0.802930,0.879731,3.305857,3.300363,0.796776,4.896360,4.892340,0.003419
16.400055,1,0.000000,0.220560,0.153221,0.000000,0.000000,0.181523,0.283020,1.553820,0.000183,0.000427,0.003297,0.015385,3.711840,3.301682,1.797312,1.112087,0.600732,1.104761,0.800732,0.879193,3.303110,3.299447,0.797655,4.886980,4.886980,0.004274
16.500059,1,0.000000,0.222512,0.154197,0.000000,0.000000,0.192258,0.286923,1.062670,0.000244,0.000488,0.003358,0.015629,3.711840,3.291474,1.797312,1.110622,0.614651,1.100732,0.802930,0.879731,3.305857,3.300363,0.797655,4.912440,4.920480,0.004274
16.600055,1,0.000000,0.220560,0.153221,0.000000,0.000000,0.178595,0.282044,2.482540,0.000183,0.000427,0.003297,0.015263,3.715552,3.299826,1.798289,1.104761,0.613186,1.102929,0.799633,0.879193,3.304942,3.299447,0.796776,4.893680,4.889660,0.004274
16.700057,1,0.000000,0.220560,0.152245,0.000000,0.000000,0.181523,0.281068,1.562750,0.000244,0.000549,0.003419,0.015140,3.711840,3.293330,1.798289,1.106226,0.602930,1.100732,0.800732,0.879193,3.305857,3.299447,0.797948,4.911100,4.920480,0.004274
16.800057,1,0.000000,0.227392,0.154197,0.000000,0.000000,0.177619,0.283020,1.071600,0.000061,0.000549,0.003358,0.015507,3.711840,3.291474,1.798289,1.107691,0.607692,1.102929,0.800732,0.879193,3.304942,3.299447,0.797362,4.893680,4.912440,0.004274
16.900055,1,0.001952,0.218608,0.152245,0.000000,0.000000,0.179571,0.283020,1.777070,0.000183,0.000427,0.003297,0.015385,3.711840,3.301682,1.796824,1.107691,0.610988,1.104028,0.801098,0.879193,3.304942,3.300363,0.797655,4.911100,4.919140,0.004274
17.000057,1,0.000976,0.221536,0.153221,0.000000,0.000000,0.179571,0.282044,1.053740,0.000183,0.000427,0.003419,0.015018,3.715552,3.301682,1.798777,1.107691,0.604029,1.103662,0.801831,0.879462,3.304942,3.300363,0.797362,4.904400,4.899040,0.004274
17.100055,1,0.000976,0.219584,0.153221,0.000000,0.000000,0.179571,0.283020,2.625420,0.000122,0.000488,0.003358,0.015140,3.696064,3.301682,1.798777,1.104761,0.601098,1.102929,0.801464,0.879462,3.305857,3.299447,0.797362,4.882960,4.919140,0.004274
17.200057,1,0.000000,0.220560,0.154197,0.000000,0.000000,0.180547,0.283996,1.062670,0.000122,0.000549,0.003358,0.015385,3.711840,3.299826,1.798777,1.107691,0.609889,1.100732,0.800732,0.879193,3.304942,3.299447,0.797655,4.892340,4.904400,0.004274
17.300055,1,0.000000,0.218608,0.153221,0.000000,0.000000,0.180547,0.283996,2.786160,0.000183,0.000427,0.003297,0.015018,3.719264,3.297970,1.798289,1.107691,0.605128,1.104028,0.800732,0.879193,3.306773,3.299447,0.797655,4.886980,4.900380,0.004274
17.400057,1,0.000000,0.226416,0.151269,0.000000,0.000000,0.180547,0.283996,1.839580,0.000183,0.000427,0.003419,0.015140,3.711840,3.291474,1.796824,1.101464,0.612820,1.100365,0.799633,0.879193,3.304942,3.298531,0.797655,4.911100,4.920480,0.003419
17.500057,1,0.000000,0.221536,0.154197,0.000000,0.000000,0.179571,0.281068,1.062670,0.000244,0.000488,0.003297,0.015385,3.704416,3.298898,1.797800,1.107691,0.600732,1.104028,0.801464,0.879462,3.304942,3.299447,0.797655,4.886980,4.904400,0.004274
17.600055,1,0.000976,0.220560,0.154197,0.000000,0.000000,0.180547,0.282044,2.786160,0.000183,0.000427,0.003297,0.015263,3.715552,3.301682,1.796824,1.106592,0.601098,1.105494,0.801464,0.879462,3.305857,3.299447,0.797655,4.881620,4.907080,0.004274
17.700058,1,0.000000,0.219584,0.154197,0.000000,0.000000,0.182499,0.283020,1.062670,0.000183,0.000427,0.003419,0.015385,3.711840,3.293330,1.797312,1.102197,0.608424,1.104028,0.801464,0.879193,3.304942,3.299447,0.797948,4.900380,4.907080,0.004274
17.800056,1,0.000000,0.222512,0.152245,0.000000,0.000000,0.191282,0.283020,2.464680,0.000183,0.000427,0.003480,0.015751,3.711840,3.311889,1.796824,1.104761,0.614651,1.104761,0.801098,0.879999,3.304942,3.299447,0.797655,4.889660,4.893680,0.004274
17.900056,1,0.000976,0.219584,0.153221,0.000000,0.000000,0.180547,0.282044,1.062670,0.000183,0.000427,0.003358,0.015385,3.711840,3.301682,1.798289,1.102929,0.603296,1.104394,0.801831,0.879193,3.304942,3.299447,0.797948,4.899040,4.907080,0.004274
18.000055,1,0.000000,0.222512,0.154197,0.000000,0.000000,0.179571,0.283020,2.152130,0.000061,0.000549,0.003297,0.015018,3.711840,3.301682,1.797800,1.104761,0.614285,1.100732,0.799267,0.879999,3.305857,3.299447,0.797655,4.886980,4.893680,0.004274
18.100085,1,0.000000,0.220560,0.155173,0.000000,0.000000,0.180547,0.283020,1.053740,0.000183,0.000427,0.003419,0.015263,3.715552,3.307249,1.796824,1.107691,0.614651,1.106226,0.800732,0.879193,3.304942,3.299447,0.797362,4.895020,4.907080,0.004274
18.200056,1,0.002928,0.219584,0.152245,0.000000,0.000000,0.180547,0.282044,2.232500,0.000183,0.000427,0.003358,0.015385,3.699776,3.301682,1.796824,1.104761,0.602564,1.104394,0.800732,0.878925,3.304026,3.299447,0.797655,4.885640,4.896360,0.004274
18.300056,1,0.001952,0.220560,0.153221,0.000000,0.000000,0.181523,0.283996,1.616330,0.000183,0.000427,0.003358,0.015385,3.711840,3.297970,1.798289,1.107325,0.609157,1.105127,0.800732,0.879193,3.304026,3.299447,0.796776,4.907080,4.921820,0.004274
18.400057,1,0.000000,0.219584,0.154197,0.000000,0.000000,0.180547,0.283020,1.062670,0.000183,0.000427,0.003419,0.015018,3.711840,3.311889,1.796824,1.107325,0.602930,1.102929,0.800732,0.879193,3.304942,3.299447,0.797948,4.895020,4.907080,0.003419
18.500055,1,0.000000,0.221536,0.152245,0.000000,0.000000,0.179571,0.283020,2.295010,0.000061,0.000549,0.003358,0.015018,3.711840,3.357359,1.796335,1.109156,0.603662,1.104761,0.800365,0.879193,3.304942,3.300363,0.797362,4.888320,4.897700,0.003419
18.600055,1,0.000000,0.219584,0.152245,0.000000,0.000000,0.179571,0.282044,1.080530,0.000183,0.000427,0.003419,0.015018,3.711840,3.311889,1.797312,1.104761,0.615018,1.099999,0.800732,0.879193,3.305857,3.299447,0.797362,4.912440,4.921820,0.004274
18.700057,1,0.000000,0.227392,0.153221,0.000000,0.000000,0.181523,0.282044,1.937810,0.000183,0.000427,0.003419,0.015629,3.715552,3.301682,1.797800,1.104761,0.605494,1.101098,0.799633,0.879999,3.304942,3.299447,0.797362,4.896360,4.907080,0.004274
18.800056,1,0.000000,0.217632,0.154197,0.000000,0.000000,0.179571,0.283020,1.062670,0.000122,0.000488,0.003358,0.015629,3.711840,3.298898,1.796824,1.106226,0.606593,1.100732,0.801098,0.879731,3.305857,3.300363,0.797362,4.876260,4.911100,0.004274
18.900056,1,0.000000,0.218608,0.152245,0.000000,0.000000,0.181523,0.288875,2.107480,0.000183,0.000427,0.003480,0.015263,3.711840,3.295186,1.798289,1.102197,0.605494,1.105127,0.801464,0.879462,3.305857,3.299447,0.796776,4.896360,4.897700,0.003419
19.000055,1,0.000000,0.221536,0.156149,0.000000,0.000000,0.180547,0.282044,1.830650,0.000244,0.000549,0.003358,0.014896,3.711840,3.298898,1.798289,1.106226,0.612820,1.104761,0.800732,0.879999,3.305857,3.299447,0.797362,4.907080,4.920480,0.003419
19.100055,1,0.000000,0.220560,0.153221,0.000000,0.000000,0.191282,0.283996,1.786000,0.000183,0.000549,0.003297,0.015018,3.710912,3.301682,1.797312,1.107691,0.605128,1.102929,0.801831,0.879731,3.303110,3.300363,0.797362,4.897700,4.912440,0.004274
19.200058,1,0.000976,0.222512,0.152245,0.000000,0.000000,0.181523,0.283020,2.080690,0.000183,0.000427,0.003419,0.015140,3.711840,3.292402,1.797312,1.107691,0.608424,1.104761,0.801098,0.879462,3.307689,3.300363,0.797362,4.907080,4.920480,0.003419
19.300058,1,0.000000,0.224464,0.154197,0.000000,0.000000,0.180547,0.281068,1.062670,0.000122,0.000549,0.003358,0.014896,3.704416,3.289618,1.796824,1.108424,0.603662,1.102929,0.801831,0.879193,3.304026,3.299447,0.797948,4.882960,4.904400,0.004274
19.400056,1,0.000000,0.225440,0.152245,0.000000,0.000000,0.180547,0.282044,1.794930,0.000183,0.000427,0.003419,0.015018,3.703488,3.293330,1.798289,1.102563,0.602564,1.104394,0.802930,0.879462,3.306773,3.299447,0.797655,4.900380,4.893680,0.004274
19.500057,1,0.000000,0.221536,0.153221,0.000000,0.000000,0.180547,0.283020,2.098550,0.000183,0.000427,0.003419,0.015140,3.703488,3.294258,1.797800,1.102929,0.606227,1.100732,0.799633,0.879462,3.307689,3.299447,0.797362,4.907080,4.920480,0.004274
19.600056,1,0.000976,0.219584,0.153221,0.000000,0.000000,0.178595,0.281068,2.196780,0.000122,0.000488,0.003419,0.015018,3.710912,3.293330,1.796824,1.104761,0.601098,1.101098,0.802930,0.879462,3.305857,3.300363,0.797362,4.893680,4.905740,0.003419
19.700056,1,0.000000,0.220560,0.153221,0.000000,0.000000,0.182499,0.283996,2.178920,0.000183,0.000427,0.003419,0.015263,3.719264,3.301682,1.797312,1.110622,0.606227,1.102197,0.800732,0.879193,3.304026,3.300363,0.796776,4.907080,4.923160,0.004274
19.800056,1,0.000000,0.218608,0.154197,0.000000,0.000000,0.179571,0.283996,1.553820,0.000244,0.000977,0.003358,0.015507,3.711840,3.297970,1.798289,1.101464,0.601831,1.099999,0.802930,0.879462,3.304942,3.299447,0.797655,4.877600,4.904400,0.004274
19.900056,1,0.000000,0.222512,0.154197,0.000000,0.000000,0.178595,0.283020,2.196780,0.000183,0.000427,0.003419,0.015263,3.701632,3.298898,1.796824,1.101830,0.614285,1.102929,0.800732,0.879462,3.304942,3.299447,0.797362,4.896360,4.919140,0.003419
20.000056,1,0.000000,0.222512,0.154197,0.000000,0.000000,0.179571,0.283020,1.080530,0.000183,0.000427,0.003297,0.015140,3.711840,3.298898,1.796824,1.110622,0.610988,1.104028,0.801098,0.879731,3.304942,3.298531,0.797655,4.886980,4.884300,0.004274
20.100055,1,0.000000,0.218608,0.155173,0.000000,0.000000,0.180547,0.284972,2.169990,0.000244,0.000733,0.003419,0.015140,3.697920,3.327664,1.796824,1.107691,0.607692,1.106226,0.800732,0.879193,3.304026,3.299447,0.797655,4.895020,4.909760,0.004274
20.200056,1,0.000000,0.226416,0.154197,0.000000,0.000000,0.182499,0.282044,1.062670,0.000244,0.000488,0.003358,0.015140,3.711840,3.298898,1.798777,1.107691,0.613186,1.106226,0.801464,0.879462,3.304942,3.298531,0.797655,4.911100,4.904400,0.004274
20.300055,1,0.000000,0.221536,0.152245,0.000000,0.000000,0.179571,0.284972,1.786000,0.000183,0.000427,0.003419,0.015629,3.700704,3.301682,1.796824,1.110622,0.605128,1.104028,0.801831,0.879462,3.304942,3.299447,0.797362,4.873580,4.907080,0.004274
20.400056,1,0.000976,0.219584,0.152245,0.000000,0.000000,0.181523,0.283020,2.232500,0.000183,0.000427,0.003419,0.015018,3.704416,3.293330,1.798289,1.101830,0.608058,1.104028,0.801831,0.879193,3.303110,3.299447,0.797655,4.912440,4.920480,0.004274
20.500056,1,0.000000,0.223488,0.153221,0.000000,0.000000,0.197138,0.284972,1.062670,0.000183,0.000672,0.003358,0.015263,3.715552,3.301682,1.798289,1.104394,0.601831,1.104761,0.801464,0.879999,3.305857,3.299447,0.797948,4.882960,4.907080,0.004274
20.600055,1,0.000000,0.221536,0.154197,0.000000,0.000000,0.179571,0.284972,1.786000,0.000183,0.000427,0.003419,0.015629,3.704416,3.294258,1.798289,1.101830,0.604029,1.104028,0.801098,0.879462,3.307689,3.299447,0.797362,4.904400,4.912440,0.003419
20.700057,1,0.000000,0.228368,0.152245,0.000000,0.000000,0.179571,0.284972,1.071600,0.000122,0.000488,0.003480,0.015629,3.726687,3.313745,1.799266,1.110622,0.599999,1.100732,0.801464,0.879193,3.304942,3.299447,0.797362,4.888320,4.901720,0.004274
20.800056,1,0.000000,0.234223,0.154197,0.000000,0.000000,0.180547,0.282044,1.786000,0.000122,0.000549,0.003419,0.015629,3.704416,3.293330,1.798289,1.107691,0.602197,1.104761,0.801098,0.879731,3.304942,3.298531,0.797655,4.892340,4.904400,0.004274
20.900056,1,0.000000,0.223488,0.152245,0.000000,0.000000,0.180547,0.284972,1.053740,0.000183,0.000427,0.003419,0.015263,3.711840,3.293330,1.798289,1.103296,0.615018,1.102563,0.800732,0.879193,3.305857,3.298531,0.797655,4.909760,4.895020,0.004274
21.000056,1,0.000976,0.221536,0.154197,0.000000,0.000000,0.181523,0.284972,1.616330,0.000244,0.000488,0.003358,0.015629,3.711840,3.301682,1.797800,1.106226,0.606227,1.104761,0.801098,0.879462,3.305857,3.299447,0.797655,4.886980,4.909760,0.003419
21.100054,1,0.000000,0.220560,0.153221,0.000000,0.000000,0.179571,0.283996,1.071600,0.000183,0.000427,0.003419,0.015140,3.711840,3.301682,1.796335,1.106226,0.613919,1.104761,0.801831,0.879193,3.304942,3.299447,0.797655,4.911100,4.920480,0.004274
21.200055,1,0.000976,0.220560,0.153221,0.000000,0.000000,0.203969,0.283020,1.839580,0.000183,0.000427,0.003358,0.015018,3.719264,3.298898,1.796824,1.106226,0.613552,1.101098,0.802930,0.879462,3.304026,3.299447,0.797362,4.896360,4.881620,0.003419
21.300056,1,0.000976,0.220560,0.152245,0.000976,0.000000,0.181523,0.283020,1.562750,0.000183,0.000427,0.003358,0.015385,3.715552,3.301682,1.797312,1.107691,0.604761,1.102929,0.802930,0.879193,3.305857,3.299447,0.797069,4.886980,4.904400,0.004274
21.400057,1,0.000000,0.220560,0.154197,0.000000,0.000000,0.181523,0.283020,1.062670,0.000061,0.000427,0.003358,0.015140,3.711840,3.292402,1.797312,1.109156,0.613919,1.102929,0.802930,0.879731,3.303110,3.299447,0.797362,4.892340,4.907080,0.004274
21.500055,1,0.000000,0.220560,0.152245,0.000000,0.000000,0.181523,0.283996,1.821720,0.000244,0.000549,0.003236,0.015507,3.711840,3.299826,1.798289,1.104394,0.599999,1.104761,0.801831,0.879731,3.305857,3.298531,0.797362,4.876260,4.909760,0.004274
21.600055,1,0.000000,0.218608,0.151269,0.000000,0.000000,0.178595,0.282044,2.178920,0.000061,0.000549,0.003297,0.015018,3.701632,3.301682,1.798289,1.104394,0.604395,1.104761,0.801831,0.879462,3.304942,3.299447,0.797655,4.909760,4.920480,0.004274
21.700057,1,0.000000,0.222512,0.155173,0.000000,0.000000,0.180547,0.283996,1.634190,0.000244,0.000549,0.003419,0.015018,3.715552,3.299826,1.798289,1.107691,0.602197,1.101464,0.801098,0.879462,3.303110,3.299447,0.797655,4.892340,4.907080,0.004274
21.800056,1,0.000000,0.219584,0.152245,0.000000,0.000000,0.195186,0.283996,1.911020,0.000061,0.000549,0.003236,0.015263,3.711840,3.293330,1.797312,1.104761,0.613919,1.100732,0.802930,0.879999,3.304942,3.299447,0.797948,4.907080,4.920480,0.004274
21.900056,1,0.000000,0.221536,0.155173,0.000000,0.000000,0.178595,0.283020,2.000320,0.000122,0.000549,0.003419,0.015507,3.699776,3.294258,1.797312,1.102563,0.606593,1.102929,0.801831,0.879462,3.303110,3.300363,0.797362,4.888320,4.901720,0.004274
22.000056,1,0.000976,0.218608,0.153221,0.000000,0.000000,0.181523,0.284972,1.937810,0.000183,0.000427,0.003419,0.015385,3.711840,3.301682,1.797800,1.104761,0.604761,1.102929,0.799633,0.879193,3.304942,3.299447,0.797948,4.909760,4.920480,0.004274
22.100055,1,0.000000,0.236175,0.154197,0.000000,0.000000,0.181523,0.282044,2.482540,0.000183,0.000427,0.003419,0.015140,3.711840,3.294258,1.799266,1.109156,0.612087,1.104028,0.800365,0.878925,3.307689,3.299447,0.797362,4.893680,4.897700,0.004274
22.200054,1,0.000000,0.221536,0.154197,0.000000,0.000000,0.180547,0.282044,1.571680,0.000122,0.000549,0.003419,0.015018,3.711840,3.293330,1.797312,1.104761,0.604395,1.105127,0.801098,0.879462,3.304942,3.299447,0.797362,4.888320,4.896360,0.004274
22.300056,1,0.000000,0.220560,0.153221,0.000000,0.000000,0.180547,0.283996,1.071600,0.000183,0.000427,0.003419,0.015629,3.696064,3.295186,1.799266,1.101830,0.613552,1.102929,0.801098,0.879999,3.304942,3.299447,0.797655,4.907080,4.920480,0.004274
22.400056,1,0.000000,0.223488,0.152245,0.000000,0.000000,0.178595,0.281068,2.482540,0.000061,0.000427,0.003419,0.015263,3.711840,3.299826,1.797312,1.104394,0.613186,1.102929,0.801098,0.879193,3.304942,3.299447,0.797948,4.893680,4.884300,0.003419
22.500055,1,0.000000,0.219584,0.155173,0.000000,0.000000,0.202993,0.282044,1.562750,0.000183,0.000427,0.003419,0.015140,3.704416,3.307249,1.796824,1.109156,0.606593,1.101464,0.799633,0.879193,3.304942,3.299447,0.797948,4.909760,4.920480,0.004274
22.600056,1,0.000000,0.221536,0.154197,0.000000,0.000000,0.181523,0.283996,1.071600,0.000183,0.000427,0.003419,0.015140,3.711840,3.299826,1.798289,1.104394,0.606959,1.104761,0.801098,0.879462,3.304942,3.300363,0.796776,4.896360,4.907080,0.004274
22.700056,1,0.000000,0.221536,0.155173,0.000000,0.000000,0.181523,0.284972,1.786000,0.000183,0.000427,0.003480,0.015629,3.711840,3.295186,1.798289,1.106226,0.611721,1.104394,0.799633,0.879193,3.304942,3.298531,0.797948,4.907080,4.917800,0.004274
22.800057,1,0.000000,0.229344,0.154197,0.000000,0.000000,0.178595,0.283996,1.071600,0.000244,0.000488,0.003480,0.015263,3.726687,3.301682,1.798289,1.102197,0.602930,1.100732,0.801831,0.879999,3.304942,3.298531,0.797948,4.901720,4.893680,0.003419
22.900055,1,0.000976,0.219584,0.151269,0.000000,0.000000,0.180547,0.283020,2.080690,0.000183,0.000427,0.003419,0.015385,3.701632,3.295186,1.798289,1.107691,0.606959,1.100732,0.801831,0.879462,3.307689,3.299447,0.797362,4.882960,4.920480,0.004274
23.000055,1,0.000000,0.223488,0.155173,0.000000,0.000000,0.179571,0.282044,1.071600,0.000183,0.000427,0.003419,0.015140,3.711840,3.298898,1.796824,1.102929,0.600366,1.104394,0.801098,0.879193,3.305857,3.302194,0.797655,4.892340,4.904400,0.004274
23.100055,1,0.000000,0.219584,0.154197,0.000000,0.000000,0.190306,0.283020,2.795090,0.000183,0.000427,0.003480,0.015140,3.722976,3.299826,1.798289,1.102563,0.617948,1.104028,0.801464,0.879462,3.304942,3.299447,0.796776,4.881620,4.899040,0.004274
23.200057,1,0.000000,0.221536,0.154197,0.000000,0.000000,0.181523,0.283020,1.857440,0.000244,0.000549,0.003419,0.015629,3.711840,3.299826,1.797800,1.102563,0.612454,1.102929,0.800732,0.879462,3.305857,3.298531,0.797655,4.912440,4.920480,0.004274
23.300059,1,0.000000,0.221536,0.152245,0.000000,0.000000,0.179571,0.283996,1.062670,0.000244,0.000549,0.003419,0.015629,3.699776,3.294258,1.798777,1.107691,0.600732,1.102929,0.802930,0.879731,3.304942,3.300363,0.797362,4.896360,4.903060,0.004274
23.400055,1,0.000976,0.221536,0.155173,0.000000,0.000000,0.181523,0.282044,1.562750,0.000061,0.000549,0.003358,0.015385,3.711840,3.301682,1.798289,1.107691,0.601098,1.100365,0.801098,0.879193,3.306773,3.299447,0.797655,4.886980,4.920480,0.004274
23.500057,1,0.000000,0.221536,0.153221,0.000000,0.000000,0.179571,0.282044,1.062670,0.000183,0.000427,0.003419,0.015263,3.711840,3.293330,1.798289,1.107325,0.609157,1.104761,0.800365,0.879462,3.305857,3.299447,0.797655,4.900380,4.904400,0.004274
23.600055,1,0.000000,0.222512,0.156149,0.000000,0.000000,0.180547,0.283020,2.491470,0.000061,0.000549,0.003358,0.015018,3.711840,3.301682,1.798289,1.110622,0.613186,1.100732,0.802930,0.879999,3.304942,3.299447,0.797948,4.893680,4.897700,0.004274
23.700059,1,0.000000,0.218608,0.153221,0.000000,0.000000,0.181523,0.282044,1.071600,0.000183,0.000427,0.003358,0.015385,3.701632,3.301682,1.797312,1.104394,0.604029,1.100732,0.801098,0.879193,3.303110,3.299447,0.797655,4.886980,4.909760,0.004274
23.800056,1,0.000000,0.220560,0.154197,0.000976,0.000000,0.191282,0.288875,2.196780,0.000183,0.000427,0.003419,0.015140,3.711840,3.293330,1.797800,1.109156,0.608424,1.100732,0.800732,0.879731,3.303110,3.298531,0.797362,4.891000,4.886980,0.004274
23.900056,1,0.000000,0.219584,0.154197,0.000000,0.000000,0.179571,0.281068,1.062670,0.000122,0.000549,0.003114,0.015263,3.711840,3.327664,1.798289,1.107325,0.615018,1.104761,0.801831,0.879193,3.305857,3.299447,0.797655,4.892340,4.907080,0.004274
24.000055,1,0.000000,0.223488,0.152245,0.000000,0.000000,0.178595,0.284972,1.973530,0.000122,0.000488,0.003419,0.014896,3.710912,3.289618,1.798289,1.102929,0.603662,1.104394,0.801831,0.879193,3.304942,3.300363,0.797948,4.899040,4.892340,0.004274
24.100056,1,0.000000,0.235199,0.156149,0.000000,0.000000,0.181523,0.283996,1.634190,0.000183,0.000427,0.003419,0.015018,3.715552,3.299826,1.797800,1.107691,0.612820,1.100732,0.801098,0.879462,3.304026,3.300363,0.797362,4.908420,4.917800,0.004274
24.200056,1,0.000000,0.221536,0.154197,0.000000,0.000000,0.182499,0.283996,1.062670,0.000244,0.000488,0.003358,0.015629,3.711840,3.301682,1.798777,1.110622,0.603662,1.101098,0.801098,0.879731,3.304942,3.298531,0.797655,4.892340,4.905740,0.003419
24.300055,1,0.000000,0.221536,0.156149,0.000000,0.000000,0.179571,0.284972,2.241430,0.000000,0.000549,0.003358,0.015385,3.701632,3.301682,1.797800,1.104761,0.604395,1.104028,0.800365,0.879999,3.305857,3.300363,0.797362,4.891000,4.904400,0.004274
24.400055,1,0.000000,0.221536,0.152245,0.000000,0.000000,0.191282,0.283996,1.071600,0.000122,0.000488,0.003236,0.015018,3.711840,3.291474,1.798289,1.102929,0.613919,1.104394,0.801098,0.879193,3.304942,3.299447,0.797948,4.909760,4.886980,0.004274
24.500055,1,0.000000,0.221536,0.153221,0.000000,0.000000,0.180547,0.284972,2.018180,0.000183,0.000427,0.003419,0.015263,3.710912,3.313745,1.796824,1.107691,0.601098,1.102929,0.799633,0.879731,3.305857,3.300363,0.797362,4.897700,4.899040,0.004274
24.600055,1,0.000000,0.222512,0.153221,0.000000,0.000000,0.180547,0.283020,1.062670,0.000122,0.000611,0.003419,0.015629,3.711840,3.293330,1.798289,1.107691,0.604761,1.100732,0.800732,0.879999,3.304942,3.299447,0.797362,4.882960,4.911100,0.004274
24.700056,1,0.000976,0.229344,0.154197,0.000000,0.000000,0.180547,0.287899,1.589540,0.000183,0.000672,0.003297,0.015385,3.696064,3.301682,1.798289,1.102929,0.605860,1.104761,0.801831,0.879999,3.304942,3.299447,0.797948,4.893680,4.900380,0.004274
24.800056,1,0.000976,0.220560,0.152245,0.000000,0.000000,0.181523,0.284972,1.866370,0.000183,0.000427,0.003480,0.015140,3.711840,3.298898,1.797800,1.110622,0.613919,1.104028,0.802197,0.879193,3.304942,3.299447,0.797655,4.909760,4.919140,0.003419
24.900056,1,0.000976,0.222512,0.153221,0.000000,0.000000,0.179571,0.282044,1.794930,0.000183,0.000427,0.003419,0.015507,3.697920,3.295186,1.798289,1.104028,0.602564,1.105127,0.799633,0.879731,3.304942,3.298531,0.797362,4.900380,4.909760,0.004274
25.000056,1,0.000000,0.220560,0.152245,0.000000,0.000000,0.180547,0.284972,2.071760,0.000183,0.000427,0.003419,0.015140,3.711840,3.293330,1.798289,1.104761,0.606959,1.102929,0.802930,0.879731,3.303110,3.299447,0.797655,4.900380,4.920480,0.004274
25.100057,1,0.000000,0.222512,0.152245,0.000000,0.000000,0.192258,0.283996,1.071600,0.000183,0.000427,0.003419,0.015629,3.719264,3.293330,1.798289,1.107691,0.605860,1.102929,0.801464,0.879462,3.304942,3.299447,0.797362,4.878940,4.907080,0.004274
25.200056,1,0.000000,0.220560,0.152245,0.000000,0.000000,0.179571,0.285948,1.794930,0.000122,0.000488,0.003419,0.015507,3.726687,3.327664,1.796824,1.107691,0.602197,1.104028,0.800732,0.879193,3.304942,3.299447,0.797655,4.900380,4.899040,0.004274
25.300087,1,0.000976,0.220560,0.152245,0.008783,0.000000,0.179571,0.282044,2.080690,0.000183,0.000427,0.003358,0.015385,3.710912,3.298898,1.797800,1.106226,0.609523,1.104761,0.802930,0.879193,3.305857,3.300363,0.797362,4.909760,4.920480,0.004274
25.400056,1,0.000000,0.227392,0.155173,0.000000,0.000000,0.182499,0.283020,1.634190,0.000244,0.000549,0.003419,0.015140,3.711840,3.301682,1.797800,1.109156,0.606227,1.102929,0.802930,0.879462,3.304026,3.300363,0.797362,4.893680,4.897700,0.004274
25.500055,1,0.000000,0.229344,0.152245,0.000000,0.000000,0.180547,0.283996,2.223570,0.000183,0.000427,0.003419,0.015629,3.703488,3.295186,1.798289,1.102929,0.604395,1.104761,0.799633,0.879999,3.304942,3.300363,0.797362,4.909760,4.920480,0.004274
25.600055,1,0.000000,0.219584,0.155173,0.000000,0.000000,0.180547,0.283996,1.562750,0.000183,0.000427,0.003358,0.015263,3.711840,3.298898,1.796335,1.101830,0.601098,1.103296,0.801831,0.879731,3.303110,3.299447,0.797655,4.886980,4.907080,0.004274
25.700057,1,0.000000,0.221536,0.152245,0.000000,0.000000,0.190306,0.304490,1.768140,0.000183,0.000427,0.003419,0.014774,3.704416,3.289618,1.799266,1.101464,0.612087,1.104028,0.800732,0.879462,3.304026,3.298531,0.797948,4.895020,4.919140,0.003419
25.800056,1,0.000000,0.219584,0.152245,0.000000,0.000000,0.179571,0.282044,1.080530,0.000061,0.000549,0.003297,0.015140,3.711840,3.297970,1.796824,1.107691,0.612087,1.100732,0.801831,0.879193,3.304942,3.299447,0.797655,4.895020,4.884300,0.004274
25.900055,1,0.000000,0.221536,0.153221,0.000000,0.000000,0.179571,0.285948,2.232500,0.000183,0.000427,0.003419,0.015263,3.710912,3.294258,1.798289,1.108424,0.604395,1.104761,0.799633,0.879999,3.304942,3.299447,0.797948,4.893680,4.907080,0.004274
26.000056,1,0.000000,0.229344,0.152245,0.000000,0.000000,0.180547,0.281068,1.071600,0.000061,0.000549,0.003297,0.015385,3.711840,3.299826,1.796824,1.103296,0.614285,1.102929,0.800732,0.879462,3.305857,3.300363,0.796776,4.912440,4.891000,0.004274
26.100055,1,0.000000,0.221536,0.151269,0.000000,0.000000,0.181523,0.282044,1.777070,0.000183,0.000427,0.003419,0.015263,3.700704,3.298898,1.797800,1.106226,0.604761,1.102929,0.799267,0.879462,3.304942,3.299447,0.797362,4.874920,4.911100,0.004274
26.200055,1,0.000976,0.221536,0.154197,0.000000,0.000000,0.181523,0.283020,2.205710,0.000061,0.000549,0.003358,0.015629,3.726687,3.301682,1.797312,1.104761,0.604029,1.103296,0.801098,0.879731,3.303110,3.299447,0.797069,4.907080,4.921820,0.004274
26.300056,1,0.000000,0.221536,0.153221,0.000000,0.000000,0.181523,0.283020,1.071600,0.000061,0.000427,0.003358,0.015385,3.726687,3.295186,1.797312,1.104761,0.606959,1.104028,0.799633,0.879462,3.304026,3.300363,0.796776,4.888320,4.903060,0.004274
26.400055,1,0.000000,0.220560,0.153221,0.000000,0.000000,0.192258,0.284972,1.794930,0.000183,0.000427,0.003419,0.015263,3.697920,3.355503,1.796824,1.103296,0.602197,1.104761,0.801098,0.879193,3.304942,3.300363,0.797655,4.903060,4.911100,0.004274
26.500057,1,0.000000,0.219584,0.154197,0.000000,0.000000,0.180547,0.283020,2.786160,0.000183,0.000427,0.003419,0.015018,3.726687,3.294258,1.797312,1.104761,0.606593,1.104761,0.801464,0.879193,3.304942,3.298531,0.797655,4.886980,4.896360,0.004274
26.600056,1,0.000976,0.221536,0.183475,0.000000,0.000000,0.180547,0.283020,1.777070,0.000183,0.000427,0.003419,0.015629,3.715552,3.292402,1.797312,1.107691,0.613186,1.100732,0.801831,0.878925,3.304942,3.299447,0.797655,4.895020,4.904400,0.004274
26.700057,1,0.000000,0.233247,0.155173,0.000000,0.000000,0.179571,0.283996,1.053740,0.000183,0.000427,0.003541,0.015385,3.711840,3.298898,1.797312,1.107691,0.615750,1.100732,0.801831,0.879462,3.305857,3.299447,0.797362,4.909760,4.903060,0.004274
26.800055,1,0.000976,0.219584,0.154197,0.000000,0.000000,0.179571,0.283996,1.562750,0.000183,0.000427,0.003419,0.015140,3.701632,3.293330,1.798777,1.104761,0.605860,1.100732,0.800732,0.879193,3.304942,3.299447,0.797655,4.895020,4.904400,0.004274
26.900056,1,0.000976,0.221536,0.155173,0.000000,0.000000,0.181523,0.283020,1.071600,0.000244,0.000549,0.003419,0.015385,3.711840,3.294258,1.798289,1.102929,0.615750,1.104761,0.799633,0.879462,3.305857,3.300363,0.796776,4.912440,4.920480,0.004274
27.000055,1,0.000000,0.282044,0.152245,0.000000,0.000000,0.180547,0.283996,1.812790,0.000061,0.000427,0.003419,0.015263,3.711840,3.293330,1.797312,1.101464,0.612087,1.102929,0.800732,0.879193,3.305857,3.299447,0.797655,4.886980,4.885640,0.004274
27.100055,1,0.000000,0.224464,0.156149,0.000000,0.000000,0.180547,0.282044,1.571680,0.000061,0.000549,0.003297,0.015018,3.703488,3.297970,1.796824,1.103296,0.605860,1.102929,0.801831,0.879193,3.304942,3.299447,0.797655,4.895020,4.909760,0.004274
27.200056,1,0.000000,0.219584,0.155173,0.000000,0.000000,0.181523,0.283020,1.053740,0.000183,0.000427,0.003541,0.015629,3.700704,3.298898,1.797312,1.110622,0.615018,1.104394,0.800365,0.879193,3.304942,3.299447,0.797655,4.892340,4.909760,0.004274
27.300058,1,0.000000,0.225440,0.154197,0.000000,0.000000,0.180547,0.283020,1.803860,0.000061,0.000549,0.003297,0.015385,3.710912,3.297970,1.796824,1.110622,0.610256,1.104028,0.801098,0.879731,3.305857,3.300363,0.797362,4.881620,4.881620,0.004274
27.400055,1,0.000000,0.220560,0.152245,0.000000,0.000000,0.181523,0.283020,2.241430,0.000061,0.000427,0.003419,0.015629,3.711840,3.293330,1.797800,1.108424,0.617216,1.104394,0.800732,0.879462,3.304026,3.299447,0.797948,4.907080,4.921820,0.004274
27.500055,1,0.000000,0.221536,0.153221,0.000000,0.000000,0.180547,0.282044,1.625260,0.000183,0.000427,0.003358,0.015385,3.711840,3.301682,1.797800,1.102197,0.603296,1.101464,0.800365,0.879731,3.304942,3.298531,0.797362,4.886980,4.907080,0.004274
27.600056,1,0.000000,0.221536,0.186403,0.000000,0.000000,0.179571,0.283020,1.893160,0.000183,0.000427,0.003419,0.015385,3.704416,3.293330,1.798289,1.106226,0.613552,1.104761,0.801464,0.879193,3.305857,3.299447,0.797655,4.909760,4.921820,0.004274
27.700058,1,0.000976,0.220560,0.153221,0.000000,0.000000,0.180547,0.286923,1.919950,0.000061,0.000549,0.003358,0.015018,3.710912,3.297970,1.797312,1.106226,0.603662,1.104761,0.800732,0.876507,3.304942,3.299447,0.797655,4.881620,4.900380,0.004274
27.800056,1,0.000000,0.222512,0.155173,0.000000,0.000000,0.201042,0.284972,1.794930,0.000122,0.000488,0.003480,0.015385,3.704416,3.293330,1.797312,1.108424,0.614651,1.104761,0.799633,0.879999,3.304942,3.299447,0.797948,4.907080,4.920480,0.004274
27.900055,1,0.000976,0.219584,0.153221,0.000000,0.000000,0.179571,0.282044,1.062670,0.000061,0.000488,0.003358,0.015140,3.711840,3.293330,1.797800,1.107691,0.612087,1.104761,0.799633,0.879999,3.304942,3.299447,0.797948,4.895020,4.899040,0.004274
28.000055,1,0.000000,0.229344,0.153221,0.000000,0.000000,0.181523,0.283020,2.714720,0.000183,0.000427,0.003419,0.015140,3.719264,3.299826,1.797800,1.107325,0.601465,1.102197,0.800365,0.879462,3.304942,3.300363,0.796776,4.891000,4.912440,0.003419
28.100056,1,0.000000,0.219584,0.151269,0.000000,0.000000,0.181523,0.282044,1.937810,0.000183,0.000427,0.003419,0.015263,3.711840,3.297970,1.797312,1.107691,0.616117,1.104028,0.800365,0.879193,3.304942,3.298531,0.797655,4.911100,4.920480,0.004274
28.200055,1,0.000000,0.220560,0.155173,0.000000,0.000000,0.180547,0.282044,2.491470,0.000061,0.000427,0.003419,0.015140,3.719264,3.293330,1.798289,1.101464,0.614285,1.103662,0.800732,0.879462,3.304942,3.299447,0.797655,4.889660,4.893680,0.004274
28.300057,1,0.000000,0.218608,0.152245,0.000000,0.000000,0.180547,0.281068,1.562750,0.000061,0.000611,0.003358,0.015629,3.704416,3.295186,1.797312,1.104761,0.605494,1.101464,0.801098,0.879462,3.307689,3.299447,0.797362,4.907080,4.919140,0.003419
28.400056,1,0.000000,0.221536,0.154197,0.000000,0.000000,0.180547,0.283996,1.080530,0.000061,0.000611,0.003236,0.015629,3.719264,3.293330,1.797312,1.107691,0.608058,1.102929,0.800732,0.879462,3.304942,3.300363,0.797362,4.882960,4.904400,0.004274
28.500055,1,0.000000,0.221536,0.152245,0.000000,0.000000,0.182499,0.283996,1.794930,0.000244,0.000549,0.003419,0.015629,3.711840,3.301682,1.797800,1.104761,0.611721,1.106226,0.801831,0.879193,3.304942,3.299447,0.797655,4.911100,4.920480,0.004274
28.600056,1,0.000000,0.219584,0.152245,0.000000,0.000000,0.178595,0.283020,1.071600,0.000183,0.000427,0.003419,0.015263,3.703488,3.294258,1.798777,1.104761,0.603662,1.102929,0.800365,0.879462,3.304026,3.300363,0.797362,4.897700,4.909760,0.004274
28.700057,1,0.000976,0.218608,0.156149,0.000000,0.000000,0.180547,0.283996,2.080690,0.000244,0.000488,0.003358,0.015018,3.711840,3.301682,1.797800,1.104761,0.605860,1.104761,0.800365,0.879193,3.304942,3.300363,0.797655,4.886980,4.917800,0.004274
28.800056,1,0.000000,0.221536,0.152245,0.000000,0.000000,0.180547,0.283996,1.062670,0.000122,0.000549,0.003419,0.015018,3.710912,3.307249,1.796824,1.104761,0.605494,1.105494,0.802930,0.879462,3.305857,3.300363,0.797362,4.896360,4.904400,0.004274
28.900055,1,0.000976,0.222512,0.154197,0.000000,0.000000,0.182499,0.282044,1.937810,0.000183,0.000427,0.003358,0.015140,3.701632,3.299826,1.797800,1.104761,0.603296,1.104028,0.800732,0.879193,3.304942,3.298531,0.797655,4.881620,4.899040,0.004274
29.000055,1,0.000976,0.221536,0.153221,0.000000,0.000000,0.181523,0.283020,2.214640,0.000122,0.000733,0.003358,0.015385,3.726687,3.355503,1.798289,1.104761,0.613186,1.104761,0.800732,0.879193,3.304942,3.299447,0.797655,4.911100,4.919140,0.004274
29.100056,1,0.000000,0.220560,0.152245,0.000000,0.000000,0.200066,0.283996,1.071600,0.000183,0.000427,0.003419,0.015140,3.703488,3.301682,1.798289,1.102197,0.604029,1.101098,0.801831,0.879193,3.305857,3.299447,0.797655,4.892340,4.907080,0.004274
29.200057,1,0.000000,0.221536,0.154197,0.000000,0.000000,0.180547,0.284972,2.777230,0.000061,0.000549,0.003297,0.015140,3.711840,3.293330,1.798289,1.110622,0.601098,1.104028,0.801464,0.879193,3.306773,3.299447,0.797655,4.881620,4.900380,0.004274
29.300057,1,0.000000,0.225440,0.154197,0.000000,0.000000,0.179571,0.283996,1.080530,0.000122,0.000549,0.003419,0.015140,3.711840,3.307249,1.797800,1.101464,0.613186,1.104028,0.800732,0.879193,3.303110,3.299447,0.797362,4.886980,4.899040,0.004274
29.400055,1,0.000000,0.230320,0.154197,0.000000,0.000000,0.181523,0.282044,2.223570,0.000244,0.000488,0.003358,0.015018,3.713696,3.327664,1.797312,1.107691,0.614651,1.100732,0.799633,0.879193,3.304942,3.299447,0.797655,4.895020,4.897700,0.004274
29.500057,1,0.000000,0.221536,0.152245,0.000000,0.000000,0.180547,0.283020,1.080530,0.000183,0.000427,0.003419,0.015140,3.704416,3.293330,1.798777,1.101464,0.600366,1.101098,0.801464,0.879193,3.304942,3.299447,0.797948,4.877600,4.907080,0.004274
29.600056,1,0.000976,0.218608,0.152245,0.000000,0.000000,0.177619,0.288875,2.169990,0.000183,0.000427,0.003419,0.015629,3.703488,3.301682,1.798289,1.102197,0.605128,1.102197,0.799633,0.879193,3.305857,3.299447,0.797655,4.886980,4.909760,0.004274
29.700057,1,0.000976,0.216657,0.154197,0.000000,0.000000,0.181523,0.284972,1.071600,0.000183,0.000427,0.003419,0.015140,3.711840,3.294258,1.798289,1.101830,0.615018,1.104761,0.802197,0.879462,3.307689,3.300363,0.797362,4.912440,4.907080,0.004274
29.800056,1,0.000976,0.221536,0.153221,0.000000,0.000000,0.184451,0.283020,1.893160,0.000183,0.000427,0.003358,0.015629,3.711840,3.301682,1.796824,1.101830,0.602197,1.104028,0.800732,0.879193,3.304026,3.300363,0.797362,4.897700,4.886980,0.004274
29.900056,1,0.000976,0.220560,0.155173,0.000000,0.000000,0.181523,0.282044,2.062830,0.000061,0.000427,0.003358,0.015140,3.704416,3.293330,1.799266,1.102563,0.605494,1.104028,0.800365,0.879731,3.304942,3.298531,0.797362,4.912440,4.919140,0.004274
30.000057,1,0.000000,0.219584,0.153221,0.000000,0.000000,0.179571,0.283996,1.062670,0.000122,0.000549,0.003358,0.015385,3.704416,3.293330,1.798289,1.107325,0.605860,1.104761,0.801831,0.879999,3.304942,3.299447,0.797655,4.882960,4.903060,0.004274
30.100055,1,0.001952,0.220560,0.156149,0.000000,0.000000,0.179571,0.281068,1.875300,0.000122,0.000549,0.003358,0.015018,3.711840,3.301682,1.796824,1.102197,0.602197,1.104394,0.801831,0.879193,3.303110,3.299447,0.797655,4.900380,4.896360,0.004274
30.200057,1,0.000000,0.219584,0.156149,0.000000,0.000000,0.182499,0.282044,1.125180,0.000183,0.000427,0.003419,0.015263,3.711840,3.294258,1.798289,1.102197,0.615018,1.104761,0.802930,0.879462,3.304026,3.299447,0.797362,4.907080,4.921820,0.004274
30.300056,1,0.000000,0.221536,0.153221,0.000000,0.000000,0.181523,0.282044,1.857440,0.000122,0.000549,0.003419,0.015263,3.704416,3.307249,1.797800,1.107691,0.606959,1.104761,0.799633,0.879462,3.305857,3.300363,0.796776,4.897700,4.903060,0.004274
30.400056,1,0.000976,0.221536,0.154197,0.000000,0.000000,0.193234,0.283020,1.053740,0.000122,0.000549,0.003358,0.015018,3.711840,3.301682,1.798289,1.110622,0.616117,1.100732,0.800732,0.879193,3.305857,3.299447,0.797362,4.912440,4.888320,0.004274
30.500055,1,0.000000,0.221536,0.154197,0.000000,0.000000,0.179571,0.283020,1.571680,0.000244,0.000488,0.003358,0.015018,3.703488,3.298898,1.796824,1.103296,0.602564,1.105127,0.801464,0.879193,3.306773,3.299447,0.797655,4.900380,4.904400,0.004274
30.600056,1,0.000000,0.218608,0.154197,0.000000,0.000000,0.180547,0.283996,2.491470,0.000061,0.000549,0.003297,0.015018,3.711840,3.294258,1.798289,1.108424,0.614285,1.104761,0.801831,0.879462,3.304942,3.300363,0.797655,4.912440,4.919140,0.004274
30.700055,1,0.000000,0.229344,0.151269,0.000000,0.000000,0.182499,0.284972,1.830650,0.000183,0.000427,0.003419,0.015385,3.711840,3.313745,1.796824,1.104761,0.601098,1.100732,0.799633,0.879999,3.305857,3.300363,0.797362,4.876260,4.911100,0.004274
30.800059,1,0.000976,0.222512,0.151269,0.000000,0.000000,0.181523,0.283996,2.187850,0.000183,0.000427,0.003419,0.015873,3.703488,3.301682,1.796824,1.104761,0.602564,1.104761,0.800365,0.879193,3.303110,3.299447,0.797655,4.891000,4.920480,0.004274
30.900057,1,0.000000,0.221536,0.155173,0.000000,0.000000,0.180547,0.282044,1.071600,0.000244,0.000488,0.003358,0.015018,3.726687,3.291474,1.797312,1.107691,0.612087,1.102563,0.801831,0.879193,3.304942,3.299447,0.797655,4.900380,4.888320,0.004274
31.000055,1,0.000000,0.221536,0.153221,0.000000,0.000000,0.180547,0.283020,1.794930,0.000183,0.000427,0.003419,0.015507,3.711840,3.295186,1.798289,1.101830,0.602564,1.100732,0.802930,0.879462,3.307689,3.300363,0.797362,4.874920,4.909760,0.004274
31.100055,1,0.000000,0.218608,0.153221,0.000000,0.000000,0.193234,0.284972,2.196780,0.000061,0.000549,0.003297,0.015140,3.696064,3.298898,1.798289,1.103296,0.608058,1.102197,0.802930,0.879193,3.303110,3.299447,0.797655,4.911100,4.920480,0.004274
31.200057,1,0.000976,0.220560,0.151269,0.000000,0.000000,0.179571,0.285948,1.071600,0.000244,0.000488,0.003358,0.015507,3.726687,3.327664,1.798289,1.102197,0.600366,1.101464,0.799633,0.879999,3.304026,3.299447,0.797948,4.882960,4.897700,0.003419
31.300056,1,0.000976,0.223488,0.152245,0.000000,0.000000,0.180547,0.283020,1.812790,0.000183,0.000427,0.003419,0.015385,3.711840,3.301682,1.797312,1.104761,0.609523,1.104028,0.800732,0.879193,3.305857,3.300363,0.797069,4.912440,4.920480,0.004274
31.400055,1,0.000000,0.233247,0.153221,0.000000,0.000000,0.180547,0.283996,2.786160,0.000183,0.000427,0.003419,0.015385,3.710912,3.291474,1.798289,1.102197,0.601831,1.102929,0.800732,0.879193,3.304942,3.299447,0.797655,4.889660,4.904400,0.004274
31.500056,1,0.000000,0.221536,0.153221,0.000000,0.000000,0.179571,0.284972,1.937810,0.000183,0.000427,0.003419,0.015385,3.710912,3.307249,1.798289,1.108058,0.602930,1.100732,0.800732,0.879462,3.304942,3.300363,0.797655,4.896360,4.904400,0.004274
31.600057,1,0.000000,0.221536,0.155173,0.000000,0.000000,0.180547,0.283996,1.848510,0.000244,0.000549,0.003419,0.015385,3.711840,3.292402,1.797800,1.102563,0.611721,1.104028,0.802930,0.879462,3.306773,3.299447,0.797655,4.881620,4.884300,0.004274
31.700055,1,0.000000,0.220560,0.153221,0.000000,0.000000,0.191282,0.282044,1.571680,0.000183,0.000427,0.003419,0.015263,3.726687,3.327664,1.797312,1.106226,0.612820,1.101464,0.801464,0.879999,3.304942,3.297616,0.797655,4.899040,4.907080,0.004274
31.800056,1,0.000000,0.221536,0.152245,0.000000,0.000000,0.178595,0.283020,1.071600,0.000122,0.000549,0.003419,0.015507,3.711840,3.294258,1.798289,1.101830,0.615750,1.104761,0.801464,0.879193,3.305857,3.299447,0.797948,4.909760,4.912440,0.004274
31.900056,1,0.000000,0.220560,0.154197,0.000000,0.000000,0.202017,0.283996,1.821720,0.000244,0.000549,0.003419,0.015140,3.711840,3.307249,1.798289,1.108058,0.600732,1.101098,0.800732,0.879731,3.306773,3.299447,0.797655,4.884300,4.912440,0.004274
32.000056,1,0.000000,0.228368,0.153221,0.007807,0.000000,0.180547,0.284972,1.571680,0.000183,0.000427,0.003419,0.015140,3.710912,3.299826,1.798777,1.103296,0.603662,1.104028,0.801098,0.879999,3.304026,3.300363,0.796776,4.897700,4.919140,0.004274
32.100056,1,0.000000,0.220560,0.152245,0.000000,0.000000,0.180547,0.283020,1.071600,0.000244,0.000549,0.003358,0.015385,3.702560,3.301682,1.797800,1.104394,0.613919,1.101098,0.801098,0.879193,3.303110,3.299447,0.797655,4.892340,4.889660,0.004274
32.200056,1,0.000000,0.221536,0.154197,0.000000,0.000000,0.180547,0.283996,1.794930,0.000183,0.000427,0.003358,0.015018,3.697920,3.311889,1.796824,1.101464,0.606593,1.101098,0.800732,0.879462,3.305857,3.300363,0.797362,4.876260,4.912440,0.004274
32.300056,1,0.000000,0.218608,0.150293,0.000000,0.000000,0.179571,0.282044,1.080530,0.000061,0.000549,0.003358,0.015263,3.713696,3.297970,1.796824,1.107691,0.604761,1.102929,0.801464,0.879999,3.304942,3.300363,0.797655,4.888320,4.907080,0.004274
32.400056,1,0.000000,0.218608,0.154197,0.000000,0.000000,0.191282,0.287899,1.625260,0.000183,0.000427,0.003297,0.015385,3.711840,3.298898,1.796824,1.107691,0.604761,1.100732,0.800732,0.879462,3.305857,3.299447,0.797948,4.896360,4.903060,0.004274
32.500056,1,0.000976,0.223488,0.155173,0.000000,0.000000,0.178595,0.282044,1.848510,0.000183,0.000427,0.003419,0.015140,3.704416,3.307249,1.797312,1.102563,0.614651,1.102197,0.802930,0.879193,3.303110,3.299447,0.797362,4.908420,4.920480,0.004274
32.600056,1,0.000000,0.221536,0.156149,0.000000,0.000000,0.179571,0.283996,2.804020,0.000183,0.000427,0.003419,0.015140,3.715552,3.299826,1.796824,1.104394,0.605860,1.104028,0.801831,0.879731,3.304942,3.299447,0.797362,4.881620,4.909760,0.004274
32.700056,1,0.000000,0.227392,0.151269,0.000000,0.000000,0.179571,0.281068,1.866370,0.000183,0.000427,0.003419,0.015018,3.701632,3.301682,1.797312,1.110622,0.614285,1.104394,0.801831,0.879731,3.307689,3.300363,0.797362,4.912440,4.917800,0.004274
32.800056,1,0.000000,0.220560,0.152245,0.000000,0.000000,0.180547,0.281068,2.491470,0.000244,0.000488,0.003358,0.015385,3.699776,3.297970,1.796824,1.109156,0.612820,1.102929,0.801831,0.879999,3.304026,3.300363,0.797948,4.896360,4.903060,0.004274
32.900056,1,0.000000,0.220560,0.153221,0.000000,0.000000,0.179571,0.282044,1.571680,0.000122,0.000733,0.003480,0.015018,3.704416,3.311889,1.796824,1.105494,0.601465,1.100732,0.802930,0.879193,3.304942,3.299447,0.797655,4.886980,4.886980,0.004274
33.000057,1,0.000976,0.223488,0.153221,0.000000,0.000000,0.193234,0.284972,1.071600,0.000244,0.000549,0.003419,0.015385,3.711840,3.301682,1.798777,1.101464,0.617216,1.101098,0.801831,0.879462,3.305857,3.300363,0.797362,4.912440,4.903060,0.004274
33.100055,1,0.000000,0.222512,0.155173,0.000000,0.000000,0.179571,0.283996,2.473610,0.000244,0.000488,0.003358,0.015385,3.719264,3.301682,1.797312,1.107691,0.615018,1.099999,0.801098,0.879731,3.305857,3.298531,0.796776,4.881620,4.882960,0.004274
33.200061,1,0.000000,0.219584,0.152245,0.000000,0.000000,0.181523,0.283996,1.562750,0.000244,0.000488,0.003358,0.015140,3.699776,3.301682,1.797800,1.101830,0.603662,1.102929,0.801464,0.879193,3.303110,3.299447,0.797655,4.911100,4.917800,0.003419
33.300055,1,0.000976,0.228368,0.152245,0.000000,0.000000,0.180547,0.283020,2.089620,0.000183,0.000427,0.003297,0.015140,3.701632,3.298898,1.797312,1.107691,0.606227,1.104028,0.799633,0.878925,3.304942,3.300363,0.797362,4.896360,4.903060,0.003419
33.400056,1,0.000000,0.222512,0.154197,0.000000,0.000000,0.180547,0.283996,1.786000,0.000061,0.000549,0.003297,0.015263,3.711840,3.301682,1.797800,1.104761,0.613919,1.104761,0.799267,0.879193,3.304942,3.299447,0.797655,4.909760,4.920480,0.003419
33.500056,1,0.000000,0.220560,0.153221,0.000000,0.000000,0.181523,0.283996,1.071600,0.000183,0.000427,0.003419,0.015263,3.710912,3.295186,1.799266,1.108424,0.600732,1.101464,0.800732,0.879193,3.304942,3.299447,0.797655,4.900380,4.899040,0.004274
33.600056,1,0.000000,0.219584,0.154197,0.000000,0.000000,0.179571,0.284972,2.027110,0.000183,0.000427,0.003419,0.015140,3.711840,3.299826,1.798289,1.105127,0.613919,1.106226,0.802197,0.879193,3.304942,3.299447,0.797948,4.909760,4.920480,0.004274
33.700058,1,0.000976,0.220560,0.155173,0.000000,0.000000,0.192258,0.283020,1.062670,0.000183,0.000427,0.003419,0.015385,3.703488,3.292402,1.798289,1.101830,0.603296,1.100732,0.802197,0.879462,3.304942,3.297616,0.797655,4.893680,4.909760,0.004274
33.800056,1,0.000976,0.221536,0.153221,0.000000,0.000000,0.181523,0.284972,2.169990,0.000183,0.000427,0.003297,0.015385,3.703488,3.297970,1.798777,1.107691,0.600366,1.102929,0.802930,0.879731,3.305857,3.300363,0.797655,4.886980,4.895020,0.004274
33.900056,1,0.000976,0.220560,0.154197,0.000000,0.000000,0.180547,0.282044,1.848510,0.000183,0.000427,0.003419,0.015140,3.711840,3.303538,1.797312,1.102197,0.614651,1.104028,0.799633,0.878925,3.305857,3.299447,0.796776,4.909760,4.920480,0.004274
34.000055,1,0.000000,0.230320,0.154197,0.000000,0.000000,0.181523,0.283996,2.071760,0.000183,0.000427,0.003419,0.015507,3.722976,3.301682,1.796824,1.104394,0.604395,1.104761,0.800732,0.879462,3.304942,3.300363,0.797362,4.896360,4.897700,0.004274
34.100055,1,0.000000,0.220560,0.155173,0.000000,0.000000,0.181523,0.282044,2.786160,0.000122,0.000611,0.003419,0.015385,3.711840,3.295186,1.797800,1.110622,0.601098,1.102929,0.800732,0.879462,3.304026,3.299447,0.797655,4.893680,4.917800,0.004274
34.200056,1,0.001952,0.221536,0.157125,0.019519,0.000000,0.181523,0.282044,1.071600,0.000061,0.000549,0.003297,0.015140,3.699776,3.307249,1.797800,1.107691,0.601831,1.102929,0.802197,0.879731,3.304026,3.300363,0.797069,4.897700,4.907080,0.004274
34.300056,1,0.000976,0.221536,0.152245,0.000000,0.000000,0.181523,0.283020,1.812790,0.000061,0.000488,0.003358,0.015629,3.711840,3.292402,1.798289,1.101464,0.612087,1.102929,0.800732,0.879731,3.304026,3.300363,0.797362,4.908420,4.919140,0.003419
34.400057,1,0.000000,0.221536,0.152245,0.000000,0.000000,0.180547,0.283996,1.071600,0.000183,0.000427,0.003297,0.016117,3.710912,3.298898,1.796824,1.102929,0.602930,1.100732,0.800732,0.879731,3.304942,3.299447,0.797655,4.877600,4.907080,0.004274
34.500056,1,0.000000,0.220560,0.152245,0.000000,0.000000,0.181523,0.287899,2.187850,0.000244,0.000549,0.003297,0.015140,3.700704,3.298898,1.798289,1.104394,0.609157,1.104761,0.801831,0.879999,3.304942,3.300363,0.797948,4.893680,4.889660,0.004274
34.600056,1,0.000000,0.229344,0.154197,0.000000,0.000000,0.180547,0.284972,1.071600,0.000183,0.000427,0.003297,0.015629,3.711840,3.301682,1.797312,1.104761,0.603296,1.104394,0.801098,0.879731,3.304942,3.299447,0.797069,4.896360,4.903060,0.004274
34.700055,1,0.000000,0.219584,0.152245,0.000000,0.000000,0.180547,0.284972,1.902090,0.000183,0.000427,0.003358,0.015385,3.711840,3.301682,1.797800,1.101464,0.604395,1.102929,0.799633,0.879193,3.304942,3.300363,0.797655,4.900380,4.899040,0.004274
34.800057,1,0.000000,0.221536,0.153221,0.000000,0.000000,0.180547,0.281068,2.607560,0.000061,0.000549,0.003358,0.014774,3.719264,3.293330,1.798289,1.106226,0.612087,1.105494,0.802930,0.879731,3.303110,3.299447,0.797655,4.909760,4.920480,0.004274
34.900056,1,0.000000,0.220560,0.154197,0.000000,0.000000,0.181523,0.281068,1.071600,0.000244,0.000549,0.003419,0.015263,3.711840,3.327664,1.797312,1.106226,0.602930,1.099999,0.799633,0.879193,3.304942,3.299447,0.797948,4.895020,4.899040,0.004274
35.000056,1,0.000976,0.221536,0.153221,0.000000,0.000000,0.191282,0.283020,2.232500,0.000122,0.000549,0.003419,0.014896,3.711840,3.299826,1.798289,1.109156,0.603662,1.102197,0.800732,0.879731,3.305857,3.299447,0.797362,4.886980,4.905740,0.004274
35.100057,1,0.000000,0.219584,0.153221,0.000000,0.000000,0.199090,0.283020,1.089460,0.000061,0.000977,0.003419,0.014774,3.711840,3.299826,1.797312,1.102197,0.613919,1.099999,0.801098,0.879999,3.304026,3.299447,0.797948,4.893680,4.897700,0.004274
35.200058,1,0.000000,0.221536,0.152245,0.000000,0.000000,0.181523,0.283996,2.482540,0.000183,0.000427,0.003419,0.014652,3.710912,3.293330,1.797312,1.102563,0.613919,1.102929,0.799633,0.879731,3.304942,3.299447,0.797655,4.892340,4.904400,0.004274
35.300057,1,0.000000,0.227392,0.152245,0.000000,0.000000,0.179571,0.283996,1.062670,0.000183,0.000427,0.003358,0.014774,3.704416,3.294258,1.796824,1.102929,0.612087,1.100732,0.800732,0.879193,3.304942,3.299447,0.797655,4.888320,4.881620,0.004274
35.400055,1,0.000000,0.221536,0.153221,0.006832,0.000000,0.180547,0.283020,1.571680,0.000244,0.000488,0.003358,0.015140,3.704416,3.297970,1.796824,1.102929,0.602564,1.104394,0.801831,0.879462,3.305857,3.299447,0.797655,4.878940,4.901720,0.004274
35.500056,1,0.000000,0.220560,0.154197,0.000000,0.000000,0.182499,0.283020,2.482540,0.000061,0.000549,0.003358,0.015018,3.711840,3.301682,1.798289,1.101464,0.616483,1.103296,0.801831,0.879193,3.305857,3.299447,0.797655,4.911100,4.903060,0.004274
35.600055,1,0.000976,0.222512,0.154197,0.000000,0.000000,0.180547,0.286923,1.794930,0.000183,0.000427,0.003419,0.015140,3.701632,3.299826,1.798777,1.107691,0.601831,1.100732,0.799633,0.879462,3.303110,3.300363,0.797362,4.897700,4.912440,0.004274
35.700058,1,0.000000,0.223488,0.153221,0.000000,0.000000,0.181523,0.283020,1.884230,0.000122,0.000488,0.003114,0.015629,3.710912,3.293330,1.798289,1.110622,0.605128,1.104761,0.800732,0.878925,3.304942,3.299447,0.797655,4.907080,4.920480,0.004274
35.800057,1,0.000000,0.219584,0.153221,0.000000,0.000000,0.178595,0.283020,1.062670,0.000122,0.000488,0.003419,0.015140,3.704416,3.298898,1.796824,1.101830,0.603662,1.104761,0.800732,0.879999,3.306773,3.299447,0.797655,4.882960,4.904400,0.004274
35.900056,1,0.000000,0.228368,0.154197,0.000000,0.000000,0.179571,0.283996,1.794930,0.000061,0.000549,0.003358,0.015018,3.719264,3.301682,1.797800,1.104761,0.601831,1.102197,0.800732,0.879462,3.307689,3.299447,0.797362,4.899040,4.912440,0.003419
36.000056,1,0.000000,0.218608,0.155173,0.000000,0.000000,0.179571,0.282044,2.071760,0.000061,0.000672,0.003419,0.015629,3.697920,3.293330,1.798289,1.108424,0.615018,1.104761,0.801464,0.879462,3.305857,3.300363,0.797362,4.912440,4.920480,0.004274
36.100055,1,0.000000,0.223488,0.155173,0.000000,0.000000,0.179571,0.284972,1.652050,0.000122,0.000549,0.003480,0.015873,3.696993,3.298898,1.798289,1.102197,0.603296,1.101464,0.801464,0.879193,3.306773,3.299447,0.797948,4.895020,4.904400,0.004274
36.200055,1,0.000000,0.238127,0.155173,0.000000,0.000000,0.177619,0.283996,1.089460,0.000244,0.000549,0.003419,0.015018,3.704416,3.299826,1.797800,1.101830,0.608791,1.104394,0.802930,0.879731,3.305857,3.298531,0.797655,4.909760,4.920480,0.004274
36.300055,1,0.000976,0.225440,0.154197,0.000000,0.000000,0.191282,0.282044,1.562750,0.000244,0.000549,0.003419,0.015385,3.704416,3.298898,1.796824,1.107691,0.604029,1.104761,0.802930,0.879193,3.304942,3.299447,0.797655,4.889660,4.899040,0.003419
36.400056,1,0.000000,0.226416,0.153221,0.000000,0.000000,0.202993,0.282044,2.098550,0.000061,0.000549,0.003358,0.014896,3.710912,3.301682,1.797800,1.109156,0.610256,1.104028,0.799633,0.879193,3.304942,3.299447,0.797655,4.911100,4.920480,0.004274
36.500056,1,0.000000,0.224464,0.154197,0.000000,0.000000,0.180547,0.283996,1.812790,0.000061,0.000427,0.003419,0.015385,3.710912,3.293330,1.797312,1.101830,0.611721,1.099999,0.800732,0.879731,3.305857,3.298531,0.797362,4.886980,4.886980,0.004274
36.600055,1,0.000000,0.228368,0.155173,0.000000,0.000000,0.180547,0.288875,2.125340,0.000244,0.000549,0.003419,0.015385,3.703488,3.307249,1.798289,1.102197,0.607692,1.101464,0.801831,0.879462,3.305857,3.300363,0.796776,4.896360,4.900380,0.004274
36.700058,1,0.000000,0.231295,0.153221,0.000000,0.000000,0.180547,0.282044,1.071600,0.000122,0.000488,0.003358,0.015140,3.719264,3.301682,1.798777,1.104394,0.612087,1.102197,0.801098,0.879462,3.305857,3.299447,0.797362,4.912440,4.888320,0.004274
36.800055,1,0.000976,0.222512,0.154197,0.000000,0.000000,0.177619,0.284972,1.821720,0.000183,0.000427,0.003358,0.015140,3.701632,3.301682,1.798289,1.107691,0.604761,1.103296,0.799633,0.879193,3.304942,3.299447,0.797655,4.872240,4.907080,0.004274
36.900055,1,0.000000,0.224464,0.153221,0.000000,0.000000,0.179571,0.283996,2.232500,0.000183,0.000427,0.003419,0.014530,3.719264,3.301682,1.796824,1.101830,0.609157,1.104761,0.801831,0.879462,3.305857,3.300363,0.796776,4.911100,4.920480,0.004274
37.000057,1,0.000000,0.222512,0.152245,0.000000,0.000000,0.180547,0.282044,2.071760,0.000122,0.000549,0.003358,0.015385,3.697920,3.291474,1.798289,1.107691,0.600366,1.104761,0.802930,0.879193,3.304942,3.299447,0.797362,4.878940,4.909760,0.004274
37.100055,1,0.000000,0.226416,0.155173,0.000000,0.000000,0.185427,0.283020,1.812790,0.000183,0.000427,0.003358,0.015018,3.704416,3.293330,1.797312,1.104761,0.611355,1.106226,0.801831,0.879193,3.304026,3.299447,0.796776,4.907080,4.920480,0.004274
37.200056,1,0.000000,0.223488,0.152245,0.000000,0.000000,0.179571,0.280092,2.795090,0.000183,0.000427,0.003419,0.015140,3.726687,3.355503,1.797312,1.101830,0.604029,1.101098,0.801464,0.879999,3.304026,3.298531,0.797655,4.888320,4.901720,0.004274
37.300056,1,0.000000,0.224464,0.154197,0.000000,0.000000,0.180547,0.283020,1.857440,0.000183,0.000427,0.003419,0.015018,3.699776,3.299826,1.799266,1.101464,0.604761,1.104761,0.800365,0.879462,3.304942,3.300363,0.797362,4.893680,4.903060,0.004274
37.400057,1,0.000976,0.220560,0.153221,0.000000,0.000000,0.180547,0.283020,1.071600,0.000183,0.000427,0.003358,0.015018,3.711840,3.299826,1.797800,1.101464,0.614651,1.105127,0.801464,0.879731,3.305857,3.300363,0.796776,4.892340,4.886980,0.004274
37.500055,1,0.000000,0.225440,0.153221,0.000000,0.000000,0.182499,0.283996,1.562750,0.000183,0.000427,0.003358,0.015140,3.701632,3.301682,1.798289,1.107325,0.604761,1.104394,0.799633,0.879999,3.304942,3.299447,0.797362,4.880280,4.903060,0.004274
37.600056,1,0.000000,0.224464,0.154197,0.000000,0.000000,0.179571,0.284972,1.071600,0.000244,0.000549,0.003419,0.015629,3.704416,3.299826,1.798777,1.105494,0.615750,1.100732,0.799633,0.879462,3.305857,3.300363,0.796776,4.912440,4.917800,0.004274
37.700057,1,0.000000,0.221536,0.154197,0.000000,0.000000,0.192258,0.284972,2.500400,0.000183,0.000427,0.003297,0.015140,3.697920,3.298898,1.797312,1.107691,0.612820,1.101098,0.800732,0.879462,3.305857,3.300363,0.797362,4.896360,4.885640,0.004274
37.800056,1,0.000976,0.224464,0.154197,0.000000,0.000000,0.180547,0.283996,1.562750,0.000244,0.000488,0.003480,0.015385,3.710912,3.293330,1.797800,1.107691,0.602930,1.104028,0.801464,0.879193,3.304942,3.299447,0.797948,4.877600,4.921820,0.004274
37.900057,1,0.000000,0.230320,0.154197,0.000000,0.000000,0.181523,0.283020,1.080530,0.000183,0.000427,0.003358,0.015263,3.701632,3.301682,1.796824,1.107691,0.614651,1.104394,0.800365,0.879462,3.305857,3.300363,0.797362,4.896360,4.911100,0.004274
38.000055,1,0.000000,0.238127,0.156149,0.000000,0.000000,0.180547,0.284972,1.812790,0.000183,0.000427,0.003480,0.015263,3.700704,3.311889,1.797312,1.104761,0.602564,1.099999,0.799633,0.879462,3.304942,3.299447,0.797362,4.874920,4.909760,0.003419
38.100056,1,0.000000,0.222512,0.168836,0.000000,0.000000,0.179571,0.283020,1.080530,0.000183,0.000427,0.003419,0.015140,3.711840,3.301682,1.796824,1.104394,0.601098,1.102929,0.801098,0.879462,3.304026,3.297616,0.797948,4.899040,4.896360,0.004274
38.200056,1,0.000000,0.226416,0.152245,0.000000,0.000000,0.181523,0.284972,2.670070,0.000183,0.000427,0.003358,0.015263,3.711840,3.301682,1.796824,1.104394,0.606593,1.101464,0.802930,0.879999,3.305857,3.299447,0.797948,4.882960,4.904400,0.004274
38.300057,1,0.000000,0.223488,0.153221,0.000000,0.000000,0.178595,0.283020,1.875300,0.000244,0.000549,0.003419,0.015140,3.704416,3.307249,1.798289,1.105494,0.613186,1.104761,0.801831,0.879462,3.304942,3.299447,0.797655,4.909760,4.920480,0.004274
38.400056,1,0.000000,0.224464,0.152245,0.000000,0.000000,0.201042,0.283020,2.786160,0.000122,0.000549,0.003419,0.015018,3.719264,3.307249,1.797312,1.107691,0.605128,1.104394,0.801098,0.879731,3.305857,3.300363,0.797948,4.888320,4.897700,0.004274
38.500056,1,0.000000,0.284972,0.154197,0.000000,0.000000,0.179571,0.282044,1.794930,0.000244,0.000549,0.003419,0.015385,3.699776,3.292402,1.797312,1.109156,0.613552,1.102929,0.800732,0.879462,3.305857,3.298531,0.797362,4.909760,4.920480,0.004274
38.600056,1,0.000000,0.224464,0.153221,0.000000,0.000000,0.179571,0.283020,1.571680,0.000122,0.000488,0.003480,0.015629,3.713696,3.327664,1.797800,1.102197,0.615018,1.104761,0.801831,0.879193,3.305857,3.299447,0.797655,4.895020,4.904400,0.004274
38.700056,1,0.000000,0.229344,0.154197,0.000000,0.000000,0.179571,0.283020,2.795090,0.000183,0.000427,0.003297,0.015385,3.711840,3.301682,1.796824,1.102929,0.603296,1.101464,0.800732,0.879999,3.304942,3.299447,0.797948,4.888320,4.909760,0.003419
38.800056,1,0.000000,0.224464,0.151269,0.000000,0.000000,0.181523,0.282044,1.071600,0.000183,0.000427,0.003419,0.015385,3.699776,3.293330,1.798289,1.104028,0.615384,1.104028,0.800365,0.879999,3.304942,3.300363,0.797655,4.909760,4.904400,0.004274
38.900057,1,0.000000,0.225440,0.155173,0.000000,0.000000,0.180547,0.283996,2.500400,0.000183,0.000427,0.003419,0.015263,3.704416,3.292402,1.798289,1.110622,0.614285,1.104761,0.801098,0.879999,3.304942,3.299447,0.797362,4.893680,4.892340,0.004274
39.000055,1,0.000000,0.225440,0.152245,0.000000,0.000000,0.190306,0.282044,1.571680,0.000122,0.000549,0.003419,0.015140,3.711840,3.307249,1.798289,1.109156,0.614285,1.104761,0.801098,0.879462,3.303110,3.300363,0.797362,4.909760,4.920480,0.004274
39.100056,1,0.000000,0.226416,0.155173,0.000000,0.000000,0.181523,0.284972,2.089620,0.000183,0.000427,0.003358,0.015385,3.699776,3.301682,1.797312,1.104394,0.600732,1.099999,0.799633,0.879731,3.303110,3.300363,0.796776,4.897700,4.905740,0.004274
39.200058,1,0.000000,0.219584,0.156149,0.000000,0.000000,0.179571,0.281068,1.812790,0.000183,0.000427,0.003419,0.015385,3.715552,3.307249,1.798289,1.101464,0.613186,1.100732,0.801831,0.879462,3.304942,3.300363,0.797362,4.909760,4.920480,0.004274
39.300057,1,0.000000,0.233247,0.152245,0.000000,0.000000,0.180547,0.282044,1.062670,0.000183,0.000427,0.003419,0.015140,3.704416,3.295186,1.799266,1.104028,0.601098,1.104761,0.801831,0.879193,3.306773,3.299447,0.797655,4.900380,4.899040,0.004274
39.400055,1,0.000000,0.224464,0.153221,0.000000,0.000000,0.181523,0.283996,1.634190,0.000183,0.000427,0.003358,0.015263,3.701632,3.301682,1.796824,1.110622,0.610988,1.101098,0.800732,0.879999,3.304026,3.297616,0.797362,4.907080,4.919140,0.004274
39.500057,1,0.000000,0.222512,0.155173,0.000000,0.000000,0.181523,0.282044,1.089460,0.000183,0.000427,0.003297,0.015263,3.711840,3.301682,1.797800,1.104394,0.601465,1.101464,0.800365,0.879999,3.305857,3.299447,0.797948,4.893680,4.907080,0.004274
39.600055,1,0.000976,0.221536,0.151269,0.000000,0.000000,0.180547,0.283020,2.295010,0.000061,0.000549,0.003358,0.015018,3.703488,3.299826,1.798777,1.110622,0.600366,1.100732,0.802930,0.879731,3.305857,3.300363,0.797362,4.886980,4.897700,0.004274
39.700056,1,0.000000,0.223488,0.152245,0.000000,0.000000,0.190306,0.282044,2.205710,0.000244,0.000488,0.003358,0.015018,3.711840,3.301682,1.798289,1.107691,0.614285,1.102929,0.801464,0.879731,3.305857,3.298531,0.797655,4.912440,4.920480,0.004274
39.800056,1,0.000000,0.225440,0.155173,0.000000,0.000000,0.180547,0.282044,1.928880,0.000183,0.000427,0.003419,0.015140,3.726687,3.301682,1.797312,1.101464,0.604761,1.104394,0.801098,0.879462,3.304026,3.299447,0.797362,4.896360,4.905740,0.004274
39.900056,1,0.000000,0.223488,0.153221,0.000000,0.000000,0.179571,0.283020,2.804020,0.000183,0.000427,0.003419,0.015140,3.711840,3.307249,1.797800,1.107691,0.606593,1.102929,0.799633,0.879999,3.304026,3.299447,0.797948,4.884300,4.919140,0.004274
40.000055,1,0.000000,0.235199,0.152245,0.000000,0.000000,0.179571,0.289851,1.571680,0.000122,0.000488,0.003480,0.015018,3.726687,3.327664,1.797312,1.102197,0.604395,1.102929,0.802930,0.879193,3.304942,3.299447,0.797655,4.893680,4.899040,0.004274
40.100056,1,0.000976,0.223488,0.155173,0.000000,0.000000,0.178595,0.283996,1.857440,0.000061,0.000977,0.003419,0.015263,3.704416,3.294258,1.796824,1.107691,0.612087,1.100732,0.800732,0.879462,3.304942,3.299447,0.797948,4.907080,4.920480,0.004274
40.200059,1,0.000000,0.222512,0.154197,0.000000,0.000000,0.178595,0.283020,1.071600,0.000183,0.000427,0.003419,0.015140,3.710912,3.301682,1.798777,1.101464,0.601465,1.105127,0.800365,0.879731,3.305857,3.300363,0.796776,4.876260,4.912440,0.004274
40.300055,1,0.000000,0.222512,0.153221,0.000000,0.000000,0.192258,0.285948,2.214640,0.000183,0.000427,0.003419,0.015263,3.696064,3.299826,1.799266,1.107691,0.614285,1.104761,0.800732,0.879462,3.307689,3.300363,0.797362,4.895020,4.886980,0.004274
40.400056,1,0.000000,0.222512,0.153221,0.000000,0.000000,0.179571,0.284972,1.071600,0.000183,0.000427,0.003419,0.015263,3.699776,3.294258,1.798777,1.104761,0.605494,1.104761,0.801831,0.879462,3.305857,3.299447,0.797655,4.896360,4.909760,0.004274
40.500056,1,0.000000,0.224464,0.153221,0.000000,0.000000,0.180547,0.284972,1.884230,0.000061,0.000549,0.003358,0.014774,3.711840,3.293330,1.798289,1.105494,0.603296,1.102929,0.801464,0.879999,3.304942,3.299447,0.797948,4.899040,4.899040,0.004274
40.600056,1,0.000000,0.231295,0.152245,0.000000,0.000000,0.179571,0.316201,2.071760,0.000122,0.000549,0.003419,0.015140,3.719264,3.299826,1.798777,1.104761,0.614285,1.101098,0.801098,0.879462,3.305857,3.300363,0.797362,4.909760,4.920480,0.004274
40.700057,1,0.000000,0.223488,0.154197,0.000000,0.000000,0.177619,0.283996,1.080530,0.000183,0.000427,0.003419,0.014774,3.704416,3.293330,1.797312,1.107691,0.600366,1.101464,0.799633,0.879193,3.304942,3.299447,0.797655,4.893680,4.903060,0.004274
40.800056,1,0.000976,0.220560,0.154197,0.000000,0.000000,0.180547,0.283020,2.303940,0.000183,0.000427,0.003419,0.015140,3.710912,3.301682,1.797800,1.104761,0.603662,1.103296,0.801464,0.878656,3.304026,3.298531,0.797362,4.899040,4.899040,0.004274
40.900056,1,0.000000,0.220560,0.150293,0.000000,0.000000,0.179571,0.284972,1.080530,0.000244,0.000488,0.003419,0.015018,3.699776,3.301682,1.797312,1.110622,0.614651,1.100732,0.801831,0.879193,3.303110,3.299447,0.797655,4.911100,4.891000,0.004274
41.000056,1,0.000976,0.226416,0.152245,0.000000,0.000000,0.192258,0.283020,2.491470,0.000122,0.000549,0.003358,0.015018,3.711840,3.291474,1.798289,1.102197,0.613919,1.101098,0.801831,0.879999,3.304942,3.299447,0.797362,4.893680,4.920480,0.004274
41.100056,1,0.000000,0.221536,0.156149,0.000000,0.000000,0.180547,0.283996,1.080530,0.000061,0.000427,0.003419,0.015263,3.704416,3.292402,1.797800,1.102197,0.612820,1.104761,0.800732,0.879999,3.304026,3.299447,0.797948,4.893680,4.886980,0.004274
41.200055,1,0.000976,0.222512,0.153221,0.000000,0.001961,0.180547,0.283020,1.562750,0.000183,0.000427,0.003419,0.015140,3.715552,3.293330,1.799266,1.102929,0.605494,1.102197,0.800732,0.879731,3.305857,3.299447,0.797655,4.889660,4.904400,0.004274
41.300057,1,0.000976,0.225440,0.151269,0.000000,0.000000,0.179571,0.282044,1.080530,0.000183,0.000427,0.003419,0.015507,3.700704,3.357359,1.796824,1.104761,0.615750,1.101098,0.799633,0.879462,3.305857,3.300363,0.797362,4.912440,4.903060,0.004274
41.400056,1,0.001952,0.221536,0.153221,0.000000,0.000000,0.180547,0.282044,1.794930,0.000183,0.000427,0.003297,0.015263,3.701632,3.301682,1.797312,1.102197,0.602564,1.100732,0.801464,0.879462,3.305857,3.300363,0.796776,4.897700,4.911100,0.004274
41.500056,1,0.000000,0.220560,0.152245,0.000000,0.000000,0.182499,0.282044,1.893160,0.000244,0.000488,0.003419,0.015629,3.703488,3.293330,1.798777,1.105127,0.606227,1.099633,0.801464,0.879462,3.307689,3.299447,0.796776,4.907080,4.920480,0.004274
41.600056,1,0.000000,0.220560,0.154197,0.000000,0.000000,0.191282,0.283996,1.080530,0.000183,0.000427,0.003419,0.015140,3.697920,3.297970,1.797800,1.103296,0.601098,1.104761,0.801098,0.879999,3.304026,3.300363,0.797362,4.882960,4.907080,0.004274
41.700057,1,0.000000,0.218608,0.154197,0.000000,0.000000,0.179571,0.283996,1.812790,0.000244,0.000549,0.003358,0.015018,3.703488,3.298898,1.797800,1.104394,0.602197,1.106226,0.799633,0.879193,3.306773,3.299447,0.797655,4.900380,4.892340,0.004274
41.800056,1,0.000000,0.219584,0.155173,0.000000,0.000000,0.180547,0.283996,1.089460,0.000183,0.000427,0.003358,0.015140,3.711840,3.291474,1.796824,1.107691,0.615750,1.104761,0.800732,0.879731,3.305857,3.300363,0.796776,4.912440,4.920480,0.004274
41.900056,1,0.000000,0.227392,0.154197,0.000000,0.000000,0.180547,0.283020,1.660980,0.000183,0.000427,0.003419,0.015263,3.697920,3.311889,1.798289,1.102929,0.603296,1.104028,0.801831,0.879731,3.305857,3.300363,0.797362,4.896360,4.909760,0.004274
42.000056,1,0.000000,0.222512,0.153221,0.000000,0.000000,0.182499,0.284972,1.098390,0.000183,0.000427,0.003419,0.015263,3.703488,3.293330,1.796335,1.108424,0.615018,1.104761,0.801098,0.879731,3.305857,3.298531,0.797655,4.909760,4.920480,0.004274
42.100055,1,0.000976,0.221536,0.153221,0.000000,0.000000,0.179571,0.284972,1.562750,0.000061,0.000427,0.003419,0.015263,3.696993,3.292402,1.798289,1.109889,0.599999,1.101098,0.801831,0.879193,3.304942,3.299447,0.797655,4.884300,4.893680,0.004274
42.200056,1,0.000000,0.218608,0.153221,0.000000,0.000980,0.180547,0.282044,1.580610,0.000183,0.000427,0.003419,0.015140,3.711840,3.293330,1.797312,1.109156,0.613919,1.102929,0.801098,0.879462,3.305857,3.298531,0.797655,4.909760,4.920480,0.004274
42.300058,1,0.000000,0.219584,0.152245,0.000000,0.000000,0.191282,0.282044,1.821720,0.000183,0.000427,0.003358,0.015385,3.711840,3.295186,1.796335,1.105127,0.603662,1.104028,0.800732,0.879731,3.305857,3.299447,0.797655,4.876260,4.909760,0.004274
42.400057,1,0.000000,0.222512,0.154197,0.000000,0.000000,0.192258,0.281068,2.357520,0.000183,0.000427,0.003358,0.015140,3.710912,3.299826,1.798289,1.101830,0.606593,1.104761,0.802930,0.879462,3.303110,3.300363,0.796776,4.896360,4.919140,0.004274
42.500057,1,0.000000,0.219584,0.153221,0.000000,0.000000,0.180547,0.283020,1.089460,0.000244,0.000488,0.003236,0.015385,3.698848,3.311889,1.796824,1.107691,0.614651,1.104028,0.800732,0.878925,3.304942,3.300363,0.797362,4.909760,4.889660,0.004274
42.600056,1,0.000000,0.230320,0.155173,0.000000,0.000000,0.180547,0.283996,1.830650,0.000183,0.000427,0.003419,0.015018,3.711840,3.299826,1.799266,1.109156,0.603662,1.100732,0.801831,0.879731,3.304942,3.300363,0.797362,4.876260,4.909760,0.004274
42.700057,1,0.000976,0.220560,0.154197,0.000000,0.000000,0.180547,0.282044,2.241430,0.000122,0.000488,0.003480,0.015263,3.710912,3.327664,1.796824,1.104394,0.607325,1.100732,0.799633,0.878925,3.304942,3.299447,0.797655,4.911100,4.920480,0.004274
42.800056,1,0.000000,0.218608,0.154197,0.000000,0.000000,0.180547,0.281068,2.080690,0.000244,0.000611,0.003419,0.015629,3.704416,3.295186,1.797800,1.109156,0.605494,1.101464,0.802930,0.879999,3.304942,3.299447,0.797362,4.882960,4.907080,0.004274
42.900055,1,0.000000,0.221536,0.151269,0.000000,0.000000,0.180547,0.282044,1.803860,0.000244,0.000488,0.003236,0.015140,3.710912,3.291474,1.797800,1.101464,0.611721,1.104394,0.800732,0.879193,3.304942,3.299447,0.797655,4.911100,4.920480,0.004274
43.000057,1,0.000000,0.220560,0.153221,0.000000,0.000000,0.179571,0.282044,2.786160,0.000183,0.000427,0.003419,0.015629,3.719264,3.301682,1.797800,1.104761,0.605128,1.100732,0.801464,0.879999,3.304942,3.300363,0.797362,4.886980,4.900380,0.004274
43.100055,1,0.000000,0.220560,0.154197,0.000000,0.000000,0.182499,0.281068,1.794930,0.000122,0.000488,0.003358,0.014896,3.710912,3.291474,1.796824,1.101464,0.606959,1.102197,0.801098,0.879462,3.304942,3.299447,0.797362,4.893680,4.905740,0.004274
43.200057,1,0.000000,0.225440,0.151269,0.000000,0.000000,0.180547,0.282044,1.089460,0.000244,0.000488,0.003358,0.015385,3.700704,3.297970,1.798289,1.104761,0.615018,1.104394,0.802197,0.879999,3.305857,3.299447,0.797655,4.881620,4.885640,0.003419
43.300057,1,0.000000,0.222512,0.154197,0.000000,0.000000,0.179571,0.284972,1.571680,0.000122,0.000488,0.003419,0.015018,3.719264,3.299826,1.798289,1.110622,0.601098,1.102197,0.801098,0.879731,3.305857,3.299447,0.797655,4.897700,4.904400,0.004274
43.400056,1,0.000000,0.220560,0.154197,0.000000,0.000000,0.178595,0.283996,1.080530,0.000244,0.000488,0.003358,0.014896,3.699776,3.298898,1.796824,1.101830,0.615750,1.104761,0.801831,0.879193,3.305857,3.299447,0.797655,4.909760,4.920480,0.004274
43.500055,1,0.000000,0.220560,0.155173,0.000000,0.000000,0.180547,0.284972,2.464680,0.000061,0.000977,0.003419,0.015140,3.711840,3.292402,1.798289,1.108058,0.613919,1.101098,0.801098,0.879731,3.305857,3.300363,0.797362,4.881620,4.884300,0.004274
43.600055,1,0.000000,0.221536,0.153221,0.000000,0.000000,0.190306,0.282044,1.571680,0.000244,0.000549,0.003419,0.015018,3.711840,3.293330,1.798289,1.101464,0.604029,1.102929,0.800732,0.879731,3.305857,3.300363,0.797362,4.897700,4.920480,0.004274
43.700056,1,0.000000,0.218608,0.153221,0.000000,0.000000,0.201042,0.285948,1.098390,0.000122,0.000488,0.003358,0.015018,3.726687,3.291474,1.798289,1.112087,0.609523,1.100732,0.801098,0.879193,3.303110,3.299447,0.797655,4.892340,4.888320,0.003419
43.800055,1,0.000976,0.220560,0.152245,0.000000,0.000000,0.180547,0.283996,1.821720,0.000061,0.000672,0.003358,0.015018,3.704416,3.293330,1.797312,1.107325,0.599633,1.100732,0.801464,0.879193,3.306773,3.299447,0.797655,4.870900,4.907080,0.004274
43.900056,1,0.000000,0.231295,0.153221,0.000000,0.000000,0.180547,0.284972,1.089460,0.000183,0.000427,0.003419,0.015385,3.719264,3.299826,1.796824,1.104761,0.601098,1.101464,0.801831,0.879193,3.306773,3.299447,0.797655,4.903060,4.896360,0.004274
44.000055,1,0.000976,0.219584,0.154197,0.000000,0.000000,0.179571,0.284972,1.643120,0.000183,0.000427,0.003419,0.015629,3.711840,3.289618,1.797800,1.101830,0.606593,1.102929,0.801831,0.879462,3.305857,3.299447,0.797655,4.886980,4.904400,0.004274
44.100056,1,0.000000,0.221536,0.154197,0.000000,0.000000,0.179571,0.284972,1.089460,0.000183,0.000427,0.003419,0.015140,3.704416,3.307249,1.797800,1.107691,0.616483,1.104028,0.802197,0.879462,3.307689,3.299447,0.797362,4.907080,4.919140,0.004274
44.200056,1,0.000000,0.221536,0.153221,0.000000,0.000000,0.180547,0.284972,2.804020,0.000183,0.000427,0.003419,0.015629,3.711840,3.298898,1.798289,1.104761,0.602564,1.104761,0.800732,0.878656,3.304942,3.300363,0.797362,4.896360,4.891000,0.004274
44.300055,1,0.000000,0.221536,0.154197,0.000000,0.000000,0.180547,0.283996,1.937810,0.000183,0.000427,0.003419,0.014774,3.703488,3.301682,1.797312,1.101830,0.614285,1.104761,0.802930,0.878656,3.304026,3.300363,0.797362,4.912440,4.919140,0.004274
44.400056,1,0.000000,0.221536,0.152245,0.000000,0.000000,0.180547,0.285948,1.598470,0.000061,0.000549,0.003297,0.015018,3.710912,3.301682,1.796824,1.102929,0.615018,1.101098,0.799267,0.879193,3.304942,3.299447,0.797655,4.892340,4.899040,0.004274
44.500056,1,0.000976,0.218608,0.152245,0.000000,0.000000,0.192258,0.285948,1.562750,0.000244,0.000549,0.003236,0.015018,3.704416,3.293330,1.799266,1.107691,0.603662,1.102929,0.801464,0.879462,3.307689,3.300363,0.797655,4.888320,4.904400,0.004274
44.600057,1,0.000976,0.220560,0.152245,0.000000,0.000000,0.181523,0.284972,1.071600,0.000183,0.000427,0.003419,0.015263,3.756382,3.301682,1.799266,1.104394,0.613919,1.102197,0.802930,0.879193,3.305857,3.300363,0.797362,4.911100,4.907080,0.004274
44.700056,1,0.000976,0.221536,0.154197,0.000000,0.000000,0.180547,0.283996,2.491470,0.000183,0.000427,0.003419,0.015018,3.715552,3.291474,1.797312,1.109156,0.612087,1.102929,0.801098,0.879193,3.303110,3.299447,0.797655,4.886980,4.885640,0.004274
44.800055,1,0.000000,0.220560,0.153221,0.000000,0.000000,0.180547,0.283996,1.071600,0.000244,0.000488,0.003419,0.015018,3.699776,3.301682,1.798289,1.109889,0.608424,1.102197,0.801464,0.879462,3.305857,3.298531,0.797362,4.897700,4.911100,0.004274
44.900056,1,0.000000,0.221536,0.154197,0.000000,0.000000,0.185427,0.284972,2.080690,0.000183,0.000427,0.003419,0.015018,3.697920,3.297970,1.797800,1.103296,0.606593,1.104394,0.800365,0.879999,3.304026,3.299447,0.797948,4.896360,4.904400,0.004274
45.000056,1,0.000000,0.223488,0.156149,0.000000,0.000000,0.202017,0.282044,1.803860,0.000183,0.000427,0.003358,0.014530,3.711840,3.301682,1.797312,1.101830,0.615018,1.104394,0.801831,0.879462,3.305857,3.299447,0.798241,4.912440,4.921820,0.004274
45.100056,1,0.000976,0.218608,0.153221,0.000000,0.000000,0.179571,0.282044,1.884230,0.000061,0.000549,0.003358,0.015140,3.702560,3.301682,1.796824,1.109156,0.602197,1.104028,0.801098,0.879193,3.303110,3.299447,0.797655,4.901720,4.896360,0.004274
45.200056,1,0.000000,0.225440,0.156149,0.000000,0.000000,0.181523,0.281068,1.652050,0.000183,0.000427,0.003419,0.015018,3.710912,3.301682,1.796824,1.104761,0.613186,1.104761,0.800732,0.879193,3.304942,3.300363,0.797655,4.905740,4.920480,0.004274
45.300056,1,0.000000,0.236175,0.153221,0.000000,0.000000,0.180547,0.283020,1.089460,0.000183,0.000427,0.003419,0.015263,3.704416,3.293330,1.798289,1.102929,0.602564,1.106226,0.800365,0.879193,3.305857,3.299447,0.797655,4.892340,4.900380,0.004274
45.400055,1,0.000000,0.221536,0.153221,0.000000,0.000000,0.180547,0.289851,2.393240,0.000183,0.000427,0.003419,0.015018,3.701632,3.301682,1.797312,1.104761,0.602930,1.105127,0.801098,0.879731,3.305857,3.299447,0.796776,4.886980,4.897700,0.004274
45.500055,1,0.000000,0.220560,0.154197,0.000000,0.000000,0.178595,0.280092,1.848510,0.000061,0.000549,0.003297,0.015140,3.699776,3.298898,1.798289,1.101464,0.614651,1.102929,0.800732,0.879193,3.304942,3.299447,0.797655,4.911100,4.920480,0.003419
45.600056,1,0.001952,0.221536,0.153221,0.000000,0.000000,0.178595,0.283020,1.937810,0.000122,0.000488,0.003358,0.015385,3.719264,3.291474,1.798289,1.104761,0.604029,1.104028,0.800732,0.879462,3.304942,3.298531,0.797948,4.896360,4.897700,0.003419
45.700056,1,0.000000,0.220560,0.154197,0.000000,0.000000,0.200066,0.284972,2.804020,0.000122,0.000488,0.003358,0.015018,3.710912,3.291474,1.798289,1.101464,0.606227,1.104028,0.801831,0.879193,3.304942,3.297616,0.797948,4.893680,4.920480,0.004274
45.800056,1,0.000000,0.222512,0.154197,0.000000,0.000000,0.178595,0.288875,2.187850,0.000183,0.000427,0.003297,0.015018,3.699776,3.301682,1.797312,1.101464,0.607325,1.104761,0.800732,0.879462,3.306773,3.300363,0.797655,4.892340,4.912440,0.004274
45.900055,1,0.000000,0.219584,0.153221,0.000000,0.000000,0.179571,0.284972,1.812790,0.000122,0.000488,0.003358,0.015385,3.704416,3.291474,1.798289,1.102563,0.614285,1.101464,0.800365,0.878925,3.304942,3.299447,0.797655,4.905740,4.921820,0.004274
46.000057,1,0.000000,0.220560,0.152245,0.000000,0.000000,0.178595,0.284972,1.071600,0.000183,0.000427,0.003297,0.015140,3.697920,3.298898,1.796824,1.102929,0.604029,1.102929,0.800732,0.879462,3.304942,3.300363,0.797362,4.874920,4.909760,0.004274
46.100056,1,0.000000,0.221536,0.155173,0.000000,0.000000,0.179571,0.281068,2.080690,0.000244,0.000488,0.003358,0.015140,3.700704,3.289618,1.797312,1.104394,0.602197,1.104761,0.801831,0.879731,3.306773,3.299447,0.797655,4.881620,4.919140,0.004274
46.200056,1,0.000000,0.221536,0.153221,0.000000,0.000000,0.181523,0.284972,1.080530,0.000183,0.000427,0.003419,0.015140,3.711840,3.301682,1.797312,1.101830,0.602197,1.102929,0.801098,0.879731,3.305857,3.300363,0.798241,4.896360,4.909760,0.004274
46.300055,1,0.000976,0.218608,0.153221,0.000000,0.000000,0.190306,0.282044,1.884230,0.000122,0.000488,0.003480,0.015018,3.711840,3.313745,1.796824,1.102197,0.604029,1.102929,0.801831,0.879462,3.304026,3.299447,0.797655,4.896360,4.899040,0.004274
46.400056,1,0.000000,0.219584,0.154197,0.000000,0.000000,0.179571,0.287899,2.098550,0.000183,0.000427,0.003419,0.015018,3.715552,3.298898,1.798289,1.101830,0.613919,1.104028,0.802930,0.879193,3.304942,3.299447,0.797655,4.911100,4.920480,0.004274
46.500057,1,0.000000,0.219584,0.154197,0.000000,0.000000,0.181523,0.283020,1.857440,0.000122,0.000488,0.003358,0.015385,3.703488,3.297970,1.796824,1.104761,0.602930,1.101464,0.800732,0.879462,3.303110,3.299447,0.797655,4.892340,4.907080,0.004274
46.600056,1,0.000976,0.236175,0.152245,0.000000,0.000000,0.180547,0.283996,2.000320,0.000244,0.000488,0.003358,0.014774,3.699776,3.295186,1.797312,1.104394,0.601098,1.102197,0.799633,0.878656,3.304942,3.300363,0.797362,4.901720,4.896360,0.004274
46.700058,1,0.000000,0.221536,0.154197,0.000000,0.000000,0.178595,0.283020,1.080530,0.000183,0.000427,0.003419,0.015385,3.711840,3.299826,1.797800,1.102197,0.614285,1.103296,0.801098,0.879731,3.305857,3.300363,0.797069,4.896360,4.888320,0.004274
46.800056,1,0.000000,0.222512,0.155173,0.000000,0.000000,0.177619,0.284972,2.509330,0.000122,0.000488,0.003419,0.015140,3.710912,3.301682,1.798289,1.110622,0.615018,1.101098,0.801098,0.879731,3.303110,3.299447,0.797655,4.886980,4.920480,0.004274
46.900057,1,0.000000,0.221536,0.154197,0.000000,0.000000,0.178595,0.283020,1.071600,0.000183,0.000427,0.003358,0.015263,3.711840,3.301682,1.797800,1.105127,0.611721,1.101464,0.799633,0.879193,3.304942,3.299447,0.797655,4.891000,4.885640,0.004274
47.000056,1,0.000000,0.220560,0.156149,0.021470,0.000000,0.203969,0.281068,1.562750,0.000061,0.000427,0.003480,0.015140,3.711840,3.293330,1.797312,1.102563,0.602564,1.104761,0.801464,0.879731,3.306773,3.299447,0.797655,4.881620,4.904400,0.004274
47.100056,1,0.000000,0.221536,0.153221,0.000000,0.000000,0.180547,0.283020,1.080530,0.000183,0.000427,0.003419,0.014896,3.697920,3.311889,1.796824,1.109156,0.606227,1.101098,0.799633,0.879999,3.304942,3.299447,0.797948,4.880280,4.903060,0.003419
47.200058,1,0.000976,0.221536,0.153221,0.000000,0.000000,0.180547,0.283020,1.812790,0.000183,0.000427,0.003358,0.015018,3.710912,3.301682,1.797312,1.104394,0.601831,1.102929,0.800732,0.879731,3.306773,3.299447,0.797655,4.903060,4.909760,0.004274
47.300056,1,0.000976,0.233247,0.153221,0.000000,0.000000,0.180547,0.284972,1.946740,0.000183,0.000427,0.003358,0.015018,3.711840,3.298898,1.797800,1.101464,0.606593,1.104028,0.802930,0.879462,3.304026,3.300363,0.796776,4.909760,4.913780,0.004274
47.400057,1,0.000000,0.220560,0.154197,0.000000,0.000000,0.180547,0.282044,1.089460,0.000244,0.000549,0.003419,0.014896,3.704416,3.327664,1.797312,1.108424,0.603296,1.101098,0.801098,0.879462,3.305857,3.300363,0.797362,4.882960,4.903060,0.004274
47.500055,1,0.000000,0.222512,0.156149,0.000000,0.000000,0.180547,0.284972,1.803860,0.000183,0.000427,0.003419,0.015140,3.715552,3.293330,1.797312,1.107691,0.602197,1.102929,0.801464,0.879193,3.305857,3.298531,0.797069,4.901720,4.899040,0.004274
47.600056,1,0.000000,0.218608,0.153221,0.000000,0.000000,0.181523,0.284972,1.089460,0.000183,0.000427,0.003419,0.014530,3.699776,3.293330,1.798289,1.104761,0.615384,1.104028,0.801831,0.879731,3.303110,3.299447,0.797655,4.912440,4.899040,0.004274
47.700057,1,0.001952,0.221536,0.153221,0.000000,0.000000,0.178595,0.282044,1.634190,0.000244,0.000549,0.003419,0.015140,3.704416,3.307249,1.798289,1.107691,0.606593,1.106226,0.801098,0.879462,3.305857,3.299447,0.797362,4.896360,4.903060,0.004274
47.800057,1,0.000000,0.222512,0.155173,0.000000,0.000000,0.179571,0.284972,1.089460,0.000183,0.000427,0.003419,0.015018,3.699776,3.293330,1.798289,1.107691,0.616483,1.104761,0.801831,0.879462,3.305857,3.300363,0.797362,4.912440,4.920480,0.004274
47.900055,1,0.000000,0.227392,0.153221,0.000000,0.000000,0.180547,0.282044,1.562750,0.000061,0.000549,0.003297,0.015018,3.703488,3.301682,1.797800,1.101830,0.604029,1.104028,0.800732,0.879462,3.304942,3.299447,0.797655,4.881620,4.896360,0.004274
48.000056,1,0.001952,0.221536,0.153221,0.000000,0.000000,0.182499,0.284972,2.080690,0.000183,0.000427,0.003297,0.015263,3.715552,3.298898,1.796824,1.107691,0.610988,1.101098,0.801098,0.879731,3.305857,3.300363,0.797655,4.909760,4.920480,0.004274
48.100055,1,0.000000,0.222512,0.154197,0.000000,0.000000,0.177619,0.282044,1.839580,0.000183,0.000427,0.003419,0.015629,3.711840,3.298898,1.796824,1.110622,0.605128,1.101464,0.800732,0.879731,3.304942,3.299447,0.797655,4.877600,4.911100,0.004274
48.200057,1,0.000976,0.220560,0.152245,0.000000,0.000000,0.180547,0.283996,2.098550,0.000183,0.000427,0.003419,0.015140,3.711840,3.292402,1.797800,1.102929,0.604395,1.106226,0.802930,0.879193,3.304942,3.299447,0.797655,4.895020,4.899040,0.004274
48.300056,1,0.000000,0.217632,0.155173,0.000000,0.000000,0.192258,0.283996,1.089460,0.000244,0.000549,0.003297,0.015018,3.699776,3.298898,1.797800,1.106226,0.615750,1.102929,0.800732,0.879462,3.304942,3.299447,0.797362,4.907080,4.886980,0.004274
48.400056,1,0.000000,0.221536,0.153221,0.000000,0.000000,0.179571,0.282044,1.830650,0.000244,0.000549,0.003419,0.015263,3.704416,3.307249,1.798777,1.109156,0.602564,1.101464,0.799633,0.879731,3.305857,3.300363,0.796776,4.876260,4.911100,0.004274
48.500056,1,0.000000,0.220560,0.153221,0.000000,0.000000,0.179571,0.283996,2.196780,0.000122,0.000549,0.003419,0.015018,3.711840,3.294258,1.796824,1.110622,0.610988,1.101464,0.801831,0.879462,3.304942,3.299447,0.797655,4.911100,4.920480,0.004274
48.600056,1,0.000976,0.233247,0.153221,0.037085,0.000000,0.179571,0.283020,2.080690,0.000244,0.000549,0.003419,0.015507,3.704416,3.307249,1.798289,1.104394,0.603296,1.104394,0.800732,0.879462,3.303110,3.299447,0.797655,4.881620,4.904400,0.004274
48.700057,1,0.000000,0.226416,0.152245,0.000000,0.000000,0.181523,0.283996,1.893160,0.000183,0.000427,0.003419,0.014530,3.715552,3.293330,1.799266,1.104761,0.611721,1.102197,0.802930,0.879193,3.304942,3.299447,0.797948,4.909760,4.917800,0.004274
48.800056,1,0.000000,0.220560,0.155173,0.000000,0.000000,0.179571,0.284972,2.804020,0.000061,0.000549,0.003358,0.015140,3.711840,3.295186,1.799266,1.108424,0.602564,1.100732,0.801831,0.879999,3.304942,3.299447,0.797362,4.885640,4.901720,0.004274
48.900055,1,0.000000,0.220560,0.153221,0.000000,0.000000,0.191282,0.283020,1.866370,0.000122,0.000549,0.003297,0.015018,3.711840,3.299826,1.796824,1.101464,0.615750,1.104761,0.801464,0.879999,3.304942,3.299447,0.797948,4.893680,4.903060,0.004274
49.000057,1,0.000000,0.218608,0.155173,0.000000,0.000000,0.179571,0.284972,1.080530,0.000122,0.000488,0.003419,0.015140,3.703488,3.293330,1.796824,1.104761,0.614285,1.104394,0.800732,0.879999,3.304026,3.299447,0.797948,4.893680,4.896360,0.004274
49.100055,1,0.000000,0.219584,0.154197,0.000000,0.000000,0.180547,0.283020,1.580610,0.000183,0.000427,0.003480,0.015629,3.699776,3.291474,1.797312,1.102929,0.605860,1.104028,0.799633,0.878925,3.304942,3.299447,0.797948,4.877600,4.904400,0.004274
49.200055,1,0.000000,0.230320,0.153221,0.000000,0.000000,0.179571,0.282044,1.080530,0.000183,0.000427,0.003419,0.015018,3.703488,3.297970,1.798289,1.104394,0.614285,1.104028,0.801831,0.879193,3.303110,3.299447,0.797655,4.909760,4.920480,0.004274
49.300056,1,0.001952,0.218608,0.154197,0.000000,0.000000,0.180547,0.284972,2.482540,0.000183,0.000427,0.003419,0.015018,3.697920,3.301682,1.796824,1.103296,0.613919,1.104761,0.802930,0.879193,3.304942,3.299447,0.797655,4.892340,4.885640,0.004274
49.400055,1,0.000000,0.222512,0.155173,0.000000,0.000000,0.182499,0.283996,1.571680,0.000122,0.000488,0.003419,0.015385,3.698848,3.327664,1.796824,1.107691,0.601831,1.101464,0.801098,0.879462,3.304942,3.299447,0.797362,4.896360,4.919140,0.003419
49.500056,1,0.000000,0.220560,0.153221,0.000000,0.000000,0.180547,0.284972,1.080530,0.000061,0.000549,0.003358,0.015140,3.719264,3.301682,1.797312,1.104394,0.605494,1.104761,0.799633,0.879462,3.304942,3.299447,0.797655,4.892340,4.911100,0.004274
49.600055,1,0.000000,0.217632,0.153221,0.000000,0.000000,0.190306,0.283996,1.830650,0.000122,0.000611,0.003480,0.014896,3.711840,3.293330,1.797800,1.101464,0.602564,1.101464,0.801098,0.879462,3.304942,3.297616,0.796776,4.877600,4.917800,0.004274
49.700057,1,0.000976,0.221536,0.153221,0.000000,0.000000,0.192258,0.283996,1.089460,0.000244,0.000488,0.003358,0.014774,3.713696,3.298898,1.797312,1.102197,0.603662,1.104761,0.800732,0.879462,3.304942,3.300363,0.797362,4.886980,4.899040,0.004274
49.800055,1,0.000000,0.218608,0.155173,0.000000,0.000000,0.182499,0.281068,1.687770,0.000183,0.000427,0.003419,0.015263,3.704416,3.291474,1.796335,1.107691,0.602197,1.104761,0.801831,0.879462,3.305857,3.298531,0.797655,4.881620,4.905740,0.004274
49.900055,1,0.000000,0.228368,0.151269,0.000000,0.000000,0.179571,0.283996,1.080530,0.000183,0.000427,0.003419,0.015018,3.711840,3.293330,1.798289,1.104761,0.615750,1.104394,0.800732,0.879462,3.304942,3.299447,0.797948,4.907080,4.919140,0.004274
50.000055,1,0.000000,0.277164,0.155173,0.000000,0.000000,0.180547,0.282044,2.812950,0.000183,0.000427,0.003419,0.015263,3.719264,3.291474,1.797312,1.104028,0.601831,1.104028,0.799267,0.879999,3.304942,3.299447,0.797948,4.884300,4.899040,0.004274
50.100055,1,0.000976,0.220560,0.155173,0.000000,0.000000,0.180547,0.282044,1.786000,0.000183,0.000427,0.003358,0.015263,3.710912,3.298898,1.799266,1.107325,0.613919,1.103662,0.800365,0.879193,3.303110,3.299447,0.797655,4.912440,4.920480,0.004274
50.200057,1,0.000000,0.221536,0.155173,0.000000,0.000000,0.181523,0.284972,1.589540,0.000183,0.000427,0.003419,0.015385,3.710912,3.301682,1.796824,1.104761,0.609523,1.104028,0.800732,0.879731,3.304942,3.300363,0.797362,4.892340,4.896360,0.004274
50.300056,1,0.000000,0.219584,0.151269,0.000000,0.000000,0.180547,0.282044,2.804020,0.000183,0.000427,0.003419,0.015018,3.711840,3.301682,1.798289,1.102929,0.605128,1.101464,0.801464,0.879462,3.304942,3.299447,0.797655,4.884300,4.886980,0.004274
50.400056,1,0.000000,0.221536,0.152245,0.000000,0.000000,0.180547,0.283020,1.071600,0.000183,0.000427,0.003419,0.015140,3.697920,3.298898,1.796824,1.102929,0.615750,1.106226,0.801098,0.879193,3.303110,3.299447,0.797655,4.909760,4.907080,0.004274
50.500056,1,0.000000,0.231295,0.153221,0.000000,0.000000,0.180547,0.283020,2.500400,0.000122,0.000488,0.003358,0.014774,3.715552,3.299826,1.796824,1.105494,0.614285,1.102929,0.799633,0.879462,3.304026,3.299447,0.797948,4.893680,4.896360,0.004274
50.600056,1,0.000000,0.222512,0.189330,0.000000,0.000000,0.179571,0.284972,1.071600,0.000122,0.000488,0.003358,0.015385,3.699776,3.289618,1.797312,1.101464,0.605494,1.104394,0.802930,0.879999,3.304026,3.298531,0.797362,4.901720,4.912440,0.004274
50.700057,1,0.000000,0.225440,0.155173,0.000000,0.000000,0.181523,0.283020,2.089620,0.000183,0.000427,0.003419,0.014774,3.711840,3.298898,1.796824,1.107325,0.600366,1.105494,0.800732,0.879462,3.304942,3.298531,0.797362,4.896360,4.897700,0.004274
50.800056,1,0.000000,0.221536,0.154197,0.000000,0.000000,0.178595,0.283020,1.812790,0.000244,0.000488,0.003358,0.014896,3.711840,3.298898,1.797312,1.103296,0.613552,1.104028,0.799633,0.879462,3.304942,3.300363,0.797655,4.911100,4.920480,0.004274
50.900055,1,0.000000,0.218608,0.153221,0.000000,0.000000,0.192258,0.280092,2.250360,0.000122,0.000488,0.003419,0.015385,3.710912,3.355503,1.797800,1.102197,0.605860,1.100732,0.801831,0.879462,3.305857,3.300363,0.796776,4.888320,4.903060,0.004274
51.000056,1,0.000000,0.222512,0.153221,0.000000,0.000000,0.179571,0.283996,1.652050,0.000244,0.000549,0.003358,0.015385,3.704416,3.301682,1.798289,1.104761,0.612820,1.104394,0.800732,0.879731,3.303110,3.299447,0.797655,4.911100,4.920480,0.004274
51.100056,1,0.000000,0.220560,0.155173,0.000000,0.000000,0.181523,0.283020,1.080530,0.000183,0.000427,0.003419,0.015263,3.726687,3.298898,1.797312,1.110622,0.604029,1.101098,0.801098,0.879462,3.305857,3.300363,0.796776,4.896360,4.909760,0.004274
51.200055,1,0.000000,0.229344,0.153221,0.000000,0.000000,0.178595,0.282044,2.178920,0.000244,0.000488,0.003480,0.015629,3.711840,3.293330,1.796335,1.107691,0.603296,1.104028,0.799633,0.879731,3.305857,3.299447,0.797655,4.886980,4.897700,0.004274
51.300058,1,0.000976,0.221536,0.153221,0.000000,0.000000,0.182499,0.282044,2.214640,0.000122,0.000549,0.003419,0.014896,3.704416,3.293330,1.797800,1.107691,0.614285,1.102197,0.801098,0.879462,3.304026,3.300363,0.796776,4.907080,4.920480,0.004274
51.400055,1,0.002928,0.219584,0.155173,0.000000,0.000000,0.180547,0.284972,1.928880,0.000183,0.000427,0.003358,0.015263,3.710912,3.291474,1.798289,1.107691,0.599999,1.105127,0.802930,0.879193,3.304942,3.299447,0.797655,4.899040,4.904400,0.004274
51.500056,1,0.000000,0.220560,0.153221,0.000000,0.000000,0.180547,0.282044,2.795090,0.000061,0.000549,0.003358,0.015263,3.697920,3.357359,1.796824,1.104761,0.604395,1.104761,0.800732,0.879193,3.304942,3.299447,0.796776,4.911100,4.920480,0.004274
51.600055,1,0.000000,0.222512,0.152245,0.000000,0.000000,0.181523,0.283020,2.241430,0.000183,0.000427,0.003480,0.015018,3.711840,3.293330,1.798289,1.107691,0.607692,1.104761,0.801098,0.879193,3.305857,3.299447,0.797362,4.892340,4.909760,0.004274
51.700057,1,0.000000,0.220560,0.151269,0.000000,0.000000,0.181523,0.284972,1.848510,0.000183,0.000427,0.003358,0.016117,3.697920,3.325809,1.796824,1.107691,0.613186,1.104394,0.801098,0.879193,3.305857,3.299447,0.797362,4.909760,4.919140,0.004274
51.800057,1,0.000000,0.220560,0.153221,0.000000,0.000000,0.181523,0.283020,1.071600,0.000183,0.000427,0.003419,0.015140,3.711840,3.293330,1.798777,1.107691,0.606227,1.104394,0.801831,0.879193,3.305857,3.299447,0.797655,4.877600,4.907080,0.004274
51.900055,1,0.001952,0.218608,0.156149,0.000000,0.000000,0.182499,0.283020,2.080690,0.000183,0.000427,0.003419,0.016117,3.699776,3.293330,1.798777,1.101464,0.604395,1.104394,0.802930,0.879193,3.304942,3.299447,0.797655,4.888320,4.919140,0.003419
52.000057,1,0.000000,0.217632,0.152245,0.000000,0.000000,0.180547,0.283996,1.080530,0.000183,0.000427,0.003419,0.015263,3.703488,3.291474,1.797800,1.110622,0.602930,1.105127,0.801464,0.879462,3.304942,3.299447,0.797655,4.895020,4.903060,0.004274
52.100056,1,0.001952,0.220560,0.155173,0.000000,0.000000,0.181523,0.284972,1.893160,0.000122,0.000611,0.003419,0.015018,3.711840,3.293330,1.798289,1.109889,0.606959,1.104761,0.800365,0.879193,3.304942,3.299447,0.797362,4.899040,4.892340,0.003419
52.200056,1,0.002928,0.221536,0.152245,0.000000,0.000000,0.190306,0.284972,2.089620,0.000183,0.000427,0.003419,0.015629,3.699776,3.301682,1.797800,1.104394,0.611721,1.102929,0.801831,0.879193,3.303110,3.298531,0.797655,4.911100,4.920480,0.004274
52.300056,1,0.000000,0.220560,0.153221,0.000000,0.000000,0.201042,0.284972,1.464520,0.000122,0.000549,0.003419,0.015018,3.711840,3.299826,1.797800,1.107691,0.604029,1.104028,0.802930,0.879193,3.305857,3.300363,0.796776,4.896360,4.905740,0.004274
52.400054,1,0.000000,0.221536,0.156149,0.000000,0.000000,0.181523,0.284972,1.955670,0.000183,0.000427,0.003419,0.015629,3.696064,3.299826,1.798289,1.102197,0.606593,1.104028,0.801098,0.879731,3.306773,3.300363,0.797362,4.897700,4.899040,0.004274
52.500056,1,0.000000,0.228368,0.153221,0.000000,0.000000,0.181523,0.282044,1.089460,0.000183,0.000427,0.003419,0.015140,3.699776,3.297970,1.797312,1.107691,0.613552,1.101098,0.799633,0.879462,3.304026,3.299447,0.797362,4.907080,4.899040,0.004274
52.600056,1,0.001952,0.221536,0.155173,0.000000,0.000000,0.181523,0.282044,2.500400,0.000061,0.000549,0.003358,0.015385,3.699776,3.301682,1.796824,1.101830,0.614651,1.102929,0.801098,0.879193,3.304942,3.299447,0.797655,4.886980,4.920480,0.004274
52.700057,1,0.000000,0.221536,0.153221,0.000000,0.000000,0.180547,0.282044,1.080530,0.000061,0.000549,0.003358,0.015140,3.699776,3.297970,1.797312,1.106226,0.612087,1.103296,0.801098,0.879193,3.304942,3.299447,0.797655,4.881620,4.884300,0.004274
52.800056,1,0.000976,0.221536,0.159077,0.000000,0.000000,0.181523,0.284972,1.580610,0.000244,0.000549,0.003419,0.015385,3.719264,3.292402,1.798289,1.102563,0.606959,1.100732,0.800732,0.879731,3.304942,3.300363,0.797362,4.899040,4.905740,0.004274
52.900056,1,0.000000,0.219584,0.153221,0.000000,0.000000,0.180547,0.283020,1.089460,0.000122,0.000549,0.003419,0.015018,3.704416,3.299826,1.798289,1.102929,0.604029,1.104761,0.800732,0.879462,3.305857,3.300363,0.797655,4.876260,4.903060,0.004274
53.000055,1,0.000000,0.218608,0.153221,0.000000,0.000000,0.179571,0.283020,1.794930,0.000183,0.000427,0.003419,0.015629,3.696064,3.297970,1.797312,1.110622,0.604029,1.101464,0.801098,0.879193,3.303110,3.299447,0.797655,4.881620,4.909760,0.004274
53.100056,1,0.000976,0.220560,0.154197,0.000000,0.000000,0.179571,0.282044,2.375380,0.000122,0.000549,0.003419,0.015140,3.726687,3.303538,1.797800,1.103296,0.607692,1.104761,0.800732,0.879731,3.305857,3.300363,0.797362,4.891000,4.920480,0.004274
53.200059,1,0.000000,0.220560,0.152245,0.000000,0.000000,0.180547,0.283020,1.080530,0.000061,0.000549,0.003297,0.014774,3.703488,3.297970,1.796824,1.101830,0.605128,1.101098,0.801464,0.879193,3.304942,3.299447,0.797655,4.878940,4.905740,0.004274
53.300056,1,0.000000,0.222512,0.152245,0.000000,0.000000,0.182499,0.283996,1.812790,0.000061,0.000977,0.003297,0.015018,3.699776,3.299826,1.796824,1.102197,0.600732,1.101464,0.802930,0.879193,3.304942,3.299447,0.797362,4.900380,4.909760,0.004274
53.400056,1,0.000976,0.220560,0.153221,0.000000,0.000000,0.178595,0.284972,1.071600,0.000183,0.000427,0.003419,0.015263,3.696064,3.307249,1.798777,1.102563,0.614651,1.104761,0.801098,0.879462,3.304026,3.300363,0.797362,4.908420,4.919140,0.004274
53.500056,1,0.000000,0.222512,0.153221,0.000000,0.000000,0.180547,0.282044,2.446820,0.000122,0.000488,0.003419,0.014530,3.719264,3.298898,1.796824,1.107691,0.601098,1.104761,0.800732,0.879999,3.304942,3.300363,0.797362,4.896360,4.903060,0.004274
53.600056,1,0.000976,0.221536,0.154197,0.000000,0.000000,0.191282,0.283020,1.089460,0.000244,0.000549,0.003358,0.015140,3.699776,3.301682,1.798289,1.107691,0.616483,1.104761,0.802930,0.879462,3.305857,3.300363,0.797362,4.908420,4.919140,0.004274
53.700056,1,0.000000,0.222512,0.154197,0.000000,0.000000,0.180547,0.283020,1.553820,0.000183,0.000549,0.003419,0.014652,3.701632,3.301682,1.797312,1.103296,0.605494,1.102197,0.800365,0.879193,3.305857,3.300363,0.797362,4.886980,4.907080,0.004274
53.800057,1,0.000000,0.224464,0.154197,0.038061,0.000000,0.178595,0.282044,2.134270,0.000122,0.000549,0.003419,0.015385,3.726687,3.299826,1.796824,1.107691,0.601831,1.100732,0.801831,0.879462,3.305857,3.299447,0.797362,4.912440,4.920480,0.004274
53.900055,1,0.000000,0.220560,0.155173,0.000000,0.000000,0.182499,0.283020,1.821720,0.000183,0.000427,0.003419,0.015018,3.704416,3.293330,1.797312,1.108424,0.602564,1.104394,0.802930,0.879462,3.305857,3.299447,0.797655,4.877600,4.909760,0.004274
54.000056,1,0.001952,0.220560,0.152245,0.000000,0.000000,0.180547,0.283020,1.553820,0.000183,0.000427,0.003297,0.015263,3.699776,3.301682,1.798777,1.104394,0.618314,1.102929,0.801831,0.879193,3.303110,3.299447,0.797655,4.881620,4.904400,0.004274
54.100057,1,0.000000,0.215681,0.153221,0.000000,0.000000,0.179571,0.283020,1.080530,0.000244,0.000549,0.003358,0.015140,3.700704,3.301682,1.796824,1.104761,0.615750,1.102929,0.800732,0.879462,3.303110,3.299447,0.797655,4.911100,4.895020,0.004274
54.200059,1,0.000000,0.221536,0.154197,0.000000,0.000000,0.181523,0.283020,1.830650,0.000061,0.000549,0.003358,0.015018,3.711840,3.301682,1.796824,1.107691,0.602197,1.104761,0.801098,0.879193,3.304942,3.300363,0.797655,4.870900,4.909760,0.004274
54.300056,1,0.000976,0.219584,0.152245,0.000000,0.000000,0.201042,0.284972,2.205710,0.000244,0.000488,0.003480,0.015385,3.710912,3.293330,1.797312,1.105494,0.612087,1.105127,0.801098,0.878925,3.304026,3.299447,0.797948,4.907080,4.921820,0.004274
54.400057,1,0.000000,0.220560,0.152245,0.000000,0.000000,0.181523,0.283996,2.080690,0.000061,0.000549,0.003358,0.015140,3.715552,3.297970,1.796824,1.101830,0.603662,1.106226,0.802930,0.879731,3.305857,3.300363,0.797362,4.897700,4.903060,0.004274
54.500056,1,0.000000,0.219584,0.155173,0.000000,0.000000,0.179571,0.282044,1.884230,0.000122,0.000549,0.003419,0.015018,3.704416,3.301682,1.797800,1.102563,0.612820,1.101098,0.800365,0.879731,3.305857,3.298531,0.797362,4.912440,4.921820,0.004274
54.600056,1,0.000976,0.218608,0.153221,0.000000,0.000000,0.181523,0.283996,2.518260,0.000244,0.000549,0.003358,0.015018,3.719264,3.301682,1.797312,1.102563,0.600732,1.100732,0.799633,0.879462,3.305857,3.300363,0.797655,4.886980,4.900380,0.004274
54.700103,1,0.000976,0.218608,0.153221,0.000000,0.000000,0.180547,0.284972,1.857440,0.000183,0.000427,0.003419,0.015263,3.703488,3.293330,1.798777,1.107691,0.600732,1.102197,0.801098,0.879999,3.304942,3.299447,0.797655,4.893680,4.903060,0.004274
54.800057,1,0.000976,0.218608,0.153221,0.000000,0.000000,0.180547,0.280092,1.080530,0.000183,0.000427,0.003419,0.015385,3.703488,3.292402,1.797800,1.101464,0.614285,1.100732,0.801464,0.879193,3.306773,3.298531,0.797655,4.892340,4.903060,0.004274
54.900055,1,0.000000,0.218608,0.155173,0.000000,0.000000,0.182499,0.283020,1.571680,0.000122,0.000549,0.003419,0.015018,3.711840,3.299826,1.796824,1.107691,0.602930,1.100732,0.800732,0.879193,3.305857,3.300363,0.798241,4.876260,4.904400,0.004274
55.000056,1,0.000976,0.217632,0.154197,0.000000,0.000000,0.181523,0.284972,1.080530,0.000244,0.000488,0.003419,0.015140,3.697920,3.313745,1.797800,1.107691,0.614651,1.102929,0.801831,0.879193,3.304942,3.299447,0.797655,4.909760,4.920480,0.004274
55.100056,1,0.000000,0.222512,0.152245,0.000000,0.000000,0.179571,0.283996,2.500400,0.000183,0.000427,0.003419,0.015018,3.711840,3.357359,1.798289,1.102197,0.615750,1.100732,0.799633,0.879462,3.305857,3.300363,0.797362,4.896360,4.900380,0.004274
55.200055,1,0.000000,0.229344,0.152245,0.000000,0.000000,0.180547,0.284972,1.562750,0.000183,0.000427,0.003419,0.015018,3.703488,3.307249,1.797800,1.102563,0.602564,1.100732,0.801098,0.879462,3.304942,3.300363,0.796776,4.899040,4.917800,0.003419
55.300059,1,0.000000,0.222512,0.152245,0.000000,0.000000,0.181523,0.283020,1.071600,0.000183,0.000427,0.003419,0.015018,3.710912,3.294258,1.798777,1.107325,0.607325,1.101464,0.800732,0.879999,3.304942,3.299447,0.797948,4.893680,4.907080,0.004274
55.400056,1,0.000000,0.220560,0.156149,0.000000,0.000000,0.180547,0.284972,1.812790,0.000183,0.000427,0.003419,0.015140,3.701632,3.299826,1.798289,1.104761,0.611355,1.100732,0.800732,0.879731,3.305857,3.300363,0.796776,4.881620,4.920480,0.004274
55.500056,1,0.000000,0.220560,0.152245,0.000000,0.000000,0.180547,0.283020,1.071600,0.000244,0.000488,0.003358,0.015385,3.699776,3.297970,1.796824,1.107691,0.605494,1.101464,0.801831,0.879462,3.305857,3.299447,0.797655,4.901720,4.899040,0.004274
55.600055,1,0.000000,0.223488,0.154197,0.000000,0.000000,0.202017,0.282044,2.580770,0.000244,0.000488,0.003419,0.015140,3.699776,3.293330,1.797800,1.105494,0.606959,1.104394,0.802930,0.879999,3.304942,3.298531,0.797362,4.882960,4.907080,0.003419
55.700057,1,0.000976,0.223488,0.153221,0.000000,0.000000,0.181523,0.283996,1.071600,0.000183,0.000427,0.003419,0.015018,3.710912,3.327664,1.796824,1.104761,0.612087,1.104394,0.801098,0.879462,3.305857,3.300363,0.796776,4.895020,4.907080,0.004274
55.800056,1,0.001952,0.219584,0.152245,0.000000,0.000000,0.179571,0.284972,2.812950,0.000183,0.000427,0.003480,0.015629,3.711840,3.357359,1.797312,1.102929,0.604029,1.102929,0.801831,0.879731,3.305857,3.298531,0.797362,4.889660,4.900380,0.004274
55.900056,1,0.001952,0.233247,0.154197,0.000000,0.000000,0.182499,0.283996,1.794930,0.000183,0.000427,0.003419,0.015140,3.699776,3.298898,1.796824,1.109156,0.613552,1.104761,0.800365,0.879462,3.305857,3.300363,0.796776,4.909760,4.920480,0.004274
56.000055,1,0.000976,0.233247,0.152245,0.000000,0.000000,0.180547,0.283996,1.589540,0.000183,0.000427,0.003358,0.015018,3.715552,3.357359,1.796824,1.102929,0.612820,1.102929,0.802197,0.879193,3.304942,3.299447,0.797655,4.895020,4.899040,0.004274
56.100056,1,0.000000,0.221536,0.152245,0.000000,0.000000,0.180547,0.282044,2.804020,0.000244,0.000549,0.003419,0.014896,3.701632,3.298898,1.797800,1.107691,0.599999,1.104028,0.800732,0.879193,3.304942,3.299447,0.797655,4.892340,4.888320,0.004274
56.200057,1,0.000000,0.221536,0.155173,0.000000,0.000000,0.192258,0.283996,1.080530,0.000183,0.000427,0.003236,0.014896,3.711840,3.291474,1.799266,1.104394,0.616117,1.101464,0.801098,0.879193,3.305857,3.299447,0.796776,4.912440,4.904400,0.004274
56.300056,1,0.000000,0.220560,0.154197,0.000000,0.000000,0.178595,0.284972,2.509330,0.000244,0.000488,0.003358,0.014896,3.700704,3.327664,1.797312,1.101830,0.614651,1.104761,0.799267,0.879193,3.304026,3.299447,0.797948,4.888320,4.885640,0.004274
56.400057,1,0.000000,0.220560,0.153221,0.000000,0.000000,0.180547,0.283020,1.071600,0.000244,0.000549,0.003419,0.015140,3.711840,3.299826,1.797800,1.110622,0.604761,1.102929,0.801831,0.879999,3.304942,3.299447,0.797948,4.899040,4.912440,0.004274
56.500057,1,0.000000,0.227392,0.153221,0.000000,0.000000,0.179571,0.283020,1.893160,0.000122,0.000549,0.003419,0.015018,3.710912,3.307249,1.798289,1.102929,0.607325,1.106226,0.801098,0.879731,3.304942,3.300363,0.797362,4.886980,4.891000,0.004274
56.600056,1,0.000000,0.220560,0.153221,0.000000,0.000000,0.179571,0.283996,1.794930,0.000183,0.000427,0.003419,0.014774,3.715552,3.298898,1.799266,1.107691,0.614651,1.101098,0.801831,0.879999,3.304942,3.299447,0.797362,4.907080,4.919140,0.004274
56.700056,1,0.000000,0.220560,0.155173,0.000000,0.000000,0.181523,0.283020,2.321800,0.000183,0.000427,0.003419,0.015018,3.696064,3.299826,1.798777,1.109156,0.605128,1.102563,0.802197,0.879731,3.304942,3.299447,0.797655,4.900380,4.899040,0.004274
56.800056,1,0.000976,0.219584,0.154197,0.000000,0.000000,0.180547,0.282044,1.660980,0.000183,0.000427,0.003419,0.015629,3.703488,3.293330,1.798289,1.102563,0.613186,1.104761,0.800732,0.878925,3.304026,3.299447,0.797362,4.905740,4.917800,0.004274
56.900056,1,0.000976,0.221536,0.153221,0.000000,0.000000,0.192258,0.284972,1.071600,0.000122,0.000488,0.003419,0.015018,3.711840,3.357359,1.797312,1.106226,0.601465,1.106226,0.800732,0.879193,3.304942,3.299447,0.797948,4.895020,4.909760,0.004274
57.000055,1,0.000976,0.220560,0.153221,0.000000,0.000000,0.192258,0.298635,2.402170,0.000122,0.000733,0.003419,0.015629,3.711840,3.298898,1.797800,1.102929,0.599999,1.104028,0.802930,0.879193,3.304942,3.299447,0.797948,4.884300,4.900380,0.004274
57.100056,1,0.000000,0.222512,0.153221,0.000000,0.000000,0.181523,0.282044,2.152130,0.000183,0.000427,0.003419,0.015263,3.703488,3.291474,1.796824,1.109156,0.615018,1.106226,0.800732,0.879193,3.304942,3.299447,0.797948,4.909760,4.919140,0.004274
57.200056,1,0.000000,0.234223,0.155173,0.000000,0.000000,0.181523,0.282044,1.937810,0.000061,0.000549,0.003297,0.015140,3.704416,3.301682,1.798289,1.107691,0.602197,1.104028,0.802930,0.879193,3.305857,3.299447,0.797655,4.896360,4.903060,0.004274
57.300056,1,0.001952,0.217632,0.152245,0.000000,0.000000,0.180547,0.283020,2.804020,0.000183,0.000427,0.003419,0.015385,3.711840,3.293330,1.798289,1.102197,0.599999,1.104761,0.801098,0.879731,3.303110,3.299447,0.797655,4.912440,4.920480,0.004274
57.400056,1,0.000000,0.221536,0.151269,0.000000,0.000000,0.178595,0.283020,2.214640,0.000183,0.000427,0.003419,0.015263,3.711840,3.298898,1.796824,1.107691,0.606959,1.104761,0.802930,0.879462,3.304026,3.300363,0.797362,4.896360,4.909760,0.004274
57.500056,1,0.000976,0.220560,0.155173,0.000000,0.000000,0.193234,0.283996,1.857440,0.000183,0.000427,0.003480,0.015263,3.711840,3.293330,1.798289,1.108790,0.610988,1.104394,0.798900,0.879193,3.305857,3.299447,0.797655,4.911100,4.920480,0.004274
57.600055,1,0.000976,0.221536,0.152245,0.000000,0.000000,0.180547,0.282044,1.071600,0.000183,0.000427,0.003358,0.015140,3.722976,3.301682,1.797800,1.104761,0.600732,1.104394,0.802930,0.879462,3.304942,3.300363,0.797362,4.876260,4.912440,0.004274
57.700056,1,0.000000,0.219584,0.156149,0.000000,0.000000,0.179571,0.282044,2.071760,0.000244,0.000549,0.003358,0.015385,3.697920,3.299826,1.798289,1.103296,0.606593,1.104761,0.801831,0.879462,3.305857,3.298531,0.797655,4.893680,4.921820,0.004274
57.800060,1,0.000976,0.229344,0.154197,0.000000,0.000000,0.179571,0.283996,1.071600,0.000183,0.000427,0.003419,0.014530,3.711840,3.298898,1.796824,1.104394,0.599633,1.104394,0.799633,0.879193,3.303110,3.298531,0.798241,4.881620,4.903060,0.004274
57.900055,1,0.000976,0.222512,0.155173,0.000000,0.000000,0.177619,0.282044,1.884230,0.000183,0.000427,0.003419,0.015629,3.719264,3.301682,1.797312,1.101464,0.602930,1.101464,0.800732,0.879462,3.304026,3.300363,0.797655,4.899040,4.899040,0.004274
58.000056,1,0.000000,0.218608,0.152245,0.000000,0.000000,0.180547,0.283020,2.107480,0.000122,0.000549,0.003419,0.015140,3.701632,3.294258,1.797800,1.107325,0.613552,1.105127,0.801831,0.879462,3.304026,3.300363,0.797362,4.909760,4.920480,0.004274
58.100058,1,0.000976,0.218608,0.154197,0.000000,0.000000,0.180547,0.283996,1.866370,0.000122,0.000549,0.003480,0.015263,3.710912,3.357359,1.797800,1.103296,0.606959,1.102929,0.800732,0.879193,3.304942,3.299447,0.797655,4.895020,4.907080,0.004274
58.200055,1,0.000976,0.222512,0.152245,0.000000,0.000000,0.192258,0.283020,2.241430,0.000183,0.000427,0.003419,0.015018,3.711840,3.301682,1.796824,1.106226,0.600732,1.101098,0.802930,0.879462,3.305857,3.300363,0.797362,4.886980,4.886980,0.004274
58.300057,1,0.000000,0.218608,0.155173,0.000000,0.000000,0.179571,0.283996,1.089460,0.000183,0.000427,0.003297,0.015140,3.697920,3.301682,1.797312,1.101464,0.617948,1.102929,0.801098,0.879462,3.304026,3.300363,0.797362,4.888320,4.909760,0.003419
58.400056,1,0.000000,0.218608,0.151269,0.000000,0.000000,0.179571,0.283996,2.491470,0.000061,0.000549,0.003297,0.015263,3.699776,3.307249,1.797800,1.101830,0.613919,1.104394,0.801464,0.879193,3.304942,3.299447,0.797655,4.886980,4.920480,0.004274
58.500056,1,0.000976,0.226416,0.155173,0.000000,0.000000,0.180547,0.282044,1.089460,0.000122,0.000488,0.003297,0.014896,3.701632,3.301682,1.796824,1.102929,0.612820,1.100732,0.800732,0.879731,3.305857,3.298531,0.797362,4.886980,4.885640,0.004274
58.600055,1,0.000976,0.220560,0.154197,0.005856,0.000000,0.180547,0.283020,1.553820,0.000122,0.000488,0.003480,0.015018,3.700704,3.357359,1.797800,1.104761,0.604395,1.104761,0.799633,0.879193,3.304942,3.299447,0.797362,4.888320,4.903060,0.004274
58.700056,1,0.000976,0.222512,0.151269,0.000000,0.000000,0.180547,0.284972,1.071600,0.000183,0.000672,0.003541,0.014774,3.699776,3.301682,1.798777,1.108058,0.599633,1.103662,0.800365,0.879193,3.304942,3.299447,0.797948,4.907080,4.907080,0.003419
58.800055,1,0.000976,0.219584,0.153221,0.000000,0.000000,0.192258,0.283996,1.794930,0.000183,0.000427,0.003419,0.015140,3.697920,3.298898,1.797312,1.103296,0.602197,1.100732,0.801831,0.879731,3.305857,3.298531,0.796776,4.877600,4.912440,0.004274
58.900056,1,0.000976,0.221536,0.155173,0.000000,0.000000,0.180547,0.284972,2.232500,0.000244,0.000549,0.003358,0.015018,3.710912,3.298898,1.797800,1.110622,0.608058,1.104761,0.800732,0.879193,3.304026,3.299447,0.797655,4.886980,4.919140,0.004274
59.000057,1,0.000000,0.222512,0.153221,0.000000,0.000000,0.181523,0.283996,1.089460,0.000183,0.000549,0.003358,0.015140,3.710912,3.301682,1.797800,1.101464,0.605860,1.104028,0.801098,0.879731,3.305857,3.298531,0.797655,4.881620,4.903060,0.004274
59.100056,1,0.000976,0.227392,0.152245,0.000000,0.000000,0.181523,0.283020,1.812790,0.000061,0.000427,0.003419,0.015385,3.710912,3.293330,1.797312,1.107691,0.603296,1.104761,0.801831,0.879193,3.305857,3.299447,0.797362,4.897700,4.911100,0.004274
59.200056,1,0.000000,0.220560,0.153221,0.000000,0.000000,0.179571,0.282044,1.089460,0.000122,0.000488,0.003480,0.015385,3.699776,3.291474,1.796824,1.103296,0.614285,1.104394,0.801098,0.879193,3.305857,3.298531,0.797069,4.911100,4.904400,0.004274
59.300056,1,0.001952,0.222512,0.152245,0.000000,0.000000,0.180547,0.284972,1.786000,0.000122,0.000488,0.003419,0.015385,3.717408,3.325809,1.797800,1.101830,0.606959,1.105127,0.802930,0.879462,3.304026,3.300363,0.796776,4.895020,4.904400,0.004274
59.400056,1,0.000000,0.222512,0.151269,0.000000,0.000000,0.180547,0.283996,1.071600,0.000183,0.000427,0.003358,0.015140,3.699776,3.301682,1.797312,1.107691,0.615018,1.104761,0.801831,0.879193,3.303110,3.300363,0.796776,4.912440,4.903060,0.004274
59.500056,1,0.000000,0.220560,0.153221,0.000000,0.000000,0.191282,0.283996,1.571680,0.000061,0.000549,0.003358,0.015018,3.704416,3.291474,1.798289,1.103296,0.605494,1.104394,0.801098,0.879462,3.305857,3.299447,0.797655,4.891000,4.911100,0.004274
59.600055,1,0.000976,0.220560,0.155173,0.035133,0.000000,0.185427,0.284972,2.089620,0.000183,0.000427,0.003419,0.015018,3.721120,3.301682,1.798289,1.107691,0.605128,1.103296,0.802930,0.879193,3.305857,3.298531,0.796776,4.912440,4.920480,0.004274
59.700055,1,0.000976,0.220560,0.153221,0.000000,0.000000,0.180547,0.283020,1.821720,0.000183,0.000427,0.003419,0.014774,3.710912,3.293330,1.797312,1.107325,0.601098,1.101098,0.799633,0.879462,3.305857,3.299447,0.797655,4.878940,4.897700,0.004274
59.800056,1,0.001952,0.228368,0.154197,0.000000,0.000000,0.181523,0.304490,2.161060,0.000244,0.000549,0.003358,0.015018,3.710912,3.301682,1.798289,1.104761,0.606227,1.104761,0.800732,0.879462,3.304026,3.300363,0.797362,4.896360,4.897700,0.003419
59.900056,1,0.000976,0.219584,0.151269,0.000000,0.000000,0.182499,0.283020,1.071600,0.000061,0.000549,0.003358,0.015140,3.703488,3.301682,1.798289,1.104761,0.612087,1.100365,0.801098,0.879193,3.303110,3.299447,0.797655,4.911100,4.886980,0.004274
60.000056,1,0.000976,0.221536,0.153221,0.000000,0.000000,0.180547,0.284972,1.821720,0.000183,0.000427,0.003297,0.015385,3.710912,3.298898,1.796824,1.107691,0.605128,1.104761,0.800732,0.879193,3.306773,3.298531,0.797655,4.870900,4.911100,0.004274
60.100055,1,0.000000,0.218608,0.151269,0.000000,0.000000,0.179571,0.287899,2.205710,0.000183,0.000427,0.003419,0.015140,3.697920,3.293330,1.798289,1.107691,0.612087,1.104761,0.801464,0.879193,3.305857,3.299447,0.797655,4.909760,4.920480,0.004274
60.200057,1,0.000000,0.221536,0.151269,0.000000,0.000000,0.180547,0.283996,2.098550,0.000061,0.000549,0.003358,0.015385,3.703488,3.301682,1.796824,1.107691,0.600732,1.100732,0.801831,0.879193,3.304942,3.298531,0.797655,4.881620,4.903060,0.004274
60.300056,1,0.000000,0.219584,0.151269,0.000000,0.000000,0.180547,0.283996,2.295010,0.000061,0.000427,0.003236,0.015385,3.711840,3.293330,1.799266,1.101464,0.613552,1.106226,0.801464,0.878925,3.304942,3.298531,0.797362,4.907080,4.920480,0.004274
60.400056,1,0.004880,0.225440,0.155173,0.000000,0.000000,0.178595,0.283020,2.786160,0.000183,0.000427,0.003358,0.015629,3.711840,3.301682,1.797312,1.103296,0.603662,1.101464,0.802930,0.879462,3.304026,3.299447,0.797362,4.888320,4.897700,0.004274
60.500055,1,0.000976,0.221536,0.152245,0.000000,0.000000,0.179571,0.282044,1.857440,0.000061,0.000549,0.003358,0.014896,3.711840,3.301682,1.797312,1.104394,0.603662,1.104028,0.801831,0.879193,3.303110,3.298531,0.797655,4.912440,4.921820,0.004274
60.600055,1,0.000976,0.219584,0.154197,0.000000,0.000000,0.179571,0.283996,1.080530,0.000183,0.000427,0.003358,0.015263,3.710912,3.301682,1.797312,1.101830,0.613919,1.101098,0.800732,0.879462,3.305857,3.298531,0.797362,4.892340,4.892340,0.004274
60.700056,1,0.000000,0.219584,0.154197,0.000000,0.000000,0.180547,0.281068,1.580610,0.000122,0.000549,0.003358,0.015140,3.710912,3.294258,1.796824,1.109156,0.605494,1.104761,0.801098,0.879999,3.305857,3.300363,0.796776,4.876260,4.903060,0.004274
60.800055,1,0.000976,0.219584,0.154197,0.000000,0.000000,0.191282,0.283020,1.071600,0.000183,0.000427,0.003419,0.015140,3.701632,3.299826,1.798777,1.107691,0.616849,1.104394,0.801831,0.879193,3.304942,3.299447,0.797655,4.911100,4.920480,0.003419
60.900056,1,0.000000,0.221536,0.151269,0.000000,0.000000,0.201042,0.283996,2.491470,0.000122,0.000488,0.003236,0.015385,3.699776,3.291474,1.798289,1.108424,0.615018,1.101098,0.799633,0.879193,3.304026,3.299447,0.797948,4.888320,4.885640,0.004274
61.000055,1,0.000000,0.221536,0.155173,0.000000,0.000000,0.179571,0.283996,1.571680,0.000122,0.000488,0.003297,0.015140,3.715552,3.298898,1.796824,1.102197,0.601831,1.104761,0.802930,0.878925,3.305857,3.299447,0.797655,4.900380,4.920480,0.004274
61.100057,1,0.000000,0.227392,0.153221,0.000000,0.000000,0.177619,0.283020,1.071600,0.000244,0.000488,0.003419,0.015018,3.711840,3.357359,1.797312,1.107691,0.604029,1.104761,0.802930,0.879462,3.304026,3.299447,0.797362,4.896360,4.886980,0.004274
61.200059,1,0.000000,0.225440,0.153221,0.000000,0.000000,0.181523,0.283020,1.821720,0.000183,0.000427,0.003419,0.015263,3.703488,3.301682,1.797312,1.107691,0.609889,1.104761,0.799633,0.879462,3.305857,3.300363,0.796776,4.909760,4.917800,0.004274
61.300057,1,0.000000,0.221536,0.154197,0.000000,0.000000,0.177619,0.283996,1.089460,0.000183,0.000427,0.003419,0.015385,3.711840,3.291474,1.797312,1.107691,0.601465,1.104761,0.800732,0.878925,3.304942,3.299447,0.797948,4.899040,4.899040,0.004274
61.400056,1,0.000976,0.222512,0.152245,0.000000,0.000000,0.181523,0.283020,2.598630,0.000183,0.000427,0.003419,0.015385,3.711840,3.298898,1.796824,1.104761,0.602564,1.104394,0.799633,0.879731,3.305857,3.298531,0.797655,4.880280,4.903060,0.004274
61.500057,1,0.000000,0.221536,0.153221,0.000000,0.000000,0.179571,0.282044,1.080530,0.000183,0.000427,0.003358,0.014774,3.710912,3.301682,1.797800,1.104761,0.615750,1.104761,0.800732,0.879462,3.307689,3.299447,0.796776,4.896360,4.903060,0.004274
61.600055,1,0.000000,0.220560,0.154197,0.000000,0.000000,0.179571,0.283996,2.795090,0.000244,0.000488,0.003419,0.015140,3.700704,3.298898,1.798289,1.107691,0.604395,1.102929,0.799633,0.879999,3.304942,3.299447,0.797362,4.893680,4.889660,0.004274
61.700056,1,0.000000,0.220560,0.153221,0.000000,0.000000,0.180547,0.282044,1.786000,0.000183,0.000427,0.003419,0.015140,3.710912,3.298898,1.799266,1.107325,0.610988,1.102929,0.801831,0.879193,3.304942,3.299447,0.797655,4.911100,4.920480,0.004274
61.800057,1,0.000976,0.221536,0.158101,0.000000,0.000000,0.180547,0.283996,1.125180,0.000183,0.000427,0.003419,0.015140,3.703488,3.292402,1.798289,1.107691,0.615018,1.100732,0.801464,0.879193,3.305857,3.299447,0.797655,4.895020,4.904400,0.004274
61.900055,1,0.000000,0.219584,0.153221,0.000000,0.000000,0.178595,0.281068,2.812950,0.000244,0.000488,0.003358,0.015140,3.711840,3.301682,1.797800,1.104394,0.604761,1.105127,0.801098,0.879731,3.304026,3.299447,0.797362,4.881620,4.899040,0.004274
62.000056,1,0.000976,0.221536,0.153221,0.000000,0.000000,0.179571,0.284972,1.071600,0.000122,0.000488,0.003358,0.014530,3.711840,3.301682,1.796824,1.104761,0.614285,1.104028,0.801464,0.879193,3.304942,3.300363,0.797655,4.899040,4.907080,0.003419
62.100057,1,0.000000,0.218608,0.152245,0.000000,0.000000,0.180547,0.284972,2.500400,0.000183,0.000427,0.003419,0.015140,3.704416,3.294258,1.797800,1.102929,0.613919,1.104028,0.800732,0.879731,3.304026,3.300363,0.796776,4.896360,4.891000,0.004274
62.200057,1,0.000000,0.220560,0.152245,0.000000,0.000000,0.191282,0.285948,1.080530,0.000183,0.000427,0.003419,0.015140,3.696064,3.298898,1.796824,1.101830,0.603296,1.100732,0.800365,0.879193,3.303110,3.298531,0.797655,4.903060,4.911100,0.004274
62.300056,1,0.000000,0.219584,0.150293,0.000000,0.000000,0.180547,0.283996,2.027110,0.000183,0.000427,0.003419,0.015140,3.719264,3.301682,1.797312,1.104394,0.605494,1.102929,0.800365,0.879999,3.304942,3.297616,0.796776,4.899040,4.893680,0.004274
62.400055,1,0.000000,0.227392,0.154197,0.000000,0.000000,0.180547,0.283996,1.839580,0.000183,0.000305,0.003419,0.015140,3.699776,3.294258,1.797312,1.107325,0.613919,1.102929,0.800365,0.879193,3.304942,3.298531,0.797655,4.911100,4.920480,0.003419
62.500055,1,0.000000,0.233247,0.152245,0.000000,0.000000,0.179571,0.282044,2.152130,0.000183,0.000427,0.003419,0.015263,3.699776,3.297970,1.796824,1.107691,0.603296,1.101464,0.801464,0.879193,3.304026,3.299447,0.797362,4.899040,4.896360,0.003419
62.600056,1,0.000976,0.222512,0.155173,0.000000,0.000000,0.180547,0.284972,1.643120,0.000244,0.000488,0.003358,0.015263,3.699776,3.301682,1.798777,1.104761,0.615750,1.105127,0.802930,0.879462,3.305857,3.300363,0.796776,4.907080,4.920480,0.004274
62.700056,1,0.000976,0.218608,0.153221,0.000000,0.000000,0.181523,0.283996,1.080530,0.000183,0.000427,0.003480,0.015263,3.697920,3.301682,1.797800,1.104394,0.605494,1.104394,0.799633,0.879462,3.304026,3.299447,0.797362,4.896360,4.907080,0.004274
62.800056,1,0.000976,0.220560,0.152245,0.000000,0.000000,0.180547,0.283020,2.268220,0.000244,0.000549,0.003419,0.014530,3.711840,3.292402,1.798289,1.104028,0.601098,1.100732,0.800732,0.879462,3.304942,3.300363,0.796776,4.888320,4.904400,0.004274
62.900056,1,0.000976,0.218608,0.155173,0.000000,0.000000,0.202993,0.282044,1.643120,0.000183,0.000427,0.003480,0.015140,3.703488,3.293330,1.799266,1.109156,0.614285,1.102929,0.801464,0.879193,3.306773,3.299447,0.797655,4.911100,4.920480,0.004274
63.000055,1,0.000000,0.218608,0.156149,0.000000,0.000000,0.178595,0.284972,1.928880,0.000244,0.000488,0.003358,0.015385,3.710912,3.298898,1.797800,1.110622,0.606593,1.099999,0.801098,0.879193,3.305857,3.299447,0.797655,4.895020,4.904400,0.004274
63.100055,1,0.000000,0.221536,0.154197,0.000000,0.000000,0.180547,0.285948,2.821880,0.000244,0.000611,0.003419,0.015018,3.711840,3.293330,1.797312,1.107691,0.613552,1.100732,0.801098,0.879462,3.304026,3.300363,0.796776,4.909760,4.920480,0.004274
63.200056,1,0.000976,0.226416,0.154197,0.007807,0.000000,0.179571,0.283996,2.125340,0.000122,0.000549,0.003419,0.015140,3.699776,3.299826,1.797800,1.101464,0.605860,1.104028,0.800732,0.879193,3.305857,3.299447,0.797362,4.895020,4.893680,0.004274
63.300058,1,0.000000,0.219584,0.151269,0.000000,0.000000,0.181523,0.282044,1.866370,0.000183,0.000427,0.003419,0.015263,3.703488,3.294258,1.797312,1.107325,0.606227,1.104761,0.799633,0.879193,3.304026,3.299447,0.797948,4.909760,4.920480,0.004274
63.400057,1,0.000976,0.232271,0.152245,0.000000,0.000000,0.178595,0.282044,1.080530,0.000183,0.000427,0.003358,0.015385,3.711840,3.297970,1.797800,1.104761,0.601831,1.105127,0.801831,0.879193,3.304026,3.299447,0.797362,4.874920,4.909760,0.004274
63.500055,1,0.001952,0.219584,0.153221,0.000000,0.000000,0.192258,0.284972,2.018180,0.000183,0.000427,0.003419,0.015263,3.697920,3.327664,1.796824,1.101464,0.608058,1.102929,0.801831,0.879193,3.305857,3.298531,0.796776,4.900380,4.920480,0.004274
63.600057,1,0.000000,0.220560,0.154197,0.000000,0.000000,0.179571,0.282044,1.071600,0.000122,0.000549,0.003419,0.015018,3.700704,3.299826,1.798777,1.110622,0.606959,1.100732,0.801464,0.879731,3.305857,3.300363,0.797362,4.876260,4.905740,0.004274
63.700055,1,0.000000,0.222512,0.153221,0.000000,0.000000,0.180547,0.284972,1.803860,0.000183,0.000427,0.003419,0.015140,3.704416,3.293330,1.797312,1.102197,0.604761,1.106226,0.801098,0.879462,3.306773,3.299447,0.797655,4.900380,4.899040,0.004274
63.800056,1,0.000000,0.226416,0.151269,0.000000,0.000000,0.180547,0.282044,2.098550,0.000183,0.000427,0.003358,0.014530,3.703488,3.298898,1.796824,1.107691,0.609889,1.104761,0.801098,0.879193,3.305857,3.300363,0.797069,4.909760,4.920480,0.004274
63.900057,1,0.000976,0.219584,0.153221,0.000000,0.000000,0.180547,0.281068,1.089460,0.000122,0.000549,0.003419,0.015507,3.697920,3.357359,1.796824,1.104761,0.600732,1.101098,0.800732,0.879193,3.304942,3.299447,0.797655,4.895020,4.907080,0.004274
64.000055,1,0.000000,0.218608,0.152245,0.000000,0.000000,0.179571,0.282044,2.214640,0.000183,0.000427,0.003358,0.014774,3.700704,3.301682,1.796824,1.102929,0.603296,1.101464,0.801831,0.879731,3.303110,3.299447,0.797655,4.900380,4.899040,0.004274
64.100056,1,0.001952,0.218608,0.152245,0.000000,0.000000,0.179571,0.283996,1.571680,0.000183,0.000427,0.003419,0.015018,3.703488,3.301682,1.797800,1.103296,0.601098,1.102929,0.802930,0.879193,3.305857,3.300363,0.797069,4.891000,4.899040,0.004274
64.200057,1,0.000000,0.282044,0.156149,0.000000,0.000000,0.191282,0.283020,1.678840,0.000183,0.000427,0.003358,0.015629,3.699776,3.294258,1.798289,1.103296,0.614285,1.100732,0.800732,0.879462,3.304942,3.300363,0.797362,4.896360,4.919140,0.004274
64.300056,1,0.000000,0.221536,0.152245,0.000000,0.000000,0.179571,0.284972,1.080530,0.000183,0.000427,0.003419,0.014896,3.696064,3.301682,1.798289,1.104761,0.612820,1.102197,0.801831,0.879462,3.304026,3.300363,0.797362,4.892340,4.885640,0.004274
64.400056,1,0.000000,0.218608,0.154197,0.019519,0.000000,0.180547,0.284972,1.562750,0.000183,0.000427,0.003297,0.015140,3.710912,3.301682,1.796824,1.102197,0.603296,1.102929,0.800732,0.879462,3.304942,3.297616,0.797948,4.899040,4.907080,0.004274
64.500057,1,0.000000,0.234223,0.153221,0.000000,0.000000,0.180547,0.282044,1.089460,0.000183,0.000427,0.003419,0.014774,3.696064,3.301682,1.798289,1.101830,0.613919,1.104761,0.802930,0.879193,3.304942,3.300363,0.797069,4.903060,4.891000,0.004274
64.600055,1,0.000000,0.221536,0.154197,0.000000,0.000000,0.179571,0.282044,1.786000,0.000244,0.000549,0.003358,0.015018,3.711840,3.299826,1.798289,1.101830,0.602930,1.101464,0.802930,0.879999,3.305857,3.300363,0.796776,4.876260,4.909760,0.004274
64.700056,1,0.000000,0.221536,0.153221,0.000000,0.000000,0.180547,0.283020,2.232500,0.000244,0.000488,0.003480,0.015140,3.719264,3.293330,1.798289,1.104394,0.606227,1.104028,0.800732,0.879999,3.304942,3.299447,0.797655,4.893680,4.919140,0.004274
64.800057,1,0.000000,0.220560,0.186403,0.000000,0.000000,0.192258,0.283020,1.080530,0.000122,0.000488,0.003358,0.015140,3.710912,3.291474,1.798289,1.102197,0.603662,1.106226,0.800732,0.879462,3.304026,3.299447,0.797948,4.895020,4.903060,0.004274
64.900055,1,0.000000,0.219584,0.154197,0.000000,0.000000,0.180547,0.284972,1.821720,0.000183,0.000427,0.003419,0.015263,3.711840,3.292402,1.797800,1.107691,0.602197,1.102929,0.800732,0.879193,3.305857,3.299447,0.797655,4.900380,4.909760,0.004274
65.000056,1,0.000976,0.220560,0.155173,0.000000,0.000000,0.180547,0.283996,1.080530,0.000183,0.000427,0.003358,0.015018,3.696064,3.301682,1.798289,1.110622,0.614285,1.104761,0.800732,0.878656,3.304942,3.300363,0.797069,4.909760,4.923160,0.004274
65.100056,1,0.000000,0.227392,0.152245,0.000000,0.000000,0.181523,0.283020,1.786000,0.000183,0.000427,0.003419,0.015140,3.721120,3.297970,1.797312,1.107691,0.603296,1.104394,0.799267,0.879462,3.304942,3.299447,0.797655,4.895020,4.904400,0.004274
65.200056,1,0.000000,0.221536,0.153221,0.000000,0.000000,0.179571,0.284972,1.089460,0.000061,0.000549,0.003358,0.015018,3.726687,3.298898,1.795847,1.104761,0.614651,1.102929,0.801464,0.878925,3.304026,3.299447,0.797362,4.905740,4.920480,0.004274
65.300057,1,0.000000,0.222512,0.154197,0.000000,0.000000,0.182499,0.284972,2.795090,0.000061,0.000549,0.003358,0.015018,3.711840,3.357359,1.796824,1.107325,0.599999,1.101098,0.801098,0.879193,3.305857,3.299447,0.796776,4.888320,4.909760,0.004274
65.400056,1,0.000000,0.218608,0.152245,0.000000,0.000000,0.180547,0.282044,2.491470,0.000183,0.000427,0.003480,0.015263,3.703488,3.327664,1.796824,1.110622,0.613186,1.099999,0.802930,0.879193,3.304942,3.299447,0.797655,4.909760,4.921820,0.004274
65.500057,1,0.000000,0.222512,0.154197,0.000000,0.000000,0.181523,0.284972,1.830650,0.000183,0.000427,0.003419,0.015018,3.711840,3.299826,1.797312,1.109156,0.603296,1.100732,0.801831,0.879731,3.303110,3.299447,0.797655,4.881620,4.912440,0.004274
65.600055,1,0.000000,0.221536,0.153221,0.000000,0.000000,0.182499,0.283996,1.571680,0.000183,0.000427,0.003419,0.015263,3.696064,3.294258,1.798777,1.103296,0.604029,1.099999,0.801098,0.879462,3.305857,3.299447,0.796776,4.886980,4.903060,0.004274
65.700058,1,0.000000,0.222512,0.154197,0.000000,0.000000,0.181523,0.284972,1.080530,0.000183,0.000427,0.003419,0.015385,3.703488,3.307249,1.796824,1.104761,0.612087,1.101464,0.801464,0.879462,3.304942,3.300363,0.797362,4.907080,4.912440,0.003419
65.800056,1,0.000000,0.234223,0.150293,0.000000,0.000000,0.180547,0.282044,1.812790,0.000061,0.000549,0.003358,0.014774,3.697920,3.327664,1.796824,1.101830,0.602930,1.102929,0.800365,0.879193,3.304942,3.299447,0.797655,4.877600,4.909760,0.004274
65.900055,1,0.000976,0.217632,0.152245,0.000000,0.000000,0.178595,0.283996,2.178920,0.000183,0.000427,0.003297,0.015140,3.699776,3.297970,1.798777,1.110622,0.611721,1.104761,0.801098,0.879193,3.304942,3.299447,0.797655,4.911100,4.920480,0.004274
66.000057,1,0.000000,0.222512,0.152245,0.000000,0.000000,0.180547,0.284972,2.044970,0.000183,0.000427,0.003419,0.015140,3.700704,3.289618,1.797312,1.104761,0.606593,1.100732,0.799633,0.879193,3.305857,3.300363,0.797655,4.897700,4.893680,0.004274
66.100055,1,0.000976,0.220560,0.153221,0.000000,0.000000,0.191282,0.284972,1.911020,0.000122,0.000549,0.003419,0.014530,3.711840,3.307249,1.796824,1.101830,0.612820,1.102929,0.800732,0.879462,3.304026,3.300363,0.797362,4.909760,4.920480,0.004274
66.200056,1,0.001952,0.220560,0.152245,0.000000,0.000000,0.180547,0.283996,1.830650,0.000183,0.000427,0.003297,0.015140,3.719264,3.301682,1.798289,1.101830,0.601098,1.104028,0.802930,0.879193,3.303110,3.298531,0.796776,4.881620,4.901720,0.004274
66.300056,1,0.000000,0.220560,0.156149,0.000000,0.000000,0.180547,0.283996,2.161060,0.000244,0.000549,0.003419,0.015018,3.710912,3.301682,1.797800,1.106226,0.602564,1.099999,0.801098,0.879462,3.303110,3.299447,0.797069,4.911100,4.913780,0.004274
66.400057,1,0.000000,0.226416,0.154197,0.000000,0.000000,0.179571,0.283996,2.491470,0.000122,0.000549,0.003419,0.015385,3.704416,3.355503,1.796824,1.110622,0.614285,1.106226,0.800732,0.879193,3.304942,3.299447,0.797655,4.892340,4.907080,0.003419
66.500055,1,0.000000,0.221536,0.153221,0.000000,0.000000,0.181523,0.282044,1.562750,0.000244,0.000549,0.003419,0.015140,3.710912,3.292402,1.798777,1.101830,0.600732,1.102929,0.801098,0.879731,3.305857,3.298531,0.797069,4.891000,4.889660,0.004274
66.600056,1,0.000976,0.220560,0.153221,0.000000,0.000000,0.181523,0.284972,1.089460,0.000183,0.000427,0.003419,0.015018,3.696064,3.301682,1.798289,1.107691,0.615750,1.102929,0.799633,0.879462,3.305857,3.300363,0.797362,4.908420,4.921820,0.004274
66.700056,1,0.000000,0.221536,0.152245,0.000000,0.000000,0.180547,0.283996,2.491470,0.000061,0.000549,0.003297,0.014774,3.703488,3.294258,1.798289,1.105127,0.611355,1.104028,0.799633,0.879462,3.307689,3.300363,0.797362,4.893680,4.907080,0.004274
66.800055,1,0.000976,0.219584,0.155173,0.000000,0.000000,0.191282,0.283996,1.571680,0.000183,0.000427,0.003419,0.015140,3.711840,3.292402,1.797800,1.101464,0.599999,1.104761,0.802930,0.879193,3.303110,3.299447,0.797362,4.880280,4.920480,0.003419
66.900057,1,0.000000,0.219584,0.153221,0.000000,0.000000,0.180547,0.283020,1.071600,0.000183,0.000427,0.003419,0.015140,3.697920,3.298898,1.796824,1.104761,0.615018,1.104761,0.801464,0.879999,3.304942,3.299447,0.797655,4.893680,4.907080,0.003419
67.000056,1,0.000976,0.220560,0.152245,0.000000,0.000000,0.179571,0.284972,1.857440,0.000183,0.000427,0.003419,0.015140,3.710912,3.297970,1.796824,1.102197,0.612820,1.101464,0.800732,0.879462,3.304026,3.299447,0.797362,4.896360,4.920480,0.004274
67.100056,1,0.000000,0.227392,0.153221,0.000000,0.000000,0.179571,0.284972,1.071600,0.000244,0.000488,0.003419,0.015018,3.711840,3.289618,1.797800,1.101464,0.604395,1.104394,0.798900,0.879731,3.304942,3.300363,0.796776,4.901720,4.892340,0.004274
67.200057,1,0.000000,0.219584,0.152245,0.000000,0.000000,0.179571,0.284972,2.116410,0.000183,0.000427,0.003358,0.015263,3.704416,3.301682,1.798289,1.110622,0.606593,1.104394,0.801098,0.879731,3.305857,3.299447,0.797655,4.881620,4.904400,0.004274
67.300057,1,0.000000,0.222512,0.154197,0.000000,0.000000,0.180547,0.284972,1.089460,0.000183,0.000427,0.003358,0.015018,3.697920,3.293330,1.797312,1.104394,0.614651,1.103662,0.801831,0.879462,3.304942,3.300363,0.797362,4.896360,4.907080,0.004274
67.400056,1,0.000000,0.220560,0.155173,0.000000,0.000000,0.179571,0.283996,2.795090,0.000183,0.000427,0.003358,0.015263,3.711840,3.293330,1.797312,1.102197,0.605860,1.104028,0.801098,0.879193,3.304942,3.299447,0.797655,4.888320,4.899040,0.004274
67.500056,1,0.000976,0.219584,0.152245,0.000000,0.000000,0.179571,0.283020,1.866370,0.000122,0.000549,0.003419,0.015140,3.715552,3.307249,1.797800,1.102197,0.612820,1.100732,0.801831,0.879999,3.304942,3.299447,0.797655,4.907080,4.920480,0.004274
67.600057,1,0.000976,0.222512,0.155173,0.000000,0.000000,0.192258,0.282044,2.169990,0.000061,0.000549,0.003358,0.015385,3.715552,3.301682,1.797800,1.101464,0.605860,1.102929,0.800365,0.878925,3.304942,3.300363,0.797655,4.896360,4.896360,0.004274
67.700055,1,0.000976,0.228368,0.154197,0.000000,0.000000,0.180547,0.283996,2.812950,0.000244,0.000488,0.003419,0.015140,3.699776,3.325809,1.796824,1.107691,0.599999,1.104028,0.801464,0.879999,3.304942,3.298531,0.797655,4.881620,4.897700,0.004274
67.800056,1,0.000000,0.220560,0.152245,0.000000,0.000000,0.180547,0.283996,1.089460,0.000244,0.000549,0.003419,0.015140,3.699776,3.289618,1.798289,1.106226,0.609157,1.100365,0.802930,0.879193,3.304942,3.299447,0.797362,4.877600,4.903060,0.004274
67.900055,1,0.000000,0.218608,0.153221,0.000000,0.000000,0.179571,0.283020,2.491470,0.000183,0.000427,0.003419,0.014530,3.712768,3.311889,1.798289,1.102197,0.613186,1.101464,0.801098,0.879193,3.303110,3.299447,0.797655,4.886980,4.893680,0.004274
68.000057,1,0.000000,0.217632,0.153221,0.000000,0.000000,0.178595,0.284972,1.089460,0.000183,0.000427,0.003419,0.015018,3.700704,3.299826,1.798777,1.101830,0.601831,1.100365,0.801098,0.879462,3.305857,3.300363,0.797362,4.897700,4.905740,0.004274
68.100057,1,0.000000,0.220560,0.154197,0.000000,0.000000,0.191282,0.283996,2.303940,0.000183,0.000427,0.003419,0.015385,3.704416,3.293330,1.797800,1.107691,0.607325,1.102197,0.802930,0.879462,3.304942,3.300363,0.797948,4.889660,4.893680,0.004274
68.200057,1,0.000976,0.217632,0.153221,0.000000,0.000000,0.202017,0.284972,1.848510,0.000244,0.000549,0.003358,0.015018,3.696064,3.299826,1.798289,1.108424,0.615018,1.101098,0.801831,0.879999,3.304942,3.299447,0.797362,4.909760,4.917800,0.004274
68.300056,1,0.000000,0.221536,0.153221,0.000000,0.000000,0.179571,0.283020,1.893160,0.000183,0.000427,0.003419,0.015140,3.699776,3.301682,1.796824,1.106226,0.601465,1.104394,0.801464,0.879731,3.305857,3.300363,0.797362,4.897700,4.886980,0.004274
68.400055,1,0.000976,0.228368,0.151269,0.000000,0.000000,0.180547,0.282044,1.652050,0.000183,0.000427,0.003419,0.015140,3.710912,3.294258,1.798289,1.107691,0.612820,1.106226,0.799633,0.879462,3.307689,3.299447,0.797362,4.907080,4.919140,0.004274
68.500056,1,0.000976,0.223488,0.154197,0.000000,0.000000,0.180547,0.283996,1.080530,0.000122,0.000488,0.003358,0.015018,3.711840,3.311889,1.798289,1.102929,0.603296,1.104394,0.802930,0.879999,3.304942,3.299447,0.797948,4.893680,4.904400,0.004274
68.600055,1,0.001952,0.222512,0.152245,0.000000,0.000000,0.181523,0.283996,1.857440,0.000183,0.000427,0.003419,0.014774,3.711840,3.297970,1.798289,1.104761,0.604761,1.102929,0.800365,0.879462,3.305857,3.299447,0.797362,4.897700,4.899040,0.004274
68.700056,1,0.000976,0.222512,0.155173,0.000000,0.000000,0.182499,0.283020,2.116410,0.000061,0.000427,0.003419,0.015140,3.703488,3.292402,1.798289,1.104028,0.612087,1.102929,0.802930,0.879193,3.303110,3.299447,0.797655,4.909760,4.920480,0.004274
68.800055,1,0.000976,0.219584,0.152245,0.000000,0.000000,0.180547,0.283996,1.777070,0.000244,0.000549,0.003297,0.015018,3.711840,3.298898,1.797800,1.104394,0.606593,1.104028,0.801831,0.879193,3.304942,3.299447,0.797655,4.892340,4.909760,0.004274
68.900055,1,0.000000,0.220560,0.153221,0.000000,0.000000,0.179571,0.283996,2.804020,0.000122,0.000488,0.003419,0.015873,3.700704,3.301682,1.796824,1.104394,0.613552,1.102929,0.799633,0.879999,3.307689,3.300363,0.797362,4.907080,4.919140,0.004274
69.000055,1,0.000000,0.226416,0.153221,0.000000,0.000000,0.181523,0.282044,1.571680,0.000061,0.000549,0.003297,0.014774,3.700704,3.293330,1.798289,1.101830,0.607325,1.100732,0.799633,0.879462,3.304026,3.300363,0.796776,4.885640,4.897700,0.003419
69.100055,1,0.000976,0.219584,0.153221,0.000000,0.000000,0.180547,0.284972,2.464680,0.000122,0.000549,0.003419,0.014774,3.700704,3.299826,1.797800,1.104394,0.614285,1.104394,0.801831,0.879193,3.305857,3.298531,0.797655,4.912440,4.920480,0.004274
69.200059,1,0.000976,0.220560,0.153221,0.000000,0.000000,0.179571,0.284972,1.071600,0.000244,0.000488,0.003419,0.015385,3.719264,3.297970,1.796824,1.104761,0.600366,1.102563,0.801831,0.879193,3.305857,3.299447,0.797655,4.877600,4.907080,0.004274
69.300056,1,0.002928,0.221536,0.155173,0.000000,0.000000,0.181523,0.288875,2.241430,0.000122,0.000488,0.003419,0.015018,3.726687,3.293330,1.798289,1.106226,0.606959,1.104761,0.799633,0.879462,3.304026,3.299447,0.797362,4.891000,4.920480,0.004274
69.400057,1,0.000976,0.221536,0.156149,0.000000,0.000000,0.192258,0.284972,1.089460,0.000244,0.000549,0.003358,0.015018,3.699776,3.327664,1.797800,1.112087,0.605860,1.104761,0.801098,0.879731,3.305857,3.300363,0.796776,4.881620,4.904400,0.004274
69.500056,1,0.001952,0.219584,0.152245,0.000000,0.000000,0.202993,0.284972,1.821720,0.000122,0.000549,0.003419,0.014530,3.696064,3.307249,1.798289,1.104761,0.599999,1.102929,0.802930,0.879193,3.303110,3.299447,0.797655,4.900380,4.907080,0.004274
69.600056,1,0.000000,0.217632,0.155173,0.000000,0.000000,0.178595,0.283996,2.018180,0.000183,0.000427,0.003419,0.015140,3.711840,3.301682,1.797800,1.109156,0.606227,1.104028,0.800732,0.879462,3.305857,3.299447,0.797362,4.907080,4.919140,0.004274
69.700057,1,0.000000,0.218608,0.152245,0.000000,0.000000,0.180547,0.283996,1.080530,0.000000,0.000549,0.003297,0.015263,3.710912,3.292402,1.798289,1.110622,0.604395,1.101098,0.803296,0.879193,3.304942,3.300363,0.796776,4.893680,4.907080,0.004274
69.800056,1,0.000000,0.233247,0.153221,0.000000,0.000000,0.181523,0.283996,1.893160,0.000122,0.000488,0.003358,0.015263,3.711840,3.295186,1.797312,1.107691,0.601831,1.101098,0.800732,0.879462,3.304942,3.300363,0.797362,4.901720,4.899040,0.004274
69.900055,1,0.000000,0.220560,0.152245,0.000000,0.000000,0.182499,0.283996,1.562750,0.000244,0.000488,0.003358,0.015385,3.703488,3.301682,1.798777,1.110622,0.606593,1.102929,0.800732,0.879193,3.306773,3.299447,0.797655,4.886980,4.893680,0.004274
70.000056,1,0.000000,0.221536,0.153221,0.000000,0.000000,0.180547,0.283020,1.580610,0.000183,0.000427,0.003297,0.015140,3.696064,3.301682,1.797800,1.104761,0.614285,1.100732,0.801098,0.879731,3.304942,3.299447,0.797655,4.892340,4.904400,0.004274
70.100056,1,0.000976,0.219584,0.154197,0.000000,0.000000,0.179571,0.282044,1.089460,0.000183,0.000427,0.003358,0.015140,3.710912,3.301682,1.798777,1.101464,0.615018,1.104394,0.800732,0.879462,3.304942,3.299447,0.797655,4.907080,4.892340,0.004274
70.200055,1,0.000000,0.221536,0.154197,0.000000,0.000000,0.202017,0.286923,2.152130,0.000183,0.000427,0.003419,0.015140,3.711840,3.303538,1.798289,1.107691,0.604029,1.104761,0.801464,0.879193,3.305857,3.299447,0.797655,4.886980,4.899040,0.004274
70.300056,1,0.000000,0.220560,0.152245,0.000000,0.000000,0.180547,0.282044,1.089460,0.000244,0.000549,0.003358,0.014530,3.699776,3.301682,1.797800,1.107325,0.614651,1.104028,0.800732,0.879462,3.305857,3.300363,0.797362,4.908420,4.886980,0.004274
70.400056,1,0.000000,0.219584,0.154197,0.000000,0.000000,0.180547,0.283020,1.821720,0.000183,0.000549,0.003419,0.015140,3.700704,3.301682,1.796824,1.103296,0.600366,1.104761,0.802930,0.879462,3.304942,3.299447,0.797362,4.877600,4.911100,0.004274
70.500055,1,0.000976,0.218608,0.154197,0.000000,0.000000,0.180547,0.284972,2.214640,0.000183,0.000427,0.003419,0.015018,3.719264,3.293330,1.799266,1.102197,0.608791,1.105127,0.801831,0.879193,3.304942,3.299447,0.797655,4.886980,4.916460,0.004274
70.600056,1,0.000000,0.221536,0.154197,0.000000,0.000000,0.180547,0.283020,1.071600,0.000183,0.000427,0.003419,0.014774,3.699776,3.299826,1.798289,1.101464,0.610988,1.101098,0.800732,0.879999,3.304942,3.299447,0.797655,4.899040,4.886980,0.004274
70.700056,1,0.002928,0.217632,0.154197,0.000000,0.000000,0.182499,0.283020,1.794930,0.000122,0.000549,0.003419,0.015140,3.703488,3.301682,1.798777,1.107691,0.601098,1.102929,0.801098,0.879193,3.303110,3.298531,0.797655,4.876260,4.909760,0.004274
70.800055,1,0.000000,0.219584,0.155173,0.000000,0.000000,0.179571,0.282044,1.089460,0.000183,0.000427,0.003419,0.015018,3.699776,3.299826,1.797800,1.109156,0.615384,1.104394,0.800365,0.879462,3.305857,3.300363,0.796776,4.909760,4.921820,0.004274
70.900055,1,0.000000,0.221536,0.154197,0.000000,0.000000,0.180547,0.283020,1.803860,0.000061,0.000977,0.003419,0.015263,3.699776,3.307249,1.796824,1.107691,0.603296,1.101098,0.800732,0.879193,3.305857,3.299447,0.797655,4.892340,4.907080,0.004274
71.000056,1,0.000000,0.230320,0.153221,0.000000,0.000000,0.179571,0.284972,1.080530,0.000183,0.000427,0.003419,0.015140,3.704416,3.292402,1.799266,1.108790,0.615018,1.104761,0.800732,0.879193,3.304942,3.299447,0.797655,4.909760,4.920480,0.004274
71.100056,1,0.000000,0.237151,0.153221,0.000000,0.000000,0.181523,0.283996,2.795090,0.000061,0.000549,0.003419,0.015629,3.704416,3.293330,1.799266,1.102197,0.602930,1.104761,0.802930,0.879731,3.304942,3.298531,0.797069,4.892340,4.881620,0.004274
71.200059,1,0.000000,0.226416,0.152245,0.000000,0.000000,0.181523,0.282044,1.089460,0.000183,0.000427,0.003419,0.014774,3.711840,3.299826,1.797312,1.102929,0.614651,1.105127,0.800365,0.879193,3.304942,3.299447,0.797655,4.909760,4.915120,0.004274
71.300056,1,0.000000,0.220560,0.155173,0.000000,0.000000,0.180547,0.282044,1.866370,0.000183,0.000427,0.003419,0.014774,3.700704,3.299826,1.798289,1.104761,0.613552,1.104028,0.801098,0.879731,3.303110,3.300363,0.796776,4.888320,4.886980,0.004274
71.400056,1,0.000976,0.220560,0.154197,0.001952,0.000000,0.180547,0.283996,1.571680,0.000122,0.000488,0.003358,0.014896,3.699776,3.301682,1.797312,1.106226,0.602930,1.104394,0.800365,0.879193,3.304942,3.298531,0.797655,4.900380,4.904400,0.004274
71.500056,1,0.000976,0.221536,0.153221,0.000000,0.000000,0.203969,0.283996,1.080530,0.000183,0.000427,0.003358,0.015018,3.696064,3.301682,1.798289,1.101830,0.615750,1.102929,0.802197,0.879999,3.304942,3.299447,0.797655,4.907080,4.892340,0.004274
71.600055,1,0.000000,0.219584,0.154197,0.000000,0.000000,0.182499,0.283020,1.821720,0.000183,0.000427,0.003358,0.015140,3.696064,3.301682,1.796824,1.103296,0.603296,1.104761,0.800732,0.879462,3.304026,3.299447,0.797362,4.885640,4.912440,0.003419
71.700055,1,0.001952,0.219584,0.153221,0.000000,0.000000,0.181523,0.283020,2.232500,0.000183,0.000427,0.003419,0.015629,3.710912,3.301682,1.798777,1.104394,0.608791,1.100732,0.798900,0.879462,3.307689,3.300363,0.797362,4.908420,4.920480,0.004274
71.800056,1,0.001952,0.220560,0.154197,0.000000,0.000000,0.181523,0.283996,1.893160,0.000061,0.000611,0.003358,0.015018,3.703488,3.293330,1.797312,1.102929,0.606227,1.104761,0.802197,0.879999,3.307689,3.298531,0.796776,4.891000,4.893680,0.004274
71.900057,1,0.000976,0.233247,0.154197,0.000000,0.000000,0.179571,0.284972,1.821720,0.000183,0.000427,0.003541,0.015140,3.710912,3.298898,1.798289,1.101830,0.614285,1.104394,0.801831,0.879193,3.304942,3.299447,0.797655,4.907080,4.920480,0.004274
72.000057,1,0.000000,0.222512,0.153221,0.000000,0.000000,0.182499,0.285948,1.919950,0.000183,0.000427,0.003358,0.014530,3.711840,3.298898,1.797800,1.104761,0.606593,1.104028,0.799633,0.879731,3.305857,3.299447,0.797362,4.886980,4.897700,0.004274
72.100056,1,0.000976,0.221536,0.153221,0.000000,0.000000,0.191282,0.283020,2.223570,0.000183,0.000427,0.003358,0.015018,3.711840,3.301682,1.796824,1.105494,0.606959,1.100732,0.801831,0.879999,3.304942,3.300363,0.796776,4.907080,4.917800,0.003419
72.200060,1,0.000000,0.220560,0.154197,0.000000,0.000000,0.178595,0.283020,2.509330,0.000061,0.000427,0.003419,0.015629,3.697920,3.293330,1.798289,1.107691,0.613552,1.104761,0.799633,0.879462,3.305857,3.300363,0.797362,4.896360,4.903060,0.004274
72.300056,1,0.000000,0.221536,0.155173,0.000000,0.000000,0.180547,0.282044,1.589540,0.000183,0.000427,0.003419,0.015263,3.700704,3.294258,1.798289,1.110622,0.602564,1.100732,0.799633,0.879462,3.304942,3.300363,0.797362,4.891000,4.912440,0.004274
72.400056,1,0.000976,0.225440,0.154197,0.000000,0.000000,0.181523,0.283996,1.098390,0.000122,0.000488,0.003358,0.015018,3.726687,3.311889,1.797800,1.102197,0.614651,1.100732,0.801831,0.879193,3.304942,3.299447,0.797655,4.909760,4.920480,0.004274
72.500055,1,0.000000,0.220560,0.154197,0.000000,0.000000,0.179571,0.284972,2.500400,0.000244,0.000549,0.003358,0.015385,3.703488,3.301682,1.797800,1.107691,0.613552,1.101464,0.801098,0.879462,3.305857,3.299447,0.797069,4.896360,4.909760,0.004274
72.600054,1,0.000000,0.222512,0.154197,0.000000,0.000000,0.180547,0.284972,1.589540,0.000183,0.000427,0.003358,0.014774,3.719264,3.301682,1.798289,1.107691,0.603296,1.101464,0.801464,0.879462,3.304942,3.299447,0.797362,4.907080,4.919140,0.004274
72.700056,1,0.000000,0.219584,0.152245,0.000000,0.000000,0.179571,0.284972,1.098390,0.000183,0.000427,0.003419,0.015140,3.711840,3.357359,1.798289,1.109156,0.605128,1.106226,0.801831,0.879193,3.304942,3.299447,0.797655,4.892340,4.899040,0.004274
72.800055,1,0.000976,0.219584,0.153221,0.000000,0.000000,0.192258,0.282044,1.830650,0.000183,0.000427,0.003419,0.015140,3.722976,3.303538,1.798289,1.104761,0.610988,1.104761,0.799633,0.878925,3.305857,3.299447,0.797655,4.911100,4.920480,0.004274
72.900056,1,0.000000,0.221536,0.154197,0.000000,0.000000,0.178595,0.284972,1.071600,0.000244,0.000488,0.003480,0.015263,3.711840,3.298898,1.797312,1.109156,0.604029,1.104028,0.802930,0.879462,3.305857,3.299447,0.797655,4.900380,4.892340,0.004274
73.000056,1,0.000000,0.220560,0.153221,0.000000,0.000000,0.181523,0.284972,2.080690,0.000000,0.000488,0.003358,0.015385,3.704416,3.298898,1.798289,1.109156,0.606227,1.101098,0.801831,0.879193,3.304942,3.299447,0.797655,4.881620,4.904400,0.004274
73.100056,1,0.000000,0.236175,0.151269,0.000000,0.000000,0.181523,0.283996,1.089460,0.000244,0.000611,0.003419,0.014774,3.703488,3.293330,1.798777,1.103296,0.614285,1.100732,0.800732,0.879462,3.307689,3.300363,0.797362,4.893680,4.904400,0.004274
73.200059,1,0.000000,0.222512,0.153221,0.000000,0.000000,0.179571,0.281068,2.777230,0.000122,0.000549,0.003236,0.015263,3.711840,3.299826,1.797800,1.103296,0.606959,1.101464,0.801831,0.879193,3.303110,3.299447,0.797069,4.886980,4.900380,0.004274
73.300056,1,0.000000,0.221536,0.153221,0.000000,0.000000,0.179571,0.282044,1.875300,0.000183,0.000427,0.003419,0.014774,3.715552,3.307249,1.797312,1.102929,0.613186,1.099999,0.801831,0.879193,3.304942,3.299447,0.797948,4.907080,4.919140,0.004274
73.400054,1,0.000000,0.220560,0.152245,0.000000,0.000000,0.191282,0.283996,1.071600,0.000183,0.000427,0.003419,0.014774,3.711840,3.307249,1.798289,1.107691,0.603296,1.104394,0.801831,0.879193,3.304942,3.299447,0.797655,4.899040,4.904400,0.004274
73.500056,1,0.000000,0.220560,0.154197,0.000000,0.000000,0.180547,0.284972,2.804020,0.000244,0.000549,0.003419,0.014530,3.711840,3.301682,1.797800,1.104394,0.601831,1.100732,0.801098,0.879731,3.303110,3.299447,0.797655,4.881620,4.899040,0.004274
73.600057,1,0.000000,0.221536,0.153221,0.000000,0.000000,0.180547,0.283020,1.080530,0.000061,0.000427,0.003419,0.015018,3.696064,3.295186,1.799266,1.107325,0.607692,1.104761,0.802930,0.879193,3.304942,3.299447,0.797948,4.907080,4.907080,0.004274
73.700055,1,0.000976,0.228368,0.152245,0.000000,0.000000,0.179571,0.283020,2.509330,0.000183,0.000427,0.003541,0.015018,3.700704,3.298898,1.796824,1.112087,0.611721,1.104394,0.802930,0.879193,3.304942,3.299447,0.797655,4.895020,4.897700,0.004274
73.800057,1,0.000976,0.220560,0.154197,0.000000,0.000000,0.180547,0.285948,1.080530,0.000122,0.000611,0.003480,0.014896,3.699776,3.295186,1.798289,1.107691,0.604029,1.102929,0.801831,0.880268,3.307689,3.299447,0.797948,4.874920,4.909760,0.004274
73.900056,1,0.000000,0.220560,0.155173,0.000000,0.000000,0.180547,0.283996,2.241430,0.000183,0.000427,0.003419,0.015140,3.711840,3.301682,1.797800,1.101830,0.607692,1.101098,0.802930,0.879462,3.305857,3.299447,0.796776,4.892340,4.893680,0.004274
74.000055,1,0.001952,0.221536,0.154197,0.000000,0.000000,0.180547,0.284972,1.839580,0.000183,0.000427,0.003419,0.015018,3.711840,3.301682,1.797800,1.104761,0.615750,1.102929,0.801098,0.879731,3.305857,3.300363,0.798241,4.909760,4.920480,0.004274
74.100054,1,0.000000,0.221536,0.155173,0.000000,0.000000,0.181523,0.282044,2.223570,0.000244,0.000611,0.003419,0.015018,3.711840,3.293330,1.798289,1.108790,0.604029,1.100732,0.799633,0.879193,3.304942,3.299447,0.797362,4.904400,4.899040,0.004274
74.200057,1,0.000000,0.218608,0.152245,0.000000,0.000000,0.181523,0.284972,2.625420,0.000183,0.000427,0.003419,0.015140,3.710912,3.297970,1.796824,1.108424,0.612820,1.104394,0.801464,0.879193,3.304942,3.299447,0.797655,4.909760,4.920480,0.004274
74.300056,1,0.000000,0.218608,0.153221,0.000000,0.000000,0.180547,0.283020,1.080530,0.000183,0.000427,0.003480,0.015385,3.711840,3.293330,1.797312,1.104761,0.605494,1.099999,0.802930,0.879731,3.306773,3.299447,0.797655,4.892340,4.905740,0.004274
74.400055,1,0.001952,0.234223,0.155173,0.000000,0.000000,0.179571,0.283996,2.223570,0.000122,0.000488,0.003358,0.014896,3.711840,3.301682,1.797800,1.104394,0.603296,1.106226,0.800732,0.879193,3.304942,3.299447,0.797948,4.900380,4.896360,0.004274
74.500056,1,0.000000,0.220560,0.153221,0.000000,0.000000,0.180547,0.283996,1.643120,0.000122,0.000488,0.003358,0.015507,3.710912,3.293330,1.797800,1.104761,0.615018,1.104028,0.800732,0.879193,3.303110,3.299447,0.797655,4.911100,4.919140,0.004274
74.600056,1,0.000000,0.219584,0.152245,0.000000,0.000000,0.180547,0.284972,1.786000,0.000183,0.000427,0.003419,0.015140,3.699776,3.301682,1.796824,1.101830,0.604761,1.101464,0.801831,0.879462,3.305857,3.300363,0.796776,4.896360,4.904400,0.004274
74.700055,1,0.000976,0.220560,0.154197,0.000000,0.000000,0.189330,0.283020,1.080530,0.000183,0.000427,0.003419,0.015018,3.703488,3.292402,1.797312,1.101830,0.612820,1.104761,0.801464,0.879193,3.304942,3.299447,0.797655,4.911100,4.882960,0.004274
74.800056,1,0.001952,0.219584,0.153221,0.000000,0.000000,0.180547,0.284972,1.571680,0.000183,0.000427,0.003297,0.015385,3.711840,3.298898,1.798289,1.107325,0.603296,1.101464,0.799633,0.879462,3.305857,3.297616,0.796776,4.891000,4.904400,0.004274
74.900056,1,0.000000,0.221536,0.155173,0.000000,0.000000,0.178595,0.284972,2.491470,0.000122,0.000549,0.003480,0.015385,3.697920,3.327664,1.796824,1.101830,0.615018,1.104761,0.801831,0.879193,3.304942,3.299447,0.797655,4.909760,4.920480,0.004274
75.000055,1,0.000000,0.229344,0.155173,0.000000,0.000000,0.181523,0.283996,1.803860,0.000061,0.000977,0.003358,0.015140,3.696064,3.292402,1.799266,1.102563,0.602930,1.104394,0.800365,0.879193,3.305857,3.298531,0.796776,4.900380,4.907080,0.004274
75.100056,1,0.000000,0.220560,0.154197,0.000000,0.000000,0.180547,0.284972,1.902090,0.000183,0.000427,0.003358,0.015385,3.703488,3.293330,1.797800,1.107691,0.605860,1.101098,0.800732,0.879462,3.303110,3.298531,0.797069,4.886980,4.920480,0.004274
75.200057,1,0.000000,0.224464,0.152245,0.000000,0.000000,0.180547,0.283996,1.080530,0.000183,0.000427,0.003419,0.015385,3.697920,3.298898,1.797312,1.101464,0.600366,1.101098,0.801098,0.879731,3.304026,3.300363,0.797362,4.880280,4.903060,0.004274
75.300056,1,0.000000,0.220560,0.153221,0.000000,0.000000,0.179571,0.283996,1.830650,0.000183,0.000427,0.003419,0.015140,3.711840,3.299826,1.798777,1.101830,0.603296,1.104028,0.800732,0.879462,3.307689,3.300363,0.797362,4.897700,4.909760,0.004274
75.400056,1,0.000976,0.222512,0.153221,0.000000,0.000000,0.191282,0.283020,2.036040,0.000183,0.000427,0.003419,0.015140,3.711840,3.299826,1.797312,1.101464,0.609523,1.104028,0.802930,0.879462,3.307689,3.300363,0.797362,4.912440,4.920480,0.004274
75.500056,1,0.000976,0.219584,0.155173,0.000000,0.000000,0.178595,0.283996,1.080530,0.000061,0.000549,0.003358,0.015140,3.711840,3.301682,1.796824,1.125274,0.603296,1.104761,0.801098,0.879731,3.304942,3.300363,0.797655,4.881620,4.904400,0.004274
75.600055,1,0.000000,0.219584,0.152245,0.000000,0.000000,0.180547,0.283020,1.794930,0.000061,0.000549,0.003236,0.015140,3.704416,3.293330,1.796824,1.107691,0.604029,1.104394,0.799633,0.879193,3.307689,3.299447,0.797655,4.899040,4.893680,0.004274
75.700055,1,0.000000,0.233247,0.153221,0.000000,0.000000,0.181523,0.283020,1.571680,0.000244,0.000488,0.003358,0.014896,3.726687,3.298898,1.796824,1.104761,0.602564,1.104028,0.802930,0.879193,3.303110,3.299447,0.797655,4.881620,4.889660,0.004274
75.800056,1,0.000000,0.222512,0.152245,0.000000,0.000000,0.180547,0.283020,1.607400,0.000244,0.000488,0.003419,0.015385,3.699776,3.301682,1.797312,1.105127,0.614651,1.104394,0.802930,0.879193,3.305857,3.298531,0.797069,4.892340,4.901720,0.003419
75.900055,1,0.000976,0.281068,0.154197,0.000000,0.000000,0.180547,0.284972,1.089460,0.000183,0.000427,0.003419,0.015140,3.699776,3.294258,1.798777,1.107325,0.614651,1.101464,0.799267,0.878925,3.304942,3.299447,0.797655,4.909760,4.885640,0.004274
76.000055,1,0.000000,0.220560,0.153221,0.000000,0.000000,0.179571,0.287899,2.152130,0.000061,0.000549,0.003358,0.015140,3.719264,3.299826,1.798289,1.107691,0.606959,1.106226,0.801831,0.879193,3.304942,3.299447,0.797655,4.886980,4.896360,0.004274
76.100056,1,0.000000,0.221536,0.153221,0.000000,0.000000,0.181523,0.283020,1.080530,0.000183,0.000427,0.003419,0.015140,3.699776,3.299826,1.798289,1.104761,0.615018,1.099999,0.802930,0.879193,3.303110,3.299447,0.797655,4.909760,4.889660,0.004274
76.200056,1,0.000976,0.219584,0.152245,0.000000,0.000000,0.191282,0.283996,1.812790,0.000061,0.000549,0.003297,0.015140,3.719264,3.301682,1.798289,1.107691,0.600366,1.104761,0.799633,0.879999,3.304942,3.298531,0.798241,4.876260,4.909760,0.004274
76.300055,1,0.000000,0.227392,0.182499,0.000000,0.000000,0.180547,0.286923,2.303940,0.000244,0.000549,0.003358,0.015018,3.697920,3.301682,1.796824,1.106226,0.609157,1.101098,0.801831,0.879193,3.305857,3.299447,0.797069,4.892340,4.921820,0.004274
76.400057,1,0.000976,0.221536,0.153221,0.000000,0.000000,0.179571,0.282044,1.089460,0.000061,0.000549,0.003358,0.015140,3.711840,3.301682,1.796824,1.101464,0.612454,1.100732,0.801098,0.879462,3.305857,3.300363,0.796776,4.897700,4.905740,0.004274
76.500056,1,0.000976,0.221536,0.155173,0.000000,0.000000,0.179571,0.282044,1.803860,0.000244,0.000488,0.003480,0.014896,3.700704,3.327664,1.796824,1.110622,0.602930,1.105127,0.801464,0.879193,3.304942,3.299447,0.797655,4.900380,4.907080,0.004274
76.600056,1,0.000976,0.221536,0.153221,0.000000,0.000000,0.179571,0.283996,1.089460,0.000183,0.000427,0.003419,0.015140,3.704416,3.292402,1.799266,1.108790,0.615384,1.101098,0.801831,0.879193,3.304942,3.299447,0.797655,4.909760,4.920480,0.004274
76.700056,1,0.000000,0.220560,0.151269,0.000000,0.000000,0.194210,0.283996,1.786000,0.000061,0.000549,0.003358,0.015140,3.715552,3.327664,1.797312,1.107325,0.600732,1.102197,0.800732,0.879193,3.304942,3.300363,0.797655,4.895020,4.904400,0.004274
76.800055,1,0.000976,0.222512,0.155173,0.000000,0.000000,0.202993,0.285948,1.080530,0.000244,0.000549,0.003419,0.015018,3.699776,3.307249,1.798289,1.102197,0.614285,1.100732,0.801831,0.878656,3.305857,3.300363,0.797362,4.912440,4.920480,0.004274
76.900055,1,0.000000,0.220560,0.154197,0.000000,0.000000,0.180547,0.283996,2.812950,0.000122,0.000549,0.003419,0.015018,3.699776,3.299826,1.796824,1.105127,0.601465,1.102929,0.801098,0.879462,3.305857,3.300363,0.797362,4.896360,4.886980,0.004274
77.000056,1,0.000000,0.230320,0.154197,0.000000,0.000000,0.179571,0.284972,1.089460,0.000244,0.000488,0.003419,0.015018,3.699776,3.311889,1.797312,1.107691,0.615018,1.104761,0.801831,0.879193,3.304026,3.300363,0.797362,4.909760,4.920480,0.004274
77.100056,1,0.000976,0.220560,0.155173,0.000000,0.000000,0.180547,0.283996,1.866370,0.000061,0.000549,0.003358,0.015263,3.703488,3.301682,1.796824,1.103296,0.613552,1.102197,0.801464,0.879462,3.304942,3.299447,0.797655,4.884300,4.884300,0.004274
77.200056,1,0.002928,0.218608,0.153221,0.000000,0.000000,0.182499,0.283020,1.589540,0.000183,0.000427,0.003419,0.015385,3.711840,3.299826,1.798289,1.107691,0.603662,1.102929,0.799267,0.879462,3.305857,3.300363,0.797655,4.888320,4.904400,0.004274
77.300056,1,0.000000,0.221536,0.153221,0.000000,0.000000,0.180547,0.283996,1.089460,0.000122,0.000488,0.003480,0.014896,3.703488,3.311889,1.798289,1.101464,0.614651,1.104761,0.800732,0.879999,3.304942,3.299447,0.796776,4.905740,4.899040,0.004274
77.400055,1,0.000000,0.222512,0.152245,0.000000,0.000000,0.181523,0.283996,1.830650,0.000183,0.000427,0.003419,0.015140,3.719264,3.292402,1.797312,1.110622,0.612087,1.106226,0.800732,0.879193,3.303110,3.299447,0.797655,4.884300,4.907080,0.004274
77.500055,1,0.000976,0.222512,0.153221,0.000000,0.000000,0.180547,0.283020,2.143200,0.000183,0.000427,0.003419,0.015385,3.710912,3.295186,1.797800,1.104028,0.608058,1.099999,0.801098,0.879999,3.304942,3.297616,0.797948,4.907080,4.917800,0.004274
77.600056,1,0.001952,0.220560,0.152245,0.000000,0.000000,0.180547,0.284972,2.098550,0.000061,0.000549,0.003358,0.015629,3.710912,3.301682,1.797800,1.104761,0.606959,1.104761,0.801831,0.879193,3.304942,3.299447,0.797655,4.901720,4.886980,0.004274
77.700056,1,0.000000,0.218608,0.154197,0.000000,0.000000,0.181523,0.282044,1.893160,0.000183,0.000427,0.003541,0.015140,3.719264,3.297970,1.797312,1.104394,0.610988,1.104394,0.801098,0.879193,3.305857,3.300363,0.797655,4.911100,4.919140,0.004274
77.800056,1,0.000000,0.219584,0.155173,0.000000,0.000000,0.180547,0.283020,1.839580,0.000183,0.000427,0.003419,0.015140,3.701632,3.297970,1.796824,1.104761,0.600366,1.101098,0.801831,0.879462,3.305857,3.299447,0.796776,4.885640,4.899040,0.004274
77.900056,1,0.000000,0.222512,0.154197,0.000000,0.000000,0.179571,0.284972,1.625260,0.000183,0.000427,0.003419,0.015629,3.719264,3.297970,1.797800,1.101464,0.606593,1.102929,0.801831,0.879193,3.304026,3.299447,0.797948,4.908420,4.917800,0.004274
78.000056,1,0.000976,0.219584,0.153221,0.000000,0.000000,0.194210,0.283996,1.089460,0.000244,0.000488,0.003419,0.015018,3.710912,3.297970,1.798777,1.101464,0.613186,1.104028,0.798900,0.879731,3.306773,3.299447,0.797655,4.892340,4.899040,0.004274
78.100055,1,0.001952,0.220560,0.151269,0.000000,0.000000,0.192258,0.284972,2.812950,0.000122,0.000549,0.003358,0.015018,3.726687,3.298898,1.796824,1.104394,0.601831,1.102929,0.800732,0.879999,3.304942,3.299447,0.797362,4.888320,4.909760,0.004274
78.200059,1,0.000000,0.220560,0.154197,0.000000,0.000000,0.179571,0.282044,1.946740,0.000183,0.000427,0.003419,0.015140,3.697920,3.301682,1.796824,1.107691,0.613919,1.102929,0.801098,0.879999,3.304026,3.299447,0.797655,4.909760,4.919140,0.004274
78.300058,1,0.000000,0.219584,0.153221,0.000000,0.000000,0.179571,0.282044,2.500400,0.000183,0.000427,0.003419,0.015263,3.697920,3.293330,1.798289,1.102197,0.612087,1.104761,0.801831,0.879193,3.304026,3.299447,0.796776,4.893680,4.907080,0.004274
78.400055,1,0.000976,0.233247,0.153221,0.000000,0.000000,0.179571,0.283996,1.571680,0.000244,0.000488,0.003358,0.015385,3.701632,3.301682,1.798777,1.107691,0.602930,1.104028,0.802930,0.879731,3.305857,3.298531,0.797655,4.886980,4.920480,0.004274
78.500057,1,0.000000,0.222512,0.154197,0.000000,0.000000,0.180547,0.281068,1.080530,0.000122,0.000488,0.003419,0.015140,3.711840,3.298898,1.797800,1.107325,0.606227,1.103662,0.801831,0.879193,3.304942,3.299447,0.797655,4.878940,4.904400,0.004274
78.600056,1,0.000000,0.224464,0.152245,0.000000,0.000000,0.181523,0.282044,1.830650,0.000183,0.000427,0.003419,0.015018,3.711840,3.298898,1.796824,1.107691,0.611721,1.104761,0.800732,0.879193,3.303110,3.299447,0.797655,4.911100,4.920480,0.004274
78.700055,1,0.000000,0.226416,0.152245,0.000000,0.000000,0.177619,0.283996,1.089460,0.000183,0.000427,0.003419,0.015140,3.703488,3.307249,1.798289,1.104761,0.602197,1.102929,0.801831,0.879193,3.304942,3.299447,0.797655,4.900380,4.912440,0.004274
78.800056,1,0.000000,0.222512,0.152245,0.000000,0.000000,0.183475,0.283996,2.080690,0.000183,0.000427,0.003297,0.014774,3.712768,3.297970,1.796824,1.104761,0.607692,1.102929,0.802930,0.879462,3.304942,3.299447,0.797362,4.903060,4.897700,0.004274
78.900056,1,0.000000,0.218608,0.152245,0.000000,0.000000,0.179571,0.283020,1.089460,0.000183,0.000427,0.003419,0.014774,3.703488,3.293330,1.797800,1.107691,0.613919,1.101098,0.800365,0.879731,3.304942,3.299447,0.797362,4.893680,4.904400,0.004274
79.000055,1,0.002928,0.221536,0.153221,0.000000,0.000000,0.181523,0.283996,1.928880,0.000122,0.000549,0.003480,0.014774,3.726687,3.301682,1.797800,1.110622,0.603662,1.101464,0.800732,0.879462,3.304942,3.299447,0.797655,4.884300,4.900380,0.004274
79.100055,1,0.000000,0.219584,0.153221,0.000000,0.000000,0.180547,0.284972,2.169990,0.000122,0.000549,0.003419,0.015140,3.700704,3.307249,1.797800,1.102197,0.613919,1.102929,0.800732,0.879193,3.304942,3.299447,0.797655,4.909760,4.920480,0.004274
79.200059,1,0.002928,0.221536,0.154197,0.000000,0.000000,0.179571,0.283020,1.089460,0.000183,0.000427,0.003419,0.015140,3.710912,3.297970,1.797800,1.104761,0.602197,1.102929,0.800732,0.879193,3.304942,3.300363,0.797069,4.892340,4.905740,0.004274
79.300056,1,0.000000,0.221536,0.153221,0.000000,0.000000,0.181523,0.284972,2.330730,0.000122,0.000488,0.003419,0.015018,3.710912,3.327664,1.796335,1.106226,0.602197,1.100732,0.801098,0.879462,3.303110,3.299447,0.797655,4.886980,4.900380,0.004274
79.400056,1,0.000976,0.222512,0.155173,0.000000,0.000000,0.180547,0.283996,1.080530,0.000061,0.000549,0.003358,0.015140,3.710912,3.327664,1.796824,1.101830,0.615750,1.104028,0.800732,0.878925,3.304942,3.299447,0.796776,4.907080,4.899040,0.004274
79.500055,1,0.000976,0.221536,0.153221,0.000000,0.001471,0.182499,0.283020,1.598470,0.000244,0.000733,0.003358,0.014896,3.699776,3.327664,1.796335,1.104761,0.612820,1.104761,0.801831,0.879462,3.304942,3.299447,0.797655,4.896360,4.904400,0.004274
79.600057,1,0.000000,0.229344,0.152245,0.000000,0.000000,0.178595,0.282044,1.089460,0.000183,0.000427,0.003419,0.015263,3.703488,3.307249,1.796824,1.101830,0.603296,1.104028,0.801464,0.879193,3.305857,3.299447,0.797948,4.873580,4.907080,0.004274
79.700055,1,0.000000,0.234223,0.153221,0.000976,0.000000,0.179571,0.283020,2.232500,0.000122,0.000488,0.003358,0.015140,3.700704,3.298898,1.796824,1.101464,0.604761,1.104761,0.799633,0.879999,3.304942,3.299447,0.797362,4.893680,4.909760,0.004274
79.800056,1,0.000000,0.218608,0.154197,0.000000,0.000000,0.180547,0.283996,1.080530,0.000183,0.000427,0.003419,0.015629,3.711840,3.293330,1.797312,1.107691,0.614285,1.105127,0.801464,0.879462,3.303110,3.299447,0.797655,4.903060,4.904400,0.004274
79.900055,1,0.000976,0.221536,0.152245,0.000000,0.000000,0.181523,0.284972,1.812790,0.000183,0.000427,0.003358,0.015263,3.711840,3.291474,1.798289,1.101464,0.602564,1.103296,0.802930,0.879193,3.305857,3.299447,0.797655,4.900380,4.899040,0.004274
80.000055,1,0.000976,0.219584,0.154197,0.000000,0.000000,0.181523,0.283996,2.080690,0.000122,0.000549,0.003419,0.015140,3.699776,3.295186,1.797800,1.107691,0.611721,1.102929,0.802930,0.879193,3.304942,3.300363,0.797655,4.911100,4.920480,0.004274
80.100057,1,0.000000,0.222512,0.152245,0.000000,0.000000,0.203969,0.283996,1.089460,0.000244,0.000549,0.003358,0.015018,3.710912,3.301682,1.796824,1.104394,0.602197,1.104761,0.800732,0.879462,3.303110,3.299447,0.797655,4.886980,4.903060,0.004274
80.200056,1,0.002928,0.219584,0.153221,0.000000,0.000000,0.179571,0.285948,1.875300,0.000122,0.000488,0.003358,0.015385,3.703488,3.327664,1.797800,1.109156,0.600732,1.104761,0.802930,0.878925,3.305857,3.299447,0.797655,4.900380,4.896360,0.004274
80.300056,1,0.000000,0.222512,0.153221,0.000000,0.000000,0.180547,0.284972,2.116410,0.000183,0.000427,0.003419,0.014774,3.710912,3.297970,1.798289,1.104028,0.613552,1.099999,0.801098,0.879462,3.304026,3.298531,0.797362,4.909760,4.920480,0.004274
80.400056,1,0.000000,0.228368,0.153221,0.000000,0.000000,0.180547,0.282044,1.794930,0.000183,0.000427,0.003419,0.015018,3.715552,3.298898,1.797800,1.104761,0.601831,1.104761,0.800365,0.879462,3.305857,3.300363,0.797362,4.896360,4.903060,0.004274
80.500055,0,0.000976,0.220560,0.154197,0.000000,0.000000,0.179571,0.283996,1.080530,0.000244,0.000549,0.003358,0.015018,3.699776,3.301682,1.796824,1.102929,0.600732,1.099999,0.801464,0.879462,3.305857,3.299447,0.797655,4.881620,4.903060,0.004274
80.600063,0,0.000000,0.220560,0.152245,0.000000,0.000000,0.179571,0.283996,1.089460,0.000244,0.000488,0.003358,0.015629,3.710912,3.298898,1.797800,1.103296,0.616117,1.104761,0.801831,0.879999,3.304942,3.299447,0.796776,4.907080,4.919140,0.004274
80.700055,0,0.000000,0.222512,0.152245,0.000000,0.000000,0.190306,0.284972,1.080530,0.000183,0.000427,0.003419,0.015140,3.703488,3.299826,1.797312,1.102197,0.614651,1.099999,0.801831,0.878925,3.304942,3.299447,0.797948,4.905740,4.919140,0.004274
80.800056,0,0.000000,0.222512,0.153221,0.000000,0.000000,0.181523,0.283996,1.080530,0.000061,0.000977,0.003358,0.015018,3.699776,3.294258,1.797800,1.103662,0.615750,1.104761,0.800732,0.879193,3.303110,3.299447,0.797655,4.909760,4.921820,0.004274
80.900054,0,0.000000,0.230320,0.154197,0.000000,0.000000,0.180547,0.283996,1.071600,0.000183,0.000427,0.003358,0.015018,3.703488,3.301682,1.798289,1.102929,0.616849,1.100732,0.802930,0.879193,3.306773,3.298531,0.797655,4.911100,4.920480,0.004274
81.000055,0,0.000000,0.230320,0.154197,0.000000,0.000000,0.181523,0.283020,1.062670,0.000122,0.000549,0.003419,0.015018,3.701632,3.299826,1.798289,1.107691,0.615018,1.102929,0.800732,0.879462,3.305857,3.300363,0.797362,4.912440,4.920480,0.004274
81.100056,0,0.000976,0.221536,0.153221,0.000000,0.000000,0.182499,0.284972,1.071600,0.000244,0.000549,0.003419,0.015018,3.700704,3.307249,1.797800,1.107691,0.615018,1.104028,0.800732,0.879462,3.305857,3.300363,0.797362,4.909760,4.921820,0.004274
81.200055,0,0.000976,0.222512,0.153221,0.000000,0.000000,0.180547,0.281068,1.062670,0.000183,0.000427,0.003419,0.015018,3.703488,3.297970,1.797800,1.102929,0.616483,1.103662,0.801831,0.879462,3.304026,3.299447,0.797362,4.907080,4.919140,0.004274
81.300055,0,0.000976,0.220560,0.152245,0.000000,0.000000,0.178595,0.283996,1.062670,0.000122,0.000488,0.003480,0.015018,3.726687,3.291474,1.798289,1.107691,0.615384,1.104028,0.800732,0.879193,3.304026,3.299447,0.797362,4.911100,4.921820,0.004274
81.400055,0,0.001952,0.220560,0.152245,0.000000,0.000000,0.202017,0.281068,1.071600,0.000183,0.000427,0.003419,0.015385,3.701632,3.301682,1.798289,1.103296,0.616483,1.104761,0.802930,0.879193,3.305857,3.300363,0.797069,4.912440,4.920480,0.004274
81.500055,0,0.000976,0.222512,0.153221,0.000000,0.000000,0.191282,0.283996,1.062670,0.000183,0.000427,0.003419,0.015018,3.697920,3.293330,1.797312,1.104761,0.617216,1.100732,0.798900,0.879193,3.304942,3.299447,0.797655,4.909760,4.920480,0.004274
81.600055,0,0.000000,0.215681,0.153221,0.000000,0.000000,0.177619,0.282044,1.062670,0.000244,0.000549,0.003358,0.015385,3.710912,3.301682,1.797312,1.107691,0.615384,1.104394,0.800365,0.879193,3.306773,3.299447,0.797362,4.911100,4.920480,0.004274
81.700055,0,0.000976,0.224464,0.152245,0.000000,0.000000,0.180547,0.282044,1.062670,0.000183,0.000427,0.003358,0.014530,3.699776,3.301682,1.796824,1.104761,0.616483,1.104761,0.800732,0.879193,3.304942,3.299447,0.797948,4.907080,4.920480,0.004274
81.800055,0,0.000000,0.219584,0.153221,0.000000,0.000000,0.178595,0.283996,1.062670,0.000183,0.000427,0.003419,0.014530,3.696064,3.301682,1.798777,1.104394,0.615384,1.100732,0.801098,0.879462,3.304942,3.300363,0.796776,4.909760,4.919140,0.004274
81.900054,0,0.000000,0.221536,0.154197,0.000000,0.000000,0.180547,0.283020,1.062670,0.000183,0.000427,0.003419,0.015140,3.699776,3.307249,1.798289,1.109889,0.616483,1.099999,0.801464,0.879462,3.305857,3.298531,0.797362,4.909760,4.920480,0.004274
82.000055,0,0.000000,0.220560,0.154197,0.000000,0.000000,0.195186,0.280092,1.071600,0.000183,0.000427,0.003480,0.015263,3.699776,3.293330,1.798289,1.106226,0.617216,1.104394,0.800732,0.879731,3.303110,3.299447,0.797362,4.909760,4.920480,0.004274
82.100055,0,0.000000,0.220560,0.151269,0.000000,0.000000,0.179571,0.283996,1.062670,0.000244,0.000549,0.003419,0.015018,3.703488,3.293330,1.798289,1.102197,0.616483,1.100732,0.802930,0.879193,3.304942,3.300363,0.797655,4.907080,4.921820,0.004274
82.200055,0,0.000000,0.219584,0.153221,0.000000,0.000000,0.180547,0.283996,1.062670,0.000183,0.000427,0.003419,0.015140,3.696064,3.293330,1.799266,1.108424,0.615750,1.104028,0.801831,0.879193,3.303110,3.299447,0.797655,4.913780,4.920480,0.004274
82.300055,0,0.000000,0.230320,0.153221,0.000000,0.000000,0.179571,0.282044,1.053740,0.000061,0.000549,0.003358,0.015385,3.710912,3.301682,1.796824,1.104761,0.616117,1.100732,0.800365,0.879731,3.303110,3.299447,0.797655,4.912440,4.920480,0.004274
82.400055,0,0.000000,0.223488,0.151269,0.000000,0.000000,0.177619,0.282044,1.071600,0.000183,0.000427,0.003419,0.015263,3.700704,3.294258,1.797800,1.102929,0.616483,1.102197,0.800365,0.879462,3.307689,3.300363,0.797069,4.908420,4.919140,0.004274
82.500056,0,0.000000,0.220560,0.153221,0.000000,0.000000,0.178595,0.283020,1.053740,0.000183,0.000427,0.003419,0.015629,3.696064,3.298898,1.798289,1.107691,0.615018,1.102563,0.800732,0.879462,3.305857,3.299447,0.797362,4.909760,4.919140,0.004274
